Checking real manifests and train/val/test group separation...
  Reading manifest: /home/feng/HouCode/SplineSurpervisedFitting/data/splits/uji_pen_v2.jsonl
  Checking groups/files: 2000/18219
  Checking groups/files: 4000/18219
  Checking groups/files: 6000/18219
  Checking groups/files: 8000/18219
  Checking groups/files: 10000/18219
  Checking groups/files: 12000/18219
  Checking groups/files: 14000/18219
  Checking groups/files: 16000/18219
  Checking groups/files: 18000/18219
  Checking groups/files: 18219/18219
  Ready uji_pen_characters_v2: train=9670, val=2456 (test excluded from training)
  Reading manifest: /home/feng/HouCode/SplineSurpervisedFitting/data/processed/natural_earth/v5.1.2_10m_coastline/manifest.jsonl
  Checking groups/files: 2000/3908
  Checking groups/files: 3908/3908
  Ready natural_earth_10m_coastline: train=2625, val=750 (test excluded from training)
  Reading manifest: /home/feng/HouCode/SplineSurpervisedFitting/data/processed/usgs_contours/large_scale/manifest.jsonl
  Checking groups/files: 2000/6654
  Checking groups/files: 4000/6654
  Checking groups/files: 6000/6654
  Checking groups/files: 6654/6654
  Ready usgs_tnm_contours_large_scale: train=4024, val=1210 (test excluded from training)
  Reading manifest: /home/feng/HouCode/SplineSurpervisedFitting/data/processed/industrial_offsets/v1/manifest.jsonl
  Checking groups/files: 453/453
  Ready industrial_model_offset_curves: train=293, val=93 (test excluded from training)
v16 adaptive mass_topk: cuda, Kc=72 internal (full cubic knot vector at all-keep=80), MSE tolerance=0.0001; 3000 train draws, 993 validation curves; real sources=4
Synthetic source contract: clean source-subset threshold-minimal certificate at RMS=0.01, margin=20%, audit_points=512
Joint supervision: certified synthetic geometry labels plus one offline Hard-RMS feasible-subset Teacher on the frozen Proposal parameter/candidate frame. Source K is a reference only. The Teacher mask/count/risk supervise Selector and subset decoder; no subset search runs in Joint steps. Proposal and ParameterHead remain frozen for cache validity. Raw deployment is one-shot; MSE verification/repair is a separate numerical method.
Checkpoint selection minimizes mean per-curve subset cost: feasible curves trade K against a bounded MSE tie-break; infeasible curves use a logarithmic MSE penalty. Aggregate pass rates and the explicit K=56 boundary audit (n=32) are reported but never gate training. Labelled Joint performs only dense, deployed-mask and labelled-mask fits per batch.
Proposal-stage synthetic stratification: 50.0% from K>=40; the remainder uses K=4..39. Joint training always uses the original K=4..56 distribution.
Proposal schedule complete; loading the validation-ranked best dense initializer from epoch 59 (worst-source pass=97.0%, reporting reference=90.0%). Joint training starts unconditionally in selector_warmup.
Building/checking fixed-Proposal feasible-subset labels at /home/feng/HouCode/SplineSurpervisedFitting/outputs/teachers/candidate_selection_v16_mse1e-4_sourcek56_kc72_feasible_teacher_linux_r1/train.pt; this is offline work, not Joint per-step search.
offline feasible Teacher [........................] 8/3000 
offline feasible Teacher [........................] 16/3000 
offline feasible Teacher [........................] 24/3000 
offline feasible Teacher [........................] 32/3000 
offline feasible Teacher [........................] 40/3000 
offline feasible Teacher [........................] 48/3000 
offline feasible Teacher [........................] 56/3000 
offline feasible Teacher [........................] 64/3000 
offline feasible Teacher [........................] 72/3000 
offline feasible Teacher [........................] 80/3000 
offline feasible Teacher [........................] 88/3000 
offline feasible Teacher [........................] 96/3000 
offline feasible Teacher [........................] 104/3000 
offline feasible Teacher [........................] 112/3000 
offline feasible Teacher [........................] 120/3000 
offline feasible Teacher [=.......................] 128/3000 
offline feasible Teacher [=.......................] 136/3000 
offline feasible Teacher [=.......................] 144/3000 
offline feasible Teacher [=.......................] 152/3000 
offline feasible Teacher [=.......................] 160/3000 
offline feasible Teacher [=.......................] 168/3000 
offline feasible Teacher [=.......................] 176/3000 
offline feasible Teacher [=.......................] 184/3000 
offline feasible Teacher [=.......................] 192/3000 
offline feasible Teacher [=.......................] 200/3000 
offline feasible Teacher [=.......................] 208/3000 
offline feasible Teacher [=.......................] 216/3000 
offline feasible Teacher [=.......................] 224/3000 
offline feasible Teacher [=.......................] 232/3000 
offline feasible Teacher [=.......................] 240/3000 
offline feasible Teacher [=.......................] 248/3000 
offline feasible Teacher [==......................] 256/3000 
offline feasible Teacher [==......................] 264/3000 
offline feasible Teacher [==......................] 272/3000 
offline feasible Teacher [==......................] 280/3000 
offline feasible Teacher [==......................] 288/3000 
offline feasible Teacher [==......................] 296/3000 
offline feasible Teacher [==......................] 304/3000 
offline feasible Teacher [==......................] 312/3000 
offline feasible Teacher [==......................] 320/3000 
offline feasible Teacher [==......................] 328/3000 
offline feasible Teacher [==......................] 336/3000 
offline feasible Teacher [==......................] 344/3000 
offline feasible Teacher [==......................] 352/3000 
offline feasible Teacher [==......................] 360/3000 
offline feasible Teacher [==......................] 368/3000 
offline feasible Teacher [===.....................] 376/3000 
offline feasible Teacher [===.....................] 384/3000 
offline feasible Teacher [===.....................] 392/3000 
offline feasible Teacher [===.....................] 400/3000 
offline feasible Teacher [===.....................] 408/3000 
offline feasible Teacher [===.....................] 416/3000 
offline feasible Teacher [===.....................] 424/3000 
offline feasible Teacher [===.....................] 432/3000 
offline feasible Teacher [===.....................] 440/3000 
offline feasible Teacher [===.....................] 448/3000 
offline feasible Teacher [===.....................] 456/3000 
offline feasible Teacher [===.....................] 464/3000 
offline feasible Teacher [===.....................] 472/3000 
offline feasible Teacher [===.....................] 480/3000 
offline feasible Teacher [===.....................] 488/3000 
offline feasible Teacher [===.....................] 496/3000 
offline feasible Teacher [====....................] 504/3000 
offline feasible Teacher [====....................] 512/3000 
offline feasible Teacher [====....................] 520/3000 
offline feasible Teacher [====....................] 528/3000 
offline feasible Teacher [====....................] 536/3000 
offline feasible Teacher [====....................] 544/3000 
offline feasible Teacher [====....................] 552/3000 
offline feasible Teacher [====....................] 560/3000 
offline feasible Teacher [====....................] 568/3000 
offline feasible Teacher [====....................] 576/3000 
offline feasible Teacher [====....................] 584/3000 
offline feasible Teacher [====....................] 592/3000 
offline feasible Teacher [====....................] 600/3000 
offline feasible Teacher [====....................] 608/3000 
offline feasible Teacher [====....................] 616/3000 
offline feasible Teacher [====....................] 624/3000 
offline feasible Teacher [=====...................] 632/3000 
offline feasible Teacher [=====...................] 640/3000 
offline feasible Teacher [=====...................] 648/3000 
offline feasible Teacher [=====...................] 656/3000 
offline feasible Teacher [=====...................] 664/3000 
offline feasible Teacher [=====...................] 672/3000 
offline feasible Teacher [=====...................] 680/3000 
offline feasible Teacher [=====...................] 688/3000 
offline feasible Teacher [=====...................] 696/3000 
offline feasible Teacher [=====...................] 704/3000 
offline feasible Teacher [=====...................] 712/3000 
offline feasible Teacher [=====...................] 720/3000 
offline feasible Teacher [=====...................] 728/3000 
offline feasible Teacher [=====...................] 736/3000 
offline feasible Teacher [=====...................] 744/3000 
offline feasible Teacher [======..................] 752/3000 
offline feasible Teacher [======..................] 760/3000 
offline feasible Teacher [======..................] 768/3000 
offline feasible Teacher [======..................] 776/3000 
offline feasible Teacher [======..................] 784/3000 
offline feasible Teacher [======..................] 792/3000 
offline feasible Teacher [======..................] 800/3000 
offline feasible Teacher [======..................] 808/3000 
offline feasible Teacher [======..................] 816/3000 
offline feasible Teacher [======..................] 824/3000 
offline feasible Teacher [======..................] 832/3000 
offline feasible Teacher [======..................] 840/3000 
offline feasible Teacher [======..................] 848/3000 
offline feasible Teacher [======..................] 856/3000 
offline feasible Teacher [======..................] 864/3000 
offline feasible Teacher [======..................] 872/3000 
offline feasible Teacher [=======.................] 880/3000 
offline feasible Teacher [=======.................] 888/3000 
offline feasible Teacher [=======.................] 896/3000 
offline feasible Teacher [=======.................] 904/3000 
offline feasible Teacher [=======.................] 912/3000 
offline feasible Teacher [=======.................] 920/3000 
offline feasible Teacher [=======.................] 928/3000 
offline feasible Teacher [=======.................] 936/3000 
offline feasible Teacher [=======.................] 944/3000 
offline feasible Teacher [=======.................] 952/3000 
offline feasible Teacher [=======.................] 960/3000 
offline feasible Teacher [=======.................] 968/3000 
offline feasible Teacher [=======.................] 976/3000 
offline feasible Teacher [=======.................] 984/3000 
offline feasible Teacher [=======.................] 992/3000 
offline feasible Teacher [========................] 1000/3000 
offline feasible Teacher [========................] 1008/3000 
offline feasible Teacher [========................] 1016/3000 
offline feasible Teacher [========................] 1024/3000 
offline feasible Teacher [========................] 1032/3000 
offline feasible Teacher [========................] 1040/3000 
offline feasible Teacher [========................] 1048/3000 
offline feasible Teacher [========................] 1056/3000 
offline feasible Teacher [========................] 1064/3000 
offline feasible Teacher [========................] 1072/3000 
offline feasible Teacher [========................] 1080/3000 
offline feasible Teacher [========................] 1088/3000 
offline feasible Teacher [========................] 1096/3000 
offline feasible Teacher [========................] 1104/3000 
offline feasible Teacher [========................] 1112/3000 
offline feasible Teacher [========................] 1120/3000 
offline feasible Teacher [=========...............] 1128/3000 
offline feasible Teacher [=========...............] 1136/3000 
offline feasible Teacher [=========...............] 1144/3000 
offline feasible Teacher [=========...............] 1152/3000 
offline feasible Teacher [=========...............] 1160/3000 
offline feasible Teacher [=========...............] 1168/3000 
offline feasible Teacher [=========...............] 1176/3000 
offline feasible Teacher [=========...............] 1184/3000 
offline feasible Teacher [=========...............] 1192/3000 
offline feasible Teacher [=========...............] 1200/3000 
offline feasible Teacher [=========...............] 1208/3000 
offline feasible Teacher [=========...............] 1216/3000 
offline feasible Teacher [=========...............] 1224/3000 
offline feasible Teacher [=========...............] 1232/3000 
offline feasible Teacher [=========...............] 1240/3000 
offline feasible Teacher [=========...............] 1248/3000 
offline feasible Teacher [==========..............] 1256/3000 
offline feasible Teacher [==========..............] 1264/3000 
offline feasible Teacher [==========..............] 1272/3000 
offline feasible Teacher [==========..............] 1280/3000 
offline feasible Teacher [==========..............] 1288/3000 
offline feasible Teacher [==========..............] 1296/3000 
offline feasible Teacher [==========..............] 1304/3000 
offline feasible Teacher [==========..............] 1312/3000 
offline feasible Teacher [==========..............] 1320/3000 
offline feasible Teacher [==========..............] 1328/3000 
offline feasible Teacher [==========..............] 1336/3000 
offline feasible Teacher [==========..............] 1344/3000 
offline feasible Teacher [==========..............] 1352/3000 
offline feasible Teacher [==========..............] 1360/3000 
offline feasible Teacher [==========..............] 1368/3000 
offline feasible Teacher [===========.............] 1376/3000 
offline feasible Teacher [===========.............] 1384/3000 
offline feasible Teacher [===========.............] 1392/3000 
offline feasible Teacher [===========.............] 1400/3000 
offline feasible Teacher [===========.............] 1408/3000 
offline feasible Teacher [===========.............] 1416/3000 
offline feasible Teacher [===========.............] 1424/3000 
offline feasible Teacher [===========.............] 1432/3000 
offline feasible Teacher [===========.............] 1440/3000 
offline feasible Teacher [===========.............] 1448/3000 
offline feasible Teacher [===========.............] 1456/3000 
offline feasible Teacher [===========.............] 1464/3000 
offline feasible Teacher [===========.............] 1472/3000 
offline feasible Teacher [===========.............] 1480/3000 
offline feasible Teacher [===========.............] 1488/3000 
offline feasible Teacher [===========.............] 1496/3000 
offline feasible Teacher [============............] 1504/3000 
offline feasible Teacher [============............] 1512/3000 
offline feasible Teacher [============............] 1520/3000 
offline feasible Teacher [============............] 1528/3000 
offline feasible Teacher [============............] 1536/3000 
offline feasible Teacher [============............] 1544/3000 
offline feasible Teacher [============............] 1552/3000 
offline feasible Teacher [============............] 1560/3000 
offline feasible Teacher [============............] 1568/3000 
offline feasible Teacher [============............] 1576/3000 
offline feasible Teacher [============............] 1584/3000 
offline feasible Teacher [============............] 1592/3000 
offline feasible Teacher [============............] 1600/3000 
offline feasible Teacher [============............] 1608/3000 
offline feasible Teacher [============............] 1616/3000 
offline feasible Teacher [============............] 1624/3000 
offline feasible Teacher [=============...........] 1632/3000 
offline feasible Teacher [=============...........] 1640/3000 
offline feasible Teacher [=============...........] 1648/3000 
offline feasible Teacher [=============...........] 1656/3000 
offline feasible Teacher [=============...........] 1664/3000 
offline feasible Teacher [=============...........] 1672/3000 
offline feasible Teacher [=============...........] 1680/3000 
offline feasible Teacher [=============...........] 1688/3000 
offline feasible Teacher [=============...........] 1696/3000 
offline feasible Teacher [=============...........] 1704/3000 
offline feasible Teacher [=============...........] 1712/3000 
offline feasible Teacher [=============...........] 1720/3000 
offline feasible Teacher [=============...........] 1728/3000 
offline feasible Teacher [=============...........] 1736/3000 
offline feasible Teacher [=============...........] 1744/3000 
offline feasible Teacher [==============..........] 1752/3000 
offline feasible Teacher [==============..........] 1760/3000 
offline feasible Teacher [==============..........] 1768/3000 
offline feasible Teacher [==============..........] 1776/3000 
offline feasible Teacher [==============..........] 1784/3000 
offline feasible Teacher [==============..........] 1792/3000 
offline feasible Teacher [==============..........] 1800/3000 
offline feasible Teacher [==============..........] 1808/3000 
offline feasible Teacher [==============..........] 1816/3000 
offline feasible Teacher [==============..........] 1824/3000 
offline feasible Teacher [==============..........] 1832/3000 
offline feasible Teacher [==============..........] 1840/3000 
offline feasible Teacher [==============..........] 1848/3000 
offline feasible Teacher [==============..........] 1856/3000 
offline feasible Teacher [==============..........] 1864/3000 
offline feasible Teacher [==============..........] 1872/3000 
offline feasible Teacher [===============.........] 1880/3000 
offline feasible Teacher [===============.........] 1888/3000 
offline feasible Teacher [===============.........] 1896/3000 
offline feasible Teacher [===============.........] 1904/3000 
offline feasible Teacher [===============.........] 1912/3000 
offline feasible Teacher [===============.........] 1920/3000 
offline feasible Teacher [===============.........] 1928/3000 
offline feasible Teacher [===============.........] 1936/3000 
offline feasible Teacher [===============.........] 1944/3000 
offline feasible Teacher [===============.........] 1952/3000 
offline feasible Teacher [===============.........] 1960/3000 
offline feasible Teacher [===============.........] 1968/3000 
offline feasible Teacher [===============.........] 1976/3000 
offline feasible Teacher [===============.........] 1984/3000 
offline feasible Teacher [===============.........] 1992/3000 
offline feasible Teacher [================........] 2000/3000 
offline feasible Teacher [================........] 2008/3000 
offline feasible Teacher [================........] 2016/3000 
offline feasible Teacher [================........] 2024/3000 
offline feasible Teacher [================........] 2032/3000 
offline feasible Teacher [================........] 2040/3000 
offline feasible Teacher [================........] 2048/3000 
offline feasible Teacher [================........] 2056/3000 
offline feasible Teacher [================........] 2064/3000 
offline feasible Teacher [================........] 2072/3000 
offline feasible Teacher [================........] 2080/3000 
offline feasible Teacher [================........] 2088/3000 
offline feasible Teacher [================........] 2096/3000 
offline feasible Teacher [================........] 2104/3000 
offline feasible Teacher [================........] 2112/3000 
offline feasible Teacher [================........] 2120/3000 
offline feasible Teacher [=================.......] 2128/3000 
offline feasible Teacher [=================.......] 2136/3000 
offline feasible Teacher [=================.......] 2144/3000 
offline feasible Teacher [=================.......] 2152/3000 
offline feasible Teacher [=================.......] 2160/3000 
offline feasible Teacher [=================.......] 2168/3000 
offline feasible Teacher [=================.......] 2176/3000 
offline feasible Teacher [=================.......] 2184/3000 
offline feasible Teacher [=================.......] 2192/3000 
offline feasible Teacher [=================.......] 2200/3000 
offline feasible Teacher [=================.......] 2208/3000 
offline feasible Teacher [=================.......] 2216/3000 
offline feasible Teacher [=================.......] 2224/3000 
offline feasible Teacher [=================.......] 2232/3000 
offline feasible Teacher [=================.......] 2240/3000 
offline feasible Teacher [=================.......] 2248/3000 
offline feasible Teacher [==================......] 2256/3000 
offline feasible Teacher [==================......] 2264/3000 
offline feasible Teacher [==================......] 2272/3000 
offline feasible Teacher [==================......] 2280/3000 
offline feasible Teacher [==================......] 2288/3000 
offline feasible Teacher [==================......] 2296/3000 
offline feasible Teacher [==================......] 2304/3000 
offline feasible Teacher [==================......] 2312/3000 
offline feasible Teacher [==================......] 2320/3000 
offline feasible Teacher [==================......] 2328/3000 
offline feasible Teacher [==================......] 2336/3000 
offline feasible Teacher [==================......] 2344/3000 
offline feasible Teacher [==================......] 2352/3000 
offline feasible Teacher [==================......] 2360/3000 
offline feasible Teacher [==================......] 2368/3000 
offline feasible Teacher [===================.....] 2376/3000 
offline feasible Teacher [===================.....] 2384/3000 
offline feasible Teacher [===================.....] 2392/3000 
offline feasible Teacher [===================.....] 2400/3000 
offline feasible Teacher [===================.....] 2408/3000 
offline feasible Teacher [===================.....] 2416/3000 
offline feasible Teacher [===================.....] 2424/3000 
offline feasible Teacher [===================.....] 2432/3000 
offline feasible Teacher [===================.....] 2440/3000 
offline feasible Teacher [===================.....] 2448/3000 
offline feasible Teacher [===================.....] 2456/3000 
offline feasible Teacher [===================.....] 2464/3000 
offline feasible Teacher [===================.....] 2472/3000 
offline feasible Teacher [===================.....] 2480/3000 
offline feasible Teacher [===================.....] 2488/3000 
offline feasible Teacher [===================.....] 2496/3000 
offline feasible Teacher [====================....] 2504/3000 
offline feasible Teacher [====================....] 2512/3000 
offline feasible Teacher [====================....] 2520/3000 
offline feasible Teacher [====================....] 2528/3000 
offline feasible Teacher [====================....] 2536/3000 
offline feasible Teacher [====================....] 2544/3000 
offline feasible Teacher [====================....] 2552/3000 
offline feasible Teacher [====================....] 2560/3000 
offline feasible Teacher [====================....] 2568/3000 
offline feasible Teacher [====================....] 2576/3000 
offline feasible Teacher [====================....] 2584/3000 
offline feasible Teacher [====================....] 2592/3000 
offline feasible Teacher [====================....] 2600/3000 
offline feasible Teacher [====================....] 2608/3000 
offline feasible Teacher [====================....] 2616/3000 
offline feasible Teacher [====================....] 2624/3000 
offline feasible Teacher [=====================...] 2632/3000 
offline feasible Teacher [=====================...] 2640/3000 
offline feasible Teacher [=====================...] 2648/3000 
offline feasible Teacher [=====================...] 2656/3000 
offline feasible Teacher [=====================...] 2664/3000 
offline feasible Teacher [=====================...] 2672/3000 
offline feasible Teacher [=====================...] 2680/3000 
offline feasible Teacher [=====================...] 2688/3000 
offline feasible Teacher [=====================...] 2696/3000 
offline feasible Teacher [=====================...] 2704/3000 
offline feasible Teacher [=====================...] 2712/3000 
offline feasible Teacher [=====================...] 2720/3000 
offline feasible Teacher [=====================...] 2728/3000 
offline feasible Teacher [=====================...] 2736/3000 
offline feasible Teacher [=====================...] 2744/3000 
offline feasible Teacher [======================..] 2752/3000 
offline feasible Teacher [======================..] 2760/3000 
offline feasible Teacher [======================..] 2768/3000 
offline feasible Teacher [======================..] 2776/3000 
offline feasible Teacher [======================..] 2784/3000 
offline feasible Teacher [======================..] 2792/3000 
offline feasible Teacher [======================..] 2800/3000 
offline feasible Teacher [======================..] 2808/3000 
offline feasible Teacher [======================..] 2816/3000 
offline feasible Teacher [======================..] 2824/3000 
offline feasible Teacher [======================..] 2832/3000 
offline feasible Teacher [======================..] 2840/3000 
offline feasible Teacher [======================..] 2848/3000 
offline feasible Teacher [======================..] 2856/3000 
offline feasible Teacher [======================..] 2864/3000 
offline feasible Teacher [======================..] 2872/3000 
offline feasible Teacher [=======================.] 2880/3000 
offline feasible Teacher [=======================.] 2888/3000 
offline feasible Teacher [=======================.] 2896/3000 
offline feasible Teacher [=======================.] 2904/3000 
offline feasible Teacher [=======================.] 2912/3000 
offline feasible Teacher [=======================.] 2920/3000 
offline feasible Teacher [=======================.] 2928/3000 
offline feasible Teacher [=======================.] 2936/3000 
offline feasible Teacher [=======================.] 2944/3000 
offline feasible Teacher [=======================.] 2952/3000 
offline feasible Teacher [=======================.] 2960/3000 
offline feasible Teacher [=======================.] 2968/3000 
offline feasible Teacher [=======================.] 2976/3000 
offline feasible Teacher [=======================.] 2984/3000 
offline feasible Teacher [=======================.] 2992/3000 
offline feasible Teacher [========================] 3000/3000 
Epoch 065/128 selector_warmup [........................] 1/47 MSE=1.847e-03 pass=20.3% K=30.3 feasibleK=30.7 countMAE=14.22 lr=proposal:0.0e+00/parameter:0.0e+00/selector:2.0e-04/decoder:5.0e-05
Epoch 065/128 selector_warmup [=====...................] 10/47 MSE=2.041e-03 pass=3.1% K=29.8 feasibleK=31.0 countMAE=10.94 lr=proposal:0.0e+00/parameter:0.0e+00/selector:2.0e-04/decoder:5.0e-05
Epoch 065/128 selector_warmup [==========..............] 20/47 MSE=2.381e-03 pass=12.5% K=29.4 feasibleK=35.8 countMAE=13.39 lr=proposal:0.0e+00/parameter:0.0e+00/selector:2.0e-04/decoder:5.0e-05
Epoch 065/128 selector_warmup [===============.........] 30/47 MSE=1.948e-03 pass=15.6% K=28.9 feasibleK=30.2 countMAE=10.36 lr=proposal:0.0e+00/parameter:0.0e+00/selector:2.0e-04/decoder:5.0e-05
Epoch 065/128 selector_warmup [====================....] 40/47 MSE=2.184e-03 pass=10.9% K=29.4 feasibleK=32.5 countMAE=11.47 lr=proposal:0.0e+00/parameter:0.0e+00/selector:2.0e-04/decoder:5.0e-05
Epoch 065/128 selector_warmup [========================] 47/47 MSE=2.561e-03 pass=3.6% K=29.7 feasibleK=36.6 countMAE=12.38 lr=proposal:0.0e+00/parameter:0.0e+00/selector:2.0e-04/decoder:5.0e-05
  validation [=.......................] 1/16 
  validation [===============.........] 10/16 
  validation [========================] 16/16 
Epoch 065 phase=selector_warmup lr=proposal:0.0e+00/parameter:0.0e+00/selector:2.0e-04/decoder:5.0e-05 val dense=98.8% deployment=20.5% worst-source=3.0% qualification=0.0% MSE=1.570e-03 K=28.44 mass=27.95 beta=0.49 soft_cost=3.6975 selection_score=-3.6975 complexity=0.00->0.09 safety=0+0.00sigma scale=1.00->0.91 pass_reference_only=0.0%
  Joint train structure: Keep P/R/F1=0.492/0.439/0.464, critical_false_delete=0.557, proposal R@.005/.01/.02=0.792/0.998/1.000, parameter_bias=8.383e-03, count-cal loss=1.188e-01, score/target/bias/MAE=28.96/32.78/-3.82/11.91, fine-risk mean/std/range=0.976/0.081/0.496, fine-loss/rank=8.702e-01/2.081e+00
  Feasibility chain: numerical Teacher pass/MSE=99.0%/8.548e-05, student teacher-mask pass/MSE=82.4%/8.725e-05, student one-shot pass/MSE=8.4%/2.136e-03, teacher-source |K gap|=3.09
  Synthetic K=56: n=46, dense=80.4%, deployment=0.0%
  Synthetic: dense=98.5%, deployment=3.0%, MSE=2.415e-03, K=29.27, targetK=31.74, count_MAE=11.00, bias=-2.47, knot_F1@0.01=0.530, param_RMSE=1.995e-02
  uji_pen_characters_v2: dense=100.0%, deployment=88.0%, MSE=9.806e-05, K=27.59
  natural_earth_10m_coastline: dense=97.0%, deployment=14.0%, MSE=4.050e-04, K=27.51
  usgs_tnm_contours_large_scale: dense=100.0%, deployment=50.0%, MSE=3.103e-04, K=27.03
  industrial_model_offset_curves: dense=100.0%, deployment=36.6%, MSE=3.121e-04, K=26.58
Epoch 066/128 selector_warmup [........................] 1/47 MSE=2.385e-03 pass=4.7% K=29.3 feasibleK=34.8 countMAE=10.72 lr=proposal:0.0e+00/parameter:0.0e+00/selector:2.0e-04/decoder:5.0e-05
Epoch 066/128 selector_warmup [=====...................] 10/47 MSE=2.593e-03 pass=0.0% K=29.0 feasibleK=35.6 countMAE=10.48 lr=proposal:0.0e+00/parameter:0.0e+00/selector:2.0e-04/decoder:5.0e-05
Epoch 066/128 selector_warmup [==========..............] 20/47 MSE=2.505e-03 pass=1.6% K=29.2 feasibleK=34.3 countMAE=8.66 lr=proposal:0.0e+00/parameter:0.0e+00/selector:2.0e-04/decoder:5.0e-05
Epoch 066/128 selector_warmup [===============.........] 30/47 MSE=2.257e-03 pass=0.0% K=29.8 feasibleK=33.0 countMAE=7.30 lr=proposal:0.0e+00/parameter:0.0e+00/selector:2.0e-04/decoder:5.0e-05
Epoch 066/128 selector_warmup [====================....] 40/47 MSE=2.433e-03 pass=0.0% K=29.7 feasibleK=33.1 countMAE=5.89 lr=proposal:0.0e+00/parameter:0.0e+00/selector:2.0e-04/decoder:5.0e-05
Epoch 066/128 selector_warmup [========================] 47/47 MSE=2.205e-03 pass=0.0% K=30.7 feasibleK=31.5 countMAE=4.30 lr=proposal:0.0e+00/parameter:0.0e+00/selector:2.0e-04/decoder:5.0e-05
  validation [=.......................] 1/16 
  validation [===============.........] 10/16 
  validation [========================] 16/16 
Epoch 066 phase=selector_warmup lr=proposal:0.0e+00/parameter:0.0e+00/selector:2.0e-04/decoder:5.0e-05 val dense=98.8% deployment=19.5% worst-source=0.3% qualification=0.0% MSE=1.548e-03 K=28.69 mass=28.18 beta=0.64 soft_cost=3.8026 selection_score=-3.8026 complexity=0.09->0.18 safety=0+0.00sigma scale=0.91->0.82 pass_reference_only=0.0%
  Joint train structure: Keep P/R/F1=0.537/0.476/0.504, critical_false_delete=0.519, proposal R@.005/.01/.02=0.792/0.998/1.000, parameter_bias=8.402e-03, count-cal loss=5.473e-02, score/target/bias/MAE=28.73/32.78/-4.05/7.86, fine-risk mean/std/range=0.976/0.081/0.496, fine-loss/rank=8.250e-01/2.028e+00
  Feasibility chain: numerical Teacher pass/MSE=99.0%/8.548e-05, student teacher-mask pass/MSE=88.4%/8.468e-05, student one-shot pass/MSE=1.2%/2.373e-03, teacher-source |K gap|=3.09
  Synthetic K=56: n=46, dense=80.4%, deployment=0.0%
  Synthetic: dense=98.5%, deployment=0.3%, MSE=2.326e-03, K=31.76, targetK=31.74, count_MAE=6.17, bias=+0.02, knot_F1@0.01=0.586, param_RMSE=2.002e-02
  uji_pen_characters_v2: dense=100.0%, deployment=84.0%, MSE=1.981e-04, K=25.84
  natural_earth_10m_coastline: dense=97.0%, deployment=22.0%, MSE=5.129e-04, K=25.12
  usgs_tnm_contours_large_scale: dense=100.0%, deployment=39.0%, MSE=4.496e-04, K=23.01
  industrial_model_offset_curves: dense=100.0%, deployment=50.5%, MSE=2.727e-04, K=21.90
Epoch 067/128 selector_warmup [........................] 1/47 MSE=2.260e-03 pass=0.0% K=31.6 feasibleK=34.8 countMAE=5.61 lr=proposal:0.0e+00/parameter:0.0e+00/selector:2.0e-04/decoder:5.0e-05
Epoch 067/128 selector_warmup [=====...................] 10/47 MSE=2.323e-03 pass=0.0% K=34.0 feasibleK=36.0 countMAE=4.53 lr=proposal:0.0e+00/parameter:0.0e+00/selector:2.0e-04/decoder:5.0e-05
Epoch 067/128 selector_warmup [==========..............] 20/47 MSE=2.365e-03 pass=0.0% K=31.3 feasibleK=32.8 countMAE=4.58 lr=proposal:0.0e+00/parameter:0.0e+00/selector:2.0e-04/decoder:5.0e-05
Epoch 067/128 selector_warmup [===============.........] 30/47 MSE=2.238e-03 pass=1.6% K=33.0 feasibleK=32.4 countMAE=4.14 lr=proposal:0.0e+00/parameter:0.0e+00/selector:2.0e-04/decoder:5.0e-05
Epoch 067/128 selector_warmup [====================....] 40/47 MSE=2.269e-03 pass=0.0% K=33.2 feasibleK=35.0 countMAE=4.34 lr=proposal:0.0e+00/parameter:0.0e+00/selector:2.0e-04/decoder:5.0e-05
Epoch 067/128 selector_warmup [========================] 47/47 MSE=2.379e-03 pass=0.0% K=32.9 feasibleK=34.1 countMAE=4.34 lr=proposal:0.0e+00/parameter:0.0e+00/selector:2.0e-04/decoder:5.0e-05
  validation [=.......................] 1/16 
  validation [===============.........] 10/16 
  validation [========================] 16/16 
Epoch 067 phase=selector_warmup lr=proposal:0.0e+00/parameter:0.0e+00/selector:2.0e-04/decoder:5.0e-05 val dense=98.8% deployment=15.3% worst-source=0.2% qualification=0.0% MSE=1.611e-03 K=29.94 mass=29.45 beta=0.62 soft_cost=3.9926 selection_score=-3.9926 complexity=0.18->0.27 safety=0+0.00sigma scale=0.82->0.73 pass_reference_only=0.0%
  Joint train structure: Keep P/R/F1=0.569/0.544/0.556, critical_false_delete=0.450, proposal R@.005/.01/.02=0.792/0.998/1.000, parameter_bias=8.443e-03, count-cal loss=2.168e-02, score/target/bias/MAE=31.09/32.78/-1.69/4.68, fine-risk mean/std/range=0.976/0.081/0.496, fine-loss/rank=7.222e-01/2.017e+00
  Feasibility chain: numerical Teacher pass/MSE=99.0%/8.548e-05, student teacher-mask pass/MSE=93.4%/8.215e-05, student one-shot pass/MSE=0.2%/2.335e-03, teacher-source |K gap|=3.09
  Synthetic K=56: n=46, dense=80.4%, deployment=0.0%
  Synthetic: dense=98.5%, deployment=0.2%, MSE=2.318e-03, K=33.66, targetK=31.74, count_MAE=5.01, bias=+1.92, knot_F1@0.01=0.605, param_RMSE=2.021e-02
  uji_pen_characters_v2: dense=100.0%, deployment=76.0%, MSE=2.495e-04, K=25.77
  natural_earth_10m_coastline: dense=97.0%, deployment=13.0%, MSE=8.205e-04, K=25.01
  usgs_tnm_contours_large_scale: dense=100.0%, deployment=28.0%, MSE=6.278e-04, K=23.34
  industrial_model_offset_curves: dense=100.0%, deployment=36.6%, MSE=4.248e-04, K=22.80
Epoch 068/128 selector_warmup [........................] 1/47 MSE=2.379e-03 pass=0.0% K=32.1 feasibleK=32.3 countMAE=3.84 lr=proposal:0.0e+00/parameter:0.0e+00/selector:2.0e-04/decoder:5.0e-05
Epoch 068/128 selector_warmup [=====...................] 10/47 MSE=2.395e-03 pass=0.0% K=31.0 feasibleK=32.4 countMAE=4.06 lr=proposal:0.0e+00/parameter:0.0e+00/selector:2.0e-04/decoder:5.0e-05
Epoch 068/128 selector_warmup [==========..............] 20/47 MSE=2.132e-03 pass=0.0% K=31.3 feasibleK=31.7 countMAE=4.55 lr=proposal:0.0e+00/parameter:0.0e+00/selector:2.0e-04/decoder:5.0e-05
Epoch 068/128 selector_warmup [===============.........] 30/47 MSE=2.348e-03 pass=0.0% K=32.3 feasibleK=33.5 countMAE=4.55 lr=proposal:0.0e+00/parameter:0.0e+00/selector:2.0e-04/decoder:5.0e-05
Epoch 068/128 selector_warmup [====================....] 40/47 MSE=2.473e-03 pass=0.0% K=34.4 feasibleK=36.9 countMAE=5.02 lr=proposal:0.0e+00/parameter:0.0e+00/selector:2.0e-04/decoder:5.0e-05
Epoch 068/128 selector_warmup [========================] 47/47 MSE=2.335e-03 pass=0.0% K=31.2 feasibleK=31.1 countMAE=3.39 lr=proposal:0.0e+00/parameter:0.0e+00/selector:2.0e-04/decoder:5.0e-05
  validation [=.......................] 1/16 
  validation [===============.........] 10/16 
  validation [========================] 16/16 
Epoch 068 phase=selector_warmup lr=proposal:0.0e+00/parameter:0.0e+00/selector:2.0e-04/decoder:5.0e-05 val dense=98.8% deployment=14.4% worst-source=0.0% qualification=0.0% MSE=1.776e-03 K=30.38 mass=29.88 beta=0.66 soft_cost=4.0994 selection_score=-4.0994 complexity=0.27->0.36 safety=0+0.00sigma scale=0.73->0.64 pass_reference_only=0.0%
  Joint train structure: Keep P/R/F1=0.577/0.565/0.571, critical_false_delete=0.428, proposal R@.005/.01/.02=0.792/0.998/1.000, parameter_bias=8.483e-03, count-cal loss=1.785e-02, score/target/bias/MAE=31.81/32.78/-0.96/3.97, fine-risk mean/std/range=0.977/0.081/0.496, fine-loss/rank=6.997e-01/2.004e+00
  Feasibility chain: numerical Teacher pass/MSE=99.0%/8.548e-05, student teacher-mask pass/MSE=95.4%/8.028e-05, student one-shot pass/MSE=0.2%/2.347e-03, teacher-source |K gap|=3.09
  Synthetic K=56: n=46, dense=80.4%, deployment=0.0%
  Synthetic: dense=98.5%, deployment=0.0%, MSE=2.292e-03, K=34.20, targetK=31.74, count_MAE=4.90, bias=+2.47, knot_F1@0.01=0.619, param_RMSE=2.034e-02
  uji_pen_characters_v2: dense=100.0%, deployment=71.0%, MSE=3.687e-04, K=25.79
  natural_earth_10m_coastline: dense=97.0%, deployment=10.0%, MSE=1.628e-03, K=24.21
  usgs_tnm_contours_large_scale: dense=100.0%, deployment=26.0%, MSE=1.101e-03, K=22.92
  industrial_model_offset_curves: dense=100.0%, deployment=38.7%, MSE=8.425e-04, K=25.34
Epoch 069/128 selector_warmup [........................] 1/47 MSE=2.150e-03 pass=0.0% K=34.5 feasibleK=34.4 countMAE=3.55 lr=proposal:0.0e+00/parameter:0.0e+00/selector:2.0e-04/decoder:5.0e-05
Epoch 069/128 selector_warmup [=====...................] 10/47 MSE=2.452e-03 pass=0.0% K=33.8 feasibleK=36.0 countMAE=4.36 lr=proposal:0.0e+00/parameter:0.0e+00/selector:2.0e-04/decoder:5.0e-05
Epoch 069/128 selector_warmup [==========..............] 20/47 MSE=2.140e-03 pass=0.0% K=35.5 feasibleK=34.7 countMAE=3.64 lr=proposal:0.0e+00/parameter:0.0e+00/selector:2.0e-04/decoder:5.0e-05
Epoch 069/128 selector_warmup [===============.........] 30/47 MSE=2.410e-03 pass=0.0% K=32.1 feasibleK=32.9 countMAE=3.59 lr=proposal:0.0e+00/parameter:0.0e+00/selector:2.0e-04/decoder:5.0e-05
Epoch 069/128 selector_warmup [====================....] 40/47 MSE=2.321e-03 pass=0.0% K=31.7 feasibleK=31.5 countMAE=3.41 lr=proposal:0.0e+00/parameter:0.0e+00/selector:2.0e-04/decoder:5.0e-05
Epoch 069/128 selector_warmup [========================] 47/47 MSE=2.236e-03 pass=0.0% K=32.9 feasibleK=33.3 countMAE=3.38 lr=proposal:0.0e+00/parameter:0.0e+00/selector:2.0e-04/decoder:5.0e-05
  validation [=.......................] 1/16 
  validation [===============.........] 10/16 
  validation [========================] 16/16 
Epoch 069 phase=selector_warmup lr=proposal:0.0e+00/parameter:0.0e+00/selector:2.0e-04/decoder:5.0e-05 val dense=98.8% deployment=15.5% worst-source=0.2% qualification=0.0% MSE=1.821e-03 K=30.23 mass=29.74 beta=0.85 soft_cost=4.0867 selection_score=-4.0867 complexity=0.36->0.45 safety=0+0.00sigma scale=0.64->0.55 pass_reference_only=0.0%
  Joint train structure: Keep P/R/F1=0.579/0.570/0.575, critical_false_delete=0.423, proposal R@.005/.01/.02=0.792/0.998/1.000, parameter_bias=8.495e-03, count-cal loss=1.713e-02, score/target/bias/MAE=32.00/32.78/-0.77/3.80, fine-risk mean/std/range=0.977/0.081/0.496, fine-loss/rank=6.960e-01/2.001e+00
  Feasibility chain: numerical Teacher pass/MSE=99.0%/8.548e-05, student teacher-mask pass/MSE=95.8%/7.943e-05, student one-shot pass/MSE=0.1%/2.327e-03, teacher-source |K gap|=3.09
  Synthetic K=56: n=46, dense=80.4%, deployment=0.0%
  Synthetic: dense=98.5%, deployment=0.2%, MSE=2.324e-03, K=33.38, targetK=31.74, count_MAE=4.35, bias=+1.65, knot_F1@0.01=0.619, param_RMSE=2.026e-02
  uji_pen_characters_v2: dense=100.0%, deployment=77.0%, MSE=5.367e-04, K=26.71
  natural_earth_10m_coastline: dense=97.0%, deployment=8.0%, MSE=1.555e-03, K=24.57
  usgs_tnm_contours_large_scale: dense=100.0%, deployment=26.0%, MSE=1.198e-03, K=23.31
  industrial_model_offset_curves: dense=100.0%, deployment=45.2%, MSE=9.141e-04, K=27.19
Epoch 070/128 selector_warmup [........................] 1/47 MSE=2.452e-03 pass=3.1% K=29.0 feasibleK=30.2 countMAE=3.95 lr=proposal:0.0e+00/parameter:0.0e+00/selector:2.0e-04/decoder:5.0e-05
Epoch 070/128 selector_warmup [=====...................] 10/47 MSE=2.588e-03 pass=0.0% K=31.0 feasibleK=32.0 countMAE=3.25 lr=proposal:0.0e+00/parameter:0.0e+00/selector:2.0e-04/decoder:5.0e-05
Epoch 070/128 selector_warmup [==========..............] 20/47 MSE=2.283e-03 pass=0.0% K=32.6 feasibleK=32.9 countMAE=4.75 lr=proposal:0.0e+00/parameter:0.0e+00/selector:2.0e-04/decoder:5.0e-05
Epoch 070/128 selector_warmup [===============.........] 30/47 MSE=2.327e-03 pass=0.0% K=32.5 feasibleK=33.1 countMAE=4.36 lr=proposal:0.0e+00/parameter:0.0e+00/selector:2.0e-04/decoder:5.0e-05
Epoch 070/128 selector_warmup [====================....] 40/47 MSE=2.436e-03 pass=0.0% K=31.9 feasibleK=32.1 countMAE=3.66 lr=proposal:0.0e+00/parameter:0.0e+00/selector:2.0e-04/decoder:5.0e-05
Epoch 070/128 selector_warmup [========================] 47/47 MSE=2.551e-03 pass=0.0% K=31.4 feasibleK=33.4 countMAE=4.32 lr=proposal:0.0e+00/parameter:0.0e+00/selector:2.0e-04/decoder:5.0e-05
  validation [=.......................] 1/16 
  validation [===============.........] 10/16 
  validation [========================] 16/16 
Epoch 070 phase=selector_warmup lr=proposal:0.0e+00/parameter:0.0e+00/selector:2.0e-04/decoder:5.0e-05 val dense=98.8% deployment=16.3% worst-source=0.0% qualification=0.0% MSE=2.136e-03 K=29.86 mass=29.36 beta=0.95 soft_cost=4.1799 selection_score=-4.1799 complexity=0.45->0.55 safety=0+0.00sigma scale=0.55->0.45 pass_reference_only=0.0%
  Joint train structure: Keep P/R/F1=0.581/0.569/0.575, critical_false_delete=0.424, proposal R@.005/.01/.02=0.792/0.998/1.000, parameter_bias=8.517e-03, count-cal loss=1.890e-02, score/target/bias/MAE=31.88/32.78/-0.89/3.83, fine-risk mean/std/range=0.976/0.081/0.495, fine-loss/rank=7.045e-01/1.997e+00
  Feasibility chain: numerical Teacher pass/MSE=99.0%/8.548e-05, student teacher-mask pass/MSE=96.5%/7.871e-05, student one-shot pass/MSE=0.2%/2.345e-03, teacher-source |K gap|=3.09
  Synthetic K=56: n=46, dense=80.4%, deployment=0.0%
  Synthetic: dense=98.5%, deployment=0.0%, MSE=2.471e-03, K=32.52, targetK=31.74, count_MAE=4.08, bias=+0.78, knot_F1@0.01=0.612, param_RMSE=2.051e-02
  uji_pen_characters_v2: dense=100.0%, deployment=77.0%, MSE=5.636e-04, K=26.96
  natural_earth_10m_coastline: dense=97.0%, deployment=10.0%, MSE=2.501e-03, K=24.63
  usgs_tnm_contours_large_scale: dense=100.0%, deployment=30.0%, MSE=2.334e-03, K=23.10
  industrial_model_offset_curves: dense=100.0%, deployment=48.4%, MSE=1.053e-03, K=28.76
Epoch 071/128 selector_warmup [........................] 1/47 MSE=2.291e-03 pass=0.0% K=34.5 feasibleK=35.8 countMAE=4.17 lr=proposal:0.0e+00/parameter:0.0e+00/selector:2.0e-04/decoder:5.0e-05
Epoch 071/128 selector_warmup [=====...................] 10/47 MSE=2.142e-03 pass=1.6% K=33.4 feasibleK=32.5 countMAE=3.72 lr=proposal:0.0e+00/parameter:0.0e+00/selector:2.0e-04/decoder:5.0e-05
Epoch 071/128 selector_warmup [==========..............] 20/47 MSE=2.273e-03 pass=0.0% K=32.5 feasibleK=32.2 countMAE=3.78 lr=proposal:0.0e+00/parameter:0.0e+00/selector:2.0e-04/decoder:5.0e-05
Epoch 071/128 selector_warmup [===============.........] 30/47 MSE=2.587e-03 pass=0.0% K=30.1 feasibleK=32.8 countMAE=4.00 lr=proposal:0.0e+00/parameter:0.0e+00/selector:2.0e-04/decoder:5.0e-05
Epoch 071/128 selector_warmup [====================....] 40/47 MSE=2.375e-03 pass=0.0% K=32.9 feasibleK=33.8 countMAE=3.77 lr=proposal:0.0e+00/parameter:0.0e+00/selector:2.0e-04/decoder:5.0e-05
Epoch 071/128 selector_warmup [========================] 47/47 MSE=2.261e-03 pass=0.0% K=30.2 feasibleK=29.4 countMAE=3.43 lr=proposal:0.0e+00/parameter:0.0e+00/selector:2.0e-04/decoder:5.0e-05
  validation [=.......................] 1/16 
  validation [===============.........] 10/16 
  validation [========================] 16/16 
Epoch 071 phase=selector_warmup lr=proposal:0.0e+00/parameter:0.0e+00/selector:2.0e-04/decoder:5.0e-05 val dense=98.8% deployment=14.3% worst-source=0.0% qualification=0.0% MSE=1.955e-03 K=31.03 mass=30.53 beta=0.89 soft_cost=4.1591 selection_score=-4.1591 complexity=0.55->0.64 safety=0+0.00sigma scale=0.45->0.36 pass_reference_only=0.0%
  Joint train structure: Keep P/R/F1=0.582/0.573/0.577, critical_false_delete=0.421, proposal R@.005/.01/.02=0.792/0.998/1.000, parameter_bias=8.520e-03, count-cal loss=2.001e-02, score/target/bias/MAE=31.98/32.78/-0.80/3.98, fine-risk mean/std/range=0.977/0.081/0.497, fine-loss/rank=7.087e-01/2.006e+00
  Feasibility chain: numerical Teacher pass/MSE=99.0%/8.548e-05, student teacher-mask pass/MSE=96.3%/7.840e-05, student one-shot pass/MSE=0.4%/2.325e-03, teacher-source |K gap|=3.09
  Synthetic K=56: n=46, dense=80.4%, deployment=0.0%
  Synthetic: dense=98.5%, deployment=0.0%, MSE=2.220e-03, K=34.73, targetK=31.74, count_MAE=4.58, bias=+3.00, knot_F1@0.01=0.632, param_RMSE=2.041e-02
  uji_pen_characters_v2: dense=100.0%, deployment=71.0%, MSE=4.471e-04, K=26.86
  natural_earth_10m_coastline: dense=97.0%, deployment=11.0%, MSE=2.639e-03, K=24.34
  usgs_tnm_contours_large_scale: dense=100.0%, deployment=24.0%, MSE=2.276e-03, K=22.55
  industrial_model_offset_curves: dense=100.0%, deployment=38.7%, MSE=7.878e-04, K=27.89
Epoch 072/128 selector_warmup [........................] 1/47 MSE=2.276e-03 pass=0.0% K=32.5 feasibleK=33.1 countMAE=4.23 lr=proposal:0.0e+00/parameter:0.0e+00/selector:2.0e-04/decoder:5.0e-05
Epoch 072/128 selector_warmup [=====...................] 10/47 MSE=2.305e-03 pass=0.0% K=32.7 feasibleK=32.7 countMAE=3.23 lr=proposal:0.0e+00/parameter:0.0e+00/selector:2.0e-04/decoder:5.0e-05
Epoch 072/128 selector_warmup [==========..............] 20/47 MSE=2.348e-03 pass=0.0% K=35.1 feasibleK=37.4 countMAE=4.72 lr=proposal:0.0e+00/parameter:0.0e+00/selector:2.0e-04/decoder:5.0e-05
Epoch 072/128 selector_warmup [===============.........] 30/47 MSE=2.093e-03 pass=0.0% K=36.0 feasibleK=35.7 countMAE=4.75 lr=proposal:0.0e+00/parameter:0.0e+00/selector:2.0e-04/decoder:5.0e-05
Epoch 072/128 selector_warmup [====================....] 40/47 MSE=2.421e-03 pass=0.0% K=29.8 feasibleK=31.0 countMAE=4.47 lr=proposal:0.0e+00/parameter:0.0e+00/selector:2.0e-04/decoder:5.0e-05
Epoch 072/128 selector_warmup [========================] 47/47 MSE=2.281e-03 pass=0.0% K=32.4 feasibleK=32.1 countMAE=3.18 lr=proposal:0.0e+00/parameter:0.0e+00/selector:2.0e-04/decoder:5.0e-05
  validation [=.......................] 1/16 
  validation [===============.........] 10/16 
  validation [========================] 16/16 
Epoch 072 phase=selector_warmup lr=proposal:0.0e+00/parameter:0.0e+00/selector:2.0e-04/decoder:5.0e-05 val dense=98.8% deployment=15.8% worst-source=0.3% qualification=0.0% MSE=2.132e-03 K=30.70 mass=30.20 beta=1.05 soft_cost=4.1551 selection_score=-4.1551 complexity=0.64->0.73 safety=0+0.00sigma scale=0.36->0.27 pass_reference_only=0.0%
  Joint train structure: Keep P/R/F1=0.582/0.575/0.578, critical_false_delete=0.419, proposal R@.005/.01/.02=0.792/0.998/1.000, parameter_bias=8.512e-03, count-cal loss=2.205e-02, score/target/bias/MAE=32.13/32.78/-0.65/3.95, fine-risk mean/std/range=0.976/0.081/0.496, fine-loss/rank=7.094e-01/2.005e+00
  Feasibility chain: numerical Teacher pass/MSE=99.0%/8.548e-05, student teacher-mask pass/MSE=96.2%/7.802e-05, student one-shot pass/MSE=0.4%/2.277e-03, teacher-source |K gap|=3.09
  Synthetic K=56: n=46, dense=80.4%, deployment=0.0%
  Synthetic: dense=98.5%, deployment=0.3%, MSE=2.264e-03, K=34.24, targetK=31.74, count_MAE=4.50, bias=+2.50, knot_F1@0.01=0.622, param_RMSE=2.042e-02
  uji_pen_characters_v2: dense=100.0%, deployment=73.0%, MSE=6.632e-04, K=26.64
  natural_earth_10m_coastline: dense=97.0%, deployment=12.0%, MSE=2.787e-03, K=24.51
  usgs_tnm_contours_large_scale: dense=100.0%, deployment=25.0%, MSE=3.026e-03, K=22.27
  industrial_model_offset_curves: dense=100.0%, deployment=48.4%, MSE=1.195e-03, K=27.92
Epoch 073/128 joint_finetune [........................] 1/47 MSE=2.188e-03 pass=0.0% K=32.2 feasibleK=32.6 countMAE=5.03 lr=proposal:0.0e+00/parameter:0.0e+00/selector:2.0e-04/decoder:5.0e-05
Epoch 073/128 joint_finetune [=====...................] 10/47 MSE=2.278e-03 pass=1.6% K=32.7 feasibleK=31.8 countMAE=3.70 lr=proposal:0.0e+00/parameter:0.0e+00/selector:2.0e-04/decoder:5.0e-05
Epoch 073/128 joint_finetune [==========..............] 20/47 MSE=2.266e-03 pass=0.0% K=35.1 feasibleK=36.8 countMAE=4.11 lr=proposal:0.0e+00/parameter:0.0e+00/selector:2.0e-04/decoder:5.0e-05
Epoch 073/128 joint_finetune [===============.........] 30/47 MSE=2.247e-03 pass=0.0% K=32.5 feasibleK=32.5 countMAE=4.19 lr=proposal:0.0e+00/parameter:0.0e+00/selector:2.0e-04/decoder:5.0e-05
Epoch 073/128 joint_finetune [====================....] 40/47 MSE=2.163e-03 pass=0.0% K=35.7 feasibleK=35.6 countMAE=3.50 lr=proposal:0.0e+00/parameter:0.0e+00/selector:2.0e-04/decoder:5.0e-05
Epoch 073/128 joint_finetune [========================] 47/47 MSE=2.273e-03 pass=0.0% K=33.1 feasibleK=34.5 countMAE=4.96 lr=proposal:0.0e+00/parameter:0.0e+00/selector:2.0e-04/decoder:5.0e-05
  validation [=.......................] 1/16 
  validation [===============.........] 10/16 
  validation [========================] 16/16 
Epoch 073 phase=joint_finetune lr=proposal:0.0e+00/parameter:0.0e+00/selector:2.0e-04/decoder:5.0e-05 val dense=98.8% deployment=16.0% worst-source=0.0% qualification=0.0% MSE=2.222e-03 K=30.74 mass=30.24 beta=1.10 soft_cost=4.1610 selection_score=-4.1610 complexity=0.73->0.82 safety=0+0.00sigma scale=0.27->0.18 pass_reference_only=0.0%
  Joint train structure: Keep P/R/F1=0.581/0.576/0.578, critical_false_delete=0.418, proposal R@.005/.01/.02=0.792/0.998/1.000, parameter_bias=8.522e-03, count-cal loss=2.429e-02, score/target/bias/MAE=32.24/32.78/-0.54/3.99, fine-risk mean/std/range=0.977/0.081/0.497, fine-loss/rank=7.073e-01/2.004e+00
  Feasibility chain: numerical Teacher pass/MSE=99.0%/8.548e-05, student teacher-mask pass/MSE=96.2%/7.789e-05, student one-shot pass/MSE=0.3%/2.266e-03, teacher-source |K gap|=3.09
  Synthetic K=56: n=46, dense=80.4%, deployment=0.0%
  Synthetic: dense=98.5%, deployment=0.0%, MSE=2.248e-03, K=34.58, targetK=31.74, count_MAE=4.39, bias=+2.84, knot_F1@0.01=0.635, param_RMSE=2.039e-02
  uji_pen_characters_v2: dense=100.0%, deployment=77.0%, MSE=4.385e-04, K=27.69
  natural_earth_10m_coastline: dense=97.0%, deployment=14.0%, MSE=3.333e-03, K=23.75
  usgs_tnm_contours_large_scale: dense=100.0%, deployment=24.0%, MSE=3.951e-03, K=21.05
  industrial_model_offset_curves: dense=100.0%, deployment=47.3%, MSE=9.126e-04, K=27.15
Epoch 074/128 joint_finetune [........................] 1/47 MSE=2.348e-03 pass=0.0% K=32.2 feasibleK=32.6 countMAE=3.69 lr=proposal:0.0e+00/parameter:0.0e+00/selector:2.0e-04/decoder:5.0e-05
Epoch 074/128 joint_finetune [=====...................] 10/47 MSE=2.009e-03 pass=0.0% K=35.8 feasibleK=33.9 countMAE=4.50 lr=proposal:0.0e+00/parameter:0.0e+00/selector:2.0e-04/decoder:5.0e-05
Epoch 074/128 joint_finetune [==========..............] 20/47 MSE=2.327e-03 pass=0.0% K=32.9 feasibleK=33.4 countMAE=3.52 lr=proposal:0.0e+00/parameter:0.0e+00/selector:2.0e-04/decoder:5.0e-05
Epoch 074/128 joint_finetune [===============.........] 30/47 MSE=2.045e-03 pass=0.0% K=36.6 feasibleK=35.6 countMAE=3.86 lr=proposal:0.0e+00/parameter:0.0e+00/selector:2.0e-04/decoder:5.0e-05
Epoch 074/128 joint_finetune [====================....] 40/47 MSE=2.241e-03 pass=0.0% K=35.5 feasibleK=36.8 countMAE=3.56 lr=proposal:0.0e+00/parameter:0.0e+00/selector:2.0e-04/decoder:5.0e-05
Epoch 074/128 joint_finetune [========================] 47/47 MSE=2.384e-03 pass=1.8% K=31.5 feasibleK=31.7 countMAE=3.96 lr=proposal:0.0e+00/parameter:0.0e+00/selector:2.0e-04/decoder:5.0e-05
  validation [=.......................] 1/16 
  validation [===============.........] 10/16 
  validation [========================] 16/16 
Epoch 074 phase=joint_finetune lr=proposal:0.0e+00/parameter:0.0e+00/selector:2.0e-04/decoder:5.0e-05 val dense=98.8% deployment=18.0% worst-source=2.2% qualification=0.0% MSE=2.088e-03 K=31.53 mass=31.04 beta=1.25 soft_cost=4.0629 selection_score=-4.0629 complexity=0.82->0.91 safety=0+0.00sigma scale=0.18->0.09 pass_reference_only=0.0%
  Joint train structure: Keep P/R/F1=0.583/0.579/0.581, critical_false_delete=0.416, proposal R@.005/.01/.02=0.792/0.998/1.000, parameter_bias=8.538e-03, count-cal loss=2.738e-02, score/target/bias/MAE=32.31/32.78/-0.47/4.13, fine-risk mean/std/range=0.976/0.081/0.496, fine-loss/rank=7.103e-01/2.009e+00
  Feasibility chain: numerical Teacher pass/MSE=99.0%/8.548e-05, student teacher-mask pass/MSE=95.6%/7.784e-05, student one-shot pass/MSE=0.8%/2.232e-03, teacher-source |K gap|=3.09
  Synthetic K=56: n=46, dense=80.4%, deployment=0.0%
  Synthetic: dense=98.5%, deployment=2.2%, MSE=2.184e-03, K=34.48, targetK=31.74, count_MAE=4.73, bias=+2.74, knot_F1@0.01=0.622, param_RMSE=2.012e-02
  uji_pen_characters_v2: dense=100.0%, deployment=72.0%, MSE=9.084e-04, K=27.09
  natural_earth_10m_coastline: dense=97.0%, deployment=14.0%, MSE=2.708e-03, K=26.08
  usgs_tnm_contours_large_scale: dense=100.0%, deployment=26.0%, MSE=3.039e-03, K=23.85
  industrial_model_offset_curves: dense=100.0%, deployment=58.1%, MSE=1.048e-03, K=31.44
Epoch 075/128 joint_finetune [........................] 1/47 MSE=2.271e-03 pass=0.0% K=34.7 feasibleK=36.2 countMAE=4.56 lr=proposal:0.0e+00/parameter:0.0e+00/selector:2.0e-04/decoder:5.0e-05
Epoch 075/128 joint_finetune [=====...................] 10/47 MSE=2.133e-03 pass=3.1% K=33.0 feasibleK=32.7 countMAE=4.61 lr=proposal:0.0e+00/parameter:0.0e+00/selector:2.0e-04/decoder:5.0e-05
Epoch 075/128 joint_finetune [==========..............] 20/47 MSE=2.211e-03 pass=0.0% K=31.1 feasibleK=31.4 countMAE=3.16 lr=proposal:0.0e+00/parameter:0.0e+00/selector:2.0e-04/decoder:5.0e-05
Epoch 075/128 joint_finetune [===============.........] 30/47 MSE=2.372e-03 pass=0.0% K=32.1 feasibleK=32.8 countMAE=3.89 lr=proposal:0.0e+00/parameter:0.0e+00/selector:2.0e-04/decoder:5.0e-05
Epoch 075/128 joint_finetune [====================....] 40/47 MSE=1.854e-03 pass=3.1% K=36.4 feasibleK=33.0 countMAE=4.45 lr=proposal:0.0e+00/parameter:0.0e+00/selector:2.0e-04/decoder:5.0e-05
Epoch 075/128 joint_finetune [========================] 47/47 MSE=2.403e-03 pass=0.0% K=31.9 feasibleK=33.8 countMAE=4.23 lr=proposal:0.0e+00/parameter:0.0e+00/selector:2.0e-04/decoder:5.0e-05
  validation [=.......................] 1/16 
  validation [===============.........] 10/16 
  validation [========================] 16/16 
Epoch 075 phase=joint_finetune lr=proposal:0.0e+00/parameter:0.0e+00/selector:2.0e-04/decoder:5.0e-05 val dense=98.8% deployment=17.3% worst-source=1.2% qualification=0.0% MSE=2.208e-03 K=29.12 mass=28.62 beta=1.43 soft_cost=4.1545 selection_score=-4.1545 complexity=0.91->1.00 safety=0+0.00sigma scale=0.09->0.00 pass_reference_only=0.0%
  Joint train structure: Keep P/R/F1=0.581/0.585/0.583, critical_false_delete=0.409, proposal R@.005/.01/.02=0.792/0.998/1.000, parameter_bias=8.537e-03, count-cal loss=3.001e-02, score/target/bias/MAE=32.77/32.78/-0.01/4.31, fine-risk mean/std/range=0.977/0.081/0.496, fine-loss/rank=7.027e-01/2.009e+00
  Feasibility chain: numerical Teacher pass/MSE=99.0%/8.548e-05, student teacher-mask pass/MSE=96.1%/7.753e-05, student one-shot pass/MSE=0.9%/2.183e-03, teacher-source |K gap|=3.09
  Synthetic K=56: n=46, dense=80.4%, deployment=0.0%
  Synthetic: dense=98.5%, deployment=1.2%, MSE=2.405e-03, K=31.98, targetK=31.74, count_MAE=4.50, bias=+0.25, knot_F1@0.01=0.609, param_RMSE=2.027e-02
  uji_pen_characters_v2: dense=100.0%, deployment=64.0%, MSE=8.574e-04, K=24.59
  natural_earth_10m_coastline: dense=97.0%, deployment=14.0%, MSE=2.733e-03, K=24.00
  usgs_tnm_contours_large_scale: dense=100.0%, deployment=27.0%, MSE=2.954e-03, K=21.92
  industrial_model_offset_curves: dense=100.0%, deployment=64.5%, MSE=1.019e-03, K=28.72
Epoch 076/128 joint_finetune [........................] 1/47 MSE=2.445e-03 pass=0.0% K=30.0 feasibleK=31.9 countMAE=3.78 lr=proposal:0.0e+00/parameter:0.0e+00/selector:2.0e-04/decoder:5.0e-05
Epoch 076/128 joint_finetune [=====...................] 10/47 MSE=2.195e-03 pass=0.0% K=31.5 feasibleK=31.3 countMAE=4.17 lr=proposal:0.0e+00/parameter:0.0e+00/selector:2.0e-04/decoder:5.0e-05
Epoch 076/128 joint_finetune [==========..............] 20/47 MSE=2.252e-03 pass=0.0% K=33.5 feasibleK=33.2 countMAE=4.36 lr=proposal:0.0e+00/parameter:0.0e+00/selector:2.0e-04/decoder:5.0e-05
Epoch 076/128 joint_finetune [===============.........] 30/47 MSE=2.508e-03 pass=0.0% K=30.3 feasibleK=31.2 countMAE=3.56 lr=proposal:0.0e+00/parameter:0.0e+00/selector:2.0e-04/decoder:5.0e-05
Epoch 076/128 joint_finetune [====================....] 40/47 MSE=2.004e-03 pass=0.0% K=36.3 feasibleK=34.8 countMAE=4.03 lr=proposal:0.0e+00/parameter:0.0e+00/selector:2.0e-04/decoder:5.0e-05
Epoch 076/128 joint_finetune [========================] 47/47 MSE=1.623e-03 pass=1.8% K=37.7 feasibleK=33.9 countMAE=5.95 lr=proposal:0.0e+00/parameter:0.0e+00/selector:2.0e-04/decoder:5.0e-05
  validation [=.......................] 1/16 
  validation [===============.........] 10/16 
  validation [========================] 16/16 
Epoch 076 phase=joint_finetune lr=proposal:0.0e+00/parameter:0.0e+00/selector:2.0e-04/decoder:5.0e-05 val dense=98.8% deployment=21.5% worst-source=2.2% qualification=0.0% MSE=1.504e-03 K=34.96 mass=34.47 beta=1.26 soft_cost=3.7282 selection_score=-3.7282 complexity=1.00->1.00 safety=0+0.00sigma scale=0.00->0.00 pass_reference_only=0.0%
  Joint train structure: Keep P/R/F1=0.581/0.585/0.582, critical_false_delete=0.409, proposal R@.005/.01/.02=0.792/0.998/1.000, parameter_bias=8.525e-03, count-cal loss=3.413e-02, score/target/bias/MAE=32.79/32.78/+0.01/4.57, fine-risk mean/std/range=0.976/0.081/0.496, fine-loss/rank=7.213e-01/2.027e+00
  Feasibility chain: numerical Teacher pass/MSE=99.0%/8.548e-05, student teacher-mask pass/MSE=95.7%/7.767e-05, student one-shot pass/MSE=1.4%/2.163e-03, teacher-source |K gap|=3.09
  Synthetic K=56: n=46, dense=80.4%, deployment=0.0%
  Synthetic: dense=98.5%, deployment=2.2%, MSE=1.702e-03, K=38.06, targetK=31.74, count_MAE=6.94, bias=+6.32, knot_F1@0.01=0.642, param_RMSE=2.034e-02
  uji_pen_characters_v2: dense=100.0%, deployment=79.0%, MSE=4.770e-04, K=31.34
  natural_earth_10m_coastline: dense=97.0%, deployment=22.0%, MSE=1.910e-03, K=29.89
  usgs_tnm_contours_large_scale: dense=100.0%, deployment=39.0%, MSE=1.665e-03, K=26.98
  industrial_model_offset_curves: dense=100.0%, deployment=64.5%, MSE=7.208e-04, K=32.95
Epoch 077/128 joint_finetune [........................] 1/47 MSE=1.634e-03 pass=4.7% K=35.4 feasibleK=30.7 countMAE=5.81 lr=proposal:0.0e+00/parameter:0.0e+00/selector:2.0e-04/decoder:5.0e-05
Epoch 077/128 joint_finetune [=====...................] 10/47 MSE=2.377e-03 pass=1.6% K=32.3 feasibleK=33.8 countMAE=3.53 lr=proposal:0.0e+00/parameter:0.0e+00/selector:2.0e-04/decoder:5.0e-05
Epoch 077/128 joint_finetune [==========..............] 20/47 MSE=2.201e-03 pass=1.6% K=31.5 feasibleK=31.2 countMAE=3.89 lr=proposal:0.0e+00/parameter:0.0e+00/selector:2.0e-04/decoder:5.0e-05
Epoch 077/128 joint_finetune [===============.........] 30/47 MSE=2.040e-03 pass=0.0% K=35.1 feasibleK=34.8 countMAE=4.47 lr=proposal:0.0e+00/parameter:0.0e+00/selector:2.0e-04/decoder:5.0e-05
Epoch 077/128 joint_finetune [====================....] 40/47 MSE=2.077e-03 pass=0.0% K=37.3 feasibleK=35.7 countMAE=4.30 lr=proposal:0.0e+00/parameter:0.0e+00/selector:2.0e-04/decoder:5.0e-05
Epoch 077/128 joint_finetune [========================] 47/47 MSE=1.895e-03 pass=0.0% K=33.8 feasibleK=32.7 countMAE=5.41 lr=proposal:0.0e+00/parameter:0.0e+00/selector:2.0e-04/decoder:5.0e-05
  validation [=.......................] 1/16 
  validation [===============.........] 10/16 
  validation [========================] 16/16 
Epoch 077 phase=joint_finetune lr=proposal:0.0e+00/parameter:0.0e+00/selector:2.0e-04/decoder:5.0e-05 val dense=98.8% deployment=18.9% worst-source=1.3% qualification=0.0% MSE=1.648e-03 K=32.76 mass=32.25 beta=1.46 soft_cost=3.8777 selection_score=-3.8777 complexity=1.00->1.00 safety=0+0.00sigma scale=0.00->0.00 pass_reference_only=0.0%
  Joint train structure: Keep P/R/F1=0.584/0.591/0.587, critical_false_delete=0.403, proposal R@.005/.01/.02=0.792/0.998/1.000, parameter_bias=8.544e-03, count-cal loss=3.181e-02, score/target/bias/MAE=32.95/32.78/+0.17/4.28, fine-risk mean/std/range=0.976/0.081/0.496, fine-loss/rank=7.081e-01/2.019e+00
  Feasibility chain: numerical Teacher pass/MSE=99.0%/8.548e-05, student teacher-mask pass/MSE=96.3%/7.726e-05, student one-shot pass/MSE=0.9%/2.133e-03, teacher-source |K gap|=3.09
  Synthetic K=56: n=46, dense=80.4%, deployment=0.0%
  Synthetic: dense=98.5%, deployment=1.3%, MSE=1.976e-03, K=35.61, targetK=31.74, count_MAE=5.51, bias=+3.87, knot_F1@0.01=0.631, param_RMSE=2.013e-02
  uji_pen_characters_v2: dense=100.0%, deployment=73.0%, MSE=5.940e-04, K=28.46
  natural_earth_10m_coastline: dense=97.0%, deployment=20.0%, MSE=1.628e-03, K=28.98
  usgs_tnm_contours_large_scale: dense=100.0%, deployment=33.0%, MSE=1.615e-03, K=26.09
  industrial_model_offset_curves: dense=100.0%, deployment=58.1%, MSE=7.277e-04, K=30.25
Epoch 078/128 joint_finetune [........................] 1/47 MSE=1.953e-03 pass=3.1% K=34.5 feasibleK=33.6 countMAE=5.22 lr=proposal:0.0e+00/parameter:0.0e+00/selector:2.0e-04/decoder:5.0e-05
Epoch 078/128 joint_finetune [=====...................] 10/47 MSE=2.489e-03 pass=0.0% K=31.5 feasibleK=34.4 countMAE=4.62 lr=proposal:0.0e+00/parameter:0.0e+00/selector:2.0e-04/decoder:5.0e-05
Epoch 078/128 joint_finetune [==========..............] 20/47 MSE=2.088e-03 pass=1.6% K=30.3 feasibleK=30.2 countMAE=5.06 lr=proposal:0.0e+00/parameter:0.0e+00/selector:2.0e-04/decoder:5.0e-05
Epoch 078/128 joint_finetune [===============.........] 30/47 MSE=1.914e-03 pass=0.0% K=34.7 feasibleK=32.1 countMAE=4.58 lr=proposal:0.0e+00/parameter:0.0e+00/selector:2.0e-04/decoder:5.0e-05
Epoch 078/128 joint_finetune [====================....] 40/47 MSE=2.126e-03 pass=0.0% K=34.3 feasibleK=34.7 countMAE=3.45 lr=proposal:0.0e+00/parameter:0.0e+00/selector:2.0e-04/decoder:5.0e-05
Epoch 078/128 joint_finetune [========================] 47/47 MSE=1.877e-03 pass=0.0% K=34.8 feasibleK=32.1 countMAE=4.82 lr=proposal:0.0e+00/parameter:0.0e+00/selector:2.0e-04/decoder:5.0e-05
  validation [=.......................] 1/16 
  validation [===============.........] 10/16 
  validation [========================] 16/16 
Epoch 078 phase=joint_finetune lr=proposal:0.0e+00/parameter:0.0e+00/selector:2.0e-04/decoder:5.0e-05 val dense=98.8% deployment=18.3% worst-source=1.3% qualification=0.0% MSE=1.772e-03 K=31.96 mass=31.45 beta=1.48 soft_cost=3.9607 selection_score=-3.9607 complexity=1.00->1.00 safety=0+0.00sigma scale=0.00->0.00 pass_reference_only=0.0%
  Joint train structure: Keep P/R/F1=0.583/0.583/0.583, critical_false_delete=0.411, proposal R@.005/.01/.02=0.792/0.998/1.000, parameter_bias=8.557e-03, count-cal loss=3.258e-02, score/target/bias/MAE=32.58/32.78/-0.20/4.48, fine-risk mean/std/range=0.977/0.081/0.496, fine-loss/rank=7.295e-01/2.025e+00
  Feasibility chain: numerical Teacher pass/MSE=99.0%/8.548e-05, student teacher-mask pass/MSE=96.0%/7.711e-05, student one-shot pass/MSE=0.9%/2.148e-03, teacher-source |K gap|=3.09
  Synthetic K=56: n=46, dense=80.4%, deployment=0.0%
  Synthetic: dense=98.5%, deployment=1.3%, MSE=1.997e-03, K=35.56, targetK=31.74, count_MAE=5.04, bias=+3.83, knot_F1@0.01=0.638, param_RMSE=2.011e-02
  uji_pen_characters_v2: dense=100.0%, deployment=71.0%, MSE=5.054e-04, K=26.72
  natural_earth_10m_coastline: dense=97.0%, deployment=18.0%, MSE=2.305e-03, K=26.14
  usgs_tnm_contours_large_scale: dense=100.0%, deployment=33.0%, MSE=1.892e-03, K=23.48
  industrial_model_offset_curves: dense=100.0%, deployment=55.9%, MSE=9.817e-04, K=29.68
Epoch 079/128 joint_finetune [........................] 1/47 MSE=2.120e-03 pass=0.0% K=34.2 feasibleK=34.2 countMAE=4.25 lr=proposal:0.0e+00/parameter:0.0e+00/selector:2.0e-04/decoder:5.0e-05
Epoch 079/128 joint_finetune [=====...................] 10/47 MSE=2.481e-03 pass=0.0% K=28.7 feasibleK=31.3 countMAE=4.64 lr=proposal:0.0e+00/parameter:0.0e+00/selector:2.0e-04/decoder:5.0e-05
Epoch 079/128 joint_finetune [==========..............] 20/47 MSE=1.802e-03 pass=0.0% K=34.8 feasibleK=32.5 countMAE=4.53 lr=proposal:0.0e+00/parameter:0.0e+00/selector:2.0e-04/decoder:5.0e-05
Epoch 079/128 joint_finetune [===============.........] 30/47 MSE=2.031e-03 pass=4.7% K=34.5 feasibleK=34.5 countMAE=5.59 lr=proposal:0.0e+00/parameter:0.0e+00/selector:2.0e-04/decoder:5.0e-05
Epoch 079/128 joint_finetune [====================....] 40/47 MSE=2.191e-03 pass=0.0% K=36.1 feasibleK=36.8 countMAE=4.47 lr=proposal:0.0e+00/parameter:0.0e+00/selector:2.0e-04/decoder:5.0e-05
Epoch 079/128 joint_finetune [========================] 47/47 MSE=2.025e-03 pass=0.0% K=33.8 feasibleK=33.2 countMAE=3.95 lr=proposal:0.0e+00/parameter:0.0e+00/selector:2.0e-04/decoder:5.0e-05
  validation [=.......................] 1/16 
  validation [===============.........] 10/16 
  validation [========================] 16/16 
Epoch 079 phase=joint_finetune lr=proposal:0.0e+00/parameter:0.0e+00/selector:2.0e-04/decoder:5.0e-05 val dense=98.8% deployment=13.1% worst-source=0.3% qualification=0.0% MSE=1.991e-03 K=30.68 mass=30.17 beta=1.54 soft_cost=4.1997 selection_score=-4.1997 complexity=1.00->1.00 safety=0+0.00sigma scale=0.00->0.00 pass_reference_only=0.0%
  Joint train structure: Keep P/R/F1=0.583/0.585/0.584, critical_false_delete=0.410, proposal R@.005/.01/.02=0.792/0.998/1.000, parameter_bias=8.550e-03, count-cal loss=3.923e-02, score/target/bias/MAE=32.65/32.78/-0.13/4.49, fine-risk mean/std/range=0.977/0.081/0.497, fine-loss/rank=7.273e-01/2.026e+00
  Feasibility chain: numerical Teacher pass/MSE=99.0%/8.548e-05, student teacher-mask pass/MSE=96.3%/7.710e-05, student one-shot pass/MSE=1.3%/2.119e-03, teacher-source |K gap|=3.09
  Synthetic K=56: n=46, dense=80.4%, deployment=0.0%
  Synthetic: dense=98.5%, deployment=0.3%, MSE=2.059e-03, K=34.50, targetK=31.74, count_MAE=4.25, bias=+2.76, knot_F1@0.01=0.642, param_RMSE=1.985e-02
  uji_pen_characters_v2: dense=100.0%, deployment=70.0%, MSE=6.435e-04, K=26.21
  natural_earth_10m_coastline: dense=97.0%, deployment=19.0%, MSE=2.752e-03, K=24.81
  usgs_tnm_contours_large_scale: dense=100.0%, deployment=28.0%, MSE=3.037e-03, K=21.55
  industrial_model_offset_curves: dense=100.0%, deployment=11.8%, MSE=1.053e-03, K=27.01
Epoch 080/128 joint_finetune [........................] 1/47 MSE=2.136e-03 pass=0.0% K=34.8 feasibleK=34.9 countMAE=3.39 lr=proposal:0.0e+00/parameter:0.0e+00/selector:2.0e-04/decoder:5.0e-05
Epoch 080/128 joint_finetune [=====...................] 10/47 MSE=1.692e-03 pass=1.6% K=37.0 feasibleK=33.4 countMAE=4.70 lr=proposal:0.0e+00/parameter:0.0e+00/selector:2.0e-04/decoder:5.0e-05
Epoch 080/128 joint_finetune [==========..............] 20/47 MSE=2.288e-03 pass=4.7% K=31.1 feasibleK=33.6 countMAE=5.34 lr=proposal:0.0e+00/parameter:0.0e+00/selector:2.0e-04/decoder:5.0e-05
Epoch 080/128 joint_finetune [===============.........] 30/47 MSE=1.786e-03 pass=0.0% K=36.4 feasibleK=35.5 countMAE=4.41 lr=proposal:0.0e+00/parameter:0.0e+00/selector:2.0e-04/decoder:5.0e-05
Epoch 080/128 joint_finetune [====================....] 40/47 MSE=2.155e-03 pass=1.6% K=29.7 feasibleK=30.7 countMAE=4.70 lr=proposal:0.0e+00/parameter:0.0e+00/selector:2.0e-04/decoder:5.0e-05
Epoch 080/128 joint_finetune [========================] 47/47 MSE=1.986e-03 pass=3.6% K=33.7 feasibleK=33.1 countMAE=5.80 lr=proposal:0.0e+00/parameter:0.0e+00/selector:2.0e-04/decoder:5.0e-05
  validation [=.......................] 1/16 
  validation [===============.........] 10/16 
  validation [========================] 16/16 
Epoch 080 phase=joint_finetune lr=proposal:0.0e+00/parameter:0.0e+00/selector:2.0e-04/decoder:5.0e-05 val dense=98.8% deployment=21.1% worst-source=4.2% qualification=0.0% MSE=1.690e-03 K=31.66 mass=31.16 beta=1.85 soft_cost=3.8088 selection_score=-3.8088 complexity=1.00->1.00 safety=0+0.00sigma scale=0.00->0.00 pass_reference_only=0.0%
  Joint train structure: Keep P/R/F1=0.580/0.590/0.584, critical_false_delete=0.405, proposal R@.005/.01/.02=0.792/0.998/1.000, parameter_bias=8.561e-03, count-cal loss=4.390e-02, score/target/bias/MAE=33.11/32.78/+0.34/4.91, fine-risk mean/std/range=0.977/0.081/0.496, fine-loss/rank=7.297e-01/2.036e+00
  Feasibility chain: numerical Teacher pass/MSE=99.0%/8.548e-05, student teacher-mask pass/MSE=95.1%/7.756e-05, student one-shot pass/MSE=2.4%/1.956e-03, teacher-source |K gap|=3.09
  Synthetic K=56: n=46, dense=80.4%, deployment=0.0%
  Synthetic: dense=98.5%, deployment=4.2%, MSE=1.959e-03, K=34.57, targetK=31.74, count_MAE=5.40, bias=+2.84, knot_F1@0.01=0.625, param_RMSE=1.940e-02
  uji_pen_characters_v2: dense=100.0%, deployment=72.0%, MSE=7.457e-04, K=27.28
  natural_earth_10m_coastline: dense=97.0%, deployment=28.0%, MSE=1.514e-03, K=27.00
  usgs_tnm_contours_large_scale: dense=100.0%, deployment=41.0%, MSE=1.649e-03, K=24.16
  industrial_model_offset_curves: dense=100.0%, deployment=47.3%, MSE=1.209e-03, K=30.70
Epoch 081/128 joint_finetune [........................] 1/47 MSE=2.090e-03 pass=7.8% K=29.2 feasibleK=30.3 countMAE=5.97 lr=proposal:0.0e+00/parameter:0.0e+00/selector:2.0e-04/decoder:5.0e-05
Epoch 081/128 joint_finetune [=====...................] 10/47 MSE=2.158e-03 pass=0.0% K=32.4 feasibleK=33.2 countMAE=4.14 lr=proposal:0.0e+00/parameter:0.0e+00/selector:2.0e-04/decoder:5.0e-05
Epoch 081/128 joint_finetune [==========..............] 20/47 MSE=1.364e-03 pass=7.8% K=38.9 feasibleK=34.8 countMAE=5.52 lr=proposal:0.0e+00/parameter:0.0e+00/selector:2.0e-04/decoder:5.0e-05
Epoch 081/128 joint_finetune [===============.........] 30/47 MSE=2.470e-03 pass=3.1% K=28.3 feasibleK=33.6 countMAE=7.77 lr=proposal:0.0e+00/parameter:0.0e+00/selector:2.0e-04/decoder:5.0e-05
Epoch 081/128 joint_finetune [====================....] 40/47 MSE=1.464e-03 pass=6.2% K=35.5 feasibleK=32.8 countMAE=5.67 lr=proposal:0.0e+00/parameter:0.0e+00/selector:2.0e-04/decoder:5.0e-05
Epoch 081/128 joint_finetune [========================] 47/47 MSE=1.500e-03 pass=0.0% K=41.6 feasibleK=38.7 countMAE=4.82 lr=proposal:0.0e+00/parameter:0.0e+00/selector:2.0e-04/decoder:5.0e-05
  validation [=.......................] 1/16 
  validation [===============.........] 10/16 
  validation [========================] 16/16 
Epoch 081 phase=joint_finetune lr=proposal:0.0e+00/parameter:0.0e+00/selector:2.0e-04/decoder:5.0e-05 val dense=98.8% deployment=21.1% worst-source=1.2% qualification=0.0% MSE=1.316e-03 K=33.37 mass=32.88 beta=1.66 soft_cost=3.6717 selection_score=-3.6717 complexity=1.00->1.00 safety=0+0.00sigma scale=0.00->0.00 pass_reference_only=0.0%
  Joint train structure: Keep P/R/F1=0.581/0.583/0.581, critical_false_delete=0.412, proposal R@.005/.01/.02=0.792/0.998/1.000, parameter_bias=8.579e-03, count-cal loss=4.811e-02, score/target/bias/MAE=32.71/32.78/-0.06/5.44, fine-risk mean/std/range=0.976/0.081/0.497, fine-loss/rank=7.393e-01/2.031e+00
  Feasibility chain: numerical Teacher pass/MSE=99.0%/8.548e-05, student teacher-mask pass/MSE=95.4%/7.759e-05, student one-shot pass/MSE=3.2%/1.884e-03, teacher-source |K gap|=3.09
  Synthetic K=56: n=46, dense=80.4%, deployment=0.0%
  Synthetic: dense=98.5%, deployment=1.2%, MSE=1.614e-03, K=36.85, targetK=31.74, count_MAE=5.79, bias=+5.11, knot_F1@0.01=0.657, param_RMSE=1.899e-02
  uji_pen_characters_v2: dense=100.0%, deployment=76.0%, MSE=4.328e-04, K=28.95
  natural_earth_10m_coastline: dense=97.0%, deployment=28.0%, MSE=1.080e-03, K=28.27
  usgs_tnm_contours_large_scale: dense=100.0%, deployment=45.0%, MSE=1.097e-03, K=25.33
  industrial_model_offset_curves: dense=100.0%, deployment=58.1%, MSE=8.314e-04, K=29.78
Epoch 082/128 joint_finetune [........................] 1/47 MSE=1.624e-03 pass=0.0% K=37.5 feasibleK=36.2 countMAE=4.41 lr=proposal:0.0e+00/parameter:0.0e+00/selector:2.0e-04/decoder:5.0e-05
Epoch 082/128 joint_finetune [=====...................] 10/47 MSE=1.947e-03 pass=1.6% K=30.0 feasibleK=30.3 countMAE=5.66 lr=proposal:0.0e+00/parameter:0.0e+00/selector:2.0e-04/decoder:5.0e-05
Epoch 082/128 joint_finetune [==========..............] 20/47 MSE=1.796e-03 pass=4.7% K=33.6 feasibleK=32.9 countMAE=4.55 lr=proposal:0.0e+00/parameter:0.0e+00/selector:2.0e-04/decoder:5.0e-05
Epoch 082/128 joint_finetune [===============.........] 30/47 MSE=1.611e-03 pass=3.1% K=34.5 feasibleK=33.8 countMAE=5.02 lr=proposal:0.0e+00/parameter:0.0e+00/selector:2.0e-04/decoder:5.0e-05
Epoch 082/128 joint_finetune [====================....] 40/47 MSE=1.677e-03 pass=6.2% K=33.9 feasibleK=33.8 countMAE=4.31 lr=proposal:0.0e+00/parameter:0.0e+00/selector:2.0e-04/decoder:5.0e-05
Epoch 082/128 joint_finetune [========================] 47/47 MSE=2.085e-03 pass=0.0% K=31.9 feasibleK=33.7 countMAE=4.71 lr=proposal:0.0e+00/parameter:0.0e+00/selector:2.0e-04/decoder:5.0e-05
  validation [=.......................] 1/16 
  validation [===============.........] 10/16 
  validation [========================] 16/16 
Epoch 082 phase=joint_finetune lr=proposal:0.0e+00/parameter:0.0e+00/selector:2.0e-04/decoder:5.0e-05 val dense=98.8% deployment=20.0% worst-source=0.8% qualification=0.0% MSE=1.472e-03 K=30.87 mass=30.35 beta=1.80 soft_cost=3.7386 selection_score=-3.7386 complexity=1.00->1.00 safety=0+0.00sigma scale=0.00->0.00 pass_reference_only=0.0%
  Joint train structure: Keep P/R/F1=0.585/0.587/0.586, critical_false_delete=0.408, proposal R@.005/.01/.02=0.792/0.998/1.000, parameter_bias=8.621e-03, count-cal loss=4.148e-02, score/target/bias/MAE=32.68/32.78/-0.10/4.72, fine-risk mean/std/range=0.976/0.081/0.496, fine-loss/rank=7.410e-01/2.029e+00
  Feasibility chain: numerical Teacher pass/MSE=99.0%/8.548e-05, student teacher-mask pass/MSE=95.9%/7.746e-05, student one-shot pass/MSE=3.3%/1.751e-03, teacher-source |K gap|=3.09
  Synthetic K=56: n=46, dense=80.4%, deployment=0.0%
  Synthetic: dense=98.5%, deployment=0.8%, MSE=1.776e-03, K=34.59, targetK=31.74, count_MAE=4.45, bias=+2.85, knot_F1@0.01=0.646, param_RMSE=1.823e-02
  uji_pen_characters_v2: dense=100.0%, deployment=67.0%, MSE=6.780e-04, K=25.65
  natural_earth_10m_coastline: dense=97.0%, deployment=23.0%, MSE=1.253e-03, K=25.04
  usgs_tnm_contours_large_scale: dense=100.0%, deployment=44.0%, MSE=1.173e-03, K=22.54
  industrial_model_offset_curves: dense=100.0%, deployment=64.5%, MSE=9.157e-04, K=27.72
Epoch 083/128 joint_finetune [........................] 1/47 MSE=1.752e-03 pass=0.0% K=32.3 feasibleK=33.2 countMAE=3.86 lr=proposal:0.0e+00/parameter:0.0e+00/selector:2.0e-04/decoder:5.0e-05
Epoch 083/128 joint_finetune [=====...................] 10/47 MSE=1.319e-03 pass=10.9% K=33.7 feasibleK=30.7 countMAE=5.67 lr=proposal:0.0e+00/parameter:0.0e+00/selector:2.0e-04/decoder:5.0e-05
Epoch 083/128 joint_finetune [==========..............] 20/47 MSE=1.702e-03 pass=9.4% K=31.5 feasibleK=30.9 countMAE=5.31 lr=proposal:0.0e+00/parameter:0.0e+00/selector:2.0e-04/decoder:5.0e-05
Epoch 083/128 joint_finetune [===============.........] 30/47 MSE=1.825e-03 pass=4.7% K=31.4 feasibleK=31.8 countMAE=4.53 lr=proposal:0.0e+00/parameter:0.0e+00/selector:2.0e-04/decoder:5.0e-05
Epoch 083/128 joint_finetune [====================....] 40/47 MSE=1.533e-03 pass=6.2% K=30.3 feasibleK=29.6 countMAE=3.58 lr=proposal:0.0e+00/parameter:0.0e+00/selector:2.0e-04/decoder:5.0e-05
Epoch 083/128 joint_finetune [========================] 47/47 MSE=1.214e-03 pass=7.1% K=38.7 feasibleK=34.2 countMAE=5.91 lr=proposal:0.0e+00/parameter:0.0e+00/selector:2.0e-04/decoder:5.0e-05
  validation [=.......................] 1/16 
  validation [===============.........] 10/16 
  validation [========================] 16/16 
Epoch 083 phase=joint_finetune lr=proposal:0.0e+00/parameter:0.0e+00/selector:2.0e-04/decoder:5.0e-05 val dense=98.8% deployment=28.6% worst-source=8.7% qualification=0.0% MSE=1.026e-03 K=34.93 mass=34.42 beta=1.70 soft_cost=3.2244 selection_score=-3.2244 complexity=1.00->1.00 safety=0+0.00sigma scale=0.00->0.00 pass_reference_only=0.0%
  Joint train structure: Keep P/R/F1=0.584/0.596/0.589, critical_false_delete=0.399, proposal R@.005/.01/.02=0.792/0.998/1.000, parameter_bias=8.594e-03, count-cal loss=4.354e-02, score/target/bias/MAE=33.21/32.78/+0.43/4.80, fine-risk mean/std/range=0.976/0.081/0.496, fine-loss/rank=7.166e-01/2.023e+00
  Feasibility chain: numerical Teacher pass/MSE=99.0%/8.548e-05, student teacher-mask pass/MSE=95.7%/7.936e-05, student one-shot pass/MSE=6.4%/1.610e-03, teacher-source |K gap|=3.09
  Synthetic K=56: n=46, dense=80.4%, deployment=0.0%
  Synthetic: dense=98.5%, deployment=8.7%, MSE=1.238e-03, K=39.06, targetK=31.74, count_MAE=7.75, bias=+7.33, knot_F1@0.01=0.658, param_RMSE=1.753e-02
  uji_pen_characters_v2: dense=100.0%, deployment=85.0%, MSE=3.177e-04, K=32.00
  natural_earth_10m_coastline: dense=97.0%, deployment=37.0%, MSE=8.668e-04, K=27.71
  usgs_tnm_contours_large_scale: dense=100.0%, deployment=50.0%, MSE=9.013e-04, K=24.83
  industrial_model_offset_curves: dense=100.0%, deployment=64.5%, MSE=7.186e-04, K=30.03
Epoch 084/128 joint_finetune [........................] 1/47 MSE=1.134e-03 pass=9.4% K=40.1 feasibleK=35.1 countMAE=6.77 lr=proposal:0.0e+00/parameter:0.0e+00/selector:2.0e-04/decoder:5.0e-05
Epoch 084/128 joint_finetune [=====...................] 10/47 MSE=1.630e-03 pass=3.1% K=32.3 feasibleK=32.8 countMAE=4.84 lr=proposal:0.0e+00/parameter:0.0e+00/selector:2.0e-04/decoder:5.0e-05
Epoch 084/128 joint_finetune [==========..............] 20/47 MSE=1.353e-03 pass=15.6% K=33.2 feasibleK=31.4 countMAE=5.03 lr=proposal:0.0e+00/parameter:0.0e+00/selector:2.0e-04/decoder:5.0e-05
Epoch 084/128 joint_finetune [===============.........] 30/47 MSE=1.425e-03 pass=18.8% K=32.2 feasibleK=30.3 countMAE=6.00 lr=proposal:0.0e+00/parameter:0.0e+00/selector:2.0e-04/decoder:5.0e-05
Epoch 084/128 joint_finetune [====================....] 40/47 MSE=1.757e-03 pass=9.4% K=29.4 feasibleK=30.9 countMAE=5.12 lr=proposal:0.0e+00/parameter:0.0e+00/selector:2.0e-04/decoder:5.0e-05
Epoch 084/128 joint_finetune [========================] 47/47 MSE=1.526e-03 pass=3.6% K=30.0 feasibleK=30.4 countMAE=4.05 lr=proposal:0.0e+00/parameter:0.0e+00/selector:2.0e-04/decoder:5.0e-05
  validation [=.......................] 1/16 
  validation [===============.........] 10/16 
  validation [========================] 16/16 
Epoch 084 phase=joint_finetune lr=proposal:0.0e+00/parameter:0.0e+00/selector:2.0e-04/decoder:5.0e-05 val dense=98.8% deployment=25.7% worst-source=5.2% qualification=0.0% MSE=1.370e-03 K=30.94 mass=30.43 beta=1.82 soft_cost=3.4810 selection_score=-3.4810 complexity=1.00->1.00 safety=0+0.00sigma scale=0.00->0.00 pass_reference_only=0.0%
  Joint train structure: Keep P/R/F1=0.579/0.585/0.581, critical_false_delete=0.410, proposal R@.005/.01/.02=0.792/0.998/1.000, parameter_bias=8.634e-03, count-cal loss=5.637e-02, score/target/bias/MAE=32.86/32.78/+0.09/5.47, fine-risk mean/std/range=0.977/0.081/0.497, fine-loss/rank=7.422e-01/2.030e+00
  Feasibility chain: numerical Teacher pass/MSE=99.0%/8.548e-05, student teacher-mask pass/MSE=96.0%/7.918e-05, student one-shot pass/MSE=9.1%/1.631e-03, teacher-source |K gap|=3.09
  Synthetic K=56: n=46, dense=80.4%, deployment=0.0%
  Synthetic: dense=98.5%, deployment=5.2%, MSE=1.654e-03, K=35.02, targetK=31.74, count_MAE=4.81, bias=+3.28, knot_F1@0.01=0.654, param_RMSE=1.743e-02
  uji_pen_characters_v2: dense=100.0%, deployment=83.0%, MSE=3.829e-04, K=27.50
  natural_earth_10m_coastline: dense=97.0%, deployment=31.0%, MSE=1.297e-03, K=24.46
  usgs_tnm_contours_large_scale: dense=100.0%, deployment=49.0%, MSE=1.200e-03, K=21.40
  industrial_model_offset_curves: dense=100.0%, deployment=65.6%, MSE=8.576e-04, K=25.52
Epoch 085/128 joint_finetune [........................] 1/47 MSE=1.799e-03 pass=3.1% K=37.9 feasibleK=38.9 countMAE=5.00 lr=proposal:0.0e+00/parameter:0.0e+00/selector:2.0e-04/decoder:5.0e-05
Epoch 085/128 joint_finetune [=====...................] 10/47 MSE=8.232e-04 pass=23.4% K=39.1 feasibleK=33.4 countMAE=7.98 lr=proposal:0.0e+00/parameter:0.0e+00/selector:2.0e-04/decoder:5.0e-05
Epoch 085/128 joint_finetune [==========..............] 20/47 MSE=1.809e-03 pass=14.1% K=31.0 feasibleK=32.9 countMAE=5.11 lr=proposal:0.0e+00/parameter:0.0e+00/selector:2.0e-04/decoder:5.0e-05
Epoch 085/128 joint_finetune [===============.........] 30/47 MSE=1.590e-03 pass=12.5% K=33.8 feasibleK=31.9 countMAE=5.48 lr=proposal:0.0e+00/parameter:0.0e+00/selector:2.0e-04/decoder:5.0e-05
Epoch 085/128 joint_finetune [====================....] 40/47 MSE=1.228e-03 pass=12.5% K=36.0 feasibleK=32.0 countMAE=6.16 lr=proposal:0.0e+00/parameter:0.0e+00/selector:2.0e-04/decoder:5.0e-05
Epoch 085/128 joint_finetune [========================] 47/47 MSE=1.028e-03 pass=14.3% K=38.7 feasibleK=34.6 countMAE=6.32 lr=proposal:0.0e+00/parameter:0.0e+00/selector:2.0e-04/decoder:5.0e-05
  validation [=.......................] 1/16 
  validation [===============.........] 10/16 
  validation [========================] 16/16 
Epoch 085 phase=joint_finetune lr=proposal:0.0e+00/parameter:0.0e+00/selector:2.0e-04/decoder:5.0e-05 val dense=98.8% deployment=34.1% worst-source=12.8% qualification=0.0% MSE=8.927e-04 K=35.17 mass=34.66 beta=1.98 soft_cost=2.9222 selection_score=-2.9222 complexity=1.00->1.00 safety=0+0.00sigma scale=0.00->0.00 pass_reference_only=0.0%
  Joint train structure: Keep P/R/F1=0.574/0.613/0.591, critical_false_delete=0.383, proposal R@.005/.01/.02=0.792/0.998/1.000, parameter_bias=8.634e-03, count-cal loss=6.007e-02, score/target/bias/MAE=34.86/32.78/+2.09/6.25, fine-risk mean/std/range=0.977/0.081/0.496, fine-loss/rank=6.994e-01/2.049e+00
  Feasibility chain: numerical Teacher pass/MSE=99.0%/8.548e-05, student teacher-mask pass/MSE=94.7%/8.390e-05, student one-shot pass/MSE=13.6%/1.411e-03, teacher-source |K gap|=3.09
  Synthetic K=56: n=46, dense=80.4%, deployment=0.0%
  Synthetic: dense=98.5%, deployment=12.8%, MSE=1.179e-03, K=37.66, targetK=31.74, count_MAE=6.73, bias=+5.93, knot_F1@0.01=0.680, param_RMSE=1.727e-02
  uji_pen_characters_v2: dense=100.0%, deployment=91.0%, MSE=1.742e-04, K=35.47
  natural_earth_10m_coastline: dense=97.0%, deployment=49.0%, MSE=6.101e-04, K=30.61
  usgs_tnm_contours_large_scale: dense=100.0%, deployment=58.0%, MSE=5.109e-04, K=27.11
  industrial_model_offset_curves: dense=100.0%, deployment=68.8%, MSE=5.332e-04, K=32.31
Epoch 086/128 joint_finetune [........................] 1/47 MSE=1.224e-03 pass=10.9% K=34.1 feasibleK=31.5 countMAE=5.41 lr=proposal:0.0e+00/parameter:0.0e+00/selector:2.0e-04/decoder:5.0e-05
Epoch 086/128 joint_finetune [=====...................] 10/47 MSE=2.078e-03 pass=17.2% K=30.4 feasibleK=32.8 countMAE=6.80 lr=proposal:0.0e+00/parameter:0.0e+00/selector:2.0e-04/decoder:5.0e-05
Epoch 086/128 joint_finetune [==========..............] 20/47 MSE=2.109e-03 pass=10.9% K=29.9 feasibleK=32.5 countMAE=5.81 lr=proposal:0.0e+00/parameter:0.0e+00/selector:2.0e-04/decoder:5.0e-05
Epoch 086/128 joint_finetune [===============.........] 30/47 MSE=1.407e-03 pass=6.2% K=36.8 feasibleK=32.7 countMAE=6.39 lr=proposal:0.0e+00/parameter:0.0e+00/selector:2.0e-04/decoder:5.0e-05
Epoch 086/128 joint_finetune [====================....] 40/47 MSE=1.339e-03 pass=7.8% K=36.0 feasibleK=32.4 countMAE=8.28 lr=proposal:0.0e+00/parameter:0.0e+00/selector:2.0e-04/decoder:5.0e-05
Epoch 086/128 joint_finetune [========================] 47/47 MSE=1.455e-03 pass=16.1% K=34.5 feasibleK=32.5 countMAE=5.07 lr=proposal:0.0e+00/parameter:0.0e+00/selector:2.0e-04/decoder:5.0e-05
  validation [=.......................] 1/16 
  validation [===============.........] 10/16 
  validation [========================] 16/16 
Epoch 086 phase=joint_finetune lr=proposal:0.0e+00/parameter:0.0e+00/selector:2.0e-04/decoder:5.0e-05 val dense=98.8% deployment=30.4% worst-source=10.3% qualification=0.0% MSE=1.190e-03 K=33.58 mass=33.09 beta=2.21 soft_cost=3.2910 selection_score=-3.2910 complexity=1.00->1.00 safety=0+0.00sigma scale=0.00->0.00 pass_reference_only=0.0%
  Joint train structure: Keep P/R/F1=0.575/0.601/0.587, critical_false_delete=0.394, proposal R@.005/.01/.02=0.792/0.998/1.000, parameter_bias=8.673e-03, count-cal loss=6.282e-02, score/target/bias/MAE=34.09/32.78/+1.32/6.26, fine-risk mean/std/range=0.977/0.081/0.496, fine-loss/rank=7.226e-01/2.048e+00
  Feasibility chain: numerical Teacher pass/MSE=99.0%/8.548e-05, student teacher-mask pass/MSE=95.2%/8.120e-05, student one-shot pass/MSE=10.5%/1.615e-03, teacher-source |K gap|=3.09
  Synthetic K=56: n=46, dense=80.4%, deployment=0.0%
  Synthetic: dense=98.5%, deployment=10.3%, MSE=1.617e-03, K=35.95, targetK=31.74, count_MAE=5.81, bias=+4.21, knot_F1@0.01=0.651, param_RMSE=1.740e-02
  uji_pen_characters_v2: dense=100.0%, deployment=87.0%, MSE=2.143e-04, K=34.96
  natural_earth_10m_coastline: dense=97.0%, deployment=40.0%, MSE=7.686e-04, K=28.82
  usgs_tnm_contours_large_scale: dense=100.0%, deployment=50.0%, MSE=7.647e-04, K=24.19
  industrial_model_offset_curves: dense=100.0%, deployment=67.7%, MSE=3.922e-04, K=32.04
Epoch 087/128 joint_finetune [........................] 1/47 MSE=1.465e-03 pass=15.6% K=36.2 feasibleK=33.9 countMAE=4.86 lr=proposal:0.0e+00/parameter:0.0e+00/selector:2.0e-04/decoder:5.0e-05
Epoch 087/128 joint_finetune [=====...................] 10/47 MSE=2.069e-03 pass=6.2% K=31.1 feasibleK=32.9 countMAE=5.83 lr=proposal:0.0e+00/parameter:0.0e+00/selector:2.0e-04/decoder:5.0e-05
Epoch 087/128 joint_finetune [==========..............] 20/47 MSE=1.093e-03 pass=23.4% K=38.6 feasibleK=31.8 countMAE=8.12 lr=proposal:0.0e+00/parameter:0.0e+00/selector:2.0e-04/decoder:5.0e-05
Epoch 087/128 joint_finetune [===============.........] 30/47 MSE=2.311e-03 pass=7.8% K=30.4 feasibleK=35.4 countMAE=7.41 lr=proposal:0.0e+00/parameter:0.0e+00/selector:2.0e-04/decoder:5.0e-05
Epoch 087/128 joint_finetune [====================....] 40/47 MSE=1.177e-03 pass=15.6% K=34.8 feasibleK=31.0 countMAE=5.77 lr=proposal:0.0e+00/parameter:0.0e+00/selector:2.0e-04/decoder:5.0e-05
Epoch 087/128 joint_finetune [========================] 47/47 MSE=1.172e-03 pass=7.1% K=38.7 feasibleK=32.0 countMAE=8.38 lr=proposal:0.0e+00/parameter:0.0e+00/selector:2.0e-04/decoder:5.0e-05
  validation [=.......................] 1/16 
  validation [===============.........] 10/16 
  validation [========================] 16/16 
Epoch 087 phase=joint_finetune lr=proposal:0.0e+00/parameter:0.0e+00/selector:2.0e-04/decoder:5.0e-05 val dense=98.8% deployment=33.7% worst-source=13.3% qualification=0.0% MSE=9.385e-04 K=37.24 mass=36.72 beta=2.25 soft_cost=3.0307 selection_score=-3.0307 complexity=1.00->1.00 safety=0+0.00sigma scale=0.00->0.00 pass_reference_only=0.0%
  Joint train structure: Keep P/R/F1=0.580/0.598/0.588, critical_false_delete=0.397, proposal R@.005/.01/.02=0.792/0.998/1.000, parameter_bias=8.641e-03, count-cal loss=6.104e-02, score/target/bias/MAE=33.56/32.78/+0.79/6.38, fine-risk mean/std/range=0.977/0.081/0.495, fine-loss/rank=7.369e-01/2.051e+00
  Feasibility chain: numerical Teacher pass/MSE=99.0%/8.548e-05, student teacher-mask pass/MSE=96.9%/7.833e-05, student one-shot pass/MSE=11.8%/1.625e-03, teacher-source |K gap|=3.09
  Synthetic K=56: n=46, dense=80.4%, deployment=0.0%
  Synthetic: dense=98.5%, deployment=13.3%, MSE=1.261e-03, K=39.59, targetK=31.74, count_MAE=8.45, bias=+7.85, knot_F1@0.01=0.653, param_RMSE=1.740e-02
  uji_pen_characters_v2: dense=100.0%, deployment=88.0%, MSE=2.585e-04, K=37.09
  natural_earth_10m_coastline: dense=97.0%, deployment=45.0%, MSE=5.501e-04, K=32.96
  usgs_tnm_contours_large_scale: dense=100.0%, deployment=56.0%, MSE=6.495e-04, K=28.78
  industrial_model_offset_curves: dense=100.0%, deployment=71.0%, MSE=3.176e-04, K=35.92
Epoch 088/128 joint_finetune [........................] 1/47 MSE=1.323e-03 pass=9.4% K=40.3 feasibleK=35.5 countMAE=5.88 lr=proposal:0.0e+00/parameter:0.0e+00/selector:2.0e-04/decoder:5.0e-05
Epoch 088/128 joint_finetune [=====...................] 10/47 MSE=2.351e-03 pass=4.7% K=27.8 feasibleK=32.3 countMAE=5.73 lr=proposal:0.0e+00/parameter:0.0e+00/selector:2.0e-04/decoder:5.0e-05
Epoch 088/128 joint_finetune [==========..............] 20/47 MSE=1.180e-03 pass=26.6% K=35.3 feasibleK=30.7 countMAE=7.12 lr=proposal:0.0e+00/parameter:0.0e+00/selector:2.0e-04/decoder:5.0e-05
Epoch 088/128 joint_finetune [===============.........] 30/47 MSE=1.696e-03 pass=12.5% K=35.2 feasibleK=34.4 countMAE=5.36 lr=proposal:0.0e+00/parameter:0.0e+00/selector:2.0e-04/decoder:5.0e-05
Epoch 088/128 joint_finetune [====================....] 40/47 MSE=1.934e-03 pass=0.0% K=31.1 feasibleK=32.2 countMAE=4.77 lr=proposal:0.0e+00/parameter:0.0e+00/selector:2.0e-04/decoder:5.0e-05
Epoch 088/128 joint_finetune [========================] 47/47 MSE=1.486e-03 pass=7.1% K=35.8 feasibleK=33.4 countMAE=5.25 lr=proposal:0.0e+00/parameter:0.0e+00/selector:2.0e-04/decoder:5.0e-05
  validation [=.......................] 1/16 
  validation [===============.........] 10/16 
  validation [========================] 16/16 
Epoch 088 phase=joint_finetune lr=proposal:0.0e+00/parameter:0.0e+00/selector:2.0e-04/decoder:5.0e-05 val dense=98.8% deployment=30.5% worst-source=9.2% qualification=0.0% MSE=1.194e-03 K=33.58 mass=33.07 beta=2.21 soft_cost=3.2344 selection_score=-3.2344 complexity=1.00->1.00 safety=0+0.00sigma scale=0.00->0.00 pass_reference_only=0.0%
  Joint train structure: Keep P/R/F1=0.581/0.597/0.588, critical_false_delete=0.398, proposal R@.005/.01/.02=0.792/0.998/1.000, parameter_bias=8.679e-03, count-cal loss=6.640e-02, score/target/bias/MAE=33.51/32.78/+0.73/5.84, fine-risk mean/std/range=0.976/0.081/0.496, fine-loss/rank=7.418e-01/2.049e+00
  Feasibility chain: numerical Teacher pass/MSE=99.0%/8.548e-05, student teacher-mask pass/MSE=94.4%/8.096e-05, student one-shot pass/MSE=11.4%/1.626e-03, teacher-source |K gap|=3.09
  Synthetic K=56: n=46, dense=80.4%, deployment=0.0%
  Synthetic: dense=98.5%, deployment=9.2%, MSE=1.535e-03, K=36.50, targetK=31.74, count_MAE=6.09, bias=+4.77, knot_F1@0.01=0.652, param_RMSE=1.784e-02
  uji_pen_characters_v2: dense=100.0%, deployment=85.0%, MSE=1.094e-04, K=35.01
  natural_earth_10m_coastline: dense=97.0%, deployment=46.0%, MSE=1.112e-03, K=29.04
  usgs_tnm_contours_large_scale: dense=100.0%, deployment=56.0%, MSE=1.232e-03, K=23.34
  industrial_model_offset_curves: dense=100.0%, deployment=65.6%, MSE=2.056e-04, K=29.10
Epoch 089/128 joint_finetune [........................] 1/47 MSE=1.594e-03 pass=10.9% K=33.8 feasibleK=31.1 countMAE=5.80 lr=proposal:0.0e+00/parameter:0.0e+00/selector:2.0e-04/decoder:5.0e-05
Epoch 089/128 joint_finetune [=====...................] 10/47 MSE=1.810e-03 pass=17.2% K=34.1 feasibleK=34.8 countMAE=7.22 lr=proposal:0.0e+00/parameter:0.0e+00/selector:2.0e-04/decoder:5.0e-05
Epoch 089/128 joint_finetune [==========..............] 20/47 MSE=1.415e-03 pass=18.8% K=35.9 feasibleK=33.5 countMAE=5.97 lr=proposal:0.0e+00/parameter:0.0e+00/selector:2.0e-04/decoder:5.0e-05
Epoch 089/128 joint_finetune [===============.........] 30/47 MSE=1.559e-03 pass=12.5% K=33.7 feasibleK=31.3 countMAE=5.73 lr=proposal:0.0e+00/parameter:0.0e+00/selector:2.0e-04/decoder:5.0e-05
Epoch 089/128 joint_finetune [====================....] 40/47 MSE=1.793e-03 pass=9.4% K=32.7 feasibleK=32.1 countMAE=4.52 lr=proposal:0.0e+00/parameter:0.0e+00/selector:2.0e-04/decoder:5.0e-05
Epoch 089/128 joint_finetune [========================] 47/47 MSE=1.411e-03 pass=21.4% K=37.7 feasibleK=35.6 countMAE=7.30 lr=proposal:0.0e+00/parameter:0.0e+00/selector:2.0e-04/decoder:5.0e-05
  validation [=.......................] 1/16 
  validation [===============.........] 10/16 
  validation [========================] 16/16 
Epoch 089 phase=joint_finetune lr=proposal:0.0e+00/parameter:0.0e+00/selector:2.0e-04/decoder:5.0e-05 val dense=98.8% deployment=45.0% worst-source=23.5% qualification=0.0% MSE=8.579e-04 K=38.51 mass=38.01 beta=2.42 soft_cost=2.6380 selection_score=-2.6380 complexity=1.00->1.00 safety=0+0.00sigma scale=0.00->0.00 pass_reference_only=0.0%
  Joint train structure: Keep P/R/F1=0.569/0.586/0.577, critical_false_delete=0.410, proposal R@.005/.01/.02=0.792/0.998/1.000, parameter_bias=8.673e-03, count-cal loss=7.150e-02, score/target/bias/MAE=33.52/32.78/+0.74/6.39, fine-risk mean/std/range=0.976/0.081/0.496, fine-loss/rank=7.491e-01/2.066e+00
  Feasibility chain: numerical Teacher pass/MSE=99.0%/8.548e-05, student teacher-mask pass/MSE=93.4%/8.988e-05, student one-shot pass/MSE=14.6%/1.617e-03, teacher-source |K gap|=3.09
  Synthetic K=56: n=46, dense=80.4%, deployment=0.0%
  Synthetic: dense=98.5%, deployment=23.5%, MSE=1.198e-03, K=38.90, targetK=31.74, count_MAE=9.06, bias=+7.17, knot_F1@0.01=0.640, param_RMSE=1.808e-02
  uji_pen_characters_v2: dense=100.0%, deployment=88.0%, MSE=9.147e-05, K=41.94
  natural_earth_10m_coastline: dense=97.0%, deployment=69.0%, MSE=4.699e-04, K=38.64
  usgs_tnm_contours_large_scale: dense=100.0%, deployment=65.0%, MSE=7.353e-04, K=32.93
  industrial_model_offset_curves: dense=100.0%, deployment=90.3%, MSE=3.387e-05, K=38.12
Epoch 090/128 joint_finetune [........................] 1/47 MSE=1.268e-03 pass=20.3% K=34.4 feasibleK=31.3 countMAE=8.02 lr=proposal:0.0e+00/parameter:0.0e+00/selector:2.0e-04/decoder:5.0e-05
Epoch 090/128 joint_finetune [=====...................] 10/47 MSE=1.698e-03 pass=18.8% K=29.7 feasibleK=30.8 countMAE=6.66 lr=proposal:0.0e+00/parameter:0.0e+00/selector:2.0e-04/decoder:5.0e-05
Epoch 090/128 joint_finetune [==========..............] 20/47 MSE=1.395e-03 pass=26.6% K=34.2 feasibleK=32.3 countMAE=8.31 lr=proposal:0.0e+00/parameter:0.0e+00/selector:2.0e-04/decoder:5.0e-05
Epoch 090/128 joint_finetune [===============.........] 30/47 MSE=1.590e-03 pass=7.8% K=32.9 feasibleK=31.7 countMAE=6.47 lr=proposal:0.0e+00/parameter:0.0e+00/selector:2.0e-04/decoder:5.0e-05
Epoch 090/128 joint_finetune [====================....] 40/47 MSE=1.086e-03 pass=9.4% K=41.8 feasibleK=36.2 countMAE=8.33 lr=proposal:0.0e+00/parameter:0.0e+00/selector:2.0e-04/decoder:5.0e-05
Epoch 090/128 joint_finetune [========================] 47/47 MSE=1.191e-03 pass=14.3% K=38.6 feasibleK=34.8 countMAE=6.88 lr=proposal:0.0e+00/parameter:0.0e+00/selector:2.0e-04/decoder:5.0e-05
  validation [=.......................] 1/16 
  validation [===============.........] 10/16 
  validation [========================] 16/16 
Epoch 090 phase=joint_finetune lr=proposal:0.0e+00/parameter:0.0e+00/selector:2.0e-04/decoder:5.0e-05 val dense=98.8% deployment=37.5% worst-source=16.5% qualification=0.0% MSE=8.428e-04 K=35.78 mass=35.27 beta=2.48 soft_cost=2.7511 selection_score=-2.7511 complexity=1.00->1.00 safety=0+0.00sigma scale=0.00->0.00 pass_reference_only=0.0%
  Joint train structure: Keep P/R/F1=0.567/0.601/0.583, critical_false_delete=0.394, proposal R@.005/.01/.02=0.792/0.998/1.000, parameter_bias=8.712e-03, count-cal loss=7.686e-02, score/target/bias/MAE=34.48/32.78/+1.70/7.34, fine-risk mean/std/range=0.976/0.081/0.496, fine-loss/rank=7.374e-01/2.087e+00
  Feasibility chain: numerical Teacher pass/MSE=99.0%/8.548e-05, student teacher-mask pass/MSE=94.9%/8.449e-05, student one-shot pass/MSE=17.2%/1.405e-03, teacher-source |K gap|=3.09
  Synthetic K=56: n=46, dense=80.4%, deployment=0.0%
  Synthetic: dense=98.5%, deployment=16.5%, MSE=1.075e-03, K=39.38, targetK=31.74, count_MAE=8.45, bias=+7.64, knot_F1@0.01=0.676, param_RMSE=1.729e-02
  uji_pen_characters_v2: dense=100.0%, deployment=87.0%, MSE=1.592e-04, K=35.58
  natural_earth_10m_coastline: dense=97.0%, deployment=59.0%, MSE=7.868e-04, K=30.97
  usgs_tnm_contours_large_scale: dense=100.0%, deployment=55.0%, MSE=9.231e-04, K=26.39
  industrial_model_offset_curves: dense=100.0%, deployment=77.4%, MSE=5.743e-05, K=27.99
Epoch 091/128 joint_finetune [........................] 1/47 MSE=1.362e-03 pass=17.2% K=37.4 feasibleK=34.0 countMAE=8.44 lr=proposal:0.0e+00/parameter:0.0e+00/selector:2.0e-04/decoder:5.0e-05
Epoch 091/128 joint_finetune [=====...................] 10/47 MSE=1.811e-03 pass=7.8% K=34.9 feasibleK=36.3 countMAE=5.31 lr=proposal:0.0e+00/parameter:0.0e+00/selector:2.0e-04/decoder:5.0e-05
Epoch 091/128 joint_finetune [==========..............] 20/47 MSE=9.193e-04 pass=17.2% K=40.1 feasibleK=32.5 countMAE=8.17 lr=proposal:0.0e+00/parameter:0.0e+00/selector:2.0e-04/decoder:5.0e-05
Epoch 091/128 joint_finetune [===============.........] 30/47 MSE=1.811e-03 pass=4.7% K=33.5 feasibleK=34.1 countMAE=5.48 lr=proposal:0.0e+00/parameter:0.0e+00/selector:2.0e-04/decoder:5.0e-05
Epoch 091/128 joint_finetune [====================....] 40/47 MSE=1.603e-03 pass=10.9% K=33.9 feasibleK=34.2 countMAE=5.47 lr=proposal:0.0e+00/parameter:0.0e+00/selector:2.0e-04/decoder:5.0e-05
Epoch 091/128 joint_finetune [========================] 47/47 MSE=2.107e-03 pass=3.6% K=32.2 feasibleK=35.7 countMAE=5.82 lr=proposal:0.0e+00/parameter:0.0e+00/selector:2.0e-04/decoder:5.0e-05
  validation [=.......................] 1/16 
  validation [===============.........] 10/16 
  validation [========================] 16/16 
Epoch 091 phase=joint_finetune lr=proposal:0.0e+00/parameter:0.0e+00/selector:2.0e-04/decoder:5.0e-05 val dense=98.8% deployment=32.0% worst-source=11.0% qualification=0.0% MSE=1.648e-03 K=28.14 mass=27.62 beta=2.68 soft_cost=3.3858 selection_score=-3.3858 complexity=1.00->1.00 safety=0+0.00sigma scale=0.00->0.00 pass_reference_only=0.0%
  Joint train structure: Keep P/R/F1=0.576/0.608/0.590, critical_false_delete=0.388, proposal R@.005/.01/.02=0.792/0.998/1.000, parameter_bias=8.745e-03, count-cal loss=7.333e-02, score/target/bias/MAE=34.40/32.78/+1.62/6.64, fine-risk mean/std/range=0.977/0.081/0.496, fine-loss/rank=7.440e-01/2.087e+00
  Feasibility chain: numerical Teacher pass/MSE=99.0%/8.548e-05, student teacher-mask pass/MSE=95.5%/8.531e-05, student one-shot pass/MSE=14.2%/1.432e-03, teacher-source |K gap|=3.09
  Synthetic K=56: n=46, dense=80.4%, deployment=0.0%
  Synthetic: dense=98.5%, deployment=11.0%, MSE=2.213e-03, K=30.83, targetK=31.74, count_MAE=6.05, bias=-0.91, knot_F1@0.01=0.645, param_RMSE=1.713e-02
  uji_pen_characters_v2: dense=100.0%, deployment=75.0%, MSE=2.621e-04, K=28.98
  natural_earth_10m_coastline: dense=97.0%, deployment=51.0%, MSE=1.233e-03, K=25.08
  usgs_tnm_contours_large_scale: dense=100.0%, deployment=55.0%, MSE=1.497e-03, K=20.20
  industrial_model_offset_curves: dense=100.0%, deployment=76.3%, MSE=1.028e-04, K=21.69
Epoch 092/128 joint_finetune [........................] 1/47 MSE=2.240e-03 pass=7.8% K=28.8 feasibleK=33.1 countMAE=6.20 lr=proposal:0.0e+00/parameter:0.0e+00/selector:2.0e-04/decoder:5.0e-05
Epoch 092/128 joint_finetune [=====...................] 10/47 MSE=9.697e-04 pass=20.3% K=40.0 feasibleK=32.5 countMAE=8.67 lr=proposal:0.0e+00/parameter:0.0e+00/selector:2.0e-04/decoder:5.0e-05
Epoch 092/128 joint_finetune [==========..............] 20/47 MSE=1.302e-03 pass=14.1% K=37.3 feasibleK=34.6 countMAE=5.73 lr=proposal:0.0e+00/parameter:0.0e+00/selector:2.0e-04/decoder:5.0e-05
Epoch 092/128 joint_finetune [===============.........] 30/47 MSE=2.676e-03 pass=10.9% K=26.9 feasibleK=33.5 countMAE=8.70 lr=proposal:0.0e+00/parameter:0.0e+00/selector:2.0e-04/decoder:5.0e-05
Epoch 092/128 joint_finetune [====================....] 40/47 MSE=1.285e-03 pass=14.1% K=41.9 feasibleK=37.3 countMAE=7.39 lr=proposal:0.0e+00/parameter:0.0e+00/selector:2.0e-04/decoder:5.0e-05
Epoch 092/128 joint_finetune [========================] 47/47 MSE=1.335e-03 pass=14.3% K=36.4 feasibleK=32.0 countMAE=7.09 lr=proposal:0.0e+00/parameter:0.0e+00/selector:2.0e-04/decoder:5.0e-05
  validation [=.......................] 1/16 
  validation [===============.........] 10/16 
  validation [========================] 16/16 
Epoch 092 phase=joint_finetune lr=proposal:0.0e+00/parameter:0.0e+00/selector:2.0e-04/decoder:5.0e-05 val dense=98.8% deployment=32.2% worst-source=12.0% qualification=0.0% MSE=1.105e-03 K=33.22 mass=32.68 beta=2.34 soft_cost=3.1038 selection_score=-3.1038 complexity=1.00->1.00 safety=0+0.00sigma scale=0.00->0.00 pass_reference_only=0.0%
  Joint train structure: Keep P/R/F1=0.572/0.604/0.585, critical_false_delete=0.391, proposal R@.005/.01/.02=0.792/0.998/1.000, parameter_bias=8.706e-03, count-cal loss=7.290e-02, score/target/bias/MAE=34.44/32.78/+1.67/7.07, fine-risk mean/std/range=0.977/0.081/0.497, fine-loss/rank=7.234e-01/2.057e+00
  Feasibility chain: numerical Teacher pass/MSE=99.0%/8.548e-05, student teacher-mask pass/MSE=96.9%/7.814e-05, student one-shot pass/MSE=15.6%/1.541e-03, teacher-source |K gap|=3.09
  Synthetic K=56: n=46, dense=80.4%, deployment=0.0%
  Synthetic: dense=98.5%, deployment=12.0%, MSE=1.356e-03, K=38.02, targetK=31.74, count_MAE=7.34, bias=+6.29, knot_F1@0.01=0.654, param_RMSE=1.712e-02
  uji_pen_characters_v2: dense=100.0%, deployment=75.0%, MSE=2.564e-04, K=28.64
  natural_earth_10m_coastline: dense=97.0%, deployment=51.0%, MSE=9.770e-04, K=26.07
  usgs_tnm_contours_large_scale: dense=100.0%, deployment=53.0%, MSE=1.492e-03, K=22.64
  industrial_model_offset_curves: dense=100.0%, deployment=74.2%, MSE=1.185e-04, K=26.16
Epoch 093/128 joint_finetune [........................] 1/47 MSE=1.238e-03 pass=14.1% K=35.2 feasibleK=30.9 countMAE=6.95 lr=proposal:0.0e+00/parameter:0.0e+00/selector:2.0e-04/decoder:5.0e-05
Epoch 093/128 joint_finetune [=====...................] 10/47 MSE=1.502e-03 pass=21.9% K=32.2 feasibleK=31.1 countMAE=5.69 lr=proposal:0.0e+00/parameter:0.0e+00/selector:2.0e-04/decoder:5.0e-05
Epoch 093/128 joint_finetune [==========..............] 20/47 MSE=1.864e-03 pass=10.9% K=29.5 feasibleK=31.3 countMAE=6.00 lr=proposal:0.0e+00/parameter:0.0e+00/selector:2.0e-04/decoder:5.0e-05
Epoch 093/128 joint_finetune [===============.........] 30/47 MSE=1.429e-03 pass=9.4% K=37.9 feasibleK=37.4 countMAE=7.67 lr=proposal:0.0e+00/parameter:0.0e+00/selector:2.0e-04/decoder:5.0e-05
Epoch 093/128 joint_finetune [====================....] 40/47 MSE=1.815e-03 pass=9.4% K=32.7 feasibleK=33.2 countMAE=6.27 lr=proposal:0.0e+00/parameter:0.0e+00/selector:2.0e-04/decoder:5.0e-05
Epoch 093/128 joint_finetune [========================] 47/47 MSE=1.583e-03 pass=7.1% K=34.9 feasibleK=34.4 countMAE=5.57 lr=proposal:0.0e+00/parameter:0.0e+00/selector:2.0e-04/decoder:5.0e-05
  validation [=.......................] 1/16 
  validation [===============.........] 10/16 
  validation [========================] 16/16 
Epoch 093 phase=joint_finetune lr=proposal:0.0e+00/parameter:0.0e+00/selector:2.0e-04/decoder:5.0e-05 val dense=98.8% deployment=33.4% worst-source=13.7% qualification=0.0% MSE=1.352e-03 K=30.62 mass=30.09 beta=2.85 soft_cost=3.1630 selection_score=-3.1630 complexity=1.00->1.00 safety=0+0.00sigma scale=0.00->0.00 pass_reference_only=0.0%
  Joint train structure: Keep P/R/F1=0.572/0.599/0.585, critical_false_delete=0.396, proposal R@.005/.01/.02=0.792/0.998/1.000, parameter_bias=8.699e-03, count-cal loss=7.961e-02, score/target/bias/MAE=34.12/32.78/+1.34/6.60, fine-risk mean/std/range=0.977/0.081/0.496, fine-loss/rank=7.414e-01/2.071e+00
  Feasibility chain: numerical Teacher pass/MSE=99.0%/8.548e-05, student teacher-mask pass/MSE=96.7%/7.979e-05, student one-shot pass/MSE=15.4%/1.526e-03, teacher-source |K gap|=3.09
  Synthetic K=56: n=46, dense=80.4%, deployment=0.0%
  Synthetic: dense=98.5%, deployment=13.7%, MSE=1.703e-03, K=34.38, targetK=31.74, count_MAE=6.20, bias=+2.64, knot_F1@0.01=0.648, param_RMSE=1.700e-02
  uji_pen_characters_v2: dense=100.0%, deployment=72.0%, MSE=2.706e-04, K=28.67
  natural_earth_10m_coastline: dense=97.0%, deployment=51.0%, MSE=1.215e-03, K=25.59
  usgs_tnm_contours_large_scale: dense=100.0%, deployment=53.0%, MSE=1.659e-03, K=21.94
  industrial_model_offset_curves: dense=100.0%, deployment=79.6%, MSE=7.211e-05, K=23.22
Epoch 094/128 joint_finetune [........................] 1/47 MSE=1.641e-03 pass=14.1% K=35.4 feasibleK=35.9 countMAE=6.69 lr=proposal:0.0e+00/parameter:0.0e+00/selector:2.0e-04/decoder:5.0e-05
Epoch 094/128 joint_finetune [=====...................] 10/47 MSE=1.727e-03 pass=14.1% K=30.2 feasibleK=31.4 countMAE=6.53 lr=proposal:0.0e+00/parameter:0.0e+00/selector:2.0e-04/decoder:5.0e-05
Epoch 094/128 joint_finetune [==========..............] 20/47 MSE=1.143e-03 pass=18.8% K=41.8 feasibleK=37.4 countMAE=7.88 lr=proposal:0.0e+00/parameter:0.0e+00/selector:2.0e-04/decoder:5.0e-05
Epoch 094/128 joint_finetune [===============.........] 30/47 MSE=1.356e-03 pass=17.2% K=32.2 feasibleK=31.7 countMAE=6.55 lr=proposal:0.0e+00/parameter:0.0e+00/selector:2.0e-04/decoder:5.0e-05
Epoch 094/128 joint_finetune [====================....] 40/47 MSE=9.455e-04 pass=17.2% K=38.9 feasibleK=34.7 countMAE=5.84 lr=proposal:0.0e+00/parameter:0.0e+00/selector:2.0e-04/decoder:5.0e-05
Epoch 094/128 joint_finetune [========================] 47/47 MSE=1.259e-03 pass=19.6% K=34.5 feasibleK=31.6 countMAE=5.39 lr=proposal:0.0e+00/parameter:0.0e+00/selector:2.0e-04/decoder:5.0e-05
  validation [=.......................] 1/16 
  validation [===============.........] 10/16 
  validation [========================] 16/16 
Epoch 094 phase=joint_finetune lr=proposal:0.0e+00/parameter:0.0e+00/selector:2.0e-04/decoder:5.0e-05 val dense=98.8% deployment=38.1% worst-source=18.5% qualification=0.0% MSE=1.100e-03 K=33.93 mass=33.41 beta=2.88 soft_cost=2.9037 selection_score=-2.9037 complexity=1.00->1.00 safety=0+0.00sigma scale=0.00->0.00 pass_reference_only=0.0%
  Joint train structure: Keep P/R/F1=0.571/0.597/0.583, critical_false_delete=0.398, proposal R@.005/.01/.02=0.792/0.998/1.000, parameter_bias=8.703e-03, count-cal loss=8.405e-02, score/target/bias/MAE=34.04/32.78/+1.26/6.72, fine-risk mean/std/range=0.976/0.081/0.496, fine-loss/rank=7.564e-01/2.074e+00
  Feasibility chain: numerical Teacher pass/MSE=99.0%/8.548e-05, student teacher-mask pass/MSE=96.9%/7.625e-05, student one-shot pass/MSE=16.3%/1.462e-03, teacher-source |K gap|=3.09
  Synthetic K=56: n=46, dense=80.4%, deployment=0.0%
  Synthetic: dense=98.5%, deployment=18.5%, MSE=1.365e-03, K=36.76, targetK=31.74, count_MAE=7.38, bias=+5.02, knot_F1@0.01=0.660, param_RMSE=1.674e-02
  uji_pen_characters_v2: dense=100.0%, deployment=75.0%, MSE=4.171e-04, K=33.91
  natural_earth_10m_coastline: dense=97.0%, deployment=58.0%, MSE=1.006e-03, K=28.57
  usgs_tnm_contours_large_scale: dense=100.0%, deployment=53.0%, MSE=1.277e-03, K=24.02
  industrial_model_offset_curves: dense=100.0%, deployment=87.1%, MSE=3.549e-05, K=32.16
Epoch 095/128 joint_finetune [........................] 1/47 MSE=1.192e-03 pass=21.9% K=34.0 feasibleK=30.4 countMAE=7.33 lr=proposal:0.0e+00/parameter:0.0e+00/selector:2.0e-04/decoder:5.0e-05
Epoch 095/128 joint_finetune [=====...................] 10/47 MSE=1.454e-03 pass=17.2% K=29.6 feasibleK=29.1 countMAE=6.59 lr=proposal:0.0e+00/parameter:0.0e+00/selector:2.0e-04/decoder:5.0e-05
Epoch 095/128 joint_finetune [==========..............] 20/47 MSE=1.002e-03 pass=21.9% K=38.5 feasibleK=32.3 countMAE=8.31 lr=proposal:0.0e+00/parameter:0.0e+00/selector:2.0e-04/decoder:5.0e-05
Epoch 095/128 joint_finetune [===============.........] 30/47 MSE=8.024e-04 pass=15.6% K=38.1 feasibleK=33.2 countMAE=7.72 lr=proposal:0.0e+00/parameter:0.0e+00/selector:2.0e-04/decoder:5.0e-05
Epoch 095/128 joint_finetune [====================....] 40/47 MSE=1.560e-03 pass=10.9% K=34.5 feasibleK=34.3 countMAE=6.73 lr=proposal:0.0e+00/parameter:0.0e+00/selector:2.0e-04/decoder:5.0e-05
Epoch 095/128 joint_finetune [========================] 47/47 MSE=1.390e-03 pass=14.3% K=33.5 feasibleK=32.3 countMAE=5.52 lr=proposal:0.0e+00/parameter:0.0e+00/selector:2.0e-04/decoder:5.0e-05
  validation [=.......................] 1/16 
  validation [===============.........] 10/16 
  validation [========================] 16/16 
Epoch 095 phase=joint_finetune lr=proposal:0.0e+00/parameter:0.0e+00/selector:2.0e-04/decoder:5.0e-05 val dense=98.8% deployment=35.1% worst-source=14.2% qualification=0.0% MSE=1.151e-03 K=33.00 mass=32.46 beta=2.93 soft_cost=2.9797 selection_score=-2.9797 complexity=1.00->1.00 safety=0+0.00sigma scale=0.00->0.00 pass_reference_only=0.0%
  Joint train structure: Keep P/R/F1=0.568/0.603/0.584, critical_false_delete=0.392, proposal R@.005/.01/.02=0.792/0.998/1.000, parameter_bias=8.802e-03, count-cal loss=8.623e-02, score/target/bias/MAE=34.58/32.78/+1.80/7.22, fine-risk mean/std/range=0.977/0.081/0.496, fine-loss/rank=7.513e-01/2.089e+00
  Feasibility chain: numerical Teacher pass/MSE=99.0%/8.548e-05, student teacher-mask pass/MSE=96.3%/8.022e-05, student one-shot pass/MSE=17.4%/1.402e-03, teacher-source |K gap|=3.09
  Synthetic K=56: n=46, dense=80.4%, deployment=0.0%
  Synthetic: dense=98.5%, deployment=14.2%, MSE=1.397e-03, K=35.81, targetK=31.74, count_MAE=6.47, bias=+4.08, knot_F1@0.01=0.677, param_RMSE=1.717e-02
  uji_pen_characters_v2: dense=100.0%, deployment=80.0%, MSE=1.104e-04, K=35.04
  natural_earth_10m_coastline: dense=97.0%, deployment=59.0%, MSE=1.270e-03, K=28.42
  usgs_tnm_contours_large_scale: dense=100.0%, deployment=53.0%, MSE=1.604e-03, K=23.27
  industrial_model_offset_curves: dense=100.0%, deployment=77.4%, MSE=7.074e-05, K=27.99
Epoch 096/128 joint_finetune [........................] 1/47 MSE=1.836e-03 pass=12.5% K=35.5 feasibleK=35.5 countMAE=7.62 lr=proposal:0.0e+00/parameter:0.0e+00/selector:2.0e-04/decoder:5.0e-05
Epoch 096/128 joint_finetune [=====...................] 10/47 MSE=9.478e-04 pass=23.4% K=35.4 feasibleK=30.3 countMAE=7.67 lr=proposal:0.0e+00/parameter:0.0e+00/selector:2.0e-04/decoder:5.0e-05
Epoch 096/128 joint_finetune [==========..............] 20/47 MSE=1.591e-03 pass=15.6% K=36.0 feasibleK=35.4 countMAE=6.97 lr=proposal:0.0e+00/parameter:0.0e+00/selector:2.0e-04/decoder:5.0e-05
Epoch 096/128 joint_finetune [===============.........] 30/47 MSE=2.235e-03 pass=15.6% K=30.2 feasibleK=33.0 countMAE=9.12 lr=proposal:0.0e+00/parameter:0.0e+00/selector:2.0e-04/decoder:5.0e-05
Epoch 096/128 joint_finetune [====================....] 40/47 MSE=1.337e-03 pass=18.8% K=33.1 feasibleK=31.1 countMAE=6.30 lr=proposal:0.0e+00/parameter:0.0e+00/selector:2.0e-04/decoder:5.0e-05
Epoch 096/128 joint_finetune [========================] 47/47 MSE=1.334e-03 pass=23.2% K=36.2 feasibleK=33.5 countMAE=6.82 lr=proposal:0.0e+00/parameter:0.0e+00/selector:2.0e-04/decoder:5.0e-05
  validation [=.......................] 1/16 
  validation [===============.........] 10/16 
  validation [========================] 16/16 
Epoch 096 phase=joint_finetune lr=proposal:0.0e+00/parameter:0.0e+00/selector:2.0e-04/decoder:5.0e-05 val dense=98.8% deployment=39.1% worst-source=21.3% qualification=0.0% MSE=1.016e-03 K=34.67 mass=34.14 beta=3.03 soft_cost=2.7996 selection_score=-2.7996 complexity=1.00->1.00 safety=0+0.00sigma scale=0.00->0.00 pass_reference_only=0.0%
  Joint train structure: Keep P/R/F1=0.570/0.598/0.583, critical_false_delete=0.397, proposal R@.005/.01/.02=0.792/0.998/1.000, parameter_bias=8.748e-03, count-cal loss=9.268e-02, score/target/bias/MAE=34.15/32.78/+1.38/7.36, fine-risk mean/std/range=0.977/0.081/0.496, fine-loss/rank=7.610e-01/2.075e+00
  Feasibility chain: numerical Teacher pass/MSE=99.0%/8.548e-05, student teacher-mask pass/MSE=96.8%/7.859e-05, student one-shot pass/MSE=17.8%/1.465e-03, teacher-source |K gap|=3.09
  Synthetic K=56: n=46, dense=80.4%, deployment=0.0%
  Synthetic: dense=98.5%, deployment=21.3%, MSE=1.337e-03, K=36.95, targetK=31.74, count_MAE=7.91, bias=+5.21, knot_F1@0.01=0.679, param_RMSE=1.732e-02
  uji_pen_characters_v2: dense=100.0%, deployment=74.0%, MSE=1.443e-04, K=34.26
  natural_earth_10m_coastline: dense=97.0%, deployment=60.0%, MSE=7.352e-04, K=29.72
  usgs_tnm_contours_large_scale: dense=100.0%, deployment=54.0%, MSE=1.150e-03, K=25.44
  industrial_model_offset_curves: dense=100.0%, deployment=77.4%, MSE=4.587e-05, K=35.68
Epoch 097/128 joint_finetune [........................] 1/47 MSE=1.292e-03 pass=25.0% K=33.8 feasibleK=31.2 countMAE=8.03 lr=proposal:0.0e+00/parameter:0.0e+00/selector:2.0e-04/decoder:5.0e-05
Epoch 097/128 joint_finetune [=====...................] 10/47 MSE=1.743e-03 pass=25.0% K=29.1 feasibleK=27.5 countMAE=8.67 lr=proposal:0.0e+00/parameter:0.0e+00/selector:2.0e-04/decoder:5.0e-05
Epoch 097/128 joint_finetune [==========..............] 20/47 MSE=9.803e-04 pass=32.8% K=34.2 feasibleK=28.5 countMAE=8.27 lr=proposal:0.0e+00/parameter:0.0e+00/selector:2.0e-04/decoder:5.0e-05
Epoch 097/128 joint_finetune [===============.........] 30/47 MSE=1.777e-03 pass=18.8% K=34.8 feasibleK=35.2 countMAE=8.52 lr=proposal:0.0e+00/parameter:0.0e+00/selector:2.0e-04/decoder:5.0e-05
Epoch 097/128 joint_finetune [====================....] 40/47 MSE=8.886e-04 pass=28.1% K=40.8 feasibleK=34.8 countMAE=8.72 lr=proposal:0.0e+00/parameter:0.0e+00/selector:2.0e-04/decoder:5.0e-05
Epoch 097/128 joint_finetune [========================] 47/47 MSE=1.161e-03 pass=14.3% K=37.6 feasibleK=34.7 countMAE=6.89 lr=proposal:0.0e+00/parameter:0.0e+00/selector:2.0e-04/decoder:5.0e-05
  validation [=.......................] 1/16 
  validation [===============.........] 10/16 
  validation [========================] 16/16 
Epoch 097 phase=joint_finetune lr=proposal:0.0e+00/parameter:0.0e+00/selector:2.0e-04/decoder:5.0e-05 val dense=98.8% deployment=33.4% worst-source=13.5% qualification=0.0% MSE=1.045e-03 K=33.68 mass=33.13 beta=2.81 soft_cost=2.8925 selection_score=-2.8925 complexity=1.00->1.00 safety=0+0.00sigma scale=0.00->0.00 pass_reference_only=0.0%
  Joint train structure: Keep P/R/F1=0.568/0.606/0.586, critical_false_delete=0.389, proposal R@.005/.01/.02=0.792/0.998/1.000, parameter_bias=8.822e-03, count-cal loss=9.492e-02, score/target/bias/MAE=34.74/32.78/+1.96/7.64, fine-risk mean/std/range=0.977/0.081/0.496, fine-loss/rank=7.787e-01/2.122e+00
  Feasibility chain: numerical Teacher pass/MSE=99.0%/8.548e-05, student teacher-mask pass/MSE=97.2%/7.564e-05, student one-shot pass/MSE=19.1%/1.435e-03, teacher-source |K gap|=3.09
  Synthetic K=56: n=46, dense=80.4%, deployment=0.0%
  Synthetic: dense=98.5%, deployment=13.5%, MSE=1.135e-03, K=38.09, targetK=31.74, count_MAE=7.68, bias=+6.35, knot_F1@0.01=0.705, param_RMSE=1.734e-02
  uji_pen_characters_v2: dense=100.0%, deployment=74.0%, MSE=2.884e-04, K=33.19
  natural_earth_10m_coastline: dense=97.0%, deployment=50.0%, MSE=1.554e-03, K=27.11
  usgs_tnm_contours_large_scale: dense=100.0%, deployment=52.0%, MSE=1.652e-03, K=21.63
  industrial_model_offset_curves: dense=100.0%, deployment=80.6%, MSE=7.748e-05, K=25.83
Epoch 098/128 joint_finetune [........................] 1/47 MSE=1.342e-03 pass=12.5% K=35.1 feasibleK=32.0 countMAE=7.55 lr=proposal:0.0e+00/parameter:0.0e+00/selector:2.0e-04/decoder:5.0e-05
Epoch 098/128 joint_finetune [=====...................] 10/47 MSE=1.410e-03 pass=10.9% K=35.5 feasibleK=33.0 countMAE=6.48 lr=proposal:0.0e+00/parameter:0.0e+00/selector:2.0e-04/decoder:5.0e-05
Epoch 098/128 joint_finetune [==========..............] 20/47 MSE=2.199e-03 pass=9.4% K=31.1 feasibleK=35.2 countMAE=7.70 lr=proposal:0.0e+00/parameter:0.0e+00/selector:2.0e-04/decoder:5.0e-05
Epoch 098/128 joint_finetune [===============.........] 30/47 MSE=1.408e-03 pass=25.0% K=34.5 feasibleK=31.7 countMAE=8.12 lr=proposal:0.0e+00/parameter:0.0e+00/selector:2.0e-04/decoder:5.0e-05
Epoch 098/128 joint_finetune [====================....] 40/47 MSE=1.138e-03 pass=28.1% K=37.7 feasibleK=30.4 countMAE=9.77 lr=proposal:0.0e+00/parameter:0.0e+00/selector:2.0e-04/decoder:5.0e-05
Epoch 098/128 joint_finetune [========================] 47/47 MSE=1.413e-03 pass=21.4% K=35.9 feasibleK=33.4 countMAE=8.32 lr=proposal:0.0e+00/parameter:0.0e+00/selector:2.0e-04/decoder:5.0e-05
  validation [=.......................] 1/16 
  validation [===============.........] 10/16 
  validation [========================] 16/16 
Epoch 098 phase=joint_finetune lr=proposal:0.0e+00/parameter:0.0e+00/selector:2.0e-04/decoder:5.0e-05 val dense=98.8% deployment=32.3% worst-source=12.7% qualification=0.0% MSE=1.398e-03 K=32.57 mass=32.04 beta=3.05 soft_cost=3.2612 selection_score=-3.2612 complexity=1.00->1.00 safety=0+0.00sigma scale=0.00->0.00 pass_reference_only=0.0%
  Joint train structure: Keep P/R/F1=0.569/0.600/0.583, critical_false_delete=0.396, proposal R@.005/.01/.02=0.792/0.998/1.000, parameter_bias=8.737e-03, count-cal loss=1.001e-01, score/target/bias/MAE=34.35/32.78/+1.57/7.64, fine-risk mean/std/range=0.976/0.081/0.495, fine-loss/rank=7.778e-01/2.099e+00
  Feasibility chain: numerical Teacher pass/MSE=99.0%/8.548e-05, student teacher-mask pass/MSE=96.2%/7.965e-05, student one-shot pass/MSE=17.8%/1.522e-03, teacher-source |K gap|=3.09
  Synthetic K=56: n=46, dense=80.4%, deployment=0.0%
  Synthetic: dense=98.5%, deployment=12.7%, MSE=1.687e-03, K=35.63, targetK=31.74, count_MAE=6.98, bias=+3.89, knot_F1@0.01=0.648, param_RMSE=1.748e-02
  uji_pen_characters_v2: dense=100.0%, deployment=72.0%, MSE=4.574e-04, K=32.13
  natural_earth_10m_coastline: dense=97.0%, deployment=43.0%, MSE=1.385e-03, K=25.27
  usgs_tnm_contours_large_scale: dense=100.0%, deployment=53.0%, MSE=1.852e-03, K=22.24
  industrial_model_offset_curves: dense=100.0%, deployment=82.8%, MSE=7.158e-05, K=32.25
Epoch 099/128 joint_finetune [........................] 1/47 MSE=1.537e-03 pass=15.6% K=38.3 feasibleK=36.3 countMAE=6.86 lr=proposal:0.0e+00/parameter:0.0e+00/selector:2.0e-04/decoder:5.0e-05
Epoch 099/128 joint_finetune [=====...................] 10/47 MSE=1.081e-03 pass=21.9% K=43.0 feasibleK=36.3 countMAE=8.89 lr=proposal:0.0e+00/parameter:0.0e+00/selector:2.0e-04/decoder:5.0e-05
Epoch 099/128 joint_finetune [==========..............] 20/47 MSE=1.983e-03 pass=7.8% K=33.2 feasibleK=34.7 countMAE=6.67 lr=proposal:0.0e+00/parameter:0.0e+00/selector:2.0e-04/decoder:5.0e-05
Epoch 099/128 joint_finetune [===============.........] 30/47 MSE=1.208e-03 pass=29.7% K=40.9 feasibleK=35.3 countMAE=9.20 lr=proposal:0.0e+00/parameter:0.0e+00/selector:2.0e-04/decoder:5.0e-05
Epoch 099/128 joint_finetune [====================....] 40/47 MSE=1.005e-03 pass=39.1% K=36.1 feasibleK=29.5 countMAE=9.94 lr=proposal:0.0e+00/parameter:0.0e+00/selector:2.0e-04/decoder:5.0e-05
Epoch 099/128 joint_finetune [========================] 47/47 MSE=1.202e-03 pass=26.8% K=36.9 feasibleK=33.1 countMAE=7.64 lr=proposal:0.0e+00/parameter:0.0e+00/selector:2.0e-04/decoder:5.0e-05
  validation [=.......................] 1/16 
  validation [===============.........] 10/16 
  validation [========================] 16/16 
Epoch 099 phase=joint_finetune lr=proposal:0.0e+00/parameter:0.0e+00/selector:2.0e-04/decoder:5.0e-05 val dense=98.8% deployment=39.1% worst-source=20.7% qualification=0.0% MSE=1.072e-03 K=35.10 mass=34.58 beta=3.26 soft_cost=2.8841 selection_score=-2.8841 complexity=1.00->1.00 safety=0+0.00sigma scale=0.00->0.00 pass_reference_only=0.0%
  Joint train structure: Keep P/R/F1=0.565/0.619/0.590, critical_false_delete=0.377, proposal R@.005/.01/.02=0.792/0.998/1.000, parameter_bias=8.739e-03, count-cal loss=1.059e-01, score/target/bias/MAE=35.71/32.78/+2.94/8.05, fine-risk mean/std/range=0.976/0.081/0.496, fine-loss/rank=7.465e-01/2.108e+00
  Feasibility chain: numerical Teacher pass/MSE=99.0%/8.548e-05, student teacher-mask pass/MSE=97.0%/7.804e-05, student one-shot pass/MSE=20.1%/1.388e-03, teacher-source |K gap|=3.09
  Synthetic K=56: n=46, dense=80.4%, deployment=0.0%
  Synthetic: dense=98.5%, deployment=20.7%, MSE=1.417e-03, K=37.33, targetK=31.74, count_MAE=8.17, bias=+5.59, knot_F1@0.01=0.662, param_RMSE=1.716e-02
  uji_pen_characters_v2: dense=100.0%, deployment=76.0%, MSE=1.856e-04, K=35.39
  natural_earth_10m_coastline: dense=97.0%, deployment=56.0%, MSE=7.592e-04, K=30.54
  usgs_tnm_contours_large_scale: dense=100.0%, deployment=53.0%, MSE=1.149e-03, K=25.56
  industrial_model_offset_curves: dense=100.0%, deployment=84.9%, MSE=5.322e-05, K=35.58
Epoch 100/128 joint_finetune [........................] 1/47 MSE=1.307e-03 pass=20.3% K=34.9 feasibleK=32.2 countMAE=7.20 lr=proposal:0.0e+00/parameter:0.0e+00/selector:2.0e-04/decoder:5.0e-05
Epoch 100/128 joint_finetune [=====...................] 10/47 MSE=1.580e-03 pass=17.2% K=33.6 feasibleK=32.5 countMAE=7.66 lr=proposal:0.0e+00/parameter:0.0e+00/selector:2.0e-04/decoder:5.0e-05
Epoch 100/128 joint_finetune [==========..............] 20/47 MSE=1.783e-03 pass=9.4% K=37.9 feasibleK=38.0 countMAE=7.67 lr=proposal:0.0e+00/parameter:0.0e+00/selector:2.0e-04/decoder:5.0e-05
Epoch 100/128 joint_finetune [===============.........] 30/47 MSE=1.123e-03 pass=18.8% K=41.3 feasibleK=35.5 countMAE=8.08 lr=proposal:0.0e+00/parameter:0.0e+00/selector:2.0e-04/decoder:5.0e-05
Epoch 100/128 joint_finetune [====================....] 40/47 MSE=1.751e-03 pass=15.6% K=33.3 feasibleK=32.9 countMAE=6.69 lr=proposal:0.0e+00/parameter:0.0e+00/selector:2.0e-04/decoder:5.0e-05
Epoch 100/128 joint_finetune [========================] 47/47 MSE=1.394e-03 pass=10.7% K=39.0 feasibleK=35.2 countMAE=7.02 lr=proposal:0.0e+00/parameter:0.0e+00/selector:2.0e-04/decoder:5.0e-05
  validation [=.......................] 1/16 
  validation [===============.........] 10/16 
  validation [========================] 16/16 
Epoch 100 phase=joint_finetune lr=proposal:0.0e+00/parameter:0.0e+00/selector:2.0e-04/decoder:5.0e-05 val dense=98.8% deployment=38.4% worst-source=18.2% qualification=0.0% MSE=1.027e-03 K=36.78 mass=36.25 beta=3.27 soft_cost=2.8652 selection_score=-2.8652 complexity=1.00->1.00 safety=0+0.00sigma scale=0.00->0.00 pass_reference_only=0.0%
  Joint train structure: Keep P/R/F1=0.571/0.609/0.588, critical_false_delete=0.387, proposal R@.005/.01/.02=0.792/0.998/1.000, parameter_bias=8.767e-03, count-cal loss=1.038e-01, score/target/bias/MAE=34.76/32.78/+1.98/7.86, fine-risk mean/std/range=0.976/0.081/0.496, fine-loss/rank=7.667e-01/2.099e+00
  Feasibility chain: numerical Teacher pass/MSE=99.0%/8.548e-05, student teacher-mask pass/MSE=97.6%/7.484e-05, student one-shot pass/MSE=18.2%/1.506e-03, teacher-source |K gap|=3.09
  Synthetic K=56: n=46, dense=80.4%, deployment=0.0%
  Synthetic: dense=98.5%, deployment=18.2%, MSE=1.209e-03, K=39.33, targetK=31.74, count_MAE=9.10, bias=+7.60, knot_F1@0.01=0.666, param_RMSE=1.703e-02
  uji_pen_characters_v2: dense=100.0%, deployment=81.0%, MSE=2.477e-04, K=37.56
  natural_earth_10m_coastline: dense=97.0%, deployment=56.0%, MSE=1.113e-03, K=31.10
  usgs_tnm_contours_large_scale: dense=100.0%, deployment=56.0%, MSE=1.529e-03, K=26.67
  industrial_model_offset_curves: dense=100.0%, deployment=84.9%, MSE=5.863e-05, K=36.48
Epoch 101/128 joint_finetune [........................] 1/47 MSE=1.223e-03 pass=18.8% K=36.2 feasibleK=32.3 countMAE=7.22 lr=proposal:0.0e+00/parameter:0.0e+00/selector:2.0e-04/decoder:5.0e-05
Epoch 101/128 joint_finetune [=====...................] 10/47 MSE=1.128e-03 pass=18.8% K=38.3 feasibleK=33.2 countMAE=7.64 lr=proposal:0.0e+00/parameter:0.0e+00/selector:2.0e-04/decoder:5.0e-05
Epoch 101/128 joint_finetune [==========..............] 20/47 MSE=1.266e-03 pass=18.8% K=36.2 feasibleK=32.2 countMAE=6.98 lr=proposal:0.0e+00/parameter:0.0e+00/selector:2.0e-04/decoder:5.0e-05
Epoch 101/128 joint_finetune [===============.........] 30/47 MSE=1.993e-03 pass=15.6% K=29.0 feasibleK=31.5 countMAE=8.45 lr=proposal:0.0e+00/parameter:0.0e+00/selector:2.0e-04/decoder:5.0e-05
Epoch 101/128 joint_finetune [====================....] 40/47 MSE=9.198e-04 pass=29.7% K=39.2 feasibleK=32.2 countMAE=8.70 lr=proposal:0.0e+00/parameter:0.0e+00/selector:2.0e-04/decoder:5.0e-05
Epoch 101/128 joint_finetune [========================] 47/47 MSE=1.095e-03 pass=35.7% K=36.5 feasibleK=31.3 countMAE=9.45 lr=proposal:0.0e+00/parameter:0.0e+00/selector:2.0e-04/decoder:5.0e-05
  validation [=.......................] 1/16 
  validation [===============.........] 10/16 
  validation [========================] 16/16 
Epoch 101 phase=joint_finetune lr=proposal:0.0e+00/parameter:0.0e+00/selector:2.0e-04/decoder:5.0e-05 val dense=98.8% deployment=40.0% worst-source=21.3% qualification=0.0% MSE=9.581e-04 K=36.36 mass=35.81 beta=3.28 soft_cost=2.7570 selection_score=-2.7570 complexity=1.00->1.00 safety=0+0.00sigma scale=0.00->0.00 pass_reference_only=0.0%
  Joint train structure: Keep P/R/F1=0.568/0.630/0.596, critical_false_delete=0.365, proposal R@.005/.01/.02=0.792/0.998/1.000, parameter_bias=8.735e-03, count-cal loss=1.102e-01, score/target/bias/MAE=36.21/32.78/+3.44/8.49, fine-risk mean/std/range=0.977/0.081/0.496, fine-loss/rank=7.521e-01/2.124e+00
  Feasibility chain: numerical Teacher pass/MSE=99.0%/8.548e-05, student teacher-mask pass/MSE=97.5%/7.882e-05, student one-shot pass/MSE=19.9%/1.345e-03, teacher-source |K gap|=3.09
  Synthetic K=56: n=46, dense=80.4%, deployment=0.0%
  Synthetic: dense=98.5%, deployment=21.3%, MSE=1.084e-03, K=39.97, targetK=31.74, count_MAE=9.47, bias=+8.23, knot_F1@0.01=0.671, param_RMSE=1.689e-02
  uji_pen_characters_v2: dense=100.0%, deployment=73.0%, MSE=2.633e-04, K=31.94
  natural_earth_10m_coastline: dense=97.0%, deployment=59.0%, MSE=1.281e-03, K=29.32
  usgs_tnm_contours_large_scale: dense=100.0%, deployment=56.0%, MSE=1.428e-03, K=25.60
  industrial_model_offset_curves: dense=100.0%, deployment=87.1%, MSE=4.288e-05, K=37.02
Epoch 102/128 joint_finetune [........................] 1/47 MSE=9.989e-04 pass=25.0% K=39.0 feasibleK=31.9 countMAE=8.91 lr=proposal:0.0e+00/parameter:0.0e+00/selector:2.0e-04/decoder:5.0e-05
Epoch 102/128 joint_finetune [=====...................] 10/47 MSE=1.836e-03 pass=14.1% K=33.2 feasibleK=32.7 countMAE=7.22 lr=proposal:0.0e+00/parameter:0.0e+00/selector:2.0e-04/decoder:5.0e-05
Epoch 102/128 joint_finetune [==========..............] 20/47 MSE=1.449e-03 pass=21.9% K=35.9 feasibleK=33.4 countMAE=7.55 lr=proposal:0.0e+00/parameter:0.0e+00/selector:2.0e-04/decoder:5.0e-05
Epoch 102/128 joint_finetune [===============.........] 30/47 MSE=1.399e-03 pass=23.4% K=36.5 feasibleK=33.1 countMAE=8.41 lr=proposal:0.0e+00/parameter:0.0e+00/selector:2.0e-04/decoder:5.0e-05
Epoch 102/128 joint_finetune [====================....] 40/47 MSE=9.424e-04 pass=29.7% K=36.9 feasibleK=30.7 countMAE=9.02 lr=proposal:0.0e+00/parameter:0.0e+00/selector:2.0e-04/decoder:5.0e-05
Epoch 102/128 joint_finetune [========================] 47/47 MSE=8.675e-04 pass=33.9% K=39.0 feasibleK=31.8 countMAE=9.82 lr=proposal:0.0e+00/parameter:0.0e+00/selector:2.0e-04/decoder:5.0e-05
  validation [=.......................] 1/16 
  validation [===============.........] 10/16 
  validation [========================] 16/16 
Epoch 102 phase=joint_finetune lr=proposal:0.0e+00/parameter:0.0e+00/selector:2.0e-04/decoder:5.0e-05 val dense=98.8% deployment=37.7% worst-source=18.8% qualification=0.0% MSE=1.014e-03 K=35.56 mass=35.00 beta=3.31 soft_cost=2.8165 selection_score=-2.8165 complexity=1.00->1.00 safety=0+0.00sigma scale=0.00->0.00 pass_reference_only=0.0%
  Joint train structure: Keep P/R/F1=0.571/0.616/0.591, critical_false_delete=0.379, proposal R@.005/.01/.02=0.792/0.998/1.000, parameter_bias=8.695e-03, count-cal loss=1.057e-01, score/target/bias/MAE=35.18/32.78/+2.40/8.10, fine-risk mean/std/range=0.976/0.081/0.496, fine-loss/rank=7.767e-01/2.114e+00
  Feasibility chain: numerical Teacher pass/MSE=99.0%/8.548e-05, student teacher-mask pass/MSE=97.8%/7.574e-05, student one-shot pass/MSE=20.8%/1.444e-03, teacher-source |K gap|=3.09
  Synthetic K=56: n=46, dense=80.4%, deployment=0.0%
  Synthetic: dense=98.5%, deployment=18.8%, MSE=1.091e-03, K=39.69, targetK=31.74, count_MAE=9.24, bias=+7.96, knot_F1@0.01=0.680, param_RMSE=1.740e-02
  uji_pen_characters_v2: dense=100.0%, deployment=79.0%, MSE=1.610e-04, K=34.19
  natural_earth_10m_coastline: dense=97.0%, deployment=50.0%, MSE=1.606e-03, K=27.96
  usgs_tnm_contours_large_scale: dense=100.0%, deployment=52.0%, MSE=1.702e-03, K=23.58
  industrial_model_offset_curves: dense=100.0%, deployment=86.0%, MSE=5.515e-05, K=31.46
Epoch 103/128 joint_finetune [........................] 1/47 MSE=1.201e-03 pass=26.6% K=39.8 feasibleK=34.3 countMAE=9.98 lr=proposal:0.0e+00/parameter:0.0e+00/selector:2.0e-04/decoder:5.0e-05
Epoch 103/128 joint_finetune [=====...................] 10/47 MSE=1.016e-03 pass=21.9% K=39.2 feasibleK=33.5 countMAE=8.22 lr=proposal:0.0e+00/parameter:0.0e+00/selector:2.0e-04/decoder:5.0e-05
Epoch 103/128 joint_finetune [==========..............] 20/47 MSE=1.098e-03 pass=20.3% K=36.0 feasibleK=31.5 countMAE=8.16 lr=proposal:0.0e+00/parameter:0.0e+00/selector:2.0e-04/decoder:5.0e-05
Epoch 103/128 joint_finetune [===============.........] 30/47 MSE=1.359e-03 pass=20.3% K=37.0 feasibleK=33.5 countMAE=7.62 lr=proposal:0.0e+00/parameter:0.0e+00/selector:2.0e-04/decoder:5.0e-05
Epoch 103/128 joint_finetune [====================....] 40/47 MSE=2.093e-03 pass=15.6% K=34.3 feasibleK=36.8 countMAE=8.12 lr=proposal:0.0e+00/parameter:0.0e+00/selector:2.0e-04/decoder:5.0e-05
Epoch 103/128 joint_finetune [========================] 47/47 MSE=1.328e-03 pass=26.8% K=31.4 feasibleK=29.3 countMAE=7.45 lr=proposal:0.0e+00/parameter:0.0e+00/selector:2.0e-04/decoder:5.0e-05
  validation [=.......................] 1/16 
  validation [===============.........] 10/16 
  validation [========================] 16/16 
Epoch 103 phase=joint_finetune lr=proposal:0.0e+00/parameter:0.0e+00/selector:2.0e-04/decoder:5.0e-05 val dense=98.8% deployment=37.4% worst-source=18.0% qualification=0.0% MSE=1.089e-03 K=35.15 mass=34.59 beta=3.52 soft_cost=2.8468 selection_score=-2.8468 complexity=1.00->1.00 safety=0+0.00sigma scale=0.00->0.00 pass_reference_only=0.0%
  Joint train structure: Keep P/R/F1=0.570/0.618/0.592, critical_false_delete=0.378, proposal R@.005/.01/.02=0.792/0.998/1.000, parameter_bias=8.756e-03, count-cal loss=1.101e-01, score/target/bias/MAE=35.30/32.78/+2.52/8.30, fine-risk mean/std/range=0.977/0.081/0.496, fine-loss/rank=7.688e-01/2.105e+00
  Feasibility chain: numerical Teacher pass/MSE=99.0%/8.548e-05, student teacher-mask pass/MSE=97.3%/7.733e-05, student one-shot pass/MSE=19.3%/1.431e-03, teacher-source |K gap|=3.09
  Synthetic K=56: n=46, dense=80.4%, deployment=0.0%
  Synthetic: dense=98.5%, deployment=18.0%, MSE=1.205e-03, K=37.82, targetK=31.74, count_MAE=8.13, bias=+6.08, knot_F1@0.01=0.708, param_RMSE=1.756e-02
  uji_pen_characters_v2: dense=100.0%, deployment=78.0%, MSE=1.712e-04, K=34.82
  natural_earth_10m_coastline: dense=97.0%, deployment=52.0%, MSE=1.608e-03, K=28.74
  usgs_tnm_contours_large_scale: dense=100.0%, deployment=54.0%, MSE=1.743e-03, K=24.46
  industrial_model_offset_curves: dense=100.0%, deployment=84.9%, MSE=6.090e-05, K=36.67
Epoch 104/128 joint_finetune [........................] 1/47 MSE=1.116e-03 pass=17.2% K=34.8 feasibleK=31.9 countMAE=6.86 lr=proposal:0.0e+00/parameter:0.0e+00/selector:2.0e-04/decoder:5.0e-05
Epoch 104/128 joint_finetune [=====...................] 10/47 MSE=1.116e-03 pass=23.4% K=35.0 feasibleK=31.2 countMAE=7.27 lr=proposal:0.0e+00/parameter:0.0e+00/selector:2.0e-04/decoder:5.0e-05
Epoch 104/128 joint_finetune [==========..............] 20/47 MSE=1.828e-03 pass=17.2% K=29.7 feasibleK=29.3 countMAE=8.81 lr=proposal:0.0e+00/parameter:0.0e+00/selector:2.0e-04/decoder:5.0e-05
Epoch 104/128 joint_finetune [===============.........] 30/47 MSE=1.621e-03 pass=21.9% K=32.9 feasibleK=30.9 countMAE=9.05 lr=proposal:0.0e+00/parameter:0.0e+00/selector:2.0e-04/decoder:5.0e-05
Epoch 104/128 joint_finetune [====================....] 40/47 MSE=1.557e-03 pass=14.1% K=34.4 feasibleK=32.4 countMAE=7.45 lr=proposal:0.0e+00/parameter:0.0e+00/selector:2.0e-04/decoder:5.0e-05
Epoch 104/128 joint_finetune [========================] 47/47 MSE=9.756e-04 pass=33.9% K=37.1 feasibleK=32.2 countMAE=11.48 lr=proposal:0.0e+00/parameter:0.0e+00/selector:2.0e-04/decoder:5.0e-05
  validation [=.......................] 1/16 
  validation [===============.........] 10/16 
  validation [========================] 16/16 
Epoch 104 phase=joint_finetune lr=proposal:0.0e+00/parameter:0.0e+00/selector:2.0e-04/decoder:5.0e-05 val dense=98.8% deployment=46.2% worst-source=28.5% qualification=0.0% MSE=8.464e-04 K=38.40 mass=37.86 beta=3.68 soft_cost=2.4997 selection_score=-2.4997 complexity=1.00->1.00 safety=0+0.00sigma scale=0.00->0.00 pass_reference_only=0.0%
  Joint train structure: Keep P/R/F1=0.563/0.620/0.589, critical_false_delete=0.376, proposal R@.005/.01/.02=0.792/0.998/1.000, parameter_bias=8.747e-03, count-cal loss=1.144e-01, score/target/bias/MAE=35.85/32.78/+3.07/8.63, fine-risk mean/std/range=0.976/0.081/0.496, fine-loss/rank=7.721e-01/2.124e+00
  Feasibility chain: numerical Teacher pass/MSE=99.0%/8.548e-05, student teacher-mask pass/MSE=97.0%/7.846e-05, student one-shot pass/MSE=22.4%/1.312e-03, teacher-source |K gap|=3.09
  Synthetic K=56: n=46, dense=80.4%, deployment=0.0%
  Synthetic: dense=98.5%, deployment=28.5%, MSE=1.008e-03, K=40.70, targetK=31.74, count_MAE=10.68, bias=+8.96, knot_F1@0.01=0.703, param_RMSE=1.689e-02
  uji_pen_characters_v2: dense=100.0%, deployment=78.0%, MSE=1.268e-04, K=35.18
  natural_earth_10m_coastline: dense=97.0%, deployment=60.0%, MSE=8.354e-04, K=32.92
  usgs_tnm_contours_large_scale: dense=100.0%, deployment=60.0%, MSE=1.375e-03, K=29.02
  industrial_model_offset_curves: dense=100.0%, deployment=96.8%, MSE=2.300e-05, K=43.03
Epoch 105/128 joint_finetune [........................] 1/47 MSE=8.259e-04 pass=39.1% K=39.2 feasibleK=30.3 countMAE=11.83 lr=proposal:0.0e+00/parameter:0.0e+00/selector:2.0e-04/decoder:5.0e-05
Epoch 105/128 joint_finetune [=====...................] 10/47 MSE=1.486e-03 pass=17.2% K=32.8 feasibleK=32.0 countMAE=7.12 lr=proposal:0.0e+00/parameter:0.0e+00/selector:2.0e-04/decoder:5.0e-05
Epoch 105/128 joint_finetune [==========..............] 20/47 MSE=1.018e-03 pass=26.6% K=35.9 feasibleK=30.5 countMAE=8.72 lr=proposal:0.0e+00/parameter:0.0e+00/selector:2.0e-04/decoder:5.0e-05
Epoch 105/128 joint_finetune [===============.........] 30/47 MSE=1.066e-03 pass=17.2% K=41.5 feasibleK=34.5 countMAE=9.66 lr=proposal:0.0e+00/parameter:0.0e+00/selector:2.0e-04/decoder:5.0e-05
Epoch 105/128 joint_finetune [====================....] 40/47 MSE=1.683e-03 pass=17.2% K=32.9 feasibleK=32.0 countMAE=7.06 lr=proposal:0.0e+00/parameter:0.0e+00/selector:2.0e-04/decoder:5.0e-05
Epoch 105/128 joint_finetune [========================] 47/47 MSE=1.213e-03 pass=23.2% K=41.5 feasibleK=36.7 countMAE=8.73 lr=proposal:0.0e+00/parameter:0.0e+00/selector:2.0e-04/decoder:5.0e-05
  validation [=.......................] 1/16 
  validation [===============.........] 10/16 
  validation [========================] 16/16 
Epoch 105 phase=joint_finetune lr=proposal:0.0e+00/parameter:0.0e+00/selector:2.0e-04/decoder:5.0e-05 val dense=98.8% deployment=41.3% worst-source=23.7% qualification=0.0% MSE=8.872e-04 K=36.01 mass=35.45 beta=3.31 soft_cost=2.5914 selection_score=-2.5914 complexity=1.00->1.00 safety=0+0.00sigma scale=0.00->0.00 pass_reference_only=0.0%
  Joint train structure: Keep P/R/F1=0.568/0.630/0.596, critical_false_delete=0.366, proposal R@.005/.01/.02=0.792/0.998/1.000, parameter_bias=8.768e-03, count-cal loss=1.180e-01, score/target/bias/MAE=36.12/32.78/+3.34/8.71, fine-risk mean/std/range=0.977/0.081/0.495, fine-loss/rank=7.542e-01/2.115e+00
  Feasibility chain: numerical Teacher pass/MSE=99.0%/8.548e-05, student teacher-mask pass/MSE=96.6%/7.786e-05, student one-shot pass/MSE=21.5%/1.306e-03, teacher-source |K gap|=3.09
  Synthetic K=56: n=46, dense=80.4%, deployment=0.0%
  Synthetic: dense=98.5%, deployment=23.7%, MSE=9.382e-04, K=41.04, targetK=31.74, count_MAE=10.45, bias=+9.31, knot_F1@0.01=0.699, param_RMSE=1.693e-02
  uji_pen_characters_v2: dense=100.0%, deployment=83.0%, MSE=1.385e-04, K=33.54
  natural_earth_10m_coastline: dense=97.0%, deployment=50.0%, MSE=1.370e-03, K=27.47
  usgs_tnm_contours_large_scale: dense=100.0%, deployment=54.0%, MSE=1.610e-03, K=23.51
  industrial_model_offset_curves: dense=100.0%, deployment=87.1%, MSE=6.585e-05, K=28.84
Epoch 106/128 joint_finetune [........................] 1/47 MSE=1.080e-03 pass=21.9% K=40.7 feasibleK=35.4 countMAE=8.56 lr=proposal:0.0e+00/parameter:0.0e+00/selector:2.0e-04/decoder:5.0e-05
Epoch 106/128 joint_finetune [=====...................] 10/47 MSE=8.207e-04 pass=29.7% K=42.3 feasibleK=34.2 countMAE=10.30 lr=proposal:0.0e+00/parameter:0.0e+00/selector:2.0e-04/decoder:5.0e-05
Epoch 106/128 joint_finetune [==========..............] 20/47 MSE=1.598e-03 pass=21.9% K=36.1 feasibleK=35.3 countMAE=9.33 lr=proposal:0.0e+00/parameter:0.0e+00/selector:2.0e-04/decoder:5.0e-05
Epoch 106/128 joint_finetune [===============.........] 30/47 MSE=1.307e-03 pass=18.8% K=33.8 feasibleK=30.3 countMAE=7.56 lr=proposal:0.0e+00/parameter:0.0e+00/selector:2.0e-04/decoder:5.0e-05
Epoch 106/128 joint_finetune [====================....] 40/47 MSE=1.401e-03 pass=18.8% K=37.3 feasibleK=33.8 countMAE=7.52 lr=proposal:0.0e+00/parameter:0.0e+00/selector:2.0e-04/decoder:5.0e-05
Epoch 106/128 joint_finetune [========================] 47/47 MSE=1.398e-03 pass=25.0% K=35.8 feasibleK=31.3 countMAE=9.16 lr=proposal:0.0e+00/parameter:0.0e+00/selector:2.0e-04/decoder:5.0e-05
  validation [=.......................] 1/16 
  validation [===============.........] 10/16 
  validation [========================] 16/16 
Epoch 106 phase=joint_finetune lr=proposal:0.0e+00/parameter:0.0e+00/selector:2.0e-04/decoder:5.0e-05 val dense=98.8% deployment=40.5% worst-source=19.7% qualification=0.0% MSE=1.130e-03 K=36.28 mass=35.74 beta=4.02 soft_cost=2.8590 selection_score=-2.8590 complexity=1.00->1.00 safety=0+0.00sigma scale=0.00->0.00 pass_reference_only=0.0%
  Joint train structure: Keep P/R/F1=0.564/0.632/0.595, critical_false_delete=0.364, proposal R@.005/.01/.02=0.792/0.998/1.000, parameter_bias=8.798e-03, count-cal loss=1.160e-01, score/target/bias/MAE=36.58/32.78/+3.80/8.99, fine-risk mean/std/range=0.976/0.081/0.496, fine-loss/rank=7.467e-01/2.119e+00
  Feasibility chain: numerical Teacher pass/MSE=99.0%/8.548e-05, student teacher-mask pass/MSE=97.3%/7.618e-05, student one-shot pass/MSE=23.9%/1.272e-03, teacher-source |K gap|=3.09
  Synthetic K=56: n=46, dense=80.4%, deployment=0.0%
  Synthetic: dense=98.5%, deployment=19.7%, MSE=1.334e-03, K=38.24, targetK=31.74, count_MAE=8.89, bias=+6.50, knot_F1@0.01=0.668, param_RMSE=1.685e-02
  uji_pen_characters_v2: dense=100.0%, deployment=84.0%, MSE=1.819e-04, K=36.59
  natural_earth_10m_coastline: dense=97.0%, deployment=59.0%, MSE=1.397e-03, K=30.34
  usgs_tnm_contours_large_scale: dense=100.0%, deployment=58.0%, MSE=1.603e-03, K=26.69
  industrial_model_offset_curves: dense=100.0%, deployment=89.2%, MSE=3.616e-05, K=40.04
Epoch 107/128 joint_finetune [........................] 1/47 MSE=1.328e-03 pass=29.7% K=33.3 feasibleK=28.7 countMAE=10.25 lr=proposal:0.0e+00/parameter:0.0e+00/selector:2.0e-04/decoder:5.0e-05
Epoch 107/128 joint_finetune [=====...................] 10/47 MSE=1.600e-03 pass=17.2% K=33.3 feasibleK=32.4 countMAE=7.25 lr=proposal:0.0e+00/parameter:0.0e+00/selector:2.0e-04/decoder:5.0e-05
Epoch 107/128 joint_finetune [==========..............] 20/47 MSE=1.085e-03 pass=29.7% K=40.1 feasibleK=33.7 countMAE=10.33 lr=proposal:0.0e+00/parameter:0.0e+00/selector:2.0e-04/decoder:5.0e-05
Epoch 107/128 joint_finetune [===============.........] 30/47 MSE=1.121e-03 pass=23.4% K=39.6 feasibleK=34.7 countMAE=8.47 lr=proposal:0.0e+00/parameter:0.0e+00/selector:2.0e-04/decoder:5.0e-05
Epoch 107/128 joint_finetune [====================....] 40/47 MSE=1.660e-03 pass=15.6% K=34.0 feasibleK=33.6 countMAE=7.95 lr=proposal:0.0e+00/parameter:0.0e+00/selector:2.0e-04/decoder:5.0e-05
Epoch 107/128 joint_finetune [========================] 47/47 MSE=1.590e-03 pass=17.9% K=33.0 feasibleK=32.0 countMAE=7.62 lr=proposal:0.0e+00/parameter:0.0e+00/selector:2.0e-04/decoder:5.0e-05
  validation [=.......................] 1/16 
  validation [===============.........] 10/16 
  validation [========================] 16/16 
Epoch 107 phase=joint_finetune lr=proposal:0.0e+00/parameter:0.0e+00/selector:2.0e-04/decoder:5.0e-05 val dense=98.8% deployment=37.2% worst-source=15.8% qualification=0.0% MSE=1.359e-03 K=34.35 mass=33.77 beta=4.30 soft_cost=3.0530 selection_score=-3.0530 complexity=1.00->1.00 safety=0+0.00sigma scale=0.00->0.00 pass_reference_only=0.0%
  Joint train structure: Keep P/R/F1=0.570/0.624/0.595, critical_false_delete=0.371, proposal R@.005/.01/.02=0.792/0.998/1.000, parameter_bias=8.777e-03, count-cal loss=1.174e-01, score/target/bias/MAE=35.68/32.78/+2.91/8.58, fine-risk mean/std/range=0.977/0.081/0.496, fine-loss/rank=7.575e-01/2.098e+00
  Feasibility chain: numerical Teacher pass/MSE=99.0%/8.548e-05, student teacher-mask pass/MSE=97.5%/7.658e-05, student one-shot pass/MSE=21.0%/1.361e-03, teacher-source |K gap|=3.09
  Synthetic K=56: n=46, dense=80.4%, deployment=0.0%
  Synthetic: dense=98.5%, deployment=15.8%, MSE=1.637e-03, K=35.33, targetK=31.74, count_MAE=7.74, bias=+3.60, knot_F1@0.01=0.683, param_RMSE=1.697e-02
  uji_pen_characters_v2: dense=100.0%, deployment=79.0%, MSE=4.061e-04, K=36.14
  natural_earth_10m_coastline: dense=97.0%, deployment=58.0%, MSE=1.589e-03, K=30.25
  usgs_tnm_contours_large_scale: dense=100.0%, deployment=54.0%, MSE=1.652e-03, K=25.49
  industrial_model_offset_curves: dense=100.0%, deployment=89.2%, MSE=2.926e-05, K=39.98
Epoch 108/128 joint_finetune [........................] 1/47 MSE=1.808e-03 pass=14.1% K=36.0 feasibleK=37.0 countMAE=7.06 lr=proposal:0.0e+00/parameter:0.0e+00/selector:2.0e-04/decoder:5.0e-05
Epoch 108/128 joint_finetune [=====...................] 10/47 MSE=1.141e-03 pass=28.1% K=38.1 feasibleK=33.8 countMAE=8.28 lr=proposal:0.0e+00/parameter:0.0e+00/selector:2.0e-04/decoder:5.0e-05
Epoch 108/128 joint_finetune [==========..............] 20/47 MSE=9.656e-04 pass=31.2% K=36.2 feasibleK=29.6 countMAE=9.75 lr=proposal:0.0e+00/parameter:0.0e+00/selector:2.0e-04/decoder:5.0e-05
Epoch 108/128 joint_finetune [===============.........] 30/47 MSE=2.340e-03 pass=15.6% K=30.3 feasibleK=33.9 countMAE=8.58 lr=proposal:0.0e+00/parameter:0.0e+00/selector:2.0e-04/decoder:5.0e-05
Epoch 108/128 joint_finetune [====================....] 40/47 MSE=1.149e-03 pass=35.9% K=37.3 feasibleK=31.0 countMAE=10.44 lr=proposal:0.0e+00/parameter:0.0e+00/selector:2.0e-04/decoder:5.0e-05
Epoch 108/128 joint_finetune [========================] 47/47 MSE=1.149e-03 pass=23.2% K=40.4 feasibleK=36.1 countMAE=9.98 lr=proposal:0.0e+00/parameter:0.0e+00/selector:2.0e-04/decoder:5.0e-05
  validation [=.......................] 1/16 
  validation [===============.........] 10/16 
  validation [========================] 16/16 
Epoch 108 phase=joint_finetune lr=proposal:0.0e+00/parameter:0.0e+00/selector:2.0e-04/decoder:5.0e-05 val dense=98.8% deployment=46.5% worst-source=27.3% qualification=0.0% MSE=7.559e-04 K=39.76 mass=39.23 beta=3.83 soft_cost=2.4595 selection_score=-2.4595 complexity=1.00->1.00 safety=0+0.00sigma scale=0.00->0.00 pass_reference_only=0.0%
  Joint train structure: Keep P/R/F1=0.564/0.617/0.589, critical_false_delete=0.379, proposal R@.005/.01/.02=0.792/0.998/1.000, parameter_bias=8.766e-03, count-cal loss=1.270e-01, score/target/bias/MAE=35.61/32.78/+2.83/8.94, fine-risk mean/std/range=0.977/0.081/0.497, fine-loss/rank=7.764e-01/2.113e+00
  Feasibility chain: numerical Teacher pass/MSE=99.0%/8.548e-05, student teacher-mask pass/MSE=97.7%/7.618e-05, student one-shot pass/MSE=23.2%/1.376e-03, teacher-source |K gap|=3.09
  Synthetic K=56: n=46, dense=80.4%, deployment=0.0%
  Synthetic: dense=98.5%, deployment=27.3%, MSE=8.879e-04, K=42.09, targetK=31.74, count_MAE=11.37, bias=+10.35, knot_F1@0.01=0.683, param_RMSE=1.676e-02
  uji_pen_characters_v2: dense=100.0%, deployment=87.0%, MSE=8.312e-05, K=39.23
  natural_earth_10m_coastline: dense=97.0%, deployment=60.0%, MSE=8.137e-04, K=33.53
  usgs_tnm_contours_large_scale: dense=100.0%, deployment=64.0%, MSE=1.255e-03, K=29.14
  industrial_model_offset_curves: dense=100.0%, deployment=93.5%, MSE=2.881e-05, K=43.43
Epoch 109/128 joint_finetune [........................] 1/47 MSE=1.102e-03 pass=20.3% K=40.1 feasibleK=35.0 countMAE=8.52 lr=proposal:0.0e+00/parameter:0.0e+00/selector:2.0e-04/decoder:5.0e-05
Epoch 109/128 joint_finetune [=====...................] 10/47 MSE=1.068e-03 pass=26.6% K=36.1 feasibleK=29.7 countMAE=9.97 lr=proposal:0.0e+00/parameter:0.0e+00/selector:2.0e-04/decoder:5.0e-05
Epoch 109/128 joint_finetune [==========..............] 20/47 MSE=2.237e-03 pass=21.9% K=30.9 feasibleK=34.3 countMAE=12.53 lr=proposal:0.0e+00/parameter:0.0e+00/selector:2.0e-04/decoder:5.0e-05
Epoch 109/128 joint_finetune [===============.........] 30/47 MSE=8.828e-04 pass=42.2% K=42.2 feasibleK=31.3 countMAE=13.61 lr=proposal:0.0e+00/parameter:0.0e+00/selector:2.0e-04/decoder:5.0e-05
Epoch 109/128 joint_finetune [====================....] 40/47 MSE=9.941e-04 pass=28.1% K=42.4 feasibleK=34.1 countMAE=10.88 lr=proposal:0.0e+00/parameter:0.0e+00/selector:2.0e-04/decoder:5.0e-05
Epoch 109/128 joint_finetune [========================] 47/47 MSE=1.938e-03 pass=14.3% K=31.1 feasibleK=31.8 countMAE=8.59 lr=proposal:0.0e+00/parameter:0.0e+00/selector:2.0e-04/decoder:5.0e-05
  validation [=.......................] 1/16 
  validation [===============.........] 10/16 
  validation [========================] 16/16 
Epoch 109 phase=joint_finetune lr=proposal:0.0e+00/parameter:0.0e+00/selector:2.0e-04/decoder:5.0e-05 val dense=98.8% deployment=35.2% worst-source=13.2% qualification=0.0% MSE=1.382e-03 K=34.58 mass=34.00 beta=4.66 soft_cost=3.1196 selection_score=-3.1196 complexity=1.00->1.00 safety=0+0.00sigma scale=0.00->0.00 pass_reference_only=0.0%
  Joint train structure: Keep P/R/F1=0.562/0.636/0.593, critical_false_delete=0.360, proposal R@.005/.01/.02=0.792/0.998/1.000, parameter_bias=8.785e-03, count-cal loss=1.447e-01, score/target/bias/MAE=36.96/32.78/+4.18/10.75, fine-risk mean/std/range=0.977/0.081/0.496, fine-loss/rank=7.686e-01/2.133e+00
  Feasibility chain: numerical Teacher pass/MSE=99.0%/8.548e-05, student teacher-mask pass/MSE=96.3%/7.661e-05, student one-shot pass/MSE=24.2%/1.375e-03, teacher-source |K gap|=3.09
  Synthetic K=56: n=46, dense=80.4%, deployment=0.0%
  Synthetic: dense=98.5%, deployment=13.2%, MSE=1.633e-03, K=35.59, targetK=31.74, count_MAE=7.97, bias=+3.85, knot_F1@0.01=0.680, param_RMSE=1.659e-02
  uji_pen_characters_v2: dense=100.0%, deployment=86.0%, MSE=1.735e-04, K=39.94
  natural_earth_10m_coastline: dense=97.0%, deployment=54.0%, MSE=1.736e-03, K=30.39
  usgs_tnm_contours_large_scale: dense=100.0%, deployment=54.0%, MSE=1.967e-03, K=25.39
  industrial_model_offset_curves: dense=100.0%, deployment=82.8%, MSE=4.656e-05, K=36.70
Epoch 110/128 joint_finetune [........................] 1/47 MSE=1.548e-03 pass=17.2% K=37.7 feasibleK=36.8 countMAE=9.83 lr=proposal:0.0e+00/parameter:0.0e+00/selector:2.0e-04/decoder:5.0e-05
Epoch 110/128 joint_finetune [=====...................] 10/47 MSE=1.159e-03 pass=21.9% K=37.9 feasibleK=33.8 countMAE=7.83 lr=proposal:0.0e+00/parameter:0.0e+00/selector:2.0e-04/decoder:5.0e-05
Epoch 110/128 joint_finetune [==========..............] 20/47 MSE=1.796e-03 pass=14.1% K=32.1 feasibleK=31.8 countMAE=8.69 lr=proposal:0.0e+00/parameter:0.0e+00/selector:2.0e-04/decoder:5.0e-05
Epoch 110/128 joint_finetune [===============.........] 30/47 MSE=1.823e-03 pass=17.2% K=33.6 feasibleK=32.3 countMAE=10.19 lr=proposal:0.0e+00/parameter:0.0e+00/selector:2.0e-04/decoder:5.0e-05
Epoch 110/128 joint_finetune [====================....] 40/47 MSE=1.217e-03 pass=35.9% K=39.5 feasibleK=33.9 countMAE=11.00 lr=proposal:0.0e+00/parameter:0.0e+00/selector:2.0e-04/decoder:5.0e-05
Epoch 110/128 joint_finetune [========================] 47/47 MSE=1.435e-03 pass=30.4% K=33.9 feasibleK=30.5 countMAE=11.07 lr=proposal:0.0e+00/parameter:0.0e+00/selector:2.0e-04/decoder:5.0e-05
  validation [=.......................] 1/16 
  validation [===============.........] 10/16 
  validation [========================] 16/16 
Epoch 110 phase=joint_finetune lr=proposal:0.0e+00/parameter:0.0e+00/selector:2.0e-04/decoder:5.0e-05 val dense=98.8% deployment=41.7% worst-source=21.0% qualification=0.0% MSE=1.314e-03 K=36.33 mass=35.79 beta=4.90 soft_cost=2.9275 selection_score=-2.9275 complexity=1.00->1.00 safety=0+0.00sigma scale=0.00->0.00 pass_reference_only=0.0%
  Joint train structure: Keep P/R/F1=0.565/0.625/0.592, critical_false_delete=0.371, proposal R@.005/.01/.02=0.792/0.998/1.000, parameter_bias=8.744e-03, count-cal loss=1.353e-01, score/target/bias/MAE=36.03/32.78/+3.26/9.42, fine-risk mean/std/range=0.977/0.081/0.495, fine-loss/rank=7.776e-01/2.104e+00
  Feasibility chain: numerical Teacher pass/MSE=99.0%/8.548e-05, student teacher-mask pass/MSE=96.9%/7.988e-05, student one-shot pass/MSE=22.6%/1.407e-03, teacher-source |K gap|=3.09
  Synthetic K=56: n=46, dense=80.4%, deployment=0.0%
  Synthetic: dense=98.5%, deployment=21.0%, MSE=1.694e-03, K=35.81, targetK=31.74, count_MAE=9.96, bias=+4.07, knot_F1@0.01=0.653, param_RMSE=1.711e-02
  uji_pen_characters_v2: dense=100.0%, deployment=89.0%, MSE=9.959e-05, K=40.82
  natural_earth_10m_coastline: dense=97.0%, deployment=59.0%, MSE=1.229e-03, K=34.78
  usgs_tnm_contours_large_scale: dense=100.0%, deployment=60.0%, MSE=1.525e-03, K=29.25
  industrial_model_offset_curves: dense=100.0%, deployment=86.0%, MSE=3.422e-05, K=44.17
Epoch 111/128 joint_finetune [........................] 1/47 MSE=1.904e-03 pass=15.6% K=33.0 feasibleK=33.5 countMAE=9.52 lr=proposal:0.0e+00/parameter:0.0e+00/selector:2.0e-04/decoder:5.0e-05
Epoch 111/128 joint_finetune [=====...................] 10/47 MSE=1.348e-03 pass=14.1% K=39.6 feasibleK=34.6 countMAE=10.06 lr=proposal:0.0e+00/parameter:0.0e+00/selector:2.0e-04/decoder:5.0e-05
Epoch 111/128 joint_finetune [==========..............] 20/47 MSE=1.153e-03 pass=20.3% K=39.5 feasibleK=33.9 countMAE=8.44 lr=proposal:0.0e+00/parameter:0.0e+00/selector:2.0e-04/decoder:5.0e-05
Epoch 111/128 joint_finetune [===============.........] 30/47 MSE=1.452e-03 pass=18.8% K=34.8 feasibleK=30.7 countMAE=9.70 lr=proposal:0.0e+00/parameter:0.0e+00/selector:2.0e-04/decoder:5.0e-05
Epoch 111/128 joint_finetune [====================....] 40/47 MSE=1.382e-03 pass=20.3% K=37.2 feasibleK=33.5 countMAE=9.00 lr=proposal:0.0e+00/parameter:0.0e+00/selector:2.0e-04/decoder:5.0e-05
Epoch 111/128 joint_finetune [========================] 47/47 MSE=9.833e-04 pass=19.6% K=41.3 feasibleK=34.3 countMAE=10.14 lr=proposal:0.0e+00/parameter:0.0e+00/selector:2.0e-04/decoder:5.0e-05
  validation [=.......................] 1/16 
  validation [===============.........] 10/16 
  validation [========================] 16/16 
Epoch 111 phase=joint_finetune lr=proposal:0.0e+00/parameter:0.0e+00/selector:2.0e-04/decoder:5.0e-05 val dense=98.8% deployment=42.2% worst-source=22.2% qualification=0.0% MSE=9.434e-04 K=39.40 mass=38.84 beta=4.25 soft_cost=2.6598 selection_score=-2.6598 complexity=1.00->1.00 safety=0+0.00sigma scale=0.00->0.00 pass_reference_only=0.0%
  Joint train structure: Keep P/R/F1=0.568/0.640/0.601, critical_false_delete=0.356, proposal R@.005/.01/.02=0.792/0.998/1.000, parameter_bias=8.723e-03, count-cal loss=1.350e-01, score/target/bias/MAE=36.70/32.78/+3.92/9.47, fine-risk mean/std/range=0.976/0.081/0.496, fine-loss/rank=7.686e-01/2.128e+00
  Feasibility chain: numerical Teacher pass/MSE=99.0%/8.548e-05, student teacher-mask pass/MSE=96.8%/7.828e-05, student one-shot pass/MSE=19.5%/1.372e-03, teacher-source |K gap|=3.09
  Synthetic K=56: n=46, dense=80.4%, deployment=0.0%
  Synthetic: dense=98.5%, deployment=22.2%, MSE=9.918e-04, K=41.85, targetK=31.74, count_MAE=11.28, bias=+10.11, knot_F1@0.01=0.685, param_RMSE=1.698e-02
  uji_pen_characters_v2: dense=100.0%, deployment=83.0%, MSE=5.384e-04, K=39.41
  natural_earth_10m_coastline: dense=97.0%, deployment=59.0%, MSE=1.362e-03, K=33.32
  usgs_tnm_contours_large_scale: dense=100.0%, deployment=58.0%, MSE=1.491e-03, K=27.15
  industrial_model_offset_curves: dense=100.0%, deployment=92.5%, MSE=2.816e-05, K=43.28
Epoch 112/128 joint_finetune [........................] 1/47 MSE=1.063e-03 pass=14.1% K=39.0 feasibleK=32.7 countMAE=9.12 lr=proposal:0.0e+00/parameter:0.0e+00/selector:2.0e-04/decoder:5.0e-05
Epoch 112/128 joint_finetune [=====...................] 10/47 MSE=1.111e-03 pass=32.8% K=37.7 feasibleK=31.2 countMAE=10.16 lr=proposal:0.0e+00/parameter:0.0e+00/selector:2.0e-04/decoder:5.0e-05
Epoch 112/128 joint_finetune [==========..............] 20/47 MSE=1.186e-03 pass=20.3% K=34.1 feasibleK=30.0 countMAE=8.70 lr=proposal:0.0e+00/parameter:0.0e+00/selector:2.0e-04/decoder:5.0e-05
Epoch 112/128 joint_finetune [===============.........] 30/47 MSE=1.734e-03 pass=9.4% K=30.6 feasibleK=29.4 countMAE=7.70 lr=proposal:0.0e+00/parameter:0.0e+00/selector:2.0e-04/decoder:5.0e-05
Epoch 112/128 joint_finetune [====================....] 40/47 MSE=1.348e-03 pass=25.0% K=36.6 feasibleK=31.6 countMAE=9.81 lr=proposal:0.0e+00/parameter:0.0e+00/selector:2.0e-04/decoder:5.0e-05
Epoch 112/128 joint_finetune [========================] 47/47 MSE=1.180e-03 pass=17.9% K=36.2 feasibleK=33.4 countMAE=7.43 lr=proposal:0.0e+00/parameter:0.0e+00/selector:2.0e-04/decoder:5.0e-05
  validation [=.......................] 1/16 
  validation [===============.........] 10/16 
  validation [========================] 16/16 
Epoch 112 phase=joint_finetune lr=proposal:0.0e+00/parameter:0.0e+00/selector:2.0e-04/decoder:5.0e-05 val dense=98.8% deployment=38.0% worst-source=18.7% qualification=0.0% MSE=1.116e-03 K=35.73 mass=35.16 beta=4.46 soft_cost=2.8797 selection_score=-2.8797 complexity=1.00->1.00 safety=0+0.00sigma scale=0.00->0.00 pass_reference_only=0.0%
  Joint train structure: Keep P/R/F1=0.565/0.639/0.599, critical_false_delete=0.357, proposal R@.005/.01/.02=0.791/0.998/1.000, parameter_bias=8.754e-03, count-cal loss=1.340e-01, score/target/bias/MAE=36.82/32.78/+4.05/9.29, fine-risk mean/std/range=0.976/0.081/0.496, fine-loss/rank=7.716e-01/2.126e+00
  Feasibility chain: numerical Teacher pass/MSE=99.0%/8.548e-05, student teacher-mask pass/MSE=95.7%/8.937e-05, student one-shot pass/MSE=20.6%/1.361e-03, teacher-source |K gap|=3.09
  Synthetic K=56: n=46, dense=80.4%, deployment=0.0%
  Synthetic: dense=98.5%, deployment=18.7%, MSE=1.297e-03, K=38.50, targetK=31.74, count_MAE=9.30, bias=+6.76, knot_F1@0.01=0.681, param_RMSE=1.743e-02
  uji_pen_characters_v2: dense=100.0%, deployment=78.0%, MSE=2.356e-04, K=33.25
  natural_earth_10m_coastline: dense=97.0%, deployment=53.0%, MSE=1.493e-03, K=29.32
  usgs_tnm_contours_large_scale: dense=100.0%, deployment=54.0%, MSE=1.526e-03, K=23.33
  industrial_model_offset_curves: dense=100.0%, deployment=86.0%, MSE=4.754e-05, K=40.80
Epoch 113/128 joint_finetune [........................] 1/47 MSE=1.512e-03 pass=26.6% K=38.0 feasibleK=33.7 countMAE=9.45 lr=proposal:0.0e+00/parameter:0.0e+00/selector:2.0e-04/decoder:5.0e-05
Epoch 113/128 joint_finetune [=====...................] 10/47 MSE=1.771e-03 pass=23.4% K=32.4 feasibleK=31.4 countMAE=10.62 lr=proposal:0.0e+00/parameter:0.0e+00/selector:2.0e-04/decoder:5.0e-05
Epoch 113/128 joint_finetune [==========..............] 20/47 MSE=1.266e-03 pass=31.2% K=36.3 feasibleK=31.5 countMAE=9.61 lr=proposal:0.0e+00/parameter:0.0e+00/selector:2.0e-04/decoder:5.0e-05
Epoch 113/128 joint_finetune [===============.........] 30/47 MSE=1.723e-03 pass=17.2% K=36.2 feasibleK=34.9 countMAE=10.14 lr=proposal:0.0e+00/parameter:0.0e+00/selector:2.0e-04/decoder:5.0e-05
Epoch 113/128 joint_finetune [====================....] 40/47 MSE=1.242e-03 pass=18.8% K=41.0 feasibleK=35.8 countMAE=8.56 lr=proposal:0.0e+00/parameter:0.0e+00/selector:2.0e-04/decoder:5.0e-05
Epoch 113/128 joint_finetune [========================] 47/47 MSE=6.738e-04 pass=37.5% K=44.3 feasibleK=34.1 countMAE=11.89 lr=proposal:0.0e+00/parameter:0.0e+00/selector:2.0e-04/decoder:5.0e-05
  validation [=.......................] 1/16 
  validation [===============.........] 10/16 
  validation [========================] 16/16 
Epoch 113 phase=joint_finetune lr=proposal:0.0e+00/parameter:0.0e+00/selector:2.0e-04/decoder:5.0e-05 val dense=98.8% deployment=52.2% worst-source=34.5% qualification=0.0% MSE=5.770e-04 K=44.36 mass=43.80 beta=4.60 soft_cost=2.1649 selection_score=-2.1649 complexity=1.00->1.00 safety=0+0.00sigma scale=0.00->0.00 pass_reference_only=0.0%
  Joint train structure: Keep P/R/F1=0.565/0.627/0.594, critical_false_delete=0.369, proposal R@.005/.01/.02=0.792/0.998/1.000, parameter_bias=8.743e-03, count-cal loss=1.391e-01, score/target/bias/MAE=36.11/32.78/+3.34/9.40, fine-risk mean/std/range=0.977/0.081/0.496, fine-loss/rank=7.976e-01/2.138e+00
  Feasibility chain: numerical Teacher pass/MSE=99.0%/8.548e-05, student teacher-mask pass/MSE=97.0%/8.024e-05, student one-shot pass/MSE=22.3%/1.417e-03, teacher-source |K gap|=3.09
  Synthetic K=56: n=46, dense=80.4%, deployment=0.0%
  Synthetic: dense=98.5%, deployment=34.5%, MSE=5.813e-04, K=47.28, targetK=31.74, count_MAE=15.89, bias=+15.55, knot_F1@0.01=0.674, param_RMSE=1.724e-02
  uji_pen_characters_v2: dense=100.0%, deployment=86.0%, MSE=5.164e-04, K=38.12
  natural_earth_10m_coastline: dense=97.0%, deployment=68.0%, MSE=9.883e-04, K=38.33
  usgs_tnm_contours_large_scale: dense=100.0%, deployment=68.0%, MSE=7.178e-04, K=35.50
  industrial_model_offset_curves: dense=100.0%, deployment=95.7%, MSE=2.088e-05, K=48.20
Epoch 114/128 joint_finetune [........................] 1/47 MSE=6.379e-04 pass=40.6% K=42.0 feasibleK=29.7 countMAE=13.86 lr=proposal:0.0e+00/parameter:0.0e+00/selector:2.0e-04/decoder:5.0e-05
Epoch 114/128 joint_finetune [=====...................] 10/47 MSE=1.423e-03 pass=18.8% K=34.8 feasibleK=32.3 countMAE=7.66 lr=proposal:0.0e+00/parameter:0.0e+00/selector:2.0e-04/decoder:5.0e-05
Epoch 114/128 joint_finetune [==========..............] 20/47 MSE=1.357e-03 pass=23.4% K=35.3 feasibleK=31.1 countMAE=8.64 lr=proposal:0.0e+00/parameter:0.0e+00/selector:2.0e-04/decoder:5.0e-05
Epoch 114/128 joint_finetune [===============.........] 30/47 MSE=1.656e-03 pass=15.6% K=37.8 feasibleK=34.2 countMAE=9.45 lr=proposal:0.0e+00/parameter:0.0e+00/selector:2.0e-04/decoder:5.0e-05
Epoch 114/128 joint_finetune [====================....] 40/47 MSE=1.643e-03 pass=12.5% K=33.5 feasibleK=32.7 countMAE=7.92 lr=proposal:0.0e+00/parameter:0.0e+00/selector:2.0e-04/decoder:5.0e-05
Epoch 114/128 joint_finetune [========================] 47/47 MSE=1.349e-03 pass=17.9% K=37.6 feasibleK=34.4 countMAE=8.07 lr=proposal:0.0e+00/parameter:0.0e+00/selector:2.0e-04/decoder:5.0e-05
  validation [=.......................] 1/16 
  validation [===============.........] 10/16 
  validation [========================] 16/16 
Epoch 114 phase=joint_finetune lr=proposal:0.0e+00/parameter:0.0e+00/selector:2.0e-04/decoder:5.0e-05 val dense=98.8% deployment=43.0% worst-source=24.3% qualification=0.0% MSE=9.189e-04 K=39.64 mass=39.04 beta=4.72 soft_cost=2.6250 selection_score=-2.6250 complexity=1.00->1.00 safety=0+0.00sigma scale=0.00->0.00 pass_reference_only=0.0%
  Joint train structure: Keep P/R/F1=0.566/0.637/0.598, critical_false_delete=0.359, proposal R@.005/.01/.02=0.792/0.998/1.000, parameter_bias=8.751e-03, count-cal loss=1.372e-01, score/target/bias/MAE=36.69/32.78/+3.91/9.43, fine-risk mean/std/range=0.977/0.081/0.497, fine-loss/rank=7.708e-01/2.127e+00
  Feasibility chain: numerical Teacher pass/MSE=99.0%/8.548e-05, student teacher-mask pass/MSE=97.0%/7.872e-05, student one-shot pass/MSE=21.1%/1.381e-03, teacher-source |K gap|=3.09
  Synthetic K=56: n=46, dense=80.4%, deployment=0.0%
  Synthetic: dense=98.5%, deployment=24.3%, MSE=9.880e-04, K=42.16, targetK=31.74, count_MAE=11.56, bias=+10.42, knot_F1@0.01=0.676, param_RMSE=1.739e-02
  uji_pen_characters_v2: dense=100.0%, deployment=80.0%, MSE=4.802e-04, K=36.83
  natural_earth_10m_coastline: dense=97.0%, deployment=60.0%, MSE=1.501e-03, K=35.16
  usgs_tnm_contours_large_scale: dense=100.0%, deployment=59.0%, MSE=1.181e-03, K=29.06
  industrial_model_offset_curves: dense=100.0%, deployment=88.2%, MSE=3.719e-05, K=42.56
Epoch 115/128 joint_finetune [........................] 1/47 MSE=7.848e-04 pass=28.1% K=42.2 feasibleK=34.0 countMAE=10.53 lr=proposal:0.0e+00/parameter:0.0e+00/selector:2.0e-04/decoder:5.0e-05
Epoch 115/128 joint_finetune [=====...................] 10/47 MSE=1.655e-03 pass=20.3% K=36.4 feasibleK=34.6 countMAE=9.42 lr=proposal:0.0e+00/parameter:0.0e+00/selector:2.0e-04/decoder:5.0e-05
Epoch 115/128 joint_finetune [==========..............] 20/47 MSE=1.249e-03 pass=20.3% K=39.9 feasibleK=34.3 countMAE=9.59 lr=proposal:0.0e+00/parameter:0.0e+00/selector:2.0e-04/decoder:5.0e-05
Epoch 115/128 joint_finetune [===============.........] 30/47 MSE=1.609e-03 pass=15.6% K=36.2 feasibleK=33.2 countMAE=10.44 lr=proposal:0.0e+00/parameter:0.0e+00/selector:2.0e-04/decoder:5.0e-05
Epoch 115/128 joint_finetune [====================....] 40/47 MSE=1.755e-03 pass=15.6% K=32.7 feasibleK=33.4 countMAE=7.38 lr=proposal:0.0e+00/parameter:0.0e+00/selector:2.0e-04/decoder:5.0e-05
Epoch 115/128 joint_finetune [========================] 47/47 MSE=1.316e-03 pass=21.4% K=38.4 feasibleK=32.8 countMAE=10.77 lr=proposal:0.0e+00/parameter:0.0e+00/selector:2.0e-04/decoder:5.0e-05
  validation [=.......................] 1/16 
  validation [===============.........] 10/16 
  validation [========================] 16/16 
Epoch 115 phase=joint_finetune lr=proposal:0.0e+00/parameter:0.0e+00/selector:2.0e-04/decoder:5.0e-05 val dense=98.8% deployment=45.2% worst-source=26.3% qualification=0.0% MSE=8.604e-04 K=39.74 mass=39.19 beta=4.86 soft_cost=2.5791 selection_score=-2.5791 complexity=1.00->1.00 safety=0+0.00sigma scale=0.00->0.00 pass_reference_only=0.0%
  Joint train structure: Keep P/R/F1=0.564/0.640/0.598, critical_false_delete=0.356, proposal R@.005/.01/.02=0.792/0.998/1.000, parameter_bias=8.725e-03, count-cal loss=1.425e-01, score/target/bias/MAE=36.96/32.78/+4.18/10.04, fine-risk mean/std/range=0.976/0.081/0.496, fine-loss/rank=7.788e-01/2.135e+00
  Feasibility chain: numerical Teacher pass/MSE=99.0%/8.548e-05, student teacher-mask pass/MSE=98.0%/7.655e-05, student one-shot pass/MSE=23.0%/1.377e-03, teacher-source |K gap|=3.09
  Synthetic K=56: n=46, dense=80.4%, deployment=0.0%
  Synthetic: dense=98.5%, deployment=26.3%, MSE=1.049e-03, K=41.42, targetK=31.74, count_MAE=11.65, bias=+9.69, knot_F1@0.01=0.673, param_RMSE=1.710e-02
  uji_pen_characters_v2: dense=100.0%, deployment=84.0%, MSE=1.016e-04, K=40.97
  natural_earth_10m_coastline: dense=97.0%, deployment=59.0%, MSE=8.847e-04, K=34.01
  usgs_tnm_contours_large_scale: dense=100.0%, deployment=61.0%, MSE=1.240e-03, K=30.08
  industrial_model_offset_curves: dense=100.0%, deployment=93.5%, MSE=2.779e-05, K=44.12
Epoch 116/128 joint_finetune [........................] 1/47 MSE=1.103e-03 pass=26.6% K=40.8 feasibleK=34.5 countMAE=10.64 lr=proposal:0.0e+00/parameter:0.0e+00/selector:2.0e-04/decoder:5.0e-05
Epoch 116/128 joint_finetune [=====...................] 10/47 MSE=1.298e-03 pass=20.3% K=40.0 feasibleK=35.1 countMAE=9.62 lr=proposal:0.0e+00/parameter:0.0e+00/selector:2.0e-04/decoder:5.0e-05
Epoch 116/128 joint_finetune [==========..............] 20/47 MSE=1.214e-03 pass=25.0% K=37.4 feasibleK=32.5 countMAE=8.62 lr=proposal:0.0e+00/parameter:0.0e+00/selector:2.0e-04/decoder:5.0e-05
Epoch 116/128 joint_finetune [===============.........] 30/47 MSE=2.069e-03 pass=18.8% K=27.2 feasibleK=30.3 countMAE=9.19 lr=proposal:0.0e+00/parameter:0.0e+00/selector:2.0e-04/decoder:5.0e-05
Epoch 116/128 joint_finetune [====================....] 40/47 MSE=1.951e-03 pass=15.6% K=34.8 feasibleK=35.5 countMAE=9.55 lr=proposal:0.0e+00/parameter:0.0e+00/selector:2.0e-04/decoder:5.0e-05
Epoch 116/128 joint_finetune [========================] 47/47 MSE=1.201e-03 pass=28.6% K=38.8 feasibleK=33.0 countMAE=9.38 lr=proposal:0.0e+00/parameter:0.0e+00/selector:2.0e-04/decoder:5.0e-05
  validation [=.......................] 1/16 
  validation [===============.........] 10/16 
  validation [========================] 16/16 
Epoch 116 phase=joint_finetune lr=proposal:0.0e+00/parameter:0.0e+00/selector:2.0e-04/decoder:5.0e-05 val dense=98.8% deployment=46.9% worst-source=29.8% qualification=0.0% MSE=7.770e-04 K=39.04 mass=38.49 beta=4.67 soft_cost=2.4604 selection_score=-2.4604 complexity=1.00->1.00 safety=0+0.00sigma scale=0.00->0.00 pass_reference_only=0.0%
  Joint train structure: Keep P/R/F1=0.563/0.625/0.590, critical_false_delete=0.371, proposal R@.005/.01/.02=0.792/0.998/1.000, parameter_bias=8.710e-03, count-cal loss=1.536e-01, score/target/bias/MAE=36.18/32.78/+3.41/10.42, fine-risk mean/std/range=0.976/0.081/0.496, fine-loss/rank=8.039e-01/2.131e+00
  Feasibility chain: numerical Teacher pass/MSE=99.0%/8.548e-05, student teacher-mask pass/MSE=97.2%/7.919e-05, student one-shot pass/MSE=23.5%/1.459e-03, teacher-source |K gap|=3.09
  Synthetic K=56: n=46, dense=80.4%, deployment=0.0%
  Synthetic: dense=98.5%, deployment=29.8%, MSE=9.322e-04, K=42.26, targetK=31.74, count_MAE=11.99, bias=+10.52, knot_F1@0.01=0.682, param_RMSE=1.715e-02
  uji_pen_characters_v2: dense=100.0%, deployment=83.0%, MSE=1.489e-04, K=38.95
  natural_earth_10m_coastline: dense=97.0%, deployment=58.0%, MSE=8.052e-04, K=33.38
  usgs_tnm_contours_large_scale: dense=100.0%, deployment=60.0%, MSE=1.138e-03, K=27.12
  industrial_model_offset_curves: dense=100.0%, deployment=92.5%, MSE=3.297e-05, K=37.27
Epoch 117/128 joint_finetune [........................] 1/47 MSE=9.374e-04 pass=35.9% K=41.0 feasibleK=32.3 countMAE=11.81 lr=proposal:0.0e+00/parameter:0.0e+00/selector:2.0e-04/decoder:5.0e-05
Epoch 117/128 joint_finetune [=====...................] 10/47 MSE=1.018e-03 pass=29.7% K=42.8 feasibleK=35.8 countMAE=9.70 lr=proposal:0.0e+00/parameter:0.0e+00/selector:2.0e-04/decoder:5.0e-05
Epoch 117/128 joint_finetune [==========..............] 20/47 MSE=1.707e-03 pass=15.6% K=34.3 feasibleK=34.4 countMAE=8.06 lr=proposal:0.0e+00/parameter:0.0e+00/selector:2.0e-04/decoder:5.0e-05
Epoch 117/128 joint_finetune [===============.........] 30/47 MSE=9.164e-04 pass=34.4% K=43.1 feasibleK=34.0 countMAE=11.02 lr=proposal:0.0e+00/parameter:0.0e+00/selector:2.0e-04/decoder:5.0e-05
Epoch 117/128 joint_finetune [====================....] 40/47 MSE=1.138e-03 pass=29.7% K=38.4 feasibleK=31.5 countMAE=11.11 lr=proposal:0.0e+00/parameter:0.0e+00/selector:2.0e-04/decoder:5.0e-05
Epoch 117/128 joint_finetune [========================] 47/47 MSE=1.506e-03 pass=26.8% K=36.2 feasibleK=32.4 countMAE=11.73 lr=proposal:0.0e+00/parameter:0.0e+00/selector:2.0e-04/decoder:5.0e-05
  validation [=.......................] 1/16 
  validation [===============.........] 10/16 
  validation [========================] 16/16 
Epoch 117 phase=joint_finetune lr=proposal:0.0e+00/parameter:0.0e+00/selector:2.0e-04/decoder:5.0e-05 val dense=98.8% deployment=36.0% worst-source=16.8% qualification=0.0% MSE=1.316e-03 K=34.13 mass=33.56 beta=5.15 soft_cost=3.1029 selection_score=-3.1029 complexity=1.00->1.00 safety=0+0.00sigma scale=0.00->0.00 pass_reference_only=0.0%
  Joint train structure: Keep P/R/F1=0.556/0.654/0.600, critical_false_delete=0.343, proposal R@.005/.01/.02=0.792/0.998/1.000, parameter_bias=8.717e-03, count-cal loss=1.460e-01, score/target/bias/MAE=38.39/32.78/+5.61/10.44, fine-risk mean/std/range=0.977/0.081/0.496, fine-loss/rank=7.681e-01/2.176e+00
  Feasibility chain: numerical Teacher pass/MSE=99.0%/8.548e-05, student teacher-mask pass/MSE=97.7%/7.685e-05, student one-shot pass/MSE=28.5%/1.167e-03, teacher-source |K gap|=3.09
  Synthetic K=56: n=46, dense=80.4%, deployment=0.0%
  Synthetic: dense=98.5%, deployment=16.8%, MSE=1.624e-03, K=36.33, targetK=31.74, count_MAE=8.92, bias=+4.60, knot_F1@0.01=0.657, param_RMSE=1.706e-02
  uji_pen_characters_v2: dense=100.0%, deployment=83.0%, MSE=2.883e-04, K=37.68
  natural_earth_10m_coastline: dense=97.0%, deployment=52.0%, MSE=1.330e-03, K=30.95
  usgs_tnm_contours_large_scale: dense=100.0%, deployment=41.0%, MSE=1.635e-03, K=21.48
  industrial_model_offset_curves: dense=100.0%, deployment=86.0%, MSE=7.481e-05, K=33.16
Epoch 118/128 joint_finetune [........................] 1/47 MSE=1.671e-03 pass=14.1% K=33.2 feasibleK=32.5 countMAE=7.92 lr=proposal:0.0e+00/parameter:0.0e+00/selector:2.0e-04/decoder:5.0e-05
Epoch 118/128 joint_finetune [=====...................] 10/47 MSE=7.083e-04 pass=40.6% K=43.0 feasibleK=30.8 countMAE=13.42 lr=proposal:0.0e+00/parameter:0.0e+00/selector:2.0e-04/decoder:5.0e-05
Epoch 118/128 joint_finetune [==========..............] 20/47 MSE=1.506e-03 pass=21.9% K=38.2 feasibleK=33.2 countMAE=11.91 lr=proposal:0.0e+00/parameter:0.0e+00/selector:2.0e-04/decoder:5.0e-05
Epoch 118/128 joint_finetune [===============.........] 30/47 MSE=1.505e-03 pass=32.8% K=35.8 feasibleK=31.8 countMAE=11.61 lr=proposal:0.0e+00/parameter:0.0e+00/selector:2.0e-04/decoder:5.0e-05
Epoch 118/128 joint_finetune [====================....] 40/47 MSE=1.541e-03 pass=25.0% K=37.5 feasibleK=35.5 countMAE=9.81 lr=proposal:0.0e+00/parameter:0.0e+00/selector:2.0e-04/decoder:5.0e-05
Epoch 118/128 joint_finetune [========================] 47/47 MSE=1.288e-03 pass=25.0% K=37.9 feasibleK=31.9 countMAE=10.84 lr=proposal:0.0e+00/parameter:0.0e+00/selector:2.0e-04/decoder:5.0e-05
  validation [=.......................] 1/16 
  validation [===============.........] 10/16 
  validation [========================] 16/16 
Epoch 118 phase=joint_finetune lr=proposal:0.0e+00/parameter:0.0e+00/selector:2.0e-04/decoder:5.0e-05 val dense=98.8% deployment=43.8% worst-source=26.0% qualification=0.0% MSE=9.251e-04 K=38.33 mass=37.75 beta=4.98 soft_cost=2.6236 selection_score=-2.6236 complexity=1.00->1.00 safety=0+0.00sigma scale=0.00->0.00 pass_reference_only=0.0%
  Joint train structure: Keep P/R/F1=0.564/0.625/0.592, critical_false_delete=0.371, proposal R@.005/.01/.02=0.792/0.998/1.000, parameter_bias=8.705e-03, count-cal loss=1.530e-01, score/target/bias/MAE=36.07/32.78/+3.30/10.08, fine-risk mean/std/range=0.977/0.081/0.496, fine-loss/rank=8.460e-01/2.185e+00
  Feasibility chain: numerical Teacher pass/MSE=99.0%/8.548e-05, student teacher-mask pass/MSE=97.6%/7.574e-05, student one-shot pass/MSE=24.5%/1.454e-03, teacher-source |K gap|=3.09
  Synthetic K=56: n=46, dense=80.4%, deployment=0.0%
  Synthetic: dense=98.5%, deployment=26.0%, MSE=1.014e-03, K=41.79, targetK=31.74, count_MAE=11.75, bias=+10.05, knot_F1@0.01=0.676, param_RMSE=1.731e-02
  uji_pen_characters_v2: dense=100.0%, deployment=80.0%, MSE=4.751e-04, K=36.75
  natural_earth_10m_coastline: dense=97.0%, deployment=61.0%, MSE=9.945e-04, K=33.65
  usgs_tnm_contours_large_scale: dense=100.0%, deployment=53.0%, MSE=1.597e-03, K=24.85
  industrial_model_offset_curves: dense=100.0%, deployment=91.4%, MSE=3.877e-05, K=37.18
Epoch 119/128 joint_finetune [........................] 1/47 MSE=1.176e-03 pass=20.3% K=38.6 feasibleK=32.5 countMAE=10.14 lr=proposal:0.0e+00/parameter:0.0e+00/selector:2.0e-04/decoder:5.0e-05
Epoch 119/128 joint_finetune [=====...................] 10/47 MSE=1.177e-03 pass=26.6% K=37.9 feasibleK=32.4 countMAE=10.66 lr=proposal:0.0e+00/parameter:0.0e+00/selector:2.0e-04/decoder:5.0e-05
Epoch 119/128 joint_finetune [==========..............] 20/47 MSE=1.384e-03 pass=21.9% K=40.9 feasibleK=37.2 countMAE=8.62 lr=proposal:0.0e+00/parameter:0.0e+00/selector:2.0e-04/decoder:5.0e-05
Epoch 119/128 joint_finetune [===============.........] 30/47 MSE=1.096e-03 pass=29.7% K=41.2 feasibleK=32.5 countMAE=12.09 lr=proposal:0.0e+00/parameter:0.0e+00/selector:2.0e-04/decoder:5.0e-05
Epoch 119/128 joint_finetune [====================....] 40/47 MSE=1.731e-03 pass=25.0% K=33.5 feasibleK=31.5 countMAE=11.39 lr=proposal:0.0e+00/parameter:0.0e+00/selector:2.0e-04/decoder:5.0e-05
Epoch 119/128 joint_finetune [========================] 47/47 MSE=1.463e-03 pass=30.4% K=37.4 feasibleK=33.3 countMAE=12.61 lr=proposal:0.0e+00/parameter:0.0e+00/selector:2.0e-04/decoder:5.0e-05
  validation [=.......................] 1/16 
  validation [===============.........] 10/16 
  validation [========================] 16/16 
Epoch 119 phase=joint_finetune lr=proposal:0.0e+00/parameter:0.0e+00/selector:2.0e-04/decoder:5.0e-05 val dense=98.8% deployment=41.3% worst-source=23.8% qualification=0.0% MSE=1.335e-03 K=35.29 mass=34.68 beta=5.34 soft_cost=2.9858 selection_score=-2.9858 complexity=1.00->1.00 safety=0+0.00sigma scale=0.00->0.00 pass_reference_only=0.0%
  Joint train structure: Keep P/R/F1=0.557/0.638/0.594, critical_false_delete=0.359, proposal R@.005/.01/.02=0.792/0.998/1.000, parameter_bias=8.692e-03, count-cal loss=1.509e-01, score/target/bias/MAE=37.26/32.78/+4.48/10.61, fine-risk mean/std/range=0.976/0.081/0.496, fine-loss/rank=7.899e-01/2.152e+00
  Feasibility chain: numerical Teacher pass/MSE=99.0%/8.548e-05, student teacher-mask pass/MSE=97.7%/7.571e-05, student one-shot pass/MSE=27.0%/1.329e-03, teacher-source |K gap|=3.09
  Synthetic K=56: n=46, dense=80.4%, deployment=0.0%
  Synthetic: dense=98.5%, deployment=23.8%, MSE=1.660e-03, K=36.41, targetK=31.74, count_MAE=10.30, bias=+4.67, knot_F1@0.01=0.659, param_RMSE=1.733e-02
  uji_pen_characters_v2: dense=100.0%, deployment=74.0%, MSE=4.198e-04, K=34.95
  natural_earth_10m_coastline: dense=97.0%, deployment=57.0%, MSE=1.227e-03, K=32.32
  usgs_tnm_contours_large_scale: dense=100.0%, deployment=51.0%, MSE=1.620e-03, K=25.34
  industrial_model_offset_curves: dense=100.0%, deployment=91.4%, MSE=2.967e-05, K=42.30
Epoch 120/128 joint_finetune [........................] 1/47 MSE=1.830e-03 pass=21.9% K=34.3 feasibleK=34.0 countMAE=10.33 lr=proposal:0.0e+00/parameter:0.0e+00/selector:2.0e-04/decoder:5.0e-05
Epoch 120/128 joint_finetune [=====...................] 10/47 MSE=1.222e-03 pass=35.9% K=40.3 feasibleK=32.5 countMAE=11.84 lr=proposal:0.0e+00/parameter:0.0e+00/selector:2.0e-04/decoder:5.0e-05
Epoch 120/128 joint_finetune [==========..............] 20/47 MSE=1.127e-03 pass=29.7% K=39.0 feasibleK=32.2 countMAE=11.16 lr=proposal:0.0e+00/parameter:0.0e+00/selector:2.0e-04/decoder:5.0e-05
Epoch 120/128 joint_finetune [===============.........] 30/47 MSE=1.423e-03 pass=25.0% K=37.1 feasibleK=33.1 countMAE=10.42 lr=proposal:0.0e+00/parameter:0.0e+00/selector:2.0e-04/decoder:5.0e-05
Epoch 120/128 joint_finetune [====================....] 40/47 MSE=1.312e-03 pass=25.0% K=39.7 feasibleK=34.7 countMAE=9.92 lr=proposal:0.0e+00/parameter:0.0e+00/selector:2.0e-04/decoder:5.0e-05
Epoch 120/128 joint_finetune [========================] 47/47 MSE=9.605e-04 pass=30.4% K=40.8 feasibleK=31.1 countMAE=12.07 lr=proposal:0.0e+00/parameter:0.0e+00/selector:2.0e-04/decoder:5.0e-05
  validation [=.......................] 1/16 
  validation [===============.........] 10/16 
  validation [========================] 16/16 
Epoch 120 phase=joint_finetune lr=proposal:0.0e+00/parameter:0.0e+00/selector:2.0e-04/decoder:5.0e-05 val dense=98.8% deployment=43.5% worst-source=25.7% qualification=0.0% MSE=9.034e-04 K=38.93 mass=38.34 beta=5.06 soft_cost=2.6313 selection_score=-2.6313 complexity=1.00->1.00 safety=0+0.00sigma scale=0.00->0.00 pass_reference_only=0.0%
  Joint train structure: Keep P/R/F1=0.560/0.654/0.602, critical_false_delete=0.342, proposal R@.005/.01/.02=0.792/0.998/1.000, parameter_bias=8.708e-03, count-cal loss=1.557e-01, score/target/bias/MAE=38.08/32.78/+5.30/10.83, fine-risk mean/std/range=0.977/0.081/0.496, fine-loss/rank=7.811e-01/2.172e+00
  Feasibility chain: numerical Teacher pass/MSE=99.0%/8.548e-05, student teacher-mask pass/MSE=97.8%/7.490e-05, student one-shot pass/MSE=27.2%/1.257e-03, teacher-source |K gap|=3.09
  Synthetic K=56: n=46, dense=80.4%, deployment=0.0%
  Synthetic: dense=98.5%, deployment=25.7%, MSE=1.016e-03, K=41.98, targetK=31.74, count_MAE=11.87, bias=+10.25, knot_F1@0.01=0.679, param_RMSE=1.721e-02
  uji_pen_characters_v2: dense=100.0%, deployment=78.0%, MSE=4.115e-04, K=37.72
  natural_earth_10m_coastline: dense=97.0%, deployment=62.0%, MSE=1.046e-03, K=35.14
  usgs_tnm_contours_large_scale: dense=100.0%, deployment=55.0%, MSE=1.370e-03, K=27.06
  industrial_model_offset_curves: dense=100.0%, deployment=89.2%, MSE=4.878e-05, K=37.38
Epoch 121/128 joint_finetune [........................] 1/47 MSE=1.155e-03 pass=28.1% K=39.6 feasibleK=32.5 countMAE=10.25 lr=proposal:0.0e+00/parameter:0.0e+00/selector:2.0e-04/decoder:5.0e-05
Epoch 121/128 joint_finetune [=====...................] 10/47 MSE=1.051e-03 pass=26.6% K=44.2 feasibleK=34.2 countMAE=13.25 lr=proposal:0.0e+00/parameter:0.0e+00/selector:2.0e-04/decoder:5.0e-05
Epoch 121/128 joint_finetune [==========..............] 20/47 MSE=1.550e-03 pass=31.2% K=35.7 feasibleK=33.0 countMAE=10.36 lr=proposal:0.0e+00/parameter:0.0e+00/selector:2.0e-04/decoder:5.0e-05
Epoch 121/128 joint_finetune [===============.........] 30/47 MSE=1.496e-03 pass=28.1% K=39.7 feasibleK=35.0 countMAE=10.86 lr=proposal:0.0e+00/parameter:0.0e+00/selector:2.0e-04/decoder:5.0e-05
Epoch 121/128 joint_finetune [====================....] 40/47 MSE=1.570e-03 pass=17.2% K=36.0 feasibleK=32.8 countMAE=9.19 lr=proposal:0.0e+00/parameter:0.0e+00/selector:2.0e-04/decoder:5.0e-05
Epoch 121/128 joint_finetune [========================] 47/47 MSE=1.265e-03 pass=23.2% K=37.9 feasibleK=33.2 countMAE=10.89 lr=proposal:0.0e+00/parameter:0.0e+00/selector:2.0e-04/decoder:5.0e-05
  validation [=.......................] 1/16 
  validation [===============.........] 10/16 
  validation [========================] 16/16 
Epoch 121 phase=joint_finetune lr=proposal:0.0e+00/parameter:0.0e+00/selector:2.0e-04/decoder:5.0e-05 val dense=98.8% deployment=43.5% worst-source=24.7% qualification=0.0% MSE=1.040e-03 K=38.71 mass=38.12 beta=5.69 soft_cost=2.7481 selection_score=-2.7481 complexity=1.00->1.00 safety=0+0.00sigma scale=0.00->0.00 pass_reference_only=0.0%
  Joint train structure: Keep P/R/F1=0.562/0.643/0.599, critical_false_delete=0.353, proposal R@.005/.01/.02=0.792/0.998/1.000, parameter_bias=8.750e-03, count-cal loss=1.529e-01, score/target/bias/MAE=37.27/32.78/+4.49/10.38, fine-risk mean/std/range=0.977/0.081/0.497, fine-loss/rank=7.817e-01/2.137e+00
  Feasibility chain: numerical Teacher pass/MSE=99.0%/8.548e-05, student teacher-mask pass/MSE=97.6%/7.647e-05, student one-shot pass/MSE=25.9%/1.351e-03, teacher-source |K gap|=3.09
  Synthetic K=56: n=46, dense=80.4%, deployment=0.0%
  Synthetic: dense=98.5%, deployment=24.7%, MSE=1.201e-03, K=40.62, targetK=31.74, count_MAE=11.14, bias=+8.89, knot_F1@0.01=0.666, param_RMSE=1.711e-02
  uji_pen_characters_v2: dense=100.0%, deployment=85.0%, MSE=2.523e-04, K=39.73
  natural_earth_10m_coastline: dense=97.0%, deployment=59.0%, MSE=1.425e-03, K=34.79
  usgs_tnm_contours_large_scale: dense=100.0%, deployment=57.0%, MSE=1.388e-03, K=28.68
  industrial_model_offset_curves: dense=100.0%, deployment=89.2%, MSE=5.759e-05, K=40.25
Epoch 122/128 joint_finetune [........................] 1/47 MSE=1.040e-03 pass=31.2% K=37.6 feasibleK=31.5 countMAE=9.69 lr=proposal:0.0e+00/parameter:0.0e+00/selector:2.0e-04/decoder:5.0e-05
Epoch 122/128 joint_finetune [=====...................] 10/47 MSE=1.572e-03 pass=25.0% K=33.7 feasibleK=31.4 countMAE=9.27 lr=proposal:0.0e+00/parameter:0.0e+00/selector:2.0e-04/decoder:5.0e-05
Epoch 122/128 joint_finetune [==========..............] 20/47 MSE=1.346e-03 pass=21.9% K=41.8 feasibleK=33.8 countMAE=13.14 lr=proposal:0.0e+00/parameter:0.0e+00/selector:2.0e-04/decoder:5.0e-05
Epoch 122/128 joint_finetune [===============.........] 30/47 MSE=1.098e-03 pass=26.6% K=40.0 feasibleK=33.8 countMAE=10.14 lr=proposal:0.0e+00/parameter:0.0e+00/selector:2.0e-04/decoder:5.0e-05
Epoch 122/128 joint_finetune [====================....] 40/47 MSE=1.672e-03 pass=21.9% K=33.9 feasibleK=31.3 countMAE=10.64 lr=proposal:0.0e+00/parameter:0.0e+00/selector:2.0e-04/decoder:5.0e-05
Epoch 122/128 joint_finetune [========================] 47/47 MSE=9.048e-04 pass=28.6% K=44.4 feasibleK=34.4 countMAE=12.21 lr=proposal:0.0e+00/parameter:0.0e+00/selector:2.0e-04/decoder:5.0e-05
  validation [=.......................] 1/16 
  validation [===============.........] 10/16 
  validation [========================] 16/16 
Epoch 122 phase=joint_finetune lr=proposal:0.0e+00/parameter:0.0e+00/selector:2.0e-04/decoder:5.0e-05 val dense=98.8% deployment=46.3% worst-source=26.8% qualification=0.0% MSE=8.411e-04 K=41.52 mass=40.97 beta=5.58 soft_cost=2.5832 selection_score=-2.5832 complexity=1.00->1.00 safety=0+0.00sigma scale=0.00->0.00 pass_reference_only=0.0%
  Joint train structure: Keep P/R/F1=0.557/0.653/0.600, critical_false_delete=0.343, proposal R@.005/.01/.02=0.792/0.998/1.000, parameter_bias=8.736e-03, count-cal loss=1.589e-01, score/target/bias/MAE=38.24/32.78/+5.46/10.87, fine-risk mean/std/range=0.977/0.081/0.496, fine-loss/rank=7.843e-01/2.171e+00
  Feasibility chain: numerical Teacher pass/MSE=99.0%/8.548e-05, student teacher-mask pass/MSE=97.2%/7.693e-05, student one-shot pass/MSE=25.9%/1.279e-03, teacher-source |K gap|=3.09
  Synthetic K=56: n=46, dense=80.4%, deployment=0.0%
  Synthetic: dense=98.5%, deployment=26.8%, MSE=1.016e-03, K=42.90, targetK=31.74, count_MAE=13.02, bias=+11.16, knot_F1@0.01=0.662, param_RMSE=1.735e-02
  uji_pen_characters_v2: dense=100.0%, deployment=85.0%, MSE=1.994e-04, K=41.35
  natural_earth_10m_coastline: dense=97.0%, deployment=62.0%, MSE=9.211e-04, K=36.40
  usgs_tnm_contours_large_scale: dense=100.0%, deployment=62.0%, MSE=1.114e-03, K=32.22
  industrial_model_offset_curves: dense=100.0%, deployment=96.8%, MSE=2.453e-05, K=48.32
Epoch 123/128 joint_finetune [........................] 1/47 MSE=9.418e-04 pass=35.9% K=42.0 feasibleK=32.7 countMAE=12.09 lr=proposal:0.0e+00/parameter:0.0e+00/selector:2.0e-04/decoder:5.0e-05
Epoch 123/128 joint_finetune [=====...................] 10/47 MSE=9.025e-04 pass=46.9% K=36.5 feasibleK=28.6 countMAE=12.03 lr=proposal:0.0e+00/parameter:0.0e+00/selector:2.0e-04/decoder:5.0e-05
Epoch 123/128 joint_finetune [==========..............] 20/47 MSE=1.520e-03 pass=25.0% K=36.1 feasibleK=33.8 countMAE=8.73 lr=proposal:0.0e+00/parameter:0.0e+00/selector:2.0e-04/decoder:5.0e-05
Epoch 123/128 joint_finetune [===============.........] 30/47 MSE=1.528e-03 pass=23.4% K=35.0 feasibleK=32.9 countMAE=12.03 lr=proposal:0.0e+00/parameter:0.0e+00/selector:2.0e-04/decoder:5.0e-05
Epoch 123/128 joint_finetune [====================....] 40/47 MSE=1.063e-03 pass=25.0% K=40.4 feasibleK=32.7 countMAE=11.66 lr=proposal:0.0e+00/parameter:0.0e+00/selector:2.0e-04/decoder:5.0e-05
Epoch 123/128 joint_finetune [========================] 47/47 MSE=8.625e-04 pass=32.1% K=40.4 feasibleK=30.9 countMAE=12.34 lr=proposal:0.0e+00/parameter:0.0e+00/selector:2.0e-04/decoder:5.0e-05
  validation [=.......................] 1/16 
  validation [===============.........] 10/16 
  validation [========================] 16/16 
Epoch 123 phase=joint_finetune lr=proposal:0.0e+00/parameter:0.0e+00/selector:2.0e-04/decoder:5.0e-05 val dense=98.8% deployment=44.2% worst-source=28.2% qualification=2.2% MSE=7.461e-04 K=42.69 mass=42.10 beta=5.14 soft_cost=2.4475 selection_score=-2.4475 complexity=1.00->1.00 safety=0+0.00sigma scale=0.00->0.00 pass_reference_only=2.2%
  Joint train structure: Keep P/R/F1=0.561/0.644/0.598, critical_false_delete=0.352, proposal R@.005/.01/.02=0.792/0.998/1.000, parameter_bias=8.676e-03, count-cal loss=1.677e-01, score/target/bias/MAE=37.40/32.78/+4.62/10.97, fine-risk mean/std/range=0.977/0.081/0.496, fine-loss/rank=8.006e-01/2.146e+00
  Feasibility chain: numerical Teacher pass/MSE=99.0%/8.548e-05, student teacher-mask pass/MSE=97.2%/7.655e-05, student one-shot pass/MSE=26.8%/1.336e-03, teacher-source |K gap|=3.09
  Synthetic K=56: n=46, dense=80.4%, deployment=2.2%
  Synthetic: dense=98.5%, deployment=28.2%, MSE=6.838e-04, K=47.20, targetK=31.74, count_MAE=16.14, bias=+15.46, knot_F1@0.01=0.677, param_RMSE=1.745e-02
  uji_pen_characters_v2: dense=100.0%, deployment=79.0%, MSE=4.681e-04, K=39.80
  natural_earth_10m_coastline: dense=97.0%, deployment=50.0%, MSE=1.428e-03, K=32.81
  usgs_tnm_contours_large_scale: dense=100.0%, deployment=56.0%, MSE=1.367e-03, K=28.85
  industrial_model_offset_curves: dense=100.0%, deployment=91.4%, MSE=4.572e-05, K=42.22
Epoch 124/128 joint_finetune [........................] 1/47 MSE=7.397e-04 pass=25.0% K=47.8 feasibleK=34.8 countMAE=14.16 lr=proposal:0.0e+00/parameter:0.0e+00/selector:2.0e-04/decoder:5.0e-05
Epoch 124/128 joint_finetune [=====...................] 10/47 MSE=1.230e-03 pass=23.4% K=43.2 feasibleK=36.7 countMAE=11.34 lr=proposal:0.0e+00/parameter:0.0e+00/selector:2.0e-04/decoder:5.0e-05
Epoch 124/128 joint_finetune [==========..............] 20/47 MSE=1.618e-03 pass=31.2% K=34.2 feasibleK=29.4 countMAE=13.16 lr=proposal:0.0e+00/parameter:0.0e+00/selector:2.0e-04/decoder:5.0e-05
Epoch 124/128 joint_finetune [===============.........] 30/47 MSE=9.200e-04 pass=31.2% K=40.0 feasibleK=31.2 countMAE=11.72 lr=proposal:0.0e+00/parameter:0.0e+00/selector:2.0e-04/decoder:5.0e-05
Epoch 124/128 joint_finetune [====================....] 40/47 MSE=9.491e-04 pass=28.1% K=39.9 feasibleK=31.7 countMAE=11.23 lr=proposal:0.0e+00/parameter:0.0e+00/selector:2.0e-04/decoder:5.0e-05
Epoch 124/128 joint_finetune [========================] 47/47 MSE=1.704e-03 pass=23.2% K=36.8 feasibleK=35.0 countMAE=10.11 lr=proposal:0.0e+00/parameter:0.0e+00/selector:2.0e-04/decoder:5.0e-05
  validation [=.......................] 1/16 
  validation [===============.........] 10/16 
  validation [========================] 16/16 
Epoch 124 phase=joint_finetune lr=proposal:0.0e+00/parameter:0.0e+00/selector:2.0e-04/decoder:5.0e-05 val dense=98.8% deployment=43.8% worst-source=25.8% qualification=0.0% MSE=1.112e-03 K=38.81 mass=38.25 beta=6.54 soft_cost=2.7774 selection_score=-2.7774 complexity=1.00->1.00 safety=0+0.00sigma scale=0.00->0.00 pass_reference_only=0.0%
  Joint train structure: Keep P/R/F1=0.556/0.661/0.600, critical_false_delete=0.336, proposal R@.005/.01/.02=0.792/0.998/1.000, parameter_bias=8.698e-03, count-cal loss=1.715e-01, score/target/bias/MAE=38.85/32.78/+6.07/12.16, fine-risk mean/std/range=0.977/0.081/0.496, fine-loss/rank=7.658e-01/2.134e+00
  Feasibility chain: numerical Teacher pass/MSE=99.0%/8.548e-05, student teacher-mask pass/MSE=96.4%/8.320e-05, student one-shot pass/MSE=28.1%/1.265e-03, teacher-source |K gap|=3.09
  Synthetic K=56: n=46, dense=80.4%, deployment=0.0%
  Synthetic: dense=98.5%, deployment=25.8%, MSE=1.418e-03, K=39.09, targetK=31.74, count_MAE=11.53, bias=+7.36, knot_F1@0.01=0.661, param_RMSE=1.675e-02
  uji_pen_characters_v2: dense=100.0%, deployment=80.0%, MSE=1.740e-04, K=42.80
  natural_earth_10m_coastline: dense=97.0%, deployment=61.0%, MSE=9.855e-04, K=36.09
  usgs_tnm_contours_large_scale: dense=100.0%, deployment=57.0%, MSE=1.347e-03, K=32.01
  industrial_model_offset_curves: dense=100.0%, deployment=88.2%, MSE=2.983e-05, K=42.99
Epoch 125/128 joint_finetune [........................] 1/47 MSE=1.213e-03 pass=25.0% K=37.2 feasibleK=33.7 countMAE=10.44 lr=proposal:0.0e+00/parameter:0.0e+00/selector:2.0e-04/decoder:5.0e-05
Epoch 125/128 joint_finetune [=====...................] 10/47 MSE=1.743e-03 pass=9.4% K=35.4 feasibleK=36.2 countMAE=6.92 lr=proposal:0.0e+00/parameter:0.0e+00/selector:2.0e-04/decoder:5.0e-05
Epoch 125/128 joint_finetune [==========..............] 20/47 MSE=5.912e-04 pass=45.3% K=46.6 feasibleK=32.0 countMAE=16.30 lr=proposal:0.0e+00/parameter:0.0e+00/selector:2.0e-04/decoder:5.0e-05
Epoch 125/128 joint_finetune [===============.........] 30/47 MSE=1.332e-03 pass=21.9% K=42.3 feasibleK=36.6 countMAE=9.83 lr=proposal:0.0e+00/parameter:0.0e+00/selector:2.0e-04/decoder:5.0e-05
Epoch 125/128 joint_finetune [====================....] 40/47 MSE=9.966e-04 pass=45.3% K=39.8 feasibleK=29.8 countMAE=14.61 lr=proposal:0.0e+00/parameter:0.0e+00/selector:2.0e-04/decoder:5.0e-05
Epoch 125/128 joint_finetune [========================] 47/47 MSE=2.312e-03 pass=14.3% K=28.9 feasibleK=32.9 countMAE=9.80 lr=proposal:0.0e+00/parameter:0.0e+00/selector:2.0e-04/decoder:5.0e-05
  validation [=.......................] 1/16 
  validation [===============.........] 10/16 
  validation [========================] 16/16 
Epoch 125 phase=joint_finetune lr=proposal:0.0e+00/parameter:0.0e+00/selector:2.0e-04/decoder:5.0e-05 val dense=98.8% deployment=35.4% worst-source=17.7% qualification=0.0% MSE=1.567e-03 K=33.45 mass=32.79 beta=6.45 soft_cost=3.2006 selection_score=-3.2006 complexity=1.00->1.00 safety=0+0.00sigma scale=0.00->0.00 pass_reference_only=0.0%
  Joint train structure: Keep P/R/F1=0.559/0.633/0.591, critical_false_delete=0.364, proposal R@.005/.01/.02=0.792/0.998/1.000, parameter_bias=8.701e-03, count-cal loss=1.690e-01, score/target/bias/MAE=36.92/32.78/+4.15/11.16, fine-risk mean/std/range=0.976/0.081/0.497, fine-loss/rank=8.141e-01/2.139e+00
  Feasibility chain: numerical Teacher pass/MSE=99.0%/8.548e-05, student teacher-mask pass/MSE=97.3%/7.646e-05, student one-shot pass/MSE=26.5%/1.411e-03, teacher-source |K gap|=3.09
  Synthetic K=56: n=46, dense=80.4%, deployment=0.0%
  Synthetic: dense=98.5%, deployment=17.7%, MSE=1.821e-03, K=34.86, targetK=31.74, count_MAE=9.98, bias=+3.12, knot_F1@0.01=0.661, param_RMSE=1.684e-02
  uji_pen_characters_v2: dense=100.0%, deployment=77.0%, MSE=2.600e-04, K=38.52
  natural_earth_10m_coastline: dense=97.0%, deployment=51.0%, MSE=1.914e-03, K=29.36
  usgs_tnm_contours_large_scale: dense=100.0%, deployment=39.0%, MSE=2.393e-03, K=20.26
  industrial_model_offset_curves: dense=100.0%, deployment=84.9%, MSE=6.668e-05, K=37.43
Epoch 126/128 joint_finetune [........................] 1/47 MSE=1.735e-03 pass=20.3% K=33.7 feasibleK=33.8 countMAE=9.98 lr=proposal:0.0e+00/parameter:0.0e+00/selector:2.0e-04/decoder:5.0e-05
Epoch 126/128 joint_finetune [=====...................] 10/47 MSE=9.450e-04 pass=35.9% K=38.2 feasibleK=29.9 countMAE=11.28 lr=proposal:0.0e+00/parameter:0.0e+00/selector:2.0e-04/decoder:5.0e-05
Epoch 126/128 joint_finetune [==========..............] 20/47 MSE=1.502e-03 pass=29.7% K=37.1 feasibleK=32.7 countMAE=10.67 lr=proposal:0.0e+00/parameter:0.0e+00/selector:2.0e-04/decoder:5.0e-05
Epoch 126/128 joint_finetune [===============.........] 30/47 MSE=1.421e-03 pass=28.1% K=36.1 feasibleK=33.0 countMAE=10.34 lr=proposal:0.0e+00/parameter:0.0e+00/selector:2.0e-04/decoder:5.0e-05
Epoch 126/128 joint_finetune [====================....] 40/47 MSE=1.505e-03 pass=28.1% K=38.0 feasibleK=33.5 countMAE=11.36 lr=proposal:0.0e+00/parameter:0.0e+00/selector:2.0e-04/decoder:5.0e-05
Epoch 126/128 joint_finetune [========================] 47/47 MSE=1.078e-03 pass=28.6% K=43.0 feasibleK=34.8 countMAE=11.86 lr=proposal:0.0e+00/parameter:0.0e+00/selector:2.0e-04/decoder:5.0e-05
  validation [=.......................] 1/16 
  validation [===============.........] 10/16 
  validation [========================] 16/16 
Epoch 126 phase=joint_finetune lr=proposal:0.0e+00/parameter:0.0e+00/selector:2.0e-04/decoder:5.0e-05 val dense=98.8% deployment=49.9% worst-source=34.5% qualification=0.0% MSE=8.974e-04 K=41.48 mass=40.92 beta=6.50 soft_cost=2.4838 selection_score=-2.4838 complexity=1.00->1.00 safety=0+0.00sigma scale=0.00->0.00 pass_reference_only=0.0%
  Joint train structure: Keep P/R/F1=0.564/0.653/0.603, critical_false_delete=0.343, proposal R@.005/.01/.02=0.792/0.998/1.000, parameter_bias=8.694e-03, count-cal loss=1.755e-01, score/target/bias/MAE=37.82/32.78/+5.04/11.38, fine-risk mean/std/range=0.976/0.081/0.496, fine-loss/rank=8.014e-01/2.149e+00
  Feasibility chain: numerical Teacher pass/MSE=99.0%/8.548e-05, student teacher-mask pass/MSE=97.3%/7.770e-05, student one-shot pass/MSE=28.1%/1.334e-03, teacher-source |K gap|=3.09
  Synthetic K=56: n=46, dense=80.4%, deployment=0.0%
  Synthetic: dense=98.5%, deployment=34.5%, MSE=9.967e-04, K=43.01, targetK=31.74, count_MAE=13.25, bias=+11.27, knot_F1@0.01=0.675, param_RMSE=1.747e-02
  uji_pen_characters_v2: dense=100.0%, deployment=81.0%, MSE=6.492e-04, K=42.99
  natural_earth_10m_coastline: dense=97.0%, deployment=59.0%, MSE=9.877e-04, K=35.43
  usgs_tnm_contours_large_scale: dense=100.0%, deployment=60.0%, MSE=1.275e-03, K=31.28
  industrial_model_offset_curves: dense=100.0%, deployment=95.7%, MSE=2.041e-05, K=47.47
Epoch 127/128 joint_finetune [........................] 1/47 MSE=1.135e-03 pass=37.5% K=40.0 feasibleK=30.8 countMAE=14.19 lr=proposal:0.0e+00/parameter:0.0e+00/selector:2.0e-04/decoder:5.0e-05
Epoch 127/128 joint_finetune [=====...................] 10/47 MSE=1.437e-03 pass=26.6% K=39.2 feasibleK=35.1 countMAE=10.80 lr=proposal:0.0e+00/parameter:0.0e+00/selector:2.0e-04/decoder:5.0e-05
Epoch 127/128 joint_finetune [==========..............] 20/47 MSE=1.637e-03 pass=21.9% K=32.6 feasibleK=30.9 countMAE=9.27 lr=proposal:0.0e+00/parameter:0.0e+00/selector:2.0e-04/decoder:5.0e-05
Epoch 127/128 joint_finetune [===============.........] 30/47 MSE=8.419e-04 pass=28.1% K=48.0 feasibleK=36.4 countMAE=13.44 lr=proposal:0.0e+00/parameter:0.0e+00/selector:2.0e-04/decoder:5.0e-05
Epoch 127/128 joint_finetune [====================....] 40/47 MSE=2.179e-03 pass=18.8% K=28.7 feasibleK=30.5 countMAE=9.59 lr=proposal:0.0e+00/parameter:0.0e+00/selector:2.0e-04/decoder:5.0e-05
Epoch 127/128 joint_finetune [========================] 47/47 MSE=1.157e-03 pass=33.9% K=35.6 feasibleK=28.5 countMAE=13.00 lr=proposal:0.0e+00/parameter:0.0e+00/selector:2.0e-04/decoder:5.0e-05
  validation [=.......................] 1/16 
  validation [===============.........] 10/16 
  validation [========================] 16/16 
Epoch 127 phase=joint_finetune lr=proposal:0.0e+00/parameter:0.0e+00/selector:2.0e-04/decoder:5.0e-05 val dense=98.8% deployment=47.2% worst-source=29.2% qualification=0.0% MSE=9.097e-04 K=40.82 mass=40.28 beta=6.48 soft_cost=2.5746 selection_score=-2.5746 complexity=1.00->1.00 safety=0+0.00sigma scale=0.00->0.00 pass_reference_only=0.0%
  Joint train structure: Keep P/R/F1=0.560/0.645/0.597, critical_false_delete=0.352, proposal R@.005/.01/.02=0.791/0.998/1.000, parameter_bias=8.667e-03, count-cal loss=1.715e-01, score/target/bias/MAE=37.55/32.78/+4.77/11.43, fine-risk mean/std/range=0.976/0.081/0.495, fine-loss/rank=8.198e-01/2.168e+00
  Feasibility chain: numerical Teacher pass/MSE=99.0%/8.548e-05, student teacher-mask pass/MSE=97.7%/7.475e-05, student one-shot pass/MSE=28.2%/1.366e-03, teacher-source |K gap|=3.09
  Synthetic K=56: n=46, dense=80.4%, deployment=0.0%
  Synthetic: dense=98.5%, deployment=29.2%, MSE=1.167e-03, K=41.39, targetK=31.74, count_MAE=12.60, bias=+9.65, knot_F1@0.01=0.666, param_RMSE=1.780e-02
  uji_pen_characters_v2: dense=100.0%, deployment=85.0%, MSE=1.990e-04, K=44.58
  natural_earth_10m_coastline: dense=97.0%, deployment=65.0%, MSE=7.971e-04, K=37.81
  usgs_tnm_contours_large_scale: dense=100.0%, deployment=58.0%, MSE=1.012e-03, K=30.54
  industrial_model_offset_curves: dense=100.0%, deployment=92.5%, MSE=2.322e-05, K=47.45
Epoch 128/128 joint_finetune [........................] 1/47 MSE=1.102e-03 pass=37.5% K=39.7 feasibleK=31.4 countMAE=13.44 lr=proposal:0.0e+00/parameter:0.0e+00/selector:2.0e-04/decoder:5.0e-05
Epoch 128/128 joint_finetune [=====...................] 10/47 MSE=1.118e-03 pass=31.2% K=38.0 feasibleK=31.7 countMAE=10.16 lr=proposal:0.0e+00/parameter:0.0e+00/selector:2.0e-04/decoder:5.0e-05
Epoch 128/128 joint_finetune [==========..............] 20/47 MSE=1.386e-03 pass=28.1% K=38.6 feasibleK=30.7 countMAE=13.09 lr=proposal:0.0e+00/parameter:0.0e+00/selector:2.0e-04/decoder:5.0e-05
Epoch 128/128 joint_finetune [===============.........] 30/47 MSE=1.312e-03 pass=20.3% K=38.1 feasibleK=33.4 countMAE=10.00 lr=proposal:0.0e+00/parameter:0.0e+00/selector:2.0e-04/decoder:5.0e-05
Epoch 128/128 joint_finetune [====================....] 40/47 MSE=1.075e-03 pass=29.7% K=40.7 feasibleK=34.6 countMAE=10.06 lr=proposal:0.0e+00/parameter:0.0e+00/selector:2.0e-04/decoder:5.0e-05
Epoch 128/128 joint_finetune [========================] 47/47 MSE=1.214e-03 pass=32.1% K=39.0 feasibleK=34.1 countMAE=12.93 lr=proposal:0.0e+00/parameter:0.0e+00/selector:2.0e-04/decoder:5.0e-05
  validation [=.......................] 1/16 
  validation [===============.........] 10/16 
  validation [========================] 16/16 
Epoch 128 phase=joint_finetune lr=proposal:0.0e+00/parameter:0.0e+00/selector:2.0e-04/decoder:5.0e-05 val dense=98.8% deployment=41.3% worst-source=26.0% qualification=0.0% MSE=1.120e-03 K=35.69 mass=35.02 beta=6.44 soft_cost=2.8113 selection_score=-2.8113 complexity=1.00->1.00 safety=0+0.00sigma scale=0.00->0.00 pass_reference_only=0.0%
  Joint train structure: Keep P/R/F1=0.555/0.678/0.610, critical_false_delete=0.318, proposal R@.005/.01/.02=0.791/0.998/1.000, parameter_bias=8.658e-03, count-cal loss=1.698e-01, score/target/bias/MAE=39.83/32.78/+7.06/11.96, fine-risk mean/std/range=0.977/0.081/0.496, fine-loss/rank=7.850e-01/2.206e+00
  Feasibility chain: numerical Teacher pass/MSE=99.0%/8.548e-05, student teacher-mask pass/MSE=97.2%/7.635e-05, student one-shot pass/MSE=32.4%/1.132e-03, teacher-source |K gap|=3.09
  Synthetic K=56: n=46, dense=80.4%, deployment=0.0%
  Synthetic: dense=98.5%, deployment=26.0%, MSE=1.288e-03, K=39.65, targetK=31.74, count_MAE=11.39, bias=+7.91, knot_F1@0.01=0.675, param_RMSE=1.754e-02
  uji_pen_characters_v2: dense=100.0%, deployment=77.0%, MSE=3.658e-04, K=32.92
  natural_earth_10m_coastline: dense=97.0%, deployment=50.0%, MSE=1.443e-03, K=28.31
  usgs_tnm_contours_large_scale: dense=100.0%, deployment=45.0%, MSE=1.483e-03, K=23.44
  industrial_model_offset_curves: dense=100.0%, deployment=88.2%, MSE=1.062e-04, K=34.26
Saved best v16: /home/feng/HouCode/SplineSurpervisedFitting/outputs/checkpoints/candidate_selection_v16_mse1e-4_sourcek56_kc72_feasible_teacher_linux_r1.pt; quality=supervised_fit_count_selected. Last/resume: /home/feng/HouCode/SplineSurpervisedFitting/outputs/checkpoints/candidate_selection_v16_mse1e-4_sourcek56_kc72_feasible_teacher_linux_r1.last.pt; Proposal best/final: /home/feng/HouCode/SplineSurpervisedFitting/outputs/checkpoints/candidate_selection_v16_mse1e-4_sourcek56_kc72_feasible_teacher_linux_r1.proposal.pt / /home/feng/HouCode/SplineSurpervisedFitting/outputs/checkpoints/candidate_selection_v16_mse1e-4_sourcek56_kc72_feasible_teacher_linux_r1.proposal.final.pt
