sample_index,sample_seed,execution_position,source_knot_count,canonical_knot_count,proposal_knot_count,source_internal_knots,canonical_internal_knots,proposal_internal_knots,parameter_rmse,method_orders,ours_knot_count,ours_count_bias_canonical,ours_count_bias_source,ours_fit_mse,ours_threshold_satisfied,ours_time_repeats_ms,ours_time_median_ms,ours_internal_knots,hard_knot_count,hard_count_bias_canonical,hard_count_bias_source,hard_fit_mse,hard_threshold_satisfied,hard_time_repeats_ms,hard_time_median_ms,hard_internal_knots,hard_accepted_deletions,ours_warped_internal_knots,ours_match_0.005_matched,ours_match_0.005_predicted,ours_match_0.005_target,ours_match_0.005_precision,ours_match_0.005_recall,ours_match_0.005_f1,ours_match_0.005_matched_mae,ours_match_0.005_error_sum,ours_match_0.010_matched,ours_match_0.010_predicted,ours_match_0.010_target,ours_match_0.010_precision,ours_match_0.010_recall,ours_match_0.010_f1,ours_match_0.010_matched_mae,ours_match_0.010_error_sum,ours_match_0.020_matched,ours_match_0.020_predicted,ours_match_0.020_target,ours_match_0.020_precision,ours_match_0.020_recall,ours_match_0.020_f1,ours_match_0.020_matched_mae,ours_match_0.020_error_sum,ours_match_0.050_matched,ours_match_0.050_predicted,ours_match_0.050_target,ours_match_0.050_precision,ours_match_0.050_recall,ours_match_0.050_f1,ours_match_0.050_matched_mae,ours_match_0.050_error_sum,hard_warped_internal_knots,hard_match_0.005_matched,hard_match_0.005_predicted,hard_match_0.005_target,hard_match_0.005_precision,hard_match_0.005_recall,hard_match_0.005_f1,hard_match_0.005_matched_mae,hard_match_0.005_error_sum,hard_match_0.010_matched,hard_match_0.010_predicted,hard_match_0.010_target,hard_match_0.010_precision,hard_match_0.010_recall,hard_match_0.010_f1,hard_match_0.010_matched_mae,hard_match_0.010_error_sum,hard_match_0.020_matched,hard_match_0.020_predicted,hard_match_0.020_target,hard_match_0.020_precision,hard_match_0.020_recall,hard_match_0.020_f1,hard_match_0.020_matched_mae,hard_match_0.020_error_sum,hard_match_0.050_matched,hard_match_0.050_predicted,hard_match_0.050_target,hard_match_0.050_precision,hard_match_0.050_recall,hard_match_0.050_f1,hard_match_0.050_matched_mae,hard_match_0.050_error_sum
854,20854,1,10,7,28,"[0.08628181368112564, 0.16604124009609222, 0.24678725004196167, 0.34748536348342896, 0.4081060290336609, 0.4811619818210602, 0.5983456969261169, 0.7229477763175964, 0.8408925533294678, 0.896142303943634]","[0.08628181368112564, 0.24678725004196167, 0.4081060290336609, 0.5983456969261169, 0.7229477763175964, 0.8408925533294678, 0.896142303943634]","[0.020877651870250702, 0.05104203522205353, 0.08592720329761505, 0.12712226808071136, 0.1735452264547348, 0.216232568025589, 0.2499847263097763, 0.288124680519104, 0.3184416890144348, 0.3514162600040436, 0.38305529952049255, 0.41542765498161316, 0.446293443441391, 0.47718438506126404, 0.5087365508079529, 0.5405941605567932, 0.572235107421875, 0.6028043031692505, 0.6334966421127319, 0.6654481887817383, 0.6989291906356812, 0.7337746620178223, 0.767585813999176, 0.7986859679222107, 0.8299833536148071, 0.863489031791687, 0.9013663530349731, 0.9433053135871887]",0.02710750326514244,"[""ours_then_hard"", ""hard_then_ours"", ""hard_then_ours""]",8,1,-2,0.0001721264998195693,False,"[14.8341, 19.2245, 19.7919]",19.2245,"[0.2386048138141632, 0.4723657965660095, 0.5395157337188721, 0.5761984586715698, 0.6534402370452881, 0.7064967155456543, 0.7564584016799927, 0.8826407790184021]",8,1,-2,2.4491577278240584e-05,True,"[190.462, 182.6663, 194.3526]",190.462,"[0.12712226808071136, 0.2499847263097763, 0.3514162600040436, 0.446293443441391, 0.6028043031692505, 0.6334966421127319, 0.7986859679222107, 0.8299833536148071]",20,"[0.19615601003170013, 0.4536270499229431, 0.5167059302330017, 0.5558269023895264, 0.6480299234390259, 0.7128894329071045, 0.7733668684959412, 0.9112699627876282]",0,8,7,0.0,0.0,0.0,,0.0,0,8,7,0.0,0.0,0.0,,0.0,2,8,7,0.25,0.2857142857142857,0.26666666666666666,0.012593001127243042,0.025186002254486084,4,8,7,0.5,0.5714285714285714,0.5333333333333333,0.02830645442008972,0.11322581768035889,"[0.09202014654874802, 0.20655156672000885, 0.31448444724082947, 0.4237136244773865, 0.5891541838645935, 0.6278369426727295, 0.821645975112915, 0.8616556525230408]",0,8,7,0.0,0.0,0.0,,0.0,2,8,7,0.25,0.2857142857142857,0.26666666666666666,0.0074649229645729065,0.014929845929145813,4,8,7,0.5,0.5714285714285714,0.5333333333333333,0.012446004897356033,0.04978401958942413,6,8,7,0.75,0.8571428571428571,0.7999999999999999,0.02075105905532837,0.12450635433197021
485,20485,2,6,5,28,"[0.12116242945194244, 0.2652527987957001, 0.3785913288593292, 0.49734872579574585, 0.6277991533279419, 0.8092501163482666]","[0.2652527987957001, 0.3785913288593292, 0.49734872579574585, 0.6277991533279419, 0.8092501163482666]","[0.020060408860445023, 0.05033940076828003, 0.08419273793697357, 0.12282172590494156, 0.16364504396915436, 0.204650416970253, 0.23977962136268616, 0.2708543539047241, 0.3006545901298523, 0.33100762963294983, 0.3609272241592407, 0.3917386531829834, 0.42193660140037537, 0.45198294520378113, 0.48200538754463196, 0.5128421187400818, 0.5439520478248596, 0.5754502415657043, 0.6073560118675232, 0.6406092047691345, 0.6753535270690918, 0.7119344472885132, 0.7492136359214783, 0.7842794060707092, 0.8173561096191406, 0.8530635833740234, 0.8939018249511719, 0.9389328360557556]",0.02145271562039852,"[""hard_then_ours"", ""hard_then_ours"", ""hard_then_ours""]",7,2,1,2.0476594727369957e-05,True,"[14.3309, 16.9721, 17.7318]",16.9721,"[0.1854541301727295, 0.22670170664787292, 0.3007265627384186, 0.39293110370635986, 0.49858665466308594, 0.6320053935050964, 0.7571662664413452]",6,1,0,2.0265442799427547e-05,True,"[188.2167, 186.0387, 182.2546]",186.0387,"[0.16364504396915436, 0.3006545901298523, 0.3917386531829834, 0.5439520478248596, 0.6406092047691345, 0.7842794060707092]",22,"[0.1500311642885208, 0.19302481412887573, 0.26959460973739624, 0.36799192428588867, 0.48044389486312866, 0.6224307417869568, 0.7625625729560852]",1,7,5,0.14285714285714285,0.2,0.16666666666666666,0.004341810941696167,0.004341810941696167,2,7,5,0.2857142857142857,0.4,0.3333333333333333,0.004855111241340637,0.009710222482681274,4,7,5,0.5714285714285714,0.8,0.6666666666666666,0.009303614497184753,0.037214457988739014,5,7,5,0.7142857142857143,1.0,0.8333333333333333,0.016780400276184083,0.08390200138092041,"[0.12967129051685333, 0.2695066034793854, 0.36638143658638, 0.5237708687782288, 0.6326662302017212, 0.7958101034164429]",2,6,5,0.3333333333333333,0.4,0.3636363636363636,0.0045604407787323,0.0091208815574646,2,6,5,0.3333333333333333,0.4,0.3636363636363636,0.0045604407787323,0.0091208815574646,4,6,5,0.6666666666666666,0.8,0.7272727272727272,0.008692696690559387,0.03477078676223755,5,6,5,0.8333333333333334,1.0,0.9090909090909091,0.012238585948944091,0.06119292974472046
270,20270,3,13,8,28,"[0.07391579449176788, 0.12000767141580582, 0.1953541338443756, 0.286424458026886, 0.3280426561832428, 0.3974490463733673, 0.4758635461330414, 0.5304281711578369, 0.624740481376648, 0.7026531100273132, 0.7748259902000427, 0.8622632026672363, 0.9157590866088867]","[0.07391579449176788, 0.1953541338443756, 0.286424458026886, 0.3280426561832428, 0.5304281711578369, 0.7026531100273132, 0.7748259902000427, 0.8622632026672363]","[0.019080232828855515, 0.04794970899820328, 0.08097200095653534, 0.11912035942077637, 0.1606420874595642, 0.20187067985534668, 0.23759447038173676, 0.26945585012435913, 0.3017715513706207, 0.3346153795719147, 0.36699339747428894, 0.3990977108478546, 0.43075379729270935, 0.46171557903289795, 0.493665874004364, 0.5254865288734436, 0.5561582446098328, 0.5863454937934875, 0.6164129376411438, 0.6468073725700378, 0.6789376139640808, 0.7142665386199951, 0.7508641481399536, 0.7849713563919067, 0.8160924911499023, 0.8491412997245789, 0.8895168304443359, 0.9359035491943359]",0.014167007058858871,"[""hard_then_ours"", ""hard_then_ours"", ""hard_then_ours""]",7,-1,-6,4.776470814249478e-05,False,"[17.0872, 15.3457, 16.9215]",16.9215,"[0.22210007905960083, 0.349067747592926, 0.3782769739627838, 0.4431299865245819, 0.574147641658783, 0.7972345948219299, 0.8045234084129333]",8,0,-5,1.9173605323885567e-05,True,"[209.217, 172.3298, 197.3893]",197.3893,"[0.08097200095653534, 0.23759447038173676, 0.26945585012435913, 0.3990977108478546, 0.43075379729270935, 0.5863454937934875, 0.8491412997245789, 0.8895168304443359]",20,"[0.1999252587556839, 0.3331226408481598, 0.3683968782424927, 0.4379504919052124, 0.5837271809577942, 0.8144482970237732, 0.8211089372634888]",1,7,8,0.14285714285714285,0.125,0.13333333333333333,0.004571124911308289,0.004571124911308289,2,7,8,0.2857142857142857,0.25,0.26666666666666666,0.00482555478811264,0.00965110957622528,2,7,8,0.2857142857142857,0.25,0.26666666666666666,0.00482555478811264,0.00965110957622528,5,7,8,0.7142857142857143,0.625,0.6666666666666666,0.034480020403862,0.17240010201931,"[0.067531056702137, 0.2160426825284958, 0.2553583085536957, 0.39275702834129333, 0.42621731758117676, 0.5910274982452393, 0.8685017824172974, 0.9116806387901306]",0,8,8,0.0,0.0,0.0,,0.0,2,8,8,0.25,0.25,0.25,0.0063116587698459625,0.012623317539691925,2,8,8,0.25,0.25,0.25,0.0063116587698459625,0.012623317539691925,4,8,8,0.5,0.5,0.5,0.016094503924250603,0.06437801569700241
957,20957,4,12,9,28,"[0.05537721887230873, 0.15332134068012238, 0.22563286125659943, 0.29178890585899353, 0.37313464283943176, 0.47049689292907715, 0.5486156344413757, 0.5977025628089905, 0.6549263000488281, 0.7244348526000977, 0.8046727180480957, 0.8981683254241943]","[0.05537721887230873, 0.15332134068012238, 0.22563286125659943, 0.47049689292907715, 0.5486156344413757, 0.5977025628089905, 0.6549263000488281, 0.7244348526000977, 0.8981683254241943]","[0.018951470032334328, 0.04833362251520157, 0.082256980240345, 0.12182628363370895, 0.16621828079223633, 0.20861288905143738, 0.24568071961402893, 0.27953752875328064, 0.31140270829200745, 0.34246858954429626, 0.3737470209598541, 0.40427324175834656, 0.43429332971572876, 0.46407970786094666, 0.4940432608127594, 0.5244562029838562, 0.5550783276557922, 0.5860351920127869, 0.6176113486289978, 0.6500256657600403, 0.6837489604949951, 0.7189983129501343, 0.7544059157371521, 0.7880186438560486, 0.8206892013549805, 0.8553189635276794, 0.8949635028839111, 0.9393734335899353]",0.00782182440161705,"[""hard_then_ours"", ""hard_then_ours"", ""ours_then_hard""]",10,1,-2,0.00010098578059114516,False,"[29.5486, 14.257, 16.1802]",16.1802,"[0.19693875312805176, 0.23422256112098694, 0.3146389424800873, 0.38284870982170105, 0.45012086629867554, 0.5587849617004395, 0.675045907497406, 0.7781776785850525, 0.8526912331581116, 0.9119211435317993]",11,2,-1,1.8828022803063504e-05,True,"[202.2394, 160.3488, 158.6955]",160.3488,"[0.082256980240345, 0.12182628363370895, 0.31140270829200745, 0.40427324175834656, 0.46407970786094666, 0.5550783276557922, 0.6176113486289978, 0.6837489604949951, 0.7189983129501343, 0.8206892013549805, 0.9393734335899353]",17,"[0.1865820586681366, 0.22850947082042694, 0.30288031697273254, 0.3790883421897888, 0.4473370909690857, 0.5520339012145996, 0.6681497097015381, 0.7789120674133301, 0.8634092807769775, 0.9223869442939758]",2,10,9,0.2,0.2222222222222222,0.2105263157894737,0.003147438168525696,0.006294876337051392,2,10,9,0.2,0.2222222222222222,0.2105263157894737,0.003147438168525696,0.006294876337051392,3,10,9,0.3,0.3333333333333333,0.3157894736842105,0.006506095329920451,0.019518285989761353,6,10,9,0.6,0.6666666666666666,0.631578947368421,0.01844964176416397,0.11069785058498383,"[0.07767671346664429, 0.10915672034025192, 0.2994763255119324, 0.40518900752067566, 0.46205759048461914, 0.5497393608093262, 0.6061050295829773, 0.6764743328094482, 0.711218535900116, 0.8295703530311584, 0.9460412263870239]",1,11,9,0.09090909090909091,0.1111111111111111,0.09999999999999999,0.0011237263679504395,0.0011237263679504395,3,11,9,0.2727272727272727,0.3333333333333333,0.3,0.005988498528798421,0.017965495586395264,4,11,9,0.36363636363636365,0.4444444444444444,0.39999999999999997,0.007795453071594238,0.031181812286376953,8,11,9,0.7272727272727273,0.8888888888888888,0.7999999999999999,0.020883357618004084,0.16706686094403267
430,20430,5,4,4,28,"[0.1183120608329773, 0.31761693954467773, 0.6114617586135864, 0.7691060304641724]","[0.1183120608329773, 0.31761693954467773, 0.6114617586135864, 0.7691060304641724]","[0.020221810787916183, 0.04976784437894821, 0.08330830931663513, 0.12077110260725021, 0.161081463098526, 0.20129340887069702, 0.2383100390434265, 0.2724277973175049, 0.30877023935317993, 0.34370744228363037, 0.37181365489959717, 0.4041649103164673, 0.43664106726646423, 0.4684663414955139, 0.5003945231437683, 0.5308129191398621, 0.5625529885292053, 0.5935822129249573, 0.625264585018158, 0.6574985384941101, 0.6913802623748779, 0.726780891418457, 0.7621104717254639, 0.7952308058738708, 0.8273860812187195, 0.8619983792304993, 0.9004621505737305, 0.9426906108856201]",0.029330004006624222,"[""ours_then_hard"", ""hard_then_ours"", ""hard_then_ours""]",6,2,2,1.3830125681124628e-05,True,"[18.0555, 20.2159, 14.1552]",18.0555,"[0.2039545476436615, 0.24358001351356506, 0.4071287512779236, 0.5318030714988708, 0.7159956693649292, 0.8234890103340149]",4,0,0,1.490932481829077e-05,True,"[191.7588, 214.8537, 237.2169]",214.8537,"[0.161081463098526, 0.43664106726646423, 0.625264585018158, 0.6574985384941101]",24,"[0.15818549692630768, 0.19745290279388428, 0.36577293276786804, 0.5143993496894836, 0.7296475172042847, 0.8441618084907532]",0,6,4,0.0,0.0,0.0,,0.0,0,6,4,0.0,0.0,0.0,,0.0,0,6,4,0.0,0.0,0.0,,0.0,3,6,4,0.5,0.75,0.6,0.042495980858802795,0.1274879425764084,"[0.1213928833603859, 0.401660680770874, 0.6224661469459534, 0.6643733382225037]",1,4,4,0.25,0.25,0.25,0.0030808225274086,0.0030808225274086,1,4,4,0.25,0.25,0.25,0.0030808225274086,0.0030808225274086,2,4,4,0.5,0.5,0.5,0.007042605429887772,0.014085210859775543,2,4,4,0.5,0.5,0.5,0.007042605429887772,0.014085210859775543
263,20263,6,15,8,28,"[0.03622172027826309, 0.11144419759511948, 0.15681251883506775, 0.22485092282295227, 0.27635446190834045, 0.3410624563694, 0.39539220929145813, 0.4897625148296356, 0.5605006217956543, 0.6547048687934875, 0.7284073829650879, 0.780724287033081, 0.8303554654121399, 0.9049911499023438, 0.9494133591651917]","[0.03622172027826309, 0.22485092282295227, 0.3410624563694, 0.5605006217956543, 0.6547048687934875, 0.7284073829650879, 0.8303554654121399, 0.9049911499023438]","[0.016858583316206932, 0.043628014624118805, 0.07304473966360092, 0.10796903073787689, 0.14718489348888397, 0.18766337633132935, 0.22594302892684937, 0.2593466341495514, 0.290271520614624, 0.32235974073410034, 0.35417211055755615, 0.38615143299102783, 0.41735732555389404, 0.44796356558799744, 0.4780941605567932, 0.5078997611999512, 0.5383386015892029, 0.5697064995765686, 0.6013651490211487, 0.6335930228233337, 0.66767418384552, 0.703836977481842, 0.7416297793388367, 0.7784022092819214, 0.8118821382522583, 0.8465760946273804, 0.8880298137664795, 0.9351785182952881]",0.02118758298456669,"[""ours_then_hard"", ""hard_then_ours"", ""ours_then_hard""]",9,1,-6,6.374424265231937e-05,False,"[13.6987, 19.3743, 18.1551]",18.1551,"[0.14979760348796844, 0.22563764452934265, 0.2672177851200104, 0.37409934401512146, 0.4460452198982239, 0.5350106358528137, 0.6039021611213684, 0.6641942262649536, 0.826688289642334]",10,2,-5,2.330436655029189e-05,True,"[165.9084, 169.3643, 225.199]",169.3643,"[0.043628014624118805, 0.22594302892684937, 0.2593466341495514, 0.35417211055755615, 0.38615143299102783, 0.5383386015892029, 0.6335930228233337, 0.66767418384552, 0.7784022092819214, 0.8880298137664795]",18,"[0.13022297620773315, 0.2088787704706192, 0.26071181893348694, 0.37571802735328674, 0.45663031935691833, 0.5536825656890869, 0.6325773596763611, 0.6990914344787598, 0.8554813861846924]",0,9,8,0.0,0.0,0.0,,0.0,1,9,8,0.1111111111111111,0.125,0.11764705882352941,0.006818056106567383,0.006818056106567383,2,9,8,0.2222222222222222,0.25,0.23529411764705882,0.011395104229450226,0.02279020845890045,6,9,8,0.6666666666666666,0.75,0.7058823529411765,0.02233585963646571,0.13401515781879425,"[0.035254739224910736, 0.20911112427711487, 0.2520023584365845, 0.3480548560619354, 0.3920285403728485, 0.5581963658332825, 0.6677491068840027, 0.702408492565155, 0.814841628074646, 0.9092540740966797]",3,10,8,0.3,0.375,0.33333333333333326,0.00251138707002004,0.00753416121006012,4,10,8,0.4,0.5,0.4444444444444445,0.00363164022564888,0.01452656090259552,7,10,8,0.7,0.875,0.7777777777777777,0.008403490696634566,0.058824434876441956,8,10,8,0.8,1.0,0.888888888888889,0.010602915659546852,0.08482332527637482
281,20281,7,14,9,28,"[0.06089390441775322, 0.12129713594913483, 0.21354368329048157, 0.2625938057899475, 0.3510711193084717, 0.44493111968040466, 0.48304811120033264, 0.5781905055046082, 0.6250118017196655, 0.7122880220413208, 0.7525517344474792, 0.8210018873214722, 0.9080172181129456, 0.9602084159851074]","[0.06089390441775322, 0.21354368329048157, 0.3510711193084717, 0.44493111968040466, 0.6250118017196655, 0.7122880220413208, 0.7525517344474792, 0.8210018873214722, 0.9602084159851074]","[0.02025517076253891, 0.050862353295087814, 0.08641965687274933, 0.12780101597309113, 0.1720488965511322, 0.21375387907028198, 0.249686136841774, 0.28222864866256714, 0.3129331171512604, 0.34241876006126404, 0.37124666571617126, 0.4000950753688812, 0.4289673864841461, 0.45779237151145935, 0.4864293932914734, 0.5154363512992859, 0.545038640499115, 0.5761035680770874, 0.607593297958374, 0.6395864486694336, 0.6727499961853027, 0.7080032229423523, 0.7449426054954529, 0.7807562947273254, 0.8139589428901672, 0.8489962220191956, 0.890365481376648, 0.9368014931678772]",0.009561209939420223,"[""ours_then_hard"", ""hard_then_ours"", ""ours_then_hard""]",13,4,-1,0.00010667600872693583,False,"[15.9279, 17.5953, 14.4569]",15.9279,"[0.19648800790309906, 0.2710021138191223, 0.28963807225227356, 0.3929285407066345, 0.4542444944381714, 0.4807390570640564, 0.5103204846382141, 0.5539126992225647, 0.6408228278160095, 0.6982340216636658, 0.7820611596107483, 0.820743203163147, 0.8971079587936401]",12,3,-2,2.4032286091824062e-05,True,"[145.9126, 148.6469, 145.0034]",145.9126,"[0.050862353295087814, 0.12780101597309113, 0.249686136841774, 0.3129331171512604, 0.34241876006126404, 0.45779237151145935, 0.607593297958374, 0.6727499961853027, 0.7080032229423523, 0.7449426054954529, 0.8139589428901672, 0.9368014931678772]",16,"[0.18043449521064758, 0.2633059322834015, 0.283361554145813, 0.39838868379592896, 0.4605863392353058, 0.4848014712333679, 0.5144966840744019, 0.5553508996963501, 0.649103045463562, 0.7055655717849731, 0.7948577404022217, 0.8371959924697876, 0.9091960787773132]",0,13,9,0.0,0.0,0.0,,0.0,1,13,9,0.07692307692307693,0.1111111111111111,0.09090909090909093,0.006722450256347656,0.006722450256347656,3,13,9,0.23076923076923078,0.3333333333333333,0.27272727272727276,0.012857258319854736,0.03857177495956421,7,13,9,0.5384615384615384,0.7777777777777778,0.6363636363636364,0.026485111032213484,0.18539577722549438,"[0.04274102672934532, 0.11113104969263077, 0.24180114269256592, 0.30631279945373535, 0.3427104949951172, 0.46328005194664, 0.60946124792099, 0.6818899512290955, 0.7116605043411255, 0.7564657926559448, 0.8312594890594482, 0.9482314586639404]",2,12,9,0.16666666666666666,0.2222222222222222,0.1904761904761905,0.0022707879543304443,0.004541575908660889,3,12,9,0.25,0.3333333333333333,0.28571428571428575,0.00430073340733846,0.01290220022201538,8,12,9,0.6666666666666666,0.8888888888888888,0.761904761904762,0.010898640379309654,0.08718912303447723,9,12,9,0.75,1.0,0.8571428571428571,0.024288000331984624,0.21859200298786163
992,20992,8,5,3,28,"[0.13145506381988525, 0.3793342411518097, 0.5780051946640015, 0.7172353267669678, 0.8723296523094177]","[0.13145506381988525, 0.5780051946640015, 0.8723296523094177]","[0.017085019499063492, 0.04284736514091492, 0.07217323035001755, 0.10558763146400452, 0.14235015213489532, 0.1803542971611023, 0.21425391733646393, 0.24572306871414185, 0.2753145098686218, 0.3046363890171051, 0.3350488543510437, 0.3657785654067993, 0.397046834230423, 0.42857325077056885, 0.4601133167743683, 0.49188941717147827, 0.5243576169013977, 0.5576969385147095, 0.5915369391441345, 0.6258218884468079, 0.6615009903907776, 0.6990827322006226, 0.7377305626869202, 0.7752368450164795, 0.8106268048286438, 0.8471108675003052, 0.8890590667724609, 0.9359043836593628]",0.025472626090049744,"[""ours_then_hard"", ""ours_then_hard"", ""hard_then_ours""]",16,13,11,2.03302097361302e-05,True,"[17.0064, 20.3402, 12.6326]",17.0064,"[0.06677693873643875, 0.10021062940359116, 0.13336077332496643, 0.1688406765460968, 0.19442592561244965, 0.22362883388996124, 0.2802932560443878, 0.3914848268032074, 0.480433851480484, 0.5692848563194275, 0.6141154766082764, 0.6526426076889038, 0.7036102414131165, 0.766191840171814, 0.8033578991889954, 0.8350152969360352]",8,5,3,2.3863945898483507e-05,True,"[210.1264, 192.7311, 170.9222]",192.7311,"[0.04284736514091492, 0.21425391733646393, 0.2753145098686218, 0.3046363890171051, 0.397046834230423, 0.6258218884468079, 0.7377305626869202, 0.8106268048286438]",20,"[0.04475431889295578, 0.07319248467683792, 0.10169769078493118, 0.13208340108394623, 0.15606188774108887, 0.18340149521827698, 0.24868056178092957, 0.37072861194610596, 0.47674059867858887, 0.5791305899620056, 0.6248494386672974, 0.6703178286552429, 0.7365487813949585, 0.7987993359565735, 0.8397915959358215, 0.8712031841278076]",3,16,3,0.1875,1.0,0.3157894736842105,0.0009600669145584106,0.002880200743675232,3,16,3,0.1875,1.0,0.3157894736842105,0.0009600669145584106,0.002880200743675232,3,16,3,0.1875,1.0,0.3157894736842105,0.0009600669145584106,0.002880200743675232,3,16,3,0.1875,1.0,0.3157894736842105,0.021140274902184803,0.06342082470655441,"[0.02764700911939144, 0.1726156622171402, 0.24257229268550873, 0.27077168226242065, 0.3796922266483307, 0.6364954710006714, 0.7714501619338989, 0.8480455875396729]",0,8,3,0.0,0.0,0.0,,0.0,0,8,3,0.0,0.0,0.0,,0.0,0,8,3,0.0,0.0,0.0,,0.0,2,8,3,0.25,0.6666666666666666,0.36363636363636365,0.03272233158349991,0.06544466316699982
364,20364,9,17,8,28,"[0.050626881420612335, 0.08572401106357574, 0.12819355726242065, 0.17855224013328552, 0.2402055561542511, 0.3141409754753113, 0.37081074714660645, 0.41238027811050415, 0.46096816658973694, 0.518509030342102, 0.5928226709365845, 0.6678220629692078, 0.7004210948944092, 0.7363292574882507, 0.8016682267189026, 0.8679062724113464, 0.9270713329315186]","[0.050626881420612335, 0.12819355726242065, 0.2402055561542511, 0.37081074714660645, 0.41238027811050415, 0.5928226709365845, 0.7004210948944092, 0.7363292574882507]","[0.02057477831840515, 0.05119903385639191, 0.08583244681358337, 0.1234983578324318, 0.16472670435905457, 0.2043352723121643, 0.24045519530773163, 0.27128174901008606, 0.305856853723526, 0.3397330343723297, 0.372679203748703, 0.405424565076828, 0.43812325596809387, 0.47123944759368896, 0.5039753317832947, 0.5364347100257874, 0.5687190294265747, 0.6016144752502441, 0.6345582604408264, 0.6668123006820679, 0.6997065544128418, 0.7336851358413696, 0.7674397826194763, 0.8004273772239685, 0.8321077823638916, 0.8665040135383606, 0.9047086834907532, 0.9456560611724854]",0.006864867173135281,"[""ours_then_hard"", ""hard_then_ours"", ""hard_then_ours""]",12,4,-5,2.9199611162766814e-05,False,"[15.9154, 17.7384, 18.3867]",17.7384,"[0.1808001846075058, 0.21613091230392456, 0.3507063686847687, 0.409042090177536, 0.5085979104042053, 0.5970796346664429, 0.6360131502151489, 0.6649813055992126, 0.6774991154670715, 0.751258373260498, 0.8083395957946777, 0.832592248916626]",10,2,-7,1.8796721633407287e-05,True,"[192.191, 287.1955, 163.3804]",192.191,"[0.05119903385639191, 0.1234983578324318, 0.27128174901008606, 0.3397330343723297, 0.372679203748703, 0.6016144752502441, 0.6997065544128418, 0.7336851358413696, 0.8321077823638916, 0.8665040135383606]",18,"[0.16750189661979675, 0.20202776789665222, 0.3625935912132263, 0.42090171575546265, 0.5163047313690186, 0.5969231724739075, 0.6326354742050171, 0.6629303097724915, 0.6744279265403748, 0.750728189945221, 0.8036879897117615, 0.8265166878700256]",1,12,8,0.08333333333333333,0.125,0.1,0.004100501537322998,0.004100501537322998,3,12,8,0.25,0.375,0.3,0.006946365038553874,0.02083909511566162,4,12,8,0.3333333333333333,0.5,0.4,0.008809506893157959,0.035238027572631836,7,12,8,0.5833333333333334,0.875,0.7000000000000001,0.021459277187074934,0.15021494030952454,"[0.048276521265506744, 0.11593059450387955, 0.2686631679534912, 0.34869667887687683, 0.38514959812164307, 0.5999727845191956, 0.6962173581123352, 0.7354319095611572, 0.8261104822158813, 0.8665785789489746]",3,10,8,0.3,0.375,0.33333333333333326,0.0024838149547576904,0.007451444864273071,4,10,8,0.4,0.5,0.4444444444444445,0.003650389611721039,0.014601558446884155,6,10,8,0.6,0.75,0.6666666666666665,0.0068672286967436475,0.041203372180461884,8,10,8,0.8,1.0,0.888888888888889,0.013083360157907009,0.10466688126325607
213,20213,10,9,7,28,"[0.14654463529586792, 0.2160431146621704, 0.2708302438259125, 0.37144899368286133, 0.4699171781539917, 0.5555300712585449, 0.6742276549339294, 0.7478707432746887, 0.894878089427948]","[0.2160431146621704, 0.2708302438259125, 0.37144899368286133, 0.4699171781539917, 0.5555300712585449, 0.6742276549339294, 0.7478707432746887]","[0.018970606848597527, 0.04677966237068176, 0.07807561010122299, 0.1144794449210167, 0.15583562850952148, 0.19093069434165955, 0.22828976809978485, 0.25662627816200256, 0.28546908497810364, 0.31525856256484985, 0.3448856770992279, 0.3722423017024994, 0.4022129476070404, 0.4329226016998291, 0.463778018951416, 0.4934927523136139, 0.5228323340415955, 0.5524061918258667, 0.5845260620117188, 0.6164734363555908, 0.649462878704071, 0.6849161982536316, 0.7233342528343201, 0.7637870907783508, 0.8008988499641418, 0.8380310535430908, 0.8823245167732239, 0.932308554649353]",0.01840387098491192,"[""hard_then_ours"", ""hard_then_ours"", ""hard_then_ours""]",9,2,0,9.657108603278175e-05,False,"[19.9761, 17.4704, 17.0083]",17.4704,"[0.2272513508796692, 0.31354036927223206, 0.42876115441322327, 0.5605002045631409, 0.6242890954017639, 0.6420918703079224, 0.6576956510543823, 0.742591381072998, 0.8129749894142151]",9,2,0,2.3922635591588914e-05,True,"[190.2639, 179.1341, 217.8244]",190.2639,"[0.28546908497810364, 0.31525856256484985, 0.463778018951416, 0.4934927523136139, 0.5524061918258667, 0.5845260620117188, 0.649462878704071, 0.7233342528343201, 0.8008988499641418]",19,"[0.22141624987125397, 0.3083330988883972, 0.42296433448791504, 0.5751603245735168, 0.636913001537323, 0.65753573179245, 0.6757432222366333, 0.7743082046508789, 0.8529729247093201]",1,9,7,0.1111111111111111,0.14285714285714285,0.125,0.0015155673027038574,0.0015155673027038574,2,9,7,0.2222222222222222,0.2857142857142857,0.25,0.0034443512558937073,0.0068887025117874146,3,9,7,0.3333333333333333,0.42857142857142855,0.375,0.013898437221844992,0.04169531166553497,6,9,7,0.6666666666666666,0.8571428571428571,0.75,0.028868533670902252,0.1732112020254135,"[0.27515318989753723, 0.31016793847084045, 0.46634697914123535, 0.4943409562110901, 0.5664476752281189, 0.596747875213623, 0.664897620677948, 0.751435399055481, 0.8401532769203186]",3,9,7,0.3333333333333333,0.42857142857142855,0.375,0.00381926695505778,0.01145780086517334,4,9,7,0.4444444444444444,0.5714285714285714,0.5,0.005196958780288696,0.020787835121154785,5,9,7,0.5555555555555556,0.7142857142857143,0.6250000000000001,0.006341087818145752,0.03170543909072876,5,9,7,0.5555555555555556,0.7142857142857143,0.6250000000000001,0.006341087818145752,0.03170543909072876
338,20338,11,12,7,28,"[0.0995212122797966, 0.19213348627090454, 0.24946102499961853, 0.30597251653671265, 0.3469772934913635, 0.4273938238620758, 0.5245456695556641, 0.5919348001480103, 0.6508857011795044, 0.7636108994483948, 0.8516882658004761, 0.9401040077209473]","[0.24946102499961853, 0.30597251653671265, 0.3469772934913635, 0.4273938238620758, 0.6508857011795044, 0.7636108994483948, 0.9401040077209473]","[0.0206888597458601, 0.052511461079120636, 0.08766728639602661, 0.1280856430530548, 0.17234845459461212, 0.21336376667022705, 0.2481008917093277, 0.2819494903087616, 0.3151908814907074, 0.3469712436199188, 0.3774910271167755, 0.4080951511859894, 0.4385588765144348, 0.46895450353622437, 0.49868330359458923, 0.5276615023612976, 0.559054434299469, 0.5906981825828552, 0.6222101449966431, 0.6541385054588318, 0.6877099275588989, 0.7228697538375854, 0.7587839961051941, 0.7934925556182861, 0.8252144455909729, 0.8591336011886597, 0.8982003331184387, 0.9414568543434143]",0.012836904264986515,"[""hard_then_ours"", ""ours_then_hard"", ""hard_then_ours""]",10,3,-2,4.550199446384795e-05,False,"[21.7934, 18.3402, 39.8701]",21.7934,"[0.19003193080425262, 0.25833019614219666, 0.37342599034309387, 0.4579657018184662, 0.5808480381965637, 0.6424254775047302, 0.6764735579490662, 0.7513378262519836, 0.7969825267791748, 0.8191611766815186]",9,2,-3,1.9218239685869776e-05,True,"[182.0891, 193.7491, 214.8834]",193.7491,"[0.17234845459461212, 0.3469712436199188, 0.3774910271167755, 0.4385588765144348, 0.5276615023612976, 0.6222101449966431, 0.8252144455909729, 0.8591336011886597, 0.9414568543434143]",19,"[0.1880480796098709, 0.25058895349502563, 0.344807505607605, 0.44333329796791077, 0.5688672661781311, 0.631159782409668, 0.6644787192344666, 0.7366141676902771, 0.7866998314857483, 0.8142000436782837]",2,10,7,0.2,0.2857142857142857,0.23529411764705882,0.0016488581895828247,0.0032977163791656494,2,10,7,0.2,0.2857142857142857,0.23529411764705882,0.0016488581895828247,0.0032977163791656494,4,10,7,0.4,0.5714285714285714,0.47058823529411764,0.009740777313709259,0.038963109254837036,5,10,7,0.5,0.7142857142857143,0.588235294117647,0.0205250084400177,0.1026250422000885,"[0.16752371191978455, 0.3201506435871124, 0.3490670621395111, 0.42063942551612854, 0.515237033367157, 0.6127751469612122, 0.8228675723075867, 0.8614726066589355, 0.9507399201393127]",1,9,7,0.1111111111111111,0.14285714285714285,0.125,0.002089768648147583,0.002089768648147583,2,9,7,0.2222222222222222,0.2857142857142857,0.25,0.004422083497047424,0.008844166994094849,4,9,7,0.4444444444444444,0.5714285714285714,0.5,0.008414551615715027,0.03365820646286011,5,9,7,0.5555555555555556,0.7142857142857143,0.6250000000000001,0.014353752136230469,0.07176876068115234
588,20588,12,17,8,28,"[0.06001340597867966, 0.12320179492235184, 0.17854191362857819, 0.2121138721704483, 0.2679160237312317, 0.3346126675605774, 0.40994206070899963, 0.4501563012599945, 0.48593729734420776, 0.5492547154426575, 0.5836477279663086, 0.6517155170440674, 0.7306012511253357, 0.8070104122161865, 0.8430646657943726, 0.8786279559135437, 0.941480278968811]","[0.12320179492235184, 0.2121138721704483, 0.3346126675605774, 0.4501563012599945, 0.5492547154426575, 0.6517155170440674, 0.7306012511253357, 0.8786279559135437]","[0.01970275491476059, 0.04994632303714752, 0.08326204121112823, 0.1225353330373764, 0.16456733644008636, 0.20520499348640442, 0.24139812588691711, 0.2730799913406372, 0.30399489402770996, 0.33471882343292236, 0.36527901887893677, 0.39518746733665466, 0.42427802085876465, 0.45357316732406616, 0.48278480768203735, 0.5128059387207031, 0.5441385507583618, 0.5756620168685913, 0.6075888276100159, 0.6400095224380493, 0.6739833354949951, 0.7097671627998352, 0.7462807893753052, 0.7817103266716003, 0.8151408433914185, 0.8503674864768982, 0.8911190629005432, 0.9369549751281738]",0.019903024658560753,"[""hard_then_ours"", ""hard_then_ours"", ""hard_then_ours""]",12,4,-5,4.497269765124656e-05,False,"[20.6127, 25.4289, 16.6678]",20.6127,"[0.18109385669231415, 0.23203112185001373, 0.26704317331314087, 0.2991500794887543, 0.35844486951828003, 0.4572160542011261, 0.5074688792228699, 0.5564731359481812, 0.5899445414543152, 0.6145408153533936, 0.6909326910972595, 0.7979358434677124]",8,0,-9,2.4600192773505114e-05,True,"[205.3736, 212.0477, 210.0271]",210.0271,"[0.24139812588691711, 0.36527901887893677, 0.5128059387207031, 0.5441385507583618, 0.6739833354949951, 0.7097671627998352, 0.8151408433914185, 0.8503674864768982]",20,"[0.15730606019496918, 0.2074323445558548, 0.24165168404579163, 0.2756858170032501, 0.34043440222740173, 0.43468767404556274, 0.4851592481136322, 0.5279030799865723, 0.5594491958618164, 0.5790284872055054, 0.6737180948257446, 0.7883713841438293]",1,12,8,0.08333333333333333,0.125,0.1,0.004681527614593506,0.004681527614593506,2,12,8,0.16666666666666666,0.25,0.2,0.005251631140708923,0.010503262281417847,4,12,8,0.3333333333333333,0.5,0.4,0.009041592478752136,0.036166369915008545,6,12,8,0.5,0.75,0.6,0.0172383946677049,0.1034303680062294,"[0.21564079821109772, 0.34972521662712097, 0.4893716871738434, 0.515383243560791, 0.6494393348693848, 0.6984999179840088, 0.809535562992096, 0.8556252717971802]",2,8,8,0.25,0.25,0.25,0.0029015541076660156,0.005803108215332031,2,8,8,0.25,0.25,0.25,0.0029015541076660156,0.005803108215332031,3,8,8,0.375,0.375,0.375,0.006971885760625203,0.02091565728187561,7,8,8,0.875,0.875,0.875,0.021300933190754483,0.14910653233528137
843,20843,13,10,6,28,"[0.05122871324419975, 0.15280911326408386, 0.2498525232076645, 0.3546917736530304, 0.4504430890083313, 0.5870072245597839, 0.6585299372673035, 0.7358421087265015, 0.8410407304763794, 0.9384371638298035]","[0.05122871324419975, 0.2498525232076645, 0.3546917736530304, 0.5870072245597839, 0.7358421087265015, 0.8410407304763794]","[0.017701879143714905, 0.04400241747498512, 0.07422104477882385, 0.10800023376941681, 0.14614370465278625, 0.1852356642484665, 0.22176145017147064, 0.25185924768447876, 0.28300920128822327, 0.3127290904521942, 0.34299829602241516, 0.37337303161621094, 0.4039739966392517, 0.43386226892471313, 0.46462929248809814, 0.49451741576194763, 0.5254757404327393, 0.5573596954345703, 0.5898739099502563, 0.623058557510376, 0.6575977206230164, 0.6940749287605286, 0.7323905229568481, 0.7704180479049683, 0.805736780166626, 0.841903567314148, 0.8846621513366699, 0.9332072734832764]",0.0250703115016222,"[""hard_then_ours"", ""ours_then_hard"", ""hard_then_ours""]",6,0,-4,5.287534077069722e-05,False,"[21.2994, 21.5697, 19.6566]",21.2994,"[0.24927642941474915, 0.39835137128829956, 0.46306365728378296, 0.5470119714736938, 0.6089326739311218, 0.737273633480072]",6,0,-4,2.3093047275324352e-05,True,"[251.4475, 289.3266, 208.1752]",251.4475,"[0.04400241747498512, 0.3127290904521942, 0.37337303161621094, 0.5573596954345703, 0.6940749287605286, 0.805736780166626]",22,"[0.21539206802845, 0.37891852855682373, 0.45178645849227905, 0.5493746995925903, 0.6233367323875427, 0.7597877979278564]",0,6,6,0.0,0.0,0.0,,0.0,0,6,6,0.0,0.0,0.0,,0.0,0,6,6,0.0,0.0,0.0,,0.0,4,6,6,0.6666666666666666,0.6666666666666666,0.6666666666666666,0.0300663560628891,0.1202654242515564,"[0.027436476200819016, 0.2803606390953064, 0.3500532805919647, 0.5624681711196899, 0.7123761773109436, 0.8378891348838806]",2,6,6,0.3333333333333333,0.3333333333333333,0.3333333333333333,0.0038950443267822266,0.007790088653564453,2,6,6,0.3333333333333333,0.3333333333333333,0.3333333333333333,0.0038950443267822266,0.007790088653564453,2,6,6,0.3333333333333333,0.3333333333333333,0.3333333333333333,0.0038950443267822266,0.007790088653564453,6,6,6,1.0,1.0,1.0,0.018349237740039825,0.11009542644023895
879,20879,14,7,4,28,"[0.08032026886940002, 0.23524215817451477, 0.44872838258743286, 0.5595433712005615, 0.7005636096000671, 0.787980854511261, 0.8955144882202148]","[0.08032026886940002, 0.23524215817451477, 0.5595433712005615, 0.8955144882202148]","[0.018637176603078842, 0.047162022441625595, 0.07944785803556442, 0.11621826142072678, 0.15654896199703217, 0.19606374204158783, 0.23149894177913666, 0.2648089528083801, 0.29611271619796753, 0.3274821639060974, 0.3584064245223999, 0.3896799683570862, 0.42143380641937256, 0.45331814885139465, 0.48514413833618164, 0.5168629288673401, 0.5484705567359924, 0.5799530148506165, 0.611518383026123, 0.6439836621284485, 0.6780580282211304, 0.7140921950340271, 0.7508735656738281, 0.7853748202323914, 0.8174456357955933, 0.8520582318305969, 0.8927135467529297, 0.9380916357040405]",0.027328351512551308,"[""hard_then_ours"", ""ours_then_hard"", ""ours_then_hard""]",7,3,0,0.00011297460878267884,False,"[15.2172, 14.3857, 19.4177]",15.2172,"[0.1770864874124527, 0.22333571314811707, 0.25869354605674744, 0.2968359589576721, 0.3988277018070221, 0.508406400680542, 0.6842960119247437]",9,5,2,2.231660437246319e-05,True,"[193.4394, 175.014, 249.0781]",193.4394,"[0.047162022441625595, 0.11621826142072678, 0.29611271619796753, 0.3274821639060974, 0.42143380641937256, 0.48514413833618164, 0.7853748202323914, 0.8174456357955933, 0.8927135467529297]",19,"[0.16776718199253082, 0.21951717138290405, 0.2588539719581604, 0.30473387241363525, 0.40876248478889465, 0.5371298789978027, 0.7223772406578064]",0,7,4,0.0,0.0,0.0,,0.0,0,7,4,0.0,0.0,0.0,,0.0,1,7,4,0.14285714285714285,0.25,0.18181818181818182,0.015724986791610718,0.015724986791610718,2,7,4,0.2857142857142857,0.5,0.36363636363636365,0.019069239497184753,0.03813847899436951,"[0.02760930545628071, 0.09519897401332855, 0.30364006757736206, 0.3416152000427246, 0.4288957715034485, 0.509492039680481, 0.8316552042961121, 0.8617662191390991, 0.921485960483551]",0,9,4,0.0,0.0,0.0,,0.0,0,9,4,0.0,0.0,0.0,,0.0,1,9,4,0.1111111111111111,0.25,0.15384615384615383,0.014878705143928528,0.014878705143928528,2,9,4,0.2222222222222222,0.5,0.30769230769230765,0.024313487112522125,0.04862697422504425
284,20284,15,6,5,28,"[0.09676896035671234, 0.22005857527256012, 0.31358644366264343, 0.4547880291938782, 0.6272637844085693, 0.8600069284439087]","[0.09676896035671234, 0.22005857527256012, 0.31358644366264343, 0.4547880291938782, 0.8600069284439087]","[0.019417541101574898, 0.04916716739535332, 0.0821862667798996, 0.11985218524932861, 0.16220508515834808, 0.20180213451385498, 0.23519299924373627, 0.26752525568008423, 0.2996854782104492, 0.33096998929977417, 0.3625274896621704, 0.3943774700164795, 0.42610716819763184, 0.4579809904098511, 0.4893493354320526, 0.5207366943359375, 0.5527932643890381, 0.5850707292556763, 0.6177572011947632, 0.6507896184921265, 0.6850767135620117, 0.7210041880607605, 0.7573420405387878, 0.791436493396759, 0.8239449858665466, 0.8588173389434814, 0.8980036377906799, 0.9411487579345703]",0.04181172326207161,"[""hard_then_ours"", ""hard_then_ours"", ""ours_then_hard""]",8,3,2,4.466819518711418e-05,False,"[17.6981, 22.7691, 17.3273]",17.6981,"[0.2497510313987732, 0.3920740783214569, 0.4994494915008545, 0.5791544318199158, 0.6139499545097351, 0.6467770338058472, 0.706341564655304, 0.7968749403953552]",5,0,-1,2.1043908418505453e-05,True,"[265.5445, 230.3976, 273.7555]",265.5445,"[0.16220508515834808, 0.33096998929977417, 0.5850707292556763, 0.6850767135620117, 0.7210041880607605]",23,"[0.20322954654693604, 0.32524991035461426, 0.43818509578704834, 0.5224124789237976, 0.5662698745727539, 0.6054670810699463, 0.6755051612854004, 0.8005184531211853]",0,8,5,0.0,0.0,0.0,,0.0,0,8,5,0.0,0.0,0.0,,0.0,3,8,5,0.375,0.6,0.4615384615384615,0.01503180960814158,0.045095428824424744,3,8,5,0.375,0.6,0.4615384615384615,0.01503180960814158,0.045095428824424744,"[0.12405014038085938, 0.2728253901004791, 0.5303646922111511, 0.6523072123527527, 0.6950955986976624]",0,5,5,0.0,0.0,0.0,,0.0,0,5,5,0.0,0.0,0.0,,0.0,0,5,5,0.0,0.0,0.0,,0.0,2,5,5,0.4,0.4,0.4000000000000001,0.03402111679315567,0.06804223358631134
628,20628,16,17,11,28,"[0.07285134494304657, 0.10762815177440643, 0.18253235518932343, 0.23769374191761017, 0.29793426394462585, 0.336463063955307, 0.4000561237335205, 0.4731416702270508, 0.5407196283340454, 0.579971194267273, 0.6275694966316223, 0.6646127700805664, 0.7180377840995789, 0.7625268697738647, 0.8149316906929016, 0.8907867670059204, 0.9420472979545593]","[0.10762815177440643, 0.18253235518932343, 0.23769374191761017, 0.336463063955307, 0.4731416702270508, 0.5407196283340454, 0.579971194267273, 0.7180377840995789, 0.7625268697738647, 0.8907867670059204, 0.9420472979545593]","[0.018239125609397888, 0.04562883824110031, 0.0771133303642273, 0.11432729661464691, 0.15645170211791992, 0.20045579969882965, 0.233806312084198, 0.2676733732223511, 0.29540494084358215, 0.32932931184768677, 0.35735180974006653, 0.38663649559020996, 0.4143533408641815, 0.4433692693710327, 0.4708990454673767, 0.4997054934501648, 0.5306432247161865, 0.5636725425720215, 0.5973773002624512, 0.6315946578979492, 0.6674748063087463, 0.7062023878097534, 0.7458104491233826, 0.7818941473960876, 0.8140919208526611, 0.8479289412498474, 0.8891845345497131, 0.9360356330871582]",0.01827719807624817,"[""ours_then_hard"", ""ours_then_hard"", ""ours_then_hard""]",15,4,-2,0.00010297868720954284,False,"[21.4185, 17.9668, 13.4454]",17.9668,"[0.11056366562843323, 0.15832047164440155, 0.21616752445697784, 0.25906243920326233, 0.2853051424026489, 0.3229905664920807, 0.3401668667793274, 0.3961035907268524, 0.44065362215042114, 0.47514814138412476, 0.5434402227401733, 0.6236986517906189, 0.6615666747093201, 0.8011046051979065, 0.8292551636695862]",16,5,-1,2.3607726689078845e-05,True,"[124.7071, 175.9938, 128.239]",128.239,"[0.018239125609397888, 0.04562883824110031, 0.0771133303642273, 0.20045579969882965, 0.2676733732223511, 0.29540494084358215, 0.38663649559020996, 0.4708990454673767, 0.5306432247161865, 0.6315946578979492, 0.6674748063087463, 0.7062023878097534, 0.7818941473960876, 0.8140919208526611, 0.8891845345497131, 0.9360356330871582]",12,"[0.10028602182865143, 0.15256990492343903, 0.2217727154493332, 0.26842743158340454, 0.30134284496307373, 0.3485495448112488, 0.36420416831970215, 0.42710018157958984, 0.46931159496307373, 0.4997681975364685, 0.5745687484741211, 0.6463937759399414, 0.6832010746002197, 0.8069778084754944, 0.8348972797393799]",1,15,11,0.06666666666666667,0.09090909090909091,0.07692307692307691,0.0038300752639770508,0.0038300752639770508,3,15,11,0.2,0.2727272727272727,0.23076923076923075,0.005524883667627971,0.01657465100288391,5,15,11,0.3333333333333333,0.45454545454545453,0.3846153846153846,0.008916431665420532,0.04458215832710266,9,15,11,0.6,0.8181818181818182,0.6923076923076923,0.028892093234592013,0.2600288391113281,"[0.013530472293496132, 0.03745957836508751, 0.06785869598388672, 0.19825379550457, 0.2794802784919739, 0.31281599402427673, 0.41322270035743713, 0.49543121457099915, 0.5635564923286438, 0.65175861120224, 0.6889941096305847, 0.726092517375946, 0.7912341356277466, 0.8180458545684814, 0.9100247621536255, 0.9471127390861511]",0,16,11,0.0,0.0,0.0,,0.0,2,16,11,0.125,0.18181818181818182,0.14814814814814814,0.006560087203979492,0.013120174407958984,5,16,11,0.3125,0.45454545454545453,0.3703703703703703,0.012898862361907959,0.0644943118095398,10,16,11,0.625,0.9090909090909091,0.7407407407407406,0.025583237409591675,0.25583237409591675
52,20052,17,12,7,28,"[0.07007189840078354, 0.1647995412349701, 0.22662800550460815, 0.29391005635261536, 0.3902275562286377, 0.47216877341270447, 0.5472739934921265, 0.6053900718688965, 0.7059164643287659, 0.8061999082565308, 0.8644165992736816, 0.9346650242805481]","[0.07007189840078354, 0.22662800550460815, 0.29391005635261536, 0.47216877341270447, 0.5472739934921265, 0.8061999082565308, 0.9346650242805481]","[0.018900066614151, 0.048487935215234756, 0.08120352029800415, 0.11769825965166092, 0.15740692615509033, 0.1972600221633911, 0.23094265162944794, 0.26456865668296814, 0.2947741448879242, 0.3277551531791687, 0.3599405586719513, 0.39059120416641235, 0.4213562607765198, 0.45209234952926636, 0.48251408338546753, 0.5135059952735901, 0.5448291301727295, 0.5758159756660461, 0.6075402498245239, 0.6400848627090454, 0.6742715239524841, 0.7107203006744385, 0.7485088109970093, 0.7844542264938354, 0.8182655572891235, 0.854193389415741, 0.8948470950126648, 0.9394747614860535]",0.01772608980536461,"[""hard_then_ours"", ""hard_then_ours"", ""ours_then_hard""]",9,2,-3,2.693315218493808e-05,False,"[17.4278, 17.4918, 19.6053]",17.4918,"[0.22949200868606567, 0.2982010841369629, 0.42971324920654297, 0.5424898266792297, 0.5880336761474609, 0.6846019625663757, 0.790805459022522, 0.837331235408783, 0.9017093181610107]",8,1,-4,1.967531534319278e-05,True,"[252.8296, 303.8464, 328.666]",303.8464,"[0.15740692615509033, 0.23094265162944794, 0.2947741448879242, 0.48251408338546753, 0.5135059952735901, 0.6075402498245239, 0.6742715239524841, 0.854193389415741]",20,"[0.2312912791967392, 0.30777573585510254, 0.4410252869129181, 0.5587623715400696, 0.6088579297065735, 0.712005615234375, 0.8150103092193604, 0.8638051152229309, 0.9285744428634644]",1,9,7,0.1111111111111111,0.14285714285714285,0.125,0.0046632736921310425,0.0046632736921310425,3,9,7,0.3333333333333333,0.42857142857142855,0.375,0.0065214186906814575,0.019564256072044373,5,9,7,0.5555555555555556,0.7142857142857143,0.6250000000000001,0.008983662724494934,0.04491831362247467,6,9,7,0.6666666666666666,0.8571428571428571,0.75,0.012676966687043508,0.07606180012226105,"[0.14354465901851654, 0.23383589088916779, 0.30402663350105286, 0.4942571520805359, 0.5301199555397034, 0.6252757906913757, 0.7019816040992737, 0.8794068098068237]",0,8,7,0.0,0.0,0.0,,0.0,1,8,7,0.125,0.14285714285714285,0.13333333333333333,0.007207885384559631,0.007207885384559631,3,8,7,0.375,0.42857142857142855,0.39999999999999997,0.011492833495140076,0.03447850048542023,4,8,7,0.5,0.5714285714285714,0.5333333333333333,0.014141719788312912,0.05656687915325165
986,20986,18,10,6,28,"[0.06744000315666199, 0.126028910279274, 0.24119889736175537, 0.3444799780845642, 0.4196806848049164, 0.533721387386322, 0.6691151857376099, 0.7724680304527283, 0.8214808106422424, 0.9457358717918396]","[0.06744000315666199, 0.3444799780845642, 0.4196806848049164, 0.6691151857376099, 0.7724680304527283, 0.9457358717918396]","[0.019463911652565002, 0.04458357393741608, 0.07474930584430695, 0.11008700728416443, 0.14536641538143158, 0.18220090866088867, 0.22365237772464752, 0.24734275043010712, 0.2833562195301056, 0.3097517490386963, 0.3425096869468689, 0.3686228096485138, 0.40129876136779785, 0.43092384934425354, 0.46122828125953674, 0.4893417954444885, 0.5243906378746033, 0.5546716451644897, 0.5900349617004395, 0.6256089210510254, 0.6622859835624695, 0.7011451721191406, 0.7409793138504028, 0.7790065407752991, 0.8134828805923462, 0.8485225439071655, 0.8900089263916016, 0.9367531538009644]",0.02060997672379017,"[""ours_then_hard"", ""hard_then_ours"", ""hard_then_ours""]",13,7,3,3.0366956707439385e-05,False,"[22.467, 17.5037, 16.1716]",17.5037,"[0.09898389130830765, 0.2080140858888626, 0.23219959437847137, 0.3262134790420532, 0.3972663879394531, 0.45380473136901855, 0.5225683450698853, 0.5993568897247314, 0.6313879489898682, 0.6851504445075989, 0.7764346599578857, 0.8251622319221497, 0.8677099347114563]",8,2,-2,2.435058013361413e-05,True,"[227.2481, 222.6413, 240.5149]",227.2481,"[0.11008700728416443, 0.18220090866088867, 0.22365237772464752, 0.5243906378746033, 0.5900349617004395, 0.6256089210510254, 0.8485225439071655, 0.9367531538009644]",20,"[0.07894578576087952, 0.18004553020000458, 0.21031887829303741, 0.3025031089782715, 0.37748903036117554, 0.4350617825984955, 0.5197330117225647, 0.6061131954193115, 0.6468464732170105, 0.715391218662262, 0.80035799741745, 0.8475362062454224, 0.8909168243408203]",0,13,6,0.0,0.0,0.0,,0.0,0,13,6,0.0,0.0,0.0,,0.0,2,13,6,0.15384615384615385,0.3333333333333333,0.21052631578947367,0.013443440198898315,0.02688688039779663,5,13,6,0.38461538461538464,0.8333333333333334,0.5263157894736842,0.029166597127914428,0.14583298563957214,"[0.09004628658294678, 0.15251240134239197, 0.20012080669403076, 0.5207070112228394, 0.5939632058143616, 0.638789713382721, 0.8700627088546753, 0.95142662525177]",0,8,6,0.0,0.0,0.0,,0.0,1,8,6,0.125,0.16666666666666666,0.14285714285714288,0.00569075345993042,0.00569075345993042,1,8,6,0.125,0.16666666666666666,0.14285714285714288,0.00569075345993042,0.00569075345993042,3,8,6,0.375,0.5,0.42857142857142855,0.019540836413701374,0.058622509241104126
484,20484,19,9,6,28,"[0.07422805577516556, 0.19309565424919128, 0.25224924087524414, 0.33825254440307617, 0.47172242403030396, 0.6412832140922546, 0.7291189432144165, 0.8016672730445862, 0.9035553932189941]","[0.07422805577516556, 0.19309565424919128, 0.25224924087524414, 0.47172242403030396, 0.7291189432144165, 0.9035553932189941]","[0.019243881106376648, 0.04815401881933212, 0.08124540001153946, 0.1194942370057106, 0.16148458421230316, 0.2028549611568451, 0.23876190185546875, 0.2736935615539551, 0.30794620513916016, 0.34106630086898804, 0.37541961669921875, 0.40791502594947815, 0.4406500458717346, 0.4730108678340912, 0.5056067109107971, 0.5377522110939026, 0.5695968866348267, 0.6015580296516418, 0.6342654228210449, 0.6678569316864014, 0.7030322551727295, 0.739029586315155, 0.7731388807296753, 0.8040319681167603, 0.8337525725364685, 0.8660995960235596, 0.9028688073158264, 0.9438713788986206]",0.028168322518467903,"[""hard_then_ours"", ""hard_then_ours"", ""ours_then_hard""]",10,4,1,5.393549145082943e-05,False,"[17.3591, 18.8274, 20.3969]",18.8274,"[0.16504830121994019, 0.18949760496616364, 0.29716163873672485, 0.3947899639606476, 0.5269180536270142, 0.596298098564148, 0.6465270519256592, 0.7082054615020752, 0.774353563785553, 0.8000189661979675]",11,5,2,2.441959259158466e-05,True,"[234.545, 255.9829, 172.6484]",234.545,"[0.04815401881933212, 0.1194942370057106, 0.2028549611568451, 0.23876190185546875, 0.30794620513916016, 0.34106630086898804, 0.6015580296516418, 0.6342654228210449, 0.739029586315155, 0.8040319681167603, 0.8337525725364685]",17,"[0.14165574312210083, 0.16830015182495117, 0.26326924562454224, 0.3478212356567383, 0.48301687836647034, 0.5675560832023621, 0.6257325410842896, 0.7008442878723145, 0.77133709192276, 0.7990912795066833]",0,10,6,0.0,0.0,0.0,,0.0,0,10,6,0.0,0.0,0.0,,0.0,2,10,6,0.2,0.3333333333333333,0.25,0.011157229542732239,0.022314459085464478,4,10,6,0.4,0.6666666666666666,0.5,0.01884615421295166,0.07538461685180664,"[0.03787576034665108, 0.0979473665356636, 0.17568762600421906, 0.20570693910121918, 0.2740173041820526, 0.3041285574436188, 0.572424054145813, 0.6084896326065063, 0.7355937957763672, 0.8034159541130066, 0.8394864201545715]",0,11,6,0.0,0.0,0.0,,0.0,1,11,6,0.09090909090909091,0.16666666666666666,0.11764705882352942,0.006474852561950684,0.006474852561950684,2,11,6,0.18181818181818182,0.3333333333333333,0.23529411764705885,0.011941440403461456,0.023882880806922913,4,11,6,0.36363636363636365,0.6666666666666666,0.4705882352941177,0.02669436950236559,0.10677747800946236
960,20960,20,12,8,28,"[0.06478949636220932, 0.13105812668800354, 0.24502554535865784, 0.3136329650878906, 0.4244609773159027, 0.4793887734413147, 0.5796124339103699, 0.624856173992157, 0.6827402710914612, 0.7807931900024414, 0.845937967300415, 0.9574658274650574]","[0.06478949636220932, 0.24502554535865784, 0.3136329650878906, 0.4793887734413147, 0.5796124339103699, 0.624856173992157, 0.6827402710914612, 0.9574658274650574]","[0.019699566066265106, 0.049778006970882416, 0.0840209573507309, 0.12261797487735748, 0.16549605131149292, 0.20655323565006256, 0.24312716722488403, 0.27582961320877075, 0.306450754404068, 0.3358168601989746, 0.3668639063835144, 0.3972029983997345, 0.4266422688961029, 0.4555189609527588, 0.48390793800354004, 0.5118571519851685, 0.5402852892875671, 0.5717398524284363, 0.6036972403526306, 0.6364148259162903, 0.6709132194519043, 0.7077218890190125, 0.7452865839004517, 0.781151294708252, 0.816098690032959, 0.8522166609764099, 0.8932999968528748, 0.9387816786766052]",0.026678122580051422,"[""ours_then_hard"", ""ours_then_hard"", ""hard_then_ours""]",8,0,-4,0.00017474313790444285,False,"[17.7661, 18.8451, 18.8876]",18.8451,"[0.26027369499206543, 0.3760903775691986, 0.4793647229671478, 0.5860967040061951, 0.6380045413970947, 0.6914069056510925, 0.7442240118980408, 0.8638508319854736]",10,2,-2,1.866654747573193e-05,True,"[170.1805, 181.0699, 182.3436]",181.0699,"[0.0840209573507309, 0.20655323565006256, 0.306450754404068, 0.3358168601989746, 0.4266422688961029, 0.5402852892875671, 0.5717398524284363, 0.7077218890190125, 0.781151294708252, 0.9387816786766052]",18,"[0.2795221507549286, 0.40756523609161377, 0.5192472338676453, 0.6249088048934937, 0.672563374042511, 0.7244502305984497, 0.7698413729667664, 0.8930854201316833]",1,8,8,0.125,0.125,0.125,5.263090133666992e-05,5.263090133666992e-05,1,8,8,0.125,0.125,0.125,5.263090133666992e-05,5.263090133666992e-05,2,8,8,0.25,0.25,0.25,0.005114763975143433,0.010229527950286865,5,8,8,0.625,0.625,0.625,0.04181371927261353,0.20906859636306763,"[0.0699455514550209, 0.21056585013866425, 0.3311295211315155, 0.36612191796302795, 0.46662673354148865, 0.5747338533401489, 0.6076356172561646, 0.7372748851776123, 0.8019201755523682, 0.9572798609733582]",2,10,8,0.2,0.25,0.22222222222222224,0.002532273530960083,0.005064547061920166,3,10,8,0.3,0.375,0.33333333333333326,0.0034068673849105835,0.01022060215473175,6,10,8,0.6,0.75,0.6666666666666665,0.009616625805695852,0.05769975483417511,7,10,8,0.7,0.875,0.7777777777777777,0.0131656357220241,0.0921594500541687
829,20829,21,15,8,28,"[0.04174777865409851, 0.09740783274173737, 0.1678735762834549, 0.2406238466501236, 0.3030323088169098, 0.3612837791442871, 0.4252873957157135, 0.4826766550540924, 0.5554438829421997, 0.6289522051811218, 0.6948765516281128, 0.7502654790878296, 0.8207603693008423, 0.8726940155029297, 0.9488508701324463]","[0.04174777865409851, 0.2406238466501236, 0.3030323088169098, 0.4826766550540924, 0.5554438829421997, 0.7502654790878296, 0.8207603693008423, 0.9488508701324463]","[0.019278407096862793, 0.04869704321026802, 0.08240137249231339, 0.12159009277820587, 0.16576242446899414, 0.2083723396062851, 0.24274659156799316, 0.27740949392318726, 0.3124874234199524, 0.3447520434856415, 0.3748495280742645, 0.40455082058906555, 0.43362924456596375, 0.4621579647064209, 0.49005746841430664, 0.5181398987770081, 0.5477139949798584, 0.577750027179718, 0.6079762578010559, 0.6384795904159546, 0.6707087755203247, 0.7065534591674805, 0.7442790865898132, 0.7798277139663696, 0.8122315406799316, 0.8464702367782593, 0.8879874348640442, 0.9351285099983215]",0.011629870161414146,"[""ours_then_hard"", ""hard_then_ours"", ""ours_then_hard""]",11,3,-4,6.85834456817247e-05,False,"[18.3764, 21.1387, 23.4695]",21.1387,"[0.15383577346801758, 0.24677997827529907, 0.3185415267944336, 0.38765501976013184, 0.41385573148727417, 0.45440441370010376, 0.5409507751464844, 0.6149130463600159, 0.7047093510627747, 0.7824022173881531, 0.812477171421051]",11,3,-4,2.2569300199393183e-05,True,"[159.6152, 172.1828, 189.9921]",172.1828,"[0.019278407096862793, 0.08240137249231339, 0.2083723396062851, 0.3124874234199524, 0.3748495280742645, 0.4621579647064209, 0.5477139949798584, 0.6384795904159546, 0.6707087755203247, 0.8122315406799316, 0.8464702367782593]",17,"[0.1507353037595749, 0.23956948518753052, 0.3108600080013275, 0.3808392882347107, 0.4070350229740143, 0.44960784912109375, 0.5436398983001709, 0.6261911392211914, 0.7220199108123779, 0.8003618717193604, 0.8311574459075928]",1,11,8,0.09090909090909091,0.125,0.10526315789473685,0.0010543614625930786,0.0010543614625930786,2,11,8,0.18181818181818182,0.25,0.2105263157894737,0.004441030323505402,0.008882060647010803,4,11,8,0.36363636363636365,0.5,0.4210526315789474,0.007770780473947525,0.0310831218957901,6,11,8,0.5454545454545454,0.75,0.631578947368421,0.017066486179828644,0.10239891707897186,"[0.015144512057304382, 0.075465127825737, 0.2029995620250702, 0.30665624141693115, 0.3670859932899475, 0.4587787687778473, 0.5526992082595825, 0.6477313041687012, 0.6887270212173462, 0.8309236168861389, 0.8676690459251404]",2,11,8,0.18181818181818182,0.25,0.2105263157894737,0.003184303641319275,0.00636860728263855,2,11,8,0.18181818181818182,0.25,0.2105263157894737,0.003184303641319275,0.00636860728263855,3,11,8,0.2727272727272727,0.375,0.3157894736842105,0.005510618289311727,0.01653185486793518,6,11,8,0.5454545454545454,0.75,0.631578947368421,0.01744288206100464,0.10465729236602783
434,20434,22,18,10,28,"[0.051357414573431015, 0.1081436276435852, 0.1571924239397049, 0.1918734908103943, 0.2488534152507782, 0.29149219393730164, 0.35149601101875305, 0.412361741065979, 0.4549267888069153, 0.5003873705863953, 0.5664978623390198, 0.6237488985061646, 0.6885426044464111, 0.7340574860572815, 0.7873671054840088, 0.8519300222396851, 0.9067434668540955, 0.9448826313018799]","[0.051357414573431015, 0.1081436276435852, 0.1918734908103943, 0.29149219393730164, 0.35149601101875305, 0.412361741065979, 0.5664978623390198, 0.7340574860572815, 0.7873671054840088, 0.9067434668540955]","[0.01965431123971939, 0.04934396594762802, 0.08335686475038528, 0.1221783235669136, 0.16488905251026154, 0.20899635553359985, 0.24574972689151764, 0.27965089678764343, 0.31212496757507324, 0.34312140941619873, 0.3774101734161377, 0.4118140935897827, 0.44519513845443726, 0.477858304977417, 0.5092964768409729, 0.5405704379081726, 0.5730069875717163, 0.6048187017440796, 0.6359755396842957, 0.6672614216804504, 0.6997911930084229, 0.7333531975746155, 0.7662730813026428, 0.7976365089416504, 0.8282021880149841, 0.8612841963768005, 0.8992281556129456, 0.941699206829071]",0.02006371133029461,"[""ours_then_hard"", ""hard_then_ours"", ""ours_then_hard""]",14,4,-4,3.09549541270826e-05,False,"[18.9697, 13.7871, 18.4238]",18.4238,"[0.13921281695365906, 0.23150017857551575, 0.25642427802085876, 0.3077395558357239, 0.37641701102256775, 0.4231666326522827, 0.4487806558609009, 0.4787391126155853, 0.6063886880874634, 0.6652249693870544, 0.7623745203018188, 0.8362047076225281, 0.8699739575386047, 0.9059896469116211]",12,2,-6,2.4405077056144364e-05,True,"[166.4095, 176.5152, 155.5408]",166.4095,"[0.16488905251026154, 0.20899635553359985, 0.34312140941619873, 0.3774101734161377, 0.4118140935897827, 0.44519513845443726, 0.5405704379081726, 0.5730069875717163, 0.7333531975746155, 0.7662730813026428, 0.8612841963768005, 0.8992281556129456]",16,"[0.11774279922246933, 0.2109111249446869, 0.23106668889522552, 0.27873069047927856, 0.3569853603839874, 0.4133751392364502, 0.43135350942611694, 0.4527950882911682, 0.5870953798294067, 0.6653910875320435, 0.7836443185806274, 0.8568121790885925, 0.8961920738220215, 0.934920608997345]",2,14,10,0.14285714285714285,0.2,0.16666666666666666,0.0023680925369262695,0.004736185073852539,4,14,10,0.2857142857142857,0.4,0.3333333333333333,0.00495617650449276,0.01982470601797104,7,14,10,0.5,0.7,0.5833333333333334,0.008882176663194383,0.06217523664236069,8,14,10,0.5714285714285714,0.8,0.6666666666666666,0.02100208681076765,0.1680166944861412,"[0.13842663168907166, 0.18886946141719818, 0.32014814019203186, 0.3583403527736664, 0.4010506868362427, 0.42822882533073425, 0.5147247314453125, 0.5533546209335327, 0.74567711353302, 0.7883808016777039, 0.8858917355537415, 0.9267211556434631]",2,12,10,0.16666666666666666,0.2,0.1818181818181818,0.002008862793445587,0.004017725586891174,3,12,10,0.25,0.3,0.2727272727272727,0.003620689113934835,0.010862067341804504,7,12,10,0.5833333333333334,0.7,0.6363636363636365,0.009559097034590585,0.0669136792421341,9,12,10,0.75,0.9,0.8181818181818182,0.014080741339259677,0.1267266720533371
309,20309,23,16,11,28,"[0.05817607417702675, 0.1282864212989807, 0.18438753485679626, 0.25521403551101685, 0.3402113616466522, 0.38523003458976746, 0.4658932685852051, 0.5424059629440308, 0.589023768901825, 0.6316688656806946, 0.6946703791618347, 0.743973433971405, 0.7917896509170532, 0.8471097350120544, 0.8836056590080261, 0.9190863370895386]","[0.05817607417702675, 0.18438753485679626, 0.3402113616466522, 0.38523003458976746, 0.5424059629440308, 0.589023768901825, 0.6316688656806946, 0.6946703791618347, 0.7917896509170532, 0.8471097350120544, 0.8836056590080261]","[0.018739648163318634, 0.047232192009687424, 0.0794297456741333, 0.11550945043563843, 0.1555623710155487, 0.1956159919500351, 0.22992342710494995, 0.25952643156051636, 0.29038819670677185, 0.32165804505348206, 0.3515937030315399, 0.38129326701164246, 0.41016310453414917, 0.4389856457710266, 0.46949318051338196, 0.5018542408943176, 0.5343757271766663, 0.5667581558227539, 0.5989145636558533, 0.630825400352478, 0.6635383367538452, 0.700362503528595, 0.7391157150268555, 0.7757084965705872, 0.8088909983634949, 0.8430159687995911, 0.8853610754013062, 0.9335765242576599]",0.019048647955060005,"[""hard_then_ours"", ""ours_then_hard"", ""ours_then_hard""]",12,1,-4,8.911639451980591e-05,False,"[13.6065, 17.5153, 18.6579]",17.5153,"[0.150408074259758, 0.18877968192100525, 0.2177484631538391, 0.25502100586891174, 0.32237735390663147, 0.44038820266723633, 0.5274469256401062, 0.6754922866821289, 0.7391705513000488, 0.7610406875610352, 0.782454252243042, 0.826401948928833]",12,1,-4,2.4705412215553224e-05,True,"[148.5447, 183.204, 169.5465]",169.5465,"[0.0794297456741333, 0.1555623710155487, 0.1956159919500351, 0.3515937030315399, 0.38129326701164246, 0.5018542408943176, 0.5667581558227539, 0.6635383367538452, 0.700362503528595, 0.7391157150268555, 0.8088909983634949, 0.8853610754013062]",16,"[0.13650166988372803, 0.17382203042507172, 0.206170916557312, 0.2566964328289032, 0.3411679267883301, 0.45773056149482727, 0.5404119491577148, 0.7025976777076721, 0.7741978168487549, 0.7942423224449158, 0.8123325109481812, 0.8533294200897217]",3,12,11,0.25,0.2727272727272727,0.2608695652173913,0.0018010834852854412,0.005403250455856323,5,12,11,0.4166666666666667,0.45454545454545453,0.43478260869565216,0.003910046815872192,0.019550234079360962,6,12,11,0.5,0.5454545454545454,0.5217391304347826,0.0075424835085868835,0.0452549010515213,7,12,11,0.5833333333333334,0.6363636363636364,0.6086956521739131,0.020201291356767927,0.1414090394973755,"[0.07127400487661362, 0.14264510571956635, 0.180527001619339, 0.36672696471214294, 0.3994247019290924, 0.519379198551178, 0.583789587020874, 0.6898614764213562, 0.7333898544311523, 0.7741324305534363, 0.8351680636405945, 0.9081114530563354]",2,12,11,0.16666666666666666,0.18181818181818182,0.17391304347826086,0.0043347179889678955,0.008669435977935791,3,12,11,0.25,0.2727272727272727,0.2608695652173913,0.004634539286295573,0.013903617858886719,7,12,11,0.5833333333333334,0.6363636363636364,0.6086956521739131,0.010729072881596429,0.075103510171175,10,12,11,0.8333333333333334,0.9090909090909091,0.8695652173913043,0.01827251650393009,0.18272516503930092
548,20548,24,14,11,28,"[0.054845958948135376, 0.10680738091468811, 0.15144947171211243, 0.2026832550764084, 0.2681194543838501, 0.3357350826263428, 0.40519559383392334, 0.47572818398475647, 0.5665956139564514, 0.6543146967887878, 0.7118721008300781, 0.7936352491378784, 0.8555545210838318, 0.9385511875152588]","[0.054845958948135376, 0.10680738091468811, 0.15144947171211243, 0.2026832550764084, 0.2681194543838501, 0.47572818398475647, 0.5665956139564514, 0.6543146967887878, 0.7118721008300781, 0.7936352491378784, 0.8555545210838318]","[0.020351752638816833, 0.05129185691475868, 0.08654196560382843, 0.12743760645389557, 0.17198733985424042, 0.21469829976558685, 0.25112035870552063, 0.2864823341369629, 0.32107990980148315, 0.3535451889038086, 0.38476166129112244, 0.41714560985565186, 0.44996052980422974, 0.4816342294216156, 0.512249767780304, 0.542239248752594, 0.5727252960205078, 0.6037788987159729, 0.6354057788848877, 0.6675993800163269, 0.7015308141708374, 0.736792802810669, 0.7709625363349915, 0.802566409111023, 0.8334925770759583, 0.866442859172821, 0.9032163023948669, 0.9440369606018066]",0.016815539449453354,"[""hard_then_ours"", ""ours_then_hard"", ""hard_then_ours""]",10,-1,-4,0.00010125929111381993,False,"[15.335, 18.1603, 12.9043]",15.335,"[0.19066661596298218, 0.24871982634067535, 0.28802043199539185, 0.3206729590892792, 0.356690913438797, 0.5151949524879456, 0.5756604671478271, 0.7034353017807007, 0.8056750297546387, 0.944453775882721]",11,0,-3,2.3976719603524543e-05,True,"[150.6062, 179.9094, 161.7397]",161.7397,"[0.05129185691475868, 0.12743760645389557, 0.17198733985424042, 0.21469829976558685, 0.32107990980148315, 0.512249767780304, 0.542239248752594, 0.6354057788848877, 0.7015308141708374, 0.802566409111023, 0.866442859172821]",17,"[0.17213600873947144, 0.22821222245693207, 0.26065871119499207, 0.28951311111450195, 0.3220057785511017, 0.50199955701828, 0.5723932385444641, 0.7176195979118347, 0.8012542128562927, 0.9568975567817688]",0,10,11,0.0,0.0,0.0,,0.0,4,10,11,0.4,0.36363636363636365,0.380952380952381,0.0066562071442604065,0.026624828577041626,4,10,11,0.4,0.36363636363636365,0.380952380952381,0.0066562071442604065,0.026624828577041626,7,10,11,0.7,0.6363636363636364,0.6666666666666666,0.014158815145492554,0.09911170601844788,"[0.0408475324511528, 0.11226958781480789, 0.15371720492839813, 0.19612020254135132, 0.2899186313152313, 0.49806079268455505, 0.534640371799469, 0.6381295919418335, 0.7157509326934814, 0.7990132570266724, 0.8670197129249573]",2,11,11,0.18181818181818182,0.18181818181818182,0.18181818181818182,0.003073282539844513,0.006146565079689026,5,11,11,0.45454545454545453,0.45454545454545453,0.45454545454545453,0.004709966480731964,0.02354983240365982,8,11,11,0.7272727272727273,0.7272727272727273,0.7272727272727273,0.008149819448590279,0.06519855558872223,11,11,11,1.0,1.0,1.0,0.012844143943353132,0.14128558337688446
122,20122,25,10,6,28,"[0.07082918286323547, 0.20598220825195312, 0.27615952491760254, 0.3245146870613098, 0.46032243967056274, 0.5336659550666809, 0.595650315284729, 0.7155779600143433, 0.805178165435791, 0.8818413615226746]","[0.07082918286323547, 0.3245146870613098, 0.5336659550666809, 0.595650315284729, 0.7155779600143433, 0.8818413615226746]","[0.017699601128697395, 0.04472704231739044, 0.07537663727998734, 0.11086332052946091, 0.1501973271369934, 0.18904609978199005, 0.22353962063789368, 0.2562203109264374, 0.2874116599559784, 0.3174608647823334, 0.3470292389392853, 0.37782639265060425, 0.4102637767791748, 0.44230082631111145, 0.47375744581222534, 0.504414439201355, 0.5356608033180237, 0.5691733360290527, 0.6020345687866211, 0.6346732974052429, 0.6684812307357788, 0.7049304842948914, 0.7432026863098145, 0.7792815566062927, 0.812485933303833, 0.8480756282806396, 0.8896493315696716, 0.9361972212791443]",0.014772290363907814,"[""ours_then_hard"", ""ours_then_hard"", ""hard_then_ours""]",8,2,-2,9.116974979406223e-05,False,"[14.0076, 14.0274, 18.9146]",14.0274,"[0.1711639165878296, 0.27917128801345825, 0.37353962659835815, 0.5735914707183838, 0.6274716258049011, 0.6622443795204163, 0.713726818561554, 0.7436162829399109]",7,1,-3,2.2138157873996533e-05,True,"[191.2843, 179.9556, 186.6318]",186.6318,"[0.07537663727998734, 0.18904609978199005, 0.3174608647823334, 0.47375744581222534, 0.6020345687866211, 0.7432026863098145, 0.8480756282806396]",21,"[0.16797105967998505, 0.2889106571674347, 0.3926054537296295, 0.5898359417915344, 0.6391023993492126, 0.675660252571106, 0.7285199165344238, 0.7569985389709473]",0,8,6,0.0,0.0,0.0,,0.0,1,8,6,0.125,0.16666666666666666,0.14285714285714288,0.00581437349319458,0.00581437349319458,2,8,6,0.25,0.3333333333333333,0.28571428571428575,0.009378165006637573,0.018756330013275146,3,8,6,0.375,0.5,0.42857142857142855,0.02711203694343567,0.081336110830307,"[0.06379156559705734, 0.19257473945617676, 0.3239942491054535, 0.49749162793159485, 0.6156433820724487, 0.7565691471099854, 0.8618941903114319]",1,7,6,0.14285714285714285,0.16666666666666666,0.15384615384615383,0.0005204379558563232,0.0005204379558563232,2,7,6,0.2857142857142857,0.3333333333333333,0.30769230769230765,0.003779027611017227,0.007558055222034454,4,7,6,0.5714285714285714,0.6666666666666666,0.6153846153846153,0.011874573305249214,0.04749829322099686,6,7,6,0.8571428571428571,1.0,0.923076923076923,0.020777301241954167,0.124663807451725
499,20499,26,5,3,28,"[0.17648440599441528, 0.30440157651901245, 0.46858134865760803, 0.5876092910766602, 0.792445182800293]","[0.30440157651901245, 0.46858134865760803, 0.5876092910766602]","[0.019584309309720993, 0.04908934235572815, 0.08304494619369507, 0.12184645980596542, 0.16427241265773773, 0.20500895380973816, 0.24065440893173218, 0.27491530776023865, 0.3066697120666504, 0.33865445852279663, 0.36986082792282104, 0.4015780985355377, 0.43406906723976135, 0.466969758272171, 0.49946317076683044, 0.5314897894859314, 0.5630989670753479, 0.5945549607276917, 0.6260019540786743, 0.6577125787734985, 0.6903789043426514, 0.7241995334625244, 0.7581071853637695, 0.7906012535095215, 0.822319507598877, 0.8562996983528137, 0.8951764106750488, 0.9391009211540222]",0.024228937923908234,"[""ours_then_hard"", ""hard_then_ours"", ""hard_then_ours""]",7,4,2,1.7649383153184317e-05,True,"[18.667, 18.4058, 16.7135]",18.4058,"[0.1930561661720276, 0.3145454525947571, 0.3988443911075592, 0.5209996700286865, 0.6113190650939941, 0.6831678748130798, 0.7483739256858826]",4,1,-1,2.4186878363252617e-05,True,"[214.6382, 195.2404, 198.3745]",198.3745,"[0.12184645980596542, 0.27491530776023865, 0.5314897894859314, 0.5630989670753479]",24,"[0.15838202834129333, 0.2784775495529175, 0.3639374077320099, 0.49241432547569275, 0.5849107503890991, 0.6734172701835632, 0.7502247095108032]",1,7,3,0.14285714285714285,0.3333333333333333,0.2,0.002698540687561035,0.002698540687561035,1,7,3,0.14285714285714285,0.3333333333333333,0.2,0.002698540687561035,0.002698540687561035,1,7,3,0.14285714285714285,0.3333333333333333,0.2,0.002698540687561035,0.002698540687561035,3,7,3,0.42857142857142855,1.0,0.6,0.017485181490580242,0.05245554447174072,"[0.09736526757478714, 0.2386191189289093, 0.5039007067680359, 0.5381720066070557]",0,4,3,0.0,0.0,0.0,,0.0,0,4,3,0.0,0.0,0.0,,0.0,0,4,3,0.0,0.0,0.0,,0.0,2,4,3,0.5,0.6666666666666666,0.5714285714285715,0.042378321290016174,0.08475664258003235
714,20714,27,5,4,28,"[0.18940609693527222, 0.42394012212753296, 0.6343412399291992, 0.777922511100769, 0.9045482873916626]","[0.18940609693527222, 0.42394012212753296, 0.777922511100769, 0.9045482873916626]","[0.01952734962105751, 0.04943311959505081, 0.08273123949766159, 0.12004347890615463, 0.16037462651729584, 0.19939178228378296, 0.23410820960998535, 0.2659488320350647, 0.2965790629386902, 0.32710665464401245, 0.35746192932128906, 0.3877831995487213, 0.4181016981601715, 0.4484895169734955, 0.4787910282611847, 0.5092112421989441, 0.5402950048446655, 0.5723695158958435, 0.6050164103507996, 0.6381394267082214, 0.6725283861160278, 0.7085677981376648, 0.7461981773376465, 0.7824470400810242, 0.8158031702041626, 0.8509224653244019, 0.8918010592460632, 0.9374072551727295]",0.03295993059873581,"[""hard_then_ours"", ""hard_then_ours"", ""hard_then_ours""]",7,3,2,2.6666319172363728e-05,False,"[19.7562, 14.1202, 14.422]",14.422,"[0.19392982125282288, 0.32608869671821594, 0.39512017369270325, 0.46089857816696167, 0.6130379438400269, 0.7994439601898193, 0.8722350001335144]",5,1,0,2.4573595510446467e-05,True,"[192.6036, 237.3831, 191.2064]",192.6036,"[0.12004347890615463, 0.2659488320350647, 0.4787910282611847, 0.7461981773376465, 0.8509224653244019]",23,"[0.18146230280399323, 0.3258674740791321, 0.40809503197669983, 0.48899561166763306, 0.6664871573448181, 0.8517693281173706, 0.9062890410423279]",1,7,4,0.14285714285714285,0.25,0.18181818181818182,0.0017407536506652832,0.0017407536506652832,2,7,4,0.2857142857142857,0.5,0.36363636363636365,0.0048422738909721375,0.009684547781944275,3,7,4,0.42857142857142855,0.75,0.5454545454545454,0.008509879310925802,0.025529637932777405,3,7,4,0.42857142857142855,0.75,0.5454545454545454,0.008509879310925802,0.025529637932777405,"[0.10085786134004593, 0.2538105249404907, 0.5139776468276978, 0.8012273907661438, 0.8926477432250977]",0,5,4,0.0,0.0,0.0,,0.0,0,5,4,0.0,0.0,0.0,,0.0,1,5,4,0.2,0.25,0.22222222222222224,0.011900544166564941,0.011900544166564941,2,5,4,0.4,0.5,0.4444444444444445,0.01760271191596985,0.0352054238319397
898,20898,28,10,7,28,"[0.10253575444221497, 0.20839305222034454, 0.26846763491630554, 0.36403536796569824, 0.48104000091552734, 0.5516268014907837, 0.6287688612937927, 0.7043882608413696, 0.7846428751945496, 0.8823568820953369]","[0.10253575444221497, 0.26846763491630554, 0.36403536796569824, 0.5516268014907837, 0.6287688612937927, 0.7043882608413696, 0.8823568820953369]","[0.019196689128875732, 0.04844413325190544, 0.08211242407560349, 0.12068408727645874, 0.16377460956573486, 0.20617295801639557, 0.24390436708927155, 0.277175635099411, 0.3109840750694275, 0.34316545724868774, 0.3747641444206238, 0.4059576094150543, 0.4367723762989044, 0.466589093208313, 0.49572989344596863, 0.5245842337608337, 0.5539184212684631, 0.5841204524040222, 0.6145639419555664, 0.6453443765640259, 0.6778824925422668, 0.7128884792327881, 0.7487747073173523, 0.7824506163597107, 0.8138536214828491, 0.8477962613105774, 0.8882113099098206, 0.934892475605011]",0.010628039948642254,"[""ours_then_hard"", ""ours_then_hard"", ""ours_then_hard""]",9,2,-1,6.149785622255877e-05,False,"[15.3949, 19.6594, 18.5389]",18.5389,"[0.16520199179649353, 0.2318049520254135, 0.32574623823165894, 0.37665343284606934, 0.5387718081474304, 0.716939389705658, 0.7598172426223755, 0.7935963273048401, 0.8189311623573303]",9,2,-1,2.290461452503223e-05,True,"[189.0036, 182.0268, 162.4854]",182.0268,"[0.16377460956573486, 0.20617295801639557, 0.3109840750694275, 0.34316545724868774, 0.5841204524040222, 0.6145639419555664, 0.6778824925422668, 0.7824506163597107, 0.8477962613105774]",19,"[0.14168000221252441, 0.21714119613170624, 0.30626875162124634, 0.3649289608001709, 0.5400063991546631, 0.7200228571891785, 0.7661342024803162, 0.8015512824058533, 0.8256008625030518]",1,9,7,0.1111111111111111,0.14285714285714285,0.125,0.0008935928344726562,0.0008935928344726562,1,9,7,0.1111111111111111,0.14285714285714285,0.125,0.0008935928344726562,0.0008935928344726562,3,9,7,0.3333333333333333,0.42857142857142855,0.375,0.009382863839467367,0.0281485915184021,5,9,7,0.5555555555555556,0.7142857142857143,0.6250000000000001,0.021018791198730468,0.10509395599365234,"[0.14069755375385284, 0.191669762134552, 0.2907640337944031, 0.3269752264022827, 0.5830054879188538, 0.6129148006439209, 0.6820932626724243, 0.7869471907615662, 0.8541687726974487]",0,9,7,0.0,0.0,0.0,,0.0,0,9,7,0.0,0.0,0.0,,0.0,1,9,7,0.1111111111111111,0.14285714285714285,0.125,0.015854060649871826,0.015854060649871826,7,9,7,0.7777777777777778,1.0,0.8750000000000001,0.027890599199703763,0.19523419439792633
45,20045,29,5,3,28,"[0.15545348823070526, 0.2771685719490051, 0.3893725872039795, 0.5709409713745117, 0.7982081174850464]","[0.2771685719490051, 0.3893725872039795, 0.7982081174850464]","[0.020822007209062576, 0.052506543695926666, 0.08784434199333191, 0.1267891675233841, 0.16855499148368835, 0.2087070494890213, 0.2467517852783203, 0.2804843485355377, 0.31355345249176025, 0.34709686040878296, 0.3800055980682373, 0.4134557843208313, 0.446865439414978, 0.48006004095077515, 0.5127817988395691, 0.5453848838806152, 0.578277051448822, 0.6113727688789368, 0.6444777846336365, 0.6775683760643005, 0.7112191319465637, 0.7450044751167297, 0.7776085138320923, 0.8087006211280823, 0.8397698402404785, 0.872674822807312, 0.9085978865623474, 0.9475106000900269]",0.023923074826598167,"[""ours_then_hard"", ""hard_then_ours"", ""ours_then_hard""]",6,3,1,2.1445006495923735e-05,True,"[17.8747, 17.2493, 17.4849]",17.4849,"[0.2080274373292923, 0.27353543043136597, 0.3855455815792084, 0.5509017109870911, 0.6555736064910889, 0.7565082907676697]",6,3,1,1.9543515008990653e-05,True,"[242.7126, 239.9926, 220.781]",239.9926,"[0.16855499148368835, 0.31355345249176025, 0.4134557843208313, 0.6444777846336365, 0.8087006211280823, 0.8397698402404785]",22,"[0.1629747748374939, 0.24056565761566162, 0.35562339425086975, 0.5282312631607056, 0.6423555016517639, 0.7545297145843506]",0,6,3,0.0,0.0,0.0,,0.0,0,6,3,0.0,0.0,0.0,,0.0,0,6,3,0.0,0.0,0.0,,0.0,3,6,3,0.5,1.0,0.6666666666666666,0.03801017006238302,0.11403051018714905,"[0.13063733279705048, 0.2837182879447937, 0.37561583518981934, 0.6294524073600769, 0.8156022429466248, 0.8564807772636414]",0,6,3,0.0,0.0,0.0,,0.0,1,6,3,0.16666666666666666,0.3333333333333333,0.2222222222222222,0.006549715995788574,0.006549715995788574,3,6,3,0.5,1.0,0.6666666666666666,0.012566864490509033,0.0377005934715271,3,6,3,0.5,1.0,0.6666666666666666,0.012566864490509033,0.0377005934715271
261,20261,30,6,3,28,"[0.06664156168699265, 0.1322031021118164, 0.3472001552581787, 0.5526522994041443, 0.7093394994735718, 0.8073167204856873]","[0.1322031021118164, 0.5526522994041443, 0.8073167204856873]","[0.01895194500684738, 0.047983601689338684, 0.07981488853693008, 0.11624148488044739, 0.15632309019565582, 0.19682931900024414, 0.23086203634738922, 0.2630450427532196, 0.29208138585090637, 0.32236701250076294, 0.3535403311252594, 0.3847644031047821, 0.41589581966400146, 0.44714245200157166, 0.47847574949264526, 0.5099566578865051, 0.5419006943702698, 0.5740953683853149, 0.6067359447479248, 0.6398921608924866, 0.6743961572647095, 0.7105952501296997, 0.7477111220359802, 0.7833627462387085, 0.8173712491989136, 0.8532981276512146, 0.8938891887664795, 0.938803493976593]",0.023904792964458466,"[""ours_then_hard"", ""hard_then_ours"", ""ours_then_hard""]",5,2,-1,2.125448372680694e-05,True,"[18.1423, 18.1827, 18.9917]",18.1827,"[0.17647361755371094, 0.3704354465007782, 0.5166986584663391, 0.6417815685272217, 0.7589737772941589]",4,1,-2,2.1245721654850058e-05,True,"[215.9829, 265.0586, 219.8545]",219.8545,"[0.15632309019565582, 0.29208138585090637, 0.5740953683853149, 0.8532981276512146]",24,"[0.13956120610237122, 0.33664947748184204, 0.5016754865646362, 0.6456685066223145, 0.7772610187530518]",0,5,3,0.0,0.0,0.0,,0.0,1,5,3,0.2,0.3333333333333333,0.25,0.00735810399055481,0.00735810399055481,1,5,3,0.2,0.3333333333333333,0.25,0.00735810399055481,0.00735810399055481,2,5,3,0.4,0.6666666666666666,0.5,0.018706902861595154,0.03741380572319031,"[0.11838383972644806, 0.2516941428184509, 0.5669271945953369, 0.8665874600410461]",0,4,3,0.0,0.0,0.0,,0.0,0,4,3,0.0,0.0,0.0,,0.0,2,4,3,0.5,0.6666666666666666,0.5714285714285715,0.014047078788280487,0.028094157576560974,2,4,3,0.5,0.6666666666666666,0.5714285714285715,0.014047078788280487,0.028094157576560974
874,20874,31,5,3,28,"[0.21641841530799866, 0.473113089799881, 0.5796894431114197, 0.7463135719299316, 0.9281498193740845]","[0.473113089799881, 0.5796894431114197, 0.9281498193740845]","[0.019635871052742004, 0.04941401258111, 0.0830172523856163, 0.12143958359956741, 0.1633700430393219, 0.20418645441532135, 0.2399606853723526, 0.2724951505661011, 0.3037252128124237, 0.3346669673919678, 0.36538252234458923, 0.39565449953079224, 0.42532914876937866, 0.4545433521270752, 0.4832281470298767, 0.5121146440505981, 0.5419967174530029, 0.5723637938499451, 0.6030653715133667, 0.6343326568603516, 0.6673064231872559, 0.7026787400245667, 0.7401487827301025, 0.7763847708702087, 0.8100137114524841, 0.8454253077507019, 0.8874366283416748, 0.9348325133323669]",0.021004708483815193,"[""ours_then_hard"", ""ours_then_hard"", ""ours_then_hard""]",6,3,1,6.647489499300718e-05,False,"[18.0273, 12.4001, 21.6464]",18.0273,"[0.3158341348171234, 0.5835651159286499, 0.6744127869606018, 0.7794784307479858, 0.8121276497840881, 0.8291503190994263]",5,2,0,1.748745853547007e-05,True,"[194.5564, 218.9739, 208.3168]",208.3168,"[0.2724951505661011, 0.4545433521270752, 0.6030653715133667, 0.6673064231872559, 0.8100137114524841]",23,"[0.2876114845275879, 0.5918111205101013, 0.6935554146766663, 0.8083710074424744, 0.8396332263946533, 0.8534200191497803]",0,6,3,0.0,0.0,0.0,,0.0,0,6,3,0.0,0.0,0.0,,0.0,1,6,3,0.16666666666666666,0.3333333333333333,0.2222222222222222,0.01212167739868164,0.01212167739868164,1,6,3,0.16666666666666666,0.3333333333333333,0.2222222222222222,0.01212167739868164,0.01212167739868164,"[0.2357393056154251, 0.4488323926925659, 0.6119507551193237, 0.6862853765487671, 0.8377012014389038]",0,5,3,0.0,0.0,0.0,,0.0,0,5,3,0.0,0.0,0.0,,0.0,0,5,3,0.0,0.0,0.0,,0.0,2,5,3,0.4,0.6666666666666666,0.5,0.028271004557609558,0.056542009115219116
993,20993,32,4,4,28,"[0.20967479050159454, 0.35517406463623047, 0.5115466117858887, 0.7596267461776733]","[0.20967479050159454, 0.35517406463623047, 0.5115466117858887, 0.7596267461776733]","[0.020621363073587418, 0.051691774278879166, 0.08668722212314606, 0.12572433054447174, 0.16818015277385712, 0.21010634303092957, 0.24127349257469177, 0.27401530742645264, 0.30656206607818604, 0.3379335105419159, 0.3684425950050354, 0.3989556133747101, 0.42934414744377136, 0.4595928192138672, 0.49055197834968567, 0.5217666029930115, 0.5530747175216675, 0.5845085978507996, 0.6162818670272827, 0.648627758026123, 0.6821699738502502, 0.7170504927635193, 0.7521530985832214, 0.7855527997016907, 0.8181320428848267, 0.8528570532798767, 0.8927289247512817, 0.9378450512886047]",0.03336207568645477,"[""ours_then_hard"", ""hard_then_ours"", ""hard_then_ours""]",7,3,3,1.5467614502995275e-05,True,"[18.6645, 15.6459, 19.1337]",18.6645,"[0.11559867858886719, 0.2400064468383789, 0.30134615302085876, 0.450336754322052, 0.5241818428039551, 0.577664852142334, 0.7020382881164551]",4,0,0,2.1798108718940057e-05,True,"[186.8094, 216.1107, 211.7588]",211.7588,"[0.3379335105419159, 0.3684425950050354, 0.5217666029930115, 0.7521530985832214]",24,"[0.08194565027952194, 0.18372806906700134, 0.23961350321769714, 0.41053351759910583, 0.5069063305854797, 0.5705015659332275, 0.7075067162513733]",1,7,4,0.14285714285714285,0.25,0.18181818181818182,0.0046402812004089355,0.0046402812004089355,1,7,4,0.14285714285714285,0.25,0.18181818181818182,0.0046402812004089355,0.0046402812004089355,1,7,4,0.14285714285714285,0.25,0.18181818181818182,0.0046402812004089355,0.0046402812004089355,2,7,4,0.2857142857142857,0.5,0.36363636363636365,0.015293501317501068,0.030587002635002136,"[0.27091044187545776, 0.3075050413608551, 0.5036507844924927, 0.7596900463104248]",1,4,4,0.25,0.25,0.25,6.330013275146484e-05,6.330013275146484e-05,2,4,4,0.5,0.5,0.5,0.0039795637130737305,0.007959127426147461,2,4,4,0.5,0.5,0.5,0.0039795637130737305,0.007959127426147461,3,4,4,0.75,0.75,0.75,0.01854271690050761,0.05562815070152283
427,20427,33,13,7,28,"[0.09138201177120209, 0.12997092306613922, 0.20306998491287231, 0.285982608795166, 0.3401011824607849, 0.42025768756866455, 0.48820292949676514, 0.5928999185562134, 0.6956984996795654, 0.7360837459564209, 0.7801584005355835, 0.843485951423645, 0.9129645228385925]","[0.20306998491287231, 0.285982608795166, 0.42025768756866455, 0.5928999185562134, 0.6956984996795654, 0.7360837459564209, 0.843485951423645]","[0.020159337669610977, 0.05094213783740997, 0.08577527850866318, 0.12520049512386322, 0.16776631772518158, 0.20905983448028564, 0.24575620889663696, 0.279621958732605, 0.31269770860671997, 0.3459049165248871, 0.37776410579681396, 0.40960997343063354, 0.44115349650382996, 0.4724244177341461, 0.5037928223609924, 0.5348913669586182, 0.5656265020370483, 0.5960374474525452, 0.6263577938079834, 0.6569096446037292, 0.6893157362937927, 0.7244749069213867, 0.7596737742424011, 0.7920448780059814, 0.8223925828933716, 0.8560090065002441, 0.895262598991394, 0.9393759369850159]",0.016969550400972366,"[""ours_then_hard"", ""hard_then_ours"", ""ours_then_hard""]",7,0,-6,3.695838313433342e-05,False,"[16.4191, 15.3982, 16.0569]",16.0569,"[0.2564748525619507, 0.40262266993522644, 0.4513179659843445, 0.5683384537696838, 0.6091016530990601, 0.7536826729774475, 0.8427997827529907]",8,1,-5,1.9226612494094297e-05,True,"[175.1391, 186.6748, 185.8841]",185.8841,"[0.20905983448028564, 0.24575620889663696, 0.279621958732605, 0.44115349650382996, 0.6263577938079834, 0.6569096446037292, 0.7244749069213867, 0.8223925828933716]",20,"[0.23535814881324768, 0.38209617137908936, 0.43574973940849304, 0.5794995427131653, 0.6273841857910156, 0.767707109451294, 0.8600610494613647]",0,7,7,0.0,0.0,0.0,,0.0,0,7,7,0.0,0.0,0.0,,0.0,3,7,7,0.42857142857142855,0.42857142857142855,0.42857142857142855,0.015155841906865438,0.045467525720596313,5,7,7,0.7142857142857143,0.7142857142857143,0.7142857142857143,0.026409703493118285,0.13204851746559143,"[0.18750692903995514, 0.2262396514415741, 0.25258108973503113, 0.42413315176963806, 0.6465067267417908, 0.6742734313011169, 0.7427375316619873, 0.8392424583435059]",2,8,7,0.25,0.2857142857142857,0.26666666666666666,0.0040594786405563354,0.008118957281112671,3,8,7,0.375,0.42857142857142855,0.39999999999999997,0.004924247662226359,0.014772742986679077,4,8,7,0.5,0.5714285714285714,0.5333333333333333,0.007583949714899063,0.030335798859596252,6,8,7,0.75,0.8571428571428571,0.7999999999999999,0.018821515142917633,0.1129290908575058
541,20541,34,15,9,28,"[0.08111552894115448, 0.15091240406036377, 0.21891656517982483, 0.2945743203163147, 0.33050471544265747, 0.40074852108955383, 0.4478486478328705, 0.5140737891197205, 0.5707235336303711, 0.6510093212127686, 0.7224162817001343, 0.7863719463348389, 0.821868896484375, 0.8769558668136597, 0.9308797121047974]","[0.08111552894115448, 0.15091240406036377, 0.2945743203163147, 0.40074852108955383, 0.4478486478328705, 0.5140737891197205, 0.7224162817001343, 0.7863719463348389, 0.821868896484375]","[0.01872197352349758, 0.047126345336437225, 0.0799013003706932, 0.1179903969168663, 0.16112345457077026, 0.2026621252298355, 0.24055930972099304, 0.27431124448776245, 0.3061302602291107, 0.33830687403678894, 0.370151549577713, 0.4021519124507904, 0.4337330758571625, 0.465694785118103, 0.4973268508911133, 0.5287741422653198, 0.5597424507141113, 0.5901533365249634, 0.6203654408454895, 0.6512253284454346, 0.6838686466217041, 0.718458890914917, 0.753432035446167, 0.7864661812782288, 0.8178291916847229, 0.851832389831543, 0.8922039866447449, 0.9377896785736084]",0.01292707584798336,"[""ours_then_hard"", ""hard_then_ours"", ""hard_then_ours""]",14,5,-1,7.545090193161741e-05,False,"[15.5254, 18.5152, 18.2389]",18.2389,"[0.19264423847198486, 0.24213582277297974, 0.3401004374027252, 0.5208892226219177, 0.5575163960456848, 0.5891134142875671, 0.6179051995277405, 0.6459982395172119, 0.6838963627815247, 0.7214370965957642, 0.7580233216285706, 0.7923927903175354, 0.8233470320701599, 0.8582087755203247]",16,7,1,2.3335933292401023e-05,True,"[131.2741, 141.1641, 131.6333]",131.6333,"[0.1179903969168663, 0.16112345457077026, 0.2026621252298355, 0.24055930972099304, 0.33830687403678894, 0.370151549577713, 0.4337330758571625, 0.465694785118103, 0.5287741422653198, 0.5597424507141113, 0.6203654408454895, 0.6838686466217041, 0.718458890914917, 0.7864661812782288, 0.851832389831543, 0.8922039866447449]",12,"[0.18598468601703644, 0.24795150756835938, 0.341142475605011, 0.513336718082428, 0.547991931438446, 0.5750629901885986, 0.6013326048851013, 0.6390520930290222, 0.6887518167495728, 0.7311984300613403, 0.7744261622428894, 0.8088445663452148, 0.8463747501373291, 0.8787664175033569]",1,14,9,0.07142857142857142,0.1111111111111111,0.08695652173913043,0.0007370710372924805,0.0007370710372924805,2,14,9,0.14285714285714285,0.2222222222222222,0.17391304347826086,0.004759609699249268,0.009519219398498535,4,14,9,0.2857142857142857,0.4444444444444444,0.34782608695652173,0.008622333407402039,0.034489333629608154,6,14,9,0.42857142857142855,0.6666666666666666,0.5217391304347826,0.023511124153931934,0.1410667449235916,"[0.09709545969963074, 0.15536576509475708, 0.2019103765487671, 0.24579808115959167, 0.3402009904384613, 0.3670376241207123, 0.4135706424713135, 0.4483646750450134, 0.5181454420089722, 0.5506240129470825, 0.6051104664802551, 0.6887292861938477, 0.7272939682006836, 0.8048068881034851, 0.8737878203392029, 0.9040096402168274]",4,16,9,0.25,0.4444444444444444,0.32,0.00347968190908432,0.01391872763633728,4,16,9,0.25,0.4444444444444444,0.32,0.00347968190908432,0.01391872763633728,7,16,9,0.4375,0.7777777777777778,0.56,0.00873653164931706,0.06115572154521942,8,16,9,0.5,0.8888888888888888,0.64,0.024174002930521965,0.19339202344417572
69,20069,35,6,4,28,"[0.1414557248353958, 0.33093953132629395, 0.5309721827507019, 0.6493489742279053, 0.7621245980262756, 0.8496530652046204]","[0.1414557248353958, 0.33093953132629395, 0.5309721827507019, 0.6493489742279053]","[0.01877816766500473, 0.04731575772166252, 0.08004997670650482, 0.11722417920827866, 0.15816669166088104, 0.1988372802734375, 0.23383839428424835, 0.26498833298683167, 0.2963203489780426, 0.32755061984062195, 0.35828888416290283, 0.3888775110244751, 0.4196736812591553, 0.45047029852867126, 0.4810137450695038, 0.5113949775695801, 0.5424442887306213, 0.5744770765304565, 0.6068394780158997, 0.6395809650421143, 0.6737218499183655, 0.7097148895263672, 0.7467801570892334, 0.7823346257209778, 0.815731942653656, 0.8511331677436829, 0.8917905688285828, 0.9373647570610046]",0.022326402366161346,"[""ours_then_hard"", ""ours_then_hard"", ""hard_then_ours""]",8,4,2,4.307210838305764e-05,False,"[19.1277, 16.9853, 15.8102]",16.9853,"[0.23827862739562988, 0.439127117395401, 0.5195452570915222, 0.5514011383056641, 0.5803145170211792, 0.6325660347938538, 0.7270707488059998, 0.801788866519928]",5,1,-1,2.0634526663343422e-05,True,"[229.2951, 209.1378, 207.0496]",209.1378,"[0.15816669166088104, 0.32755061984062195, 0.45047029852867126, 0.6395809650421143, 0.7467801570892334]",23,"[0.2350645512342453, 0.4593171775341034, 0.5438364148139954, 0.5790831446647644, 0.6135345697402954, 0.6682232618331909, 0.7594236731529236, 0.8371037244796753]",0,8,4,0.0,0.0,0.0,,0.0,0,8,4,0.0,0.0,0.0,,0.0,2,8,4,0.25,0.5,0.3333333333333333,0.01586925983428955,0.0317385196685791,2,8,4,0.25,0.5,0.3333333333333333,0.02433931827545166,0.04867863655090332,"[0.15044714510440826, 0.3324018120765686, 0.46774619817733765, 0.6742145419120789, 0.7831268310546875]",1,5,4,0.2,0.25,0.22222222222222224,0.0014622807502746582,0.0014622807502746582,2,5,4,0.4,0.5,0.4444444444444445,0.005226850509643555,0.01045370101928711,2,5,4,0.4,0.5,0.4444444444444445,0.005226850509643555,0.01045370101928711,3,5,4,0.6,0.75,0.6666666666666665,0.01177308956782023,0.03531926870346069
89,20089,36,19,8,28,"[0.049391280859708786, 0.10785643756389618, 0.17660680413246155, 0.223932683467865, 0.285622239112854, 0.322017103433609, 0.38149866461753845, 0.42401134967803955, 0.46650710701942444, 0.5014020800590515, 0.5625702142715454, 0.619615912437439, 0.6549856066703796, 0.7028895020484924, 0.7725918889045715, 0.8179777264595032, 0.8552672863006592, 0.8994424939155579, 0.947835385799408]","[0.10785643756389618, 0.322017103433609, 0.42401134967803955, 0.46650710701942444, 0.5014020800590515, 0.7028895020484924, 0.7725918889045715, 0.8179777264595032]","[0.018878838047385216, 0.04767310991883278, 0.07997885346412659, 0.1165115237236023, 0.1574200540781021, 0.19742727279663086, 0.2319549322128296, 0.26289138197898865, 0.29661568999290466, 0.33048853278160095, 0.3635500967502594, 0.3957008123397827, 0.4272173345088959, 0.45850637555122375, 0.49083179235458374, 0.522504985332489, 0.5539746284484863, 0.5853410959243774, 0.6170696020126343, 0.650081217288971, 0.684643566608429, 0.7213268876075745, 0.7581735849380493, 0.7921406626701355, 0.8236886262893677, 0.8577897548675537, 0.8972232937812805, 0.9409450888633728]",0.014183737337589264,"[""ours_then_hard"", ""hard_then_ours"", ""ours_then_hard""]",13,5,-6,1.9942668586736545e-05,True,"[14.7939, 22.5802, 19.8765]",19.8765,"[0.12068452686071396, 0.17871221899986267, 0.19833721220493317, 0.33102044463157654, 0.3768862187862396, 0.4438682496547699, 0.5337685346603394, 0.5799686312675476, 0.6718962788581848, 0.7409765720367432, 0.7874424457550049, 0.815420925617218, 0.8627766966819763]",10,2,-9,2.1046473193564452e-05,True,"[168.5592, 166.1369, 183.219]",168.5592,"[0.1165115237236023, 0.29661568999290466, 0.4272173345088959, 0.45850637555122375, 0.49083179235458374, 0.5539746284484863, 0.5853410959243774, 0.7581735849380493, 0.8236886262893677, 0.8577897548675537]",18,"[0.11873926967382431, 0.18163181841373444, 0.2035541981458664, 0.35105809569358826, 0.3901236057281494, 0.45105910301208496, 0.5486956834793091, 0.5973320007324219, 0.6885724663734436, 0.7580729126930237, 0.8056765794754028, 0.8341624736785889, 0.8859217762947083]",0,13,8,0.0,0.0,0.0,,0.0,0,13,8,0.0,0.0,0.0,,0.0,5,13,8,0.38461538461538464,0.625,0.4761904761904762,0.013493598997592926,0.06746799498796463,8,13,8,0.6153846153846154,1.0,0.761904761904762,0.022211291827261448,0.17769033461809158,"[0.11506491154432297, 0.3111993074417114, 0.4369189441204071, 0.4687787592411041, 0.5066002607345581, 0.5702894330024719, 0.6032329201698303, 0.7743118405342102, 0.8427622318267822, 0.8805785775184631]",2,10,8,0.2,0.25,0.22222222222222224,0.0019958019256591797,0.003991603851318359,4,10,8,0.4,0.5,0.4444444444444445,0.004099564626812935,0.01639825850725174,6,10,8,0.6,0.75,0.6666666666666665,0.006687274823586146,0.040123648941516876,7,10,8,0.7,0.875,0.7777777777777777,0.009272593472685133,0.06490815430879593
321,20321,37,15,7,28,"[0.07999783754348755, 0.14110925793647766, 0.21988016366958618, 0.2980702221393585, 0.35781407356262207, 0.41163933277130127, 0.4910517930984497, 0.5640246868133545, 0.631799578666687, 0.6835845708847046, 0.7536558508872986, 0.8028776049613953, 0.8680478930473328, 0.9131556153297424, 0.9625180959701538]","[0.07999783754348755, 0.2980702221393585, 0.35781407356262207, 0.5640246868133545, 0.631799578666687, 0.6835845708847046, 0.9625180959701538]","[0.0198516882956028, 0.050333429127931595, 0.08480317145586014, 0.12403816729784012, 0.16730856895446777, 0.20964346826076508, 0.24672763049602509, 0.2823822498321533, 0.31689324975013733, 0.35121089220046997, 0.38481369614601135, 0.4183084964752197, 0.4515444040298462, 0.48443418741226196, 0.5166832208633423, 0.5481343269348145, 0.5785984396934509, 0.6084620356559753, 0.638659656047821, 0.6698833703994751, 0.7025220990180969, 0.7363566160202026, 0.7693981528282166, 0.8006056547164917, 0.8314492702484131, 0.8645811080932617, 0.9019590616226196, 0.9434198141098022]",0.029902976006269455,"[""ours_then_hard"", ""hard_then_ours"", ""ours_then_hard""]",7,0,-8,0.00012139961472712457,False,"[19.6476, 14.422, 20.0885]",19.6476,"[0.25213557481765747, 0.3846018612384796, 0.49084416031837463, 0.5892407894134521, 0.7009985446929932, 0.7883897423744202, 0.835167407989502]",10,3,-5,2.1344865672290325e-05,True,"[177.534, 172.7617, 180.1108]",177.534,"[0.16730856895446777, 0.24672763049602509, 0.31689324975013733, 0.4515444040298462, 0.6084620356559753, 0.638659656047821, 0.6698833703994751, 0.8006056547164917, 0.8314492702484131, 0.9434198141098022]",18,"[0.22512702643871307, 0.3353055417537689, 0.44703203439712524, 0.5664734840393066, 0.699679970741272, 0.8122263550758362, 0.8721845149993896]",1,7,7,0.14285714285714285,0.14285714285714285,0.14285714285714285,0.0024487972259521484,0.0024487972259521484,1,7,7,0.14285714285714285,0.14285714285714285,0.14285714285714285,0.0024487972259521484,0.0024487972259521484,2,7,7,0.2857142857142857,0.2857142857142857,0.2857142857142857,0.009272098541259766,0.01854419708251953,3,7,7,0.42857142857142855,0.42857142857142855,0.42857142857142855,0.01859317223230998,0.05577951669692993,"[0.14240920543670654, 0.2202221155166626, 0.26702287793159485, 0.4056754410266876, 0.5892030000686646, 0.6252044439315796, 0.6677852869033813, 0.8291157484054565, 0.8687797784805298, 0.9557245969772339]",0,10,7,0.0,0.0,0.0,,0.0,2,10,7,0.2,0.2857142857142857,0.23529411764705882,0.006694316864013672,0.013388633728027344,3,10,7,0.3,0.42857142857142855,0.3529411764705882,0.009729305903116861,0.029187917709350586,6,10,7,0.6,0.8571428571428571,0.7058823529411764,0.022212490439414978,0.13327494263648987
771,20771,38,18,13,28,"[0.07654727250337601, 0.14377674460411072, 0.17528054118156433, 0.2156437635421753, 0.267988920211792, 0.3130778670310974, 0.38535362482070923, 0.4382131099700928, 0.49921539425849915, 0.552312433719635, 0.5970577597618103, 0.6342193484306335, 0.6806009411811829, 0.7559542655944824, 0.8252835273742676, 0.8828877806663513, 0.9228822588920593, 0.9673464894294739]","[0.07654727250337601, 0.14377674460411072, 0.17528054118156433, 0.267988920211792, 0.3130778670310974, 0.38535362482070923, 0.552312433719635, 0.5970577597618103, 0.6342193484306335, 0.8252835273742676, 0.8828877806663513, 0.9228822588920593, 0.9673464894294739]","[0.019060570746660233, 0.048062682151794434, 0.08094263076782227, 0.11863001435995102, 0.1614919900894165, 0.2041088193655014, 0.2380993366241455, 0.2720010280609131, 0.30848026275634766, 0.3424781858921051, 0.3769746720790863, 0.4110923707485199, 0.44507089257240295, 0.47838521003723145, 0.5109784007072449, 0.5429735779762268, 0.57493656873703, 0.6063398718833923, 0.6370341777801514, 0.6676042675971985, 0.6997852325439453, 0.7347204089164734, 0.7688729166984558, 0.8001583814620972, 0.8299152851104736, 0.8632956743240356, 0.9014219045639038, 0.943404495716095]",0.00825169775635004,"[""hard_then_ours"", ""ours_then_hard"", ""hard_then_ours""]",14,1,-4,0.00010472978465259075,False,"[18.2822, 18.8451, 17.1418]",18.2822,"[0.1446561962366104, 0.23768234252929688, 0.2737920582294464, 0.3906036615371704, 0.4688700735569, 0.5238350033760071, 0.5765892267227173, 0.61359703540802, 0.6785123348236084, 0.7527837157249451, 0.7795153856277466, 0.7930327653884888, 0.8405141234397888, 0.9007389545440674]",28,15,10,3.165481030009687e-05,False,"[14.783, 16.4553, 13.3678]",14.783,"[0.019060570746660233, 0.048062682151794434, 0.08094263076782227, 0.11863001435995102, 0.1614919900894165, 0.2041088193655014, 0.2380993366241455, 0.2720010280609131, 0.30848026275634766, 0.3424781858921051, 0.3769746720790863, 0.4110923707485199, 0.44507089257240295, 0.47838521003723145, 0.5109784007072449, 0.5429735779762268, 0.57493656873703, 0.6063398718833923, 0.6370341777801514, 0.6676042675971985, 0.6997852325439453, 0.7347204089164734, 0.7688729166984558, 0.8001583814620972, 0.8299152851104736, 0.8632956743240356, 0.9014219045639038, 0.943404495716095]",0,"[0.14170627295970917, 0.23782163858413696, 0.27543243765830994, 0.38831812143325806, 0.466584175825119, 0.5288709402084351, 0.5792856812477112, 0.6091110706329346, 0.6633365750312805, 0.7335126996040344, 0.7617883682250977, 0.7811145782470703, 0.8425353765487671, 0.8918222784996033]",2,14,13,0.14285714285714285,0.15384615384615385,0.14814814814814817,0.002517484128475189,0.005034968256950378,4,14,13,0.2857142857142857,0.3076923076923077,0.29629629629629634,0.005353245884180069,0.021412983536720276,6,14,13,0.42857142857142855,0.46153846153846156,0.4444444444444445,0.009406151870886484,0.05643691122531891,10,14,13,0.7142857142857143,0.7692307692307693,0.7407407407407408,0.02547508627176285,0.2547508627176285,"[0.014610623940825462, 0.03673696145415306, 0.07062196731567383, 0.11858682334423065, 0.15826183557510376, 0.20002733170986176, 0.23813940584659576, 0.27357396483421326, 0.30919700860977173, 0.33996009826660156, 0.3738222122192383, 0.40896838903427124, 0.44596949219703674, 0.47474634647369385, 0.5109889507293701, 0.5457208156585693, 0.5779511332511902, 0.604541003704071, 0.625970721244812, 0.6518844962120056, 0.6821901798248291, 0.7145178914070129, 0.7522760033607483, 0.7879992723464966, 0.8289240598678589, 0.8658748865127563, 0.8927668929100037, 0.940941572189331]",2,28,13,0.07142857142857142,0.15384615384615385,0.0975609756097561,0.003760695457458496,0.007521390914916992,8,28,13,0.2857142857142857,0.6153846153846154,0.3902439024390244,0.006404292769730091,0.05123434215784073,11,28,13,0.39285714285714285,0.8461538461538461,0.5365853658536585,0.010369756682352587,0.11406732350587845,13,28,13,0.4642857142857143,1.0,0.6341463414634146,0.0305916744355972,0.3976917676627636
71,20071,39,20,9,28,"[0.05547095090150833, 0.09582704305648804, 0.14487257599830627, 0.18451489508152008, 0.2149612456560135, 0.26506733894348145, 0.30910226702690125, 0.3502466380596161, 0.4172610640525818, 0.47343766689300537, 0.5376731753349304, 0.5822031497955322, 0.621724545955658, 0.6758375763893127, 0.7420393824577332, 0.7774580121040344, 0.8163544535636902, 0.8701410889625549, 0.9061446785926819, 0.9514009356498718]","[0.14487257599830627, 0.26506733894348145, 0.30910226702690125, 0.4172610640525818, 0.47343766689300537, 0.7420393824577332, 0.7774580121040344, 0.8163544535636902, 0.9514009356498718]","[0.020215561613440514, 0.05127062276005745, 0.08617627620697021, 0.12631572782993317, 0.1697753220796585, 0.21295997500419617, 0.2485516220331192, 0.2813554108142853, 0.3111342191696167, 0.3423893451690674, 0.37258443236351013, 0.401539146900177, 0.42975977063179016, 0.45834460854530334, 0.48757779598236084, 0.5171238780021667, 0.5471606254577637, 0.5779978632926941, 0.6101189255714417, 0.6428368091583252, 0.6767916083335876, 0.7122972011566162, 0.7502359747886658, 0.7860439419746399, 0.8182476758956909, 0.852229654788971, 0.8926340937614441, 0.9380074143409729]",0.01658478006720543,"[""hard_then_ours"", ""hard_then_ours"", ""hard_then_ours""]",16,7,-4,4.840710244025104e-05,False,"[19.9502, 13.874, 12.8205]",13.874,"[0.18998852372169495, 0.3071057200431824, 0.3632422685623169, 0.4148631989955902, 0.4584806561470032, 0.48888683319091797, 0.5413035750389099, 0.5857687592506409, 0.6303195357322693, 0.7127933502197266, 0.7677135467529297, 0.809906005859375, 0.8308911323547363, 0.8446658253669739, 0.8602787256240845, 0.8992276787757874]",10,1,-10,2.0996454622945748e-05,True,"[165.2378, 163.3251, 167.9677]",165.2378,"[0.12631572782993317, 0.3111342191696167, 0.3423893451690674, 0.45834460854530334, 0.5171238780021667, 0.5471606254577637, 0.7122972011566162, 0.7502359747886658, 0.852229654788971, 0.9380074143409729]",18,"[0.17860031127929688, 0.27919915318489075, 0.33693230152130127, 0.38132938742637634, 0.4297865629196167, 0.4589095711708069, 0.5236706137657166, 0.5708864331245422, 0.6167280077934265, 0.7112082839012146, 0.7735005617141724, 0.8146096467971802, 0.8323655724525452, 0.8467823266983032, 0.8629849553108215, 0.9082673788070679]",2,16,9,0.125,0.2222222222222222,0.16,0.002851128578186035,0.00570225715637207,2,16,9,0.125,0.2222222222222222,0.16,0.002851128578186035,0.00570225715637207,5,16,9,0.3125,0.5555555555555556,0.39999999999999997,0.009377533197402954,0.04688766598701477,9,16,9,0.5625,1.0,0.72,0.02610436413023207,0.23493927717208862,"[0.12282940745353699, 0.2820136249065399, 0.3158334791660309, 0.429658979177475, 0.48939940333366394, 0.5311808586120605, 0.7106875777244568, 0.7566060423851013, 0.8546983599662781, 0.9512326717376709]",1,10,9,0.1,0.1111111111111111,0.10526315789473685,0.00016826391220092773,0.00016826391220092773,2,10,9,0.2,0.2222222222222222,0.2105263157894737,0.003449738025665283,0.006899476051330566,6,10,9,0.6,0.6666666666666666,0.631578947368421,0.011128678917884827,0.06677207350730896,9,10,9,0.9,1.0,0.9473684210526316,0.01831069588661194,0.16479626297950745
156,20156,40,5,4,28,"[0.16947190463542938, 0.29159894585609436, 0.48479583859443665, 0.6735489368438721, 0.8406276106834412]","[0.16947190463542938, 0.29159894585609436, 0.6735489368438721, 0.8406276106834412]","[0.020311011001467705, 0.05135292187333107, 0.08653102815151215, 0.1265098750591278, 0.170004740357399, 0.211969256401062, 0.24804401397705078, 0.28201329708099365, 0.3157605826854706, 0.34940478205680847, 0.38257473707199097, 0.41542911529541016, 0.4478137493133545, 0.4797864854335785, 0.5117273926734924, 0.5437195897102356, 0.5753722190856934, 0.6064894795417786, 0.6372085809707642, 0.6677857637405396, 0.6993624567985535, 0.7322407364845276, 0.7650160789489746, 0.7961055040359497, 0.826459527015686, 0.8596127033233643, 0.8977017402648926, 0.9405234456062317]",0.02514890395104885,"[""hard_then_ours"", ""ours_then_hard"", ""ours_then_hard""]",6,2,1,4.0283193811774254e-05,False,"[17.9182, 16.6392, 15.2892]",16.6392,"[0.23776455223560333, 0.45015212893486023, 0.6387335658073425, 0.7301581501960754, 0.794945478439331, 0.8255301713943481]",6,2,1,2.3649155991734006e-05,True,"[199.4435, 207.5161, 187.7266]",199.4435,"[0.211969256401062, 0.3157605826854706, 0.4478137493133545, 0.4797864854335785, 0.7961055040359497, 0.826459527015686]",22,"[0.19040440022945404, 0.4382185935974121, 0.6335957646369934, 0.7495629787445068, 0.8244990706443787, 0.857115626335144]",0,6,4,0.0,0.0,0.0,,0.0,0,6,4,0.0,0.0,0.0,,0.0,1,6,4,0.16666666666666666,0.25,0.2,0.0161285400390625,0.0161285400390625,3,6,4,0.5,0.75,0.6,0.02567140261332194,0.07701420783996582,"[0.1682513952255249, 0.2747358977794647, 0.4361725449562073, 0.46400508284568787, 0.8259902000427246, 0.8577268123626709]",1,6,4,0.16666666666666666,0.25,0.2,0.00122050940990448,0.00122050940990448,1,6,4,0.16666666666666666,0.25,0.2,0.00122050940990448,0.00122050940990448,3,6,4,0.5,0.75,0.6,0.010906989375750223,0.03272096812725067,3,6,4,0.5,0.75,0.6,0.010906989375750223,0.03272096812725067
14,20014,41,15,9,28,"[0.04412948340177536, 0.12446120381355286, 0.20324835181236267, 0.2431568056344986, 0.28098487854003906, 0.31939437985420227, 0.3785457909107208, 0.45204535126686096, 0.5115193724632263, 0.5483167767524719, 0.6405452489852905, 0.6883410215377808, 0.7530893087387085, 0.8215553164482117, 0.9105652570724487]","[0.04412948340177536, 0.20324835181236267, 0.28098487854003906, 0.31939437985420227, 0.45204535126686096, 0.5115193724632263, 0.5483167767524719, 0.7530893087387085, 0.9105652570724487]","[0.02024679444730282, 0.051391445100307465, 0.08623919636011124, 0.12553460896015167, 0.1703404039144516, 0.21224626898765564, 0.24786515533924103, 0.28050026297569275, 0.31495723128318787, 0.350170373916626, 0.3824883699417114, 0.41481366753578186, 0.4467197358608246, 0.480814665555954, 0.5139133930206299, 0.5458448529243469, 0.5764943957328796, 0.6066946387290955, 0.6381016373634338, 0.6693738102912903, 0.7017050385475159, 0.7350698709487915, 0.7678700089454651, 0.7990702390670776, 0.8296836614608765, 0.8630535006523132, 0.900924563407898, 0.9428418874740601]",0.02562553994357586,"[""hard_then_ours"", ""ours_then_hard"", ""ours_then_hard""]",10,1,-5,4.410487963468768e-05,False,"[24.6926, 22.9437, 17.9624]",22.9437,"[0.1879626214504242, 0.348609060049057, 0.36512428522109985, 0.4393393397331238, 0.5156025290489197, 0.5702410340309143, 0.6045553088188171, 0.6730634570121765, 0.7557856440544128, 0.8221999406814575]",9,0,-6,2.397525531705469e-05,True,"[188.4017, 212.83, 176.9706]",188.4017,"[0.051391445100307465, 0.1703404039144516, 0.21224626898765564, 0.28050026297569275, 0.350170373916626, 0.5764943957328796, 0.6066946387290955, 0.8296836614608765, 0.900924563407898]",19,"[0.1809791773557663, 0.32866406440734863, 0.34156569838523865, 0.40627288818359375, 0.47589632868766785, 0.5251911878585815, 0.565523624420166, 0.6394910216331482, 0.7191708087921143, 0.7931069135665894]",0,10,9,0.0,0.0,0.0,,0.0,1,10,9,0.1,0.1111111111111111,0.10526315789473685,0.009269684553146362,0.009269684553146362,3,10,9,0.3,0.3333333333333333,0.3157894736842105,0.013382782538731893,0.04014834761619568,7,10,9,0.7,0.7777777777777778,0.7368421052631577,0.03293703922203609,0.23055927455425265,"[0.04057460278272629, 0.16071081161499023, 0.2045281082391739, 0.2706989049911499, 0.32972097396850586, 0.5326277613639832, 0.568672776222229, 0.8038694262504578, 0.9006741046905518]",2,9,9,0.2222222222222222,0.2222222222222222,0.2222222222222222,0.0024173185229301453,0.0048346370458602905,3,9,9,0.3333333333333333,0.3333333333333333,0.3333333333333333,0.0049085964759190874,0.014725789427757263,6,9,9,0.6666666666666666,0.6666666666666666,0.6666666666666666,0.008504562079906464,0.05102737247943878,7,9,9,0.7777777777777778,0.7777777777777778,0.7777777777777778,0.016865789890289307,0.11806052923202515
335,20335,42,6,3,28,"[0.20820389688014984, 0.361352801322937, 0.4439164102077484, 0.6307815313339233, 0.7270398139953613, 0.8511881828308105]","[0.4439164102077484, 0.7270398139953613, 0.8511881828308105]","[0.01935509219765663, 0.04887542501091957, 0.08190380781888962, 0.11933906376361847, 0.15962238609790802, 0.19901932775974274, 0.23429031670093536, 0.26662230491638184, 0.2980164885520935, 0.3292612135410309, 0.3602169156074524, 0.39133548736572266, 0.4228169620037079, 0.4546565115451813, 0.48648571968078613, 0.5185171961784363, 0.5513358116149902, 0.5850176215171814, 0.6187814474105835, 0.6524961590766907, 0.6869096755981445, 0.7221850752830505, 0.757571816444397, 0.7909916043281555, 0.8227174878120422, 0.8569104075431824, 0.8960601091384888, 0.9397175908088684]",0.012911949306726456,"[""ours_then_hard"", ""hard_then_ours"", ""ours_then_hard""]",7,4,1,2.0173103621345945e-05,True,"[18.3372, 21.2568, 24.2701]",21.2568,"[0.26127493381500244, 0.45370739698410034, 0.5524463653564453, 0.5927154421806335, 0.6382375955581665, 0.7133439183235168, 0.7945080399513245]",5,2,-1,2.1192436179262586e-05,True,"[199.8794, 241.2962, 202.8907]",202.8907,"[0.23429031670093536, 0.3602169156074524, 0.4546565115451813, 0.6187814474105835, 0.8227174878120422]",23,"[0.24970786273479462, 0.45218348503112793, 0.5587118864059448, 0.6019303798675537, 0.6536611318588257, 0.7347490787506104, 0.8120819926261902]",0,7,3,0.0,0.0,0.0,,0.0,2,7,3,0.2857142857142857,0.6666666666666666,0.4,0.00798816978931427,0.01597633957862854,2,7,3,0.2857142857142857,0.6666666666666666,0.4,0.00798816978931427,0.01597633957862854,3,7,3,0.42857142857142855,1.0,0.6,0.018360843261082966,0.0550825297832489,"[0.2185487449169159, 0.35079425573349, 0.4533650577068329, 0.6310931444168091, 0.8421812653541565]",0,5,3,0.0,0.0,0.0,,0.0,2,5,3,0.4,0.6666666666666666,0.5,0.009227782487869263,0.018455564975738525,2,5,3,0.4,0.6666666666666666,0.5,0.009227782487869263,0.018455564975738525,2,5,3,0.4,0.6666666666666666,0.5,0.009227782487869263,0.018455564975738525
326,20326,43,17,10,28,"[0.048018164932727814, 0.11645346134901047, 0.17457301914691925, 0.2392488270998001, 0.29401087760925293, 0.34545713663101196, 0.400144100189209, 0.4377657473087311, 0.47958117723464966, 0.5211668610572815, 0.5582525730133057, 0.6120078563690186, 0.6813052296638489, 0.7445799708366394, 0.8035126328468323, 0.8719977736473083, 0.9406566619873047]","[0.048018164932727814, 0.17457301914691925, 0.2392488270998001, 0.4377657473087311, 0.47958117723464966, 0.5211668610572815, 0.5582525730133057, 0.7445799708366394, 0.8035126328468323, 0.9406566619873047]","[0.019403833895921707, 0.049132730811834335, 0.08199861645698547, 0.11933545023202896, 0.1601988971233368, 0.20117728412151337, 0.23725970089435577, 0.26827993988990784, 0.29763898253440857, 0.33017778396606445, 0.36168840527534485, 0.3923424482345581, 0.42236220836639404, 0.45269930362701416, 0.4853914976119995, 0.5173341631889343, 0.5489897727966309, 0.580048680305481, 0.612005889415741, 0.6449462175369263, 0.6786790490150452, 0.7140878438949585, 0.749819278717041, 0.7837222218513489, 0.8166909217834473, 0.85196453332901, 0.8922515511512756, 0.9374573230743408]",0.011859881691634655,"[""hard_then_ours"", ""ours_then_hard"", ""hard_then_ours""]",10,0,-7,6.41110964352265e-05,False,"[18.4024, 17.2027, 16.1571]",17.2027,"[0.1677972972393036, 0.20918230712413788, 0.2777791917324066, 0.32236358523368835, 0.38056957721710205, 0.44492870569229126, 0.5348322987556458, 0.6324273943901062, 0.6755799651145935, 0.717484176158905]",11,1,-6,2.1965677660773508e-05,True,"[177.2186, 174.8246, 164.8669]",174.8246,"[0.11933545023202896, 0.1601988971233368, 0.26827993988990784, 0.33017778396606445, 0.36168840527534485, 0.42236220836639404, 0.4853914976119995, 0.612005889415741, 0.6786790490150452, 0.7140878438949585, 0.9374573230743408]",17,"[0.1546739786863327, 0.20364484190940857, 0.2865677773952484, 0.33201539516448975, 0.3847526013851166, 0.44637665152549744, 0.5219922065734863, 0.6090831160545349, 0.6587332487106323, 0.7147395610809326]",1,10,10,0.1,0.1,0.10000000000000002,0.000825345516204834,0.000825345516204834,2,10,10,0.2,0.2,0.20000000000000004,0.004718124866485596,0.009436249732971191,3,10,10,0.3,0.3,0.3,0.009778430064519247,0.02933529019355774,5,10,10,0.5,0.5,0.5,0.02727307379245758,0.1363653689622879,"[0.09871406108140945, 0.14484846591949463, 0.27465423941612244, 0.3422388732433319, 0.3678576350212097, 0.4270711839199066, 0.4843131899833679, 0.58895343542099, 0.6621063947677612, 0.7097218036651611, 0.9452915787696838]",2,11,10,0.18181818181818182,0.2,0.1904761904761905,0.004683464765548706,0.009366929531097412,2,11,10,0.18181818181818182,0.2,0.1904761904761905,0.004683464765548706,0.009366929531097412,3,11,10,0.2727272727272727,0.3,0.28571428571428564,0.006687164306640625,0.020061492919921875,7,11,10,0.6363636363636364,0.7,0.6666666666666666,0.021535784006118774,0.15075048804283142
500,20500,44,10,5,28,"[0.09849342703819275, 0.18913479149341583, 0.253008633852005, 0.38151487708091736, 0.42665451765060425, 0.5368314981460571, 0.6254620552062988, 0.682906448841095, 0.7835657596588135, 0.8899288773536682]","[0.09849342703819275, 0.38151487708091736, 0.42665451765060425, 0.5368314981460571, 0.7835657596588135]","[0.0192079097032547, 0.0480443611741066, 0.08155757933855057, 0.11963582783937454, 0.1621435284614563, 0.20429612696170807, 0.2405146360397339, 0.27311843633651733, 0.3043156862258911, 0.33622297644615173, 0.36841705441474915, 0.40031376481056213, 0.43174633383750916, 0.4628160893917084, 0.49325767159461975, 0.5237847566604614, 0.5559265613555908, 0.5880014300346375, 0.6198915839195251, 0.651969313621521, 0.6854739785194397, 0.7218056917190552, 0.7585508227348328, 0.7919476628303528, 0.82256680727005, 0.855898380279541, 0.89509117603302, 0.9391611814498901]",0.025488168001174927,"[""ours_then_hard"", ""hard_then_ours"", ""ours_then_hard""]",5,0,-5,0.00013657330418936908,False,"[13.3348, 16.6712, 18.7861]",16.6712,"[0.22805429995059967, 0.35429614782333374, 0.5490856170654297, 0.7400947213172913, 0.7848124504089355]",7,2,-3,2.0991608835174702e-05,True,"[184.4969, 178.843, 182.3444]",182.3444,"[0.11963582783937454, 0.40031376481056213, 0.43174633383750916, 0.5880014300346375, 0.6854739785194397, 0.82256680727005, 0.855898380279541]",21,"[0.18880245089530945, 0.3153001368045807, 0.5279833078384399, 0.733341634273529, 0.7837363481521606]",1,5,5,0.2,0.2,0.20000000000000004,0.00017058849334716797,0.00017058849334716797,2,5,5,0.4,0.4,0.4000000000000001,0.004509389400482178,0.009018778800964355,2,5,5,0.4,0.4,0.4000000000000001,0.004509389400482178,0.009018778800964355,2,5,5,0.4,0.4,0.4000000000000001,0.004509389400482178,0.009018778800964355,"[0.0840374007821083, 0.3625378906726837, 0.40014854073524475, 0.5709282159805298, 0.6712871193885803, 0.8251584768295288, 0.8632848858833313]",0,7,5,0.0,0.0,0.0,,0.0,0,7,5,0.0,0.0,0.0,,0.0,2,7,5,0.2857142857142857,0.4,0.3333333333333333,0.016716506332159042,0.033433012664318085,5,7,5,0.7142857142857143,1.0,0.8333333333333333,0.027125684916973113,0.13562842458486557
698,20698,45,13,7,28,"[0.07778820395469666, 0.13264963030815125, 0.21779176592826843, 0.29662254452705383, 0.376901775598526, 0.41721946001052856, 0.46522432565689087, 0.5537708401679993, 0.6032777428627014, 0.6789867281913757, 0.7583475112915039, 0.833641767501831, 0.9148765802383423]","[0.07778820395469666, 0.13264963030815125, 0.376901775598526, 0.41721946001052856, 0.46522432565689087, 0.6032777428627014, 0.7583475112915039]","[0.01949552819132805, 0.04875935614109039, 0.08180761337280273, 0.11952492594718933, 0.16076591610908508, 0.2016763538122177, 0.23659268021583557, 0.2698577046394348, 0.30161288380622864, 0.3321240246295929, 0.3620434105396271, 0.39181482791900635, 0.42219531536102295, 0.4537081718444824, 0.4847816228866577, 0.5153689384460449, 0.5455359220504761, 0.5767623782157898, 0.6098693609237671, 0.6433308720588684, 0.6781813502311707, 0.715498685836792, 0.7537788152694702, 0.7889289259910583, 0.8214491009712219, 0.856514573097229, 0.8963450193405151, 0.9402263164520264]",0.010570183396339417,"[""ours_then_hard"", ""hard_then_ours"", ""hard_then_ours""]",11,4,-2,2.5920266125467606e-05,False,"[15.7581, 14.5747, 17.4481]",15.7581,"[0.14949798583984375, 0.19468459486961365, 0.23690764605998993, 0.2833676338195801, 0.300519734621048, 0.3345491588115692, 0.463055282831192, 0.5136001110076904, 0.6288461685180664, 0.7338347434997559, 0.792576253414154]",8,1,-5,2.068467983917799e-05,True,"[174.4446, 194.4808, 168.1737]",174.4446,"[0.08180761337280273, 0.2016763538122177, 0.30161288380622864, 0.3321240246295929, 0.5455359220504761, 0.6098693609237671, 0.7889289259910583, 0.8214491009712219]",20,"[0.14390382170677185, 0.19725215435028076, 0.24708783626556396, 0.2977944612503052, 0.319780558347702, 0.3613918721675873, 0.4617391526699066, 0.5046826004981995, 0.6305457353591919, 0.731645941734314, 0.7930021286010742]",1,11,7,0.09090909090909091,0.14285714285714285,0.1111111111111111,0.003485172986984253,0.003485172986984253,1,11,7,0.09090909090909091,0.14285714285714285,0.1111111111111111,0.003485172986984253,0.003485172986984253,3,11,7,0.2727272727272727,0.42857142857142855,0.33333333333333326,0.010083089272181192,0.03024926781654358,6,11,7,0.5454545454545454,0.8571428571428571,0.6666666666666665,0.027451937397321064,0.1647116243839264,"[0.07011518627405167, 0.20439133048057556, 0.32190775871276855, 0.35949814319610596, 0.5355526208877563, 0.6093456745147705, 0.7894694209098816, 0.8260008096694946]",0,8,7,0.0,0.0,0.0,,0.0,2,8,7,0.25,0.2857142857142857,0.26666666666666666,0.00687047466635704,0.01374094933271408,3,8,7,0.375,0.42857142857142855,0.39999999999999997,0.010381527245044708,0.031144581735134125,4,8,7,0.5,0.5714285714285714,0.5333333333333333,0.015566622838377953,0.06226649135351181
503,20503,46,19,9,28,"[0.06135871261358261, 0.10673680156469345, 0.15488329529762268, 0.20835170149803162, 0.2453993707895279, 0.29657119512557983, 0.3479512631893158, 0.40857329964637756, 0.4720495343208313, 0.5298240780830383, 0.5854655504226685, 0.6207981109619141, 0.6617212295532227, 0.7046623826026917, 0.7529677152633667, 0.7889368534088135, 0.8514457941055298, 0.9153427481651306, 0.9568395018577576]","[0.10673680156469345, 0.15488329529762268, 0.29657119512557983, 0.40857329964637756, 0.4720495343208313, 0.6207981109619141, 0.6617212295532227, 0.8514457941055298, 0.9568395018577576]","[0.020057855173945427, 0.05039967596530914, 0.0854344591498375, 0.12455184012651443, 0.1677716076374054, 0.21000094711780548, 0.2456311136484146, 0.2781604826450348, 0.3113024830818176, 0.34324559569358826, 0.37439286708831787, 0.40486428141593933, 0.4351268708705902, 0.46682894229888916, 0.4992760717868805, 0.5312601327896118, 0.5627415776252747, 0.5939149856567383, 0.6249849796295166, 0.6567615866661072, 0.6903768181800842, 0.7256371974945068, 0.760775625705719, 0.7933770418167114, 0.8237242698669434, 0.8567984700202942, 0.8958595395088196, 0.939822256565094]",0.01562374085187912,"[""hard_then_ours"", ""ours_then_hard"", ""hard_then_ours""]",9,0,-10,5.86759670113679e-05,False,"[14.276, 15.2954, 13.7328]",14.276,"[0.1360088735818863, 0.1981474608182907, 0.3204036056995392, 0.3850000500679016, 0.47532033920288086, 0.5355322360992432, 0.589360237121582, 0.7285666465759277, 0.7913050055503845]",10,1,-9,2.291076089022681e-05,True,"[182.6574, 176.3594, 178.0431]",178.0431,"[0.0854344591498375, 0.21000094711780548, 0.3113024830818176, 0.4351268708705902, 0.46682894229888916, 0.5939149856567383, 0.6249849796295166, 0.6567615866661072, 0.8237242698669434, 0.8567984700202942]",18,"[0.12280340492725372, 0.17596273124217987, 0.30072149634361267, 0.3595859408378601, 0.4655129909515381, 0.5200773477554321, 0.5728897452354431, 0.7108135223388672, 0.7787014245986938]",1,9,9,0.1111111111111111,0.1111111111111111,0.1111111111111111,0.004150301218032837,0.004150301218032837,2,9,9,0.2222222222222222,0.2222222222222222,0.2222222222222222,0.005343422293663025,0.01068684458732605,3,9,9,0.3333333333333333,0.3333333333333333,0.3333333333333333,0.00891781598329544,0.026753447949886322,7,9,9,0.7777777777777778,0.7777777777777778,0.7777777777777778,0.02768870017358235,0.19382090121507645,"[0.07208411395549774, 0.18484029173851013, 0.2931295931339264, 0.42009297013282776, 0.454888254404068, 0.5781208872795105, 0.6128206253051758, 0.6396135687828064, 0.8157892823219299, 0.8623805046081543]",1,10,9,0.1,0.1111111111111111,0.10526315789473685,0.0034416019916534424,0.0034416019916534424,2,10,9,0.2,0.2222222222222222,0.2105263157894737,0.005709543824195862,0.011419087648391724,5,10,9,0.5,0.5555555555555556,0.5263157894736842,0.010206949710845948,0.051034748554229736,8,10,9,0.8,0.8888888888888888,0.8421052631578948,0.02799582201987505,0.2239665761590004
509,20509,47,10,7,28,"[0.08771708607673645, 0.17916017770767212, 0.2392488718032837, 0.36104053258895874, 0.4635923504829407, 0.5492260456085205, 0.6589946746826172, 0.774864673614502, 0.830274224281311, 0.8928996920585632]","[0.08771708607673645, 0.2392488718032837, 0.36104053258895874, 0.5492260456085205, 0.774864673614502, 0.830274224281311, 0.8928996920585632]","[0.020345382392406464, 0.05126363784074783, 0.08602284640073776, 0.12576907873153687, 0.16928182542324066, 0.21147511899471283, 0.24861840903759003, 0.28209492564201355, 0.31440746784210205, 0.34658750891685486, 0.38146525621414185, 0.41566404700279236, 0.4487837851047516, 0.48036572337150574, 0.5105217099189758, 0.5406011343002319, 0.5721126794815063, 0.6031712889671326, 0.6340630650520325, 0.6653170585632324, 0.6978988647460938, 0.7317805886268616, 0.7667698860168457, 0.7992618083953857, 0.8301195502281189, 0.8638477921485901, 0.9019179344177246, 0.943596363067627]",0.035507868975400925,"[""ours_then_hard"", ""hard_then_ours"", ""hard_then_ours""]",7,0,-3,0.00014393437595572323,False,"[16.062, 30.3219, 15.4623]",16.062,"[0.23667679727077484, 0.2576480507850647, 0.32922160625457764, 0.38964810967445374, 0.4487836956977844, 0.4875941574573517, 0.6834415793418884]",8,1,-2,2.4713743187021464e-05,True,"[186.7012, 184.2324, 248.2048]",186.7012,"[0.16928182542324066, 0.28209492564201355, 0.4487837851047516, 0.5721126794815063, 0.6653170585632324, 0.7667698860168457, 0.7992618083953857, 0.8638477921485901]",20,"[0.1734732687473297, 0.19353653490543365, 0.26901888847351074, 0.34287121891975403, 0.4139656126499176, 0.46035218238830566, 0.6880186200141907]",0,7,7,0.0,0.0,0.0,,0.0,0,7,7,0.0,0.0,0.0,,0.0,1,7,7,0.14285714285714285,0.14285714285714285,0.14285714285714285,0.018169313669204712,0.018169313669204712,2,7,7,0.2857142857142857,0.2857142857142857,0.2857142857142857,0.031940825283527374,0.06388165056705475,"[0.11534940451383591, 0.21896153688430786, 0.41396573185920715, 0.550601601600647, 0.6651188135147095, 0.7841076254844666, 0.823167085647583, 0.8916136026382446]",2,8,7,0.25,0.2857142857142857,0.26666666666666666,0.0013308227062225342,0.0026616454124450684,4,8,7,0.5,0.5714285714285714,0.5333333333333333,0.004752933979034424,0.019011735916137695,4,8,7,0.5,0.5714285714285714,0.5333333333333333,0.004752933979034424,0.019011735916137695,6,8,7,0.75,0.8571428571428571,0.7999999999999999,0.01115523154536883,0.06693138927221298
749,20749,48,6,4,28,"[0.1239950880408287, 0.31837642192840576, 0.41837480664253235, 0.4814605712890625, 0.5805872082710266, 0.8127613663673401]","[0.1239950880408287, 0.41837480664253235, 0.4814605712890625, 0.8127613663673401]","[0.020970989018678665, 0.05172949656844139, 0.08584088832139969, 0.12481358647346497, 0.16667625308036804, 0.20651930570602417, 0.24130935966968536, 0.27125170826911926, 0.30325934290885925, 0.3334282338619232, 0.364607036113739, 0.3955731987953186, 0.42722246050834656, 0.4584001898765564, 0.49093547463417053, 0.5240916013717651, 0.5564746260643005, 0.5887618660926819, 0.6208181977272034, 0.652965784072876, 0.6862847208976746, 0.7213292717933655, 0.7567026019096375, 0.7898672819137573, 0.8213401436805725, 0.8556455373764038, 0.8952281475067139, 0.9393821358680725]",0.022559072822332382,"[""ours_then_hard"", ""hard_then_ours"", ""ours_then_hard""]",8,4,2,0.00026167824398726225,False,"[19.8411, 19.2554, 18.1763]",19.2554,"[0.10979676246643066, 0.16074128448963165, 0.20597901940345764, 0.2529338300228119, 0.29516762495040894, 0.33061251044273376, 0.44052964448928833, 0.5455732345581055]",5,1,-1,2.0501473045442253e-05,True,"[210.2493, 218.4613, 208.4386]",210.2493,"[0.24130935966968536, 0.42722246050834656, 0.49093547463417053, 0.8213401436805725, 0.8556455373764038]",23,"[0.07110460847616196, 0.11832340806722641, 0.16690665483474731, 0.21281498670578003, 0.25780943036079407, 0.3056212067604065, 0.425800621509552, 0.5313928723335266]",0,8,4,0.0,0.0,0.0,,0.0,2,8,4,0.25,0.5,0.3333333333333333,0.006548747420310974,0.013097494840621948,2,8,4,0.25,0.5,0.3333333333333333,0.006548747420310974,0.013097494840621948,3,8,4,0.375,0.75,0.5,0.021009931961695354,0.06302979588508606,"[0.20405086874961853, 0.4129753112792969, 0.47590261697769165, 0.8309955596923828, 0.8618370294570923]",0,5,4,0.0,0.0,0.0,,0.0,2,5,4,0.4,0.5,0.4444444444444445,0.005478724837303162,0.010957449674606323,3,5,4,0.6,0.75,0.6666666666666665,0.009730547666549683,0.029191642999649048,3,5,4,0.6,0.75,0.6666666666666665,0.009730547666549683,0.029191642999649048
393,20393,49,17,8,28,"[0.05298364534974098, 0.10008774697780609, 0.16567812860012054, 0.21960671246051788, 0.25604256987571716, 0.32605382800102234, 0.40791627764701843, 0.46458086371421814, 0.5289938449859619, 0.6105175018310547, 0.6613357067108154, 0.7272186875343323, 0.7628769874572754, 0.8096019625663757, 0.8741977214813232, 0.9239979386329651, 0.9630545377731323]","[0.10008774697780609, 0.21960671246051788, 0.32605382800102234, 0.46458086371421814, 0.6613357067108154, 0.7628769874572754, 0.8096019625663757, 0.9630545377731323]","[0.018960490822792053, 0.04730280861258507, 0.07873579114675522, 0.11404699832201004, 0.1526518613100052, 0.1917588859796524, 0.22769895195960999, 0.2609880268573761, 0.2933414578437805, 0.32592329382896423, 0.35758307576179504, 0.3886983394622803, 0.41957807540893555, 0.45069536566734314, 0.48152872920036316, 0.5121631622314453, 0.5427253246307373, 0.5735662579536438, 0.6051416397094727, 0.6379563212394714, 0.672063946723938, 0.7078694105148315, 0.7441856861114502, 0.7784731984138489, 0.8119431734085083, 0.8468989133834839, 0.8880810737609863, 0.9352286458015442]",0.016556402668356895,"[""ours_then_hard"", ""ours_then_hard"", ""hard_then_ours""]",10,2,-7,9.754878556123003e-05,False,"[16.6043, 17.5802, 18.3658]",17.5802,"[0.28025034070014954, 0.4574770927429199, 0.5236955881118774, 0.5624477863311768, 0.6054612398147583, 0.6462780237197876, 0.6763817667961121, 0.7209265232086182, 0.7687624096870422, 0.8141416311264038]",12,4,-5,2.4105336706270464e-05,True,"[148.3195, 152.3317, 146.7097]",148.3195,"[0.1526518613100052, 0.2609880268573761, 0.32592329382896423, 0.41957807540893555, 0.45069536566734314, 0.6379563212394714, 0.672063946723938, 0.7078694105148315, 0.7784731984138489, 0.8468989133834839, 0.8880810737609863, 0.9352286458015442]",16,"[0.2552509903907776, 0.4406944513320923, 0.5074682831764221, 0.5505728721618652, 0.5941466093063354, 0.6377058625221252, 0.6663028001785278, 0.7165275812149048, 0.7632841467857361, 0.8115992546081543]",3,10,8,0.3,0.375,0.33333333333333326,0.0024571816126505532,0.00737154483795166,3,10,8,0.3,0.375,0.33333333333333326,0.0024571816126505532,0.00737154483795166,3,10,8,0.3,0.375,0.33333333333333326,0.0024571816126505532,0.00737154483795166,5,10,8,0.5,0.625,0.5555555555555556,0.0351655513048172,0.175827756524086,"[0.13045558333396912, 0.23372937738895416, 0.30611249804496765, 0.3932892084121704, 0.4308159351348877, 0.6293653249740601, 0.6624881029129028, 0.7041100263595581, 0.770338773727417, 0.8509260416030884, 0.8912205696105957, 0.944044828414917]",1,12,8,0.08333333333333333,0.125,0.1,0.0011523962020874023,0.0011523962020874023,2,12,8,0.16666666666666666,0.25,0.2,0.004307091236114502,0.008614182472229004,5,12,8,0.4166666666666667,0.625,0.5,0.012337577342987061,0.0616878867149353,8,12,8,0.6666666666666666,1.0,0.8,0.024745339527726173,0.1979627162218094
825,20825,50,13,8,28,"[0.03870391100645065, 0.12293914705514908, 0.20419445633888245, 0.2907584309577942, 0.3415963351726532, 0.3991954028606415, 0.48437079787254333, 0.5932274460792542, 0.6668896079063416, 0.7258694767951965, 0.7952750325202942, 0.8790163993835449, 0.9550583362579346]","[0.03870391100645065, 0.12293914705514908, 0.2907584309577942, 0.3415963351726532, 0.5932274460792542, 0.6668896079063416, 0.7258694767951965, 0.9550583362579346]","[0.01984439790248871, 0.04940888285636902, 0.08131561428308487, 0.11738318204879761, 0.15641270577907562, 0.19405703246593475, 0.2286531776189804, 0.257940411567688, 0.28878122568130493, 0.31928202509880066, 0.3486965596675873, 0.37804216146469116, 0.40762290358543396, 0.43833863735198975, 0.469060480594635, 0.4994792342185974, 0.5297704935073853, 0.5601493716239929, 0.5908267498016357, 0.6221327185630798, 0.6547577977180481, 0.6893107295036316, 0.7256396412849426, 0.7613189220428467, 0.7949907183647156, 0.8312299251556396, 0.8763771057128906, 0.9287331700325012]",0.01677573285996914,"[""ours_then_hard"", ""hard_then_ours"", ""ours_then_hard""]",11,3,-2,5.866832725587301e-05,False,"[17.6899, 18.1412, 21.0245]",18.1412,"[0.11332626640796661, 0.1511533111333847, 0.1879492998123169, 0.2835750877857208, 0.3619796931743622, 0.5876553058624268, 0.7462033033370972, 0.7710293531417847, 0.8021826148033142, 0.8496692776679993, 0.9153035283088684]",8,0,-5,2.0826919353567064e-05,True,"[190.7503, 189.0274, 188.5126]",189.0274,"[0.08131561428308487, 0.15641270577907562, 0.3486965596675873, 0.37804216146469116, 0.5908267498016357, 0.6221327185630798, 0.6893107295036316, 0.9287331700325012]",20,"[0.08728998154401779, 0.1254510134458542, 0.1605658382177353, 0.25837722420692444, 0.3363350033760071, 0.6008424162864685, 0.7551801800727844, 0.7752652168273926, 0.8055143356323242, 0.8485182523727417, 0.9215484857559204]",1,11,8,0.09090909090909091,0.125,0.10526315789473685,0.0025118663907051086,0.0025118663907051086,3,11,8,0.2727272727272727,0.375,0.3157894736842105,0.005129389464855194,0.015388168394565582,3,11,8,0.2727272727272727,0.375,0.3157894736842105,0.005129389464855194,0.015388168394565582,7,11,8,0.6363636363636364,0.875,0.7368421052631579,0.02273942849465779,0.15917599946260452,"[0.060792408883571625, 0.1296887844800949, 0.32073408365249634, 0.35342755913734436, 0.6040782332420349, 0.6392337679862976, 0.7063013911247253, 0.9364758133888245]",0,8,8,0.0,0.0,0.0,,0.0,1,8,8,0.125,0.125,0.125,0.006749637424945831,0.006749637424945831,5,8,8,0.625,0.625,0.625,0.01351645141839981,0.06758225709199905,8,8,8,1.0,1.0,1.0,0.018412780947983265,0.14730224758386612
157,20157,51,20,11,28,"[0.037799593061208725, 0.0750637799501419, 0.12060694396495819, 0.18555758893489838, 0.2542148530483246, 0.31460195779800415, 0.363533616065979, 0.3993988037109375, 0.4354858994483948, 0.4975985288619995, 0.5493181347846985, 0.5918164849281311, 0.6379410624504089, 0.6879258155822754, 0.7393822073936462, 0.7738249897956848, 0.8303836584091187, 0.8786029815673828, 0.9187864661216736, 0.9606193900108337]","[0.12060694396495819, 0.2542148530483246, 0.363533616065979, 0.3993988037109375, 0.4975985288619995, 0.5918164849281311, 0.6879258155822754, 0.7393822073936462, 0.7738249897956848, 0.8786029815673828, 0.9606193900108337]","[0.01916799694299698, 0.04596879705786705, 0.07829265296459198, 0.114730603992939, 0.1582559496164322, 0.1973877102136612, 0.23368972539901733, 0.26814883947372437, 0.2946123480796814, 0.3254011571407318, 0.3536146879196167, 0.3845391273498535, 0.4139092266559601, 0.44327622652053833, 0.47218379378318787, 0.5015458464622498, 0.5327997803688049, 0.5662034153938293, 0.5991179347038269, 0.6321825385093689, 0.6663974523544312, 0.7029354572296143, 0.7404090762138367, 0.775680661201477, 0.8096761703491211, 0.8453812599182129, 0.8871017098426819, 0.9346394538879395]",0.01880255900323391,"[""ours_then_hard"", ""ours_then_hard"", ""ours_then_hard""]",14,3,-6,9.109889651881531e-05,False,"[20.2185, 15.1069, 18.7159]",18.7159,"[0.073698490858078, 0.11077083647251129, 0.15149591863155365, 0.18914195895195007, 0.24286767840385437, 0.26378872990608215, 0.36447232961654663, 0.45092055201530457, 0.541956901550293, 0.5826029181480408, 0.6313717365264893, 0.6877995133399963, 0.7544361352920532, 0.8042774200439453]",13,2,-7,2.373545430600643e-05,True,"[163.4432, 148.5257, 157.899]",157.899,"[0.07829265296459198, 0.114730603992939, 0.1582559496164322, 0.26814883947372437, 0.3254011571407318, 0.3536146879196167, 0.47218379378318787, 0.6321825385093689, 0.6663974523544312, 0.7029354572296143, 0.775680661201477, 0.8453812599182129, 0.9346394538879395]",15,"[0.06435100734233856, 0.09219396859407425, 0.14217664301395416, 0.18085184693336487, 0.24129706621170044, 0.26496127247810364, 0.399048775434494, 0.4782644212245941, 0.5626758337020874, 0.5985333919525146, 0.6440967917442322, 0.7100193500518799, 0.7787315249443054, 0.8163266777992249]",2,14,11,0.14285714285714285,0.18181818181818182,0.16,0.0026282817125320435,0.005256563425064087,3,14,11,0.21428571428571427,0.2727272727272727,0.23999999999999996,0.003991156816482544,0.011973470449447632,5,14,11,0.35714285714285715,0.45454545454545453,0.4,0.008845072984695435,0.04422536492347717,8,14,11,0.5714285714285714,0.7272727272727273,0.64,0.025427387095987797,0.20341909676790237,"[0.06980295479297638, 0.09477905929088593, 0.14907701313495636, 0.27033814787864685, 0.35310593247413635, 0.39003539085388184, 0.5039474964141846, 0.6449363827705383, 0.6834499835968018, 0.7257152199745178, 0.7964762449264526, 0.8538373708724976, 0.9432228207588196]",1,13,11,0.07692307692307693,0.09090909090909091,0.08333333333333334,0.004475831985473633,0.004475831985473633,3,13,11,0.23076923076923078,0.2727272727272727,0.24999999999999994,0.006729404131571452,0.020188212394714355,7,13,11,0.5384615384615384,0.6363636363636364,0.5833333333333334,0.01111467821257455,0.07780274748802185,10,13,11,0.7692307692307693,0.9090909090909091,0.8333333333333333,0.018956109881401062,0.18956109881401062
1018,21018,52,4,3,28,"[0.32879751920700073, 0.5799473524093628, 0.7624201774597168, 0.8924202919006348]","[0.5799473524093628, 0.7624201774597168, 0.8924202919006348]","[0.017978940159082413, 0.045638710260391235, 0.07713160663843155, 0.11347828060388565, 0.15359410643577576, 0.19344103336334229, 0.2290601283311844, 0.26168912649154663, 0.292913019657135, 0.3241086006164551, 0.354902058839798, 0.3854844570159912, 0.4159373641014099, 0.44628795981407166, 0.4764164090156555, 0.5066521763801575, 0.537293553352356, 0.5686764717102051, 0.6011437773704529, 0.6346474885940552, 0.669571578502655, 0.7060868144035339, 0.7431629300117493, 0.7785108089447021, 0.8121935129165649, 0.847851574420929, 0.888941764831543, 0.9354568719863892]",0.030742382630705833,"[""ours_then_hard"", ""hard_then_ours"", ""hard_then_ours""]",7,4,3,2.04065418074606e-05,True,"[17.8379, 19.6927, 16.7913]",17.8379,"[0.24086445569992065, 0.3095337450504303, 0.3816153407096863, 0.5273813605308533, 0.6788462400436401, 0.7799620628356934, 0.8157017230987549]",5,2,1,2.1750682208221406e-05,True,"[189.1072, 198.5792, 240.2501]",198.5792,"[0.4159373641014099, 0.44628795981407166, 0.537293553352356, 0.6346474885940552, 0.669571578502655]",23,"[0.23470304906368256, 0.309953510761261, 0.39233624935150146, 0.5647348165512085, 0.7303333282470703, 0.8267853260040283, 0.8558228015899658]",0,7,3,0.0,0.0,0.0,,0.0,0,7,3,0.0,0.0,0.0,,0.0,1,7,3,0.14285714285714285,0.3333333333333333,0.2,0.015212535858154297,0.015212535858154297,3,7,3,0.42857142857142855,1.0,0.6,0.027965625127156574,0.08389687538146973,"[0.4323992133140564, 0.47466740012168884, 0.5743842124938965, 0.6894311904907227, 0.7232202887535095]",0,5,3,0.0,0.0,0.0,,0.0,1,5,3,0.2,0.3333333333333333,0.25,0.005563139915466309,0.005563139915466309,1,5,3,0.2,0.3333333333333333,0.25,0.005563139915466309,0.005563139915466309,2,5,3,0.4,0.6666666666666666,0.5,0.022381514310836792,0.044763028621673584
752,20752,53,20,12,28,"[0.054236117750406265, 0.1073596328496933, 0.17091186344623566, 0.21684689819812775, 0.2834472358226776, 0.3285764157772064, 0.3677389621734619, 0.41381391882896423, 0.4732006788253784, 0.519625186920166, 0.557013213634491, 0.5950649976730347, 0.6331847310066223, 0.6893749237060547, 0.7493181824684143, 0.7812979221343994, 0.8385864496231079, 0.8763716220855713, 0.910525381565094, 0.946069061756134]","[0.054236117750406265, 0.1073596328496933, 0.21684689819812775, 0.3285764157772064, 0.3677389621734619, 0.41381391882896423, 0.4732006788253784, 0.519625186920166, 0.6331847310066223, 0.7812979221343994, 0.8385864496231079, 0.910525381565094]","[0.018491599708795547, 0.046399153769016266, 0.07807555049657822, 0.11341080069541931, 0.15203016996383667, 0.19139936566352844, 0.22604092955589294, 0.258255273103714, 0.28732913732528687, 0.31670689582824707, 0.34718936681747437, 0.3781014680862427, 0.4086224138736725, 0.43943846225738525, 0.4708746075630188, 0.502984344959259, 0.5382167100906372, 0.5745450854301453, 0.6101529598236084, 0.6454656720161438, 0.6832648515701294, 0.7252067923545837, 0.7652088403701782, 0.799522340297699, 0.8303753733634949, 0.864201009273529, 0.9023211598396301, 0.9438040256500244]",0.019452467560768127,"[""ours_then_hard"", ""hard_then_ours"", ""hard_then_ours""]",11,-1,-9,0.00011734792497009039,False,"[18.205, 17.5025, 18.0922]",18.0922,"[0.14835995435714722, 0.22955940663814545, 0.26123517751693726, 0.37265753746032715, 0.49560290575027466, 0.6016408801078796, 0.6708806157112122, 0.7551037669181824, 0.7608242034912109, 0.8123297691345215, 0.8702254295349121]",14,2,-6,2.3478483853978105e-05,True,"[152.7004, 142.6413, 136.8112]",142.6413,"[0.046399153769016266, 0.15203016996383667, 0.19139936566352844, 0.258255273103714, 0.28732913732528687, 0.31670689582824707, 0.4086224138736725, 0.43943846225738525, 0.502984344959259, 0.5745450854301453, 0.6101529598236084, 0.7652088403701782, 0.799522340297699, 0.864201009273529]",14,"[0.14591629803180695, 0.2296087145805359, 0.2675941288471222, 0.3871587812900543, 0.5107991099357605, 0.6354864835739136, 0.706351637840271, 0.7817652225494385, 0.787171483039856, 0.8365054130554199, 0.8883728981018066]",3,11,12,0.2727272727272727,0.25,0.2608695652173913,0.0016166965166727703,0.0048500895500183105,4,11,12,0.36363636363636365,0.3333333333333333,0.34782608695652173,0.003419041633605957,0.013676166534423828,6,11,12,0.5454545454545454,0.5,0.5217391304347826,0.007642967005570729,0.04585780203342438,8,11,12,0.7272727272727273,0.6666666666666666,0.6956521739130435,0.016917413100600243,0.13533930480480194,"[0.040246523916721344, 0.15015284717082977, 0.1922367513179779, 0.26375019550323486, 0.29674872756004333, 0.33100995421409607, 0.4285036623477936, 0.4648441672325134, 0.5192933678627014, 0.6085205078125, 0.6429654359817505, 0.7908103466033936, 0.8260868191719055, 0.8830695748329163]",2,14,12,0.14285714285714285,0.16666666666666666,0.15384615384615383,0.001382678747177124,0.002765357494354248,5,14,12,0.35714285714285715,0.4166666666666667,0.3846153846153846,0.006082999706268311,0.030414998531341553,8,14,12,0.5714285714285714,0.6666666666666666,0.6153846153846153,0.008949245791882277,0.07159396633505821,12,14,12,0.8571428571428571,1.0,0.923076923076923,0.020621650852262974,0.24745981022715569
377,20377,54,15,9,28,"[0.0578182190656662, 0.09902310371398926, 0.1738608032464981, 0.24999327957630157, 0.2914904057979584, 0.36846527457237244, 0.42643120884895325, 0.49012115597724915, 0.5586608052253723, 0.5993150472640991, 0.6742651462554932, 0.7292780876159668, 0.8122808933258057, 0.8885120153427124, 0.9440414905548096]","[0.0578182190656662, 0.1738608032464981, 0.2914904057979584, 0.36846527457237244, 0.42643120884895325, 0.5586608052253723, 0.6742651462554932, 0.8122808933258057, 0.8885120153427124]","[0.020018011331558228, 0.051710765808820724, 0.08720932900905609, 0.12608134746551514, 0.17370149493217468, 0.21491608023643494, 0.25024133920669556, 0.28536492586135864, 0.31422194838523865, 0.3458079397678375, 0.37504205107688904, 0.40589669346809387, 0.43728041648864746, 0.46934810280799866, 0.4991396367549896, 0.5281117558479309, 0.5568320155143738, 0.5862995386123657, 0.6173409223556519, 0.6483232378959656, 0.6808003783226013, 0.7151340842247009, 0.7498772740364075, 0.7861791849136353, 0.8186488747596741, 0.8529427647590637, 0.8936000466346741, 0.9389349818229675]",0.017736345529556274,"[""hard_then_ours"", ""hard_then_ours"", ""hard_then_ours""]",14,5,-1,3.5735603887587786e-05,False,"[18.4843, 24.898, 15.3627]",18.4843,"[0.11168801039457321, 0.16608963906764984, 0.20773181319236755, 0.275920033454895, 0.3990738093852997, 0.45054200291633606, 0.5498363971710205, 0.628402590751648, 0.648038923740387, 0.6920080184936523, 0.7922160625457764, 0.823265016078949, 0.862555980682373, 0.9025574326515198]",13,4,-2,1.8077291315421462e-05,True,"[153.355, 199.5215, 170.1544]",170.1544,"[0.051710765808820724, 0.12608134746551514, 0.21491608023643494, 0.25024133920669556, 0.37504205107688904, 0.43728041648864746, 0.46934810280799866, 0.5281117558479309, 0.5568320155143738, 0.6173409223556519, 0.7151340842247009, 0.7498772740364075, 0.8936000466346741]",15,"[0.10851113498210907, 0.1607118546962738, 0.1963682770729065, 0.2694278955459595, 0.3981480300426483, 0.4504092037677765, 0.5183247923851013, 0.5879619121551514, 0.6096103191375732, 0.6602193117141724, 0.7946303486824036, 0.8333444595336914, 0.8773375749588013, 0.9112006425857544]",0,14,9,0.0,0.0,0.0,,0.0,0,14,9,0.0,0.0,0.0,,0.0,4,14,9,0.2857142857142857,0.4444444444444444,0.34782608695652173,0.014004942029714584,0.05601976811885834,8,14,9,0.5714285714285714,0.8888888888888888,0.6956521739130435,0.02150988020002842,0.17207904160022736,"[0.047119323164224625, 0.12397722899913788, 0.20376360416412354, 0.24320165812969208, 0.37260445952415466, 0.43836718797683716, 0.4607526361942291, 0.49870648980140686, 0.5250450372695923, 0.576499342918396, 0.6873195171356201, 0.7341625094413757, 0.9036769866943359]",1,13,9,0.07692307692307693,0.1111111111111111,0.09090909090909093,0.0041391849517822266,0.0041391849517822266,1,13,9,0.07692307692307693,0.1111111111111111,0.09090909090909093,0.0041391849517822266,0.0041391849517822266,6,13,9,0.46153846153846156,0.6666666666666666,0.5454545454545455,0.012138656650980314,0.07283193990588188,8,13,9,0.6153846153846154,0.8888888888888888,0.7272727272727274,0.023347686510533094,0.18678149208426476
770,20770,55,6,5,28,"[0.18691478669643402, 0.34640225768089294, 0.4916018843650818, 0.648193359375, 0.7363541126251221, 0.8415760397911072]","[0.18691478669643402, 0.34640225768089294, 0.4916018843650818, 0.648193359375, 0.8415760397911072]","[0.019959520548582077, 0.04992913454771042, 0.08394667506217957, 0.12177988886833191, 0.16284549236297607, 0.20296776294708252, 0.23723335564136505, 0.26888319849967957, 0.30165520310401917, 0.33318549394607544, 0.36428186297416687, 0.39529740810394287, 0.4262567162513733, 0.4567773640155792, 0.4868484139442444, 0.5167274475097656, 0.5469241738319397, 0.5772097706794739, 0.6075558066368103, 0.6384897828102112, 0.6714885234832764, 0.707511305809021, 0.7454301118850708, 0.7812985777854919, 0.8142457604408264, 0.8493966460227966, 0.8906934261322021, 0.9368544816970825]",0.032886430621147156,"[""ours_then_hard"", ""hard_then_ours"", ""ours_then_hard""]",5,0,-1,8.497946691932157e-05,False,"[13.3119, 18.1895, 17.6765]",17.6765,"[0.10718834400177002, 0.21688365936279297, 0.31284549832344055, 0.5589738488197327, 0.7685461044311523]",5,0,-1,2.1580368411378004e-05,True,"[206.7836, 217.7451, 214.324]",214.324,"[0.20296776294708252, 0.30165520310401917, 0.39529740810394287, 0.5772097706794739, 0.7812985777854919]",23,"[0.09151014685630798, 0.22545884549617767, 0.349775493144989, 0.6017024517059326, 0.8048075437545776]",1,5,5,0.2,0.2,0.20000000000000004,0.0033732354640960693,0.0033732354640960693,1,5,5,0.2,0.2,0.20000000000000004,0.0033732354640960693,0.0033732354640960693,1,5,5,0.2,0.2,0.20000000000000004,0.0033732354640960693,0.0033732354640960693,4,5,5,0.8,0.8,0.8000000000000002,0.03129417449235916,0.12517669796943665,"[0.2058461308479309, 0.3346945643424988, 0.44535744190216064, 0.6177138090133667, 0.8177048563957214]",0,5,5,0.0,0.0,0.0,,0.0,0,5,5,0.0,0.0,0.0,,0.0,2,5,5,0.4,0.4,0.4000000000000001,0.015319518744945526,0.030639037489891052,5,5,5,1.0,1.0,1.0,0.026246842741966248,0.13123421370983124
132,20132,56,20,11,28,"[0.049731913954019547, 0.10289984941482544, 0.13699954748153687, 0.19867494702339172, 0.22994601726531982, 0.269027978181839, 0.3207685947418213, 0.36197715997695923, 0.4232597351074219, 0.46989554166793823, 0.5116420984268188, 0.5726037621498108, 0.6069542765617371, 0.6452548503875732, 0.6771042346954346, 0.737356424331665, 0.7736285328865051, 0.8343518972396851, 0.8884101510047913, 0.9390922784805298]","[0.10289984941482544, 0.13699954748153687, 0.269027978181839, 0.36197715997695923, 0.5116420984268188, 0.6069542765617371, 0.6452548503875732, 0.6771042346954346, 0.7736285328865051, 0.8343518972396851, 0.9390922784805298]","[0.02030307799577713, 0.05078527331352234, 0.08551940321922302, 0.12419247627258301, 0.16835273802280426, 0.2075410932302475, 0.24123823642730713, 0.2743394672870636, 0.30436524748802185, 0.3371061384677887, 0.37036532163619995, 0.403321772813797, 0.4355884790420532, 0.4667865037918091, 0.4978433847427368, 0.5303589105606079, 0.5621539354324341, 0.5936611890792847, 0.6252220869064331, 0.6571850776672363, 0.6918327808380127, 0.7285652756690979, 0.7648506164550781, 0.7982307076454163, 0.8293841481208801, 0.8632668256759644, 0.9018261432647705, 0.9438843131065369]",0.013190940953791142,"[""ours_then_hard"", ""hard_then_ours"", ""ours_then_hard""]",14,3,-6,3.826149259111844e-05,False,"[16.4752, 16.9631, 17.5922]",16.9631,"[0.14762410521507263, 0.21449978649616241, 0.28903728723526, 0.3748128414154053, 0.40177449584007263, 0.4355615973472595, 0.4661627411842346, 0.5102232098579407, 0.5567502379417419, 0.5728718042373657, 0.6047109961509705, 0.7552679777145386, 0.8227378129959106, 0.840617835521698]",13,2,-7,2.373273491684813e-05,True,"[146.7189, 137.2686, 157.5324]",146.7189,"[0.05078527331352234, 0.08551940321922302, 0.16835273802280426, 0.2075410932302475, 0.2743394672870636, 0.37036532163619995, 0.4355884790420532, 0.4667865037918091, 0.5936611890792847, 0.6252220869064331, 0.6918327808380127, 0.7648506164550781, 0.8632668256759644]",15,"[0.15213823318481445, 0.22148138284683228, 0.29974377155303955, 0.39872097969055176, 0.4299463927745819, 0.4626465141773224, 0.48463553190231323, 0.5273752808570862, 0.5783298015594482, 0.5966002941131592, 0.618289053440094, 0.7559861540794373, 0.8263170719146729, 0.844954788684845]",0,14,11,0.0,0.0,0.0,,0.0,1,14,11,0.07142857142857142,0.09090909090909091,0.08,0.008034825325012207,0.008034825325012207,5,14,11,0.35714285714285715,0.45454545454545453,0.4,0.013380610942840576,0.06690305471420288,8,14,11,0.5714285714285714,0.7272727272727273,0.64,0.03568507730960846,0.2854806184768677,"[0.0456068217754364, 0.08040118217468262, 0.1706097275018692, 0.2148621827363968, 0.28012615442276, 0.39166879653930664, 0.46266406774520874, 0.4850928485393524, 0.6104002594947815, 0.6407574415206909, 0.7002325057983398, 0.7671931385993958, 0.8682662844657898]",2,13,11,0.15384615384615385,0.18181818181818182,0.16666666666666669,0.003971695899963379,0.007943391799926758,3,13,11,0.23076923076923078,0.2727272727272727,0.24999999999999994,0.004792928695678711,0.014378786087036133,4,13,11,0.3076923076923077,0.36363636363636365,0.33333333333333337,0.006369240581989288,0.025476962327957153,10,13,11,0.7692307692307693,0.9090909090909091,0.8333333333333333,0.021729813516139986,0.21729813516139984
924,20924,57,7,5,28,"[0.06969915330410004, 0.21846173703670502, 0.3807108998298645, 0.4472416639328003, 0.5811597108840942, 0.7166510820388794, 0.8672643899917603]","[0.06969915330410004, 0.21846173703670502, 0.4472416639328003, 0.5811597108840942, 0.8672643899917603]","[0.02050613984465599, 0.05175318941473961, 0.08703625202178955, 0.12734992802143097, 0.1711907833814621, 0.21300461888313293, 0.24986957013607025, 0.284466952085495, 0.31860825419425964, 0.3526574671268463, 0.3864871561527252, 0.4200141727924347, 0.45309340953826904, 0.48514115810394287, 0.5158401131629944, 0.5457278490066528, 0.5756375789642334, 0.6057893633842468, 0.6363124847412109, 0.6674084067344666, 0.6999551653862, 0.7340357899665833, 0.7679355144500732, 0.7998283505439758, 0.8310751914978027, 0.8648699522018433, 0.9025154709815979, 0.9437890648841858]",0.03384882211685181,"[""hard_then_ours"", ""ours_then_hard"", ""ours_then_hard""]",4,-1,-3,5.035173307987861e-05,False,"[18.6058, 16.588, 18.1959]",18.1959,"[0.22201764583587646, 0.3213405907154083, 0.5008920431137085, 0.7839196920394897]",4,-1,-3,2.4216948077082634e-05,True,"[214.5633, 190.9991, 217.6516]",214.5633,"[0.1711907833814621, 0.5457278490066528, 0.5756375789642334, 0.7998283505439758]",24,"[0.17856305837631226, 0.272844523191452, 0.4604705274105072, 0.7730273604393005]",0,4,5,0.0,0.0,0.0,,0.0,0,4,5,0.0,0.0,0.0,,0.0,1,4,5,0.25,0.2,0.22222222222222224,0.01322886347770691,0.01322886347770691,2,4,5,0.5,0.4,0.4444444444444445,0.026563771069049835,0.05312754213809967,"[0.12673674523830414, 0.5061334371566772, 0.5418593883514404, 0.7928687334060669]",0,4,5,0.0,0.0,0.0,,0.0,0,4,5,0.0,0.0,0.0,,0.0,0,4,5,0.0,0.0,0.0,,0.0,1,4,5,0.25,0.2,0.22222222222222224,0.03930032253265381,0.03930032253265381
882,20882,58,14,9,28,"[0.08522383868694305, 0.149092897772789, 0.22238433361053467, 0.2794986069202423, 0.346179336309433, 0.3922160565853119, 0.46328282356262207, 0.505738377571106, 0.555374801158905, 0.5994094014167786, 0.6625043153762817, 0.7494869232177734, 0.8357441425323486, 0.9233108162879944]","[0.149092897772789, 0.2794986069202423, 0.346179336309433, 0.3922160565853119, 0.505738377571106, 0.555374801158905, 0.5994094014167786, 0.7494869232177734, 0.8357441425323486]","[0.01899360679090023, 0.04769184812903404, 0.08050032705068588, 0.11853721737861633, 0.16146351397037506, 0.2041795402765274, 0.241477832198143, 0.27543365955352783, 0.3081255853176117, 0.3404736816883087, 0.3713158369064331, 0.4026709794998169, 0.4344968795776367, 0.46571341156959534, 0.49634480476379395, 0.5266934633255005, 0.5570976138114929, 0.5883249640464783, 0.6220447421073914, 0.6567865610122681, 0.6926705837249756, 0.7293573021888733, 0.7646717429161072, 0.7969096899032593, 0.8276981115341187, 0.8614768385887146, 0.8998472690582275, 0.9422941207885742]",0.009210197255015373,"[""hard_then_ours"", ""hard_then_ours"", ""ours_then_hard""]",12,3,-2,0.00011991246719844639,False,"[19.0108, 18.1361, 18.6978]",18.6978,"[0.05231085047125816, 0.11341738700866699, 0.19829317927360535, 0.2753637433052063, 0.31620508432388306, 0.37733393907546997, 0.4561629891395569, 0.503123939037323, 0.5232586860656738, 0.5389803647994995, 0.5901873707771301, 0.6612874269485474]",19,10,5,2.398937795078382e-05,True,"[109.798, 101.401, 107.0873]",107.0873,"[0.01899360679090023, 0.08050032705068588, 0.11853721737861633, 0.16146351397037506, 0.241477832198143, 0.27543365955352783, 0.3081255853176117, 0.4026709794998169, 0.4344968795776367, 0.49634480476379395, 0.5266934633255005, 0.5883249640464783, 0.6220447421073914, 0.6926705837249756, 0.7293573021888733, 0.7646717429161072, 0.7969096899032593, 0.8276981115341187, 0.8998472690582275]",9,"[0.04908590018749237, 0.11007393896579742, 0.2045706808567047, 0.2768682837486267, 0.31693097949028015, 0.37145325541496277, 0.4639110565185547, 0.5027393102645874, 0.5239294767379761, 0.5343309640884399, 0.570488452911377, 0.6437230110168457]",2,12,9,0.16666666666666666,0.2222222222222222,0.1904761904761905,0.0028146952390670776,0.005629390478134155,2,12,9,0.16666666666666666,0.2222222222222222,0.1904761904761905,0.0028146952390670776,0.005629390478134155,3,12,9,0.25,0.3333333333333333,0.28571428571428575,0.006914347410202026,0.02074304223060608,7,12,9,0.5833333333333334,0.7777777777777778,0.6666666666666666,0.027693433420998708,0.19385403394699097,"[0.017650598660111427, 0.07299536466598511, 0.11779937893152237, 0.16310441493988037, 0.250972718000412, 0.2769043743610382, 0.3110703229904175, 0.4003373980522156, 0.43907642364501953, 0.4967256486415863, 0.5266879200935364, 0.5687944889068604, 0.6041144728660583, 0.6733878254890442, 0.7153668999671936, 0.7621235847473145, 0.793242335319519, 0.8257472515106201, 0.9105405211448669]",2,19,9,0.10526315789473684,0.2222222222222222,0.14285714285714285,0.0036496520042419434,0.007299304008483887,5,19,9,0.2631578947368421,0.5555555555555556,0.35714285714285715,0.006886053085327149,0.03443026542663574,8,19,9,0.42105263157894735,0.8888888888888888,0.5714285714285714,0.009312266483902931,0.07449813187122345,9,19,9,0.47368421052631576,1.0,0.6428571428571429,0.027554012835025787,0.2479861155152321
254,20254,59,4,3,28,"[0.11245746910572052, 0.3458036780357361, 0.5896111726760864, 0.8934637904167175]","[0.11245746910572052, 0.5896111726760864, 0.8934637904167175]","[0.018178381025791168, 0.0453345887362957, 0.07580596953630447, 0.11110974848270416, 0.150133416056633, 0.18876735866069794, 0.22577181458473206, 0.2549433410167694, 0.2832146883010864, 0.3158068358898163, 0.3449506461620331, 0.3767414391040802, 0.40748292207717896, 0.4377729892730713, 0.46836525201797485, 0.500079870223999, 0.5307948589324951, 0.5623224973678589, 0.5947216153144836, 0.6278840899467468, 0.6624570488929749, 0.6989941000938416, 0.7371213436126709, 0.7742414474487305, 0.8090353608131409, 0.8452940583229065, 0.8875895142555237, 0.93507981300354]",0.028621485456824303,"[""ours_then_hard"", ""hard_then_ours"", ""ours_then_hard""]",5,2,1,5.45427028555423e-05,False,"[16.5296, 20.5812, 17.0433]",17.0433,"[0.2278590202331543, 0.364896297454834, 0.5099210143089294, 0.6245400309562683, 0.7720290422439575]",4,1,0,2.00394988496555e-05,True,"[192.0974, 216.2851, 268.0957]",216.2851,"[0.11110974848270416, 0.22577181458473206, 0.5623224973678589, 0.8452940583229065]",24,"[0.18358023464679718, 0.34799349308013916, 0.5270897746086121, 0.6586275100708008, 0.8088982701301575]",0,5,3,0.0,0.0,0.0,,0.0,0,5,3,0.0,0.0,0.0,,0.0,0,5,3,0.0,0.0,0.0,,0.0,0,5,3,0.0,0.0,0.0,,0.0,"[0.0779758095741272, 0.1819155216217041, 0.5838996171951294, 0.8736233711242676]",0,4,3,0.0,0.0,0.0,,0.0,1,4,3,0.25,0.3333333333333333,0.28571428571428575,0.005711555480957031,0.005711555480957031,2,4,3,0.5,0.6666666666666666,0.5714285714285715,0.012775987386703491,0.025551974773406982,3,4,3,0.75,1.0,0.8571428571428571,0.020011211435000103,0.060033634305000305
406,20406,60,16,10,28,"[0.07517294585704803, 0.12252362072467804, 0.18783503770828247, 0.2570779323577881, 0.33083388209342957, 0.374722957611084, 0.43905776739120483, 0.5120164155960083, 0.566007137298584, 0.619836151599884, 0.6766484975814819, 0.7114095687866211, 0.7722277045249939, 0.820905864238739, 0.8713785409927368, 0.9487858414649963]","[0.07517294585704803, 0.12252362072467804, 0.18783503770828247, 0.33083388209342957, 0.5120164155960083, 0.619836151599884, 0.6766484975814819, 0.7722277045249939, 0.820905864238739, 0.9487858414649963]","[0.019409973174333572, 0.048925887793302536, 0.08259785920381546, 0.12131460011005402, 0.16406387090682983, 0.2069341391324997, 0.24333132803440094, 0.2750990092754364, 0.3066493570804596, 0.33955463767051697, 0.37180590629577637, 0.4031918942928314, 0.43361663818359375, 0.46284040808677673, 0.49119052290916443, 0.5193923115730286, 0.5483425259590149, 0.577642023563385, 0.607308566570282, 0.6375302076339722, 0.66936856508255, 0.7041454911231995, 0.7424137592315674, 0.7790068984031677, 0.8122636079788208, 0.8472416400909424, 0.8892129063606262, 0.9363847374916077]",0.00824904814362526,"[""ours_then_hard"", ""hard_then_ours"", ""ours_then_hard""]",10,0,-6,0.0001166907386505045,False,"[18.4247, 15.7025, 12.3844]",15.7025,"[0.19990980625152588, 0.24303150177001953, 0.35395026206970215, 0.41423895955085754, 0.4690713882446289, 0.5533178448677063, 0.6190791130065918, 0.655938982963562, 0.7558573484420776, 0.7863847017288208]",12,2,-4,2.077146746159997e-05,True,"[146.0811, 143.2011, 149.4488]",146.0811,"[0.08259785920381546, 0.16406387090682983, 0.2069341391324997, 0.33955463767051697, 0.46284040808677673, 0.5483425259590149, 0.577642023563385, 0.66936856508255, 0.7041454911231995, 0.8122636079788208, 0.8472416400909424, 0.9363847374916077]",16,"[0.18861187994480133, 0.22854703664779663, 0.359113872051239, 0.4163399934768677, 0.47643178701400757, 0.557986855506897, 0.628574550151825, 0.6618772745132446, 0.7569294571876526, 0.7763116955757141]",2,10,10,0.2,0.2,0.20000000000000004,0.0024304166436195374,0.004860833287239075,3,10,10,0.3,0.3,0.3,0.0045330772797266645,0.013599231839179993,4,10,10,0.4,0.4,0.4000000000000001,0.009896177798509598,0.03958471119403839,7,10,10,0.7,0.7,0.7,0.021149071199553355,0.14804349839687347,"[0.07259336113929749, 0.15233074128627777, 0.19540493190288544, 0.3464708626270294, 0.46900537610054016, 0.5509166717529297, 0.5868622660636902, 0.6729736924171448, 0.7091784477233887, 0.8001716136932373, 0.8347547650337219, 0.9330793023109436]",2,12,10,0.16666666666666666,0.2,0.1818181818181818,0.0031271949410438538,0.0062543898820877075,3,12,10,0.25,0.3,0.2727272727272727,0.004608094692230225,0.013824284076690674,6,12,10,0.5,0.6,0.5454545454545454,0.009836117426554361,0.05901670455932617,10,12,10,0.8333333333333334,1.0,0.9090909090909091,0.01927526593208313,0.1927526593208313
428,20428,61,8,7,28,"[0.08438647538423538, 0.14031150937080383, 0.22452284395694733, 0.38224196434020996, 0.4343443512916565, 0.5670462846755981, 0.7557910084724426, 0.8600789904594421]","[0.08438647538423538, 0.14031150937080383, 0.38224196434020996, 0.4343443512916565, 0.5670462846755981, 0.7557910084724426, 0.8600789904594421]","[0.0207525584846735, 0.0524524450302124, 0.08745568990707397, 0.12617281079292297, 0.16726654767990112, 0.20809511840343475, 0.24388977885246277, 0.27701735496520996, 0.3087855875492096, 0.34056392312049866, 0.37247389554977417, 0.4041193425655365, 0.4353695511817932, 0.46659690141677856, 0.49747636914253235, 0.5283283591270447, 0.5592406392097473, 0.5905824899673462, 0.6224693059921265, 0.6547303795814514, 0.6882140636444092, 0.7234393954277039, 0.7596830725669861, 0.7940012216567993, 0.8262786269187927, 0.8612443804740906, 0.9006217122077942, 0.9431637525558472]",0.037884075194597244,"[""hard_then_ours"", ""hard_then_ours"", ""hard_then_ours""]",9,2,1,7.88021061453037e-05,False,"[22.5347, 18.6444, 17.7725]",18.6444,"[0.24129977822303772, 0.2872752547264099, 0.35736584663391113, 0.4840741753578186, 0.5873271822929382, 0.7023674249649048, 0.7853685021400452, 0.8174829483032227, 0.8472293019294739]",7,0,-1,2.274259168189019e-05,True,"[194.8103, 239.5516, 186.3628]",194.8103,"[0.12617281079292297, 0.20809511840343475, 0.4041193425655365, 0.49747636914253235, 0.6224693059921265, 0.7234393954277039, 0.8262786269187927]",21,"[0.19143584370613098, 0.23139068484306335, 0.30506274104118347, 0.4245710074901581, 0.5520090460777283, 0.694042444229126, 0.8022818565368652, 0.8399534225463867, 0.8720932602882385]",0,9,7,0.0,0.0,0.0,,0.0,1,9,7,0.1111111111111111,0.14285714285714285,0.125,0.009773343801498413,0.009773343801498413,3,9,7,0.3333333333333333,0.42857142857142855,0.375,0.012274950742721558,0.03682485222816467,4,9,7,0.4444444444444444,0.5714285714285714,0.5,0.030995674431324005,0.12398269772529602,"[0.08153114467859268, 0.1621280014514923, 0.3505855202674866, 0.4388035237789154, 0.5976943373680115, 0.7168242335319519, 0.8489194512367249]",2,7,7,0.2857142857142857,0.2857142857142857,0.2857142857142857,0.0036572515964508057,0.007314503192901611,2,7,7,0.2857142857142857,0.2857142857142857,0.2857142857142857,0.0036572515964508057,0.007314503192901611,3,7,7,0.42857142857142855,0.42857142857142855,0.42857142857142855,0.006158014138539632,0.018474042415618896,7,7,7,1.0,1.0,1.0,0.020223115171704973,0.14156180620193481
877,20877,62,18,12,28,"[0.05325471609830856, 0.11046431213617325, 0.17026148736476898, 0.2309691458940506, 0.2980131506919861, 0.3355713486671448, 0.3818696439266205, 0.43177109956741333, 0.4949384331703186, 0.5331864356994629, 0.5770149827003479, 0.6435889601707458, 0.6972699165344238, 0.7559820413589478, 0.7896689772605896, 0.8416818976402283, 0.8925142884254456, 0.9579911231994629]","[0.05325471609830856, 0.11046431213617325, 0.2309691458940506, 0.2980131506919861, 0.3355713486671448, 0.3818696439266205, 0.4949384331703186, 0.5331864356994629, 0.6972699165344238, 0.7559820413589478, 0.8416818976402283, 0.9579911231994629]","[0.019816529005765915, 0.04979744181036949, 0.08430316299200058, 0.12379655241966248, 0.16812537610530853, 0.21070818603038788, 0.24673719704151154, 0.27996593713760376, 0.3144834339618683, 0.3480987548828125, 0.3800297677516937, 0.4109337329864502, 0.44081026315689087, 0.4723196029663086, 0.5030591487884521, 0.5324211120605469, 0.5608376264572144, 0.5889852643013, 0.6176930069923401, 0.6479348540306091, 0.6805294752120972, 0.7158979773521423, 0.7520685791969299, 0.7861589789390564, 0.8183950185775757, 0.8523142337799072, 0.8928070664405823, 0.9384046196937561]",0.018476452678442,"[""hard_then_ours"", ""ours_then_hard"", ""hard_then_ours""]",12,0,-6,0.00018287019338458776,False,"[15.0977, 18.5357, 17.2334]",17.2334,"[0.22964653372764587, 0.35839200019836426, 0.4282144010066986, 0.49864131212234497, 0.5363391637802124, 0.5837808847427368, 0.6431695222854614, 0.675925076007843, 0.7299866080284119, 0.7755677103996277, 0.817518949508667, 0.8589309453964233]",14,2,-4,2.3639477149117738e-05,True,"[142.0865, 149.4174, 145.7799]",145.7799,"[0.04979744181036949, 0.12379655241966248, 0.21070818603038788, 0.24673719704151154, 0.3144834339618683, 0.3480987548828125, 0.4109337329864502, 0.5030591487884521, 0.5608376264572144, 0.6176930069923401, 0.7158979773521423, 0.8183950185775757, 0.8523142337799072, 0.9384046196937561]",14,"[0.256352961063385, 0.38880929350852966, 0.4584994912147522, 0.5245898365974426, 0.5551837086677551, 0.5996841192245483, 0.6542038321495056, 0.6892614960670471, 0.7395569682121277, 0.7801090478897095, 0.8142469525337219, 0.8552206158638]",0,12,12,0.0,0.0,0.0,,0.0,3,12,12,0.25,0.25,0.25,0.007848223050435385,0.023544669151306152,5,12,12,0.4166666666666667,0.4166666666666667,0.4166666666666667,0.0107016921043396,0.053508460521698,7,12,12,0.5833333333333334,0.5833333333333334,0.5833333333333334,0.023469301206724986,0.1642851084470749,"[0.0523114874958992, 0.12555091083049774, 0.23197561502456665, 0.276368111371994, 0.3463817834854126, 0.38148587942123413, 0.43906253576278687, 0.5279505252838135, 0.5745798349380493, 0.6277433037757874, 0.7265681028366089, 0.815026581287384, 0.8483929634094238, 0.9455047249794006]",3,14,12,0.21428571428571427,0.25,0.23076923076923075,0.0007778207461039225,0.0023334622383117676,5,14,12,0.35714285714285715,0.4166666666666667,0.3846153846153846,0.0028560876846313475,0.014280438423156738,8,14,12,0.5714285714285714,0.6666666666666666,0.6153846153846153,0.006582983769476414,0.05266387015581131,11,14,12,0.7857142857142857,0.9166666666666666,0.8461538461538461,0.017520084299824455,0.192720927298069
54,20054,63,9,5,28,"[0.09276595711708069, 0.18965165317058563, 0.31889069080352783, 0.38268983364105225, 0.46536362171173096, 0.610840916633606, 0.712988555431366, 0.7968931198120117, 0.8673757910728455]","[0.18965165317058563, 0.31889069080352783, 0.38268983364105225, 0.610840916633606, 0.7968931198120117]","[0.019956335425376892, 0.05014596879482269, 0.08416377753019333, 0.12253256887197495, 0.16406451165676117, 0.20538122951984406, 0.2420569360256195, 0.27488547563552856, 0.3060692548751831, 0.33673784136772156, 0.3666040897369385, 0.39665478467941284, 0.4263974130153656, 0.45590218901634216, 0.4850640892982483, 0.5141668319702148, 0.5432913303375244, 0.5726749300956726, 0.6025009751319885, 0.6330868005752563, 0.6656482815742493, 0.7010622620582581, 0.7388303875923157, 0.7760441899299622, 0.8108192682266235, 0.8476042747497559, 0.8902217149734497, 0.9369983077049255]",0.026848960667848587,"[""hard_then_ours"", ""hard_then_ours"", ""hard_then_ours""]",12,7,3,2.1569974705926143e-05,True,"[18.9869, 18.2921, 14.3522]",18.2921,"[0.11788628250360489, 0.16567876935005188, 0.2226606011390686, 0.25879326462745667, 0.3288530707359314, 0.417459636926651, 0.5008290410041809, 0.5504078269004822, 0.6186725497245789, 0.6716736555099487, 0.7775391340255737, 0.8196075558662415]",8,3,-1,2.4575039788032882e-05,True,"[194.6361, 176.749, 190.7538]",190.7538,"[0.16406451165676117, 0.2420569360256195, 0.3666040897369385, 0.39665478467941284, 0.4263974130153656, 0.5432913303375244, 0.8108192682266235, 0.8476042747497559]",20,"[0.1142314225435257, 0.17161177098751068, 0.23453573882579803, 0.26628029346466064, 0.3265298306941986, 0.4211825728416443, 0.516112744808197, 0.5801316499710083, 0.6627799868583679, 0.7187108397483826, 0.822848916053772, 0.8635073304176331]",0,12,5,0.0,0.0,0.0,,0.0,1,12,5,0.08333333333333333,0.2,0.11764705882352941,0.007639139890670776,0.007639139890670776,2,12,5,0.16666666666666666,0.4,0.23529411764705882,0.012839511036872864,0.025679022073745728,5,12,5,0.4166666666666667,1.0,0.5882352941176471,0.024167364835739134,0.12083682417869568,"[0.1707262247800827, 0.2503758370876312, 0.3649325966835022, 0.40213829278945923, 0.43124499917030334, 0.572145402431488, 0.8519895076751709, 0.8873794674873352]",0,8,5,0.0,0.0,0.0,,0.0,0,8,5,0.0,0.0,0.0,,0.0,2,8,5,0.25,0.4,0.3076923076923077,0.01834133267402649,0.03668266534805298,4,8,5,0.5,0.8,0.6153846153846154,0.03077782690525055,0.1231113076210022
826,20826,64,13,10,28,"[0.07069826126098633, 0.11710202693939209, 0.1602029949426651, 0.2324773073196411, 0.3236379623413086, 0.389204740524292, 0.44218969345092773, 0.49953338503837585, 0.5530039072036743, 0.6627030968666077, 0.7712534070014954, 0.8236978054046631, 0.8951026201248169]","[0.07069826126098633, 0.11710202693939209, 0.1602029949426651, 0.3236379623413086, 0.389204740524292, 0.49953338503837585, 0.5530039072036743, 0.6627030968666077, 0.7712534070014954, 0.8236978054046631]","[0.020169220864772797, 0.05028464272618294, 0.08532215654850006, 0.12495037913322449, 0.16819505393505096, 0.21007047593593597, 0.24513474106788635, 0.2782752215862274, 0.3107767701148987, 0.3426528573036194, 0.3734453022480011, 0.4035189747810364, 0.43315598368644714, 0.4628507196903229, 0.492352694272995, 0.5218828916549683, 0.5515727996826172, 0.5813248157501221, 0.6117165684700012, 0.643484354019165, 0.676701545715332, 0.7118480801582336, 0.7477520704269409, 0.7819334864616394, 0.8146151304244995, 0.849992036819458, 0.8909933567047119, 0.9369920492172241]",0.016193121671676636,"[""hard_then_ours"", ""ours_then_hard"", ""hard_then_ours""]",8,-2,-5,8.28351840027608e-05,False,"[14.1974, 16.4391, 19.2341]",16.4391,"[0.18954496085643768, 0.2740499973297119, 0.3821510374546051, 0.4775265157222748, 0.5436781048774719, 0.5870630741119385, 0.6837185621261597, 0.7985865473747253]",12,2,-1,1.9042710846406408e-05,True,"[176.6192, 157.5383, 154.5302]",157.5383,"[0.08532215654850006, 0.12495037913322449, 0.16819505393505096, 0.3107767701148987, 0.3426528573036194, 0.3734453022480011, 0.5218828916549683, 0.6117165684700012, 0.676701545715332, 0.7477520704269409, 0.8146151304244995, 0.849992036819458]",16,"[0.1755308210849762, 0.2560780644416809, 0.3671616017818451, 0.45865872502326965, 0.518768310546875, 0.56467205286026, 0.6702613830566406, 0.8183021545410156]",0,8,10,0.0,0.0,0.0,,0.0,2,8,10,0.25,0.2,0.22222222222222224,0.00647696852684021,0.01295393705368042,5,8,10,0.625,0.5,0.5555555555555556,0.011836966872215271,0.059184834361076355,6,8,10,0.75,0.6,0.6666666666666665,0.03142812599738439,0.18856875598430634,"[0.06627314537763596, 0.11131753027439117, 0.1561955362558365, 0.290802001953125, 0.32880136370658875, 0.3593926429748535, 0.5000112652778625, 0.5912102460861206, 0.6609230041503906, 0.7502139210700989, 0.8324702382087708, 0.864402711391449]",4,12,10,0.3333333333333333,0.4,0.3636363636363636,0.0026726368814706802,0.010690547525882721,7,12,10,0.5833333333333334,0.7,0.6363636363636365,0.004344411194324493,0.030410878360271454,7,12,10,0.5833333333333334,0.7,0.6363636363636365,0.004344411194324493,0.030410878360271454,10,12,10,0.8333333333333334,1.0,0.9090909090909091,0.014714135974645614,0.14714135974645615
542,20542,65,14,8,28,"[0.04784802719950676, 0.13233830034732819, 0.17929212749004364, 0.23928076028823853, 0.31782811880111694, 0.39002907276153564, 0.4302905797958374, 0.5101287364959717, 0.5947020649909973, 0.6746845841407776, 0.7557066679000854, 0.8033076524734497, 0.8752219676971436, 0.9533715844154358]","[0.04784802719950676, 0.17929212749004364, 0.23928076028823853, 0.4302905797958374, 0.5101287364959717, 0.6746845841407776, 0.7557066679000854, 0.9533715844154358]","[0.019557740539312363, 0.04957614094018936, 0.08354228734970093, 0.12271004170179367, 0.16593685746192932, 0.2083008587360382, 0.2445582002401352, 0.2782321274280548, 0.31006377935409546, 0.34176838397979736, 0.3736325800418854, 0.40570420026779175, 0.4374956488609314, 0.4685315191745758, 0.4987089931964874, 0.5285196900367737, 0.5584485530853271, 0.5884574055671692, 0.6185433864593506, 0.6490265727043152, 0.6809491515159607, 0.7148626446723938, 0.750120997428894, 0.7837782502174377, 0.8150777220726013, 0.8483277559280396, 0.8883594274520874, 0.9349938631057739]",0.010680868290364742,"[""ours_then_hard"", ""hard_then_ours"", ""hard_then_ours""]",9,1,-5,7.3929775680881e-05,False,"[18.5739, 12.8278, 16.9134]",16.9134,"[0.22901524603366852, 0.3010556101799011, 0.40681660175323486, 0.4431241452693939, 0.5165854692459106, 0.6143749356269836, 0.6511199474334717, 0.7689506411552429, 0.8150519728660583]",10,2,-4,2.1331585230655037e-05,True,"[172.1767, 179.1859, 160.8127]",172.1767,"[0.08354228734970093, 0.2083008587360382, 0.2782321274280548, 0.31006377935409546, 0.40570420026779175, 0.4374956488609314, 0.4987089931964874, 0.6809491515159607, 0.7837782502174377, 0.9349938631057739]",18,"[0.2077413946390152, 0.292057603597641, 0.3982788026332855, 0.4353599548339844, 0.5033323168754578, 0.6112809777259827, 0.6494771242141724, 0.7738013863563538, 0.8218353390693665]",0,9,8,0.0,0.0,0.0,,0.0,2,9,8,0.2222222222222222,0.25,0.23529411764705882,0.005932897329330444,0.011865794658660889,3,9,8,0.3333333333333333,0.375,0.35294117647058826,0.0099868377049764,0.0299605131149292,5,9,8,0.5555555555555556,0.625,0.5882352941176471,0.022111928462982176,0.11055964231491089,"[0.06795930117368698, 0.1902313232421875, 0.26076650619506836, 0.29964113235473633, 0.39723849296569824, 0.4308403730392456, 0.4832754135131836, 0.6849833726882935, 0.7890354990959167, 0.9452786445617676]",1,10,8,0.1,0.125,0.11111111111111112,0.0005497932434082031,0.0005497932434082031,2,10,8,0.2,0.25,0.22222222222222224,0.004321366548538208,0.008642733097076416,4,10,8,0.4,0.5,0.4444444444444445,0.007470179349184036,0.029880717396736145,8,10,8,0.8,1.0,0.888888888888889,0.020520273130387068,0.16416218504309654
667,20667,66,17,11,28,"[0.07423043996095657, 0.1311042457818985, 0.20163287222385406, 0.24800118803977966, 0.31042805314064026, 0.37573662400245667, 0.45032981038093567, 0.5006059408187866, 0.5405812859535217, 0.6014098525047302, 0.6415574550628662, 0.6808404922485352, 0.7554552555084229, 0.7940831184387207, 0.8439057469367981, 0.8934921622276306, 0.9501880407333374]","[0.1311042457818985, 0.20163287222385406, 0.24800118803977966, 0.31042805314064026, 0.37573662400245667, 0.5006059408187866, 0.6014098525047302, 0.6415574550628662, 0.7554552555084229, 0.7940831184387207, 0.9501880407333374]","[0.019103437662124634, 0.04746447876095772, 0.07965144515037537, 0.11554700136184692, 0.1549360454082489, 0.19542650878429413, 0.2288491129875183, 0.26187705993652344, 0.29388296604156494, 0.32609549164772034, 0.35862258076667786, 0.39178407192230225, 0.4243255853652954, 0.45644304156303406, 0.487762987613678, 0.5186393857002258, 0.5490593314170837, 0.5808065533638, 0.6131458878517151, 0.6458640694618225, 0.6801964044570923, 0.7164472937583923, 0.752234935760498, 0.7889445424079895, 0.8219887018203735, 0.8563242554664612, 0.8966225385665894, 0.9409253597259521]",0.007237609010189772,"[""ours_then_hard"", ""hard_then_ours"", ""hard_then_ours""]",12,1,-5,0.00012960442109033465,False,"[17.4955, 17.0172, 18.0982]",17.4955,"[0.11053114384412766, 0.1490490436553955, 0.1887967586517334, 0.23413920402526855, 0.34030038118362427, 0.4760954976081848, 0.6200141906738281, 0.7137169241905212, 0.7756415009498596, 0.8174535632133484, 0.8372040390968323, 0.8529679775238037]",15,4,-2,2.258738641103264e-05,True,"[129.3226, 150.7662, 138.9374]",138.9374,"[0.1549360454082489, 0.19542650878429413, 0.2288491129875183, 0.32609549164772034, 0.35862258076667786, 0.45644304156303406, 0.487762987613678, 0.5490593314170837, 0.6458640694618225, 0.6801964044570923, 0.752234935760498, 0.7889445424079895, 0.8219887018203735, 0.8966225385665894, 0.9409253597259521]",13,"[0.1053319126367569, 0.14626635611057281, 0.188676118850708, 0.2417255938053131, 0.3481893837451935, 0.48725590109825134, 0.6238503456115723, 0.7038866877555847, 0.780353307723999, 0.8144512176513672, 0.8287920951843262, 0.8449885249137878]",0,12,11,0.0,0.0,0.0,,0.0,1,12,11,0.08333333333333333,0.09090909090909091,0.08695652173913043,0.006275594234466553,0.006275594234466553,6,12,11,0.5,0.5454545454545454,0.5217391304347826,0.013196902970472971,0.07918141782283783,8,12,11,0.6666666666666666,0.7272727272727273,0.6956521739130435,0.020477836951613426,0.1638226956129074,"[0.1515478491783142, 0.19616596400737762, 0.23672917485237122, 0.32626843452453613, 0.37881332635879517, 0.46716389060020447, 0.4988439083099365, 0.5535019040107727, 0.6441954970359802, 0.6716276407241821, 0.7517744302749634, 0.7920409440994263, 0.818683385848999, 0.8952046036720276, 0.9434653520584106]",5,15,11,0.3333333333333333,0.45454545454545453,0.3846153846153846,0.0026399552822113036,0.013199776411056519,7,15,11,0.4666666666666667,0.6363636363636364,0.5384615384615385,0.003627053328922817,0.025389373302459717,9,15,11,0.6,0.8181818181818182,0.6923076923076923,0.00583352976375156,0.05250176787376404,11,15,11,0.7333333333333333,1.0,0.846153846153846,0.013866667043079029,0.15253333747386932
632,20632,67,6,5,28,"[0.17936867475509644, 0.382881224155426, 0.5404048562049866, 0.6288222074508667, 0.766276478767395, 0.9194836020469666]","[0.17936867475509644, 0.382881224155426, 0.5404048562049866, 0.6288222074508667, 0.9194836020469666]","[0.019339237362146378, 0.04816576465964317, 0.07942501455545425, 0.11439941823482513, 0.1520209163427353, 0.1897568702697754, 0.22358079254627228, 0.25361472368240356, 0.28320008516311646, 0.31297796964645386, 0.34267184138298035, 0.3723762333393097, 0.40204331278800964, 0.43202871084213257, 0.4624171555042267, 0.49331963062286377, 0.5251106023788452, 0.5584909915924072, 0.5924136638641357, 0.6262471675872803, 0.660823404788971, 0.6970508098602295, 0.7353459596633911, 0.7725276350975037, 0.806786835193634, 0.8419817090034485, 0.8842667937278748, 0.93263840675354]",0.02074461616575718,"[""hard_then_ours"", ""ours_then_hard"", ""ours_then_hard""]",6,1,0,3.728607771336101e-05,False,"[16.3177, 18.6664, 17.8769]",17.8769,"[0.22782842814922333, 0.42575469613075256, 0.5577774047851562, 0.7028234004974365, 0.7894880771636963, 0.8556764125823975]",6,1,0,1.4724395441589877e-05,True,"[209.3647, 218.3575, 217.3474]",217.3474,"[0.22358079254627228, 0.43202871084213257, 0.5584909915924072, 0.5924136638641357, 0.7353459596633911, 0.8842667937278748]",22,"[0.20026180148124695, 0.43008241057395935, 0.571823000907898, 0.7219662666320801, 0.8214561939239502, 0.8887372016906738]",0,6,5,0.0,0.0,0.0,,0.0,0,6,5,0.0,0.0,0.0,,0.0,0,6,5,0.0,0.0,0.0,,0.0,4,6,5,0.6666666666666666,0.8,0.7272727272727272,0.032564714550971985,0.13025885820388794,"[0.19531846046447754, 0.4348212480545044, 0.5724430680274963, 0.6103926301002502, 0.7578832507133484, 0.914777934551239]",1,6,5,0.16666666666666666,0.2,0.1818181818181818,0.004705667495727539,0.004705667495727539,1,6,5,0.16666666666666666,0.2,0.1818181818181818,0.004705667495727539,0.004705667495727539,3,6,5,0.5,0.6,0.5454545454545454,0.013028343518575033,0.0390850305557251,4,6,5,0.6666666666666666,0.8,0.7272727272727272,0.017780810594558716,0.07112324237823486
230,20230,68,13,10,28,"[0.04067926108837128, 0.12475152313709259, 0.1702582836151123, 0.2802283465862274, 0.3529593348503113, 0.4217323064804077, 0.5151798129081726, 0.6130797266960144, 0.667045533657074, 0.7329365015029907, 0.7713876366615295, 0.8270238041877747, 0.9130710363388062]","[0.04067926108837128, 0.1702582836151123, 0.2802283465862274, 0.3529593348503113, 0.4217323064804077, 0.5151798129081726, 0.667045533657074, 0.7329365015029907, 0.7713876366615295, 0.8270238041877747]","[0.01848457381129265, 0.04684640094637871, 0.07875189930200577, 0.11588777601718903, 0.15738411247730255, 0.1994466483592987, 0.23577362298965454, 0.26852911710739136, 0.3012469708919525, 0.3343789279460907, 0.36633431911468506, 0.3974658250808716, 0.4281674921512604, 0.458694189786911, 0.4895530343055725, 0.520930290222168, 0.5525249242782593, 0.5838868618011475, 0.6151993870735168, 0.6468124389648438, 0.6799823045730591, 0.7154250741004944, 0.752108633518219, 0.7867467999458313, 0.819041907787323, 0.8536630868911743, 0.8939666748046875, 0.9389194250106812]",0.010645447298884392,"[""ours_then_hard"", ""hard_then_ours"", ""hard_then_ours""]",10,0,-3,0.00013900604972150177,False,"[16.7079, 18.0486, 18.159]",18.0486,"[0.19026172161102295, 0.2916979193687439, 0.3262534439563751, 0.3392750024795532, 0.3887521028518677, 0.5141682028770447, 0.5833039879798889, 0.6136743426322937, 0.7830235958099365, 0.8122092485427856]",10,0,-3,1.9472452549962327e-05,True,"[184.2697, 222.7616, 174.9086]",184.2697,"[0.07875189930200577, 0.11588777601718903, 0.26852911710739136, 0.36633431911468506, 0.3974658250808716, 0.5838868618011475, 0.6468124389648438, 0.7154250741004944, 0.7867467999458313, 0.819041907787323]",18,"[0.17541761696338654, 0.2790483236312866, 0.31775325536727905, 0.3331490159034729, 0.3869205713272095, 0.5228371620178223, 0.5933157205581665, 0.6243500113487244, 0.795379638671875, 0.827724039554596]",2,10,10,0.2,0.2,0.20000000000000004,0.0009401291608810425,0.001880258321762085,4,10,10,0.4,0.4,0.4000000000000001,0.0036742351949214935,0.014696940779685974,5,10,10,0.5,0.5,0.5,0.00690145194530487,0.03450725972652435,8,10,10,0.8,0.8,0.8000000000000002,0.01892528496682644,0.1514022797346115,"[0.07241678237915039, 0.10901476442813873, 0.2514520585536957, 0.36383771896362305, 0.39481624960899353, 0.5937978625297546, 0.6615734100341797, 0.7261210680007935, 0.7979474067687988, 0.8344613909721375]",0,10,10,0.0,0.0,0.0,,0.0,3,10,10,0.3,0.3,0.3,0.006575047969818115,0.019725143909454346,4,10,10,0.4,0.4,0.4000000000000001,0.007650882005691528,0.030603528022766113,8,10,10,0.8,0.8,0.8000000000000002,0.018074145540595055,0.14459316432476044
461,20461,69,16,10,28,"[0.03590397909283638, 0.10893873870372772, 0.16545280814170837, 0.20352447032928467, 0.24379321932792664, 0.32302725315093994, 0.3924444615840912, 0.46451714634895325, 0.5401869416236877, 0.5789283514022827, 0.6406716108322144, 0.6980546116828918, 0.7669954299926758, 0.8309128284454346, 0.8703432679176331, 0.9273144602775574]","[0.03590397909283638, 0.16545280814170837, 0.20352447032928467, 0.32302725315093994, 0.46451714634895325, 0.5401869416236877, 0.5789283514022827, 0.6406716108322144, 0.7669954299926758, 0.9273144602775574]","[0.018925555050373077, 0.047048527747392654, 0.07825623452663422, 0.11442919075489044, 0.15385770797729492, 0.19553077220916748, 0.2311355471611023, 0.26487505435943604, 0.2953951954841614, 0.32686030864715576, 0.35692816972732544, 0.3878019452095032, 0.4186324179172516, 0.44871199131011963, 0.478420227766037, 0.5089187026023865, 0.540065348148346, 0.572278618812561, 0.6053016185760498, 0.6392573714256287, 0.6750641465187073, 0.7133151888847351, 0.7518064975738525, 0.7870644927024841, 0.8191325664520264, 0.8534541726112366, 0.8940056562423706, 0.9391899108886719]",0.012812881730496883,"[""ours_then_hard"", ""hard_then_ours"", ""ours_then_hard""]",12,2,-4,0.00012767156295012683,False,"[13.9552, 20.078, 17.8897]",17.8897,"[0.1820649802684784, 0.2695728540420532, 0.3372364044189453, 0.4049871563911438, 0.43558815121650696, 0.4682462811470032, 0.5199171900749207, 0.5643030405044556, 0.6363824605941772, 0.6511393785476685, 0.789824366569519, 0.8195626735687256]",13,3,-3,2.2091082428232767e-05,True,"[149.3184, 141.6364, 161.9758]",149.3184,"[0.07825623452663422, 0.19553077220916748, 0.2311355471611023, 0.2953951954841614, 0.32686030864715576, 0.4186324179172516, 0.44871199131011963, 0.5089187026023865, 0.540065348148346, 0.6750641465187073, 0.7518064975738525, 0.8534541726112366, 0.8940056562423706]",15,"[0.1667252629995346, 0.24640080332756042, 0.32968005537986755, 0.41357383131980896, 0.44437065720558167, 0.48383215069770813, 0.5367969274520874, 0.5785708427429199, 0.6445941925048828, 0.6602783203125, 0.8032000064849854, 0.8377928137779236]",4,12,10,0.3333333333333333,0.4,0.3636363636363636,0.002235639840364456,0.008942559361457825,5,12,10,0.4166666666666667,0.5,0.45454545454545453,0.0031190723180770873,0.015595361590385437,6,12,10,0.5,0.6,0.5454545454545454,0.005818394323190053,0.03491036593914032,8,12,10,0.6666666666666666,0.8,0.7272727272727272,0.014352845028042793,0.11482276022434235,"[0.0635412186384201, 0.1775769293308258, 0.20757564902305603, 0.27549391984939575, 0.31793802976608276, 0.4279756546020508, 0.46180975437164307, 0.5263455510139465, 0.555062472820282, 0.6839917898178101, 0.7615290284156799, 0.8682008981704712, 0.9038189053535461]",2,13,10,0.15384615384615385,0.2,0.17391304347826086,0.0033792853355407715,0.006758570671081543,4,13,10,0.3076923076923077,0.4,0.34782608695652173,0.004328548908233643,0.01731419563293457,6,13,10,0.46153846153846156,0.6,0.5217391304347826,0.007213284571965535,0.04327970743179321,10,13,10,0.7692307692307693,1.0,0.8695652173913044,0.02378767691552639,0.2378767691552639
523,20523,70,8,6,28,"[0.15521857142448425, 0.28649774193763733, 0.3566725552082062, 0.4380947947502136, 0.5198574066162109, 0.685367226600647, 0.7897151112556458, 0.9038889408111572]","[0.3566725552082062, 0.4380947947502136, 0.5198574066162109, 0.685367226600647, 0.7897151112556458, 0.9038889408111572]","[0.01902441307902336, 0.04786624386906624, 0.08091786503791809, 0.11822405457496643, 0.15962395071983337, 0.2003815919160843, 0.23491020500659943, 0.2685681879520416, 0.30135226249694824, 0.3323812186717987, 0.36302852630615234, 0.3929307460784912, 0.42259421944618225, 0.45328569412231445, 0.48425763845443726, 0.5151659250259399, 0.5463795065879822, 0.5781059265136719, 0.6103666424751282, 0.6432608962059021, 0.6777021884918213, 0.7144569158554077, 0.7528354525566101, 0.7884313464164734, 0.820807933807373, 0.8553501963615417, 0.8952999114990234, 0.9396368265151978]",0.015815038233995438,"[""ours_then_hard"", ""ours_then_hard"", ""hard_then_ours""]",8,2,0,6.568218668689951e-05,False,"[15.8393, 15.9348, 19.7108]",15.9348,"[0.24896296858787537, 0.38267114758491516, 0.5141726136207581, 0.642522931098938, 0.7844299674034119, 0.8107715249061584, 0.8425553441047668, 0.8884506821632385]",7,1,-1,2.153166860807687e-05,True,"[199.3994, 184.38, 196.1837]",196.1837,"[0.11822405457496643, 0.3929307460784912, 0.45328569412231445, 0.5463795065879822, 0.6777021884918213, 0.7884313464164734, 0.8952999114990234]",21,"[0.2377561330795288, 0.36530202627182007, 0.4942246675491333, 0.6325312256813049, 0.7834696769714355, 0.8101867437362671, 0.8439372181892395, 0.895094633102417]",0,8,6,0.0,0.0,0.0,,0.0,3,8,6,0.375,0.5,0.42857142857142855,0.007889737685521444,0.02366921305656433,3,8,6,0.375,0.5,0.42857142857142855,0.007889737685521444,0.02366921305656433,4,8,6,0.5,0.6666666666666666,0.5714285714285715,0.012325488030910492,0.04930195212364197,"[0.08776529133319855, 0.37401559948921204, 0.4295811653137207, 0.5326516032218933, 0.6726259589195251, 0.7877664566040039, 0.9024055600166321]",2,7,6,0.2857142857142857,0.3333333333333333,0.30769230769230765,0.001716017723083496,0.003432035446166992,3,7,6,0.42857142857142855,0.5,0.4615384615384615,0.003981888294219971,0.011945664882659912,6,7,6,0.8571428571428571,1.0,0.923076923076923,0.009137362241744995,0.05482417345046997,6,7,6,0.8571428571428571,1.0,0.923076923076923,0.009137362241744995,0.05482417345046997
533,20533,71,5,5,28,"[0.2182559072971344, 0.4733887016773224, 0.6194087266921997, 0.773815393447876, 0.9271479845046997]","[0.2182559072971344, 0.4733887016773224, 0.6194087266921997, 0.773815393447876, 0.9271479845046997]","[0.01834927871823311, 0.04647380858659744, 0.0775955319404602, 0.11261367052793503, 0.15065255761146545, 0.188492089509964, 0.22332076728343964, 0.25540608167648315, 0.28665587306022644, 0.3178475797176361, 0.34906500577926636, 0.3802274465560913, 0.41117367148399353, 0.4418044984340668, 0.4720918834209442, 0.5024020671844482, 0.533329427242279, 0.5656325817108154, 0.5990239977836609, 0.6330116391181946, 0.6682681441307068, 0.7053394913673401, 0.7436830997467041, 0.7802534103393555, 0.814109206199646, 0.8496766090393066, 0.8909326791763306, 0.93695068359375]",0.028146693482995033,"[""ours_then_hard"", ""hard_then_ours"", ""hard_then_ours""]",4,-1,-1,4.867105235462077e-05,False,"[16.4842, 13.5335, 17.3519]",16.4842,"[0.24501900374889374, 0.46570977568626404, 0.6109400987625122, 0.7647444009780884]",6,1,1,2.164084253308829e-05,True,"[190.4369, 184.2257, 207.3906]",190.4369,"[0.28665587306022644, 0.5656325817108154, 0.5990239977836609, 0.6330116391181946, 0.6682681441307068, 0.8909326791763306]",22,"[0.2401227205991745, 0.5055611729621887, 0.6489572525024414, 0.8021984100341797]",0,4,5,0.0,0.0,0.0,,0.0,0,4,5,0.0,0.0,0.0,,0.0,0,4,5,0.0,0.0,0.0,,0.0,4,4,5,1.0,0.8,0.888888888888889,0.02799270674586296,0.11197082698345184,"[0.2972795367240906, 0.6065132021903992, 0.6411638855934143, 0.6665825247764587, 0.700690746307373, 0.9206545948982239]",0,6,5,0.0,0.0,0.0,,0.0,1,6,5,0.16666666666666666,0.2,0.1818181818181818,0.00649338960647583,0.00649338960647583,2,6,5,0.3333333333333333,0.4,0.3636363636363636,0.009694457054138184,0.019388914108276367,2,6,5,0.3333333333333333,0.4,0.3636363636363636,0.009694457054138184,0.019388914108276367
426,20426,72,7,4,28,"[0.12570789456367493, 0.18545635044574738, 0.3442646861076355, 0.5095880031585693, 0.6133847236633301, 0.7449073791503906, 0.8962535262107849]","[0.12570789456367493, 0.3442646861076355, 0.7449073791503906, 0.8962535262107849]","[0.021844319999217987, 0.05549812316894531, 0.09216257184743881, 0.13400527834892273, 0.1801852136850357, 0.22250744700431824, 0.2575274705886841, 0.292670339345932, 0.3286533057689667, 0.3632905185222626, 0.39769843220710754, 0.4305635094642639, 0.46145904064178467, 0.49165239930152893, 0.5215134620666504, 0.5517082214355469, 0.5820843577384949, 0.6122502088546753, 0.6426435708999634, 0.6735755801200867, 0.7058784365653992, 0.7397236227989197, 0.7735282182693481, 0.8049754500389099, 0.8355094790458679, 0.8687541484832764, 0.9057295322418213, 0.9458943605422974]",0.024205535650253296,"[""hard_then_ours"", ""ours_then_hard"", ""ours_then_hard""]",7,3,0,2.7646832677419297e-05,False,"[14.2208, 14.2039, 17.4257]",14.2208,"[0.19629085063934326, 0.33639204502105713, 0.3807392418384552, 0.4655902087688446, 0.5800961256027222, 0.6447480916976929, 0.8138020038604736]",5,1,-2,2.0819768906221725e-05,True,"[221.911, 183.9628, 217.0461]",217.0461,"[0.1801852136850357, 0.3286533057689667, 0.4305635094642639, 0.6735755801200867, 0.8355094790458679]",23,"[0.15217123925685883, 0.3005731403827667, 0.3549768626689911, 0.45327380299568176, 0.5814447402954102, 0.6539162993431091, 0.8390559554100037]",0,7,4,0.0,0.0,0.0,,0.0,0,7,4,0.0,0.0,0.0,,0.0,1,7,4,0.14285714285714285,0.25,0.18181818181818182,0.01071217656135559,0.01071217656135559,2,7,4,0.2857142857142857,0.5,0.36363636363636365,0.03507744520902634,0.07015489041805267,"[0.13822542130947113, 0.29287657141685486, 0.4187692701816559, 0.679806649684906, 0.8561807870864868]",0,5,4,0.0,0.0,0.0,,0.0,0,5,4,0.0,0.0,0.0,,0.0,1,5,4,0.2,0.25,0.22222222222222224,0.012517526745796204,0.012517526745796204,2,5,4,0.4,0.5,0.4444444444444445,0.02629513293504715,0.0525902658700943
942,20942,73,4,3,28,"[0.1678449511528015, 0.35480788350105286, 0.47220590710639954, 0.7941625118255615]","[0.1678449511528015, 0.35480788350105286, 0.7941625118255615]","[0.019338415935635567, 0.049639225006103516, 0.08210814744234085, 0.11810845136642456, 0.1603705883026123, 0.19824913144111633, 0.2364870309829712, 0.26642701029777527, 0.29889294505119324, 0.33146658539772034, 0.36325570940971375, 0.39525115489959717, 0.4277798533439636, 0.4588437080383301, 0.4896753430366516, 0.5206839442253113, 0.552087128162384, 0.5834882259368896, 0.6157481670379639, 0.6484544277191162, 0.6824808716773987, 0.7180312275886536, 0.7541158199310303, 0.7887589931488037, 0.8222719430923462, 0.8578205108642578, 0.8974772691726685, 0.9409307837486267]",0.0352814607322216,"[""hard_then_ours"", ""ours_then_hard"", ""hard_then_ours""]",6,3,2,2.0675157429650426e-05,True,"[23.9315, 20.6719, 18.6658]",20.6719,"[0.19150304794311523, 0.23145931959152222, 0.3256954550743103, 0.45457249879837036, 0.5535008311271667, 0.6691832542419434]",4,1,0,1.8386277588433586e-05,True,"[263.7457, 204.0373, 217.2336]",217.2336,"[0.2364870309829712, 0.26642701029777527, 0.39525115489959717, 0.7541158199310303]",24,"[0.14536508917808533, 0.179671972990036, 0.25889304280281067, 0.41010719537734985, 0.5415248274803162, 0.6834439635276794]",0,6,3,0.0,0.0,0.0,,0.0,0,6,3,0.0,0.0,0.0,,0.0,1,6,3,0.16666666666666666,0.3333333333333333,0.2222222222222222,0.011827021837234497,0.011827021837234497,1,6,3,0.16666666666666666,0.3333333333333333,0.2222222222222222,0.022479861974716187,0.022479861974716187,"[0.18370816111564636, 0.20407576858997345, 0.3382807672023773, 0.7793560028076172]",0,4,3,0.0,0.0,0.0,,0.0,0,4,3,0.0,0.0,0.0,,0.0,3,4,3,0.75,1.0,0.8571428571428571,0.01573227842648824,0.04719683527946472,3,4,3,0.75,1.0,0.8571428571428571,0.01573227842648824,0.04719683527946472
232,20232,74,9,7,28,"[0.13622458279132843, 0.2006160467863083, 0.32370737195014954, 0.4483375549316406, 0.5881819725036621, 0.6407560110092163, 0.6934623718261719, 0.7889388203620911, 0.8721559047698975]","[0.2006160467863083, 0.32370737195014954, 0.4483375549316406, 0.5881819725036621, 0.6407560110092163, 0.6934623718261719, 0.7889388203620911]","[0.019300581887364388, 0.0484844446182251, 0.0804915651679039, 0.11637982726097107, 0.1546502709388733, 0.1926621049642563, 0.2283397912979126, 0.25841307640075684, 0.2883068323135376, 0.3187022805213928, 0.3488823175430298, 0.3795150816440582, 0.41058841347694397, 0.44124117493629456, 0.4713950753211975, 0.501057505607605, 0.5308107733726501, 0.5611488819122314, 0.5922178626060486, 0.6233736276626587, 0.6554345488548279, 0.6899406909942627, 0.7292028665542603, 0.7705080509185791, 0.8074078559875488, 0.8438389301300049, 0.8872438669204712, 0.9354268312454224]",0.01715412549674511,"[""ours_then_hard"", ""ours_then_hard"", ""hard_then_ours""]",9,2,0,5.1225884817540646e-05,False,"[16.2441, 18.5174, 17.5335]",17.5335,"[0.2399805188179016, 0.40020713210105896, 0.44850894808769226, 0.49097827076911926, 0.5957592129707336, 0.6425908803939819, 0.757975697517395, 0.8201249241828918, 0.829643726348877]",9,2,0,2.088655310217291e-05,True,"[179.7662, 194.753, 182.7148]",182.7148,"[0.11637982726097107, 0.1926621049642563, 0.25841307640075684, 0.3187022805213928, 0.44124117493629456, 0.5922178626060486, 0.7292028665542603, 0.7705080509185791, 0.8872438669204712]",19,"[0.2313038408756256, 0.42433062195777893, 0.4723188579082489, 0.5237733721733093, 0.6284793615341187, 0.66280597448349, 0.7570600509643555, 0.8261866569519043, 0.8350183963775635]",0,9,7,0.0,0.0,0.0,,0.0,0,9,7,0.0,0.0,0.0,,0.0,1,9,7,0.1111111111111111,0.14285714285714285,0.125,0.012276649475097656,0.012276649475097656,5,9,7,0.5555555555555556,0.7142857142857143,0.6250000000000001,0.029784169793128968,0.14892084896564484,"[0.10092564672231674, 0.18557335436344147, 0.24997732043266296, 0.32284510135650635, 0.46387267112731934, 0.6239360570907593, 0.7337744832038879, 0.7655588388442993, 0.9036151766777039]",1,9,7,0.1111111111111111,0.14285714285714285,0.125,0.0008622705936431885,0.0008622705936431885,1,9,7,0.1111111111111111,0.14285714285714285,0.125,0.0008622705936431885,0.0008622705936431885,4,9,7,0.4444444444444444,0.5714285714285714,0.5,0.012065008282661438,0.04826003313064575,6,9,7,0.6666666666666666,0.8571428571428571,0.75,0.02181437611579895,0.1308862566947937
388,20388,75,16,10,28,"[0.07151768356561661, 0.1454917937517166, 0.19274362921714783, 0.24533438682556152, 0.31085339188575745, 0.35911720991134644, 0.438058078289032, 0.48198920488357544, 0.5544909834861755, 0.5913119316101074, 0.6439530253410339, 0.7157437801361084, 0.7651124000549316, 0.8174145221710205, 0.8866308927536011, 0.9245192408561707]","[0.07151768356561661, 0.19274362921714783, 0.31085339188575745, 0.438058078289032, 0.48198920488357544, 0.5544909834861755, 0.5913119316101074, 0.7157437801361084, 0.7651124000549316, 0.8866308927536011]","[0.01966295950114727, 0.04949255287647247, 0.08379773050546646, 0.12313897162675858, 0.16663812100887299, 0.20878510177135468, 0.24632517993450165, 0.2802266776561737, 0.3131764531135559, 0.3458591103553772, 0.37840038537979126, 0.4111059010028839, 0.4437042772769928, 0.4759884774684906, 0.5077021718025208, 0.5400054454803467, 0.5730031132698059, 0.6055986285209656, 0.637690007686615, 0.6696154475212097, 0.7022687792778015, 0.7359046936035156, 0.7701353430747986, 0.8006749749183655, 0.829125165939331, 0.8606643080711365, 0.8981196284294128, 0.9408213496208191]",0.015066802501678467,"[""hard_then_ours"", ""hard_then_ours"", ""hard_then_ours""]",19,9,3,2.201487950515002e-05,True,"[15.4258, 20.7238, 20.3157]",20.3157,"[0.08032123744487762, 0.118898905813694, 0.16090798377990723, 0.23540303111076355, 0.3057965934276581, 0.37959936261177063, 0.44407549500465393, 0.47585925459861755, 0.5259578227996826, 0.5681370496749878, 0.6027109622955322, 0.6316169500350952, 0.6612251400947571, 0.7298535108566284, 0.7632765173912048, 0.7985814809799194, 0.8245024681091309, 0.8290374279022217, 0.8609676361083984]",14,4,-2,2.415701783320401e-05,True,"[150.1114, 133.5422, 146.7221]",146.7221,"[0.08379773050546646, 0.20878510177135468, 0.24632517993450165, 0.2802266776561737, 0.4437042772769928, 0.4759884774684906, 0.5077021718025208, 0.6055986285209656, 0.6696154475212097, 0.7022687792778015, 0.7359046936035156, 0.829125165939331, 0.8606643080711365, 0.9408213496208191]",14,"[0.0874129980802536, 0.1304803490638733, 0.17697250843048096, 0.2714466154575348, 0.32706311345100403, 0.3993757963180542, 0.4628003239631653, 0.48970434069633484, 0.5380871891975403, 0.5825130939483643, 0.6128281354904175, 0.6367295384407043, 0.6715774536132812, 0.7430815100669861, 0.7768478393554688, 0.8062276244163513, 0.8271700143814087, 0.832745373249054, 0.8641031384468079]",0,19,10,0.0,0.0,0.0,,0.0,2,19,10,0.10526315789473684,0.2,0.13793103448275862,0.008256986737251282,0.016513973474502563,7,19,10,0.3684210526315789,0.7,0.48275862068965514,0.014857587005410875,0.10400310903787613,10,19,10,0.5263157894736842,1.0,0.6896551724137931,0.02428719773888588,0.2428719773888588,"[0.09250891208648682, 0.23678673803806305, 0.28221404552459717, 0.30837932229042053, 0.46250656247138977, 0.4897892475128174, 0.5244020223617554, 0.6147297620773315, 0.6787868738174438, 0.7112339735031128, 0.7509151101112366, 0.8328402638435364, 0.8637572526931763, 0.9434647560119629]",2,14,10,0.14285714285714285,0.2,0.16666666666666666,0.0034919381141662598,0.0069838762283325195,3,14,10,0.21428571428571427,0.3,0.25,0.004927972952524821,0.014783918857574463,4,14,10,0.2857142857142857,0.4,0.3333333333333333,0.010165952146053314,0.04066380858421326,10,14,10,0.7142857142857143,1.0,0.8333333333333333,0.025345683842897416,0.25345683842897415
109,20109,76,18,11,28,"[0.04399782419204712, 0.10618837177753448, 0.17917373776435852, 0.2165997475385666, 0.2650938332080841, 0.3354574739933014, 0.37617966532707214, 0.42712247371673584, 0.48701900243759155, 0.5286087393760681, 0.5621387958526611, 0.5996978878974915, 0.666790246963501, 0.7247744202613831, 0.7790154814720154, 0.8328455686569214, 0.8955115079879761, 0.9326001405715942]","[0.04399782419204712, 0.17917373776435852, 0.2165997475385666, 0.2650938332080841, 0.3354574739933014, 0.5286087393760681, 0.5621387958526611, 0.5996978878974915, 0.7247744202613831, 0.7790154814720154, 0.8955115079879761]","[0.0186048224568367, 0.047015562653541565, 0.079037144780159, 0.11699795722961426, 0.16011318564414978, 0.2015862911939621, 0.23663973808288574, 0.26807597279548645, 0.29962801933288574, 0.33227208256721497, 0.36232367157936096, 0.3916265070438385, 0.420722633600235, 0.4506673216819763, 0.4818934500217438, 0.5129628777503967, 0.5438940525054932, 0.5748729109764099, 0.6062536835670471, 0.638116180896759, 0.6714237332344055, 0.7068066000938416, 0.7438507080078125, 0.7792953848838806, 0.8117653131484985, 0.8458784222602844, 0.8869264125823975, 0.9340642690658569]",0.017616547644138336,"[""hard_then_ours"", ""ours_then_hard"", ""ours_then_hard""]",10,-1,-8,9.318865340901539e-05,False,"[12.7771, 15.7937, 18.1955]",15.7937,"[0.14953304827213287, 0.17854374647140503, 0.34530389308929443, 0.4019654095172882, 0.5355805158615112, 0.6264667510986328, 0.6838195323944092, 0.750924825668335, 0.8116572499275208, 0.8339729309082031]",12,1,-6,2.417545510979835e-05,True,"[148.1978, 146.4529, 157.5426]",148.1978,"[0.11699795722961426, 0.2015862911939621, 0.23663973808288574, 0.33227208256721497, 0.36232367157936096, 0.5438940525054932, 0.5748729109764099, 0.6062536835670471, 0.7068066000938416, 0.7792953848838806, 0.8117653131484985, 0.8869264125823975]",16,"[0.125244140625, 0.15792398154735565, 0.32047221064567566, 0.37812477350234985, 0.5282639265060425, 0.6180770993232727, 0.682928204536438, 0.7605314254760742, 0.8205152153968811, 0.8467592597007751]",1,10,11,0.1,0.09090909090909091,0.09523809523809525,0.00034481287002563477,0.00034481287002563477,1,10,11,0.1,0.09090909090909091,0.09523809523809525,0.00034481287002563477,0.00034481287002563477,4,10,11,0.4,0.36363636363636365,0.380952380952381,0.013048335909843445,0.05219334363937378,7,10,11,0.7,0.6363636363636364,0.6666666666666666,0.023434509124074663,0.16404156386852264,"[0.09721529483795166, 0.17468145489692688, 0.209150031208992, 0.30234071612358093, 0.3363877236843109, 0.5366515517234802, 0.5643340945243835, 0.6001058220863342, 0.7104315161705017, 0.7892709374427795, 0.8206337094306946, 0.9050602912902832]",4,12,11,0.3333333333333333,0.36363636363636365,0.34782608695652173,0.002006441354751587,0.008025765419006348,7,12,11,0.5833333333333334,0.6363636363636364,0.6086956521739131,0.004723868199757167,0.03306707739830017,9,12,11,0.75,0.8181818181818182,0.7826086956521738,0.0064072708288828535,0.05766543745994568,10,12,11,0.8333333333333334,0.9090909090909091,0.8695652173913043,0.009491232037544251,0.0949123203754425
961,20961,77,15,7,28,"[0.044350169599056244, 0.103485107421875, 0.17005744576454163, 0.21995550394058228, 0.27822983264923096, 0.37455400824546814, 0.45002251863479614, 0.5197669863700867, 0.6123777031898499, 0.6519390344619751, 0.7264641523361206, 0.7741265892982483, 0.8225804567337036, 0.8585529923439026, 0.9374262094497681]","[0.17005744576454163, 0.45002251863479614, 0.5197669863700867, 0.6123777031898499, 0.6519390344619751, 0.7741265892982483, 0.9374262094497681]","[0.019567381590604782, 0.0489330030977726, 0.08266561478376389, 0.12152227014303207, 0.1636257767677307, 0.2072237730026245, 0.23766207695007324, 0.273337721824646, 0.3018185794353485, 0.3341030478477478, 0.36583212018013, 0.3963376581668854, 0.42758771777153015, 0.45917466282844543, 0.490341454744339, 0.5215551853179932, 0.5526207685470581, 0.5834223628044128, 0.6146353483200073, 0.6462641954421997, 0.6792676448822021, 0.7144230008125305, 0.7504863739013672, 0.7844791412353516, 0.8163509964942932, 0.8510294556617737, 0.8917254209518433, 0.9374831914901733]",0.015612496994435787,"[""ours_then_hard"", ""hard_then_ours"", ""ours_then_hard""]",10,3,-5,3.85318162443582e-05,False,"[16.2507, 16.9004, 12.3149]",16.2507,"[0.13213449716567993, 0.2080637812614441, 0.23469598591327667, 0.27256056666374207, 0.4003717601299286, 0.43130120635032654, 0.6055266261100769, 0.679276704788208, 0.7392928004264832, 0.762575626373291]",8,1,-7,1.955649167939555e-05,True,"[195.1993, 200.6326, 173.3626]",195.1993,"[0.12152227014303207, 0.2072237730026245, 0.3963376581668854, 0.490341454744339, 0.5834223628044128, 0.6462641954421997, 0.7844791412353516, 0.8510294556617737]",20,"[0.11000053584575653, 0.18637415766716003, 0.21228426694869995, 0.24948491156101227, 0.3866330087184906, 0.41928455233573914, 0.6153643727302551, 0.6945526599884033, 0.751517653465271, 0.7732844352722168]",2,10,7,0.2,0.2857142857142857,0.23529411764705882,0.0019144117832183838,0.0038288235664367676,2,10,7,0.2,0.2857142857142857,0.23529411764705882,0.0019144117832183838,0.0038288235664367676,3,10,7,0.3,0.42857142857142855,0.3529411764705882,0.006715178489685059,0.020145535469055176,5,10,7,0.5,0.7142857142857143,0.588235294117647,0.02305278182029724,0.1152639091014862,"[0.09921972453594208, 0.18549993634223938, 0.38278019428253174, 0.48285308480262756, 0.5917230248451233, 0.6591851711273193, 0.7925432920455933, 0.8637064099311829]",0,8,7,0.0,0.0,0.0,,0.0,1,8,7,0.125,0.14285714285714285,0.13333333333333333,0.007246136665344238,0.007246136665344238,3,8,7,0.375,0.42857142857142855,0.39999999999999997,0.01370177666346232,0.04110532999038696,5,8,7,0.625,0.7142857142857143,0.6666666666666666,0.01891811490058899,0.09459057450294495
87,20087,78,14,10,28,"[0.0749962255358696, 0.13083770871162415, 0.21816527843475342, 0.29071909189224243, 0.34573549032211304, 0.3884086012840271, 0.45290789008140564, 0.5445622801780701, 0.6259236931800842, 0.680471658706665, 0.7782772779464722, 0.8376821875572205, 0.9082585573196411, 0.9536975622177124]","[0.0749962255358696, 0.21816527843475342, 0.29071909189224243, 0.34573549032211304, 0.3884086012840271, 0.45290789008140564, 0.6259236931800842, 0.680471658706665, 0.8376821875572205, 0.9536975622177124]","[0.018416695296764374, 0.04580650106072426, 0.07751497626304626, 0.11448276042938232, 0.15748350322246552, 0.19971312582492828, 0.2345920354127884, 0.26530739665031433, 0.2970634400844574, 0.3290574550628662, 0.35835978388786316, 0.38771864771842957, 0.41639745235443115, 0.44684186577796936, 0.4769105017185211, 0.5064382553100586, 0.5359649062156677, 0.5663366913795471, 0.5977098941802979, 0.6293268203735352, 0.6621906757354736, 0.6971456408500671, 0.7338294982910156, 0.7699518203735352, 0.804023802280426, 0.8396521806716919, 0.8822440505027771, 0.9313056468963623]",0.01748618297278881,"[""ours_then_hard"", ""hard_then_ours"", ""ours_then_hard""]",15,5,1,7.416865992126986e-05,False,"[19.1236, 17.675, 19.1389]",19.1236,"[0.14508280158042908, 0.17284861207008362, 0.2240755707025528, 0.31252583861351013, 0.3329157829284668, 0.37131357192993164, 0.4256347715854645, 0.4861660897731781, 0.5630422234535217, 0.5900970697402954, 0.6208256483078003, 0.6612280607223511, 0.6887446045875549, 0.7769525051116943, 0.8024897575378418]",16,6,2,2.274781400046777e-05,True,"[127.5174, 124.0453, 172.5387]",127.5174,"[0.07751497626304626, 0.11448276042938232, 0.15748350322246552, 0.19971312582492828, 0.2345920354127884, 0.2970634400844574, 0.38771864771842957, 0.44684186577796936, 0.4769105017185211, 0.6293268203735352, 0.6621906757354736, 0.7338294982910156, 0.7699518203735352, 0.804023802280426, 0.8822440505027771, 0.9313056468963623]",12,"[0.11896874755620956, 0.1517096310853958, 0.20809032022953033, 0.3008348345756531, 0.319136381149292, 0.3495217561721802, 0.3954235315322876, 0.4597015380859375, 0.5556979775428772, 0.587256133556366, 0.6272061467170715, 0.6735190749168396, 0.703009307384491, 0.7996236681938171, 0.8238857984542847]",2,15,10,0.13333333333333333,0.2,0.16,0.0025343596935272217,0.005068719387054443,5,15,10,0.3333333333333333,0.5,0.4,0.005165976285934448,0.02582988142967224,8,15,10,0.5333333333333333,0.8,0.64,0.00747712142765522,0.05981697142124176,9,15,10,0.6,0.9,0.7200000000000001,0.024457943108346727,0.22012148797512054,"[0.06786763668060303, 0.09564999490976334, 0.1322367638349533, 0.18376687169075012, 0.2202809900045395, 0.28579336404800415, 0.36465445160865784, 0.41804471611976624, 0.4492281377315521, 0.6346530914306641, 0.6748708486557007, 0.7493010759353638, 0.7935601472854614, 0.8250413537025452, 0.9014825224876404, 0.9474860429763794]",3,16,10,0.1875,0.3,0.23076923076923075,0.0035737305879592896,0.010721191763877869,7,16,10,0.4375,0.7,0.5384615384615384,0.005484501166003091,0.03839150816202164,9,16,10,0.5625,0.9,0.6923076923076923,0.007772367033693526,0.06995130330324173,10,16,10,0.625,1.0,0.7692307692307693,0.01633513197302818,0.16335131973028183
664,20664,79,11,7,28,"[0.07820931077003479, 0.1760837733745575, 0.2630787491798401, 0.3568810820579529, 0.4294929504394531, 0.4926541745662689, 0.5679198503494263, 0.6272958517074585, 0.7175201177597046, 0.7991251349449158, 0.9034674763679504]","[0.07820931077003479, 0.2630787491798401, 0.3568810820579529, 0.4926541745662689, 0.6272958517074585, 0.7175201177597046, 0.9034674763679504]","[0.019935760647058487, 0.051185399293899536, 0.08509298413991928, 0.12459248304367065, 0.16659151017665863, 0.20990729331970215, 0.24545316398143768, 0.27786746621131897, 0.3099040389060974, 0.343891978263855, 0.3761732280254364, 0.41047847270965576, 0.4449831247329712, 0.47879713773727417, 0.5105206966400146, 0.5403358340263367, 0.5703027248382568, 0.6016743183135986, 0.6327553987503052, 0.6639998555183411, 0.6965957880020142, 0.7305946946144104, 0.7651033997535706, 0.7975149154663086, 0.8280251622200012, 0.8615292310714722, 0.9000014066696167, 0.9424143433570862]",0.017128366976976395,"[""ours_then_hard"", ""hard_then_ours"", ""ours_then_hard""]",10,3,-1,2.622457941470202e-05,False,"[15.431, 13.1591, 18.3882]",15.431,"[0.1616380512714386, 0.2030068337917328, 0.2328643798828125, 0.29341867566108704, 0.4227882921695709, 0.5039864778518677, 0.6438148021697998, 0.779024600982666, 0.8093487620353699, 0.8449409008026123]",9,2,-2,2.222870352852624e-05,True,"[177.9651, 166.5667, 196.4925]",177.9651,"[0.12459248304367065, 0.24545316398143768, 0.27786746621131897, 0.3761732280254364, 0.5403358340263367, 0.6016743183135986, 0.7651033997535706, 0.8280251622200012, 0.8615292310714722]",19,"[0.13578619062900543, 0.17722903192043304, 0.20818649232387543, 0.2767016291618347, 0.41181084513664246, 0.48663264513015747, 0.6246138215065002, 0.7775350213050842, 0.8178110718727112, 0.8507047295570374]",1,10,7,0.1,0.14285714285714285,0.11764705882352941,0.002682030200958252,0.002682030200958252,2,10,7,0.2,0.2857142857142857,0.23529411764705882,0.004351779818534851,0.008703559637069702,3,10,7,0.3,0.42857142857142855,0.3529411764705882,0.00744214653968811,0.02232643961906433,3,10,7,0.3,0.42857142857142855,0.3529411764705882,0.00744214653968811,0.02232643961906433,"[0.1006690189242363, 0.2232935130596161, 0.25890567898750305, 0.3724619746208191, 0.5195111632347107, 0.5804627537727356, 0.7576233744621277, 0.8375775814056396, 0.865416944026947]",1,9,7,0.1111111111111111,0.14285714285714285,0.125,0.004173070192337036,0.004173070192337036,1,9,7,0.1111111111111111,0.14285714285714285,0.125,0.004173070192337036,0.004173070192337036,2,9,7,0.2222222222222222,0.2857142857142857,0.25,0.009876981377601624,0.019753962755203247,7,9,7,0.7777777777777778,1.0,0.8750000000000001,0.032809958926268985,0.2296697124838829
902,20902,80,13,9,28,"[0.06739768385887146, 0.14506390690803528, 0.22165480256080627, 0.28346922993659973, 0.3448173999786377, 0.43080368638038635, 0.4837084412574768, 0.5735463500022888, 0.6461144685745239, 0.736141562461853, 0.8067556619644165, 0.8680803179740906, 0.9375085830688477]","[0.06739768385887146, 0.22165480256080627, 0.28346922993659973, 0.43080368638038635, 0.4837084412574768, 0.6461144685745239, 0.736141562461853, 0.8067556619644165, 0.8680803179740906]","[0.018815359100699425, 0.04729079082608223, 0.0800168514251709, 0.11726865917444229, 0.1602456122636795, 0.2014857679605484, 0.2362247258424759, 0.26916831731796265, 0.3038172721862793, 0.33744367957115173, 0.37082764506340027, 0.4040347635746002, 0.4372425675392151, 0.4716840088367462, 0.5063934922218323, 0.5396718978881836, 0.5718191266059875, 0.6033080220222473, 0.6343777179718018, 0.6654004454612732, 0.7009363174438477, 0.7375766038894653, 0.7717843651771545, 0.8021327257156372, 0.8298094272613525, 0.8603797554969788, 0.8974950313568115, 0.9403153657913208]",0.00776660768315196,"[""hard_then_ours"", ""hard_then_ours"", ""hard_then_ours""]",21,12,8,3.471975287538953e-05,False,"[22.8289, 18.6264, 13.9871]",18.6264,"[0.044358544051647186, 0.07602878659963608, 0.11288314312696457, 0.15461888909339905, 0.20730960369110107, 0.28527405858039856, 0.35430216789245605, 0.38810133934020996, 0.43194064497947693, 0.4823876619338989, 0.516937792301178, 0.5624574422836304, 0.6053062677383423, 0.6757734417915344, 0.7542694807052612, 0.7949743270874023, 0.8051882982254028, 0.8205440640449524, 0.8378307223320007, 0.8665971755981445, 0.9039081335067749]",21,12,8,2.4706345357117243e-05,True,"[100.8434, 108.4882, 91.072]",100.8434,"[0.04729079082608223, 0.0800168514251709, 0.11726865917444229, 0.2014857679605484, 0.2362247258424759, 0.26916831731796265, 0.3038172721862793, 0.37082764506340027, 0.4040347635746002, 0.4372425675392151, 0.5396718978881836, 0.5718191266059875, 0.6033080220222473, 0.6654004454612732, 0.7009363174438477, 0.7375766038894653, 0.7717843651771545, 0.8021327257156372, 0.8298094272613525, 0.8603797554969788, 0.9403153657913208]",7,"[0.038971543312072754, 0.07216984778642654, 0.1041252613067627, 0.14935243129730225, 0.2135128378868103, 0.2950066030025482, 0.3565646708011627, 0.3891755938529968, 0.43034979701042175, 0.4776054322719574, 0.5107960104942322, 0.5517386794090271, 0.5886961817741394, 0.6669957041740417, 0.7589606046676636, 0.8019716143608093, 0.8089869618415833, 0.8249545693397522, 0.8436799049377441, 0.8696483969688416, 0.9127156734466553]",4,21,9,0.19047619047619047,0.4444444444444444,0.26666666666666666,0.0028945449739694595,0.011578179895877838,6,21,9,0.2857142857142857,0.6666666666666666,0.4,0.0043038589258988695,0.02582315355539322,7,21,9,0.3333333333333333,0.7777777777777778,0.4666666666666666,0.0053372180887631005,0.037360526621341705,9,21,9,0.42857142857142855,1.0,0.6,0.020827405982547335,0.18744665384292603,"[0.04192649573087692, 0.075462207198143, 0.1072535440325737, 0.20764057338237762, 0.24231116473674774, 0.27866947650909424, 0.30855125188827515, 0.37293541431427, 0.40547311305999756, 0.4336296021938324, 0.5331774950027466, 0.5604997873306274, 0.5870920419692993, 0.6562334299087524, 0.6952953934669495, 0.7431487441062927, 0.7775843143463135, 0.8070099949836731, 0.8352521061897278, 0.8613156080245972, 0.9521150588989258]",3,21,9,0.14285714285714285,0.3333333333333333,0.2,0.0026266674200693765,0.00788000226020813,6,21,9,0.2857142857142857,0.6666666666666666,0.4,0.00495273619890213,0.02971641719341278,8,21,9,0.38095238095238093,0.8888888888888888,0.5333333333333333,0.006731200963258743,0.053849607706069946,9,21,9,0.42857142857142855,1.0,0.6,0.029823088811503515,0.26840779930353165
160,20160,81,6,5,28,"[0.1634441316127777, 0.3467281460762024, 0.4228144586086273, 0.6163794994354248, 0.7291209697723389, 0.9251065254211426]","[0.1634441316127777, 0.4228144586086273, 0.6163794994354248, 0.7291209697723389, 0.9251065254211426]","[0.019538383930921555, 0.049123018980026245, 0.08292918652296066, 0.12092967331409454, 0.16192945837974548, 0.202204629778862, 0.23787662386894226, 0.2697170674800873, 0.3002926707267761, 0.3321678042411804, 0.36466988921165466, 0.3951834738254547, 0.42544400691986084, 0.4551723003387451, 0.48478561639785767, 0.5150452256202698, 0.5459522008895874, 0.5771601796150208, 0.6089389324188232, 0.6415621042251587, 0.6760085225105286, 0.7123141288757324, 0.7489275336265564, 0.7830188274383545, 0.8155223727226257, 0.8500787615776062, 0.8900529146194458, 0.9358530044555664]",0.016285395249724388,"[""hard_then_ours"", ""ours_then_hard"", ""hard_then_ours""]",7,2,1,0.00011582086881389841,False,"[16.6022, 16.5723, 18.2177]",16.6022,"[0.16166187822818756, 0.21536457538604736, 0.2598378360271454, 0.35721731185913086, 0.4502926766872406, 0.7000787258148193, 0.7968347072601318]",5,0,-1,2.2751883079763502e-05,True,"[218.3785, 205.4884, 219.2565]",218.3785,"[0.202204629778862, 0.3951834738254547, 0.5771601796150208, 0.7489275336265564, 0.9358530044555664]",23,"[0.13778913021087646, 0.1937752366065979, 0.23832771182060242, 0.33868324756622314, 0.44837695360183716, 0.7075550556182861, 0.8105527758598328]",0,7,5,0.0,0.0,0.0,,0.0,0,7,5,0.0,0.0,0.0,,0.0,0,7,5,0.0,0.0,0.0,,0.0,3,7,5,0.42857142857142855,0.6,0.5,0.02426113684972127,0.07278341054916382,"[0.18174830079078674, 0.38654541969299316, 0.5793118476867676, 0.7577162981033325, 0.9558107852935791]",0,5,5,0.0,0.0,0.0,,0.0,0,5,5,0.0,0.0,0.0,,0.0,1,5,5,0.2,0.2,0.20000000000000004,0.018304169178009033,0.018304169178009033,5,5,5,1.0,1.0,1.0,0.030188089609146117,0.1509404480457306
4,20004,82,9,5,28,"[0.11151137202978134, 0.1727627068758011, 0.26172107458114624, 0.42335695028305054, 0.5897904634475708, 0.7023671865463257, 0.7587082982063293, 0.8148423433303833, 0.8728963732719421]","[0.1727627068758011, 0.42335695028305054, 0.7023671865463257, 0.7587082982063293, 0.8148423433303833]","[0.017983760684728622, 0.04540814459323883, 0.07603292167186737, 0.11065856367349625, 0.14922282099723816, 0.18996445834636688, 0.22665691375732422, 0.258647620677948, 0.28881651163101196, 0.31888964772224426, 0.3508574664592743, 0.38204315304756165, 0.4123954772949219, 0.4425705373287201, 0.472540944814682, 0.5028371214866638, 0.5336593985557556, 0.5647125840187073, 0.5961318612098694, 0.628410816192627, 0.6628188490867615, 0.6999554634094238, 0.7390031218528748, 0.7776007056236267, 0.8123234510421753, 0.8478401303291321, 0.889780580997467, 0.9365981817245483]",0.02790996991097927,"[""ours_then_hard"", ""hard_then_ours"", ""ours_then_hard""]",10,5,1,2.6220104700769298e-05,False,"[18.5398, 20.7286, 19.6843]",19.6843,"[0.07278196513652802, 0.10692262649536133, 0.1645224392414093, 0.2839764356613159, 0.43881651759147644, 0.5588248372077942, 0.6414953470230103, 0.7491284012794495, 0.7926834225654602, 0.8192055225372314]",8,3,-1,2.361909719184041e-05,True,"[185.2539, 197.5362, 185.941]",185.941,"[0.14922282099723816, 0.18996445834636688, 0.38204315304756165, 0.5028371214866638, 0.6628188490867615, 0.6999554634094238, 0.8123234510421753, 0.8478401303291321]",20,"[0.0577717199921608, 0.08856562525033951, 0.14155004918575287, 0.27946895360946655, 0.4565604627132416, 0.6013051271438599, 0.6924932599067688, 0.7854697704315186, 0.8222870826721191, 0.8483728170394897]",0,10,5,0.0,0.0,0.0,,0.0,2,10,5,0.2,0.4,0.26666666666666666,0.008659332990646362,0.017318665981292725,2,10,5,0.2,0.4,0.26666666666666666,0.008659332990646362,0.017318665981292725,5,10,5,0.5,1.0,0.6666666666666666,0.02169926166534424,0.10849630832672119,"[0.1269615739583969, 0.17201952636241913, 0.39607134461402893, 0.5422929525375366, 0.7096419930458069, 0.7422654628753662, 0.8421403169631958, 0.8815703988075256]",1,8,5,0.125,0.2,0.15384615384615385,0.000743180513381958,0.000743180513381958,2,8,5,0.25,0.4,0.3076923076923077,0.00400899350643158,0.00801798701286316,3,8,5,0.375,0.6,0.4615384615384615,0.008153607447942099,0.024460822343826294,5,8,5,0.625,1.0,0.7692307692307693,0.024820470809936525,0.12410235404968262
584,20584,83,11,8,28,"[0.08511070907115936, 0.12911000847816467, 0.1924804449081421, 0.31896260380744934, 0.4080001711845398, 0.49992668628692627, 0.5775960683822632, 0.6727234125137329, 0.7770103812217712, 0.8212509751319885, 0.9360856413841248]","[0.12911000847816467, 0.1924804449081421, 0.49992668628692627, 0.5775960683822632, 0.6727234125137329, 0.7770103812217712, 0.8212509751319885, 0.9360856413841248]","[0.01997581124305725, 0.04987487569451332, 0.08462521433830261, 0.12337128818035126, 0.16532692313194275, 0.2062804251909256, 0.2404857575893402, 0.27309131622314453, 0.3041228950023651, 0.3346976339817047, 0.3638607859611511, 0.3943679630756378, 0.4239838123321533, 0.45313408970832825, 0.48172974586486816, 0.5111004710197449, 0.5420671701431274, 0.5730636119842529, 0.6039304733276367, 0.6351478695869446, 0.6681758165359497, 0.7034609913825989, 0.7400415539741516, 0.7754688262939453, 0.8093119859695435, 0.8452613353729248, 0.8870659470558167, 0.9345483183860779]",0.02270953543484211,"[""hard_then_ours"", ""ours_then_hard"", ""hard_then_ours""]",13,5,2,0.0001296992413699627,False,"[18.1599, 18.0883, 18.7571]",18.1599,"[0.2339494824409485, 0.32355180382728577, 0.39070433378219604, 0.4336782395839691, 0.47737616300582886, 0.5182688236236572, 0.5342134237289429, 0.5673187375068665, 0.5973709225654602, 0.654199481010437, 0.7070002555847168, 0.7518310546875, 0.7927040457725525]",11,3,0,1.9712462744791992e-05,True,"[160.8162, 163.7688, 183.3361]",163.7688,"[0.16532692313194275, 0.27309131622314453, 0.3041228950023651, 0.48172974586486816, 0.5730636119842529, 0.6039304733276367, 0.6351478695869446, 0.7034609913825989, 0.7400415539741516, 0.8452613353729248, 0.9345483183860779]",17,"[0.19565384089946747, 0.2978299856185913, 0.3749060332775116, 0.4252333343029022, 0.46265909075737, 0.5101791620254517, 0.5287486910820007, 0.5666625499725342, 0.5931051969528198, 0.6664717793464661, 0.7162018418312073, 0.7782452702522278, 0.8222643136978149]",3,13,8,0.23076923076923078,0.375,0.2857142857142857,0.0018072078625361125,0.005421623587608337,4,13,8,0.3076923076923077,0.5,0.380952380952381,0.0029183141887187958,0.011673256754875183,6,13,8,0.46153846153846156,0.75,0.5714285714285714,0.005476541817188263,0.03285925090312958,6,13,8,0.46153846153846156,0.75,0.5714285714285714,0.01629803826411565,0.09778822958469391,"[0.12621182203292847, 0.23683762550354004, 0.2765100598335266, 0.466877281665802, 0.5709553956985474, 0.5992429256439209, 0.6392179727554321, 0.7124391198158264, 0.7655598521232605, 0.8694530129432678, 0.9540314078330994]",1,11,8,0.09090909090909091,0.125,0.10526315789473685,0.002898186445236206,0.002898186445236206,2,11,8,0.18181818181818182,0.25,0.2105263157894737,0.004769429564476013,0.009538859128952026,4,11,8,0.36363636363636365,0.5,0.4210526315789474,0.009733788669109344,0.03893515467643738,8,11,8,0.7272727272727273,1.0,0.8421052631578948,0.02475615218281746,0.19804921746253967
823,20823,84,8,7,28,"[0.06104699894785881, 0.2294963151216507, 0.32585659623146057, 0.40395787358283997, 0.5713996291160583, 0.6991191506385803, 0.798853874206543, 0.8750010132789612]","[0.06104699894785881, 0.2294963151216507, 0.32585659623146057, 0.40395787358283997, 0.5713996291160583, 0.6991191506385803, 0.8750010132789612]","[0.018760275095701218, 0.047763653099536896, 0.07991990447044373, 0.11669543385505676, 0.15727414190769196, 0.19634893536567688, 0.22942866384983063, 0.26138874888420105, 0.2920170724391937, 0.32426750659942627, 0.3563561737537384, 0.3877614736557007, 0.41955050826072693, 0.4514046609401703, 0.48303037881851196, 0.5145295858383179, 0.5462876558303833, 0.5786955952644348, 0.6115370988845825, 0.6446360945701599, 0.6791185140609741, 0.7153783440589905, 0.7532673478126526, 0.7894944548606873, 0.8226851224899292, 0.8577728271484375, 0.8974441885948181, 0.9409520030021667]",0.026365002617239952,"[""hard_then_ours"", ""hard_then_ours"", ""hard_then_ours""]",9,2,1,4.854330109083094e-05,False,"[14.656, 18.258, 18.2987]",18.258,"[0.17567047476768494, 0.20289839804172516, 0.3269732892513275, 0.44396618008613586, 0.631269097328186, 0.7036726474761963, 0.8218563199043274, 0.8394244313240051, 0.9036850333213806]",8,1,0,2.2382419047062285e-05,True,"[241.4943, 183.5468, 181.4341]",183.5468,"[0.07991990447044373, 0.26138874888420105, 0.3563561737537384, 0.48303037881851196, 0.5786955952644348, 0.6446360945701599, 0.8577728271484375, 0.8974441885948181]",20,"[0.14327821135520935, 0.16591398417949677, 0.2971007525920868, 0.4157131612300873, 0.6585034132003784, 0.7379530072212219, 0.85435551404953, 0.868469774723053, 0.9195799231529236]",0,9,7,0.0,0.0,0.0,,0.0,1,9,7,0.1111111111111111,0.14285714285714285,0.125,0.006531238555908203,0.006531238555908203,2,9,7,0.2222222222222222,0.2857142857142857,0.25,0.009143263101577759,0.018286526203155518,4,9,7,0.4444444444444444,0.5714285714285714,0.5,0.025443091988563538,0.10177236795425415,"[0.0630260556936264, 0.227177232503891, 0.32251855731010437, 0.45781201124191284, 0.5868765711784363, 0.6723926663398743, 0.8812142014503479, 0.9134997725486755]",3,8,7,0.375,0.42857142857142855,0.39999999999999997,0.002545392761627833,0.007636178284883499,4,8,7,0.5,0.5714285714285714,0.5333333333333333,0.0034623416140675545,0.013849366456270218,5,8,7,0.625,0.7142857142857143,0.6666666666666666,0.005865261703729629,0.029326308518648148,6,8,7,0.75,0.8571428571428571,0.7999999999999999,0.0093421321362257,0.0560527928173542
772,20772,85,20,11,28,"[0.059921521693468094, 0.11341477930545807, 0.17621108889579773, 0.23919714987277985, 0.2964743375778198, 0.34292179346084595, 0.4054577946662903, 0.43926912546157837, 0.4730803072452545, 0.5111157894134521, 0.5516140460968018, 0.6039677262306213, 0.6469431519508362, 0.7093616724014282, 0.7665467858314514, 0.81050705909729, 0.8404552340507507, 0.8701359033584595, 0.913905680179596, 0.9689734578132629]","[0.059921521693468094, 0.17621108889579773, 0.23919714987277985, 0.2964743375778198, 0.4054577946662903, 0.43926912546157837, 0.4730803072452545, 0.6469431519508362, 0.7093616724014282, 0.8404552340507507, 0.9689734578132629]","[0.02077171765267849, 0.05201137065887451, 0.08684302866458893, 0.1272030919790268, 0.1709587275981903, 0.21460658311843872, 0.2518750727176666, 0.2857479155063629, 0.3180949091911316, 0.3508467674255371, 0.3856135606765747, 0.41932523250579834, 0.45157045125961304, 0.4822941720485687, 0.5114768743515015, 0.5408995151519775, 0.5706151723861694, 0.5996599197387695, 0.62873375415802, 0.6583458781242371, 0.6900413632392883, 0.7259891629219055, 0.762106716632843, 0.7948839664459229, 0.8253023028373718, 0.8590147495269775, 0.8978776335716248, 0.9408088326454163]",0.016841541975736618,"[""hard_then_ours"", ""hard_then_ours"", ""hard_then_ours""]",16,5,-4,4.763168908539228e-05,False,"[14.1319, 15.4834, 20.5869]",15.4834,"[0.16242831945419312, 0.20798543095588684, 0.24614810943603516, 0.2622501850128174, 0.31996700167655945, 0.3693520426750183, 0.41228434443473816, 0.4496021866798401, 0.47278836369514465, 0.5279452800750732, 0.5738751888275146, 0.6027686595916748, 0.6190327405929565, 0.6690815687179565, 0.7598724961280823, 0.7731592059135437]",14,3,-6,2.4019032935029827e-05,True,"[158.1773, 132.0201, 152.3149]",152.3149,"[0.05201137065887451, 0.1272030919790268, 0.21460658311843872, 0.2518750727176666, 0.3180949091911316, 0.3508467674255371, 0.3856135606765747, 0.4822941720485687, 0.62873375415802, 0.6900413632392883, 0.762106716632843, 0.7948839664459229, 0.8253023028373718, 0.8978776335716248]",14,"[0.17321112751960754, 0.2298353910446167, 0.2710510492324829, 0.28429073095321655, 0.3500658869743347, 0.41002851724624634, 0.45096999406814575, 0.47098061442375183, 0.48579972982406616, 0.5371002554893494, 0.5764498710632324, 0.6046341061592102, 0.6232944130897522, 0.6735103726387024, 0.7616773843765259, 0.7777231335639954]",3,16,11,0.1875,0.2727272727272727,0.2222222222222222,0.003223458925882975,0.009670376777648926,4,16,11,0.25,0.36363636363636365,0.2962962962962963,0.004758033901453018,0.019032135605812073,6,16,11,0.375,0.5454545454545454,0.4444444444444444,0.007152768472830455,0.04291661083698273,8,16,11,0.5,0.7272727272727273,0.5925925925925926,0.016789579764008522,0.13431663811206818,"[0.045274768024683, 0.12648187577724457, 0.23741815984249115, 0.27702343463897705, 0.3476165235042572, 0.3879169821739197, 0.4252472519874573, 0.49178069829940796, 0.6330106854438782, 0.7002506852149963, 0.7636831402778625, 0.7987026572227478, 0.8300906419754028, 0.9051586389541626]",1,14,11,0.07142857142857142,0.09090909090909091,0.08,0.0017789900302886963,0.0017789900302886963,2,14,11,0.14285714285714285,0.18181818181818182,0.16,0.0054449886083602905,0.010889977216720581,9,14,11,0.6428571428571429,0.8181818181818182,0.7200000000000001,0.013283085491922166,0.1195477694272995,10,14,11,0.7142857142857143,0.9090909090909091,0.8,0.02006649672985077,0.2006649672985077
591,20591,86,10,6,28,"[0.1492767184972763, 0.2629709243774414, 0.37910541892051697, 0.4391571879386902, 0.49852246046066284, 0.6636989116668701, 0.7237014174461365, 0.803183913230896, 0.8511876463890076, 0.9037572741508484]","[0.2629709243774414, 0.37910541892051697, 0.4391571879386902, 0.6636989116668701, 0.803183913230896, 0.8511876463890076]","[0.019315682351589203, 0.048309169709682465, 0.0813235193490982, 0.11741453409194946, 0.15660595893859863, 0.1957062929868698, 0.23062223196029663, 0.2630977928638458, 0.2952088713645935, 0.3266606628894806, 0.35785844922065735, 0.39008739590644836, 0.42329809069633484, 0.4561321437358856, 0.4882561266422272, 0.5198763608932495, 0.5517910718917847, 0.5845680236816406, 0.6167846322059631, 0.6488909721374512, 0.6821893453598022, 0.7176941633224487, 0.7546651363372803, 0.7891560792922974, 0.8209022283554077, 0.8550249338150024, 0.8949585556983948, 0.9394291639328003]",0.03230148181319237,"[""hard_then_ours"", ""hard_then_ours"", ""hard_then_ours""]",4,-2,-6,0.00031733469222672284,False,"[18.3263, 16.7763, 16.5923]",16.7763,"[0.23759451508522034, 0.3457062840461731, 0.5716780424118042, 0.6978736519813538]",8,2,-2,1.881339085230138e-05,True,"[185.5077, 209.04, 189.3936]",189.3936,"[0.15660595893859863, 0.1957062929868698, 0.35785844922065735, 0.39008739590644836, 0.5198763608932495, 0.5517910718917847, 0.5845680236816406, 0.8209022283554077]",20,"[0.25622740387916565, 0.3800129294395447, 0.6146904230117798, 0.7569661736488342]",1,4,6,0.25,0.16666666666666666,0.2,0.00090751051902771,0.00090751051902771,2,4,6,0.5,0.3333333333333333,0.4,0.0038255155086517334,0.007651031017303467,2,4,6,0.5,0.3333333333333333,0.4,0.0038255155086517334,0.007651031017303467,4,4,6,1.0,0.6666666666666666,0.8,0.02571931481361389,0.10287725925445557,"[0.16212914884090424, 0.20390449464321136, 0.39303046464920044, 0.42917129397392273, 0.5524305105209351, 0.5942198634147644, 0.6280512809753418, 0.8572866320610046]",0,8,6,0.0,0.0,0.0,,0.0,2,8,6,0.25,0.3333333333333333,0.28571428571428575,0.008042439818382263,0.016084879636764526,3,8,6,0.375,0.5,0.42857142857142855,0.010003308455149332,0.030009925365447998,4,8,6,0.5,0.6666666666666666,0.5714285714285715,0.01641438901424408,0.06565755605697632
297,20297,87,12,7,28,"[0.07542475312948227, 0.12081432342529297, 0.17135530710220337, 0.2653888463973999, 0.35559701919555664, 0.45003873109817505, 0.5355979204177856, 0.6052007079124451, 0.6873610615730286, 0.7793961763381958, 0.8435799479484558, 0.9208493828773499]","[0.12081432342529297, 0.17135530710220337, 0.35559701919555664, 0.45003873109817505, 0.5355979204177856, 0.6052007079124451, 0.8435799479484558]","[0.019868355244398117, 0.04967743903398514, 0.0840664803981781, 0.12443935871124268, 0.1695055514574051, 0.2139527052640915, 0.25110530853271484, 0.28475436568260193, 0.312614768743515, 0.34457510709762573, 0.37491607666015625, 0.4033292829990387, 0.4316938519477844, 0.4607151448726654, 0.4880995452404022, 0.5162027478218079, 0.54417484998703, 0.5728793144226074, 0.6042265295982361, 0.6359173655509949, 0.6692855358123779, 0.7051311135292053, 0.7422153949737549, 0.777640700340271, 0.8112360239028931, 0.8469946384429932, 0.8892177939414978, 0.9364281296730042]",0.021236252039670944,"[""hard_then_ours"", ""hard_then_ours"", ""ours_then_hard""]",17,10,5,3.8464608223875985e-05,False,"[18.0545, 18.256, 18.431]",18.256,"[0.046614717692136765, 0.08982481807470322, 0.15135356783866882, 0.21309193968772888, 0.2521727681159973, 0.28349655866622925, 0.39511847496032715, 0.4330046772956848, 0.4915018379688263, 0.5292488932609558, 0.5890199542045593, 0.6224547028541565, 0.6527197360992432, 0.6812765002250671, 0.7315006256103516, 0.8021835088729858, 0.8558827042579651]",22,15,10,2.4937849957495928e-05,True,"[76.3309, 70.0115, 71.6138]",71.6138,"[0.04967743903398514, 0.0840664803981781, 0.12443935871124268, 0.1695055514574051, 0.2139527052640915, 0.25110530853271484, 0.28475436568260193, 0.37491607666015625, 0.4033292829990387, 0.4607151448726654, 0.4880995452404022, 0.5162027478218079, 0.54417484998703, 0.6042265295982361, 0.6359173655509949, 0.6692855358123779, 0.7051311135292053, 0.7422153949737549, 0.777640700340271, 0.8112360239028931, 0.8892177939414978, 0.9364281296730042]",6,"[0.0398029163479805, 0.07651685923337936, 0.12557657063007355, 0.18460872769355774, 0.2164914757013321, 0.245255708694458, 0.35527732968330383, 0.3978551924228668, 0.4672704339027405, 0.5031672120094299, 0.5735050439834595, 0.6135842800140381, 0.6455843448638916, 0.6777999997138977, 0.730402946472168, 0.8039430975914001, 0.8645551800727844]",2,17,7,0.11764705882352941,0.2857142857142857,0.16666666666666666,0.002540968358516693,0.005081936717033386,3,17,7,0.17647058823529413,0.42857142857142855,0.25,0.004488502939542134,0.013465508818626404,5,17,7,0.29411764705882354,0.7142857142857143,0.4166666666666667,0.008790126442909241,0.043950632214546204,7,17,7,0.4117647058823529,1.0,0.5833333333333334,0.030198687953608378,0.21139081567525864,"[0.04218674823641777, 0.07313810288906097, 0.10273963212966919, 0.14397835731506348, 0.1853308230638504, 0.21536581218242645, 0.24655480682849884, 0.33842405676841736, 0.36214679479599, 0.43345320224761963, 0.4640488922595978, 0.48891153931617737, 0.5237743258476257, 0.5899748206138611, 0.6277269124984741, 0.6647141575813293, 0.7014265060424805, 0.7433332204818726, 0.7781458497047424, 0.8163264989852905, 0.8978549242019653, 0.9409937858581543]",0,22,7,0.0,0.0,0.0,,0.0,1,22,7,0.045454545454545456,0.14285714285714285,0.06896551724137931,0.00654977560043335,0.00654977560043335,6,22,7,0.2727272727272727,0.8571428571428571,0.41379310344827586,0.015476363400618235,0.09285818040370941,7,22,7,0.3181818181818182,1.0,0.4827586206896552,0.028282482709203447,0.19797737896442413
383,20383,88,18,10,28,"[0.059597570449113846, 0.09313458204269409, 0.13824069499969482, 0.19947965443134308, 0.2596786320209503, 0.3109196424484253, 0.3572131097316742, 0.41063183546066284, 0.4595351815223694, 0.5092451572418213, 0.5538832545280457, 0.6020767092704773, 0.6565735936164856, 0.7179820537567139, 0.7779838442802429, 0.8352372646331787, 0.8942434787750244, 0.9406657814979553]","[0.059597570449113846, 0.13824069499969482, 0.2596786320209503, 0.3572131097316742, 0.41063183546066284, 0.5538832545280457, 0.6020767092704773, 0.6565735936164856, 0.7779838442802429, 0.8352372646331787]","[0.018413979560136795, 0.04597475752234459, 0.07779743522405624, 0.11529777944087982, 0.15721428394317627, 0.2005096673965454, 0.23724785447120667, 0.2693638205528259, 0.3021696209907532, 0.33650362491607666, 0.36911824345588684, 0.3985781967639923, 0.4298064112663269, 0.4610176682472229, 0.4906767010688782, 0.5195114612579346, 0.5483644008636475, 0.5773540735244751, 0.60811847448349, 0.6395272612571716, 0.6722923517227173, 0.7068355083465576, 0.74391108751297, 0.7795423269271851, 0.8118928670883179, 0.8458033204078674, 0.8871035575866699, 0.9344096779823303]",0.030913207679986954,"[""ours_then_hard"", ""ours_then_hard"", ""ours_then_hard""]",13,3,-5,7.09115483914502e-05,False,"[17.1313, 18.7073, 16.7928]",17.1313,"[0.15091226994991302, 0.19319340586662292, 0.21237149834632874, 0.29602640867233276, 0.4145110845565796, 0.49870505928993225, 0.545141339302063, 0.5927442908287048, 0.6174305081367493, 0.6498173475265503, 0.6899447441101074, 0.726856529712677, 0.7798148989677429]",12,2,-6,2.276200939377304e-05,True,"[163.78, 168.5087, 156.6011]",163.78,"[0.07779743522405624, 0.15721428394317627, 0.2693638205528259, 0.3985781967639923, 0.4610176682472229, 0.4906767010688782, 0.60811847448349, 0.6395272612571716, 0.7068355083465576, 0.7795423269271851, 0.8458033204078674, 0.9344096779823303]",16,"[0.13268031179904938, 0.16946253180503845, 0.18157202005386353, 0.2663479447364807, 0.3692266643047333, 0.45469895005226135, 0.5019561052322388, 0.5456656217575073, 0.5715752243995667, 0.6078462600708008, 0.6540340781211853, 0.6917005777359009, 0.753251314163208]",1,13,10,0.07692307692307693,0.1,0.08695652173913043,0.002539515495300293,0.002539515495300293,5,13,10,0.38461538461538464,0.5,0.4347826086956522,0.00575127899646759,0.02875639498233795,6,13,10,0.46153846153846156,0.6,0.5217391304347826,0.006794991592566173,0.040769949555397034,8,13,10,0.6153846153846154,0.8,0.6956521739130435,0.022561168298125267,0.18048934638500214,"[0.06690990924835205, 0.1381373405456543, 0.2441350817680359, 0.35601067543029785, 0.4098067581653595, 0.44504010677337646, 0.5612146258354187, 0.5972478985786438, 0.6750801801681519, 0.752988874912262, 0.8368496298789978, 0.936515212059021]",5,12,10,0.4166666666666667,0.5,0.45454545454545453,0.0017144083976745605,0.008572041988372803,7,12,10,0.5833333333333334,0.7,0.6363636363636365,0.0033165360135691507,0.023215752094984055,9,12,10,0.75,0.9,0.8181818181818182,0.006362876544396083,0.05726588889956474,10,12,10,0.8333333333333334,1.0,0.9090909090909091,0.00822608582675457,0.0822608582675457
1017,21017,89,8,6,28,"[0.1628892868757248, 0.2897806167602539, 0.4268917143344879, 0.5215585827827454, 0.5815004706382751, 0.6692085862159729, 0.7535810470581055, 0.8654224872589111]","[0.1628892868757248, 0.4268917143344879, 0.5215585827827454, 0.5815004706382751, 0.6692085862159729, 0.7535810470581055]","[0.01990724354982376, 0.050229959189891815, 0.08368059247732162, 0.12147694826126099, 0.16246318817138672, 0.2033926099538803, 0.239393949508667, 0.2743542790412903, 0.30677399039268494, 0.33897098898887634, 0.37142106890678406, 0.4048560857772827, 0.4381386637687683, 0.47045132517814636, 0.5015757083892822, 0.5323763489723206, 0.5643922686576843, 0.5965030789375305, 0.6282429695129395, 0.6600216031074524, 0.6930823922157288, 0.728383481502533, 0.7634145617485046, 0.7954932451248169, 0.8257032632827759, 0.859187662601471, 0.8978060483932495, 0.9407553672790527]",0.011687559075653553,"[""ours_then_hard"", ""ours_then_hard"", ""hard_then_ours""]",9,3,1,2.319744999113027e-05,True,"[18.3588, 18.2622, 20.5545]",18.3588,"[0.21966908872127533, 0.2579021155834198, 0.4254418611526489, 0.49120453000068665, 0.6087379455566406, 0.6491494178771973, 0.7454630136489868, 0.8327174782752991, 0.9047008752822876]",8,2,0,2.291953751409892e-05,True,"[186.3906, 205.7393, 193.2761]",193.2761,"[0.16246318817138672, 0.2743542790412903, 0.4048560857772827, 0.47045132517814636, 0.5643922686576843, 0.6282429695129395, 0.7634145617485046, 0.8978060483932495]",20,"[0.21078753471374512, 0.26141491532325745, 0.44350600242614746, 0.5090247392654419, 0.6068799495697021, 0.6416143178939819, 0.7374762892723083, 0.8436529636383057, 0.9206607341766357]",0,9,6,0.0,0.0,0.0,,0.0,0,9,6,0.0,0.0,0.0,,0.0,3,9,6,0.3333333333333333,0.5,0.4,0.015084296464920044,0.04525288939476013,6,9,6,0.6666666666666666,1.0,0.8,0.024354147414366405,0.14612488448619843,"[0.15337201952934265, 0.28002646565437317, 0.41989925503730774, 0.4916267991065979, 0.5725327134132385, 0.6218503713607788, 0.7580222487449646, 0.914168655872345]",1,8,6,0.125,0.16666666666666666,0.14285714285714288,0.004441201686859131,0.004441201686859131,4,8,6,0.5,0.6666666666666666,0.5714285714285715,0.007479671388864517,0.02991868555545807,4,8,6,0.5,0.6666666666666666,0.5714285714285715,0.007479671388864517,0.02991868555545807,6,8,6,0.75,1.0,0.8571428571428571,0.017868114014466602,0.10720868408679962
119,20119,90,17,10,28,"[0.042468342930078506, 0.10159064829349518, 0.1613546758890152, 0.21875718235969543, 0.2857014238834381, 0.3641197383403778, 0.41432586312294006, 0.47883132100105286, 0.5161144733428955, 0.5670335292816162, 0.6356486678123474, 0.6854809522628784, 0.7273948788642883, 0.7691052556037903, 0.8411766290664673, 0.8785071969032288, 0.9198287129402161]","[0.042468342930078506, 0.1613546758890152, 0.21875718235969543, 0.3641197383403778, 0.47883132100105286, 0.5670335292816162, 0.6356486678123474, 0.6854809522628784, 0.7273948788642883, 0.8411766290664673]","[0.020425111055374146, 0.0512939989566803, 0.08605371415615082, 0.1258930265903473, 0.1706937998533249, 0.21357305347919464, 0.2500170171260834, 0.2829062044620514, 0.3159332573413849, 0.3501865863800049, 0.38338711857795715, 0.4156957268714905, 0.44695955514907837, 0.47769519686698914, 0.5071536302566528, 0.5369601845741272, 0.567630410194397, 0.5997718572616577, 0.6322104334831238, 0.6645771861076355, 0.6981316208839417, 0.7328755855560303, 0.7668662667274475, 0.7985230684280396, 0.828436017036438, 0.8612086772918701, 0.8993016481399536, 0.9418712258338928]",0.01132243312895298,"[""ours_then_hard"", ""ours_then_hard"", ""ours_then_hard""]",17,7,0,1.4322901733976323e-05,True,"[15.7459, 17.202, 18.1209]",17.202,"[0.08248446881771088, 0.13062521815299988, 0.19966118037700653, 0.2183638960123062, 0.27436763048171997, 0.3453506529331207, 0.37846890091896057, 0.4233081340789795, 0.481006920337677, 0.492933064699173, 0.563521146774292, 0.5955297350883484, 0.6546251177787781, 0.7154822945594788, 0.7812362909317017, 0.8221034407615662, 0.850306510925293]",10,0,-7,1.816705844248645e-05,True,"[176.9638, 171.5694, 158.8425]",171.5694,"[0.0512939989566803, 0.1258930265903473, 0.21357305347919464, 0.2829062044620514, 0.3159332573413849, 0.47769519686698914, 0.567630410194397, 0.5997718572616577, 0.6645771861076355, 0.828436017036438]",18,"[0.07602081447839737, 0.1260765939950943, 0.1868218630552292, 0.20330214500427246, 0.27449744939804077, 0.3541485369205475, 0.39121168851852417, 0.43642517924308777, 0.48624202609062195, 0.49364882707595825, 0.571803629398346, 0.6108617782592773, 0.6793029308319092, 0.7336191534996033, 0.7875193357467651, 0.8210314512252808, 0.8502785563468933]",1,17,10,0.058823529411764705,0.1,0.07407407407407408,0.004770100116729736,0.004770100116729736,6,17,10,0.35294117647058826,0.6,0.4444444444444445,0.0072760383288065595,0.043656229972839355,7,17,10,0.4117647058823529,0.7,0.5185185185185185,0.008444466761180333,0.059111267328262336,10,17,10,0.5882352941176471,1.0,0.7407407407407407,0.021524767950177194,0.21524767950177193,"[0.047680702060461044, 0.12075340002775192, 0.19993959367275238, 0.28529056906700134, 0.32040566205978394, 0.4828389585018158, 0.576999843120575, 0.6162146925926208, 0.6888117790222168, 0.8264980316162109]",2,10,10,0.2,0.2,0.20000000000000004,0.003669232130050659,0.007338464260101318,4,10,10,0.4,0.4,0.4000000000000001,0.005629284307360649,0.022517137229442596,7,10,10,0.7,0.7,0.7,0.010778185512338365,0.07544729858636856,9,10,10,0.9,0.9,0.9,0.017751405636469524,0.1597626507282257
252,20252,91,19,12,28,"[0.046851422637701035, 0.09761418402194977, 0.14701008796691895, 0.2039579153060913, 0.2515583038330078, 0.3106682598590851, 0.3647228181362152, 0.4057528078556061, 0.4628886878490448, 0.5206801891326904, 0.5858985185623169, 0.616424560546875, 0.6576858162879944, 0.7024327516555786, 0.7475304007530212, 0.7886337637901306, 0.8485287427902222, 0.8965851068496704, 0.9590916037559509]","[0.046851422637701035, 0.14701008796691895, 0.2515583038330078, 0.3106682598590851, 0.3647228181362152, 0.4628886878490448, 0.5206801891326904, 0.616424560546875, 0.6576858162879944, 0.7475304007530212, 0.7886337637901306, 0.9590916037559509]","[0.01843426376581192, 0.047716349363327026, 0.08104544132947922, 0.11936100572347641, 0.162897527217865, 0.20398935675621033, 0.23977388441562653, 0.27302899956703186, 0.30625009536743164, 0.3388822674751282, 0.370845228433609, 0.40193551778793335, 0.4317651689052582, 0.4609645903110504, 0.48967164754867554, 0.520146906375885, 0.5504928231239319, 0.5805976390838623, 0.6110469102859497, 0.6422819495201111, 0.6755157113075256, 0.7125996947288513, 0.7517176866531372, 0.787729799747467, 0.8199284672737122, 0.8541774153709412, 0.8947339057922363, 0.9395895600318909]",0.015720859169960022,"[""hard_then_ours"", ""ours_then_hard"", ""hard_then_ours""]",15,3,-4,9.23067782423459e-05,False,"[13.0158, 17.1737, 15.5588]",15.5588,"[0.12391708046197891, 0.18449874222278595, 0.20840270817279816, 0.24747808277606964, 0.3865116834640503, 0.3996552526950836, 0.4602711498737335, 0.5145445466041565, 0.5460762977600098, 0.585868775844574, 0.6028175354003906, 0.7251072525978088, 0.7923658490180969, 0.8096595406532288, 0.8386831283569336]",13,1,-6,2.276074701512698e-05,True,"[149.5705, 141.3363, 171.6307]",149.5705,"[0.08104544132947922, 0.11936100572347641, 0.162897527217865, 0.23977388441562653, 0.27302899956703186, 0.3388822674751282, 0.370845228433609, 0.6422819495201111, 0.6755157113075256, 0.7517176866531372, 0.8199284672737122, 0.8541774153709412, 0.9395895600318909]",15,"[0.09957286715507507, 0.1609983891248703, 0.18142300844192505, 0.22333569824695587, 0.3673706352710724, 0.3808577358722687, 0.4435511827468872, 0.5071172118186951, 0.5467924475669861, 0.5849331617355347, 0.6004608869552612, 0.7160806655883789, 0.7845336198806763, 0.8047555088996887, 0.8333197236061096]",2,15,12,0.13333333333333333,0.16666666666666666,0.14814814814814814,0.0033739805221557617,0.0067479610443115234,2,15,12,0.13333333333333333,0.16666666666666666,0.14814814814814814,0.0033739805221557617,0.0067479610443115234,6,15,12,0.4,0.5,0.4444444444444445,0.0116000697016716,0.0696004182100296,8,15,12,0.5333333333333333,0.6666666666666666,0.5925925925925926,0.02228117547929287,0.17824940383434296,"[0.06295456737279892, 0.0944460928440094, 0.14285370707511902, 0.2134581059217453, 0.25140509009361267, 0.31384286284446716, 0.354118287563324, 0.6327546834945679, 0.661253809928894, 0.7402392029762268, 0.8163560628890991, 0.8536422252655029, 0.9483023881912231]",4,13,12,0.3076923076923077,0.3333333333333333,0.32,0.0027630478143692017,0.011052191257476807,5,13,12,0.38461538461538464,0.4166666666666667,0.4,0.003668677806854248,0.01834338903427124,9,13,12,0.6923076923076923,0.75,0.7199999999999999,0.008018933650520112,0.07217040285468102,10,13,12,0.7692307692307693,0.8333333333333334,0.8,0.013783968612551689,0.1378396861255169
153,20153,92,8,5,28,"[0.13399478793144226, 0.19238603115081787, 0.3188275992870331, 0.378017395734787, 0.4495698809623718, 0.5820162892341614, 0.7314187288284302, 0.8552567958831787]","[0.13399478793144226, 0.378017395734787, 0.4495698809623718, 0.5820162892341614, 0.8552567958831787]","[0.020073039457201958, 0.05073712766170502, 0.08494223654270172, 0.12333528697490692, 0.16499006748199463, 0.20546956360340118, 0.2411314696073532, 0.2755233645439148, 0.30789467692375183, 0.3400280475616455, 0.37144532799720764, 0.4021587669849396, 0.4328044354915619, 0.46358221769332886, 0.49397507309913635, 0.5240663290023804, 0.5539880990982056, 0.5839594006538391, 0.614284098148346, 0.645487904548645, 0.6781746745109558, 0.7128138542175293, 0.74863201379776, 0.7831804156303406, 0.8164116144180298, 0.852138102054596, 0.8929045796394348, 0.9381285309791565]",0.01664871536195278,"[""hard_then_ours"", ""ours_then_hard"", ""hard_then_ours""]",7,2,-1,1.7724591089063324e-05,True,"[17.8717, 18.8374, 15.1934]",17.8717,"[0.26720038056373596, 0.3931972086429596, 0.4956427812576294, 0.5875602960586548, 0.6916607022285461, 0.7802305221557617, 0.8322140574455261]",4,-1,-4,2.32236270676367e-05,True,"[217.8422, 212.6629, 232.511]",217.8422,"[0.08494223654270172, 0.4328044354915619, 0.46358221769332886, 0.74863201379776]",24,"[0.2556750476360321, 0.377375066280365, 0.4692327380180359, 0.5769015550613403, 0.699531614780426, 0.80162513256073, 0.8500204086303711]",1,7,5,0.14285714285714285,0.2,0.16666666666666666,0.0006423294544219971,0.0006423294544219971,3,7,5,0.42857142857142855,0.6,0.5,0.003664483626683553,0.01099345088005066,4,7,5,0.5714285714285714,0.8,0.6666666666666666,0.00766407698392868,0.03065630793571472,4,7,5,0.5714285714285714,0.8,0.6666666666666666,0.00766407698392868,0.03065630793571472,"[0.06598418951034546, 0.40876561403274536, 0.4388143718242645, 0.7689387202262878]",0,4,5,0.0,0.0,0.0,,0.0,0,4,5,0.0,0.0,0.0,,0.0,1,4,5,0.25,0.2,0.22222222222222224,0.0107555091381073,0.0107555091381073,2,4,5,0.5,0.4,0.4444444444444445,0.020751863718032837,0.041503727436065674
411,20411,93,15,11,28,"[0.052622854709625244, 0.10735096782445908, 0.19308361411094666, 0.2645745873451233, 0.3064974248409271, 0.3928203582763672, 0.46233469247817993, 0.5405153632164001, 0.6199432611465454, 0.6671552062034607, 0.7229301929473877, 0.7616379261016846, 0.8483825325965881, 0.894283652305603, 0.9461936950683594]","[0.052622854709625244, 0.3064974248409271, 0.3928203582763672, 0.46233469247817993, 0.5405153632164001, 0.6671552062034607, 0.7229301929473877, 0.7616379261016846, 0.8483825325965881, 0.894283652305603, 0.9461936950683594]","[0.019560562446713448, 0.04884546250104904, 0.0830465629696846, 0.12149928510189056, 0.16513226926326752, 0.2052951157093048, 0.24092701077461243, 0.27395278215408325, 0.30694589018821716, 0.3388364315032959, 0.371249258518219, 0.4038594365119934, 0.43524616956710815, 0.4670668840408325, 0.49931949377059937, 0.5319194793701172, 0.5641994476318359, 0.5961858630180359, 0.6284684538841248, 0.6616596579551697, 0.6957651972770691, 0.7307984828948975, 0.7648398876190186, 0.7962730526924133, 0.8268352746963501, 0.860455334186554, 0.8986472487449646, 0.9412678480148315]",0.027663402259349823,"[""ours_then_hard"", ""ours_then_hard"", ""hard_then_ours""]",10,-1,-5,4.272339356248267e-05,False,"[14.0247, 19.8831, 15.5395]",15.5395,"[0.10730428248643875, 0.15875127911567688, 0.23659862577915192, 0.31268802285194397, 0.4968019127845764, 0.5698904991149902, 0.6436828374862671, 0.7318342328071594, 0.7851506471633911, 0.8354793190956116]",9,-2,-6,2.37431322602788e-05,True,"[176.2013, 211.5635, 184.8564]",184.8564,"[0.04884546250104904, 0.371249258518219, 0.4038594365119934, 0.49931949377059937, 0.5961858630180359, 0.6957651972770691, 0.7307984828948975, 0.7962730526924133, 0.8268352746963501]",19,"[0.08299806714057922, 0.12779787182807922, 0.20513540506362915, 0.270820677280426, 0.455393522977829, 0.5401753187179565, 0.6219072341918945, 0.7175748944282532, 0.7742311954498291, 0.8378938436508179]",1,10,11,0.1,0.09090909090909091,0.09523809523809525,0.0003400444984436035,0.0003400444984436035,3,10,11,0.3,0.2727272727272727,0.28571428571428564,0.004212170839309692,0.012636512517929077,5,10,11,0.5,0.45454545454545453,0.47619047619047616,0.007143694162368775,0.03571847081184387,8,10,11,0.8,0.7272727272727273,0.761904761904762,0.01837730035185814,0.1470184028148651,"[0.0318855345249176, 0.3254055678844452, 0.3650871515274048, 0.4584214687347412, 0.5717638731002808, 0.6790726780891418, 0.7169204950332642, 0.7875321507453918, 0.8254539370536804]",1,9,11,0.1111111111111111,0.09090909090909091,0.09999999999999999,0.003913223743438721,0.003913223743438721,2,9,11,0.2222222222222222,0.18181818181818182,0.19999999999999998,0.004961460828781128,0.009922921657562256,4,9,11,0.4444444444444444,0.36363636363636365,0.39999999999999997,0.010187134146690369,0.040748536586761475,9,9,11,1.0,0.8181818181818182,0.9,0.018810043732325237,0.16929039359092712
923,20923,94,17,11,28,"[0.05329957976937294, 0.12976205348968506, 0.1752503514289856, 0.22652578353881836, 0.27867284417152405, 0.35209569334983826, 0.4225994944572449, 0.4642089307308197, 0.5162478685379028, 0.5717214941978455, 0.6237197518348694, 0.6983214616775513, 0.7327882647514343, 0.7884594202041626, 0.8491306900978088, 0.8939911127090454, 0.9522001147270203]","[0.05329957976937294, 0.1752503514289856, 0.22652578353881836, 0.35209569334983826, 0.4225994944572449, 0.4642089307308197, 0.5717214941978455, 0.6983214616775513, 0.7327882647514343, 0.7884594202041626, 0.9522001147270203]","[0.019058819860219955, 0.047728829085826874, 0.08057579398155212, 0.11788433790206909, 0.16033527255058289, 0.19884532690048218, 0.23529726266860962, 0.2673569321632385, 0.2980111241340637, 0.32898974418640137, 0.35961705446243286, 0.38971832394599915, 0.41888099908828735, 0.45059388875961304, 0.48143866658210754, 0.5123289823532104, 0.5443021655082703, 0.576991617679596, 0.6098397970199585, 0.6425462365150452, 0.676360547542572, 0.7129094004631042, 0.7506812214851379, 0.7855116724967957, 0.8176608085632324, 0.8521398901939392, 0.8924317955970764, 0.937817394733429]",0.009453780017793179,"[""hard_then_ours"", ""hard_then_ours"", ""ours_then_hard""]",15,4,-2,3.6543799069477245e-05,False,"[11.7159, 18.3723, 18.4501]",18.3723,"[0.11357998102903366, 0.15398146212100983, 0.1932147741317749, 0.25403550267219543, 0.30252334475517273, 0.3731069564819336, 0.46968212723731995, 0.5140783190727234, 0.5932002663612366, 0.6588709354400635, 0.7215659022331238, 0.7829118371009827, 0.8030176162719727, 0.8518270254135132, 0.8989894986152649]",13,2,-4,2.2534213712788187e-05,True,"[163.2589, 143.8099, 148.7678]",148.7678,"[0.11788433790206909, 0.19884532690048218, 0.2673569321632385, 0.32898974418640137, 0.41888099908828735, 0.45059388875961304, 0.48143866658210754, 0.5443021655082703, 0.7129094004631042, 0.7506812214851379, 0.7855116724967957, 0.8521398901939392, 0.937817394733429]",15,"[0.1061462014913559, 0.14726001024246216, 0.19401639699935913, 0.2569020092487335, 0.3196316063404083, 0.39256665110588074, 0.47958508133888245, 0.5228731632232666, 0.5970399975776672, 0.6594399809837341, 0.7162532806396484, 0.7790709137916565, 0.8053657412528992, 0.8649082779884338, 0.9071680307388306]",0,15,11,0.0,0.0,0.0,,0.0,1,15,11,0.06666666666666667,0.09090909090909091,0.07692307692307691,0.009388506412506104,0.009388506412506104,4,15,11,0.26666666666666666,0.36363636363636365,0.30769230769230765,0.015365630388259888,0.06146252155303955,10,15,11,0.6666666666666666,0.9090909090909091,0.7692307692307692,0.029705819487571717,0.29705819487571716,"[0.11021524667739868, 0.19971485435962677, 0.2760336399078369, 0.3499121367931366, 0.4301713705062866, 0.4638202488422394, 0.48802369832992554, 0.5544838309288025, 0.7070480585098267, 0.7442012429237366, 0.7818586230278015, 0.8652169108390808, 0.9450414776802063]",2,13,11,0.15384615384615385,0.18181818181818182,0.16666666666666669,0.0012861192226409912,0.0025722384452819824,6,13,11,0.46153846153846156,0.5454545454545454,0.4999999999999999,0.005438357591629028,0.03263014554977417,8,13,11,0.6153846153846154,0.7272727272727273,0.6666666666666667,0.007660098373889923,0.061280786991119385,10,13,11,0.7692307692307693,0.9090909090909091,0.8333333333333333,0.013525314629077911,0.1352531462907791
179,20179,95,14,9,28,"[0.08718147873878479, 0.16650967299938202, 0.24486872553825378, 0.33911052346229553, 0.37786853313446045, 0.4342600107192993, 0.47954410314559937, 0.5186289548873901, 0.5558514595031738, 0.6487624049186707, 0.7248827219009399, 0.7949514985084534, 0.8427397012710571, 0.905850350856781]","[0.08718147873878479, 0.16650967299938202, 0.37786853313446045, 0.4342600107192993, 0.47954410314559937, 0.5186289548873901, 0.5558514595031738, 0.7248827219009399, 0.8427397012710571]","[0.01867801696062088, 0.04703909158706665, 0.07910342514514923, 0.11614038050174713, 0.15776926279067993, 0.1989458054304123, 0.23273654282093048, 0.26705554127693176, 0.3001248836517334, 0.3321133553981781, 0.36320367455482483, 0.3939101994037628, 0.4256346523761749, 0.4580666720867157, 0.4899969696998596, 0.5212817192077637, 0.5521852970123291, 0.5833718180656433, 0.6154459714889526, 0.648331880569458, 0.6826605796813965, 0.7186989188194275, 0.755072832107544, 0.78956538438797, 0.8222320079803467, 0.8569138050079346, 0.8963062763214111, 0.9400914907455444]",0.009236501529812813,"[""hard_then_ours"", ""ours_then_hard"", ""hard_then_ours""]",10,1,-4,4.16129914810881e-05,False,"[18.3072, 15.5999, 18.2252]",18.2252,"[0.24951422214508057, 0.386543333530426, 0.42014604806900024, 0.4764183759689331, 0.546654224395752, 0.6185548901557922, 0.6869760751724243, 0.7421412467956543, 0.7692319750785828, 0.8021150231361389]",10,1,-4,1.9265697119408287e-05,True,"[171.8544, 197.5455, 191.0471]",191.0471,"[0.23273654282093048, 0.26705554127693176, 0.3939101994037628, 0.4580666720867157, 0.5212817192077637, 0.648331880569458, 0.6826605796813965, 0.78956538438797, 0.8222320079803467, 0.8963062763214111]",18,"[0.26204150915145874, 0.38999131321907043, 0.4238158166408539, 0.4748552441596985, 0.5474126935005188, 0.6227198839187622, 0.7013272643089294, 0.7541980743408203, 0.7819045186042786, 0.8132854104042053]",1,10,9,0.1,0.1111111111111111,0.10526315789473685,0.004688858985900879,0.004688858985900879,2,10,9,0.2,0.2222222222222222,0.2105263157894737,0.006563812494277954,0.013127624988555908,4,10,9,0.4,0.4444444444444444,0.4210526315789474,0.008923649787902832,0.03569459915161133,6,10,9,0.6,0.6666666666666666,0.631578947368421,0.01817488670349121,0.10904932022094727,"[0.2378445714712143, 0.2828328311443329, 0.3991658091545105, 0.458030104637146, 0.5232782363891602, 0.657699704170227, 0.6968920230865479, 0.8000228404998779, 0.8358557224273682, 0.9052928686141968]",1,10,9,0.1,0.1111111111111111,0.10526315789473685,0.0046492815017700195,0.0046492815017700195,2,10,9,0.2,0.2222222222222222,0.2105263157894737,0.005766630172729492,0.011533260345458984,2,10,9,0.2,0.2222222222222222,0.2105263157894737,0.005766630172729492,0.011533260345458984,5,10,9,0.5,0.5555555555555556,0.5263157894736842,0.03190181255340576,0.1595090627670288
958,20958,96,4,3,28,"[0.23819151520729065, 0.38563022017478943, 0.4903538227081299, 0.6875443458557129]","[0.23819151520729065, 0.4903538227081299, 0.6875443458557129]","[0.017817694693803787, 0.044719092547893524, 0.07514756917953491, 0.10986106842756271, 0.1484622210264206, 0.18718476593494415, 0.22281229496002197, 0.25517329573631287, 0.2856982350349426, 0.31631433963775635, 0.3467886447906494, 0.3773350119590759, 0.407723069190979, 0.4380779266357422, 0.4681829512119293, 0.4983868896961212, 0.5291098952293396, 0.5605701804161072, 0.5931068062782288, 0.6269628405570984, 0.662408173084259, 0.6996089220046997, 0.7379341721534729, 0.7746565937995911, 0.809285044670105, 0.8456946611404419, 0.8875717520713806, 0.9348079562187195]",0.029646482318639755,"[""ours_then_hard"", ""ours_then_hard"", ""hard_then_ours""]",4,1,0,8.883813279680908e-05,False,"[21.5151, 21.325, 19.2996]",21.325,"[0.35455769300460815, 0.6520864367485046, 0.7477544546127319, 0.79709392786026]",7,4,3,2.0971650883438997e-05,True,"[264.1873, 210.6673, 246.1361]",246.1361,"[0.10986106842756271, 0.22281229496002197, 0.4983868896961212, 0.5605701804161072, 0.6269628405570984, 0.7379341721534729, 0.7746565937995911]",21,"[0.30233949422836304, 0.6309650540351868, 0.7389452457427979, 0.7856089472770691]",0,4,3,0.0,0.0,0.0,,0.0,0,4,3,0.0,0.0,0.0,,0.0,0,4,3,0.0,0.0,0.0,,0.0,0,4,3,0.0,0.0,0.0,,0.0,"[0.08939968049526215, 0.17492635548114777, 0.45992884039878845, 0.5377389192581177, 0.6017577052116394, 0.7303850054740906, 0.7636712789535522]",0,7,3,0.0,0.0,0.0,,0.0,0,7,3,0.0,0.0,0.0,,0.0,0,7,3,0.0,0.0,0.0,,0.0,2,7,3,0.2857142857142857,0.6666666666666666,0.4,0.03663282096385956,0.07326564192771912
708,20708,97,4,2,28,"[0.3328033685684204, 0.5477770566940308, 0.7654151916503906, 0.9138984084129333]","[0.7654151916503906, 0.9138984084129333]","[0.019001547247171402, 0.04787416756153107, 0.08070097118616104, 0.11806502938270569, 0.15858261287212372, 0.1983877718448639, 0.23408296704292297, 0.2667938470840454, 0.2987452745437622, 0.33076199889183044, 0.36258983612060547, 0.3943054676055908, 0.42583027482032776, 0.4571444094181061, 0.488193541765213, 0.5193462371826172, 0.550751805305481, 0.5824401378631592, 0.6144827604293823, 0.6470087766647339, 0.6808295249938965, 0.7164630889892578, 0.752819836139679, 0.7872982025146484, 0.8200151324272156, 0.8550282716751099, 0.8950437307357788, 0.9394048452377319]",0.025836190208792686,"[""hard_then_ours"", ""hard_then_ours"", ""ours_then_hard""]",4,2,0,1.4187652595865075e-05,True,"[21.1214, 16.8559, 22.6209]",21.1214,"[0.3693462312221527, 0.5846354961395264, 0.682107150554657, 0.8109182715415955]",3,1,-1,1.4988265320425853e-05,True,"[222.694, 256.9247, 234.7767]",234.7767,"[0.6470087766647339, 0.8950437307357788, 0.9394048452377319]",25,"[0.380888432264328, 0.6169726848602295, 0.7214553952217102, 0.8502136468887329]",0,4,2,0.0,0.0,0.0,,0.0,0,4,2,0.0,0.0,0.0,,0.0,0,4,2,0.0,0.0,0.0,,0.0,1,4,2,0.25,0.5,0.3333333333333333,0.04395979642868042,0.04395979642868042,"[0.6903014779090881, 0.9251980781555176, 0.9589033722877502]",0,3,2,0.0,0.0,0.0,,0.0,0,3,2,0.0,0.0,0.0,,0.0,1,3,2,0.3333333333333333,0.5,0.4,0.011299669742584229,0.011299669742584229,1,3,2,0.3333333333333333,0.5,0.4,0.011299669742584229,0.011299669742584229
193,20193,98,17,9,28,"[0.06818045675754547, 0.12275552749633789, 0.18608203530311584, 0.25697463750839233, 0.29718729853630066, 0.3308553099632263, 0.37516993284225464, 0.43469858169555664, 0.49149301648139954, 0.561722457408905, 0.608954906463623, 0.6748530864715576, 0.7368022203445435, 0.7844465374946594, 0.8464516997337341, 0.8895785808563232, 0.9300723671913147]","[0.12275552749633789, 0.25697463750839233, 0.29718729853630066, 0.37516993284225464, 0.43469858169555664, 0.608954906463623, 0.7368022203445435, 0.7844465374946594, 0.8464516997337341]","[0.01943887025117874, 0.050179172307252884, 0.08486013859510422, 0.12487764656543732, 0.16889141499996185, 0.20985065400600433, 0.2448066920042038, 0.27800893783569336, 0.31094682216644287, 0.3431224524974823, 0.37404659390449524, 0.40425869822502136, 0.43440139293670654, 0.46685901284217834, 0.498744398355484, 0.5299976468086243, 0.5606937408447266, 0.5909814238548279, 0.6221003532409668, 0.6539380550384521, 0.6866551041603088, 0.7205450534820557, 0.7541448473930359, 0.7877227663993835, 0.8187282681465149, 0.8514328002929688, 0.8909847140312195, 0.9366055727005005]",0.017704635858535767,"[""hard_then_ours"", ""hard_then_ours"", ""ours_then_hard""]",13,4,-4,2.249996214231942e-05,True,"[16.5696, 17.1969, 14.6918]",16.5696,"[0.15380296111106873, 0.18969610333442688, 0.3442348539829254, 0.36469554901123047, 0.4509536325931549, 0.5754298567771912, 0.6231136918067932, 0.686423122882843, 0.7169492840766907, 0.7723669409751892, 0.824709951877594, 0.8544202446937561, 0.8980219960212708]",10,1,-7,1.421925571776228e-05,True,"[196.4981, 190.415, 157.8768]",190.415,"[0.16889141499996185, 0.27800893783569336, 0.31094682216644287, 0.3431224524974823, 0.5299976468086243, 0.5909814238548279, 0.6221003532409668, 0.6866551041603088, 0.7877227663993835, 0.8187282681465149]",18,"[0.1420889049768448, 0.17704054713249207, 0.3336503505706787, 0.35001349449157715, 0.42315518856048584, 0.549597978591919, 0.6059651374816895, 0.6784765124320984, 0.7071278095245361, 0.769214928150177, 0.8272724747657776, 0.8593975901603699, 0.9112018346786499]",1,13,9,0.07692307692307693,0.1111111111111111,0.09090909090909093,0.0029897689819335938,0.0029897689819335938,1,13,9,0.07692307692307693,0.1111111111111111,0.09090909090909093,0.0029897689819335938,0.0029897689819335938,5,13,9,0.38461538461538464,0.5555555555555556,0.4545454545454546,0.013655474781990052,0.06827737390995026,8,13,9,0.6153846153846154,0.8888888888888888,0.7272727272727274,0.01994640938937664,0.15957127511501312,"[0.1582445353269577, 0.2630593180656433, 0.2955191135406494, 0.3320241868495941, 0.49293309450149536, 0.5696173310279846, 0.6052200198173523, 0.6787123680114746, 0.7836606502532959, 0.8202269077301025]",3,10,9,0.3,0.3333333333333333,0.3157894736842105,0.0020629862944285073,0.0061889588832855225,4,10,9,0.4,0.4444444444444444,0.4210526315789474,0.0030684098601341248,0.012273639440536499,4,10,9,0.4,0.4444444444444444,0.4210526315789474,0.0030684098601341248,0.012273639440536499,7,10,9,0.7,0.7777777777777778,0.7368421052631577,0.029766284993716648,0.20836399495601654
906,20906,99,19,11,28,"[0.054191626608371735, 0.12276557832956314, 0.1775394082069397, 0.24395164847373962, 0.30429255962371826, 0.3348139524459839, 0.3789883852005005, 0.42407333850860596, 0.4666689336299896, 0.5201264023780823, 0.5805886387825012, 0.6250293254852295, 0.6891475915908813, 0.7531285881996155, 0.7844182848930359, 0.8414480686187744, 0.8760603070259094, 0.9277893900871277, 0.9619375467300415]","[0.1775394082069397, 0.24395164847373962, 0.30429255962371826, 0.3789883852005005, 0.42407333850860596, 0.5201264023780823, 0.5805886387825012, 0.6250293254852295, 0.7844182848930359, 0.8414480686187744, 0.9619375467300415]","[0.020818088203668594, 0.05296407639980316, 0.08899001032114029, 0.1313178688287735, 0.17622897028923035, 0.21922504901885986, 0.2560756802558899, 0.2900592088699341, 0.3222050368785858, 0.352329283952713, 0.381771057844162, 0.4124985933303833, 0.4419346749782562, 0.47047412395477295, 0.4984011948108673, 0.5262671113014221, 0.5545732975006104, 0.586463451385498, 0.6186143159866333, 0.6513150334358215, 0.685690701007843, 0.7217391729354858, 0.7587295770645142, 0.7929981350898743, 0.8236713409423828, 0.8564121127128601, 0.8954739570617676, 0.9396536946296692]",0.015871427953243256,"[""hard_then_ours"", ""ours_then_hard"", ""hard_then_ours""]",15,4,-4,0.0001716648694127798,False,"[21.3703, 21.3554, 20.4238]",21.3554,"[0.23040765523910522, 0.3162913918495178, 0.3837357461452484, 0.4519597887992859, 0.4854552447795868, 0.5188064575195312, 0.5842421650886536, 0.6164082884788513, 0.6496119499206543, 0.6868772506713867, 0.7768924236297607, 0.8022974729537964, 0.8338034749031067, 0.8418456315994263, 0.8953512907028198]",16,5,-3,2.2714511942467652e-05,True,"[163.2999, 139.0479, 185.9188]",163.2999,"[0.08899001032114029, 0.21922504901885986, 0.2560756802558899, 0.2900592088699341, 0.3222050368785858, 0.381771057844162, 0.4419346749782562, 0.4984011948108673, 0.5262671113014221, 0.5545732975006104, 0.6186143159866333, 0.685690701007843, 0.7929981350898743, 0.8236713409423828, 0.8954739570617676, 0.9396536946296692]",12,"[0.21708659827709198, 0.32295534014701843, 0.3878138065338135, 0.46211692690849304, 0.4972306787967682, 0.5241913795471191, 0.5959504246711731, 0.6343560814857483, 0.6741695404052734, 0.7202131748199463, 0.802173376083374, 0.822783350944519, 0.8452284336090088, 0.8514506816864014, 0.8926805257797241]",2,15,11,0.13333333333333333,0.18181818181818182,0.15384615384615383,0.00392267107963562,0.00784534215927124,4,15,11,0.26666666666666666,0.36363636363636365,0.30769230769230765,0.006499379873275757,0.025997519493103027,7,15,11,0.4666666666666667,0.6363636363636364,0.5384615384615385,0.013237361397062029,0.0926615297794342,9,15,11,0.6,0.8181818181818182,0.6923076923076923,0.02100922829575009,0.1890830546617508,"[0.07162296772003174, 0.20522184669971466, 0.24433057010173798, 0.2902836799621582, 0.32908764481544495, 0.38540250062942505, 0.4500868022441864, 0.5070738792419434, 0.5291217565536499, 0.5595958828926086, 0.6373538970947266, 0.7180971503257751, 0.815126895904541, 0.839595377445221, 0.8927724957466125, 0.9410730600357056]",2,16,11,0.125,0.18181818181818182,0.14814814814814814,0.0011158064007759094,0.002231612801551819,4,16,11,0.25,0.36363636363636365,0.2962962962962963,0.004410270601511002,0.017641082406044006,6,16,11,0.375,0.5454545454545454,0.4444444444444444,0.008005283772945404,0.048031702637672424,11,16,11,0.6875,1.0,0.8148148148148148,0.02094885977831754,0.23043745756149292
112,20112,100,20,10,28,"[0.043586086481809616, 0.10147725045681, 0.16257533431053162, 0.221307173371315, 0.26663219928741455, 0.3321005702018738, 0.3775182366371155, 0.44435495138168335, 0.48637655377388, 0.52970290184021, 0.5638832449913025, 0.6028672456741333, 0.6505807638168335, 0.6831967234611511, 0.7184041738510132, 0.7504256963729858, 0.7850064635276794, 0.8467096090316772, 0.9026085734367371, 0.9398936629295349]","[0.043586086481809616, 0.221307173371315, 0.3321005702018738, 0.3775182366371155, 0.48637655377388, 0.5638832449913025, 0.6028672456741333, 0.6831967234611511, 0.7184041738510132, 0.8467096090316772]","[0.018627243116497993, 0.04639048874378204, 0.07748445123434067, 0.11293975263834, 0.1519087702035904, 0.1917261779308319, 0.22705449163913727, 0.25851455330848694, 0.28815704584121704, 0.3190861940383911, 0.3494965434074402, 0.3797653913497925, 0.40943920612335205, 0.4387926459312439, 0.4678780436515808, 0.49745604395866394, 0.5299668908119202, 0.564152717590332, 0.5980790853500366, 0.6317001581192017, 0.666080117225647, 0.7018502354621887, 0.739924967288971, 0.7769651412963867, 0.8104141354560852, 0.845247745513916, 0.8870805501937866, 0.9343900680541992]",0.014031672850251198,"[""ours_then_hard"", ""hard_then_ours"", ""hard_then_ours""]",8,-2,-12,8.450970199191943e-05,False,"[18.4284, 19.9554, 16.7358]",18.4284,"[0.24696755409240723, 0.4015815556049347, 0.4736383259296417, 0.5774486064910889, 0.6274900436401367, 0.7312869429588318, 0.7977967262268066, 0.8655678033828735]",11,1,-9,2.012334152823314e-05,True,"[166.4617, 161.1147, 180.5738]",166.4617,"[0.07748445123434067, 0.22705449163913727, 0.3190861940383911, 0.3797653913497925, 0.40943920612335205, 0.564152717590332, 0.5980790853500366, 0.666080117225647, 0.7018502354621887, 0.8104141354560852, 0.9343900680541992]",17,"[0.2413376271724701, 0.4280126690864563, 0.49923157691955566, 0.5902857184410095, 0.6419903635978699, 0.7367061376571655, 0.801611065864563, 0.8817856311798096]",0,8,10,0.0,0.0,0.0,,0.0,0,8,10,0.0,0.0,0.0,,0.0,3,8,10,0.375,0.3,0.33333333333333326,0.01457950472831726,0.04373851418495178,6,8,10,0.75,0.6,0.6666666666666665,0.026968595882256825,0.16181157529354095,"[0.06496397405862808, 0.22103065252304077, 0.32276031374931335, 0.3996450901031494, 0.43828171491622925, 0.5790992379188538, 0.6133787035942078, 0.6785986423492432, 0.7119042873382568, 0.8151960372924805, 0.946239173412323]",2,11,10,0.18181818181818182,0.2,0.1904761904761905,0.002437300980091095,0.00487460196018219,4,11,10,0.36363636363636365,0.4,0.380952380952381,0.005178686231374741,0.020714744925498962,6,11,10,0.5454545454545454,0.6,0.5714285714285713,0.007740365962187449,0.046442195773124695,10,11,10,0.9090909090909091,1.0,0.9523809523809523,0.016955534741282464,0.16955534741282463
938,20938,101,15,8,28,"[0.07615131139755249, 0.1115666925907135, 0.16768595576286316, 0.252338707447052, 0.33491402864456177, 0.4045030176639557, 0.4452018141746521, 0.4910826086997986, 0.56862473487854, 0.6624224781990051, 0.751883864402771, 0.8059374094009399, 0.8453287482261658, 0.8836240172386169, 0.9395260214805603]","[0.1115666925907135, 0.252338707447052, 0.33491402864456177, 0.4452018141746521, 0.4910826086997986, 0.56862473487854, 0.6624224781990051, 0.751883864402771]","[0.02022266760468483, 0.05110550299286842, 0.08597332239151001, 0.12596318125724792, 0.16928762197494507, 0.21113954484462738, 0.24921606481075287, 0.2851097285747528, 0.3193050026893616, 0.3528960049152374, 0.38600262999534607, 0.41947412490844727, 0.451751708984375, 0.48263588547706604, 0.512519359588623, 0.5423584580421448, 0.5726234912872314, 0.6032198071479797, 0.6342604756355286, 0.6662163734436035, 0.7000744938850403, 0.7353761792182922, 0.7693973183631897, 0.8004059791564941, 0.8308162689208984, 0.8640522360801697, 0.9014102816581726, 0.9429861903190613]",0.013707730919122696,"[""ours_then_hard"", ""hard_then_ours"", ""ours_then_hard""]",7,-1,-8,7.38744274713099e-05,False,"[19.9703, 20.2724, 19.3951]",19.9703,"[0.21268725395202637, 0.3644397556781769, 0.41883715987205505, 0.5105355381965637, 0.5854114890098572, 0.7083029747009277, 0.8157049417495728]",9,1,-6,2.4899180061765946e-05,True,"[188.5253, 173.801, 195.6818]",188.5253,"[0.12596318125724792, 0.2851097285747528, 0.3193050026893616, 0.3528960049152374, 0.48263588547706604, 0.6032198071479797, 0.6342604756355286, 0.7693973183631897, 0.8004059791564941]",19,"[0.1903519332408905, 0.3598528504371643, 0.4140142500400543, 0.5023964047431946, 0.581129252910614, 0.7210408449172974, 0.8382919430732727]",0,7,8,0.0,0.0,0.0,,0.0,0,7,8,0.0,0.0,0.0,,0.0,2,7,8,0.2857142857142857,0.25,0.26666666666666666,0.011909157037734985,0.02381831407546997,5,7,8,0.7142857142857143,0.625,0.6666666666666666,0.022157543897628786,0.11078771948814392,"[0.11187135428190231, 0.2706960141658783, 0.31327569484710693, 0.34757623076438904, 0.47201576828956604, 0.603344202041626, 0.6366963386535645, 0.7899919152259827, 0.826026976108551]",1,9,8,0.1111111111111111,0.125,0.11764705882352941,0.00030466169118881226,0.00030466169118881226,1,9,8,0.1111111111111111,0.125,0.11764705882352941,0.00030466169118881226,0.00030466169118881226,4,9,8,0.4444444444444444,0.5,0.47058823529411764,0.01259775273501873,0.05039101094007492,7,9,8,0.7777777777777778,0.875,0.823529411764706,0.023666844836303165,0.16566791385412216
920,20920,102,16,9,28,"[0.07464045286178589, 0.11916221678256989, 0.15533041954040527, 0.20853404700756073, 0.2471679151058197, 0.3096052408218384, 0.3854482173919678, 0.4547483026981354, 0.5132133960723877, 0.5531917810440063, 0.62779700756073, 0.7026907801628113, 0.7524657249450684, 0.8103721737861633, 0.8832764625549316, 0.9487314820289612]","[0.11916221678256989, 0.20853404700756073, 0.2471679151058197, 0.4547483026981354, 0.5132133960723877, 0.62779700756073, 0.7524657249450684, 0.8103721737861633, 0.9487314820289612]","[0.020325224846601486, 0.051628343760967255, 0.08735989779233932, 0.12814399600028992, 0.17334836721420288, 0.21589282155036926, 0.2532486021518707, 0.28429585695266724, 0.31618648767471313, 0.3486582040786743, 0.38060295581817627, 0.4110807180404663, 0.4406290054321289, 0.46937796473503113, 0.4982050657272339, 0.5281274318695068, 0.5572438836097717, 0.5863680839538574, 0.615894615650177, 0.6465152502059937, 0.6792911291122437, 0.7145094871520996, 0.751702606678009, 0.7873856425285339, 0.8197140693664551, 0.8538171648979187, 0.8943325281143188, 0.9394212961196899]",0.021098364144563675,"[""ours_then_hard"", ""ours_then_hard"", ""ours_then_hard""]",12,3,-4,3.087123695877381e-05,False,"[17.3494, 18.4937, 18.567]",18.4937,"[0.12397269904613495, 0.17485636472702026, 0.23372213542461395, 0.2538786828517914, 0.37180933356285095, 0.4661864936351776, 0.5795586109161377, 0.6786393523216248, 0.7400403618812561, 0.8155994415283203, 0.8372768759727478, 0.8540633916854858]",10,1,-6,1.979248372663278e-05,True,"[204.2796, 177.4947, 183.8254]",183.8254,"[0.12814399600028992, 0.21589282155036926, 0.28429585695266724, 0.3486582040786743, 0.4982050657272339, 0.5281274318695068, 0.6792911291122437, 0.7145094871520996, 0.751702606678009, 0.8538171648979187]",18,"[0.10466181486845016, 0.1477142870426178, 0.20360589027404785, 0.225936621427536, 0.33801212906837463, 0.4396522343158722, 0.5575660467147827, 0.672113299369812, 0.734023928642273, 0.8186177611351013, 0.8443880677223206, 0.8621485233306885]",1,12,9,0.08333333333333333,0.1111111111111111,0.09523809523809525,0.004928156733512878,0.004928156733512878,2,12,9,0.16666666666666666,0.2222222222222222,0.1904761904761905,0.006586872041225433,0.013173744082450867,5,12,9,0.4166666666666667,0.5555555555555556,0.4761904761904762,0.012242402136325835,0.06121201068162918,8,12,9,0.6666666666666666,0.8888888888888888,0.761904761904762,0.02138903085142374,0.17111224681138992,"[0.10815256834030151, 0.18810944259166718, 0.25190916657447815, 0.3135072588920593, 0.47416427731513977, 0.5074869394302368, 0.6727555394172668, 0.7055075168609619, 0.7452115416526794, 0.861924946308136]",1,10,9,0.1,0.1111111111111111,0.10526315789473685,0.004741251468658447,0.004741251468658447,3,10,9,0.3,0.3333333333333333,0.3157894736842105,0.005907297134399414,0.017721891403198242,5,10,9,0.5,0.5555555555555556,0.5263157894736842,0.009629502892494202,0.04814751446247101,7,10,9,0.7,0.7777777777777778,0.7368421052631577,0.021890667932374135,0.15323467552661896
784,20784,103,4,4,28,"[0.1041954904794693, 0.23944683372974396, 0.5103154182434082, 0.7217680215835571]","[0.1041954904794693, 0.23944683372974396, 0.5103154182434082, 0.7217680215835571]","[0.017833270132541656, 0.04413736239075661, 0.07429467886686325, 0.1096343994140625, 0.14963430166244507, 0.18973346054553986, 0.22545918822288513, 0.25938209891319275, 0.2895761728286743, 0.32072868943214417, 0.35268110036849976, 0.38248905539512634, 0.41380545496940613, 0.4453933537006378, 0.476470947265625, 0.5078146457672119, 0.5389603972434998, 0.5709832310676575, 0.6034765839576721, 0.6366463899612427, 0.6709414720535278, 0.7070820331573486, 0.7441830635070801, 0.779628336429596, 0.8136298656463623, 0.8496913313865662, 0.8908096551895142, 0.9369274377822876]",0.016291610896587372,"[""ours_then_hard"", ""hard_then_ours"", ""ours_then_hard""]",5,1,1,4.153612826485187e-05,False,"[17.3469, 19.1107, 16.496]",17.3469,"[0.23638346791267395, 0.3670482635498047, 0.45667508244514465, 0.5916534662246704, 0.7580596208572388]",7,3,3,2.3203023374662735e-05,True,"[183.1887, 199.8812, 228.2318]",199.8812,"[0.1096343994140625, 0.2895761728286743, 0.32072868943214417, 0.35268110036849976, 0.5078146457672119, 0.7441830635070801, 0.779628336429596]",21,"[0.2064352035522461, 0.34053993225097656, 0.44672316312789917, 0.5927695035934448, 0.7747228145599365]",0,5,4,0.0,0.0,0.0,,0.0,0,5,4,0.0,0.0,0.0,,0.0,0,5,4,0.0,0.0,0.0,,0.0,1,5,4,0.2,0.25,0.22222222222222224,0.033011630177497864,0.033011630177497864,"[0.09034767746925354, 0.26319658756256104, 0.2881756126880646, 0.32610785961151123, 0.5067152976989746, 0.7541071176528931, 0.7982047200202942]",1,7,4,0.14285714285714285,0.25,0.18181818181818182,0.0036001205444335938,0.0036001205444335938,1,7,4,0.14285714285714285,0.25,0.18181818181818182,0.0036001205444335938,0.0036001205444335938,2,7,4,0.2857142857142857,0.5,0.36363636363636365,0.008723966777324677,0.017447933554649353,4,7,4,0.5714285714285714,1.0,0.7272727272727273,0.018384195864200592,0.07353678345680237
358,20358,104,11,8,28,"[0.07360313832759857, 0.1252986490726471, 0.21677882969379425, 0.31319376826286316, 0.3734816908836365, 0.47354403138160706, 0.5781395435333252, 0.6611359715461731, 0.7555896043777466, 0.820614755153656, 0.8943148851394653]","[0.07360313832759857, 0.21677882969379425, 0.31319376826286316, 0.3734816908836365, 0.5781395435333252, 0.6611359715461731, 0.820614755153656, 0.8943148851394653]","[0.018108712509274483, 0.046637438237667084, 0.07862848788499832, 0.11622607707977295, 0.1541900634765625, 0.19888612627983093, 0.23535147309303284, 0.2685371935367584, 0.30069807171821594, 0.33576133847236633, 0.3698725700378418, 0.4029301106929779, 0.4353412687778473, 0.4671223759651184, 0.49969348311424255, 0.5322314500808716, 0.5635765790939331, 0.5941619873046875, 0.624427855014801, 0.6547021865844727, 0.6882511973381042, 0.7251370549201965, 0.7614535689353943, 0.7944821715354919, 0.8242167234420776, 0.8561943173408508, 0.8951611518859863, 0.9393545985221863]",0.018742315471172333,"[""ours_then_hard"", ""hard_then_ours"", ""ours_then_hard""]",12,4,1,4.772753527504392e-05,False,"[18.4152, 17.1191, 15.9787]",17.1191,"[0.18462346494197845, 0.233534574508667, 0.3179156482219696, 0.32989582419395447, 0.392208993434906, 0.4864661693572998, 0.5813000202178955, 0.5990285873413086, 0.7285794019699097, 0.7889286279678345, 0.7945730686187744, 0.8437024354934692]",13,5,2,2.462679003656376e-05,True,"[161.3216, 151.1083, 209.1602]",161.3216,"[0.07862848788499832, 0.11622607707977295, 0.1541900634765625, 0.2685371935367584, 0.30069807171821594, 0.3698725700378418, 0.4671223759651184, 0.5941619873046875, 0.624427855014801, 0.7614535689353943, 0.7944821715354919, 0.8242167234420776, 0.8561943173408508]",15,"[0.15001557767391205, 0.20203159749507904, 0.30045729875564575, 0.31505000591278076, 0.376333087682724, 0.4639331102371216, 0.5702736377716064, 0.5873847007751465, 0.7378706336021423, 0.8016125559806824, 0.8053954243659973, 0.8465714454650879]",2,12,8,0.16666666666666666,0.25,0.2,0.0023538172245025635,0.004707634449005127,3,12,8,0.25,0.375,0.3,0.004191180070241292,0.012573540210723877,5,12,8,0.4166666666666667,0.625,0.5,0.011440640687942505,0.057203203439712524,6,12,8,0.5,0.75,0.6,0.01749110718568166,0.10494664311408997,"[0.050222814083099365, 0.08759818971157074, 0.1206313818693161, 0.24171365797519684, 0.28247207403182983, 0.35343632102012634, 0.44534924626350403, 0.5834526419639587, 0.6158919930458069, 0.7772880792617798, 0.8053345084190369, 0.8274949789047241, 0.859565258026123]",0,13,8,0.0,0.0,0.0,,0.0,2,13,8,0.15384615384615385,0.25,0.1904761904761905,0.00609666109085083,0.01219332218170166,3,13,8,0.23076923076923078,0.375,0.2857142857142857,0.011529465516408285,0.034588396549224854,8,13,8,0.6153846153846154,1.0,0.761904761904762,0.02846444956958294,0.2277155965566635
320,20320,105,7,5,28,"[0.06353559345006943, 0.24227315187454224, 0.33516615629196167, 0.49560242891311646, 0.6235250234603882, 0.7526760101318359, 0.8841018080711365]","[0.06353559345006943, 0.24227315187454224, 0.6235250234603882, 0.7526760101318359, 0.8841018080711365]","[0.020175926387310028, 0.05066484585404396, 0.08316920697689056, 0.11921721696853638, 0.15865151584148407, 0.19673222303390503, 0.23265933990478516, 0.2657611072063446, 0.298157662153244, 0.33006709814071655, 0.36216625571250916, 0.39396294951438904, 0.4257740378379822, 0.4574977159500122, 0.48919710516929626, 0.5208611488342285, 0.5524377822875977, 0.5841739177703857, 0.6159436702728271, 0.6480936408042908, 0.6813065409660339, 0.7157663702964783, 0.7504358887672424, 0.7842690944671631, 0.8172861933708191, 0.8526196479797363, 0.8935877084732056, 0.9390150904655457]",0.014790844172239304,"[""ours_then_hard"", ""hard_then_ours"", ""ours_then_hard""]",9,4,2,0.00024342123651877046,False,"[17.7687, 18.2831, 14.6811]",17.7687,"[0.2757740318775177, 0.4564836919307709, 0.496019572019577, 0.5451008081436157, 0.6237600445747375, 0.6846272945404053, 0.7160704135894775, 0.763268768787384, 0.8047429919242859]",7,2,0,2.4154425773303956e-05,True,"[220.6212, 205.4748, 186.223]",205.4748,"[0.05066484585404396, 0.15865151584148407, 0.2657611072063446, 0.298157662153244, 0.6480936408042908, 0.6813065409660339, 0.8526196479797363]",21,"[0.2623090445995331, 0.4369617998600006, 0.48426416516304016, 0.5348312854766846, 0.6228033900260925, 0.6896925568580627, 0.7202001214027405, 0.7686474919319153, 0.8121393322944641]",1,9,5,0.1111111111111111,0.2,0.14285714285714285,0.0007216334342956543,0.0007216334342956543,1,9,5,0.1111111111111111,0.2,0.14285714285714285,0.0007216334342956543,0.0007216334342956543,2,9,5,0.2222222222222222,0.4,0.2857142857142857,0.0083465576171875,0.016693115234375,3,9,5,0.3333333333333333,0.6,0.42857142857142855,0.01774447162946065,0.05323341488838196,"[0.03369564935564995, 0.1282794326543808, 0.25438445806503296, 0.28164511919021606, 0.6462693810462952, 0.6865043640136719, 0.8664005398750305]",0,7,5,0.0,0.0,0.0,,0.0,0,7,5,0.0,0.0,0.0,,0.0,2,7,5,0.2857142857142857,0.4,0.3333333333333333,0.01490628719329834,0.02981257438659668,4,7,5,0.5714285714285714,0.8,0.6666666666666666,0.020599219016730785,0.08239687606692314
269,20269,106,16,10,28,"[0.0517367385327816, 0.11610430479049683, 0.15848375856876373, 0.23054979741573334, 0.2755579352378845, 0.3424271047115326, 0.4004262685775757, 0.44084250926971436, 0.48869839310646057, 0.5430792570114136, 0.5963512063026428, 0.647724986076355, 0.6842085719108582, 0.7654716968536377, 0.8465806841850281, 0.9208791851997375]","[0.0517367385327816, 0.15848375856876373, 0.2755579352378845, 0.44084250926971436, 0.48869839310646057, 0.5430792570114136, 0.5963512063026428, 0.647724986076355, 0.6842085719108582, 0.7654716968536377]","[0.018359001725912094, 0.046278901398181915, 0.07778248190879822, 0.11505094170570374, 0.15581025183200836, 0.1944650560617447, 0.228158101439476, 0.2597118616104126, 0.2881202697753906, 0.3159773647785187, 0.3438149094581604, 0.37111783027648926, 0.399170845746994, 0.4275120496749878, 0.45982903242111206, 0.4942649006843567, 0.528294563293457, 0.5620072484016418, 0.5953078269958496, 0.628756582736969, 0.6648904085159302, 0.7033747434616089, 0.7426090836524963, 0.7791056632995605, 0.8127943277359009, 0.8487129211425781, 0.890375554561615, 0.9369378089904785]",0.008720943704247475,"[""ours_then_hard"", ""ours_then_hard"", ""ours_then_hard""]",19,9,3,4.3721182009903714e-05,False,"[16.6913, 20.3348, 14.2045]",16.6913,"[0.08273297548294067, 0.13856056332588196, 0.18189071118831635, 0.2398645430803299, 0.29819419980049133, 0.31733301281929016, 0.35170531272888184, 0.3821535110473633, 0.43665921688079834, 0.5051671266555786, 0.5368639230728149, 0.5736917853355408, 0.6161143183708191, 0.6731359362602234, 0.7158613204956055, 0.7480549216270447, 0.7831302881240845, 0.8178712725639343, 0.8555996417999268]",20,10,4,2.419921656837687e-05,True,"[99.7032, 113.8677, 86.8496]",99.7032,"[0.018359001725912094, 0.046278901398181915, 0.11505094170570374, 0.15581025183200836, 0.228158101439476, 0.2597118616104126, 0.2881202697753906, 0.3438149094581604, 0.4275120496749878, 0.45982903242111206, 0.4942649006843567, 0.528294563293457, 0.5620072484016418, 0.5953078269958496, 0.6648904085159302, 0.7033747434616089, 0.7791056632995605, 0.8127943277359009, 0.8487129211425781, 0.890375554561615]",8,"[0.0754772201180458, 0.12586428225040436, 0.17134088277816772, 0.23889005184173584, 0.30883798003196716, 0.32796645164489746, 0.36221301555633545, 0.39328616857528687, 0.4407110810279846, 0.5063762068748474, 0.5230945944786072, 0.5540469288825989, 0.5978705286979675, 0.6619775891304016, 0.7069291472434998, 0.7406019568443298, 0.777679979801178, 0.821362316608429, 0.8577365875244141]",2,19,10,0.10526315789473684,0.2,0.13793103448275862,0.0008253753185272217,0.0016507506370544434,2,19,10,0.10526315789473684,0.2,0.13793103448275862,0.0008253753185272217,0.0016507506370544434,7,19,10,0.3684210526315789,0.7,0.48275862068965514,0.011233033878462655,0.07863123714923859,10,19,10,0.5263157894736842,1.0,0.6896551724137931,0.036453400179743765,0.36453400179743767,"[0.01566292718052864, 0.037329211831092834, 0.10308223217725754, 0.14212265610694885, 0.22596794366836548, 0.2590307295322418, 0.2968527376651764, 0.3527847230434418, 0.43575799465179443, 0.46291226148605347, 0.4961980879306793, 0.5171672105789185, 0.5423822999000549, 0.5792613625526428, 0.6557344794273376, 0.6962222456932068, 0.7723838686943054, 0.8141161203384399, 0.8492763638496399, 0.896693766117096]",1,20,10,0.05,0.1,0.06666666666666667,0.0006969571113586426,0.0006969571113586426,5,20,10,0.25,0.5,0.3333333333333333,0.005640566349029541,0.028202831745147705,10,20,10,0.5,1.0,0.6666666666666666,0.010460218414664268,0.10460218414664268,10,20,10,0.5,1.0,0.6666666666666666,0.022380190342664717,0.2238019034266472
675,20675,107,7,5,28,"[0.06784801930189133, 0.15882907807826996, 0.3279517590999603, 0.4555436968803406, 0.5522445440292358, 0.7475700378417969, 0.9142278432846069]","[0.06784801930189133, 0.15882907807826996, 0.4555436968803406, 0.7475700378417969, 0.9142278432846069]","[0.020160434767603874, 0.051656365394592285, 0.08328463137149811, 0.1202409416437149, 0.17046523094177246, 0.2080877274274826, 0.24211762845516205, 0.2783700227737427, 0.3106355667114258, 0.3417241871356964, 0.3744608163833618, 0.4026395380496979, 0.43874722719192505, 0.4649798274040222, 0.5017963647842407, 0.5320838093757629, 0.562529981136322, 0.5947805643081665, 0.6250891089439392, 0.6564509868621826, 0.6893307566642761, 0.7248530387878418, 0.7598626613616943, 0.7937018275260925, 0.8257192969322205, 0.8601598143577576, 0.8993849158287048, 0.9424317479133606]",0.02067705988883972,"[""ours_then_hard"", ""ours_then_hard"", ""ours_then_hard""]",9,4,2,0.0001195294244098477,False,"[19.687, 16.6858, 17.5736]",17.5736,"[0.2415141612291336, 0.3416156768798828, 0.3781912624835968, 0.44765719771385193, 0.46887046098709106, 0.5524271726608276, 0.6054670810699463, 0.6795445680618286, 0.7662976980209351]",8,3,1,2.0755885998369195e-05,True,"[197.0719, 185.2107, 199.5223]",197.0719,"[0.051656365394592285, 0.2080877274274826, 0.24211762845516205, 0.3106355667114258, 0.4026395380496979, 0.562529981136322, 0.7937018275260925, 0.8601598143577576]",20,"[0.2158055454492569, 0.31690743565559387, 0.3524360656738281, 0.41493916511535645, 0.4394433796405792, 0.5311803817749023, 0.5787531733512878, 0.6636484265327454, 0.7640162110328674]",0,9,5,0.0,0.0,0.0,,0.0,0,9,5,0.0,0.0,0.0,,0.0,2,9,5,0.2222222222222222,0.4,0.2857142857142857,0.016273245215415955,0.03254649043083191,2,9,5,0.2222222222222222,0.4,0.2857142857142857,0.028525352478027344,0.05705070495605469,"[0.04216663911938667, 0.186552032828331, 0.21643738448619843, 0.2892116904258728, 0.36921703815460205, 0.5431025624275208, 0.8007891774177551, 0.8764412999153137]",0,8,5,0.0,0.0,0.0,,0.0,0,8,5,0.0,0.0,0.0,,0.0,0,8,5,0.0,0.0,0.0,,0.0,3,8,5,0.375,0.6,0.4615384615384615,0.03039695943395297,0.0911908783018589
662,20662,108,9,7,28,"[0.14970993995666504, 0.24964812397956848, 0.2977260649204254, 0.3576951026916504, 0.44735288619995117, 0.5914678573608398, 0.6630763411521912, 0.8197644948959351, 0.935976505279541]","[0.24964812397956848, 0.2977260649204254, 0.3576951026916504, 0.5914678573608398, 0.6630763411521912, 0.8197644948959351, 0.935976505279541]","[0.0183997992426157, 0.04662899672985077, 0.07893406599760056, 0.11629380285739899, 0.15813884139060974, 0.19953113794326782, 0.23634059727191925, 0.2686985731124878, 0.30130016803741455, 0.3336597979068756, 0.3651809096336365, 0.3960079252719879, 0.426220178604126, 0.45579808950424194, 0.4865802526473999, 0.518242597579956, 0.5497303605079651, 0.5811761021614075, 0.6126673817634583, 0.6453349590301514, 0.680047333240509, 0.7164698243141174, 0.7529292106628418, 0.7869617938995361, 0.8192930817604065, 0.853770911693573, 0.8934439420700073, 0.9381681084632874]",0.0157640278339386,"[""ours_then_hard"", ""ours_then_hard"", ""ours_then_hard""]",6,-1,-3,6.742133700754493e-05,False,"[14.971, 18.3297, 13.1231]",14.971,"[0.19322246313095093, 0.258749783039093, 0.3872019350528717, 0.524955689907074, 0.6692930459976196, 0.7784972190856934]",7,0,-2,2.448537270538509e-05,True,"[200.701, 177.8377, 183.9581]",183.9581,"[0.11629380285739899, 0.2686985731124878, 0.30130016803741455, 0.3651809096336365, 0.5811761021614075, 0.680047333240509, 0.8192930817604065]",21,"[0.1729084551334381, 0.2465115189552307, 0.3766838014125824, 0.5223119258880615, 0.6724916100502014, 0.7940191626548767]",1,6,7,0.16666666666666666,0.14285714285714285,0.15384615384615383,0.0031366050243377686,0.0031366050243377686,2,6,7,0.3333333333333333,0.2857142857142857,0.30769230769230765,0.006275936961174011,0.012551873922348022,3,6,7,0.5,0.42857142857142855,0.4615384615384615,0.010513524214426676,0.03154057264328003,4,6,7,0.6666666666666666,0.5714285714285714,0.6153846153846153,0.014321476221084595,0.05728590488433838,"[0.09311193227767944, 0.2579587697982788, 0.285785049200058, 0.3527431786060333, 0.5730343461036682, 0.6807870864868164, 0.8411134481430054]",1,7,7,0.14285714285714285,0.14285714285714285,0.14285714285714285,0.004951924085617065,0.004951924085617065,2,7,7,0.2857142857142857,0.2857142857142857,0.2857142857142857,0.006631284952163696,0.013262569904327393,5,7,7,0.7142857142857143,0.7142857142857143,0.7142857142857143,0.01226956844329834,0.0613478422164917,6,7,7,0.8571428571428571,0.8571428571428571,0.8571428571428571,0.013782799243927002,0.08269679546356201
545,20545,109,11,7,28,"[0.12694202363491058, 0.21274176239967346, 0.29247868061065674, 0.37341204285621643, 0.4193851053714752, 0.48657485842704773, 0.552800714969635, 0.6520639061927795, 0.7205519080162048, 0.8253493309020996, 0.8941659927368164]","[0.21274176239967346, 0.29247868061065674, 0.37341204285621643, 0.4193851053714752, 0.48657485842704773, 0.552800714969635, 0.8253493309020996]","[0.020040344446897507, 0.05068141222000122, 0.08564009517431259, 0.12550604343414307, 0.16849911212921143, 0.20989467203617096, 0.2463454157114029, 0.2798127233982086, 0.3122510612010956, 0.34436365962028503, 0.3761332035064697, 0.4071587920188904, 0.43792760372161865, 0.4685584306716919, 0.49900639057159424, 0.5295363068580627, 0.5604127645492554, 0.5916755199432373, 0.6232495307922363, 0.6551859378814697, 0.6882950663566589, 0.7227168679237366, 0.7575235366821289, 0.7906544804573059, 0.8223537802696228, 0.856279194355011, 0.8950878977775574, 0.9388388991355896]",0.02528379298746586,"[""hard_then_ours"", ""hard_then_ours"", ""hard_then_ours""]",6,-1,-5,5.855182826053351e-05,False,"[17.2702, 14.2579, 19.5408]",17.2702,"[0.23998436331748962, 0.36196961998939514, 0.4286162555217743, 0.5342431664466858, 0.6906601786613464, 0.7964587211608887]",7,0,-4,2.2540383724845015e-05,True,"[204.1827, 196.1217, 195.2492]",196.1217,"[0.16849911212921143, 0.20989467203617096, 0.3122510612010956, 0.4071587920188904, 0.4685584306716919, 0.49900639057159424, 0.856279194355011]",21,"[0.2149038165807724, 0.332920104265213, 0.3939724266529083, 0.4937163293361664, 0.6696213483810425, 0.7846716046333313]",1,6,7,0.16666666666666666,0.14285714285714285,0.15384615384615383,0.002162054181098938,0.002162054181098938,2,6,7,0.3333333333333333,0.2857142857142857,0.30769230769230765,0.004651762545108795,0.00930352509021759,2,6,7,0.3333333333333333,0.2857142857142857,0.30769230769230765,0.004651762545108795,0.00930352509021759,5,6,7,0.8333333333333334,0.7142857142857143,0.7692307692307692,0.022196611762046813,0.11098305881023407,"[0.13666203618049622, 0.17879150807857513, 0.29006433486938477, 0.37242528796195984, 0.43112415075302124, 0.4569149315357208, 0.8592578172683716]",2,7,7,0.2857142857142857,0.2857142857142857,0.2857142857142857,0.0017005503177642822,0.0034011006355285645,2,7,7,0.2857142857142857,0.2857142857142857,0.2857142857142857,0.0017005503177642822,0.0034011006355285645,3,7,7,0.42857142857142855,0.42857142857142855,0.42857142857142855,0.005046715339024861,0.015140146017074585,6,7,7,0.8571428571428571,0.8571428571428571,0.8571428571428571,0.01877646893262863,0.11265881359577179
676,20676,110,7,5,28,"[0.13914048671722412, 0.2554563879966736, 0.39508306980133057, 0.553520143032074, 0.6538742780685425, 0.728216290473938, 0.8398796319961548]","[0.13914048671722412, 0.2554563879966736, 0.39508306980133057, 0.553520143032074, 0.728216290473938]","[0.017620425671339035, 0.045285098254680634, 0.0755481868982315, 0.11077123135328293, 0.14969202876091003, 0.18757571280002594, 0.2215462028980255, 0.25217002630233765, 0.28695446252822876, 0.31798386573791504, 0.34903526306152344, 0.3800138831138611, 0.4098246395587921, 0.43966543674468994, 0.47110190987586975, 0.5033727288246155, 0.5353006720542908, 0.5675840377807617, 0.5991014242172241, 0.6311004757881165, 0.6651188135147095, 0.7012722492218018, 0.7387232780456543, 0.7749825119972229, 0.8098046183586121, 0.8463290333747864, 0.8882104754447937, 0.9353254437446594]",0.024161186069250107,"[""hard_then_ours"", ""ours_then_hard"", ""ours_then_hard""]",8,3,1,3.233780444134027e-05,False,"[19.1177, 18.0777, 17.5304]",18.0777,"[0.1327427327632904, 0.19497665762901306, 0.2762758433818817, 0.36028167605400085, 0.49720317125320435, 0.5563341975212097, 0.6025162935256958, 0.7574791312217712]",11,6,4,2.3430910005117767e-05,True,"[171.6607, 168.3828, 168.2506]",168.3828,"[0.2215462028980255, 0.25217002630233765, 0.3800138831138611, 0.4098246395587921, 0.43966543674468994, 0.47110190987586975, 0.5353006720542908, 0.5675840377807617, 0.7012722492218018, 0.8098046183586121, 0.8463290333747864]",17,"[0.10302390903234482, 0.16486775875091553, 0.2609972357749939, 0.3591407835483551, 0.5033331513404846, 0.5806817412376404, 0.6379029154777527, 0.791424036026001]",0,8,5,0.0,0.0,0.0,,0.0,1,8,5,0.125,0.2,0.15384615384615385,0.0055408477783203125,0.0055408477783203125,1,8,5,0.125,0.2,0.15384615384615385,0.0055408477783203125,0.0055408477783203125,4,8,5,0.5,0.8,0.6153846153846154,0.02619032748043537,0.10476130992174149,"[0.19813887774944305, 0.2254853993654251, 0.38197043538093567, 0.4056226313114166, 0.4450578987598419, 0.47580260038375854, 0.5563564300537109, 0.5945348143577576, 0.7410451173782349, 0.8377954363822937, 0.8747383952140808]",1,11,5,0.09090909090909091,0.2,0.12500000000000003,0.002836287021636963,0.002836287021636963,1,11,5,0.09090909090909091,0.2,0.12500000000000003,0.002836287021636963,0.002836287021636963,3,11,5,0.2727272727272727,0.6,0.37499999999999994,0.009592582782109579,0.028777748346328735,4,11,5,0.36363636363636365,0.8,0.5000000000000001,0.014687184244394302,0.05874873697757721
821,20821,111,19,10,28,"[0.05760674923658371, 0.11896347254514694, 0.17774108052253723, 0.2442290484905243, 0.2927977740764618, 0.3549707233905792, 0.4158421456813812, 0.4658375680446625, 0.5095498561859131, 0.548667311668396, 0.6119801998138428, 0.6509889364242554, 0.7165063619613647, 0.7497426271438599, 0.7914556860923767, 0.8356471061706543, 0.8706681728363037, 0.9127305150032043, 0.9468746185302734]","[0.05760674923658371, 0.2442290484905243, 0.2927977740764618, 0.4658375680446625, 0.5095498561859131, 0.6119801998138428, 0.7497426271438599, 0.8356471061706543, 0.9127305150032043, 0.9468746185302734]","[0.018060073256492615, 0.045846302062273026, 0.07719109207391739, 0.11297495663166046, 0.15254659950733185, 0.1925177425146103, 0.22750894725322723, 0.2596794366836548, 0.2899024188518524, 0.32144656777381897, 0.35254254937171936, 0.383212685585022, 0.4137951731681824, 0.44436749815940857, 0.47542905807495117, 0.5071465969085693, 0.5391466021537781, 0.5715135931968689, 0.6041630506515503, 0.6371409296989441, 0.6712164282798767, 0.7067616581916809, 0.7432206869125366, 0.7792409062385559, 0.8123896718025208, 0.846908688545227, 0.888269305229187, 0.9352273941040039]",0.021864736452698708,"[""ours_then_hard"", ""hard_then_ours"", ""ours_then_hard""]",13,3,-6,9.733821934787557e-05,False,"[17.6307, 18.7205, 16.5837]",17.6307,"[0.23737354576587677, 0.3658631443977356, 0.4743705093860626, 0.5065795183181763, 0.5505106449127197, 0.580137312412262, 0.6124424338340759, 0.6372252106666565, 0.6712754964828491, 0.7352588772773743, 0.7705024480819702, 0.8181920647621155, 0.8402215242385864]",12,2,-7,2.2057465685065836e-05,True,"[150.4605, 164.2288, 170.3514]",164.2288,"[0.07719109207391739, 0.1925177425146103, 0.2596794366836548, 0.32144656777381897, 0.383212685585022, 0.4137951731681824, 0.5391466021537781, 0.6041630506515503, 0.7432206869125366, 0.846908688545227, 0.888269305229187, 0.9352273941040039]",16,"[0.20274800062179565, 0.3307630121707916, 0.4550437927246094, 0.48699653148651123, 0.536695659160614, 0.570390522480011, 0.6078401207923889, 0.6382231712341309, 0.681653618812561, 0.746806263923645, 0.7734884023666382, 0.820737361907959, 0.8429738879203796]",2,13,10,0.15384615384615385,0.2,0.17391304347826086,0.0035382211208343506,0.007076442241668701,3,13,10,0.23076923076923078,0.3,0.2608695652173913,0.004801074663798015,0.014403223991394043,4,13,10,0.3076923076923077,0.4,0.34782608695652173,0.008194990456104279,0.032779961824417114,7,13,10,0.5384615384615384,0.7,0.608695652173913,0.024604167257036482,0.17222917079925537,"[0.05866566672921181, 0.15836259722709656, 0.22662723064422607, 0.2781928777694702, 0.35351279377937317, 0.3892153799533844, 0.522068977355957, 0.5999616980552673, 0.7554815411567688, 0.8509443998336792, 0.893284022808075, 0.9348481893539429]",1,12,10,0.08333333333333333,0.1,0.0909090909090909,0.0010589174926280975,0.0010589174926280975,2,12,10,0.16666666666666666,0.2,0.1818181818181818,0.0033989157527685165,0.006797831505537033,9,12,10,0.75,0.9,0.8181818181818182,0.012256931513547897,0.11031238362193108,9,12,10,0.75,0.9,0.8181818181818182,0.012256931513547897,0.11031238362193108
932,20932,112,8,6,28,"[0.08510630577802658, 0.22803154587745667, 0.2863069176673889, 0.36601653695106506, 0.5185400247573853, 0.6181004643440247, 0.7881032228469849, 0.9394428730010986]","[0.08510630577802658, 0.2863069176673889, 0.36601653695106506, 0.5185400247573853, 0.6181004643440247, 0.9394428730010986]","[0.01924699917435646, 0.050015948712825775, 0.08455341309309006, 0.12424635142087936, 0.16793712973594666, 0.21084679663181305, 0.24799400568008423, 0.2826617658138275, 0.31495797634124756, 0.34592512249946594, 0.3758845329284668, 0.40640074014663696, 0.4366776943206787, 0.4661391079425812, 0.49490511417388916, 0.523324191570282, 0.5519018173217773, 0.5814757943153381, 0.6124919652938843, 0.6441884636878967, 0.6775286197662354, 0.7131175398826599, 0.7498961687088013, 0.7849893569946289, 0.8179242014884949, 0.8529036045074463, 0.8934135437011719, 0.9386268258094788]",0.02441585063934326,"[""ours_then_hard"", ""hard_then_ours"", ""hard_then_ours""]",7,1,-1,0.0001858018949860707,False,"[14.688, 18.1173, 14.492]",14.688,"[0.43266502022743225, 0.5553012490272522, 0.6270384192466736, 0.6524489521980286, 0.6848737597465515, 0.752699613571167, 0.8398363590240479]",6,0,-2,2.073335235763807e-05,True,"[237.4911, 188.1843, 202.8591]",202.8591,"[0.12424635142087936, 0.34592512249946594, 0.3758845329284668, 0.523324191570282, 0.6441884636878967, 0.9386268258094788]",22,"[0.3932395577430725, 0.5355690717697144, 0.6137474775314331, 0.6410435438156128, 0.6812872290611267, 0.7540741562843323, 0.8522791266441345]",1,7,6,0.14285714285714285,0.16666666666666666,0.15384615384615383,0.004352986812591553,0.004352986812591553,1,7,6,0.14285714285714285,0.16666666666666666,0.15384615384615383,0.004352986812591553,0.004352986812591553,2,7,6,0.2857142857142857,0.3333333333333333,0.30769230769230765,0.010691016912460327,0.021382033824920654,3,7,6,0.42857142857142855,0.5,0.4615384615384615,0.016201684872309368,0.0486050546169281,"[0.09326036274433136, 0.3035449683666229, 0.33456555008888245, 0.49591246247291565, 0.6322780847549438, 0.9468076229095459]",0,6,6,0.0,0.0,0.0,,0.0,2,6,6,0.3333333333333333,0.3333333333333333,0.3333333333333333,0.007759403437376022,0.015518806874752045,4,6,6,0.6666666666666666,0.6666666666666666,0.6666666666666666,0.01173361949622631,0.04693447798490524,6,6,6,1.0,1.0,1.0,0.016835504521926243,0.10101302713155746
512,20512,113,5,4,28,"[0.19145214557647705, 0.3058849573135376, 0.5285418033599854, 0.6215125918388367, 0.819574236869812]","[0.19145214557647705, 0.5285418033599854, 0.6215125918388367, 0.819574236869812]","[0.021779997274279594, 0.05311371013522148, 0.0867442935705185, 0.12397655844688416, 0.1585378348827362, 0.1948479562997818, 0.23695524036884308, 0.26678770780563354, 0.2964944839477539, 0.324515700340271, 0.35692960023880005, 0.3838209807872772, 0.41434621810913086, 0.4455430507659912, 0.47523510456085205, 0.5051445960998535, 0.535871684551239, 0.5665355920791626, 0.5989274382591248, 0.6327069997787476, 0.6680505275726318, 0.7056064605712891, 0.7439243197441101, 0.7807024121284485, 0.815508246421814, 0.8517727851867676, 0.8929207921028137, 0.9383774995803833]",0.022468823939561844,"[""ours_then_hard"", ""ours_then_hard"", ""ours_then_hard""]",8,4,3,2.5642102627898566e-05,False,"[18.2406, 18.0357, 17.0615]",18.0357,"[0.22052088379859924, 0.25632184743881226, 0.35886871814727783, 0.42598482966423035, 0.4837627112865448, 0.5378171801567078, 0.6382898092269897, 0.7139312624931335]",6,2,1,2.1593141354969703e-05,True,"[196.7982, 196.3377, 189.2049]",196.3377,"[0.324515700340271, 0.35692960023880005, 0.41434621810913086, 0.4455430507659912, 0.6327069997787476, 0.8517727851867676]",22,"[0.19134026765823364, 0.22371788322925568, 0.34317508339881897, 0.41684550046920776, 0.4905264377593994, 0.5527178049087524, 0.6500157713890076, 0.7349247336387634]",1,8,4,0.125,0.25,0.16666666666666666,0.0001118779182434082,0.0001118779182434082,1,8,4,0.125,0.25,0.16666666666666666,0.0001118779182434082,0.0001118779182434082,1,8,4,0.125,0.25,0.16666666666666666,0.0001118779182434082,0.0001118779182434082,3,8,4,0.375,0.75,0.5,0.02221014102300008,0.06663042306900024,"[0.3003886044025421, 0.34102606773376465, 0.40084877610206604, 0.44504666328430176, 0.6450361609458923, 0.8895652294158936]",0,6,4,0.0,0.0,0.0,,0.0,0,6,4,0.0,0.0,0.0,,0.0,0,6,4,0.0,0.0,0.0,,0.0,1,6,4,0.16666666666666666,0.25,0.2,0.023523569107055664,0.023523569107055664
475,20475,114,14,9,28,"[0.07194168865680695, 0.13018053770065308, 0.18134208023548126, 0.27090394496917725, 0.36547285318374634, 0.4538668394088745, 0.5342166423797607, 0.5980256795883179, 0.6397578120231628, 0.6839264631271362, 0.7370284199714661, 0.825764536857605, 0.9112476110458374, 0.9586150646209717]","[0.13018053770065308, 0.18134208023548126, 0.27090394496917725, 0.5980256795883179, 0.6397578120231628, 0.7370284199714661, 0.825764536857605, 0.9112476110458374, 0.9586150646209717]","[0.01806722953915596, 0.045435309410095215, 0.07644429802894592, 0.11149948090314865, 0.1506684422492981, 0.18948151171207428, 0.22302894294261932, 0.2547224164009094, 0.2859947383403778, 0.3164694309234619, 0.34596842527389526, 0.37514784932136536, 0.40438663959503174, 0.4351457357406616, 0.4659760594367981, 0.49672219157218933, 0.5273423194885254, 0.5583774447441101, 0.5907573699951172, 0.6247788071632385, 0.6605647206306458, 0.6983664035797119, 0.7375775575637817, 0.7750612497329712, 0.8099032044410706, 0.8459820747375488, 0.8882328867912292, 0.9356500506401062]",0.012599729932844639,"[""ours_then_hard"", ""hard_then_ours"", ""ours_then_hard""]",11,2,-3,7.774608820909634e-05,False,"[14.1244, 18.9046, 16.1224]",16.1224,"[0.13450980186462402, 0.19232654571533203, 0.25874271988868713, 0.30734097957611084, 0.32728487253189087, 0.42216312885284424, 0.49986740946769714, 0.5715810060501099, 0.6705247759819031, 0.7576360702514648, 0.8371586799621582]",11,2,-3,2.4677838155184872e-05,True,"[187.2329, 158.0749, 170.873]",170.873,"[0.22302894294261932, 0.34596842527389526, 0.4659760594367981, 0.49672219157218933, 0.5583774447441101, 0.6247788071632385, 0.6605647206306458, 0.7750612497329712, 0.8459820747375488, 0.8882328867912292, 0.9356500506401062]",17,"[0.118014395236969, 0.1793639361858368, 0.2471177726984024, 0.3013782203197479, 0.32101041078567505, 0.4415801763534546, 0.5238144397735596, 0.591197669506073, 0.6836105585098267, 0.7518834471702576, 0.842038631439209]",1,11,9,0.09090909090909091,0.1111111111111111,0.09999999999999999,0.00197814404964447,0.00197814404964447,2,11,9,0.18181818181818182,0.2222222222222222,0.19999999999999998,0.004403077065944672,0.008806154131889343,5,11,9,0.45454545454545453,0.5555555555555556,0.5,0.010420283675193787,0.05210141837596893,7,11,9,0.6363636363636364,0.7777777777777778,0.7000000000000001,0.017105762447629656,0.11974033713340759,"[0.20995096862316132, 0.34182098507881165, 0.49162280559539795, 0.5196846723556519, 0.5791559815406799, 0.636350154876709, 0.6738860011100769, 0.77029949426651, 0.853455126285553, 0.8909562230110168, 0.9403630495071411]",1,11,9,0.09090909090909091,0.1111111111111111,0.09999999999999999,0.0034076571464538574,0.0034076571464538574,1,11,9,0.09090909090909091,0.1111111111111111,0.09999999999999999,0.0034076571464538574,0.0034076571464538574,3,11,9,0.2727272727272727,0.3333333333333333,0.3,0.013509790102640787,0.04052937030792236,7,11,9,0.6363636363636364,0.7777777777777778,0.7000000000000001,0.021484472921916416,0.15039131045341492
629,20629,115,20,11,28,"[0.06138390302658081, 0.12326417863368988, 0.1666450798511505, 0.21447692811489105, 0.2605046033859253, 0.30196747183799744, 0.3603273332118988, 0.3990492820739746, 0.4288819134235382, 0.48588797450065613, 0.5263184905052185, 0.5861143469810486, 0.6306976079940796, 0.6755237579345703, 0.7134467363357544, 0.7590425610542297, 0.8074057102203369, 0.8583004474639893, 0.9076719284057617, 0.9433884024620056]","[0.21447692811489105, 0.2605046033859253, 0.3603273332118988, 0.3990492820739746, 0.4288819134235382, 0.5861143469810486, 0.6755237579345703, 0.7134467363357544, 0.7590425610542297, 0.8074057102203369, 0.8583004474639893]","[0.02175770327448845, 0.054516278207302094, 0.09124507755041122, 0.13275714218616486, 0.1757800430059433, 0.21543404459953308, 0.2500244677066803, 0.28292641043663025, 0.3138962984085083, 0.34472543001174927, 0.3769887387752533, 0.40862321853637695, 0.4398043155670166, 0.4708036184310913, 0.5005469918251038, 0.5300480127334595, 0.5618306994438171, 0.5929661989212036, 0.6237887740135193, 0.6548556089401245, 0.6874566674232483, 0.72240149974823, 0.7599106431007385, 0.7940801978111267, 0.8254357576370239, 0.8596068024635315, 0.8989139199256897, 0.941886305809021]",0.016770288348197937,"[""hard_then_ours"", ""ours_then_hard"", ""ours_then_hard""]",13,2,-7,7.092512532835826e-05,False,"[19.1886, 19.7684, 16.5986]",19.1886,"[0.14230820536613464, 0.237990602850914, 0.32969942688941956, 0.4208744466304779, 0.4685821533203125, 0.5827599763870239, 0.6207964420318604, 0.6538298726081848, 0.6875825524330139, 0.7756286859512329, 0.8120887875556946, 0.8269551992416382, 0.8580527901649475]",13,2,-7,2.404724909865763e-05,True,"[155.0057, 160.705, 157.6685]",157.6685,"[0.1757800430059433, 0.21543404459953308, 0.28292641043663025, 0.34472543001174927, 0.3769887387752533, 0.4398043155670166, 0.5618306994438171, 0.5929661989212036, 0.6548556089401245, 0.7599106431007385, 0.7940801978111267, 0.8596068024635315, 0.8989139199256897]",15,"[0.1287277191877365, 0.23543667793273926, 0.33822259306907654, 0.4310406744480133, 0.4885813593864441, 0.6180554628372192, 0.6528742909431458, 0.683383584022522, 0.7088054418563843, 0.78461092710495, 0.8198153972625732, 0.8319464921951294, 0.8640104532241821]",2,13,11,0.15384615384615385,0.18181818181818182,0.16666666666666669,0.0034000277519226074,0.006800055503845215,4,13,11,0.3076923076923077,0.36363636363636365,0.33333333333333337,0.0050924718379974365,0.020369887351989746,5,13,11,0.38461538461538464,0.45454545454545453,0.41666666666666663,0.006555914878845215,0.032779574394226074,9,13,11,0.6923076923076923,0.8181818181818182,0.7500000000000001,0.024893513984150357,0.2240416258573532,"[0.16345137357711792, 0.20963561534881592, 0.2819223999977112, 0.355220764875412, 0.38942644000053406, 0.45242613554000854, 0.592647910118103, 0.6270460486412048, 0.6844539642333984, 0.7701185345649719, 0.8065186738967896, 0.8653642535209656, 0.9018936157226562]",2,13,11,0.15384615384615385,0.18181818181818182,0.16666666666666669,0.0028641745448112488,0.0057283490896224976,7,13,11,0.5384615384615384,0.6363636363636364,0.5833333333333334,0.006140762141772679,0.04298533499240875,8,13,11,0.6153846153846154,0.7272727272727273,0.6666666666666667,0.0067576635628938675,0.05406130850315094,11,13,11,0.8461538461538461,1.0,0.9166666666666666,0.015233054757118225,0.16756360232830048
342,20342,116,5,4,28,"[0.16202674806118011, 0.3831016421318054, 0.5975598096847534, 0.7105485796928406, 0.7998692989349365]","[0.16202674806118011, 0.3831016421318054, 0.5975598096847534, 0.7105485796928406]","[0.020086001604795456, 0.05042804032564163, 0.0847110003232956, 0.12247925251722336, 0.16369952261447906, 0.20384570956230164, 0.23936772346496582, 0.27231574058532715, 0.3050544559955597, 0.3376588523387909, 0.3695044219493866, 0.40032529830932617, 0.4305637776851654, 0.4612812101840973, 0.492007315158844, 0.5225547552108765, 0.5530022382736206, 0.583672285079956, 0.6153983473777771, 0.6485307812690735, 0.6830313801765442, 0.7193837761878967, 0.7557328939437866, 0.789567768573761, 0.8224090337753296, 0.8576936721801758, 0.8971590995788574, 0.9406655430793762]",0.02796529047191143,"[""hard_then_ours"", ""hard_then_ours"", ""hard_then_ours""]",8,4,3,4.44663455709815e-05,False,"[12.8562, 13.452, 18.6436]",13.452,"[0.25982385873794556, 0.49375176429748535, 0.5447402596473694, 0.5897992849349976, 0.6454446315765381, 0.703828752040863, 0.7474193572998047, 0.7728007435798645]",7,3,2,2.114754170179367e-05,True,"[191.2406, 192.0569, 172.3017]",191.2406,"[0.05042804032564163, 0.4305637776851654, 0.583672285079956, 0.6153983473777771, 0.7193837761878967, 0.789567768573761, 0.8576936721801758]",21,"[0.21387138962745667, 0.493032306432724, 0.560876727104187, 0.6149682402610779, 0.6702911853790283, 0.7268480658531189, 0.7730472087860107, 0.8049992322921753]",0,8,4,0.0,0.0,0.0,,0.0,0,8,4,0.0,0.0,0.0,,0.0,2,8,4,0.25,0.5,0.3333333333333333,0.01685395836830139,0.03370791673660278,2,8,4,0.25,0.5,0.3333333333333333,0.03847023844718933,0.07694047689437866,"[0.03641428053379059, 0.416331022977829, 0.6067333221435547, 0.644323468208313, 0.7436322569847107, 0.8207175135612488, 0.8791056275367737]",0,7,4,0.0,0.0,0.0,,0.0,1,7,4,0.14285714285714285,0.25,0.18181818181818182,0.00917351245880127,0.00917351245880127,1,7,4,0.14285714285714285,0.25,0.18181818181818182,0.00917351245880127,0.00917351245880127,3,7,4,0.42857142857142855,0.75,0.5454545454545454,0.025162190198898315,0.07548657059669495
1014,21014,117,10,6,28,"[0.08239959925413132, 0.18307755887508392, 0.24802446365356445, 0.35302606225013733, 0.43600890040397644, 0.5430113673210144, 0.6013795137405396, 0.6893560886383057, 0.7890709042549133, 0.8930543065071106]","[0.08239959925413132, 0.24802446365356445, 0.35302606225013733, 0.43600890040397644, 0.5430113673210144, 0.8930543065071106]","[0.0192356426268816, 0.04762633517384529, 0.08024745434522629, 0.11729111522436142, 0.1597144901752472, 0.20102569460868835, 0.2380399852991104, 0.2688218951225281, 0.2998219132423401, 0.33197981119155884, 0.3631272315979004, 0.3950944244861603, 0.42705538868904114, 0.4586602449417114, 0.4898994266986847, 0.521219789981842, 0.5536041855812073, 0.5864731073379517, 0.6195732951164246, 0.652586042881012, 0.6867564916610718, 0.7223654985427856, 0.7578774690628052, 0.7915146350860596, 0.8238954544067383, 0.8582720756530762, 0.8970849514007568, 0.9403781294822693]",0.012447195127606392,"[""hard_then_ours"", ""hard_then_ours"", ""ours_then_hard""]",11,5,1,2.1339108570828103e-05,True,"[17.7828, 13.5648, 15.7656]",15.7656,"[0.11029177904129028, 0.14506882429122925, 0.18375042080879211, 0.21625514328479767, 0.3410344421863556, 0.4833386540412903, 0.5941762924194336, 0.6740112900733948, 0.7537811994552612, 0.797879159450531, 0.8309715986251831]",6,0,-4,2.0524697902146727e-05,True,"[189.6352, 212.8898, 194.9064]",194.9064,"[0.04762633517384529, 0.2688218951225281, 0.4898994266986847, 0.5536041855812073, 0.6195732951164246, 0.652586042881012]",22,"[0.0939379334449768, 0.12969252467155457, 0.17429277300834656, 0.20793095231056213, 0.3211718201637268, 0.46806421875953674, 0.5742649435997009, 0.6640844941139221, 0.7543310523033142, 0.8011392951011658, 0.8324407339096069]",0,11,6,0.0,0.0,0.0,,0.0,0,11,6,0.0,0.0,0.0,,0.0,1,11,6,0.09090909090909091,0.16666666666666666,0.11764705882352942,0.01153833419084549,0.01153833419084549,5,11,6,0.45454545454545453,0.8333333333333334,0.5882352941176471,0.02935899645090103,0.14679498225450516,"[0.03239303082227707, 0.25809407234191895, 0.47630125284194946, 0.5384091734886169, 0.6017267107963562, 0.6413794755935669]",1,6,6,0.16666666666666666,0.16666666666666666,0.16666666666666666,0.004602193832397461,0.004602193832397461,1,6,6,0.16666666666666666,0.16666666666666666,0.16666666666666666,0.004602193832397461,0.004602193832397461,2,6,6,0.3333333333333333,0.3333333333333333,0.3333333333333333,0.0073359012603759766,0.014671802520751953,3,6,6,0.5,0.5,0.5,0.018321384986241657,0.054964154958724976
671,20671,118,4,4,28,"[0.20471040904521942, 0.35049211978912354, 0.5573416948318481, 0.7815790176391602]","[0.20471040904521942, 0.35049211978912354, 0.5573416948318481, 0.7815790176391602]","[0.018749386072158813, 0.04729190468788147, 0.08077841252088547, 0.11888916045427322, 0.16069039702415466, 0.20190215110778809, 0.23883746564388275, 0.2720285654067993, 0.30406874418258667, 0.33618617057800293, 0.3680316209793091, 0.399326890707016, 0.4302462637424469, 0.4609989523887634, 0.49147412180900574, 0.5216751098632812, 0.5518372654914856, 0.5820758938789368, 0.6128300428390503, 0.6443354487419128, 0.6772233843803406, 0.7120236158370972, 0.7477143406867981, 0.7817890644073486, 0.814629077911377, 0.8500003218650818, 0.8905881643295288, 0.9364534020423889]",0.03407575935125351,"[""hard_then_ours"", ""hard_then_ours"", ""hard_then_ours""]",5,1,1,2.7157459044246934e-05,False,"[19.853, 15.0235, 17.171]",17.171,"[0.2497352808713913, 0.36065152287483215, 0.5118362307548523, 0.6398481726646423, 0.750252902507782]",5,1,1,2.3905357011244632e-05,True,"[232.1544, 200.4095, 194.9287]",200.4095,"[0.20190215110778809, 0.23883746564388275, 0.3680316209793091, 0.6128300428390503, 0.6443354487419128]",23,"[0.19675596058368683, 0.3113718628883362, 0.48939284682273865, 0.6428274512290955, 0.7859684228897095]",1,5,4,0.2,0.25,0.22222222222222224,0.004389405250549316,0.004389405250549316,2,5,4,0.4,0.5,0.4444444444444445,0.006171926856040955,0.01234385371208191,2,5,4,0.4,0.5,0.4444444444444445,0.006171926856040955,0.01234385371208191,3,5,4,0.6,0.75,0.6666666666666665,0.01715470353762309,0.05146411061286926,"[0.1487192064523697, 0.18533582985401154, 0.3188883364200592, 0.6119036078453064, 0.649224042892456]",0,5,4,0.0,0.0,0.0,,0.0,0,5,4,0.0,0.0,0.0,,0.0,1,5,4,0.2,0.25,0.22222222222222224,0.019374579191207886,0.019374579191207886,2,5,4,0.4,0.5,0.4444444444444445,0.02548918128013611,0.05097836256027222
828,20828,119,17,12,28,"[0.03442287817597389, 0.09667426347732544, 0.16145004332065582, 0.2343052625656128, 0.3037889003753662, 0.3701005280017853, 0.4061170816421509, 0.4449785351753235, 0.5141171216964722, 0.5876474976539612, 0.6318396329879761, 0.6675958633422852, 0.7363278865814209, 0.7974103093147278, 0.8618845343589783, 0.9239252209663391, 0.9653322696685791]","[0.03442287817597389, 0.16145004332065582, 0.3037889003753662, 0.3701005280017853, 0.4061170816421509, 0.5876474976539612, 0.6318396329879761, 0.6675958633422852, 0.7363278865814209, 0.7974103093147278, 0.8618845343589783, 0.9239252209663391]","[0.020750559866428375, 0.05359184369444847, 0.08873879164457321, 0.12804313004016876, 0.17890366911888123, 0.22095632553100586, 0.2568247616291046, 0.28968337178230286, 0.32231491804122925, 0.3582671284675598, 0.38771113753318787, 0.4237840175628662, 0.45539674162864685, 0.4889260232448578, 0.5175862908363342, 0.5474680662155151, 0.5799669623374939, 0.6099320650100708, 0.6408461928367615, 0.6726514101028442, 0.706209123134613, 0.7401727437973022, 0.7734500765800476, 0.803805947303772, 0.8340051174163818, 0.8672359585762024, 0.9043883681297302, 0.9450938105583191]",0.016939304769039154,"[""ours_then_hard"", ""ours_then_hard"", ""hard_then_ours""]",17,5,0,9.547633089823648e-05,False,"[13.0906, 19.7084, 13.217]",13.217,"[0.12110651284456253, 0.1826615333557129, 0.22633402049541473, 0.2993728816509247, 0.3422141373157501, 0.3680225908756256, 0.39631590247154236, 0.43036407232284546, 0.4633851647377014, 0.4984053075313568, 0.5347388982772827, 0.5847199559211731, 0.6401357650756836, 0.6910265684127808, 0.753463625907898, 0.7847399115562439, 0.8489412069320679]",15,3,-2,2.068420872092247e-05,True,"[139.113, 143.1426, 127.0627]",139.113,"[0.020750559866428375, 0.08873879164457321, 0.12804313004016876, 0.17890366911888123, 0.28968337178230286, 0.32231491804122925, 0.3582671284675598, 0.45539674162864685, 0.5799669623374939, 0.6408461928367615, 0.6726514101028442, 0.7734500765800476, 0.803805947303772, 0.8672359585762024, 0.9450938105583191]",13,"[0.11248604953289032, 0.18968744575977325, 0.24148911237716675, 0.33542418479919434, 0.38468271493911743, 0.40853798389434814, 0.4299665093421936, 0.45383381843566895, 0.48207977414131165, 0.5063412189483643, 0.5350198745727539, 0.5821269750595093, 0.6386708617210388, 0.6863105297088623, 0.7472975254058838, 0.7951326966285706, 0.8631866574287415]",3,17,12,0.17647058823529413,0.25,0.20689655172413793,0.0020002126693725586,0.006000638008117676,5,17,12,0.29411764705882354,0.4166666666666667,0.3448275862068966,0.003670477867126465,0.018352389335632324,8,17,12,0.47058823529411764,0.6666666666666666,0.5517241379310345,0.007827360183000565,0.06261888146400452,10,17,12,0.5882352941176471,0.8333333333333334,0.6896551724137931,0.014321815967559815,0.14321815967559814,"[0.017841815948486328, 0.08422762155532837, 0.12013518810272217, 0.18533118069171906, 0.32275110483169556, 0.36536985635757446, 0.4000125825405121, 0.4746224880218506, 0.5783281922340393, 0.6395333409309387, 0.6684680581092834, 0.7786113619804382, 0.8214907646179199, 0.8773059248924255, 0.9496443271636963]",2,15,12,0.13333333333333333,0.16666666666666666,0.14814814814814814,0.0028014332056045532,0.0056028664112091064,5,15,12,0.3333333333333333,0.4166666666666667,0.3703703703703704,0.005744075775146485,0.028720378875732422,9,15,12,0.6,0.75,0.6666666666666665,0.010942664825254016,0.09848398342728615,12,15,12,0.8,1.0,0.888888888888889,0.017756910684208076,0.2130829282104969
88,20088,120,7,5,28,"[0.10428165644407272, 0.284606009721756, 0.4085628390312195, 0.4914495646953583, 0.5599702000617981, 0.8158045411109924, 0.906213641166687]","[0.10428165644407272, 0.4085628390312195, 0.4914495646953583, 0.8158045411109924, 0.906213641166687]","[0.020067982375621796, 0.0507519505918026, 0.08509258925914764, 0.12359970062971115, 0.16561348736286163, 0.20704853534698486, 0.24176354706287384, 0.27490127086639404, 0.3079887628555298, 0.3415449559688568, 0.37405627965927124, 0.4062153995037079, 0.4381651282310486, 0.47056567668914795, 0.5027486085891724, 0.5343908071517944, 0.5655180215835571, 0.5963385105133057, 0.6271206736564636, 0.6583501696586609, 0.6910536885261536, 0.7256432771682739, 0.7606028914451599, 0.7933935523033142, 0.824406087398529, 0.8581353425979614, 0.8969866633415222, 0.9403259754180908]",0.023322366178035736,"[""hard_then_ours"", ""ours_then_hard"", ""ours_then_hard""]",9,4,2,3.5285756894154474e-05,False,"[14.1741, 17.3667, 18.6333]",17.3667,"[0.20143982768058777, 0.3142804503440857, 0.34660035371780396, 0.38532328605651855, 0.4442614018917084, 0.4935293197631836, 0.5683596730232239, 0.6126670837402344, 0.7757618427276611]",6,1,-1,2.3643056920263916e-05,True,"[188.2086, 209.8601, 188.2518]",188.2518,"[0.08509258925914764, 0.24176354706287384, 0.4062153995037079, 0.5027486085891724, 0.7606028914451599, 0.8581353425979614]",22,"[0.17381925880908966, 0.2797239422798157, 0.31565913558006287, 0.3589892089366913, 0.41905540227890015, 0.47954684495925903, 0.554253876209259, 0.6002379655838013, 0.8043633699417114]",0,9,5,0.0,0.0,0.0,,0.0,0,9,5,0.0,0.0,0.0,,0.0,3,9,5,0.3333333333333333,0.6,0.42857142857142855,0.011278818051020304,0.03383645415306091,3,9,5,0.3333333333333333,0.6,0.42857142857142855,0.024305840333302815,0.07291752099990845,"[0.06658349931240082, 0.20830506086349487, 0.38295772671699524, 0.48774850368499756, 0.7893038392066956, 0.8913910388946533]",1,6,5,0.16666666666666666,0.2,0.1818181818181818,0.0037010610103607178,0.0037010610103607178,1,6,5,0.16666666666666666,0.2,0.1818181818181818,0.0037010610103607178,0.0037010610103607178,2,6,5,0.3333333333333333,0.4,0.3636363636363636,0.009261831641197205,0.01852366328239441,5,6,5,0.8333333333333334,1.0,0.9090909090909091,0.021665526926517485,0.10832763463258743
43,20043,121,12,6,28,"[0.06275105476379395, 0.17467552423477173, 0.26799216866493225, 0.3863612115383148, 0.42712604999542236, 0.5105283260345459, 0.6071065664291382, 0.6633644700050354, 0.7818465828895569, 0.8230742812156677, 0.8909997940063477, 0.9445867538452148]","[0.06275105476379395, 0.26799216866493225, 0.5105283260345459, 0.6071065664291382, 0.8230742812156677, 0.9445867538452148]","[0.01862870156764984, 0.046840548515319824, 0.07836809009313583, 0.11338265240192413, 0.15128520131111145, 0.19015128910541534, 0.22539128363132477, 0.2569187581539154, 0.2875801622867584, 0.31870728731155396, 0.3496960997581482, 0.3804319202899933, 0.4109012186527252, 0.441043883562088, 0.47106418013572693, 0.5015392899513245, 0.5329071879386902, 0.5654697418212891, 0.5986552238464355, 0.6321979761123657, 0.6668682098388672, 0.7031739950180054, 0.7406331300735474, 0.7771897912025452, 0.8119937777519226, 0.8483371138572693, 0.8901879191398621, 0.9367649555206299]",0.019470812752842903,"[""hard_then_ours"", ""hard_then_ours"", ""hard_then_ours""]",7,1,-5,2.8893469789181836e-05,False,"[18.0826, 12.6444, 19.9758]",18.0826,"[0.23612764477729797, 0.30677565932273865, 0.3924475908279419, 0.5028991103172302, 0.6674115061759949, 0.8153572082519531, 0.8521860837936401]",6,0,-6,2.0116471205255948e-05,True,"[202.7372, 201.801, 197.4698]",201.801,"[0.19015128910541534, 0.4109012186527252, 0.5329071879386902, 0.5654697418212891, 0.7771897912025452, 0.8901879191398621]",22,"[0.245367631316185, 0.3262288570404053, 0.41299715638160706, 0.5163816809654236, 0.6909347772598267, 0.8484654426574707, 0.8741980195045471]",0,7,6,0.0,0.0,0.0,,0.0,1,7,6,0.14285714285714285,0.16666666666666666,0.15384615384615383,0.0058533549308776855,0.0058533549308776855,1,7,6,0.14285714285714285,0.16666666666666666,0.15384615384615383,0.0058533549308776855,0.0058533549308776855,3,7,6,0.42857142857142855,0.5,0.4615384615384615,0.01795635124047597,0.05386905372142792,"[0.18445539474487305, 0.4288831055164337, 0.5481334328651428, 0.577514111995697, 0.8106440305709839, 0.9075444340705872]",0,6,6,0.0,0.0,0.0,,0.0,0,6,6,0.0,0.0,0.0,,0.0,1,6,6,0.16666666666666666,0.16666666666666666,0.16666666666666666,0.012430250644683838,0.012430250644683838,4,6,6,0.6666666666666666,0.6666666666666666,0.6666666666666666,0.029167532920837402,0.11667013168334961
811,20811,122,6,3,28,"[0.13257527351379395, 0.34312066435813904, 0.5003538727760315, 0.6951389312744141, 0.7743735313415527, 0.8509220480918884]","[0.13257527351379395, 0.6951389312744141, 0.8509220480918884]","[0.019630249589681625, 0.048834145069122314, 0.08161821961402893, 0.11764265596866608, 0.1563338190317154, 0.1940382421016693, 0.22852887213230133, 0.2596670389175415, 0.28982892632484436, 0.32038313150405884, 0.350335955619812, 0.38056430220603943, 0.41090884804725647, 0.44127824902534485, 0.4715997874736786, 0.5022631287574768, 0.5334252715110779, 0.5651682019233704, 0.5971388816833496, 0.6297528147697449, 0.6638402938842773, 0.6999936103820801, 0.7380856275558472, 0.7754905223846436, 0.8104437589645386, 0.8469405174255371, 0.8892122507095337, 0.9361621141433716]",0.03151374310255051,"[""ours_then_hard"", ""hard_then_ours"", ""hard_then_ours""]",6,3,0,3.38409845426213e-05,False,"[15.0454, 17.9839, 20.0997]",17.9839,"[0.25214388966560364, 0.4757877588272095, 0.6279321312904358, 0.7593563795089722, 0.8079392910003662, 0.8295672535896301]",4,1,-2,2.3712244001217186e-05,True,"[215.3365, 200.6045, 217.9661]",215.3365,"[0.1563338190317154, 0.32038313150405884, 0.5971388816833496, 0.8104437589645386]",24,"[0.21264715492725372, 0.49402689933776855, 0.6741284728050232, 0.7999488711357117, 0.847758412361145, 0.8678483366966248]",1,6,3,0.16666666666666666,0.3333333333333333,0.2222222222222222,0.003163635730743408,0.003163635730743408,1,6,3,0.16666666666666666,0.3333333333333333,0.2222222222222222,0.003163635730743408,0.003163635730743408,1,6,3,0.16666666666666666,0.3333333333333333,0.2222222222222222,0.003163635730743408,0.003163635730743408,2,6,3,0.3333333333333333,0.6666666666666666,0.4444444444444444,0.012087047100067139,0.024174094200134277,"[0.11453382670879364, 0.29780179262161255, 0.6365073323249817, 0.8501508831977844]",1,4,3,0.25,0.3333333333333333,0.28571428571428575,0.0007711648941040039,0.0007711648941040039,1,4,3,0.25,0.3333333333333333,0.28571428571428575,0.0007711648941040039,0.0007711648941040039,2,4,3,0.5,0.6666666666666666,0.5714285714285715,0.009406305849552155,0.01881261169910431,2,4,3,0.5,0.6666666666666666,0.5714285714285715,0.009406305849552155,0.01881261169910431
762,20762,123,9,7,28,"[0.05868978425860405, 0.1337500363588333, 0.3008868992328644, 0.39099517464637756, 0.4654577970504761, 0.5429592728614807, 0.6057721376419067, 0.7492882013320923, 0.8958723545074463]","[0.05868978425860405, 0.3008868992328644, 0.39099517464637756, 0.4654577970504761, 0.5429592728614807, 0.6057721376419067, 0.8958723545074463]","[0.019638925790786743, 0.04887761175632477, 0.08277811110019684, 0.12162353843450546, 0.16396872699260712, 0.20886994898319244, 0.24399179220199585, 0.2783210277557373, 0.315580278635025, 0.3493056297302246, 0.38269564509391785, 0.41487693786621094, 0.44674256443977356, 0.47823986411094666, 0.5091972351074219, 0.5397832989692688, 0.5699533224105835, 0.5999364852905273, 0.630623996257782, 0.662079930305481, 0.6951213479042053, 0.729607105255127, 0.7632942199707031, 0.797169029712677, 0.8284995555877686, 0.8618720769882202, 0.8999454975128174, 0.9421648979187012]",0.026074927300214767,"[""hard_then_ours"", ""ours_then_hard"", ""ours_then_hard""]",10,3,1,5.9292720834491774e-05,False,"[15.6855, 18.0288, 17.8499]",17.8499,"[0.08743446320295334, 0.14686331152915955, 0.20136839151382446, 0.2507423758506775, 0.32251274585723877, 0.3891712427139282, 0.5034396052360535, 0.6136220693588257, 0.7118721008300781, 0.8071788549423218]",9,2,0,2.456838592479471e-05,True,"[179.9922, 200.951, 175.1698]",179.9922,"[0.08277811110019684, 0.16396872699260712, 0.20886994898319244, 0.38269564509391785, 0.5397832989692688, 0.5699533224105835, 0.662079930305481, 0.8618720769882202, 0.8999454975128174]",19,"[0.06514865159988403, 0.1174103394150734, 0.18383657932281494, 0.24031569063663483, 0.31298401951789856, 0.37048304080963135, 0.47125956416130066, 0.5671461820602417, 0.6777377724647522, 0.7938293218612671]",0,10,7,0.0,0.0,0.0,,0.0,2,10,7,0.2,0.2857142857142857,0.23529411764705882,0.006130317226052284,0.012260634452104568,3,10,7,0.3,0.42857142857142855,0.3529411764705882,0.00811925157904625,0.024357754737138748,5,10,7,0.5,0.7142857142857143,0.588235294117647,0.01381135955452919,0.06905679777264595,"[0.06029808893799782, 0.13744671642780304, 0.19551433622837067, 0.36670565605163574, 0.499894380569458, 0.5280584692955017, 0.6175890564918518, 0.8572904467582703, 0.911424458026886]",1,9,7,0.1111111111111111,0.14285714285714285,0.125,0.0016083046793937683,0.0016083046793937683,1,9,7,0.1111111111111111,0.14285714285714285,0.125,0.0016083046793937683,0.0016083046793937683,4,9,7,0.4444444444444444,0.5714285714285714,0.5,0.010969532653689384,0.04387813061475754,6,9,7,0.6666666666666666,0.8571428571428571,0.75,0.020939006159702938,0.12563403695821762
1008,21008,124,16,10,28,"[0.08644047379493713, 0.12081057578325272, 0.21341481804847717, 0.2750781178474426, 0.32523420453071594, 0.3834399878978729, 0.4492899179458618, 0.49121639132499695, 0.5824231505393982, 0.6364114284515381, 0.6820189952850342, 0.758715808391571, 0.8125395774841309, 0.8745741248130798, 0.9142240285873413, 0.964280903339386]","[0.12081057578325272, 0.2750781178474426, 0.32523420453071594, 0.4492899179458618, 0.49121639132499695, 0.6820189952850342, 0.8125395774841309, 0.8745741248130798, 0.9142240285873413, 0.964280903339386]","[0.01928240805864334, 0.048273056745529175, 0.0809064507484436, 0.11843226104974747, 0.1597474217414856, 0.20185503363609314, 0.2380267232656479, 0.26891836524009705, 0.2989787757396698, 0.3311757445335388, 0.3645555078983307, 0.3968160152435303, 0.42829209566116333, 0.4591701328754425, 0.4895346760749817, 0.5201136469841003, 0.5512979626655579, 0.5826291441917419, 0.6141254901885986, 0.6458255648612976, 0.6788814663887024, 0.7139909863471985, 0.7501286864280701, 0.7845985889434814, 0.8168435096740723, 0.8508254289627075, 0.8911072611808777, 0.936906635761261]",0.013599899597465992,"[""ours_then_hard"", ""ours_then_hard"", ""ours_then_hard""]",11,1,-5,7.582690159324557e-05,False,"[19.8526, 23.8736, 18.9593]",19.8526,"[0.10456667095422745, 0.16828802227973938, 0.24050869047641754, 0.25247812271118164, 0.3684895932674408, 0.4052078127861023, 0.4740279018878937, 0.5781249403953552, 0.6761600375175476, 0.7184997200965881, 0.8047234416007996]",16,6,0,2.2011794499121606e-05,True,"[143.9679, 146.1431, 122.1395]",143.9679,"[0.048273056745529175, 0.1597474217414856, 0.20185503363609314, 0.26891836524009705, 0.2989787757396698, 0.42829209566116333, 0.4591701328754425, 0.5201136469841003, 0.5512979626655579, 0.6141254901885986, 0.6458255648612976, 0.7139909863471985, 0.7845985889434814, 0.8508254289627075, 0.8911072611808777, 0.936906635761261]",12,"[0.09976889193058014, 0.17066527903079987, 0.24527975916862488, 0.25803515315055847, 0.36848965287208557, 0.40257662534713745, 0.4781818985939026, 0.5856637954711914, 0.6961723566055298, 0.7389836311340332, 0.8306450843811035]",0,11,10,0.0,0.0,0.0,,0.0,0,11,10,0.0,0.0,0.0,,0.0,4,11,10,0.36363636363636365,0.4,0.380952380952381,0.015584081411361694,0.06233632564544678,7,11,10,0.6363636363636364,0.7,0.6666666666666666,0.026586020631449565,0.18610214442014694,"[0.0434487983584404, 0.16023340821266174, 0.20946741104125977, 0.27865222096443176, 0.3104403614997864, 0.42491990327835083, 0.46419772505760193, 0.5233566761016846, 0.558649480342865, 0.6309852004051208, 0.6662789583206177, 0.733237624168396, 0.8170661926269531, 0.871713399887085, 0.9103411436080933, 0.9472023844718933]",4,16,10,0.25,0.4,0.3076923076923077,0.0037110820412635803,0.014844328165054321,4,16,10,0.25,0.4,0.3076923076923077,0.0037110820412635803,0.014844328165054321,8,16,10,0.5,0.8,0.6153846153846154,0.009670566767454147,0.07736453413963318,10,16,10,0.625,1.0,0.7692307692307693,0.01532682403922081,0.1532682403922081
409,20409,125,15,10,28,"[0.07550021260976791, 0.12828603386878967, 0.16472233831882477, 0.23142418265342712, 0.30691543221473694, 0.3511008620262146, 0.42901086807250977, 0.5072672963142395, 0.5859919786453247, 0.6595641374588013, 0.7215770483016968, 0.7935031056404114, 0.8389900922775269, 0.8986906409263611, 0.9419571161270142]","[0.12828603386878967, 0.16472233831882477, 0.30691543221473694, 0.3511008620262146, 0.42901086807250977, 0.5072672963142395, 0.6595641374588013, 0.7215770483016968, 0.8389900922775269, 0.9419571161270142]","[0.019699491560459137, 0.04964594915509224, 0.08369498699903488, 0.12285033613443375, 0.16667312383651733, 0.21082733571529388, 0.24771535396575928, 0.2813078463077545, 0.3131471574306488, 0.3453611433506012, 0.37769004702568054, 0.41028016805648804, 0.44140443205833435, 0.47151339054107666, 0.5006167888641357, 0.5291483998298645, 0.5589776635169983, 0.5903246998786926, 0.6213805079460144, 0.6527408957481384, 0.6856778860092163, 0.7215573191642761, 0.7604329586029053, 0.7952442765235901, 0.8262046575546265, 0.8596543669700623, 0.8985984325408936, 0.941656231880188]",0.025539260357618332,"[""hard_then_ours"", ""ours_then_hard"", ""ours_then_hard""]",10,0,-5,6.586879317183048e-05,False,"[16.2146, 15.273, 17.1246]",16.2146,"[0.1687801033258438, 0.23473046720027924, 0.25790393352508545, 0.406997948884964, 0.47940438985824585, 0.6318755149841309, 0.6726135611534119, 0.760916531085968, 0.8185743093490601, 0.9047168493270874]",12,2,-3,2.3990740373847075e-05,True,"[145.4031, 153.3038, 160.9329]",153.3038,"[0.21082733571529388, 0.3453611433506012, 0.37769004702568054, 0.44140443205833435, 0.47151339054107666, 0.5291483998298645, 0.5903246998786926, 0.6856778860092163, 0.7215573191642761, 0.8262046575546265, 0.8596543669700623, 0.941656231880188]",16,"[0.13773253560066223, 0.1948886513710022, 0.21538260579109192, 0.36983099579811096, 0.44307512044906616, 0.615115761756897, 0.6545145511627197, 0.7526862621307373, 0.8209794163703918, 0.9158758521080017]",0,10,10,0.0,0.0,0.0,,0.0,2,10,10,0.2,0.2,0.20000000000000004,0.007248044013977051,0.014496088027954102,5,10,10,0.5,0.5,0.5,0.013060230016708373,0.06530115008354187,8,10,10,0.8,0.8,0.8000000000000002,0.02400709129869938,0.19205673038959503,"[0.17299439013004303, 0.3045305609703064, 0.3458811938762665, 0.41318947076797485, 0.43605470657348633, 0.5015079975128174, 0.5712716579437256, 0.6712952256202698, 0.7075417637825012, 0.8285134434700012, 0.8701369166374207, 0.9481335878372192]",1,12,10,0.08333333333333333,0.1,0.0909090909090909,0.002384871244430542,0.002384871244430542,6,12,10,0.5,0.6,0.5454545454545454,0.005809366703033447,0.034856200218200684,9,12,10,0.75,0.9,0.8181818181818182,0.008875197834438749,0.07987678050994873,9,12,10,0.75,0.9,0.8181818181818182,0.01292367610666487,0.11631308495998383
721,20721,126,16,8,28,"[0.05235140770673752, 0.08628614246845245, 0.12194134294986725, 0.18673336505889893, 0.26816678047180176, 0.3233824670314789, 0.36018210649490356, 0.4211357533931732, 0.48390278220176697, 0.5217778086662292, 0.589911162853241, 0.66820228099823, 0.7233309149742126, 0.80024254322052, 0.8642744421958923, 0.9368529319763184]","[0.08628614246845245, 0.12194134294986725, 0.26816678047180176, 0.3233824670314789, 0.4211357533931732, 0.66820228099823, 0.7233309149742126, 0.9368529319763184]","[0.017634157091379166, 0.04257951304316521, 0.0713750496506691, 0.10554343461990356, 0.14352311193943024, 0.18494784832000732, 0.22124193608760834, 0.25132542848587036, 0.2843143939971924, 0.3132530748844147, 0.3425583243370056, 0.372454434633255, 0.40376853942871094, 0.43386852741241455, 0.4639081656932831, 0.4946288466453552, 0.5249773263931274, 0.5579891204833984, 0.592075526714325, 0.6255548596382141, 0.6598445177078247, 0.6959236860275269, 0.7350432872772217, 0.773944079875946, 0.8089922666549683, 0.8450028896331787, 0.887902557849884, 0.9359645247459412]",0.020615972578525543,"[""ours_then_hard"", ""ours_then_hard"", ""hard_then_ours""]",15,7,-1,3.268980799475685e-05,False,"[18.2198, 16.3803, 15.2026]",16.3803,"[0.06861606240272522, 0.12350349128246307, 0.23667825758457184, 0.2938840091228485, 0.4002456068992615, 0.45411887764930725, 0.5016402006149292, 0.5822688341140747, 0.6159155964851379, 0.6374407410621643, 0.6580996513366699, 0.7278457283973694, 0.7883022427558899, 0.8072963356971741, 0.866348922252655]",14,6,-2,1.950252044480294e-05,True,"[150.1078, 141.7101, 128.3253]",141.7101,"[0.04257951304316521, 0.0713750496506691, 0.14352311193943024, 0.3132530748844147, 0.3425583243370056, 0.40376853942871094, 0.4639081656932831, 0.4946288466453552, 0.5249773263931274, 0.5579891204833984, 0.592075526714325, 0.6598445177078247, 0.7350432872772217, 0.887902557849884]",14,"[0.052904073148965836, 0.09783244878053665, 0.20031563937664032, 0.25926026701927185, 0.3717508614063263, 0.43098559975624084, 0.48551854491233826, 0.5709920525550842, 0.6056303381919861, 0.628380537033081, 0.6524991989135742, 0.7261779308319092, 0.7921139001846313, 0.8129739761352539, 0.8756206035614014]",1,15,8,0.06666666666666667,0.125,0.08695652173913045,0.002847015857696533,0.002847015857696533,3,15,8,0.2,0.375,0.26086956521739135,0.0072011252244313555,0.021603375673294067,5,15,8,0.3333333333333333,0.625,0.43478260869565216,0.009770552814006805,0.04885276407003403,7,15,8,0.4666666666666667,0.875,0.608695652173913,0.023897782500301088,0.16728447750210762,"[0.030539123341441154, 0.055193524807691574, 0.11284899711608887, 0.2817654013633728, 0.31456610560417175, 0.3765816390514374, 0.44293448328971863, 0.4788854420185089, 0.5050914883613586, 0.5477383732795715, 0.5819162130355835, 0.6541051864624023, 0.7337818741798401, 0.8912765383720398]",0,14,8,0.0,0.0,0.0,,0.0,2,14,8,0.14285714285714285,0.25,0.18181818181818182,0.008954353630542755,0.01790870726108551,5,14,8,0.35714285714285715,0.625,0.45454545454545453,0.011211076378822326,0.05605538189411163,8,14,8,0.5714285714285714,1.0,0.7272727272727273,0.022159813437610865,0.17727850750088692
21,20021,127,18,11,28,"[0.05513819679617882, 0.12048123776912689, 0.1754549741744995, 0.21940726041793823, 0.26996538043022156, 0.32691025733947754, 0.39182400703430176, 0.42991185188293457, 0.4631950855255127, 0.522741436958313, 0.5756139159202576, 0.6351590752601624, 0.6845236420631409, 0.735981822013855, 0.7725693583488464, 0.8262866735458374, 0.8845101594924927, 0.9433984160423279]","[0.05513819679617882, 0.12048123776912689, 0.1754549741744995, 0.26996538043022156, 0.32691025733947754, 0.39182400703430176, 0.4631950855255127, 0.6351590752601624, 0.6845236420631409, 0.735981822013855, 0.8845101594924927]","[0.01992780901491642, 0.05020713061094284, 0.08513255417346954, 0.12528550624847412, 0.17050908505916595, 0.2132575511932373, 0.24987910687923431, 0.28090327978134155, 0.31479212641716003, 0.3478875756263733, 0.3785738945007324, 0.4082200527191162, 0.43712666630744934, 0.4656082093715668, 0.4968162477016449, 0.5282261371612549, 0.5594782829284668, 0.5904263854026794, 0.6211275458335876, 0.652024507522583, 0.6849724054336548, 0.7200570106506348, 0.7554312348365784, 0.7886106371879578, 0.8202648162841797, 0.8546761274337769, 0.894366979598999, 0.9388479590415955]",0.013046128675341606,"[""ours_then_hard"", ""hard_then_ours"", ""ours_then_hard""]",10,-1,-8,6.38635756331496e-05,False,"[15.8614, 21.1581, 17.4322]",17.4322,"[0.1329965740442276, 0.2150355577468872, 0.3103758990764618, 0.3605740964412689, 0.3823222815990448, 0.4030352830886841, 0.44294315576553345, 0.5593527555465698, 0.6386106014251709, 0.7532597184181213]",14,3,-4,2.052757190540433e-05,True,"[126.4292, 147.952, 145.465]",145.465,"[0.05020713061094284, 0.12528550624847412, 0.17050908505916595, 0.2132575511932373, 0.28090327978134155, 0.3478875756263733, 0.3785738945007324, 0.4968162477016449, 0.5282261371612549, 0.652024507522583, 0.7200570106506348, 0.7554312348365784, 0.894366979598999, 0.9388479590415955]",14,"[0.11417113989591599, 0.19466601312160492, 0.2938103973865509, 0.35361984372138977, 0.38040271401405334, 0.40181267261505127, 0.43790268898010254, 0.5520492196083069, 0.6221980452537537, 0.7371349334716797]",1,10,11,0.1,0.09090909090909091,0.09523809523809525,0.001153111457824707,0.001153111457824707,3,10,11,0.3,0.2727272727272727,0.28571428571428564,0.005817291637261708,0.017451874911785126,5,10,11,0.5,0.45454545454545453,0.47619047619047616,0.010211314260959625,0.051056571304798126,8,10,11,0.8,0.7272727272727273,0.761904761904762,0.015862946398556232,0.12690357118844986,"[0.03551648184657097, 0.1073027104139328, 0.1561133861541748, 0.19267143309116364, 0.26667407155036926, 0.336918443441391, 0.37710243463516235, 0.490816205739975, 0.5154247283935547, 0.6322102546691895, 0.7027739882469177, 0.7391988039016724, 0.8991409540176392, 0.9485994577407837]",3,14,11,0.21428571428571427,0.2727272727272727,0.23999999999999996,0.0031523704528808594,0.009457111358642578,3,14,11,0.21428571428571427,0.2727272727272727,0.23999999999999996,0.0031523704528808594,0.009457111358642578,10,14,11,0.7142857142857143,0.9090909090909091,0.8,0.011920984089374542,0.11920984089374542,11,14,11,0.7857142857142857,1.0,0.88,0.013348269191655245,0.1468309611082077
316,20316,128,12,8,28,"[0.08017729222774506, 0.1542283147573471, 0.23110897839069366, 0.3317788243293762, 0.4232402443885803, 0.4865776598453522, 0.5878636837005615, 0.6318407654762268, 0.7064225673675537, 0.7919641733169556, 0.8754335641860962, 0.935778796672821]","[0.08017729222774506, 0.23110897839069366, 0.3317788243293762, 0.4232402443885803, 0.5878636837005615, 0.7064225673675537, 0.7919641733169556, 0.935778796672821]","[0.019724465906620026, 0.04942905157804489, 0.08339066803455353, 0.12095823884010315, 0.16299989819526672, 0.20409433543682098, 0.2396349161863327, 0.2717350721359253, 0.3026634752750397, 0.33266234397888184, 0.36404502391815186, 0.39537906646728516, 0.42560264468193054, 0.45541849732398987, 0.4846875071525574, 0.5133178234100342, 0.5428145527839661, 0.574955403804779, 0.6067473292350769, 0.6385570764541626, 0.671357274055481, 0.7056706547737122, 0.7404218912124634, 0.7756058573722839, 0.8103700280189514, 0.8465367555618286, 0.8884623646736145, 0.9356210827827454]",0.01678847149014473,"[""hard_then_ours"", ""hard_then_ours"", ""ours_then_hard""]",11,3,-1,9.74082577158697e-05,False,"[19.5338, 18.7326, 18.0066]",18.7326,"[0.18450091779232025, 0.2234652042388916, 0.2503591477870941, 0.2988945245742798, 0.35580846667289734, 0.42948615550994873, 0.4693317413330078, 0.5519711375236511, 0.5939648151397705, 0.6640898585319519, 0.7389515042304993]",12,4,0,2.288285941176582e-05,True,"[163.9003, 159.1259, 164.7768]",163.9003,"[0.16299989819526672, 0.20409433543682098, 0.3026634752750397, 0.33266234397888184, 0.42560264468193054, 0.5133178234100342, 0.5428145527839661, 0.6067473292350769, 0.7056706547737122, 0.7756058573722839, 0.8884623646736145, 0.9356210827827454]",16,"[0.16101965308189392, 0.19744013249874115, 0.23771105706691742, 0.29638415575027466, 0.3577772080898285, 0.4397795796394348, 0.47506746649742126, 0.5705140829086304, 0.6109371185302734, 0.6793739199638367, 0.7553218007087708]",0,11,8,0.0,0.0,0.0,,0.0,1,11,8,0.09090909090909091,0.125,0.10526315789473685,0.006602078676223755,0.006602078676223755,3,11,8,0.2727272727272727,0.375,0.3157894736842105,0.013497004906336466,0.0404910147190094,6,11,8,0.5454545454545454,0.75,0.631578947368421,0.027773911754290264,0.16664347052574158,"[0.1426815241575241, 0.17883524298667908, 0.3004322946071625, 0.33108729124069214, 0.43679845333099365, 0.5244226455688477, 0.5592749118804932, 0.6240573525428772, 0.7177327871322632, 0.7965252995491028, 0.9142786264419556, 0.9506212472915649]",2,12,8,0.16666666666666666,0.25,0.2,0.0026263296604156494,0.005252659320831299,2,12,8,0.16666666666666666,0.25,0.2,0.0026263296604156494,0.005252659320831299,5,12,8,0.4166666666666667,0.625,0.5,0.0089927077293396,0.044963538646698,6,12,8,0.5,0.75,0.6,0.0184775044520696,0.1108650267124176
931,20931,129,9,7,28,"[0.11721040308475494, 0.24275226891040802, 0.3508380055427551, 0.4024445712566376, 0.5252318978309631, 0.6145288944244385, 0.7527956962585449, 0.8343724608421326, 0.9459353685379028]","[0.11721040308475494, 0.24275226891040802, 0.3508380055427551, 0.4024445712566376, 0.5252318978309631, 0.7527956962585449, 0.9459353685379028]","[0.0194205604493618, 0.04949275776743889, 0.08224772661924362, 0.11906389147043228, 0.1591067761182785, 0.19754326343536377, 0.2338787317276001, 0.267284095287323, 0.29986336827278137, 0.33157745003700256, 0.3643733859062195, 0.3964911997318268, 0.4278831481933594, 0.45867806673049927, 0.4905882179737091, 0.5228118300437927, 0.5547733306884766, 0.5867932438850403, 0.6188783645629883, 0.6517534255981445, 0.6860991716384888, 0.7221000790596008, 0.7583194971084595, 0.7923408150672913, 0.824669599533081, 0.8594375252723694, 0.8987075090408325, 0.9417669773101807]",0.029593702405691147,"[""ours_then_hard"", ""ours_then_hard"", ""hard_then_ours""]",8,1,-1,7.267299952218309e-05,False,"[16.4904, 16.7313, 16.3637]",16.4904,"[0.17988666892051697, 0.25423920154571533, 0.36258620023727417, 0.4000253677368164, 0.5671811699867249, 0.7305544018745422, 0.8028238415718079, 0.8522681593894958]",8,1,-1,2.024475543294102e-05,True,"[202.1199, 204.6884, 175.1882]",202.1199,"[0.11906389147043228, 0.2338787317276001, 0.29986336827278137, 0.3964911997318268, 0.4905882179737091, 0.6188783645629883, 0.6517534255981445, 0.8987075090408325]",20,"[0.18486562371253967, 0.27209022641181946, 0.3882736265659332, 0.42549604177474976, 0.6089171767234802, 0.7699151635169983, 0.8390045166015625, 0.8812738656997681]",0,8,7,0.0,0.0,0.0,,0.0,0,8,7,0.0,0.0,0.0,,0.0,2,8,7,0.25,0.2857142857142857,0.26666666666666666,0.015645205974578857,0.031290411949157715,4,8,7,0.5,0.5714285714285714,0.5333333333333333,0.026736129075288773,0.10694451630115509,"[0.11209338158369064, 0.24858887493610382, 0.3231818974018097, 0.4224853813648224, 0.5265049934387207, 0.6611852645874023, 0.7009510397911072, 0.9223347902297974]",1,8,7,0.125,0.14285714285714285,0.13333333333333333,0.0012730956077575684,0.0012730956077575684,3,8,7,0.375,0.42857142857142855,0.39999999999999997,0.004075574378172557,0.01222672313451767,3,8,7,0.375,0.42857142857142855,0.39999999999999997,0.004075574378172557,0.01222672313451767,6,8,7,0.75,0.8571428571428571,0.7999999999999999,0.013920703281958898,0.08352421969175339
301,20301,130,17,11,28,"[0.06659191846847534, 0.12846748530864716, 0.2052137702703476, 0.24309319257736206, 0.27663132548332214, 0.33554884791374207, 0.40893617272377014, 0.4471645653247833, 0.5198448896408081, 0.5724058151245117, 0.60508131980896, 0.6488462686538696, 0.694390058517456, 0.752120852470398, 0.8155184388160706, 0.8845731616020203, 0.927236020565033]","[0.06659191846847534, 0.24309319257736206, 0.27663132548332214, 0.33554884791374207, 0.40893617272377014, 0.4471645653247833, 0.5198448896408081, 0.60508131980896, 0.6488462686538696, 0.8155184388160706, 0.927236020565033]","[0.01925438828766346, 0.04703754186630249, 0.07893664389848709, 0.11491438746452332, 0.15665851533412933, 0.19890554249286652, 0.23489780724048615, 0.2665055990219116, 0.2970427870750427, 0.32833120226860046, 0.3587450683116913, 0.3924098312854767, 0.42528605461120605, 0.455249547958374, 0.4887969493865967, 0.5209423899650574, 0.5524746179580688, 0.5833987593650818, 0.6133090257644653, 0.6461216807365417, 0.6799891591072083, 0.715347170829773, 0.7505690455436707, 0.7834409475326538, 0.8147829174995422, 0.8493264317512512, 0.8908236026763916, 0.937263011932373]",0.013183915987610817,"[""ours_then_hard"", ""hard_then_ours"", ""ours_then_hard""]",13,2,-4,8.6792599176988e-05,False,"[19.0273, 18.1656, 18.9053]",18.9053,"[0.19556543231010437, 0.22452017664909363, 0.3166380524635315, 0.3981896638870239, 0.4898867607116699, 0.5192098617553711, 0.5459495782852173, 0.5800843834877014, 0.6210793852806091, 0.6927205324172974, 0.7083430886268616, 0.7604662775993347, 0.8395256400108337]",14,3,-3,2.2351143343257718e-05,True,"[154.5024, 156.4922, 152.8411]",154.5024,"[0.07893664389848709, 0.11491438746452332, 0.15665851533412933, 0.19890554249286652, 0.23489780724048615, 0.3924098312854767, 0.42528605461120605, 0.455249547958374, 0.5209423899650574, 0.5833987593650818, 0.6133090257644653, 0.6461216807365417, 0.8147829174995422, 0.8908236026763916]",14,"[0.1896950751543045, 0.22308014333248138, 0.2866341769695282, 0.37330764532089233, 0.4828786551952362, 0.5262578129768372, 0.5487609505653381, 0.5813076496124268, 0.6146821975708008, 0.6864060163497925, 0.7017982006072998, 0.7556998133659363, 0.8503376841545105]",0,13,11,0.0,0.0,0.0,,0.0,2,13,11,0.15384615384615385,0.18181818181818182,0.16666666666666669,0.008006900548934937,0.016013801097869873,3,13,11,0.23076923076923078,0.2727272727272727,0.24999999999999994,0.008672217528025309,0.026016652584075928,8,13,11,0.6153846153846154,0.7272727272727273,0.6666666666666667,0.025332337245345116,0.20265869796276093,"[0.08025377243757248, 0.11047787964344025, 0.14594018459320068, 0.19340504705905914, 0.23152852058410645, 0.3682555854320526, 0.4036533832550049, 0.4338231086730957, 0.5284862518310547, 0.5838795900344849, 0.6077216863632202, 0.6424689292907715, 0.8197901844978333, 0.904443621635437]",2,14,11,0.14285714285714285,0.18181818181818182,0.16,0.0034560561180114746,0.006912112236022949,5,14,11,0.35714285714285715,0.45454545454545453,0.4,0.005442720651626587,0.027213603258132935,8,14,11,0.5714285714285714,0.7272727272727273,0.64,0.008222698234021664,0.06578158587217331,11,14,11,0.7857142857142857,1.0,0.88,0.023437782444737175,0.2578156068921089
519,20519,131,12,7,28,"[0.05306409299373627, 0.10028865188360214, 0.1427023708820343, 0.2446313500404358, 0.3173694908618927, 0.40227097272872925, 0.49814122915267944, 0.6015508770942688, 0.681288480758667, 0.7244378924369812, 0.8271499872207642, 0.8959960341453552]","[0.05306409299373627, 0.1427023708820343, 0.3173694908618927, 0.40227097272872925, 0.49814122915267944, 0.6015508770942688, 0.7244378924369812]","[0.02360738255083561, 0.05155910551548004, 0.0879591852426529, 0.13326679170131683, 0.18186727166175842, 0.22165770828723907, 0.25873810052871704, 0.2906240224838257, 0.3229721784591675, 0.34802907705307007, 0.3826400339603424, 0.41344255208969116, 0.44345250725746155, 0.4706708788871765, 0.49705734848976135, 0.5240551829338074, 0.5542715787887573, 0.582848846912384, 0.6108313798904419, 0.6400249600410461, 0.6703678369522095, 0.703019917011261, 0.7370094656944275, 0.7713342308998108, 0.8054760098457336, 0.8416665196418762, 0.8845054507255554, 0.933456540107727]",0.030450811609625816,"[""hard_then_ours"", ""hard_then_ours"", ""ours_then_hard""]",9,2,-3,0.0001368522789562121,False,"[18.2297, 19.2749, 20.8563]",19.2749,"[0.23143324255943298, 0.4087381064891815, 0.5137578248977661, 0.6642826795578003, 0.6807342171669006, 0.7422139644622803, 0.7776767611503601, 0.8107638955116272, 0.8483986854553223]",11,4,-1,2.2730679120286368e-05,True,"[165.8917, 171.5903, 166.9584]",166.9584,"[0.0879591852426529, 0.13326679170131683, 0.18186727166175842, 0.25873810052871704, 0.2906240224838257, 0.41344255208969116, 0.5240551829338074, 0.5542715787887573, 0.6400249600410461, 0.7713342308998108, 0.8416665196418762]",17,"[0.18248789012432098, 0.3582471013069153, 0.49007561802864075, 0.6619831919670105, 0.6793996691703796, 0.748028039932251, 0.7833255529403687, 0.817594587802887, 0.862480103969574]",0,9,7,0.0,0.0,0.0,,0.0,1,9,7,0.1111111111111111,0.14285714285714285,0.125,0.008065611124038696,0.008065611124038696,1,9,7,0.1111111111111111,0.14285714285714285,0.125,0.008065611124038696,0.008065611124038696,4,9,7,0.4444444444444444,0.5714285714285714,0.5,0.03344174101948738,0.13376696407794952,"[0.05418737232685089, 0.09051100164651871, 0.14523833990097046, 0.2074081301689148, 0.24574215710163116, 0.3623446822166443, 0.5004064440727234, 0.5312886834144592, 0.6365174651145935, 0.7759363651275635, 0.8547248840332031]",3,11,7,0.2727272727272727,0.42857142857142855,0.33333333333333326,0.001974821090698242,0.0059244632720947266,3,11,7,0.2727272727272727,0.42857142857142855,0.33333333333333326,0.001974821090698242,0.0059244632720947266,3,11,7,0.2727272727272727,0.42857142857142855,0.33333333333333326,0.001974821090698242,0.0059244632720947266,5,11,7,0.45454545454545453,0.7142857142857143,0.5555555555555556,0.017173248529434203,0.08586624264717102
380,20380,132,16,10,28,"[0.05234849080443382, 0.1328250914812088, 0.17063727974891663, 0.21665319800376892, 0.28678834438323975, 0.32655805349349976, 0.3693114221096039, 0.45095670223236084, 0.4904966950416565, 0.5715357661247253, 0.6170637607574463, 0.6792144179344177, 0.7491689920425415, 0.8072185516357422, 0.8520630598068237, 0.9267295598983765]","[0.05234849080443382, 0.17063727974891663, 0.28678834438323975, 0.32655805349349976, 0.3693114221096039, 0.45095670223236084, 0.5715357661247253, 0.6792144179344177, 0.7491689920425415, 0.9267295598983765]","[0.019726967439055443, 0.0475941002368927, 0.07949065417051315, 0.11656785756349564, 0.1578366458415985, 0.19872958958148956, 0.23518474400043488, 0.2687978148460388, 0.30220937728881836, 0.33694571256637573, 0.3693336248397827, 0.40132081508636475, 0.4333254098892212, 0.46465688943862915, 0.4949036240577698, 0.524547278881073, 0.5532674193382263, 0.584535539150238, 0.6158074736595154, 0.646658182144165, 0.678245484828949, 0.710517942905426, 0.7480185031890869, 0.7823982834815979, 0.8137150406837463, 0.8458335399627686, 0.8867982625961304, 0.9345616102218628]",0.013400893658399582,"[""ours_then_hard"", ""hard_then_ours"", ""ours_then_hard""]",17,7,1,6.812052015447989e-05,False,"[17.7367, 15.9185, 15.5779]",15.9185,"[0.15264900028705597, 0.19274985790252686, 0.22967953979969025, 0.26364919543266296, 0.2950912117958069, 0.34367409348487854, 0.38249439001083374, 0.4634834825992584, 0.5683148503303528, 0.5936670303344727, 0.6200194954872131, 0.6487665772438049, 0.7029238343238831, 0.7563782334327698, 0.8174238204956055, 0.8345422744750977, 0.8726616501808167]",18,8,2,2.378532553848345e-05,True,"[118.7064, 121.4562, 104.8246]",118.7064,"[0.0475941002368927, 0.1578366458415985, 0.19872958958148956, 0.23518474400043488, 0.2687978148460388, 0.33694571256637573, 0.4333254098892212, 0.4949036240577698, 0.5532674193382263, 0.584535539150238, 0.6158074736595154, 0.646658182144165, 0.678245484828949, 0.710517942905426, 0.7823982834815979, 0.8137150406837463, 0.8458335399627686, 0.8867982625961304]",10,"[0.13366049528121948, 0.16725249588489532, 0.21096843481063843, 0.2552262544631958, 0.29172059893608093, 0.33596938848495483, 0.3728032410144806, 0.44659996032714844, 0.5570849180221558, 0.5916823148727417, 0.6224835515022278, 0.654445230960846, 0.7066695094108582, 0.7624677419662476, 0.8327632546424866, 0.8513894081115723, 0.8939763307571411]",4,17,10,0.23529411764705882,0.4,0.29629629629629634,0.0040413998067379,0.0161655992269516,5,17,10,0.29411764705882354,0.5,0.37037037037037035,0.005115386843681335,0.025576934218406677,7,17,10,0.4117647058823529,0.7,0.5185185185185185,0.007618076034954616,0.05332653224468231,9,17,10,0.5294117647058824,0.9,0.6666666666666667,0.028394205702675715,0.2555478513240814,"[0.04045742750167847, 0.13804779946804047, 0.17090021073818207, 0.21834765374660492, 0.26224300265312195, 0.33104848861694336, 0.419438898563385, 0.4757501184940338, 0.5334010124206543, 0.5775837898254395, 0.6178690791130066, 0.6527393460273743, 0.6800996661186218, 0.7168405055999756, 0.7908716797828674, 0.826978325843811, 0.8627660274505615, 0.9103014469146729]",3,18,10,0.16666666666666666,0.3,0.21428571428571427,0.001879538098971049,0.005638614296913147,4,18,10,0.2222222222222222,0.4,0.2857142857142857,0.0029216594994068146,0.011686637997627258,6,18,10,0.3333333333333333,0.6,0.42857142857142855,0.006667635714014371,0.04000581428408623,9,18,10,0.5,0.9,0.6428571428571429,0.024266727682616975,0.21840054914355278
159,20159,133,18,11,28,"[0.045465968549251556, 0.09572295844554901, 0.13082627952098846, 0.17004121840000153, 0.21521395444869995, 0.24859973788261414, 0.32350191473960876, 0.37914562225341797, 0.44231224060058594, 0.5013707876205444, 0.5494831204414368, 0.6035565137863159, 0.662030041217804, 0.7041651010513306, 0.7783539891242981, 0.8556227684020996, 0.9062894582748413, 0.9555662274360657]","[0.045465968549251556, 0.17004121840000153, 0.21521395444869995, 0.32350191473960876, 0.37914562225341797, 0.5013707876205444, 0.5494831204414368, 0.6035565137863159, 0.662030041217804, 0.7783539891242981, 0.9062894582748413]","[0.019924268126487732, 0.049848757684230804, 0.08302174508571625, 0.1196511760354042, 0.15937857329845428, 0.1984948068857193, 0.2359844297170639, 0.2692871391773224, 0.30068013072013855, 0.3315700888633728, 0.3621264696121216, 0.3942577540874481, 0.4258096516132355, 0.45676136016845703, 0.4872601628303528, 0.5180088877677917, 0.5499986410140991, 0.5818206667900085, 0.6134518384933472, 0.6454123258590698, 0.6791056990623474, 0.7151164412498474, 0.7517216205596924, 0.7859011888504028, 0.818634033203125, 0.8541955351829529, 0.8942411541938782, 0.9388881325721741]",0.019058264791965485,"[""ours_then_hard"", ""ours_then_hard"", ""ours_then_hard""]",14,3,-4,4.836788502871059e-05,False,"[13.8152, 18.1353, 19.7669]",18.1353,"[0.2177356779575348, 0.2555083632469177, 0.3778800368309021, 0.4336705803871155, 0.475871741771698, 0.5067799687385559, 0.5563743710517883, 0.602683424949646, 0.6252692937850952, 0.659271776676178, 0.7076413631439209, 0.7757890820503235, 0.8237775564193726, 0.8605974316596985]",11,0,-7,2.3346203306573443e-05,True,"[160.6815, 179.0282, 151.5787]",160.6815,"[0.15937857329845428, 0.2359844297170639, 0.2692871391773224, 0.30068013072013855, 0.3942577540874481, 0.5180088877677917, 0.5499986410140991, 0.5818206667900085, 0.6791056990623474, 0.7151164412498474, 0.8942411541938782]",17,"[0.19866251945495605, 0.22551438212394714, 0.3568318784236908, 0.413139283657074, 0.458477258682251, 0.4960542619228363, 0.5521723628044128, 0.6064785122871399, 0.629020094871521, 0.6663865447044373, 0.7285839319229126, 0.8005547523498535, 0.8533340096473694, 0.8875238299369812]",3,14,11,0.21428571428571427,0.2727272727272727,0.23999999999999996,0.0033225814501444497,0.00996774435043335,4,14,11,0.2857142857142857,0.36363636363636365,0.32,0.00382106751203537,0.01528427004814148,6,14,11,0.42857142857142855,0.5454545454545454,0.4799999999999999,0.008433555563290914,0.05060133337974548,10,14,11,0.7142857142857143,0.9090909090909091,0.8,0.025629575550556182,0.25629575550556183,"[0.13980285823345184, 0.2118014097213745, 0.23819184303283691, 0.27669039368629456, 0.3769834637641907, 0.5106229782104492, 0.545925498008728, 0.58426433801651, 0.6877555847167969, 0.7391263246536255, 0.9153714776039124]",3,11,11,0.2727272727272727,0.2727272727272727,0.2727272727272727,0.0030441085497538247,0.009132325649261475,5,11,11,0.45454545454545453,0.45454545454545453,0.45454545454545453,0.005493307113647461,0.027466535568237305,6,11,11,0.5454545454545454,0.5454545454545454,0.5454545454545454,0.007793118556340535,0.04675871133804321,10,11,11,0.9090909090909091,0.9090909090909091,0.9090909090909091,0.018876180052757263,0.18876180052757263
479,20479,134,8,4,28,"[0.14675863087177277, 0.26763781905174255, 0.3265812397003174, 0.46927395462989807, 0.615462064743042, 0.7099402546882629, 0.8400030136108398, 0.9153953790664673]","[0.3265812397003174, 0.46927395462989807, 0.615462064743042, 0.8400030136108398]","[0.020031213760375977, 0.0504949688911438, 0.08516032993793488, 0.12370830029249191, 0.16551494598388672, 0.20556952059268951, 0.23943987488746643, 0.27138441801071167, 0.3020167946815491, 0.33234941959381104, 0.3622298240661621, 0.3914189338684082, 0.42061734199523926, 0.4495900273323059, 0.47828251123428345, 0.5070399641990662, 0.5370462536811829, 0.568213701248169, 0.5998589396476746, 0.6321614980697632, 0.6660490036010742, 0.7021165490150452, 0.7398789525032043, 0.7775521874427795, 0.8125252723693848, 0.8490136861801147, 0.8910591006278992, 0.9374299049377441]",0.024726010859012604,"[""hard_then_ours"", ""ours_then_hard"", ""hard_then_ours""]",8,4,0,4.327104034018703e-05,False,"[18.3254, 15.7387, 16.7287]",16.7287,"[0.2724822759628296, 0.3979531228542328, 0.4237089157104492, 0.4516483545303345, 0.6038103699684143, 0.6386511921882629, 0.784399151802063, 0.8036651015281677]",9,5,1,2.0803285224246792e-05,True,"[190.2966, 174.0645, 180.7725]",180.7725,"[0.12370830029249191, 0.16551494598388672, 0.20556952059268951, 0.3020167946815491, 0.42061734199523926, 0.5070399641990662, 0.7775521874427795, 0.8125252723693848, 0.8490136861801147]",19,"[0.23553937673568726, 0.36078768968582153, 0.39282917976379395, 0.4196399748325348, 0.6080758571624756, 0.6428254246711731, 0.8067584037780762, 0.8325610756874084]",0,8,4,0.0,0.0,0.0,,0.0,2,8,4,0.25,0.5,0.3333333333333333,0.007414072751998901,0.014828145503997803,2,8,4,0.25,0.5,0.3333333333333333,0.007414072751998901,0.014828145503997803,4,8,4,0.5,1.0,0.6666666666666666,0.031117811799049377,0.12447124719619751,"[0.1078677549958229, 0.13947254419326782, 0.1818777322769165, 0.25702792406082153, 0.39006510376930237, 0.4799196422100067, 0.7993976473808289, 0.8415009379386902, 0.8753372430801392]",1,9,4,0.1111111111111111,0.25,0.15384615384615383,0.0014979243278503418,0.0014979243278503418,1,9,4,0.1111111111111111,0.25,0.15384615384615383,0.0014979243278503418,0.0014979243278503418,2,9,4,0.2222222222222222,0.5,0.30769230769230765,0.006071805953979492,0.012143611907958984,2,9,4,0.2222222222222222,0.5,0.30769230769230765,0.025625526905059814,0.05125105381011963
723,20723,135,5,3,28,"[0.19337594509124756, 0.32348668575286865, 0.4583362340927124, 0.6246649026870728, 0.8313370943069458]","[0.32348668575286865, 0.4583362340927124, 0.8313370943069458]","[0.019786568358540535, 0.05043107271194458, 0.08443396538496017, 0.12362220883369446, 0.16606414318084717, 0.2072223275899887, 0.24344108998775482, 0.27726078033447266, 0.3110162615776062, 0.34366482496261597, 0.3761354982852936, 0.4072708487510681, 0.43848225474357605, 0.4696849286556244, 0.5010344982147217, 0.5324074625968933, 0.5636487007141113, 0.59453946352005, 0.625289797782898, 0.6563023924827576, 0.6885851621627808, 0.7225044369697571, 0.7568557262420654, 0.7900145053863525, 0.8225582838058472, 0.8572448492050171, 0.8965086340904236, 0.9401840567588806]",0.016665708273649216,"[""hard_then_ours"", ""ours_then_hard"", ""hard_then_ours""]",8,5,3,2.955119271064177e-05,False,"[17.0782, 17.5077, 15.5338]",17.0782,"[0.16985057294368744, 0.23662057518959045, 0.30052343010902405, 0.4110466539859772, 0.46654748916625977, 0.6032744646072388, 0.6990686655044556, 0.7348182797431946]",6,3,1,2.163012140954379e-05,True,"[208.5272, 199.1209, 191.8888]",199.1209,"[0.08443396538496017, 0.16606414318084717, 0.27726078033447266, 0.3761354982852936, 0.4072708487510681, 0.7900145053863525]",22,"[0.1454795002937317, 0.2155519276857376, 0.28295427560806274, 0.3997021019458771, 0.460043340921402, 0.614500880241394, 0.7174006104469299, 0.7498494982719421]",1,8,3,0.125,0.3333333333333333,0.18181818181818182,0.0017071068286895752,0.0017071068286895752,1,8,3,0.125,0.3333333333333333,0.18181818181818182,0.0017071068286895752,0.0017071068286895752,1,8,3,0.125,0.3333333333333333,0.18181818181818182,0.0017071068286895752,0.0017071068286895752,2,8,3,0.25,0.6666666666666666,0.36363636363636365,0.02111975848674774,0.04223951697349548,"[0.0675351470708847, 0.14092256128787994, 0.26105690002441406, 0.3559311032295227, 0.3958668112754822, 0.8094946146011353]",0,6,3,0.0,0.0,0.0,,0.0,0,6,3,0.0,0.0,0.0,,0.0,0,6,3,0.0,0.0,0.0,,0.0,2,6,3,0.3333333333333333,0.6666666666666666,0.4444444444444444,0.0271434485912323,0.0542868971824646
858,20858,136,13,8,28,"[0.10056009143590927, 0.16084977984428406, 0.20246413350105286, 0.25624150037765503, 0.3578019142150879, 0.4588826596736908, 0.5004492998123169, 0.5620599389076233, 0.6422395706176758, 0.7442115545272827, 0.8030068278312683, 0.8729802370071411, 0.9280177354812622]","[0.16084977984428406, 0.20246413350105286, 0.3578019142150879, 0.5004492998123169, 0.5620599389076233, 0.7442115545272827, 0.8030068278312683, 0.8729802370071411]","[0.019050635397434235, 0.04830291494727135, 0.08143019676208496, 0.11966254562139511, 0.1622651219367981, 0.20332682132720947, 0.23934610188007355, 0.27349594235420227, 0.3078869879245758, 0.341354638338089, 0.3741649091243744, 0.40724819898605347, 0.44006747007369995, 0.47199541330337524, 0.5028845071792603, 0.5332995057106018, 0.5649461150169373, 0.5958936810493469, 0.6262897253036499, 0.6567156910896301, 0.68881756067276, 0.7236045002937317, 0.7584591507911682, 0.790850818157196, 0.8214889168739319, 0.8548839092254639, 0.8939825892448425, 0.9383786916732788]",0.015333513729274273,"[""hard_then_ours"", ""hard_then_ours"", ""ours_then_hard""]",9,1,-4,8.021400572033599e-05,False,"[18.5734, 17.601, 23.3012]",18.5734,"[0.23516330122947693, 0.34369128942489624, 0.39402711391448975, 0.46332961320877075, 0.5238785743713379, 0.5789305567741394, 0.6077495217323303, 0.7471237778663635, 0.791598916053772]",10,2,-3,2.3830258214729838e-05,True,"[230.9172, 190.5143, 195.0797]",195.0797,"[0.1622651219367981, 0.20332682132720947, 0.3078869879245758, 0.341354638338089, 0.44006747007369995, 0.5332995057106018, 0.5958936810493469, 0.7236045002937317, 0.790850818157196, 0.8214889168739319]",18,"[0.2096967250108719, 0.32915887236595154, 0.3966558873653412, 0.46441489458084106, 0.5149954557418823, 0.5698823928833008, 0.5979421138763428, 0.7601318955421448, 0.8138270378112793]",0,9,8,0.0,0.0,0.0,,0.0,2,9,8,0.2222222222222222,0.25,0.23529411764705882,0.0075275227427482605,0.015055045485496521,5,9,8,0.5555555555555556,0.625,0.5882352941176471,0.011268350481986999,0.056341752409935,6,9,8,0.6666666666666666,0.75,0.7058823529411765,0.031221571067969005,0.18732942640781403,"[0.14355409145355225, 0.18308420479297638, 0.28373727202415466, 0.3262978196144104, 0.44778314232826233, 0.5226728916168213, 0.587189793586731, 0.7273169755935669, 0.8128638863563538, 0.8442714810371399]",0,10,8,0.0,0.0,0.0,,0.0,1,10,8,0.1,0.125,0.11111111111111112,0.00985705852508545,0.00985705852508545,4,10,8,0.4,0.5,0.4444444444444445,0.01585681363940239,0.06342725455760956,8,10,8,0.8,1.0,0.888888888888889,0.02137419395148754,0.17099355161190033
413,20413,137,18,9,28,"[0.049013227224349976, 0.1280047446489334, 0.16009390354156494, 0.2080415040254593, 0.2842181921005249, 0.33365124464035034, 0.37518611550331116, 0.41542068123817444, 0.47154033184051514, 0.5368030667304993, 0.6033304333686829, 0.6547417640686035, 0.7047659158706665, 0.7807648777961731, 0.8197935819625854, 0.8654747009277344, 0.9086706042289734, 0.957253098487854]","[0.049013227224349976, 0.16009390354156494, 0.33365124464035034, 0.37518611550331116, 0.41542068123817444, 0.47154033184051514, 0.6547417640686035, 0.8197935819625854, 0.9086706042289734]","[0.018142804503440857, 0.04564027488231659, 0.07713139057159424, 0.11413060128688812, 0.1566261500120163, 0.19903844594955444, 0.23478898406028748, 0.26837119460105896, 0.2988591194152832, 0.32991111278533936, 0.3615482449531555, 0.39249560236930847, 0.42285430431365967, 0.45309674739837646, 0.4833793044090271, 0.5140559077262878, 0.5450802445411682, 0.5767408013343811, 0.6091805696487427, 0.6421311497688293, 0.6766894459724426, 0.713135302066803, 0.7499985098838806, 0.7858636379241943, 0.8186196684837341, 0.8528875708580017, 0.89281165599823, 0.9378938674926758]",0.011062463745474815,"[""ours_then_hard"", ""hard_then_ours"", ""ours_then_hard""]",10,1,-8,4.956678822054528e-05,False,"[21.7342, 14.2818, 18.3012]",18.3012,"[0.1925734579563141, 0.22495593130588531, 0.2683573365211487, 0.3033827245235443, 0.4029051959514618, 0.43993425369262695, 0.5453342199325562, 0.6382266879081726, 0.6854703426361084, 0.8446654677391052]",10,1,-8,1.910120772663504e-05,True,"[193.9742, 161.0738, 182.0193]",182.0193,"[0.07713139057159424, 0.1566261500120163, 0.32991111278533936, 0.3615482449531555, 0.42285430431365967, 0.4833793044090271, 0.5767408013343811, 0.6091805696487427, 0.7858636379241943, 0.89281165599823]",18,"[0.18260464072227478, 0.21381829679012299, 0.260616272687912, 0.3047957122325897, 0.39871925115585327, 0.4401773512363434, 0.5563438534736633, 0.6481479406356812, 0.6958915591239929, 0.8612032532691956]",0,10,9,0.0,0.0,0.0,,0.0,1,10,9,0.1,0.1111111111111111,0.10526315789473685,0.006593823432922363,0.006593823432922363,2,10,9,0.2,0.2222222222222222,0.2105263157894737,0.011647626757621765,0.02329525351524353,6,10,9,0.6,0.6666666666666666,0.631578947368421,0.024609928329785664,0.147659569978714,"[0.07005281746387482, 0.15642140805721283, 0.3302052319049835, 0.3558783233165741, 0.41994863748550415, 0.48608091473579407, 0.5900436043739319, 0.6232045292854309, 0.8079778552055359, 0.9067753553390503]",4,10,9,0.4,0.4444444444444444,0.4210526315789474,0.003385428339242935,0.01354171335697174,4,10,9,0.4,0.4444444444444444,0.4210526315789474,0.003385428339242935,0.01354171335697174,7,10,9,0.7,0.7777777777777778,0.7368421052631577,0.008457973599433899,0.05920581519603729,9,10,9,0.9,1.0,0.9473684210526316,0.012420293357637193,0.11178264021873474
564,20564,138,20,10,28,"[0.03034563548862934, 0.09793247282505035, 0.15356871485710144, 0.20611578226089478, 0.27441492676734924, 0.33105218410491943, 0.39424845576286316, 0.4470776617527008, 0.480776309967041, 0.5281692147254944, 0.5619022846221924, 0.5986577868461609, 0.6426113843917847, 0.6828213930130005, 0.7208707928657532, 0.7547200918197632, 0.7950376272201538, 0.8621566295623779, 0.925377368927002, 0.9617692828178406]","[0.03034563548862934, 0.15356871485710144, 0.27441492676734924, 0.33105218410491943, 0.480776309967041, 0.5281692147254944, 0.5986577868461609, 0.6426113843917847, 0.7547200918197632, 0.925377368927002]","[0.01902014948427677, 0.04797319695353508, 0.08048870414495468, 0.11786674708127975, 0.15936517715454102, 0.19978295266628265, 0.23475998640060425, 0.2682575583457947, 0.30054306983947754, 0.33322006464004517, 0.36579740047454834, 0.39818572998046875, 0.4305651783943176, 0.46292945742607117, 0.4950379431247711, 0.5270777940750122, 0.5587502717971802, 0.5904436707496643, 0.6230684518814087, 0.6551856398582458, 0.6882635951042175, 0.7228282690048218, 0.7571151256561279, 0.7904995679855347, 0.8218473196029663, 0.8551520705223083, 0.8943572640419006, 0.9387221932411194]",0.009608891792595387,"[""ours_then_hard"", ""hard_then_ours"", ""ours_then_hard""]",10,0,-10,4.3601932702586055e-05,False,"[15.2065, 17.9341, 18.6518]",17.9341,"[0.1426648050546646, 0.1931096911430359, 0.24085235595703125, 0.3291884958744049, 0.47239387035369873, 0.4941314458847046, 0.5927039980888367, 0.6674491167068481, 0.7163457274436951, 0.8545159697532654]",11,1,-9,2.4007580577745102e-05,True,"[165.9927, 170.6873, 183.0915]",170.6873,"[0.04797319695353508, 0.15936517715454102, 0.2682575583457947, 0.36579740047454834, 0.39818572998046875, 0.5270777940750122, 0.5904436707496643, 0.6230684518814087, 0.7228282690048218, 0.7571151256561279, 0.8943572640419006]",17,"[0.13274414837360382, 0.18370714783668518, 0.23718716204166412, 0.32470256090164185, 0.48190662264823914, 0.5033770799636841, 0.6059378385543823, 0.6675048470497131, 0.710191011428833, 0.8681398034095764]",1,10,10,0.1,0.1,0.10000000000000002,0.0011303126811981201,0.0011303126811981201,3,10,10,0.3,0.3,0.3,0.004919995864232381,0.014759987592697144,3,10,10,0.3,0.3,0.3,0.004919995864232381,0.014759987592697144,8,10,10,0.8,0.8,0.8000000000000002,0.020878374576568604,0.16702699661254883,"[0.038161423057317734, 0.1523326188325882, 0.26642319560050964, 0.3658612370491028, 0.4018201529979706, 0.5358808636665344, 0.6025304198265076, 0.6316884160041809, 0.7143945097923279, 0.7592950463294983, 0.9156681895256042]",3,11,10,0.2727272727272727,0.3,0.28571428571428564,0.0032278945048650107,0.009683683514595032,7,11,10,0.6363636363636364,0.7,0.6666666666666666,0.006130290084651538,0.04291203059256077,8,11,10,0.7272727272727273,0.8,0.761904761904762,0.006729374872520566,0.05383499898016453,9,11,10,0.8181818181818182,0.9,0.8571428571428572,0.013821631049116453,0.12439467944204807
513,20513,139,18,14,28,"[0.06140049546957016, 0.13800083100795746, 0.19891326129436493, 0.2527872920036316, 0.2854313552379608, 0.3198574483394623, 0.3831936717033386, 0.42944440245628357, 0.464382141828537, 0.5392605066299438, 0.5897539258003235, 0.6606966257095337, 0.6991075277328491, 0.7307515740394592, 0.7777594923973083, 0.8198024034500122, 0.8761012554168701, 0.9476661086082458]","[0.06140049546957016, 0.13800083100795746, 0.2527872920036316, 0.2854313552379608, 0.3198574483394623, 0.3831936717033386, 0.464382141828537, 0.5392605066299438, 0.6606966257095337, 0.6991075277328491, 0.7307515740394592, 0.7777594923973083, 0.8198024034500122, 0.9476661086082458]","[0.0178539976477623, 0.04427824169397354, 0.0747610479593277, 0.10904314368963242, 0.147140771150589, 0.184480682015419, 0.2192281037569046, 0.2513071894645691, 0.2810348868370056, 0.3111118972301483, 0.34215202927589417, 0.3729807138442993, 0.4040657877922058, 0.43479660153388977, 0.4688302278518677, 0.5027957558631897, 0.5360745787620544, 0.5697391629219055, 0.6047362685203552, 0.639681339263916, 0.6754238605499268, 0.712213933467865, 0.7491655945777893, 0.7861692905426025, 0.8180805444717407, 0.8501959443092346, 0.8905222415924072, 0.9369049668312073]",0.009411104954779148,"[""hard_then_ours"", ""ours_then_hard"", ""ours_then_hard""]",19,5,1,9.822694846661761e-05,False,"[17.9129, 18.5585, 14.2503]",17.9129,"[0.04146788269281387, 0.07002834230661392, 0.10300011932849884, 0.14135882258415222, 0.1791984736919403, 0.21425577998161316, 0.25276780128479004, 0.31628623604774475, 0.39871522784233093, 0.46076053380966187, 0.5255135297775269, 0.5930994153022766, 0.6523337364196777, 0.7191767692565918, 0.8047771453857422, 0.818347692489624, 0.8345472812652588, 0.8569535613059998, 0.8981736302375793]",28,14,10,3.777192978304811e-05,False,"[15.1801, 16.3531, 13.3381]",15.1801,"[0.0178539976477623, 0.04427824169397354, 0.0747610479593277, 0.10904314368963242, 0.147140771150589, 0.184480682015419, 0.2192281037569046, 0.2513071894645691, 0.2810348868370056, 0.3111118972301483, 0.34215202927589417, 0.3729807138442993, 0.4040657877922058, 0.43479660153388977, 0.4688302278518677, 0.5027957558631897, 0.5360745787620544, 0.5697391629219055, 0.6047362685203552, 0.639681339263916, 0.6754238605499268, 0.712213933467865, 0.7491655945777893, 0.7861692905426025, 0.8180805444717407, 0.8501959443092346, 0.8905222415924072, 0.9369049668312073]",0,"[0.03228048235177994, 0.0624995157122612, 0.100380077958107, 0.14759090542793274, 0.19180157780647278, 0.22741907835006714, 0.2629822790622711, 0.31856828927993774, 0.4036702513694763, 0.46529632806777954, 0.5324674844741821, 0.6040704250335693, 0.6547776460647583, 0.7000404000282288, 0.7922621965408325, 0.8114701509475708, 0.8273217082023621, 0.8478968143463135, 0.8831436038017273]",4,19,14,0.21052631578947367,0.2857142857142857,0.24242424242424243,0.0010588094592094421,0.0042352378368377686,8,19,14,0.42105263157894735,0.5714285714285714,0.48484848484848486,0.004358695819973946,0.034869566559791565,10,19,14,0.5263157894736842,0.7142857142857143,0.6060606060606061,0.005956725776195526,0.05956725776195526,12,19,14,0.631578947368421,0.8571428571428571,0.7272727272727273,0.014476484308640162,0.17371781170368195,"[0.016277046874165535, 0.03473348915576935, 0.06748518347740173, 0.10779579728841782, 0.15616746246814728, 0.19693681597709656, 0.23032641410827637, 0.26134350895881653, 0.2861100733280182, 0.3118876814842224, 0.35384416580200195, 0.3841398358345032, 0.40726566314697266, 0.43944260478019714, 0.4709586501121521, 0.5081019401550293, 0.540071427822113, 0.5812661051750183, 0.6126320362091064, 0.6456486582756042, 0.6711194515228271, 0.6949257850646973, 0.7301532626152039, 0.7720937132835388, 0.8111849427223206, 0.842467725276947, 0.8727416396141052, 0.9301735162734985]",5,28,14,0.17857142857142858,0.35714285714285715,0.2380952380952381,0.001443171501159668,0.00721585750579834,11,28,14,0.39285714285714285,0.7857142857142857,0.5238095238095237,0.0046078434044664555,0.05068627744913101,14,28,14,0.5,1.0,0.6666666666666666,0.007242390619856971,0.10139346867799759,14,28,14,0.5,1.0,0.6666666666666666,0.03326843984957252,0.4657581578940153
834,20834,140,5,3,28,"[0.17883314192295074, 0.29629242420196533, 0.4998595118522644, 0.6755576133728027, 0.8524124026298523]","[0.17883314192295074, 0.4998595118522644, 0.8524124026298523]","[0.019978497177362442, 0.050280604511499405, 0.08325877785682678, 0.11952785402536392, 0.15793202817440033, 0.1959589123725891, 0.23174382746219635, 0.2641429603099823, 0.29563912749290466, 0.3284597396850586, 0.36075857281684875, 0.39373961091041565, 0.42669641971588135, 0.4594118297100067, 0.4915623366832733, 0.523428738117218, 0.555743932723999, 0.5884653329849243, 0.6213447451591492, 0.6546520590782166, 0.6893494725227356, 0.7257353663444519, 0.7618816494941711, 0.7955270409584045, 0.828254222869873, 0.8633476495742798, 0.9017024636268616, 0.9431059956550598]",0.024046318605542183,"[""hard_then_ours"", ""ours_then_hard"", ""hard_then_ours""]",5,2,0,4.5861710532335564e-05,False,"[18.5803, 14.5838, 13.9739]",14.5838,"[0.21749773621559143, 0.2940106689929962, 0.44644030928611755, 0.572497546672821, 0.7645103335380554]",7,4,2,2.2364001779351383e-05,True,"[183.9291, 194.6584, 209.5269]",194.6584,"[0.23174382746219635, 0.42669641971588135, 0.523428738117218, 0.555743932723999, 0.6893494725227356, 0.7257353663444519, 0.7618816494941711]",21,"[0.18448632955551147, 0.26329323649406433, 0.44830232858657837, 0.5979750156402588, 0.7870548367500305]",0,5,3,0.0,0.0,0.0,,0.0,1,5,3,0.2,0.3333333333333333,0.25,0.00565318763256073,0.00565318763256073,1,5,3,0.2,0.3333333333333333,0.25,0.00565318763256073,0.00565318763256073,1,5,3,0.2,0.3333333333333333,0.25,0.00565318763256073,0.00565318763256073,"[0.19577926397323608, 0.4237906038761139, 0.5479377508163452, 0.5782952904701233, 0.7145645618438721, 0.7427030205726624, 0.7842471599578857]",0,7,3,0.0,0.0,0.0,,0.0,0,7,3,0.0,0.0,0.0,,0.0,1,7,3,0.14285714285714285,0.3333333333333333,0.2,0.01694612205028534,0.01694612205028534,2,7,3,0.2857142857142857,0.6666666666666666,0.4,0.032512180507183075,0.06502436101436615
441,20441,141,19,10,28,"[0.031514011323451996, 0.09416712075471878, 0.1303434818983078, 0.1828242540359497, 0.23646733164787292, 0.2972424030303955, 0.36631885170936584, 0.431407630443573, 0.4754710793495178, 0.5060429573059082, 0.5570567846298218, 0.6229736804962158, 0.6820354461669922, 0.7200135588645935, 0.7527722120285034, 0.7858959436416626, 0.8481941223144531, 0.9047443270683289, 0.9458335638046265]","[0.031514011323451996, 0.1303434818983078, 0.23646733164787292, 0.2972424030303955, 0.431407630443573, 0.5060429573059082, 0.5570567846298218, 0.7200135588645935, 0.7527722120285034, 0.7858959436416626]","[0.019716555252671242, 0.05066660791635513, 0.08508932590484619, 0.12507012486457825, 0.1676005870103836, 0.21315504610538483, 0.24972480535507202, 0.28347060084342957, 0.3192823529243469, 0.3540881872177124, 0.3880726099014282, 0.4218394458293915, 0.45512855052948, 0.48634812235832214, 0.5182861089706421, 0.54954594373703, 0.5798962712287903, 0.6095430254936218, 0.6388794183731079, 0.6688783168792725, 0.7004297971725464, 0.7344294190406799, 0.7688776850700378, 0.8004322648048401, 0.830453634262085, 0.8635442852973938, 0.9012144207954407, 0.9429135322570801]",0.015397091396152973,"[""ours_then_hard"", ""hard_then_ours"", ""ours_then_hard""]",9,-1,-10,0.00016759381105657667,False,"[17.0722, 17.189, 18.1263]",17.189,"[0.18436576426029205, 0.21738162636756897, 0.3260522484779358, 0.3897002637386322, 0.4584195911884308, 0.5355442762374878, 0.5884456634521484, 0.6207072138786316, 0.6451753973960876]",10,0,-9,2.2078216716181487e-05,True,"[180.1345, 158.6564, 159.8621]",159.8621,"[0.08508932590484619, 0.28347060084342957, 0.3540881872177124, 0.45512855052948, 0.48634812235832214, 0.6095430254936218, 0.7344294190406799, 0.7688776850700378, 0.8004322648048401, 0.8635442852973938]",18,"[0.17051821947097778, 0.19928684830665588, 0.3045724332332611, 0.37153688073158264, 0.4370558261871338, 0.5091427564620972, 0.5725470781326294, 0.6035881638526917, 0.6273901462554932]",1,9,10,0.1111111111111111,0.1,0.10526315789473685,0.003099799156188965,0.003099799156188965,3,9,10,0.3333333333333333,0.3,0.3157894736842105,0.005359341700871785,0.016078025102615356,4,9,10,0.4444444444444444,0.4,0.4210526315789474,0.007892079651355743,0.031568318605422974,6,9,10,0.6666666666666666,0.6,0.631578947368421,0.018153923253218334,0.10892353951931,"[0.07862939685583115, 0.26121875643730164, 0.3349194824695587, 0.4341028332710266, 0.4652036726474762, 0.5944568514823914, 0.7255122661590576, 0.7545804381370544, 0.7787551283836365, 0.8569684624671936]",2,10,10,0.2,0.2,0.20000000000000004,0.0022517144680023193,0.004503428936004639,4,10,10,0.4,0.4,0.4000000000000001,0.004285737872123718,0.017142951488494873,4,10,10,0.4,0.4,0.4000000000000001,0.004285737872123718,0.017142951488494873,9,10,10,0.9,0.9,0.9,0.022769576973385282,0.20492619276046753
196,20196,142,20,11,28,"[0.04074664041399956, 0.09041114151477814, 0.13140460848808289, 0.16437861323356628, 0.21614126861095428, 0.2648206353187561, 0.31554171442985535, 0.35149064660072327, 0.402531236410141, 0.4502488374710083, 0.488319456577301, 0.5488297939300537, 0.5923540592193604, 0.6486823558807373, 0.6913089752197266, 0.7501538991928101, 0.7959332466125488, 0.8499240875244141, 0.8832043409347534, 0.9425065517425537]","[0.04074664041399956, 0.13140460848808289, 0.21614126861095428, 0.35149064660072327, 0.4502488374710083, 0.5488297939300537, 0.5923540592193604, 0.6913089752197266, 0.7959332466125488, 0.8499240875244141, 0.9425065517425537]","[0.019581012427806854, 0.049243178218603134, 0.08428418636322021, 0.1248837262392044, 0.17131826281547546, 0.21418863534927368, 0.2487393468618393, 0.28324636816978455, 0.3170936703681946, 0.3483596742153168, 0.37838348746299744, 0.4071637988090515, 0.4395397901535034, 0.4710739552974701, 0.5015338659286499, 0.5313094258308411, 0.5604835748672485, 0.5912453532218933, 0.6235499382019043, 0.6555924415588379, 0.6888834238052368, 0.7237516641616821, 0.7581139206886292, 0.7910599708557129, 0.8224167227745056, 0.8565061688423157, 0.8956406116485596, 0.9397559762001038]",0.016775762662291527,"[""ours_then_hard"", ""hard_then_ours"", ""ours_then_hard""]",12,1,-8,0.00015727589197922498,False,"[20.66, 12.4907, 17.6609]",17.6609,"[0.2396755963563919, 0.302206814289093, 0.33187463879585266, 0.35825300216674805, 0.4609552323818207, 0.5027569532394409, 0.5404508709907532, 0.6038346886634827, 0.6550893187522888, 0.692564070224762, 0.7488818764686584, 0.8308524489402771]",14,3,-6,1.923548370541539e-05,True,"[144.4059, 142.6232, 193.9664]",144.4059,"[0.08428418636322021, 0.17131826281547546, 0.21418863534927368, 0.2487393468618393, 0.28324636816978455, 0.37838348746299744, 0.4710739552974701, 0.5313094258308411, 0.5604835748672485, 0.6555924415588379, 0.6888834238052368, 0.7237516641616821, 0.7910599708557129, 0.8565061688423157]",14,"[0.21122565865516663, 0.2661038637161255, 0.3038880527019501, 0.3353574872016907, 0.4482690095901489, 0.48980778455734253, 0.5302994251251221, 0.5928022265434265, 0.6447046995162964, 0.6824803948402405, 0.7370561361312866, 0.8267885446548462]",3,12,11,0.25,0.2727272727272727,0.2608695652173913,0.0024478683869043985,0.007343605160713196,4,12,11,0.3333333333333333,0.36363636363636365,0.34782608695652173,0.00404304638504982,0.01617218554019928,6,12,11,0.5,0.5454545454545454,0.5217391304347826,0.008472618957360586,0.05083571374416351,7,12,11,0.5833333333333334,0.6363636363636364,0.6086956521739131,0.02156230594430651,0.15093614161014557,"[0.06277989596128464, 0.1511787623167038, 0.188498392701149, 0.21890965104103088, 0.2484138011932373, 0.3593989610671997, 0.455812931060791, 0.520297646522522, 0.5481648445129395, 0.6452676057815552, 0.6808192133903503, 0.7063769102096558, 0.7841879725456238, 0.8528096079826355]",3,14,11,0.21428571428571427,0.2727272727272727,0.23999999999999996,0.0021062841018040976,0.0063188523054122925,5,14,11,0.35714285714285715,0.45454545454545453,0.4,0.003958252072334289,0.019791260361671448,8,14,11,0.5714285714285714,0.7272727272727273,0.64,0.0077250562608242035,0.06180045008659363,10,14,11,0.7142857142857143,0.9090909090909091,0.8,0.021631621941924094,0.21631621941924095
442,20442,143,20,11,28,"[0.0589451938867569, 0.09987945109605789, 0.14827042818069458, 0.20469582080841064, 0.24558565020561218, 0.27625805139541626, 0.33848220109939575, 0.38318002223968506, 0.4307168424129486, 0.4717405438423157, 0.5202807784080505, 0.5744211673736572, 0.6084623336791992, 0.6605712175369263, 0.7074212431907654, 0.7575500011444092, 0.8053455352783203, 0.8468867540359497, 0.894308865070343, 0.951435387134552]","[0.14827042818069458, 0.20469582080841064, 0.24558565020561218, 0.33848220109939575, 0.4307168424129486, 0.4717405438423157, 0.5744211673736572, 0.7074212431907654, 0.7575500011444092, 0.8053455352783203, 0.951435387134552]","[0.018730659037828445, 0.04773286357522011, 0.08064339309930801, 0.11897261440753937, 0.16126714646816254, 0.20383323729038239, 0.24104279279708862, 0.2734649181365967, 0.30511394143104553, 0.3387482762336731, 0.3715679943561554, 0.4030939042568207, 0.4338044822216034, 0.4637622833251953, 0.49323388934135437, 0.523674488067627, 0.5538948774337769, 0.583785891532898, 0.6135470271110535, 0.6436011791229248, 0.675205409526825, 0.70920330286026, 0.7448070645332336, 0.7790937423706055, 0.8113307952880859, 0.8458263874053955, 0.8868419528007507, 0.9340617656707764]",0.00856313481926918,"[""ours_then_hard"", ""ours_then_hard"", ""hard_then_ours""]",8,-3,-12,8.919135871110484e-05,False,"[16.1171, 18.6252, 16.8366]",16.8366,"[0.1915455013513565, 0.2557291090488434, 0.3910427987575531, 0.4919627606868744, 0.5575746893882751, 0.6885480880737305, 0.7969967126846313, 0.8522512912750244]",11,0,-9,1.9289278498035856e-05,True,"[164.3579, 168.3531, 165.1755]",165.1755,"[0.08064339309930801, 0.24104279279708862, 0.2734649181365967, 0.30511394143104553, 0.4637622833251953, 0.49323388934135437, 0.6135470271110535, 0.70920330286026, 0.7448070645332336, 0.7790937423706055, 0.8868419528007507]",17,"[0.1866719126701355, 0.2506868839263916, 0.38588687777519226, 0.4829781949520111, 0.5454561114311218, 0.6980476379394531, 0.8117122650146484, 0.8601691126823425]",0,8,11,0.0,0.0,0.0,,0.0,3,8,11,0.375,0.2727272727272727,0.3157894736842105,0.006947189569473267,0.0208415687084198,5,8,11,0.625,0.45454545454545453,0.5263157894736842,0.010020625591278077,0.05010312795639038,7,8,11,0.875,0.6363636363636364,0.7368421052631579,0.026820038046155657,0.1877402663230896,"[0.06668577343225479, 0.23636551201343536, 0.26739510893821716, 0.30700284242630005, 0.4521799683570862, 0.48453816771507263, 0.606950044631958, 0.7208176851272583, 0.7527045607566833, 0.7913463711738586, 0.8957981467247009]",1,11,11,0.09090909090909091,0.09090909090909091,0.09090909090909091,0.00484544038772583,0.00484544038772583,2,11,11,0.18181818181818182,0.18181818181818182,0.18181818181818182,0.0070327892899513245,0.014065578579902649,5,11,11,0.45454545454545453,0.45454545454545453,0.45454545454545453,0.012204352021217345,0.06102176010608673,9,11,11,0.8181818181818182,0.8181818181818182,0.8181818181818182,0.020443242457177904,0.18398918211460114
751,20751,144,8,5,28,"[0.1102229654788971, 0.1862712949514389, 0.24669252336025238, 0.35183146595954895, 0.44592365622520447, 0.5134080052375793, 0.60295170545578, 0.8016710877418518]","[0.1102229654788971, 0.24669252336025238, 0.44592365622520447, 0.5134080052375793, 0.60295170545578]","[0.019656218588352203, 0.04927569627761841, 0.08391991257667542, 0.12409941107034683, 0.16931942105293274, 0.21323080360889435, 0.2518581449985504, 0.2854727506637573, 0.3174406886100769, 0.35018306970596313, 0.38312777876853943, 0.4148826599121094, 0.44587740302085876, 0.4765571653842926, 0.5064984560012817, 0.5380041003227234, 0.5702418088912964, 0.6021127700805664, 0.6338227987289429, 0.6658086776733398, 0.6995055675506592, 0.7350519895553589, 0.769425094127655, 0.8007681965827942, 0.8309946060180664, 0.8641830086708069, 0.9017661809921265, 0.9433907270431519]",0.0435313805937767,"[""ours_then_hard"", ""hard_then_ours"", ""hard_then_ours""]",10,5,2,4.182836346444674e-05,False,"[17.6112, 12.1373, 18.0465]",17.6112,"[0.06932388246059418, 0.1344231516122818, 0.23235924541950226, 0.24829921126365662, 0.32354825735092163, 0.42756161093711853, 0.4646075963973999, 0.56017005443573, 0.6562484502792358, 0.7402332425117493]",8,3,0,2.384166327829007e-05,True,"[191.6197, 172.2087, 212.7549]",191.6197,"[0.12409941107034683, 0.21323080360889435, 0.35018306970596313, 0.38312777876853943, 0.4765571653842926, 0.5064984560012817, 0.6021127700805664, 0.6658086776733398]",20,"[0.06775269657373428, 0.12371808290481567, 0.1968512088060379, 0.2059377282857895, 0.26714348793029785, 0.36868801712989807, 0.39886412024497986, 0.5004682540893555, 0.5928705930709839, 0.6962458491325378]",0,10,5,0.0,0.0,0.0,,0.0,0,10,5,0.0,0.0,0.0,,0.0,3,10,5,0.3,0.6,0.4,0.012171993652979532,0.0365159809589386,5,10,5,0.5,1.0,0.6666666666666666,0.03247839659452438,0.16239198297262192,"[0.11406397074460983, 0.1841898411512375, 0.2957051992416382, 0.3306044340133667, 0.40992724895477295, 0.44440576434135437, 0.5357242226600647, 0.605102002620697]",3,8,5,0.375,0.6,0.4615384615384615,0.002503064771493276,0.007509194314479828,3,8,5,0.375,0.6,0.4615384615384615,0.002503064771493276,0.007509194314479828,3,8,5,0.375,0.6,0.4615384615384615,0.002503064771493276,0.007509194314479828,5,8,5,0.625,1.0,0.7692307692307693,0.02266332060098648,0.1133166030049324
94,20094,145,4,3,28,"[0.17897045612335205, 0.3819396197795868, 0.6264239549636841, 0.7244513630867004]","[0.17897045612335205, 0.3819396197795868, 0.6264239549636841]","[0.019557427614927292, 0.04709077626466751, 0.0789865255355835, 0.11664547026157379, 0.16216155886650085, 0.20478306710720062, 0.23727528750896454, 0.27154427766799927, 0.3039974868297577, 0.3334084749221802, 0.3600100576877594, 0.39113619923591614, 0.42265424132347107, 0.451063334941864, 0.48089951276779175, 0.5102590322494507, 0.540996789932251, 0.5703521370887756, 0.6008493900299072, 0.6330682039260864, 0.667752742767334, 0.7052777409553528, 0.7438682317733765, 0.7805265188217163, 0.8146868348121643, 0.8506962656974792, 0.8914541006088257, 0.9372010231018066]",0.03249116241931915,"[""hard_then_ours"", ""hard_then_ours"", ""ours_then_hard""]",5,2,1,3.223529347451404e-05,False,"[18.5976, 17.3597, 18.464]",18.464,"[0.2496013641357422, 0.4174174666404724, 0.5463968515396118, 0.6312149167060852, 0.7519837617874146]",6,3,2,2.0709865566459484e-05,True,"[204.6621, 199.9699, 209.9324]",204.6621,"[0.20478306710720062, 0.3334084749221802, 0.5102590322494507, 0.540996789932251, 0.7805265188217163, 0.8506962656974792]",22,"[0.25045838952064514, 0.4406495988368988, 0.5888102054595947, 0.6818239092826843, 0.8008645176887512]",0,5,3,0.0,0.0,0.0,,0.0,0,5,3,0.0,0.0,0.0,,0.0,0,5,3,0.0,0.0,0.0,,0.0,1,5,3,0.2,0.3333333333333333,0.25,0.037613749504089355,0.037613749504089355,"[0.19499190151691437, 0.34946590662002563, 0.5425702929496765, 0.5811787843704224, 0.8280907273292542, 0.8964465260505676]",0,6,3,0.0,0.0,0.0,,0.0,0,6,3,0.0,0.0,0.0,,0.0,1,6,3,0.16666666666666666,0.3333333333333333,0.2222222222222222,0.016021445393562317,0.016021445393562317,3,6,3,0.5,1.0,0.6666666666666666,0.0312467763821284,0.09374032914638519
794,20794,146,18,10,28,"[0.043614406138658524, 0.08674770593643188, 0.13735593855381012, 0.2075459510087967, 0.27169355750083923, 0.3098375201225281, 0.3780990242958069, 0.41557252407073975, 0.4840485155582428, 0.5512169599533081, 0.5949918031692505, 0.6371098160743713, 0.701083242893219, 0.7535263299942017, 0.8153787851333618, 0.8490422368049622, 0.8923237919807434, 0.9341235160827637]","[0.043614406138658524, 0.13735593855381012, 0.27169355750083923, 0.3098375201225281, 0.3780990242958069, 0.5512169599533081, 0.5949918031692505, 0.6371098160743713, 0.8153787851333618, 0.8490422368049622]","[0.01823672279715538, 0.04700908064842224, 0.07911408692598343, 0.11557149142026901, 0.160002663731575, 0.20031163096427917, 0.23821388185024261, 0.2690189778804779, 0.29828158020973206, 0.3317756950855255, 0.36195626854896545, 0.39202380180358887, 0.4264926314353943, 0.45692795515060425, 0.4883582293987274, 0.519182562828064, 0.5508249402046204, 0.5813019871711731, 0.6118674278259277, 0.6435803771018982, 0.6766782999038696, 0.7121638059616089, 0.7484193444252014, 0.7824898362159729, 0.8147368431091309, 0.8496049046516418, 0.8905884027481079, 0.937031090259552]",0.010985514149069786,"[""ours_then_hard"", ""hard_then_ours"", ""ours_then_hard""]",11,1,-7,2.8687529265880585e-05,False,"[24.2912, 17.5276, 18.0351]",18.0351,"[0.1582370400428772, 0.22436028718948364, 0.3177354633808136, 0.3978354036808014, 0.4872553050518036, 0.5802360773086548, 0.6627586483955383, 0.7112917900085449, 0.7456099987030029, 0.8269509673118591, 0.9162927865982056]",11,1,-7,2.096717980748508e-05,True,"[207.3347, 165.7224, 154.3406]",165.7224,"[0.07911408692598343, 0.2690189778804779, 0.3317756950855255, 0.36195626854896545, 0.5508249402046204, 0.5813019871711731, 0.6766782999038696, 0.7484193444252014, 0.7824898362159729, 0.8496049046516418, 0.937031090259552]",17,"[0.15433531999588013, 0.22305454313755035, 0.3190172612667084, 0.4130248725414276, 0.506001353263855, 0.5908148884773254, 0.666597843170166, 0.7178221344947815, 0.7532827258110046, 0.8395954966545105, 0.9326682686805725]",1,11,10,0.09090909090909091,0.1,0.09523809523809525,0.004176914691925049,0.004176914691925049,3,11,10,0.2727272727272727,0.3,0.28571428571428564,0.007601131995519002,0.022803395986557007,4,11,10,0.36363636363636365,0.4,0.380952380952381,0.009945694357156754,0.039782777428627014,8,11,10,0.7272727272727273,0.8,0.761904761904762,0.02660265564918518,0.21282124519348145,"[0.06525781005620956, 0.2683413326740265, 0.3324642479419708, 0.36854684352874756, 0.5632156729698181, 0.5916314721107483, 0.6801032423973083, 0.7569756507873535, 0.7909362316131592, 0.8681413531303406, 0.9506734609603882]",2,11,10,0.18181818181818182,0.2,0.1904761904761905,0.0033562779426574707,0.006712555885314941,3,11,10,0.2727272727272727,0.3,0.28571428571428564,0.005421578884124756,0.016264736652374268,5,11,10,0.45454545454545453,0.5,0.47619047619047616,0.009472513198852539,0.047362565994262695,9,11,10,0.8181818181818182,0.9,0.8571428571428572,0.017674297508266237,0.15906867757439613
396,20396,147,10,6,28,"[0.07406199723482132, 0.17475520074367523, 0.24226602911949158, 0.3395933508872986, 0.4568020701408386, 0.5083681344985962, 0.5927633047103882, 0.7002864480018616, 0.8177415728569031, 0.9255393743515015]","[0.07406199723482132, 0.24226602911949158, 0.4568020701408386, 0.5927633047103882, 0.7002864480018616, 0.9255393743515015]","[0.020182406529784203, 0.04953529313206673, 0.08306364715099335, 0.12385351955890656, 0.16838298738002777, 0.20532281696796417, 0.24178390204906464, 0.2742396593093872, 0.30438676476478577, 0.33272498846054077, 0.3622882068157196, 0.3927198648452759, 0.42402225732803345, 0.4538966119289398, 0.4837779998779297, 0.5130793452262878, 0.5432937741279602, 0.5763420462608337, 0.608735203742981, 0.6412512063980103, 0.6748311519622803, 0.7104161381721497, 0.7472405433654785, 0.7833017110824585, 0.8160438537597656, 0.8502762317657471, 0.8911200761795044, 0.9372564554214478]",0.016968099400401115,"[""ours_then_hard"", ""hard_then_ours"", ""hard_then_ours""]",7,1,-3,5.306326784193516e-05,False,"[19.6921, 14.6519, 18.5291]",18.5291,"[0.2172236144542694, 0.31095975637435913, 0.41558825969696045, 0.49346455931663513, 0.6197014451026917, 0.7054880857467651, 0.8097268342971802]",8,2,-2,2.4439643311779946e-05,True,"[195.2589, 192.1073, 178.5936]",192.1073,"[0.20532281696796417, 0.24178390204906464, 0.2742396593093872, 0.42402225732803345, 0.5130793452262878, 0.5763420462608337, 0.6748311519622803, 0.8502762317657471]",20,"[0.19391129910945892, 0.3018556535243988, 0.4108918011188507, 0.4931194484233856, 0.6230939626693726, 0.7144477963447571, 0.8278616666793823]",0,7,6,0.0,0.0,0.0,,0.0,0,7,6,0.0,0.0,0.0,,0.0,1,7,6,0.14285714285714285,0.16666666666666666,0.15384615384615383,0.014161348342895508,0.014161348342895508,4,7,6,0.5714285714285714,0.6666666666666666,0.6153846153846153,0.03468925133347511,0.13875700533390045,"[0.18118217587471008, 0.2223372459411621, 0.26223844289779663, 0.42003947496414185, 0.5152302384376526, 0.5808876752853394, 0.67757248878479, 0.8784307241439819]",0,8,6,0.0,0.0,0.0,,0.0,0,8,6,0.0,0.0,0.0,,0.0,2,8,6,0.25,0.3333333333333333,0.28571428571428575,0.015902206301689148,0.031804412603378296,5,8,6,0.625,0.8333333333333334,0.7142857142857143,0.027677923440933228,0.13838961720466614
330,20330,148,6,4,28,"[0.17851173877716064, 0.33052322268486023, 0.413888543844223, 0.4900391697883606, 0.7464897632598877, 0.8727040886878967]","[0.33052322268486023, 0.413888543844223, 0.4900391697883606, 0.7464897632598877]","[0.019342046231031418, 0.04897799342870712, 0.08286470919847488, 0.12181822210550308, 0.16475671529769897, 0.20544293522834778, 0.2412218302488327, 0.27487075328826904, 0.30676499009132385, 0.3383316993713379, 0.3688420057296753, 0.39877867698669434, 0.42855170369148254, 0.4584731459617615, 0.48878899216651917, 0.5196797847747803, 0.5510831475257874, 0.5827862024307251, 0.614800751209259, 0.6472797393798828, 0.6812341213226318, 0.7168988585472107, 0.7528591752052307, 0.7872077822685242, 0.8196901082992554, 0.8540286421775818, 0.8936715126037598, 0.9383888840675354]",0.020363032817840576,"[""ours_then_hard"", ""ours_then_hard"", ""ours_then_hard""]",7,3,1,2.9902488677180372e-05,False,"[13.6276, 16.1805, 17.1136]",16.1805,"[0.1857091188430786, 0.2280866652727127, 0.3106426000595093, 0.384438693523407, 0.5249091386795044, 0.6186613440513611, 0.7604096531867981]",5,1,-1,1.2761331163346767e-05,True,"[196.9394, 204.3931, 200.3617]",200.3617,"[0.16475671529769897, 0.3383316993713379, 0.614800751209259, 0.6472797393798828, 0.8936715126037598]",23,"[0.16730715334415436, 0.21466240286827087, 0.30824512243270874, 0.3751809895038605, 0.5183096528053284, 0.6232067942619324, 0.7957531213760376]",0,7,4,0.0,0.0,0.0,,0.0,0,7,4,0.0,0.0,0.0,,0.0,0,7,4,0.0,0.0,0.0,,0.0,4,7,4,0.5714285714285714,1.0,0.7272727272727273,0.03462987393140793,0.1385194957256317,"[0.148156076669693, 0.33622023463249207, 0.6177136301994324, 0.660189688205719, 0.9268913865089417]",0,5,4,0.0,0.0,0.0,,0.0,1,5,4,0.2,0.25,0.22222222222222224,0.005697011947631836,0.005697011947631836,1,5,4,0.2,0.25,0.22222222222222224,0.005697011947631836,0.005697011947631836,1,5,4,0.2,0.25,0.22222222222222224,0.005697011947631836,0.005697011947631836
809,20809,149,11,8,28,"[0.1156608909368515, 0.20538341999053955, 0.2756606638431549, 0.37815821170806885, 0.44977688789367676, 0.4986593723297119, 0.5853040814399719, 0.6594875454902649, 0.7651626467704773, 0.8348584175109863, 0.9097738265991211]","[0.1156608909368515, 0.20538341999053955, 0.2756606638431549, 0.44977688789367676, 0.4986593723297119, 0.5853040814399719, 0.6594875454902649, 0.9097738265991211]","[0.01870945654809475, 0.04716889187693596, 0.07975378632545471, 0.11691524088382721, 0.15830664336681366, 0.19969442486763, 0.23573116958141327, 0.26749345660209656, 0.2986844480037689, 0.3319684863090515, 0.36477577686309814, 0.39733609557151794, 0.42924967408180237, 0.4611540138721466, 0.49301910400390625, 0.5248448252677917, 0.556190013885498, 0.587459146976471, 0.6198329925537109, 0.6525188684463501, 0.6863799095153809, 0.721802294254303, 0.7573705911636353, 0.7909772396087646, 0.8227061033248901, 0.8564533591270447, 0.8954076766967773, 0.9393569827079773]",0.018182914704084396,"[""hard_then_ours"", ""hard_then_ours"", ""hard_then_ours""]",13,5,2,4.7384131903527305e-05,False,"[15.7428, 17.128, 18.4893]",17.128,"[0.2036747932434082, 0.24398283660411835, 0.3438813388347626, 0.4141470193862915, 0.471291720867157, 0.5161285996437073, 0.5659744143486023, 0.6201778054237366, 0.6593005061149597, 0.6939824819564819, 0.7613108158111572, 0.8422818779945374, 0.9019424319267273]",12,4,1,2.169944673369173e-05,True,"[146.6384, 150.0351, 151.4839]",150.0351,"[0.15830664336681366, 0.19969442486763, 0.23573116958141327, 0.3319684863090515, 0.49301910400390625, 0.5248448252677917, 0.6198329925537109, 0.721802294254303, 0.8227061033248901, 0.8564533591270447, 0.8954076766967773, 0.9393569827079773]",16,"[0.21871885657310486, 0.2558032274246216, 0.3762175440788269, 0.43859872221946716, 0.49416738748550415, 0.5389678478240967, 0.591586172580719, 0.6441375613212585, 0.678637683391571, 0.7156990170478821, 0.7790036797523499, 0.8574274778366089, 0.9088879823684692]",2,13,8,0.15384615384615385,0.25,0.1904761904761905,0.0026889145374298096,0.005377829074859619,3,13,8,0.23076923076923078,0.375,0.2857142857142857,0.0038866400718688965,0.01165992021560669,7,13,8,0.5384615384615384,0.875,0.6666666666666667,0.010197277579988753,0.07138094305992126,7,13,8,0.5384615384615384,0.875,0.6666666666666667,0.01591929793357849,0.11143508553504944,"[0.16357862949371338, 0.21573275327682495, 0.24803462624549866, 0.36234626173973083, 0.5130787491798401, 0.5516011118888855, 0.6436684131622314, 0.7423210740089417, 0.8360812664031982, 0.8701270818710327, 0.9011828303337097, 0.9480835795402527]",0,12,8,0.0,0.0,0.0,,0.0,1,12,8,0.08333333333333333,0.125,0.1,0.008590996265411377,0.008590996265411377,4,12,8,0.3333333333333333,0.5,0.4,0.0122947096824646,0.0491788387298584,7,12,8,0.5833333333333334,0.875,0.7000000000000001,0.02706876184259142,0.18948133289813995
532,20532,150,8,5,28,"[0.15441812574863434, 0.24048751592636108, 0.43096068501472473, 0.5646318793296814, 0.6223844885826111, 0.6760067939758301, 0.7514663338661194, 0.9376084208488464]","[0.15441812574863434, 0.43096068501472473, 0.5646318793296814, 0.6760067939758301, 0.9376084208488464]","[0.018887408077716827, 0.04726247861981392, 0.07911162078380585, 0.11478687077760696, 0.15297584235668182, 0.19088153541088104, 0.22504304349422455, 0.2552564740180969, 0.2836039066314697, 0.31238988041877747, 0.3429765999317169, 0.3743871748447418, 0.405514657497406, 0.4364994764328003, 0.4676491320133209, 0.5000747442245483, 0.5332422256469727, 0.5666384100914001, 0.6002715826034546, 0.635301947593689, 0.6712784171104431, 0.7088227868080139, 0.7467679977416992, 0.7828126549720764, 0.8160662651062012, 0.8507214784622192, 0.8914247751235962, 0.9372795224189758]",0.019530516117811203,"[""ours_then_hard"", ""ours_then_hard"", ""ours_then_hard""]",9,4,1,8.155371324392036e-05,False,"[17.9345, 17.6841, 17.5526]",17.6841,"[0.08327559381723404, 0.15034885704517365, 0.2635163962841034, 0.32332342863082886, 0.45297789573669434, 0.6006827354431152, 0.6853197813034058, 0.7102799415588379, 0.7971233129501343]",8,3,0,1.7519303582957946e-05,True,"[179.9037, 234.5427, 195.2066]",195.2066,"[0.15297584235668182, 0.19088153541088104, 0.405514657497406, 0.5666384100914001, 0.6002715826034546, 0.635301947593689, 0.8160662651062012, 0.9372795224189758]",20,"[0.057668283581733704, 0.11355003714561462, 0.24246764183044434, 0.31428125500679016, 0.4744936525821686, 0.612557590007782, 0.6990795135498047, 0.7246031165122986, 0.8161435127258301]",0,9,5,0.0,0.0,0.0,,0.0,0,9,5,0.0,0.0,0.0,,0.0,0,9,5,0.0,0.0,0.0,,0.0,4,9,5,0.4444444444444444,0.8,0.5714285714285714,0.03884987160563469,0.15539948642253876,"[0.11607766151428223, 0.16291259229183197, 0.4104379117488861, 0.5830481648445129, 0.6121929883956909, 0.6514464020729065, 0.8374539017677307, 0.9530618190765381]",0,8,5,0.0,0.0,0.0,,0.0,1,8,5,0.125,0.2,0.15384615384615385,0.008494466543197632,0.008494466543197632,3,8,5,0.375,0.6,0.4615384615384615,0.014121383428573608,0.042364150285720825,5,8,5,0.625,1.0,0.7692307692307693,0.023458662629127502,0.11729331314563751
62,20062,151,18,12,28,"[0.057614125311374664, 0.10175289213657379, 0.17991414666175842, 0.23190894722938538, 0.2720308005809784, 0.34547120332717896, 0.4147391617298126, 0.45671698451042175, 0.5024804472923279, 0.5494300723075867, 0.6155291199684143, 0.661382257938385, 0.717939555644989, 0.7512329816818237, 0.7916464805603027, 0.8239724040031433, 0.8989560604095459, 0.9612748026847839]","[0.057614125311374664, 0.17991414666175842, 0.23190894722938538, 0.2720308005809784, 0.34547120332717896, 0.4147391617298126, 0.45671698451042175, 0.5494300723075867, 0.6155291199684143, 0.661382257938385, 0.7916464805603027, 0.9612748026847839]","[0.02157731167972088, 0.05365464836359024, 0.08950215578079224, 0.12905150651931763, 0.17218534648418427, 0.2123209834098816, 0.24779431521892548, 0.2795148491859436, 0.30903390049934387, 0.33966633677482605, 0.3697287142276764, 0.4001256227493286, 0.4312377870082855, 0.4625813663005829, 0.4947795271873474, 0.5275229811668396, 0.5598583817481995, 0.591988205909729, 0.6241966485977173, 0.6571444869041443, 0.6923263072967529, 0.7297385931015015, 0.7664331197738647, 0.799711287021637, 0.8304412364959717, 0.8640727400779724, 0.9024888873100281, 0.9443638324737549]",0.017785590142011642,"[""ours_then_hard"", ""hard_then_ours"", ""ours_then_hard""]",20,8,2,0.00011046029976569116,False,"[22.557, 15.3952, 20.9927]",20.9927,"[0.12399044632911682, 0.16623583436012268, 0.21875014901161194, 0.28494197130203247, 0.3585245907306671, 0.38877877593040466, 0.4459601044654846, 0.5051118731498718, 0.5437679886817932, 0.5749345421791077, 0.6042876839637756, 0.6834859251976013, 0.7201520800590515, 0.7547018527984619, 0.7922185659408569, 0.8187910318374634, 0.8328922986984253, 0.8469133973121643, 0.8703499436378479, 0.9083581566810608]",28,16,10,3.9488480979343876e-05,False,"[16.0671, 14.278, 16.259]",16.0671,"[0.02157731167972088, 0.05365464836359024, 0.08950215578079224, 0.12905150651931763, 0.17218534648418427, 0.2123209834098816, 0.24779431521892548, 0.2795148491859436, 0.30903390049934387, 0.33966633677482605, 0.3697287142276764, 0.4001256227493286, 0.4312377870082855, 0.4625813663005829, 0.4947795271873474, 0.5275229811668396, 0.5598583817481995, 0.591988205909729, 0.6241966485977173, 0.6571444869041443, 0.6923263072967529, 0.7297385931015015, 0.7664331197738647, 0.799711287021637, 0.8304412364959717, 0.8640727400779724, 0.9024888873100281, 0.9443638324737549]",0,"[0.10841906070709229, 0.14783963561058044, 0.19666890799999237, 0.26702380180358887, 0.3525297939777374, 0.3829796314239502, 0.42725977301597595, 0.4781680405139923, 0.5163946747779846, 0.5437326431274414, 0.5649486184120178, 0.6676947474479675, 0.7075896263122559, 0.7432640790939331, 0.784346878528595, 0.8124515414237976, 0.8300014734268188, 0.844029426574707, 0.8634145855903625, 0.9097083806991577]",0,20,12,0.0,0.0,0.0,,0.0,5,20,12,0.25,0.4166666666666667,0.3125,0.006275022029876709,0.031375110149383545,7,20,12,0.35,0.5833333333333334,0.4375,0.008664354681968689,0.06065048277378082,9,20,12,0.45,0.75,0.5625000000000001,0.02536968555715349,0.2283271700143814,"[0.019932573661208153, 0.04457159340381622, 0.07495876401662827, 0.11209025233983994, 0.15367716550827026, 0.1908511370420456, 0.22943460941314697, 0.261463463306427, 0.29352670907974243, 0.3319796919822693, 0.3656882047653198, 0.3942597806453705, 0.4149055778980255, 0.43933385610580444, 0.4698833227157593, 0.4995062053203583, 0.5304737091064453, 0.5556498169898987, 0.5901469588279724, 0.6343240737915039, 0.6758182048797607, 0.7193188071250916, 0.7563785314559937, 0.7903289198875427, 0.8279891014099121, 0.8587290644645691, 0.902038037776947, 0.9523134231567383]",3,28,12,0.10714285714285714,0.25,0.15,0.0013194382190704346,0.003958314657211304,5,28,12,0.17857142857142858,0.4166666666666667,0.25,0.003827887773513794,0.01913943886756897,12,28,12,0.42857142857142855,1.0,0.6,0.010877371455232302,0.13052845746278763,12,28,12,0.42857142857142855,1.0,0.6,0.033209995832294226,0.3985199499875307
575,20575,152,5,5,28,"[0.09217289090156555, 0.3312525153160095, 0.4922645688056946, 0.5703250765800476, 0.8042542934417725]","[0.09217289090156555, 0.3312525153160095, 0.4922645688056946, 0.5703250765800476, 0.8042542934417725]","[0.02061581239104271, 0.051414165645837784, 0.08473245799541473, 0.12197259068489075, 0.16199511289596558, 0.2037997841835022, 0.23804804682731628, 0.2714715898036957, 0.30285027623176575, 0.3350687026977539, 0.3664287328720093, 0.39761948585510254, 0.42878884077072144, 0.4594736099243164, 0.4902685582637787, 0.5206542611122131, 0.5515382289886475, 0.5834900140762329, 0.6159571409225464, 0.6489048004150391, 0.6830405592918396, 0.7185288667678833, 0.7543079257011414, 0.7887683510780334, 0.821835994720459, 0.856809675693512, 0.8959349989891052, 0.9391311407089233]",0.026998739689588547,"[""hard_then_ours"", ""hard_then_ours"", ""ours_then_hard""]",7,2,2,4.6413158997893333e-05,False,"[18.8046, 13.4689, 13.3657]",13.4689,"[0.15212033689022064, 0.21716710925102234, 0.24310541152954102, 0.2799355089664459, 0.3963331878185272, 0.5365456342697144, 0.7071161866188049]",5,0,0,2.4840097466949373e-05,True,"[208.3701, 227.2896, 217.0334]",217.0334,"[0.12197259068489075, 0.39761948585510254, 0.42878884077072144, 0.6159571409225464, 0.821835994720459]",23,"[0.1192065104842186, 0.1759851723909378, 0.2015809267759323, 0.23917055130004883, 0.35374030470848083, 0.5269854664802551, 0.7140442132949829]",0,7,5,0.0,0.0,0.0,,0.0,0,7,5,0.0,0.0,0.0,,0.0,0,7,5,0.0,0.0,0.0,,0.0,3,7,5,0.42857142857142855,0.6,0.5,0.028080768883228302,0.0842423066496849,"[0.09515755623579025, 0.3549326956272125, 0.39576032757759094, 0.6121358275413513, 0.8519490361213684]",1,5,5,0.2,0.2,0.20000000000000004,0.002984665334224701,0.002984665334224701,1,5,5,0.2,0.2,0.20000000000000004,0.002984665334224701,0.002984665334224701,1,5,5,0.2,0.2,0.20000000000000004,0.002984665334224701,0.002984665334224701,4,5,5,0.8,0.8,0.8000000000000002,0.02904258482158184,0.11617033928632736
627,20627,153,5,3,28,"[0.2237803190946579, 0.40765029191970825, 0.5031046867370605, 0.7428127527236938, 0.8706660866737366]","[0.40765029191970825, 0.5031046867370605, 0.8706660866737366]","[0.02190348692238331, 0.05473363399505615, 0.09222790598869324, 0.13281100988388062, 0.17646722495555878, 0.21735504269599915, 0.2544631063938141, 0.28810638189315796, 0.3208715319633484, 0.3536968529224396, 0.3863135278224945, 0.41829031705856323, 0.4502488076686859, 0.48175057768821716, 0.5131399035453796, 0.5442991852760315, 0.5754637718200684, 0.6065605878829956, 0.6378681063652039, 0.6696761250495911, 0.7026458978652954, 0.7366801500320435, 0.7707452178001404, 0.8029077053070068, 0.8343070149421692, 0.8680558800697327, 0.9051932692527771, 0.9454042911529541]",0.013006359338760376,"[""hard_then_ours"", ""hard_then_ours"", ""ours_then_hard""]",9,6,4,1.5307527064578608e-05,True,"[14.0957, 19.2424, 17.1348]",17.1348,"[0.13481846451759338, 0.18032386898994446, 0.22354921698570251, 0.3089309334754944, 0.391282320022583, 0.509088397026062, 0.7418099641799927, 0.8163695931434631, 0.8605194687843323]",4,1,-1,2.162360215152148e-05,True,"[217.5771, 219.4685, 189.2371]",217.5771,"[0.13281100988388062, 0.41829031705856323, 0.7026458978652954, 0.8343070149421692]",24,"[0.11321213841438293, 0.15614205598831177, 0.200603187084198, 0.2927783131599426, 0.3824536204338074, 0.4941546618938446, 0.7431879639625549, 0.8260967135429382, 0.8764117956161499]",0,9,3,0.0,0.0,0.0,,0.0,2,9,3,0.2222222222222222,0.6666666666666666,0.3333333333333333,0.007347866892814636,0.014695733785629272,2,9,3,0.2222222222222222,0.6666666666666666,0.3333333333333333,0.007347866892814636,0.014695733785629272,3,9,3,0.3333333333333333,1.0,0.5,0.02623868981997172,0.07871606945991516,"[0.11169324815273285, 0.4101754128932953, 0.7027850151062012, 0.848806619644165]",1,4,3,0.25,0.3333333333333333,0.28571428571428575,0.002525120973587036,0.002525120973587036,1,4,3,0.25,0.3333333333333333,0.28571428571428575,0.002525120973587036,0.002525120973587036,1,4,3,0.25,0.3333333333333333,0.28571428571428575,0.002525120973587036,0.002525120973587036,2,4,3,0.5,0.6666666666666666,0.5714285714285715,0.012192294001579285,0.02438458800315857
691,20691,154,16,9,28,"[0.07586587220430374, 0.1264246255159378, 0.1713830977678299, 0.21543382108211517, 0.28784793615341187, 0.36108332872390747, 0.3986530303955078, 0.47065603733062744, 0.521666944026947, 0.5558701753616333, 0.603541910648346, 0.6765187978744507, 0.737281084060669, 0.8078879714012146, 0.8751809597015381, 0.9215533137321472]","[0.1264246255159378, 0.1713830977678299, 0.28784793615341187, 0.36108332872390747, 0.47065603733062744, 0.5558701753616333, 0.603541910648346, 0.6765187978744507, 0.9215533137321472]","[0.01846097782254219, 0.046271033585071564, 0.07751865684986115, 0.11242713034152985, 0.15089701116085052, 0.19128890335559845, 0.22822976112365723, 0.2602910101413727, 0.2909090518951416, 0.3211740255355835, 0.35151124000549316, 0.38207170367240906, 0.4118645191192627, 0.441145122051239, 0.4705196022987366, 0.4996602237224579, 0.5290724635124207, 0.5593363642692566, 0.590514063835144, 0.6226376891136169, 0.6568812727928162, 0.6941787600517273, 0.7338443994522095, 0.7719785571098328, 0.8073916435241699, 0.8447368741035461, 0.8876072764396667, 0.9355025887489319]",0.024442175403237343,"[""ours_then_hard"", ""ours_then_hard"", ""hard_then_ours""]",12,3,-4,4.1574458009563386e-05,False,"[20.8625, 17.0453, 18.1106]",18.1106,"[0.18550223112106323, 0.22121655941009521, 0.24580118060112, 0.2730589210987091, 0.317033976316452, 0.3703368902206421, 0.4570130705833435, 0.4976058602333069, 0.596987783908844, 0.6873871088027954, 0.7793907523155212, 0.8763467669487]",11,2,-5,1.9499359041219577e-05,True,"[167.1502, 154.5742, 174.1693]",167.1502,"[0.11242713034152985, 0.15089701116085052, 0.22822976112365723, 0.3211740255355835, 0.38207170367240906, 0.4996602237224579, 0.5290724635124207, 0.5593363642692566, 0.6226376891136169, 0.6941787600517273, 0.8876072764396667]",17,"[0.1483476608991623, 0.18573735654354095, 0.20887623727321625, 0.23669883608818054, 0.28276026248931885, 0.3402899503707886, 0.4281407296657562, 0.47632718086242676, 0.5666975975036621, 0.6749706864356995, 0.7661592960357666, 0.8796436786651611]",1,12,9,0.08333333333333333,0.1111111111111111,0.09523809523809525,0.0015481114387512207,0.0015481114387512207,3,12,9,0.25,0.3333333333333333,0.28571428571428575,0.004102309544881185,0.012306928634643555,5,12,9,0.4166666666666667,0.5555555555555556,0.4761904761904762,0.007497721910476684,0.03748860955238342,8,12,9,0.6666666666666666,0.8888888888888888,0.761904761904762,0.0198698528110981,0.1589588224887848,"[0.08074172586202621, 0.11659524589776993, 0.19303998351097107, 0.28855982422828674, 0.34900519251823425, 0.478181928396225, 0.5097967982292175, 0.5340619087219238, 0.5946657657623291, 0.6804563403129578, 0.8912193179130554]",2,11,9,0.18181818181818182,0.2222222222222222,0.19999999999999998,0.002324715256690979,0.004649430513381958,5,11,9,0.45454545454545453,0.5555555555555556,0.5,0.006176169216632843,0.030880846083164215,6,11,9,0.5454545454545454,0.6666666666666666,0.6,0.007159830381472905,0.04295898228883743,9,11,9,0.8181818181818182,1.0,0.9,0.0196529734465811,0.1768767610192299
837,20837,155,14,8,28,"[0.06694173812866211, 0.14224132895469666, 0.21709716320037842, 0.26515209674835205, 0.32812219858169556, 0.4018104672431946, 0.4707937240600586, 0.5467159152030945, 0.5977592468261719, 0.6715352535247803, 0.737313985824585, 0.8086405992507935, 0.882993221282959, 0.9440334439277649]","[0.21709716320037842, 0.26515209674835205, 0.32812219858169556, 0.4018104672431946, 0.5467159152030945, 0.5977592468261719, 0.6715352535247803, 0.882993221282959]","[0.021088264882564545, 0.05146799236536026, 0.08652760088443756, 0.12740115821361542, 0.17322608828544617, 0.2139284312725067, 0.24876585602760315, 0.27698785066604614, 0.3053440451622009, 0.3409644365310669, 0.368169367313385, 0.3997155725955963, 0.4278201460838318, 0.4576234519481659, 0.48826900124549866, 0.5164689421653748, 0.5480605959892273, 0.5788729190826416, 0.6095736026763916, 0.6421309113502502, 0.6769047379493713, 0.7143453359603882, 0.7523861527442932, 0.7872758507728577, 0.819550633430481, 0.853858232498169, 0.8938455581665039, 0.9387001991271973]",0.016722068190574646,"[""ours_then_hard"", ""hard_then_ours"", ""ours_then_hard""]",9,1,-5,0.0001176488513010554,False,"[15.4224, 18.1537, 18.3278]",18.1537,"[0.20196311175823212, 0.2531376779079437, 0.3249485492706299, 0.3745783269405365, 0.4654836058616638, 0.581789493560791, 0.7183273434638977, 0.7773584723472595, 0.8176937699317932]",11,3,-3,2.1955465854262002e-05,True,"[158.6267, 155.5487, 185.0255]",158.6267,"[0.17322608828544617, 0.2139284312725067, 0.24876585602760315, 0.368169367313385, 0.3997155725955963, 0.5164689421653748, 0.5480605959892273, 0.6095736026763916, 0.6421309113502502, 0.853858232498169, 0.9387001991271973]",17,"[0.17887263000011444, 0.23107239603996277, 0.30266427993774414, 0.3612838685512543, 0.4709664285182953, 0.5881437659263611, 0.739477813243866, 0.7948366403579712, 0.840523898601532]",0,9,8,0.0,0.0,0.0,,0.0,1,9,8,0.1111111111111111,0.125,0.11764705882352941,0.009615480899810791,0.009615480899810791,2,9,8,0.2222222222222222,0.25,0.23529411764705882,0.01179535686969757,0.02359071373939514,6,9,8,0.6666666666666666,0.75,0.7058823529411765,0.037030987441539764,0.2221859246492386,"[0.15702269971370697, 0.18992425501346588, 0.22712592780590057, 0.35596928000450134, 0.3947462737560272, 0.5272124409675598, 0.5498300790786743, 0.6236457228660583, 0.6658810377120972, 0.8759987950325012, 0.9573641419410706]",1,11,8,0.09090909090909091,0.125,0.10526315789473685,0.003114163875579834,0.003114163875579834,4,11,8,0.36363636363636365,0.5,0.4210526315789474,0.005706749856472015,0.02282699942588806,5,11,8,0.45454545454545453,0.625,0.5263157894736842,0.00984901487827301,0.04924507439136505,8,11,8,0.7272727272727273,1.0,0.8421052631578948,0.027803368866443634,0.22242695093154907
300,20300,156,11,7,28,"[0.08614101260900497, 0.1661210060119629, 0.24469393491744995, 0.3224337697029114, 0.4233061969280243, 0.5205477476119995, 0.5939037799835205, 0.6825430393218994, 0.7636057138442993, 0.8418974876403809, 0.9388489723205566]","[0.1661210060119629, 0.24469393491744995, 0.3224337697029114, 0.5939037799835205, 0.7636057138442993, 0.8418974876403809, 0.9388489723205566]","[0.016829879954457283, 0.042535457760095596, 0.07114030420780182, 0.1040220707654953, 0.140980526804924, 0.17885586619377136, 0.2153742015361786, 0.2454296201467514, 0.27615031599998474, 0.3087990880012512, 0.34107348322868347, 0.3732044994831085, 0.40502822399139404, 0.43740516901016235, 0.470499187707901, 0.5034329295158386, 0.5362755060195923, 0.56951504945755, 0.6032147407531738, 0.6382669806480408, 0.6743746995925903, 0.711605966091156, 0.7481357455253601, 0.7828255295753479, 0.8159657716751099, 0.8500352501869202, 0.8902377486228943, 0.9362084865570068]",0.020781658589839935,"[""hard_then_ours"", ""ours_then_hard"", ""hard_then_ours""]",8,1,-3,0.00022626756981480867,False,"[19.8318, 20.0382, 20.3204]",20.0382,"[0.1795915961265564, 0.24618849158287048, 0.308729887008667, 0.3628996014595032, 0.4284358024597168, 0.55861896276474, 0.68281090259552, 0.7623612880706787]",10,3,-1,2.460605901433155e-05,True,"[178.5206, 174.1344, 172.7329]",174.1344,"[0.042535457760095596, 0.17885586619377136, 0.2153742015361786, 0.34107348322868347, 0.5034329295158386, 0.5362755060195923, 0.6032147407531738, 0.711605966091156, 0.7481357455253601, 0.8902377486228943]",18,"[0.17233005166053772, 0.2561482787132263, 0.33547741174697876, 0.39139890670776367, 0.46277350187301636, 0.5877083539962769, 0.6979259252548218, 0.7647192478179932]",1,8,7,0.125,0.14285714285714285,0.13333333333333333,0.0011135339736938477,0.0011135339736938477,3,8,7,0.375,0.42857142857142855,0.39999999999999997,0.004506001869837443,0.013518005609512329,5,8,7,0.625,0.7142857142857143,0.6666666666666666,0.007603198289871216,0.03801599144935608,5,8,7,0.625,0.7142857142857143,0.6666666666666666,0.007603198289871216,0.03801599144935608,"[0.030902931466698647, 0.1714220941066742, 0.2173093557357788, 0.3682089149951935, 0.5426097512245178, 0.5732218027114868, 0.6213971972465515, 0.7290104627609253, 0.7549393773078918, 0.9107152819633484]",0,10,7,0.0,0.0,0.0,,0.0,2,10,7,0.2,0.2857142857142857,0.23529411764705882,0.006983712315559387,0.013967424631118774,2,10,7,0.2,0.2857142857142857,0.23529411764705882,0.006983712315559387,0.013967424631118774,6,10,7,0.6,0.8571428571428571,0.7058823529411764,0.02697862188021342,0.16187173128128052
154,20154,157,9,6,28,"[0.11360038816928864, 0.2658049464225769, 0.40985020995140076, 0.4798586964607239, 0.5513877868652344, 0.6715171337127686, 0.7357699871063232, 0.7844830751419067, 0.8987491726875305]","[0.11360038816928864, 0.40985020995140076, 0.4798586964607239, 0.5513877868652344, 0.7357699871063232, 0.7844830751419067]","[0.01901974342763424, 0.047991011291742325, 0.08091291040182114, 0.11849436163902283, 0.16018658876419067, 0.20083393156528473, 0.23833058774471283, 0.2723572552204132, 0.3051955997943878, 0.3371208608150482, 0.3674352765083313, 0.396676242351532, 0.42889004945755005, 0.4603666663169861, 0.49096614122390747, 0.5213581919670105, 0.5514466762542725, 0.5814579129219055, 0.6134876012802124, 0.6460253596305847, 0.6793747544288635, 0.7144131064414978, 0.7498257160186768, 0.7832342386245728, 0.814465343952179, 0.8479938507080078, 0.8888788819313049, 0.935735821723938]",0.022774508222937584,"[""hard_then_ours"", ""hard_then_ours"", ""ours_then_hard""]",12,6,3,3.048229518753942e-05,False,"[16.0779, 21.2542, 21.4277]",21.2542,"[0.1111326590180397, 0.18042127788066864, 0.25130021572113037, 0.3321452736854553, 0.40633532404899597, 0.5308845639228821, 0.6137614846229553, 0.7065644860267639, 0.7400654554367065, 0.7815698385238647, 0.8344446420669556, 0.8957827687263489]",8,2,-1,2.1866551833227277e-05,True,"[192.6748, 200.5381, 310.9205]",200.5381,"[0.11849436163902283, 0.396676242351532, 0.42889004945755005, 0.5213581919670105, 0.7144131064414978, 0.7498257160186768, 0.8888788819313049, 0.935735821723938]",20,"[0.10276305675506592, 0.1783870905637741, 0.25810855627059937, 0.3429044187068939, 0.4393598437309265, 0.5700564384460449, 0.6455838084220886, 0.728901743888855, 0.762032151222229, 0.8012263774871826, 0.8584441542625427, 0.9138399958610535]",0,12,6,0.0,0.0,0.0,,0.0,1,12,6,0.08333333333333333,0.16666666666666666,0.1111111111111111,0.006868243217468262,0.006868243217468262,4,12,6,0.3333333333333333,0.6666666666666666,0.4444444444444444,0.013279382139444351,0.053117528557777405,5,12,6,0.4166666666666667,0.8333333333333334,0.5555555555555556,0.017666956782341002,0.08833478391170502,"[0.1091778352856636, 0.4244305193424225, 0.46605318784713745, 0.5598690509796143, 0.7375699281692505, 0.769795835018158, 0.9096305966377258, 0.9466925859451294]",2,8,6,0.25,0.3333333333333333,0.28571428571428575,0.0031112469732761383,0.006222493946552277,3,8,6,0.375,0.5,0.42857142857142855,0.0049012526869773865,0.01470375806093216,6,8,6,0.75,1.0,0.8571428571428571,0.009629469364881516,0.05777681618928909,6,8,6,0.75,1.0,0.8571428571428571,0.009629469364881516,0.05777681618928909
240,20240,158,18,11,28,"[0.06282814592123032, 0.12997563183307648, 0.18649795651435852, 0.22730958461761475, 0.26934030652046204, 0.30734676122665405, 0.36740902066230774, 0.4033496379852295, 0.45957934856414795, 0.5014150142669678, 0.5487824082374573, 0.6135789752006531, 0.6671490669250488, 0.7007985711097717, 0.7637725472450256, 0.8171851634979248, 0.8770098686218262, 0.9376668334007263]","[0.06282814592123032, 0.18649795651435852, 0.22730958461761475, 0.26934030652046204, 0.36740902066230774, 0.45957934856414795, 0.5014150142669678, 0.6135789752006531, 0.6671490669250488, 0.7007985711097717, 0.9376668334007263]","[0.019039735198020935, 0.048313818871974945, 0.0814613625407219, 0.11976658552885056, 0.16197900474071503, 0.2018001824617386, 0.23826171457767487, 0.27164632081985474, 0.30383217334747314, 0.335623174905777, 0.3665972054004669, 0.39765989780426025, 0.42887431383132935, 0.4593904912471771, 0.489329993724823, 0.5194240212440491, 0.5501493215560913, 0.5813109278678894, 0.6128203272819519, 0.6447451114654541, 0.6779247522354126, 0.7128063440322876, 0.7485929131507874, 0.7828230857849121, 0.8155855536460876, 0.850789487361908, 0.8912932872772217, 0.9370732307434082]",0.010075869970023632,"[""hard_then_ours"", ""hard_then_ours"", ""hard_then_ours""]",7,-4,-11,0.00011788762640208006,False,"[13.2306, 16.9326, 12.5311]",13.2306,"[0.19488677382469177, 0.25663262605667114, 0.31698569655418396, 0.40547123551368713, 0.5715601444244385, 0.6794611811637878, 0.7628553509712219]",10,-1,-8,2.23689858103171e-05,True,"[172.3422, 168.3902, 182.737]",172.3422,"[0.2018001824617386, 0.23826171457767487, 0.27164632081985474, 0.39765989780426025, 0.42887431383132935, 0.5501493215560913, 0.5813109278678894, 0.6128203272819519, 0.850789487361908, 0.8912932872772217]",18,"[0.1826232224702835, 0.24065159261226654, 0.3017613887786865, 0.3963507413864136, 0.5639032125473022, 0.6781934499740601, 0.7579423785209656]",1,7,11,0.14285714285714285,0.09090909090909091,0.1111111111111111,0.003874734044075012,0.003874734044075012,1,7,11,0.14285714285714285,0.09090909090909091,0.1111111111111111,0.003874734044075012,0.003874734044075012,3,7,11,0.42857142857142855,0.2727272727272727,0.33333333333333326,0.009420375029246012,0.028261125087738037,6,7,11,0.8571428571428571,0.5454545454545454,0.6666666666666665,0.023216615120569866,0.1392996907234192,"[0.18959753215312958, 0.22706475853919983, 0.25518685579299927, 0.3870982229709625, 0.422730952501297, 0.5423429012298584, 0.5768157243728638, 0.6039203405380249, 0.8595268726348877, 0.905476987361908]",2,10,11,0.2,0.18181818181818182,0.1904761904761905,0.001672200858592987,0.003344401717185974,3,10,11,0.3,0.2727272727272727,0.28571428571428564,0.004334345459938049,0.013003036379814148,5,10,11,0.5,0.45454545454545453,0.47619047619047616,0.00936913788318634,0.0468456894159317,8,10,11,0.8,0.7272727272727273,0.761904761904762,0.022989554330706596,0.18391643464565277
786,20786,159,6,3,28,"[0.135295107960701, 0.26325303316116333, 0.4636947214603424, 0.6671375632286072, 0.7568098306655884, 0.9280272722244263]","[0.135295107960701, 0.7568098306655884, 0.9280272722244263]","[0.020092040300369263, 0.05089566856622696, 0.08569685369729996, 0.1253482699394226, 0.16864317655563354, 0.21220500767230988, 0.24871984124183655, 0.2822554409503937, 0.31467166543006897, 0.3470364511013031, 0.37917089462280273, 0.41105350852012634, 0.44263988733291626, 0.4739179313182831, 0.5049642324447632, 0.5361236333847046, 0.5675710439682007, 0.599409282207489, 0.631589949131012, 0.664096474647522, 0.6977651119232178, 0.7325401902198792, 0.7667405009269714, 0.7988002896308899, 0.8299701809883118, 0.8635497093200684, 0.9013301730155945, 0.9429964423179626]",0.029598133638501167,"[""ours_then_hard"", ""hard_then_ours"", ""hard_then_ours""]",8,5,2,2.1561856556218117e-05,True,"[14.4887, 17.6083, 18.6465]",17.6083,"[0.21463730931282043, 0.26755577325820923, 0.36806806921958923, 0.49104732275009155, 0.6263484358787537, 0.7533313035964966, 0.8265698552131653, 0.8725184202194214]",5,2,-1,2.3006605260889046e-05,True,"[214.2987, 199.9628, 216.7239]",214.2987,"[0.08569685369729996, 0.1253482699394226, 0.41105350852012634, 0.6977651119232178, 0.8635497093200684]",23,"[0.1972326636314392, 0.25442183017730713, 0.36835038661956787, 0.5122617483139038, 0.663776695728302, 0.8033576607704163, 0.8771044015884399, 0.9170677065849304]",0,8,3,0.0,0.0,0.0,,0.0,0,8,3,0.0,0.0,0.0,,0.0,1,8,3,0.125,0.3333333333333333,0.18181818181818182,0.01095956563949585,0.01095956563949585,2,8,3,0.25,0.6666666666666666,0.36363636363636365,0.028753697872161865,0.05750739574432373,"[0.06824638694524765, 0.10158701986074448, 0.41576310992240906, 0.7449565529823303, 0.9109514355659485]",0,5,3,0.0,0.0,0.0,,0.0,0,5,3,0.0,0.0,0.0,,0.0,2,5,3,0.4,0.6666666666666666,0.5,0.01446455717086792,0.02892911434173584,3,5,3,0.6,1.0,0.7499999999999999,0.020879067480564117,0.06263720244169235
729,20729,160,18,9,28,"[0.039199098944664, 0.10870954394340515, 0.17350468039512634, 0.22038592398166656, 0.2825331687927246, 0.34100061655044556, 0.38225293159484863, 0.41566023230552673, 0.47377827763557434, 0.5452768206596375, 0.6158875823020935, 0.6889495253562927, 0.7205047607421875, 0.785293459892273, 0.825011134147644, 0.8611116409301758, 0.9024443626403809, 0.961432933807373]","[0.039199098944664, 0.17350468039512634, 0.34100061655044556, 0.41566023230552673, 0.47377827763557434, 0.6889495253562927, 0.7205047607421875, 0.785293459892273, 0.961432933807373]","[0.019500602036714554, 0.048587165772914886, 0.08098720759153366, 0.11769601702690125, 0.15815958380699158, 0.19730383157730103, 0.23020727932453156, 0.26039865612983704, 0.29040414094924927, 0.32079261541366577, 0.3510248064994812, 0.38162222504615784, 0.4121987819671631, 0.4428650140762329, 0.4744456708431244, 0.5058748722076416, 0.5371350646018982, 0.5684829950332642, 0.6008055210113525, 0.6346008777618408, 0.669448971748352, 0.7061223983764648, 0.7432968020439148, 0.7807177901268005, 0.8150700926780701, 0.8504608869552612, 0.8918401598930359, 0.9379062056541443]",0.010522269643843174,"[""ours_then_hard"", ""ours_then_hard"", ""hard_then_ours""]",11,2,-7,4.110496593057178e-05,False,"[13.6152, 16.4064, 14.3957]",14.3957,"[0.1845289021730423, 0.23645536601543427, 0.2820388078689575, 0.3633330166339874, 0.413303017616272, 0.5193475484848022, 0.6007680892944336, 0.6597039699554443, 0.6889752149581909, 0.763297975063324, 0.8668094277381897]",10,1,-8,2.204192969657015e-05,True,"[167.3038, 158.6017, 189.1993]",167.3038,"[0.048587165772914886, 0.11769601702690125, 0.15815958380699158, 0.38162222504615784, 0.4121987819671631, 0.5058748722076416, 0.6346008777618408, 0.7061223983764648, 0.7807177901268005, 0.9379062056541443]",18,"[0.18802252411842346, 0.2325212061405182, 0.2811984419822693, 0.3538995683193207, 0.404593288898468, 0.5293276906013489, 0.6205927133560181, 0.6729501485824585, 0.7085123062133789, 0.7784395217895508, 0.8784496188163757]",0,11,9,0.0,0.0,0.0,,0.0,1,11,9,0.09090909090909091,0.1111111111111111,0.09999999999999999,0.006853938102722168,0.006853938102722168,6,11,9,0.5454545454545454,0.6666666666666666,0.6,0.012221584717432657,0.07332950830459595,6,11,9,0.5454545454545454,0.6666666666666666,0.6,0.012221584717432657,0.07332950830459595,"[0.04008801281452179, 0.1108405590057373, 0.15809766948223114, 0.37046971917152405, 0.4036528170108795, 0.5126539468765259, 0.648155689239502, 0.7264200448989868, 0.7932292222976685, 0.9475799202919006]",1,10,9,0.1,0.1111111111111111,0.10526315789473685,0.0008889138698577881,0.0008889138698577881,3,10,9,0.3,0.3333333333333333,0.3157894736842105,0.004913320144017537,0.014739960432052612,6,10,9,0.6,0.6666666666666666,0.631578947368421,0.00933456669251124,0.056007400155067444,9,10,9,0.9,1.0,0.9473684210526316,0.018349556459320918,0.16514600813388824
561,20561,161,12,8,28,"[0.042483579367399216, 0.11279627680778503, 0.1713709682226181, 0.2426263391971588, 0.3382752537727356, 0.4480491578578949, 0.5441690683364868, 0.6566625833511353, 0.7144506573677063, 0.7649810910224915, 0.8286156058311462, 0.8850046992301941]","[0.042483579367399216, 0.2426263391971588, 0.3382752537727356, 0.5441690683364868, 0.6566625833511353, 0.7144506573677063, 0.7649810910224915, 0.8286156058311462]","[0.019966058433055878, 0.049964968115091324, 0.0840187519788742, 0.12147294729948044, 0.1616731733083725, 0.20162735879421234, 0.23511970043182373, 0.2656468152999878, 0.29559046030044556, 0.32608312368392944, 0.35562390089035034, 0.38491541147232056, 0.41391363739967346, 0.44317683577537537, 0.4726102650165558, 0.502128541469574, 0.5320633053779602, 0.5627397298812866, 0.594666063785553, 0.6276682019233704, 0.6624557375907898, 0.6993606090545654, 0.7383953332901001, 0.7760586738586426, 0.81061190366745, 0.8466945290565491, 0.8889661431312561, 0.9360146522521973]",0.021595079451799393,"[""ours_then_hard"", ""hard_then_ours"", ""ours_then_hard""]",6,-2,-6,8.11455465736799e-05,False,"[17.753, 12.2675, 12.7938]",12.7938,"[0.18074797093868256, 0.2900528609752655, 0.34824138879776, 0.4789223372936249, 0.6619372963905334, 0.7878519296646118]",7,-1,-5,2.0213157768012024e-05,True,"[196.4361, 179.5525, 200.4029]",196.4361,"[0.049964968115091324, 0.2656468152999878, 0.41391363739967346, 0.4726102650165558, 0.6276682019233704, 0.6993606090545654, 0.7383953332901001]",21,"[0.1451360285282135, 0.26976513862609863, 0.3346855640411377, 0.48500847816467285, 0.6841704845428467, 0.7977146506309509]",1,6,8,0.16666666666666666,0.125,0.14285714285714288,0.0035896897315979004,0.0035896897315979004,1,6,8,0.16666666666666666,0.125,0.14285714285714288,0.0035896897315979004,0.0035896897315979004,1,6,8,0.16666666666666666,0.125,0.14285714285714288,0.0035896897315979004,0.0035896897315979004,4,6,8,0.6666666666666666,0.5,0.5714285714285715,0.022742487490177155,0.09096994996070862,"[0.034379247575998306, 0.24277850985527039, 0.4117927551269531, 0.47627633810043335, 0.6599416732788086, 0.7183122634887695, 0.7560422420501709]",3,7,8,0.42857142857142855,0.375,0.39999999999999997,0.0024309555689493814,0.0072928667068481445,5,7,8,0.7142857142857143,0.625,0.6666666666666666,0.0048672094941139225,0.02433604747056961,5,7,8,0.7142857142857143,0.625,0.6666666666666666,0.0048672094941139225,0.02433604747056961,5,7,8,0.7142857142857143,0.625,0.6666666666666666,0.0048672094941139225,0.02433604747056961
975,20975,162,7,5,28,"[0.0685812458395958, 0.12882362306118011, 0.2941967248916626, 0.408773273229599, 0.5661967396736145, 0.6476352214813232, 0.8509882688522339]","[0.0685812458395958, 0.12882362306118011, 0.408773273229599, 0.5661967396736145, 0.6476352214813232]","[0.019384045153856277, 0.046468138694763184, 0.07624344527721405, 0.11389081925153732, 0.15881893038749695, 0.1984853595495224, 0.2353009134531021, 0.2693102955818176, 0.2963298559188843, 0.3308687210083008, 0.3585965931415558, 0.3922414779663086, 0.4208866059780121, 0.45452845096588135, 0.48498567938804626, 0.5143733024597168, 0.5465158820152283, 0.5783625245094299, 0.6097455024719238, 0.6415089964866638, 0.6765276193618774, 0.7129338383674622, 0.7493894100189209, 0.7831677198410034, 0.8157802820205688, 0.8507327437400818, 0.8910999298095703, 0.9370026588439941]",0.03333893045783043,"[""ours_then_hard"", ""ours_then_hard"", ""ours_then_hard""]",10,5,3,7.355705020017922e-05,False,"[15.1518, 19.0479, 13.9702]",15.1518,"[0.1593860685825348, 0.21269887685775757, 0.23635564744472504, 0.2765776813030243, 0.3015787899494171, 0.3438746929168701, 0.4304370582103729, 0.46989333629608154, 0.6013007164001465, 0.7283625602722168]",6,1,-1,2.368086097703781e-05,True,"[198.3543, 278.217, 185.8268]",198.3543,"[0.07624344527721405, 0.2353009134531021, 0.45452845096588135, 0.6097455024719238, 0.6415089964866638, 0.8507327437400818]",22,"[0.11983033269643784, 0.17238478362560272, 0.19044621288776398, 0.22522978484630585, 0.25217416882514954, 0.29246383905410767, 0.3843231797218323, 0.4293243885040283, 0.5794247388839722, 0.7380454540252686]",0,10,5,0.0,0.0,0.0,,0.0,1,10,5,0.1,0.2,0.13333333333333333,0.008993290364742279,0.008993290364742279,2,10,5,0.2,0.4,0.26666666666666666,0.011110644787549973,0.022221289575099945,3,10,5,0.3,0.6,0.4,0.015557127694288889,0.04667138308286667,"[0.046161308884620667, 0.1895812749862671, 0.40856826305389404, 0.5873253345489502, 0.6285391449928284, 0.8776746988296509]",1,6,5,0.16666666666666666,0.2,0.1818181818181818,0.00020501017570495605,0.00020501017570495605,1,6,5,0.16666666666666666,0.2,0.1818181818181818,0.00020501017570495605,0.00020501017570495605,2,6,5,0.3333333333333333,0.4,0.3636363636363636,0.009650543332099915,0.01930108666419983,4,6,5,0.6666666666666666,0.8,0.7272727272727272,0.015712404623627663,0.06284961849451065
72,20072,163,10,5,28,"[0.047889575362205505, 0.18883951008319855, 0.2737511098384857, 0.4189811944961548, 0.5049819946289062, 0.5896323919296265, 0.6551008820533752, 0.7156127095222473, 0.8054433465003967, 0.9172383546829224]","[0.047889575362205505, 0.5049819946289062, 0.6551008820533752, 0.7156127095222473, 0.9172383546829224]","[0.019124016165733337, 0.04813382774591446, 0.08052027225494385, 0.11678262799978256, 0.1563059240579605, 0.1958111822605133, 0.23018568754196167, 0.2632768154144287, 0.2957439720630646, 0.3291096091270447, 0.36237868666648865, 0.3955298066139221, 0.4281368851661682, 0.45972225069999695, 0.4908832907676697, 0.5227230191230774, 0.5538526773452759, 0.5845557451248169, 0.6152229309082031, 0.6463414430618286, 0.6792159676551819, 0.7143937945365906, 0.7503986358642578, 0.7843170762062073, 0.8160727024078369, 0.8500974774360657, 0.89031583070755, 0.9363733530044556]",0.02687830850481987,"[""hard_then_ours"", ""ours_then_hard"", ""hard_then_ours""]",8,3,-2,0.00010630762699292973,False,"[18.268, 18.9157, 20.0685]",18.9157,"[0.24888581037521362, 0.354112446308136, 0.4092385470867157, 0.5241162776947021, 0.5873591899871826, 0.6448829770088196, 0.7586676478385925, 0.781531572341919]",7,2,-3,1.9744054952752776e-05,True,"[249.6241, 205.3133, 212.617]",212.617,"[0.08052027225494385, 0.2632768154144287, 0.3955298066139221, 0.4281368851661682, 0.5845557451248169, 0.7143937945365906, 0.8500974774360657]",21,"[0.24590952694416046, 0.3715590536594391, 0.4444763660430908, 0.5708354115486145, 0.6293182969093323, 0.678724467754364, 0.7822176814079285, 0.8038054704666138]",0,8,5,0.0,0.0,0.0,,0.0,0,8,5,0.0,0.0,0.0,,0.0,0,8,5,0.0,0.0,0.0,,0.0,2,8,5,0.25,0.4,0.3076923076923077,0.031335413455963135,0.06267082691192627,"[0.06861329078674316, 0.26269957423210144, 0.4297233521938324, 0.46702852845191956, 0.6266164779663086, 0.7417752146720886, 0.8649067282676697]",0,7,5,0.0,0.0,0.0,,0.0,0,7,5,0.0,0.0,0.0,,0.0,0,7,5,0.0,0.0,0.0,,0.0,4,7,5,0.5714285714285714,0.8,0.6666666666666666,0.028331022709608078,0.11332409083843231
1022,21022,164,5,3,28,"[0.0969630554318428, 0.199859157204628, 0.36262789368629456, 0.6348319053649902, 0.8348072171211243]","[0.199859157204628, 0.36262789368629456, 0.6348319053649902]","[0.018479622900485992, 0.047715574502944946, 0.08046936988830566, 0.11867714673280716, 0.16006743907928467, 0.19663718342781067, 0.23771700263023376, 0.2697356641292572, 0.305781751871109, 0.3349667191505432, 0.3670918941497803, 0.3991624116897583, 0.4312911331653595, 0.4627734422683716, 0.4949895739555359, 0.5257279872894287, 0.5572729110717773, 0.5894396305084229, 0.6216220855712891, 0.6541502475738525, 0.6877692341804504, 0.7226399779319763, 0.757818877696991, 0.7911403179168701, 0.8232516646385193, 0.8576881289482117, 0.8967911005020142, 0.9403347969055176]",0.02513008564710617,"[""ours_then_hard"", ""ours_then_hard"", ""hard_then_ours""]",9,6,4,1.132797115133144e-05,True,"[20.0723, 11.5659, 18.3687]",18.3687,"[0.16391168534755707, 0.26101571321487427, 0.358707457780838, 0.4839003086090088, 0.5995320677757263, 0.6899742484092712, 0.7755141854286194, 0.830248236656189, 0.8835687041282654]",4,1,-1,2.1715348339057527e-05,True,"[208.6211, 216.3039, 203.1717]",208.6211,"[0.305781751871109, 0.3349667191505432, 0.6541502475738525, 0.6877692341804504]",24,"[0.12860536575317383, 0.2187473028898239, 0.3265628218650818, 0.47821280360221863, 0.6162360310554504, 0.7132909893989563, 0.8045192956924438, 0.8572872877120972, 0.9036983251571655]",0,9,3,0.0,0.0,0.0,,0.0,0,9,3,0.0,0.0,0.0,,0.0,2,9,3,0.2222222222222222,0.6666666666666666,0.3333333333333333,0.01874200999736786,0.03748401999473572,3,9,3,0.3333333333333333,1.0,0.5,0.024516363938649494,0.07354909181594849,"[0.2679820954799652, 0.29801449179649353, 0.6762973666191101, 0.7108195424079895]",0,4,3,0.0,0.0,0.0,,0.0,0,4,3,0.0,0.0,0.0,,0.0,0,4,3,0.0,0.0,0.0,,0.0,1,4,3,0.25,0.3333333333333333,0.28571428571428575,0.04146546125411987,0.04146546125411987
948,20948,165,18,11,28,"[0.038681790232658386, 0.10980231314897537, 0.15619660913944244, 0.20791926980018616, 0.24224957823753357, 0.28041526675224304, 0.3334459364414215, 0.394924134016037, 0.47522321343421936, 0.5211362838745117, 0.5849116444587708, 0.619735598564148, 0.6553369164466858, 0.7140227556228638, 0.7808831334114075, 0.8415889739990234, 0.8752985000610352, 0.9505169987678528]","[0.038681790232658386, 0.15619660913944244, 0.20791926980018616, 0.28041526675224304, 0.394924134016037, 0.5849116444587708, 0.619735598564148, 0.6553369164466858, 0.7808831334114075, 0.8752985000610352, 0.9505169987678528]","[0.019856683909893036, 0.05009978637099266, 0.08396435528993607, 0.12382679432630539, 0.16637274622917175, 0.20661066472530365, 0.2458345890045166, 0.27553918957710266, 0.3090260922908783, 0.34218043088912964, 0.3725041449069977, 0.40179920196533203, 0.4320831000804901, 0.46233707666397095, 0.491140216588974, 0.519356906414032, 0.5471755862236023, 0.5758408308029175, 0.605385959148407, 0.635727047920227, 0.6679229140281677, 0.702860951423645, 0.7405214309692383, 0.7773489356040955, 0.8110128045082092, 0.8464649319648743, 0.8886623978614807, 0.9358698129653931]",0.014473902992904186,"[""hard_then_ours"", ""hard_then_ours"", ""ours_then_hard""]",11,0,-7,5.060289186076261e-05,False,"[19.7965, 16.5887, 18.5016]",18.5016,"[0.1604115217924118, 0.21409203112125397, 0.28316181898117065, 0.3422127068042755, 0.3756200969219208, 0.4313710033893585, 0.518269956111908, 0.5873790979385376, 0.6433879733085632, 0.6734158396720886, 0.7634312510490417]",12,1,-6,2.1365083739510737e-05,True,"[156.5508, 176.6496, 143.729]",156.5508,"[0.05009978637099266, 0.16637274622917175, 0.20661066472530365, 0.2458345890045166, 0.4320831000804901, 0.491140216588974, 0.5758408308029175, 0.605385959148407, 0.702860951423645, 0.8110128045082092, 0.8464649319648743, 0.9358698129653931]",16,"[0.15847964584827423, 0.21543733775615692, 0.2743661403656006, 0.3376449942588806, 0.37836775183677673, 0.43956249952316284, 0.5417156219482422, 0.6047664284706116, 0.659375786781311, 0.6953317523002625, 0.788565456867218]",2,11,11,0.18181818181818182,0.18181818181818182,0.18181818181818182,0.0031609535217285156,0.006321907043457031,5,11,11,0.45454545454545453,0.45454545454545453,0.45454545454545453,0.00551428496837616,0.0275714248418808,7,11,11,0.6363636363636364,0.6363636363636364,0.6363636363636364,0.00914037014756884,0.06398259103298187,8,11,11,0.7272727272727273,0.7272727272727273,0.7272727272727273,0.01278662495315075,0.102292999625206,"[0.03942417353391647, 0.16276487708091736, 0.20861215889453888, 0.24419036507606506, 0.4404061734676361, 0.5124384164810181, 0.5914690494537354, 0.6234951615333557, 0.7316157817840576, 0.8280149698257446, 0.859303891658783, 0.9476324319839478]",4,12,11,0.3333333333333333,0.36363636363636365,0.34782608695652173,0.0020198505371809006,0.008079402148723602,6,12,11,0.5,0.5454545454545454,0.5217391304347826,0.0035341791808605194,0.021205075085163116,7,12,11,0.5833333333333334,0.6363636363636364,0.6086956521739131,0.005314240498202187,0.037199683487415314,10,12,11,0.8333333333333334,0.9090909090909091,0.8695652173913043,0.01994628980755806,0.1994628980755806
791,20791,166,6,5,28,"[0.09040914475917816, 0.211853489279747, 0.32754772901535034, 0.4359879493713379, 0.646528959274292, 0.9067192077636719]","[0.09040914475917816, 0.211853489279747, 0.32754772901535034, 0.4359879493713379, 0.9067192077636719]","[0.021235425025224686, 0.05339856445789337, 0.08947134017944336, 0.13125133514404297, 0.17642731964588165, 0.21828116476535797, 0.2575235068798065, 0.29198411107063293, 0.32698705792427063, 0.36027243733406067, 0.3925290107727051, 0.42422786355018616, 0.45526936650276184, 0.48600253462791443, 0.5161045789718628, 0.5459146499633789, 0.5756328105926514, 0.605675458908081, 0.6361090540885925, 0.6669790148735046, 0.6990842819213867, 0.7326535582542419, 0.7663633823394775, 0.7980934977531433, 0.8286945223808289, 0.8619056344032288, 0.8997039198875427, 0.9418433308601379]",0.023592602461576462,"[""ours_then_hard"", ""hard_then_ours"", ""hard_then_ours""]",5,0,-1,0.00016391939425375313,False,"[17.4795, 18.2274, 18.5509]",18.2274,"[0.3045342266559601, 0.5600188970565796, 0.6953166723251343, 0.780310332775116, 0.8340812921524048]",6,1,0,2.0188046619296074e-05,True,"[192.5315, 212.0335, 202.9262]",202.9262,"[0.13125133514404297, 0.2575235068798065, 0.32698705792427063, 0.5161045789718628, 0.5459146499633789, 0.8619056344032288]",22,"[0.2745088040828705, 0.542338490486145, 0.7059013843536377, 0.8068872094154358, 0.8646878600120544]",0,5,5,0.0,0.0,0.0,,0.0,0,5,5,0.0,0.0,0.0,,0.0,0,5,5,0.0,0.0,0.0,,0.0,1,5,5,0.2,0.2,0.20000000000000004,0.04203134775161743,0.04203134775161743,"[0.10178832709789276, 0.22583363950252533, 0.298897385597229, 0.49253299832344055, 0.5283151865005493, 0.8923351168632507]",0,6,5,0.0,0.0,0.0,,0.0,0,6,5,0.0,0.0,0.0,,0.0,3,6,5,0.5,0.6,0.5454545454545454,0.013247807820638021,0.03974342346191406,4,6,5,0.6666666666666666,0.8,0.7272727272727272,0.01709844172000885,0.0683937668800354
844,20844,167,4,4,28,"[0.22118929028511047, 0.47822779417037964, 0.6506162285804749, 0.811152994632721]","[0.22118929028511047, 0.47822779417037964, 0.6506162285804749, 0.811152994632721]","[0.019069021567702293, 0.04808283969759941, 0.08085423707962036, 0.1179143413901329, 0.15812040865421295, 0.19792258739471436, 0.23343300819396973, 0.26604846119880676, 0.29799848794937134, 0.3301817774772644, 0.36217179894447327, 0.39391034841537476, 0.425422728061676, 0.45676010847091675, 0.48777663707733154, 0.5187343955039978, 0.5497293472290039, 0.5807011127471924, 0.6116117238998413, 0.6426726579666138, 0.674784779548645, 0.7085484862327576, 0.743434727191925, 0.7773044109344482, 0.810060441493988, 0.8453693985939026, 0.8866865634918213, 0.9339931011199951]",0.0326855406165123,"[""ours_then_hard"", ""ours_then_hard"", ""hard_then_ours""]",4,0,0,4.102781167603098e-05,False,"[21.3545, 14.1911, 20.2875]",20.2875,"[0.22063778340816498, 0.3392736315727234, 0.451715350151062, 0.6713547706604004]",3,-1,-1,2.333818883926142e-05,True,"[241.3321, 208.503, 231.5646]",231.5646,"[0.19792258739471436, 0.425422728061676, 0.743434727191925]",25,"[0.20579996705055237, 0.35865721106529236, 0.49252238869667053, 0.7131530046463013]",0,4,4,0.0,0.0,0.0,,0.0,0,4,4,0.0,0.0,0.0,,0.0,2,4,4,0.5,0.5,0.5,0.0148419588804245,0.029683917760849,2,4,4,0.5,0.5,0.5,0.0148419588804245,0.029683917760849,"[0.17665979266166687, 0.45815879106521606, 0.7912723422050476]",0,3,4,0.0,0.0,0.0,,0.0,0,3,4,0.0,0.0,0.0,,0.0,1,3,4,0.3333333333333333,0.25,0.28571428571428575,0.01988065242767334,0.01988065242767334,3,3,4,1.0,0.75,0.8571428571428571,0.028159717718760174,0.08447915315628052
790,20790,168,8,7,28,"[0.12650050222873688, 0.23982658982276917, 0.349246621131897, 0.4066345691680908, 0.5415921807289124, 0.6582282185554504, 0.7977108359336853, 0.8950791358947754]","[0.12650050222873688, 0.23982658982276917, 0.349246621131897, 0.4066345691680908, 0.6582282185554504, 0.7977108359336853, 0.8950791358947754]","[0.01781228929758072, 0.04530232399702072, 0.07707257568836212, 0.11440920829772949, 0.15600889921188354, 0.19749179482460022, 0.23467572033405304, 0.26804256439208984, 0.3008294999599457, 0.33372962474823, 0.3652222454547882, 0.3961881101131439, 0.42655572295188904, 0.4566684067249298, 0.48674720525741577, 0.5170825123786926, 0.5477353930473328, 0.5788354873657227, 0.6102261543273926, 0.6422461271286011, 0.6761497855186462, 0.7124449014663696, 0.7496063113212585, 0.7841112613677979, 0.8160533308982849, 0.8504181504249573, 0.8906657099723816, 0.936457097530365]",0.01720266602933407,"[""hard_then_ours"", ""hard_then_ours"", ""hard_then_ours""]",6,-1,-2,5.428319491329603e-05,False,"[22.6438, 14.8691, 18.4498]",18.4498,"[0.3977353870868683, 0.5745825171470642, 0.6528677940368652, 0.7749024033546448, 0.8126906752586365, 0.8905821442604065]",7,0,-1,2.4831870177877136e-05,True,"[196.0071, 205.1937, 188.3867]",196.0071,"[0.3008294999599457, 0.33372962474823, 0.42655572295188904, 0.6102261543273926, 0.6761497855186462, 0.7841112613677979, 0.8504181504249573]",21,"[0.37251704931259155, 0.5676162838935852, 0.6415503025054932, 0.7844219207763672, 0.8299106955528259, 0.914631187915802]",0,6,7,0.0,0.0,0.0,,0.0,0,6,7,0.0,0.0,0.0,,0.0,3,6,7,0.5,0.42857142857142855,0.4615384615384615,0.016506294409434002,0.049518883228302,4,6,7,0.6666666666666666,0.5714285714285714,0.6153846153846153,0.018197327852249146,0.07278931140899658,"[0.28134509921073914, 0.31488117575645447, 0.4015441834926605, 0.6043795347213745, 0.6657785177230835, 0.7937484383583069, 0.870777428150177]",1,7,7,0.14285714285714285,0.14285714285714285,0.14285714285714285,0.003962397575378418,0.003962397575378418,3,7,7,0.42857142857142855,0.42857142857142855,0.42857142857142855,0.005534360806147258,0.016603082418441772,3,7,7,0.42857142857142855,0.42857142857142855,0.42857142857142855,0.005534360806147258,0.016603082418441772,6,7,7,0.8571428571428571,0.8571428571428571,0.8571428571428571,0.01946479082107544,0.11678874492645264
618,20618,169,8,5,28,"[0.150997132062912, 0.20427818596363068, 0.28877654671669006, 0.4172011613845825, 0.49899253249168396, 0.5846260190010071, 0.7194503545761108, 0.9253692030906677]","[0.20427818596363068, 0.28877654671669006, 0.4172011613845825, 0.5846260190010071, 0.9253692030906677]","[0.018607527017593384, 0.04715792089700699, 0.07985889911651611, 0.11729642003774643, 0.15824085474014282, 0.1983267068862915, 0.23427057266235352, 0.2670988142490387, 0.29808083176612854, 0.32889339327812195, 0.359024316072464, 0.3894639015197754, 0.42029860615730286, 0.4513539671897888, 0.4823724329471588, 0.5134499073028564, 0.5448343753814697, 0.5768758058547974, 0.6094570159912109, 0.6422619223594666, 0.6761538982391357, 0.7115191221237183, 0.7474958896636963, 0.78244549036026, 0.8157547116279602, 0.8507393002510071, 0.8913118839263916, 0.9371038675308228]",0.03327856957912445,"[""ours_then_hard"", ""hard_then_ours"", ""hard_then_ours""]",9,4,1,4.7564273700118065e-05,False,"[18.2111, 16.1634, 21.515]",18.2111,"[0.188290536403656, 0.32184746861457825, 0.3587362468242645, 0.3878050148487091, 0.4221380352973938, 0.49524590373039246, 0.5434597730636597, 0.6338586807250977, 0.732232391834259]",5,0,-3,2.17300566873746e-05,True,"[233.5259, 221.8915, 278.6785]",233.5259,"[0.15824085474014282, 0.2670988142490387, 0.5768758058547974, 0.6094570159912109, 0.8913118839263916]",23,"[0.15084418654441833, 0.27476072311401367, 0.3059387505054474, 0.3341537415981293, 0.3728288412094116, 0.45127445459365845, 0.5024390816688538, 0.5970242023468018, 0.7137451171875]",0,9,5,0.0,0.0,0.0,,0.0,0,9,5,0.0,0.0,0.0,,0.0,2,9,5,0.2222222222222222,0.4,0.2857142857142857,0.013207003474235535,0.02641400694847107,3,9,5,0.3333333333333333,0.6,0.42857142857142855,0.02359544237454732,0.07078632712364197,"[0.1238405779004097, 0.22446346282958984, 0.5334619283676147, 0.5698887705802917, 0.8994705677032471]",0,5,5,0.0,0.0,0.0,,0.0,0,5,5,0.0,0.0,0.0,,0.0,1,5,5,0.2,0.2,0.20000000000000004,0.014737248420715332,0.014737248420715332,3,5,5,0.6,0.6,0.6,0.020273720224698383,0.060821160674095154
237,20237,170,11,6,28,"[0.05943147838115692, 0.16027119755744934, 0.2238287329673767, 0.2967708706855774, 0.3729499578475952, 0.44890350103378296, 0.5202783346176147, 0.597594141960144, 0.6896418333053589, 0.7997674942016602, 0.9169517159461975]","[0.05943147838115692, 0.2967708706855774, 0.44890350103378296, 0.597594141960144, 0.6896418333053589, 0.9169517159461975]","[0.017475135624408722, 0.04500098526477814, 0.07540442049503326, 0.11019964516162872, 0.1478467434644699, 0.1862853467464447, 0.22241944074630737, 0.2535529136657715, 0.283164918422699, 0.3117329776287079, 0.3411828279495239, 0.37148845195770264, 0.40278300642967224, 0.4349501132965088, 0.46739161014556885, 0.4991704821586609, 0.5306904315948486, 0.5630837082862854, 0.5966728925704956, 0.630075216293335, 0.6645787358283997, 0.7011418342590332, 0.738970935344696, 0.7757987976074219, 0.8106493949890137, 0.8470260500907898, 0.889094889163971, 0.9360920190811157]",0.012102269567549229,"[""ours_then_hard"", ""hard_then_ours"", ""hard_then_ours""]",8,2,-3,2.6035457267425954e-05,False,"[18.0634, 21.5517, 16.6999]",18.0634,"[0.19852089881896973, 0.3068755865097046, 0.383028507232666, 0.4990989565849304, 0.5885019302368164, 0.6611371636390686, 0.7397423386573792, 0.8257404565811157]",8,2,-3,2.113337723130826e-05,True,"[182.6431, 211.4944, 205.9411]",205.9411,"[0.1862853467464447, 0.3411828279495239, 0.37148845195770264, 0.5306904315948486, 0.5966728925704956, 0.7011418342590332, 0.8106493949890137, 0.889094889163971]",20,"[0.19170574843883514, 0.31288209557533264, 0.3815695345401764, 0.48026058077812195, 0.5755905508995056, 0.6541536450386047, 0.7339960932731628, 0.8258718848228455]",0,8,6,0.0,0.0,0.0,,0.0,0,8,6,0.0,0.0,0.0,,0.0,1,8,6,0.125,0.16666666666666666,0.14285714285714288,0.01611122488975525,0.01611122488975525,4,8,6,0.5,0.6666666666666666,0.5714285714285715,0.026240020990371704,0.10496008396148682,"[0.17487753927707672, 0.3408162295818329, 0.3727375566959381, 0.513041079044342, 0.5852448344230652, 0.6980113983154297, 0.810464084148407, 0.9029214978218079]",0,8,6,0.0,0.0,0.0,,0.0,1,8,6,0.125,0.16666666666666666,0.14285714285714288,0.0083695650100708,0.0083695650100708,3,8,6,0.375,0.5,0.42857142857142855,0.011583030223846436,0.03474909067153931,4,8,6,0.5,0.6666666666666666,0.5714285714285715,0.0196986123919487,0.0787944495677948
166,20166,171,10,7,28,"[0.06399073451757431, 0.15870332717895508, 0.2071734070777893, 0.26078540086746216, 0.3455676734447479, 0.4315365254878998, 0.5316450595855713, 0.663470983505249, 0.7918051481246948, 0.895143985748291]","[0.06399073451757431, 0.15870332717895508, 0.2071734070777893, 0.3455676734447479, 0.4315365254878998, 0.5316450595855713, 0.895143985748291]","[0.020861929282546043, 0.05195953696966171, 0.08508776128292084, 0.12173980474472046, 0.16231465339660645, 0.20117433369159698, 0.23732060194015503, 0.2690829038619995, 0.3017369210720062, 0.3349776864051819, 0.3674874007701874, 0.3992811143398285, 0.4304448664188385, 0.4619710147380829, 0.4940968155860901, 0.5254478454589844, 0.5563637018203735, 0.5872051119804382, 0.6185369491577148, 0.6512730121612549, 0.6856233477592468, 0.7216520309448242, 0.7578059434890747, 0.791833758354187, 0.824501097202301, 0.8594955205917358, 0.8986787796020508, 0.9416197538375854]",0.031458914279937744,"[""hard_then_ours"", ""hard_then_ours"", ""ours_then_hard""]",7,0,-3,0.00018867169274017215,False,"[20.3811, 17.3624, 17.9138]",17.9138,"[0.2930639386177063, 0.39166444540023804, 0.501122236251831, 0.528424084186554, 0.5872379541397095, 0.6791175603866577, 0.7932535409927368]",8,1,-2,2.1645415472448803e-05,True,"[199.4556, 317.6001, 200.8224]",200.8224,"[0.08508776128292084, 0.2690829038619995, 0.3992811143398285, 0.5563637018203735, 0.5872051119804382, 0.6856233477592468, 0.7216520309448242, 0.8594955205917358]",20,"[0.2446681410074234, 0.33911892771720886, 0.47052237391471863, 0.5082924365997314, 0.589474081993103, 0.6934441328048706, 0.8289021849632263]",0,7,7,0.0,0.0,0.0,,0.0,1,7,7,0.14285714285714285,0.14285714285714285,0.14285714285714285,0.0064487457275390625,0.0064487457275390625,1,7,7,0.14285714285714285,0.14285714285714285,0.14285714285714285,0.0064487457275390625,0.0064487457275390625,4,7,7,0.5714285714285714,0.5714285714285714,0.5714285714285714,0.026570487767457962,0.10628195106983185,"[0.06549946963787079, 0.22680458426475525, 0.3475893437862396, 0.5488590598106384, 0.5894362330436707, 0.7037240266799927, 0.752759575843811, 0.8858036994934082]",2,8,7,0.25,0.2857142857142857,0.26666666666666666,0.0017652027308940887,0.0035304054617881775,3,8,7,0.375,0.42857142857142855,0.39999999999999997,0.004290230572223663,0.01287069171667099,5,8,7,0.625,0.7142857142857143,0.6666666666666666,0.009943173825740814,0.04971586912870407,5,8,7,0.625,0.7142857142857143,0.6666666666666666,0.009943173825740814,0.04971586912870407
850,20850,172,4,3,28,"[0.18792502582073212, 0.3698151111602783, 0.45772162079811096, 0.7210348844528198]","[0.3698151111602783, 0.45772162079811096, 0.7210348844528198]","[0.017751585692167282, 0.04575163871049881, 0.07763370126485825, 0.11392983794212341, 0.15400296449661255, 0.19570793211460114, 0.22902540862560272, 0.26077988743782043, 0.2913478910923004, 0.32078805565834045, 0.35266903042793274, 0.3838326334953308, 0.41462308168411255, 0.4452759027481079, 0.47569501399993896, 0.5061585903167725, 0.5374850630760193, 0.569513201713562, 0.6021333932876587, 0.6352646946907043, 0.6698229908943176, 0.7061344981193542, 0.7433286309242249, 0.7792953848838806, 0.8137099742889404, 0.8497745394706726, 0.8909437656402588, 0.936976432800293]",0.02576088160276413,"[""ours_then_hard"", ""hard_then_ours"", ""ours_then_hard""]",6,3,2,2.5993243980337866e-05,False,"[25.2218, 22.7986, 21.7039]",22.7986,"[0.178884357213974, 0.20882920920848846, 0.379025399684906, 0.6292953491210938, 0.736154317855835, 0.8219066262245178]",6,3,2,2.1944275431451388e-05,True,"[226.868, 214.2994, 228.9054]",226.868,"[0.19570793211460114, 0.22902540862560272, 0.41462308168411255, 0.4452759027481079, 0.7792953848838806, 0.8137099742889404]",22,"[0.14803063869476318, 0.1752733439207077, 0.34781935811042786, 0.6508551836013794, 0.7633209824562073, 0.8500286340713501]",0,6,3,0.0,0.0,0.0,,0.0,0,6,3,0.0,0.0,0.0,,0.0,0,6,3,0.0,0.0,0.0,,0.0,2,6,3,0.3333333333333333,0.6666666666666666,0.4444444444444444,0.03214092552661896,0.06428185105323792,"[0.16608858108520508, 0.1893039345741272, 0.39471158385276794, 0.4265640079975128, 0.8131992220878601, 0.842892587184906]",0,6,3,0.0,0.0,0.0,,0.0,0,6,3,0.0,0.0,0.0,,0.0,0,6,3,0.0,0.0,0.0,,0.0,2,6,3,0.3333333333333333,0.6666666666666666,0.4444444444444444,0.028027042746543884,0.05605408549308777
275,20275,173,20,12,28,"[0.04802726209163666, 0.10590244084596634, 0.16611415147781372, 0.22694794833660126, 0.28706124424934387, 0.32940834760665894, 0.3590950667858124, 0.4007326662540436, 0.4601239860057831, 0.5135223865509033, 0.5446354746818542, 0.5915393233299255, 0.6351807713508606, 0.6859361529350281, 0.7431697249412537, 0.796545684337616, 0.8329472541809082, 0.8734487295150757, 0.9053869247436523, 0.9640715718269348]","[0.04802726209163666, 0.22694794833660126, 0.28706124424934387, 0.32940834760665894, 0.4007326662540436, 0.4601239860057831, 0.5446354746818542, 0.5915393233299255, 0.8329472541809082, 0.8734487295150757, 0.9053869247436523, 0.9640715718269348]","[0.018569335341453552, 0.046606361865997314, 0.07883387058973312, 0.11484499275684357, 0.15606559813022614, 0.1954045295715332, 0.22953365743160248, 0.2605483829975128, 0.291405588388443, 0.3231647312641144, 0.3544522821903229, 0.3852479159832001, 0.415362149477005, 0.4442818760871887, 0.47748106718063354, 0.5093271136283875, 0.5406781435012817, 0.5721182227134705, 0.6040899753570557, 0.6369953155517578, 0.6726841926574707, 0.711746871471405, 0.751186192035675, 0.7870988845825195, 0.8188906908035278, 0.851550281047821, 0.8919481039047241, 0.9378629326820374]",0.024111246690154076,"[""hard_then_ours"", ""ours_then_hard"", ""hard_then_ours""]",16,4,-4,5.378966670832597e-05,False,"[19.818, 17.6661, 18.6946]",18.6946,"[0.18264560401439667, 0.22466348111629486, 0.29258137941360474, 0.34038054943084717, 0.36197149753570557, 0.40136879682540894, 0.44060027599334717, 0.48551779985427856, 0.5476756691932678, 0.5665246248245239, 0.6186332702636719, 0.7243454456329346, 0.7513822913169861, 0.7734286785125732, 0.8020632863044739, 0.8657470941543579]",19,7,-1,2.3742504708934575e-05,True,"[115.9145, 110.07, 108.0677]",110.07,"[0.046606361865997314, 0.07883387058973312, 0.11484499275684357, 0.22953365743160248, 0.291405588388443, 0.3231647312641144, 0.3544522821903229, 0.4442818760871887, 0.5093271136283875, 0.5406781435012817, 0.6040899753570557, 0.6369953155517578, 0.6726841926574707, 0.711746871471405, 0.7870988845825195, 0.8188906908035278, 0.851550281047821, 0.8919481039047241, 0.9378629326820374]",9,"[0.21877005696296692, 0.2632615268230438, 0.3372986614704132, 0.37646064162254333, 0.39064720273017883, 0.42478305101394653, 0.45893144607543945, 0.5108128786087036, 0.5732744336128235, 0.5943571329116821, 0.6397799253463745, 0.7464672923088074, 0.7742027044296265, 0.7940716743469238, 0.8159710764884949, 0.8738659620285034]",3,16,12,0.1875,0.25,0.21428571428571427,0.0014758606751759846,0.004427582025527954,5,16,12,0.3125,0.4166666666666667,0.35714285714285715,0.004099157452583313,0.020495787262916565,7,16,12,0.4375,0.5833333333333334,0.5,0.009000644087791443,0.0630045086145401,9,16,12,0.5625,0.75,0.6428571428571429,0.02120679782496558,0.19086118042469025,"[0.051665324717760086, 0.0872131958603859, 0.13182991743087769, 0.2700026035308838, 0.33606550097465515, 0.36467811465263367, 0.38491788506507874, 0.46262046694755554, 0.5355555415153503, 0.5685465335845947, 0.6256927251815796, 0.6515693664550781, 0.6929880976676941, 0.7357259392738342, 0.8027849793434143, 0.8290042877197266, 0.8605027198791504, 0.8979900479316711, 0.9497222304344177]",3,19,12,0.15789473684210525,0.25,0.1935483870967742,0.00335917000969251,0.01007751002907753,6,19,12,0.3157894736842105,0.5,0.3870967741935484,0.0055352455625931425,0.03321147337555885,10,19,12,0.5263157894736842,0.8333333333333334,0.6451612903225806,0.009338024631142616,0.09338024631142616,12,19,12,0.631578947368421,1.0,0.7741935483870968,0.02626591579367717,0.31519098952412605
733,20733,174,10,6,28,"[0.0931345522403717, 0.20259720087051392, 0.3121820092201233, 0.39734137058258057, 0.5010945796966553, 0.5980221629142761, 0.6688069105148315, 0.7467636466026306, 0.8615989089012146, 0.923473060131073]","[0.0931345522403717, 0.3121820092201233, 0.39734137058258057, 0.5010945796966553, 0.6688069105148315, 0.923473060131073]","[0.01882867142558098, 0.04804690182209015, 0.08053574711084366, 0.11844270676374435, 0.15921488404273987, 0.19920819997787476, 0.23598754405975342, 0.26705050468444824, 0.2977586090564728, 0.32889559864997864, 0.35947415232658386, 0.3901413679122925, 0.42126190662384033, 0.45284855365753174, 0.4837949872016907, 0.5146490931510925, 0.5452584624290466, 0.575782835483551, 0.6071035265922546, 0.6390193104743958, 0.6719797849655151, 0.7066787481307983, 0.7424721717834473, 0.7770364880561829, 0.8100857138633728, 0.8453996777534485, 0.8869422674179077, 0.9343119859695435]",0.02242409810423851,"[""ours_then_hard"", ""hard_then_ours"", ""ours_then_hard""]",7,1,-3,2.588688221294433e-05,False,"[15.4522, 19.0205, 19.2706]",19.0205,"[0.19987852871418, 0.28244316577911377, 0.35717272758483887, 0.46875014901161194, 0.5325870513916016, 0.6300327777862549, 0.7157074213027954]",8,2,-2,1.341194274573354e-05,True,"[180.2868, 184.4857, 219.0269]",184.4857,"[0.15921488404273987, 0.32889559864997864, 0.35947415232658386, 0.4837949872016907, 0.575782835483551, 0.6719797849655151, 0.7066787481307983, 0.8869422674179077]",20,"[0.2037854790687561, 0.28944534063339233, 0.37526386976242065, 0.4919939637184143, 0.5610628128051758, 0.6577629446983337, 0.7526674270629883]",0,7,6,0.0,0.0,0.0,,0.0,1,7,6,0.14285714285714285,0.16666666666666666,0.15384615384615383,0.009100615978240967,0.009100615978240967,2,7,6,0.2857142857142857,0.3333333333333333,0.30769230769230765,0.010072290897369385,0.02014458179473877,4,7,6,0.5714285714285714,0.6666666666666666,0.6153846153846153,0.01623968780040741,0.06495875120162964,"[0.15396669507026672, 0.34043455123901367, 0.3775157332420349, 0.5083839893341064, 0.6049127578735352, 0.7039700150489807, 0.7442190051078796, 0.9098849296569824]",0,8,6,0.0,0.0,0.0,,0.0,1,8,6,0.125,0.16666666666666666,0.14285714285714288,0.007289409637451172,0.007289409637451172,3,8,6,0.375,0.5,0.42857142857142855,0.013567725817362467,0.0407031774520874,5,8,6,0.625,0.8333333333333334,0.7142857142857143,0.02082376480102539,0.10411882400512695
294,20294,175,4,3,28,"[0.1462486982345581, 0.38598424196243286, 0.5794475078582764, 0.76102614402771]","[0.1462486982345581, 0.38598424196243286, 0.76102614402771]","[0.019099026918411255, 0.04821484535932541, 0.08054035902023315, 0.11697129905223846, 0.15625226497650146, 0.19508245587348938, 0.23014722764492035, 0.26239070296287537, 0.29369354248046875, 0.32531145215034485, 0.35625237226486206, 0.38705867528915405, 0.41760149598121643, 0.44795894622802734, 0.47818562388420105, 0.5084560513496399, 0.5390245318412781, 0.5699833631515503, 0.6012614369392395, 0.6328364014625549, 0.6653319597244263, 0.6991894245147705, 0.7345747947692871, 0.7704155445098877, 0.8059818148612976, 0.8433674573898315, 0.886137843132019, 0.9340986609458923]",0.01835167407989502,"[""hard_then_ours"", ""hard_then_ours"", ""ours_then_hard""]",8,5,4,1.8480093785910867e-05,True,"[16.9169, 20.0293, 22.2484]",20.0293,"[0.2604672610759735, 0.32900476455688477, 0.4288257956504822, 0.4843863546848297, 0.6207360029220581, 0.690105676651001, 0.7298046946525574, 0.7674480676651001]",4,1,0,1.761605562933255e-05,True,"[281.7614, 236.6122, 319.0912]",281.7614,"[0.35625237226486206, 0.6991894245147705, 0.7704155445098877, 0.8059818148612976]",24,"[0.2353133112192154, 0.3114950954914093, 0.43221423029899597, 0.4941971004009247, 0.63789302110672, 0.7090321779251099, 0.7470799684524536, 0.7885545492172241]",0,8,3,0.0,0.0,0.0,,0.0,0,8,3,0.0,0.0,0.0,,0.0,1,8,3,0.125,0.3333333333333333,0.18181818181818182,0.013946175575256348,0.013946175575256348,2,8,3,0.25,0.6666666666666666,0.36363636363636365,0.03008808195590973,0.06017616391181946,"[0.3468325138092041, 0.7176283001899719, 0.7912682294845581, 0.8353184461593628]",0,4,3,0.0,0.0,0.0,,0.0,0,4,3,0.0,0.0,0.0,,0.0,0,4,3,0.0,0.0,0.0,,0.0,2,4,3,0.5,0.6666666666666666,0.5714285714285715,0.0412747859954834,0.0825495719909668
760,20760,176,9,7,28,"[0.11292014271020889, 0.19077065587043762, 0.2989133894443512, 0.39909303188323975, 0.47797849774360657, 0.6072925329208374, 0.7203261852264404, 0.7801278829574585, 0.9092097282409668]","[0.19077065587043762, 0.2989133894443512, 0.39909303188323975, 0.47797849774360657, 0.6072925329208374, 0.7203261852264404, 0.9092097282409668]","[0.018520547077059746, 0.0480203703045845, 0.08115004003047943, 0.1197318285703659, 0.16158238053321838, 0.20403972268104553, 0.2402452677488327, 0.27230775356292725, 0.3031286597251892, 0.3342495858669281, 0.36576899886131287, 0.3979628086090088, 0.4295288622379303, 0.4603087902069092, 0.49038606882095337, 0.5195025205612183, 0.5487313866615295, 0.5789594054222107, 0.6104148626327515, 0.6420348882675171, 0.675105631351471, 0.7104495763778687, 0.746850311756134, 0.78125, 0.8135737180709839, 0.8484606146812439, 0.8895338177680969, 0.9360688924789429]",0.01902206428349018,"[""hard_then_ours"", ""hard_then_ours"", ""hard_then_ours""]",6,-1,-3,4.093824463780038e-05,False,"[18.3176, 16.9676, 22.9366]",18.3176,"[0.1911318302154541, 0.29916912317276, 0.43717482686042786, 0.5454744696617126, 0.692288875579834, 0.7605226039886475]",8,1,-1,1.9752222215174697e-05,True,"[231.4637, 206.7108, 224.3988]",224.3988,"[0.27230775356292725, 0.3031286597251892, 0.4603087902069092, 0.5195025205612183, 0.6104148626327515, 0.7104495763778687, 0.78125, 0.8135737180709839]",20,"[0.15669511258602142, 0.27433568239212036, 0.4175640940666199, 0.5438323020935059, 0.697437584400177, 0.7617493271827698]",0,6,7,0.0,0.0,0.0,,0.0,0,6,7,0.0,0.0,0.0,,0.0,1,6,7,0.16666666666666666,0.14285714285714285,0.15384615384615383,0.018471062183380127,0.018471062183380127,4,6,7,0.6666666666666666,0.5714285714285714,0.6153846153846153,0.025003228336572647,0.10001291334629059,"[0.24778668582439423, 0.2772344648838043, 0.440925657749176, 0.5144539475440979, 0.6104231476783752, 0.7176184058189392, 0.7857159972190857, 0.8284841775894165]",2,8,7,0.25,0.2857142857142857,0.26666666666666666,0.0029191970825195312,0.0058383941650390625,2,8,7,0.25,0.2857142857142857,0.26666666666666666,0.0029191970825195312,0.0058383941650390625,2,8,7,0.25,0.2857142857142857,0.26666666666666666,0.0029191970825195312,0.0058383941650390625,5,8,7,0.625,0.7142857142857143,0.6666666666666666,0.02116507887840271,0.10582539439201355
876,20876,177,8,7,28,"[0.15008950233459473, 0.24166987836360931, 0.345092236995697, 0.45057111978530884, 0.5395460724830627, 0.6720011234283447, 0.7680263519287109, 0.9147783517837524]","[0.15008950233459473, 0.24166987836360931, 0.345092236995697, 0.45057111978530884, 0.5395460724830627, 0.7680263519287109, 0.9147783517837524]","[0.01958327926695347, 0.048717692494392395, 0.08149135112762451, 0.11873096227645874, 0.1593286395072937, 0.19955016672611237, 0.23554997146129608, 0.26799920201301575, 0.29757362604141235, 0.32673996686935425, 0.3571414351463318, 0.3883028030395508, 0.4187445640563965, 0.4484879970550537, 0.47764909267425537, 0.5056535005569458, 0.5341374278068542, 0.5666563510894775, 0.6007469892501831, 0.6353875398635864, 0.6711755990982056, 0.7094179391860962, 0.7496466636657715, 0.7864906787872314, 0.819541871547699, 0.8546159267425537, 0.8954267501831055, 0.940161943435669]",0.020914360880851746,"[""ours_then_hard"", ""ours_then_hard"", ""ours_then_hard""]",12,5,4,4.4186392187839374e-05,False,"[22.7979, 15.3582, 25.1231]",22.7979,"[0.09367500245571136, 0.1533699482679367, 0.21189332008361816, 0.2863524854183197, 0.313557893037796, 0.3760114312171936, 0.4401642978191376, 0.4573555290699005, 0.5492786765098572, 0.5922172665596008, 0.770530641078949, 0.815978467464447]",11,4,3,1.941354275913909e-05,True,"[295.419, 192.7911, 178.377]",192.7911,"[0.11873096227645874, 0.1593286395072937, 0.26799920201301575, 0.3571414351463318, 0.4484879970550537, 0.5056535005569458, 0.5341374278068542, 0.7496466636657715, 0.7864906787872314, 0.8546159267425537, 0.940161943435669]",17,"[0.0681992694735527, 0.11818224936723709, 0.17771713435649872, 0.27456575632095337, 0.3071374297142029, 0.37417420744895935, 0.42231765389442444, 0.4346963167190552, 0.5211693644523621, 0.566888153553009, 0.777811586856842, 0.8256683349609375]",0,12,7,0.0,0.0,0.0,,0.0,1,12,7,0.08333333333333333,0.14285714285714285,0.10526315789473685,0.009785234928131104,0.009785234928131104,3,12,7,0.25,0.42857142857142855,0.3157894736842105,0.01467891534169515,0.04403674602508545,6,12,7,0.5,0.8571428571428571,0.631578947368421,0.026528891175985336,0.15917334705591202,"[0.08740027993917465, 0.12395685911178589, 0.2521374821662903, 0.35476139187812805, 0.42858409881591797, 0.4679762125015259, 0.5019158124923706, 0.7476360201835632, 0.7956871390342712, 0.863779604434967, 0.953931987285614]",0,11,7,0.0,0.0,0.0,,0.0,1,11,7,0.09090909090909091,0.14285714285714285,0.1111111111111111,0.00966915488243103,0.00966915488243103,3,11,7,0.2727272727272727,0.42857142857142855,0.33333333333333326,0.01251395046710968,0.03754185140132904,7,11,7,0.6363636363636364,1.0,0.7777777777777778,0.023632950016430447,0.16543065011501312
360,20360,178,7,6,28,"[0.0895363986492157, 0.19496214389801025, 0.34258168935775757, 0.4880948066711426, 0.6366903185844421, 0.7958123087882996, 0.9298088550567627]","[0.0895363986492157, 0.19496214389801025, 0.34258168935775757, 0.4880948066711426, 0.6366903185844421, 0.9298088550567627]","[0.0195821151137352, 0.04811329394578934, 0.08195358514785767, 0.12003085762262344, 0.16515439748764038, 0.20289066433906555, 0.2390584796667099, 0.2708720862865448, 0.30445384979248047, 0.3342653512954712, 0.36383116245269775, 0.39491066336631775, 0.4259989857673645, 0.4574074149131775, 0.48861488699913025, 0.519909143447876, 0.5508719086647034, 0.5829241275787354, 0.6155225038528442, 0.6483394503593445, 0.682482123374939, 0.7186339497566223, 0.7554513216018677, 0.7896775007247925, 0.8213405609130859, 0.8552543520927429, 0.894744336605072, 0.9390846490859985]",0.03201016038656235,"[""hard_then_ours"", ""hard_then_ours"", ""ours_then_hard""]",6,0,-1,0.00010357779683545232,False,"[14.3333, 22.4307, 22.3874]",22.3874,"[0.20874238014221191, 0.3817233741283417, 0.4950048625469208, 0.5612989068031311, 0.6841780543327332, 0.7909422516822815]",9,3,2,2.45675601036055e-05,True,"[236.2774, 277.5118, 204.9884]",236.2774,"[0.04811329394578934, 0.16515439748764038, 0.2708720862865448, 0.4259989857673645, 0.4574074149131775, 0.6483394503593445, 0.7186339497566223, 0.8552543520927429, 0.894744336605072]",19,"[0.15939031541347504, 0.33496978878974915, 0.4743080735206604, 0.5503152012825012, 0.6985710263252258, 0.8158233761787415]",0,6,6,0.0,0.0,0.0,,0.0,1,6,6,0.16666666666666666,0.16666666666666666,0.16666666666666666,0.007611900568008423,0.007611900568008423,2,6,6,0.3333333333333333,0.3333333333333333,0.3333333333333333,0.0106993168592453,0.0213986337184906,3,6,6,0.5,0.5,0.5,0.018990154067675274,0.05697046220302582,"[0.03266472369432449, 0.11943002790212631, 0.21276816725730896, 0.3830774128437042, 0.42688190937042236, 0.6498424410820007, 0.738447368144989, 0.8778176307678223, 0.9077491760253906]",0,9,6,0.0,0.0,0.0,,0.0,0,9,6,0.0,0.0,0.0,,0.0,2,9,6,0.2222222222222222,0.3333333333333333,0.26666666666666666,0.01547907292842865,0.0309581458568573,5,9,6,0.5555555555555556,0.8333333333333334,0.6666666666666667,0.02468143552541733,0.12340717762708664
697,20697,179,10,7,28,"[0.1421622633934021, 0.21134287118911743, 0.3297954499721527, 0.375665545463562, 0.420845091342926, 0.5081321001052856, 0.6451400518417358, 0.7071914672851562, 0.7659465074539185, 0.8989484310150146]","[0.21134287118911743, 0.3297954499721527, 0.375665545463562, 0.420845091342926, 0.6451400518417358, 0.7071914672851562, 0.8989484310150146]","[0.018647242337465286, 0.04668563976883888, 0.07905927300453186, 0.11626637727022171, 0.1571059674024582, 0.20030419528484344, 0.23821386694908142, 0.2711919844150543, 0.3036434054374695, 0.3351033926010132, 0.36467334628105164, 0.39476510882377625, 0.42449426651000977, 0.4541715979576111, 0.4831746518611908, 0.5121014714241028, 0.5411021709442139, 0.5704624652862549, 0.6005802154541016, 0.6325713992118835, 0.6673539876937866, 0.7046152949333191, 0.7429105043411255, 0.7788942456245422, 0.8127731680870056, 0.8482058644294739, 0.8895596861839294, 0.9362232685089111]",0.015071646310389042,"[""ours_then_hard"", ""ours_then_hard"", ""ours_then_hard""]",12,5,2,2.587221570138354e-05,False,"[20.9154, 18.8896, 15.9847]",18.8896,"[0.11206699162721634, 0.15241631865501404, 0.21295087039470673, 0.30363497138023376, 0.3671640455722809, 0.49082517623901367, 0.5079046487808228, 0.5281165242195129, 0.5752894282341003, 0.6464263796806335, 0.7147305011749268, 0.7960183620452881]",8,1,-2,2.099062294291798e-05,True,"[185.5182, 202.4606, 239.2637]",202.4606,"[0.1571059674024582, 0.20030419528484344, 0.36467334628105164, 0.4541715979576111, 0.6005802154541016, 0.7429105043411255, 0.7788942456245422, 0.8895596861839294]",20,"[0.09399326890707016, 0.13076835870742798, 0.2044651210308075, 0.28983598947525024, 0.3434695303440094, 0.4561397135257721, 0.47658583521842957, 0.5049304366111755, 0.5609655976295471, 0.6419984102249146, 0.7109749913215637, 0.7972636222839355]",2,12,7,0.16666666666666666,0.2857142857142857,0.2105263157894737,0.00346258282661438,0.00692516565322876,3,12,7,0.25,0.42857142857142855,0.3157894736842105,0.004600971937179565,0.013802915811538696,4,12,7,0.3333333333333333,0.5714285714285714,0.4210526315789474,0.0068692490458488464,0.027476996183395386,6,12,7,0.5,0.8571428571428571,0.631578947368421,0.02020883560180664,0.12125301361083984,"[0.134290412068367, 0.18876032531261444, 0.34123677015304565, 0.42192667722702026, 0.5940783619880676, 0.7411327362060547, 0.7776485681533813, 0.8893018364906311]",1,8,7,0.125,0.14285714285714285,0.13333333333333333,0.0010815858840942383,0.0010815858840942383,2,8,7,0.25,0.2857142857142857,0.26666666666666666,0.005364090204238892,0.010728180408477783,3,8,7,0.375,0.42857142857142855,0.39999999999999997,0.007389833529790242,0.022169500589370728,5,8,7,0.625,0.7142857142857143,0.6666666666666666,0.024774572253227232,0.12387286126613617
574,20574,180,9,6,28,"[0.11826471984386444, 0.19075247645378113, 0.30060166120529175, 0.39343011379241943, 0.5152848362922668, 0.6173862218856812, 0.6979902982711792, 0.7822545170783997, 0.8901675939559937]","[0.11826471984386444, 0.19075247645378113, 0.39343011379241943, 0.5152848362922668, 0.6979902982711792, 0.7822545170783997]","[0.018922068178653717, 0.04780079424381256, 0.08099624514579773, 0.1195392981171608, 0.16193236410617828, 0.20380298793315887, 0.24062755703926086, 0.27425017952919006, 0.3068200349807739, 0.33969777822494507, 0.3722607493400574, 0.4039054811000824, 0.43448203802108765, 0.46463820338249207, 0.4949033558368683, 0.5251840949058533, 0.5556585192680359, 0.5866512656211853, 0.6186019778251648, 0.6520363688468933, 0.6876409649848938, 0.7254136800765991, 0.7624303102493286, 0.7956328988075256, 0.8262476325035095, 0.8597076535224915, 0.8981738686561584, 0.9409093856811523]",0.013762113638222218,"[""ours_then_hard"", ""hard_then_ours"", ""hard_then_ours""]",8,2,-1,5.080785558675416e-05,False,"[28.2513, 13.2927, 14.9482]",14.9482,"[0.2414548397064209, 0.47422274947166443, 0.6019424200057983, 0.7263570427894592, 0.7750246524810791, 0.7913631200790405, 0.8091354966163635, 0.8373937010765076]",7,1,-2,2.115824281645473e-05,True,"[264.6305, 182.5403, 188.7097]",188.7097,"[0.16193236410617828, 0.24062755703926086, 0.33969777822494507, 0.43448203802108765, 0.46463820338249207, 0.6876409649848938, 0.7254136800765991]",21,"[0.21954677999019623, 0.4694400727748871, 0.6003572344779968, 0.7314746975898743, 0.7760725021362305, 0.7901316285133362, 0.8086628317832947, 0.8401399254798889]",0,8,6,0.0,0.0,0.0,,0.0,1,8,6,0.125,0.16666666666666666,0.14285714285714288,0.0061820149421691895,0.0061820149421691895,1,8,6,0.125,0.16666666666666666,0.14285714285714288,0.0061820149421691895,0.0061820149421691895,4,8,6,0.5,0.6666666666666666,0.5714285714285715,0.02857637032866478,0.11430548131465912,"[0.13673511147499084, 0.21865235269069672, 0.322398841381073, 0.42109355330467224, 0.45920345187187195, 0.6874455809593201, 0.7303256392478943]",0,7,6,0.0,0.0,0.0,,0.0,0,7,6,0.0,0.0,0.0,,0.0,2,7,6,0.2857142857142857,0.3333333333333333,0.30769230769230765,0.014507554471492767,0.029015108942985535,4,7,6,0.5714285714285714,0.6666666666666666,0.6153846153846153,0.021144606173038483,0.08457842469215393
996,20996,181,16,7,28,"[0.04395833611488342, 0.11135098338127136, 0.16113780438899994, 0.22053104639053345, 0.27959558367729187, 0.34952428936958313, 0.41855841875076294, 0.47245025634765625, 0.5138067603111267, 0.5552177429199219, 0.6139624118804932, 0.668176531791687, 0.7452041506767273, 0.8117324709892273, 0.8856692314147949, 0.9388481378555298]","[0.04395833611488342, 0.22053104639053345, 0.27959558367729187, 0.47245025634765625, 0.6139624118804932, 0.7452041506767273, 0.9388481378555298]","[0.0185449980199337, 0.046206895262002945, 0.07718705385923386, 0.11209969967603683, 0.15060512721538544, 0.1911429762840271, 0.22652508318424225, 0.2580440640449524, 0.28959769010543823, 0.3196137547492981, 0.3502432107925415, 0.3815821707248688, 0.4123061001300812, 0.44263026118278503, 0.4723479151725769, 0.5015310049057007, 0.5322516560554504, 0.5633607506752014, 0.595150887966156, 0.6285454034805298, 0.6641420722007751, 0.7027940154075623, 0.7431327104568481, 0.7807199954986572, 0.8148133158683777, 0.8512111306190491, 0.8929798007011414, 0.9385188817977905]",0.013917184434831142,"[""ours_then_hard"", ""hard_then_ours"", ""ours_then_hard""]",9,2,-7,3.9036294765537605e-05,False,"[16.5508, 21.2634, 17.836]",17.836,"[0.14616850018501282, 0.19133472442626953, 0.23884983360767365, 0.29663875699043274, 0.3638297915458679, 0.473746657371521, 0.5926302671432495, 0.7274476289749146, 0.7603997588157654]",9,2,-7,2.3698834411334246e-05,True,"[174.9901, 195.3536, 164.9958]",174.9901,"[0.11209969967603683, 0.22652508318424225, 0.3502432107925415, 0.4123061001300812, 0.5015310049057007, 0.5633607506752014, 0.595150887966156, 0.7431327104568481, 0.9385188817977905]",19,"[0.12447918951511383, 0.17204469442367554, 0.2276887148618698, 0.28509053587913513, 0.362231582403183, 0.4843738079071045, 0.6008570194244385, 0.7425821423530579, 0.7789735794067383]",1,9,7,0.1111111111111111,0.14285714285714285,0.125,0.0026220083236694336,0.0026220083236694336,3,9,7,0.3333333333333333,0.42857142857142855,0.375,0.005091542998949687,0.01527462899684906,5,9,7,0.5555555555555556,0.7142857142857143,0.6250000000000001,0.008060714602470398,0.04030357301235199,5,9,7,0.5555555555555556,0.7142857142857143,0.6250000000000001,0.01632645130157471,0.08163225650787354,"[0.09254759550094604, 0.2173091471195221, 0.34706076979637146, 0.41353321075439453, 0.506125807762146, 0.5674087405204773, 0.6037092804908752, 0.7586142420768738, 0.9533941149711609]",1,9,7,0.1111111111111111,0.14285714285714285,0.125,0.0032218992710113525,0.0032218992710113525,1,9,7,0.1111111111111111,0.14285714285714285,0.125,0.0032218992710113525,0.0032218992710113525,4,9,7,0.4444444444444444,0.5714285714285714,0.5,0.010357774794101715,0.04143109917640686,6,9,7,0.6666666666666666,0.8571428571428571,0.75,0.026666074991226196,0.15999644994735718
998,20998,182,14,7,28,"[0.045079685747623444, 0.09925534576177597, 0.16655024886131287, 0.23374643921852112, 0.31282126903533936, 0.3836936354637146, 0.4657242000102997, 0.5405040383338928, 0.6155397295951843, 0.6995260119438171, 0.7413243651390076, 0.8241795897483826, 0.8810517191886902, 0.9266368746757507]","[0.045079685747623444, 0.31282126903533936, 0.4657242000102997, 0.6155397295951843, 0.6995260119438171, 0.8241795897483826, 0.8810517191886902]","[0.01647956669330597, 0.04271088168025017, 0.07183025777339935, 0.10596538335084915, 0.1442670375108719, 0.18341222405433655, 0.22065700590610504, 0.2541912794113159, 0.2857348918914795, 0.3151743412017822, 0.3460562825202942, 0.37687432765960693, 0.40851131081581116, 0.43988609313964844, 0.47100064158439636, 0.5017520189285278, 0.5333396196365356, 0.5658889412879944, 0.5988443493843079, 0.632267951965332, 0.6671220064163208, 0.7040262818336487, 0.7420522570610046, 0.7779635787010193, 0.8115257024765015, 0.8473609089851379, 0.8887283205986023, 0.9355555176734924]",0.023206159472465515,"[""hard_then_ours"", ""ours_then_hard"", ""hard_then_ours""]",10,3,-4,3.89923807233572e-05,False,"[14.6276, 18.201, 17.2383]",17.2383,"[0.1655789613723755, 0.214328795671463, 0.25493699312210083, 0.3261183500289917, 0.37772804498672485, 0.49598240852355957, 0.5906199812889099, 0.6736702919006348, 0.7304757237434387, 0.7578727602958679]",8,1,-6,1.9774715838138945e-05,True,"[176.0533, 189.5434, 200.8596]",189.5434,"[0.07183025777339935, 0.22065700590610504, 0.3151743412017822, 0.37687432765960693, 0.632267951965332, 0.6671220064163208, 0.7420522570610046, 0.8473609089851379]",20,"[0.1471576988697052, 0.20296159386634827, 0.2537992000579834, 0.3284374475479126, 0.3863603472709656, 0.5216361284255981, 0.6094174981117249, 0.7029590010643005, 0.7638885378837585, 0.7915064692497253]",1,10,7,0.1,0.14285714285714285,0.11764705882352941,0.0034329891204833984,0.0034329891204833984,2,10,7,0.2,0.2857142857142857,0.23529411764705882,0.0047776103019714355,0.009555220603942871,3,10,7,0.3,0.42857142857142855,0.3529411764705882,0.008390466372172037,0.025171399116516113,4,10,7,0.4,0.5714285714285714,0.47058823529411764,0.014461129903793335,0.05784451961517334,"[0.05261519178748131, 0.21190419793128967, 0.31888458132743835, 0.3854127824306488, 0.6611983180046082, 0.696170449256897, 0.7741855978965759, 0.8849171996116638]",2,8,7,0.25,0.2857142857142857,0.26666666666666666,0.0036105215549468994,0.007221043109893799,4,8,7,0.5,0.5714285714285714,0.5333333333333333,0.0052049653604626656,0.020819861441850662,4,8,7,0.5,0.5714285714285714,0.5333333333333333,0.0052049653604626656,0.020819861441850662,6,8,7,0.75,0.8571428571428571,0.7999999999999999,0.019412073617180187,0.11647244170308113
606,20606,183,14,10,28,"[0.038643933832645416, 0.11082813143730164, 0.1622941493988037, 0.24990832805633545, 0.3244861662387848, 0.3934500515460968, 0.4554786682128906, 0.5424684286117554, 0.5967692136764526, 0.661907970905304, 0.7505568265914917, 0.8420047760009766, 0.9115257859230042, 0.9485419392585754]","[0.038643933832645416, 0.11082813143730164, 0.24990832805633545, 0.3244861662387848, 0.3934500515460968, 0.4554786682128906, 0.5424684286117554, 0.5967692136764526, 0.7505568265914917, 0.9115257859230042]","[0.018941983580589294, 0.0473671592772007, 0.07931184768676758, 0.1154005229473114, 0.1553926020860672, 0.19652409851551056, 0.23244039714336395, 0.263735830783844, 0.2965115010738373, 0.329143226146698, 0.36251336336135864, 0.3968314528465271, 0.43168309330940247, 0.4656532406806946, 0.4986337125301361, 0.5304297208786011, 0.5609782934188843, 0.5924445986747742, 0.6236127018928528, 0.6546835899353027, 0.6871259808540344, 0.7214459776878357, 0.7566922903060913, 0.7906066179275513, 0.822027325630188, 0.855641782283783, 0.895275354385376, 0.9396849274635315]",0.020081624388694763,"[""ours_then_hard"", ""ours_then_hard"", ""ours_then_hard""]",7,-3,-7,0.00011522458953550085,False,"[19.005, 15.7127, 20.5873]",19.005,"[0.23398955166339874, 0.46246394515037537, 0.5441210865974426, 0.6411110162734985, 0.8040378093719482, 0.8237829208374023, 0.8887013792991638]",12,2,-2,2.0108891476411372e-05,True,"[158.2061, 169.1096, 170.937]",169.1096,"[0.1553926020860672, 0.19652409851551056, 0.2965115010738373, 0.329143226146698, 0.4656532406806946, 0.4986337125301361, 0.5304297208786011, 0.6236127018928528, 0.6871259808540344, 0.7566922903060913, 0.895275354385376, 0.9396849274635315]",16,"[0.19889949262142181, 0.43940067291259766, 0.5200758576393127, 0.6237893104553223, 0.792460024356842, 0.814446210861206, 0.8904837965965271]",0,7,10,0.0,0.0,0.0,,0.0,0,7,10,0.0,0.0,0.0,,0.0,1,7,10,0.14285714285714285,0.1,0.11764705882352941,0.01607799530029297,0.01607799530029297,5,7,10,0.7142857142857143,0.5,0.588235294117647,0.0316616952419281,0.1583084762096405,"[0.1287371814250946, 0.15878422558307648, 0.27496960759162903, 0.3085448741912842, 0.4427597224712372, 0.4827132225036621, 0.5083132386207581, 0.6066554188728333, 0.6624531745910645, 0.7389746308326721, 0.8981014490127563, 0.9460465312004089]",0,12,10,0.0,0.0,0.0,,0.0,1,12,10,0.08333333333333333,0.1,0.0909090909090909,0.009886205196380615,0.009886205196380615,6,12,10,0.5,0.6,0.5454545454545454,0.013577004273732504,0.08146202564239502,9,12,10,0.75,0.9,0.8181818181818182,0.022722641626993816,0.20450377464294434
744,20744,184,6,4,28,"[0.07942948490381241, 0.2700674533843994, 0.3555033802986145, 0.46590420603752136, 0.6550719141960144, 0.8325686454772949]","[0.07942948490381241, 0.2700674533843994, 0.46590420603752136, 0.6550719141960144]","[0.018542541190981865, 0.046732135117053986, 0.07960868626832962, 0.11711239814758301, 0.15897570550441742, 0.2001221925020218, 0.2354251593351364, 0.26668065786361694, 0.29958391189575195, 0.3310691714286804, 0.3620195984840393, 0.3921038806438446, 0.42224010825157166, 0.4524005353450775, 0.48202744126319885, 0.5115271210670471, 0.5412808060646057, 0.5717458128929138, 0.603984534740448, 0.6370911598205566, 0.6713827252388, 0.7073033452033997, 0.7438480257987976, 0.7790238261222839, 0.8126408457756042, 0.848129153251648, 0.8891411423683167, 0.9356573820114136]",0.02017185091972351,"[""ours_then_hard"", ""hard_then_ours"", ""ours_then_hard""]",4,0,-2,0.0002581777225714177,False,"[18.198, 24.5575, 20.9156]",20.9156,"[0.25115102529525757, 0.3772246539592743, 0.5316752791404724, 0.6981291770935059]",6,2,0,2.2637796064373106e-05,True,"[209.0508, 199.5338, 253.2553]",209.0508,"[0.07960868626832962, 0.15897570550441742, 0.3310691714286804, 0.5115271210670471, 0.603984534740448, 0.7790238261222839]",22,"[0.21695804595947266, 0.34168559312820435, 0.5287786722183228, 0.6982799172401428]",0,4,4,0.0,0.0,0.0,,0.0,0,4,4,0.0,0.0,0.0,,0.0,0,4,4,0.0,0.0,0.0,,0.0,1,4,4,0.25,0.25,0.25,0.04320800304412842,0.04320800304412842,"[0.05837308242917061, 0.13300228118896484, 0.29435768723487854, 0.5088180303573608, 0.595389723777771, 0.7959737777709961]",0,6,4,0.0,0.0,0.0,,0.0,0,6,4,0.0,0.0,0.0,,0.0,0,6,4,0.0,0.0,0.0,,0.0,3,6,4,0.5,0.75,0.6,0.029420153548320133,0.0882604606449604
29,20029,185,19,11,28,"[0.04935556650161743, 0.10584717243909836, 0.15081194043159485, 0.21523462235927582, 0.2723657488822937, 0.33040574193000793, 0.36717724800109863, 0.41885265707969666, 0.45892783999443054, 0.5130647420883179, 0.5577354431152344, 0.6159074306488037, 0.6544655561447144, 0.7015438079833984, 0.7491399645805359, 0.8061357736587524, 0.8670385479927063, 0.9243639707565308, 0.9587164521217346]","[0.21523462235927582, 0.33040574193000793, 0.36717724800109863, 0.41885265707969666, 0.45892783999443054, 0.5577354431152344, 0.6159074306488037, 0.6544655561447144, 0.7491399645805359, 0.8061357736587524, 0.9243639707565308]","[0.02059805579483509, 0.051615435630083084, 0.08727706223726273, 0.12937317788600922, 0.17506162822246552, 0.21612128615379333, 0.2553989589214325, 0.2881733477115631, 0.32143634557724, 0.3532900810241699, 0.3836023807525635, 0.4145151376724243, 0.44447922706604004, 0.4733515679836273, 0.5018191337585449, 0.531303882598877, 0.5605733394622803, 0.590397834777832, 0.6201558709144592, 0.6508435606956482, 0.6834709644317627, 0.7182103395462036, 0.7540333271026611, 0.7881603837013245, 0.8200069069862366, 0.8542133569717407, 0.8943502306938171, 0.9392361044883728]",0.010447566397488117,"[""ours_then_hard"", ""ours_then_hard"", ""ours_then_hard""]",10,-1,-9,0.00020447098358999938,False,"[19.33, 18.498, 18.6305]",18.6305,"[0.1902136206626892, 0.25521501898765564, 0.2935886085033417, 0.3736535608768463, 0.5159720182418823, 0.6587885618209839, 0.7175463438034058, 0.7830919027328491, 0.8178387880325317, 0.8469693064689636]",12,1,-7,2.3045262423693202e-05,True,"[170.7723, 154.9935, 178.4268]",170.7723,"[0.12937317788600922, 0.21612128615379333, 0.2553989589214325, 0.3836023807525635, 0.4145151376724243, 0.4733515679836273, 0.5605733394622803, 0.590397834777832, 0.6508435606956482, 0.7540333271026611, 0.8200069069862366, 0.8943502306938171]",16,"[0.20075558125972748, 0.27420058846473694, 0.3133876323699951, 0.37921804189682007, 0.5310282111167908, 0.670093834400177, 0.7196300029754639, 0.7770147323608398, 0.8122483491897583, 0.8486838340759277]",0,10,11,0.0,0.0,0.0,,0.0,1,10,11,0.1,0.09090909090909091,0.09523809523809525,0.006112575531005859,0.006112575531005859,5,10,11,0.5,0.45454545454545453,0.47619047619047616,0.013055759668350219,0.0652787983417511,7,10,11,0.7,0.6363636363636364,0.6666666666666666,0.020643493958881924,0.14450445771217346,"[0.12415335327386856, 0.22931954264640808, 0.274334192276001, 0.38942036032676697, 0.4194733202457428, 0.478458046913147, 0.5763599276542664, 0.6084426045417786, 0.6652657985687256, 0.7491098046302795, 0.8147470951080322, 0.8986485004425049]",2,12,11,0.16666666666666666,0.18181818181818182,0.17391304347826086,0.0003254115581512451,0.0006508231163024902,4,12,11,0.3333333333333333,0.36363636363636365,0.34782608695652173,0.0041817426681518555,0.016726970672607422,8,12,11,0.6666666666666666,0.7272727272727273,0.6956521739130435,0.009970853105187416,0.07976682484149933,10,12,11,0.8333333333333334,0.9090909090909091,0.8695652173913043,0.012772540748119354,0.12772540748119354
127,20127,186,5,4,28,"[0.27655133605003357, 0.3487067222595215, 0.4885641038417816, 0.6072596311569214, 0.7756702899932861]","[0.3487067222595215, 0.4885641038417816, 0.6072596311569214, 0.7756702899932861]","[0.018246449530124664, 0.046833254396915436, 0.07896044105291367, 0.11629284173250198, 0.15732228755950928, 0.1985296607017517, 0.2340274453163147, 0.2684285044670105, 0.30011439323425293, 0.33199313282966614, 0.3641219437122345, 0.39640119671821594, 0.42812463641166687, 0.4594482481479645, 0.4902314841747284, 0.5204064249992371, 0.5505480766296387, 0.5814957618713379, 0.612829864025116, 0.6442756652832031, 0.6769645810127258, 0.711393415927887, 0.7469386458396912, 0.7817230820655823, 0.8148105144500732, 0.8498947024345398, 0.8904253840446472, 0.9362680315971375]",0.00931717362254858,"[""ours_then_hard"", ""hard_then_ours"", ""ours_then_hard""]",6,2,1,2.385882726230193e-05,True,"[15.9663, 19.1454, 18.97]",18.97,"[0.24620401859283447, 0.4156503677368164, 0.5433629155158997, 0.6277474761009216, 0.667150616645813, 0.7894992232322693]",5,1,0,2.4081584342638962e-05,True,"[199.3698, 202.0599, 222.8813]",202.0599,"[0.2684285044670105, 0.33199313282966614, 0.5204064249992371, 0.5505480766296387, 0.7817230820655823]",23,"[0.23537006974220276, 0.4162779748439789, 0.5299572348594666, 0.6199266314506531, 0.661581814289093, 0.7914908528327942]",0,6,4,0.0,0.0,0.0,,0.0,0,6,4,0.0,0.0,0.0,,0.0,2,6,4,0.3333333333333333,0.5,0.4,0.014243781566619873,0.028487563133239746,3,6,4,0.5,0.75,0.6,0.023293564716974895,0.06988069415092468,"[0.25876912474632263, 0.3272421658039093, 0.5111721754074097, 0.5359758138656616, 0.7834237813949585]",0,5,4,0.0,0.0,0.0,,0.0,1,5,4,0.2,0.25,0.22222222222222224,0.007753491401672363,0.007753491401672363,1,5,4,0.2,0.25,0.22222222222222224,0.007753491401672363,0.007753491401672363,3,5,4,0.6,0.75,0.6666666666666665,0.017275373140970867,0.0518261194229126
707,20707,187,12,8,28,"[0.09310312569141388, 0.14662745594978333, 0.2501395046710968, 0.33311206102371216, 0.421520471572876, 0.5089297890663147, 0.555688202381134, 0.6275961399078369, 0.6929032802581787, 0.7900809645652771, 0.8901381492614746, 0.9410817623138428]","[0.09310312569141388, 0.2501395046710968, 0.421520471572876, 0.5089297890663147, 0.555688202381134, 0.6275961399078369, 0.6929032802581787, 0.8901381492614746]","[0.018363889306783676, 0.04759613797068596, 0.08011583983898163, 0.11713095009326935, 0.15834419429302216, 0.19999775290489197, 0.2365531623363495, 0.26834455132484436, 0.2987523674964905, 0.33264869451522827, 0.36454156041145325, 0.39530444145202637, 0.42504629492759705, 0.4546729326248169, 0.48616495728492737, 0.5176899433135986, 0.5488433241844177, 0.5798253417015076, 0.6109300851821899, 0.6428524255752563, 0.6770477294921875, 0.713566780090332, 0.7508483529090881, 0.7855700850486755, 0.8177154660224915, 0.852495551109314, 0.8931365013122559, 0.9384160041809082]",0.021142568439245224,"[""ours_then_hard"", ""hard_then_ours"", ""hard_then_ours""]",10,2,-2,0.00016383895126637071,False,"[19.1509, 17.1398, 18.2078]",18.2078,"[0.228321373462677, 0.3516688644886017, 0.4345453381538391, 0.5534009337425232, 0.6250312328338623, 0.6928033232688904, 0.7582521438598633, 0.7847062349319458, 0.8351569175720215, 0.892546534538269]",12,4,0,2.051638330158312e-05,True,"[166.0594, 149.6258, 172.5263]",166.0594,"[0.08011583983898163, 0.11713095009326935, 0.2987523674964905, 0.33264869451522827, 0.42504629492759705, 0.4546729326248169, 0.5798253417015076, 0.6109300851821899, 0.6770477294921875, 0.713566780090332, 0.7855700850486755, 0.9384160041809082]",16,"[0.1919354349374771, 0.3315269649028778, 0.4330247938632965, 0.5392308235168457, 0.6139708757400513, 0.6846292614936829, 0.768427312374115, 0.8054446578025818, 0.8562588095664978, 0.917189359664917]",0,10,8,0.0,0.0,0.0,,0.0,1,10,8,0.1,0.125,0.11111111111111112,0.00827401876449585,0.00827401876449585,4,10,8,0.4,0.5,0.4444444444444445,0.012465246021747589,0.049860984086990356,5,10,8,0.5,0.625,0.5555555555555556,0.019516795873641968,0.09758397936820984,"[0.06013426557183266, 0.08687093108892441, 0.2685171067714691, 0.30750924348831177, 0.4194272756576538, 0.4573577344417572, 0.5666131973266602, 0.5996846556663513, 0.6651493906974792, 0.7101030945777893, 0.8064141869544983, 0.9540333151817322]",1,12,8,0.08333333333333333,0.125,0.1,0.002093195915222168,0.002093195915222168,2,12,8,0.16666666666666666,0.25,0.2,0.00416269525885582,0.00832539051771164,5,12,8,0.4166666666666667,0.625,0.5,0.010965560376644135,0.05482780188322067,6,12,8,0.5,0.75,0.6,0.020005004480481148,0.12003002688288689
305,20305,188,16,8,28,"[0.07032936066389084, 0.12913626432418823, 0.1827516108751297, 0.25064966082572937, 0.316132515668869, 0.3790724277496338, 0.4163006544113159, 0.47743460536003113, 0.5420454740524292, 0.6133853197097778, 0.6763043999671936, 0.7183014750480652, 0.7878051996231079, 0.85882967710495, 0.9261856079101562, 0.9603923559188843]","[0.07032936066389084, 0.1827516108751297, 0.316132515668869, 0.4163006544113159, 0.47743460536003113, 0.6763043999671936, 0.7183014750480652, 0.9261856079101562]","[0.01853305660188198, 0.046543195843696594, 0.07844029366970062, 0.11537628620862961, 0.15589986741542816, 0.1964629590511322, 0.23373013734817505, 0.26719149947166443, 0.2984587550163269, 0.32895082235336304, 0.3617647588253021, 0.39372000098228455, 0.42457902431488037, 0.45479854941368103, 0.48443499207496643, 0.5148810148239136, 0.5459832549095154, 0.5769609212875366, 0.6079186201095581, 0.6393214464187622, 0.6725207567214966, 0.7081913948059082, 0.7453144192695618, 0.7805941700935364, 0.8132653832435608, 0.8482175469398499, 0.8897303938865662, 0.9364014267921448]",0.008292616344988346,"[""hard_then_ours"", ""hard_then_ours"", ""ours_then_hard""]",8,0,-8,8.216973947128281e-05,False,"[21.5944, 18.0273, 17.5483]",18.0273,"[0.213333860039711, 0.2865658104419708, 0.39412349462509155, 0.4239335358142853, 0.4984318017959595, 0.583275556564331, 0.6176471710205078, 0.7723149061203003]",10,2,-6,2.4251467038993724e-05,True,"[176.0617, 164.0071, 189.1434]",176.0617,"[0.07844029366970062, 0.1964629590511322, 0.23373013734817505, 0.32895082235336304, 0.42457902431488037, 0.48443499207496643, 0.5769609212875366, 0.6079186201095581, 0.7453144192695618, 0.9364014267921448]",18,"[0.21491286158561707, 0.2880985736846924, 0.39024046063423157, 0.4173169732093811, 0.48580604791641235, 0.5877933502197266, 0.6172064542770386, 0.7830797433853149]",1,8,8,0.125,0.125,0.125,0.0010163187980651855,0.0010163187980651855,2,8,8,0.25,0.25,0.25,0.004693880677223206,0.009387761354446411,2,8,8,0.25,0.25,0.25,0.004693880677223206,0.009387761354446411,4,8,8,0.5,0.5,0.5,0.023656707257032394,0.09462682902812958,"[0.07570147514343262, 0.2004738450050354, 0.23594588041305542, 0.32674354314804077, 0.41772910952568054, 0.47354161739349365, 0.5816657543182373, 0.6083097457885742, 0.7492342591285706, 0.9469264149665833]",2,10,8,0.2,0.25,0.22222222222222224,0.00266072154045105,0.0053214430809021,3,10,8,0.3,0.375,0.33333333333333326,0.003564519186814626,0.010693557560443878,5,10,8,0.5,0.625,0.5555555555555556,0.007805363833904266,0.03902681916952133,7,10,8,0.7,0.875,0.7777777777777777,0.01295720147235053,0.0907004103064537
78,20078,189,6,4,28,"[0.08214094489812851, 0.2529071867465973, 0.38835397362709045, 0.4985904097557068, 0.6433418989181519, 0.8270123600959778]","[0.08214094489812851, 0.38835397362709045, 0.4985904097557068, 0.8270123600959778]","[0.02050160989165306, 0.05196516960859299, 0.08759662508964539, 0.12788955867290497, 0.17178457975387573, 0.21353475749492645, 0.2505950927734375, 0.28471407294273376, 0.3177303969860077, 0.3503912091255188, 0.381938099861145, 0.41300541162490845, 0.44367730617523193, 0.4740222096443176, 0.5042365193367004, 0.5345081686973572, 0.5651999711990356, 0.5962900519371033, 0.6277666687965393, 0.6596426963806152, 0.6926853060722351, 0.7271412014961243, 0.7616415023803711, 0.7942677736282349, 0.8260943293571472, 0.8603420853614807, 0.8987836837768555, 0.9413848519325256]",0.018892919644713402,"[""ours_then_hard"", ""ours_then_hard"", ""ours_then_hard""]",6,2,0,2.0964534996892326e-05,True,"[18.4756, 17.0376, 16.7521]",17.0376,"[0.1508101373910904, 0.22970755398273468, 0.3227829337120056, 0.45921385288238525, 0.6760942935943604, 0.8073602914810181]",4,0,-2,2.2566711777471937e-05,True,"[230.0559, 202.956, 266.8625]",230.0559,"[0.2505950927734375, 0.3177303969860077, 0.6596426963806152, 0.7271412014961243]",24,"[0.13149870932102203, 0.21541668474674225, 0.3177396059036255, 0.45561885833740234, 0.6845300793647766, 0.8466761112213135]",0,6,4,0.0,0.0,0.0,,0.0,0,6,4,0.0,0.0,0.0,,0.0,1,6,4,0.16666666666666666,0.25,0.2,0.019663751125335693,0.019663751125335693,3,6,4,0.5,0.75,0.6,0.03733102232217789,0.11199306696653366,"[0.23728327453136444, 0.3139372169971466, 0.6657063961029053, 0.7504024505615234]",0,4,4,0.0,0.0,0.0,,0.0,0,4,4,0.0,0.0,0.0,,0.0,0,4,4,0.0,0.0,0.0,,0.0,0,4,4,0.0,0.0,0.0,,0.0
651,20651,190,18,12,28,"[0.044800374656915665, 0.10397424548864365, 0.1398681104183197, 0.20099318027496338, 0.26747071743011475, 0.3095020651817322, 0.3552027642726898, 0.39163923263549805, 0.4409060776233673, 0.48525017499923706, 0.5409827828407288, 0.6006672978401184, 0.6481757164001465, 0.7207484841346741, 0.7681832313537598, 0.8194491863250732, 0.8821654319763184, 0.9224058389663696]","[0.044800374656915665, 0.10397424548864365, 0.3095020651817322, 0.3552027642726898, 0.39163923263549805, 0.4409060776233673, 0.48525017499923706, 0.6006672978401184, 0.6481757164001465, 0.7207484841346741, 0.8194491863250732, 0.8821654319763184]","[0.019870273768901825, 0.049736276268959045, 0.08443579077720642, 0.12399129569530487, 0.16806748509407043, 0.20903921127319336, 0.24931944906711578, 0.28425002098083496, 0.31763628125190735, 0.3491663932800293, 0.3814876973628998, 0.4147588908672333, 0.44681134819984436, 0.4775601327419281, 0.5074654817581177, 0.5378140211105347, 0.5686182975769043, 0.5987131595611572, 0.6285222172737122, 0.6585089564323425, 0.6899948120117188, 0.7245588898658752, 0.7598084211349487, 0.792513906955719, 0.8229045867919922, 0.8562309741973877, 0.8956689238548279, 0.9398897290229797]",0.004799525253474712,"[""hard_then_ours"", ""hard_then_ours"", ""hard_then_ours""]",19,7,1,4.790647653862834e-05,False,"[18.0614, 19.8147, 18.6412]",18.6412,"[0.16098204255104065, 0.2036191076040268, 0.24968241155147552, 0.25848492980003357, 0.3150184154510498, 0.380924254655838, 0.4231206476688385, 0.4407104551792145, 0.5007176399230957, 0.5315425395965576, 0.568938136100769, 0.6119290590286255, 0.628822386264801, 0.6735396385192871, 0.776400625705719, 0.8089302778244019, 0.823626697063446, 0.8624348640441895, 0.90201735496521]",20,8,2,2.3878996216808446e-05,True,"[98.0555, 108.6801, 126.7122]",108.6801,"[0.049736276268959045, 0.12399129569530487, 0.20903921127319336, 0.28425002098083496, 0.31763628125190735, 0.3491663932800293, 0.3814876973628998, 0.4147588908672333, 0.44681134819984436, 0.4775601327419281, 0.5074654817581177, 0.5378140211105347, 0.5987131595611572, 0.6585089564323425, 0.7245588898658752, 0.792513906955719, 0.8229045867919922, 0.8562309741973877, 0.8956689238548279, 0.9398897290229797]",8,"[0.15901917219161987, 0.21130988001823425, 0.25359582901000977, 0.26415112614631653, 0.31036412715911865, 0.3723587989807129, 0.42503422498703003, 0.44217032194137573, 0.49893832206726074, 0.5364091396331787, 0.5702829360961914, 0.6070550680160522, 0.6201689839363098, 0.6680182814598083, 0.7756107449531555, 0.8100211024284363, 0.829567551612854, 0.8723191618919373, 0.907512903213501]",2,19,12,0.10526315789473684,0.16666666666666666,0.12903225806451615,0.0010631531476974487,0.0021263062953948975,5,19,12,0.2631578947368421,0.4166666666666667,0.3225806451612903,0.00555768609046936,0.027788430452346802,8,19,12,0.42105263157894735,0.6666666666666666,0.5161290322580646,0.011635348200798035,0.09308278560638428,9,19,12,0.47368421052631576,0.75,0.5806451612903226,0.032623493009143405,0.29361143708229065,"[0.04267861321568489, 0.11760692298412323, 0.2172444462776184, 0.2821371853351593, 0.31314146518707275, 0.3432895243167877, 0.37297725677490234, 0.41356542706489563, 0.44647982716560364, 0.47774675488471985, 0.5060135126113892, 0.5421051383018494, 0.593070387840271, 0.6519699692726135, 0.7293712496757507, 0.7898552417755127, 0.8282280564308167, 0.8690168857574463, 0.8999902606010437, 0.9452869296073914]",3,20,12,0.15,0.25,0.18749999999999997,0.0031851381063461304,0.009555414319038391,8,20,12,0.4,0.6666666666666666,0.5,0.0059538912028074265,0.04763112962245941,12,20,12,0.6,1.0,0.7499999999999999,0.008748964096109072,0.10498756915330887,12,20,12,0.6,1.0,0.7499999999999999,0.021866478646794956,0.26239774376153946
44,20044,191,13,6,28,"[0.057561248540878296, 0.11759115010499954, 0.1700073927640915, 0.20863309502601624, 0.30476370453834534, 0.4053112864494324, 0.4921320378780365, 0.5880046486854553, 0.6430685520172119, 0.7429338097572327, 0.8077555298805237, 0.8774136900901794, 0.9424982666969299]","[0.057561248540878296, 0.1700073927640915, 0.20863309502601624, 0.4053112864494324, 0.4921320378780365, 0.8077555298805237]","[0.021709240972995758, 0.0556517168879509, 0.0925278514623642, 0.13580948114395142, 0.1827145665884018, 0.2259373962879181, 0.26088184118270874, 0.2925828695297241, 0.3244674801826477, 0.3579018712043762, 0.3909666836261749, 0.42277511954307556, 0.4533480107784271, 0.48405909538269043, 0.5154169797897339, 0.5463725328445435, 0.5769281387329102, 0.6077761650085449, 0.6400018334388733, 0.6727283000946045, 0.706562876701355, 0.7409496307373047, 0.7736169695854187, 0.8036860227584839, 0.8336101174354553, 0.8657722473144531, 0.901989758014679, 0.9428309202194214]",0.025432171300053596,"[""ours_then_hard"", ""ours_then_hard"", ""ours_then_hard""]",11,5,-2,2.072826464427635e-05,True,"[17.8843, 20.3376, 19.646]",19.646,"[0.2092086374759674, 0.22985464334487915, 0.2626330554485321, 0.2957894504070282, 0.3652307093143463, 0.4109933376312256, 0.43281683325767517, 0.586411714553833, 0.6343285441398621, 0.7368763089179993, 0.8291863799095154]",7,1,-6,2.2723592337570153e-05,True,"[197.1931, 215.7671, 229.0304]",215.7671,"[0.13580948114395142, 0.1827145665884018, 0.2259373962879181, 0.3909666836261749, 0.5154169797897339, 0.7409496307373047, 0.8036860227584839]",21,"[0.1804172545671463, 0.19823108613491058, 0.22834718227386475, 0.26364511251449585, 0.34368422627449036, 0.3980984687805176, 0.42766377329826355, 0.608675479888916, 0.6603924036026001, 0.7666301131248474, 0.8697497248649597]",0,11,6,0.0,0.0,0.0,,0.0,1,11,6,0.09090909090909091,0.16666666666666666,0.11764705882352942,0.007212817668914795,0.007212817668914795,3,11,6,0.2727272727272727,0.5,0.3529411764705882,0.009341562787691752,0.028024688363075256,4,11,6,0.36363636363636365,0.6666666666666666,0.4705882352941177,0.01728752627968788,0.06915010511875153,"[0.10972744971513748, 0.15311875939369202, 0.19527286291122437, 0.3725954592227936, 0.5208308696746826, 0.7735605835914612, 0.845800518989563]",0,7,6,0.0,0.0,0.0,,0.0,0,7,6,0.0,0.0,0.0,,0.0,2,7,6,0.2857142857142857,0.3333333333333333,0.30769230769230765,0.015124432742595673,0.030248865485191345,5,7,6,0.7142857142857143,0.8333333333333334,0.7692307692307692,0.025171694159507752,0.12585847079753876
566,20566,192,16,10,28,"[0.035028502345085144, 0.1040782779455185, 0.15084201097488403, 0.2092260718345642, 0.25710517168045044, 0.3068471848964691, 0.3805387616157532, 0.4264683723449707, 0.487576425075531, 0.548243522644043, 0.6150097846984863, 0.6755238175392151, 0.7362726330757141, 0.8236638307571411, 0.8997942805290222, 0.9662595391273499]","[0.035028502345085144, 0.15084201097488403, 0.2092260718345642, 0.25710517168045044, 0.3805387616157532, 0.4264683723449707, 0.6150097846984863, 0.7362726330757141, 0.8236638307571411, 0.9662595391273499]","[0.01795399934053421, 0.04475422948598862, 0.07481549680233002, 0.11046190559864044, 0.15052783489227295, 0.18956764042377472, 0.22305627167224884, 0.25678759813308716, 0.2834460139274597, 0.3156821131706238, 0.3473610579967499, 0.3798210024833679, 0.40906116366386414, 0.44104135036468506, 0.4732764661312103, 0.5029703378677368, 0.5344990491867065, 0.5682874917984009, 0.6009334921836853, 0.6338106989860535, 0.6682403087615967, 0.705172061920166, 0.7435840964317322, 0.7795131206512451, 0.812972903251648, 0.8488277792930603, 0.8903153538703918, 0.9366997480392456]",0.021717069670557976,"[""hard_then_ours"", ""ours_then_hard"", ""hard_then_ours""]",9,-1,-7,9.209608106175438e-05,False,"[18.3906, 16.4197, 16.2531]",16.4197,"[0.1427936553955078, 0.18959322571754456, 0.24187071621418, 0.270211398601532, 0.46126365661621094, 0.5201792120933533, 0.6062955856323242, 0.6494743824005127, 0.7292731404304504]",11,1,-5,2.2612019165535457e-05,True,"[172.3825, 172.55, 163.1955]",172.3825,"[0.07481549680233002, 0.18956764042377472, 0.22305627167224884, 0.2834460139274597, 0.3798210024833679, 0.44104135036468506, 0.5029703378677368, 0.6009334921836853, 0.7795131206512451, 0.812972903251648, 0.9366997480392456]",17,"[0.11863335967063904, 0.16846948862075806, 0.2138570249080658, 0.24358411133289337, 0.43816184997558594, 0.4893254041671753, 0.5796784162521362, 0.6247947812080383, 0.71158367395401]",1,9,10,0.1111111111111111,0.1,0.10526315789473685,0.004630953073501587,0.004630953073501587,2,9,10,0.2222222222222222,0.2,0.2105263157894737,0.007207974791526794,0.014415949583053589,5,9,10,0.5555555555555556,0.5,0.5263157894736842,0.011451593041419983,0.057257965207099915,6,9,10,0.6666666666666666,0.6,0.631578947368421,0.031321197748184204,0.18792718648910522,"[0.05073238164186478, 0.1684398502111435, 0.1970413327217102, 0.25733327865600586, 0.3533170521259308, 0.4193113446235657, 0.4730384349822998, 0.5760600566864014, 0.7751800417900085, 0.8147793412208557, 0.950403094291687]",1,11,10,0.09090909090909091,0.1,0.09523809523809525,0.00022810697555541992,0.00022810697555541992,3,11,10,0.2727272727272727,0.3,0.28571428571428564,0.005423208077748616,0.01626962423324585,7,11,10,0.6363636363636364,0.7,0.6666666666666666,0.011087503816400255,0.07761252671480179,10,11,10,0.9090909090909091,1.0,0.9523809523809523,0.018269137293100358,0.18269137293100357
16,20016,193,10,7,28,"[0.12316527962684631, 0.19994580745697021, 0.26303476095199585, 0.3371288776397705, 0.4697785973548889, 0.576273500919342, 0.6610892415046692, 0.7693242430686951, 0.837760329246521, 0.9359843730926514]","[0.19994580745697021, 0.26303476095199585, 0.3371288776397705, 0.4697785973548889, 0.576273500919342, 0.6610892415046692, 0.9359843730926514]","[0.017736032605171204, 0.04531865939497948, 0.07643380016088486, 0.1121034026145935, 0.15102523565292358, 0.19111815094947815, 0.2263685166835785, 0.2579399347305298, 0.28984206914901733, 0.3211960196495056, 0.35307684540748596, 0.38398492336273193, 0.41452518105506897, 0.445435106754303, 0.47684434056282043, 0.5077400207519531, 0.5386214256286621, 0.5696001648902893, 0.6011542677879333, 0.6338679790496826, 0.6678677797317505, 0.7038530707359314, 0.7415723204612732, 0.7782846093177795, 0.8124130964279175, 0.8481335043907166, 0.8901681303977966, 0.9369292259216309]",0.010373667813837528,"[""hard_then_ours"", ""ours_then_hard"", ""hard_then_ours""]",10,3,0,4.607122900779359e-05,False,"[18.3132, 18.0099, 18.4625]",18.3132,"[0.09808959066867828, 0.1787998378276825, 0.23011554777622223, 0.38168370723724365, 0.43248414993286133, 0.523798406124115, 0.5721942782402039, 0.6529819369316101, 0.7858233451843262, 0.8087314367294312]",9,2,-1,1.560698183311615e-05,True,"[192.0253, 173.3936, 183.9679]",183.9679,"[0.15102523565292358, 0.19111815094947815, 0.28984206914901733, 0.3211960196495056, 0.47684434056282043, 0.6338679790496826, 0.6678677797317505, 0.8124130964279175, 0.8901681303977966]",19,"[0.08371822535991669, 0.18060928583145142, 0.229340061545372, 0.3813169300556183, 0.4372836947441101, 0.5379678606987, 0.5838717818260193, 0.6565961837768555, 0.8038063049316406, 0.8279491662979126]",1,10,7,0.1,0.14285714285714285,0.11764705882352941,0.004493057727813721,0.004493057727813721,2,10,7,0.2,0.2857142857142857,0.23529411764705882,0.006045669317245483,0.012091338634490967,3,10,7,0.3,0.42857142857142855,0.3529411764705882,0.010475953420003256,0.031427860260009766,6,10,7,0.6,0.8571428571428571,0.7058823529411764,0.02875214566787084,0.17251287400722504,"[0.14460304379463196, 0.19558680057525635, 0.284386545419693, 0.3159550726413727, 0.4862237274646759, 0.6408988237380981, 0.6705337762832642, 0.8328326344490051, 0.9066093564033508]",1,9,7,0.1111111111111111,0.14285714285714285,0.125,0.004359006881713867,0.004359006881713867,2,9,7,0.2222222222222222,0.2857142857142857,0.25,0.006901770830154419,0.013803541660308838,3,9,7,0.3333333333333333,0.42857142857142855,0.375,0.010082890590031942,0.030248671770095825,6,9,7,0.6666666666666666,0.8571428571428571,0.75,0.018815860152244568,0.11289516091346741
653,20653,194,4,3,28,"[0.21589447557926178, 0.32945871353149414, 0.5363356471061707, 0.7680290341377258]","[0.21589447557926178, 0.32945871353149414, 0.7680290341377258]","[0.01846732385456562, 0.04508262500166893, 0.07536666095256805, 0.11082059144973755, 0.15068204700946808, 0.19024628400802612, 0.2249610871076584, 0.2609044909477234, 0.29290056228637695, 0.3231092095375061, 0.35572338104248047, 0.3899371922016144, 0.4241500496864319, 0.4565344452857971, 0.48903313279151917, 0.5206933617591858, 0.5531688928604126, 0.5860995650291443, 0.619247555732727, 0.6526472568511963, 0.6873928904533386, 0.7236472964286804, 0.7597599029541016, 0.7936803698539734, 0.8263140320777893, 0.8611007928848267, 0.8999084234237671, 0.9424172639846802]",0.007288383785635233,"[""hard_then_ours"", ""ours_then_hard"", ""ours_then_hard""]",7,4,3,5.1108974730595946e-05,False,"[17.4273, 17.3996, 18.7594]",17.4273,"[0.13853774964809418, 0.18505996465682983, 0.24235689640045166, 0.2802310585975647, 0.33036643266677856, 0.49832773208618164, 0.6833662390708923]",9,6,5,2.4996226784423925e-05,True,"[191.0742, 191.201, 177.433]",191.0742,"[0.15068204700946808, 0.19024628400802612, 0.2249610871076584, 0.4241500496864319, 0.5206933617591858, 0.5531688928604126, 0.7236472964286804, 0.7597599029541016, 0.8263140320777893]",19,"[0.1304553598165512, 0.1889163851737976, 0.24346114695072174, 0.27747276425361633, 0.3277471363544464, 0.5016763210296631, 0.694093644618988]",1,7,3,0.14285714285714285,0.3333333333333333,0.2,0.0017115771770477295,0.0017115771770477295,1,7,3,0.14285714285714285,0.3333333333333333,0.2,0.0017115771770477295,0.0017115771770477295,1,7,3,0.14285714285714285,0.3333333333333333,0.2,0.0017115771770477295,0.0017115771770477295,2,7,3,0.2857142857142857,0.6666666666666666,0.4,0.014344833791255951,0.028689667582511902,"[0.14489535987377167, 0.19529986381530762, 0.22775131464004517, 0.4279426336288452, 0.5240441560745239, 0.5659125447273254, 0.7325266599655151, 0.7730979323387146, 0.8315588235855103]",0,9,3,0.0,0.0,0.0,,0.0,1,9,3,0.1111111111111111,0.3333333333333333,0.16666666666666666,0.0050688982009887695,0.0050688982009887695,2,9,3,0.2222222222222222,0.6666666666666666,0.3333333333333333,0.008462868630886078,0.016925737261772156,2,9,3,0.2222222222222222,0.6666666666666666,0.3333333333333333,0.028048492968082428,0.056096985936164856
577,20577,195,13,6,28,"[0.08551613986492157, 0.1567022204399109, 0.24987545609474182, 0.3392639756202698, 0.41924169659614563, 0.4688114523887634, 0.5259187817573547, 0.5907596945762634, 0.6526082158088684, 0.7133949398994446, 0.7747212052345276, 0.8632383346557617, 0.9129100441932678]","[0.24987545609474182, 0.3392639756202698, 0.4688114523887634, 0.5259187817573547, 0.6526082158088684, 0.7133949398994446]","[0.018430355936288834, 0.046624016016721725, 0.07770243287086487, 0.11361691355705261, 0.1534423828125, 0.19173933565616608, 0.22975538671016693, 0.26079192757606506, 0.29239845275878906, 0.32525455951690674, 0.3559708893299103, 0.3884834945201874, 0.42027977108955383, 0.4514525830745697, 0.48279687762260437, 0.514722466468811, 0.5462507605552673, 0.5775452852249146, 0.6091540455818176, 0.6425848603248596, 0.6772189140319824, 0.7133526802062988, 0.7498759627342224, 0.785946786403656, 0.8191757798194885, 0.8544256091117859, 0.8947681188583374, 0.9393328428268433]",0.01212057564407587,"[""hard_then_ours"", ""ours_then_hard"", ""ours_then_hard""]",14,8,1,4.160261232755147e-05,False,"[18.6808, 18.2809, 18.9611]",18.6808,"[0.175752192735672, 0.2221604287624359, 0.23494714498519897, 0.2923431694507599, 0.33946436643600464, 0.38871341943740845, 0.4325944185256958, 0.5009212493896484, 0.5346545577049255, 0.5595870018005371, 0.5968896150588989, 0.6318064332008362, 0.7254130244255066, 0.7893328666687012]",9,3,-4,2.4615952497697435e-05,True,"[175.051, 179.8732, 172.8093]",175.051,"[0.11361691355705261, 0.26079192757606506, 0.3559708893299103, 0.4514525830745697, 0.5775452852249146, 0.6091540455818176, 0.6772189140319824, 0.8191757798194885, 0.8544256091117859]",19,"[0.1561313420534134, 0.21610428392887115, 0.2296648472547531, 0.2999085485935211, 0.34622183442115784, 0.39504382014274597, 0.4379274547100067, 0.49795445799827576, 0.5244717597961426, 0.5459049344062805, 0.5826698541641235, 0.621168851852417, 0.7046661376953125, 0.7827097773551941]",1,14,6,0.07142857142857142,0.16666666666666666,0.1,0.0014470219612121582,0.0014470219612121582,3,14,6,0.21428571428571427,0.5,0.3,0.005711227655410767,0.0171336829662323,3,14,6,0.21428571428571427,0.5,0.3,0.005711227655410767,0.0171336829662323,6,14,6,0.42857142857142855,1.0,0.6,0.028690514465173084,0.1721430867910385,"[0.09797748923301697, 0.2583674490451813, 0.361948162317276, 0.451716810464859, 0.561906099319458, 0.5981364846229553, 0.6570743322372437, 0.8185144066810608, 0.8482245206832886]",1,9,6,0.1111111111111111,0.16666666666666666,0.13333333333333333,0.004466116428375244,0.004466116428375244,2,9,6,0.2222222222222222,0.3333333333333333,0.26666666666666666,0.006479054689407349,0.012958109378814697,3,9,6,0.3333333333333333,0.5,0.4,0.010017583767573038,0.030052751302719116,5,9,6,0.5555555555555556,0.8333333333333334,0.6666666666666667,0.017744851112365723,0.08872425556182861
39,20039,196,4,4,28,"[0.156455397605896, 0.4548211395740509, 0.5845586061477661, 0.8287533521652222]","[0.156455397605896, 0.4548211395740509, 0.5845586061477661, 0.8287533521652222]","[0.01858625002205372, 0.047099970281124115, 0.07939817756414413, 0.11679303646087646, 0.15683495998382568, 0.1976122111082077, 0.23124869167804718, 0.2621205151081085, 0.29178953170776367, 0.32095831632614136, 0.3508310914039612, 0.37990453839302063, 0.40889161825180054, 0.43776869773864746, 0.4666556119918823, 0.49598097801208496, 0.5264765024185181, 0.5581279993057251, 0.5904733538627625, 0.6234222650527954, 0.6578724384307861, 0.6943672895431519, 0.7323607802391052, 0.7695196866989136, 0.8051646947860718, 0.8421490788459778, 0.8847777843475342, 0.9331765174865723]",0.02281167171895504,"[""hard_then_ours"", ""hard_then_ours"", ""ours_then_hard""]",8,4,4,1.872346365416888e-05,True,"[16.3129, 15.5058, 18.7624]",16.3129,"[0.1987966150045395, 0.2594195306301117, 0.3125095069408417, 0.4043245315551758, 0.4666467607021332, 0.5651116371154785, 0.6393184661865234, 0.7550451159477234]",5,1,1,2.3269958546734415e-05,True,"[201.3405, 221.8368, 206.5047]",206.5047,"[0.1976122111082077, 0.4666556119918823, 0.6234222650527954, 0.6578724384307861, 0.7695196866989136]",23,"[0.15738274157047272, 0.22019508481025696, 0.2813724875450134, 0.3829402029514313, 0.4552411437034607, 0.5610067248344421, 0.6505784392356873, 0.7684618830680847]",2,8,4,0.25,0.5,0.3333333333333333,0.0006736740469932556,0.0013473480939865112,2,8,4,0.25,0.5,0.3333333333333333,0.0006736740469932556,0.0013473480939865112,2,8,4,0.25,0.5,0.3333333333333333,0.0006736740469932556,0.0013473480939865112,3,8,4,0.375,0.75,0.5,0.008299743135770163,0.024899229407310486,"[0.1565767526626587, 0.45525166392326355, 0.6300398111343384, 0.6723048686981201, 0.7883152961730957]",2,5,4,0.4,0.5,0.4444444444444445,0.0002759397029876709,0.0005518794059753418,2,5,4,0.4,0.5,0.4444444444444445,0.0002759397029876709,0.0005518794059753418,2,5,4,0.4,0.5,0.4444444444444445,0.0002759397029876709,0.0005518794059753418,4,5,4,0.8,1.0,0.888888888888889,0.021617785096168518,0.08647114038467407
423,20423,197,13,8,28,"[0.04618406295776367, 0.10272045433521271, 0.15824392437934875, 0.2503606379032135, 0.3126155734062195, 0.39098769426345825, 0.4776914715766907, 0.54997718334198, 0.640751838684082, 0.7241978645324707, 0.789421558380127, 0.8768421411514282, 0.9269667863845825]","[0.04618406295776367, 0.10272045433521271, 0.3126155734062195, 0.39098769426345825, 0.640751838684082, 0.7241978645324707, 0.8768421411514282, 0.9269667863845825]","[0.019040104001760483, 0.04815101623535156, 0.08042176067829132, 0.11719352006912231, 0.15893948078155518, 0.19881215691566467, 0.23532065749168396, 0.2678235173225403, 0.300157755613327, 0.33178120851516724, 0.3630523681640625, 0.3936697244644165, 0.42385777831077576, 0.45342859625816345, 0.4825536906719208, 0.5117661952972412, 0.5418979525566101, 0.5728705525398254, 0.603838324546814, 0.6352173686027527, 0.6681692004203796, 0.7033644914627075, 0.7407318353652954, 0.7777183651924133, 0.812042772769928, 0.8480521440505981, 0.889919102191925, 0.9366039037704468]",0.015002617612481117,"[""hard_then_ours"", ""ours_then_hard"", ""ours_then_hard""]",8,0,-5,0.00017903676780406386,False,"[13.3826, 12.3527, 17.0368]",13.3826,"[0.19815102219581604, 0.2747119665145874, 0.3336707651615143, 0.4044550657272339, 0.4373391568660736, 0.5222922563552856, 0.5870603919029236, 0.6231979727745056]",10,2,-3,1.941393202287145e-05,True,"[155.8684, 178.5106, 178.805]",178.5106,"[0.11719352006912231, 0.15893948078155518, 0.33178120851516724, 0.4825536906719208, 0.5117661952972412, 0.5418979525566101, 0.6352173686027527, 0.7407318353652954, 0.7777183651924133, 0.889919102191925]",18,"[0.19201092422008514, 0.27677538990974426, 0.3372863531112671, 0.41011902689933777, 0.44409555196762085, 0.5358322262763977, 0.5943418741226196, 0.6336288452148438]",0,8,8,0.0,0.0,0.0,,0.0,1,8,8,0.125,0.125,0.125,0.007122993469238281,0.007122993469238281,2,8,8,0.25,0.25,0.25,0.013127163052558899,0.026254326105117798,3,8,8,0.375,0.375,0.375,0.03379382689793905,0.10138148069381714,"[0.10888073593378067, 0.149228036403656, 0.3359512984752655, 0.4938349425792694, 0.5257214903831482, 0.5503442287445068, 0.6458474397659302, 0.7670187950134277, 0.8098125457763672, 0.9156168103218079]",0,10,8,0.0,0.0,0.0,,0.0,2,10,8,0.2,0.25,0.22222222222222224,0.005627941340208054,0.011255882680416107,3,10,8,0.3,0.375,0.33333333333333326,0.007535286247730255,0.022605858743190765,5,10,8,0.5,0.625,0.5555555555555556,0.02323744148015976,0.1161872074007988
1016,21016,198,15,9,28,"[0.07796168327331543, 0.13872413337230682, 0.20631596446037292, 0.27664926648139954, 0.34362614154815674, 0.39016667008399963, 0.4550239145755768, 0.5052919983863831, 0.572577714920044, 0.616524875164032, 0.6925765872001648, 0.7528458833694458, 0.8287964463233948, 0.8995105028152466, 0.9504028558731079]","[0.07796168327331543, 0.13872413337230682, 0.34362614154815674, 0.39016667008399963, 0.5052919983863831, 0.616524875164032, 0.7528458833694458, 0.8287964463233948, 0.9504028558731079]","[0.02085348591208458, 0.05221826210618019, 0.08803363889455795, 0.12940679490566254, 0.17643973231315613, 0.21600370109081268, 0.2551249861717224, 0.2894189655780792, 0.32393938302993774, 0.356250137090683, 0.38915714621543884, 0.42400214076042175, 0.45842406153678894, 0.49034157395362854, 0.5202015042304993, 0.5492843985557556, 0.5800049901008606, 0.610533595085144, 0.6408462524414062, 0.6716281175613403, 0.7045270800590515, 0.7390063405036926, 0.77215176820755, 0.802648663520813, 0.8336014151573181, 0.8667106628417969, 0.9038032293319702, 0.9446378350257874]",0.014522909186780453,"[""hard_then_ours"", ""hard_then_ours"", ""hard_then_ours""]",12,3,-3,5.865862112841569e-05,False,"[18.3936, 15.0237, 16.2075]",16.2075,"[0.19290286302566528, 0.27530378103256226, 0.3031530976295471, 0.44129374623298645, 0.4752219319343567, 0.5050211548805237, 0.5648496747016907, 0.6142284274101257, 0.6647422313690186, 0.7034459114074707, 0.7449109554290771, 0.7852426767349243]",11,2,-4,2.183492324547842e-05,True,"[172.7633, 158.013, 158.6555]",158.6555,"[0.08803363889455795, 0.17643973231315613, 0.32393938302993774, 0.38915714621543884, 0.42400214076042175, 0.5800049901008606, 0.610533595085144, 0.7390063405036926, 0.77215176820755, 0.8667106628417969, 0.9446378350257874]",17,"[0.17275908589363098, 0.26491788029670715, 0.28972476720809937, 0.4354512691497803, 0.46462833881378174, 0.49234214425086975, 0.5455185770988464, 0.599744439125061, 0.6575502753257751, 0.6995117664337158, 0.7495754957199097, 0.7943220734596252]",1,12,9,0.08333333333333333,0.1111111111111111,0.09523809523809525,0.003270387649536133,0.003270387649536133,1,12,9,0.08333333333333333,0.1111111111111111,0.09523809523809525,0.003270387649536133,0.003270387649536133,3,12,9,0.25,0.3333333333333333,0.28571428571428575,0.011000225941340128,0.033000677824020386,6,12,9,0.5,0.6666666666666666,0.5714285714285715,0.029084734618663788,0.17450840771198273,"[0.07322148978710175, 0.15441571176052094, 0.3109705448150635, 0.3763424754142761, 0.4168245792388916, 0.5614137649536133, 0.5965384244918823, 0.7419955730438232, 0.7815273404121399, 0.8901147842407227, 0.9637171626091003]",1,11,9,0.09090909090909091,0.1111111111111111,0.09999999999999999,0.004740193486213684,0.004740193486213684,1,11,9,0.09090909090909091,0.1111111111111111,0.09999999999999999,0.004740193486213684,0.004740193486213684,6,11,9,0.5454545454545454,0.6666666666666666,0.6,0.013067839046319326,0.07840703427791595,8,11,9,0.7272727272727273,0.8888888888888888,0.7999999999999999,0.019791467115283012,0.1583317369222641
231,20231,199,11,7,28,"[0.11380229890346527, 0.16531290113925934, 0.2766006588935852, 0.3722188174724579, 0.42846935987472534, 0.5216294527053833, 0.6171237230300903, 0.6825466752052307, 0.7657308578491211, 0.829768180847168, 0.9155727028846741]","[0.11380229890346527, 0.2766006588935852, 0.3722188174724579, 0.42846935987472534, 0.6171237230300903, 0.7657308578491211, 0.829768180847168]","[0.018670616671442986, 0.048391520977020264, 0.08019496500492096, 0.11658778041601181, 0.15569008886814117, 0.1953786313533783, 0.23108550906181335, 0.263301819562912, 0.29328909516334534, 0.3233276903629303, 0.35290300846099854, 0.3841061294078827, 0.415165513753891, 0.4455210268497467, 0.47574031352996826, 0.5056548118591309, 0.5356522798538208, 0.5666388273239136, 0.5993359684944153, 0.6323578357696533, 0.6664119362831116, 0.7020770907402039, 0.7387511730194092, 0.7750352025032043, 0.8090077638626099, 0.8445464372634888, 0.8870490193367004, 0.934977650642395]",0.0452507846057415,"[""hard_then_ours"", ""ours_then_hard"", ""ours_then_hard""]",5,-2,-6,0.0001727069029584527,False,"[17.9937, 17.9939, 15.3293]",17.9937,"[0.23497247695922852, 0.3954559862613678, 0.5005635023117065, 0.7095715403556824, 0.8051325082778931]",8,1,-3,1.9393142792978324e-05,True,"[193.6062, 176.742, 191.8018]",191.8018,"[0.11658778041601181, 0.23108550906181335, 0.3233276903629303, 0.35290300846099854, 0.5056548118591309, 0.6323578357696533, 0.7387511730194092, 0.7750352025032043]",20,"[0.26761218905448914, 0.45732516050338745, 0.5715440511703491, 0.7581981420516968, 0.8336782455444336]",1,5,7,0.2,0.14285714285714285,0.16666666666666666,0.003910064697265625,0.003910064697265625,3,5,7,0.6,0.42857142857142855,0.5,0.00681041677792867,0.02043125033378601,3,5,7,0.6,0.42857142857142855,0.5,0.00681041677792867,0.02043125033378601,5,5,7,1.0,0.7142857142857143,0.8333333333333333,0.018973344564437868,0.09486672282218933,"[0.11839024722576141, 0.26258936524391174, 0.3729555010795593, 0.41028809547424316, 0.5794124007225037, 0.6921442151069641, 0.7820865511894226, 0.809278666973114]",2,8,7,0.25,0.2857142857142857,0.26666666666666666,0.0026623159646987915,0.005324631929397583,2,8,7,0.25,0.2857142857142857,0.26666666666666666,0.0026623159646987915,0.005324631929397583,5,8,7,0.625,0.7142857142857143,0.6666666666666666,0.010774576663970947,0.053872883319854736,7,8,7,0.875,1.0,0.9333333333333333,0.01601053135735648,0.11207371950149536
239,20239,200,7,4,28,"[0.13694779574871063, 0.24351690709590912, 0.4096398949623108, 0.5754196643829346, 0.6578785181045532, 0.836905300617218, 0.9294102191925049]","[0.24351690709590912, 0.5754196643829346, 0.6578785181045532, 0.836905300617218]","[0.019133493304252625, 0.047895632684230804, 0.0808931291103363, 0.11873671412467957, 0.16011618077754974, 0.200670063495636, 0.23654046654701233, 0.2692066431045532, 0.30076077580451965, 0.33199161291122437, 0.36282670497894287, 0.3935626745223999, 0.4241446852684021, 0.45470985770225525, 0.485181599855423, 0.5159682035446167, 0.547208309173584, 0.5789498090744019, 0.6110761761665344, 0.6434767246246338, 0.6770051717758179, 0.7123061418533325, 0.748863935470581, 0.7835744619369507, 0.8156841993331909, 0.8498598337173462, 0.8904427886009216, 0.9364548325538635]",0.02267785370349884,"[""hard_then_ours"", ""ours_then_hard"", ""ours_then_hard""]",6,2,-1,1.9767616322496906e-05,True,"[15.6091, 14.5904, 18.2767]",15.6091,"[0.21304479241371155, 0.2753418982028961, 0.3514035940170288, 0.5141105651855469, 0.7192661762237549, 0.8134645819664001]",6,2,-1,2.0606652469723485e-05,True,"[217.3489, 203.1879, 221.3451]",217.3489,"[0.4241446852684021, 0.45470985770225525, 0.5159682035446167, 0.6434767246246338, 0.7835744619369507, 0.8904427886009216]",22,"[0.17583498358726501, 0.2416910082101822, 0.32634130120277405, 0.4932791590690613, 0.7329283952713013, 0.8364431858062744]",2,6,4,0.3333333333333333,0.5,0.4,0.0011440068483352661,0.0022880136966705322,2,6,4,0.3333333333333333,0.5,0.4,0.0011440068483352661,0.0022880136966705322,2,6,4,0.3333333333333333,0.5,0.4,0.0011440068483352661,0.0022880136966705322,2,6,4,0.3333333333333333,0.5,0.4,0.0011440068483352661,0.0022880136966705322,"[0.40966904163360596, 0.4423811435699463, 0.49569323658943176, 0.644257664680481, 0.802007794380188, 0.9160609841346741]",0,6,4,0.0,0.0,0.0,,0.0,0,6,4,0.0,0.0,0.0,,0.0,1,6,4,0.16666666666666666,0.25,0.2,0.013620853424072266,0.013620853424072266,2,6,4,0.3333333333333333,0.5,0.4,0.024259179830551147,0.048518359661102295
246,20246,201,13,9,28,"[0.10794946551322937, 0.1904166042804718, 0.25671106576919556, 0.34786176681518555, 0.38900864124298096, 0.43808770179748535, 0.5355274081230164, 0.6462160348892212, 0.6863564848899841, 0.7315477728843689, 0.8124532103538513, 0.8504942059516907, 0.9320738911628723]","[0.10794946551322937, 0.25671106576919556, 0.38900864124298096, 0.43808770179748535, 0.6462160348892212, 0.6863564848899841, 0.7315477728843689, 0.8124532103538513, 0.9320738911628723]","[0.018723729997873306, 0.04644519463181496, 0.07679028809070587, 0.1116514503955841, 0.14969083666801453, 0.1895039975643158, 0.22493410110473633, 0.2561533451080322, 0.2868479788303375, 0.3197902739048004, 0.35256272554397583, 0.3844464421272278, 0.41594186425209045, 0.44720080494880676, 0.47946569323539734, 0.5108663439750671, 0.5415216088294983, 0.5715987682342529, 0.6014267206192017, 0.6318343877792358, 0.664874255657196, 0.7008380889892578, 0.7386103868484497, 0.774837076663971, 0.8080870509147644, 0.8422244191169739, 0.8847190141677856, 0.9334800839424133]",0.006538060959428549,"[""ours_then_hard"", ""ours_then_hard"", ""ours_then_hard""]",14,5,1,4.583969712257385e-05,False,"[18.5913, 12.5675, 19.6729]",18.5913,"[0.10775211453437805, 0.1451212614774704, 0.18363405764102936, 0.2579466998577118, 0.3749341070652008, 0.49327224493026733, 0.5323407053947449, 0.5732554793357849, 0.6693954467773438, 0.7452910542488098, 0.7885024547576904, 0.8030333518981934, 0.8223989009857178, 0.8645185232162476]",12,3,-1,2.2522130166180432e-05,True,"[146.6501, 152.0934, 184.444]",152.0934,"[0.1116514503955841, 0.14969083666801453, 0.1895039975643158, 0.3197902739048004, 0.35256272554397583, 0.3844464421272278, 0.5108663439750671, 0.6318343877792358, 0.664874255657196, 0.8080870509147644, 0.8422244191169739, 0.9334800839424133]",16,"[0.0948261246085167, 0.13817241787910461, 0.17025074362754822, 0.24842217564582825, 0.3653722107410431, 0.48956024646759033, 0.5308487415313721, 0.5715660452842712, 0.6745727062225342, 0.748264491558075, 0.792146623134613, 0.8072856068611145, 0.8254823684692383, 0.8640332221984863]",0,14,9,0.0,0.0,0.0,,0.0,2,14,9,0.14285714285714285,0.2222222222222222,0.17391304347826086,0.006728246808052063,0.013456493616104126,5,14,9,0.35714285714285715,0.5555555555555556,0.43478260869565216,0.011016066372394561,0.05508033186197281,6,14,9,0.42857142857142855,0.6666666666666666,0.5217391304347826,0.018404773126045864,0.11042863875627518,"[0.09842842817306519, 0.14261391758918762, 0.17594404518604279, 0.3133493959903717, 0.343815416097641, 0.37740397453308105, 0.5120030045509338, 0.6312924027442932, 0.670991063117981, 0.8134676218032837, 0.842621922492981, 0.9322903156280518]",2,12,9,0.16666666666666666,0.2222222222222222,0.1904761904761905,0.0006154179573059082,0.0012308359146118164,3,12,9,0.25,0.3333333333333333,0.28571428571428575,0.0035839577515920005,0.010751873254776001,6,12,9,0.5,0.6666666666666666,0.5714285714285715,0.00877426564693451,0.052645593881607056,6,12,9,0.5,0.6666666666666666,0.5714285714285715,0.014372358719507853,0.08623415231704712
158,20158,202,14,10,28,"[0.07287706434726715, 0.14881235361099243, 0.23319129645824432, 0.3161064386367798, 0.3612643778324127, 0.4471328556537628, 0.5348801016807556, 0.5907195806503296, 0.6406331062316895, 0.7159673571586609, 0.7595747709274292, 0.8186454772949219, 0.8804919719696045, 0.960204005241394]","[0.07287706434726715, 0.23319129645824432, 0.3161064386367798, 0.3612643778324127, 0.5348801016807556, 0.5907195806503296, 0.7159673571586609, 0.7595747709274292, 0.8186454772949219, 0.960204005241394]","[0.019614890217781067, 0.049506865441799164, 0.082900770008564, 0.12079858034849167, 0.16197308897972107, 0.20287778973579407, 0.23922988772392273, 0.27156686782836914, 0.3025929927825928, 0.33322590589523315, 0.36341041326522827, 0.39242351055145264, 0.42115822434425354, 0.4504934251308441, 0.4802094101905823, 0.5096889734268188, 0.5388889908790588, 0.5679507851600647, 0.5974406599998474, 0.6282782554626465, 0.6602044105529785, 0.6939491033554077, 0.729775607585907, 0.7654014825820923, 0.8022525310516357, 0.8396267890930176, 0.8833678960800171, 0.9328653812408447]",0.025348925963044167,"[""ours_then_hard"", ""ours_then_hard"", ""hard_then_ours""]",9,-1,-5,5.4954809456830844e-05,False,"[16.7513, 19.5669, 18.9139]",18.9139,"[0.20602087676525116, 0.3699384927749634, 0.4103339612483978, 0.44750064611434937, 0.49784401059150696, 0.5584883689880371, 0.6445422768592834, 0.7173452377319336, 0.8604649305343628]",11,1,-3,2.215467975474894e-05,True,"[180.7215, 171.7409, 167.4526]",171.7409,"[0.12079858034849167, 0.23922988772392273, 0.3025929927825928, 0.39242351055145264, 0.4504934251308441, 0.5096889734268188, 0.5679507851600647, 0.6282782554626465, 0.6939491033554077, 0.8022525310516357, 0.9328653812408447]",17,"[0.204696923494339, 0.37719038128852844, 0.41515377163887024, 0.4722078740596771, 0.5256363153457642, 0.5937228798866272, 0.6855023503303528, 0.7611898183822632, 0.8856536746025085]",2,9,10,0.2222222222222222,0.2,0.2105263157894737,0.002309173345565796,0.004618346691131592,3,9,10,0.3333333333333333,0.3,0.3157894736842105,0.004620711008707683,0.013862133026123047,4,9,10,0.4444444444444444,0.4,0.4210526315789474,0.007447034120559692,0.02978813648223877,6,9,10,0.6666666666666666,0.6,0.631578947368421,0.014791252712408701,0.08874751627445221,"[0.10535471886396408, 0.2406287044286728, 0.3125147223472595, 0.39425694942474365, 0.4758632183074951, 0.5376407504081726, 0.6029385328292847, 0.6663202047348022, 0.740635335445404, 0.8357049822807312, 0.9557971954345703]",3,11,10,0.2727272727272727,0.3,0.28571428571428564,0.0035863916079203286,0.010759174823760986,4,11,10,0.36363636363636365,0.4,0.380952380952381,0.004549145698547363,0.018196582794189453,7,11,10,0.6363636363636364,0.7,0.6666666666666666,0.009487782205854143,0.066414475440979,10,11,10,0.9090909090909091,1.0,0.9523809523809523,0.01815318539738655,0.1815318539738655
690,20690,203,6,5,28,"[0.1612682342529297, 0.30141347646713257, 0.4176936745643616, 0.5472532510757446, 0.704454779624939, 0.9171738028526306]","[0.1612682342529297, 0.30141347646713257, 0.4176936745643616, 0.5472532510757446, 0.9171738028526306]","[0.02071584016084671, 0.05262606590986252, 0.08837685734033585, 0.1279306560754776, 0.16975517570972443, 0.20889613032341003, 0.24359168112277985, 0.2755277454853058, 0.30778762698173523, 0.34017491340637207, 0.37213826179504395, 0.404020220041275, 0.4356457591056824, 0.466941773891449, 0.4979550242424011, 0.5288918018341064, 0.5603047609329224, 0.5921466946601868, 0.6241930723190308, 0.656773030757904, 0.6906686425209045, 0.7262753248214722, 0.7621030807495117, 0.7957838177680969, 0.828345775604248, 0.8633971214294434, 0.902127742767334, 0.9438708424568176]",0.040446653962135315,"[""ours_then_hard"", ""ours_then_hard"", ""hard_then_ours""]",8,3,2,1.8862623619497754e-05,True,"[14.0257, 18.7743, 15.1479]",15.1479,"[0.20464447140693665, 0.35961389541625977, 0.4958670139312744, 0.590553343296051, 0.6291653513908386, 0.735493540763855, 0.7995208501815796, 0.8222161531448364]",6,1,0,1.951588455995079e-05,True,"[189.0847, 235.4784, 200.3989]",200.3989,"[0.20889613032341003, 0.37213826179504395, 0.4979550242424011, 0.6241930723190308, 0.7262753248214722, 0.902127742767334]",22,"[0.14803767204284668, 0.2969556450843811, 0.4459473490715027, 0.5481075644493103, 0.5932735204696655, 0.7078937292098999, 0.7956972718238831, 0.8220072984695435]",2,8,5,0.25,0.4,0.3076923076923077,0.0026560723781585693,0.005312144756317139,2,8,5,0.25,0.4,0.3076923076923077,0.0026560723781585693,0.005312144756317139,3,8,5,0.375,0.6,0.4615384615384615,0.006180902322133382,0.018542706966400146,4,8,5,0.5,0.8,0.6153846153846154,0.011699095368385315,0.04679638147354126,"[0.15064941346645355, 0.31490156054496765, 0.4475556015968323, 0.5890789031982422, 0.6966398358345032, 0.9158950448036194]",1,6,5,0.16666666666666666,0.2,0.1818181818181818,0.0012787580490112305,0.0012787580490112305,1,6,5,0.16666666666666666,0.2,0.1818181818181818,0.0012787580490112305,0.0012787580490112305,3,6,5,0.5,0.6,0.5454545454545454,0.008461887637774149,0.02538566291332245,5,6,5,0.8333333333333334,1.0,0.9090909090909091,0.019414648413658142,0.09707324206829071
492,20492,204,13,7,28,"[0.05445775017142296, 0.11091539263725281, 0.21449267864227295, 0.3056541681289673, 0.3573175370693207, 0.407110333442688, 0.48552748560905457, 0.5488535761833191, 0.6010774970054626, 0.6632670760154724, 0.7532098889350891, 0.8172197341918945, 0.9163832664489746]","[0.05445775017142296, 0.11091539263725281, 0.3056541681289673, 0.3573175370693207, 0.48552748560905457, 0.6010774970054626, 0.9163832664489746]","[0.01895250752568245, 0.0474790558218956, 0.07995829731225967, 0.11753053963184357, 0.15889212489128113, 0.19917890429496765, 0.2312643676996231, 0.2634974718093872, 0.29365140199661255, 0.32336029410362244, 0.35372740030288696, 0.3835446834564209, 0.4141116738319397, 0.44608378410339355, 0.47794362902641296, 0.5100824236869812, 0.5424376130104065, 0.5758670568466187, 0.6101494431495667, 0.6444273591041565, 0.6798518300056458, 0.7169678807258606, 0.7543850541114807, 0.7890831232070923, 0.820946991443634, 0.8549429774284363, 0.8945229053497314, 0.9389442205429077]",0.019513659179210663,"[""ours_then_hard"", ""hard_then_ours"", ""hard_then_ours""]",9,2,-4,4.240772614139132e-05,False,"[17.7857, 14.6458, 39.2052]",17.7857,"[0.11296993494033813, 0.153324693441391, 0.1908753365278244, 0.21149073541164398, 0.3812643885612488, 0.6101940274238586, 0.6991089582443237, 0.789653480052948, 0.8249368071556091]",8,1,-5,2.2652986444882117e-05,True,"[188.1968, 185.4183, 247.8135]",188.1968,"[0.0474790558218956, 0.11753053963184357, 0.35372740030288696, 0.3835446834564209, 0.44608378410339355, 0.5100824236869812, 0.6101494431495667, 0.8549429774284363]",20,"[0.08935543894767761, 0.1279824674129486, 0.16352352499961853, 0.18389157950878143, 0.3509499430656433, 0.598835825920105, 0.6888361573219299, 0.7892878651618958, 0.8237593173980713]",1,9,7,0.1111111111111111,0.14285714285714285,0.125,0.002241671085357666,0.002241671085357666,2,9,7,0.2222222222222222,0.2857142857142857,0.25,0.004304632544517517,0.008609265089035034,3,9,7,0.3333333333333333,0.42857142857142855,0.375,0.008558779954910278,0.025676339864730835,4,9,7,0.4444444444444444,0.5714285714285714,0.5,0.024875552393496037,0.09950220957398415,"[0.03784480318427086, 0.09344552457332611, 0.3224974572658539, 0.3530424237251282, 0.4160439670085907, 0.4891453981399536, 0.5987746119499207, 0.8592604398727417]",3,8,7,0.375,0.42857142857142855,0.39999999999999997,0.003398636976877848,0.010195910930633545,3,8,7,0.375,0.42857142857142855,0.39999999999999997,0.003398636976877848,0.010195910930633545,6,8,7,0.75,0.8571428571428571,0.7999999999999999,0.010187002519766489,0.06112201511859894,6,8,7,0.75,0.8571428571428571,0.7999999999999999,0.010187002519766489,0.06112201511859894
191,20191,205,7,5,28,"[0.09801070392131805, 0.30638569593429565, 0.47774210572242737, 0.5522506237030029, 0.668438196182251, 0.8511639833450317, 0.9180929660797119]","[0.09801070392131805, 0.47774210572242737, 0.5522506237030029, 0.668438196182251, 0.8511639833450317]","[0.019559066742658615, 0.04955655708909035, 0.08286986500024796, 0.12088792026042938, 0.1617281287908554, 0.2010626494884491, 0.23600955307483673, 0.26736781001091003, 0.29857495427131653, 0.3297799527645111, 0.3608889579772949, 0.39197736978530884, 0.4229958653450012, 0.45420366525650024, 0.4853767454624176, 0.5163286328315735, 0.547153115272522, 0.5780066847801208, 0.6096095442771912, 0.6419823169708252, 0.6756004691123962, 0.7111440300941467, 0.7476573586463928, 0.7824923992156982, 0.8155452609062195, 0.8508604168891907, 0.8915897011756897, 0.9371821284294128]",0.028107520192861557,"[""hard_then_ours"", ""ours_then_hard"", ""hard_then_ours""]",7,2,0,3.383768125786446e-05,False,"[16.1924, 17.9914, 17.6456]",17.6456,"[0.2852398753166199, 0.5120510458946228, 0.5734314322471619, 0.6247775554656982, 0.6890800595283508, 0.7627068758010864, 0.8271337151527405]",6,1,-1,2.4730514269322157e-05,True,"[225.4371, 198.4378, 204.3933]",204.3933,"[0.1617281287908554, 0.23600955307483673, 0.45420366525650024, 0.5163286328315735, 0.5780066847801208, 0.8508604168891907]",22,"[0.2910011112689972, 0.5399358868598938, 0.6177269220352173, 0.6684075593948364, 0.7290806770324707, 0.8060126900672913, 0.8687599301338196]",1,7,5,0.14285714285714285,0.2,0.16666666666666666,3.063678741455078e-05,3.063678741455078e-05,1,7,5,0.14285714285714285,0.2,0.16666666666666666,3.063678741455078e-05,3.063678741455078e-05,3,7,5,0.42857142857142855,0.6,0.5,0.009980440139770508,0.029941320419311523,3,7,5,0.42857142857142855,0.6,0.5,0.019165555636088055,0.05749666690826416,"[0.14739112555980682, 0.23906289041042328, 0.4764152467250824, 0.5459089279174805, 0.62349933385849, 0.8927929997444153]",1,6,5,0.16666666666666666,0.2,0.1818181818181818,0.0013268589973449707,0.0013268589973449707,2,6,5,0.3333333333333333,0.4,0.3636363636363636,0.003834277391433716,0.007668554782867432,2,6,5,0.3333333333333333,0.4,0.3636363636363636,0.003834277391433716,0.007668554782867432,5,6,5,0.8333333333333334,1.0,0.9090909090909091,0.028723371028900147,0.14361685514450073
177,20177,206,8,5,28,"[0.08539222180843353, 0.17533192038536072, 0.31425315141677856, 0.4430878460407257, 0.5019673109054565, 0.6177393198013306, 0.7553492784500122, 0.8600305318832397]","[0.17533192038536072, 0.31425315141677856, 0.4430878460407257, 0.6177393198013306, 0.7553492784500122]","[0.019245851784944534, 0.04873933270573616, 0.08166483044624329, 0.11882004886865616, 0.15937475860118866, 0.19884978234767914, 0.23444315791130066, 0.2669023275375366, 0.29862305521965027, 0.33053889870643616, 0.3627580404281616, 0.3948751986026764, 0.4268629252910614, 0.45855677127838135, 0.4897828996181488, 0.5209875702857971, 0.5526376366615295, 0.5845687389373779, 0.6166830062866211, 0.6492980122566223, 0.6834284663200378, 0.7195581197738647, 0.7561305165290833, 0.7902661561965942, 0.8227109313011169, 0.8577826023101807, 0.8972788453102112, 0.9407337307929993]",0.016344821080565453,"[""hard_then_ours"", ""ours_then_hard"", ""hard_then_ours""]",4,-1,-4,5.585174585576169e-05,False,"[17.9793, 17.8604, 17.8485]",17.8604,"[0.37098756432533264, 0.5732523798942566, 0.6374244093894958, 0.7387711405754089]",6,1,-2,1.210331447509816e-05,True,"[192.7059, 210.7863, 191.8243]",192.7059,"[0.15937475860118866, 0.19884978234767914, 0.33053889870643616, 0.4268629252910614, 0.6166830062866211, 0.7561305165290833]",22,"[0.36222609877586365, 0.5706028938293457, 0.6387023329734802, 0.7495407462120056]",0,4,5,0.0,0.0,0.0,,0.0,1,4,5,0.25,0.2,0.22222222222222224,0.005808532238006592,0.005808532238006592,1,4,5,0.25,0.2,0.22222222222222224,0.005808532238006592,0.005808532238006592,3,4,5,0.75,0.6,0.6666666666666665,0.03363930185635885,0.10091790556907654,"[0.12814082205295563, 0.17313355207443237, 0.31749895215034485, 0.42376357316970825, 0.6143459677696228, 0.7686529755592346]",3,6,5,0.5,0.6,0.5454545454545454,0.002945840358734131,0.008837521076202393,3,6,5,0.5,0.6,0.5454545454545454,0.002945840358734131,0.008837521076202393,5,6,5,0.8333333333333334,1.0,0.9090909090909091,0.008293098211288452,0.04146549105644226,5,6,5,0.8333333333333334,1.0,0.9090909090909091,0.017291644215583803,0.086458221077919
453,20453,207,7,4,28,"[0.11633473634719849, 0.20730775594711304, 0.3658871352672577, 0.4495425820350647, 0.5833376049995422, 0.7358235716819763, 0.8408247232437134]","[0.3658871352672577, 0.4495425820350647, 0.5833376049995422, 0.8408247232437134]","[0.020687870681285858, 0.05196966603398323, 0.0876849889755249, 0.127044677734375, 0.16933216154575348, 0.21161353588104248, 0.2468222975730896, 0.27978515625, 0.3133998513221741, 0.34685570001602173, 0.380428671836853, 0.41346248984336853, 0.4462130665779114, 0.478030264377594, 0.5089884996414185, 0.5396405458450317, 0.5705847144126892, 0.601887583732605, 0.6334682106971741, 0.6654353141784668, 0.6986821889877319, 0.7333203554153442, 0.7679054141044617, 0.8000434041023254, 0.8309539556503296, 0.8644324541091919, 0.9020333290100098, 0.9434036612510681]",0.022519420832395554,"[""ours_then_hard"", ""hard_then_ours"", ""ours_then_hard""]",7,3,0,3.958113302360289e-05,False,"[20.892, 19.5141, 15.2174]",19.5141,"[0.3280302584171295, 0.508637011051178, 0.5402214527130127, 0.5771365165710449, 0.6272428035736084, 0.7848191261291504, 0.8379835486412048]",5,1,-2,1.3670603948412463e-05,True,"[195.5824, 210.5163, 186.8353]",195.5824,"[0.21161353588104248, 0.380428671836853, 0.478030264377594, 0.7333203554153442, 0.7679054141044617]",23,"[0.29553964734077454, 0.5064816474914551, 0.5405399799346924, 0.5805802345275879, 0.639965832233429, 0.8071091771125793, 0.8601478338241577]",1,7,4,0.14285714285714285,0.25,0.18181818181818182,0.0027573704719543457,0.0027573704719543457,1,7,4,0.14285714285714285,0.25,0.18181818181818182,0.0027573704719543457,0.0027573704719543457,2,7,4,0.2857142857142857,0.5,0.36363636363636365,0.01104024052619934,0.02208048105239868,2,7,4,0.2857142857142857,0.5,0.36363636363636365,0.03825658559799194,0.07651317119598389,"[0.172163188457489, 0.3610353171825409, 0.4743013083934784, 0.7540041208267212, 0.7913850545883179]",1,5,4,0.2,0.25,0.22222222222222224,0.004851818084716797,0.004851818084716797,1,5,4,0.2,0.25,0.22222222222222224,0.004851818084716797,0.004851818084716797,1,5,4,0.2,0.25,0.22222222222222224,0.004851818084716797,0.004851818084716797,3,5,4,0.6,0.75,0.6666666666666665,0.026350071032842,0.079050213098526
139,20139,208,7,5,28,"[0.16244842112064362, 0.23726095259189606, 0.3650628626346588, 0.4313954710960388, 0.5867294669151306, 0.753794252872467, 0.8894504904747009]","[0.23726095259189606, 0.3650628626346588, 0.4313954710960388, 0.753794252872467, 0.8894504904747009]","[0.018510958179831505, 0.046652086079120636, 0.07890371978282928, 0.1158941388130188, 0.15690617263317108, 0.1977773755788803, 0.23387129604816437, 0.26566433906555176, 0.29637619853019714, 0.3285559415817261, 0.36036014556884766, 0.3915455639362335, 0.4222962260246277, 0.452597975730896, 0.48334383964538574, 0.5141183733940125, 0.5452301502227783, 0.5767942070960999, 0.6093161106109619, 0.6424359679222107, 0.676588773727417, 0.7121570110321045, 0.7481380105018616, 0.7824435234069824, 0.8148455619812012, 0.8492432832717896, 0.8896456360816956, 0.9357669949531555]",0.026989437639713287,"[""hard_then_ours"", ""ours_then_hard"", ""ours_then_hard""]",5,0,-2,3.107854354311712e-05,False,"[17.7073, 15.8414, 17.6439]",17.6439,"[0.24154555797576904, 0.42425596714019775, 0.4824182093143463, 0.5883698463439941, 0.7851277589797974]",5,0,-2,2.402658537903335e-05,True,"[198.5254, 198.7824, 216.228]",198.7824,"[0.26566433906555176, 0.4222962260246277, 0.452597975730896, 0.7121570110321045, 0.8492432832717896]",23,"[0.2016770839691162, 0.3937215805053711, 0.4613398015499115, 0.5886991024017334, 0.8164106011390686]",0,5,5,0.0,0.0,0.0,,0.0,0,5,5,0.0,0.0,0.0,,0.0,0,5,5,0.0,0.0,0.0,,0.0,3,5,5,0.6,0.6,0.6,0.03139563898245493,0.09418691694736481,"[0.22609920799732208, 0.3916775584220886, 0.4291612505912781, 0.7293554544448853, 0.8793405294418335]",1,5,5,0.2,0.2,0.20000000000000004,0.002234220504760742,0.002234220504760742,1,5,5,0.2,0.2,0.20000000000000004,0.002234220504760742,0.002234220504760742,3,5,5,0.6,0.6,0.6,0.007835308710734049,0.02350592613220215,5,5,5,1.0,1.0,1.0,0.014911884069442749,0.07455942034721375
5,20005,209,4,3,28,"[0.25131240487098694, 0.4042527675628662, 0.519734263420105, 0.7566275596618652]","[0.4042527675628662, 0.519734263420105, 0.7566275596618652]","[0.020540591329336166, 0.05177227035164833, 0.0868057906627655, 0.12649399042129517, 0.16931603848934174, 0.21016858518123627, 0.24564002454280853, 0.27822601795196533, 0.3097972869873047, 0.3410569429397583, 0.37154269218444824, 0.40172699093818665, 0.4319251477718353, 0.46215832233428955, 0.4923786222934723, 0.5227035284042358, 0.5534186959266663, 0.584747850894928, 0.6167107224464417, 0.6492786407470703, 0.6831535696983337, 0.7185744047164917, 0.7545036673545837, 0.7888871431350708, 0.8219796419143677, 0.8571589589118958, 0.8967106342315674, 0.9403206706047058]",0.023298395797610283,"[""ours_then_hard"", ""hard_then_ours"", ""ours_then_hard""]",5,2,1,3.741552063729614e-05,False,"[15.2922, 15.4517, 18.6033]",15.4517,"[0.24601979553699493, 0.3276169002056122, 0.4651649594306946, 0.7303429841995239, 0.8996029496192932]",6,3,2,2.2904401703272015e-05,True,"[232.5934, 211.2504, 205.2527]",211.2504,"[0.12649399042129517, 0.16931603848934174, 0.37154269218444824, 0.4319251477718353, 0.7185744047164917, 0.8967106342315674]",22,"[0.21051828563213348, 0.30601397156715393, 0.4755731523036957, 0.7583324909210205, 0.9111250042915344]",1,5,3,0.2,0.3333333333333333,0.25,0.0017049312591552734,0.0017049312591552734,1,5,3,0.2,0.3333333333333333,0.25,0.0017049312591552734,0.0017049312591552734,1,5,3,0.2,0.3333333333333333,0.25,0.0017049312591552734,0.0017049312591552734,2,5,3,0.4,0.6666666666666666,0.5,0.022933021187782288,0.045866042375564575,"[0.09223131090402603, 0.13453954458236694, 0.35539886355400085, 0.43924856185913086, 0.7452450394630432, 0.908730149269104]",0,6,3,0.0,0.0,0.0,,0.0,0,6,3,0.0,0.0,0.0,,0.0,1,6,3,0.16666666666666666,0.3333333333333333,0.2222222222222222,0.011382520198822021,0.011382520198822021,2,6,3,0.3333333333333333,0.6666666666666666,0.4444444444444444,0.03011821210384369,0.06023642420768738
381,20381,210,15,10,28,"[0.07745707035064697, 0.13867923617362976, 0.2187742292881012, 0.2940281927585602, 0.36650776863098145, 0.42259955406188965, 0.4805123209953308, 0.5534172654151917, 0.6149214506149292, 0.6592824459075928, 0.6962809562683105, 0.7432618737220764, 0.8049571514129639, 0.8704251050949097, 0.934813916683197]","[0.13867923617362976, 0.2187742292881012, 0.36650776863098145, 0.42259955406188965, 0.5534172654151917, 0.6592824459075928, 0.6962809562683105, 0.7432618737220764, 0.8049571514129639, 0.8704251050949097]","[0.019090836867690086, 0.048013199120759964, 0.08138708025217056, 0.12069137394428253, 0.16591604053974152, 0.20426903665065765, 0.24046601355075836, 0.27356040477752686, 0.30641409754753113, 0.33903223276138306, 0.37065184116363525, 0.4019397497177124, 0.43357545137405396, 0.4657077491283417, 0.4972583055496216, 0.5281830430030823, 0.5588590502738953, 0.5910850167274475, 0.6226308941841125, 0.6537987589836121, 0.6859035491943359, 0.7196122407913208, 0.7552868127822876, 0.788837730884552, 0.8202763795852661, 0.8544914722442627, 0.8940306901931763, 0.9385097622871399]",0.021162917837500572,"[""ours_then_hard"", ""ours_then_hard"", ""hard_then_ours""]",8,-2,-7,6.238648347789422e-05,False,"[15.4091, 19.0785, 18.1699]",18.1699,"[0.22463259100914001, 0.3775138258934021, 0.5113347172737122, 0.6240878701210022, 0.707614004611969, 0.7559033632278442, 0.7816310524940491, 0.8189509510993958]",10,0,-5,1.888523911475204e-05,True,"[172.5281, 178.619, 169.4093]",172.5281,"[0.16591604053974152, 0.20426903665065765, 0.30641409754753113, 0.4019397497177124, 0.4972583055496216, 0.5281830430030823, 0.6226308941841125, 0.7196122407913208, 0.7552868127822876, 0.8544914722442627]",18,"[0.2314038872718811, 0.4159107506275177, 0.5416064858436584, 0.6447736024856567, 0.7106426954269409, 0.7575663328170776, 0.7853800058364868, 0.8273324370384216]",0,8,10,0.0,0.0,0.0,,0.0,1,8,10,0.125,0.1,0.11111111111111112,0.006688803434371948,0.006688803434371948,7,8,10,0.875,0.7,0.7777777777777777,0.01341163260596139,0.09388142824172974,8,8,10,1.0,0.8,0.888888888888889,0.02246103435754776,0.17968827486038208,"[0.16005530953407288, 0.20575839281082153, 0.33260637521743774, 0.43997225165367126, 0.5297883152961731, 0.5568787455558777, 0.643322765827179, 0.7236281037330627, 0.7569261193275452, 0.8664191961288452]",2,10,10,0.2,0.2,0.20000000000000004,0.003733694553375244,0.007467389106750488,2,10,10,0.2,0.2,0.20000000000000004,0.003733694553375244,0.007467389106750488,6,10,10,0.6,0.6,0.6,0.012241562207539877,0.07344937324523926,9,10,10,0.9,0.9,0.9,0.01891910367541843,0.17027193307876587
234,20234,211,9,6,28,"[0.08721836656332016, 0.2373683750629425, 0.3125007748603821, 0.46387284994125366, 0.5218014121055603, 0.664189338684082, 0.7692762017250061, 0.8464510440826416, 0.9442997574806213]","[0.08721836656332016, 0.3125007748603821, 0.46387284994125366, 0.5218014121055603, 0.7692762017250061, 0.9442997574806213]","[0.020594555884599686, 0.051507264375686646, 0.08564156293869019, 0.12331528961658478, 0.16331836581230164, 0.20227418839931488, 0.2375466525554657, 0.2696821093559265, 0.30041176080703735, 0.33104971051216125, 0.3615074157714844, 0.3920295834541321, 0.42226070165634155, 0.45218804478645325, 0.48179879784584045, 0.5116314888000488, 0.5421609282493591, 0.5731480717658997, 0.6045020818710327, 0.6365802884101868, 0.6703744530677795, 0.7063502073287964, 0.7436730861663818, 0.7795235514640808, 0.8138931393623352, 0.8501176238059998, 0.8916236758232117, 0.937674343585968]",0.01482400018721819,"[""hard_then_ours"", ""hard_then_ours"", ""ours_then_hard""]",10,4,1,2.9543480195570737e-05,False,"[16.678, 17.1327, 17.904]",17.1327,"[0.2267431616783142, 0.3166680932044983, 0.4230485260486603, 0.5779032111167908, 0.6938558220863342, 0.7390587329864502, 0.7760022282600403, 0.7959036827087402, 0.82169109582901, 0.8591619729995728]",7,1,-2,2.25297062570462e-05,True,"[199.9115, 189.6679, 178.7378]",189.6679,"[0.16331836581230164, 0.30041176080703735, 0.33104971051216125, 0.6365802884101868, 0.6703744530677795, 0.7795235514640808, 0.8916236758232117]",21,"[0.22197827696800232, 0.3205091655254364, 0.42259523272514343, 0.5937118530273438, 0.7213820815086365, 0.7641198635101318, 0.7956154346466064, 0.8161622881889343, 0.8434862494468689, 0.8828373551368713]",0,10,6,0.0,0.0,0.0,,0.0,2,10,6,0.2,0.3333333333333333,0.25,0.006582364439964294,0.013164728879928589,2,10,6,0.2,0.3333333333333333,0.25,0.006582364439964294,0.013164728879928589,3,10,6,0.3,0.5,0.37499999999999994,0.03239337603251139,0.09718012809753418,"[0.15383610129356384, 0.3004729151725769, 0.3363676369190216, 0.6536293029785156, 0.6943654417991638, 0.7991594076156616, 0.9149953126907349]",0,7,6,0.0,0.0,0.0,,0.0,0,7,6,0.0,0.0,0.0,,0.0,1,7,6,0.14285714285714285,0.16666666666666666,0.15384615384615383,0.012027859687805176,0.012027859687805176,3,7,6,0.42857142857142855,0.5,0.4615384615384615,0.023738503456115723,0.07121551036834717
947,20947,212,5,5,28,"[0.09043674916028976, 0.2933894395828247, 0.5408932566642761, 0.6601526737213135, 0.7666811347007751]","[0.09043674916028976, 0.2933894395828247, 0.5408932566642761, 0.6601526737213135, 0.7666811347007751]","[0.01743176579475403, 0.04410422220826149, 0.07454566657543182, 0.11016777902841568, 0.15043041110038757, 0.191459521651268, 0.22702710330486298, 0.2583005726337433, 0.2889660596847534, 0.32011160254478455, 0.3503990173339844, 0.3804585635662079, 0.4104742109775543, 0.4408286213874817, 0.4713697135448456, 0.5019347667694092, 0.5326774716377258, 0.5646264553070068, 0.597490668296814, 0.6306332349777222, 0.6649140119552612, 0.7010089159011841, 0.738227903842926, 0.774173378944397, 0.8087420463562012, 0.8449874520301819, 0.8869874477386475, 0.9345418810844421]",0.022468216717243195,"[""hard_then_ours"", ""ours_then_hard"", ""ours_then_hard""]",7,2,2,3.235444819438271e-05,False,"[17.53, 17.2524, 16.6088]",17.2524,"[0.1739138811826706, 0.2149835228919983, 0.3091636598110199, 0.41654181480407715, 0.4870166778564453, 0.6277576088905334, 0.7845418453216553]",7,2,2,2.3832441002014093e-05,True,"[191.2567, 195.346, 187.5076]",191.2567,"[0.07454566657543182, 0.11016777902841568, 0.3503990173339844, 0.5646264553070068, 0.597490668296814, 0.738227903842926, 0.8087420463562012]",21,"[0.1537112146615982, 0.19491766393184662, 0.30635613203048706, 0.4307246506214142, 0.5057375431060791, 0.6588642001152039, 0.8149575591087341]",1,7,5,0.14285714285714285,0.2,0.16666666666666666,0.0012884736061096191,0.0012884736061096191,1,7,5,0.14285714285714285,0.2,0.16666666666666666,0.0012884736061096191,0.0012884736061096191,2,7,5,0.2857142857142857,0.4,0.3333333333333333,0.007127583026885986,0.014255166053771973,4,7,5,0.5714285714285714,0.8,0.6666666666666666,0.024421826004981995,0.09768730401992798,"[0.0568590946495533, 0.08697007596492767, 0.35264644026756287, 0.5920642018318176, 0.6256048679351807, 0.7633222937583923, 0.8420650362968445]",2,7,5,0.2857142857142857,0.4,0.3333333333333333,0.0034127570688724518,0.0068255141377449036,2,7,5,0.2857142857142857,0.4,0.3333333333333333,0.0034127570688724518,0.0068255141377449036,2,7,5,0.2857142857142857,0.4,0.3333333333333333,0.0034127570688724518,0.0068255141377449036,3,7,5,0.42857142857142855,0.6,0.5,0.02382810041308403,0.07148430123925209
991,20991,213,13,9,28,"[0.07890152931213379, 0.14578723907470703, 0.2496149241924286, 0.29910486936569214, 0.3402634263038635, 0.40476131439208984, 0.4638822078704834, 0.5624631643295288, 0.6256200075149536, 0.723544180393219, 0.8083848357200623, 0.8754454851150513, 0.9259411096572876]","[0.07890152931213379, 0.2496149241924286, 0.29910486936569214, 0.3402634263038635, 0.40476131439208984, 0.4638822078704834, 0.723544180393219, 0.8083848357200623, 0.9259411096572876]","[0.019135495647788048, 0.049286797642707825, 0.08268410712480545, 0.12204809486865997, 0.16089372336864471, 0.20763155817985535, 0.24543815851211548, 0.27810367941856384, 0.30933240056037903, 0.341948539018631, 0.3743283152580261, 0.4073590636253357, 0.4399593472480774, 0.470636248588562, 0.5001287460327148, 0.5302873849868774, 0.5598822832107544, 0.5898948907852173, 0.619993269443512, 0.650551438331604, 0.6827008128166199, 0.7169968485832214, 0.7521915435791016, 0.7868726849555969, 0.8193017840385437, 0.8537120223045349, 0.8937112092971802, 0.9384697079658508]",0.007833089679479599,"[""hard_then_ours"", ""ours_then_hard"", ""ours_then_hard""]",9,0,-4,5.7447952713118866e-05,False,"[16.0897, 14.8691, 14.2158]",14.8691,"[0.1653938591480255, 0.23531591892242432, 0.3144661486148834, 0.3946298360824585, 0.49681320786476135, 0.608418345451355, 0.6827144026756287, 0.7600592374801636, 0.854520320892334]",10,1,-3,1.9761331714107655e-05,True,"[176.8731, 158.893, 178.8602]",176.8731,"[0.12204809486865997, 0.16089372336864471, 0.24543815851211548, 0.30933240056037903, 0.341948539018631, 0.470636248588562, 0.650551438331604, 0.6827008128166199, 0.8193017840385437, 0.8537120223045349]",18,"[0.16583813726902008, 0.2402547150850296, 0.31455197930336, 0.38998550176620483, 0.49897482991218567, 0.6125341057777405, 0.6932730078697205, 0.7754448056221008, 0.8531928658485413]",0,9,9,0.0,0.0,0.0,,0.0,1,9,9,0.1111111111111111,0.1111111111111111,0.1111111111111111,0.009360209107398987,0.009360209107398987,3,9,9,0.3333333333333333,0.3333333333333333,0.3333333333333333,0.013194377223650614,0.03958313167095184,6,9,9,0.6666666666666666,0.6666666666666666,0.6666666666666666,0.028805536528428394,0.17283321917057037,"[0.10796670615673065, 0.16002672910690308, 0.24742689728736877, 0.309158056974411, 0.3395591676235199, 0.4692665636539459, 0.6552065014839172, 0.6932626962661743, 0.8281315565109253, 0.8524437546730042]",2,10,9,0.2,0.2222222222222222,0.2105263157894737,0.0014461427927017212,0.0028922855854034424,3,10,9,0.3,0.3333333333333333,0.3157894736842105,0.0027588804562886557,0.008276641368865967,5,10,9,0.5,0.5555555555555556,0.5263157894736842,0.007615309953689575,0.038076549768447876,7,10,9,0.7,0.7777777777777778,0.7368421052631577,0.013917601534298487,0.09742321074008942
187,20187,214,14,8,28,"[0.039788246154785156, 0.10649330914020538, 0.20450793206691742, 0.26543766260147095, 0.31256455183029175, 0.36053961515426636, 0.45924344658851624, 0.5597742199897766, 0.6729757189750671, 0.710446298122406, 0.776990532875061, 0.8391212224960327, 0.890242338180542, 0.9474366307258606]","[0.039788246154785156, 0.20450793206691742, 0.26543766260147095, 0.31256455183029175, 0.5597742199897766, 0.6729757189750671, 0.710446298122406, 0.890242338180542]","[0.02024834230542183, 0.05204542353749275, 0.08700259774923325, 0.12589527666568756, 0.16819821298122406, 0.21859553456306458, 0.2483607828617096, 0.2869594097137451, 0.31753847002983093, 0.34366294741630554, 0.3796375095844269, 0.41330868005752563, 0.44156935811042786, 0.47362175583839417, 0.5027105212211609, 0.5306999087333679, 0.5635584592819214, 0.5931093096733093, 0.625367283821106, 0.6572472453117371, 0.6907973289489746, 0.7253502011299133, 0.761222243309021, 0.7945408821105957, 0.8253218531608582, 0.8587535619735718, 0.8977844715118408, 0.941189169883728]",0.026229508221149445,"[""ours_then_hard"", ""hard_then_ours"", ""ours_then_hard""]",7,-1,-7,0.0003988891839981079,False,"[18.4191, 20.1007, 15.0116]",18.4191,"[0.20744018256664276, 0.2385946810245514, 0.28814074397087097, 0.36020663380622864, 0.475232869386673, 0.5811139345169067, 0.663959264755249]",10,2,-4,2.3049309675116092e-05,True,"[200.5356, 184.434, 154.8711]",184.434,"[0.08700259774923325, 0.12589527666568756, 0.2869594097137451, 0.31753847002983093, 0.34366294741630554, 0.47362175583839417, 0.5306999087333679, 0.625367283821106, 0.761222243309021, 0.8977844715118408]",18,"[0.1955355852842331, 0.22897306084632874, 0.27728262543678284, 0.34470421075820923, 0.4735478162765503, 0.6192896962165833, 0.7147587537765503]",1,7,8,0.14285714285714285,0.125,0.13333333333333333,0.004312455654144287,0.004312455654144287,2,7,8,0.2857142857142857,0.25,0.26666666666666666,0.006642401218414307,0.013284802436828613,3,7,8,0.42857142857142855,0.375,0.39999999999999997,0.008376588424046835,0.025129765272140503,4,7,8,0.5714285714285714,0.5,0.5333333333333333,0.03062547743320465,0.1225019097328186,"[0.07716359943151474, 0.10826724022626877, 0.2766781151294708, 0.30053430795669556, 0.3283725678920746, 0.47088679671287537, 0.550117015838623, 0.6727274060249329, 0.8043847680091858, 0.920453667640686]",1,10,8,0.1,0.125,0.11111111111111112,0.00024831295013427734,0.00024831295013427734,2,10,8,0.2,0.25,0.22222222222222224,0.004952758550643921,0.009905517101287842,4,10,8,0.4,0.5,0.4444444444444445,0.008294053375720978,0.03317621350288391,6,10,8,0.6,0.75,0.6666666666666665,0.01679381603995959,0.10076289623975754
599,20599,215,10,7,28,"[0.10306405276060104, 0.2014506459236145, 0.2720693051815033, 0.3476995527744293, 0.43567758798599243, 0.4886896312236786, 0.6258504986763, 0.7787292003631592, 0.8325498104095459, 0.9219927787780762]","[0.10306405276060104, 0.2014506459236145, 0.2720693051815033, 0.43567758798599243, 0.6258504986763, 0.7787292003631592, 0.9219927787780762]","[0.019574079662561417, 0.04953671991825104, 0.08288409560918808, 0.12039146572351456, 0.16122528910636902, 0.2012518346309662, 0.2379278689622879, 0.27104252576828003, 0.30325379967689514, 0.3350587487220764, 0.36573731899261475, 0.39790308475494385, 0.4303256571292877, 0.4620321989059448, 0.49283310770988464, 0.5229201316833496, 0.5536555647850037, 0.5854536890983582, 0.6169847846031189, 0.6487134099006653, 0.6819032430648804, 0.7170704007148743, 0.753136932849884, 0.7880492806434631, 0.8212538361549377, 0.8566573262214661, 0.8968803882598877, 0.9409509301185608]",0.014698131941258907,"[""ours_then_hard"", ""ours_then_hard"", ""hard_then_ours""]",7,0,-3,7.465518137905747e-05,False,"[17.0161, 18.2759, 15.0217]",17.0161,"[0.27039146423339844, 0.42536303400993347, 0.5029725432395935, 0.6090488433837891, 0.6742109656333923, 0.7775717377662659, 0.8615764379501343]",7,0,-3,1.9869778043357655e-05,True,"[188.1958, 231.3091, 214.7474]",214.7474,"[0.12039146572351456, 0.2379278689622879, 0.27104252576828003, 0.4620321989059448, 0.6169847846031189, 0.753136932849884, 0.8968803882598877]",21,"[0.2603721022605896, 0.4031921923160553, 0.4819662868976593, 0.6046783924102783, 0.6868997812271118, 0.8011142611503601, 0.8794406056404114]",0,7,7,0.0,0.0,0.0,,0.0,0,7,7,0.0,0.0,0.0,,0.0,1,7,7,0.14285714285714285,0.14285714285714285,0.14285714285714285,0.011697202920913696,0.011697202920913696,5,7,7,0.7142857142857143,0.7142857142857143,0.7142857142857143,0.026058387756347657,0.13029193878173828,"[0.10536956042051315, 0.23264865577220917, 0.26079753041267395, 0.44001710414886475, 0.6137446165084839, 0.7732188701629639, 0.9119685888290405]",2,7,7,0.2857142857142857,0.2857142857142857,0.2857142857142857,0.003322511911392212,0.006645023822784424,3,7,7,0.42857142857142855,0.42857142857142855,0.42857142857142855,0.004051784674326579,0.012155354022979736,6,7,7,0.8571428571428571,0.8571428571428571,0.8571428571428571,0.007592866818110148,0.04555720090866089,7,7,7,1.0,1.0,1.0,0.010965030108179365,0.07675521075725555
638,20638,216,13,9,28,"[0.0999654084444046, 0.20194953680038452, 0.24177739024162292, 0.2817608416080475, 0.34641990065574646, 0.43993765115737915, 0.47913604974746704, 0.5188905596733093, 0.5616914629936218, 0.628075122833252, 0.7344722747802734, 0.8076333999633789, 0.9104945063591003]","[0.0999654084444046, 0.24177739024162292, 0.2817608416080475, 0.34641990065574646, 0.47913604974746704, 0.5188905596733093, 0.5616914629936218, 0.7344722747802734, 0.8076333999633789]","[0.02028418332338333, 0.0509849414229393, 0.08490852266550064, 0.12382671982049942, 0.16586239635944366, 0.20525680482387543, 0.23930738866329193, 0.27166682481765747, 0.3034568727016449, 0.3343522548675537, 0.36452579498291016, 0.39485037326812744, 0.42501652240753174, 0.4571627378463745, 0.4892914295196533, 0.521283745765686, 0.5538556575775146, 0.5869317054748535, 0.6200255155563354, 0.6533838510513306, 0.6879040598869324, 0.7236581444740295, 0.7605306506156921, 0.7948192954063416, 0.8265597820281982, 0.8608605861663818, 0.8999089598655701, 0.942647397518158]",0.01542273722589016,"[""ours_then_hard"", ""ours_then_hard"", ""ours_then_hard""]",8,-1,-5,0.00017369315901305526,False,"[16.6656, 19.4553, 15.773]",16.6656,"[0.1596444696187973, 0.2840409278869629, 0.3163686990737915, 0.36314359307289124, 0.4661329686641693, 0.5218212604522705, 0.6299514174461365, 0.7369316816329956]",11,2,-2,2.2640750103164464e-05,True,"[173.3663, 170.5478, 150.6204]",170.5478,"[0.12382671982049942, 0.16586239635944366, 0.20525680482387543, 0.23930738866329193, 0.39485037326812744, 0.4892914295196533, 0.5538556575775146, 0.5869317054748535, 0.6200255155563354, 0.7605306506156921, 0.8265597820281982]",17,"[0.1506732851266861, 0.2793525457382202, 0.30466800928115845, 0.34256017208099365, 0.44654253125190735, 0.5027589797973633, 0.6053539514541626, 0.7146373391151428]",2,8,9,0.25,0.2222222222222222,0.23529411764705882,0.003134012222290039,0.006268024444580078,2,8,9,0.25,0.2222222222222222,0.23529411764705882,0.003134012222290039,0.006268024444580078,4,8,9,0.5,0.4444444444444444,0.47058823529411764,0.010558634996414185,0.04223453998565674,7,8,9,0.875,0.7777777777777778,0.823529411764706,0.025223510605948313,0.17656457424163818,"[0.11332563310861588, 0.1586785763502121, 0.19076035916805267, 0.23303474485874176, 0.37202921509742737, 0.4685080647468567, 0.5301588773727417, 0.566895604133606, 0.5954205393791199, 0.7408673763275146, 0.8205253481864929]",0,11,9,0.0,0.0,0.0,,0.0,3,11,9,0.2727272727272727,0.3333333333333333,0.3,0.0067806293567021685,0.020341888070106506,7,11,9,0.6363636363636364,0.7777777777777778,0.7000000000000001,0.009784337665353502,0.06849036365747452,8,11,9,0.7272727272727273,0.8888888888888888,0.7999999999999999,0.011762459762394428,0.09409967809915543
1012,21012,217,8,6,28,"[0.17333947122097015, 0.3202785849571228, 0.38594648241996765, 0.44563570618629456, 0.5277701616287231, 0.6531971096992493, 0.756252110004425, 0.8772708177566528]","[0.3202785849571228, 0.38594648241996765, 0.44563570618629456, 0.5277701616287231, 0.6531971096992493, 0.756252110004425]","[0.018978632986545563, 0.04753463715314865, 0.08003077656030655, 0.11692504584789276, 0.15716031193733215, 0.19689436256885529, 0.2312178760766983, 0.26336708664894104, 0.29442816972732544, 0.3250766694545746, 0.35400089621543884, 0.38304734230041504, 0.4117375612258911, 0.4406180679798126, 0.4700213074684143, 0.499268114566803, 0.5283573269844055, 0.557921290397644, 0.588231086730957, 0.6202688217163086, 0.6551679372787476, 0.6928055286407471, 0.7322511076927185, 0.7706081867218018, 0.8071169257164001, 0.8449243307113647, 0.8876442909240723, 0.9352233409881592]",0.010269099846482277,"[""ours_then_hard"", ""ours_then_hard"", ""hard_then_ours""]",8,2,0,4.294763130019419e-05,False,"[18.7155, 18.0969, 16.7264]",18.0969,"[0.20533479750156403, 0.3394310474395752, 0.3647385835647583, 0.4911554753780365, 0.5584452748298645, 0.5811128616333008, 0.6928276419639587, 0.7608547806739807]",8,2,0,2.4710905563551933e-05,True,"[181.8309, 192.587, 193.213]",192.587,"[0.19689436256885529, 0.29442816972732544, 0.38304734230041504, 0.4700213074684143, 0.499268114566803, 0.6551679372787476, 0.7322511076927185, 0.9352233409881592]",20,"[0.1886844038963318, 0.34916895627975464, 0.37343308329582214, 0.5019736886024475, 0.564464271068573, 0.5862802267074585, 0.6980177164077759, 0.7679461240768433]",0,8,6,0.0,0.0,0.0,,0.0,0,8,6,0.0,0.0,0.0,,0.0,2,8,6,0.25,0.3333333333333333,0.28571428571428575,0.01210370659828186,0.02420741319656372,5,8,6,0.625,0.8333333333333334,0.7142857142857143,0.02474297285079956,0.1237148642539978,"[0.1785902976989746, 0.2978437542915344, 0.39125698804855347, 0.4841454327106476, 0.5073167085647583, 0.6547136902809143, 0.7383773326873779, 0.9479039311408997]",1,8,6,0.125,0.16666666666666666,0.14285714285714288,0.001516580581665039,0.001516580581665039,2,8,6,0.25,0.3333333333333333,0.28571428571428575,0.0034135431051254272,0.0068270862102508545,3,8,6,0.375,0.5,0.42857142857142855,0.008233954509099325,0.024701863527297974,6,8,6,0.75,1.0,0.8571428571428571,0.01768331229686737,0.10609987378120422
944,20944,218,12,7,28,"[0.08818104863166809, 0.14536264538764954, 0.23082584142684937, 0.32143649458885193, 0.4129049479961395, 0.4882696270942688, 0.5873709917068481, 0.6307272911071777, 0.7173674702644348, 0.7903749942779541, 0.8492750525474548, 0.9051946997642517]","[0.14536264538764954, 0.23082584142684937, 0.32143649458885193, 0.4882696270942688, 0.5873709917068481, 0.7173674702644348, 0.7903749942779541]","[0.01899736002087593, 0.047910962253808975, 0.08050946146249771, 0.11813871562480927, 0.16003522276878357, 0.20160949230194092, 0.23560830950737, 0.26810017228126526, 0.30073249340057373, 0.33237552642822266, 0.3630025386810303, 0.3935384452342987, 0.4242514967918396, 0.45438963174819946, 0.4841490089893341, 0.5134701728820801, 0.5450847744941711, 0.5779346227645874, 0.6108238697052002, 0.644079864025116, 0.6788297295570374, 0.7157524824142456, 0.7532680034637451, 0.7879627346992493, 0.8203445672988892, 0.8555256724357605, 0.8954838514328003, 0.9397795796394348]",0.012672004289925098,"[""ours_then_hard"", ""ours_then_hard"", ""hard_then_ours""]",9,2,-3,9.250905713997781e-05,False,"[15.8057, 17.3783, 17.4319]",17.3783,"[0.11421029269695282, 0.16158124804496765, 0.21765848994255066, 0.2631227672100067, 0.29597896337509155, 0.388729453086853, 0.48237553238868713, 0.6401963829994202, 0.7642623782157898]",11,4,-1,2.1923811800661497e-05,True,"[171.031, 158.7591, 152.1605]",158.7591,"[0.047910962253808975, 0.20160949230194092, 0.23560830950737, 0.33237552642822266, 0.3630025386810303, 0.45438963174819946, 0.5779346227645874, 0.7157524824142456, 0.7532680034637451, 0.8555256724357605, 0.8954838514328003]",17,"[0.09500926733016968, 0.1414124071598053, 0.19660785794258118, 0.24234522879123688, 0.28276777267456055, 0.38776895403862, 0.4927009344100952, 0.6490570902824402, 0.7643849849700928]",2,9,7,0.2222222222222222,0.2857142857142857,0.25,0.004190772771835327,0.008381545543670654,2,9,7,0.2222222222222222,0.2857142857142857,0.25,0.004190772771835327,0.008381545543670654,3,9,7,0.3333333333333333,0.42857142857142855,0.375,0.006633644302686055,0.019900932908058167,5,9,7,0.5555555555555556,0.7142857142857143,0.6250000000000001,0.025657153129577635,0.12828576564788818,"[0.033326469361782074, 0.17828980088233948, 0.21497471630573273, 0.32711881399154663, 0.36762702465057373, 0.45916885137557983, 0.5966546535491943, 0.7215309143066406, 0.7555519938468933, 0.8592129349708557, 0.901867151260376]",1,11,7,0.09090909090909091,0.14285714285714285,0.1111111111111111,0.0041634440422058105,0.0041634440422058105,3,11,7,0.2727272727272727,0.42857142857142855,0.33333333333333326,0.006376475095748901,0.019129425287246704,4,11,7,0.36363636363636365,0.5714285714285714,0.4444444444444444,0.008745137602090836,0.03498055040836334,7,11,7,0.6363636363636364,1.0,0.7777777777777778,0.018833068864686147,0.13183148205280304
954,20954,219,17,10,28,"[0.044432710856199265, 0.10588622838258743, 0.1788749098777771, 0.2471684366464615, 0.28958550095558167, 0.3380737602710724, 0.3940698802471161, 0.45298224687576294, 0.48593205213546753, 0.5625364780426025, 0.6394755244255066, 0.7099899649620056, 0.7685261368751526, 0.8266783952713013, 0.868570864200592, 0.9010652899742126, 0.9395813941955566]","[0.044432710856199265, 0.2471684366464615, 0.28958550095558167, 0.3940698802471161, 0.45298224687576294, 0.48593205213546753, 0.7099899649620056, 0.7685261368751526, 0.8266783952713013, 0.868570864200592]","[0.01953626610338688, 0.04880101978778839, 0.08182968944311142, 0.11859077215194702, 0.15923362970352173, 0.19928380846977234, 0.23357926309108734, 0.26471763849258423, 0.2935679852962494, 0.32356640696525574, 0.3576771318912506, 0.3903617560863495, 0.4223797619342804, 0.4538334310054779, 0.48474887013435364, 0.5155270099639893, 0.5485827326774597, 0.5814806222915649, 0.6134957671165466, 0.6454858779907227, 0.679076611995697, 0.7155642509460449, 0.7532860636711121, 0.7879776954650879, 0.8194646835327148, 0.8531689643859863, 0.8930158019065857, 0.9380207061767578]",0.017997125163674355,"[""hard_then_ours"", ""ours_then_hard"", ""ours_then_hard""]",15,5,-2,5.765791502199136e-05,False,"[21.0405, 19.7791, 20.9882]",20.9882,"[0.1147560402750969, 0.15409564971923828, 0.19314883649349213, 0.23421773314476013, 0.24179941415786743, 0.3199354410171509, 0.35181736946105957, 0.39102256298065186, 0.45829594135284424, 0.5502471327781677, 0.6133330464363098, 0.6769552230834961, 0.7911246418952942, 0.8077474236488342, 0.8589155673980713]",18,8,1,2.272543315484654e-05,True,"[120.3369, 123.0745, 120.1869]",120.3369,"[0.11859077215194702, 0.15923362970352173, 0.23357926309108734, 0.26471763849258423, 0.2935679852962494, 0.32356640696525574, 0.3903617560863495, 0.4223797619342804, 0.48474887013435364, 0.5155270099639893, 0.5814806222915649, 0.6454858779907227, 0.679076611995697, 0.7155642509460449, 0.7879776954650879, 0.8194646835327148, 0.8531689643859863, 0.8930158019065857]",10,"[0.10133230686187744, 0.14836306869983673, 0.20620520412921906, 0.2596109211444855, 0.26884785294532776, 0.3472830057144165, 0.3822873532772064, 0.4181075394153595, 0.4787716865539551, 0.5608528852462769, 0.621509850025177, 0.6821332573890686, 0.8147661089897156, 0.8331841826438904, 0.8873953223228455]",0,15,10,0.0,0.0,0.0,,0.0,2,15,10,0.13333333333333333,0.2,0.16,0.006833076477050781,0.013666152954101562,5,15,10,0.3333333333333333,0.5,0.4,0.012424424290657043,0.06212212145328522,9,15,10,0.6,0.9,0.7200000000000001,0.02879852056503296,0.25918668508529663,"[0.10667048394680023, 0.15415696799755096, 0.2585454285144806, 0.29092252254486084, 0.31590986251831055, 0.3524509072303772, 0.4177229404449463, 0.4472089111804962, 0.4960983395576477, 0.5234338045120239, 0.5927912592887878, 0.6525638699531555, 0.6848140954971313, 0.7207269072532654, 0.8118780851364136, 0.8483280539512634, 0.8838409781455994, 0.9164329171180725]",1,18,10,0.05555555555555555,0.1,0.07142857142857142,0.0013370215892791748,0.0013370215892791748,2,18,10,0.1111111111111111,0.2,0.14285714285714285,0.0035551786422729492,0.0071103572845458984,7,18,10,0.3888888888888889,0.7,0.5,0.009923000420842851,0.06946100294589996,9,18,10,0.5,0.9,0.6428571428571429,0.02625929481453366,0.23633365333080292
788,20788,220,8,5,28,"[0.11030473560094833, 0.24896162748336792, 0.33444422483444214, 0.4612475037574768, 0.5814820528030396, 0.7100533246994019, 0.7646268010139465, 0.9295291900634766]","[0.24896162748336792, 0.33444422483444214, 0.4612475037574768, 0.7100533246994019, 0.9295291900634766]","[0.01964682713150978, 0.04963315650820732, 0.08348188549280167, 0.12230438739061356, 0.16572904586791992, 0.20854605734348297, 0.24419137835502625, 0.27964502573013306, 0.3131062090396881, 0.3453969657421112, 0.37588217854499817, 0.40559807419776917, 0.4352497458457947, 0.46518728137016296, 0.4944838583469391, 0.5234044790267944, 0.5522205233573914, 0.5813755393028259, 0.6111339926719666, 0.6418829560279846, 0.6742692589759827, 0.7085396647453308, 0.7438822984695435, 0.7779852747917175, 0.8103697896003723, 0.8447007536888123, 0.8860611319541931, 0.9339064955711365]",0.02736617811024189,"[""hard_then_ours"", ""ours_then_hard"", ""ours_then_hard""]",10,5,2,2.3661274099140428e-05,True,"[18.6758, 19.2921, 15.7975]",18.6758,"[0.1996331661939621, 0.3447861671447754, 0.3872952163219452, 0.4810940623283386, 0.529250979423523, 0.5801906585693359, 0.6242281198501587, 0.6839837431907654, 0.7537253499031067, 0.8054320216178894]",7,2,-1,2.4457078325212933e-05,True,"[208.6252, 208.7812, 192.601]",208.6252,"[0.20854605734348297, 0.3453969657421112, 0.37588217854499817, 0.5813755393028259, 0.6111339926719666, 0.7438822984695435, 0.8860611319541931]",21,"[0.18086260557174683, 0.34478291869163513, 0.3844960331916809, 0.4961470663547516, 0.5532552003860474, 0.6162624955177307, 0.6726800799369812, 0.7334737777709961, 0.7966679334640503, 0.8477069735527039]",0,10,5,0.0,0.0,0.0,,0.0,0,10,5,0.0,0.0,0.0,,0.0,1,10,5,0.1,0.2,0.13333333333333333,0.010338693857192993,0.010338693857192993,3,10,5,0.3,0.6,0.4,0.027537167072296143,0.08261150121688843,"[0.18816296756267548, 0.345403254032135, 0.3756749927997589, 0.6182000041007996, 0.6576178073883057, 0.7886755466461182, 0.9105095863342285]",0,7,5,0.0,0.0,0.0,,0.0,0,7,5,0.0,0.0,0.0,,0.0,2,7,5,0.2857142857142857,0.4,0.3333333333333333,0.014989316463470459,0.029978632926940918,2,7,5,0.2857142857142857,0.4,0.3333333333333333,0.014989316463470459,0.029978632926940918
151,20151,221,11,8,28,"[0.102518230676651, 0.20759861171245575, 0.3084912896156311, 0.38108187913894653, 0.4647385776042938, 0.5430387258529663, 0.6046749353408813, 0.6896781921386719, 0.785426139831543, 0.8520495891571045, 0.9186947345733643]","[0.102518230676651, 0.20759861171245575, 0.3084912896156311, 0.38108187913894653, 0.4647385776042938, 0.6046749353408813, 0.785426139831543, 0.9186947345733643]","[0.019473373889923096, 0.0490918792784214, 0.08332717418670654, 0.12254896014928818, 0.16587021946907043, 0.20774328708648682, 0.24420250952243805, 0.27811577916145325, 0.3082520067691803, 0.33851325511932373, 0.36763620376586914, 0.398870587348938, 0.43107959628105164, 0.4624273180961609, 0.4931464195251465, 0.5240469574928284, 0.555349588394165, 0.5880349278450012, 0.6216914653778076, 0.6556868553161621, 0.6910228133201599, 0.7275724411010742, 0.7629977464675903, 0.7958115935325623, 0.8272625803947449, 0.8607819676399231, 0.8989067077636719, 0.9415557384490967]",0.026089198887348175,"[""ours_then_hard"", ""ours_then_hard"", ""hard_then_ours""]",14,6,3,1.9377624994376674e-05,True,"[17.2977, 16.8316, 22.5131]",17.2977,"[0.10263301432132721, 0.1893523782491684, 0.2598726749420166, 0.29477277398109436, 0.3234061598777771, 0.3961973488330841, 0.46407952904701233, 0.5021200776100159, 0.5389564037322998, 0.5806440114974976, 0.6457704305648804, 0.6948193311691284, 0.7711783647537231, 0.8257929682731628]",9,1,-2,2.2279178665485233e-05,True,"[177.5819, 164.839, 183.6581]",177.5819,"[0.16587021946907043, 0.20774328708648682, 0.33851325511932373, 0.36763620376586914, 0.398870587348938, 0.4624273180961609, 0.5240469574928284, 0.7275724411010742, 0.8272625803947449]",19,"[0.0877651572227478, 0.18118372559547424, 0.2663579285144806, 0.30767470598220825, 0.34341439604759216, 0.4312950074672699, 0.5005435347557068, 0.5414369702339172, 0.5754866600036621, 0.6125305891036987, 0.6771093010902405, 0.7311963438987732, 0.8063713908195496, 0.8567464351654053]",1,14,8,0.07142857142857142,0.125,0.09090909090909091,0.0008165836334228516,0.0008165836334228516,2,14,8,0.14285714285714285,0.25,0.18181818181818182,0.004336118698120117,0.008672237396240234,3,14,8,0.21428571428571427,0.375,0.2727272727272727,0.007808436950047811,0.023425310850143433,7,14,8,0.5,0.875,0.6363636363636364,0.029220842889377048,0.20454590022563934,"[0.15902405977249146, 0.2054079920053482, 0.36342984437942505, 0.3943401873111725, 0.4347934126853943, 0.49887269735336304, 0.5609318017959595, 0.7642331123352051, 0.8577418923377991]",1,9,8,0.1111111111111111,0.125,0.11764705882352941,0.002190619707107544,0.002190619707107544,1,9,8,0.1111111111111111,0.125,0.11764705882352941,0.002190619707107544,0.002190619707107544,2,9,8,0.2222222222222222,0.25,0.23529411764705882,0.009921327233314514,0.01984265446662903,5,9,8,0.5555555555555556,0.625,0.5882352941176471,0.03222158253192901,0.16110791265964508
792,20792,222,9,6,28,"[0.08100800216197968, 0.13580480217933655, 0.22442558407783508, 0.33356165885925293, 0.44779229164123535, 0.5676466822624207, 0.6968466639518738, 0.8028368949890137, 0.8888086676597595]","[0.08100800216197968, 0.22442558407783508, 0.33356165885925293, 0.5676466822624207, 0.6968466639518738, 0.8888086676597595]","[0.019346654415130615, 0.04875420033931732, 0.08230891823768616, 0.11991110444068909, 0.1607460230588913, 0.20296865701675415, 0.2385832667350769, 0.27009063959121704, 0.3010069727897644, 0.3320927023887634, 0.36344286799430847, 0.39450040459632874, 0.42521753907203674, 0.45598912239074707, 0.48701074719429016, 0.5177760720252991, 0.548500657081604, 0.5793306231498718, 0.6110055446624756, 0.6432682275772095, 0.6766124367713928, 0.7114478349685669, 0.7473387122154236, 0.782533586025238, 0.8154218196868896, 0.8502298593521118, 0.890621542930603, 0.9362787008285522]",0.02107064053416252,"[""hard_then_ours"", ""ours_then_hard"", ""hard_then_ours""]",8,2,-1,3.6555218684952706e-05,False,"[18.1563, 19.2857, 16.7266]",18.1563,"[0.12385059893131256, 0.1830299347639084, 0.2086062878370285, 0.26633304357528687, 0.4557412266731262, 0.5744839906692505, 0.6440621018409729, 0.7897932529449463]",9,3,0,2.2830014131614007e-05,True,"[185.316, 183.3689, 171.9686]",183.3689,"[0.04875420033931732, 0.11991110444068909, 0.1607460230588913, 0.3010069727897644, 0.3320927023887634, 0.42521753907203674, 0.6110055446624756, 0.6766124367713928, 0.782533586025238]",19,"[0.09838506579399109, 0.15354274213314056, 0.18357150256633759, 0.25485095381736755, 0.45013412833213806, 0.5928015112876892, 0.6656244993209839, 0.8175053000450134]",0,8,6,0.0,0.0,0.0,,0.0,0,8,6,0.0,0.0,0.0,,0.0,1,8,6,0.125,0.16666666666666666,0.14285714285714288,0.017377063632011414,0.017377063632011414,4,8,6,0.5,0.6666666666666666,0.5714285714285715,0.02865203469991684,0.11460813879966736,"[0.0356353260576725, 0.09445441514253616, 0.13345608115196228, 0.28707191348075867, 0.31218260526657104, 0.41989338397979736, 0.629680871963501, 0.7053890228271484, 0.8088900446891785]",0,9,6,0.0,0.0,0.0,,0.0,1,9,6,0.1111111111111111,0.16666666666666666,0.13333333333333333,0.008542358875274658,0.008542358875274658,2,9,6,0.2222222222222222,0.3333333333333333,0.26666666666666666,0.010994385927915573,0.021988771855831146,3,9,6,0.3333333333333333,0.5,0.4,0.033468260119358696,0.1004047803580761
534,20534,223,9,7,28,"[0.16926826536655426, 0.2769247889518738, 0.34103766083717346, 0.39400339126586914, 0.46655017137527466, 0.5184743404388428, 0.5752274990081787, 0.760238766670227, 0.8779887557029724]","[0.16926826536655426, 0.2769247889518738, 0.39400339126586914, 0.46655017137527466, 0.5184743404388428, 0.5752274990081787, 0.8779887557029724]","[0.018480084836483, 0.046523988246917725, 0.07860913127660751, 0.11430617421865463, 0.15759685635566711, 0.19860796630382538, 0.23498977720737457, 0.2661549746990204, 0.2990591824054718, 0.33084461092948914, 0.36156779527664185, 0.3914249539375305, 0.4211276173591614, 0.45210132002830505, 0.4833182096481323, 0.5135715007781982, 0.5434145927429199, 0.5734454393386841, 0.6045618057250977, 0.6367021799087524, 0.6702021360397339, 0.7056934237480164, 0.7425099015235901, 0.7785946726799011, 0.813037097454071, 0.8493236303329468, 0.8909351825714111, 0.9371951222419739]",0.011940103955566883,"[""ours_then_hard"", ""ours_then_hard"", ""hard_then_ours""]",15,8,6,2.4545646738260984e-05,True,"[16.2834, 12.8183, 16.9743]",16.2834,"[0.09984395653009415, 0.16874083876609802, 0.22544991970062256, 0.3333964943885803, 0.35848960280418396, 0.44262945652008057, 0.5008888840675354, 0.5319280624389648, 0.5752144455909729, 0.6112968325614929, 0.6430928111076355, 0.6782957911491394, 0.7413880228996277, 0.7862265706062317, 0.8449196219444275]",12,5,3,2.445003883622121e-05,True,"[144.9903, 146.0575, 167.6079]",146.0575,"[0.15759685635566711, 0.23498977720737457, 0.33084461092948914, 0.36156779527664185, 0.4211276173591614, 0.5135715007781982, 0.6045618057250977, 0.6367021799087524, 0.6702021360397339, 0.7056934237480164, 0.7785946726799011, 0.8909351825714111]",16,"[0.10209561139345169, 0.17670884728431702, 0.2424558848142624, 0.34676656126976013, 0.37230101227760315, 0.43489202857017517, 0.49353131651878357, 0.5175414085388184, 0.5493274331092834, 0.5926366448402405, 0.6325250267982483, 0.668191134929657, 0.7448827028274536, 0.7919577360153198, 0.855701208114624]",1,15,7,0.06666666666666667,0.14285714285714285,0.09090909090909091,0.0009329319000244141,0.0009329319000244141,2,15,7,0.13333333333333333,0.2857142857142857,0.18181818181818182,0.004186756908893585,0.00837351381778717,3,15,7,0.2,0.42857142857142855,0.27272727272727276,0.00859421988328298,0.025782659649848938,7,15,7,0.4666666666666667,1.0,0.6363636363636364,0.027705013751983643,0.1939350962638855,"[0.16436722874641418, 0.255607545375824, 0.3442477583885193, 0.3750840723514557, 0.41649287939071655, 0.5035181641578674, 0.5838125944137573, 0.6260756254196167, 0.6606817245483398, 0.7060270309448242, 0.7804967164993286, 0.9092186689376831]",1,12,7,0.08333333333333333,0.14285714285714285,0.10526315789473685,0.004901036620140076,0.004901036620140076,2,12,7,0.16666666666666666,0.2857142857142857,0.2105263157894737,0.0067430660128593445,0.013486132025718689,4,12,7,0.3333333333333333,0.5714285714285714,0.4210526315789474,0.01184040680527687,0.04736162722110748,6,12,7,0.5,0.8571428571428571,0.631578947368421,0.025459485749403637,0.15275691449642181
236,20236,224,12,8,28,"[0.09533749520778656, 0.14965492486953735, 0.1961149126291275, 0.31274035573005676, 0.3852330446243286, 0.48884448409080505, 0.5829982161521912, 0.6492671966552734, 0.6906259059906006, 0.7968165278434753, 0.8904989361763, 0.9549689888954163]","[0.1961149126291275, 0.3852330446243286, 0.48884448409080505, 0.5829982161521912, 0.6906259059906006, 0.7968165278434753, 0.8904989361763, 0.9549689888954163]","[0.020502939820289612, 0.05087864771485329, 0.084598109126091, 0.12259183079004288, 0.16491763293743134, 0.2034211903810501, 0.24038346111774445, 0.27004075050354004, 0.3012063503265381, 0.33218809962272644, 0.3631337285041809, 0.39342865347862244, 0.42476293444633484, 0.45560818910598755, 0.4869140088558197, 0.5186214447021484, 0.5508735775947571, 0.5836538076400757, 0.6165614128112793, 0.6499529480934143, 0.6852125525474548, 0.7225655913352966, 0.7596069574356079, 0.7935600876808167, 0.8261748552322388, 0.8611013889312744, 0.9000929594039917, 0.942676305770874]",0.014301733113825321,"[""hard_then_ours"", ""hard_then_ours"", ""ours_then_hard""]",10,2,-2,6.699810910504311e-05,False,"[14.1296, 17.8759, 17.2509]",17.2509,"[0.20919793844223022, 0.2349788397550583, 0.2925417125225067, 0.3737156391143799, 0.4840058386325836, 0.5711758136749268, 0.6501350998878479, 0.6926998496055603, 0.7310951352119446, 0.7788248658180237]",10,2,-2,1.901976611407008e-05,True,"[164.2082, 169.6607, 212.0994]",169.6607,"[0.084598109126091, 0.2034211903810501, 0.39342865347862244, 0.42476293444633484, 0.4869140088558197, 0.5508735775947571, 0.6165614128112793, 0.7935600876808167, 0.8611013889312744, 0.942676305770874]",18,"[0.19631782174110413, 0.22227011620998383, 0.2747423052787781, 0.35276728868484497, 0.4741635024547577, 0.5699562430381775, 0.6437224745750427, 0.6821250915527344, 0.7231170535087585, 0.7853059768676758]",1,10,8,0.1,0.125,0.11111111111111112,0.00020290911197662354,0.00020290911197662354,2,10,8,0.2,0.25,0.22222222222222224,0.004351861774921417,0.008703723549842834,5,10,8,0.5,0.625,0.5555555555555556,0.009587445855140686,0.04793722927570343,6,10,8,0.6,0.75,0.6666666666666665,0.01980093369881312,0.11880560219287872,"[0.07370664179325104, 0.1916404366493225, 0.3713156580924988, 0.39944279193878174, 0.4767572581768036, 0.5496620535850525, 0.6108066439628601, 0.802174985408783, 0.8822579383850098, 0.958224892616272]",2,10,8,0.2,0.25,0.22222222222222224,0.003865189850330353,0.007730379700660706,4,10,8,0.4,0.5,0.4444444444444445,0.0053324587643146515,0.021329835057258606,6,10,8,0.6,0.75,0.6666666666666665,0.007889074583848318,0.047334447503089905,7,10,8,0.7,0.875,0.7777777777777777,0.011524372867175512,0.08067061007022858
167,20167,225,18,9,28,"[0.058898165822029114, 0.10374728590250015, 0.1545851230621338, 0.19180651009082794, 0.25943735241889954, 0.3101233243942261, 0.36407533288002014, 0.43271604180336, 0.4831891655921936, 0.5348343253135681, 0.5899258255958557, 0.6558371782302856, 0.6984522342681885, 0.7374994158744812, 0.7829688787460327, 0.8191391229629517, 0.8773686289787292, 0.9315299391746521]","[0.10374728590250015, 0.25943735241889954, 0.3101233243942261, 0.43271604180336, 0.5348343253135681, 0.5899258255958557, 0.6984522342681885, 0.7374994158744812, 0.7829688787460327]","[0.01902955025434494, 0.04761645942926407, 0.07867860794067383, 0.11340326070785522, 0.15102453529834747, 0.1891704946756363, 0.2227042019367218, 0.2535618841648102, 0.2843300402164459, 0.3153213858604431, 0.3462040424346924, 0.3765118718147278, 0.4068832993507385, 0.4370991587638855, 0.46693873405456543, 0.49677637219429016, 0.5268074870109558, 0.5574551224708557, 0.5890111327171326, 0.6213708519935608, 0.6552864909172058, 0.6911771893501282, 0.7286209464073181, 0.7670167684555054, 0.803209125995636, 0.8393459916114807, 0.8833052515983582, 0.9331569671630859]",0.016731159761548042,"[""ours_then_hard"", ""hard_then_ours"", ""ours_then_hard""]",10,1,-8,3.027451748494059e-05,False,"[15.1157, 18.172, 20.1185]",18.172,"[0.19292563199996948, 0.2300584763288498, 0.3197329640388489, 0.3677477538585663, 0.4531432092189789, 0.5255517363548279, 0.6048182249069214, 0.6744272708892822, 0.7690569758415222, 0.8370509147644043]",10,1,-8,2.1008723706472665e-05,True,"[178.4118, 192.2431, 194.0096]",192.2431,"[0.2227042019367218, 0.2535618841648102, 0.3153213858604431, 0.4068832993507385, 0.46693873405456543, 0.49677637219429016, 0.5890111327171326, 0.6911771893501282, 0.7670167684555054, 0.8393459916114807]",18,"[0.17438682913780212, 0.21658262610435486, 0.32580307126045227, 0.37950775027275085, 0.4673791527748108, 0.5521407723426819, 0.6274362802505493, 0.700715959072113, 0.7879051566123962, 0.8492998480796814]",2,10,9,0.2,0.2222222222222222,0.2105263157894737,0.003600001335144043,0.007200002670288086,2,10,9,0.2,0.2222222222222222,0.2105263157894737,0.003600001335144043,0.007200002670288086,4,10,9,0.4,0.4444444444444444,0.4210526315789474,0.010046549141407013,0.04018619656562805,7,10,9,0.7,0.7777777777777778,0.7368421052631577,0.022173498358045305,0.15521448850631714,"[0.20628871023654938, 0.24640458822250366, 0.3179633617401123, 0.4220699071884155, 0.4861208200454712, 0.5240345001220703, 0.6139119267463684, 0.7148848176002502, 0.7859106659889221, 0.8506377339363098]",1,10,9,0.1,0.1111111111111111,0.10526315789473685,0.0029417872428894043,0.0029417872428894043,2,10,9,0.2,0.2222222222222222,0.2105263157894737,0.005390912294387817,0.010781824588775635,6,10,9,0.6,0.6666666666666666,0.631578947368421,0.010282188653945923,0.06169313192367554,7,10,9,0.7,0.7777777777777778,0.7368421052631577,0.024151768003191267,0.16906237602233887
648,20648,226,14,10,28,"[0.04384628310799599, 0.10300613194704056, 0.19731788337230682, 0.2507207691669464, 0.3146801292896271, 0.3812163472175598, 0.4233439266681671, 0.5133364200592041, 0.5798904299736023, 0.6265358328819275, 0.7151868343353271, 0.7803745865821838, 0.8570265173912048, 0.9175449013710022]","[0.04384628310799599, 0.10300613194704056, 0.2507207691669464, 0.3146801292896271, 0.3812163472175598, 0.4233439266681671, 0.5133364200592041, 0.7151868343353271, 0.7803745865821838, 0.9175449013710022]","[0.018808646127581596, 0.04594781622290611, 0.07705211639404297, 0.11347007751464844, 0.15452295541763306, 0.19546407461166382, 0.23051853477954865, 0.2631232738494873, 0.29242953658103943, 0.3226310610771179, 0.3552554249763489, 0.3870276212692261, 0.41906386613845825, 0.4502469599246979, 0.48122695088386536, 0.5119246244430542, 0.5454491376876831, 0.5778738856315613, 0.609603226184845, 0.6412308812141418, 0.6740792989730835, 0.7090745568275452, 0.7465211749076843, 0.7822118401527405, 0.8149189949035645, 0.8492036461830139, 0.8904613852500916, 0.9371447563171387]",0.013309587724506855,"[""ours_then_hard"", ""hard_then_ours"", ""ours_then_hard""]",11,1,-3,0.00013788371870759875,False,"[14.1485, 18.1518, 19.3644]",18.1518,"[0.14946627616882324, 0.1958298534154892, 0.23388426005840302, 0.2784207761287689, 0.3745824694633484, 0.5574629306793213, 0.6107361316680908, 0.6707004904747009, 0.7572903633117676, 0.7790881395339966, 0.8689483404159546]",15,5,1,2.246708572783973e-05,True,"[131.893, 124.8498, 144.9324]",131.893,"[0.018808646127581596, 0.07705211639404297, 0.11347007751464844, 0.15452295541763306, 0.23051853477954865, 0.3226310610771179, 0.3870276212692261, 0.4502469599246979, 0.5454491376876831, 0.609603226184845, 0.6412308812141418, 0.7090745568275452, 0.7465211749076843, 0.7822118401527405, 0.8904613852500916]",13,"[0.13846684992313385, 0.19282251596450806, 0.2434912472963333, 0.2809963822364807, 0.3753259778022766, 0.539891242980957, 0.5875114798545837, 0.6441829204559326, 0.736534059047699, 0.7600160241127014, 0.867120087146759]",0,11,10,0.0,0.0,0.0,,0.0,2,11,10,0.18181818181818182,0.2,0.1904761904761905,0.006559945642948151,0.013119891285896301,2,11,10,0.18181818181818182,0.2,0.1904761904761905,0.006559945642948151,0.013119891285896301,7,11,10,0.6363636363636364,0.7,0.6666666666666666,0.02150356663124902,0.15052496641874313,"[0.01576196774840355, 0.06000975891947746, 0.09918168932199478, 0.1436776965856552, 0.24120666086673737, 0.32311558723449707, 0.3834744691848755, 0.4406101405620575, 0.5289642214775085, 0.5867821574211121, 0.6164650321006775, 0.6879690289497375, 0.7248331308364868, 0.7633253931999207, 0.8892788887023926]",2,15,10,0.13333333333333333,0.2,0.16,0.003041282296180725,0.00608256459236145,5,15,10,0.3333333333333333,0.5,0.4,0.006735685467720032,0.03367842733860016,9,15,10,0.6,0.9,0.7200000000000001,0.011087234649393294,0.09978511184453964,10,15,10,0.6666666666666666,1.0,0.8,0.01967154033482075,0.19671540334820747
510,20510,227,13,8,28,"[0.03902449458837509, 0.14951461553573608, 0.24665981531143188, 0.3165382444858551, 0.388607382774353, 0.4607064425945282, 0.5653188824653625, 0.6182827949523926, 0.6880409121513367, 0.7281835079193115, 0.8451409339904785, 0.9075887203216553, 0.9586853981018066]","[0.03902449458837509, 0.24665981531143188, 0.3165382444858551, 0.388607382774353, 0.6182827949523926, 0.6880409121513367, 0.8451409339904785, 0.9075887203216553]","[0.020388001576066017, 0.05141782760620117, 0.08607496321201324, 0.12559129297733307, 0.16881176829338074, 0.21105384826660156, 0.24814042448997498, 0.2829093337059021, 0.3157227337360382, 0.35084250569343567, 0.3847910463809967, 0.4165595769882202, 0.4474676847457886, 0.4789184331893921, 0.5093865990638733, 0.5392638444900513, 0.568600594997406, 0.5977928638458252, 0.6278517246246338, 0.6602139472961426, 0.6940168142318726, 0.7293509840965271, 0.763933539390564, 0.796146810054779, 0.8272594213485718, 0.8610057830810547, 0.899530827999115, 0.9421687722206116]",0.021451208740472794,"[""ours_then_hard"", ""hard_then_ours"", ""hard_then_ours""]",15,7,2,4.274052116670646e-05,False,"[18.221, 16.5766, 18.4597]",18.221,"[0.18365615606307983, 0.22368818521499634, 0.3660345673561096, 0.3838179111480713, 0.43650490045547485, 0.5121663808822632, 0.5552815794944763, 0.6000205278396606, 0.688931941986084, 0.7240335941314697, 0.7631498575210571, 0.8006452918052673, 0.8322864174842834, 0.8669120073318481, 0.9058351516723633]",8,0,-5,2.2700047338730656e-05,True,"[187.7188, 200.8872, 182.0951]",187.7188,"[0.08607496321201324, 0.24814042448997498, 0.3157227337360382, 0.35084250569343567, 0.4474676847457886, 0.5977928638458252, 0.6602139472961426, 0.899530827999115]",20,"[0.17216594517230988, 0.2163848727941513, 0.37446197867393494, 0.39636895060539246, 0.445650190114975, 0.5320031046867371, 0.5838205814361572, 0.6324450373649597, 0.7160483002662659, 0.7542164325714111, 0.7973106503486633, 0.8438999056816101, 0.8711466193199158, 0.9000669121742249, 0.9297884106636047]",1,15,8,0.06666666666666667,0.125,0.08695652173913045,0.0012410283088684082,0.0012410283088684082,3,15,8,0.2,0.375,0.26086956521739135,0.005508134762446086,0.016524404287338257,4,15,8,0.26666666666666666,0.5,0.3478260869565218,0.009267620742321014,0.03707048296928406,6,15,8,0.4,0.75,0.5217391304347827,0.031860388815402985,0.1911623328924179,"[0.06768524646759033, 0.2464657425880432, 0.31849634647369385, 0.35840126872062683, 0.4585665464401245, 0.630068838596344, 0.6856253147125244, 0.9255406856536865]",3,8,8,0.375,0.375,0.375,0.0015225907166798909,0.004567772150039673,3,8,8,0.375,0.375,0.375,0.0015225907166798909,0.004567772150039673,5,8,8,0.625,0.625,0.625,0.006861156225204468,0.03430578112602234,7,8,8,0.875,0.875,0.875,0.01331037815128054,0.09317264705896378
567,20567,228,19,11,28,"[0.03233063593506813, 0.07299980521202087, 0.11658176779747009, 0.16478383541107178, 0.21337082982063293, 0.2534087896347046, 0.3083961308002472, 0.3633553683757782, 0.41318851709365845, 0.47121262550354004, 0.5329021215438843, 0.5749214887619019, 0.6284980773925781, 0.6754067540168762, 0.7337632775306702, 0.765564501285553, 0.8200390338897705, 0.8787680864334106, 0.9443097114562988]","[0.07299980521202087, 0.16478383541107178, 0.21337082982063293, 0.2534087896347046, 0.41318851709365845, 0.5329021215438843, 0.6284980773925781, 0.7337632775306702, 0.765564501285553, 0.8200390338897705, 0.9443097114562988]","[0.02108830213546753, 0.052926208823919296, 0.08784421533346176, 0.1272493451833725, 0.17197351157665253, 0.2119944989681244, 0.24858763813972473, 0.2800237238407135, 0.31065186858177185, 0.33985912799835205, 0.36966779828071594, 0.4004639685153961, 0.4305426776409149, 0.4601702392101288, 0.48941507935523987, 0.5184416174888611, 0.5479046702384949, 0.5789842009544373, 0.6105090379714966, 0.6426035761833191, 0.6761896014213562, 0.7118086814880371, 0.7480378746986389, 0.7822783589363098, 0.8157621622085571, 0.8503671288490295, 0.8905177116394043, 0.9364491701126099]",0.015910452231764793,"[""ours_then_hard"", ""ours_then_hard"", ""hard_then_ours""]",13,2,-6,2.7648924515233375e-05,False,"[19.0645, 16.9474, 18.8694]",18.8694,"[0.1423625648021698, 0.2225113809108734, 0.30610671639442444, 0.4113647937774658, 0.4598599374294281, 0.527664303779602, 0.6073871850967407, 0.643938422203064, 0.6674630045890808, 0.7241420149803162, 0.810523271560669, 0.8705275058746338, 0.9024766683578491]",11,0,-8,2.137376031896565e-05,True,"[174.1319, 176.0854, 186.5066]",176.0854,"[0.17197351157665253, 0.24858763813972473, 0.31065186858177185, 0.36966779828071594, 0.4004639685153961, 0.4601702392101288, 0.5184416174888611, 0.6426035761833191, 0.6761896014213562, 0.7822783589363098, 0.8157621622085571]",17,"[0.11801674962043762, 0.1937473863363266, 0.27583539485931396, 0.4031611382961273, 0.45395752787590027, 0.5306146144866943, 0.6123482584953308, 0.6443086862564087, 0.6708846688270569, 0.7245612144470215, 0.8102577924728394, 0.8694272041320801, 0.9058071374893188]",1,13,11,0.07692307692307693,0.09090909090909091,0.08333333333333334,0.0022875070571899414,0.0022875070571899414,3,13,11,0.23076923076923078,0.2727272727272727,0.24999999999999994,0.007090270519256592,0.021270811557769775,6,13,11,0.46153846153846156,0.5454545454545454,0.4999999999999999,0.011178575456142426,0.06707145273685455,10,13,11,0.7692307692307693,0.9090909090909091,0.8333333333333333,0.026665790379047392,0.26665790379047394,"[0.15041004121303558, 0.2129681408405304, 0.28190043568611145, 0.35040807723999023, 0.3920195996761322, 0.4542487561702728, 0.5216851234436035, 0.642929196357727, 0.6786402463912964, 0.7795625329017639, 0.8147508502006531]",1,11,11,0.09090909090909091,0.09090909090909091,0.09090909090909091,0.00040268898010253906,0.00040268898010253906,2,11,11,0.18181818181818182,0.18181818181818182,0.18181818181818182,0.0028454363346099854,0.005690872669219971,6,11,11,0.5454545454545454,0.5454545454545454,0.5454545454545454,0.009951802591482798,0.05971081554889679,8,11,11,0.7272727272727273,0.7272727272727273,0.7272727272727273,0.02313384599983692,0.18507076799869537
586,20586,229,11,8,28,"[0.09585367143154144, 0.15235716104507446, 0.2459564208984375, 0.3091930150985718, 0.4062991738319397, 0.4817681908607483, 0.5797293186187744, 0.6669947504997253, 0.7333945035934448, 0.8137601017951965, 0.9054738283157349]","[0.15235716104507446, 0.2459564208984375, 0.3091930150985718, 0.4817681908607483, 0.5797293186187744, 0.6669947504997253, 0.8137601017951965, 0.9054738283157349]","[0.018380429595708847, 0.04643271490931511, 0.0783691555261612, 0.11538443714380264, 0.15682817995548248, 0.1988852322101593, 0.2351500540971756, 0.2669229209423065, 0.29909226298332214, 0.33479514718055725, 0.36950254440307617, 0.402920663356781, 0.4356183111667633, 0.46697065234184265, 0.4979427456855774, 0.5300513505935669, 0.5613650679588318, 0.5920477509498596, 0.6225371360778809, 0.6532772183418274, 0.6854822635650635, 0.7194746732711792, 0.7564499974250793, 0.7907863855361938, 0.8218719363212585, 0.8551226854324341, 0.8948389887809753, 0.9394749402999878]",0.011269739829003811,"[""hard_then_ours"", ""ours_then_hard"", ""ours_then_hard""]",9,1,-2,5.2230971050448716e-05,False,"[20.2378, 23.6274, 16.5615]",20.2378,"[0.14712709188461304, 0.2049342840909958, 0.23851412534713745, 0.390163391828537, 0.47275349497795105, 0.6821478605270386, 0.8103693127632141, 0.8213765621185303, 0.8882924914360046]",12,4,1,2.318691258551553e-05,True,"[177.5957, 166.8264, 140.87]",166.8264,"[0.0783691555261612, 0.11538443714380264, 0.15682817995548248, 0.1988852322101593, 0.2669229209423065, 0.29909226298332214, 0.4356183111667633, 0.4979427456855774, 0.5613650679588318, 0.7194746732711792, 0.7564499974250793, 0.8551226854324341]",16,"[0.12312962114810944, 0.19358576834201813, 0.22491708397865295, 0.3806943893432617, 0.4569651782512665, 0.6811221241950989, 0.8145681619644165, 0.8250666856765747, 0.8926981687545776]",1,9,8,0.1111111111111111,0.125,0.11764705882352941,0.0008080601692199707,0.0008080601692199707,1,9,8,0.1111111111111111,0.125,0.11764705882352941,0.0008080601692199707,0.0008080601692199707,3,9,8,0.3333333333333333,0.375,0.35294117647058826,0.00923703114191691,0.027711093425750732,6,9,8,0.6666666666666666,0.75,0.7058823529411765,0.017130163808663685,0.10278098285198212,"[0.05785934999585152, 0.0903003141283989, 0.1345244199037552, 0.1858144998550415, 0.25713565945625305, 0.29278072714805603, 0.4179536998271942, 0.4797147214412689, 0.5563639402389526, 0.7177450656890869, 0.7580922842025757, 0.8638921976089478]",1,12,8,0.08333333333333333,0.125,0.1,0.00205346941947937,0.00205346941947937,1,12,8,0.08333333333333333,0.125,0.1,0.00205346941947937,0.00205346941947937,4,12,8,0.3333333333333333,0.5,0.4,0.011869434267282486,0.047477737069129944,6,12,8,0.5,0.75,0.6,0.01873745769262314,0.11242474615573883
810,20810,230,9,6,28,"[0.08002366125583649, 0.19739973545074463, 0.28981199860572815, 0.38049447536468506, 0.508903980255127, 0.5707921385765076, 0.7148184776306152, 0.7670594453811646, 0.8784388303756714]","[0.08002366125583649, 0.19739973545074463, 0.28981199860572815, 0.38049447536468506, 0.508903980255127, 0.7148184776306152]","[0.019331101328134537, 0.048394739627838135, 0.08191388845443726, 0.1210232526063919, 0.16570761799812317, 0.20653268694877625, 0.24194234609603882, 0.2731688618659973, 0.30638179183006287, 0.33911189436912537, 0.37052640318870544, 0.40177762508392334, 0.43340951204299927, 0.46448975801467896, 0.4964503347873688, 0.5291886925697327, 0.5616870522499084, 0.594049870967865, 0.6263294219970703, 0.6588252782821655, 0.692560076713562, 0.7275041937828064, 0.7627139091491699, 0.7963565587997437, 0.8277779817581177, 0.861331045627594, 0.8996772170066833, 0.9422222971916199]",0.019222676753997803,"[""ours_then_hard"", ""ours_then_hard"", ""hard_then_ours""]",10,4,1,2.7990323360427283e-05,False,"[23.1505, 15.528, 32.5259]",23.1505,"[0.20135138928890228, 0.2495204508304596, 0.35777780413627625, 0.41620612144470215, 0.5342248678207397, 0.6169407963752747, 0.7156950235366821, 0.8001610636711121, 0.8555207848548889, 0.9059227705001831]",9,3,0,2.4971186576294713e-05,True,"[210.4064, 163.531, 228.8267]",210.4064,"[0.1210232526063919, 0.16570761799812317, 0.20653268694877625, 0.30638179183006287, 0.40177762508392334, 0.4964503347873688, 0.692560076713562, 0.8996772170066833, 0.9422222971916199]",19,"[0.16890756785869598, 0.22224445641040802, 0.3352987468242645, 0.39201414585113525, 0.5236572623252869, 0.6156978011131287, 0.725856602191925, 0.814727783203125, 0.8688622117042542, 0.9272715449333191]",0,10,6,0.0,0.0,0.0,,0.0,0,10,6,0.0,0.0,0.0,,0.0,3,10,6,0.3,0.5,0.37499999999999994,0.012437025705973307,0.03731107711791992,5,10,6,0.5,0.8333333333333334,0.625,0.02225799858570099,0.11128999292850494,"[0.08640322089195251, 0.13462838530540466, 0.17579621076583862, 0.286779522895813, 0.37769612669944763, 0.483134001493454, 0.6980810165405273, 0.9201095104217529, 0.9625364542007446]",2,9,6,0.2222222222222222,0.3333333333333333,0.26666666666666666,0.002915412187576294,0.005830824375152588,3,9,6,0.3333333333333333,0.5,0.4,0.0040701280037562055,0.012210384011268616,4,9,6,0.4444444444444444,0.6666666666666666,0.5333333333333333,0.007236961275339127,0.028947845101356506,6,9,6,0.6666666666666666,1.0,0.8,0.012720224757989248,0.07632134854793549
182,20182,231,20,13,28,"[0.034771788865327835, 0.06904544681310654, 0.11790893971920013, 0.16057367622852325, 0.2150455266237259, 0.27693814039230347, 0.31926122307777405, 0.37742292881011963, 0.414933443069458, 0.4634054899215698, 0.5055621862411499, 0.5366911888122559, 0.598434567451477, 0.6597217321395874, 0.7221245765686035, 0.7819867730140686, 0.8171086311340332, 0.8732336759567261, 0.9037190079689026, 0.9633089303970337]","[0.034771788865327835, 0.11790893971920013, 0.2150455266237259, 0.27693814039230347, 0.37742292881011963, 0.4634054899215698, 0.5055621862411499, 0.598434567451477, 0.6597217321395874, 0.7221245765686035, 0.8171086311340332, 0.8732336759567261, 0.9633089303970337]","[0.020976487547159195, 0.05134353041648865, 0.08599162846803665, 0.12588608264923096, 0.16948963701725006, 0.21147803962230682, 0.24907256662845612, 0.2821175754070282, 0.31471773982048035, 0.34634894132614136, 0.3789791166782379, 0.41354846954345703, 0.44619885087013245, 0.47713878750801086, 0.5065374374389648, 0.5359585881233215, 0.5662378072738647, 0.5966733694076538, 0.6270946860313416, 0.6584010720252991, 0.6913613080978394, 0.7261540293693542, 0.7616605758666992, 0.7947676181793213, 0.8254019021987915, 0.858899712562561, 0.8979873657226562, 0.9413610100746155]",0.02963826060295105,"[""hard_then_ours"", ""hard_then_ours"", ""hard_then_ours""]",15,2,-5,0.00010890079283853993,False,"[17.5463, 18.5062, 20.0237]",18.5062,"[0.12972772121429443, 0.19189518690109253, 0.23304781317710876, 0.2903151512145996, 0.32185131311416626, 0.40410515666007996, 0.4529988169670105, 0.4838961064815521, 0.5675566792488098, 0.6205838918685913, 0.6696791648864746, 0.7422006726264954, 0.8091527223587036, 0.8235368728637695, 0.838053286075592]",15,2,-5,2.3399597921525128e-05,True,"[131.496, 137.2403, 146.8488]",137.2403,"[0.05134353041648865, 0.12588608264923096, 0.16948963701725006, 0.21147803962230682, 0.31471773982048035, 0.34634894132614136, 0.3789791166782379, 0.5359585881233215, 0.5662378072738647, 0.6584010720252991, 0.6913613080978394, 0.7616605758666992, 0.8254019021987915, 0.858899712562561, 0.9413610100746155]",13,"[0.11239491403102875, 0.16217906773090363, 0.2028927057981491, 0.25093355774879456, 0.2830478847026825, 0.3812180459499359, 0.4150492250919342, 0.44280269742012024, 0.5167016983032227, 0.5769151449203491, 0.6228387951850891, 0.723247230052948, 0.8071165084838867, 0.8215796947479248, 0.8370773792266846]",3,15,13,0.2,0.23076923076923078,0.21428571428571427,0.0031296114126841226,0.009388834238052368,5,15,13,0.3333333333333333,0.38461538461538464,0.3571428571428571,0.005306732654571533,0.026533663272857666,7,15,13,0.4666666666666667,0.5384615384615384,0.5,0.007117999451501029,0.0498259961605072,11,15,13,0.7333333333333333,0.8461538461538461,0.7857142857142856,0.019330523230812767,0.21263575553894043,"[0.0401410311460495, 0.10995042324066162, 0.1415262371301651, 0.1835593432188034, 0.27378520369529724, 0.31538254022598267, 0.35679730772972107, 0.48536205291748047, 0.5155206322669983, 0.6101890206336975, 0.6484842300415039, 0.7517320513725281, 0.8231940865516663, 0.8614841103553772, 0.9414086937904358]",1,15,13,0.06666666666666667,0.07692307692307693,0.07142857142857144,0.0031529366970062256,0.0031529366970062256,5,15,13,0.3333333333333333,0.38461538461538464,0.3571428571428571,0.00650491937994957,0.03252459689974785,8,15,13,0.5333333333333333,0.6153846153846154,0.5714285714285715,0.008408264722675085,0.06726611778140068,13,15,13,0.8666666666666667,1.0,0.9285714285714286,0.014834015128704218,0.19284219667315483
551,20551,232,17,8,28,"[0.05329097434878349, 0.11070680618286133, 0.1469373106956482, 0.1838819980621338, 0.2312791645526886, 0.29826468229293823, 0.34016361832618713, 0.3815496861934662, 0.43354329466819763, 0.49638521671295166, 0.5374463796615601, 0.574636697769165, 0.6321786046028137, 0.7159005999565125, 0.8047153353691101, 0.8853396773338318, 0.9602231383323669]","[0.1469373106956482, 0.1838819980621338, 0.34016361832618713, 0.3815496861934662, 0.5374463796615601, 0.6321786046028137, 0.7159005999565125, 0.9602231383323669]","[0.01826462522149086, 0.0456203930079937, 0.07720447331666946, 0.11367904394865036, 0.15517552196979523, 0.19722074270248413, 0.23229658603668213, 0.261310338973999, 0.2933751344680786, 0.3268590271472931, 0.3576064109802246, 0.3872227370738983, 0.4170745015144348, 0.4484597146511078, 0.4801499843597412, 0.5117018818855286, 0.5435628294944763, 0.5764532685279846, 0.6099834442138672, 0.643749475479126, 0.6788429021835327, 0.715892493724823, 0.7537949085235596, 0.7888529896736145, 0.8212164640426636, 0.8556433320045471, 0.8953386545181274, 0.9396219253540039]",0.014304948039352894,"[""ours_then_hard"", ""hard_then_ours"", ""ours_then_hard""]",9,1,-8,9.728346049087122e-05,False,"[20.025, 18.7324, 18.5057]",18.7324,"[0.190771222114563, 0.23255135118961334, 0.3454165756702423, 0.42428338527679443, 0.48898759484291077, 0.528407096862793, 0.599416971206665, 0.7135239839553833, 0.8302486538887024]",10,2,-7,2.4215010853367858e-05,True,"[234.4464, 180.2646, 200.353]",200.353,"[0.11367904394865036, 0.15517552196979523, 0.23229658603668213, 0.3576064109802246, 0.4484597146511078, 0.5435628294944763, 0.5764532685279846, 0.6788429021835327, 0.715892493724823, 0.9396219253540039]",18,"[0.18720676004886627, 0.22097232937812805, 0.32176750898361206, 0.40275561809539795, 0.470260351896286, 0.5093352198600769, 0.5825425982475281, 0.7023704648017883, 0.8292298913002014]",1,9,8,0.1111111111111111,0.125,0.11764705882352941,0.003324761986732483,0.003324761986732483,1,9,8,0.1111111111111111,0.125,0.11764705882352941,0.003324761986732483,0.003324761986732483,3,9,8,0.3333333333333333,0.375,0.35294117647058826,0.011750335494677225,0.03525100648403168,7,9,8,0.7777777777777778,0.875,0.823529411764706,0.0297484461750303,0.2082391232252121,"[0.10981929302215576, 0.1539299488067627, 0.22078700363636017, 0.3317813575267792, 0.4287396967411041, 0.526574969291687, 0.5603403449058533, 0.6563225388526917, 0.7055956125259399, 0.9479028582572937]",0,10,8,0.0,0.0,0.0,,0.0,2,10,8,0.2,0.25,0.22222222222222224,0.0076874494552612305,0.015374898910522461,5,10,8,0.5,0.625,0.5555555555555556,0.009774315357208251,0.04887157678604126,8,10,8,0.8,1.0,0.888888888888889,0.02253536880016327,0.18028295040130615
713,20713,233,18,9,28,"[0.04210134595632553, 0.1090107336640358, 0.16604310274124146, 0.23897574841976166, 0.27069899439811707, 0.33781567215919495, 0.3851778507232666, 0.4340449869632721, 0.4946485459804535, 0.5634963512420654, 0.5982561111450195, 0.6397106647491455, 0.6843106746673584, 0.733718752861023, 0.7984055876731873, 0.8688584566116333, 0.9223875999450684, 0.9540414810180664]","[0.04210134595632553, 0.16604310274124146, 0.33781567215919495, 0.4946485459804535, 0.5634963512420654, 0.6397106647491455, 0.6843106746673584, 0.7984055876731873, 0.9223875999450684]","[0.018835242837667465, 0.04692452773451805, 0.07870452851057053, 0.11579932272434235, 0.1587565839290619, 0.20106083154678345, 0.2376287877559662, 0.2703249454498291, 0.30325180292129517, 0.33506152033805847, 0.36769264936447144, 0.4004937708377838, 0.4332306683063507, 0.4649268090724945, 0.494934618473053, 0.5254325866699219, 0.5575821995735168, 0.5883274674415588, 0.6187993288040161, 0.6498421430587769, 0.6833930015563965, 0.7197269201278687, 0.7562052011489868, 0.789648711681366, 0.8203294277191162, 0.8541674017906189, 0.8940149545669556, 0.9388563632965088]",0.009548859670758247,"[""hard_then_ours"", ""hard_then_ours"", ""ours_then_hard""]",11,2,-7,0.00016602060350123793,False,"[14.8399, 16.8029, 19.0587]",16.8029,"[0.2312478870153427, 0.2560749053955078, 0.3360216021537781, 0.3973984718322754, 0.4616870880126953, 0.5531719326972961, 0.5773207545280457, 0.6135623455047607, 0.7464759945869446, 0.7548567056655884, 0.8306606411933899]",13,4,-5,2.2147003619465977e-05,True,"[147.2003, 141.8374, 176.8842]",147.2003,"[0.04692452773451805, 0.20106083154678345, 0.36769264936447144, 0.4004937708377838, 0.4332306683063507, 0.4649268090724945, 0.5575821995735168, 0.6187993288040161, 0.6833930015563965, 0.7197269201278687, 0.7562052011489868, 0.8541674017906189, 0.8940149545669556]",15,"[0.21889439225196838, 0.24335993826389313, 0.33663830161094666, 0.4069686233997345, 0.4658178687095642, 0.5567853450775146, 0.5818395018577576, 0.6157117486000061, 0.7581298351287842, 0.7676128149032593, 0.8370006084442139]",1,11,9,0.09090909090909091,0.1111111111111111,0.09999999999999999,0.001177370548248291,0.001177370548248291,2,11,9,0.18181818181818182,0.2222222222222222,0.19999999999999998,0.003944188356399536,0.007888376712799072,2,11,9,0.18181818181818182,0.2222222222222222,0.19999999999999998,0.003944188356399536,0.007888376712799072,5,11,9,0.45454545454545453,0.5555555555555556,0.5,0.020198744535446168,0.10099372267723083,"[0.035795293748378754, 0.1849341094493866, 0.3721359670162201, 0.409385621547699, 0.4365050196647644, 0.46889418363571167, 0.5621667504310608, 0.6189157366752625, 0.691989004611969, 0.7270969152450562, 0.7684214115142822, 0.8608090281486511, 0.9011620283126831]",1,13,9,0.07692307692307693,0.1111111111111111,0.09090909090909093,0.0013296008110046387,0.0013296008110046387,3,13,9,0.23076923076923078,0.3333333333333333,0.27272727272727276,0.005104660987854004,0.015313982963562012,4,13,9,0.3076923076923077,0.4444444444444444,0.3636363636363637,0.008551247417926788,0.03420498967170715,9,13,9,0.6923076923076923,1.0,0.8181818181818181,0.018476035859849717,0.16628432273864746
607,20607,234,9,6,28,"[0.10791393369436264, 0.19055742025375366, 0.2979757487773895, 0.39924585819244385, 0.5235177278518677, 0.5925552248954773, 0.7251814007759094, 0.8261260390281677, 0.8802361488342285]","[0.19055742025375366, 0.2979757487773895, 0.39924585819244385, 0.5235177278518677, 0.5925552248954773, 0.8261260390281677]","[0.019831128418445587, 0.05005667358636856, 0.08386096358299255, 0.1223205178976059, 0.1636018604040146, 0.20390354096889496, 0.2400401085615158, 0.2726913094520569, 0.30428218841552734, 0.3355746865272522, 0.3658754229545593, 0.3959718644618988, 0.42596128582954407, 0.4561011493206024, 0.4858872890472412, 0.5153100490570068, 0.5453498363494873, 0.5762743949890137, 0.607303261756897, 0.6387922167778015, 0.6719672083854675, 0.7074719667434692, 0.7449554800987244, 0.7815654873847961, 0.8157562017440796, 0.8519802689552307, 0.8932323455810547, 0.9385483860969543]",0.026811685413122177,"[""ours_then_hard"", ""hard_then_ours"", ""hard_then_ours""]",9,3,0,3.3732248994056135e-05,False,"[15.7695, 18.2036, 14.1538]",15.7695,"[0.18667054176330566, 0.2633551359176636, 0.3625131845474243, 0.45807746052742004, 0.5651125907897949, 0.6449525952339172, 0.7125301957130432, 0.768468976020813, 0.8024293780326843]",6,0,-3,2.1596564693027176e-05,True,"[196.6281, 197.5602, 201.158]",197.5602,"[0.1636018604040146, 0.3355746865272522, 0.3959718644618988, 0.5153100490570068, 0.5762743949890137, 0.7815654873847961]",22,"[0.15833693742752075, 0.23762701451778412, 0.34280264377593994, 0.4657241106033325, 0.5975872278213501, 0.684421718120575, 0.7464057207107544, 0.8083242177963257, 0.8409635424613953]",0,9,6,0.0,0.0,0.0,,0.0,1,9,6,0.1111111111111111,0.16666666666666666,0.13333333333333333,0.005032002925872803,0.005032002925872803,2,9,6,0.2222222222222222,0.3333333333333333,0.26666666666666666,0.011416912078857422,0.022833824157714844,4,9,6,0.4444444444444444,0.6666666666666666,0.5333333333333333,0.024970300495624542,0.09988120198249817,"[0.13153697550296783, 0.3063385486602783, 0.3866614103317261, 0.5307609438896179, 0.6122283935546875, 0.8243544101715088]",1,6,6,0.16666666666666666,0.16666666666666666,0.16666666666666666,0.0017716288566589355,0.0017716288566589355,3,6,6,0.5,0.5,0.5,0.005792548259099324,0.017377644777297974,5,6,6,0.8333333333333334,0.8333333333333334,0.8333333333333334,0.00992705225944519,0.04963526129722595,5,6,6,0.8333333333333334,0.8333333333333334,0.8333333333333334,0.00992705225944519,0.04963526129722595
56,20056,235,17,11,28,"[0.08446414768695831, 0.12362180650234222, 0.1788552701473236, 0.24106286466121674, 0.3222334086894989, 0.3547329902648926, 0.39504507184028625, 0.45637258887290955, 0.5003718137741089, 0.5506555438041687, 0.5974646210670471, 0.6341530084609985, 0.6968213319778442, 0.7454839944839478, 0.8288780450820923, 0.8751790523529053, 0.9603203535079956]","[0.12362180650234222, 0.1788552701473236, 0.3222334086894989, 0.3547329902648926, 0.39504507184028625, 0.45637258887290955, 0.5003718137741089, 0.6341530084609985, 0.7454839944839478, 0.8288780450820923, 0.9603203535079956]","[0.018191693350672722, 0.04561697691679001, 0.07683038711547852, 0.11258039623498917, 0.15177206695079803, 0.1926262080669403, 0.22667397558689117, 0.2573780119419098, 0.2870068848133087, 0.3176209032535553, 0.3486892282962799, 0.3788995146751404, 0.40832412242889404, 0.43716272711753845, 0.4665124714374542, 0.4978361427783966, 0.5291571617126465, 0.5603633522987366, 0.5916544795036316, 0.6240999698638916, 0.6586568355560303, 0.6949500441551208, 0.7327948212623596, 0.7706976532936096, 0.8067517280578613, 0.8431023359298706, 0.8858969211578369, 0.9342504143714905]",0.006250110920518637,"[""ours_then_hard"", ""hard_then_ours"", ""hard_then_ours""]",9,-2,-8,0.00012896199768874794,False,"[19.2593, 17.4911, 12.2421]",17.4911,"[0.22931891679763794, 0.2974857985973358, 0.4645049571990967, 0.524085283279419, 0.5428830981254578, 0.5842708945274353, 0.6545683145523071, 0.7286760807037354, 0.8001615405082703]",12,1,-5,2.408990440017078e-05,True,"[262.3269, 165.235, 154.7281]",165.235,"[0.11258039623498917, 0.1926262080669403, 0.2573780119419098, 0.3176209032535553, 0.3486892282962799, 0.40832412242889404, 0.43716272711753845, 0.4978361427783966, 0.5916544795036316, 0.6240999698638916, 0.6949500441551208, 0.8858969211578369]",16,"[0.23175334930419922, 0.2998627722263336, 0.47564226388931274, 0.5266565680503845, 0.5458748936653137, 0.5853348970413208, 0.6557064652442932, 0.7336799502372742, 0.8044100403785706]",0,9,11,0.0,0.0,0.0,,0.0,0,9,11,0.0,0.0,0.0,,0.0,2,9,11,0.2222222222222222,0.18181818181818182,0.19999999999999998,0.015536859631538391,0.031073719263076782,6,9,11,0.6666666666666666,0.5454545454545454,0.6,0.025502537687619526,0.15301522612571716,"[0.10629001259803772, 0.18737974762916565, 0.25820741057395935, 0.31785163283348083, 0.34924280643463135, 0.4061872661113739, 0.4425952434539795, 0.506521463394165, 0.5918167233467102, 0.6230757236480713, 0.6950408816337585, 0.8962615728378296]",1,12,11,0.08333333333333333,0.09090909090909091,0.08695652173913043,0.004381775856018066,0.004381775856018066,4,12,11,0.3333333333333333,0.36363636363636365,0.34782608695652173,0.0061365216970443726,0.02454608678817749,8,12,11,0.6666666666666666,0.7272727272727273,0.6956521739130435,0.009734338149428368,0.07787470519542694,8,12,11,0.6666666666666666,0.7272727272727273,0.6956521739130435,0.013641713187098503,0.10913370549678802
822,20822,236,17,11,28,"[0.0522068589925766, 0.08697210252285004, 0.14643290638923645, 0.22394609451293945, 0.28844738006591797, 0.3396526277065277, 0.3891583979129791, 0.4405650496482849, 0.5032930374145508, 0.5595428943634033, 0.6179174184799194, 0.6787610650062561, 0.7388250231742859, 0.7780998349189758, 0.8470503091812134, 0.8803943991661072, 0.9393556714057922]","[0.0522068589925766, 0.08697210252285004, 0.14643290638923645, 0.28844738006591797, 0.3891583979129791, 0.5032930374145508, 0.6179174184799194, 0.6787610650062561, 0.7780998349189758, 0.8470503091812134, 0.9393556714057922]","[0.019513089209794998, 0.04945242404937744, 0.08386965095996857, 0.12313708662986755, 0.1675276905298233, 0.2096531242132187, 0.24535615742206573, 0.28037139773368835, 0.31337210536003113, 0.3452768623828888, 0.376235693693161, 0.4071578085422516, 0.4381429851055145, 0.4686710238456726, 0.49873512983322144, 0.5285868048667908, 0.5583533048629761, 0.5882465839385986, 0.6197119355201721, 0.6520596146583557, 0.6859485507011414, 0.7217979431152344, 0.7574628591537476, 0.7906010150909424, 0.8221611976623535, 0.8561936616897583, 0.8955373764038086, 0.939617931842804]",0.011053699068725109,"[""ours_then_hard"", ""hard_then_ours"", ""ours_then_hard""]",11,0,-6,8.518619142705575e-05,False,"[18.5167, 18.4409, 15.5086]",18.4409,"[0.16740503907203674, 0.2404240369796753, 0.3413424491882324, 0.4471640884876251, 0.5571578145027161, 0.6308233141899109, 0.7141237854957581, 0.7369005680084229, 0.765670657157898, 0.7955526113510132, 0.8543887138366699]",12,1,-5,2.449858766340185e-05,True,"[157.6247, 157.3448, 157.8063]",157.6247,"[0.08386965095996857, 0.12313708662986755, 0.1675276905298233, 0.28037139773368835, 0.4071578085422516, 0.4381429851055145, 0.5285868048667908, 0.6197119355201721, 0.6520596146583557, 0.7906010150909424, 0.8221611976623535, 0.939617931842804]",16,"[0.14674793183803558, 0.2343459576368332, 0.3389926254749298, 0.44180506467819214, 0.5657624006271362, 0.6447210907936096, 0.7262338995933533, 0.7439896464347839, 0.7738691568374634, 0.8030737638473511, 0.8599813580513]",2,11,11,0.18181818181818182,0.18181818181818182,0.18181818181818182,0.0022728517651557922,0.0045457035303115845,2,11,11,0.18181818181818182,0.18181818181818182,0.18181818181818182,0.0022728517651557922,0.0045457035303115845,3,11,11,0.2727272727272727,0.2727272727272727,0.2727272727272727,0.0058255841334660845,0.017476752400398254,5,11,11,0.45454545454545453,0.45454545454545453,0.45454545454545453,0.030535653233528137,0.15267826616764069,"[0.058215945959091187, 0.10144972801208496, 0.1469118297100067, 0.28346332907676697, 0.40827715396881104, 0.4340037703514099, 0.5302248001098633, 0.6325122714042664, 0.67090904712677, 0.7964988946914673, 0.8314260244369507, 0.9457356929779053]",2,12,11,0.16666666666666666,0.18181818181818182,0.17391304347826086,0.0027314871549606323,0.005462974309921265,5,12,11,0.4166666666666667,0.45454545454545453,0.43478260869565216,0.005140820145606994,0.025704100728034973,10,12,11,0.8333333333333334,0.9090909090909091,0.8695652173913043,0.010791867971420288,0.10791867971420288,11,12,11,0.9166666666666666,1.0,0.9565217391304348,0.012259131128137762,0.13485044240951538
96,20096,237,15,8,28,"[0.03878765553236008, 0.11646101623773575, 0.16078221797943115, 0.2126384973526001, 0.29743918776512146, 0.38851192593574524, 0.42862847447395325, 0.5187764763832092, 0.5863897204399109, 0.6445044279098511, 0.7028898000717163, 0.7447116374969482, 0.8282920718193054, 0.8948381543159485, 0.9307738542556763]","[0.03878765553236008, 0.16078221797943115, 0.29743918776512146, 0.38851192593574524, 0.42862847447395325, 0.6445044279098511, 0.7447116374969482, 0.8282920718193054]","[0.019776061177253723, 0.049819208681583405, 0.08445253223180771, 0.12453766167163849, 0.16777047514915466, 0.20966875553131104, 0.24703726172447205, 0.28079935908317566, 0.31448298692703247, 0.34910300374031067, 0.3820509910583496, 0.4143997132778168, 0.44692814350128174, 0.4789840281009674, 0.5098910927772522, 0.5398296117782593, 0.5689595341682434, 0.5978306531906128, 0.6275233626365662, 0.6577717661857605, 0.6892482042312622, 0.7224664092063904, 0.7558444738388062, 0.7874903678894043, 0.8192148804664612, 0.8531859517097473, 0.8924431800842285, 0.9372830986976624]",0.0192347951233387,"[""hard_then_ours"", ""hard_then_ours"", ""hard_then_ours""]",11,3,-4,0.0001264815655304119,False,"[19.2633, 17.9696, 15.4298]",17.9696,"[0.22991615533828735, 0.3345761299133301, 0.40525057911872864, 0.47191643714904785, 0.5165472030639648, 0.531543493270874, 0.5684400796890259, 0.6266385316848755, 0.6892284750938416, 0.7219842076301575, 0.8408384919166565]",11,3,-4,2.101973041135352e-05,True,"[172.284, 164.6258, 157.2899]",164.6258,"[0.049819208681583405, 0.08445253223180771, 0.20966875553131104, 0.24703726172447205, 0.3820509910583496, 0.4143997132778168, 0.6275233626365662, 0.6577717661857605, 0.8192148804664612, 0.8924431800842285, 0.9372830986976624]",17,"[0.2236260622739792, 0.3405132293701172, 0.4097693860530853, 0.484981507062912, 0.5332741737365723, 0.5473883748054504, 0.5895549058914185, 0.6506437659263611, 0.7226654887199402, 0.756531298160553, 0.8707442879676819]",0,11,8,0.0,0.0,0.0,,0.0,1,11,8,0.09090909090909091,0.125,0.10526315789473685,0.00613933801651001,0.00613933801651001,3,11,8,0.2727272727272727,0.375,0.3157894736842105,0.012272695700327555,0.036818087100982666,5,11,8,0.45454545454545453,0.625,0.5263157894736842,0.02699384093284607,0.13496920466423035,"[0.036754459142684937, 0.06937077641487122, 0.19876675307750702, 0.24592061340808868, 0.3885130286216736, 0.4194132089614868, 0.6516674757003784, 0.6887931227684021, 0.847343921661377, 0.9201586246490479, 0.956273078918457]",2,11,8,0.18181818181818182,0.25,0.2105263157894737,0.0010171495378017426,0.002034299075603485,4,11,8,0.36363636363636365,0.5,0.4210526315789474,0.004603153094649315,0.01841261237859726,5,11,8,0.45454545454545453,0.625,0.5263157894736842,0.0074928924441337585,0.03746446222066879,6,11,8,0.5454545454545454,0.75,0.631578947368421,0.012574832886457443,0.07544899731874466
757,20757,238,20,12,28,"[0.03206252306699753, 0.06740324199199677, 0.11538711190223694, 0.16764859855175018, 0.20430848002433777, 0.261755108833313, 0.3116365075111389, 0.3728114366531372, 0.42353641986846924, 0.47244322299957275, 0.5108490586280823, 0.5697422623634338, 0.6277307868003845, 0.6817594766616821, 0.7356133460998535, 0.768936276435852, 0.8310446739196777, 0.8678867220878601, 0.9028264880180359, 0.9409623742103577]","[0.06740324199199677, 0.16764859855175018, 0.20430848002433777, 0.3116365075111389, 0.3728114366531372, 0.42353641986846924, 0.47244322299957275, 0.5697422623634338, 0.7356133460998535, 0.768936276435852, 0.8678867220878601, 0.9028264880180359]","[0.02053111605346203, 0.05161741375923157, 0.08679652214050293, 0.12747423350811005, 0.17041805386543274, 0.2111084759235382, 0.24902473390102386, 0.2827237546443939, 0.31357091665267944, 0.34373003244400024, 0.3729197084903717, 0.40220582485198975, 0.4317772388458252, 0.46136900782585144, 0.49098101258277893, 0.5212624073028564, 0.5529165863990784, 0.5853090286254883, 0.6179662942886353, 0.6507022380828857, 0.684508204460144, 0.7188817858695984, 0.7556549310684204, 0.7899677753448486, 0.8202983736991882, 0.8517675995826721, 0.8913479447364807, 0.9371679425239563]",0.008426543325185776,"[""ours_then_hard"", ""ours_then_hard"", ""hard_then_ours""]",18,6,-2,5.099407280795276e-05,False,"[19.9705, 20.0767, 17.256]",19.9705,"[0.08794528245925903, 0.15462727844715118, 0.2053116261959076, 0.24335461854934692, 0.295693039894104, 0.3705669045448303, 0.42698633670806885, 0.47613102197647095, 0.5506382584571838, 0.6266135573387146, 0.6545953750610352, 0.6836188435554504, 0.7044939994812012, 0.8127913475036621, 0.8229043483734131, 0.8374633193016052, 0.8592768907546997, 0.8981982469558716]",22,10,2,2.4664717784617096e-05,True,"[116.5453, 86.6643, 76.4922]",86.6643,"[0.02053111605346203, 0.05161741375923157, 0.12747423350811005, 0.17041805386543274, 0.2111084759235382, 0.24902473390102386, 0.2827237546443939, 0.31357091665267944, 0.34373003244400024, 0.3729197084903717, 0.4317772388458252, 0.46136900782585144, 0.49098101258277893, 0.5212624073028564, 0.5853090286254883, 0.6179662942886353, 0.684508204460144, 0.7188817858695984, 0.7556549310684204, 0.8517675995826721, 0.8913479447364807, 0.9371679425239563]",6,"[0.08094432950019836, 0.15625225007534027, 0.21546021103858948, 0.24620237946510315, 0.2965536117553711, 0.37035754323005676, 0.4375825524330139, 0.4888671338558197, 0.5672208666801453, 0.6296681761741638, 0.6547818779945374, 0.6821239590644836, 0.7048460245132446, 0.8221022486686707, 0.832729697227478, 0.8494861721992493, 0.8705763816833496, 0.9079522490501404]",3,18,12,0.16666666666666666,0.25,0.2,0.002554982900619507,0.0076649487018585205,4,18,12,0.2222222222222222,0.3333333333333333,0.26666666666666666,0.003197677433490753,0.012790709733963013,10,18,12,0.5555555555555556,0.8333333333333334,0.6666666666666667,0.011014370620250702,0.11014370620250702,11,18,12,0.6111111111111112,0.9166666666666666,0.7333333333333334,0.01776539060202512,0.1954192966222763,"[0.018545234575867653, 0.046546101570129395, 0.1257776916027069, 0.17014236748218536, 0.21907013654708862, 0.2517792880535126, 0.28515878319740295, 0.31053605675697327, 0.33552032709121704, 0.3731929659843445, 0.44106781482696533, 0.4733025133609772, 0.5019224882125854, 0.5383482575416565, 0.5964644551277161, 0.620331883430481, 0.6827550530433655, 0.7191025018692017, 0.7633048295974731, 0.8636134266853333, 0.9003831744194031, 0.9466360211372375]",6,22,12,0.2727272727272727,0.5,0.3529411764705882,0.0019252747297286987,0.011551648378372192,7,22,12,0.3181818181818182,0.5833333333333334,0.4117647058823529,0.0024547278881073,0.0171830952167511,10,22,12,0.45454545454545453,0.8333333333333334,0.5882352941176471,0.00659869909286499,0.0659869909286499,12,22,12,0.5454545454545454,1.0,0.7058823529411764,0.022275620916237433,0.2673074509948492
694,20694,239,17,10,28,"[0.06359034776687622, 0.1261083036661148, 0.17115136981010437, 0.21177874505519867, 0.25512415170669556, 0.32339924573898315, 0.37986934185028076, 0.42182618379592896, 0.47449034452438354, 0.5327284932136536, 0.5881530046463013, 0.6395271420478821, 0.7143778800964355, 0.763018012046814, 0.8379936218261719, 0.9151528477668762, 0.9541935920715332]","[0.1261083036661148, 0.21177874505519867, 0.25512415170669556, 0.32339924573898315, 0.47449034452438354, 0.5327284932136536, 0.5881530046463013, 0.7143778800964355, 0.8379936218261719, 0.9541935920715332]","[0.01890202797949314, 0.047493092715740204, 0.07972829788923264, 0.115842804312706, 0.15592725574970245, 0.1953086256980896, 0.22937427461147308, 0.2610430121421814, 0.29213768243789673, 0.32297658920288086, 0.35304930806159973, 0.38301628828048706, 0.4134485721588135, 0.4437684714794159, 0.47353363037109375, 0.5030721426010132, 0.5331656336784363, 0.5643526315689087, 0.5961992144584656, 0.6291895508766174, 0.6645158529281616, 0.7030389308929443, 0.743109405040741, 0.7802430987358093, 0.8141698241233826, 0.8505783677101135, 0.8917908668518066, 0.9374637603759766]",0.02133292704820633,"[""ours_then_hard"", ""ours_then_hard"", ""ours_then_hard""]",12,2,-5,3.8188434700714424e-05,False,"[14.7776, 25.0108, 19.102]",19.102,"[0.19535261392593384, 0.2861259877681732, 0.31446969509124756, 0.3918383717536926, 0.5030493140220642, 0.5731086134910583, 0.644077718257904, 0.7258995771408081, 0.7636204361915588, 0.8049021363258362, 0.8573787212371826, 0.9117671251296997]",11,1,-6,2.4553110051783733e-05,True,"[176.7754, 191.7748, 169.6488]",176.7754,"[0.115842804312706, 0.29213768243789673, 0.32297658920288086, 0.38301628828048706, 0.5030721426010132, 0.5331656336784363, 0.6291895508766174, 0.6645158529281616, 0.7802430987358093, 0.8141698241233826, 0.9374637603759766]",17,"[0.1730964332818985, 0.24761639535427094, 0.2756878733634949, 0.35104769468307495, 0.48010045289993286, 0.5635964274406433, 0.6421558260917664, 0.7200437784194946, 0.7563902139663696, 0.7974938750267029, 0.8604094982147217, 0.9167140126228333]",0,12,10,0.0,0.0,0.0,,0.0,3,12,10,0.25,0.3,0.2727272727272727,0.00626125435034434,0.01878376305103302,3,12,10,0.25,0.3,0.2727272727272727,0.00626125435034434,0.01878376305103302,9,12,10,0.75,0.9,0.8181818181818182,0.027906801965501573,0.25116121768951416,"[0.1118711456656456, 0.2532777190208435, 0.2865445017814636, 0.3434622585773468, 0.4801378846168518, 0.5151233673095703, 0.6275527477264404, 0.6597223281860352, 0.7723894715309143, 0.8100003004074097, 0.9410318732261658]",1,11,10,0.09090909090909091,0.1,0.09523809523809525,0.0018464326858520508,0.0018464326858520508,2,11,10,0.18181818181818182,0.2,0.1904761904761905,0.0037469863891601562,0.0074939727783203125,5,11,10,0.45454545454545453,0.5,0.47619047619047616,0.010499595105648041,0.052497975528240204,9,11,10,0.8181818181818182,0.9,0.8571428571428572,0.02344743824667401,0.21102694422006607
496,20496,240,16,10,28,"[0.07817787677049637, 0.13961297273635864, 0.21577276289463043, 0.29524609446525574, 0.35274261236190796, 0.4288383424282074, 0.47576653957366943, 0.5211054086685181, 0.5630040168762207, 0.6297333240509033, 0.6830298900604248, 0.745471715927124, 0.8003316521644592, 0.8525819182395935, 0.8993465304374695, 0.9586871266365051]","[0.07817787677049637, 0.29524609446525574, 0.35274261236190796, 0.4288383424282074, 0.47576653957366943, 0.5630040168762207, 0.6830298900604248, 0.745471715927124, 0.8525819182395935, 0.9586871266365051]","[0.018166247755289078, 0.04583859071135521, 0.07809371501207352, 0.11440011858940125, 0.1551610827445984, 0.1959986388683319, 0.23208722472190857, 0.2636723518371582, 0.2935275435447693, 0.32264867424964905, 0.35206058621406555, 0.3818581700325012, 0.41185805201530457, 0.4421422779560089, 0.4732699990272522, 0.5052651166915894, 0.5379188656806946, 0.5711748003959656, 0.604772686958313, 0.6387926936149597, 0.6742751598358154, 0.7122383117675781, 0.7517168521881104, 0.7877875566482544, 0.8198502063751221, 0.8536490797996521, 0.8938398957252502, 0.938831627368927]",0.013130854815244675,"[""ours_then_hard"", ""ours_then_hard"", ""hard_then_ours""]",10,0,-6,7.2172173531726e-05,False,"[14.9415, 17.0488, 18.1589]",17.0488,"[0.19968749582767487, 0.23423202335834503, 0.29073697328567505, 0.37445908784866333, 0.4608650207519531, 0.5666115880012512, 0.6358057260513306, 0.8094940185546875, 0.8225513100624084, 0.8934980034828186]",14,4,-2,2.4555389245506376e-05,True,"[144.4291, 131.1397, 159.9737]",144.4291,"[0.07809371501207352, 0.11440011858940125, 0.1551610827445984, 0.2935275435447693, 0.32264867424964905, 0.3818581700325012, 0.5052651166915894, 0.5379188656806946, 0.604772686958313, 0.6387926936149597, 0.6742751598358154, 0.7122383117675781, 0.8198502063751221, 0.8536490797996521]",14,"[0.19585564732551575, 0.23506660759449005, 0.30232229828834534, 0.3978334665298462, 0.4723019003868103, 0.5659715533256531, 0.6337051391601562, 0.8252131342887878, 0.8414575457572937, 0.9153116345405579]",2,10,10,0.2,0.2,0.20000000000000004,0.003216087818145752,0.006432175636291504,3,10,10,0.3,0.3,0.3,0.004502793153127034,0.013508379459381104,4,10,10,0.4,0.4,0.4000000000000001,0.006158187985420227,0.024632751941680908,7,10,10,0.7,0.7,0.7,0.031238168478012085,0.2186671793460846,"[0.07028324156999588, 0.11150073260068893, 0.146662175655365, 0.3060417175292969, 0.34008103609085083, 0.40730467438697815, 0.5107720494270325, 0.5419909358024597, 0.5986581444740295, 0.6377847194671631, 0.6777330636978149, 0.7204267382621765, 0.838348925113678, 0.8806613087654114]",0,14,10,0.0,0.0,0.0,,0.0,2,14,10,0.14285714285714285,0.2,0.16666666666666666,0.006595730781555176,0.013191461563110352,5,14,10,0.35714285714285715,0.5,0.41666666666666663,0.010176330804824829,0.050881654024124146,9,14,10,0.6428571428571429,0.9,0.75,0.021491914987564087,0.19342723488807678
875,20875,241,11,5,28,"[0.12394759058952332, 0.17389123141765594, 0.27989843487739563, 0.36239445209503174, 0.42946481704711914, 0.48598164319992065, 0.5363759398460388, 0.6375397443771362, 0.7175657749176025, 0.7787044048309326, 0.9036375880241394]","[0.36239445209503174, 0.42946481704711914, 0.48598164319992065, 0.7175657749176025, 0.7787044048309326]","[0.018753312528133392, 0.04733835905790329, 0.07958332449197769, 0.11638057231903076, 0.15635883808135986, 0.19576863944530487, 0.23092293739318848, 0.26325878500938416, 0.2937421500682831, 0.32443490624427795, 0.3556179404258728, 0.38661861419677734, 0.41744309663772583, 0.4483821988105774, 0.48007872700691223, 0.5120360255241394, 0.5438570380210876, 0.5758499503135681, 0.608816385269165, 0.642361581325531, 0.6769735813140869, 0.7130928039550781, 0.7498193979263306, 0.7850401997566223, 0.8177962899208069, 0.8525801301002502, 0.892817497253418, 0.9378975033760071]",0.00879160687327385,"[""ours_then_hard"", ""ours_then_hard"", ""ours_then_hard""]",8,3,-3,4.255010935594328e-05,False,"[25.5295, 22.965, 14.0217]",22.965,"[0.2983821928501129, 0.4904593229293823, 0.5390796065330505, 0.6184107661247253, 0.6749945282936096, 0.720432698726654, 0.7805894613265991, 0.8102280497550964]",6,1,-5,1.418228930560872e-05,True,"[229.24, 199.0459, 208.4211]",208.4211,"[0.19576863944530487, 0.26325878500938416, 0.41744309663772583, 0.5120360255241394, 0.6769735813140869, 0.7850401997566223]",22,"[0.30652180314064026, 0.48815208673477173, 0.5409564971923828, 0.6201138496398926, 0.6770632266998291, 0.7249627709388733, 0.7918986678123474, 0.8275411128997803]",1,8,5,0.125,0.2,0.15384615384615385,0.0021704435348510742,0.0021704435348510742,2,8,5,0.25,0.4,0.3076923076923077,0.004783719778060913,0.009567439556121826,3,8,5,0.375,0.6,0.4615384615384615,0.007587234179178874,0.02276170253753662,3,8,5,0.375,0.6,0.4615384615384615,0.018622418244679768,0.05586725473403931,"[0.1893710494041443, 0.27146056294441223, 0.41750672459602356, 0.5076130032539368, 0.6799508333206177, 0.7988779544830322]",0,6,5,0.0,0.0,0.0,,0.0,0,6,5,0.0,0.0,0.0,,0.0,1,6,5,0.16666666666666666,0.2,0.1818181818181818,0.011958092451095581,0.011958092451095581,4,6,5,0.6666666666666666,0.8,0.7272727272727272,0.022844485938549042,0.09137794375419617
546,20546,242,17,8,28,"[0.036132946610450745, 0.11529248207807541, 0.1683734953403473, 0.2290298342704773, 0.27656400203704834, 0.32887741923332214, 0.3852962851524353, 0.4302920699119568, 0.5031087398529053, 0.5432584881782532, 0.6049764156341553, 0.658381998538971, 0.7232780456542969, 0.7695457935333252, 0.8445709943771362, 0.8952219486236572, 0.9318034052848816]","[0.036132946610450745, 0.1683734953403473, 0.2290298342704773, 0.3852962851524353, 0.4302920699119568, 0.5432584881782532, 0.658381998538971, 0.8445709943771362]","[0.019262799993157387, 0.048275139182806015, 0.08147405087947845, 0.11952149868011475, 0.1611565202474594, 0.2031632363796234, 0.240663081407547, 0.273773729801178, 0.3069353699684143, 0.339096337556839, 0.37145087122917175, 0.4034072160720825, 0.43575814366340637, 0.4681300222873688, 0.4999130070209503, 0.5312252044677734, 0.5620801448822021, 0.59269779920578, 0.6234272718429565, 0.6547027230262756, 0.6871021389961243, 0.7208455801010132, 0.7550151348114014, 0.7878851294517517, 0.8190743923187256, 0.8525797128677368, 0.8920955061912537, 0.9372022747993469]",0.011018012650310993,"[""hard_then_ours"", ""hard_then_ours"", ""ours_then_hard""]",7,-1,-10,9.968612721422687e-05,False,"[20.4052, 16.4882, 16.4178]",16.4882,"[0.18938028812408447, 0.22941726446151733, 0.272369921207428, 0.3772416412830353, 0.5214508771896362, 0.6672222018241882, 0.8126950860023499]",10,2,-7,2.4336504793609492e-05,True,"[179.0956, 159.8201, 161.8566]",161.8566,"[0.1611565202474594, 0.2031632363796234, 0.339096337556839, 0.37145087122917175, 0.43575814366340637, 0.5620801448822021, 0.59269779920578, 0.7550151348114014, 0.8190743923187256, 0.9372022747993469]",18,"[0.193839892745018, 0.23326587677001953, 0.2693406343460083, 0.3750964105129242, 0.5211964845657349, 0.6764740347862244, 0.833324134349823]",1,7,8,0.14285714285714285,0.125,0.13333333333333333,0.004236042499542236,0.004236042499542236,1,7,8,0.14285714285714285,0.125,0.13333333333333333,0.004236042499542236,0.004236042499542236,4,7,8,0.5714285714285714,0.5,0.5333333333333333,0.010943703353404999,0.043774813413619995,6,7,8,0.8571428571428571,0.75,0.7999999999999999,0.015217202405134836,0.09130321443080902,"[0.1628478616476059, 0.21029618382453918, 0.3325674831867218, 0.3688077926635742, 0.4375036060810089, 0.5612178444862366, 0.6003445982933044, 0.7736397385597229, 0.8414265513420105, 0.9466372728347778]",1,10,8,0.1,0.125,0.11111111111111112,0.0031444430351257324,0.0031444430351257324,3,10,8,0.3,0.375,0.33333333333333326,0.0052938709656397505,0.01588161289691925,6,10,8,0.6,0.75,0.6666666666666665,0.011510518689950308,0.06906311213970184,6,10,8,0.6,0.75,0.6666666666666665,0.011510518689950308,0.06906311213970184
672,20672,243,20,13,28,"[0.036058977246284485, 0.0961567759513855, 0.15342974662780762, 0.196989506483078, 0.2536235749721527, 0.3041350245475769, 0.36919665336608887, 0.40047892928123474, 0.44886478781700134, 0.4837477207183838, 0.5478644371032715, 0.5850603580474854, 0.6235625147819519, 0.6757690906524658, 0.7060396075248718, 0.7578069567680359, 0.7972797155380249, 0.8622600436210632, 0.8973528146743774, 0.9555742740631104]","[0.036058977246284485, 0.0961567759513855, 0.15342974662780762, 0.3041350245475769, 0.40047892928123474, 0.44886478781700134, 0.5478644371032715, 0.6235625147819519, 0.6757690906524658, 0.7578069567680359, 0.8622600436210632, 0.8973528146743774, 0.9555742740631104]","[0.020802956074476242, 0.051153022795915604, 0.08630921691656113, 0.12722021341323853, 0.17504870891571045, 0.21283379197120667, 0.25026488304138184, 0.28431928157806396, 0.3166930377483368, 0.34761831164360046, 0.37746402621269226, 0.40786367654800415, 0.4384787082672119, 0.4682880938053131, 0.49718040227890015, 0.5259784460067749, 0.5547694563865662, 0.5836560726165771, 0.6163577437400818, 0.6497344374656677, 0.6850113868713379, 0.7226287126541138, 0.7593883872032166, 0.792232871055603, 0.8234079480171204, 0.8572651147842407, 0.896432638168335, 0.9403694868087769]",0.016926102340221405,"[""hard_then_ours"", ""ours_then_hard"", ""ours_then_hard""]",16,3,-4,5.9293495723977685e-05,False,"[19.7046, 16.0097, 16.7087]",16.7087,"[0.07363878190517426, 0.1703803837299347, 0.23785383999347687, 0.2911115884780884, 0.3514931797981262, 0.4104045331478119, 0.4808744788169861, 0.5431668162345886, 0.6006470322608948, 0.6497520804405212, 0.6814292669296265, 0.7243066430091858, 0.7712717056274414, 0.802319347858429, 0.864253044128418, 0.9158818125724792]",20,7,0,2.3500551833421923e-05,True,"[101.6105, 103.3722, 88.4655]",101.6105,"[0.020802956074476242, 0.051153022795915604, 0.08630921691656113, 0.21283379197120667, 0.28431928157806396, 0.34761831164360046, 0.4384787082672119, 0.4682880938053131, 0.49718040227890015, 0.5259784460067749, 0.5547694563865662, 0.5836560726165771, 0.6497344374656677, 0.6850113868713379, 0.7226287126541138, 0.792232871055603, 0.8234079480171204, 0.8572651147842407, 0.896432638168335, 0.9403694868087769]",8,"[0.053588420152664185, 0.1438913494348526, 0.2172640711069107, 0.27860742807388306, 0.3411944806575775, 0.4101383090019226, 0.47932758927345276, 0.5340189337730408, 0.59079909324646, 0.6444222331047058, 0.6703595519065857, 0.695874810218811, 0.7359437346458435, 0.766891360282898, 0.8493020534515381, 0.9106098413467407]",0,16,13,0.0,0.0,0.0,,0.0,4,16,13,0.25,0.3076923076923077,0.27586206896551724,0.008422929793596268,0.03369171917438507,8,16,13,0.5,0.6153846153846154,0.5517241379310345,0.011410210281610489,0.09128168225288391,11,16,13,0.6875,0.8461538461538461,0.7586206896551724,0.0233588923107494,0.2569478154182434,"[0.014472403563559055, 0.04030153527855873, 0.06563857942819595, 0.18966834247112274, 0.272338330745697, 0.3363204598426819, 0.4361291527748108, 0.4636346101760864, 0.4956134557723999, 0.5151054263114929, 0.5446960926055908, 0.5708138942718506, 0.6444082260131836, 0.6727362275123596, 0.6948443055152893, 0.7540408372879028, 0.7909945249557495, 0.8402734994888306, 0.884534478187561, 0.9420191645622253]",4,20,13,0.2,0.3076923076923077,0.24242424242424246,0.003552471287548542,0.014209885150194168,4,20,13,0.2,0.3076923076923077,0.24242424242424246,0.003552471287548542,0.014209885150194168,7,20,13,0.35,0.5384615384615384,0.4242424242424242,0.0076169951685837334,0.053318966180086136,13,20,13,0.65,1.0,0.787878787878788,0.021486446189765748,0.2793238004669547
146,20146,244,20,10,28,"[0.04874376952648163, 0.08348535001277924, 0.1400122344493866, 0.19492250680923462, 0.24206992983818054, 0.304669052362442, 0.34208667278289795, 0.3970959484577179, 0.4600168466567993, 0.4969656765460968, 0.5466564297676086, 0.5893126130104065, 0.6455145478248596, 0.683657169342041, 0.7227518558502197, 0.7869725227355957, 0.841497004032135, 0.890039324760437, 0.93519526720047, 0.964877188205719]","[0.1400122344493866, 0.19492250680923462, 0.34208667278289795, 0.4600168466567993, 0.4969656765460968, 0.5893126130104065, 0.683657169342041, 0.7869725227355957, 0.890039324760437, 0.93519526720047]","[0.021567702293395996, 0.054386965930461884, 0.09167827665805817, 0.13409218192100525, 0.18114058673381805, 0.22472164034843445, 0.260128378868103, 0.2960747480392456, 0.3328896462917328, 0.3673902451992035, 0.39960527420043945, 0.4310820996761322, 0.4633963108062744, 0.4948023855686188, 0.524917483329773, 0.5541405081748962, 0.5834168195724487, 0.6143904328346252, 0.6451607346534729, 0.6760820150375366, 0.7078940868377686, 0.7422037720680237, 0.7756407856941223, 0.8057997226715088, 0.8348772525787354, 0.8672186732292175, 0.9038159847259521, 0.9442608952522278]",0.013808946125209332,"[""ours_then_hard"", ""ours_then_hard"", ""ours_then_hard""]",15,5,-5,3.43286847055424e-05,False,"[14.9891, 18.1964, 13.0277]",14.9891,"[0.16604165732860565, 0.193503737449646, 0.22540248930454254, 0.30494949221611023, 0.37005677819252014, 0.38314032554626465, 0.42654842138290405, 0.4863903820514679, 0.5363701581954956, 0.6063627600669861, 0.6345983743667603, 0.6759781837463379, 0.7336599826812744, 0.7800806760787964, 0.8737132549285889]",13,3,-7,2.2947899196879007e-05,True,"[155.2383, 155.7862, 138.8357]",155.2383,"[0.09167827665805817, 0.13409218192100525, 0.22472164034843445, 0.260128378868103, 0.3673902451992035, 0.4633963108062744, 0.524917483329773, 0.6760820150375366, 0.7422037720680237, 0.7756407856941223, 0.8672186732292175, 0.9038159847259521, 0.9442608952522278]",15,"[0.1492382138967514, 0.17833347618579865, 0.21352358162403107, 0.2959761917591095, 0.3585990369319916, 0.37152910232543945, 0.41450273990631104, 0.473827600479126, 0.5147725939750671, 0.5922110080718994, 0.6269814372062683, 0.6697629690170288, 0.7410012483596802, 0.7963114976882935, 0.8941686749458313]",2,15,10,0.13333333333333333,0.2,0.16,0.0035138726234436035,0.007027745246887207,4,15,10,0.26666666666666666,0.4,0.32,0.006398174911737442,0.025592699646949768,9,15,10,0.6,0.9,0.7200000000000001,0.01157844066619873,0.10420596599578857,9,15,10,0.6,0.9,0.7200000000000001,0.023052321539984807,0.20747089385986328,"[0.07402689754962921, 0.11613962799310684, 0.21256914734840393, 0.250131219625473, 0.356571763753891, 0.45129966735839844, 0.5064195990562439, 0.6698814034461975, 0.7532771825790405, 0.79328852891922, 0.8890695571899414, 0.9200554490089417, 0.9498348832130432]",1,13,10,0.07692307692307693,0.1,0.08695652173913043,0.0009697675704956055,0.0009697675704956055,4,13,10,0.3076923076923077,0.4,0.34782608695652173,0.006364218890666962,0.025456875562667847,8,13,10,0.6153846153846154,0.8,0.6956521739130435,0.010813023895025253,0.08650419116020203,9,13,10,0.6923076923076923,0.9,0.7826086956521738,0.015306236843268076,0.1377561315894127
768,20768,245,15,9,28,"[0.03835713863372803, 0.08137409389019012, 0.16094757616519928, 0.20191597938537598, 0.28884604573249817, 0.3292216956615448, 0.36671844124794006, 0.45394864678382874, 0.5126962065696716, 0.6022528409957886, 0.6599782705307007, 0.7532132267951965, 0.7905330657958984, 0.881462037563324, 0.9239267706871033]","[0.08137409389019012, 0.16094757616519928, 0.20191597938537598, 0.28884604573249817, 0.45394864678382874, 0.6022528409957886, 0.6599782705307007, 0.7905330657958984, 0.881462037563324]","[0.01990114152431488, 0.04958557337522507, 0.08346231281757355, 0.12232455611228943, 0.1658317893743515, 0.20494920015335083, 0.24049095809459686, 0.26862743496894836, 0.3007274270057678, 0.3332662880420685, 0.3653060793876648, 0.39674142003059387, 0.4276212453842163, 0.4572368264198303, 0.48895102739334106, 0.5204382538795471, 0.5511770844459534, 0.5817171931266785, 0.6125748157501221, 0.6450119018554688, 0.6799094080924988, 0.7171838879585266, 0.7548214197158813, 0.7894361019134521, 0.8208982348442078, 0.8545546531677246, 0.8942896723747253, 0.9388142228126526]",0.020939311012625694,"[""hard_then_ours"", ""ours_then_hard"", ""hard_then_ours""]",13,4,-2,8.832509047351778e-05,False,"[18.9607, 22.0211, 18.6999]",18.9607,"[0.16382217407226562, 0.1946125626564026, 0.24225279688835144, 0.3782932162284851, 0.40371930599212646, 0.47907596826553345, 0.5337973237037659, 0.5568491220474243, 0.5903018712997437, 0.6832846403121948, 0.792267382144928, 0.8256201148033142, 0.9006701111793518]",10,1,-5,2.495820626791101e-05,True,"[173.0072, 173.0405, 183.2646]",173.0405,"[0.08346231281757355, 0.1658317893743515, 0.24049095809459686, 0.3007274270057678, 0.3653060793876648, 0.5204382538795471, 0.5511770844459534, 0.6450119018554688, 0.8208982348442078, 0.8942896723747253]",18,"[0.14953307807445526, 0.17619335651397705, 0.22922393679618835, 0.35603269934654236, 0.38529080152511597, 0.46171835064888, 0.5202183127403259, 0.5531197190284729, 0.593938946723938, 0.7128660082817078, 0.8259556293487549, 0.8601997494697571, 0.9255496263504028]",0,13,9,0.0,0.0,0.0,,0.0,2,13,9,0.15384615384615385,0.2222222222222222,0.18181818181818185,0.008041799068450928,0.016083598136901855,3,13,9,0.23076923076923078,0.3333333333333333,0.27272727272727276,0.009166032075881958,0.027498096227645874,6,13,9,0.46153846153846156,0.6666666666666666,0.5454545454545455,0.025120799740155537,0.15072479844093323,"[0.070796437561512, 0.1515137106180191, 0.2274995893239975, 0.2920989990234375, 0.3414108157157898, 0.5025349855422974, 0.5434229373931885, 0.6696575284004211, 0.855007529258728, 0.921018660068512]",1,10,9,0.1,0.1111111111111111,0.10526315789473685,0.003252953290939331,0.003252953290939331,3,10,9,0.3,0.3333333333333333,0.3157894736842105,0.007455358902613322,0.022366076707839966,4,10,9,0.4,0.4444444444444444,0.4210526315789474,0.008235933259129524,0.0329437330365181,7,10,9,0.7,0.7777777777777778,0.7368421052631577,0.019081170005457743,0.1335681900382042
846,20846,246,13,8,28,"[0.05425317957997322, 0.15075916051864624, 0.2437276542186737, 0.327739953994751, 0.3897915780544281, 0.4296129643917084, 0.5219405889511108, 0.5979210734367371, 0.6636822819709778, 0.7599744200706482, 0.8018160462379456, 0.8600909113883972, 0.8984841108322144]","[0.05425317957997322, 0.327739953994751, 0.3897915780544281, 0.4296129643917084, 0.5979210734367371, 0.6636822819709778, 0.7599744200706482, 0.8018160462379456]","[0.019409460946917534, 0.049610685557127, 0.0830790102481842, 0.12035427987575531, 0.16043972969055176, 0.19979697465896606, 0.2353825718164444, 0.26735565066337585, 0.2996124029159546, 0.33266422152519226, 0.3650156557559967, 0.39637985825538635, 0.4272361099720001, 0.4581993818283081, 0.488452285528183, 0.5181836485862732, 0.5477187633514404, 0.5777292847633362, 0.6091667413711548, 0.6414909362792969, 0.6751894354820251, 0.7106139063835144, 0.7464671730995178, 0.7816212773323059, 0.8151277303695679, 0.8505388498306274, 0.8915331959724426, 0.9371795654296875]",0.017337363213300705,"[""hard_then_ours"", ""hard_then_ours"", ""hard_then_ours""]",13,5,0,2.5943949367501773e-05,False,"[13.7349, 19.2551, 15.8906]",15.8906,"[0.21110723912715912, 0.28808850049972534, 0.3812578618526459, 0.4730048179626465, 0.5093467235565186, 0.538446307182312, 0.571738064289093, 0.6094903945922852, 0.660521388053894, 0.7053613066673279, 0.7318891882896423, 0.7725247144699097, 0.8110897541046143]",9,1,-4,2.1892914446652867e-05,True,"[170.0394, 181.5397, 200.317]",181.5397,"[0.12035427987575531, 0.33266422152519226, 0.39637985825538635, 0.4272361099720001, 0.5181836485862732, 0.6091667413711548, 0.7106139063835144, 0.7816212773323059, 0.8915331959724426]",19,"[0.1850273460149765, 0.27199041843414307, 0.37251463532447815, 0.4542692303657532, 0.49175208806991577, 0.520188570022583, 0.56284499168396, 0.6069877743721008, 0.6746790409088135, 0.7262466549873352, 0.7537853121757507, 0.7929516434669495, 0.8280990123748779]",0,13,8,0.0,0.0,0.0,,0.0,3,13,8,0.23076923076923078,0.375,0.2857142857142857,0.008040070533752441,0.024120211601257324,5,13,8,0.38461538461538464,0.625,0.4761904761904762,0.010478782653808593,0.05239391326904297,6,13,8,0.46153846153846156,0.75,0.5714285714285714,0.032877047856648765,0.19726228713989258,"[0.09344988316297531, 0.32050758600234985, 0.3899049162864685, 0.4130971431732178, 0.5022395253181458, 0.6066041588783264, 0.7321547865867615, 0.8020549416542053, 0.9050343632698059]",2,9,8,0.2222222222222222,0.25,0.23529411764705882,0.00017611682415008545,0.0003522336483001709,4,9,8,0.4444444444444444,0.5,0.47058823529411764,0.004066921770572662,0.01626768708229065,5,9,8,0.5555555555555556,0.625,0.5882352941176471,0.00655670166015625,0.03278350830078125,7,9,8,0.7777777777777778,0.875,0.823529411764706,0.014257120766810008,0.09979984536767006
800,20800,247,15,9,28,"[0.09188388288021088, 0.18353486061096191, 0.2228124439716339, 0.27189305424690247, 0.32231763005256653, 0.41547319293022156, 0.5002694129943848, 0.5799362659454346, 0.6597311496734619, 0.7011931538581848, 0.7502740621566772, 0.7881694436073303, 0.8285201191902161, 0.8700602054595947, 0.9450280666351318]","[0.09188388288021088, 0.2228124439716339, 0.27189305424690247, 0.32231763005256653, 0.5002694129943848, 0.6597311496734619, 0.7011931538581848, 0.8285201191902161, 0.9450280666351318]","[0.01966039463877678, 0.050600554794073105, 0.08346307277679443, 0.11983277648687363, 0.15884330868721008, 0.19807860255241394, 0.23327882587909698, 0.26482197642326355, 0.29789263010025024, 0.331705242395401, 0.36456942558288574, 0.39742618799209595, 0.43019041419029236, 0.4632714092731476, 0.49558860063552856, 0.5272245407104492, 0.5584908723831177, 0.591031551361084, 0.6243852376937866, 0.6577808856964111, 0.6927706599235535, 0.7294067144393921, 0.7646236419677734, 0.798474133014679, 0.831662118434906, 0.8666139841079712, 0.9048751592636108, 0.9457146525382996]",0.01609986275434494,"[""hard_then_ours"", ""ours_then_hard"", ""ours_then_hard""]",10,1,-5,7.481218926841393e-05,False,"[17.6613, 18.3896, 21.1101]",18.3896,"[0.18705035746097565, 0.2324078530073166, 0.3966835141181946, 0.5145694017410278, 0.6021497845649719, 0.6781365275382996, 0.6926369071006775, 0.7684438824653625, 0.8095928430557251, 0.8660509586334229]",11,2,-4,2.1942536477581598e-05,True,"[172.9372, 160.2428, 161.2879]",161.2879,"[0.19807860255241394, 0.29789263010025024, 0.331705242395401, 0.36456942558288574, 0.5272245407104492, 0.5584908723831177, 0.6243852376937866, 0.6577808856964111, 0.7646236419677734, 0.831662118434906, 0.9457146525382996]",17,"[0.18060818314552307, 0.22699445486068726, 0.41019630432128906, 0.534490168094635, 0.6214322447776794, 0.7068699598312378, 0.7199742794036865, 0.7884789705276489, 0.8275230526924133, 0.8811250329017639]",2,10,9,0.2,0.2222222222222222,0.2105263157894737,0.0025895386934280396,0.005179077386856079,3,10,9,0.3,0.3333333333333333,0.3157894736842105,0.0036186277866363525,0.010855883359909058,3,10,9,0.3,0.3333333333333333,0.3157894736842105,0.0036186277866363525,0.010855883359909058,6,10,9,0.6,0.6666666666666666,0.631578947368421,0.03422341247399648,0.20534047484397888,"[0.19324404001235962, 0.2888586223125458, 0.32612061500549316, 0.3703683614730835, 0.5475135445594788, 0.5819422602653503, 0.6421151161193848, 0.6830519437789917, 0.7859309911727905, 0.8485797047615051, 0.954406201839447]",1,11,9,0.09090909090909091,0.1111111111111111,0.09999999999999999,0.0038029849529266357,0.0038029849529266357,2,11,9,0.18181818181818182,0.2222222222222222,0.19999999999999998,0.006590560078620911,0.013181120157241821,5,11,9,0.45454545454545453,0.5555555555555556,0.5,0.013180786371231079,0.0659039318561554,8,11,9,0.7272727272727273,0.8888888888888888,0.7999999999999999,0.023163199424743652,0.18530559539794922
871,20871,248,14,9,28,"[0.05738367512822151, 0.10590280592441559, 0.14444001019001007, 0.18536442518234253, 0.24011746048927307, 0.3277375102043152, 0.3812279999256134, 0.48287731409072876, 0.5647595524787903, 0.624045193195343, 0.6972172856330872, 0.7991369962692261, 0.866589367389679, 0.9467796683311462]","[0.10590280592441559, 0.14444001019001007, 0.18536442518234253, 0.24011746048927307, 0.48287731409072876, 0.5647595524787903, 0.6972172856330872, 0.7991369962692261, 0.866589367389679]","[0.022791653871536255, 0.05201161652803421, 0.08819407224655151, 0.13175708055496216, 0.17670747637748718, 0.2169407159090042, 0.25351402163505554, 0.2901360094547272, 0.3290795683860779, 0.3624352812767029, 0.39139223098754883, 0.4208063781261444, 0.449466347694397, 0.47899749875068665, 0.507225751876831, 0.5355202555656433, 0.5627119541168213, 0.5918759703636169, 0.6209338307380676, 0.6505091786384583, 0.6807003021240234, 0.7131544947624207, 0.7483955025672913, 0.7824662327766418, 0.8139712810516357, 0.8472536206245422, 0.8887955546379089, 0.9362735748291016]",0.02888745255768299,"[""hard_then_ours"", ""hard_then_ours"", ""ours_then_hard""]",12,3,-2,3.6335462937131524e-05,False,"[20.6298, 15.5923, 14.3871]",15.5923,"[0.12649689614772797, 0.1996883749961853, 0.26311513781547546, 0.3559715747833252, 0.41373491287231445, 0.48137184977531433, 0.502210259437561, 0.5498984456062317, 0.6022370457649231, 0.6659435629844666, 0.6922211647033691, 0.8201969265937805]",12,3,-2,2.4433675207546912e-05,True,"[170.3311, 182.0371, 146.7951]",170.3311,"[0.05201161652803421, 0.13175708055496216, 0.2169407159090042, 0.2901360094547272, 0.5355202555656433, 0.5627119541168213, 0.6209338307380676, 0.6505091786384583, 0.7131544947624207, 0.8139712810516357, 0.8472536206245422, 0.9362735748291016]",16,"[0.11320234090089798, 0.16719599068164825, 0.21400122344493866, 0.30411025881767273, 0.36864787340164185, 0.4391215145587921, 0.460509717464447, 0.5245947241783142, 0.5764349699020386, 0.6415166258811951, 0.6731809973716736, 0.8350588083267212]",0,12,9,0.0,0.0,0.0,,0.0,1,12,9,0.08333333333333333,0.1111111111111111,0.09523809523809525,0.007299534976482391,0.007299534976482391,3,12,9,0.25,0.3333333333333333,0.28571428571428575,0.012381128966808319,0.03714338690042496,7,12,9,0.5833333333333334,0.7777777777777778,0.6666666666666666,0.02893872026886259,0.20257104188203812,"[0.042857710272073746, 0.11702436208724976, 0.18074028193950653, 0.23866470158100128, 0.5057372450828552, 0.5431455373764038, 0.595435380935669, 0.6294859051704407, 0.6988402009010315, 0.8287070393562317, 0.8590307235717773, 0.9438838362693787]",3,12,9,0.25,0.3333333333333333,0.28571428571428575,0.002566605806350708,0.007699817419052124,4,12,9,0.3333333333333333,0.4444444444444444,0.380952380952381,0.003814615309238434,0.015258461236953735,5,12,9,0.4166666666666667,0.5555555555555556,0.4761904761904762,0.00527600347995758,0.026380017399787903,8,12,9,0.6666666666666666,0.8888888888888888,0.761904761904762,0.016512516885995865,0.13210013508796692
488,20488,249,11,9,28,"[0.08576207607984543, 0.12926329672336578, 0.21899248659610748, 0.2999897003173828, 0.41778838634490967, 0.4652184545993805, 0.5903841853141785, 0.6432439088821411, 0.6992508769035339, 0.7907593250274658, 0.9138374328613281]","[0.08576207607984543, 0.12926329672336578, 0.21899248659610748, 0.2999897003173828, 0.41778838634490967, 0.4652184545993805, 0.6992508769035339, 0.7907593250274658, 0.9138374328613281]","[0.018825311213731766, 0.047576744109392166, 0.08067958056926727, 0.11883043497800827, 0.16098597645759583, 0.20249249041080475, 0.23903529345989227, 0.2722488343715668, 0.30488356947898865, 0.33736446499824524, 0.3693431317806244, 0.4012291729450226, 0.43316879868507385, 0.46484076976776123, 0.4958573579788208, 0.5264471769332886, 0.556727409362793, 0.588548481464386, 0.6204860806465149, 0.652255117893219, 0.6851162910461426, 0.7193468809127808, 0.7530670166015625, 0.7859423756599426, 0.8175339102745056, 0.8507962822914124, 0.8905309438705444, 0.9362519979476929]",0.011543397791683674,"[""ours_then_hard"", ""ours_then_hard"", ""ours_then_hard""]",8,-1,-3,5.4286138038150966e-05,False,"[18.5592, 17.087, 17.0154]",17.087,"[0.22753383219242096, 0.28559380769729614, 0.3714509606361389, 0.46193867921829224, 0.535664439201355, 0.6530020833015442, 0.6943798661231995, 0.790189266204834]",10,1,-1,2.084936568280682e-05,True,"[178.1427, 163.0593, 156.8789]",163.0593,"[0.047576744109392166, 0.11883043497800827, 0.16098597645759583, 0.23903529345989227, 0.30488356947898865, 0.4012291729450226, 0.46484076976776123, 0.7530670166015625, 0.7859423756599426, 0.8905309438705444]",18,"[0.2063344568014145, 0.27633312344551086, 0.3697497546672821, 0.4662783741950989, 0.5450900197029114, 0.6532379388809204, 0.6896286010742188, 0.7932099103927612]",2,8,9,0.25,0.2222222222222222,0.23529411764705882,0.001755252480506897,0.003510504961013794,3,8,9,0.375,0.3333333333333333,0.35294117647058826,0.004377593596776326,0.01313278079032898,4,8,9,0.5,0.4444444444444444,0.47058823529411764,0.006447702646255493,0.025790810585021973,6,8,9,0.75,0.6666666666666666,0.7058823529411765,0.022312780221303303,0.13387668132781982,"[0.03230508416891098, 0.10601302981376648, 0.14399315416812897, 0.2209516018629074, 0.29840314388275146, 0.40711817145347595, 0.4696473479270935, 0.7458365559577942, 0.7886902689933777, 0.9079130291938782]",4,10,9,0.4,0.4444444444444444,0.4210526315789474,0.0025109052658081055,0.010043621063232422,5,10,9,0.5,0.5555555555555556,0.5263157894736842,0.0031936049461364748,0.015968024730682373,7,10,9,0.7,0.7777777777777778,0.7368421052631577,0.005909728152411324,0.04136809706687927,9,10,9,0.9,1.0,0.9473684210526316,0.012022747761673398,0.10820472985506058
124,20124,250,14,10,28,"[0.052056651562452316, 0.14171744883060455, 0.190114825963974, 0.25171515345573425, 0.32795509696006775, 0.39780616760253906, 0.46220484375953674, 0.5313655734062195, 0.5888437032699585, 0.6733623743057251, 0.7212101817131042, 0.7698413729667664, 0.830563485622406, 0.9145334362983704]","[0.052056651562452316, 0.190114825963974, 0.25171515345573425, 0.32795509696006775, 0.39780616760253906, 0.46220484375953674, 0.5313655734062195, 0.6733623743057251, 0.7698413729667664, 0.830563485622406]","[0.020071566104888916, 0.05183898285031319, 0.08685261756181717, 0.12859848141670227, 0.17339417338371277, 0.2155752182006836, 0.25189509987831116, 0.2916197180747986, 0.3267771303653717, 0.3600750267505646, 0.3934774398803711, 0.429451048374176, 0.4665660560131073, 0.5021218657493591, 0.5361725091934204, 0.5680176615715027, 0.5989021062850952, 0.6294384598731995, 0.6608525514602661, 0.6923417448997498, 0.7245808243751526, 0.7566084861755371, 0.7869458794593811, 0.8160412907600403, 0.8456389904022217, 0.8771647214889526, 0.9117856621742249, 0.9493999481201172]",0.010919609107077122,"[""ours_then_hard"", ""ours_then_hard"", ""ours_then_hard""]",10,0,-4,0.00011754583101719618,False,"[19.2535, 13.961, 17.8921]",17.8921,"[0.24446770548820496, 0.2885757386684418, 0.33889466524124146, 0.3812068998813629, 0.46294116973876953, 0.5081856846809387, 0.5584373474121094, 0.6544566750526428, 0.7602612376213074, 0.8204305171966553]",13,3,-1,2.4580915123806335e-05,True,"[135.9482, 140.3335, 149.7988]",140.3335,"[0.05183898285031319, 0.17339417338371277, 0.2155752182006836, 0.25189509987831116, 0.3267771303653717, 0.3934774398803711, 0.429451048374176, 0.5989021062850952, 0.6294384598731995, 0.6608525514602661, 0.7869458794593811, 0.8771647214889526, 0.9117856621742249]",15,"[0.23380959033966064, 0.2878817617893219, 0.33946532011032104, 0.3882661759853363, 0.4776442050933838, 0.5121340751647949, 0.5566871166229248, 0.6454934477806091, 0.7440754175186157, 0.8149808049201965]",0,10,10,0.0,0.0,0.0,,0.0,1,10,10,0.1,0.1,0.10000000000000002,0.009539991617202759,0.009539991617202759,6,10,10,0.6,0.6,0.6,0.014868219693501791,0.08920931816101074,9,10,10,0.9,0.9,0.9,0.022755556636386447,0.20480000972747803,"[0.037494998425245285, 0.15449465811252594, 0.19636958837509155, 0.24253052473068237, 0.32866761088371277, 0.3985866606235504, 0.44261422753334045, 0.5969175696372986, 0.6275716423988342, 0.6504446268081665, 0.7721714377403259, 0.8773643970489502, 0.9140560030937195]",3,13,10,0.23076923076923078,0.3,0.2608695652173913,0.0012743572394053142,0.0038230717182159424,5,13,10,0.38461538461538464,0.5,0.4347826086956522,0.003852492570877075,0.019262462854385376,7,13,10,0.5384615384615384,0.7,0.608695652173913,0.007630676031112671,0.053414732217788696,9,13,10,0.6923076923076923,0.9,0.7826086956521738,0.01948575344350603,0.17537178099155426
1015,21015,251,5,4,28,"[0.21713081002235413, 0.4408752918243408, 0.5715060234069824, 0.757860541343689, 0.9128890037536621]","[0.21713081002235413, 0.4408752918243408, 0.757860541343689, 0.9128890037536621]","[0.020235881209373474, 0.050854235887527466, 0.08454623818397522, 0.12163654714822769, 0.16149137914180756, 0.20177753269672394, 0.23636382818222046, 0.26855456829071045, 0.2997402846813202, 0.3324967622756958, 0.3656378388404846, 0.3981851041316986, 0.43004870414733887, 0.46165603399276733, 0.4927147328853607, 0.524390697479248, 0.5562606453895569, 0.5881285071372986, 0.620266854763031, 0.6530922055244446, 0.6874557733535767, 0.7236877679824829, 0.7602025270462036, 0.7943410277366638, 0.8265511989593506, 0.8613541126251221, 0.9005023837089539, 0.9430004358291626]",0.029650311917066574,"[""ours_then_hard"", ""hard_then_ours"", ""ours_then_hard""]",9,5,4,1.9348573914612643e-05,True,"[19.3457, 16.1072, 16.0012]",16.1072,"[0.17617914080619812, 0.3459339737892151, 0.4178961515426636, 0.4990265667438507, 0.5591269135475159, 0.6018035411834717, 0.7252523899078369, 0.8201878070831299, 0.8688535690307617]",6,2,1,2.3576043531647883e-05,True,"[202.8762, 214.1182, 196.2238]",202.8762,"[0.26855456829071045, 0.3324967622756958, 0.620266854763031, 0.6874557733535767, 0.8265511989593506, 0.9430004358291626]",22,"[0.1736847162246704, 0.36677706241607666, 0.44908344745635986, 0.5424721837043762, 0.6033689975738525, 0.6463075876235962, 0.7704200744628906, 0.8473783135414124, 0.8921820521354675]",0,9,4,0.0,0.0,0.0,,0.0,1,9,4,0.1111111111111111,0.25,0.15384615384615383,0.008208155632019043,0.008208155632019043,2,9,4,0.2222222222222222,0.5,0.30769230769230765,0.010383844375610352,0.020767688751220703,4,9,4,0.4444444444444444,1.0,0.6153846153846153,0.02123018354177475,0.084920734167099,"[0.27565088868141174, 0.3539130985736847, 0.6654462218284607, 0.7407426834106445, 0.8525416254997253, 0.9478164315223694]",0,6,4,0.0,0.0,0.0,,0.0,0,6,4,0.0,0.0,0.0,,0.0,1,6,4,0.16666666666666666,0.25,0.2,0.017117857933044434,0.017117857933044434,2,6,4,0.3333333333333333,0.5,0.4,0.026022642850875854,0.05204528570175171
437,20437,252,17,9,28,"[0.037759773433208466, 0.10525491088628769, 0.1503647267818451, 0.20923274755477905, 0.2680591940879822, 0.32848355174064636, 0.3825961947441101, 0.4539352357387543, 0.49984079599380493, 0.5398505926132202, 0.5764431357383728, 0.6203076839447021, 0.6937680244445801, 0.7709403038024902, 0.8087684512138367, 0.875616192817688, 0.9426954984664917]","[0.037759773433208466, 0.1503647267818451, 0.3825961947441101, 0.4539352357387543, 0.5398505926132202, 0.5764431357383728, 0.7709403038024902, 0.8087684512138367, 0.875616192817688]","[0.02167227305471897, 0.05506137013435364, 0.0922122448682785, 0.13412418961524963, 0.17868320643901825, 0.22101983428001404, 0.2571955621242523, 0.292705237865448, 0.3270414471626282, 0.3603993058204651, 0.39312943816185, 0.42539066076278687, 0.45797795057296753, 0.49015194177627563, 0.5215332508087158, 0.5521106719970703, 0.5822535753250122, 0.6126038432121277, 0.6438245177268982, 0.6756433844566345, 0.7091681361198425, 0.7434136867523193, 0.7758647203445435, 0.8061180114746094, 0.8360528349876404, 0.8685685396194458, 0.9051722288131714, 0.9454350471496582]",0.011204628273844719,"[""ours_then_hard"", ""ours_then_hard"", ""ours_then_hard""]",12,3,-5,6.22690495220013e-05,False,"[18.227, 20.7711, 17.8802]",18.227,"[0.1601073294878006, 0.21926575899124146, 0.2744978666305542, 0.32153141498565674, 0.3548958897590637, 0.4079003930091858, 0.48754391074180603, 0.5331687927246094, 0.6091398596763611, 0.6856446266174316, 0.7208491563796997, 0.7715767025947571]",9,0,-8,2.252915146527812e-05,True,"[176.8305, 190.2158, 171.5867]",176.8305,"[0.05506137013435364, 0.17868320643901825, 0.22101983428001404, 0.42539066076278687, 0.45797795057296753, 0.5215332508087158, 0.6438245177268982, 0.7758647203445435, 0.8061180114746094]",19,"[0.15370750427246094, 0.2139987051486969, 0.2696976363658905, 0.315799742937088, 0.3458743691444397, 0.3920592665672302, 0.48053160309791565, 0.5260112285614014, 0.58619225025177, 0.6671579480171204, 0.7094414830207825, 0.765055775642395]",1,12,9,0.08333333333333333,0.1111111111111111,0.09523809523809525,0.0033427774906158447,0.0033427774906158447,4,12,9,0.3333333333333333,0.4444444444444444,0.380952380952381,0.007109872996807098,0.028439491987228394,5,12,9,0.4166666666666667,0.5555555555555556,0.4761904761904762,0.008455771207809448,0.04227885603904724,6,12,9,0.5,0.6666666666666666,0.5714285714285715,0.016022329529126484,0.09613397717475891,"[0.05059853568673134, 0.17664331197738647, 0.21571306884288788, 0.4136359393596649, 0.44737258553504944, 0.5124123692512512, 0.6189465522766113, 0.7685301303863525, 0.8002364635467529]",1,9,9,0.1111111111111111,0.1111111111111111,0.1111111111111111,0.0024101734161376953,0.0024101734161376953,3,9,9,0.3333333333333333,0.3333333333333333,0.3333333333333333,0.00583493709564209,0.01750481128692627,4,9,9,0.4444444444444444,0.4444444444444444,0.4444444444444444,0.007585893385112286,0.030343573540449142,8,9,9,0.8888888888888888,0.8888888888888888,0.8888888888888888,0.019700442906469107,0.15760354325175285
74,20074,253,8,5,28,"[0.12286658585071564, 0.24326194822788239, 0.2969949245452881, 0.4185522794723511, 0.47842082381248474, 0.5934190154075623, 0.7063655257225037, 0.8432248830795288]","[0.2969949245452881, 0.4185522794723511, 0.47842082381248474, 0.7063655257225037, 0.8432248830795288]","[0.018869254738092422, 0.04707121104001999, 0.07916367799043655, 0.1161453127861023, 0.15590238571166992, 0.1960277557373047, 0.2309584766626358, 0.26413431763648987, 0.2942967414855957, 0.3239266574382782, 0.3543311059474945, 0.3835853934288025, 0.4148118495941162, 0.4467138946056366, 0.47798240184783936, 0.5086814165115356, 0.5397307872772217, 0.5711772441864014, 0.6037841439247131, 0.6370323896408081, 0.6714143753051758, 0.707597017288208, 0.7450056076049805, 0.781359851360321, 0.8152301907539368, 0.850989043712616, 0.8924522399902344, 0.9382967948913574]",0.019763436168432236,"[""hard_then_ours"", ""ours_then_hard"", ""hard_then_ours""]",6,1,-2,3.0264011002145708e-05,False,"[19.7407, 15.995, 14.0273]",15.995,"[0.2370034158229828, 0.3789873719215393, 0.42083171010017395, 0.5164933800697327, 0.6942026615142822, 0.7997077107429504]",9,4,1,1.951080048456788e-05,True,"[203.7442, 182.8912, 181.3379]",182.8912,"[0.07916367799043655, 0.1960277557373047, 0.2309584766626358, 0.26413431763648987, 0.3835853934288025, 0.4148118495941162, 0.6037841439247131, 0.6370323896408081, 0.781359851360321]",19,"[0.2143763303756714, 0.34865719079971313, 0.3943343758583069, 0.5016369819641113, 0.6957221627235413, 0.8207759857177734]",0,6,5,0.0,0.0,0.0,,0.0,0,6,5,0.0,0.0,0.0,,0.0,1,6,5,0.16666666666666666,0.2,0.1818181818181818,0.010643362998962402,0.010643362998962402,4,6,5,0.6666666666666666,0.8,0.7272727272727272,0.020131580531597137,0.08052632212638855,"[0.056844327598810196, 0.17843015491962433, 0.20845234394073486, 0.24677976965904236, 0.35417482256889343, 0.3884250521659851, 0.5964851379394531, 0.6370648741722107, 0.7999314069747925]",0,9,5,0.0,0.0,0.0,,0.0,0,9,5,0.0,0.0,0.0,,0.0,0,9,5,0.0,0.0,0.0,,0.0,2,9,5,0.2222222222222222,0.4,0.2857142857142857,0.03671035170555115,0.0734207034111023
495,20495,254,14,8,28,"[0.05146435648202896, 0.10555090755224228, 0.16864290833473206, 0.21501222252845764, 0.28568071126937866, 0.36106622219085693, 0.4118731915950775, 0.4996110796928406, 0.5638303756713867, 0.65239417552948, 0.6948617100715637, 0.7573642730712891, 0.828343391418457, 0.9148802757263184]","[0.05146435648202896, 0.16864290833473206, 0.21501222252845764, 0.4118731915950775, 0.5638303756713867, 0.65239417552948, 0.6948617100715637, 0.828343391418457]","[0.017537541687488556, 0.04393645375967026, 0.07391997426748276, 0.10802675783634186, 0.14540715515613556, 0.1839771717786789, 0.2204660177230835, 0.25432366132736206, 0.28625479340553284, 0.31960397958755493, 0.35368508100509644, 0.38641294836997986, 0.41941332817077637, 0.4517127275466919, 0.48344841599464417, 0.5151054263114929, 0.5468815565109253, 0.5790009498596191, 0.6113722920417786, 0.6439748406410217, 0.6778149008750916, 0.713571310043335, 0.7499805688858032, 0.7842077612876892, 0.8166937828063965, 0.852145254611969, 0.8926997184753418, 0.9379342794418335]",0.0052177999168634415,"[""ours_then_hard"", ""ours_then_hard"", ""ours_then_hard""]",8,0,-6,7.533311872975901e-05,False,"[16.6504, 21.042, 18.4146]",18.4146,"[0.19549019634723663, 0.22746559977531433, 0.2805306911468506, 0.3393391966819763, 0.39515772461891174, 0.5087693929672241, 0.6248051524162292, 0.7721034288406372]",8,0,-6,2.3810482161934488e-05,True,"[190.4571, 183.0358, 173.8542]",183.0358,"[0.07391997426748276, 0.1839771717786789, 0.28625479340553284, 0.38641294836997986, 0.5790009498596191, 0.6439748406410217, 0.6778149008750916, 0.852145254611969]",20,"[0.1980925351381302, 0.22935734689235687, 0.2812756896018982, 0.3437056541442871, 0.4033730924129486, 0.5135265588760376, 0.6341389417648315, 0.7685863375663757]",0,8,8,0.0,0.0,0.0,,0.0,1,8,8,0.125,0.125,0.125,0.008500099182128906,0.008500099182128906,3,8,8,0.375,0.375,0.375,0.014558340112368265,0.0436750203371048,4,8,8,0.5,0.5,0.5,0.017637521028518677,0.07055008411407471,"[0.07584797590970993, 0.18804536759853363, 0.2886606454849243, 0.39465808868408203, 0.5774083137512207, 0.6506234407424927, 0.6883451342582703, 0.8502271771430969]",1,8,8,0.125,0.125,0.125,0.0017707347869873047,0.0017707347869873047,2,8,8,0.25,0.25,0.25,0.004143655300140381,0.008287310600280762,5,8,8,0.625,0.625,0.625,0.01169656217098236,0.058482810854911804,7,8,8,0.875,0.875,0.875,0.014964316572461809,0.10475021600723267
201,20201,255,19,12,28,"[0.05916060879826546, 0.09415736794471741, 0.1293860822916031, 0.19172464311122894, 0.2244732528924942, 0.2586563229560852, 0.30058178305625916, 0.374195396900177, 0.4312908351421356, 0.47163763642311096, 0.5412920117378235, 0.5867426991462708, 0.6220638751983643, 0.6638054847717285, 0.723341166973114, 0.7746299505233765, 0.8350688815116882, 0.9018157720565796, 0.9544004201889038]","[0.05916060879826546, 0.1293860822916031, 0.2244732528924942, 0.2586563229560852, 0.30058178305625916, 0.4312908351421356, 0.47163763642311096, 0.6220638751983643, 0.6638054847717285, 0.7746299505233765, 0.8350688815116882, 0.9544004201889038]","[0.020135385915637016, 0.050892166793346405, 0.08530164510011673, 0.12477865070104599, 0.16876277327537537, 0.2102544754743576, 0.24574410915374756, 0.27972686290740967, 0.3124600648880005, 0.34485024213790894, 0.37626218795776367, 0.40744227170944214, 0.4394274055957794, 0.4709915518760681, 0.5017502307891846, 0.5318337082862854, 0.5618691444396973, 0.5939545631408691, 0.6263415217399597, 0.6590762734413147, 0.6931508183479309, 0.7283578515052795, 0.7631579637527466, 0.7961648106575012, 0.8279772400856018, 0.8620657324790955, 0.9004835486412048, 0.9427797198295593]",0.01388385146856308,"[""ours_then_hard"", ""hard_then_ours"", ""hard_then_ours""]",17,5,-2,2.9815613743267022e-05,False,"[19.2434, 14.5881, 24.2207]",19.2434,"[0.07372274249792099, 0.1187368631362915, 0.1899862140417099, 0.2365945726633072, 0.2797542214393616, 0.3230406641960144, 0.38683584332466125, 0.45465126633644104, 0.4811984598636627, 0.4981446862220764, 0.516776442527771, 0.5791955590248108, 0.6587595343589783, 0.6945722103118896, 0.804799497127533, 0.8625717759132385, 0.9066584706306458]",14,2,-5,2.2843398255645297e-05,True,"[144.8785, 140.1043, 173.3345]",144.8785,"[0.050892166793346405, 0.12477865070104599, 0.24574410915374756, 0.27972686290740967, 0.34485024213790894, 0.37626218795776367, 0.4394274055957794, 0.5618691444396973, 0.6263415217399597, 0.6590762734413147, 0.7283578515052795, 0.7631579637527466, 0.8620657324790955, 0.9004835486412048]",14,"[0.0680813267827034, 0.1134023666381836, 0.17381103336811066, 0.2164367288351059, 0.2569408118724823, 0.2895662486553192, 0.3644908368587494, 0.44926178455352783, 0.47058361768722534, 0.4808441698551178, 0.49722719192504883, 0.5673914551734924, 0.658602237701416, 0.691215455532074, 0.8028910756111145, 0.8659071326255798, 0.9178788065910339]",2,17,12,0.11764705882352941,0.16666666666666666,0.13793103448275862,0.0013847649097442627,0.0027695298194885254,5,17,12,0.29411764705882354,0.4166666666666667,0.3448275862068966,0.0049860037863254545,0.024930018931627274,8,17,12,0.47058823529411764,0.6666666666666666,0.5517241379310345,0.008737527299672365,0.06990021839737892,12,17,12,0.7058823529411765,1.0,0.8275862068965517,0.01868885786583026,0.22426629438996315,"[0.04415448382496834, 0.1176239475607872, 0.22534500062465668, 0.25691846013069153, 0.31291794776916504, 0.3502616882324219, 0.43487274646759033, 0.5464507937431335, 0.6207112073898315, 0.6589308977127075, 0.7294477224349976, 0.7615124583244324, 0.8653801679611206, 0.9123159050941467]",5,14,12,0.35714285714285715,0.4166666666666667,0.3846153846153846,0.002483755350112915,0.012418776750564575,5,14,12,0.35714285714285715,0.4166666666666667,0.3846153846153846,0.002483755350112915,0.012418776750564575,9,14,12,0.6428571428571429,0.75,0.6923076923076924,0.007182299262947506,0.06464069336652756,11,14,12,0.7857142857142857,0.9166666666666666,0.8461538461538461,0.015372839163650166,0.16910123080015182
412,20412,256,11,7,28,"[0.0938715785741806, 0.16686709225177765, 0.24333330988883972, 0.3224499821662903, 0.39497050642967224, 0.44890207052230835, 0.5372486114501953, 0.6292226314544678, 0.7152083516120911, 0.811592698097229, 0.9132573008537292]","[0.0938715785741806, 0.24333330988883972, 0.3224499821662903, 0.39497050642967224, 0.5372486114501953, 0.6292226314544678, 0.811592698097229]","[0.020950619131326675, 0.052946846932172775, 0.0887562483549118, 0.12882569432258606, 0.17274296283721924, 0.21366265416145325, 0.2500092089176178, 0.28545016050338745, 0.31817740201950073, 0.3520226776599884, 0.3847109377384186, 0.41539955139160156, 0.44518762826919556, 0.4744723439216614, 0.5040150284767151, 0.5342168211936951, 0.5644977688789368, 0.5947763323783875, 0.6253920197486877, 0.6569060683250427, 0.6900450587272644, 0.7248299717903137, 0.7600300908088684, 0.7935333251953125, 0.8259614109992981, 0.860768735408783, 0.8997113704681396, 0.9423350095748901]",0.01763497106730938,"[""ours_then_hard"", ""ours_then_hard"", ""hard_then_ours""]",7,0,-4,3.695001942105591e-05,False,"[17.9605, 17.9223, 20.1126]",17.9605,"[0.23195359110832214, 0.3233797550201416, 0.3751014173030853, 0.4301811158657074, 0.5267399549484253, 0.5932215452194214, 0.7006059288978577]",7,0,-4,2.4479579224134795e-05,True,"[212.892, 257.6017, 363.513]",257.6017,"[0.28545016050338745, 0.3520226776599884, 0.3847109377384186, 0.5947763323783875, 0.6900450587272644, 0.7248299717903137, 0.7600300908088684]",21,"[0.20580406486988068, 0.2992480397224426, 0.3579621911048889, 0.4198739528656006, 0.5103241801261902, 0.5748271942138672, 0.6933530569076538]",0,7,7,0.0,0.0,0.0,,0.0,0,7,7,0.0,0.0,0.0,,0.0,0,7,7,0.0,0.0,0.0,,0.0,4,7,7,0.5714285714285714,0.5714285714285714,0.5714285714285714,0.03116598352789879,0.12466393411159515,"[0.26205599308013916, 0.3318990170955658, 0.36902451515197754, 0.5763412117958069, 0.6837812662124634, 0.7088714241981506, 0.7565532922744751]",0,7,7,0.0,0.0,0.0,,0.0,1,7,7,0.14285714285714285,0.14285714285714285,0.14285714285714285,0.009449034929275513,0.009449034929275513,2,7,7,0.2857142857142857,0.2857142857142857,0.2857142857142857,0.014085859060287476,0.02817171812057495,4,7,7,0.5714285714285714,0.5714285714285714,0.5714285714285714,0.023302577435970306,0.09321030974388123
585,20585,257,20,12,28,"[0.044973015785217285, 0.08144493401050568, 0.12645742297172546, 0.18195520341396332, 0.23867225646972656, 0.2784217298030853, 0.31650587916374207, 0.3661469519138336, 0.40802931785583496, 0.4501901865005493, 0.5055186748504639, 0.538129448890686, 0.5966579914093018, 0.6497235298156738, 0.6799163222312927, 0.7484392523765564, 0.8116869926452637, 0.858724057674408, 0.8979549407958984, 0.9572990536689758]","[0.12645742297172546, 0.23867225646972656, 0.2784217298030853, 0.3661469519138336, 0.40802931785583496, 0.5055186748504639, 0.538129448890686, 0.6497235298156738, 0.6799163222312927, 0.8116869926452637, 0.858724057674408, 0.9572990536689758]","[0.01779852621257305, 0.044035930186510086, 0.07408192753791809, 0.10779807716608047, 0.14608697593212128, 0.18388444185256958, 0.22026625275611877, 0.2533235549926758, 0.28445106744766235, 0.31686195731163025, 0.34662511944770813, 0.3764244318008423, 0.405720055103302, 0.43703216314315796, 0.46706536412239075, 0.4968632757663727, 0.5270676016807556, 0.5581749677658081, 0.5910402536392212, 0.6247665882110596, 0.6596694588661194, 0.6964192986488342, 0.7354875802993774, 0.7740187644958496, 0.8087151050567627, 0.844165027141571, 0.8867185711860657, 0.934639573097229]",0.022846387699246407,"[""hard_then_ours"", ""ours_then_hard"", ""ours_then_hard""]",11,-1,-9,9.179956396110356e-05,False,"[23.2495, 18.4235, 18.1211]",18.4235,"[0.16140158474445343, 0.22153125703334808, 0.252302885055542, 0.3400111198425293, 0.40896865725517273, 0.48596084117889404, 0.5578745007514954, 0.6222115755081177, 0.700140118598938, 0.7737338542938232, 0.794529139995575]",14,2,-6,2.3322087145061232e-05,True,"[219.3528, 152.4937, 151.6263]",152.4937,"[0.14608697593212128, 0.2533235549926758, 0.28445106744766235, 0.34662511944770813, 0.3764244318008423, 0.46706536412239075, 0.4968632757663727, 0.5910402536392212, 0.6247665882110596, 0.6596694588661194, 0.7740187644958496, 0.8087151050567627, 0.8867185711860657, 0.934639573097229]",14,"[0.1390129029750824, 0.20755165815353394, 0.23458397388458252, 0.31246504187583923, 0.37254250049591064, 0.4502253830432892, 0.5259209871292114, 0.5896787047386169, 0.6743826866149902, 0.7628321647644043, 0.7837572693824768]",1,11,12,0.09090909090909091,0.08333333333333333,0.08695652173913043,0.004088282585144043,0.004088282585144043,3,11,12,0.2727272727272727,0.25,0.2608695652173913,0.0053391555945078535,0.01601746678352356,5,11,12,0.45454545454545453,0.4166666666666667,0.43478260869565216,0.008156281709671021,0.0407814085483551,8,11,12,0.7272727272727273,0.6666666666666666,0.6956521739130435,0.02875271812081337,0.23002174496650696,"[0.12215546518564224, 0.2357359230518341, 0.26390591263771057, 0.31851333379745483, 0.3485322892665863, 0.42856067419052124, 0.46204981207847595, 0.5595039129257202, 0.593020498752594, 0.6326130628585815, 0.7630890011787415, 0.797196090221405, 0.8759992122650146, 0.9320902824401855]",2,14,12,0.14285714285714285,0.16666666666666666,0.15384615384615383,0.0036191456019878387,0.0072382912039756775,2,14,12,0.14285714285714285,0.16666666666666666,0.15384615384615383,0.0036191456019878387,0.0072382912039756775,7,14,12,0.5,0.5833333333333334,0.5384615384615384,0.012606470712593623,0.08824529498815536,11,14,12,0.7857142857142857,0.9166666666666666,0.8461538461538461,0.023904981260949917,0.26295479387044907
725,20725,258,9,7,28,"[0.09938888251781464, 0.15114125609397888, 0.3116609752178192, 0.4167010188102722, 0.5345047116279602, 0.6651923656463623, 0.776290237903595, 0.8619135022163391, 0.9202679991722107]","[0.09938888251781464, 0.15114125609397888, 0.3116609752178192, 0.5345047116279602, 0.6651923656463623, 0.776290237903595, 0.9202679991722107]","[0.019022610038518906, 0.04760143533349037, 0.08055020123720169, 0.1184147521853447, 0.1600809246301651, 0.2006293684244156, 0.2345895916223526, 0.26631996035575867, 0.29728174209594727, 0.328402042388916, 0.3573896288871765, 0.3866746425628662, 0.41628900170326233, 0.4460110068321228, 0.47485002875328064, 0.5037028193473816, 0.53233402967453, 0.5627656579017639, 0.5940062999725342, 0.6255522966384888, 0.6587390303611755, 0.6945902705192566, 0.732884407043457, 0.7708622217178345, 0.806313693523407, 0.8427528738975525, 0.8857370018959045, 0.9341869950294495]",0.02743956446647644,"[""ours_then_hard"", ""ours_then_hard"", ""hard_then_ours""]",7,0,-2,0.00026058792718686163,False,"[14.4275, 17.5719, 18.3691]",17.5719,"[0.38233402371406555, 0.5695019960403442, 0.6220610737800598, 0.7348335385322571, 0.8083465099334717, 0.8420020341873169, 0.8885263800621033]",7,0,-2,2.401762867521029e-05,True,"[236.8608, 242.7379, 247.2853]",242.7379,"[0.2006293684244156, 0.2345895916223526, 0.3866746425628662, 0.41628900170326233, 0.6255522966384888, 0.732884407043457, 0.8857370018959045]",21,"[0.3829778730869293, 0.6033462285995483, 0.66669762134552, 0.7840407490730286, 0.8509390950202942, 0.8795976638793945, 0.9182969927787781]",2,7,7,0.2857142857142857,0.2857142857142857,0.2857142857142857,0.001738131046295166,0.003476262092590332,3,7,7,0.42857142857142855,0.42857142857142855,0.42857142857142855,0.003742257754007975,0.011226773262023926,3,7,7,0.42857142857142855,0.42857142857142855,0.42857142857142855,0.003742257754007975,0.011226773262023926,3,7,7,0.42857142857142855,0.42857142857142855,0.42857142857142855,0.01664203405380249,0.04992610216140747,"[0.18487666547298431, 0.22578541934490204, 0.3892475366592407, 0.4273635447025299, 0.6708913445472717, 0.7819029092788696, 0.915770411491394]",1,7,7,0.14285714285714285,0.14285714285714285,0.14285714285714285,0.00449758768081665,0.00449758768081665,3,7,7,0.42857142857142855,0.42857142857142855,0.42857142857142855,0.005269745985666911,0.015809237957000732,3,7,7,0.42857142857142855,0.42857142857142855,0.42857142857142855,0.005269745985666911,0.015809237957000732,4,7,7,0.5714285714285714,0.5714285714285714,0.5714285714285714,0.012386161834001541,0.049544647336006165
367,20367,259,19,12,28,"[0.061278410255908966, 0.11016096919775009, 0.15745466947555542, 0.21575188636779785, 0.2730269432067871, 0.32157909870147705, 0.3601416349411011, 0.40786680579185486, 0.45694485306739807, 0.4911961257457733, 0.5504609942436218, 0.6074397563934326, 0.6552523374557495, 0.6959063410758972, 0.7397568225860596, 0.7801788449287415, 0.8349290490150452, 0.8847313523292542, 0.9392186403274536]","[0.061278410255908966, 0.15745466947555542, 0.2730269432067871, 0.32157909870147705, 0.40786680579185486, 0.45694485306739807, 0.4911961257457733, 0.6074397563934326, 0.6959063410758972, 0.7397568225860596, 0.8349290490150452, 0.8847313523292542]","[0.017722569406032562, 0.04380226880311966, 0.07401563972234726, 0.10776384174823761, 0.1473441869020462, 0.18561683595180511, 0.21920087933540344, 0.24857449531555176, 0.28259941935539246, 0.3115803897380829, 0.3447284400463104, 0.37661048769950867, 0.40849944949150085, 0.44050708413124084, 0.4722288250923157, 0.5034297704696655, 0.5360349416732788, 0.5681872367858887, 0.600648820400238, 0.6339356899261475, 0.669958233833313, 0.7085816264152527, 0.7475332021713257, 0.7828289270401001, 0.8146827816963196, 0.8491963148117065, 0.8897491693496704, 0.935951292514801]",0.01498794462531805,"[""ours_then_hard"", ""hard_then_ours"", ""ours_then_hard""]",14,2,-5,8.901517139747739e-05,False,"[18.5539, 20.7633, 18.539]",18.5539,"[0.08696449548006058, 0.14812800288200378, 0.20170871913433075, 0.24808025360107422, 0.37033623456954956, 0.38945895433425903, 0.4473665952682495, 0.5217493772506714, 0.5689399242401123, 0.5974376797676086, 0.690605878829956, 0.7305477261543274, 0.7589154839515686, 0.8249940872192383]",15,3,-4,2.3981023332453333e-05,True,"[150.1449, 171.4895, 190.5701]",171.4895,"[0.10776384174823761, 0.18561683595180511, 0.28259941935539246, 0.3447284400463104, 0.37661048769950867, 0.44050708413124084, 0.4722288250923157, 0.5034297704696655, 0.5360349416732788, 0.600648820400238, 0.7085816264152527, 0.7828289270401001, 0.8146827816963196, 0.8491963148117065, 0.935951292514801]",13,"[0.07821015268564224, 0.13270702958106995, 0.18862619996070862, 0.23362351953983307, 0.3569068908691406, 0.3722217381000519, 0.42483341693878174, 0.5177446603775024, 0.5706566572189331, 0.6008620858192444, 0.7141223549842834, 0.7502965927124023, 0.7733349204063416, 0.8372012972831726]",1,14,12,0.07142857142857142,0.08333333333333333,0.07692307692307691,0.0022722482681274414,0.0022722482681274414,2,14,12,0.14285714285714285,0.16666666666666666,0.15384615384615383,0.004424959421157837,0.008849918842315674,6,14,12,0.42857142857142855,0.5,0.4615384615384615,0.01191734274228414,0.07150405645370483,11,14,12,0.7857142857142857,0.9166666666666666,0.8461538461538461,0.02532061528075825,0.27852676808834076,"[0.09288031607866287, 0.17162573337554932, 0.264889657497406, 0.3254025876522064, 0.36241117119789124, 0.4141418933868408, 0.45591843128204346, 0.492793470621109, 0.5319655537605286, 0.6047679781913757, 0.7276934385299683, 0.7955957055091858, 0.8297566175460815, 0.8586180806159973, 0.9538220763206482]",4,15,12,0.26666666666666666,0.3333333333333333,0.2962962962962963,0.0022797584533691406,0.009119033813476562,7,15,12,0.4666666666666667,0.5833333333333334,0.5185185185185186,0.004100548369543893,0.02870383858680725,9,15,12,0.6,0.75,0.6666666666666665,0.006104254060321384,0.054938286542892456,11,15,12,0.7333333333333333,0.9166666666666666,0.8148148148148148,0.02556141127239574,0.28117552399635315
188,20188,260,10,7,28,"[0.058288849890232086, 0.1434551179409027, 0.26392433047294617, 0.3631754517555237, 0.42428427934646606, 0.544671356678009, 0.64942467212677, 0.7457498908042908, 0.7981758713722229, 0.8792268633842468]","[0.058288849890232086, 0.1434551179409027, 0.3631754517555237, 0.42428427934646606, 0.64942467212677, 0.7457498908042908, 0.7981758713722229]","[0.019452828913927078, 0.04890916496515274, 0.08238024264574051, 0.11981774121522903, 0.16149447858333588, 0.20214511454105377, 0.23544782400131226, 0.2681620419025421, 0.3012232780456543, 0.3335114121437073, 0.3649095594882965, 0.3951844274997711, 0.4244335889816284, 0.4547136127948761, 0.48509863018989563, 0.5147973895072937, 0.5442511439323425, 0.5738543272018433, 0.6038788557052612, 0.6347157955169678, 0.6684879064559937, 0.7047021389007568, 0.742252767086029, 0.7779823541641235, 0.8116909265518188, 0.8482280969619751, 0.890069305896759, 0.9366269111633301]",0.021838318556547165,"[""ours_then_hard"", ""hard_then_ours"", ""ours_then_hard""]",8,1,-2,2.9908173019066453e-05,False,"[17.7435, 29.8878, 19.8854]",19.8854,"[0.14327484369277954, 0.20553116500377655, 0.3832423686981201, 0.43943503499031067, 0.536311149597168, 0.594800591468811, 0.6904390454292297, 0.7883101105690002]",7,0,-3,2.330117604287807e-05,True,"[205.318, 246.7376, 237.3446]",237.3446,"[0.16149447858333588, 0.3649095594882965, 0.4244335889816284, 0.5738543272018433, 0.6038788557052612, 0.7047021389007568, 0.742252767086029]",21,"[0.11549507826566696, 0.1892000287771225, 0.38150325417518616, 0.4522481858730316, 0.5638862252235413, 0.6248548626899719, 0.7228693962097168, 0.8102329969406128]",0,8,7,0.0,0.0,0.0,,0.0,0,8,7,0.0,0.0,0.0,,0.0,2,8,7,0.25,0.2857142857142857,0.26666666666666666,0.015192463994026184,0.030384927988052368,6,8,7,0.75,0.8571428571428571,0.7999999999999999,0.02229319637020429,0.13375917822122574,"[0.13583484292030334, 0.35777825117111206, 0.4318767786026001, 0.6039870381355286, 0.6312037706375122, 0.7373580932617188, 0.7648502588272095]",0,7,7,0.0,0.0,0.0,,0.0,4,7,7,0.5714285714285714,0.5714285714285714,0.5714285714285714,0.00725044310092926,0.02900177240371704,5,7,7,0.7142857142857143,0.7142857142857143,0.7142857142857143,0.00944453477859497,0.047222673892974854,6,7,7,0.8571428571428571,0.8571428571428571,0.8571428571428571,0.01796083648999532,0.10776501893997192
637,20637,261,16,11,28,"[0.06765691190958023, 0.12781909108161926, 0.1807113140821457, 0.23877990245819092, 0.2857311964035034, 0.35049113631248474, 0.4024583697319031, 0.4598703682422638, 0.5249692797660828, 0.5910903811454773, 0.6368621587753296, 0.7126480937004089, 0.7744978070259094, 0.8122196197509766, 0.8787139654159546, 0.9345217943191528]","[0.06765691190958023, 0.1807113140821457, 0.23877990245819092, 0.35049113631248474, 0.4024583697319031, 0.4598703682422638, 0.5910903811454773, 0.6368621587753296, 0.7744978070259094, 0.8122196197509766, 0.9345217943191528]","[0.018271826207637787, 0.047169629484415054, 0.07995392382144928, 0.11837809532880783, 0.16208289563655853, 0.20466747879981995, 0.24295750260353088, 0.27443137764930725, 0.308681458234787, 0.3411005139350891, 0.37093308568000793, 0.4019794464111328, 0.4330492913722992, 0.464764803647995, 0.49619656801223755, 0.5267284512519836, 0.5577569007873535, 0.5879349112510681, 0.6189815402030945, 0.651150107383728, 0.683914303779602, 0.7181998491287231, 0.7522358894348145, 0.7838447690010071, 0.8157650232315063, 0.8491775393486023, 0.8892505764961243, 0.9356671571731567]",0.022451376542448997,"[""hard_then_ours"", ""hard_then_ours"", ""ours_then_hard""]",12,1,-4,6.035839032847434e-05,False,"[18.1569, 17.5049, 16.2242]",17.5049,"[0.2047615647315979, 0.26899096369743347, 0.32060402631759644, 0.4828721582889557, 0.5270434021949768, 0.6119675636291504, 0.6764653921127319, 0.690945029258728, 0.7523752450942993, 0.7892343997955322, 0.8219150304794312, 0.9012050628662109]",12,1,-4,2.184228833357338e-05,True,"[167.9297, 161.9381, 161.3417]",161.9381,"[0.11837809532880783, 0.20466747879981995, 0.24295750260353088, 0.308681458234787, 0.4019794464111328, 0.4330492913722992, 0.464764803647995, 0.49619656801223755, 0.6189815402030945, 0.651150107383728, 0.8157650232315063, 0.9356671571731567]",16,"[0.1733749806880951, 0.24069923162460327, 0.2831970751285553, 0.4529859125614166, 0.507480263710022, 0.5958424210548401, 0.6673670411109924, 0.6879817247390747, 0.7560401558876038, 0.7922191619873047, 0.8224778771400452, 0.8898394107818604]",2,12,11,0.16666666666666666,0.18181818181818182,0.17391304347826086,0.0033356845378875732,0.0066713690757751465,4,12,11,0.3333333333333333,0.36363636363636365,0.34782608695652173,0.005223039537668228,0.020892158150672913,6,12,11,0.5,0.5454545454545454,0.5217391304347826,0.008268011113007864,0.04960806667804718,8,12,11,0.6666666666666666,0.7272727272727273,0.6956521739130435,0.016817191615700722,0.13453753292560577,"[0.09002193063497543, 0.17329411208629608, 0.21797192096710205, 0.27175387740135193, 0.3655584454536438, 0.39959847927093506, 0.42795515060424805, 0.46885132789611816, 0.6014546155929565, 0.6437317728996277, 0.8175576329231262, 0.928805410861969]",1,12,11,0.08333333333333333,0.09090909090909091,0.08695652173913043,0.0028598904609680176,0.0028598904609680176,6,12,11,0.5,0.5454545454545454,0.5217391304347826,0.006197010477383931,0.03718206286430359,8,12,11,0.6666666666666666,0.7272727272727273,0.6956521739130435,0.007826700806617737,0.0626136064529419,10,12,11,0.8333333333333334,0.9090909090909091,0.8695652173913043,0.016644267737865447,0.16644267737865448
572,20572,262,5,3,28,"[0.1651826798915863, 0.2782784700393677, 0.41218382120132446, 0.6156811714172363, 0.8444591164588928]","[0.2782784700393677, 0.41218382120132446, 0.8444591164588928]","[0.019499503076076508, 0.049157556146383286, 0.08232668042182922, 0.12008247524499893, 0.1608573943376541, 0.2004658281803131, 0.23641586303710938, 0.2681894600391388, 0.29943645000457764, 0.3303639888763428, 0.36067286133766174, 0.3909147381782532, 0.42115482687950134, 0.45153865218162537, 0.4819747805595398, 0.5127145051956177, 0.5439828634262085, 0.5758668780326843, 0.6082586050033569, 0.6411344408988953, 0.6752628087997437, 0.7109576463699341, 0.7475274801254272, 0.7828253507614136, 0.8163306713104248, 0.8516955375671387, 0.8918905258178711, 0.9369155764579773]",0.020744044333696365,"[""ours_then_hard"", ""hard_then_ours"", ""hard_then_ours""]",6,3,1,3.504301639623009e-05,False,"[19.9289, 19.4847, 19.83]",19.83,"[0.13064663112163544, 0.2170976847410202, 0.2595016658306122, 0.351802259683609, 0.4454989731311798, 0.54091477394104]",5,2,0,2.0905981727992184e-05,True,"[211.8381, 217.4605, 212.0989]",212.0989,"[0.12008247524499893, 0.1608573943376541, 0.29943645000457764, 0.36067286133766174, 0.7828253507614136]",23,"[0.11319148540496826, 0.1905011534690857, 0.23377707600593567, 0.34215033054351807, 0.4333033859729767, 0.5386137962341309]",0,6,3,0.0,0.0,0.0,,0.0,0,6,3,0.0,0.0,0.0,,0.0,0,6,3,0.0,0.0,0.0,,0.0,2,6,3,0.3333333333333333,0.6666666666666666,0.4444444444444444,0.032810479402542114,0.06562095880508423,"[0.10425382107496262, 0.1382455974817276, 0.27845656871795654, 0.3503005802631378, 0.8170822858810425]",1,5,3,0.2,0.3333333333333333,0.25,0.0001780986785888672,0.0001780986785888672,1,5,3,0.2,0.3333333333333333,0.25,0.0001780986785888672,0.0001780986785888672,1,5,3,0.2,0.3333333333333333,0.25,0.0001780986785888672,0.0001780986785888672,2,5,3,0.4,0.6666666666666666,0.5,0.013777464628219604,0.02755492925643921
190,20190,263,12,6,28,"[0.06001410260796547, 0.14515309035778046, 0.24045272171497345, 0.3257487416267395, 0.3921113610267639, 0.47250309586524963, 0.5550522804260254, 0.6213768720626831, 0.7195385694503784, 0.7623307704925537, 0.8342788219451904, 0.9035298228263855]","[0.14515309035778046, 0.24045272171497345, 0.3921113610267639, 0.5550522804260254, 0.7195385694503784, 0.9035298228263855]","[0.018598303198814392, 0.04649721458554268, 0.07810425758361816, 0.11393775790929794, 0.1531507968902588, 0.19230163097381592, 0.22666721045970917, 0.25714123249053955, 0.28827205300331116, 0.31878775358200073, 0.34963375329971313, 0.3804764449596405, 0.4115728437900543, 0.4430833160877228, 0.4749939441680908, 0.5066291093826294, 0.5390411019325256, 0.5720979571342468, 0.6056584119796753, 0.639521062374115, 0.6747232675552368, 0.7116695642471313, 0.7486668825149536, 0.7847951054573059, 0.8180995583534241, 0.8528929948806763, 0.8931306600570679, 0.9381563067436218]",0.015495767816901207,"[""ours_then_hard"", ""hard_then_ours"", ""hard_then_ours""]",3,-3,-9,0.0002675252326298505,False,"[18.8885, 15.5791, 16.0872]",16.0872,"[0.22810426354408264, 0.49499934911727905, 0.789129376411438]",6,0,-6,2.417050018266309e-05,True,"[200.8076, 192.2001, 200.9525]",200.8076,"[0.19230163097381592, 0.22666721045970917, 0.5390411019325256, 0.6747232675552368, 0.7847951054573059, 0.8528929948806763]",22,"[0.2177160233259201, 0.5032842755317688, 0.8046730756759644]",0,3,6,0.0,0.0,0.0,,0.0,0,3,6,0.0,0.0,0.0,,0.0,0,3,6,0.0,0.0,0.0,,0.0,1,3,6,0.3333333333333333,0.16666666666666666,0.2222222222222222,0.022736698389053345,0.022736698389053345,"[0.17327743768692017, 0.21604427695274353, 0.5486711263656616, 0.6946938037872314, 0.801047146320343, 0.8676576614379883]",0,6,6,0.0,0.0,0.0,,0.0,1,6,6,0.16666666666666666,0.16666666666666666,0.16666666666666666,0.0063811540603637695,0.0063811540603637695,1,6,6,0.16666666666666666,0.16666666666666666,0.16666666666666666,0.0063811540603637695,0.0063811540603637695,5,6,6,0.8333333333333334,0.8333333333333334,0.8333333333333334,0.023926174640655516,0.11963087320327759
718,20718,264,4,2,28,"[0.17166154086589813, 0.3751368522644043, 0.5552300810813904, 0.7995905876159668]","[0.17166154086589813, 0.7995905876159668]","[0.021084513515233994, 0.05379655212163925, 0.08979422599077225, 0.1292698234319687, 0.17014464735984802, 0.20938342809677124, 0.2454281598329544, 0.2782743275165558, 0.31054192781448364, 0.3421415686607361, 0.3734634518623352, 0.40459516644477844, 0.43545496463775635, 0.46608999371528625, 0.49636179208755493, 0.5263863205909729, 0.5563778877258301, 0.586661696434021, 0.6175707578659058, 0.6490596532821655, 0.6818923354148865, 0.7163823246955872, 0.7513731718063354, 0.7853236794471741, 0.8183344602584839, 0.8532857298851013, 0.893023669719696, 0.937539279460907]",0.023810386657714844,"[""hard_then_ours"", ""hard_then_ours"", ""ours_then_hard""]",4,2,0,5.020250682719052e-05,False,"[19.2806, 15.6922, 17.7214]",17.7214,"[0.26424717903137207, 0.43888741731643677, 0.6078840494155884, 0.7666924595832825]",7,5,3,2.3493319531553425e-05,True,"[199.7623, 187.5982, 185.9201]",187.5982,"[0.05379655212163925, 0.31054192781448364, 0.5563778877258301, 0.6175707578659058, 0.7853236794471741, 0.8183344602584839, 0.8532857298851013]",21,"[0.23979444801807404, 0.436675101518631, 0.6367565989494324, 0.8071734309196472]",0,4,2,0.0,0.0,0.0,,0.0,1,4,2,0.25,0.5,0.3333333333333333,0.00758284330368042,0.00758284330368042,1,4,2,0.25,0.5,0.3333333333333333,0.00758284330368042,0.00758284330368042,1,4,2,0.25,0.5,0.3333333333333333,0.00758284330368042,0.00758284330368042,"[0.038083892315626144, 0.29371100664138794, 0.5654261708259583, 0.647002637386322, 0.8223657608032227, 0.8514900803565979, 0.8868833780288696]",0,7,2,0.0,0.0,0.0,,0.0,0,7,2,0.0,0.0,0.0,,0.0,0,7,2,0.0,0.0,0.0,,0.0,1,7,2,0.14285714285714285,0.5,0.22222222222222224,0.02277517318725586,0.02277517318725586
487,20487,265,9,5,28,"[0.09400585293769836, 0.1661476492881775, 0.2843754291534424, 0.37613800168037415, 0.4575115144252777, 0.5493329763412476, 0.6705705523490906, 0.7848734855651855, 0.8557014465332031]","[0.09400585293769836, 0.2843754291534424, 0.37613800168037415, 0.5493329763412476, 0.7848734855651855]","[0.019666658714413643, 0.049295902252197266, 0.08297170698642731, 0.12093383073806763, 0.16201035678386688, 0.2021792232990265, 0.2377801388502121, 0.268968403339386, 0.298222154378891, 0.32658565044403076, 0.3571265637874603, 0.38702094554901123, 0.41632261872291565, 0.4455326795578003, 0.474540650844574, 0.5044726729393005, 0.536713182926178, 0.569548487663269, 0.6029272079467773, 0.6372361183166504, 0.6736621856689453, 0.7122287750244141, 0.750980794429779, 0.7864940762519836, 0.8194002509117126, 0.8546964526176453, 0.894790768623352, 0.9392291903495789]",0.014346522279083729,"[""hard_then_ours"", ""ours_then_hard"", ""hard_then_ours""]",10,5,1,3.2898988138185814e-05,False,"[17.8935, 18.1113, 16.3737]",17.8935,"[0.2286682426929474, 0.24991139769554138, 0.3743889033794403, 0.42748913168907166, 0.4663114547729492, 0.5885438919067383, 0.6437621712684631, 0.7527151703834534, 0.7700656652450562, 0.8179728388786316]",5,0,-4,2.0798555851797573e-05,True,"[209.9022, 206.0259, 226.0142]",209.9022,"[0.12093383073806763, 0.32658565044403076, 0.3571265637874603, 0.536713182926178, 0.750980794429779]",23,"[0.2131536602973938, 0.23812955617904663, 0.3694896697998047, 0.4309416711330414, 0.47573617100715637, 0.6052098870277405, 0.6631315350532532, 0.773665189743042, 0.7891654372215271, 0.8387572169303894]",1,10,5,0.1,0.2,0.13333333333333333,0.004291951656341553,0.004291951656341553,2,10,5,0.2,0.4,0.26666666666666666,0.005470141768455505,0.01094028353691101,2,10,5,0.2,0.4,0.26666666666666666,0.008928313851356506,0.017856627702713013,3,10,5,0.3,0.6,0.4,0.021367500225702923,0.06410250067710876,"[0.10328924655914307, 0.317677766084671, 0.35361891984939575, 0.5516965389251709, 0.7724215388298035]",1,5,5,0.2,0.2,0.20000000000000004,0.00236356258392334,0.00236356258392334,2,5,5,0.4,0.4,0.4000000000000001,0.005823478102684021,0.011646956205368042,3,5,5,0.6,0.6,0.6,0.008032967646916708,0.024098902940750122,5,5,5,1.0,1.0,1.0,0.01598406434059143,0.07992032170295715
704,20704,266,11,6,28,"[0.08310659974813461, 0.13393399119377136, 0.24953989684581757, 0.34347474575042725, 0.4278017282485962, 0.5292915105819702, 0.6086643934249878, 0.6564325094223022, 0.7430484294891357, 0.8413144946098328, 0.9301997423171997]","[0.08310659974813461, 0.13393399119377136, 0.4278017282485962, 0.6086643934249878, 0.6564325094223022, 0.9301997423171997]","[0.019248800352215767, 0.04868021607398987, 0.08229900151491165, 0.12100322544574738, 0.1637740433216095, 0.20607641339302063, 0.24318581819534302, 0.2760898470878601, 0.3085181713104248, 0.341818243265152, 0.374587744474411, 0.4063567817211151, 0.4375595152378082, 0.46826308965682983, 0.4992111623287201, 0.5304051041603088, 0.5617875456809998, 0.5938684344291687, 0.6263286471366882, 0.6590651869773865, 0.6929891109466553, 0.7280874848365784, 0.7638485431671143, 0.7970874905586243, 0.8280184268951416, 0.861267626285553, 0.8992763161659241, 0.941656768321991]",0.01666290871798992,"[""ours_then_hard"", ""hard_then_ours"", ""ours_then_hard""]",8,2,-3,3.3226697269128636e-05,False,"[14.4668, 19.7599, 16.1885]",16.1885,"[0.1855149269104004, 0.23045001924037933, 0.37853702902793884, 0.5204852819442749, 0.6589774489402771, 0.8219925165176392, 0.834416389465332, 0.8866045475006104]",7,1,-4,2.3122105631045997e-05,True,"[191.9793, 180.8975, 232.9195]",191.9793,"[0.08229900151491165, 0.20607641339302063, 0.4063567817211151, 0.5938684344291687, 0.6590651869773865, 0.6929891109466553, 0.8992763161659241]",21,"[0.1587914228439331, 0.217733234167099, 0.38449355959892273, 0.5327653884887695, 0.6760008931159973, 0.8514936566352844, 0.8635912537574768, 0.9065277576446533]",0,8,6,0.0,0.0,0.0,,0.0,0,8,6,0.0,0.0,0.0,,0.0,1,8,6,0.125,0.16666666666666666,0.14285714285714288,0.01956838369369507,0.01956838369369507,4,8,6,0.5,0.6666666666666666,0.5714285714285715,0.027851492166519165,0.11140596866607666,"[0.061758704483509064, 0.1831503063440323, 0.41533777117729187, 0.6065976023674011, 0.6760852336883545, 0.7118355631828308, 0.9164119958877563]",1,7,6,0.14285714285714285,0.16666666666666666,0.15384615384615383,0.00206679105758667,0.00206679105758667,1,7,6,0.14285714285714285,0.16666666666666666,0.15384615384615383,0.00206679105758667,0.00206679105758667,4,7,6,0.5714285714285714,0.6666666666666666,0.6153846153846153,0.01199280470609665,0.0479712188243866,6,7,6,0.8571428571428571,1.0,0.923076923076923,0.019755904873212177,0.11853542923927307
754,20754,267,14,9,28,"[0.057902563363313675, 0.10041090846061707, 0.16622522473335266, 0.22899998724460602, 0.29194122552871704, 0.37964433431625366, 0.4376521110534668, 0.4895894527435303, 0.5615735650062561, 0.6493263244628906, 0.7054792642593384, 0.7699503302574158, 0.8335763216018677, 0.9233124256134033]","[0.057902563363313675, 0.22899998724460602, 0.29194122552871704, 0.37964433431625366, 0.4376521110534668, 0.5615735650062561, 0.6493263244628906, 0.7054792642593384, 0.8335763216018677]","[0.0227346271276474, 0.057521648705005646, 0.09659615904092789, 0.1400611698627472, 0.18807099759578705, 0.23027610778808594, 0.26616665720939636, 0.2991544008255005, 0.33368220925331116, 0.36757010221481323, 0.40045759081840515, 0.43253424763679504, 0.46404168009757996, 0.49477115273475647, 0.5249508619308472, 0.5554392337799072, 0.5874291062355042, 0.6195703148841858, 0.6519594192504883, 0.6845045685768127, 0.7177075147628784, 0.750822901725769, 0.7822768688201904, 0.8118880391120911, 0.8417240381240845, 0.8737700581550598, 0.9091406464576721, 0.9477484226226807]",0.024639694020152092,"[""ours_then_hard"", ""hard_then_ours"", ""hard_then_ours""]",13,4,-1,2.614712320792023e-05,False,"[17.4902, 17.3835, 19.4994]",17.4902,"[0.09217891097068787, 0.13518697023391724, 0.18108344078063965, 0.2191951423883438, 0.258482962846756, 0.2944636642932892, 0.35014769434928894, 0.4300813376903534, 0.48989927768707275, 0.5321207046508789, 0.6509835720062256, 0.7717553377151489, 0.8165655732154846]",10,1,-4,2.2497775717056356e-05,True,"[180.5511, 176.8267, 174.9991]",176.8267,"[0.057521648705005646, 0.23027610778808594, 0.36757010221481323, 0.46404168009757996, 0.5249508619308472, 0.5554392337799072, 0.5874291062355042, 0.7177075147628784, 0.8417240381240845, 0.9091406464576721]",18,"[0.07036583125591278, 0.10738763213157654, 0.14728836715221405, 0.18737557530403137, 0.2216358780860901, 0.2623653709888458, 0.3216475546360016, 0.40405869483947754, 0.45852386951446533, 0.5010510683059692, 0.6263337135314941, 0.7471324801445007, 0.7991792559623718]",0,13,9,0.0,0.0,0.0,,0.0,1,13,9,0.07692307692307693,0.1111111111111111,0.09090909090909093,0.00736410915851593,0.00736410915851593,2,13,9,0.15384615384615385,0.2222222222222222,0.18181818181818185,0.009913688525557518,0.019827377051115036,8,13,9,0.6153846153846154,0.8888888888888888,0.7272727272727274,0.02849906822666526,0.22799254581332207,"[0.04281388223171234, 0.19954536855220795, 0.33829280734062195, 0.43705639243125916, 0.49226778745651245, 0.5285471081733704, 0.556087851524353, 0.7002208232879639, 0.8318076133728027, 0.9176515936851501]",2,10,9,0.2,0.2222222222222222,0.2105263157894737,0.0011822134256362915,0.002364426851272583,4,10,9,0.4,0.4444444444444444,0.4210526315789474,0.0032771453261375427,0.013108581304550171,5,10,9,0.5,0.5555555555555556,0.5263157894736842,0.005639452487230301,0.028197262436151505,7,10,9,0.7,0.7777777777777778,0.7368421052631577,0.018792029470205307,0.13154420629143715
415,20415,268,16,9,28,"[0.0476270392537117, 0.12222181260585785, 0.19257795810699463, 0.2577214539051056, 0.3196343779563904, 0.36716118454933167, 0.4053244888782501, 0.4423542320728302, 0.5048374533653259, 0.5498127341270447, 0.64848792552948, 0.6831684708595276, 0.746587336063385, 0.8466274738311768, 0.8969107866287231, 0.938166618347168]","[0.0476270392537117, 0.2577214539051056, 0.36716118454933167, 0.4053244888782501, 0.5498127341270447, 0.64848792552948, 0.6831684708595276, 0.8466274738311768, 0.8969107866287231]","[0.018429383635520935, 0.04653431475162506, 0.07805772125720978, 0.11450529843568802, 0.1544579267501831, 0.19446934759616852, 0.22986851632595062, 0.26244044303894043, 0.29311153292655945, 0.32357093691825867, 0.3526172935962677, 0.383391410112381, 0.413312166929245, 0.44285959005355835, 0.4718310236930847, 0.5008716583251953, 0.5314062237739563, 0.563791811466217, 0.5965259075164795, 0.6293295621871948, 0.6634095311164856, 0.699419379234314, 0.7372673749923706, 0.7744466066360474, 0.8087838888168335, 0.8444139361381531, 0.8864305019378662, 0.9342034459114075]",0.014193973504006863,"[""ours_then_hard"", ""ours_then_hard"", ""hard_then_ours""]",9,0,-7,4.696084579336457e-05,False,"[16.0221, 18.5696, 18.0509]",18.0509,"[0.20523570477962494, 0.25370827317237854, 0.3686932325363159, 0.44303736090660095, 0.5188678503036499, 0.7678767442703247, 0.8113354444503784, 0.8294564485549927, 0.8863235116004944]",11,2,-5,2.3096823497326113e-05,True,"[155.352, 176.76, 161.5755]",161.5755,"[0.07805772125720978, 0.11450529843568802, 0.26244044303894043, 0.383391410112381, 0.413312166929245, 0.5314062237739563, 0.563791811466217, 0.6634095311164856, 0.699419379234314, 0.8087838888168335, 0.8864305019378662]",17,"[0.19653727114200592, 0.2445744425058365, 0.3593183755874634, 0.42466676235198975, 0.49934566020965576, 0.7782678008079529, 0.8267152309417725, 0.844118595123291, 0.900757372379303]",2,9,9,0.2222222222222222,0.2222222222222222,0.2222222222222222,0.003177732229232788,0.006355464458465576,3,9,9,0.3333333333333333,0.3333333333333333,0.3333333333333333,0.004732757806777954,0.014198273420333862,5,9,9,0.5555555555555556,0.5555555555555556,0.5555555555555556,0.01281818449497223,0.06409092247486115,5,9,9,0.5555555555555556,0.5555555555555556,0.5555555555555556,0.01281818449497223,0.06409092247486115,"[0.05364427715539932, 0.0946592316031456, 0.2544625997543335, 0.3711104691028595, 0.3969278037548065, 0.5152206420898438, 0.5447514653205872, 0.6626130938529968, 0.7024064064025879, 0.8240357041358948, 0.9008672833442688]",3,11,9,0.2727272727272727,0.3333333333333333,0.3,0.003721545139948527,0.011164635419845581,6,11,9,0.5454545454545454,0.6666666666666666,0.6,0.005106637875239055,0.030639827251434326,8,11,9,0.7272727272727273,0.8888888888888888,0.7999999999999999,0.008000366389751434,0.06400293111801147,9,11,9,0.8181818181818182,1.0,0.9,0.012902836004892984,0.11612552404403687
417,20417,269,19,10,28,"[0.03313298150897026, 0.06829863786697388, 0.13414901494979858, 0.18062901496887207, 0.21596725285053253, 0.2683693766593933, 0.3269110321998596, 0.3882281184196472, 0.4539138078689575, 0.5110523700714111, 0.565058708190918, 0.6112013459205627, 0.6513283252716064, 0.7141208648681641, 0.7807460427284241, 0.8279678821563721, 0.8904068470001221, 0.9220148324966431, 0.9664213061332703]","[0.06829863786697388, 0.18062901496887207, 0.21596725285053253, 0.3269110321998596, 0.4539138078689575, 0.565058708190918, 0.6513283252716064, 0.7141208648681641, 0.8279678821563721, 0.9220148324966431]","[0.020996369421482086, 0.05274860933423042, 0.08795385807752609, 0.12659843266010284, 0.16816073656082153, 0.20690302550792694, 0.24216794967651367, 0.2745916247367859, 0.3043627440929413, 0.3346004784107208, 0.3648795485496521, 0.39526501297950745, 0.4255540370941162, 0.45534107089042664, 0.4848088026046753, 0.5141490697860718, 0.5440622568130493, 0.5747872591018677, 0.6058673858642578, 0.63725745677948, 0.6699971556663513, 0.7049862742424011, 0.7417241334915161, 0.7772316336631775, 0.8109835982322693, 0.8465546369552612, 0.8876898288726807, 0.9345201849937439]",0.015018505975604057,"[""ours_then_hard"", ""ours_then_hard"", ""hard_then_ours""]",7,-3,-12,0.0001119127482525073,False,"[17.165, 21.5369, 13.7585]",17.165,"[0.22269345819950104, 0.2597617208957672, 0.42102184891700745, 0.5926707983016968, 0.7289848327636719, 0.8038766384124756, 0.8948090672492981]",11,1,-8,1.7687410945654847e-05,True,"[175.8222, 159.365, 156.7448]",159.365,"[0.08795385807752609, 0.20690302550792694, 0.24216794967651367, 0.3346004784107208, 0.39526501297950745, 0.45534107089042664, 0.5440622568130493, 0.63725745677948, 0.7049862742424011, 0.8465546369552612, 0.8876898288726807]",17,"[0.20106448233127594, 0.23889458179473877, 0.41653770208358765, 0.6012067794799805, 0.7417024374008179, 0.8192554116249084, 0.9130206108093262]",0,7,10,0.0,0.0,0.0,,0.0,2,7,10,0.2857142857142857,0.2,0.23529411764705882,0.008853346109390259,0.017706692218780518,3,7,10,0.42857142857142855,0.3,0.3529411764705882,0.010869820912679037,0.03260946273803711,7,7,10,1.0,0.7,0.8235294117647058,0.0231678911617824,0.1621752381324768,"[0.07210759073495865, 0.18395042419433594, 0.22003889083862305, 0.31681424379348755, 0.3836742639541626, 0.4648905396461487, 0.5552279949188232, 0.6413937211036682, 0.715437650680542, 0.8679755330085754, 0.9049611687660217]",4,11,10,0.36363636363636365,0.4,0.380952380952381,0.003129696473479271,0.012518785893917084,6,11,10,0.5454545454545454,0.6,0.5714285714285713,0.0053806838889916735,0.03228410333395004,9,11,10,0.8181818181818182,0.9,0.8571428571428572,0.007823476360903846,0.07041128724813461,10,11,10,0.9090909090909091,1.0,0.9523809523809523,0.011041893810033798,0.11041893810033798
805,20805,270,5,4,28,"[0.20112787187099457, 0.38526368141174316, 0.5304332971572876, 0.6074289083480835, 0.798112690448761]","[0.20112787187099457, 0.38526368141174316, 0.6074289083480835, 0.798112690448761]","[0.018517646938562393, 0.0467182956635952, 0.07927616685628891, 0.11597676575183868, 0.15669196844100952, 0.19707940518856049, 0.23359414935112, 0.2668607234954834, 0.2972111701965332, 0.32879143953323364, 0.36018985509872437, 0.39199548959732056, 0.42332884669303894, 0.4547034204006195, 0.48545676469802856, 0.5167903900146484, 0.5495513677597046, 0.5826129913330078, 0.6153989434242249, 0.6479601860046387, 0.6813854575157166, 0.7160640358924866, 0.7520114779472351, 0.786162793636322, 0.8180162906646729, 0.8521601557731628, 0.8921239972114563, 0.9372444152832031]",0.020762892439961433,"[""ours_then_hard"", ""hard_then_ours"", ""ours_then_hard""]",8,4,3,3.265491614001803e-05,False,"[18.0456, 18.6598, 17.8189]",18.0456,"[0.1118398904800415, 0.15850472450256348, 0.21564453840255737, 0.27374041080474854, 0.38280725479125977, 0.5101898908615112, 0.6775297522544861, 0.821311354637146]",7,3,2,2.0389596102177165e-05,True,"[194.9918, 194.8737, 208.7388]",194.9918,"[0.15669196844100952, 0.19707940518856049, 0.23359414935112, 0.36018985509872437, 0.39199548959732056, 0.6153989434242249, 0.8521601557731628]",21,"[0.08429630845785141, 0.12642738223075867, 0.18603290617465973, 0.24253864586353302, 0.3570541739463806, 0.4860733449459076, 0.6632403135299683, 0.8212589025497437]",0,8,4,0.0,0.0,0.0,,0.0,0,8,4,0.0,0.0,0.0,,0.0,1,8,4,0.125,0.25,0.16666666666666666,0.015094965696334839,0.015094965696334839,3,8,4,0.375,0.75,0.5,0.022150228420893352,0.06645068526268005,"[0.12415135651826859, 0.1662663221359253, 0.19887137413024902, 0.3386583626270294, 0.36506226658821106, 0.5996729135513306, 0.852726936340332]",1,7,4,0.14285714285714285,0.25,0.18181818181818182,0.0022564977407455444,0.0022564977407455444,2,7,4,0.2857142857142857,0.5,0.36363636363636365,0.005006246268749237,0.010012492537498474,2,7,4,0.2857142857142857,0.5,0.36363636363636365,0.005006246268749237,0.010012492537498474,3,7,4,0.42857142857142855,0.75,0.5454545454545454,0.029740954438845318,0.08922286331653595
626,20626,271,14,8,28,"[0.07373522222042084, 0.12702316045761108, 0.21030285954475403, 0.25700893998146057, 0.30547600984573364, 0.3635323941707611, 0.4108695089817047, 0.49936655163764954, 0.582619309425354, 0.671112060546875, 0.7474464774131775, 0.8182855844497681, 0.8719695210456848, 0.9218448996543884]","[0.07373522222042084, 0.25700893998146057, 0.30547600984573364, 0.4108695089817047, 0.582619309425354, 0.7474464774131775, 0.8182855844497681, 0.8719695210456848]","[0.019954737275838852, 0.05027048662304878, 0.08419441431760788, 0.12252829968929291, 0.16395793855190277, 0.2054951786994934, 0.24151325225830078, 0.27287065982818604, 0.304172545671463, 0.33690911531448364, 0.36833393573760986, 0.3989202082157135, 0.4291922450065613, 0.46037089824676514, 0.49236437678337097, 0.5240346193313599, 0.5552670359611511, 0.5861045718193054, 0.6173757314682007, 0.6497906446456909, 0.6831910014152527, 0.7182203531265259, 0.7532103657722473, 0.7866067886352539, 0.8195598125457764, 0.854216456413269, 0.8941264748573303, 0.9388554692268372]",0.016735844314098358,"[""ours_then_hard"", ""ours_then_hard"", ""ours_then_hard""]",10,2,-4,2.9083465051371604e-05,False,"[18.6175, 21.766, 17.8471]",18.6175,"[0.1868666112422943, 0.2564280033111572, 0.33328109979629517, 0.36972275376319885, 0.4215661585330963, 0.5462535619735718, 0.5771242380142212, 0.6865960359573364, 0.7603971362113953, 0.820762574672699]",9,1,-5,1.6665087969158776e-05,True,"[184.2921, 180.7009, 190.9463]",184.2921,"[0.08419441431760788, 0.24151325225830078, 0.27287065982818604, 0.304172545671463, 0.5552670359611511, 0.6831910014152527, 0.7182203531265259, 0.7532103657722473, 0.8941264748573303]",19,"[0.16919547319412231, 0.2385057657957077, 0.31710684299468994, 0.3526718020439148, 0.4011722207069397, 0.5575915575027466, 0.5933687686920166, 0.7006852030754089, 0.7782081365585327, 0.8428897857666016]",0,10,8,0.0,0.0,0.0,,0.0,1,10,8,0.1,0.125,0.11111111111111112,0.009697288274765015,0.009697288274765015,4,10,8,0.4,0.5,0.4444444444444445,0.012645188719034195,0.05058075487613678,7,10,8,0.7,0.875,0.7777777777777777,0.025825357862881253,0.18077750504016876,"[0.06153196096420288, 0.22490330040454865, 0.25423571467399597, 0.287341445684433, 0.5692393183708191, 0.6980054974555969, 0.7354762554168701, 0.7698157429695129, 0.9132192730903625]",1,9,8,0.1111111111111111,0.125,0.11764705882352941,0.0027732253074645996,0.0027732253074645996,1,9,8,0.1111111111111111,0.125,0.11764705882352941,0.0027732253074645996,0.0027732253074645996,5,9,8,0.5555555555555556,0.625,0.5882352941176471,0.0116922527551651,0.0584612637758255,7,9,8,0.7777777777777778,0.875,0.823529411764706,0.030712004218782698,0.21498402953147888
113,20113,272,13,9,28,"[0.10716411471366882, 0.16330769658088684, 0.24714912474155426, 0.31614935398101807, 0.3951268792152405, 0.45888131856918335, 0.5326279401779175, 0.5890654921531677, 0.6450517177581787, 0.7223455309867859, 0.7878539562225342, 0.8567647933959961, 0.9110199213027954]","[0.16330769658088684, 0.24714912474155426, 0.31614935398101807, 0.3951268792152405, 0.45888131856918335, 0.5890654921531677, 0.6450517177581787, 0.7878539562225342, 0.8567647933959961]","[0.01916704699397087, 0.04825688526034355, 0.08138395845890045, 0.11916277557611465, 0.15992361307144165, 0.20025193691253662, 0.23612011969089508, 0.26872989535331726, 0.30097660422325134, 0.33320051431655884, 0.36503827571868896, 0.39691704511642456, 0.42886683344841003, 0.4605019688606262, 0.4918980002403259, 0.5230681896209717, 0.5538382530212402, 0.5846234560012817, 0.6160979866981506, 0.648048460483551, 0.681354820728302, 0.7164635062217712, 0.753153383731842, 0.7883182764053345, 0.8213014602661133, 0.8566842675209045, 0.896706759929657, 0.9405555129051208]",0.01263249758630991,"[""hard_then_ours"", ""ours_then_hard"", ""ours_then_hard""]",5,-4,-8,0.00013972037413623184,False,"[14.8566, 18.1264, 24.6769]",18.1264,"[0.26916277408599854, 0.41784754395484924, 0.6143409013748169, 0.7631722092628479, 0.8126279711723328]",10,1,-3,1.9949207853642292e-05,True,"[165.4937, 184.8029, 198.9721]",184.8029,"[0.08138395845890045, 0.15992361307144165, 0.26872989535331726, 0.30097660422325134, 0.36503827571868896, 0.4918980002403259, 0.5846234560012817, 0.6160979866981506, 0.7883182764053345, 0.896706759929657]",18,"[0.27680307626724243, 0.42879003286361694, 0.6282492876052856, 0.7796140313148499, 0.8205533027648926]",0,5,9,0.0,0.0,0.0,,0.0,1,5,9,0.2,0.1111111111111111,0.14285714285714285,0.008239924907684326,0.008239924907684326,2,5,9,0.4,0.2222222222222222,0.2857142857142857,0.012521177530288696,0.025042355060577393,5,5,9,1.0,0.5555555555555556,0.7142857142857143,0.02939046323299408,0.1469523161649704,"[0.0790269747376442, 0.15909147262573242, 0.27622607350349426, 0.3156682550907135, 0.3771558701992035, 0.5065175294876099, 0.5968303084373474, 0.6307925581932068, 0.8008641600608826, 0.9168555736541748]",2,10,9,0.2,0.2222222222222222,0.2105263157894737,0.002348661422729492,0.004697322845458984,3,10,9,0.3,0.3333333333333333,0.3157894736842105,0.004154046376546224,0.012462139129638672,6,10,9,0.6,0.6666666666666666,0.631578947368421,0.009617085258165995,0.05770251154899597,8,10,9,0.8,0.8888888888888888,0.8421052631578948,0.01680195890367031,0.1344156712293625
372,20372,273,4,3,28,"[0.12008410692214966, 0.2715635299682617, 0.5230432748794556, 0.7318006753921509]","[0.12008410692214966, 0.2715635299682617, 0.5230432748794556]","[0.01911761239171028, 0.04820935055613518, 0.08149494230747223, 0.11934880912303925, 0.16162705421447754, 0.2027224749326706, 0.23839643597602844, 0.269595205783844, 0.300861120223999, 0.3330526649951935, 0.36450815200805664, 0.395571231842041, 0.42611610889434814, 0.4567348062992096, 0.48734050989151, 0.51788729429245, 0.5487775206565857, 0.5801613330841064, 0.6122634410858154, 0.6450226306915283, 0.6792141199111938, 0.7150551080703735, 0.7513439059257507, 0.7861411571502686, 0.8187883496284485, 0.853195309638977, 0.8930249214172363, 0.9379467964172363]",0.022085746750235558,"[""ours_then_hard"", ""hard_then_ours"", ""hard_then_ours""]",6,3,2,4.040788917336613e-05,False,"[12.4685, 18.2712, 16.0788]",16.0788,"[0.14997972548007965, 0.18382863700389862, 0.21641142666339874, 0.3255297839641571, 0.5201094150543213, 0.7782867550849915]",5,2,1,1.717856684990693e-05,True,"[229.0645, 218.7666, 209.8285]",218.7666,"[0.16162705421447754, 0.42611610889434814, 0.4567348062992096, 0.6792141199111938, 0.853195309638977]",23,"[0.12015590071678162, 0.15572234988212585, 0.18852733075618744, 0.3102604150772095, 0.5166903138160706, 0.8107324242591858]",1,6,3,0.16666666666666666,0.3333333333333333,0.2222222222222222,7.179379463195801e-05,7.179379463195801e-05,2,6,3,0.3333333333333333,0.6666666666666666,0.4444444444444444,0.003212377429008484,0.006424754858016968,2,6,3,0.3333333333333333,0.6666666666666666,0.4444444444444444,0.003212377429008484,0.006424754858016968,3,6,3,0.5,1.0,0.6666666666666666,0.015040546655654907,0.04512163996696472,"[0.13091211020946503, 0.41709423065185547, 0.44341859221458435, 0.7114782929420471, 0.8806050419807434]",0,5,3,0.0,0.0,0.0,,0.0,0,5,3,0.0,0.0,0.0,,0.0,1,5,3,0.2,0.3333333333333333,0.25,0.010828003287315369,0.010828003287315369,1,5,3,0.2,0.3333333333333333,0.25,0.010828003287315369,0.010828003287315369
308,20308,274,14,9,28,"[0.05922245234251022, 0.14763730764389038, 0.22902923822402954, 0.29332423210144043, 0.36263421177864075, 0.44581139087677, 0.5324296355247498, 0.5955415964126587, 0.6828689575195312, 0.7333017587661743, 0.7764442563056946, 0.8223736882209778, 0.8773226737976074, 0.956781268119812]","[0.05922245234251022, 0.22902923822402954, 0.29332423210144043, 0.36263421177864075, 0.5955415964126587, 0.6828689575195312, 0.7333017587661743, 0.8223736882209778, 0.956781268119812]","[0.018249280750751495, 0.04566093161702156, 0.07704674452543259, 0.11196176707744598, 0.1502998173236847, 0.18923167884349823, 0.22542095184326172, 0.25910064578056335, 0.2915745675563812, 0.32426491379737854, 0.355484277009964, 0.3861132264137268, 0.4157900810241699, 0.44496843218803406, 0.47531723976135254, 0.5046888589859009, 0.533555269241333, 0.5623789429664612, 0.5914748311042786, 0.6214168667793274, 0.6545035243034363, 0.6909065842628479, 0.729459285736084, 0.7666110396385193, 0.801152229309082, 0.8383970856666565, 0.8821272850036621, 0.9321750402450562]",0.02661299519240856,"[""ours_then_hard"", ""ours_then_hard"", ""ours_then_hard""]",13,4,-1,7.756322884233668e-05,False,"[12.7913, 21.7363, 15.8323]",15.8323,"[0.15166246891021729, 0.24950945377349854, 0.3754209578037262, 0.4321761727333069, 0.5170872211456299, 0.5370315909385681, 0.5551906228065491, 0.5830259323120117, 0.6159789562225342, 0.6710935831069946, 0.7081220746040344, 0.7676405906677246, 0.8306073546409607]",14,5,0,2.2776615878683515e-05,True,"[149.2202, 149.508, 137.9193]",149.2202,"[0.1502998173236847, 0.18923167884349823, 0.2915745675563812, 0.3861132264137268, 0.4157900810241699, 0.44496843218803406, 0.5046888589859009, 0.5623789429664612, 0.6214168667793274, 0.6909065842628479, 0.729459285736084, 0.7666110396385193, 0.8821272850036621, 0.9321750402450562]",14,"[0.14755113422870636, 0.25615769624710083, 0.39559489488601685, 0.461459755897522, 0.5563299655914307, 0.5797914862632751, 0.5998017191886902, 0.6252579689025879, 0.6591679453849792, 0.7214543223381042, 0.7516359686851501, 0.7974003553390503, 0.8453782796859741]",1,13,9,0.07692307692307693,0.1111111111111111,0.09090909090909093,0.004260122776031494,0.004260122776031494,1,13,9,0.07692307692307693,0.1111111111111111,0.09090909090909093,0.004260122776031494,0.004260122776031494,2,13,9,0.15384615384615385,0.2222222222222222,0.18181818181818185,0.013798773288726807,0.027597546577453613,6,13,9,0.46153846153846156,0.6666666666666666,0.5454545454545455,0.026637092232704163,0.15982255339622498,"[0.1462678760290146, 0.19455434381961823, 0.3021363615989685, 0.4065053462982178, 0.4359230697154999, 0.4790703058242798, 0.5413401126861572, 0.6071891784667969, 0.6650046706199646, 0.7363412380218506, 0.7679013013839722, 0.7964850664138794, 0.8882884383201599, 0.9356768727302551]",1,14,9,0.07142857142857142,0.1111111111111111,0.08695652173913043,0.0030394792556762695,0.0030394792556762695,2,14,9,0.14285714285714285,0.2222222222222222,0.17391304347826086,0.005925804376602173,0.011851608753204346,4,14,9,0.2857142857142857,0.4444444444444444,0.34782608695652173,0.010340869426727295,0.04136347770690918,8,14,9,0.5714285714285714,0.8888888888888888,0.6956521739130435,0.0208378154784441,0.1667025238275528
980,20980,275,8,6,28,"[0.08665872365236282, 0.20018832385540009, 0.3217019736766815, 0.3969162106513977, 0.5200226902961731, 0.6400823593139648, 0.7707438468933105, 0.8960437178611755]","[0.08665872365236282, 0.20018832385540009, 0.3969162106513977, 0.5200226902961731, 0.6400823593139648, 0.8960437178611755]","[0.01736113801598549, 0.042003076523542404, 0.0701596587896347, 0.10219773650169373, 0.13731394708156586, 0.17418871819972992, 0.20680026710033417, 0.23742727935314178, 0.26963528990745544, 0.30009034276008606, 0.32932618260383606, 0.361103355884552, 0.3933285176753998, 0.4250307083129883, 0.45722249150276184, 0.4896675646305084, 0.5223287343978882, 0.5556724071502686, 0.589289128780365, 0.6233491897583008, 0.6586624383926392, 0.6958214640617371, 0.734624445438385, 0.7723898887634277, 0.8075568675994873, 0.8441476821899414, 0.8867140412330627, 0.9345256090164185]",0.01786836050450802,"[""hard_then_ours"", ""ours_then_hard"", ""hard_then_ours""]",8,2,0,1.5998748494894244e-05,True,"[18.5342, 16.2438, 16.8556]",16.8556,"[0.10538645833730698, 0.17917032539844513, 0.27053505182266235, 0.418005108833313, 0.5542120933532715, 0.6414318084716797, 0.7189149856567383, 0.8096174597740173]",6,0,-2,1.6183799743885174e-05,True,"[208.2897, 205.5375, 249.4957]",208.2897,"[0.10219773650169373, 0.30009034276008606, 0.32932618260383606, 0.589289128780365, 0.8075568675994873, 0.8867140412330627]",22,"[0.08042063564062119, 0.15126235783100128, 0.25182002782821655, 0.39992597699165344, 0.5294280052185059, 0.6318421363830566, 0.7238855957984924, 0.8223963379859924]",1,8,6,0.125,0.16666666666666666,0.14285714285714288,0.0030097663402557373,0.0030097663402557373,4,8,6,0.5,0.6666666666666666,0.5714285714285715,0.006723348051309586,0.026893392205238342,4,8,6,0.5,0.6666666666666666,0.5714285714285715,0.006723348051309586,0.026893392205238342,5,8,6,0.625,0.8333333333333334,0.7142857142857143,0.015163871645927429,0.07581935822963715,"[0.07758627086877823, 0.28010445833206177, 0.3098859488964081, 0.5722307562828064, 0.8204942941665649, 0.902360737323761]",0,6,6,0.0,0.0,0.0,,0.0,2,6,6,0.3333333333333333,0.3333333333333333,0.3333333333333333,0.007694736123085022,0.015389472246170044,2,6,6,0.3333333333333333,0.3333333333333333,0.3333333333333333,0.007694736123085022,0.015389472246170044,2,6,6,0.3333333333333333,0.3333333333333333,0.3333333333333333,0.007694736123085022,0.015389472246170044
20,20020,276,19,11,28,"[0.03063584864139557, 0.08194396644830704, 0.1317121684551239, 0.19361324608325958, 0.23072324693202972, 0.27300146222114563, 0.32076501846313477, 0.39017078280448914, 0.43020108342170715, 0.49531084299087524, 0.572968602180481, 0.6044527292251587, 0.6749953627586365, 0.7088942527770996, 0.7573460936546326, 0.7904776930809021, 0.8380963206291199, 0.8769795894622803, 0.9474784731864929]","[0.08194396644830704, 0.1317121684551239, 0.43020108342170715, 0.49531084299087524, 0.572968602180481, 0.6044527292251587, 0.6749953627586365, 0.7088942527770996, 0.7573460936546326, 0.8380963206291199, 0.8769795894622803]","[0.018852535635232925, 0.04777398705482483, 0.07990194857120514, 0.11627865582704544, 0.15619058907032013, 0.195746511220932, 0.2302786111831665, 0.26088961958885193, 0.2901018261909485, 0.320469468832016, 0.3509301543235779, 0.38134610652923584, 0.4119093120098114, 0.44255465269088745, 0.47285646200180054, 0.5037925839424133, 0.5353379845619202, 0.5672003626823425, 0.5993643999099731, 0.6320714354515076, 0.6665788888931274, 0.7032627463340759, 0.7415379881858826, 0.7782901525497437, 0.8125128149986267, 0.8482373356819153, 0.8896440863609314, 0.9361494183540344]",0.009586102329194546,"[""hard_then_ours"", ""ours_then_hard"", ""ours_then_hard""]",6,-5,-13,0.00010731050133472309,False,"[17.0385, 17.285, 17.1748]",17.1748,"[0.23280829191207886, 0.3895687758922577, 0.4483627378940582, 0.6420137286186218, 0.7989254593849182, 0.8319074511528015]",11,0,-8,2.4407505406998098e-05,True,"[175.4442, 167.7022, 160.788]",167.7022,"[0.07990194857120514, 0.15619058907032013, 0.4119093120098114, 0.44255465269088745, 0.5672003626823425, 0.5993643999099731, 0.6665788888931274, 0.7415379881858826, 0.8482373356819153, 0.8896440863609314, 0.9361494183540344]",17,"[0.2216000109910965, 0.37350499629974365, 0.4291565418243408, 0.6489406824111938, 0.8012956976890564, 0.8358346819877625]",2,6,11,0.3333333333333333,0.18181818181818182,0.23529411764705885,0.0016530901193618774,0.003306180238723755,2,6,11,0.3333333333333333,0.18181818181818182,0.23529411764705885,0.0016530901193618774,0.003306180238723755,2,6,11,0.3333333333333333,0.18181818181818182,0.23529411764705885,0.0016530901193618774,0.003306180238723755,4,6,11,0.6666666666666666,0.36363636363636365,0.4705882352941177,0.022935934364795685,0.09174373745918274,"[0.0655641257762909, 0.15342272818088531, 0.3943938910961151, 0.4228791296482086, 0.5645060539245605, 0.601509690284729, 0.6738424301147461, 0.7401751279830933, 0.8509579300880432, 0.889336347579956, 0.9361984729766846]",2,11,11,0.18181818181818182,0.18181818181818182,0.18181818181818182,0.002047985792160034,0.004095971584320068,4,11,11,0.36363636363636365,0.36363636363636365,0.36363636363636365,0.004970118403434753,0.019880473613739014,8,11,11,0.7272727272727273,0.7272727272727273,0.7272727272727273,0.009831205941736698,0.07864964753389359,9,11,11,0.8181818181818182,0.8181818181818182,0.8181818181818182,0.015883928371800318,0.14295535534620285
909,20909,277,12,7,28,"[0.0784701406955719, 0.13152360916137695, 0.209934264421463, 0.3044273853302002, 0.36010459065437317, 0.44003960490226746, 0.5344204902648926, 0.6268909573554993, 0.6893616914749146, 0.7344498634338379, 0.8281775712966919, 0.9128506183624268]","[0.0784701406955719, 0.209934264421463, 0.3044273853302002, 0.44003960490226746, 0.5344204902648926, 0.6893616914749146, 0.7344498634338379]","[0.01931059919297695, 0.04863223060965538, 0.08078373968601227, 0.1170983538031578, 0.1571301519870758, 0.1976323127746582, 0.23299343883991241, 0.2652343809604645, 0.2974312901496887, 0.3294520676136017, 0.3616941571235657, 0.39320018887519836, 0.4248945713043213, 0.45680975914001465, 0.4885925054550171, 0.5199996829032898, 0.5514553189277649, 0.5840486884117126, 0.6169330477714539, 0.6495789885520935, 0.6831550598144531, 0.7177786231040955, 0.753059446811676, 0.7880057096481323, 0.819726824760437, 0.8535136580467224, 0.8934412002563477, 0.9383666515350342]",0.027890345081686974,"[""hard_then_ours"", ""ours_then_hard"", ""hard_then_ours""]",8,1,-4,6.153923459351063e-05,False,"[18.6501, 15.0715, 17.354]",17.354,"[0.18842574954032898, 0.39127299189567566, 0.48087045550346375, 0.545026421546936, 0.6776925325393677, 0.700411856174469, 0.7819275259971619, 0.8385229110717773]",9,2,-3,2.113901973643806e-05,True,"[167.9627, 173.1604, 174.5224]",173.1604,"[0.1571301519870758, 0.3294520676136017, 0.3616941571235657, 0.4248945713043213, 0.6169330477714539, 0.6495789885520935, 0.7177786231040955, 0.7880057096481323, 0.819726824760437]",19,"[0.15161959826946259, 0.3514001965522766, 0.446533739566803, 0.512097179889679, 0.6697229743003845, 0.6896114945411682, 0.7748830914497375, 0.8564073443412781]",1,8,7,0.125,0.14285714285714285,0.13333333333333333,0.0002498030662536621,0.0002498030662536621,2,8,7,0.25,0.2857142857142857,0.26666666666666666,0.0033719688653945923,0.006743937730789185,2,8,7,0.25,0.2857142857142857,0.26666666666666666,0.013066425919532776,0.026132851839065552,5,8,7,0.625,0.7142857142857143,0.6666666666666666,0.028053468465805052,0.14026734232902527,"[0.1253858059644699, 0.284194678068161, 0.32226917147636414, 0.3846132755279541, 0.5995234251022339, 0.6418948173522949, 0.7075618505477905, 0.7826004028320312, 0.8337938189506531]",0,9,7,0.0,0.0,0.0,,0.0,0,9,7,0.0,0.0,0.0,,0.0,2,9,7,0.2222222222222222,0.2857142857142857,0.25,0.01802097260951996,0.03604194521903992,4,9,7,0.4444444444444444,0.5714285714285714,0.5,0.03537581488490105,0.1415032595396042
609,20609,278,6,4,28,"[0.21412436664104462, 0.390449196100235, 0.56635582447052, 0.7025433778762817, 0.7714619040489197, 0.9089024662971497]","[0.390449196100235, 0.56635582447052, 0.7025433778762817, 0.9089024662971497]","[0.019955020397901535, 0.05029205232858658, 0.08483044803142548, 0.12421705573797226, 0.16697368025779724, 0.20822548866271973, 0.2445870339870453, 0.27811822295188904, 0.3110383152961731, 0.3438105881214142, 0.37618550658226013, 0.4084695279598236, 0.4410882294178009, 0.4739631116390228, 0.5064662098884583, 0.5383841395378113, 0.5696941018104553, 0.6010467410087585, 0.6329996585845947, 0.6643397212028503, 0.6966104507446289, 0.7301524877548218, 0.7631335258483887, 0.7958362698554993, 0.8269684314727783, 0.8604086637496948, 0.8990480899810791, 0.94194495677948]",0.011680983938276768,"[""ours_then_hard"", ""hard_then_ours"", ""ours_then_hard""]",9,5,3,2.4867049432941712e-05,True,"[20.1706, 25.0582, 16.9616]",20.1706,"[0.2371586561203003, 0.3520401120185852, 0.4610383212566376, 0.5685844421386719, 0.6950795650482178, 0.7152093052864075, 0.8050490617752075, 0.8386169075965881, 0.8867429494857788]",7,3,1,1.9985158360213973e-05,True,"[187.013, 199.4465, 215.3288]",199.4465,"[0.08483044803142548, 0.5064662098884583, 0.5383841395378113, 0.6643397212028503, 0.7631335258483887, 0.7958362698554993, 0.8990480899810791]",21,"[0.2236570417881012, 0.3408487141132355, 0.45550277829170227, 0.5697146654129028, 0.7061166763305664, 0.7260212302207947, 0.8256714940071106, 0.860063910484314, 0.9078842997550964]",3,9,4,0.3333333333333333,0.75,0.46153846153846156,0.002650101979573568,0.007950305938720703,3,9,4,0.3333333333333333,0.75,0.46153846153846156,0.002650101979573568,0.007950305938720703,3,9,4,0.3333333333333333,0.75,0.46153846153846156,0.002650101979573568,0.007950305938720703,4,9,4,0.4444444444444444,1.0,0.6153846153846153,0.02634279429912567,0.10537117719650269,"[0.07285504788160324, 0.5022649765014648, 0.5326343774795532, 0.6739479303359985, 0.7760077714920044, 0.8154574036598206, 0.9183302521705627]",0,7,4,0.0,0.0,0.0,,0.0,1,7,4,0.14285714285714285,0.25,0.18181818181818182,0.009427785873413086,0.009427785873413086,1,7,4,0.14285714285714285,0.25,0.18181818181818182,0.009427785873413086,0.009427785873413086,3,7,4,0.42857142857142855,0.75,0.5454545454545454,0.023914893468221027,0.07174468040466309
165,20165,279,7,5,28,"[0.0869632363319397, 0.2550942897796631, 0.45179158449172974, 0.5255776643753052, 0.660577118396759, 0.7522009015083313, 0.9049190878868103]","[0.0869632363319397, 0.45179158449172974, 0.5255776643753052, 0.7522009015083313, 0.9049190878868103]","[0.018626675009727478, 0.046718306839466095, 0.0780278816819191, 0.11405052244663239, 0.15303508937358856, 0.19276441633701324, 0.22776126861572266, 0.2604542672634125, 0.2921528220176697, 0.32420799136161804, 0.35608625411987305, 0.38912490010261536, 0.4222833812236786, 0.4552716910839081, 0.48764359951019287, 0.5197012424468994, 0.5517088770866394, 0.5842387080192566, 0.6171966791152954, 0.6502504348754883, 0.684454619884491, 0.7202989459037781, 0.7559285759925842, 0.7889746427536011, 0.8210842609405518, 0.8555459380149841, 0.8946288824081421, 0.9387574195861816]",0.02316591516137123,"[""ours_then_hard"", ""ours_then_hard"", ""hard_then_ours""]",7,2,0,4.1266048356192186e-05,False,"[15.8659, 16.6817, 17.7666]",16.6817,"[0.22802788019180298, 0.4001126289367676, 0.5526862740516663, 0.6256828904151917, 0.7011517882347107, 0.7529639601707458, 0.840319037437439]",9,4,2,2.2472055206890218e-05,True,"[179.2902, 199.642, 182.2249]",182.2249,"[0.11405052244663239, 0.15303508937358856, 0.2921528220176697, 0.4552716910839081, 0.5197012424468994, 0.684454619884491, 0.7559285759925842, 0.8946288824081421, 0.9387574195861816]",19,"[0.18895912170410156, 0.39037880301475525, 0.5612033009529114, 0.6460448503494263, 0.7259166240692139, 0.774618923664093, 0.857952356338501]",0,7,5,0.0,0.0,0.0,,0.0,0,7,5,0.0,0.0,0.0,,0.0,0,7,5,0.0,0.0,0.0,,0.0,3,7,5,0.42857142857142855,0.6,0.5,0.03629221518834432,0.10887664556503296,"[0.08643867820501328, 0.12200658768415451, 0.25939440727233887, 0.4509046673774719, 0.5238086581230164, 0.7062194347381592, 0.7766816020011902, 0.9190908670425415, 0.9581453800201416]",3,9,5,0.3333333333333333,0.6,0.42857142857142855,0.001060160497824351,0.003180481493473053,3,9,5,0.3333333333333333,0.6,0.42857142857142855,0.001060160497824351,0.003180481493473053,4,9,5,0.4444444444444444,0.8,0.5714285714285714,0.0043380651623010635,0.017352260649204254,5,9,5,0.5555555555555556,1.0,0.7142857142857143,0.012666745483875275,0.06333372741937637
517,20517,280,18,11,28,"[0.059632644057273865, 0.11057303100824356, 0.17210978269577026, 0.23137736320495605, 0.26488226652145386, 0.326588898897171, 0.3881988525390625, 0.4351467490196228, 0.4817946255207062, 0.5439534783363342, 0.6102070808410645, 0.6423123478889465, 0.6861063241958618, 0.7221278548240662, 0.7868097424507141, 0.8212845325469971, 0.8668832182884216, 0.9308253526687622]","[0.059632644057273865, 0.17210978269577026, 0.23137736320495605, 0.26488226652145386, 0.3881988525390625, 0.4817946255207062, 0.5439534783363342, 0.6423123478889465, 0.6861063241958618, 0.7868097424507141, 0.8212845325469971]","[0.021119851619005203, 0.053673841059207916, 0.09018953889608383, 0.13109105825424194, 0.1758200228214264, 0.2166360467672348, 0.2519764006137848, 0.2855311930179596, 0.3176514506340027, 0.3485450744628906, 0.37857919931411743, 0.4083704948425293, 0.4381936192512512, 0.4678846597671509, 0.4972677230834961, 0.5268474817276001, 0.5576117038726807, 0.5887262225151062, 0.6195512413978577, 0.6502910256385803, 0.6827210783958435, 0.718474268913269, 0.754521906375885, 0.7880309820175171, 0.8193234205245972, 0.8535074591636658, 0.8936323523521423, 0.9384838938713074]",0.005021181423217058,"[""hard_then_ours"", ""ours_then_hard"", ""hard_then_ours""]",14,3,-4,3.865312828565948e-05,False,"[22.1256, 20.1469, 24.0952]",22.1256,"[0.12671078741550446, 0.1694740504026413, 0.21036525070667267, 0.26574671268463135, 0.35681480169296265, 0.42329680919647217, 0.4681333601474762, 0.5608433485031128, 0.612753689289093, 0.6410115361213684, 0.6984315514564514, 0.776106595993042, 0.782538115978241, 0.8181938529014587]",16,5,-2,2.463108830852434e-05,True,"[136.1287, 146.1122, 142.3946]",142.3946,"[0.09018953889608383, 0.1758200228214264, 0.2166360467672348, 0.2855311930179596, 0.3176514506340027, 0.3485450744628906, 0.4083704948425293, 0.4678846597671509, 0.4972677230834961, 0.5268474817276001, 0.6502910256385803, 0.6827210783958435, 0.718474268913269, 0.7880309820175171, 0.8193234205245972, 0.8535074591636658]",12,"[0.12404860556125641, 0.16825315356254578, 0.2114846259355545, 0.27213573455810547, 0.35077542066574097, 0.4165274500846863, 0.46590960025787354, 0.5628634095191956, 0.6144530773162842, 0.6345601677894592, 0.6930745840072632, 0.77440345287323, 0.7787965536117554, 0.8133384585380554]",1,14,11,0.07142857142857142,0.09090909090909091,0.08,0.0038566291332244873,0.0038566291332244873,6,14,11,0.42857142857142855,0.5454545454545454,0.4799999999999999,0.006964966654777527,0.04178979992866516,9,14,11,0.6428571428571429,0.8181818181818182,0.7200000000000001,0.011207843820254007,0.10087059438228607,10,14,11,0.7142857142857143,0.9090909090909091,0.8,0.023714756965637206,0.23714756965637207,"[0.08728167414665222, 0.1733258217573166, 0.21737483143806458, 0.2873988151550293, 0.3236306309700012, 0.34409403800964355, 0.40233340859413147, 0.4657209813594818, 0.4910791218280792, 0.5225043892860413, 0.64283686876297, 0.6743617653846741, 0.7090266942977905, 0.7828274965286255, 0.8142918944358826, 0.8552730679512024]",3,16,11,0.1875,0.2727272727272727,0.2222222222222222,0.0019076019525527954,0.005722805857658386,5,16,11,0.3125,0.45454545454545453,0.3703703703703703,0.004399988055229187,0.021999940276145935,8,16,11,0.5,0.7272727272727273,0.5925925925925926,0.00858384184539318,0.06867073476314545,11,16,11,0.6875,1.0,0.8148148148148148,0.015477787364612926,0.1702556610107422
965,20965,281,11,7,28,"[0.060612648725509644, 0.14463716745376587, 0.22200755774974823, 0.27744126319885254, 0.375580757856369, 0.4908294975757599, 0.603530764579773, 0.6852667927742004, 0.7903673648834229, 0.8747255802154541, 0.9327166080474854]","[0.060612648725509644, 0.27744126319885254, 0.375580757856369, 0.4908294975757599, 0.6852667927742004, 0.7903673648834229, 0.8747255802154541]","[0.019725320860743523, 0.04952117055654526, 0.08270284533500671, 0.12050572782754898, 0.16152851283550262, 0.20241190493106842, 0.24111473560333252, 0.2773541808128357, 0.31366968154907227, 0.34906330704689026, 0.38343870639801025, 0.41803479194641113, 0.45376065373420715, 0.48828232288360596, 0.5214139223098755, 0.5535250306129456, 0.5849417448043823, 0.6163429021835327, 0.647284984588623, 0.6785252690315247, 0.7108939290046692, 0.7440212368965149, 0.7767860889434814, 0.8080489039421082, 0.8385668396949768, 0.8712966442108154, 0.9075306057929993, 0.9469510912895203]",0.02011536993086338,"[""hard_then_ours"", ""ours_then_hard"", ""ours_then_hard""]",9,2,-2,8.228622755268589e-05,False,"[16.4718, 16.0093, 18.0315]",16.4718,"[0.19504544138908386, 0.23503842949867249, 0.2717038094997406, 0.31109604239463806, 0.35100993514060974, 0.47084859013557434, 0.5608938932418823, 0.7575305700302124, 0.881503164768219]",9,2,-2,2.311063690285664e-05,True,"[184.2746, 194.8264, 185.4648]",185.4648,"[0.08270284533500671, 0.20241190493106842, 0.34906330704689026, 0.41803479194641113, 0.48828232288360596, 0.6163429021835327, 0.647284984588623, 0.7767860889434814, 0.8385668396949768]",19,"[0.16857849061489105, 0.20314054191112518, 0.24048665165901184, 0.2822953462600708, 0.3218575119972229, 0.45983821153640747, 0.5606899261474609, 0.7793868780136108, 0.9126449227333069]",1,9,7,0.1111111111111111,0.14285714285714285,0.125,0.004854083061218262,0.004854083061218262,1,9,7,0.1111111111111111,0.14285714285714285,0.125,0.004854083061218262,0.004854083061218262,2,9,7,0.2222222222222222,0.2857142857142857,0.25,0.007917284965515137,0.015834569931030273,4,9,7,0.4444444444444444,0.5714285714285714,0.5,0.029211431741714478,0.11684572696685791,"[0.06613679230213165, 0.17324833571910858, 0.3185862600803375, 0.3997337222099304, 0.48485806584358215, 0.6154035329818726, 0.6551414728164673, 0.8000689148902893, 0.8656635880470276]",0,9,7,0.0,0.0,0.0,,0.0,4,9,7,0.4444444444444444,0.5714285714285714,0.5,0.007564779371023178,0.030259117484092712,4,9,7,0.4444444444444444,0.5714285714285714,0.5,0.007564779371023178,0.030259117484092712,7,9,7,0.7777777777777778,1.0,0.8750000000000001,0.017954628382410322,0.12568239867687225
750,20750,282,20,12,28,"[0.05318465828895569, 0.10393834114074707, 0.15012051165103912, 0.20659302175045013, 0.25245484709739685, 0.3063138425350189, 0.35140693187713623, 0.3898109197616577, 0.4295840561389923, 0.48082995414733887, 0.5136851072311401, 0.570077657699585, 0.601118266582489, 0.6648550033569336, 0.7132408618927002, 0.7508605718612671, 0.8149335384368896, 0.85053950548172, 0.8928913474082947, 0.9557409882545471]","[0.10393834114074707, 0.15012051165103912, 0.25245484709739685, 0.3063138425350189, 0.35140693187713623, 0.4295840561389923, 0.48082995414733887, 0.5136851072311401, 0.570077657699585, 0.6648550033569336, 0.85053950548172, 0.8928913474082947]","[0.019066492095589638, 0.04827643558382988, 0.08198121190071106, 0.12092609703540802, 0.1635814905166626, 0.20541486144065857, 0.24184425175189972, 0.27615970373153687, 0.30967986583709717, 0.3412991464138031, 0.37417787313461304, 0.40685203671455383, 0.4384579360485077, 0.4689304530620575, 0.498028963804245, 0.5275566577911377, 0.5586326122283936, 0.5892605185508728, 0.619941771030426, 0.6510448455810547, 0.6838198900222778, 0.718817949295044, 0.7556023597717285, 0.7899300456047058, 0.8212587237358093, 0.854975163936615, 0.894531786441803, 0.9390088319778442]",0.009471211582422256,"[""ours_then_hard"", ""ours_then_hard"", ""hard_then_ours""]",17,5,-3,5.375425098463893e-05,False,"[19.7824, 19.6177, 16.3945]",19.6177,"[0.13592326641082764, 0.19825562834739685, 0.2428620159626007, 0.29582470655441284, 0.3480648696422577, 0.395232230424881, 0.43023717403411865, 0.46849799156188965, 0.511574387550354, 0.5591266751289368, 0.6181377172470093, 0.6456496715545654, 0.7651621699333191, 0.7950747013092041, 0.8145089745521545, 0.8294273018836975, 0.861169695854187]",28,16,8,2.6610528948367573e-05,False,"[14.4233, 15.7294, 14.2299]",14.4233,"[0.019066492095589638, 0.04827643558382988, 0.08198121190071106, 0.12092609703540802, 0.1635814905166626, 0.20541486144065857, 0.24184425175189972, 0.27615970373153687, 0.30967986583709717, 0.3412991464138031, 0.37417787313461304, 0.40685203671455383, 0.4384579360485077, 0.4689304530620575, 0.498028963804245, 0.5275566577911377, 0.5586326122283936, 0.5892605185508728, 0.619941771030426, 0.6510448455810547, 0.6838198900222778, 0.718817949295044, 0.7556023597717285, 0.7899300456047058, 0.8212587237358093, 0.854975163936615, 0.894531786441803, 0.9390088319778442]",0,"[0.1354484260082245, 0.2141689658164978, 0.2545587420463562, 0.3075370788574219, 0.35977041721343994, 0.404004842042923, 0.43807193636894226, 0.47724249958992004, 0.5254230499267578, 0.5720012187957764, 0.6175293326377869, 0.6454962491989136, 0.7687352895736694, 0.8073687553405762, 0.8256974220275879, 0.8404704928398132, 0.873151421546936]",4,17,12,0.23529411764705882,0.3333333333333333,0.27586206896551724,0.0022095367312431335,0.008838146924972534,6,17,12,0.35294117647058826,0.5,0.41379310344827586,0.004281585415204366,0.025689512491226196,11,17,12,0.6470588235294118,0.9166666666666666,0.7586206896551724,0.009206112135540356,0.10126723349094391,11,17,12,0.6470588235294118,0.9166666666666666,0.7586206896551724,0.030823043801567772,0.3390534818172455,"[0.013363456353545189, 0.03960312902927399, 0.07175464183092117, 0.11704936623573303, 0.17464759945869446, 0.22160249948501587, 0.25387507677078247, 0.2877447009086609, 0.3206824064254761, 0.35299569368362427, 0.38798341155052185, 0.4143073856830597, 0.4459804594516754, 0.4775770604610443, 0.5081725716590881, 0.5440252423286438, 0.5716443061828613, 0.5934979319572449, 0.618794858455658, 0.6508604884147644, 0.6835593581199646, 0.7209975719451904, 0.7601785659790039, 0.800621747970581, 0.833584189414978, 0.8663451671600342, 0.9060704708099365, 0.9487907290458679]",4,28,12,0.14285714285714285,0.3333333333333333,0.2,0.001957133412361145,0.00782853364944458,5,28,12,0.17857142857142858,0.4166666666666667,0.25,0.0026682138442993162,0.013341069221496582,11,28,12,0.39285714285714285,0.9166666666666666,0.55,0.009493350982666016,0.10442686080932617,12,28,12,0.42857142857142855,1.0,0.6,0.03387796195844809,0.4065355435013771
266,20266,283,12,7,28,"[0.058536097407341, 0.12823185324668884, 0.1975913792848587, 0.28771987557411194, 0.3663254380226135, 0.4396137595176697, 0.49697256088256836, 0.5592356324195862, 0.6417539119720459, 0.7383844256401062, 0.8231484889984131, 0.9046614766120911]","[0.12823185324668884, 0.1975913792848587, 0.3663254380226135, 0.49697256088256836, 0.5592356324195862, 0.7383844256401062, 0.8231484889984131]","[0.018366947770118713, 0.04634447395801544, 0.07738113403320312, 0.11306583136320114, 0.15145832300186157, 0.19070090353488922, 0.22586539387702942, 0.25824815034866333, 0.2894778251647949, 0.32234588265419006, 0.352973610162735, 0.3830221891403198, 0.4140957295894623, 0.44649776816368103, 0.4777542054653168, 0.508503794670105, 0.5388559103012085, 0.5711802244186401, 0.6047114133834839, 0.638395369052887, 0.6735907793045044, 0.7109516859054565, 0.7491820454597473, 0.7859755754470825, 0.8195949196815491, 0.854999840259552, 0.8954890966415405, 0.9399978518486023]",0.00998219195753336,"[""ours_then_hard"", ""ours_then_hard"", ""hard_then_ours""]",10,3,-2,8.981391874840483e-05,False,"[21.4695, 18.7697, 14.3496]",18.7697,"[0.17295712232589722, 0.21918590366840363, 0.25350165367126465, 0.30831462144851685, 0.4218482971191406, 0.5221036076545715, 0.614143431186676, 0.6715174317359924, 0.7655826210975647, 0.8280166387557983]",14,7,2,2.4698749257368036e-05,True,"[142.1398, 150.956, 130.9586]",142.1398,"[0.04634447395801544, 0.11306583136320114, 0.22586539387702942, 0.3830221891403198, 0.44649776816368103, 0.5388559103012085, 0.5711802244186401, 0.638395369052887, 0.6735907793045044, 0.7491820454597473, 0.7859755754470825, 0.8195949196815491, 0.854999840259552, 0.9399978518486023]",14,"[0.15797048807144165, 0.20813129842281342, 0.2400704026222229, 0.29764336347579956, 0.418752521276474, 0.5160802006721497, 0.6161054372787476, 0.6753827333450317, 0.7715622782707214, 0.8401533961296082]",0,10,7,0.0,0.0,0.0,,0.0,0,10,7,0.0,0.0,0.0,,0.0,3,10,7,0.3,0.42857142857142855,0.3529411764705882,0.015550822019577026,0.04665246605873108,5,10,7,0.5,0.7142857142857143,0.588235294117647,0.021913790702819826,0.10956895351409912,"[0.031864896416664124, 0.09134573489427567, 0.21535342931747437, 0.37478044629096985, 0.4445834159851074, 0.5308598875999451, 0.5706771612167358, 0.6380071640014648, 0.678017795085907, 0.7602341771125793, 0.7939402461051941, 0.830414354801178, 0.8641459941864014, 0.9457919001579285]",0,14,7,0.0,0.0,0.0,,0.0,2,14,7,0.14285714285714285,0.2857142857142857,0.19047619047619047,0.007860437035560608,0.015720874071121216,4,14,7,0.2857142857142857,0.5714285714285714,0.38095238095238093,0.011231113225221634,0.044924452900886536,7,14,7,0.5,1.0,0.6666666666666666,0.022784289504800524,0.15949002653360367
22,20022,284,15,9,28,"[0.0858510285615921, 0.14713682234287262, 0.2071121633052826, 0.27540284395217896, 0.3160937428474426, 0.35748961567878723, 0.4492151737213135, 0.4898151159286499, 0.5440875291824341, 0.6229925155639648, 0.7145047187805176, 0.7873765230178833, 0.8509712219238281, 0.8982217907905579, 0.9389468431472778]","[0.14713682234287262, 0.2071121633052826, 0.3160937428474426, 0.35748961567878723, 0.4898151159286499, 0.5440875291824341, 0.7873765230178833, 0.8509712219238281, 0.8982217907905579]","[0.021238794550299644, 0.05379065126180649, 0.09088098257780075, 0.1331583708524704, 0.1800438016653061, 0.22323715686798096, 0.26071998476982117, 0.2965797185897827, 0.33029717206954956, 0.36223113536834717, 0.3930562734603882, 0.4230833649635315, 0.4529137909412384, 0.4828330874443054, 0.5121816992759705, 0.5410900712013245, 0.569922685623169, 0.599173367023468, 0.6291836500167847, 0.6598251461982727, 0.6921054720878601, 0.726331889629364, 0.7605838775634766, 0.7928695678710938, 0.8250804543495178, 0.8597249984741211, 0.8985345959663391, 0.9414582848548889]",0.016302041709423065,"[""ours_then_hard"", ""hard_then_ours"", ""hard_then_ours""]",10,1,-5,0.00014955148799344897,False,"[18.7206, 16.0728, 17.9372]",17.9372,"[0.22396770119667053, 0.40302708745002747, 0.47432857751846313, 0.5764629244804382, 0.6802816987037659, 0.7329794764518738, 0.7610416412353516, 0.816879391670227, 0.8800076246261597, 0.9279817938804626]",10,1,-5,1.9617540601757355e-05,True,"[204.7019, 169.0501, 168.4918]",169.0501,"[0.1331583708524704, 0.26071998476982117, 0.2965797185897827, 0.4230833649635315, 0.4828330874443054, 0.5121816992759705, 0.6291836500167847, 0.726331889629364, 0.8250804543495178, 0.8985345959663391]",18,"[0.21407143771648407, 0.3765784800052643, 0.4554080367088318, 0.5612784028053284, 0.6776963472366333, 0.7447936534881592, 0.778899073600769, 0.8366445302963257, 0.9069365859031677, 0.949098527431488]",0,10,9,0.0,0.0,0.0,,0.0,3,10,9,0.3,0.3333333333333333,0.3157894736842105,0.008050506313641867,0.024151518940925598,6,10,9,0.6,0.6666666666666666,0.631578947368421,0.012459658086299896,0.07475794851779938,7,10,9,0.7,0.7777777777777778,0.7368421052631577,0.020467206835746765,0.14327044785022736,"[0.11746682971715927, 0.2493632435798645, 0.2851925790309906, 0.3999984562397003, 0.46323108673095703, 0.5007228851318359, 0.6167895793914795, 0.734909176826477, 0.8441969752311707, 0.9255685806274414]",0,10,9,0.0,0.0,0.0,,0.0,1,10,9,0.1,0.1111111111111111,0.10526315789473685,0.006774246692657471,0.006774246692657471,2,10,9,0.2,0.2222222222222222,0.2105263157894737,0.008841007947921753,0.017682015895843506,8,10,9,0.8,0.8888888888888888,0.8421052631578948,0.03117509838193655,0.2494007870554924
478,20478,285,6,5,28,"[0.12044405937194824, 0.3075545132160187, 0.44874322414398193, 0.5474973917007446, 0.6353837251663208, 0.8065232634544373]","[0.12044405937194824, 0.3075545132160187, 0.44874322414398193, 0.5474973917007446, 0.8065232634544373]","[0.018506791442632675, 0.046561628580093384, 0.07929610460996628, 0.11652372032403946, 0.15857964754104614, 0.19937361776828766, 0.23543810844421387, 0.2688458263874054, 0.30089664459228516, 0.3328630030155182, 0.36422833800315857, 0.3959222137928009, 0.42663171887397766, 0.4573611319065094, 0.4878172278404236, 0.5190767049789429, 0.5506932735443115, 0.5825583934783936, 0.6147862672805786, 0.6477167010307312, 0.6819836497306824, 0.7178399562835693, 0.7541727423667908, 0.7885271310806274, 0.8212758302688599, 0.856286346912384, 0.8959192037582397, 0.939893901348114]",0.010318099521100521,"[""ours_then_hard"", ""hard_then_ours"", ""hard_then_ours""]",8,3,2,2.8218550141900778e-05,False,"[18.3376, 14.3989, 20.1626]",18.3376,"[0.12690559029579163, 0.19872063398361206, 0.23754748702049255, 0.358920693397522, 0.4342753291130066, 0.5467159152030945, 0.6272995471954346, 0.7464853525161743]",7,2,1,2.2574755348614417e-05,True,"[198.2569, 177.0916, 202.1705]",198.2569,"[0.15857964754104614, 0.3328630030155182, 0.42663171887397766, 0.4878172278404236, 0.5190767049789429, 0.5506932735443115, 0.7541727423667908]",21,"[0.11445527523756027, 0.1898229867219925, 0.23208992183208466, 0.36836370825767517, 0.45646902918815613, 0.5526466369628906, 0.6319929361343384, 0.741028904914856]",0,8,5,0.0,0.0,0.0,,0.0,3,8,5,0.375,0.6,0.4615384615384615,0.0062879448135693865,0.01886383444070816,3,8,5,0.375,0.6,0.4615384615384615,0.0062879448135693865,0.01886383444070816,3,8,5,0.375,0.6,0.4615384615384615,0.0062879448135693865,0.01886383444070816,"[0.14623281359672546, 0.340227335691452, 0.4469219744205475, 0.5065096020698547, 0.5269898772239685, 0.5576517581939697, 0.7492355704307556]",1,7,5,0.14285714285714285,0.2,0.16666666666666666,0.0018212497234344482,0.0018212497234344482,1,7,5,0.14285714285714285,0.2,0.16666666666666666,0.0018212497234344482,0.0018212497234344482,2,7,5,0.2857142857142857,0.4,0.3333333333333333,0.005987808108329773,0.011975616216659546,4,7,5,0.5714285714285714,0.8,0.6666666666666666,0.025317654013633728,0.10127061605453491
639,20639,286,11,5,28,"[0.09287591278553009, 0.14706501364707947, 0.24334406852722168, 0.3187214136123657, 0.415264755487442, 0.48707816004753113, 0.5655436515808105, 0.67344069480896, 0.7366552948951721, 0.8422121405601501, 0.9233401417732239]","[0.14706501364707947, 0.3187214136123657, 0.415264755487442, 0.7366552948951721, 0.8422121405601501]","[0.020571347326040268, 0.05217888206243515, 0.08691640198230743, 0.12632670998573303, 0.16878947615623474, 0.20931747555732727, 0.24629120528697968, 0.28039804100990295, 0.3134187161922455, 0.3460865318775177, 0.37822794914245605, 0.4109676778316498, 0.44377321004867554, 0.47582611441612244, 0.5070581436157227, 0.5377980470657349, 0.5683376789093018, 0.5996211767196655, 0.6312606334686279, 0.6632139682769775, 0.6965159177780151, 0.7310737371444702, 0.7668596506118774, 0.8000314831733704, 0.8312374949455261, 0.865087628364563, 0.9030623435974121, 0.944360613822937]",0.022226424887776375,"[""ours_then_hard"", ""ours_then_hard"", ""hard_then_ours""]",8,3,-3,2.0396388208610006e-05,True,"[22.2131, 15.825, 18.779]",18.779,"[0.208576038479805, 0.29248785972595215, 0.3915756642818451, 0.49213457107543945, 0.5790590643882751, 0.6988675594329834, 0.7907851934432983, 0.859279453754425]",7,2,-4,1.8683440430322662e-05,True,"[203.5077, 214.2856, 260.2568]",214.2856,"[0.16878947615623474, 0.3134187161922455, 0.4109676778316498, 0.6312606334686279, 0.6965159177780151, 0.865087628364563, 0.9030623435974121]",21,"[0.18337926268577576, 0.26520785689353943, 0.3624495267868042, 0.4581490159034729, 0.5491102337837219, 0.6941947340965271, 0.799226701259613, 0.8735498785972595]",0,8,5,0.0,0.0,0.0,,0.0,0,8,5,0.0,0.0,0.0,,0.0,0,8,5,0.0,0.0,0.0,,0.0,5,8,5,0.625,1.0,0.7692307692307693,0.041674524545669556,0.20837262272834778,"[0.1424761563539505, 0.2862929105758667, 0.3846324682235718, 0.6053380370140076, 0.6914941668510437, 0.881110668182373, 0.9172224998474121]",1,7,5,0.14285714285714285,0.2,0.16666666666666666,0.004588857293128967,0.004588857293128967,1,7,5,0.14285714285714285,0.2,0.16666666666666666,0.004588857293128967,0.004588857293128967,1,7,5,0.14285714285714285,0.2,0.16666666666666666,0.004588857293128967,0.004588857293128967,5,7,5,0.7142857142857143,1.0,0.8333333333333333,0.03034186065196991,0.15170930325984955
312,20312,287,6,4,28,"[0.1810762733221054, 0.3279152512550354, 0.48292800784111023, 0.6371630430221558, 0.7171921133995056, 0.9050185084342957]","[0.1810762733221054, 0.48292800784111023, 0.7171921133995056, 0.9050185084342957]","[0.019735759124159813, 0.04941415414214134, 0.08254355192184448, 0.1198016107082367, 0.1598442792892456, 0.19936273992061615, 0.2338535040616989, 0.2661917805671692, 0.2981587052345276, 0.33038702607154846, 0.36225059628486633, 0.3938620984554291, 0.4253835380077362, 0.45664095878601074, 0.48765429854393005, 0.5186467170715332, 0.5498042702674866, 0.5812744498252869, 0.6131831407546997, 0.6454041600227356, 0.678812563419342, 0.7140099406242371, 0.7499013543128967, 0.7841202020645142, 0.8168610334396362, 0.8519366979598999, 0.8922343850135803, 0.93735671043396]",0.03728904947638512,"[""ours_then_hard"", ""ours_then_hard"", ""hard_then_ours""]",6,2,0,2.7669879273162223e-05,False,"[17.3442, 23.2684, 13.4696]",17.3442,"[0.20770958065986633, 0.30358079075813293, 0.4335257112979889, 0.5024639964103699, 0.5717071890830994, 0.7177842259407043]",5,1,-1,1.3141066119715106e-05,True,"[209.3822, 239.3551, 202.6662]",209.3822,"[0.1198016107082367, 0.33038702607154846, 0.5498042702674866, 0.678812563419342, 0.93735671043396]",23,"[0.1993318349123001, 0.32082420587539673, 0.47343409061431885, 0.5439404249191284, 0.619546115398407, 0.7761431336402893]",0,6,4,0.0,0.0,0.0,,0.0,1,6,4,0.16666666666666666,0.25,0.2,0.009493917226791382,0.009493917226791382,2,6,4,0.3333333333333333,0.5,0.4,0.013874739408493042,0.027749478816986084,2,6,4,0.3333333333333333,0.5,0.4,0.013874739408493042,0.027749478816986084,"[0.10195375978946686, 0.35068994760513306, 0.5930840373039246, 0.7346800565719604, 0.9606315493583679]",0,5,4,0.0,0.0,0.0,,0.0,0,5,4,0.0,0.0,0.0,,0.0,1,5,4,0.2,0.25,0.22222222222222224,0.017487943172454834,0.017487943172454834,1,5,4,0.2,0.25,0.22222222222222224,0.017487943172454834,0.017487943172454834
175,20175,288,19,10,28,"[0.04193395376205444, 0.09516897797584534, 0.15133529901504517, 0.20194682478904724, 0.24462507665157318, 0.3003135323524475, 0.33429020643234253, 0.3958809971809387, 0.43683138489723206, 0.48997068405151367, 0.5345360636711121, 0.592667281627655, 0.6252759695053101, 0.6796914339065552, 0.7359506487846375, 0.7920962572097778, 0.8423025012016296, 0.8812363147735596, 0.9416859149932861]","[0.04193395376205444, 0.20194682478904724, 0.3003135323524475, 0.3958809971809387, 0.43683138489723206, 0.5345360636711121, 0.6796914339065552, 0.7359506487846375, 0.8423025012016296, 0.9416859149932861]","[0.019055500626564026, 0.04761989414691925, 0.07983513176441193, 0.11647333204746246, 0.1575872302055359, 0.19798314571380615, 0.23383614420890808, 0.2663557529449463, 0.2973273992538452, 0.32710546255111694, 0.3565484583377838, 0.387103796005249, 0.41666901111602783, 0.44580596685409546, 0.4743417501449585, 0.5032159686088562, 0.5338077545166016, 0.5646474361419678, 0.5955629944801331, 0.6276926398277283, 0.6623199582099915, 0.6989380717277527, 0.737296998500824, 0.7752366662025452, 0.8096199035644531, 0.8450115323066711, 0.8872818946838379, 0.9350006580352783]",0.006810546852648258,"[""hard_then_ours"", ""hard_then_ours"", ""ours_then_hard""]",14,4,-5,2.2896465452504344e-05,True,"[17.5478, 14.7566, 18.2335]",17.5478,"[0.15223979949951172, 0.19196490943431854, 0.22855816781520844, 0.3019847869873047, 0.38278791308403015, 0.4465790092945099, 0.5386160612106323, 0.6031607985496521, 0.6492319107055664, 0.6740781664848328, 0.7547611594200134, 0.7895150780677795, 0.8279162645339966, 0.887220561504364]",11,1,-8,2.4987961296574213e-05,True,"[171.2829, 161.1153, 153.4573]",161.1153,"[0.04761989414691925, 0.19798314571380615, 0.2973273992538452, 0.387103796005249, 0.41666901111602783, 0.5338077545166016, 0.5646474361419678, 0.6989380717277527, 0.737296998500824, 0.8450115323066711, 0.9350006580352783]",17,"[0.1524856686592102, 0.1887938231229782, 0.22531916201114655, 0.29543936252593994, 0.37964898347854614, 0.43419694900512695, 0.5313156843185425, 0.5966662168502808, 0.6472799777984619, 0.6710693836212158, 0.7548230290412903, 0.7810576558113098, 0.8162595629692078, 0.8770194053649902]",3,14,10,0.21428571428571427,0.3,0.25,0.0035763283570607505,0.010728985071182251,4,14,10,0.2857142857142857,0.4,0.3333333333333333,0.004837758839130402,0.019351035356521606,7,14,10,0.5,0.7,0.5833333333333334,0.009658347283090864,0.06760843098163605,8,14,10,0.5714285714285714,0.8,0.6666666666666666,0.01921861618757248,0.15374892950057983,"[0.041678737848997116, 0.19364458322525024, 0.29189497232437134, 0.3828069567680359, 0.41392815113067627, 0.5267128944396973, 0.5533149242401123, 0.6970764398574829, 0.7370738983154297, 0.8360058665275574, 0.9305906295776367]",2,11,10,0.18181818181818182,0.2,0.1904761904761905,0.0006892327219247818,0.0013784654438495636,6,11,10,0.5454545454545454,0.6,0.5714285714285713,0.0053698451568682986,0.03221907094120979,9,11,10,0.8181818181818182,0.9,0.8571428571428572,0.008197044746743308,0.07377340272068977,10,11,10,0.9090909090909091,1.0,0.9523809523809523,0.009667663648724557,0.09667663648724556
431,20431,289,15,10,28,"[0.061133645474910736, 0.14622211456298828, 0.22182181477546692, 0.26014864444732666, 0.3308436870574951, 0.41446653008461, 0.47870612144470215, 0.5252048969268799, 0.599537193775177, 0.6357400417327881, 0.6891250610351562, 0.7699643969535828, 0.8346332907676697, 0.8940605521202087, 0.9628214836120605]","[0.061133645474910736, 0.22182181477546692, 0.26014864444732666, 0.3308436870574951, 0.47870612144470215, 0.5252048969268799, 0.6357400417327881, 0.7699643969535828, 0.8940605521202087, 0.9628214836120605]","[0.018499523401260376, 0.04797329008579254, 0.08084035664796829, 0.1184995025396347, 0.16057154536247253, 0.2009730339050293, 0.23514501750469208, 0.26804471015930176, 0.3003026247024536, 0.33235329389572144, 0.36300909519195557, 0.39330723881721497, 0.42294973134994507, 0.4534226357936859, 0.48425668478012085, 0.5144216418266296, 0.5441715717315674, 0.5740559697151184, 0.6047199964523315, 0.6363824009895325, 0.6697901487350464, 0.7052428722381592, 0.744423508644104, 0.7821329236030579, 0.8159374594688416, 0.851240873336792, 0.8928289413452148, 0.938745379447937]",0.01813643053174019,"[""ours_then_hard"", ""hard_then_ours"", ""hard_then_ours""]",17,7,2,4.1290029912488535e-05,False,"[19.675, 18.6549, 14.9424]",18.6549,"[0.11303509026765823, 0.15322591364383698, 0.21215492486953735, 0.2658056616783142, 0.3359416425228119, 0.36628520488739014, 0.39681366086006165, 0.44348278641700745, 0.47856178879737854, 0.5193884372711182, 0.5321322083473206, 0.6472982168197632, 0.7339861392974854, 0.7745780944824219, 0.801051139831543, 0.8248355984687805, 0.858799934387207]",17,7,2,2.28310873353621e-05,True,"[123.1728, 126.6839, 119.8787]",123.1728,"[0.018499523401260376, 0.04797329008579254, 0.1184995025396347, 0.16057154536247253, 0.2009730339050293, 0.26804471015930176, 0.33235329389572144, 0.42294973134994507, 0.4534226357936859, 0.48425668478012085, 0.5144216418266296, 0.6363824009895325, 0.744423508644104, 0.7821329236030579, 0.851240873336792, 0.8928289413452148, 0.938745379447937]",11,"[0.1306537538766861, 0.17782996594905853, 0.2298002690076828, 0.2815175950527191, 0.348821222782135, 0.37954020500183105, 0.41384297609329224, 0.4679601788520813, 0.5052182078361511, 0.5391587615013123, 0.5496721267700195, 0.6644074320793152, 0.7545780539512634, 0.7931942343711853, 0.8220493793487549, 0.8505533933639526, 0.8853066563606262]",0,17,10,0.0,0.0,0.0,,0.0,2,17,10,0.11764705882352941,0.2,0.14814814814814817,0.0083661749958992,0.0167323499917984,6,17,10,0.35294117647058826,0.6,0.4444444444444445,0.01347147673368454,0.08082886040210724,8,17,10,0.47058823529411764,0.8,0.5925925925925927,0.03024498000741005,0.2419598400592804,"[0.01661083474755287, 0.04336177185177803, 0.13667482137680054, 0.18681859970092773, 0.22092002630233765, 0.28345853090286255, 0.3449825048446655, 0.4452192187309265, 0.47857850790023804, 0.5124396681785583, 0.535332441329956, 0.6554140448570251, 0.7660004496574402, 0.8005715012550354, 0.8789021968841553, 0.9145891070365906, 0.9496217966079712]",3,17,10,0.17647058823529413,0.3,0.22222222222222224,0.0016644497712453206,0.004993349313735962,3,17,10,0.17647058823529413,0.3,0.22222222222222224,0.0016644497712453206,0.004993349313735962,9,17,10,0.5294117647058824,0.9,0.6666666666666667,0.01085570164852672,0.0977013148367405,10,17,10,0.5882352941176471,1.0,0.7407407407407407,0.03332817740738392,0.3332817740738392
369,20369,290,12,8,28,"[0.07316408306360245, 0.18722811341285706, 0.26907163858413696, 0.34741613268852234, 0.44322648644447327, 0.5096037983894348, 0.5585782527923584, 0.600514829158783, 0.6596933007240295, 0.7385457158088684, 0.8070268034934998, 0.9174388647079468]","[0.07316408306360245, 0.34741613268852234, 0.44322648644447327, 0.5096037983894348, 0.5585782527923584, 0.6596933007240295, 0.7385457158088684, 0.8070268034934998]","[0.018394187092781067, 0.04598487168550491, 0.07640067487955093, 0.1101776659488678, 0.1468847543001175, 0.1845354586839676, 0.21874019503593445, 0.249501571059227, 0.2788948118686676, 0.3081716299057007, 0.3401826024055481, 0.3719257712364197, 0.40319740772247314, 0.43414023518562317, 0.46497881412506104, 0.4961119294166565, 0.5277867913246155, 0.5595199465751648, 0.5912711024284363, 0.623171329498291, 0.6572109460830688, 0.6948893070220947, 0.7345879077911377, 0.7727188467979431, 0.8092654943466187, 0.846415638923645, 0.8888895511627197, 0.9360588192939758]",0.01428410317748785,"[""ours_then_hard"", ""ours_then_hard"", ""hard_then_ours""]",9,1,-3,6.569881225004792e-05,False,"[16.4665, 18.8653, 16.3257]",16.4665,"[0.15323950350284576, 0.23662173748016357, 0.3760572671890259, 0.4357108175754547, 0.5502737760543823, 0.6067533493041992, 0.6560454964637756, 0.7548820376396179, 0.8045766949653625]",10,2,-2,2.158145980502013e-05,True,"[169.2679, 183.3064, 165.923]",169.2679,"[0.07640067487955093, 0.1468847543001175, 0.3401826024055481, 0.3719257712364197, 0.43414023518562317, 0.46497881412506104, 0.5595199465751648, 0.6948893070220947, 0.7345879077911377, 0.8092654943466187]",18,"[0.16388265788555145, 0.253523051738739, 0.4034765958786011, 0.45653656125068665, 0.5560083389282227, 0.6030970215797424, 0.6451321244239807, 0.748933732509613, 0.7998278737068176]",1,9,8,0.1111111111111111,0.125,0.11764705882352941,0.002569913864135742,0.002569913864135742,2,9,8,0.2222222222222222,0.25,0.23529411764705882,0.0048844218254089355,0.009768843650817871,5,9,8,0.5555555555555556,0.625,0.5882352941176471,0.009605622291564942,0.04802811145782471,6,9,8,0.6666666666666666,0.75,0.7058823529411765,0.027136887113253277,0.16282132267951965,"[0.07617049664258957, 0.156571164727211, 0.3627110719680786, 0.39777183532714844, 0.45515358448028564, 0.48790374398231506, 0.5619323253631592, 0.6868549585342407, 0.7282077670097351, 0.804352343082428]",3,10,8,0.3,0.375,0.33333333333333326,0.0030116488536198935,0.00903494656085968,3,10,8,0.3,0.375,0.33333333333333326,0.0030116488536198935,0.00903494656085968,6,10,8,0.6,0.75,0.6666666666666665,0.007765822112560272,0.04659493267536163,8,10,8,0.8,1.0,0.888888888888889,0.016123024746775627,0.12898419797420502
600,20600,291,15,9,28,"[0.0387774221599102, 0.09698725491762161, 0.16984564065933228, 0.25505104660987854, 0.35193541646003723, 0.39464497566223145, 0.44303691387176514, 0.48857924342155457, 0.5461475849151611, 0.6108468770980835, 0.6606462597846985, 0.7105356454849243, 0.7739059329032898, 0.8600321412086487, 0.9324758648872375]","[0.0387774221599102, 0.25505104660987854, 0.35193541646003723, 0.44303691387176514, 0.48857924342155457, 0.5461475849151611, 0.6606462597846985, 0.7739059329032898, 0.8600321412086487]","[0.01906716823577881, 0.047906294465065, 0.0803975909948349, 0.11700712144374847, 0.15748441219329834, 0.19676999747753143, 0.2322053760290146, 0.26343590021133423, 0.29527974128723145, 0.32685914635658264, 0.35737287998199463, 0.38822486996650696, 0.4191092550754547, 0.4505326449871063, 0.4824182093143463, 0.5148386359214783, 0.5469875931739807, 0.5787948369979858, 0.6104081273078918, 0.6428206562995911, 0.6765744090080261, 0.7119463086128235, 0.7479028701782227, 0.7820884585380554, 0.8145221471786499, 0.8489404916763306, 0.8895982503890991, 0.9359325766563416]",0.010059596039354801,"[""hard_then_ours"", ""ours_then_hard"", ""ours_then_hard""]",7,-2,-8,7.075234316289425e-05,False,"[13.5376, 15.3426, 18.107]",15.3426,"[0.18450528383255005, 0.30754876136779785, 0.36414557695388794, 0.5267806649208069, 0.5856823921203613, 0.6701780557632446, 0.8219422698020935]",9,0,-6,2.2908803657628596e-05,True,"[182.4688, 171.1393, 171.9406]",171.9406,"[0.15748441219329834, 0.2322053760290146, 0.32685914635658264, 0.38822486996650696, 0.4824182093143463, 0.5787948369979858, 0.6765744090080261, 0.7820884585380554, 0.8489404916763306]",19,"[0.17189452052116394, 0.3210430443286896, 0.37362366914749146, 0.5306812524795532, 0.5786992907524109, 0.6625148057937622, 0.81633061170578]",1,7,9,0.14285714285714285,0.1111111111111111,0.125,0.0018685460090637207,0.0018685460090637207,1,7,9,0.14285714285714285,0.1111111111111111,0.125,0.0018685460090637207,0.0018685460090637207,2,7,9,0.2857142857142857,0.2222222222222222,0.25,0.008667439222335815,0.01733487844467163,5,7,9,0.7142857142857143,0.5555555555555556,0.6250000000000001,0.029967862367630004,0.14983931183815002,"[0.14001162350177765, 0.2296932488679886, 0.33549338579177856, 0.39524322748184204, 0.4838864207267761, 0.5711467266082764, 0.6680479049682617, 0.7707421779632568, 0.8462825417518616]",2,9,9,0.2222222222222222,0.2222222222222222,0.2222222222222222,0.003928288817405701,0.007856577634811401,3,9,9,0.3333333333333333,0.3333333333333333,0.3333333333333333,0.005086074272791545,0.015258222818374634,5,9,9,0.5555555555555556,0.5555555555555556,0.5555555555555556,0.009089970588684082,0.04544985294342041,8,9,9,0.8888888888888888,0.8888888888888888,0.8888888888888888,0.017950059846043587,0.1436004787683487
489,20489,292,7,5,28,"[0.14191371202468872, 0.27153483033180237, 0.37836045026779175, 0.43762704730033875, 0.5274537205696106, 0.6840991377830505, 0.8949556350708008]","[0.27153483033180237, 0.43762704730033875, 0.5274537205696106, 0.6840991377830505, 0.8949556350708008]","[0.0207623653113842, 0.052420854568481445, 0.08828002959489822, 0.12845122814178467, 0.17276792228221893, 0.2142859697341919, 0.25220242142677307, 0.2863600552082062, 0.3198431730270386, 0.35150185227394104, 0.3831990957260132, 0.4148191809654236, 0.4459555149078369, 0.47674277424812317, 0.5074212551116943, 0.5385608077049255, 0.5695788860321045, 0.6004852652549744, 0.6315523386001587, 0.6633037328720093, 0.6967146992683411, 0.7316100597381592, 0.7660295963287354, 0.7983714938163757, 0.8298470973968506, 0.8637244701385498, 0.9017307162284851, 0.9434301257133484]",0.02806520275771618,"[""ours_then_hard"", ""ours_then_hard"", ""ours_then_hard""]",9,4,2,1.7219239452970214e-05,True,"[17.8931, 16.4076, 19.2739]",17.8931,"[0.14011886715888977, 0.21976149082183838, 0.26287606358528137, 0.37617313861846924, 0.46984317898750305, 0.6146861910820007, 0.7673078179359436, 0.8203859329223633, 0.8891310095787048]",6,1,-1,2.0227793356752954e-05,True,"[201.6821, 213.6269, 201.163]",201.6821,"[0.3198431730270386, 0.47674277424812317, 0.5385608077049255, 0.6315523386001587, 0.7316100597381592, 0.9017307162284851]",22,"[0.1144583523273468, 0.18677154183387756, 0.23000629246234894, 0.33783888816833496, 0.4324042499065399, 0.5803382396697998, 0.7753602266311646, 0.843244194984436, 0.9095793962478638]",0,9,5,0.0,0.0,0.0,,0.0,1,9,5,0.1111111111111111,0.2,0.14285714285714285,0.005222797393798828,0.005222797393798828,2,9,5,0.2222222222222222,0.4,0.2857142857142857,0.009923279285430908,0.019846558570861816,3,9,5,0.3333333333333333,0.6,0.42857142857142855,0.020458365480105083,0.06137509644031525,"[0.28930771350860596, 0.44016358256340027, 0.500903308391571, 0.5975340604782104, 0.728458046913147, 0.9206987619400024]",1,6,5,0.16666666666666666,0.2,0.1818181818181818,0.0025365352630615234,0.0025365352630615234,1,6,5,0.16666666666666666,0.2,0.1818181818181818,0.0025365352630615234,0.0025365352630615234,2,6,5,0.3333333333333333,0.4,0.3636363636363636,0.010154709219932556,0.020309418439865112,5,6,5,0.8333333333333334,1.0,0.9090909090909091,0.023392373323440553,0.11696186661720276
37,20037,293,12,9,28,"[0.05266103893518448, 0.09387046098709106, 0.2030598670244217, 0.25153493881225586, 0.29940369725227356, 0.41551777720451355, 0.5220646858215332, 0.6153064966201782, 0.6896940469741821, 0.7616059184074402, 0.8392235636711121, 0.9287808537483215]","[0.09387046098709106, 0.25153493881225586, 0.29940369725227356, 0.5220646858215332, 0.6153064966201782, 0.6896940469741821, 0.7616059184074402, 0.8392235636711121, 0.9287808537483215]","[0.018348023295402527, 0.04526615887880325, 0.0756366178393364, 0.11101149022579193, 0.15103287994861603, 0.188632532954216, 0.22329892218112946, 0.25473734736442566, 0.2812678813934326, 0.31405848264694214, 0.34497812390327454, 0.37644854187965393, 0.40608441829681396, 0.4355117082595825, 0.4649273455142975, 0.4956852197647095, 0.5289072394371033, 0.5623307228088379, 0.5964002013206482, 0.63081294298172, 0.6666322350502014, 0.7044504880905151, 0.744611918926239, 0.7826221585273743, 0.8164792656898499, 0.8517535924911499, 0.8928959369659424, 0.9384915232658386]",0.017677558586001396,"[""ours_then_hard"", ""ours_then_hard"", ""ours_then_hard""]",9,0,-3,9.432844672119245e-05,False,"[17.4901, 17.7694, 20.289]",17.7694,"[0.17958100140094757, 0.21607303619384766, 0.2247271090745926, 0.30578577518463135, 0.40271344780921936, 0.5789754390716553, 0.6355106234550476, 0.7529084086418152, 0.8106654286384583]",11,2,-1,2.3777209207764827e-05,True,"[158.3815, 181.4072, 159.0947]",159.0947,"[0.04526615887880325, 0.11101149022579193, 0.2812678813934326, 0.34497812390327454, 0.4649273455142975, 0.4956852197647095, 0.5964002013206482, 0.7044504880905151, 0.744611918926239, 0.8517535924911499, 0.8928959369659424]",17,"[0.1563568413257599, 0.19126766920089722, 0.19974295794963837, 0.2761017680168152, 0.3804068863391876, 0.5910851359367371, 0.6495345234870911, 0.7660810947418213, 0.8195092082023621]",1,9,9,0.1111111111111111,0.1111111111111111,0.1111111111111111,0.0044751763343811035,0.0044751763343811035,1,9,9,0.1111111111111111,0.1111111111111111,0.1111111111111111,0.0044751763343811035,0.0044751763343811035,2,9,9,0.2222222222222222,0.2222222222222222,0.2222222222222222,0.012094765901565552,0.024189531803131104,5,9,9,0.5555555555555556,0.5555555555555556,0.5555555555555556,0.02262744903564453,0.11313724517822266,"[0.03317263349890709, 0.08425253629684448, 0.25371503829956055, 0.32493942975997925, 0.4518001675605774, 0.4952729344367981, 0.6095861792564392, 0.7186610102653503, 0.7592183351516724, 0.868514358997345, 0.9089467525482178]",2,11,9,0.18181818181818182,0.2222222222222222,0.19999999999999998,0.002283841371536255,0.00456768274307251,4,11,9,0.36363636363636365,0.4444444444444444,0.39999999999999997,0.004976481199264526,0.019905924797058105,5,11,9,0.45454545454545453,0.5555555555555556,0.5,0.007948005199432373,0.039740025997161865,9,11,9,0.8181818181818182,1.0,0.9,0.01670280761188931,0.15032526850700378
985,20985,294,16,10,28,"[0.08153048157691956, 0.11811935901641846, 0.170127734541893, 0.22942793369293213, 0.2769571840763092, 0.33371686935424805, 0.40702444314956665, 0.4522968530654907, 0.5242217779159546, 0.6089817881584167, 0.655851423740387, 0.6988617777824402, 0.7391442060470581, 0.8112004995346069, 0.892525315284729, 0.964107096195221]","[0.08153048157691956, 0.11811935901641846, 0.22942793369293213, 0.2769571840763092, 0.40702444314956665, 0.4522968530654907, 0.655851423740387, 0.6988617777824402, 0.8112004995346069, 0.964107096195221]","[0.01767818257212639, 0.04430901259183884, 0.0751035064458847, 0.10996247082948685, 0.14899925887584686, 0.18863247334957123, 0.22282515466213226, 0.2553275525569916, 0.28598251938819885, 0.3178395628929138, 0.35024410486221313, 0.3824656307697296, 0.41381627321243286, 0.44482630491256714, 0.4760414958000183, 0.5074039101600647, 0.5387893915176392, 0.570323646068573, 0.6021074056625366, 0.6342556476593018, 0.6679497361183167, 0.703857421875, 0.7413616180419922, 0.7771681547164917, 0.8100411295890808, 0.8441882729530334, 0.8861380219459534, 0.934224545955658]",0.010296222753822803,"[""ours_then_hard"", ""hard_then_ours"", ""hard_then_ours""]",10,0,-6,0.00014027470024302602,False,"[16.4627, 18.2047, 19.666]",18.2047,"[0.25565099716186523, 0.42009732127189636, 0.4650345742702484, 0.5784032344818115, 0.6457560658454895, 0.7936266660690308, 0.8121631741523743, 0.8214167356491089, 0.8509994745254517, 0.8931676149368286]",13,3,-3,2.1290992663125508e-05,True,"[159.3198, 176.1076, 151.9037]",159.3198,"[0.0751035064458847, 0.14899925887584686, 0.18863247334957123, 0.22282515466213226, 0.3178395628929138, 0.35024410486221313, 0.5387893915176392, 0.570323646068573, 0.6342556476593018, 0.6679497361183167, 0.7413616180419922, 0.8441882729530334, 0.934224545955658]",15,"[0.2479110211133957, 0.4237512946128845, 0.4655469059944153, 0.593578040599823, 0.6667392253875732, 0.8047097325325012, 0.8179963827133179, 0.8271523118019104, 0.8550450801849365, 0.9008855819702148]",0,10,10,0.0,0.0,0.0,,0.0,1,10,10,0.1,0.1,0.10000000000000002,0.006490767002105713,0.006490767002105713,5,10,10,0.5,0.5,0.5,0.013167712092399596,0.06583856046199799,5,10,10,0.5,0.5,0.5,0.013167712092399596,0.06583856046199799,"[0.06835923343896866, 0.1342187523841858, 0.1800055354833603, 0.21500180661678314, 0.314458966255188, 0.3541867136955261, 0.5507054328918457, 0.5864235758781433, 0.6527516841888428, 0.6877853274345398, 0.7577505111694336, 0.8493860960006714, 0.9361190795898438]",1,13,10,0.07692307692307693,0.1,0.08695652173913043,0.0030997395515441895,0.0030997395515441895,1,13,10,0.07692307692307693,0.1,0.08695652173913043,0.0030997395515441895,0.0030997395515441895,5,13,10,0.38461538461538464,0.5,0.4347826086956522,0.011574591696262359,0.0578729584813118,8,13,10,0.6153846153846154,0.8,0.6956521739130435,0.024568078108131886,0.19654462486505508
75,20075,295,11,7,28,"[0.05709657445549965, 0.12641094624996185, 0.20619824528694153, 0.29833924770355225, 0.3912643492221832, 0.4780395030975342, 0.5587840676307678, 0.6205575466156006, 0.7213554978370667, 0.7759923934936523, 0.8868734836578369]","[0.05709657445549965, 0.29833924770355225, 0.3912643492221832, 0.4780395030975342, 0.5587840676307678, 0.7213554978370667, 0.7759923934936523]","[0.01855327934026718, 0.046521298587322235, 0.07802615314722061, 0.1131078228354454, 0.15148140490055084, 0.1895788609981537, 0.22495055198669434, 0.25769343972206116, 0.2884660065174103, 0.3193856179714203, 0.3491997718811035, 0.3814724385738373, 0.4148860275745392, 0.44805970788002014, 0.48048239946365356, 0.5122342705726624, 0.5432947874069214, 0.5763542056083679, 0.6097587943077087, 0.6429091691970825, 0.6772174835205078, 0.7134315967559814, 0.7515414953231812, 0.7869058847427368, 0.8189640641212463, 0.8532363176345825, 0.8937872648239136, 0.9389275908470154]",0.013993513770401478,"[""hard_then_ours"", ""ours_then_hard"", ""ours_then_hard""]",8,1,-3,0.00030108127975836396,False,"[18.0613, 18.9558, 20.6922]",18.9558,"[0.2280261516571045, 0.4036732316017151, 0.6257097125053406, 0.6901180744171143, 0.7591246366500854, 0.7970958948135376, 0.8191695809364319, 0.8357701897621155]",8,1,-3,1.8595175788505003e-05,True,"[176.1103, 193.4416, 189.5036]",189.5036,"[0.07802615314722061, 0.3193856179714203, 0.3814724385738373, 0.48048239946365356, 0.5763542056083679, 0.7134315967559814, 0.7869058847427368, 0.9389275908470154]",20,"[0.20439855754375458, 0.39367836713790894, 0.6159461140632629, 0.6851915717124939, 0.7596077919006348, 0.80344158411026, 0.821764349937439, 0.8368592858314514]",1,8,7,0.125,0.14285714285714285,0.13333333333333333,0.002414017915725708,0.002414017915725708,1,8,7,0.125,0.14285714285714285,0.13333333333333333,0.002414017915725708,0.002414017915725708,2,8,7,0.25,0.2857142857142857,0.26666666666666666,0.009399309754371643,0.018798619508743286,3,8,7,0.375,0.42857142857142855,0.39999999999999997,0.01832084854443868,0.05496254563331604,"[0.059701427817344666, 0.3017922341823578, 0.36745306849479675, 0.4741128087043762, 0.560666561126709, 0.7120528221130371, 0.7925899028778076, 0.9454757571220398]",4,8,7,0.5,0.5714285714285714,0.5333333333333333,0.00296675693243742,0.01186702772974968,5,8,7,0.625,0.7142857142857143,0.6666666666666666,0.004233940690755844,0.02116970345377922,6,8,7,0.75,0.8571428571428571,0.7999999999999999,0.006294535472989082,0.037767212837934494,7,8,7,0.875,1.0,0.9333333333333333,0.00879692765218871,0.061578493565320976
867,20867,296,8,6,28,"[0.06834877282381058, 0.19215920567512512, 0.3023637533187866, 0.4091830849647522, 0.5442885160446167, 0.6780565977096558, 0.7696318626403809, 0.8772321939468384]","[0.06834877282381058, 0.19215920567512512, 0.4091830849647522, 0.5442885160446167, 0.6780565977096558, 0.7696318626403809]","[0.019662106409668922, 0.04941119998693466, 0.08313699066638947, 0.12142190337181091, 0.16318441927433014, 0.2038717418909073, 0.23945558071136475, 0.27118420600891113, 0.3012448251247406, 0.33129292726516724, 0.3624238669872284, 0.39294156432151794, 0.4228425920009613, 0.45229414105415344, 0.48116812109947205, 0.5102685689926147, 0.5408605933189392, 0.571699321269989, 0.6026100516319275, 0.633797824382782, 0.6662470102310181, 0.7006731033325195, 0.7374730110168457, 0.7739730477333069, 0.8083952069282532, 0.844817578792572, 0.8872313499450684, 0.9347577095031738]",0.026144327595829964,"[""hard_then_ours"", ""hard_then_ours"", ""hard_then_ours""]",8,2,0,3.8651716749882326e-05,False,"[12.8309, 14.9299, 18.7133]",14.9299,"[0.19309571385383606, 0.27129343152046204, 0.3894555866718292, 0.45547255873680115, 0.5966729521751404, 0.6302393674850464, 0.6803028583526611, 0.7619269490242004]",7,1,-1,2.3038975996314548e-05,True,"[207.5902, 178.9409, 189.9335]",189.9335,"[0.16318441927433014, 0.23945558071136475, 0.45229414105415344, 0.5408605933189392, 0.6662470102310181, 0.7739730477333069, 0.8083952069282532]",21,"[0.14606353640556335, 0.23258823156356812, 0.35912925004959106, 0.44068586826324463, 0.6104565858840942, 0.6406446099281311, 0.6929208636283875, 0.7741498351097107]",1,8,6,0.125,0.16666666666666666,0.14285714285714288,0.004517972469329834,0.004517972469329834,1,8,6,0.125,0.16666666666666666,0.14285714285714288,0.004517972469329834,0.004517972469329834,2,8,6,0.25,0.3333333333333333,0.28571428571428575,0.009691119194030762,0.019382238388061523,4,8,6,0.5,0.6666666666666666,0.5714285714285715,0.029882103204727173,0.11952841281890869,"[0.11289140582084656, 0.20115987956523895, 0.4360836148262024, 0.5453437566757202, 0.681200385093689, 0.7891837358474731, 0.8274829387664795]",2,7,6,0.2857142857142857,0.3333333333333333,0.30769230769230765,0.0020995140075683594,0.004199028015136719,3,7,6,0.42857142857142855,0.5,0.4615384615384615,0.004399900635083516,0.01319970190525055,4,7,6,0.5714285714285714,0.6666666666666666,0.6153846153846153,0.008187893778085709,0.032751575112342834,6,7,6,0.8571428571428571,1.0,0.923076923076923,0.017365789661804836,0.10419473797082901
221,20221,297,7,5,28,"[0.07717413455247879, 0.18676553666591644, 0.31010034680366516, 0.4833276569843292, 0.5994292497634888, 0.7808400392532349, 0.8534084558486938]","[0.07717413455247879, 0.31010034680366516, 0.4833276569843292, 0.5994292497634888, 0.7808400392532349]","[0.020724501460790634, 0.05197687819600105, 0.0875631794333458, 0.12674668431282043, 0.16939964890480042, 0.20852483808994293, 0.2437637448310852, 0.27443116903305054, 0.30452761054039, 0.3351326286792755, 0.3647775650024414, 0.3940905034542084, 0.4231641888618469, 0.4528704285621643, 0.48335111141204834, 0.513624370098114, 0.5438941121101379, 0.5743764042854309, 0.6050950288772583, 0.6369906663894653, 0.670571506023407, 0.7064270973205566, 0.7437955141067505, 0.779529333114624, 0.8130995035171509, 0.8488580584526062, 0.8904674053192139, 0.9368771910667419]",0.026363156735897064,"[""hard_then_ours"", ""ours_then_hard"", ""hard_then_ours""]",10,5,3,2.0167777620372362e-05,True,"[17.4954, 17.587, 18.2171]",17.587,"[0.20009315013885498, 0.30201733112335205, 0.37935417890548706, 0.47205913066864014, 0.5052422285079956, 0.5316213369369507, 0.5535699129104614, 0.6723846197128296, 0.7363882064819336, 0.8134860992431641]",8,3,1,1.9513550796546042e-05,True,"[197.7972, 171.8551, 172.4109]",172.4109,"[0.16939964890480042, 0.20852483808994293, 0.27443116903305054, 0.4231641888618469, 0.5438941121101379, 0.7437955141067505, 0.8130995035171509, 0.8488580584526062]",20,"[0.1638633906841278, 0.2651452422142029, 0.34399425983428955, 0.43983590602874756, 0.4720936119556427, 0.5002382397651672, 0.528011679649353, 0.6682109832763672, 0.740128755569458, 0.8207626938819885]",0,10,5,0.0,0.0,0.0,,0.0,0,10,5,0.0,0.0,0.0,,0.0,1,10,5,0.1,0.2,0.13333333333333333,0.011234045028686523,0.011234045028686523,3,10,5,0.3,0.6,0.4,0.0430527130762736,0.1291581392288208,"[0.12733237445354462, 0.17073655128479004, 0.23485158383846283, 0.39222171902656555, 0.515374481678009, 0.7470108270645142, 0.8202186822891235, 0.8697951436042786]",0,8,5,0.0,0.0,0.0,,0.0,0,8,5,0.0,0.0,0.0,,0.0,0,8,5,0.0,0.0,0.0,,0.0,2,8,5,0.25,0.4,0.3076923076923077,0.032938018441200256,0.06587603688240051
612,20612,298,9,5,28,"[0.09829076379537582, 0.22248736023902893, 0.2708228528499603, 0.3794131278991699, 0.4542991518974304, 0.5760874152183533, 0.6680273413658142, 0.7729364037513733, 0.900872528553009]","[0.09829076379537582, 0.4542991518974304, 0.5760874152183533, 0.6680273413658142, 0.7729364037513733]","[0.01808561012148857, 0.04564228281378746, 0.07737530767917633, 0.11339017748832703, 0.1536155492067337, 0.19414786994457245, 0.22970542311668396, 0.2621750831604004, 0.2932683825492859, 0.3247709572315216, 0.35592523217201233, 0.38666337728500366, 0.41707155108451843, 0.4474729299545288, 0.4776528775691986, 0.5082757472991943, 0.5402342677116394, 0.5728712677955627, 0.6056514978408813, 0.6388304233551025, 0.6735725402832031, 0.7102586627006531, 0.7476545572280884, 0.782726526260376, 0.8158610463142395, 0.8513710498809814, 0.8919923305511475, 0.937466025352478]",0.018699010834097862,"[""ours_then_hard"", ""ours_then_hard"", ""ours_then_hard""]",9,4,0,2.060436236206442e-05,True,"[16.7494, 18.7727, 19.4267]",18.7727,"[0.21984349191188812, 0.3549371361732483, 0.42392203211784363, 0.47103211283683777, 0.5891463160514832, 0.6409154534339905, 0.7197656035423279, 0.8332720398902893, 0.8633531332015991]",7,2,-2,2.4944789402070455e-05,True,"[201.865, 200.3983, 202.8631]",201.865,"[0.22970542311668396, 0.3247709572315216, 0.35592523217201233, 0.4776528775691986, 0.5728712677955627, 0.782726526260376, 0.8513710498809814]",21,"[0.19411998987197876, 0.34465065598487854, 0.414313942193985, 0.45703837275505066, 0.5860164761543274, 0.6427662968635559, 0.7236395478248596, 0.8539524674415588, 0.8871719837188721]",1,9,5,0.1111111111111111,0.2,0.14285714285714285,0.0027392208576202393,0.0027392208576202393,2,9,5,0.2222222222222222,0.4,0.2857142857142857,0.00633414089679718,0.01266828179359436,2,9,5,0.2222222222222222,0.4,0.2857142857142857,0.00633414089679718,0.01266828179359436,4,9,5,0.4444444444444444,0.8,0.5714285714285714,0.031118042767047882,0.12447217106819153,"[0.20244570076465607, 0.3071480393409729, 0.3456452488899231, 0.4622117578983307, 0.5697082877159119, 0.7911681532859802, 0.8723784685134888]",0,7,5,0.0,0.0,0.0,,0.0,2,7,5,0.2857142857142857,0.4,0.3333333333333333,0.007145866751670837,0.014291733503341675,3,7,5,0.42857142857142855,0.6,0.5,0.010841161012649536,0.03252348303794861,3,7,5,0.42857142857142855,0.6,0.5,0.010841161012649536,0.03252348303794861
432,20432,299,12,8,28,"[0.09675591439008713, 0.15972748398780823, 0.2452496439218521, 0.31517475843429565, 0.36673516035079956, 0.46800652146339417, 0.5127922892570496, 0.6038332581520081, 0.7039679884910583, 0.7505862712860107, 0.8253580927848816, 0.9110026359558105]","[0.09675591439008713, 0.2452496439218521, 0.31517475843429565, 0.5127922892570496, 0.7039679884910583, 0.7505862712860107, 0.8253580927848816, 0.9110026359558105]","[0.019641313701868057, 0.049205660820007324, 0.08250587433576584, 0.11944697797298431, 0.15905310213565826, 0.199449360370636, 0.23329760134220123, 0.2653905749320984, 0.29629194736480713, 0.3270367383956909, 0.35728776454925537, 0.3878991901874542, 0.4197467565536499, 0.4519519805908203, 0.48353302478790283, 0.5147277116775513, 0.5457658767700195, 0.5787972211837769, 0.6123411059379578, 0.6455876231193542, 0.6798479557037354, 0.7152034044265747, 0.7525027990341187, 0.7878584265708923, 0.820161759853363, 0.8547133803367615, 0.894924521446228, 0.939517617225647]",0.009600148536264896,"[""ours_then_hard"", ""ours_then_hard"", ""ours_then_hard""]",10,2,-2,1.822737067413982e-05,True,"[16.6692, 16.7228, 18.5334]",16.7228,"[0.1698715090751648, 0.21657027304172516, 0.31465569138526917, 0.3936997354030609, 0.4739687442779541, 0.5512344241142273, 0.6639243364334106, 0.8084226250648499, 0.8223859071731567, 0.855542778968811]",9,1,-3,1.882377728179563e-05,True,"[165.5662, 188.0944, 194.2939]",188.0944,"[0.15905310213565826, 0.199449360370636, 0.29629194736480713, 0.4519519805908203, 0.5457658767700195, 0.5787972211837769, 0.7152034044265747, 0.7525027990341187, 0.939517617225647]",19,"[0.15315847098827362, 0.20979052782058716, 0.3064689338207245, 0.39502373337745667, 0.48153156042099, 0.5497025847434998, 0.6563844680786133, 0.8121278285980225, 0.8292625546455383, 0.8675479292869568]",1,10,8,0.1,0.125,0.11111111111111112,0.0039044618606567383,0.0039044618606567383,2,10,8,0.2,0.25,0.22222222222222224,0.006305143237113953,0.012610286474227905,2,10,8,0.2,0.25,0.22222222222222224,0.010968044400215149,0.021936088800430298,6,10,8,0.6,0.75,0.6666666666666665,0.02994902680317561,0.17969416081905365,"[0.13840694725513458, 0.18825262784957886, 0.2855762839317322, 0.46001309156417847, 0.5440464019775391, 0.5824512243270874, 0.7127392292022705, 0.7569541335105896, 0.9544103741645813]",0,9,8,0.0,0.0,0.0,,0.0,2,9,8,0.2222222222222222,0.25,0.23529411764705882,0.007569551467895508,0.015139102935791016,2,9,8,0.2222222222222222,0.25,0.23529411764705882,0.007569551467895508,0.015139102935791016,6,9,8,0.6666666666666666,0.75,0.7058823529411765,0.0286297711233298,0.1717786267399788
976,20976,300,9,7,28,"[0.13882289826869965, 0.26874345541000366, 0.384937047958374, 0.47914963960647583, 0.5895260572433472, 0.6725041270256042, 0.7267705202102661, 0.8711118102073669, 0.9481768608093262]","[0.26874345541000366, 0.47914963960647583, 0.5895260572433472, 0.6725041270256042, 0.7267705202102661, 0.8711118102073669, 0.9481768608093262]","[0.01958482712507248, 0.049341920763254166, 0.08251088112592697, 0.11999553442001343, 0.16047018766403198, 0.19996000826358795, 0.23555418848991394, 0.26840707659721375, 0.3001924753189087, 0.3315832018852234, 0.36320579051971436, 0.3949899971485138, 0.42642104625701904, 0.4572807848453522, 0.4874924421310425, 0.5180456638336182, 0.5495302081108093, 0.5811892151832581, 0.6131559610366821, 0.6457884311676025, 0.680149495601654, 0.7168646454811096, 0.754328727722168, 0.7891947627067566, 0.8215581774711609, 0.8564914464950562, 0.8964910507202148, 0.9405101537704468]",0.020266452804207802,"[""ours_then_hard"", ""hard_then_ours"", ""ours_then_hard""]",8,1,-1,5.346698162611574e-05,False,"[16.1573, 18.0537, 18.3858]",18.0537,"[0.22205421328544617, 0.2622814178466797, 0.3599092960357666, 0.47152432799339294, 0.5202604532241821, 0.7346315383911133, 0.8059372901916504, 0.880889892578125]",7,0,-2,2.2759728381060995e-05,True,"[178.9255, 208.3131, 204.141]",204.141,"[0.42642104625701904, 0.4572807848453522, 0.5811892151832581, 0.6457884311676025, 0.7168646454811096, 0.754328727722168, 0.9405101537704468]",21,"[0.20496240258216858, 0.25286737084388733, 0.3503711223602295, 0.47533920407295227, 0.5343027114868164, 0.765584409236908, 0.8375572562217712, 0.902750551700592]",1,8,7,0.125,0.14285714285714285,0.13333333333333333,0.0038104355335235596,0.0038104355335235596,1,8,7,0.125,0.14285714285714285,0.13333333333333333,0.0038104355335235596,0.0038104355335235596,2,8,7,0.25,0.2857142857142857,0.26666666666666666,0.009843260049819946,0.019686520099639893,5,8,7,0.625,0.7142857142857143,0.6666666666666666,0.027496254444122313,0.13748127222061157,"[0.4188772439956665, 0.46036529541015625, 0.6022627949714661, 0.676657497882843, 0.7459471225738525, 0.7885279059410095, 0.9514467716217041]",2,7,7,0.2857142857142857,0.2857142857142857,0.2857142857142857,0.0037116408348083496,0.007423281669616699,2,7,7,0.2857142857142857,0.2857142857142857,0.2857142857142857,0.0037116408348083496,0.007423281669616699,5,7,7,0.7142857142857143,0.7142857142857143,0.7142857142857143,0.01162419319152832,0.0581209659576416,5,7,7,0.7142857142857143,0.7142857142857143,0.7142857142857143,0.01162419319152832,0.0581209659576416
460,20460,301,13,8,28,"[0.07609328627586365, 0.16206097602844238, 0.23997679352760315, 0.3068852126598358, 0.34901851415634155, 0.40711715817451477, 0.45287978649139404, 0.5097826719284058, 0.6085929274559021, 0.6958675384521484, 0.764764666557312, 0.8508338332176208, 0.9550091624259949]","[0.07609328627586365, 0.23997679352760315, 0.3068852126598358, 0.34901851415634155, 0.45287978649139404, 0.5097826719284058, 0.6085929274559021, 0.9550091624259949]","[0.02011103555560112, 0.05035645514726639, 0.08369237184524536, 0.12064329534769058, 0.16068540513515472, 0.20001307129859924, 0.2375839352607727, 0.27126961946487427, 0.30378931760787964, 0.33601322770118713, 0.36789432168006897, 0.40064236521720886, 0.4330449402332306, 0.46492108702659607, 0.49657344818115234, 0.5282880663871765, 0.5608645081520081, 0.5944116711616516, 0.6279234290122986, 0.6614912748336792, 0.696060299873352, 0.731398344039917, 0.7665075063705444, 0.7994312644004822, 0.8312333226203918, 0.8652703762054443, 0.9029510021209717, 0.9440962076187134]",0.018001742660999298,"[""hard_then_ours"", ""hard_then_ours"", ""ours_then_hard""]",10,2,-3,1.9208420781069435e-05,True,"[17.1723, 12.4344, 16.031]",16.031,"[0.22242161631584167, 0.3004976511001587, 0.42495062947273254, 0.47962579131126404, 0.537587583065033, 0.6141555309295654, 0.7103258967399597, 0.772321343421936, 0.804131031036377, 0.8363699913024902]",8,0,-5,1.631232771615032e-05,True,"[200.9146, 178.2515, 202.2198]",200.9146,"[0.27126961946487427, 0.33601322770118713, 0.36789432168006897, 0.49657344818115234, 0.5282880663871765, 0.6279234290122986, 0.7665075063705444, 0.8312333226203918]",20,"[0.20511730015277863, 0.28308194875717163, 0.4020838141441345, 0.45143914222717285, 0.517914354801178, 0.6108664274215698, 0.7140214443206787, 0.7813037037849426, 0.8140847682952881, 0.8479275703430176]",2,10,8,0.2,0.25,0.22222222222222224,0.001857072114944458,0.003714144229888916,3,10,8,0.3,0.375,0.33333333333333326,0.003948609034220378,0.011845827102661133,3,10,8,0.3,0.375,0.33333333333333326,0.003948609034220378,0.011845827102661133,5,10,8,0.5,0.625,0.5555555555555556,0.014101716876029968,0.07050858438014984,"[0.25947490334510803, 0.3160928785800934, 0.3493618369102478, 0.47059109807014465, 0.5062001347541809, 0.632239580154419, 0.7752991914749146, 0.8415310978889465]",2,8,8,0.25,0.25,0.25,0.0019629299640655518,0.0039258599281311035,3,8,8,0.375,0.375,0.375,0.004377841949462891,0.013133525848388672,5,8,8,0.625,0.625,0.625,0.010068589448928833,0.050342947244644165,6,8,8,0.75,0.75,0.75,0.012331599990526835,0.07398959994316101
526,20526,302,7,5,28,"[0.14392663538455963, 0.2884030044078827, 0.4221951961517334, 0.5057701468467712, 0.6284983158111572, 0.7530633211135864, 0.8739107847213745]","[0.14392663538455963, 0.2884030044078827, 0.4221951961517334, 0.6284983158111572, 0.7530633211135864]","[0.019213853403925896, 0.048399895429611206, 0.08163181692361832, 0.12010437250137329, 0.16335076093673706, 0.20549122989177704, 0.24343158304691315, 0.27765870094299316, 0.3098107576370239, 0.3414255976676941, 0.3748909533023834, 0.40730783343315125, 0.4389594793319702, 0.4699903726577759, 0.5007203817367554, 0.5315513014793396, 0.5640596151351929, 0.5972536206245422, 0.6305239796638489, 0.6642529964447021, 0.6993108987808228, 0.7352135181427002, 0.7696399688720703, 0.8011875152587891, 0.8317296504974365, 0.8646454215049744, 0.9017025828361511, 0.9430127739906311]",0.017816642299294472,"[""hard_then_ours"", ""ours_then_hard"", ""ours_then_hard""]",8,3,1,3.747005030163564e-05,False,"[18.5406, 17.7987, 17.162]",17.7987,"[0.11394516378641129, 0.156987264752388, 0.1984076052904129, 0.27622726559638977, 0.36337703466415405, 0.4496617019176483, 0.6354842185974121, 0.7698310613632202]",7,2,0,2.03942308871774e-05,True,"[205.1742, 184.6671, 183.9152]",184.6671,"[0.16335076093673706, 0.3098107576370239, 0.3748909533023834, 0.5315513014793396, 0.5972536206245422, 0.7352135181427002, 0.8317296504974365]",21,"[0.08683803677558899, 0.13204549252986908, 0.1772892028093338, 0.26289868354797363, 0.36077094078063965, 0.44336557388305664, 0.6436024308204651, 0.795403778553009]",0,8,5,0.0,0.0,0.0,,0.0,0,8,5,0.0,0.0,0.0,,0.0,2,8,5,0.25,0.4,0.3076923076923077,0.013492628931999207,0.026985257863998413,5,8,5,0.625,1.0,0.7692307692307693,0.023200082778930663,0.11600041389465332,"[0.13940870761871338, 0.3010954260826111, 0.3720567524433136, 0.5208579897880554, 0.6008118987083435, 0.7537444829940796, 0.8641088008880615]",2,7,5,0.2857142857142857,0.4,0.3333333333333333,0.0025995448231697083,0.0051990896463394165,2,7,5,0.2857142857142857,0.4,0.3333333333333333,0.0025995448231697083,0.0051990896463394165,3,7,5,0.42857142857142855,0.6,0.5,0.005963837107022603,0.01789151132106781,4,7,5,0.5714285714285714,0.8,0.6666666666666666,0.011394482105970383,0.04557792842388153
371,20371,303,19,12,28,"[0.07340184599161148, 0.10970517992973328, 0.18305161595344543, 0.22106343507766724, 0.2806856036186218, 0.3122600317001343, 0.3854491710662842, 0.4258948564529419, 0.4611058831214905, 0.5256754159927368, 0.5612086653709412, 0.6319507360458374, 0.6880108714103699, 0.7325400114059448, 0.7633528709411621, 0.8112650513648987, 0.8537426590919495, 0.8905029892921448, 0.962453305721283]","[0.10970517992973328, 0.18305161595344543, 0.22106343507766724, 0.2806856036186218, 0.4258948564529419, 0.5256754159927368, 0.5612086653709412, 0.6319507360458374, 0.7633528709411621, 0.8112650513648987, 0.8905029892921448, 0.962453305721283]","[0.02100813202559948, 0.05274512618780136, 0.08851785957813263, 0.128621444106102, 0.172813281416893, 0.21429352462291718, 0.24824117124080658, 0.2789115905761719, 0.311598539352417, 0.34249347448349, 0.37180817127227783, 0.4005064368247986, 0.42867279052734375, 0.45775848627090454, 0.4892922043800354, 0.5200100541114807, 0.5503698587417603, 0.5805602669715881, 0.6107258796691895, 0.6425808668136597, 0.6763194799423218, 0.7121847867965698, 0.7488911747932434, 0.7830226421356201, 0.8155234456062317, 0.8514061570167542, 0.8926767110824585, 0.9386014342308044]",0.00721395667642355,"[""ours_then_hard"", ""ours_then_hard"", ""ours_then_hard""]",18,6,-1,4.061391155119054e-05,False,"[19.368, 13.0998, 13.5985]",13.5985,"[0.08409076929092407, 0.1238553524017334, 0.17959854006767273, 0.2316628247499466, 0.30689528584480286, 0.32329362630844116, 0.3747722804546356, 0.44885173439979553, 0.5104415416717529, 0.5426085591316223, 0.5677284598350525, 0.6218892335891724, 0.6695822477340698, 0.6945044994354248, 0.7205119132995605, 0.7632125020027161, 0.8152652978897095, 0.8757263422012329]",16,4,-3,2.4991362806758843e-05,True,"[126.8178, 130.3307, 130.5826]",130.3307,"[0.08851785957813263, 0.128621444106102, 0.24824117124080658, 0.2789115905761719, 0.311598539352417, 0.42867279052734375, 0.4892922043800354, 0.5200100541114807, 0.5805602669715881, 0.6425808668136597, 0.6763194799423218, 0.7121847867965698, 0.7830226421356201, 0.8155234456062317, 0.8926767110824585, 0.9386014342308044]",12,"[0.07557065039873123, 0.11679970473051071, 0.17006385326385498, 0.2244599163532257, 0.29571837186813354, 0.3124624192714691, 0.36155495047569275, 0.44435054063796997, 0.504938006401062, 0.5394140481948853, 0.569628894329071, 0.627871036529541, 0.6752774715423584, 0.7064115405082703, 0.7343508005142212, 0.7693201303482056, 0.8208653330802917, 0.8746321201324463]",2,18,12,0.1111111111111111,0.16666666666666666,0.13333333333333333,0.003738090395927429,0.007476180791854858,6,18,12,0.3333333333333333,0.5,0.4,0.006426412612199783,0.0385584756731987,11,18,12,0.6111111111111112,0.9166666666666666,0.7333333333333334,0.010422199287197807,0.11464419215917587,11,18,12,0.6111111111111112,0.9166666666666666,0.7333333333333334,0.019766982983459126,0.21743681281805038,"[0.0793151706457138, 0.12141892313957214, 0.23805978894233704, 0.26972392201423645, 0.29949310421943665, 0.42469048500061035, 0.4869939386844635, 0.5134524703025818, 0.5840259790420532, 0.6507991552352905, 0.6826708316802979, 0.7249324917793274, 0.7845866084098816, 0.821158230304718, 0.8880693316459656, 0.943423867225647]",2,16,12,0.125,0.16666666666666666,0.14285714285714288,0.001819014549255371,0.003638029098510742,3,16,12,0.1875,0.25,0.21428571428571427,0.004510402679443359,0.013531208038330078,9,16,12,0.5625,0.75,0.6428571428571429,0.01147819889916314,0.10330379009246826,11,16,12,0.6875,0.9166666666666666,0.7857142857142857,0.025497887622226368,0.28047676384449005
596,20596,304,16,9,28,"[0.04777384549379349, 0.08374663442373276, 0.1621251106262207, 0.2038053572177887, 0.2900831699371338, 0.34830039739608765, 0.4320679306983948, 0.47554758191108704, 0.5532690286636353, 0.6136195063591003, 0.6527844071388245, 0.7027254700660706, 0.7443932890892029, 0.8063979148864746, 0.8910399079322815, 0.9501697421073914]","[0.08374663442373276, 0.2038053572177887, 0.34830039739608765, 0.4320679306983948, 0.47554758191108704, 0.6136195063591003, 0.7443932890892029, 0.8063979148864746, 0.9501697421073914]","[0.018079724162817, 0.045244473963975906, 0.07537221908569336, 0.11061322689056396, 0.14987212419509888, 0.18742415308952332, 0.22225672006607056, 0.2533641457557678, 0.28357475996017456, 0.3129311800003052, 0.3424931466579437, 0.3719063401222229, 0.4022897779941559, 0.4319673478603363, 0.4624022841453552, 0.4929598569869995, 0.5266872048377991, 0.5604991316795349, 0.5936071276664734, 0.6261964440345764, 0.6591705083847046, 0.6957378387451172, 0.7354680299758911, 0.7730061411857605, 0.8068529963493347, 0.8412548303604126, 0.8842642307281494, 0.9330388307571411]",0.01584515906870365,"[""ours_then_hard"", ""ours_then_hard"", ""ours_then_hard""]",11,2,-5,7.974683830980211e-05,False,"[15.9599, 16.8319, 14.2526]",15.9599,"[0.17633923888206482, 0.24160665273666382, 0.3524726629257202, 0.4549672603607178, 0.5662167072296143, 0.6254561543464661, 0.6521360874176025, 0.7591317296028137, 0.7691394090652466, 0.8260678648948669, 0.8914616703987122]",13,4,-3,2.379818761255592e-05,True,"[167.2963, 148.9894, 144.54]",148.9894,"[0.11061322689056396, 0.14987212419509888, 0.2533641457557678, 0.28357475996017456, 0.4319673478603363, 0.4624022841453552, 0.4929598569869995, 0.5266872048377991, 0.6261964440345764, 0.6591705083847046, 0.6957378387451172, 0.7730061411857605, 0.9330388307571411]",15,"[0.1515912413597107, 0.20715564489364624, 0.32881543040275574, 0.4624103605747223, 0.5687107443809509, 0.6265187859535217, 0.6462910771369934, 0.76045161485672, 0.7705177664756775, 0.8260911107063293, 0.9024333953857422]",1,11,9,0.09090909090909091,0.1111111111111111,0.09999999999999999,0.003350287675857544,0.003350287675857544,1,11,9,0.09090909090909091,0.1111111111111111,0.09999999999999999,0.003350287675857544,0.003350287675857544,6,11,9,0.5454545454545454,0.6666666666666666,0.6,0.01410387953122457,0.08462327718734741,7,11,9,0.6363636363636364,0.7777777777777778,0.7000000000000001,0.02825160963194711,0.19776126742362976,"[0.08987093716859818, 0.12601281702518463, 0.21920309960842133, 0.25208863615989685, 0.4334906339645386, 0.4685561954975128, 0.49536699056625366, 0.5303939580917358, 0.6271049976348877, 0.6517043113708496, 0.6923938393592834, 0.7753552198410034, 0.9472127556800842]",2,13,9,0.15384615384615385,0.2222222222222222,0.18181818181818185,0.002189844846725464,0.004379689693450928,4,13,9,0.3076923076923077,0.4444444444444444,0.3636363636363637,0.004373844712972641,0.017495378851890564,6,13,9,0.46153846153846156,0.6666666666666666,0.5454545454545455,0.007729768753051758,0.04637861251831055,7,13,9,0.5384615384615384,0.7777777777777778,0.6363636363636364,0.011048649038587297,0.07734054327011108
70,20070,305,18,11,28,"[0.06660418957471848, 0.1007591187953949, 0.15532854199409485, 0.21556425094604492, 0.25265324115753174, 0.30342739820480347, 0.3536326587200165, 0.41256463527679443, 0.4585880637168884, 0.515789270401001, 0.5502086281776428, 0.614023745059967, 0.6815860271453857, 0.751052975654602, 0.7953534126281738, 0.8424900770187378, 0.9047101140022278, 0.9651828408241272]","[0.1007591187953949, 0.21556425094604492, 0.30342739820480347, 0.41256463527679443, 0.515789270401001, 0.5502086281776428, 0.614023745059967, 0.6815860271453857, 0.751052975654602, 0.9047101140022278, 0.9651828408241272]","[0.01882491633296013, 0.04839000850915909, 0.08118592947721481, 0.12085556983947754, 0.15914547443389893, 0.20733538269996643, 0.23896028101444244, 0.27794405817985535, 0.30569666624069214, 0.3389914035797119, 0.37413811683654785, 0.4040381908416748, 0.4371240437030792, 0.46893948316574097, 0.4998258650302887, 0.5299819111824036, 0.5585822463035583, 0.5893511772155762, 0.618506908416748, 0.6496978402137756, 0.6822897791862488, 0.7169652581214905, 0.7524404525756836, 0.7870272994041443, 0.8189312219619751, 0.8525382280349731, 0.8929230570793152, 0.9384920597076416]",0.028651081025600433,"[""ours_then_hard"", ""hard_then_ours"", ""ours_then_hard""]",13,2,-5,0.00013014434080105275,False,"[17.5798, 13.5107, 15.2629]",15.2629,"[0.15538790822029114, 0.19751553237438202, 0.21056362986564636, 0.31077396869659424, 0.41985881328582764, 0.45357561111450195, 0.5327203869819641, 0.5839176177978516, 0.6247209310531616, 0.6569600105285645, 0.6744940876960754, 0.7043044567108154, 0.7384616136550903]",14,3,-4,2.4694963940419257e-05,True,"[154.4325, 136.407, 145.9945]",145.9945,"[0.12085556983947754, 0.15914547443389893, 0.20733538269996643, 0.30569666624069214, 0.3389914035797119, 0.37413811683654785, 0.4998258650302887, 0.5893511772155762, 0.618506908416748, 0.7524404525756836, 0.8189312219619751, 0.8525382280349731, 0.8929230570793152, 0.9384920597076416]",14,"[0.141889289021492, 0.18606534600257874, 0.19953066110610962, 0.2884077727794647, 0.3972233533859253, 0.42848366498947144, 0.48545321822166443, 0.527690589427948, 0.5710706114768982, 0.6077848672866821, 0.6259466409683228, 0.6607205271720886, 0.6976327896118164]",0,13,11,0.0,0.0,0.0,,0.0,1,13,11,0.07692307692307693,0.09090909090909091,0.08333333333333334,0.006238877773284912,0.006238877773284912,6,13,11,0.46153846153846156,0.5454545454545454,0.4999999999999999,0.013430242737134298,0.08058145642280579,8,13,11,0.6153846153846154,0.7272727272727273,0.6666666666666667,0.027207838371396065,0.21766270697116852,"[0.11083513498306274, 0.1449052393436432, 0.19625835120677948, 0.28299379348754883, 0.31057828664779663, 0.35345107316970825, 0.45947009325027466, 0.5324370861053467, 0.5637459754943848, 0.7130109071731567, 0.8020342588424683, 0.8354552388191223, 0.8862850666046143, 0.943218469619751]",0,14,11,0.0,0.0,0.0,,0.0,1,14,11,0.07142857142857142,0.09090909090909091,0.08,0.007150888442993164,0.007150888442993164,6,14,11,0.42857142857142855,0.5454545454545454,0.4799999999999999,0.01419050246477127,0.08514301478862762,9,14,11,0.6428571428571429,0.8181818181818182,0.7200000000000001,0.02208004891872406,0.19872044026851654
860,20860,306,6,4,28,"[0.25008830428123474, 0.3745025396347046, 0.5173941850662231, 0.6992815136909485, 0.8532218337059021, 0.9308615922927856]","[0.3745025396347046, 0.5173941850662231, 0.6992815136909485, 0.9308615922927856]","[0.01906113512814045, 0.04807162657380104, 0.08098901808261871, 0.1187158077955246, 0.16018520295619965, 0.20115625858306885, 0.23784613609313965, 0.2714341878890991, 0.30376917123794556, 0.3359028100967407, 0.36755314469337463, 0.39905378222465515, 0.4303239583969116, 0.461198091506958, 0.49164775013923645, 0.5218572616577148, 0.5527486205101013, 0.5839135050773621, 0.6150007843971252, 0.6463472843170166, 0.6790410876274109, 0.7134819626808167, 0.7489820122718811, 0.7828923463821411, 0.8150443434715271, 0.8495067358016968, 0.8900159597396851, 0.9361584186553955]",0.044349975883960724,"[""hard_then_ours"", ""ours_then_hard"", ""hard_then_ours""]",5,1,-1,4.377018194645643e-05,False,"[13.6895, 16.3594, 16.3317]",16.3317,"[0.25699132680892944, 0.405798077583313, 0.5260224342346191, 0.6209487915039062, 0.7861584424972534]",6,2,0,1.640826121729333e-05,True,"[212.5628, 198.79, 224.0399]",212.5628,"[0.1187158077955246, 0.4303239583969116, 0.461198091506958, 0.5527486205101013, 0.7489820122718811, 0.9361584186553955]",22,"[0.2910066246986389, 0.4603656232357025, 0.5873023271560669, 0.672774076461792, 0.8393992781639099]",0,5,4,0.0,0.0,0.0,,0.0,0,5,4,0.0,0.0,0.0,,0.0,0,5,4,0.0,0.0,0.0,,0.0,1,5,4,0.2,0.25,0.22222222222222224,0.026507437229156494,0.026507437229156494,"[0.13307887315750122, 0.48803919553756714, 0.5264894366264343, 0.6044090390205383, 0.8100250959396362, 0.9550902247428894]",0,6,4,0.0,0.0,0.0,,0.0,1,6,4,0.16666666666666666,0.25,0.2,0.009095251560211182,0.009095251560211182,1,6,4,0.16666666666666666,0.25,0.2,0.009095251560211182,0.009095251560211182,2,6,4,0.3333333333333333,0.5,0.4,0.026791810989379883,0.053583621978759766
418,20418,307,16,8,28,"[0.034684278070926666, 0.10339523106813431, 0.14433902502059937, 0.19106939435005188, 0.27828097343444824, 0.3168003559112549, 0.3606647551059723, 0.3943539261817932, 0.4613758325576782, 0.5381314158439636, 0.6147799491882324, 0.6574111580848694, 0.7126362919807434, 0.794109046459198, 0.869612455368042, 0.9154536128044128]","[0.034684278070926666, 0.27828097343444824, 0.3168003559112549, 0.3606647551059723, 0.3943539261817932, 0.4613758325576782, 0.6574111580848694, 0.7126362919807434]","[0.020534709095954895, 0.05290711298584938, 0.08882366865873337, 0.1288878619670868, 0.1802193820476532, 0.2182924449443817, 0.25834712386131287, 0.29639285802841187, 0.3301663398742676, 0.36527830362319946, 0.39980190992355347, 0.4320985972881317, 0.46496641635894775, 0.4968171715736389, 0.5274370908737183, 0.5593697428703308, 0.5876361131668091, 0.6178757548332214, 0.6481337547302246, 0.6786424517631531, 0.7103285789489746, 0.7435017228126526, 0.7762356400489807, 0.8063651919364929, 0.8356808423995972, 0.8678816556930542, 0.9043445587158203, 0.944719135761261]",0.0147127415984869,"[""ours_then_hard"", ""ours_then_hard"", ""ours_then_hard""]",8,0,-8,0.00017154579109046608,False,"[20.3025, 14.6726, 20.9901]",20.3025,"[0.23569124937057495, 0.4086218476295471, 0.5161075592041016, 0.5720754265785217, 0.6043809056282043, 0.6525893807411194, 0.7607779502868652, 0.8089995384216309]",10,2,-6,2.1930734874331392e-05,True,"[183.808, 193.893, 196.8534]",193.893,"[0.08882366865873337, 0.25834712386131287, 0.3301663398742676, 0.39980190992355347, 0.4320985972881317, 0.46496641635894775, 0.5593697428703308, 0.7103285789489746, 0.8356808423995972, 0.9043445587158203]",18,"[0.22042925655841827, 0.381780207157135, 0.4994802176952362, 0.5605625510215759, 0.5934216380119324, 0.6458906531333923, 0.7512633800506592, 0.8069701790809631]",0,8,8,0.0,0.0,0.0,,0.0,0,8,8,0.0,0.0,0.0,,0.0,2,8,8,0.25,0.25,0.25,0.012047111988067627,0.024094223976135254,4,8,8,0.5,0.5,0.5,0.02734185755252838,0.10936743021011353,"[0.07279917597770691, 0.24570594727993011, 0.31290847063064575, 0.37351852655410767, 0.40382471680641174, 0.43897438049316406, 0.5439035296440125, 0.7005158066749573, 0.8369836211204529, 0.9130023717880249]",1,10,8,0.1,0.125,0.11111111111111112,0.003891885280609131,0.003891885280609131,2,10,8,0.2,0.25,0.22222222222222224,0.006681337952613831,0.013362675905227661,4,10,8,0.4,0.5,0.4444444444444445,0.009584233164787292,0.03833693265914917,7,10,8,0.7,0.875,0.7777777777777777,0.023201781724180495,0.16241247206926346
344,20344,308,19,10,28,"[0.052621353417634964, 0.09771865606307983, 0.16269433498382568, 0.20770719647407532, 0.27231332659721375, 0.34066668152809143, 0.3737655580043793, 0.4199799597263336, 0.46508535742759705, 0.5274139642715454, 0.5584591031074524, 0.6083614826202393, 0.6609128713607788, 0.7108328342437744, 0.7564629316329956, 0.7942509651184082, 0.8357623219490051, 0.8795109987258911, 0.9331282377243042]","[0.052621353417634964, 0.16269433498382568, 0.3737655580043793, 0.4199799597263336, 0.5274139642715454, 0.5584591031074524, 0.6083614826202393, 0.7564629316329956, 0.7942509651184082, 0.9331282377243042]","[0.02055029198527336, 0.05136239901185036, 0.08649776130914688, 0.12519291043281555, 0.16685037314891815, 0.20641231536865234, 0.24419339001178741, 0.2766624391078949, 0.30583301186561584, 0.33466729521751404, 0.3642357289791107, 0.3951280117034912, 0.4251418113708496, 0.4543018043041229, 0.4831829071044922, 0.5136487483978271, 0.5455858111381531, 0.5785951614379883, 0.6124125719070435, 0.6469497680664062, 0.6831437945365906, 0.720801591873169, 0.7565867900848389, 0.7889914512634277, 0.8205381631851196, 0.8532622456550598, 0.8923865556716919, 0.9374371767044067]",0.016844892874360085,"[""hard_then_ours"", ""hard_then_ours"", ""ours_then_hard""]",16,6,-3,5.182933819014579e-05,False,"[16.3236, 14.6216, 16.6949]",16.3236,"[0.12037412822246552, 0.16785767674446106, 0.22549301385879517, 0.247317373752594, 0.3156590163707733, 0.41121935844421387, 0.44116392731666565, 0.5022218227386475, 0.5391079783439636, 0.5734315514564514, 0.6293395161628723, 0.6927427053451538, 0.7072511315345764, 0.7816245555877686, 0.8048418760299683, 0.8533604741096497]",13,3,-6,2.3005377443041652e-05,True,"[147.9343, 139.2195, 162.4139]",147.9343,"[0.08649776130914688, 0.16685037314891815, 0.2766624391078949, 0.3642357289791107, 0.3951280117034912, 0.4831829071044922, 0.5455858111381531, 0.5785951614379883, 0.6831437945365906, 0.7565867900848389, 0.7889914512634277, 0.8532622456550598, 0.9374371767044067]",15,"[0.1098289042711258, 0.17014072835445404, 0.233127623796463, 0.2577346861362457, 0.3385886251926422, 0.4383063018321991, 0.4676590859889984, 0.5290973782539368, 0.5633258819580078, 0.5996934771537781, 0.6500778794288635, 0.7092871069908142, 0.7204380035400391, 0.7819274067878723, 0.8031539916992188, 0.8476041555404663]",2,16,10,0.125,0.2,0.15384615384615385,0.0032750964164733887,0.006550192832946777,5,16,10,0.3125,0.5,0.38461538461538464,0.006313523650169373,0.03156761825084686,6,16,10,0.375,0.6,0.4615384615384615,0.00888574868440628,0.05331449210643768,8,16,10,0.5,0.8,0.6153846153846154,0.016958406195044518,0.13566724956035614,"[0.0738501250743866, 0.16854840517044067, 0.2936112880706787, 0.38559943437576294, 0.4198734164237976, 0.5130318999290466, 0.5710980892181396, 0.6031184196472168, 0.700637936592102, 0.7591399550437927, 0.7890989184379578, 0.8474975824356079, 0.940413236618042]",2,13,10,0.15384615384615385,0.2,0.17391304347826086,0.001391783356666565,0.00278356671333313,6,13,10,0.46153846153846156,0.6,0.5217391304347826,0.004386290907859802,0.026317745447158813,9,13,10,0.6923076923076923,0.9,0.7826086956521738,0.007241408030192058,0.06517267227172852,10,13,10,0.7692307692307693,1.0,0.8695652173913044,0.008640144392848015,0.08640144392848015
57,20057,309,10,6,28,"[0.10311833769083023, 0.21459023654460907, 0.2927948832511902, 0.34364598989486694, 0.4240182936191559, 0.5476728081703186, 0.6369815468788147, 0.7586792707443237, 0.8677550554275513, 0.9393473267555237]","[0.21459023654460907, 0.34364598989486694, 0.4240182936191559, 0.6369815468788147, 0.7586792707443237, 0.9393473267555237]","[0.01918898895382881, 0.04959703981876373, 0.08388993889093399, 0.12453214079141617, 0.1647273153066635, 0.21449919044971466, 0.25215715169906616, 0.2826077342033386, 0.3152761161327362, 0.3433910608291626, 0.37608808279037476, 0.4064377546310425, 0.4397394061088562, 0.46822455525398254, 0.5004746317863464, 0.5288710594177246, 0.5608572959899902, 0.5910897254943848, 0.6222332715988159, 0.6546283960342407, 0.6889709234237671, 0.7261467576026917, 0.7630233764648438, 0.7965724468231201, 0.8276633620262146, 0.8615810871124268, 0.9003596305847168, 0.9429092407226562]",0.018362650647759438,"[""hard_then_ours"", ""ours_then_hard"", ""hard_then_ours""]",7,1,-3,0.00025043010828085244,False,"[19.5636, 17.5292, 15.7128]",17.5292,"[0.18079118430614471, 0.22544890642166138, 0.29158297181129456, 0.3998502194881439, 0.46756938099861145, 0.5504469871520996, 0.6519983410835266]",7,1,-3,2.33596729231067e-05,True,"[186.3547, 201.2437, 180.0367]",186.3547,"[0.21449919044971466, 0.25215715169906616, 0.3152761161327362, 0.4397394061088562, 0.6546283960342407, 0.6889709234237671, 0.9003596305847168]",21,"[0.1763070672750473, 0.22061505913734436, 0.28757068514823914, 0.39787712693214417, 0.46079450845718384, 0.5496478080749512, 0.6680840253829956]",0,7,6,0.0,0.0,0.0,,0.0,1,7,6,0.14285714285714285,0.16666666666666666,0.15384615384615383,0.0060248225927352905,0.0060248225927352905,1,7,6,0.14285714285714285,0.16666666666666666,0.15384615384615383,0.0060248225927352905,0.0060248225927352905,3,7,6,0.42857142857142855,0.5,0.4615384615384615,0.03184227148691813,0.0955268144607544,"[0.2121063470840454, 0.24552442133426666, 0.3109847605228424, 0.43807730078697205, 0.6710705161094666, 0.7152376770973206, 0.9277239441871643]",1,7,6,0.14285714285714285,0.16666666666666666,0.15384615384615383,0.0024838894605636597,0.0024838894605636597,1,7,6,0.14285714285714285,0.16666666666666666,0.15384615384615383,0.0024838894605636597,0.0024838894605636597,3,7,6,0.42857142857142855,0.5,0.4615384615384615,0.009388759732246399,0.028166279196739197,6,7,6,0.8571428571428571,1.0,0.923076923076923,0.023059678574403126,0.13835807144641876
789,20789,310,12,8,28,"[0.09333421289920807, 0.139408141374588, 0.21624159812927246, 0.2875850200653076, 0.3896450102329254, 0.47193610668182373, 0.5220372676849365, 0.5729458332061768, 0.6544845104217529, 0.7596817016601562, 0.8266951441764832, 0.8964859247207642]","[0.09333421289920807, 0.139408141374588, 0.21624159812927246, 0.3896450102329254, 0.47193610668182373, 0.5729458332061768, 0.6544845104217529, 0.8964859247207642]","[0.017213627696037292, 0.04445164278149605, 0.0744963064789772, 0.10911012440919876, 0.14684946835041046, 0.18538512289524078, 0.21893812716007233, 0.2504786550998688, 0.278363972902298, 0.307610422372818, 0.33664223551750183, 0.36508849263191223, 0.39350825548171997, 0.42132195830345154, 0.4498595595359802, 0.4787575900554657, 0.5078759789466858, 0.5387847423553467, 0.5715751051902771, 0.6051979660987854, 0.6403964757919312, 0.6774428486824036, 0.716722846031189, 0.7565886974334717, 0.7942909002304077, 0.831990122795105, 0.8770163655281067, 0.9287683367729187]",0.019416190683841705,"[""hard_then_ours"", ""ours_then_hard"", ""hard_then_ours""]",10,2,-2,4.484720193431713e-05,False,"[18.4026, 19.6858, 18.7004]",18.7004,"[0.21628160774707794, 0.25310665369033813, 0.3129585087299347, 0.41228172183036804, 0.48379310965538025, 0.5388410091400146, 0.62208092212677, 0.6962224245071411, 0.7548835873603821, 0.778257429599762]",10,2,-2,1.82331568794325e-05,True,"[190.4751, 182.9317, 167.2684]",182.9317,"[0.10911012440919876, 0.14684946835041046, 0.278363972902298, 0.36508849263191223, 0.4498595595359802, 0.5387847423553467, 0.5715751051902771, 0.6051979660987854, 0.831990122795105, 0.9287683367729187]",18,"[0.19385096430778503, 0.23308652639389038, 0.3006802201271057, 0.42661362886428833, 0.49842846393585205, 0.5568307638168335, 0.6461918354034424, 0.725801944732666, 0.7821922898292542, 0.806145429611206]",0,10,8,0.0,0.0,0.0,,0.0,1,10,8,0.1,0.125,0.11111111111111112,0.008292675018310547,0.008292675018310547,3,10,8,0.3,0.375,0.33333333333333326,0.013750890890757242,0.04125267267227173,5,10,8,0.5,0.625,0.5555555555555556,0.022051870822906494,0.11025935411453247,"[0.08967630565166473, 0.12437722086906433, 0.26402392983436584, 0.3641367256641388, 0.4658654034137726, 0.5567558407783508, 0.588952898979187, 0.6281706690788269, 0.8557846546173096, 0.939926028251648]",1,10,8,0.1,0.125,0.11111111111111112,0.003657907247543335,0.003657907247543335,2,10,8,0.2,0.25,0.22222222222222224,0.004864305257797241,0.009728610515594482,4,10,8,0.4,0.5,0.4444444444444445,0.010237380862236023,0.04094952344894409,8,10,8,0.8,1.0,0.888888888888889,0.02265690639615059,0.1812552511692047
769,20769,311,13,7,28,"[0.05330606922507286, 0.15218596160411835, 0.21142786741256714, 0.25110727548599243, 0.33026355504989624, 0.3850348889827728, 0.4269445538520813, 0.4685973525047302, 0.5481743216514587, 0.5971531271934509, 0.7168979644775391, 0.787436842918396, 0.8850826025009155]","[0.05330606922507286, 0.21142786741256714, 0.3850348889827728, 0.4269445538520813, 0.5481743216514587, 0.5971531271934509, 0.787436842918396]","[0.020690757781267166, 0.052159909158945084, 0.08777417987585068, 0.1288321614265442, 0.17291857302188873, 0.2173546850681305, 0.2521427571773529, 0.2864501178264618, 0.3187660276889801, 0.35214588046073914, 0.38368016481399536, 0.4152666926383972, 0.44585907459259033, 0.47626715898513794, 0.5062193870544434, 0.5384151935577393, 0.5701113343238831, 0.6015828847885132, 0.6332577466964722, 0.6655427813529968, 0.6992140412330627, 0.7341178059577942, 0.7693618535995483, 0.8020098805427551, 0.8335241675376892, 0.8675529360771179, 0.9050320982933044, 0.9454794526100159]",0.014600011520087719,"[""ours_then_hard"", ""hard_then_ours"", ""ours_then_hard""]",10,3,-3,5.100678026792593e-05,False,"[18.2085, 14.3353, 16.6969]",16.6969,"[0.20729947090148926, 0.3725113570690155, 0.41312938928604126, 0.4677777886390686, 0.5482853651046753, 0.5806924104690552, 0.5991768836975098, 0.6335271596908569, 0.7284740209579468, 0.7893179059028625]",7,0,-6,2.3989887267816812e-05,True,"[192.3687, 188.8145, 185.4239]",188.8145,"[0.08777417987585068, 0.2173546850681305, 0.2864501178264618, 0.4152666926383972, 0.5701113343238831, 0.6655427813529968, 0.8020098805427551]",21,"[0.19695177674293518, 0.36517763137817383, 0.4014756977558136, 0.45310452580451965, 0.5273005366325378, 0.5538986921310425, 0.5727085471153259, 0.6102790832519531, 0.7182419896125793, 0.7827807664871216]",1,10,7,0.1,0.14285714285714285,0.11764705882352941,0.004656076431274414,0.004656076431274414,2,10,7,0.2,0.2857142857142857,0.23529411764705882,0.005190223455429077,0.010380446910858154,5,10,7,0.5,0.7142857142857143,0.588235294117647,0.011567950248718262,0.05783975124359131,6,10,7,0.6,0.8571428571428571,0.7058823529411764,0.02143108348051707,0.12858650088310242,"[0.06845422834157944, 0.20479419827461243, 0.2686155438423157, 0.4025205075740814, 0.5428932309150696, 0.6467653512954712, 0.7955175638198853]",0,7,7,0.0,0.0,0.0,,0.0,3,7,7,0.42857142857142855,0.42857142857142855,0.42857142857142855,0.006665160258611043,0.01999548077583313,5,7,7,0.7142857142857143,0.7142857142857143,0.7142857142857143,0.01052585169672966,0.0526292584836483,6,7,7,0.8571428571428571,0.8571428571428571,0.8571428571428571,0.017040247097611427,0.10224148258566856
820,20820,312,18,10,28,"[0.06843332946300507, 0.12814705073833466, 0.18086525797843933, 0.24016256630420685, 0.3039313852787018, 0.3553527295589447, 0.4044436514377594, 0.461123526096344, 0.5086508393287659, 0.5759494304656982, 0.6213052272796631, 0.6773454546928406, 0.7277135848999023, 0.7594420313835144, 0.8289141654968262, 0.8770275712013245, 0.9193447232246399, 0.9684813022613525]","[0.12814705073833466, 0.24016256630420685, 0.3553527295589447, 0.4044436514377594, 0.461123526096344, 0.5759494304656982, 0.6773454546928406, 0.7277135848999023, 0.8289141654968262, 0.8770275712013245]","[0.01844285987317562, 0.04653419554233551, 0.07884234935045242, 0.1158120259642601, 0.15780657529830933, 0.19861002266407013, 0.23364590108394623, 0.26195159554481506, 0.2940828800201416, 0.32701197266578674, 0.35848283767700195, 0.38855835795402527, 0.4188992977142334, 0.45073920488357544, 0.4823233485221863, 0.5140041708946228, 0.5464743375778198, 0.5784474015235901, 0.6095136404037476, 0.6400672197341919, 0.6728157997131348, 0.7085425853729248, 0.7452116012573242, 0.7796546220779419, 0.8111896514892578, 0.8448508381843567, 0.8864064812660217, 0.9339993000030518]",0.012552725151181221,"[""hard_then_ours"", ""ours_then_hard"", ""hard_then_ours""]",12,2,-6,0.0001192894924315624,False,"[17.2263, 17.8052, 20.1558]",17.8052,"[0.1537756323814392, 0.3372043967247009, 0.3572008013725281, 0.4534757435321808, 0.5590498447418213, 0.5697769522666931, 0.6886608600616455, 0.7268717288970947, 0.7480520009994507, 0.7622702717781067, 0.7857491374015808, 0.8430973291397095]",10,0,-8,2.2290972992777824e-05,True,"[196.397, 163.0278, 175.4092]",175.4092,"[0.1158120259642601, 0.15780657529830933, 0.19861002266407013, 0.4188992977142334, 0.45073920488357544, 0.4823233485221863, 0.6095136404037476, 0.6728157997131348, 0.7085425853729248, 0.8111896514892578]",18,"[0.1637561023235321, 0.3529540002346039, 0.36558377742767334, 0.4572833776473999, 0.5697608590126038, 0.5815470218658447, 0.7014701962471008, 0.7383315563201904, 0.7603186368942261, 0.777709424495697, 0.7996346950531006, 0.8669223189353943]",2,12,10,0.16666666666666666,0.2,0.1818181818181818,0.003119438886642456,0.006238877773284912,3,12,10,0.25,0.3,0.2727272727272727,0.004142483075459798,0.012427449226379395,5,12,10,0.4166666666666667,0.5,0.45454545454545453,0.006630134582519531,0.033150672912597656,9,12,10,0.75,0.9,0.8181818181818182,0.01789153450065189,0.161023810505867,"[0.11839079856872559, 0.16907744109630585, 0.21456722915172577, 0.4177550971508026, 0.4549054503440857, 0.4856835901737213, 0.619200587272644, 0.6868219971656799, 0.7208366394042969, 0.8308738470077515]",1,10,10,0.1,0.1,0.10000000000000002,0.001959681510925293,0.001959681510925293,5,10,10,0.5,0.5,0.5,0.0068574994802474976,0.03428749740123749,6,10,10,0.6,0.6,0.6,0.00793315718571345,0.0475989431142807,8,10,10,0.8,0.8,0.8000000000000002,0.014555679634213448,0.11644543707370758
868,20868,313,15,9,28,"[0.08179200440645218, 0.1576150804758072, 0.23910222947597504, 0.3168284296989441, 0.36304771900177, 0.4439677596092224, 0.4949149191379547, 0.5650981068611145, 0.6231682300567627, 0.6714015603065491, 0.7595492601394653, 0.7988060116767883, 0.8373914361000061, 0.8879267573356628, 0.9329208731651306]","[0.1576150804758072, 0.23910222947597504, 0.36304771900177, 0.4439677596092224, 0.5650981068611145, 0.6231682300567627, 0.7595492601394653, 0.7988060116767883, 0.8373914361000061]","[0.01916677877306938, 0.048266638070344925, 0.08147353678941727, 0.11923890560865402, 0.16116970777511597, 0.20202647149562836, 0.23735611140727997, 0.2702040374279022, 0.3019239902496338, 0.33295124769210815, 0.3628372550010681, 0.394446462392807, 0.4280792772769928, 0.46127283573150635, 0.49384596943855286, 0.5260534286499023, 0.5598329901695251, 0.5936928987503052, 0.6268121600151062, 0.6596852540969849, 0.6937528252601624, 0.7316464781761169, 0.7684967517852783, 0.8009310960769653, 0.8303605318069458, 0.862784206867218, 0.9006637930870056, 0.9428371787071228]",0.021241113543510437,"[""ours_then_hard"", ""hard_then_ours"", ""hard_then_ours""]",11,2,-4,5.0820905016735196e-05,False,"[18.9358, 14.6332, 17.6023]",17.6023,"[0.24264328181743622, 0.2808208763599396, 0.33536046743392944, 0.39551737904548645, 0.4431377351284027, 0.4756232798099518, 0.5436449646949768, 0.6131295561790466, 0.6387682557106018, 0.78644198179245, 0.8106456995010376]",11,2,-4,2.4033657609834336e-05,True,"[167.5891, 145.4622, 167.6568]",167.5891,"[0.08147353678941727, 0.16116970777511597, 0.23735611140727997, 0.33295124769210815, 0.394446462392807, 0.46127283573150635, 0.6596852540969849, 0.7316464781761169, 0.7684967517852783, 0.8303605318069458, 0.862784206867218]",17,"[0.25720202922821045, 0.2988121509552002, 0.35892173647880554, 0.4085253179073334, 0.47195732593536377, 0.5107563138008118, 0.5801492929458618, 0.6390363574028015, 0.6661942005157471, 0.8102970123291016, 0.828105092048645]",1,11,9,0.09090909090909091,0.1111111111111111,0.09999999999999999,0.0041259825229644775,0.0041259825229644775,2,11,9,0.18181818181818182,0.2222222222222222,0.19999999999999998,0.006706163287162781,0.013412326574325562,6,11,9,0.5454545454545454,0.6666666666666666,0.6,0.01232040673494339,0.07392244040966034,7,11,9,0.6363636363636364,0.7777777777777778,0.7000000000000001,0.015623554587364197,0.10936488211154938,"[0.0770147368311882, 0.16666735708713531, 0.2523992955684662, 0.35675811767578125, 0.40707099437713623, 0.490524023771286, 0.6852077841758728, 0.7562257051467896, 0.7917726635932922, 0.8453982472419739, 0.8790906667709351]",1,11,9,0.09090909090909091,0.1111111111111111,0.09999999999999999,0.0033235549926757812,0.0033235549926757812,5,11,9,0.45454545454545453,0.5555555555555556,0.5,0.006741118431091308,0.03370559215545654,6,11,9,0.5454545454545454,0.6666666666666666,0.6,0.00783377637465795,0.04700265824794769,7,11,9,0.6363636363636364,0.7777777777777778,0.7000000000000001,0.011985631925719125,0.08389942348003387
967,20967,314,19,11,28,"[0.04878920316696167, 0.09548129886388779, 0.13528013229370117, 0.1951117366552353, 0.2606491148471832, 0.307331919670105, 0.3611604869365692, 0.4116474986076355, 0.45158571004867554, 0.5152016878128052, 0.5728884935379028, 0.6239714622497559, 0.6724299788475037, 0.715571403503418, 0.7700769901275635, 0.8053761124610901, 0.8682713508605957, 0.9121787548065186, 0.9476111531257629]","[0.09548129886388779, 0.13528013229370117, 0.2606491148471832, 0.307331919670105, 0.4116474986076355, 0.45158571004867554, 0.5152016878128052, 0.6724299788475037, 0.7700769901275635, 0.8053761124610901, 0.8682713508605957]","[0.01994098164141178, 0.05001016706228256, 0.08373511582612991, 0.12129519879817963, 0.16232727468013763, 0.20342180132865906, 0.23906435072422028, 0.2727515995502472, 0.30610892176628113, 0.3388690650463104, 0.3709258437156677, 0.4026431143283844, 0.4341500997543335, 0.46525508165359497, 0.49624621868133545, 0.5277148485183716, 0.5595513582229614, 0.5914202928543091, 0.6232792139053345, 0.6557971835136414, 0.6900402307510376, 0.725805938243866, 0.7614108920097351, 0.7954501509666443, 0.827759861946106, 0.8620897531509399, 0.9005390405654907, 0.9427604675292969]",0.018715927377343178,"[""ours_then_hard"", ""hard_then_ours"", ""hard_then_ours""]",8,-3,-11,0.00011354003072483465,False,"[18.7601, 16.3802, 21.5181]",18.7601,"[0.15752221643924713, 0.2096012532711029, 0.37752237915992737, 0.5547612905502319, 0.6024373173713684, 0.6312150955200195, 0.6916519999504089, 0.8079100251197815]",13,2,-6,2.1922651285422035e-05,True,"[169.0214, 158.5424, 167.3585]",167.3585,"[0.12129519879817963, 0.16232727468013763, 0.2727515995502472, 0.3388690650463104, 0.3709258437156677, 0.4026431143283844, 0.4341500997543335, 0.5595513582229614, 0.6557971835136414, 0.6900402307510376, 0.7954501509666443, 0.827759861946106, 0.9427604675292969]",15,"[0.14273220300674438, 0.18640393018722534, 0.3753001093864441, 0.5736125111579895, 0.6247663497924805, 0.6604250073432922, 0.7221804857254028, 0.8314108848571777]",0,8,11,0.0,0.0,0.0,,0.0,1,8,11,0.125,0.09090909090909091,0.10526315789473685,0.007452070713043213,0.007452070713043213,2,8,11,0.25,0.18181818181818182,0.2105263157894737,0.00972852110862732,0.01945704221725464,5,8,11,0.625,0.45454545454545453,0.5263157894736842,0.0410386398434639,0.2051931992173195,"[0.10346291959285736, 0.14644084870815277, 0.24779891967773438, 0.3316878080368042, 0.3691099286079407, 0.4058256149291992, 0.44293445348739624, 0.5776945948600769, 0.6890474557876587, 0.7205550670623779, 0.820173442363739, 0.8537595272064209, 0.9475504159927368]",0,13,11,0.0,0.0,0.0,,0.0,3,13,11,0.23076923076923078,0.2727272727272727,0.24999999999999994,0.00748492032289505,0.02245476096868515,8,13,11,0.6153846153846154,0.7272727272727273,0.6666666666666667,0.011549037881195545,0.09239230304956436,10,13,11,0.7692307692307693,0.9090909090909091,0.8333333333333333,0.02400946393609047,0.2400946393609047
896,20896,315,19,10,28,"[0.03710106015205383, 0.09055274724960327, 0.14791852235794067, 0.18584907054901123, 0.24898843467235565, 0.31158098578453064, 0.348877489566803, 0.39176759123802185, 0.4640156626701355, 0.49867865443229675, 0.544859766960144, 0.5827598571777344, 0.6312465667724609, 0.6727260947227478, 0.7268776297569275, 0.7654325366020203, 0.8357419967651367, 0.8916020393371582, 0.9566192030906677]","[0.09055274724960327, 0.18584907054901123, 0.31158098578453064, 0.348877489566803, 0.4640156626701355, 0.49867865443229675, 0.544859766960144, 0.5827598571777344, 0.7654325366020203, 0.9566192030906677]","[0.019118420779705048, 0.048208147287368774, 0.08198599517345428, 0.12067176401615143, 0.16483497619628906, 0.20767073333263397, 0.24405348300933838, 0.2786387503147125, 0.313080757856369, 0.3469270169734955, 0.37926235795021057, 0.4128764569759369, 0.44787219166755676, 0.4815630614757538, 0.513889491558075, 0.5454640984535217, 0.5764094591140747, 0.6071372628211975, 0.6373916864395142, 0.6676952838897705, 0.6993861198425293, 0.7325905561447144, 0.7661521434783936, 0.7977888584136963, 0.8278965353965759, 0.8610334396362305, 0.8993386030197144, 0.9419664144515991]",0.02820849046111107,"[""hard_then_ours"", ""ours_then_hard"", ""hard_then_ours""]",14,4,-5,6.256768392631784e-05,False,"[15.7706, 17.7853, 17.4964]",17.4964,"[0.1067197173833847, 0.17339983582496643, 0.20864994823932648, 0.2783767282962799, 0.3366604149341583, 0.4066798985004425, 0.4682123363018036, 0.5606024265289307, 0.6118382215499878, 0.6597693562507629, 0.6949386596679688, 0.7264277935028076, 0.7646957635879517, 0.8067628741264343]",14,4,-5,2.274483813380357e-05,True,"[137.0017, 140.3051, 160.0134]",140.3051,"[0.08198599517345428, 0.2786387503147125, 0.313080757856369, 0.4128764569759369, 0.44787219166755676, 0.4815630614757538, 0.5454640984535217, 0.5764094591140747, 0.6071372628211975, 0.6676952838897705, 0.7325905561447144, 0.7661521434783936, 0.7977888584136963, 0.9419664144515991]",14,"[0.10237058252096176, 0.15582196414470673, 0.17643190920352936, 0.24072444438934326, 0.297422856092453, 0.361873596906662, 0.42572203278541565, 0.5202726721763611, 0.5772189497947693, 0.6216033697128296, 0.6702449917793274, 0.7101756930351257, 0.7503110766410828, 0.8025690317153931]",0,14,10,0.0,0.0,0.0,,0.0,2,14,10,0.14285714285714285,0.2,0.16666666666666666,0.00747903436422348,0.01495806872844696,6,14,10,0.42857142857142855,0.6,0.5,0.0115086001654466,0.0690516009926796,9,14,10,0.6428571428571429,0.9,0.75,0.023912331296337977,0.21521098166704178,"[0.07802273333072662, 0.24093958735466003, 0.2781825363636017, 0.3689010739326477, 0.403483510017395, 0.44044768810272217, 0.5055039525032043, 0.5391005277633667, 0.5718759894371033, 0.6322436332702637, 0.7167838215827942, 0.75276780128479, 0.7940769195556641, 0.9459209442138672]",0,14,10,0.0,0.0,0.0,,0.0,2,14,10,0.14285714285714285,0.2,0.16666666666666666,0.006292268633842468,0.012584537267684937,6,14,10,0.42857142857142855,0.6,0.5,0.009893568853537241,0.05936141312122345,9,14,10,0.6428571428571429,0.9,0.75,0.019148377908600703,0.1723354011774063
226,20226,316,19,11,28,"[0.05020172894001007, 0.08641199767589569, 0.11942501366138458, 0.1670403629541397, 0.19902198016643524, 0.25896725058555603, 0.316116601228714, 0.350286066532135, 0.39451155066490173, 0.4536858797073364, 0.5143366456031799, 0.5450341105461121, 0.602287232875824, 0.6590206623077393, 0.698979377746582, 0.7578572034835815, 0.8333781361579895, 0.8885538578033447, 0.9521285891532898]","[0.08641199767589569, 0.1670403629541397, 0.316116601228714, 0.350286066532135, 0.4536858797073364, 0.5450341105461121, 0.602287232875824, 0.6590206623077393, 0.698979377746582, 0.8333781361579895, 0.9521285891532898]","[0.02087618038058281, 0.05093524232506752, 0.0854102149605751, 0.12471369653940201, 0.16930973529815674, 0.20956078171730042, 0.24567300081253052, 0.28240349888801575, 0.31627219915390015, 0.3486701250076294, 0.37883278727531433, 0.411568284034729, 0.444594144821167, 0.4764709174633026, 0.5078400373458862, 0.5389504432678223, 0.5693234801292419, 0.6023297309875488, 0.6350376605987549, 0.6676021218299866, 0.7014490365982056, 0.7353675365447998, 0.7694581151008606, 0.8019583821296692, 0.8306503295898438, 0.8615036606788635, 0.8986272811889648, 0.9410284757614136]",0.012416521087288857,"[""ours_then_hard"", ""hard_then_ours"", ""hard_then_ours""]",21,10,2,5.7730769185582176e-05,False,"[18.9295, 15.1495, 18.8675]",18.8675,"[0.07201721519231796, 0.12004341185092926, 0.16298553347587585, 0.20372268557548523, 0.24125051498413086, 0.28967952728271484, 0.3504382371902466, 0.40555959939956665, 0.43996065855026245, 0.48154258728027344, 0.5019657015800476, 0.6042799353599548, 0.6470732092857361, 0.6570273041725159, 0.7163942456245422, 0.7918039560317993, 0.804882824420929, 0.8232167959213257, 0.8403626084327698, 0.8676517009735107, 0.9049658179283142]",28,17,9,3.37078636221122e-05,False,"[13.2889, 14.0207, 13.8231]",13.8231,"[0.02087618038058281, 0.05093524232506752, 0.0854102149605751, 0.12471369653940201, 0.16930973529815674, 0.20956078171730042, 0.24567300081253052, 0.28240349888801575, 0.31627219915390015, 0.3486701250076294, 0.37883278727531433, 0.411568284034729, 0.444594144821167, 0.4764709174633026, 0.5078400373458862, 0.5389504432678223, 0.5693234801292419, 0.6023297309875488, 0.6350376605987549, 0.6676021218299866, 0.7014490365982056, 0.7353675365447998, 0.7694581151008606, 0.8019583821296692, 0.8306503295898438, 0.8615036606788635, 0.8986272811889648, 0.9410284757614136]",0,"[0.06587370485067368, 0.10215646028518677, 0.14191319048404694, 0.18074874579906464, 0.2264804244041443, 0.27586713433265686, 0.32976770401000977, 0.3900810778141022, 0.4310031235218048, 0.4798832833766937, 0.4962611794471741, 0.5962580442428589, 0.6450537443161011, 0.6538257598876953, 0.7060150504112244, 0.7913119792938232, 0.8068217635154724, 0.8268473148345947, 0.8471906185150146, 0.8770283460617065, 0.9184510707855225]",0,21,11,0.0,0.0,0.0,,0.0,4,21,11,0.19047619047619047,0.36363636363636365,0.25,0.006197646260261536,0.024790585041046143,7,21,11,0.3333333333333333,0.6363636363636364,0.43749999999999994,0.010952364121164595,0.07666654884815216,11,21,11,0.5238095238095238,1.0,0.6875000000000001,0.028980216519399124,0.31878238171339035,"[0.018131406977772713, 0.04696667194366455, 0.07864584773778915, 0.10549025237560272, 0.14711926877498627, 0.18620142340660095, 0.23207977414131165, 0.26944124698638916, 0.2991347908973694, 0.3281731903553009, 0.3618738353252411, 0.39647507667541504, 0.43601730465888977, 0.47342461347579956, 0.5017009377479553, 0.5304909348487854, 0.5543439984321594, 0.594677209854126, 0.6310319900512695, 0.6621673703193665, 0.6937231421470642, 0.7224438786506653, 0.7591069340705872, 0.8040244579315186, 0.8359223008155823, 0.8703950047492981, 0.9118884801864624, 0.9565011858940125]",3,28,11,0.10714285714285714,0.2727272727272727,0.15384615384615383,0.003354489803314209,0.010063469409942627,7,28,11,0.25,0.6363636363636364,0.358974358974359,0.005715109407901764,0.04000576585531235,11,28,11,0.39285714285714285,1.0,0.5641025641025641,0.010127118365331129,0.11139830201864243,11,28,11,0.39285714285714285,1.0,0.5641025641025641,0.03377219086343592,0.3714940994977951
964,20964,317,20,11,28,"[0.058205705136060715, 0.11593827605247498, 0.149366557598114, 0.19988545775413513, 0.2573721706867218, 0.3128774166107178, 0.3580545485019684, 0.41625478863716125, 0.4722074866294861, 0.5143398642539978, 0.55989009141922, 0.6070181727409363, 0.6487866640090942, 0.701992392539978, 0.7390066981315613, 0.7713875770568848, 0.8170211911201477, 0.8543124794960022, 0.91302090883255, 0.9451904892921448]","[0.058205705136060715, 0.19988545775413513, 0.2573721706867218, 0.3580545485019684, 0.41625478863716125, 0.4722074866294861, 0.55989009141922, 0.6487866640090942, 0.7713875770568848, 0.8170211911201477, 0.91302090883255]","[0.018885236233472824, 0.04688645899295807, 0.07815602421760559, 0.11323897540569305, 0.15102346241474152, 0.1884736567735672, 0.22237995266914368, 0.2517891824245453, 0.2825208604335785, 0.3124709129333496, 0.3416648507118225, 0.3697907626628876, 0.39813104271888733, 0.4266228973865509, 0.4564943313598633, 0.4875634014606476, 0.5190361142158508, 0.5517517924308777, 0.5853621363639832, 0.6193406581878662, 0.6552039384841919, 0.6937435269355774, 0.7341085076332092, 0.7727680802345276, 0.8082072138786316, 0.844946026802063, 0.8878380656242371, 0.9353551864624023]",0.021676963195204735,"[""hard_then_ours"", ""hard_then_ours"", ""ours_then_hard""]",10,-1,-10,9.1818772489205e-05,False,"[17.6782, 12.213, 16.322]",16.322,"[0.21057891845703125, 0.32557663321495056, 0.37855222821235657, 0.5000689625740051, 0.5400615930557251, 0.5901635885238647, 0.6596946716308594, 0.7326008081436157, 0.7723393440246582, 0.8273695707321167]",15,4,-5,2.2269652617978863e-05,True,"[135.0057, 123.8518, 129.7714]",129.7714,"[0.04688645899295807, 0.07815602421760559, 0.11323897540569305, 0.22237995266914368, 0.2517891824245453, 0.3416648507118225, 0.39813104271888733, 0.4266228973865509, 0.5190361142158508, 0.5517517924308777, 0.6193406581878662, 0.6937435269355774, 0.7341085076332092, 0.8082072138786316, 0.844946026802063]",13,"[0.19433419406414032, 0.3335634171962738, 0.3981780707836151, 0.5323516130447388, 0.5671573281288147, 0.6142398715019226, 0.6774844527244568, 0.7653403282165527, 0.8043789863586426, 0.855663537979126]",0,10,11,0.0,0.0,0.0,,0.0,3,10,11,0.3,0.2727272727272727,0.28571428571428564,0.006288583079973857,0.01886574923992157,5,10,11,0.5,0.45454545454545453,0.47619047619047616,0.009916934370994567,0.04958467185497284,7,10,11,0.7,0.6363636363636364,0.6666666666666666,0.018413405333246504,0.12889383733272552,"[0.039729706943035126, 0.06191820651292801, 0.09362998604774475, 0.20843523740768433, 0.24482212960720062, 0.356215238571167, 0.421196848154068, 0.45543161034584045, 0.5514078140258789, 0.5725508332252502, 0.6401178240776062, 0.7153892517089844, 0.7662140130996704, 0.8391948342323303, 0.8752265572547913]",3,15,11,0.2,0.2727272727272727,0.23076923076923075,0.0034979569415251413,0.010493870824575424,7,15,11,0.4666666666666667,0.6363636363636364,0.5384615384615385,0.0059097616800240105,0.041368331760168076,9,15,11,0.6,0.8181818181818182,0.6923076923076923,0.00949530510438813,0.08545774593949318,11,15,11,0.7333333333333333,1.0,0.846153846153846,0.013220521875403145,0.14542574062943459
104,20104,318,11,7,28,"[0.05778507888317108, 0.16123390197753906, 0.2748159170150757, 0.344393789768219, 0.45849084854125977, 0.557828426361084, 0.6265102624893188, 0.7253127098083496, 0.7972275614738464, 0.8601125478744507, 0.9299131631851196]","[0.05778507888317108, 0.2748159170150757, 0.344393789768219, 0.557828426361084, 0.6265102624893188, 0.7253127098083496, 0.9299131631851196]","[0.018474146723747253, 0.04652067646384239, 0.0782226175069809, 0.11443713307380676, 0.15392273664474487, 0.1933240294456482, 0.22923295199871063, 0.2612820863723755, 0.29389697313308716, 0.3264009356498718, 0.3583269715309143, 0.3893401026725769, 0.42016923427581787, 0.45181629061698914, 0.48306819796562195, 0.5138579607009888, 0.5442182421684265, 0.5744081735610962, 0.6064696311950684, 0.6390018463134766, 0.672721803188324, 0.7085906267166138, 0.7454299926757812, 0.7800025343894958, 0.8126708269119263, 0.8483402132987976, 0.8894948959350586, 0.9360628724098206]",0.018992219120264053,"[""ours_then_hard"", ""hard_then_ours"", ""hard_then_ours""]",11,4,0,4.105421248823404e-05,False,"[16.5188, 25.8986, 16.7308]",16.7308,"[0.1721944510936737, 0.25894689559936523, 0.3792329430580139, 0.4132477641105652, 0.5139838457107544, 0.5488995909690857, 0.6165547966957092, 0.6774800419807434, 0.7025235295295715, 0.7222408652305603, 0.7706647515296936]",8,1,-3,2.2622405595029704e-05,True,"[189.5663, 244.6971, 211.1721]",211.1721,"[0.04652067646384239, 0.22923295199871063, 0.3583269715309143, 0.5442182421684265, 0.6064696311950684, 0.7085906267166138, 0.8126708269119263, 0.8483402132987976]",20,"[0.13986235857009888, 0.23573872447013855, 0.3603227436542511, 0.401489794254303, 0.5181222558021545, 0.5540973544120789, 0.6336802244186401, 0.6913270354270935, 0.71703040599823, 0.7393197417259216, 0.7863259315490723]",1,11,7,0.09090909090909091,0.14285714285714285,0.1111111111111111,0.003731071949005127,0.003731071949005127,3,11,7,0.2727272727272727,0.42857142857142855,0.33333333333333326,0.006394445896148682,0.019183337688446045,4,11,7,0.36363636363636365,0.5714285714285714,0.4444444444444444,0.008778072893619537,0.03511229157447815,5,11,7,0.45454545454545453,0.7142857142857143,0.5555555555555556,0.027173590660095216,0.13586795330047607,"[0.030636658892035484, 0.2064046859741211, 0.33489561080932617, 0.549155056476593, 0.6241568922996521, 0.7232298254966736, 0.8317088484764099, 0.8722596764564514]",2,8,7,0.25,0.2857142857142857,0.26666666666666666,0.0022181272506713867,0.0044362545013427734,4,8,7,0.5,0.5714285714285714,0.5333333333333333,0.005651950836181641,0.022607803344726562,4,8,7,0.5,0.5714285714285714,0.5333333333333333,0.005651950836181641,0.022607803344726562,5,8,7,0.625,0.7142857142857143,0.6666666666666666,0.009951244667172432,0.04975622333586216
855,20855,319,20,13,28,"[0.05614974722266197, 0.09449335932731628, 0.14183877408504486, 0.18032127618789673, 0.22691884636878967, 0.25717055797576904, 0.29783865809440613, 0.3300016522407532, 0.39004191756248474, 0.44215908646583557, 0.49424242973327637, 0.5462380051612854, 0.578010618686676, 0.6427799463272095, 0.7032396793365479, 0.7565292119979858, 0.7988892197608948, 0.862492024898529, 0.9067192077636719, 0.9610902070999146]","[0.14183877408504486, 0.22691884636878967, 0.25717055797576904, 0.29783865809440613, 0.3300016522407532, 0.44215908646583557, 0.49424242973327637, 0.5462380051612854, 0.578010618686676, 0.7032396793365479, 0.7988892197608948, 0.862492024898529, 0.9610902070999146]","[0.018169037997722626, 0.043020058423280716, 0.07233405113220215, 0.1075408086180687, 0.14803200960159302, 0.18858365714550018, 0.2239629030227661, 0.26084211468696594, 0.29225024580955505, 0.32442551851272583, 0.352781742811203, 0.38830244541168213, 0.4223850667476654, 0.4559367895126343, 0.4891223609447479, 0.5216647386550903, 0.5555203557014465, 0.5894373655319214, 0.6219288110733032, 0.653672456741333, 0.6859555840492249, 0.7200269103050232, 0.7547425627708435, 0.7873324751853943, 0.8173357844352722, 0.8489625453948975, 0.8892053961753845, 0.9360607862472534]",0.018740057945251465,"[""ours_then_hard"", ""ours_then_hard"", ""ours_then_hard""]",20,7,0,4.7780806198716164e-05,False,"[14.915, 13.3785, 16.4361]",14.915,"[0.0770067572593689, 0.1413837969303131, 0.18248307704925537, 0.2197762131690979, 0.2549934387207031, 0.28718724846839905, 0.3257046341896057, 0.3551948666572571, 0.42437392473220825, 0.47221365571022034, 0.4974929094314575, 0.5490530729293823, 0.6036517024040222, 0.6757724285125732, 0.703234851360321, 0.7822183966636658, 0.8042883276939392, 0.82280433177948, 0.8372308611869812, 0.8898124098777771]",28,15,8,2.9874356187065132e-05,False,"[13.9559, 15.2106, 11.6351]",13.9559,"[0.018169037997722626, 0.043020058423280716, 0.07233405113220215, 0.1075408086180687, 0.14803200960159302, 0.18858365714550018, 0.2239629030227661, 0.26084211468696594, 0.29225024580955505, 0.32442551851272583, 0.352781742811203, 0.38830244541168213, 0.4223850667476654, 0.4559367895126343, 0.4891223609447479, 0.5216647386550903, 0.5555203557014465, 0.5894373655319214, 0.6219288110733032, 0.653672456741333, 0.6859555840492249, 0.7200269103050232, 0.7547425627708435, 0.7873324751853943, 0.8173357844352722, 0.8489625453948975, 0.8892053961753845, 0.9360607862472534]",0,"[0.06516431272029877, 0.12128613144159317, 0.15793316066265106, 0.19908291101455688, 0.23366571962833405, 0.2689676284790039, 0.303812712430954, 0.3323354423046112, 0.40436533093452454, 0.4462307393550873, 0.48165473341941833, 0.5467756986618042, 0.5966862440109253, 0.6530032753944397, 0.6757140755653381, 0.7597881555557251, 0.7791956663131714, 0.7970459461212158, 0.8162378072738647, 0.8814226388931274]",4,20,13,0.2,0.3076923076923077,0.24242424242424246,0.0021966025233268738,0.008786410093307495,6,20,13,0.3,0.46153846153846156,0.3636363636363637,0.00358455628156662,0.02150733768939972,11,20,13,0.55,0.8461538461538461,0.6666666666666667,0.010676637291908264,0.1174430102109909,12,20,13,0.6,0.9230769230769231,0.7272727272727274,0.02873775300880273,0.3448530361056328,"[0.01602886989712715, 0.03611336275935173, 0.061430275440216064, 0.09010232985019684, 0.12617498636245728, 0.16322144865989685, 0.2044365555047989, 0.24049922823905945, 0.27223387360572815, 0.30281856656074524, 0.32973170280456543, 0.36756184697151184, 0.40273037552833557, 0.42953574657440186, 0.4705200493335724, 0.5118365287780762, 0.5520252585411072, 0.5844922065734863, 0.6109838485717773, 0.6366567015647888, 0.6589073538780212, 0.6930610537528992, 0.7259349226951599, 0.7641885876655579, 0.7929482460021973, 0.8295592665672302, 0.8807743191719055, 0.9312675595283508]",2,28,13,0.07142857142857142,0.15384615384615385,0.0975609756097561,0.0026249289512634277,0.0052498579025268555,5,28,13,0.17857142857142858,0.38461538461538464,0.24390243902439027,0.004691934585571289,0.023459672927856445,12,28,13,0.42857142857142855,0.9230769230769231,0.5853658536585366,0.010537126411994299,0.12644551694393158,13,28,13,0.4642857142857143,1.0,0.6341463414634146,0.028687043831898615,0.372931569814682
930,20930,320,8,6,28,"[0.10787421464920044, 0.20502109825611115, 0.36728158593177795, 0.4906274974346161, 0.6116245985031128, 0.702731192111969, 0.7795124053955078, 0.879818856716156]","[0.10787421464920044, 0.36728158593177795, 0.4906274974346161, 0.6116245985031128, 0.702731192111969, 0.7795124053955078]","[0.019330956041812897, 0.048659615218639374, 0.08191759884357452, 0.11890909075737, 0.15972138941287994, 0.20007014274597168, 0.23424865305423737, 0.26644861698150635, 0.2980497181415558, 0.3301745057106018, 0.3629165291786194, 0.39442309737205505, 0.4253886640071869, 0.45613762736320496, 0.4862214922904968, 0.5178529024124146, 0.5497288107872009, 0.5811954736709595, 0.6127287745475769, 0.6444857716560364, 0.6777122020721436, 0.713503897190094, 0.7507044672966003, 0.7856179475784302, 0.8179262280464172, 0.8526144027709961, 0.8931928873062134, 0.9383683204650879]",0.024774575605988503,"[""hard_then_ours"", ""ours_then_hard"", ""ours_then_hard""]",5,-1,-3,6.187976396176964e-05,False,"[19.9302, 18.1997, 15.8609]",18.1997,"[0.23400725424289703, 0.3718005418777466, 0.44128042459487915, 0.6060061454772949, 0.7012235522270203]",7,1,-1,1.4644971997768153e-05,True,"[204.97, 197.512, 187.7551]",197.512,"[0.11890909075737, 0.39442309737205505, 0.4253886640071869, 0.5811954736709595, 0.6127287745475769, 0.7507044672966003, 0.9383683204650879]",21,"[0.20473165810108185, 0.36343157291412354, 0.4523281157016754, 0.645345151424408, 0.7302568554878235]",1,5,6,0.2,0.16666666666666666,0.1818181818181818,0.003850013017654419,0.003850013017654419,1,5,6,0.2,0.16666666666666666,0.1818181818181818,0.003850013017654419,0.003850013017654419,1,5,6,0.2,0.16666666666666666,0.1818181818181818,0.003850013017654419,0.003850013017654419,4,5,6,0.8,0.6666666666666666,0.7272727272727272,0.025848902761936188,0.10339561104774475,"[0.09000015258789062, 0.3906877636909485, 0.4333428144454956, 0.6206884980201721, 0.6534655094146729, 0.7785187363624573, 0.9502119421958923]",1,7,6,0.14285714285714285,0.16666666666666666,0.15384615384615383,0.0009936690330505371,0.0009936690330505371,2,7,6,0.2857142857142857,0.3333333333333333,0.30769230769230765,0.005028784275054932,0.010057568550109863,3,7,6,0.42857142857142855,0.5,0.4615384615384615,0.009310543537139893,0.027931630611419678,5,7,6,0.7142857142857143,0.8333333333333334,0.7692307692307692,0.02012069821357727,0.10060349106788635
480,20480,321,5,3,28,"[0.21301254630088806, 0.3534088730812073, 0.4382574260234833, 0.6641620397567749, 0.8135020732879639]","[0.21301254630088806, 0.3534088730812073, 0.8135020732879639]","[0.019413648173213005, 0.04893847554922104, 0.0824507549405098, 0.12025271356105804, 0.16163885593414307, 0.20348544418811798, 0.2399556040763855, 0.2716599702835083, 0.30329808592796326, 0.33637893199920654, 0.3688308596611023, 0.40059101581573486, 0.4317508339881897, 0.4626702666282654, 0.49329638481140137, 0.5243220329284668, 0.5557542443275452, 0.587626039981842, 0.6200008988380432, 0.6531320810317993, 0.6877627968788147, 0.7238985300064087, 0.7597159147262573, 0.7933239936828613, 0.8257923126220703, 0.8600873947143555, 0.8985474705696106, 0.9413127303123474]",0.020130425691604614,"[""ours_then_hard"", ""hard_then_ours"", ""hard_then_ours""]",6,3,1,2.5385241315234452e-05,False,"[22.6804, 18.5713, 17.4623]",18.5713,"[0.1733323335647583, 0.24282844364643097, 0.3075489103794098, 0.4249212443828583, 0.4805414080619812, 0.7157081961631775]",6,3,1,2.4440478227916174e-05,True,"[205.6276, 183.8928, 214.048]",205.6276,"[0.16163885593414307, 0.33637893199920654, 0.3688308596611023, 0.4626702666282654, 0.7933239936828613, 0.8257923126220703]",22,"[0.14842267334461212, 0.22179880738258362, 0.28845322132110596, 0.39892083406448364, 0.4664299786090851, 0.7346214056015015]",0,6,3,0.0,0.0,0.0,,0.0,1,6,3,0.16666666666666666,0.3333333333333333,0.2222222222222222,0.008786261081695557,0.008786261081695557,1,6,3,0.16666666666666666,0.3333333333333333,0.2222222222222222,0.008786261081695557,0.008786261081695557,2,6,3,0.3333333333333333,0.6666666666666666,0.4444444444444444,0.027149111032485962,0.054298222064971924,"[0.13718286156654358, 0.3182240426540375, 0.34041130542755127, 0.44471317529678345, 0.8248378038406372, 0.8589797019958496]",0,6,3,0.0,0.0,0.0,,0.0,0,6,3,0.0,0.0,0.0,,0.0,2,6,3,0.3333333333333333,0.6666666666666666,0.4444444444444444,0.012166649103164673,0.024333298206329346,2,6,3,0.3333333333333333,0.6666666666666666,0.4444444444444444,0.02326028048992157,0.04652056097984314
910,20910,322,17,9,28,"[0.07043283432722092, 0.10705126821994781, 0.18218767642974854, 0.25527575612068176, 0.33116984367370605, 0.39383965730667114, 0.43045100569725037, 0.49165505170822144, 0.5422889590263367, 0.61333167552948, 0.6459590196609497, 0.6848523616790771, 0.73018479347229, 0.7895805239677429, 0.8285052180290222, 0.8751434683799744, 0.947410523891449]","[0.10705126821994781, 0.18218767642974854, 0.39383965730667114, 0.5422889590263367, 0.61333167552948, 0.6848523616790771, 0.7895805239677429, 0.8285052180290222, 0.947410523891449]","[0.018088344484567642, 0.04520345851778984, 0.07489222288131714, 0.10819017887115479, 0.14377354085445404, 0.1810096949338913, 0.2138616442680359, 0.2440391480922699, 0.27211907505989075, 0.299527645111084, 0.32772642374038696, 0.35600975155830383, 0.3841131925582886, 0.41243892908096313, 0.44098326563835144, 0.4702332615852356, 0.5007184743881226, 0.5347803831100464, 0.5707089900970459, 0.6070975065231323, 0.645002007484436, 0.6855579614639282, 0.7286169528961182, 0.7695826292037964, 0.8058925867080688, 0.843585193157196, 0.8869549036026001, 0.9350194931030273]",0.02565012499690056,"[""hard_then_ours"", ""hard_then_ours"", ""hard_then_ours""]",15,6,-2,2.765967474260833e-05,False,"[15.4003, 20.2362, 19.5516]",19.5516,"[0.10415475815534592, 0.1461700201034546, 0.2075045257806778, 0.2269848734140396, 0.31433364748954773, 0.3681343197822571, 0.39674022793769836, 0.5497841835021973, 0.5767688155174255, 0.6406345367431641, 0.6947107911109924, 0.7509400844573975, 0.7586357593536377, 0.8478842377662659, 0.9376601576805115]",12,3,-5,2.3157730538514443e-05,True,"[141.5692, 146.5383, 173.6166]",146.5383,"[0.14377354085445404, 0.1810096949338913, 0.299527645111084, 0.3841131925582886, 0.5007184743881226, 0.6070975065231323, 0.645002007484436, 0.6855579614639282, 0.7695826292037964, 0.8058925867080688, 0.843585193157196, 0.9350194931030273]",16,"[0.10183461010456085, 0.14760468900203705, 0.22520819306373596, 0.2492910921573639, 0.35744282603263855, 0.40947097539901733, 0.43599456548690796, 0.5881158709526062, 0.6161943078041077, 0.6717217564582825, 0.7095310688018799, 0.7646573781967163, 0.7728593945503235, 0.8561955690383911, 0.9439319372177124]",2,15,9,0.13333333333333333,0.2222222222222222,0.16666666666666669,0.003170609474182129,0.006341218948364258,3,15,9,0.2,0.3333333333333333,0.25,0.0038526256879170737,0.01155787706375122,6,15,9,0.4,0.6666666666666666,0.5,0.009506821632385254,0.05704092979431152,9,15,9,0.6,1.0,0.7499999999999999,0.021567634410328336,0.19410870969295502,"[0.1455756276845932, 0.19097480177879333, 0.3381554186344147, 0.42219531536102295, 0.538449227809906, 0.6386081576347351, 0.6754928827285767, 0.7030652761459351, 0.7843796610832214, 0.8177048563957214, 0.8514704704284668, 0.9407448172569275]",1,12,9,0.08333333333333333,0.1111111111111111,0.09523809523809525,0.003839731216430664,0.003839731216430664,5,12,9,0.4166666666666667,0.5555555555555556,0.4761904761904762,0.006770581007003784,0.03385290503501892,6,12,9,0.5,0.6666666666666666,0.5714285714285715,0.007442211111386617,0.0446532666683197,9,12,9,0.75,1.0,0.8571428571428571,0.015201085143619113,0.13680976629257202
830,20830,323,11,5,28,"[0.07606592029333115, 0.1705259382724762, 0.2878572344779968, 0.33641085028648376, 0.38347721099853516, 0.4706261456012726, 0.5167604088783264, 0.577688992023468, 0.713565468788147, 0.8030223846435547, 0.9229894280433655]","[0.33641085028648376, 0.4706261456012726, 0.5167604088783264, 0.713565468788147, 0.9229894280433655]","[0.01947954297065735, 0.048755303025245667, 0.08100054413080215, 0.11655712127685547, 0.15522685647010803, 0.19459950923919678, 0.22807395458221436, 0.26093360781669617, 0.29052916169166565, 0.3201962113380432, 0.35137027502059937, 0.3827708065509796, 0.41492703557014465, 0.44732236862182617, 0.4799274802207947, 0.5126311779022217, 0.5455717444419861, 0.578443169593811, 0.6113761067390442, 0.6448484063148499, 0.6801964640617371, 0.7177665829658508, 0.7556621432304382, 0.7906304597854614, 0.823081374168396, 0.8582069277763367, 0.8981735706329346, 0.9417490363121033]",0.016405727714300156,"[""ours_then_hard"", ""hard_then_ours"", ""ours_then_hard""]",11,6,0,2.1251327780191787e-05,True,"[20.1555, 15.0302, 16.756]",16.756,"[0.1927163302898407, 0.23823890089988708, 0.3166218101978302, 0.3548026382923126, 0.39679351449012756, 0.45573690533638, 0.51377934217453, 0.5510807633399963, 0.674535870552063, 0.7743805050849915, 0.8404661417007446]",9,4,-2,1.9522411093930714e-05,True,"[162.9713, 176.0013, 181.5887]",176.0013,"[0.15522685647010803, 0.3201962113380432, 0.35137027502059937, 0.4799274802207947, 0.5126311779022217, 0.6113761067390442, 0.6448484063148499, 0.6801964640617371, 0.8981735706329346]",19,"[0.19552649557590485, 0.26025664806365967, 0.34678080677986145, 0.38958048820495605, 0.42616453766822815, 0.47868219017982483, 0.5255513787269592, 0.5559494495391846, 0.6668857932090759, 0.7720490097999573, 0.8493776321411133]",0,11,5,0.0,0.0,0.0,,0.0,2,11,5,0.18181818181818182,0.4,0.25000000000000006,0.00842350721359253,0.01684701442718506,3,11,5,0.2727272727272727,0.6,0.37499999999999994,0.009072323640187582,0.027216970920562744,4,11,5,0.36363636363636365,0.8,0.5000000000000001,0.03489736467599869,0.13958945870399475,"[0.15090785920619965, 0.3502514958381653, 0.38449642062187195, 0.5015946626663208, 0.5245346426963806, 0.6141290664672852, 0.6358820199966431, 0.6735931634902954, 0.9152933359146118]",0,9,5,0.0,0.0,0.0,,0.0,2,9,5,0.2222222222222222,0.4,0.2857142857142857,0.007735162973403931,0.015470325946807861,3,9,5,0.3333333333333333,0.6,0.42857142857142855,0.012234161297480265,0.036702483892440796,5,9,5,0.5555555555555556,1.0,0.7142857142857143,0.020050358772277833,0.10025179386138916
84,20084,324,4,3,28,"[0.11440444737672806, 0.3912702202796936, 0.6577177047729492, 0.8463451266288757]","[0.11440444737672806, 0.3912702202796936, 0.8463451266288757]","[0.019108768552541733, 0.04798480123281479, 0.0801701620221138, 0.11769607663154602, 0.1587534099817276, 0.19836141169071198, 0.23461268842220306, 0.267595112323761, 0.2984556257724762, 0.3308507204055786, 0.36345425248146057, 0.39625391364097595, 0.42917221784591675, 0.461342990398407, 0.49368181824684143, 0.52576744556427, 0.5581422448158264, 0.5907922387123108, 0.6235209703445435, 0.6562913060188293, 0.6898740530014038, 0.7246384620666504, 0.7594302296638489, 0.7924693822860718, 0.8245686888694763, 0.8589872717857361, 0.8979103565216064, 0.941078782081604]",0.030199531465768814,"[""hard_then_ours"", ""hard_then_ours"", ""hard_then_ours""]",4,1,0,3.6366633139550686e-05,False,"[15.146, 16.0155, 14.0108]",15.146,"[0.18472129106521606, 0.2719882130622864, 0.3756871521472931, 0.6564598083496094]",5,2,1,1.5986790458555333e-05,True,"[190.2542, 264.9275, 195.7284]",195.7284,"[0.11769607663154602, 0.267595112323761, 0.2984556257724762, 0.36345425248146057, 0.7594302296638489]",23,"[0.15286792814731598, 0.2513124942779541, 0.3656981885433197, 0.6985558867454529]",0,4,3,0.0,0.0,0.0,,0.0,0,4,3,0.0,0.0,0.0,,0.0,0,4,3,0.0,0.0,0.0,,0.0,2,4,3,0.5,0.6666666666666666,0.5714285714285715,0.03201775625348091,0.06403551250696182,"[0.08505720645189285, 0.2460853010416031, 0.2739424705505371, 0.3534735441207886, 0.8038506507873535]",0,5,3,0.0,0.0,0.0,,0.0,0,5,3,0.0,0.0,0.0,,0.0,0,5,3,0.0,0.0,0.0,,0.0,3,5,3,0.6,1.0,0.7499999999999999,0.036546130975087486,0.10963839292526245
597,20597,325,20,10,28,"[0.03343694284558296, 0.10717718303203583, 0.13889117538928986, 0.17829445004463196, 0.23388715088367462, 0.2692769169807434, 0.3042672276496887, 0.36358126997947693, 0.3980221450328827, 0.45408254861831665, 0.5092792510986328, 0.5594105124473572, 0.6032099723815918, 0.6497568488121033, 0.6956878304481506, 0.7411195039749146, 0.8152865767478943, 0.8477265238761902, 0.880843997001648, 0.9411349892616272]","[0.03343694284558296, 0.13889117538928986, 0.3042672276496887, 0.36358126997947693, 0.5594105124473572, 0.6032099723815918, 0.6956878304481506, 0.8152865767478943, 0.8477265238761902, 0.9411349892616272]","[0.018055330961942673, 0.044513411819934845, 0.0749700516462326, 0.11091959476470947, 0.15145576000213623, 0.19329680502414703, 0.22623440623283386, 0.2593371570110321, 0.2922791838645935, 0.32542917132377625, 0.3581435978412628, 0.39155784249305725, 0.42236006259918213, 0.45351022481918335, 0.4847542345523834, 0.5157528519630432, 0.5463874340057373, 0.5772976279258728, 0.6087768077850342, 0.6409143209457397, 0.6748672127723694, 0.7108704447746277, 0.7477449774742126, 0.7823604941368103, 0.8157224059104919, 0.8513625264167786, 0.892133355140686, 0.9377758502960205]",0.013165967538952827,"[""hard_then_ours"", ""ours_then_hard"", ""hard_then_ours""]",11,1,-9,9.382565622217953e-05,False,"[17.1908, 19.9641, 19.0214]",19.0214,"[0.21392962336540222, 0.24455079436302185, 0.3209165930747986, 0.3566548228263855, 0.4033925235271454, 0.4515995383262634, 0.5344654321670532, 0.647683322429657, 0.7183549404144287, 0.8372092843055725, 0.9127220511436462]",12,2,-8,1.978262298507616e-05,True,"[181.1504, 168.1486, 205.1093]",181.1504,"[0.018055330961942673, 0.11091959476470947, 0.15145576000213623, 0.32542917132377625, 0.39155784249305725, 0.42236006259918213, 0.5463874340057373, 0.6087768077850342, 0.6409143209457397, 0.8157224059104919, 0.8513625264167786, 0.9377758502960205]",16,"[0.19442753493785858, 0.22727246582508087, 0.296741783618927, 0.3372369408607483, 0.38577550649642944, 0.43246984481811523, 0.5269827246665955, 0.6553216576576233, 0.7263739705085754, 0.8409640789031982, 0.9230630993843079]",0,11,10,0.0,0.0,0.0,,0.0,2,11,10,0.18181818181818182,0.2,0.1904761904761905,0.007143944501876831,0.014287889003753662,3,11,10,0.2727272727272727,0.3,0.28571428571428564,0.010786592960357666,0.032359778881073,6,11,10,0.5454545454545454,0.6,0.5714285714285713,0.025068854292233784,0.1504131257534027,"[0.012344704940915108, 0.09688158333301544, 0.13988003134727478, 0.3019750416278839, 0.37589314579963684, 0.4038202464580536, 0.5426322817802429, 0.6082848310470581, 0.6476413607597351, 0.8220652341842651, 0.8518358469009399, 0.9506644010543823]",3,12,10,0.25,0.3,0.2727272727272727,0.002463455001513163,0.00739036500453949,6,12,10,0.5,0.6,0.5454545454545454,0.004795548816521962,0.028773292899131775,8,12,10,0.6666666666666666,0.8,0.7272727272727272,0.007232924923300743,0.057863399386405945,10,12,10,0.8333333333333334,1.0,0.9090909090909091,0.01680228430777788,0.16802284307777882
835,20835,326,19,11,28,"[0.054869070649147034, 0.10798569768667221, 0.1575998067855835, 0.19529394805431366, 0.2540433406829834, 0.28825920820236206, 0.32591143250465393, 0.3928654193878174, 0.4364204406738281, 0.4971000850200653, 0.5468746423721313, 0.6009279489517212, 0.6412034630775452, 0.6992210149765015, 0.7381181716918945, 0.7764374613761902, 0.8340027928352356, 0.8693139553070068, 0.9352648258209229]","[0.1575998067855835, 0.19529394805431366, 0.2540433406829834, 0.28825920820236206, 0.3928654193878174, 0.4364204406738281, 0.5468746423721313, 0.6009279489517212, 0.7381181716918945, 0.8340027928352356, 0.8693139553070068]","[0.02018948458135128, 0.050227198749780655, 0.08468891680240631, 0.12264195084571838, 0.1633361428976059, 0.204656183719635, 0.2386012077331543, 0.27083471417427063, 0.30061885714530945, 0.32944774627685547, 0.359983891248703, 0.3910694718360901, 0.42269036173820496, 0.45364636182785034, 0.4840456545352936, 0.5156038999557495, 0.5479916334152222, 0.5803885459899902, 0.6130496859550476, 0.6460418105125427, 0.6803771257400513, 0.7168546915054321, 0.7540388703346252, 0.7885337471961975, 0.8206620216369629, 0.855684220790863, 0.8955584764480591, 0.9397488832473755]",0.01518312282860279,"[""ours_then_hard"", ""ours_then_hard"", ""ours_then_hard""]",11,0,-8,9.38659577514045e-05,False,"[16.968, 18.1504, 14.7]",16.968,"[0.184953510761261, 0.23019057512283325, 0.24875617027282715, 0.2735436260700226, 0.34393370151519775, 0.4253542721271515, 0.5088162422180176, 0.5733857154846191, 0.6367900371551514, 0.7478475570678711, 0.774757981300354]",11,0,-8,2.4083356038318016e-05,True,"[171.6621, 170.1937, 159.3492]",170.1937,"[0.204656183719635, 0.2386012077331543, 0.27083471417427063, 0.30061885714530945, 0.359983891248703, 0.45364636182785034, 0.5479916334152222, 0.6130496859550476, 0.6803771257400513, 0.8206620216369629, 0.8955584764480591]",17,"[0.14915840327739716, 0.20035895705223083, 0.2229231745004654, 0.251858651638031, 0.3347729444503784, 0.4126129448413849, 0.4961216151714325, 0.5710091590881348, 0.6332182884216309, 0.7412160038948059, 0.7619860172271729]",2,11,11,0.18181818181818182,0.18181818181818182,0.18181818181818182,0.0026412606239318848,0.0052825212478637695,4,11,11,0.36363636363636365,0.36363636363636365,0.36363636363636365,0.004697233438491821,0.018788933753967285,5,11,11,0.45454545454545453,0.45454545454545453,0.45454545454545453,0.007707291841506958,0.03853645920753479,8,11,11,0.7272727272727273,0.7272727272727273,0.7272727272727273,0.020037168636918068,0.16029734909534454,"[0.17095895111560822, 0.2096540927886963, 0.24821968376636505, 0.28891241550445557, 0.35045140981674194, 0.4453839957714081, 0.542016327381134, 0.608694851398468, 0.6784332394599915, 0.8061031699180603, 0.901669442653656]",2,11,11,0.18181818181818182,0.18181818181818182,0.18181818181818182,0.00275576114654541,0.00551152229309082,5,11,11,0.45454545454545453,0.45454545454545453,0.45454545454545453,0.00561312735080719,0.02806563675403595,7,11,11,0.6363636363636364,0.6363636363636364,0.6363636363636364,0.007969275116920471,0.0557849258184433,10,11,11,0.9090909090909091,0.9090909090909091,0.9090909090909091,0.01584540456533432,0.1584540456533432
1001,21001,327,7,5,28,"[0.11364489793777466, 0.2078319489955902, 0.41279181838035583, 0.5184367895126343, 0.6602652072906494, 0.7944331169128418, 0.8780542612075806]","[0.11364489793777466, 0.41279181838035583, 0.6602652072906494, 0.7944331169128418, 0.8780542612075806]","[0.017651686444878578, 0.0446934774518013, 0.0758984312415123, 0.11263846606016159, 0.1533469259738922, 0.19528034329414368, 0.2318151444196701, 0.26444211602211, 0.29617348313331604, 0.32682064175605774, 0.3577798008918762, 0.3888613283634186, 0.4199083149433136, 0.4505237936973572, 0.480773001909256, 0.5112161636352539, 0.5421971082687378, 0.5742959380149841, 0.6065669655799866, 0.6390455365180969, 0.6728864312171936, 0.70870441198349, 0.7457171082496643, 0.7810143232345581, 0.8143659830093384, 0.8496264219284058, 0.8901549577713013, 0.9362700581550598]",0.024193834513425827,"[""ours_then_hard"", ""ours_then_hard"", ""ours_then_hard""]",8,3,1,3.237225246266462e-05,False,"[20.3645, 17.6535, 15.6258]",17.6535,"[0.2182997167110443, 0.294014036655426, 0.3875811994075775, 0.43363288044929504, 0.49390584230422974, 0.5871265530586243, 0.7059323787689209, 0.854237973690033]",6,1,-1,2.172941640310455e-05,True,"[186.9909, 186.812, 226.2892]",186.9909,"[0.1533469259738922, 0.29617348313331604, 0.4199083149433136, 0.6728864312171936, 0.8143659830093384, 0.8496264219284058]",22,"[0.1789492815732956, 0.2502891421318054, 0.3481261730194092, 0.40025877952575684, 0.46755656599998474, 0.5715856552124023, 0.7035665512084961, 0.8586541414260864]",0,8,5,0.0,0.0,0.0,,0.0,0,8,5,0.0,0.0,0.0,,0.0,2,8,5,0.25,0.4,0.3076923076923077,0.01596657931804657,0.03193315863609314,3,8,5,0.375,0.6,0.4615384615384615,0.02507816751797994,0.07523450255393982,"[0.12449713796377182, 0.25136834383010864, 0.3838740885257721, 0.6641901731491089, 0.824135959148407, 0.8543263673782349]",1,6,5,0.16666666666666666,0.2,0.1818181818181818,0.003924965858459473,0.003924965858459473,1,6,5,0.16666666666666666,0.2,0.1818181818181818,0.003924965858459473,0.003924965858459473,2,6,5,0.3333333333333333,0.4,0.3636363636363636,0.007388602942228317,0.014777205884456635,5,6,5,0.8333333333333334,1.0,0.9090909090909091,0.019425134360790252,0.09712567180395126
203,20203,328,4,4,28,"[0.09114157408475876, 0.23762276768684387, 0.6365161538124084, 0.8265929818153381]","[0.09114157408475876, 0.23762276768684387, 0.6365161538124084, 0.8265929818153381]","[0.019300954416394234, 0.04827405512332916, 0.08076496422290802, 0.11716970056295395, 0.15647761523723602, 0.19585144519805908, 0.23089666664600372, 0.2637593746185303, 0.2932822108268738, 0.32527410984039307, 0.35679295659065247, 0.3885989487171173, 0.42044761776924133, 0.4523410499095917, 0.48405778408050537, 0.5157564878463745, 0.5478119254112244, 0.5802502632141113, 0.6130350232124329, 0.6463134288787842, 0.6808789968490601, 0.717072606086731, 0.7537869215011597, 0.7886181473731995, 0.8218753933906555, 0.8573562502861023, 0.8971346616744995, 0.9407277703285217]",0.029093895107507706,"[""ours_then_hard"", ""ours_then_hard"", ""ours_then_hard""]",9,5,5,1.4066078620089684e-05,True,"[18.5113, 17.3552, 17.8826]",17.8826,"[0.18787315487861633, 0.2385472059249878, 0.32752591371536255, 0.4094144105911255, 0.49547454714775085, 0.611586332321167, 0.6878359317779541, 0.7569976449012756, 0.8092699646949768]",5,1,1,1.7314441720372997e-05,True,"[212.6293, 199.6864, 221.3584]",212.6293,"[0.15647761523723602, 0.23089666664600372, 0.5478119254112244, 0.7886181473731995, 0.8573562502861023]",23,"[0.15110795199871063, 0.19235919415950775, 0.2781882882118225, 0.3719136714935303, 0.4732077419757843, 0.6132588982582092, 0.7055457234382629, 0.7856033444404602, 0.8358819484710693]",0,9,4,0.0,0.0,0.0,,0.0,1,9,4,0.1111111111111111,0.25,0.15384615384615383,0.009288966655731201,0.009288966655731201,1,9,4,0.1111111111111111,0.25,0.15384615384615383,0.009288966655731201,0.009288966655731201,3,9,4,0.3333333333333333,0.75,0.46153846153846156,0.03650348881880442,0.10951046645641327,"[0.11865704506635666, 0.18621371686458588, 0.5340195298194885, 0.8153074383735657, 0.8796691298484802]",0,5,4,0.0,0.0,0.0,,0.0,0,5,4,0.0,0.0,0.0,,0.0,1,5,4,0.2,0.25,0.22222222222222224,0.011285543441772461,0.011285543441772461,2,5,4,0.4,0.5,0.4444444444444445,0.01940050721168518,0.03880101442337036
398,20398,329,12,7,28,"[0.11235062777996063, 0.1898813098669052, 0.2683664560317993, 0.31895995140075684, 0.42183947563171387, 0.46408647298812866, 0.5184769034385681, 0.5691609978675842, 0.6347124576568604, 0.7257293462753296, 0.7933850884437561, 0.9052168130874634]","[0.1898813098669052, 0.31895995140075684, 0.42183947563171387, 0.46408647298812866, 0.5691609978675842, 0.6347124576568604, 0.7933850884437561]","[0.018315497785806656, 0.047253042459487915, 0.08030875027179718, 0.11826761811971664, 0.16162370145320892, 0.20442885160446167, 0.24073860049247742, 0.2728082835674286, 0.30282241106033325, 0.33218899369239807, 0.36308637261390686, 0.3929325342178345, 0.4224953055381775, 0.45198699831962585, 0.48176872730255127, 0.5123576521873474, 0.5441401600837708, 0.5766407251358032, 0.6093915700912476, 0.6424006819725037, 0.6769673228263855, 0.7137709259986877, 0.7509174346923828, 0.7856677174568176, 0.8178723454475403, 0.8521031737327576, 0.8923507928848267, 0.9377530217170715]",0.013739338144659996,"[""hard_then_ours"", ""ours_then_hard"", ""ours_then_hard""]",12,5,0,5.489187969942577e-05,False,"[27.2042, 26.3241, 15.8089]",26.3241,"[0.20609836280345917, 0.2537981867790222, 0.30659958720207214, 0.38181817531585693, 0.43109166622161865, 0.5717663168907166, 0.6037368774414062, 0.7145897746086121, 0.7557558417320251, 0.8002057075500488, 0.8521016240119934, 0.8991190791130066]",11,4,-1,2.2832120521343313e-05,True,"[183.9368, 199.3088, 153.3712]",183.9368,"[0.11826761811971664, 0.20442885160446167, 0.24073860049247742, 0.36308637261390686, 0.45198699831962585, 0.48176872730255127, 0.6093915700912476, 0.6424006819725037, 0.7137709259986877, 0.8178723454475403, 0.8521031737327576]",17,"[0.19261804223060608, 0.24501052498817444, 0.2983124852180481, 0.37406155467033386, 0.4192705452442169, 0.5582367777824402, 0.5913259983062744, 0.7060354948043823, 0.7542002201080322, 0.8077689409255981, 0.8671233654022217, 0.9196558594703674]",2,12,7,0.16666666666666666,0.2857142857142857,0.2105263157894737,0.0026528313755989075,0.005305662751197815,2,12,7,0.16666666666666666,0.2857142857142857,0.2105263157894737,0.0026528313755989075,0.005305662751197815,4,12,7,0.3333333333333333,0.5714285714285714,0.4210526315789474,0.007653433829545975,0.0306137353181839,7,12,7,0.5833333333333334,1.0,0.7368421052631579,0.029924799289022173,0.2094735950231552,"[0.09063612669706345, 0.19031652808189392, 0.23031184077262878, 0.35279232263565063, 0.4409247934818268, 0.4674747586250305, 0.5962197780609131, 0.6326342225074768, 0.705477774143219, 0.829123318195343, 0.867124617099762]",3,11,7,0.2727272727272727,0.42857142857142855,0.33333333333333326,0.001967246333758036,0.005901739001274109,3,11,7,0.2727272727272727,0.42857142857142855,0.33333333333333326,0.001967246333758036,0.005901739001274109,4,11,7,0.36363636363636365,0.5714285714285714,0.4444444444444444,0.006246764212846756,0.024987056851387024,7,11,7,0.6363636363636364,1.0,0.7777777777777778,0.017373776861599514,0.1216164380311966
919,20919,330,11,6,28,"[0.04435671493411064, 0.17649886012077332, 0.2812806963920593, 0.3521791398525238, 0.3994225859642029, 0.44257664680480957, 0.5342567563056946, 0.6623581647872925, 0.7079410552978516, 0.7742716670036316, 0.9113051891326904]","[0.04435671493411064, 0.3994225859642029, 0.44257664680480957, 0.5342567563056946, 0.7079410552978516, 0.9113051891326904]","[0.020849447697401047, 0.05270005390048027, 0.08883192390203476, 0.12944312393665314, 0.17316196858882904, 0.21481643617153168, 0.2506267726421356, 0.28562524914741516, 0.3191137909889221, 0.35161569714546204, 0.3830183148384094, 0.4139714539051056, 0.4449668228626251, 0.4755770266056061, 0.5056754350662231, 0.535626232624054, 0.5656938552856445, 0.5961366295814514, 0.6272361278533936, 0.6588542461395264, 0.6917109489440918, 0.726087749004364, 0.760381281375885, 0.7925690412521362, 0.8237499594688416, 0.8577179312705994, 0.8965181708335876, 0.9399910569190979]",0.009277991950511932,"[""ours_then_hard"", ""hard_then_ours"", ""hard_then_ours""]",3,-3,-8,0.00024165499780792743,False,"[18.2187, 18.5955, 17.8374]",18.2187,"[0.4006267786026001, 0.7077178955078125, 0.8032090663909912]",8,2,-3,1.9910032278858125e-05,True,"[207.1505, 197.2448, 190.4404]",197.2448,"[0.08883192390203476, 0.28562524914741516, 0.3830183148384094, 0.4139714539051056, 0.6917109489440918, 0.726087749004364, 0.8237499594688416, 0.8577179312705994]",20,"[0.3976762592792511, 0.7002876996994019, 0.7947155833244324]",1,3,6,0.3333333333333333,0.16666666666666666,0.2222222222222222,0.0017463266849517822,0.0017463266849517822,2,3,6,0.6666666666666666,0.3333333333333333,0.4444444444444444,0.004699841141700745,0.00939968228340149,2,3,6,0.6666666666666666,0.3333333333333333,0.4444444444444444,0.004699841141700745,0.00939968228340149,2,3,6,0.6666666666666666,0.3333333333333333,0.4444444444444444,0.004699841141700745,0.00939968228340149,"[0.07465662807226181, 0.2920910716056824, 0.3798593282699585, 0.41306063532829285, 0.681633710861206, 0.7195284962654114, 0.8178673386573792, 0.859223484992981]",0,8,6,0.0,0.0,0.0,,0.0,0,8,6,0.0,0.0,0.0,,0.0,2,8,6,0.25,0.3333333333333333,0.28571428571428575,0.0155753493309021,0.0311506986618042,4,8,6,0.5,0.6666666666666666,0.5714285714285715,0.026421631686389446,0.10568652674555779
652,20652,331,15,8,28,"[0.04401513189077377, 0.09381592273712158, 0.19162365794181824, 0.2956088185310364, 0.33601677417755127, 0.39197951555252075, 0.4466218948364258, 0.5254802107810974, 0.5813744068145752, 0.6446099877357483, 0.7211232781410217, 0.7968136668205261, 0.8362787961959839, 0.8815768957138062, 0.9366049766540527]","[0.09381592273712158, 0.2956088185310364, 0.33601677417755127, 0.39197951555252075, 0.5254802107810974, 0.5813744068145752, 0.7968136668205261, 0.8815768957138062]","[0.01992463320493698, 0.05028960108757019, 0.08522619307041168, 0.1252419501543045, 0.16902852058410645, 0.2117367535829544, 0.24829132854938507, 0.2817351818084717, 0.314953088760376, 0.3469589650630951, 0.37709513306617737, 0.4062137007713318, 0.435014009475708, 0.4644157290458679, 0.4935093820095062, 0.5224722027778625, 0.5517846941947937, 0.5819525718688965, 0.6132416725158691, 0.6455134153366089, 0.6793184280395508, 0.7148051857948303, 0.7502156496047974, 0.7855614423751831, 0.8181387782096863, 0.8519580960273743, 0.892164945602417, 0.9377847909927368]",0.021516483277082443,"[""ours_then_hard"", ""hard_then_ours"", ""ours_then_hard""]",8,0,-7,0.00014221649325918406,False,"[19.3362, 16.5082, 15.8558]",16.5082,"[0.22599095106124878, 0.3740256428718567, 0.4427505135536194, 0.4960739016532898, 0.5682611465454102, 0.7068138122558594, 0.8212113380432129, 0.8722714185714722]",9,1,-6,2.1334924895199947e-05,True,"[189.0693, 186.5109, 186.881]",186.881,"[0.01992463320493698, 0.16902852058410645, 0.2817351818084717, 0.314953088760376, 0.4935093820095062, 0.5224722027778625, 0.7502156496047974, 0.7855614423751831, 0.8181387782096863]",19,"[0.22771474719047546, 0.38916677236557007, 0.46030911803245544, 0.5187211632728577, 0.5920161008834839, 0.7417239546775818, 0.8506624102592468, 0.8987361192703247]",1,8,8,0.125,0.125,0.125,0.0028127431869506836,0.0028127431869506836,2,8,8,0.25,0.25,0.25,0.004785895347595215,0.00957179069519043,4,8,8,0.5,0.5,0.5,0.009343177080154419,0.037372708320617676,4,8,8,0.5,0.5,0.5,0.012781992554664612,0.05112797021865845,"[0.01434287242591381, 0.16293825209140778, 0.294672429561615, 0.3334691822528839, 0.5176812410354614, 0.5445772409439087, 0.783934473991394, 0.8131794929504395, 0.8480629324913025]",2,9,8,0.2222222222222222,0.25,0.23529411764705882,0.0017419904470443726,0.003483980894088745,3,9,8,0.3333333333333333,0.375,0.35294117647058826,0.0037609835465749106,0.011282950639724731,4,9,8,0.4444444444444444,0.5,0.47058823529411764,0.006040535867214203,0.02416214346885681,6,9,8,0.6666666666666666,0.75,0.7058823529411765,0.015745545427004497,0.09447327256202698
620,20620,332,16,10,28,"[0.040686435997486115, 0.11143190413713455, 0.1847648024559021, 0.2501881718635559, 0.3188073933124542, 0.3745022118091583, 0.4413753151893616, 0.48065823316574097, 0.5460176467895508, 0.5860123634338379, 0.6413848400115967, 0.7053411602973938, 0.7493607401847839, 0.8184409141540527, 0.8810869455337524, 0.9361947774887085]","[0.040686435997486115, 0.1847648024559021, 0.2501881718635559, 0.3745022118091583, 0.48065823316574097, 0.5860123634338379, 0.6413848400115967, 0.7053411602973938, 0.7493607401847839, 0.8184409141540527]","[0.020791467279195786, 0.05301671102643013, 0.08864832669496536, 0.12909893691539764, 0.17346347868442535, 0.2144702523946762, 0.24935847520828247, 0.2830353379249573, 0.3165687918663025, 0.3490270674228668, 0.38066837191581726, 0.41155117750167847, 0.4434075951576233, 0.4743882119655609, 0.5047736167907715, 0.5346620678901672, 0.564401388168335, 0.5948535799980164, 0.6262125968933105, 0.6575393676757812, 0.6900102496147156, 0.724075436592102, 0.7583446502685547, 0.7908725142478943, 0.8222237825393677, 0.8562324047088623, 0.8954322338104248, 0.939453125]",0.010506648570299149,"[""hard_then_ours"", ""ours_then_hard"", ""ours_then_hard""]",10,0,-6,5.842743848916143e-05,False,"[16.4441, 18.3344, 17.5377]",17.5377,"[0.20440196990966797, 0.2899734377861023, 0.31822195649147034, 0.35146352648735046, 0.41679051518440247, 0.5032086372375488, 0.5956968665122986, 0.6810361742973328, 0.7578590512275696, 0.8442232608795166]",12,2,-4,2.295623744430486e-05,True,"[153.8522, 150.0072, 173.9066]",153.8522,"[0.05301671102643013, 0.12909893691539764, 0.17346347868442535, 0.2830353379249573, 0.3490270674228668, 0.38066837191581726, 0.4743882119655609, 0.5346620678901672, 0.5948535799980164, 0.6262125968933105, 0.7583446502685547, 0.7908725142478943]",16,"[0.19821415841579437, 0.2799365818500519, 0.31010469794273376, 0.3403935432434082, 0.42033833265304565, 0.5062364935874939, 0.6011065244674683, 0.6892613768577576, 0.7697024941444397, 0.8616661429405212]",0,10,10,0.0,0.0,0.0,,0.0,0,10,10,0.0,0.0,0.0,,0.0,3,10,10,0.3,0.3,0.3,0.014874433477719625,0.044623300433158875,8,10,10,0.8,0.8,0.8000000000000002,0.028677796944975853,0.22942237555980682,"[0.03933517262339592, 0.11359409987926483, 0.1698879897594452, 0.2730371952056885, 0.3377533555030823, 0.379635214805603, 0.47793349623680115, 0.5370668768882751, 0.6002087593078613, 0.634194016456604, 0.7699825763702393, 0.8046800494194031]",2,12,10,0.16666666666666666,0.2,0.1818181818181818,0.002038000151515007,0.004076000303030014,4,12,10,0.3333333333333333,0.4,0.3636363636363636,0.004099956713616848,0.016399826854467392,7,12,10,0.5833333333333334,0.7,0.6363636363636365,0.008461985737085342,0.0592339001595974,9,12,10,0.75,0.9,0.8181818181818182,0.022561662313010957,0.20305496081709862
580,20580,333,10,7,28,"[0.08636721968650818, 0.14751040935516357, 0.20107653737068176, 0.27922359108924866, 0.3475514054298401, 0.5003703832626343, 0.6080850958824158, 0.7313293218612671, 0.8269049525260925, 0.9506580829620361]","[0.08636721968650818, 0.20107653737068176, 0.27922359108924866, 0.3475514054298401, 0.6080850958824158, 0.7313293218612671, 0.9506580829620361]","[0.01983839087188244, 0.04951101168990135, 0.08255187422037125, 0.12096620351076126, 0.1630799025297165, 0.20469142496585846, 0.23902671039104462, 0.27203884720802307, 0.30387139320373535, 0.3377053737640381, 0.36943310499191284, 0.4014463424682617, 0.43301597237586975, 0.4643924832344055, 0.49587464332580566, 0.5277393460273743, 0.5590519905090332, 0.5902726650238037, 0.621770441532135, 0.6545181274414062, 0.6890789270401001, 0.7252846956253052, 0.7608908414840698, 0.7935560941696167, 0.8248462080955505, 0.8587681651115417, 0.8972262740135193, 0.940288782119751]",0.03438527509570122,"[""hard_then_ours"", ""ours_then_hard"", ""hard_then_ours""]",6,-1,-4,8.600804721936584e-05,False,"[14.9415, 17.8933, 15.5571]",15.5571,"[0.19951102137565613, 0.30280429124832153, 0.4784998893737793, 0.6108908653259277, 0.7126486301422119, 0.7979300618171692]",9,2,-1,1.7252534235012718e-05,True,"[180.4615, 172.358, 174.6663]",174.6663,"[0.08255187422037125, 0.23902671039104462, 0.27203884720802307, 0.30387139320373535, 0.3377053737640381, 0.621770441532135, 0.6890789270401001, 0.8248462080955505, 0.8972262740135193]",19,"[0.1612447053194046, 0.24378937482833862, 0.42890238761901855, 0.5948147177696228, 0.7201491594314575, 0.8105286955833435]",0,6,7,0.0,0.0,0.0,,0.0,0,6,7,0.0,0.0,0.0,,0.0,2,6,7,0.3333333333333333,0.2857142857142857,0.30769230769230765,0.01222527027130127,0.02445054054260254,4,6,7,0.6666666666666666,0.5714285714285714,0.6153846153846153,0.024929147213697433,0.09971658885478973,"[0.061919134110212326, 0.19195634126663208, 0.22476889193058014, 0.24438749253749847, 0.2709253132343292, 0.609592854976654, 0.6940488219261169, 0.8379837870597839, 0.9099884033203125]",1,9,7,0.1111111111111111,0.14285714285714285,0.125,0.0015077590942382812,0.0015077590942382812,3,9,7,0.3333333333333333,0.42857142857142855,0.375,0.006308744351069133,0.018926233053207397,3,9,7,0.3333333333333333,0.42857142857142855,0.375,0.006308744351069133,0.018926233053207397,6,9,7,0.6666666666666666,0.8571428571428571,0.75,0.024643719817201298,0.14786231890320778
102,20102,334,19,10,28,"[0.03149338811635971, 0.09848842024803162, 0.1350518763065338, 0.17955006659030914, 0.22230158746242523, 0.2671799957752228, 0.300449013710022, 0.35599803924560547, 0.42203232645988464, 0.48689815402030945, 0.5331464409828186, 0.5942538380622864, 0.6620503664016724, 0.699608564376831, 0.7336811423301697, 0.7818277478218079, 0.8481284379959106, 0.8882973790168762, 0.9337950348854065]","[0.03149338811635971, 0.17955006659030914, 0.22230158746242523, 0.35599803924560547, 0.48689815402030945, 0.5331464409828186, 0.699608564376831, 0.7336811423301697, 0.8481284379959106, 0.8882973790168762]","[0.021804500371217728, 0.053991708904504776, 0.09140025824308395, 0.13697630167007446, 0.18382835388183594, 0.2279149442911148, 0.25978997349739075, 0.29207995533943176, 0.32382625341415405, 0.35334113240242004, 0.38383984565734863, 0.41324523091316223, 0.4431644678115845, 0.47188588976860046, 0.49904558062553406, 0.5273735523223877, 0.5561096668243408, 0.5853805541992188, 0.615047812461853, 0.6463400721549988, 0.680539071559906, 0.7170712351799011, 0.7538222074508667, 0.7875739932060242, 0.8188205361366272, 0.8527728319168091, 0.8926776051521301, 0.9379329085350037]",0.023577671498060226,"[""ours_then_hard"", ""hard_then_ours"", ""ours_then_hard""]",14,4,-5,8.653313125250861e-05,False,"[16.6871, 17.4398, 12.8816]",16.6871,"[0.1287955343723297, 0.20128142833709717, 0.23055101931095123, 0.29328984022140503, 0.3504185080528259, 0.4061746299266815, 0.4723510444164276, 0.5047800540924072, 0.5822098255157471, 0.6611384749412537, 0.7216896414756775, 0.7628887295722961, 0.7749666571617126, 0.8437578082084656]",14,4,-5,2.436475915601477e-05,True,"[141.0075, 150.7432, 153.8587]",150.7432,"[0.053991708904504776, 0.13697630167007446, 0.18382835388183594, 0.25978997349739075, 0.41324523091316223, 0.4431644678115845, 0.49904558062553406, 0.5561096668243408, 0.6463400721549988, 0.7170712351799011, 0.7538222074508667, 0.8188205361366272, 0.8527728319168091, 0.8926776051521301]",14,"[0.12987108528614044, 0.17802566289901733, 0.20508956909179688, 0.25934720039367676, 0.3129807412624359, 0.3617880344390869, 0.42271706461906433, 0.46222150325775146, 0.55891352891922, 0.6562890410423279, 0.7251445055007935, 0.7676386833190918, 0.7797402143478394, 0.8459777235984802]",2,14,10,0.14285714285714285,0.2,0.16666666666666666,0.0018375590443611145,0.003675118088722229,4,14,10,0.2857142857142857,0.4,0.3333333333333333,0.004500437527894974,0.018001750111579895,5,14,10,0.35714285714285715,0.5,0.41666666666666663,0.0070427536964416506,0.03521376848220825,8,14,10,0.5714285714285714,0.8,0.6666666666666666,0.030177852138876915,0.24142281711101532,"[0.0549425408244133, 0.13669659197330475, 0.16661594808101654, 0.23431162536144257, 0.3668844401836395, 0.39620891213417053, 0.45395198464393616, 0.5289686918258667, 0.6363725662231445, 0.7202208042144775, 0.759062647819519, 0.8163198828697205, 0.8546411991119385, 0.8939392566680908]",1,14,10,0.07142857142857142,0.1,0.08333333333333333,0.004177749156951904,0.004177749156951904,3,14,10,0.21428571428571427,0.3,0.25,0.005444129308064778,0.016332387924194336,7,14,10,0.5,0.7,0.5833333333333334,0.009374754769461495,0.06562328338623047,10,14,10,0.7142857142857143,1.0,0.8333333333333333,0.023778146505355834,0.23778146505355835
395,20395,335,7,5,28,"[0.1308635026216507, 0.1943676769733429, 0.3231363892555237, 0.42629459500312805, 0.5755532383918762, 0.7047232389450073, 0.852443277835846]","[0.1308635026216507, 0.1943676769733429, 0.3231363892555237, 0.42629459500312805, 0.7047232389450073]","[0.01964196190237999, 0.04959147796034813, 0.08404658734798431, 0.12391519546508789, 0.16720063984394073, 0.2104721963405609, 0.2489350587129593, 0.28210073709487915, 0.31374603509902954, 0.3457476794719696, 0.37777984142303467, 0.408914715051651, 0.4393993616104126, 0.46915918588638306, 0.49881476163864136, 0.5284625291824341, 0.5581551790237427, 0.5880227088928223, 0.6181409955024719, 0.6487055420875549, 0.6806392669677734, 0.7143524289131165, 0.7487971782684326, 0.782465934753418, 0.8155226111412048, 0.850712776184082, 0.8913432955741882, 0.9370557069778442]",0.02676958404481411,"[""ours_then_hard"", ""hard_then_ours"", ""ours_then_hard""]",9,4,2,1.2068971955159213e-05,True,"[14.3903, 20.8126, 20.7946]",20.7946,"[0.14586174488067627, 0.22944632172584534, 0.24825294315814972, 0.3063477575778961, 0.36804279685020447, 0.47189581394195557, 0.6180859208106995, 0.7056261301040649, 0.755957305431366]",6,1,-1,1.4978105355112348e-05,True,"[203.5898, 212.2709, 235.6899]",212.2709,"[0.16720063984394073, 0.28210073709487915, 0.31374603509902954, 0.46915918588638306, 0.6806392669677734, 0.850712776184082]",22,"[0.11518633365631104, 0.19099275767803192, 0.20761023461818695, 0.26431071758270264, 0.3335578143596649, 0.43481719493865967, 0.5997713804244995, 0.7065272331237793, 0.7653329372406006]",2,9,5,0.2222222222222222,0.4,0.2857142857142857,0.0025894567370414734,0.005178913474082947,3,9,5,0.3333333333333333,0.6,0.42857142857142855,0.004567171136538188,0.013701513409614563,5,9,5,0.5555555555555556,1.0,0.7142857142857143,0.007960021495819092,0.03980010747909546,5,9,5,0.5555555555555556,1.0,0.7142857142857143,0.007960021495819092,0.03980010747909546,"[0.13231681287288666, 0.23503915965557098, 0.27313366532325745, 0.4324324429035187, 0.6770643591880798, 0.8686990737915039]",1,6,5,0.16666666666666666,0.2,0.1818181818181818,0.001453310251235962,0.001453310251235962,2,6,5,0.3333333333333333,0.4,0.3636363636363636,0.0037955790758132935,0.007591158151626587,2,6,5,0.3333333333333333,0.4,0.3636363636363636,0.0037955790758132935,0.007591158151626587,4,6,5,0.6666666666666666,0.8,0.7272727272727272,0.01898038014769554,0.07592152059078217
402,20402,336,10,7,28,"[0.09534502029418945, 0.18076106905937195, 0.22896422445774078, 0.4050416350364685, 0.46118664741516113, 0.5168790817260742, 0.5763753652572632, 0.6238431930541992, 0.7507426142692566, 0.9063981175422668]","[0.09534502029418945, 0.22896422445774078, 0.46118664741516113, 0.5168790817260742, 0.5763753652572632, 0.6238431930541992, 0.9063981175422668]","[0.01786404848098755, 0.04465416073799133, 0.07478439062833786, 0.1098245307803154, 0.14832726120948792, 0.18794305622577667, 0.22403423488140106, 0.25928598642349243, 0.2906552851200104, 0.3223838210105896, 0.35270848870277405, 0.3834039866924286, 0.41450831294059753, 0.4450806975364685, 0.47509732842445374, 0.5047175288200378, 0.5341975092887878, 0.5648549199104309, 0.5975921750068665, 0.630146324634552, 0.6638152003288269, 0.699616014957428, 0.7372450232505798, 0.7740461230278015, 0.8084418773651123, 0.8440781235694885, 0.8865494728088379, 0.9346255660057068]",0.015650955960154533,"[""ours_then_hard"", ""ours_then_hard"", ""ours_then_hard""]",9,2,-1,4.128677028347738e-05,False,"[19.2887, 18.9603, 18.3677]",18.9603,"[0.1821410059928894, 0.2380358725786209, 0.36634236574172974, 0.48030486702919006, 0.5289962291717529, 0.6261433362960815, 0.6820062398910522, 0.7465925216674805, 0.8080418705940247]",9,2,-1,2.3569431505165994e-05,True,"[168.6715, 191.2583, 179.719]",179.719,"[0.14832726120948792, 0.18794305622577667, 0.25928598642349243, 0.5341975092887878, 0.5648549199104309, 0.6638152003288269, 0.699616014957428, 0.7372450232505798, 0.8865494728088379]",19,"[0.1585049033164978, 0.21787011623382568, 0.3610542118549347, 0.477493554353714, 0.5190789103507996, 0.6056352853775024, 0.6607505679130554, 0.7211277484893799, 0.7926192879676819]",1,9,7,0.1111111111111111,0.14285714285714285,0.125,0.002199828624725342,0.002199828624725342,1,9,7,0.1111111111111111,0.14285714285714285,0.125,0.002199828624725342,0.002199828624725342,4,9,7,0.4444444444444444,0.5714285714285714,0.5,0.011952187865972519,0.047808751463890076,5,9,7,0.5555555555555556,0.7142857142857143,0.6250000000000001,0.01915362775325775,0.09576813876628876,"[0.12619759142398834, 0.16353216767311096, 0.24017734825611115, 0.5233781337738037, 0.5532627105712891, 0.6393815875053406, 0.6794037222862244, 0.7127155661582947, 0.8884214758872986]",0,9,7,0.0,0.0,0.0,,0.0,1,9,7,0.1111111111111111,0.14285714285714285,0.125,0.006499052047729492,0.006499052047729492,4,9,7,0.4444444444444444,0.5714285714285714,0.5,0.012806802988052368,0.05122721195220947,6,9,7,0.6666666666666666,0.8571428571428571,0.75,0.017532072961330414,0.10519243776798248
602,20602,337,17,9,28,"[0.04263877123594284, 0.11349347233772278, 0.18333123624324799, 0.24801598489284515, 0.30724483728408813, 0.3611585199832916, 0.3954879641532898, 0.454628050327301, 0.5034538507461548, 0.5806439518928528, 0.6243061423301697, 0.6595638394355774, 0.6959185004234314, 0.7680784463882446, 0.8343009352684021, 0.8928394317626953, 0.966314435005188]","[0.04263877123594284, 0.24801598489284515, 0.3611585199832916, 0.3954879641532898, 0.5034538507461548, 0.5806439518928528, 0.6595638394355774, 0.7680784463882446, 0.966314435005188]","[0.01882818341255188, 0.0487646646797657, 0.08113641291856766, 0.11843739449977875, 0.15947546064853668, 0.1997634917497635, 0.2348596602678299, 0.26829996705055237, 0.30028432607650757, 0.3311643898487091, 0.3624509572982788, 0.3930378556251526, 0.4234497547149658, 0.4534652531147003, 0.4832775890827179, 0.5126993060112, 0.5421145558357239, 0.572717547416687, 0.6043919920921326, 0.6366041898727417, 0.6703019142150879, 0.706217885017395, 0.7438797950744629, 0.7799329161643982, 0.8130921721458435, 0.8478750586509705, 0.8896748423576355, 0.9365867972373962]",0.012719600461423397,"[""ours_then_hard"", ""ours_then_hard"", ""ours_then_hard""]",9,0,-8,5.7812005252344534e-05,False,"[21.9659, 23.1136, 19.8819]",21.9659,"[0.18655681610107422, 0.23999468982219696, 0.301342636346817, 0.40128469467163086, 0.4686683714389801, 0.5336893796920776, 0.7237942218780518, 0.7549863457679749, 0.8398905992507935]",9,0,-8,2.211791434092447e-05,True,"[233.4215, 230.0466, 217.806]",230.0466,"[0.26829996705055237, 0.3311643898487091, 0.4234497547149658, 0.4534652531147003, 0.5126993060112, 0.5421145558357239, 0.706217885017395, 0.8130921721458435, 0.9365867972373962]",19,"[0.1839122772216797, 0.23041106760501862, 0.283385306596756, 0.38734713196754456, 0.44621387124061584, 0.5180515050888062, 0.708466649055481, 0.738308310508728, 0.8338309526443481]",0,9,9,0.0,0.0,0.0,,0.0,1,9,9,0.1111111111111111,0.1111111111111111,0.1111111111111111,0.00814083218574524,0.00814083218574524,3,9,9,0.3333333333333333,0.3333333333333333,0.3333333333333333,0.013447801272074381,0.040343403816223145,5,9,9,0.5555555555555556,0.5555555555555556,0.5555555555555556,0.0274128258228302,0.137064129114151,"[0.251200795173645, 0.3184727430343628, 0.40830039978027344, 0.4306145906448364, 0.49649807810783386, 0.5285458564758301, 0.6918963193893433, 0.8000141978263855, 0.9402475953102112]",1,9,9,0.1111111111111111,0.1111111111111111,0.1111111111111111,0.0031848102807998657,0.0031848102807998657,2,9,9,0.2222222222222222,0.2222222222222222,0.2222222222222222,0.005070291459560394,0.010140582919120789,3,9,9,0.3333333333333333,0.3333333333333333,0.3333333333333333,0.00765100618203481,0.02295301854610443,7,9,9,0.7777777777777778,0.7777777777777778,0.7777777777777778,0.02228198094027383,0.1559738665819168
414,20414,338,14,9,28,"[0.09061313420534134, 0.14988738298416138, 0.20088273286819458, 0.29800087213516235, 0.3786235749721527, 0.4356902837753296, 0.522325336933136, 0.5753495693206787, 0.6467484831809998, 0.7123879194259644, 0.7684145569801331, 0.8549654483795166, 0.9173804521560669, 0.9623863697052002]","[0.14988738298416138, 0.20088273286819458, 0.3786235749721527, 0.4356902837753296, 0.522325336933136, 0.5753495693206787, 0.6467484831809998, 0.7123879194259644, 0.9623863697052002]","[0.01897762343287468, 0.047464191913604736, 0.080082468688488, 0.11720199882984161, 0.15887007117271423, 0.19985470175743103, 0.2349565476179123, 0.2661067247390747, 0.29782116413116455, 0.3312649428844452, 0.36309605836868286, 0.39407017827033997, 0.4249933958053589, 0.4573463499546051, 0.4895477890968323, 0.5210778713226318, 0.5522110462188721, 0.5845091342926025, 0.617051899433136, 0.649224579334259, 0.6829974055290222, 0.7193970084190369, 0.7556269764900208, 0.7887027263641357, 0.8191549181938171, 0.8519881963729858, 0.8913400769233704, 0.9366793632507324]",0.013489806093275547,"[""ours_then_hard"", ""ours_then_hard"", ""ours_then_hard""]",14,5,0,5.13052218593657e-05,False,"[16.1884, 19.0945, 19.639]",19.0945,"[0.16212430596351624, 0.23976098001003265, 0.29969102144241333, 0.35440146923065186, 0.3774808943271637, 0.4771409332752228, 0.5348296761512756, 0.5695031881332397, 0.582602858543396, 0.6264044046401978, 0.7225362062454224, 0.7867522239685059, 0.8090013861656189, 0.8788953423500061]",14,5,0,2.293020224897191e-05,True,"[152.3568, 139.4497, 167.0425]",152.3568,"[0.047464191913604736, 0.11720199882984161, 0.2661067247390747, 0.29782116413116455, 0.36309605836868286, 0.4249933958053589, 0.5210778713226318, 0.5845091342926025, 0.617051899433136, 0.649224579334259, 0.7556269764900208, 0.7887027263641357, 0.8519881963729858, 0.9366793632507324]",14,"[0.15194077789783478, 0.23087957501411438, 0.2888905704021454, 0.3545922040939331, 0.37772321701049805, 0.486608624458313, 0.5486384630203247, 0.5836972594261169, 0.5961903929710388, 0.6439352035522461, 0.7368981242179871, 0.813983142375946, 0.8343887329101562, 0.895516037940979]",3,14,9,0.21428571428571427,0.3333333333333333,0.2608695652173913,0.001922344168027242,0.005767032504081726,4,14,9,0.2857142857142857,0.4444444444444444,0.34782608695652173,0.0035286806523799896,0.014114722609519958,4,14,9,0.2857142857142857,0.4444444444444444,0.34782608695652173,0.0035286806523799896,0.014114722609519958,7,14,9,0.5,0.7777777777777778,0.6086956521739131,0.020833273019109453,0.14583291113376617,"[0.03467034175992012, 0.10879448056221008, 0.2565278708934784, 0.28702500462532043, 0.36595454812049866, 0.43018120527267456, 0.5374669432640076, 0.5982328653335571, 0.6368280053138733, 0.6639179587364197, 0.771813154220581, 0.8156105279922485, 0.8721208572387695, 0.9517319798469543]",0,14,9,0.0,0.0,0.0,,0.0,2,14,9,0.14285714285714285,0.2222222222222222,0.17391304347826086,0.007714778184890747,0.015429556369781494,5,14,9,0.35714285714285715,0.5555555555555556,0.43478260869565216,0.010778915882110596,0.05389457941055298,8,14,9,0.5714285714285714,0.8888888888888888,0.6956521739130435,0.02079259231686592,0.16634073853492737
227,20227,339,7,4,28,"[0.1420758068561554, 0.20575594902038574, 0.3502262234687805, 0.5134570002555847, 0.6764379143714905, 0.794246256351471, 0.9364924430847168]","[0.20575594902038574, 0.3502262234687805, 0.6764379143714905, 0.9364924430847168]","[0.019327323883771896, 0.048580944538116455, 0.08246778696775436, 0.12174161523580551, 0.16504749655723572, 0.20718194544315338, 0.24374303221702576, 0.275394082069397, 0.3062952160835266, 0.33761754631996155, 0.3689280152320862, 0.400015264749527, 0.43066173791885376, 0.4602881371974945, 0.4898081421852112, 0.5199722647666931, 0.5507668852806091, 0.5818383693695068, 0.6131680607795715, 0.644873321056366, 0.6777555346488953, 0.7126306891441345, 0.7487725019454956, 0.7832270860671997, 0.8151080012321472, 0.8488135933876038, 0.8896017074584961, 0.9361734390258789]",0.018948353826999664,"[""hard_then_ours"", ""ours_then_hard"", ""ours_then_hard""]",13,9,6,2.5319493943243288e-05,False,"[18.7055, 18.0356, 20.9052]",18.7055,"[0.17121371626853943, 0.21566762030124664, 0.2716670036315918, 0.36231347918510437, 0.42159220576286316, 0.5786229372024536, 0.6266782283782959, 0.6773187518119812, 0.7187148928642273, 0.7747704982757568, 0.7999544739723206, 0.8179607391357422, 0.8599537014961243]",9,5,2,2.1067486159154214e-05,True,"[213.6266, 211.6023, 228.2731]",213.6266,"[0.16504749655723572, 0.20718194544315338, 0.24374303221702576, 0.400015264749527, 0.5199722647666931, 0.6131680607795715, 0.7832270860671997, 0.8488135933876038, 0.8896017074584961]",19,"[0.1373039335012436, 0.1718306988477707, 0.2428886741399765, 0.34057363867759705, 0.4000564217567444, 0.5718739032745361, 0.6182634830474854, 0.6684658527374268, 0.7090263962745667, 0.7728784680366516, 0.805755078792572, 0.8302141427993774, 0.8768826723098755]",0,13,4,0.0,0.0,0.0,,0.0,2,13,4,0.15384615384615385,0.5,0.23529411764705882,0.008812323212623596,0.017624646425247192,2,13,4,0.15384615384615385,0.5,0.23529411764705882,0.008812323212623596,0.017624646425247192,3,13,4,0.23076923076923078,0.75,0.3529411764705882,0.017183298865954082,0.051549896597862244,"[0.13182373344898224, 0.16339011490345, 0.2090834677219391, 0.37580573558807373, 0.5173601508140564, 0.6051053404808044, 0.7829914689064026, 0.8655857443809509, 0.9043274521827698]",1,9,4,0.1111111111111111,0.25,0.15384615384615383,0.0033275187015533447,0.0033275187015533447,1,9,4,0.1111111111111111,0.25,0.15384615384615383,0.0033275187015533447,0.0033275187015533447,1,9,4,0.1111111111111111,0.25,0.15384615384615383,0.0033275187015533447,0.0033275187015533447,3,9,4,0.3333333333333333,0.75,0.46153846153846156,0.03337011237939199,0.10011033713817596
576,20576,340,8,5,28,"[0.14181295037269592, 0.1940583884716034, 0.2724801003932953, 0.36162078380584717, 0.48263177275657654, 0.6247183084487915, 0.7575348019599915, 0.88633131980896]","[0.1940583884716034, 0.2724801003932953, 0.36162078380584717, 0.6247183084487915, 0.7575348019599915]","[0.019874289631843567, 0.04991292953491211, 0.08389683067798615, 0.121436208486557, 0.16310934722423553, 0.20389795303344727, 0.23881752789020538, 0.2700236439704895, 0.30245307087898254, 0.33388441801071167, 0.3649680018424988, 0.39585790038108826, 0.4272605776786804, 0.4585298001766205, 0.4894769787788391, 0.5208150148391724, 0.5527134537696838, 0.5847211480140686, 0.6166713833808899, 0.6490439772605896, 0.6829752922058105, 0.7190319299697876, 0.7557433843612671, 0.790107786655426, 0.8226402401924133, 0.8577762246131897, 0.8973908424377441, 0.9408524036407471]",0.0198635496199131,"[""ours_then_hard"", ""hard_then_ours"", ""hard_then_ours""]",5,0,-3,9.638637857278809e-05,False,"[21.3867, 17.7451, 15.6609]",17.7451,"[0.20513318479061127, 0.27711939811706543, 0.3576682209968567, 0.48388442397117615, 0.6864275932312012]",6,1,-2,2.430204585834872e-05,True,"[218.5598, 202.2324, 243.4536]",218.5598,"[0.20389795303344727, 0.23881752789020538, 0.30245307087898254, 0.4272605776786804, 0.5847211480140686, 0.7557433843612671]",22,"[0.18113896250724792, 0.24415329098701477, 0.32018721103668213, 0.4528100788593292, 0.6894885897636414]",0,5,5,0.0,0.0,0.0,,0.0,0,5,5,0.0,0.0,0.0,,0.0,1,5,5,0.2,0.2,0.20000000000000004,0.012919425964355469,0.012919425964355469,3,5,5,0.6,0.6,0.6,0.027559936046600342,0.08267980813980103,"[0.17968931794166565, 0.21325676143169403, 0.27037161588668823, 0.3971290588378906, 0.5787967443466187, 0.7541531920433044]",2,6,5,0.3333333333333333,0.4,0.3636363636363636,0.0027450472116470337,0.005490094423294067,2,6,5,0.3333333333333333,0.4,0.3636363636363636,0.0027450472116470337,0.005490094423294067,3,6,5,0.5,0.6,0.5454545454545454,0.0066197216510772705,0.01985916495323181,5,6,5,0.8333333333333334,1.0,0.9090909090909091,0.020257800817489624,0.10128900408744812
