sample_index,source_internal_knot_count,canonical_internal_knot_count,mse_tolerance,method,mse,final_internal_knot_count,canonical_count_error,source_count_error,threshold_satisfied,elapsed_ms,timing_scope,parameterization,internal_knots
3836,4,4,1e-05,ours,3.8365898696114674e-05,32,28,28,False,35.1213,synchronized batch-1 network forward only; input preloaded on device; final refit and verified repair excluded,network_predicted,"[0.0011561160208657384, 0.0028370858635753393, 0.005177720915526152, 0.008186081424355507, 0.011797894723713398, 0.015600798651576042, 0.019054556265473366, 0.022214582189917564, 0.025094997137784958, 0.027733510360121727, 0.030964696779847145, 0.0349731408059597, 0.03865531086921692, 0.0414501428604126, 0.04409997537732124, 0.048330072313547134, 0.05162503570318222, 0.05270960181951523, 0.05534782260656357, 0.06204165890812874, 0.06832661479711533, 0.07294294238090515, 0.07849021255970001, 0.09007696062326431, 0.1684817522764206, 0.21123158931732178, 0.2598208487033844, 0.4011963903903961, 0.5514928698539734, 0.6275728940963745, 0.7870928645133972, 0.7979440093040466]"
3836,4,4,1e-05,kang_sparse_2015_adaptation,9.16084066074825e-06,11,7,7,True,2869.2815999966115,complete sparse ADMM selection + relocation + endpoint-constrained verification/fallback + final refit,chord_length,"[0.14615091463414637, 0.21970274390243905, 0.3170731707317073, 0.3233612804878049, 0.43883384146341464, 0.43902439024390244, 0.5365853658536586, 0.588891006097561, 0.7011242378048781, 0.807736280487805, 0.8782393292682926]"
3836,4,4,1e-05,uniform_gradient_pruning,7.323306676833225e-06,11,7,7,True,11580.779500014614,complete uniform-Kmax initialization + all deletion scoring + gradient relocation + exact refit validation,chord_length,"[0.17202193976152116, 0.22297017534730768, 0.33390403640710203, 0.4239107008799906, 0.45600059228807627, 0.56362169122654, 0.5865127123375338, 0.6772259778785532, 0.7165757164172064, 0.8109320647093787, 0.8534612896630952]"
3738,4,4,1e-05,ours,5.399123158122274e-05,32,28,28,False,34.23135,synchronized batch-1 network forward only; input preloaded on device; final refit and verified repair excluded,network_predicted,"[0.0010851110564544797, 0.002529202261939645, 0.003561672056093812, 0.005494058597832918, 0.007774125784635544, 0.009590759873390198, 0.011321846395730972, 0.013054969720542431, 0.01461881771683693, 0.016031691804528236, 0.017431965097784996, 0.018690641969442368, 0.019807331264019012, 0.02090875245630741, 0.022045111283659935, 0.02321852743625641, 0.024402692914009094, 0.025805624201893806, 0.027545608580112457, 0.029772905632853508, 0.03250768408179283, 0.03547411784529686, 0.03994404524564743, 0.050266195088624954, 0.12986205518245697, 0.21627125144004822, 0.22877202928066254, 0.3842179477214813, 0.5002223253250122, 0.6112010478973389, 0.7892787456512451, 0.8002963066101074]"
3738,4,4,1e-05,kang_sparse_2015_adaptation,7.387829749217185e-06,11,7,7,True,3817.40920006996,complete sparse ADMM selection + relocation + endpoint-constrained verification/fallback + final refit,chord_length,"[0.12023628048780488, 0.19112042682926828, 0.29230182926829273, 0.41463414634146345, 0.4163490853658537, 0.5564977134146343, 0.5609756097560976, 0.6585365853658536, 0.6909298780487804, 0.779344512195122, 0.8538490853658536]"
3738,4,4,1e-05,uniform_gradient_pruning,7.612250758547838e-06,11,7,7,True,12437.459499982651,complete uniform-Kmax initialization + all deletion scoring + gradient relocation + exact refit validation,chord_length,"[0.13941322998809372, 0.1967456156719083, 0.28759639753084687, 0.4125245669070793, 0.4323953792316859, 0.5400992035358261, 0.5638685009750172, 0.6655409164185964, 0.6937933154006739, 0.778477784462041, 0.8269675730900102]"
82,4,4,1e-05,ours,5.766114693269405e-05,32,28,28,False,28.8921,synchronized batch-1 network forward only; input preloaded on device; final refit and verified repair excluded,network_predicted,"[0.0007100757211446762, 0.0017745193326845765, 0.0023498160298913717, 0.0037740974221378565, 0.005577598698437214, 0.007453483529388905, 0.009351944550871849, 0.011250934563577175, 0.013202174566686153, 0.015224174596369267, 0.01712126098573208, 0.018771402537822723, 0.020319178700447083, 0.022090865299105644, 0.024148086085915565, 0.0262870155274868, 0.02831489033997059, 0.03024144656956196, 0.032252855598926544, 0.03480839356780052, 0.037863101810216904, 0.040929220616817474, 0.04404236376285553, 0.05010472238063812, 0.0814872607588768, 0.21243546903133392, 0.2310488075017929, 0.39182665944099426, 0.4316433072090149, 0.6211606860160828, 0.801714301109314, 0.8174538016319275]"
82,4,4,1e-05,kang_sparse_2015_adaptation,8.978561215891731e-06,13,9,9,True,2888.464500021655,complete sparse ADMM selection + relocation + endpoint-constrained verification/fallback + final refit,chord_length,"[0.12176067073170732, 0.170922256097561, 0.2687690548780488, 0.29268292682926833, 0.3170731707317073, 0.3902439024390244, 0.3936737804878049, 0.43902439024390244, 0.5210556402439024, 0.5609756097560976, 0.671827362804878, 0.8048780487804879, 0.8538490853658536]"
82,4,4,1e-05,uniform_gradient_pruning,8.874980753468555e-06,10,6,6,True,12041.16319998866,complete uniform-Kmax initialization + all deletion scoring + gradient relocation + exact refit validation,chord_length,"[0.18552152663052762, 0.2970722936086934, 0.4140234320099746, 0.43055296579373925, 0.5376934488750734, 0.5575126971815657, 0.6400212577444973, 0.7298537083947035, 0.7859466267328652, 0.8059293280946477]"
7494,5,5,1e-05,ours,0.00018706476894633575,32,27,27,False,29.2439,synchronized batch-1 network forward only; input preloaded on device; final refit and verified repair excluded,network_predicted,"[0.0010198744712397456, 0.002564461436122656, 0.00453262310475111, 0.006670907139778137, 0.008937792852520943, 0.011023277416825294, 0.012960226275026798, 0.01497563160955906, 0.017171675339341164, 0.019697394222021103, 0.022518157958984375, 0.025488654151558876, 0.02809523418545723, 0.030001139268279076, 0.031914081424474716, 0.03438572213053703, 0.03796388953924179, 0.03928495571017265, 0.0420137457549572, 0.04651666060090065, 0.05062566325068474, 0.054193560034036636, 0.05861377343535423, 0.06758949905633926, 0.10881751775741577, 0.145056813955307, 0.2362663447856903, 0.34310048818588257, 0.517902135848999, 0.5483934283256531, 0.6897051930427551, 0.8047585487365723]"
7494,5,5,1e-05,kang_sparse_2015_adaptation,9.939271289556514e-06,12,7,7,True,2883.8471000199206,complete sparse ADMM selection + relocation + endpoint-constrained verification/fallback + final refit,chord_length,"[0.14634146341463417, 0.21951219512195122, 0.24390243902439024, 0.36585365853658536, 0.41396722560975613, 0.4634146341463415, 0.4878048780487805, 0.5362995426829269, 0.6097560975609756, 0.6342416158536583, 0.7214176829268292, 0.8328887195121952]"
7494,5,5,1e-05,uniform_gradient_pruning,8.321778246010464e-06,11,6,6,True,11010.438300028909,complete uniform-Kmax initialization + all deletion scoring + gradient relocation + exact refit validation,chord_length,"[0.16519014048650826, 0.2587662516128472, 0.36469034566906633, 0.39614064456735254, 0.4618615475835317, 0.49515380668889053, 0.5262613263629099, 0.6021457896885626, 0.6340270246273054, 0.7278675290082635, 0.8149802999986826]"
7016,5,5,1e-05,ours,0.0002154007356126558,32,27,27,False,42.288650000000004,synchronized batch-1 network forward only; input preloaded on device; final refit and verified repair excluded,network_predicted,"[0.0013887021923437715, 0.0038287846837192774, 0.007954240776598454, 0.012578777968883514, 0.016625888645648956, 0.02005735971033573, 0.023174690082669258, 0.02662331610918045, 0.030276799574494362, 0.033458638936281204, 0.03614499047398567, 0.03863578289747238, 0.0413205623626709, 0.04471958801150322, 0.04863885045051575, 0.05274435505270958, 0.05683596804738045, 0.06077706813812256, 0.06481070071458817, 0.0693560391664505, 0.07506707310676575, 0.08245648443698883, 0.0919993668794632, 0.11010956764221191, 0.14811891317367554, 0.19681411981582642, 0.3092944025993347, 0.3662630319595337, 0.5087345838546753, 0.5469903945922852, 0.6917189955711365, 0.818821132183075]"
7016,5,5,1e-05,kang_sparse_2015_adaptation,9.462259164603418e-06,15,10,10,True,3627.533399965614,complete sparse ADMM selection + relocation + endpoint-constrained verification/fallback + final refit,chord_length,"[0.17073170731707318, 0.18821455792682928, 0.2682926829268293, 0.29268292682926833, 0.34146341463414637, 0.3902439024390244, 0.41463414634146345, 0.43902439024390244, 0.4878048780487805, 0.5121951219512195, 0.6341463414634146, 0.6585365853658536, 0.7560975609756098, 0.7804878048780488, 0.8292682926829268]"
7016,5,5,1e-05,uniform_gradient_pruning,8.5399740393658e-06,13,8,8,True,10097.142499987967,complete uniform-Kmax initialization + all deletion scoring + gradient relocation + exact refit validation,chord_length,"[0.12242745284282876, 0.17391213217613552, 0.2528474994118938, 0.2754974813477407, 0.3827044164835875, 0.40454678373312014, 0.49345749645763526, 0.515766156286734, 0.6242717074702097, 0.6408902232413035, 0.7411043740196311, 0.7755995377045045, 0.8267569843274531]"
1494,5,5,1e-05,ours,0.000306867112739536,32,27,27,False,33.00505,synchronized batch-1 network forward only; input preloaded on device; final refit and verified repair excluded,network_predicted,"[0.0011176452971994877, 0.0027426411397755146, 0.0050031524151563644, 0.007585317827761173, 0.010245908051729202, 0.012841952964663506, 0.015425202436745167, 0.01817667856812477, 0.021143104881048203, 0.024124225601553917, 0.027027809992432594, 0.030006323009729385, 0.033229511231184006, 0.03664185479283333, 0.0397004559636116, 0.042342957109212875, 0.044962186366319656, 0.04769717901945114, 0.050540339201688766, 0.05364631116390228, 0.057399872690439224, 0.06134989857673645, 0.06624644249677658, 0.07956630736589432, 0.15639807283878326, 0.18213416635990143, 0.2481035590171814, 0.40684258937835693, 0.5949879884719849, 0.664909303188324, 0.7321162223815918, 0.835820198059082]"
1494,5,5,1e-05,kang_sparse_2015_adaptation,6.78448843062089e-06,14,9,9,True,2855.014500033576,complete sparse ADMM selection + relocation + endpoint-constrained verification/fallback + final refit,chord_length,"[0.12195121951219512, 0.1945503048780488, 0.2682926829268293, 0.2692454268292683, 0.38462271341463417, 0.3902439024390244, 0.5008574695121952, 0.5121951219512195, 0.6048018292682927, 0.6097560975609756, 0.6932164634146342, 0.7073170731707317, 0.8040682164634148, 0.8536585365853658]"
1494,5,5,1e-05,uniform_gradient_pruning,9.518507236889806e-06,12,7,7,True,10247.645200055558,complete uniform-Kmax initialization + all deletion scoring + gradient relocation + exact refit validation,chord_length,"[0.12808174139154963, 0.1771345507778752, 0.25731993638053663, 0.34112677689287296, 0.37679680672212834, 0.396595585042377, 0.4887546292284609, 0.5029950912599238, 0.6142742932956083, 0.7145378972027303, 0.7961914962913886, 0.8394560897234102]"
3496,6,6,1e-05,ours,0.0004296964839979152,32,26,26,False,28.7103,synchronized batch-1 network forward only; input preloaded on device; final refit and verified repair excluded,network_predicted,"[0.0018763645784929395, 0.005083734635263681, 0.009055235423147678, 0.01302111241966486, 0.016695424914360046, 0.02039748802781105, 0.02445029281079769, 0.028743525967001915, 0.03330625221133232, 0.03812276944518089, 0.042798031121492386, 0.047193076461553574, 0.051319703459739685, 0.054946113377809525, 0.0593460313975811, 0.06258417665958405, 0.06384509056806564, 0.06587797403335571, 0.07053135335445404, 0.0747758224606514, 0.07882873713970184, 0.08296054601669312, 0.08822114020586014, 0.10071717947721481, 0.12900884449481964, 0.17784586548805237, 0.2547096610069275, 0.4643683135509491, 0.59918612241745, 0.6652930378913879, 0.7361255884170532, 0.8406879305839539]"
3496,6,6,1e-05,kang_sparse_2015_adaptation,9.208162858439844e-06,22,16,16,True,2262.4057000502944,complete sparse ADMM selection + relocation + endpoint-constrained verification/fallback + final refit,chord_length,"[0.12195121951219512, 0.14634146341463417, 0.21951219512195122, 0.24390243902439024, 0.34146341463414637, 0.36585365853658536, 0.41463414634146345, 0.43902439024390244, 0.4634146341463415, 0.5365853658536586, 0.5853658536585366, 0.6097560975609756, 0.6341463414634146, 0.7317073170731707, 0.7560975609756098, 0.7804878048780488, 0.8292682926829268, 0.9024390243902439, 0.9027248475609757, 0.9268292682926829, 0.9512195121951219, 0.975609756097561]"
3496,6,6,1e-05,uniform_gradient_pruning,1.1232003320248975e-05,20,14,14,False,1588.9057999593206,complete uniform-Kmax initialization + all deletion scoring + gradient relocation + exact refit validation,chord_length,"[0.04714687634201404, 0.09399840950933264, 0.13984608069432392, 0.18585653838812963, 0.2309323271934854, 0.27199259071211, 0.31801723464590076, 0.3664869003385467, 0.429246507145563, 0.46007198357412527, 0.5237903069297299, 0.5784465413362015, 0.623293761622422, 0.6596341016757922, 0.7096553698679718, 0.7610915759509969, 0.8090373092909733, 0.8524545837957065, 0.901581387904079, 0.9507906939520395]"
6386,6,6,1e-05,ours,0.00023205625128426048,32,26,26,False,31.026650000000004,synchronized batch-1 network forward only; input preloaded on device; final refit and verified repair excluded,network_predicted,"[0.0019345899345353246, 0.005315024871379137, 0.009544347412884235, 0.01449553668498993, 0.019928807392716408, 0.02553837187588215, 0.0320417657494545, 0.039525412023067474, 0.0465904138982296, 0.052689362317323685, 0.05822540819644928, 0.06322222203016281, 0.0677686482667923, 0.07149779796600342, 0.07541847229003906, 0.07785233110189438, 0.07921665161848068, 0.08188913017511368, 0.0890587717294693, 0.09519995003938675, 0.09976615011692047, 0.10443565994501114, 0.11033572256565094, 0.11961883306503296, 0.160137340426445, 0.22741180658340454, 0.3051331639289856, 0.40733352303504944, 0.5064388513565063, 0.5672754049301147, 0.691214919090271, 0.8202258348464966]"
6386,6,6,1e-05,kang_sparse_2015_adaptation,9.654892262429168e-06,17,11,11,True,3106.000399973709,complete sparse ADMM selection + relocation + endpoint-constrained verification/fallback + final refit,chord_length,"[0.14634146341463417, 0.19859946646341464, 0.21951219512195122, 0.24390243902439024, 0.34146341463414637, 0.36585365853658536, 0.3902439024390244, 0.41463414634146345, 0.4634146341463415, 0.5609756097560976, 0.5853658536585366, 0.6585365853658536, 0.6829268292682926, 0.7073170731707317, 0.7804878048780488, 0.8048780487804879, 0.8536585365853658]"
6386,6,6,1e-05,uniform_gradient_pruning,8.747077471473628e-06,13,7,7,True,9778.159499983303,complete uniform-Kmax initialization + all deletion scoring + gradient relocation + exact refit validation,chord_length,"[0.13799103440737312, 0.18011975783647113, 0.26657762190716516, 0.32173590388133066, 0.373018943777124, 0.44041535567117673, 0.4622305276802993, 0.5625158305439042, 0.5813353080157179, 0.6628589624154667, 0.6883456778734199, 0.76530198870569, 0.8231899034474028]"
1483,6,6,1e-05,ours,0.0003756434694409436,32,26,26,False,27.95065,synchronized batch-1 network forward only; input preloaded on device; final refit and verified repair excluded,network_predicted,"[0.0016207790467888117, 0.004740337375551462, 0.00987924449145794, 0.015098989009857178, 0.019456053152680397, 0.02376471273601055, 0.028158772736787796, 0.03265775740146637, 0.03746724873781204, 0.042495694011449814, 0.04806447774171829, 0.054056767374277115, 0.058918945491313934, 0.06256046891212463, 0.06625878810882568, 0.07114816457033157, 0.07653097808361053, 0.08159017562866211, 0.0859946757555008, 0.0912187471985817, 0.09856656193733215, 0.10700756311416626, 0.11537402868270874, 0.12965551018714905, 0.19995610415935516, 0.2400900423526764, 0.3400014340877533, 0.4136592745780945, 0.5565225481987, 0.59382164478302, 0.7327000498771667, 0.8221602439880371]"
1483,6,6,1e-05,kang_sparse_2015_adaptation,8.567565388862931e-06,18,12,12,True,2444.4911999744363,complete sparse ADMM selection + relocation + endpoint-constrained verification/fallback + final refit,chord_length,"[0.14634146341463417, 0.16001333841463417, 0.21951219512195122, 0.24390243902439024, 0.3170731707317073, 0.34146341463414637, 0.43902439024390244, 0.4878048780487805, 0.5121951219512195, 0.5609756097560976, 0.5853658536585366, 0.6341463414634146, 0.6829268292682926, 0.7073170731707317, 0.7317073170731707, 0.7804878048780488, 0.8536585365853658, 0.8780487804878049]"
1483,6,6,1e-05,uniform_gradient_pruning,9.54252946598322e-06,16,10,10,True,6708.970899984706,complete uniform-Kmax initialization + all deletion scoring + gradient relocation + exact refit validation,chord_length,"[0.13468115716956885, 0.17631843024666366, 0.21887935366866385, 0.2687257714086716, 0.32286820830988705, 0.344772148112281, 0.438043819283955, 0.4734198319729005, 0.54214834006497, 0.5633602792390356, 0.6726222699116587, 0.6971557758657763, 0.740093027855233, 0.767268306721701, 0.8429406972491894, 0.9176972396516437]"
221,7,7,1e-05,ours,0.0005831355326539966,32,25,25,False,30.6545,synchronized batch-1 network forward only; input preloaded on device; final refit and verified repair excluded,network_predicted,"[0.0016275063389912248, 0.00568111939355731, 0.010734273120760918, 0.015914838761091232, 0.02127668634057045, 0.026301955804228783, 0.03129030764102936, 0.036428242921829224, 0.04190366715192795, 0.047506183385849, 0.05272051319479942, 0.05716926231980324, 0.062056563794612885, 0.06756974756717682, 0.07265349477529526, 0.0770764946937561, 0.08136031776666641, 0.08672897517681122, 0.09296227246522903, 0.10151469707489014, 0.11102429032325745, 0.1195673942565918, 0.13274864852428436, 0.16046589612960815, 0.26661860942840576, 0.27745553851127625, 0.40926146507263184, 0.48926183581352234, 0.5430521368980408, 0.6389847993850708, 0.7423880100250244, 0.8247711658477783]"
221,7,7,1e-05,kang_sparse_2015_adaptation,9.667941592239362e-06,27,20,20,True,2621.109100058675,complete sparse ADMM selection + relocation + endpoint-constrained verification/fallback + final refit,chord_length,"[0.12195121951219512, 0.14634146341463417, 0.17073170731707318, 0.21951219512195122, 0.24390243902439024, 0.29268292682926833, 0.3170731707317073, 0.34146341463414637, 0.36585365853658536, 0.3902439024390244, 0.41463414634146345, 0.4634146341463415, 0.4878048780487805, 0.5365853658536586, 0.5609756097560976, 0.5853658536585366, 0.6585365853658536, 0.6829268292682926, 0.7073170731707317, 0.7560975609756098, 0.7804878048780488, 0.8292682926829268, 0.9024390243902439, 0.9027248475609757, 0.9268292682926829, 0.9512195121951219, 0.975609756097561]"
221,7,7,1e-05,uniform_gradient_pruning,2.2570973765323603e-05,20,13,13,False,1660.3536999900825,complete uniform-Kmax initialization + all deletion scoring + gradient relocation + exact refit validation,chord_length,"[0.055028211134549206, 0.10804010151226467, 0.15794001126405, 0.2068542997091957, 0.25313115457008356, 0.30156860763420335, 0.337318074695915, 0.383191303366708, 0.4240384686649967, 0.4720352639459567, 0.507132735205335, 0.5538767022802377, 0.5998414697670424, 0.6678878116826823, 0.7152307746849252, 0.7726784699486207, 0.8266227435748884, 0.8682110300607779, 0.9109996390432102, 0.9554058650027631]"
1396,7,7,1e-05,ours,0.0009646022511340929,32,25,25,False,36.061099999999996,synchronized batch-1 network forward only; input preloaded on device; final refit and verified repair excluded,network_predicted,"[0.0016480585327371955, 0.0047463360242545605, 0.009440655820071697, 0.014407171867787838, 0.018789086490869522, 0.02290126495063305, 0.02781612053513527, 0.033792223781347275, 0.03978570178151131, 0.04443416744470596, 0.04808953404426575, 0.05213528499007225, 0.05675921589136124, 0.061783406883478165, 0.06709793210029602, 0.07163956761360168, 0.0752805769443512, 0.07871948182582855, 0.08271876722574234, 0.08725081384181976, 0.09245702624320984, 0.09827201068401337, 0.10488079488277435, 0.12417120486497879, 0.15413261950016022, 0.2080925852060318, 0.295559823513031, 0.42256635427474976, 0.48683151602745056, 0.5864585638046265, 0.6853311657905579, 0.8050674796104431]"
1396,7,7,1e-05,kang_sparse_2015_adaptation,8.294378074579368e-06,23,16,16,True,3261.6787999868393,complete sparse ADMM selection + relocation + endpoint-constrained verification/fallback + final refit,chord_length,"[0.12195121951219512, 0.14634146341463417, 0.17073170731707318, 0.17116044207317074, 0.21951219512195122, 0.2682926829268293, 0.29268292682926833, 0.3170731707317073, 0.36585365853658536, 0.3902439024390244, 0.43902439024390244, 0.4634146341463415, 0.4878048780487805, 0.5365853658536586, 0.5609756097560976, 0.5853658536585366, 0.6585365853658536, 0.6829268292682926, 0.7560975609756098, 0.7804878048780488, 0.8048780487804879, 0.8292682926829268, 0.8780487804878049]"
1396,7,7,1e-05,uniform_gradient_pruning,1.7077098802829395e-05,20,13,13,False,1820.8491999539547,complete uniform-Kmax initialization + all deletion scoring + gradient relocation + exact refit validation,chord_length,"[0.05351021407536671, 0.10614279650659453, 0.1564608723660094, 0.2045967205490958, 0.2488859481559134, 0.2940211489669435, 0.3357696703615786, 0.3784464289604511, 0.41666869771332204, 0.459925437771039, 0.4990398978528449, 0.5488366251364365, 0.5948889082367999, 0.6449380316298053, 0.6923189716837759, 0.7437220540499679, 0.7882702348849663, 0.8339378957255855, 0.886314116348596, 0.9426342394093397]"
681,7,7,1e-05,ours,0.000657390238652015,32,25,25,False,31.595799999999997,synchronized batch-1 network forward only; input preloaded on device; final refit and verified repair excluded,network_predicted,"[0.0012793299974873662, 0.0031308294273912907, 0.005429930053651333, 0.00789595115929842, 0.011194441467523575, 0.01573253609240055, 0.020813975483179092, 0.02563527785241604, 0.030088234692811966, 0.03427112475037575, 0.03751561790704727, 0.040007468312978745, 0.04258688911795616, 0.04554634913802147, 0.048759277909994125, 0.052097029983997345, 0.05641459673643112, 0.06002127379179001, 0.06026390939950943, 0.06451579183340073, 0.0722426250576973, 0.07958406209945679, 0.08801848441362381, 0.11098974198102951, 0.13250766694545746, 0.18590883910655975, 0.24650394916534424, 0.424140989780426, 0.622024416923523, 0.6495903134346008, 0.7556811571121216, 0.8458630442619324]"
681,7,7,1e-05,kang_sparse_2015_adaptation,9.669322317929037e-06,22,15,15,True,2526.728999975603,complete sparse ADMM selection + relocation + endpoint-constrained verification/fallback + final refit,chord_length,"[0.14634146341463417, 0.17073170731707318, 0.1951219512195122, 0.21951219512195122, 0.24390243902439024, 0.3170731707317073, 0.34146341463414637, 0.36585365853658536, 0.3902439024390244, 0.41463414634146345, 0.43902439024390244, 0.4981421493902439, 0.5121951219512195, 0.5609756097560976, 0.5853658536585366, 0.6097560975609756, 0.7073170731707317, 0.7317073170731707, 0.7560975609756098, 0.8048780487804879, 0.8292682926829268, 0.8536585365853658]"
681,7,7,1e-05,uniform_gradient_pruning,1.99015591078204e-05,20,13,13,False,1525.2850000397302,complete uniform-Kmax initialization + all deletion scoring + gradient relocation + exact refit validation,chord_length,"[0.047722505646833474, 0.0945758637194525, 0.1388502167190937, 0.18185439104687162, 0.23207114205065643, 0.2851967853673102, 0.33221635350630946, 0.38780543330655215, 0.43773514574726285, 0.49512155195175395, 0.5386748329296669, 0.5984642121900573, 0.6358328343044825, 0.6816235502715342, 0.7214257460514443, 0.7654126379168895, 0.8089275095967996, 0.8560364690811212, 0.9039242420188294, 0.9519162512866671]"
2071,8,8,1e-05,ours,0.0008171135161495611,32,24,24,False,33.026250000000005,synchronized batch-1 network forward only; input preloaded on device; final refit and verified repair excluded,network_predicted,"[0.0019203212577849627, 0.005887701641768217, 0.013014346361160278, 0.021692436188459396, 0.031586043536663055, 0.04144451394677162, 0.04904048517346382, 0.05510416999459267, 0.06040539965033531, 0.06493131071329117, 0.06857647001743317, 0.07256245613098145, 0.07764853537082672, 0.08319555222988129, 0.08823440968990326, 0.09277977049350739, 0.09777875244617462, 0.10256679356098175, 0.10702362656593323, 0.11234288662672043, 0.11974130570888519, 0.129244863986969, 0.1514407992362976, 0.20037433505058289, 0.24321401119232178, 0.2822571098804474, 0.37406980991363525, 0.49520114064216614, 0.5720004439353943, 0.6440557241439819, 0.7394578456878662, 0.8237400650978088]"
2071,8,8,1e-05,kang_sparse_2015_adaptation,9.220029072992438e-06,31,23,23,True,2787.4929000390694,complete sparse ADMM selection + relocation + endpoint-constrained verification/fallback + final refit,chord_length,"[0.024390243902439025, 0.04878048780487805, 0.07298018292682928, 0.07317073170731708, 0.12195121951219512, 0.14634146341463417, 0.17073170731707318, 0.1951219512195122, 0.21951219512195122, 0.29268292682926833, 0.3170731707317073, 0.34146341463414637, 0.36585365853658536, 0.3902439024390244, 0.41463414634146345, 0.43902439024390244, 0.4634146341463415, 0.4878048780487805, 0.5121951219512195, 0.5365853658536586, 0.5609756097560976, 0.5853658536585366, 0.6097560975609756, 0.6341463414634146, 0.6585365853658536, 0.6829268292682926, 0.7073170731707317, 0.7317073170731707, 0.8048780487804879, 0.8536585365853658, 0.9024390243902439]"
2071,8,8,1e-05,uniform_gradient_pruning,2.9731681434240866e-05,20,12,12,False,1467.910600011237,complete uniform-Kmax initialization + all deletion scoring + gradient relocation + exact refit validation,chord_length,"[0.049657904213717644, 0.09926415754203191, 0.14727808862548347, 0.1932684089611491, 0.23352312842330344, 0.2821345536160471, 0.3522051179420237, 0.394462247142635, 0.44795602035836185, 0.48542516151892084, 0.5389113061058667, 0.5718850112409922, 0.6178431521475176, 0.6567400756378572, 0.7047714256401705, 0.749413956955386, 0.802338634325771, 0.8556337397578881, 0.9034079798177175, 0.9514810070058385]"
6151,8,8,1e-05,ours,0.0008487891966835058,32,24,24,False,31.073500000000003,synchronized batch-1 network forward only; input preloaded on device; final refit and verified repair excluded,network_predicted,"[0.0026587501633912325, 0.00965866632759571, 0.01881042867898941, 0.027930809184908867, 0.0361233651638031, 0.04300881177186966, 0.049022722989320755, 0.05482513830065727, 0.061070553958415985, 0.06752019375562668, 0.07406777888536453, 0.08044656366109848, 0.08592559397220612, 0.09030865877866745, 0.09489799290895462, 0.10028723627328873, 0.10585812479257584, 0.11101053655147552, 0.11572743952274323, 0.12097690999507904, 0.1271202117204666, 0.13443541526794434, 0.14334243535995483, 0.17070868611335754, 0.22791433334350586, 0.2596171796321869, 0.2919382154941559, 0.3887583315372467, 0.5218427777290344, 0.6085200309753418, 0.7034458518028259, 0.8242864012718201]"
6151,8,8,1e-05,kang_sparse_2015_adaptation,9.994768924475562e-06,25,17,17,True,2674.5653999969363,complete sparse ADMM selection + relocation + endpoint-constrained verification/fallback + final refit,chord_length,"[0.12195121951219512, 0.14634146341463417, 0.1951219512195122, 0.21951219512195122, 0.29268292682926833, 0.3170731707317073, 0.34146341463414637, 0.36585365853658536, 0.3902439024390244, 0.43902439024390244, 0.4634146341463415, 0.4878048780487805, 0.5365853658536586, 0.5609756097560976, 0.5853658536585366, 0.6097560975609756, 0.6341463414634146, 0.6585365853658536, 0.7317073170731707, 0.7560975609756098, 0.8048780487804879, 0.8536585365853658, 0.8548494664634146, 0.8780487804878049, 0.9268292682926829]"
6151,8,8,1e-05,uniform_gradient_pruning,2.4691525063620344e-05,20,12,12,False,1450.22290002089,complete uniform-Kmax initialization + all deletion scoring + gradient relocation + exact refit validation,chord_length,"[0.0513259914998312, 0.10245338818120459, 0.15306097041146008, 0.20574736487524375, 0.25754306188240217, 0.3059476220782623, 0.35716432556483596, 0.399785271900018, 0.45313880773476306, 0.4965488904827067, 0.5401007391368776, 0.5826703750826111, 0.6299594228500609, 0.6709155620265899, 0.7156925931650404, 0.7597162268331294, 0.8071911035592991, 0.855349128495698, 0.9016641216357674, 0.9502319963046978]"
6660,8,8,1e-05,ours,0.0009253721095687155,32,24,24,False,29.7378,synchronized batch-1 network forward only; input preloaded on device; final refit and verified repair excluded,network_predicted,"[0.005073657259345055, 0.0100143076851964, 0.015649205073714256, 0.023178763687610626, 0.03157952055335045, 0.04123344644904137, 0.05129661783576012, 0.06184005364775658, 0.07179150730371475, 0.07944031059741974, 0.08593937009572983, 0.09250874072313309, 0.09819342941045761, 0.10353695601224899, 0.1091809868812561, 0.11539585888385773, 0.12173984944820404, 0.12796197831630707, 0.13441316783428192, 0.1420210301876068, 0.15245209634304047, 0.18649578094482422, 0.20940160751342773, 0.23241740465164185, 0.25545138120651245, 0.2972261905670166, 0.33977559208869934, 0.4127473831176758, 0.4720763862133026, 0.6226657629013062, 0.6783470511436462, 0.8048101663589478]"
6660,8,8,1e-05,kang_sparse_2015_adaptation,9.153573010297604e-06,27,19,19,True,2721.659399976488,complete sparse ADMM selection + relocation + endpoint-constrained verification/fallback + final refit,chord_length,"[0.12195121951219512, 0.14634146341463417, 0.17073170731707318, 0.1951219512195122, 0.21951219512195122, 0.3170731707317073, 0.34146341463414637, 0.36585365853658536, 0.3902439024390244, 0.41463414634146345, 0.43902439024390244, 0.4878048780487805, 0.5121951219512195, 0.5365853658536586, 0.5609756097560976, 0.5853658536585366, 0.6097560975609756, 0.6341463414634146, 0.7073170731707317, 0.7317073170731707, 0.7560975609756098, 0.7804878048780488, 0.8048780487804879, 0.8362709603658536, 0.8536585365853658, 0.8780487804878049, 0.9024390243902439]"
6660,8,8,1e-05,uniform_gradient_pruning,2.876106536928863e-05,20,12,12,False,1609.1957000317052,complete uniform-Kmax initialization + all deletion scoring + gradient relocation + exact refit validation,chord_length,"[0.052554018097727286, 0.10504512188048439, 0.15501241652018244, 0.20213103726362447, 0.24578260805671154, 0.29069212302580344, 0.3304909176417638, 0.3772045710485748, 0.4243330453109954, 0.4694952803478697, 0.5073769318851755, 0.5519517748874, 0.6036787271502273, 0.6472606929896847, 0.698091035424047, 0.7409160191909935, 0.806310600039762, 0.8602162294462915, 0.9060916326687904, 0.9526075222446259]"
1879,9,9,1e-05,ours,0.0010555869005952196,32,23,23,False,28.28785,synchronized batch-1 network forward only; input preloaded on device; final refit and verified repair excluded,network_predicted,"[0.006070227362215519, 0.011242246255278587, 0.01801113784313202, 0.0272218007594347, 0.035047948360443115, 0.042681239545345306, 0.04924309253692627, 0.05418389290571213, 0.05924079194664955, 0.06439447402954102, 0.06867116689682007, 0.07299529761075974, 0.07816243916749954, 0.08326376974582672, 0.08832117915153503, 0.09359721839427948, 0.09851396083831787, 0.10347488522529602, 0.1087530106306076, 0.11526622623205185, 0.1234213262796402, 0.1316331923007965, 0.1493314802646637, 0.22991007566452026, 0.24469728767871857, 0.3141566514968872, 0.4260862469673157, 0.517711341381073, 0.6137754917144775, 0.6460365653038025, 0.7774599194526672, 0.832045316696167]"
1879,9,9,1e-05,kang_sparse_2015_adaptation,9.948686121643491e-06,32,23,23,True,2876.1526999878697,complete sparse ADMM selection + relocation + endpoint-constrained verification/fallback + final refit,chord_length,"[0.024390243902439025, 0.02458079268292683, 0.04878048780487805, 0.14634146341463417, 0.17073170731707318, 0.1951219512195122, 0.21951219512195122, 0.24390243902439024, 0.2682926829268293, 0.34146341463414637, 0.36585365853658536, 0.41463414634146345, 0.43902439024390244, 0.4634146341463415, 0.4878048780487805, 0.5121951219512195, 0.5365853658536586, 0.5609756097560976, 0.5853658536585366, 0.6097560975609756, 0.6341463414634146, 0.6585365853658536, 0.6829268292682926, 0.7073170731707317, 0.7317073170731707, 0.7560975609756098, 0.7804878048780488, 0.8048780487804879, 0.8292682926829268, 0.8536585365853658, 0.8780487804878049, 0.9024390243902439]"
1879,9,9,1e-05,uniform_gradient_pruning,3.507402557515067e-05,20,11,11,False,1530.3004999877885,complete uniform-Kmax initialization + all deletion scoring + gradient relocation + exact refit validation,chord_length,"[0.052145415164875454, 0.10426153274785488, 0.15485383694154414, 0.20462228584765696, 0.24855778446224927, 0.2874713176222374, 0.3341563229618879, 0.37313138002401786, 0.419183749846366, 0.46280798144417173, 0.502179601327854, 0.5516760410013599, 0.5961593764025805, 0.6506050102255866, 0.6952659419040894, 0.7400464804870424, 0.8028779319496331, 0.8521396342252856, 0.8905486004563392, 0.9373525433534176]"
5081,9,9,1e-05,ours,0.0008823770590018369,32,23,23,False,28.9584,synchronized batch-1 network forward only; input preloaded on device; final refit and verified repair excluded,network_predicted,"[0.0034439244773238897, 0.011583277024328709, 0.023346807807683945, 0.03522631898522377, 0.046485088765621185, 0.058441173285245895, 0.06822983175516129, 0.0744476392865181, 0.07986553013324738, 0.08457961678504944, 0.08829839527606964, 0.0923815593123436, 0.09755238145589828, 0.10294297337532043, 0.10811866819858551, 0.11282291263341904, 0.11712134629487991, 0.12219180911779404, 0.12774716317653656, 0.1337231546640396, 0.14003890752792358, 0.14794088900089264, 0.17179259657859802, 0.21512535214424133, 0.24814701080322266, 0.2882590889930725, 0.3698517084121704, 0.47147855162620544, 0.5952841639518738, 0.6317351460456848, 0.7645905613899231, 0.8243537545204163]"
5081,9,9,1e-05,kang_sparse_2015_adaptation,9.478501063713197e-06,34,25,25,True,2833.831299969461,complete sparse ADMM selection + relocation + endpoint-constrained verification/fallback + final refit,chord_length,"[0.024390243902439025, 0.04878048780487805, 0.07298018292682928, 0.07317073170731708, 0.14634146341463417, 0.17073170731707318, 0.1951219512195122, 0.21951219512195122, 0.24390243902439024, 0.2682926829268293, 0.29268292682926833, 0.3170731707317073, 0.34146341463414637, 0.36585365853658536, 0.3902439024390244, 0.41463414634146345, 0.43902439024390244, 0.4634146341463415, 0.4878048780487805, 0.5121951219512195, 0.5609756097560976, 0.5853658536585366, 0.6097560975609756, 0.6341463414634146, 0.6585365853658536, 0.7073170731707317, 0.7317073170731707, 0.8048780487804879, 0.8292682926829268, 0.8536585365853658, 0.8780487804878049, 0.9512195121951219, 0.9516006097560975, 0.975609756097561]"
5081,9,9,1e-05,uniform_gradient_pruning,3.728930708644623e-05,20,11,11,False,1501.1488000163808,complete uniform-Kmax initialization + all deletion scoring + gradient relocation + exact refit validation,chord_length,"[0.048395348138845724, 0.09642231222622984, 0.14280377429869862, 0.20354563894988947, 0.24396875703238047, 0.28044341538833006, 0.32818698857009376, 0.3734902807008134, 0.42237849791540755, 0.4913040241953623, 0.5388558619324451, 0.5883010295535629, 0.6394243773627004, 0.6856305195221112, 0.7295500107489864, 0.7657258500497818, 0.8035671835683353, 0.8533852985439704, 0.9014219074781646, 0.9506701795191018]"
2202,9,9,1e-05,ours,0.0006099790902328218,32,23,23,False,28.2633,synchronized batch-1 network forward only; input preloaded on device; final refit and verified repair excluded,network_predicted,"[0.0018098157597705722, 0.006902066525071859, 0.013553068973124027, 0.022245774045586586, 0.03138935565948486, 0.03758438304066658, 0.04256868362426758, 0.04801001027226448, 0.05427529662847519, 0.05987180396914482, 0.06424622237682343, 0.06868097931146622, 0.0737011507153511, 0.07855954766273499, 0.0831875205039978, 0.08796853572130203, 0.09241476655006409, 0.09685852378606796, 0.10154840350151062, 0.10773388296365738, 0.1153986006975174, 0.12570510804653168, 0.148696169257164, 0.18977206945419312, 0.23723796010017395, 0.30971091985702515, 0.3768739104270935, 0.4682160019874573, 0.57284015417099, 0.6830025911331177, 0.7371501922607422, 0.8290330171585083]"
2202,9,9,1e-05,kang_sparse_2015_adaptation,9.900460515497255e-06,31,22,22,True,2840.922799950931,complete sparse ADMM selection + relocation + endpoint-constrained verification/fallback + final refit,chord_length,"[0.0975609756097561, 0.12195121951219512, 0.14634146341463417, 0.17073170731707318, 0.1951219512195122, 0.2682926829268293, 0.29268292682926833, 0.3170731707317073, 0.34146341463414637, 0.36585365853658536, 0.3902439024390244, 0.41463414634146345, 0.43902439024390244, 0.4634146341463415, 0.4878048780487805, 0.5121951219512195, 0.5365853658536586, 0.5609756097560976, 0.5853658536585366, 0.6097560975609756, 0.6341463414634146, 0.6585365853658536, 0.7025057164634145, 0.7073170731707317, 0.7560975609756098, 0.7804878048780488, 0.8048780487804879, 0.8292682926829268, 0.8536585365853658, 0.8780487804878049, 0.9024390243902439]"
2202,9,9,1e-05,uniform_gradient_pruning,4.002503224061782e-05,20,11,11,False,1607.1020999806933,complete uniform-Kmax initialization + all deletion scoring + gradient relocation + exact refit validation,chord_length,"[0.046051959988424804, 0.09199708767197917, 0.13754619870581622, 0.1867206526836368, 0.23300268688819462, 0.2779622549205564, 0.322807283795092, 0.36784868795837067, 0.41305103767650236, 0.4588386515825596, 0.5022290391034527, 0.5546785651426209, 0.6111468278558384, 0.655329765445405, 0.7136616575543646, 0.7672947376125355, 0.8133331121642144, 0.8593164378766631, 0.9055070473570697, 0.9525950084468825]"
5319,10,10,1e-05,ours,0.0007589189588941911,32,22,22,False,28.743699999999997,synchronized batch-1 network forward only; input preloaded on device; final refit and verified repair excluded,network_predicted,"[0.0025935093872249126, 0.009193027392029762, 0.01718074269592762, 0.02433588355779648, 0.03117632493376732, 0.0404408723115921, 0.0511072501540184, 0.05973447486758232, 0.0667923167347908, 0.0761236622929573, 0.08589231967926025, 0.09359149634838104, 0.10069070756435394, 0.10719283670186996, 0.11289391666650772, 0.1196245402097702, 0.12731201946735382, 0.13645553588867188, 0.1488562971353531, 0.16321860253810883, 0.17819960415363312, 0.21111969649791718, 0.2517975866794586, 0.2811566889286041, 0.33037900924682617, 0.37495800852775574, 0.4432578682899475, 0.5188899040222168, 0.614161491394043, 0.6954764127731323, 0.7785056829452515, 0.7868066430091858]"
5319,10,10,1e-05,kang_sparse_2015_adaptation,9.731778941037875e-06,33,23,23,True,3122.465399967041,complete sparse ADMM selection + relocation + endpoint-constrained verification/fallback + final refit,chord_length,"[0.07317073170731708, 0.0975609756097561, 0.12195121951219512, 0.14634146341463417, 0.17073170731707318, 0.1951219512195122, 0.24390243902439024, 0.2682926829268293, 0.29268292682926833, 0.3170731707317073, 0.34146341463414637, 0.36585365853658536, 0.3902439024390244, 0.41463414634146345, 0.43902439024390244, 0.4634146341463415, 0.4878048780487805, 0.5121951219512195, 0.5365853658536586, 0.5609756097560976, 0.5853658536585366, 0.6097560975609756, 0.6341463414634146, 0.6585365853658536, 0.6829268292682926, 0.7073170731707317, 0.7317073170731707, 0.8048780487804879, 0.9024390243902439, 0.9027248475609757, 0.9268292682926829, 0.9512195121951219, 0.975609756097561]"
5319,10,10,1e-05,uniform_gradient_pruning,3.0055739069190785e-05,20,10,10,False,1525.287299999036,complete uniform-Kmax initialization + all deletion scoring + gradient relocation + exact refit validation,chord_length,"[0.04673143266744562, 0.09314314266101886, 0.1389056317848552, 0.18908518380945594, 0.25512009178903855, 0.2992290516038806, 0.34055335158889716, 0.3935426180869898, 0.4455081542925685, 0.4954586134420627, 0.5506023334054896, 0.5893407566376108, 0.6248459008025017, 0.6706733409004454, 0.7099591495678852, 0.7470832916478277, 0.7915720321794077, 0.8398942878297446, 0.8917467849687424, 0.9458733924843713]"
4695,10,10,1e-05,ours,0.0010159374618691076,32,22,22,False,29.066499999999998,synchronized batch-1 network forward only; input preloaded on device; final refit and verified repair excluded,network_predicted,"[0.00324804219417274, 0.01162339560687542, 0.02229728363454342, 0.03349794074892998, 0.04273521900177002, 0.04912548139691353, 0.05512974038720131, 0.06164590269327164, 0.06891778111457825, 0.07642531394958496, 0.08382932096719742, 0.09010528028011322, 0.09635623544454575, 0.10391815751791, 0.11186673492193222, 0.1198839545249939, 0.1280180811882019, 0.13648571074008942, 0.14481885731220245, 0.17074239253997803, 0.19181132316589355, 0.20900025963783264, 0.22963111102581024, 0.23814523220062256, 0.2977657914161682, 0.34803396463394165, 0.44258204102516174, 0.4942604899406433, 0.6129047870635986, 0.6596356630325317, 0.7712096571922302, 0.844476044178009]"
4695,10,10,1e-05,kang_sparse_2015_adaptation,9.583866263342015e-06,34,24,24,True,3081.2166000250727,complete sparse ADMM selection + relocation + endpoint-constrained verification/fallback + final refit,chord_length,"[0.07317073170731708, 0.0975609756097561, 0.11956935975609756, 0.14634146341463417, 0.17073170731707318, 0.21951219512195122, 0.24390243902439024, 0.2682926829268293, 0.29268292682926833, 0.3170731707317073, 0.34146341463414637, 0.36585365853658536, 0.3902439024390244, 0.41463414634146345, 0.43902439024390244, 0.4634146341463415, 0.5121951219512195, 0.5365853658536586, 0.5609756097560976, 0.5853658536585366, 0.6097560975609756, 0.6341463414634146, 0.6585365853658536, 0.6829268292682926, 0.7073170731707317, 0.7317073170731707, 0.7560975609756098, 0.7804878048780488, 0.8048780487804879, 0.8292682926829268, 0.8536585365853658, 0.8780487804878049, 0.889624618902439, 0.9024390243902439]"
4695,10,10,1e-05,uniform_gradient_pruning,4.537774861908128e-05,20,10,10,False,1587.7805999480188,complete uniform-Kmax initialization + all deletion scoring + gradient relocation + exact refit validation,chord_length,"[0.058908760425617816, 0.11669987556150403, 0.1628388184308855, 0.20243849160819766, 0.24531210692314473, 0.29141315286481345, 0.3366394597487497, 0.3826007116945964, 0.4242501747225148, 0.4655740114215854, 0.5058415298034972, 0.5590331961494942, 0.613818813183585, 0.6578487632338115, 0.693191905839546, 0.7439788800152204, 0.791773295519915, 0.832150896578197, 0.876038316216256, 0.9353424678255081]"
73,10,10,1e-05,ours,0.0007500990312790277,32,22,22,False,29.1664,synchronized batch-1 network forward only; input preloaded on device; final refit and verified repair excluded,network_predicted,"[0.003626512363553047, 0.006283583585172892, 0.009982464835047722, 0.014721710234880447, 0.021699972450733185, 0.030125485733151436, 0.038499269634485245, 0.049487464129924774, 0.06227898597717285, 0.07228004187345505, 0.07854108512401581, 0.08462194353342056, 0.09119021147489548, 0.09814812242984772, 0.10631036758422852, 0.11575525999069214, 0.12539030611515045, 0.13472816348075867, 0.14457327127456665, 0.16064859926700592, 0.18436792492866516, 0.20791465044021606, 0.2299354374408722, 0.25452569127082825, 0.3030828535556793, 0.33893123269081116, 0.4044119715690613, 0.49456220865249634, 0.5981475710868835, 0.6621320247650146, 0.7212220430374146, 0.8053295612335205]"
73,10,10,1e-05,kang_sparse_2015_adaptation,1.2200296198680061e-05,40,30,30,False,1859.716400038451,complete sparse ADMM selection + relocation + endpoint-constrained verification/fallback + final refit,chord_length,"[0.024390243902439025, 0.04878048780487805, 0.07317073170731708, 0.0975609756097561, 0.12195121951219512, 0.14634146341463417, 0.17073170731707318, 0.1951219512195122, 0.21951219512195122, 0.24390243902439024, 0.2682926829268293, 0.29268292682926833, 0.3170731707317073, 0.34146341463414637, 0.36585365853658536, 0.3902439024390244, 0.41463414634146345, 0.43902439024390244, 0.4634146341463415, 0.4878048780487805, 0.5121951219512195, 0.5365853658536586, 0.5609756097560976, 0.5853658536585366, 0.6097560975609756, 0.6341463414634146, 0.6585365853658536, 0.6829268292682926, 0.7073170731707317, 0.7317073170731707, 0.7560975609756098, 0.7804878048780488, 0.8048780487804879, 0.8292682926829268, 0.8536585365853658, 0.8780487804878049, 0.9024390243902439, 0.9268292682926829, 0.9512195121951219, 0.975609756097561]"
73,10,10,1e-05,uniform_gradient_pruning,5.230463206323818e-05,20,10,10,False,1665.8007000223733,complete uniform-Kmax initialization + all deletion scoring + gradient relocation + exact refit validation,chord_length,"[0.05057105305595551, 0.0909097344382333, 0.12670223307112718, 0.16304144698853218, 0.19827310682523838, 0.24323063633823472, 0.30590956022106697, 0.3627514321355093, 0.4035173326176478, 0.4648436846495691, 0.5269211150328855, 0.5704351698262552, 0.6099786944067009, 0.6585695519351042, 0.7127833520267695, 0.767541172625553, 0.8275638957202986, 0.8678844697482485, 0.9107116971421033, 0.9553063077808785]"
3580,11,11,1e-05,ours,0.0005824608284686635,32,21,21,False,31.443350000000002,synchronized batch-1 network forward only; input preloaded on device; final refit and verified repair excluded,network_predicted,"[0.00468438258394599, 0.009390834718942642, 0.014637410640716553, 0.021701877936720848, 0.03243783116340637, 0.043258994817733765, 0.05042985454201698, 0.060611482709646225, 0.07434020936489105, 0.08634911477565765, 0.09602953493595123, 0.1043568029999733, 0.11111481487751007, 0.11646241694688797, 0.12185434252023697, 0.12866473197937012, 0.13631850481033325, 0.1451188623905182, 0.16221435368061066, 0.18982750177383423, 0.20684009790420532, 0.2254241555929184, 0.2497846633195877, 0.2878018021583557, 0.3431898355484009, 0.42636409401893616, 0.47717198729515076, 0.6068518161773682, 0.664621114730835, 0.749706506729126, 0.8031668066978455, 0.8603588938713074]"
3580,11,11,1e-05,kang_sparse_2015_adaptation,1.4540780087265407e-05,40,29,29,False,1683.7321000057273,complete sparse ADMM selection + relocation + endpoint-constrained verification/fallback + final refit,chord_length,"[0.024390243902439025, 0.04878048780487805, 0.07317073170731708, 0.0975609756097561, 0.12195121951219512, 0.14634146341463417, 0.17073170731707318, 0.1951219512195122, 0.21951219512195122, 0.24390243902439024, 0.2682926829268293, 0.29268292682926833, 0.3170731707317073, 0.34146341463414637, 0.36585365853658536, 0.3902439024390244, 0.41463414634146345, 0.43902439024390244, 0.4634146341463415, 0.4878048780487805, 0.5121951219512195, 0.5365853658536586, 0.5609756097560976, 0.5853658536585366, 0.6097560975609756, 0.6341463414634146, 0.6585365853658536, 0.6829268292682926, 0.7073170731707317, 0.7317073170731707, 0.7560975609756098, 0.7804878048780488, 0.8048780487804879, 0.8292682926829268, 0.8536585365853658, 0.8780487804878049, 0.9024390243902439, 0.9268292682926829, 0.9512195121951219, 0.975609756097561]"
3580,11,11,1e-05,uniform_gradient_pruning,7.290588861358733e-05,20,9,9,False,1644.1840000334196,complete uniform-Kmax initialization + all deletion scoring + gradient relocation + exact refit validation,chord_length,"[0.04716861325906871, 0.0942372673270963, 0.13987449263757123, 0.18318921005762565, 0.22338864415065338, 0.2593653929436917, 0.29939611069308725, 0.3423143325788256, 0.39067725742789466, 0.44028769523595945, 0.4936173897166243, 0.5558941052945393, 0.5980586300228637, 0.6368198260293778, 0.6840911675392819, 0.7423720720255002, 0.8011823534991391, 0.8538356690521827, 0.8999487333094921, 0.9494259850571508]"
5000,11,11,1e-05,ours,0.0010851531577025554,32,21,21,False,29.34485,synchronized batch-1 network forward only; input preloaded on device; final refit and verified repair excluded,network_predicted,"[0.0038373535498976707, 0.0069017293862998486, 0.010806206613779068, 0.017636502161622047, 0.02671080082654953, 0.03582372888922691, 0.042002346366643906, 0.04640306532382965, 0.05096114054322243, 0.05614328384399414, 0.06170611456036568, 0.06763029843568802, 0.07436273992061615, 0.08148233592510223, 0.09010536223649979, 0.09944259375333786, 0.1086590588092804, 0.11787336319684982, 0.12916003167629242, 0.1440104842185974, 0.18789410591125488, 0.21766193211078644, 0.24449750781059265, 0.2768099009990692, 0.39834415912628174, 0.4256554841995239, 0.49342748522758484, 0.5889352560043335, 0.6777132749557495, 0.7797816395759583, 0.7940530180931091, 0.8310459852218628]"
5000,11,11,1e-05,kang_sparse_2015_adaptation,1.8998657553711737e-05,40,29,29,False,1955.8330999570899,complete sparse ADMM selection + relocation + endpoint-constrained verification/fallback + final refit,chord_length,"[0.024390243902439025, 0.04878048780487805, 0.07317073170731708, 0.0975609756097561, 0.12195121951219512, 0.14634146341463417, 0.17073170731707318, 0.1951219512195122, 0.21951219512195122, 0.24390243902439024, 0.2682926829268293, 0.29268292682926833, 0.3170731707317073, 0.34146341463414637, 0.36585365853658536, 0.3902439024390244, 0.41463414634146345, 0.43902439024390244, 0.4634146341463415, 0.4878048780487805, 0.5121951219512195, 0.5365853658536586, 0.5609756097560976, 0.5853658536585366, 0.6097560975609756, 0.6341463414634146, 0.6585365853658536, 0.6829268292682926, 0.7073170731707317, 0.7317073170731707, 0.7560975609756098, 0.7804878048780488, 0.8048780487804879, 0.8292682926829268, 0.8536585365853658, 0.8780487804878049, 0.9024390243902439, 0.9268292682926829, 0.9512195121951219, 0.975609756097561]"
5000,11,11,1e-05,uniform_gradient_pruning,6.743617393358707e-05,20,9,9,False,1613.0677000037394,complete uniform-Kmax initialization + all deletion scoring + gradient relocation + exact refit validation,chord_length,"[0.052472414488448846, 0.10403844884852412, 0.15430820397466932, 0.19879535616536526, 0.24428916466412676, 0.28992170635427844, 0.33807583893959486, 0.3863429639954316, 0.43374278549497736, 0.4784141856117968, 0.5228764638157561, 0.5626792587914133, 0.6127515977318249, 0.6638648900582489, 0.7171473013326121, 0.753817149314132, 0.7903350852159574, 0.826776565585781, 0.8773749648298143, 0.9383089011239937]"
5398,11,11,1e-05,ours,0.0010719780599181023,32,21,21,False,31.4842,synchronized batch-1 network forward only; input preloaded on device; final refit and verified repair excluded,network_predicted,"[0.0026696159038692713, 0.009099583141505718, 0.016633741557598114, 0.023047180846333504, 0.02983778901398182, 0.03997144103050232, 0.05200240761041641, 0.07096906006336212, 0.09583551436662674, 0.11335017532110214, 0.12233828753232956, 0.12887226045131683, 0.1357274055480957, 0.14305126667022705, 0.15316782891750336, 0.17313061654567719, 0.1872997283935547, 0.20452357828617096, 0.2184416651725769, 0.2302844226360321, 0.24295681715011597, 0.2556878328323364, 0.2770403325557709, 0.3246336877346039, 0.39125633239746094, 0.4740881323814392, 0.5554155111312866, 0.626974880695343, 0.7473516464233398, 0.781206488609314, 0.7931580543518066, 0.8300389647483826]"
5398,11,11,1e-05,kang_sparse_2015_adaptation,9.177274824776221e-06,42,31,31,True,1998.203899944201,complete sparse ADMM selection + relocation + endpoint-constrained verification/fallback + final refit,chord_length,"[0.024390243902439025, 0.04878048780487805, 0.07317073170731708, 0.0975609756097561, 0.12195121951219512, 0.14634146341463417, 0.1704458841463415, 0.17073170731707318, 0.21951219512195122, 0.24390243902439024, 0.2682926829268293, 0.2923971036585366, 0.29268292682926833, 0.34146341463414637, 0.36585365853658536, 0.3902439024390244, 0.41463414634146345, 0.43902439024390244, 0.4634146341463415, 0.4878048780487805, 0.5121951219512195, 0.5365853658536586, 0.5609756097560976, 0.5853658536585366, 0.6097560975609756, 0.6335746951219512, 0.6341463414634146, 0.6829268292682926, 0.6833079268292682, 0.7073170731707317, 0.7317073170731707, 0.7560975609756098, 0.7804878048780488, 0.8048780487804879, 0.8292682926829268, 0.852562881097561, 0.8536585365853658, 0.8780487804878049, 0.9024390243902439, 0.9268292682926829, 0.9512195121951219, 0.975609756097561]"
5398,11,11,1e-05,uniform_gradient_pruning,4.907484516403402e-05,20,9,9,False,2025.8971999865025,complete uniform-Kmax initialization + all deletion scoring + gradient relocation + exact refit validation,chord_length,"[0.045995229991025975, 0.0912131636243981, 0.13402236357723862, 0.17507788164451588, 0.21533279504287983, 0.2616450755912268, 0.30297520995435395, 0.3440532315915111, 0.392720697490558, 0.44166123512014027, 0.48474172546409616, 0.553316157783893, 0.6207839540949844, 0.6646573758798826, 0.700810274397074, 0.7633702509714824, 0.8245554982529397, 0.868034754522324, 0.9096928626444666, 0.9545688225750631]"
1686,12,12,1e-05,ours,0.0010259198732162312,32,20,20,False,35.15575,synchronized batch-1 network forward only; input preloaded on device; final refit and verified repair excluded,network_predicted,"[0.004509618505835533, 0.008939605206251144, 0.013527639210224152, 0.019665811210870743, 0.024976734071969986, 0.02963925153017044, 0.03665865212678909, 0.06161913275718689, 0.1028343141078949, 0.13061191141605377, 0.14153721928596497, 0.15213996171951294, 0.18146269023418427, 0.20197558403015137, 0.21934114396572113, 0.23487907648086548, 0.247297465801239, 0.26177778840065, 0.27840960025787354, 0.2991179823875427, 0.3198256492614746, 0.3448638319969177, 0.37242835760116577, 0.4110787510871887, 0.4766719341278076, 0.5550390481948853, 0.5902097821235657, 0.6850563287734985, 0.7715135812759399, 0.8018025755882263, 0.8087081909179688, 0.8389121294021606]"
1686,12,12,1e-05,kang_sparse_2015_adaptation,2.5425401969529204e-05,40,28,28,False,1688.220799958799,complete sparse ADMM selection + relocation + endpoint-constrained verification/fallback + final refit,chord_length,"[0.024390243902439025, 0.04878048780487805, 0.07317073170731708, 0.0975609756097561, 0.12195121951219512, 0.14634146341463417, 0.17073170731707318, 0.1951219512195122, 0.21951219512195122, 0.24390243902439024, 0.2682926829268293, 0.29268292682926833, 0.3170731707317073, 0.34146341463414637, 0.36585365853658536, 0.3902439024390244, 0.41463414634146345, 0.43902439024390244, 0.4634146341463415, 0.4878048780487805, 0.5121951219512195, 0.5365853658536586, 0.5609756097560976, 0.5853658536585366, 0.6097560975609756, 0.6341463414634146, 0.6585365853658536, 0.6829268292682926, 0.7073170731707317, 0.7317073170731707, 0.7560975609756098, 0.7804878048780488, 0.8048780487804879, 0.8292682926829268, 0.8536585365853658, 0.8780487804878049, 0.9024390243902439, 0.9268292682926829, 0.9512195121951219, 0.975609756097561]"
1686,12,12,1e-05,uniform_gradient_pruning,8.342290926472432e-05,20,8,8,False,1537.815399991814,complete uniform-Kmax initialization + all deletion scoring + gradient relocation + exact refit validation,chord_length,"[0.05750490200957523, 0.11417490095186712, 0.16634279889048753, 0.2004939737223517, 0.23553291363202572, 0.27138953713626257, 0.3134637198713389, 0.36636368564970967, 0.40842315066494955, 0.45591607540071183, 0.5207874934996362, 0.5788030827792902, 0.6351008546419188, 0.6749643467389579, 0.7128673878158058, 0.7516093677205498, 0.792831033147249, 0.8453695606813267, 0.8967009189572535, 0.9482254024033272]"
470,12,12,1e-05,ours,0.0007697506403078353,32,20,20,False,27.589100000000002,synchronized batch-1 network forward only; input preloaded on device; final refit and verified repair excluded,network_predicted,"[0.0035305588971823454, 0.006827390752732754, 0.010397117584943771, 0.015257450751960278, 0.019604526460170746, 0.023420151323080063, 0.0261639803647995, 0.02909170277416706, 0.03809669613838196, 0.06164279580116272, 0.09014720469713211, 0.10953489691019058, 0.12155895680189133, 0.13499237596988678, 0.17195791006088257, 0.18945924937725067, 0.20652319490909576, 0.22095617651939392, 0.2370424121618271, 0.24675290286540985, 0.259756863117218, 0.29150596261024475, 0.34274980425834656, 0.3620079457759857, 0.3983965218067169, 0.5036326050758362, 0.5582969784736633, 0.6088215708732605, 0.701164722442627, 0.7723177671432495, 0.811612069606781, 0.8192839622497559]"
470,12,12,1e-05,kang_sparse_2015_adaptation,2.802918035103437e-05,40,28,28,False,1855.8291999506764,complete sparse ADMM selection + relocation + endpoint-constrained verification/fallback + final refit,chord_length,"[0.024390243902439025, 0.04878048780487805, 0.07317073170731708, 0.0975609756097561, 0.12195121951219512, 0.14634146341463417, 0.17073170731707318, 0.1951219512195122, 0.21951219512195122, 0.24390243902439024, 0.2682926829268293, 0.29268292682926833, 0.3170731707317073, 0.34146341463414637, 0.36585365853658536, 0.3902439024390244, 0.41463414634146345, 0.43902439024390244, 0.4634146341463415, 0.4878048780487805, 0.5121951219512195, 0.5365853658536586, 0.5609756097560976, 0.5853658536585366, 0.6097560975609756, 0.6341463414634146, 0.6585365853658536, 0.6829268292682926, 0.7073170731707317, 0.7317073170731707, 0.7560975609756098, 0.7804878048780488, 0.8048780487804879, 0.8292682926829268, 0.8536585365853658, 0.8780487804878049, 0.9024390243902439, 0.9268292682926829, 0.9512195121951219, 0.975609756097561]"
470,12,12,1e-05,uniform_gradient_pruning,6.036055492940004e-05,20,8,8,False,1496.683800010942,complete uniform-Kmax initialization + all deletion scoring + gradient relocation + exact refit validation,chord_length,"[0.05446979845610287, 0.10801680095113869, 0.1590976514266994, 0.20650494891562537, 0.24756700045210442, 0.2941492898271121, 0.3431162939994532, 0.39598863696728365, 0.4434105483485133, 0.48552978673603414, 0.5289457487774841, 0.5773834437211686, 0.6248983914654466, 0.6717811630855591, 0.7136500068468226, 0.7545985136725509, 0.7996276933378463, 0.8511619237987451, 0.9007880510689125, 0.949928703697153]"
3185,12,12,1e-05,ours,0.0013604255097509465,32,20,20,False,27.67955,synchronized batch-1 network forward only; input preloaded on device; final refit and verified repair excluded,network_predicted,"[0.0035837828181684017, 0.006833295803517103, 0.010804636403918266, 0.016143782064318657, 0.02072746679186821, 0.024683330208063126, 0.02793026529252529, 0.04013320058584213, 0.060718610882759094, 0.08232344686985016, 0.09853928536176682, 0.10769374668598175, 0.11593981087207794, 0.1266683042049408, 0.13895578682422638, 0.16406305134296417, 0.1788787692785263, 0.19352158904075623, 0.20838047564029694, 0.22366207838058472, 0.23951034247875214, 0.25907593965530396, 0.2767903804779053, 0.3029465973377228, 0.3978300094604492, 0.4672289788722992, 0.5200546383857727, 0.6763064861297607, 0.7221099734306335, 0.7943964600563049, 0.8234781622886658, 0.8611510992050171]"
3185,12,12,1e-05,kang_sparse_2015_adaptation,2.874198554871285e-05,40,28,28,False,1502.5175000191666,complete sparse ADMM selection + relocation + endpoint-constrained verification/fallback + final refit,chord_length,"[0.024390243902439025, 0.04878048780487805, 0.07317073170731708, 0.0975609756097561, 0.12195121951219512, 0.14634146341463417, 0.17073170731707318, 0.1951219512195122, 0.21951219512195122, 0.24390243902439024, 0.2682926829268293, 0.29268292682926833, 0.3170731707317073, 0.34146341463414637, 0.36585365853658536, 0.3902439024390244, 0.41463414634146345, 0.43902439024390244, 0.4634146341463415, 0.4878048780487805, 0.5121951219512195, 0.5365853658536586, 0.5609756097560976, 0.5853658536585366, 0.6097560975609756, 0.6341463414634146, 0.6585365853658536, 0.6829268292682926, 0.7073170731707317, 0.7317073170731707, 0.7560975609756098, 0.7804878048780488, 0.8048780487804879, 0.8292682926829268, 0.8536585365853658, 0.8780487804878049, 0.9024390243902439, 0.9268292682926829, 0.9512195121951219, 0.975609756097561]"
3185,12,12,1e-05,uniform_gradient_pruning,8.051453461537482e-05,20,8,8,False,1468.2722000288777,complete uniform-Kmax initialization + all deletion scoring + gradient relocation + exact refit validation,chord_length,"[0.05511711350134925, 0.10994717193161865, 0.16441200918491738, 0.21343529169113892, 0.25602092966234447, 0.2984636721409711, 0.3493539473987964, 0.406739168079949, 0.4477105408045034, 0.48600962801542036, 0.5253092550501495, 0.5728970938254281, 0.6202849245016289, 0.6675706411103449, 0.7083343544719622, 0.7528780600004713, 0.7953471279541833, 0.8392957940285124, 0.890512456443707, 0.9451742217740086]"
5741,13,13,1e-05,ours,0.0008737119878656343,32,19,19,False,27.54555,synchronized batch-1 network forward only; input preloaded on device; final refit and verified repair excluded,network_predicted,"[0.0051121097058057785, 0.010146557353436947, 0.015560971572995186, 0.02300296723842621, 0.0297260619699955, 0.038176555186510086, 0.048726387321949005, 0.06243965029716492, 0.07815013080835342, 0.09096726775169373, 0.10052700340747833, 0.11232220381498337, 0.12553445994853973, 0.13495823740959167, 0.14315859973430634, 0.16049090027809143, 0.192233607172966, 0.20923037827014923, 0.223332479596138, 0.24018020927906036, 0.2603948414325714, 0.2985938489437103, 0.36902764439582825, 0.4061252474784851, 0.43899431824684143, 0.5197635889053345, 0.5796738862991333, 0.6490351557731628, 0.7320548892021179, 0.7722983956336975, 0.7769798040390015, 0.8166683912277222]"
5741,13,13,1e-05,kang_sparse_2015_adaptation,2.707520869005098e-05,40,27,27,False,1530.363599944394,complete sparse ADMM selection + relocation + endpoint-constrained verification/fallback + final refit,chord_length,"[0.024390243902439025, 0.04878048780487805, 0.07317073170731708, 0.0975609756097561, 0.12195121951219512, 0.14634146341463417, 0.17073170731707318, 0.1951219512195122, 0.21951219512195122, 0.24390243902439024, 0.2682926829268293, 0.29268292682926833, 0.3170731707317073, 0.34146341463414637, 0.36585365853658536, 0.3902439024390244, 0.41463414634146345, 0.43902439024390244, 0.4634146341463415, 0.4878048780487805, 0.5121951219512195, 0.5365853658536586, 0.5609756097560976, 0.5853658536585366, 0.6097560975609756, 0.6341463414634146, 0.6585365853658536, 0.6829268292682926, 0.7073170731707317, 0.7317073170731707, 0.7560975609756098, 0.7804878048780488, 0.8048780487804879, 0.8292682926829268, 0.8536585365853658, 0.8780487804878049, 0.9024390243902439, 0.9268292682926829, 0.9512195121951219, 0.975609756097561]"
5741,13,13,1e-05,uniform_gradient_pruning,6.401214546069145e-05,20,7,7,False,1588.4656999842264,complete uniform-Kmax initialization + all deletion scoring + gradient relocation + exact refit validation,chord_length,"[0.0532568573772727, 0.1062280952276905, 0.15076782621250595, 0.1951434531721395, 0.23940895241063453, 0.2798952381478794, 0.3198745128589498, 0.3621943348866392, 0.40845261229963686, 0.4559233349478229, 0.5018504956709269, 0.5517931593897155, 0.6140105197786034, 0.6644354460257883, 0.7077731077334201, 0.7508485069565155, 0.8011345912329976, 0.849875500976133, 0.8979076743246557, 0.9485356414665338]"
6490,13,13,1e-05,ours,0.0009771900671326718,32,19,19,False,29.975,synchronized batch-1 network forward only; input preloaded on device; final refit and verified repair excluded,network_predicted,"[0.0036941110156476498, 0.007087938953191042, 0.010846249759197235, 0.015719924122095108, 0.020194094628095627, 0.030377868562936783, 0.04412941262125969, 0.05899720638990402, 0.07402129471302032, 0.08707646280527115, 0.09909069538116455, 0.11045897006988525, 0.12411478161811829, 0.13930825889110565, 0.163627028465271, 0.180951789021492, 0.19817322492599487, 0.21011090278625488, 0.21817095577716827, 0.22800150513648987, 0.24315445125102997, 0.2614865303039551, 0.2934585213661194, 0.3316947817802429, 0.3654211461544037, 0.3861314058303833, 0.5064589381217957, 0.5595553517341614, 0.641029953956604, 0.8228251338005066, 0.8253128528594971, 0.8577641844749451]"
6490,13,13,1e-05,kang_sparse_2015_adaptation,2.2991618831271478e-05,40,27,27,False,1578.120600024704,complete sparse ADMM selection + relocation + endpoint-constrained verification/fallback + final refit,chord_length,"[0.024390243902439025, 0.04878048780487805, 0.07317073170731708, 0.0975609756097561, 0.12195121951219512, 0.14634146341463417, 0.17073170731707318, 0.1951219512195122, 0.21951219512195122, 0.24390243902439024, 0.2682926829268293, 0.29268292682926833, 0.3170731707317073, 0.34146341463414637, 0.36585365853658536, 0.3902439024390244, 0.41463414634146345, 0.43902439024390244, 0.4634146341463415, 0.4878048780487805, 0.5121951219512195, 0.5365853658536586, 0.5609756097560976, 0.5853658536585366, 0.6097560975609756, 0.6341463414634146, 0.6585365853658536, 0.6829268292682926, 0.7073170731707317, 0.7317073170731707, 0.7560975609756098, 0.7804878048780488, 0.8048780487804879, 0.8292682926829268, 0.8536585365853658, 0.8780487804878049, 0.9024390243902439, 0.9268292682926829, 0.9512195121951219, 0.975609756097561]"
6490,13,13,1e-05,uniform_gradient_pruning,7.179771001478934e-05,20,7,7,False,1472.2356999991462,complete uniform-Kmax initialization + all deletion scoring + gradient relocation + exact refit validation,chord_length,"[0.050832179322884814, 0.101245775332161, 0.15043212844660103, 0.19885674164730482, 0.24066066834318356, 0.2806073341108472, 0.318976859887558, 0.3579480575740153, 0.4026034789369368, 0.4538147325126467, 0.5051070443656579, 0.5557534293625261, 0.6146801914883542, 0.6636584580501733, 0.7063354787439561, 0.7479941204692275, 0.7943063441032184, 0.8482385102444718, 0.8991251176790164, 0.9495561249011584]"
2172,13,13,1e-05,ours,0.0005939356962801044,32,19,19,False,27.1858,synchronized batch-1 network forward only; input preloaded on device; final refit and verified repair excluded,network_predicted,"[0.006220147479325533, 0.012353871949017048, 0.018685467541217804, 0.027343401685357094, 0.03480798006057739, 0.040376730263233185, 0.050308581441640854, 0.07673094421625137, 0.10651484876871109, 0.12356987595558167, 0.1406220942735672, 0.17027674615383148, 0.18132300674915314, 0.1916983276605606, 0.20325523614883423, 0.21809837222099304, 0.23240897059440613, 0.24589954316616058, 0.2646401524543762, 0.28599119186401367, 0.3065015375614166, 0.3178228735923767, 0.3421732187271118, 0.4033040404319763, 0.4616151750087738, 0.514541506767273, 0.5755807757377625, 0.6455429196357727, 0.6880927681922913, 0.806220293045044, 0.8094448447227478, 0.8521868586540222]"
2172,13,13,1e-05,kang_sparse_2015_adaptation,2.9210165003561405e-05,40,27,27,False,1630.0959999789484,complete sparse ADMM selection + relocation + endpoint-constrained verification/fallback + final refit,chord_length,"[0.024390243902439025, 0.04878048780487805, 0.07317073170731708, 0.0975609756097561, 0.12195121951219512, 0.14634146341463417, 0.17073170731707318, 0.1951219512195122, 0.21951219512195122, 0.24390243902439024, 0.2682926829268293, 0.29268292682926833, 0.3170731707317073, 0.34146341463414637, 0.36585365853658536, 0.3902439024390244, 0.41463414634146345, 0.43902439024390244, 0.4634146341463415, 0.4878048780487805, 0.5121951219512195, 0.5365853658536586, 0.5609756097560976, 0.5853658536585366, 0.6097560975609756, 0.6341463414634146, 0.6585365853658536, 0.6829268292682926, 0.7073170731707317, 0.7317073170731707, 0.7560975609756098, 0.7804878048780488, 0.8048780487804879, 0.8292682926829268, 0.8536585365853658, 0.8780487804878049, 0.9024390243902439, 0.9268292682926829, 0.9512195121951219, 0.975609756097561]"
2172,13,13,1e-05,uniform_gradient_pruning,9.416584025826777e-05,20,7,7,False,1413.161600008607,complete uniform-Kmax initialization + all deletion scoring + gradient relocation + exact refit validation,chord_length,"[0.056674961289852784, 0.11334992875860518, 0.16956330297147493, 0.22056080240220965, 0.26680935635947456, 0.31558353340192885, 0.3671853913704101, 0.41617780997803905, 0.45865862673334024, 0.49877720774209244, 0.5378889273159547, 0.5721294450162415, 0.6163761168762849, 0.6620250396346667, 0.7096117463251718, 0.7624566186213436, 0.817071414926946, 0.8672450982820803, 0.9123460901877547, 0.9560709662280106]"
4385,14,14,1e-05,ours,0.0024303986860398003,32,18,18,False,27.3344,synchronized batch-1 network forward only; input preloaded on device; final refit and verified repair excluded,network_predicted,"[0.004090673290193081, 0.007937762886285782, 0.012266621924936771, 0.018267611041665077, 0.023587925359606743, 0.028327926993370056, 0.03745438903570175, 0.05481630563735962, 0.09294482320547104, 0.1258079558610916, 0.1416701227426529, 0.15402235090732574, 0.16498206555843353, 0.1852232664823532, 0.1946827918291092, 0.20196589827537537, 0.2117580771446228, 0.2271951586008072, 0.24041886627674103, 0.2543848156929016, 0.2765582203865051, 0.3077145218849182, 0.3309808671474457, 0.36089012026786804, 0.4245387315750122, 0.4988206923007965, 0.5401524901390076, 0.6621730923652649, 0.7428978681564331, 0.8038839101791382, 0.8354337811470032, 0.8492940068244934]"
4385,14,14,1e-05,kang_sparse_2015_adaptation,3.58105804237817e-05,40,26,26,False,1668.392100080382,complete sparse ADMM selection + relocation + endpoint-constrained verification/fallback + final refit,chord_length,"[0.024390243902439025, 0.04878048780487805, 0.07317073170731708, 0.0975609756097561, 0.12195121951219512, 0.14634146341463417, 0.17073170731707318, 0.1951219512195122, 0.21951219512195122, 0.24390243902439024, 0.2682926829268293, 0.29268292682926833, 0.3170731707317073, 0.34146341463414637, 0.36585365853658536, 0.3902439024390244, 0.41463414634146345, 0.43902439024390244, 0.4634146341463415, 0.4878048780487805, 0.5121951219512195, 0.5365853658536586, 0.5609756097560976, 0.5853658536585366, 0.6097560975609756, 0.6341463414634146, 0.6585365853658536, 0.6829268292682926, 0.7073170731707317, 0.7317073170731707, 0.7560975609756098, 0.7804878048780488, 0.8048780487804879, 0.8292682926829268, 0.8536585365853658, 0.8780487804878049, 0.9024390243902439, 0.9268292682926829, 0.9512195121951219, 0.975609756097561]"
4385,14,14,1e-05,uniform_gradient_pruning,0.00019820683522548226,20,6,6,False,1401.1163999675773,complete uniform-Kmax initialization + all deletion scoring + gradient relocation + exact refit validation,chord_length,"[0.05315177200170825, 0.1063034114238949, 0.1594468588239434, 0.2125524267779504, 0.26514525568245306, 0.3097970505924167, 0.3535844749347622, 0.3971917152013402, 0.4407367062182533, 0.4842887935442383, 0.5330928148613998, 0.5830883932369297, 0.632761296570559, 0.6822841681577629, 0.7321635590684881, 0.7822335397306083, 0.8258202121429294, 0.8693788287828152, 0.9129236732401009, 0.9564597533392865]"
4667,14,14,1e-05,ours,0.001502081688355309,32,18,18,False,28.90755,synchronized batch-1 network forward only; input preloaded on device; final refit and verified repair excluded,network_predicted,"[0.002735772402957082, 0.007862862199544907, 0.011253378354012966, 0.014882341958582401, 0.021773332729935646, 0.03288859501481056, 0.043907999992370605, 0.05487233027815819, 0.06755529344081879, 0.08325893431901932, 0.0978233590722084, 0.10689830034971237, 0.11596934497356415, 0.12853749096393585, 0.14005650579929352, 0.17228081822395325, 0.2149665355682373, 0.2531384229660034, 0.27081289887428284, 0.2886458933353424, 0.31877902150154114, 0.3463099002838135, 0.37710046768188477, 0.42257577180862427, 0.4451422691345215, 0.49462029337882996, 0.554396390914917, 0.6183833479881287, 0.6724344491958618, 0.7596853971481323, 0.7927884459495544, 0.7993475198745728]"
4667,14,14,1e-05,kang_sparse_2015_adaptation,4.123077034413061e-05,40,26,26,False,1780.0962000037543,complete sparse ADMM selection + relocation + endpoint-constrained verification/fallback + final refit,chord_length,"[0.024390243902439025, 0.04878048780487805, 0.07317073170731708, 0.0975609756097561, 0.12195121951219512, 0.14634146341463417, 0.17073170731707318, 0.1951219512195122, 0.21951219512195122, 0.24390243902439024, 0.2682926829268293, 0.29268292682926833, 0.3170731707317073, 0.34146341463414637, 0.36585365853658536, 0.3902439024390244, 0.41463414634146345, 0.43902439024390244, 0.4634146341463415, 0.4878048780487805, 0.5121951219512195, 0.5365853658536586, 0.5609756097560976, 0.5853658536585366, 0.6097560975609756, 0.6341463414634146, 0.6585365853658536, 0.6829268292682926, 0.7073170731707317, 0.7317073170731707, 0.7560975609756098, 0.7804878048780488, 0.8048780487804879, 0.8292682926829268, 0.8536585365853658, 0.8780487804878049, 0.9024390243902439, 0.9268292682926829, 0.9512195121951219, 0.975609756097561]"
4667,14,14,1e-05,uniform_gradient_pruning,0.00010761759399634766,20,6,6,False,1505.8953000116162,complete uniform-Kmax initialization + all deletion scoring + gradient relocation + exact refit validation,chord_length,"[0.04385746813460963, 0.08741606527659528, 0.13024366086362152, 0.17498404233061446, 0.22275197409266587, 0.2697802430185079, 0.315454606133781, 0.3614984264403338, 0.41150232919601654, 0.46325685897406815, 0.5063712302436782, 0.5476491968919972, 0.592160643204842, 0.6501708173387919, 0.711901720891755, 0.7670156213546013, 0.8147089092441112, 0.859509894872503, 0.9057049011366676, 0.9528524505683338]"
2316,14,14,1e-05,ours,0.001385005791197477,32,18,18,False,29.4047,synchronized batch-1 network forward only; input preloaded on device; final refit and verified repair excluded,network_predicted,"[0.004849606659263372, 0.009765696711838245, 0.014746913686394691, 0.021490691229701042, 0.027442829683423042, 0.03170767426490784, 0.04253323748707771, 0.077568918466568, 0.11211471259593964, 0.1308993697166443, 0.14890940487384796, 0.16464872658252716, 0.18463031947612762, 0.20007622241973877, 0.21706849336624146, 0.22893546521663666, 0.24387302994728088, 0.2626767158508301, 0.27504950761795044, 0.28880155086517334, 0.3063544034957886, 0.3305376470088959, 0.3704585134983063, 0.4120716452598572, 0.4702848494052887, 0.5392795205116272, 0.6066858172416687, 0.6484884023666382, 0.7517402172088623, 0.7840391993522644, 0.804781436920166, 0.8254978656768799]"
2316,14,14,1e-05,kang_sparse_2015_adaptation,3.5007905504593635e-05,40,26,26,False,1610.7818999444135,complete sparse ADMM selection + relocation + endpoint-constrained verification/fallback + final refit,chord_length,"[0.024390243902439025, 0.04878048780487805, 0.07317073170731708, 0.0975609756097561, 0.12195121951219512, 0.14634146341463417, 0.17073170731707318, 0.1951219512195122, 0.21951219512195122, 0.24390243902439024, 0.2682926829268293, 0.29268292682926833, 0.3170731707317073, 0.34146341463414637, 0.36585365853658536, 0.3902439024390244, 0.41463414634146345, 0.43902439024390244, 0.4634146341463415, 0.4878048780487805, 0.5121951219512195, 0.5365853658536586, 0.5609756097560976, 0.5853658536585366, 0.6097560975609756, 0.6341463414634146, 0.6585365853658536, 0.6829268292682926, 0.7073170731707317, 0.7317073170731707, 0.7560975609756098, 0.7804878048780488, 0.8048780487804879, 0.8292682926829268, 0.8536585365853658, 0.8780487804878049, 0.9024390243902439, 0.9268292682926829, 0.9512195121951219, 0.975609756097561]"
2316,14,14,1e-05,uniform_gradient_pruning,0.0001003480460855141,20,6,6,False,1491.9794999877922,complete uniform-Kmax initialization + all deletion scoring + gradient relocation + exact refit validation,chord_length,"[0.05253637427847438, 0.10504525371763532, 0.15762475798385622, 0.21065221275969492, 0.25595972968220954, 0.29678637280660874, 0.33530864062074156, 0.37289264700032415, 0.41192243395643635, 0.45687024854242086, 0.5137874950122876, 0.5801636651967212, 0.6329706819942301, 0.6783817525178167, 0.7175439286806079, 0.7571625318026122, 0.8026109292392207, 0.8488065502703708, 0.8978226232525047, 0.948843737370105]"
199,15,15,1e-05,ours,0.0005544513106240247,32,17,17,False,28.58435,synchronized batch-1 network forward only; input preloaded on device; final refit and verified repair excluded,network_predicted,"[0.002941629383713007, 0.010085901245474815, 0.018670331686735153, 0.02620433270931244, 0.03297559171915054, 0.038201913237571716, 0.04278009012341499, 0.07320791482925415, 0.10516801476478577, 0.11604022979736328, 0.12799878418445587, 0.1438782662153244, 0.16909220814704895, 0.18512408435344696, 0.2067723423242569, 0.22869332134723663, 0.24675211310386658, 0.2639671862125397, 0.2811516523361206, 0.29734838008880615, 0.31295260787010193, 0.3353796601295471, 0.37381279468536377, 0.41586652398109436, 0.4630700349807739, 0.5185402035713196, 0.5881322026252747, 0.6462299823760986, 0.7517181038856506, 0.7877124547958374, 0.8044795989990234, 0.8359693288803101]"
199,15,15,1e-05,kang_sparse_2015_adaptation,3.961150302314339e-05,40,25,25,False,1619.9146999861114,complete sparse ADMM selection + relocation + endpoint-constrained verification/fallback + final refit,chord_length,"[0.024390243902439025, 0.04878048780487805, 0.07317073170731708, 0.0975609756097561, 0.12195121951219512, 0.14634146341463417, 0.17073170731707318, 0.1951219512195122, 0.21951219512195122, 0.24390243902439024, 0.2682926829268293, 0.29268292682926833, 0.3170731707317073, 0.34146341463414637, 0.36585365853658536, 0.3902439024390244, 0.41463414634146345, 0.43902439024390244, 0.4634146341463415, 0.4878048780487805, 0.5121951219512195, 0.5365853658536586, 0.5609756097560976, 0.5853658536585366, 0.6097560975609756, 0.6341463414634146, 0.6585365853658536, 0.6829268292682926, 0.7073170731707317, 0.7317073170731707, 0.7560975609756098, 0.7804878048780488, 0.8048780487804879, 0.8292682926829268, 0.8536585365853658, 0.8780487804878049, 0.9024390243902439, 0.9268292682926829, 0.9512195121951219, 0.975609756097561]"
199,15,15,1e-05,uniform_gradient_pruning,0.00011722536733023202,20,5,5,False,1684.598800027743,complete uniform-Kmax initialization + all deletion scoring + gradient relocation + exact refit validation,chord_length,"[0.0527800135909924, 0.1055600271819848, 0.15829025286611217, 0.2054424391343699, 0.25170307649097057, 0.29673883426068903, 0.34003853169943477, 0.38279566234593415, 0.426537557331503, 0.471436413876077, 0.5162724971331303, 0.5606612009237831, 0.6110753417314094, 0.661503620635625, 0.7131069096882335, 0.7654237028641524, 0.8161404867186293, 0.8636129781527058, 0.9091486721098453, 0.9545628136576599]"
4455,15,15,1e-05,ours,0.0008151222720549186,32,17,17,False,27.42115,synchronized batch-1 network forward only; input preloaded on device; final refit and verified repair excluded,network_predicted,"[0.0049470276571810246, 0.009866371750831604, 0.014798926189541817, 0.021452827379107475, 0.027155665680766106, 0.031599048525094986, 0.05401819199323654, 0.08144161105155945, 0.09456513822078705, 0.10212861001491547, 0.10945186764001846, 0.11896883696317673, 0.1352311074733734, 0.16607323288917542, 0.1847228705883026, 0.19961510598659515, 0.21225319802761078, 0.22734983265399933, 0.2443704754114151, 0.2640446722507477, 0.28283190727233887, 0.3045724928379059, 0.3452952206134796, 0.4037235975265503, 0.4609217643737793, 0.4887356162071228, 0.6068784594535828, 0.7327435612678528, 0.7665674686431885, 0.8219597339630127, 0.8549789786338806, 0.8902086019515991]"
4455,15,15,1e-05,kang_sparse_2015_adaptation,4.475820521529036e-05,40,25,25,False,1952.4154999526218,complete sparse ADMM selection + relocation + endpoint-constrained verification/fallback + final refit,chord_length,"[0.024390243902439025, 0.04878048780487805, 0.07317073170731708, 0.0975609756097561, 0.12195121951219512, 0.14634146341463417, 0.17073170731707318, 0.1951219512195122, 0.21951219512195122, 0.24390243902439024, 0.2682926829268293, 0.29268292682926833, 0.3170731707317073, 0.34146341463414637, 0.36585365853658536, 0.3902439024390244, 0.41463414634146345, 0.43902439024390244, 0.4634146341463415, 0.4878048780487805, 0.5121951219512195, 0.5365853658536586, 0.5609756097560976, 0.5853658536585366, 0.6097560975609756, 0.6341463414634146, 0.6585365853658536, 0.6829268292682926, 0.7073170731707317, 0.7317073170731707, 0.7560975609756098, 0.7804878048780488, 0.8048780487804879, 0.8292682926829268, 0.8536585365853658, 0.8780487804878049, 0.9024390243902439, 0.9268292682926829, 0.9512195121951219, 0.975609756097561]"
4455,15,15,1e-05,uniform_gradient_pruning,0.00015043305133733605,20,5,5,False,1639.688799972646,complete uniform-Kmax initialization + all deletion scoring + gradient relocation + exact refit validation,chord_length,"[0.0636601190372042, 0.12394373775372758, 0.16528087039398923, 0.19878267053669518, 0.233049882539316, 0.2781142493659009, 0.3290866773943476, 0.3855122234005453, 0.44543556112691063, 0.5080823148034019, 0.5517448116900382, 0.5960088412000465, 0.6441723489673563, 0.6946165196430271, 0.7473143940668836, 0.7886697279153598, 0.829860085706802, 0.870237581783661, 0.9104390085188941, 0.9521142834731402]"
2482,15,15,1e-05,ours,0.0020875844887789023,32,17,17,False,28.005499999999998,synchronized batch-1 network forward only; input preloaded on device; final refit and verified repair excluded,network_predicted,"[0.0034416913986206055, 0.008997203782200813, 0.014659645967185497, 0.020132072269916534, 0.028473567217588425, 0.040261298418045044, 0.05701019987463951, 0.08459116518497467, 0.10637835413217545, 0.12096647173166275, 0.1390710026025772, 0.18259888887405396, 0.2105908989906311, 0.23283691704273224, 0.25092482566833496, 0.2688352167606354, 0.2843160033226013, 0.3017178475856781, 0.3182418942451477, 0.33828091621398926, 0.36476194858551025, 0.38875457644462585, 0.41802409291267395, 0.4568532109260559, 0.5119023323059082, 0.5739743113517761, 0.6271200180053711, 0.6833657622337341, 0.7652193307876587, 0.7984280586242676, 0.815974771976471, 0.8341871500015259]"
2482,15,15,1e-05,kang_sparse_2015_adaptation,5.1042008388238045e-05,40,25,25,False,1955.6309999898076,complete sparse ADMM selection + relocation + endpoint-constrained verification/fallback + final refit,chord_length,"[0.024390243902439025, 0.04878048780487805, 0.07317073170731708, 0.0975609756097561, 0.12195121951219512, 0.14634146341463417, 0.17073170731707318, 0.1951219512195122, 0.21951219512195122, 0.24390243902439024, 0.2682926829268293, 0.29268292682926833, 0.3170731707317073, 0.34146341463414637, 0.36585365853658536, 0.3902439024390244, 0.41463414634146345, 0.43902439024390244, 0.4634146341463415, 0.4878048780487805, 0.5121951219512195, 0.5365853658536586, 0.5609756097560976, 0.5853658536585366, 0.6097560975609756, 0.6341463414634146, 0.6585365853658536, 0.6829268292682926, 0.7073170731707317, 0.7317073170731707, 0.7560975609756098, 0.7804878048780488, 0.8048780487804879, 0.8292682926829268, 0.8536585365853658, 0.8780487804878049, 0.9024390243902439, 0.9268292682926829, 0.9512195121951219, 0.975609756097561]"
2482,15,15,1e-05,uniform_gradient_pruning,0.00012954511455623744,20,5,5,False,1523.6826000036672,complete uniform-Kmax initialization + all deletion scoring + gradient relocation + exact refit validation,chord_length,"[0.04428578897206992, 0.08772564848847461, 0.13048489963311127, 0.17432392668206922, 0.2202564079700834, 0.26686669587753536, 0.3097348971111363, 0.35363710111873065, 0.39573697638798905, 0.43721366742548606, 0.4808512301649784, 0.5374739535076396, 0.599833234883139, 0.6585403539374906, 0.7148418816129003, 0.7674893257344049, 0.8131688466838891, 0.8564164219691452, 0.9018963344344146, 0.9503252290849571]"
4777,16,16,1e-05,ours,0.0013369262439229862,32,16,16,False,28.33395,synchronized batch-1 network forward only; input preloaded on device; final refit and verified repair excluded,network_predicted,"[0.0040283482521772385, 0.007955184206366539, 0.01200961321592331, 0.017473088577389717, 0.02220156230032444, 0.02543206326663494, 0.028335444629192352, 0.04606999456882477, 0.07303781807422638, 0.09390358626842499, 0.10853828489780426, 0.1191491112112999, 0.12906299531459808, 0.15104174613952637, 0.173868328332901, 0.1895815134048462, 0.20183613896369934, 0.21519778668880463, 0.23230881989002228, 0.2502022385597229, 0.26779159903526306, 0.2892548739910126, 0.3150472342967987, 0.3399522304534912, 0.41503745317459106, 0.504661500453949, 0.5337647199630737, 0.656176745891571, 0.7212915420532227, 0.8138917684555054, 0.8165186047554016, 0.845013439655304]"
4777,16,16,1e-05,kang_sparse_2015_adaptation,4.7018100339881114e-05,40,24,24,False,1960.3231999790296,complete sparse ADMM selection + relocation + endpoint-constrained verification/fallback + final refit,chord_length,"[0.024390243902439025, 0.04878048780487805, 0.07317073170731708, 0.0975609756097561, 0.12195121951219512, 0.14634146341463417, 0.17073170731707318, 0.1951219512195122, 0.21951219512195122, 0.24390243902439024, 0.2682926829268293, 0.29268292682926833, 0.3170731707317073, 0.34146341463414637, 0.36585365853658536, 0.3902439024390244, 0.41463414634146345, 0.43902439024390244, 0.4634146341463415, 0.4878048780487805, 0.5121951219512195, 0.5365853658536586, 0.5609756097560976, 0.5853658536585366, 0.6097560975609756, 0.6341463414634146, 0.6585365853658536, 0.6829268292682926, 0.7073170731707317, 0.7317073170731707, 0.7560975609756098, 0.7804878048780488, 0.8048780487804879, 0.8292682926829268, 0.8536585365853658, 0.8780487804878049, 0.9024390243902439, 0.9268292682926829, 0.9512195121951219, 0.975609756097561]"
4777,16,16,1e-05,uniform_gradient_pruning,0.0002080142900981586,20,4,4,False,1655.684299999848,complete uniform-Kmax initialization + all deletion scoring + gradient relocation + exact refit validation,chord_length,"[0.04567951631166362, 0.09098988552162843, 0.13613973609785018, 0.18295388738013754, 0.23300680182690675, 0.28636082607929303, 0.34059350233226166, 0.39295332510795766, 0.4432731404875261, 0.494058946951333, 0.5451700469587492, 0.5909101928969887, 0.637163213776054, 0.6840741078918593, 0.7313461743422963, 0.7782965489881095, 0.823696198173867, 0.8677808794021882, 0.9116919616590148, 0.9558459808295074]"
5994,16,16,1e-05,ours,0.002028194049858049,32,16,16,False,27.73225,synchronized batch-1 network forward only; input preloaded on device; final refit and verified repair excluded,network_predicted,"[0.004756670445203781, 0.009283965453505516, 0.014055583626031876, 0.02037789858877659, 0.025700904428958893, 0.03478802740573883, 0.058952584862709045, 0.08755005151033401, 0.10553737729787827, 0.11852637678384781, 0.132904514670372, 0.14740386605262756, 0.18991470336914062, 0.21378245949745178, 0.229694202542305, 0.24054162204265594, 0.25239863991737366, 0.2629491686820984, 0.280051052570343, 0.30498427152633667, 0.3342192471027374, 0.35871559381484985, 0.3849851191043854, 0.4149229824542999, 0.45494771003723145, 0.5100080370903015, 0.5915638208389282, 0.6090332865715027, 0.7807111144065857, 0.8197459578514099, 0.8226543664932251, 0.8520181179046631]"
5994,16,16,1e-05,kang_sparse_2015_adaptation,5.195804210660905e-05,40,24,24,False,1570.5865999916568,complete sparse ADMM selection + relocation + endpoint-constrained verification/fallback + final refit,chord_length,"[0.024390243902439025, 0.04878048780487805, 0.07317073170731708, 0.0975609756097561, 0.12195121951219512, 0.14634146341463417, 0.17073170731707318, 0.1951219512195122, 0.21951219512195122, 0.24390243902439024, 0.2682926829268293, 0.29268292682926833, 0.3170731707317073, 0.34146341463414637, 0.36585365853658536, 0.3902439024390244, 0.41463414634146345, 0.43902439024390244, 0.4634146341463415, 0.4878048780487805, 0.5121951219512195, 0.5365853658536586, 0.5609756097560976, 0.5853658536585366, 0.6097560975609756, 0.6341463414634146, 0.6585365853658536, 0.6829268292682926, 0.7073170731707317, 0.7317073170731707, 0.7560975609756098, 0.7804878048780488, 0.8048780487804879, 0.8292682926829268, 0.8536585365853658, 0.8780487804878049, 0.9024390243902439, 0.9268292682926829, 0.9512195121951219, 0.975609756097561]"
5994,16,16,1e-05,uniform_gradient_pruning,0.00013169895871008975,20,4,4,False,1585.7974999817088,complete uniform-Kmax initialization + all deletion scoring + gradient relocation + exact refit validation,chord_length,"[0.04399048623175924, 0.08794642289853744, 0.13166191981386327, 0.1757231523195402, 0.22059167684876677, 0.26588863858082473, 0.31208007140769517, 0.3651914074322976, 0.4176358536481264, 0.469735931398534, 0.5212881707077139, 0.57273407558411, 0.6254698130591481, 0.6795621542438719, 0.7335534278833421, 0.7853839610231027, 0.8276849601478169, 0.8702356392886738, 0.9131334422864195, 0.9565417144286017]"
6033,16,16,1e-05,ours,0.0014336228470868504,32,16,16,False,29.207900000000002,synchronized batch-1 network forward only; input preloaded on device; final refit and verified repair excluded,network_predicted,"[0.004929075948894024, 0.009845660999417305, 0.014847195707261562, 0.02159828692674637, 0.027478566393256187, 0.035701800137758255, 0.05195765942335129, 0.078022301197052, 0.10000507533550262, 0.1139851063489914, 0.12856361269950867, 0.14225023984909058, 0.1518581062555313, 0.17709846794605255, 0.1985863447189331, 0.21654729545116425, 0.22808904945850372, 0.24027307331562042, 0.2527790665626526, 0.26776647567749023, 0.2880500257015228, 0.3196263909339905, 0.36036816239356995, 0.3937033414840698, 0.4519796371459961, 0.5305765271186829, 0.5777007937431335, 0.635962963104248, 0.7395041584968567, 0.7816777229309082, 0.7890737056732178, 0.8330737948417664]"
6033,16,16,1e-05,kang_sparse_2015_adaptation,4.850847951741854e-05,40,24,24,False,1856.979699980002,complete sparse ADMM selection + relocation + endpoint-constrained verification/fallback + final refit,chord_length,"[0.024390243902439025, 0.04878048780487805, 0.07317073170731708, 0.0975609756097561, 0.12195121951219512, 0.14634146341463417, 0.17073170731707318, 0.1951219512195122, 0.21951219512195122, 0.24390243902439024, 0.2682926829268293, 0.29268292682926833, 0.3170731707317073, 0.34146341463414637, 0.36585365853658536, 0.3902439024390244, 0.41463414634146345, 0.43902439024390244, 0.4634146341463415, 0.4878048780487805, 0.5121951219512195, 0.5365853658536586, 0.5609756097560976, 0.5853658536585366, 0.6097560975609756, 0.6341463414634146, 0.6585365853658536, 0.6829268292682926, 0.7073170731707317, 0.7317073170731707, 0.7560975609756098, 0.7804878048780488, 0.8048780487804879, 0.8292682926829268, 0.8536585365853658, 0.8780487804878049, 0.9024390243902439, 0.9268292682926829, 0.9512195121951219, 0.975609756097561]"
6033,16,16,1e-05,uniform_gradient_pruning,0.0001397187113984301,20,4,4,False,1493.8391999457963,complete uniform-Kmax initialization + all deletion scoring + gradient relocation + exact refit validation,chord_length,"[0.05464893786290945, 0.10657456337454607, 0.15414006653882714, 0.20206219226243477, 0.24684066966184548, 0.2902602723193554, 0.3326169633367604, 0.3755435366941413, 0.42032634661311863, 0.47132907915831757, 0.522266676842575, 0.5721320239006334, 0.6217067560919609, 0.6724464163392785, 0.725997141319785, 0.7763229111576465, 0.8255263895569788, 0.8708739847614475, 0.913848123344147, 0.9568718866668311]"
3767,17,17,1e-05,ours,0.001983238627127811,32,15,15,False,26.75865,synchronized batch-1 network forward only; input preloaded on device; final refit and verified repair excluded,network_predicted,"[0.004052435047924519, 0.00791812315583229, 0.012114204466342926, 0.017677586525678635, 0.023323817178606987, 0.03272908180952072, 0.0436089001595974, 0.060391057282686234, 0.08457668870687485, 0.10256855934858322, 0.1122463271021843, 0.12216930836439133, 0.1351247876882553, 0.14954645931720734, 0.18691806495189667, 0.20285245776176453, 0.2123904675245285, 0.22214433550834656, 0.2359941303730011, 0.251777321100235, 0.275623083114624, 0.3047187924385071, 0.32871654629707336, 0.3477730453014374, 0.4397529363632202, 0.5124959349632263, 0.5578731298446655, 0.6772550940513611, 0.7515411972999573, 0.7988408207893372, 0.8167221546173096, 0.8333669304847717]"
3767,17,17,1e-05,kang_sparse_2015_adaptation,4.844387694177675e-05,40,23,23,False,1991.4926000055857,complete sparse ADMM selection + relocation + endpoint-constrained verification/fallback + final refit,chord_length,"[0.024390243902439025, 0.04878048780487805, 0.07317073170731708, 0.0975609756097561, 0.12195121951219512, 0.14634146341463417, 0.17073170731707318, 0.1951219512195122, 0.21951219512195122, 0.24390243902439024, 0.2682926829268293, 0.29268292682926833, 0.3170731707317073, 0.34146341463414637, 0.36585365853658536, 0.3902439024390244, 0.41463414634146345, 0.43902439024390244, 0.4634146341463415, 0.4878048780487805, 0.5121951219512195, 0.5365853658536586, 0.5609756097560976, 0.5853658536585366, 0.6097560975609756, 0.6341463414634146, 0.6585365853658536, 0.6829268292682926, 0.7073170731707317, 0.7317073170731707, 0.7560975609756098, 0.7804878048780488, 0.8048780487804879, 0.8292682926829268, 0.8536585365853658, 0.8780487804878049, 0.9024390243902439, 0.9268292682926829, 0.9512195121951219, 0.975609756097561]"
3767,17,17,1e-05,uniform_gradient_pruning,0.0003408100605566999,20,3,3,False,1613.6291999719106,complete uniform-Kmax initialization + all deletion scoring + gradient relocation + exact refit validation,chord_length,"[0.05443494128319506, 0.10761783659794007, 0.1580902239297851, 0.20594060529555583, 0.2520174328004844, 0.2972175885947996, 0.3426467902427533, 0.38941819638964564, 0.4395999016105246, 0.49151403392257137, 0.543914170012943, 0.5945429975364334, 0.6436032157158382, 0.6909511457713781, 0.7369063183633701, 0.78172046202092, 0.8254509933323698, 0.8686935286003601, 0.9121989978607337, 0.9560711323058304]"
5888,17,17,1e-05,ours,0.0030451304970741783,32,15,15,False,34.16615,synchronized batch-1 network forward only; input preloaded on device; final refit and verified repair excluded,network_predicted,"[0.0026503975968807936, 0.006867565214633942, 0.011281102895736694, 0.015819396823644638, 0.020400086417794228, 0.024773061275482178, 0.02828734554350376, 0.031135214492678642, 0.03464331105351448, 0.04219869151711464, 0.06333649158477783, 0.08676782995462418, 0.10082162171602249, 0.11003156006336212, 0.12174146622419357, 0.1368560492992401, 0.16126862168312073, 0.19325964152812958, 0.21085911989212036, 0.22564999759197235, 0.24247290194034576, 0.2665511965751648, 0.3103145956993103, 0.380761981010437, 0.4451667070388794, 0.5021886825561523, 0.5490332841873169, 0.617103099822998, 0.7383583784103394, 0.7810131311416626, 0.8126916289329529, 0.8205352425575256]"
5888,17,17,1e-05,kang_sparse_2015_adaptation,6.255189621072059e-05,40,23,23,False,1929.902800009586,complete sparse ADMM selection + relocation + endpoint-constrained verification/fallback + final refit,chord_length,"[0.024390243902439025, 0.04878048780487805, 0.07317073170731708, 0.0975609756097561, 0.12195121951219512, 0.14634146341463417, 0.17073170731707318, 0.1951219512195122, 0.21951219512195122, 0.24390243902439024, 0.2682926829268293, 0.29268292682926833, 0.3170731707317073, 0.34146341463414637, 0.36585365853658536, 0.3902439024390244, 0.41463414634146345, 0.43902439024390244, 0.4634146341463415, 0.4878048780487805, 0.5121951219512195, 0.5365853658536586, 0.5609756097560976, 0.5853658536585366, 0.6097560975609756, 0.6341463414634146, 0.6585365853658536, 0.6829268292682926, 0.7073170731707317, 0.7317073170731707, 0.7560975609756098, 0.7804878048780488, 0.8048780487804879, 0.8292682926829268, 0.8536585365853658, 0.8780487804878049, 0.9024390243902439, 0.9268292682926829, 0.9512195121951219, 0.975609756097561]"
5888,17,17,1e-05,uniform_gradient_pruning,0.0002974712254323004,20,3,3,False,1444.924200011883,complete uniform-Kmax initialization + all deletion scoring + gradient relocation + exact refit validation,chord_length,"[0.05142315285463706, 0.10224654236785523, 0.15172450836353024, 0.20043763292565153, 0.24861042706270753, 0.2967208827418919, 0.3450045100194592, 0.39296290695398023, 0.44057313541713555, 0.48846347216574465, 0.5381320207442137, 0.5877250983978655, 0.6374695009952813, 0.6869267460900413, 0.7350633881703663, 0.7812473969678213, 0.8256381723388019, 0.8690240961890415, 0.9124565818254451, 0.9562282909127225]"
6418,17,17,1e-05,ours,0.0025922112324896452,32,15,15,False,27.8632,synchronized batch-1 network forward only; input preloaded on device; final refit and verified repair excluded,network_predicted,"[0.005252704955637455, 0.010404117405414581, 0.015953414142131805, 0.023396844044327736, 0.035044729709625244, 0.05868478864431381, 0.0819026529788971, 0.09940394014120102, 0.1128716692328453, 0.12472393363714218, 0.1362336426973343, 0.1453602910041809, 0.1532002091407776, 0.16051705181598663, 0.17092543840408325, 0.19765114784240723, 0.20772893726825714, 0.22056430578231812, 0.23448124527931213, 0.25241830945014954, 0.27245813608169556, 0.29511022567749023, 0.3281164765357971, 0.3690577745437622, 0.40184590220451355, 0.4480312466621399, 0.5390002131462097, 0.6174550652503967, 0.6709715127944946, 0.7850196361541748, 0.8173365592956543, 0.8356212377548218]"
6418,17,17,1e-05,kang_sparse_2015_adaptation,4.5610083291877503e-05,40,23,23,False,1580.9438999858685,complete sparse ADMM selection + relocation + endpoint-constrained verification/fallback + final refit,chord_length,"[0.024390243902439025, 0.04878048780487805, 0.07317073170731708, 0.0975609756097561, 0.12195121951219512, 0.14634146341463417, 0.17073170731707318, 0.1951219512195122, 0.21951219512195122, 0.24390243902439024, 0.2682926829268293, 0.29268292682926833, 0.3170731707317073, 0.34146341463414637, 0.36585365853658536, 0.3902439024390244, 0.41463414634146345, 0.43902439024390244, 0.4634146341463415, 0.4878048780487805, 0.5121951219512195, 0.5365853658536586, 0.5609756097560976, 0.5853658536585366, 0.6097560975609756, 0.6341463414634146, 0.6585365853658536, 0.6829268292682926, 0.7073170731707317, 0.7317073170731707, 0.7560975609756098, 0.7804878048780488, 0.8048780487804879, 0.8292682926829268, 0.8536585365853658, 0.8780487804878049, 0.9024390243902439, 0.9268292682926829, 0.9512195121951219, 0.975609756097561]"
6418,17,17,1e-05,uniform_gradient_pruning,0.0002502461648456044,20,3,3,False,1631.7612999700941,complete uniform-Kmax initialization + all deletion scoring + gradient relocation + exact refit validation,chord_length,"[0.05571298100439522, 0.11093679442313087, 0.16277822419235877, 0.21034646749469127, 0.2551358119031347, 0.2986125784712831, 0.3416007476025151, 0.384647544926082, 0.43000044804146376, 0.48243403248379935, 0.535400331812023, 0.5844802480037337, 0.6305617406911128, 0.6740080645123554, 0.7157447772750322, 0.7569239942498833, 0.7994114004743456, 0.8452085176398004, 0.8946107732841242, 0.9469645581740966]"
2761,18,18,1e-05,ours,0.0021095706729448824,32,14,14,False,29.45745,synchronized batch-1 network forward only; input preloaded on device; final refit and verified repair excluded,network_predicted,"[0.003983194008469582, 0.010564155876636505, 0.01739891804754734, 0.02419162727892399, 0.03050059638917446, 0.035056743770837784, 0.038881316781044006, 0.06403803825378418, 0.09760799258947372, 0.11619652807712555, 0.12990467250347137, 0.16710275411605835, 0.1907455027103424, 0.20894740521907806, 0.220492422580719, 0.23435449600219727, 0.25118792057037354, 0.2736194133758545, 0.2921925485134125, 0.3123929500579834, 0.3443746268749237, 0.37643730640411377, 0.40579548478126526, 0.4450816214084625, 0.5072668194770813, 0.5763223767280579, 0.6046262979507446, 0.6985437870025635, 0.7947011590003967, 0.8210562467575073, 0.82679283618927, 0.8584805727005005]"
2761,18,18,1e-05,kang_sparse_2015_adaptation,7.203580270874791e-05,40,22,22,False,1682.664499967359,complete sparse ADMM selection + relocation + endpoint-constrained verification/fallback + final refit,chord_length,"[0.024390243902439025, 0.04878048780487805, 0.07317073170731708, 0.0975609756097561, 0.12195121951219512, 0.14634146341463417, 0.17073170731707318, 0.1951219512195122, 0.21951219512195122, 0.24390243902439024, 0.2682926829268293, 0.29268292682926833, 0.3170731707317073, 0.34146341463414637, 0.36585365853658536, 0.3902439024390244, 0.41463414634146345, 0.43902439024390244, 0.4634146341463415, 0.4878048780487805, 0.5121951219512195, 0.5365853658536586, 0.5609756097560976, 0.5853658536585366, 0.6097560975609756, 0.6341463414634146, 0.6585365853658536, 0.6829268292682926, 0.7073170731707317, 0.7317073170731707, 0.7560975609756098, 0.7804878048780488, 0.8048780487804879, 0.8292682926829268, 0.8536585365853658, 0.8780487804878049, 0.9024390243902439, 0.9268292682926829, 0.9512195121951219, 0.975609756097561]"
2761,18,18,1e-05,uniform_gradient_pruning,0.00029417334878978135,20,2,2,False,1557.0929000386968,complete uniform-Kmax initialization + all deletion scoring + gradient relocation + exact refit validation,chord_length,"[0.05579891459041224, 0.1111376591578284, 0.16400847415273187, 0.21450503524604453, 0.26280249453585847, 0.3093231723834495, 0.35468071818362146, 0.3992562637082327, 0.4432770871242117, 0.4877241169006857, 0.5335843296643679, 0.5820079295413956, 0.6314552318506422, 0.6809924228538804, 0.729886423660258, 0.7776895278909317, 0.8240126960467182, 0.8688897403785851, 0.912735988260148, 0.956315018997914]"
7659,18,18,1e-05,ours,0.0024412904527088687,32,14,14,False,30.4981,synchronized batch-1 network forward only; input preloaded on device; final refit and verified repair excluded,network_predicted,"[0.0038663276936858892, 0.01004144549369812, 0.01621098443865776, 0.022398756816983223, 0.02842884138226509, 0.0439506433904171, 0.06265052407979965, 0.08320926129817963, 0.10091318190097809, 0.1111772209405899, 0.12401319295167923, 0.13713720440864563, 0.1492992639541626, 0.1821247637271881, 0.19717873632907867, 0.20852437615394592, 0.22239091992378235, 0.23651063442230225, 0.2564065456390381, 0.28209054470062256, 0.3072435259819031, 0.3364737033843994, 0.376752108335495, 0.42856094241142273, 0.4938583970069885, 0.5530661344528198, 0.6174929738044739, 0.6782945394515991, 0.7380998730659485, 0.7985528707504272, 0.8056129813194275, 0.8502588868141174]"
7659,18,18,1e-05,kang_sparse_2015_adaptation,6.753562659313313e-05,40,22,22,False,1792.2032000496984,complete sparse ADMM selection + relocation + endpoint-constrained verification/fallback + final refit,chord_length,"[0.024390243902439025, 0.04878048780487805, 0.07317073170731708, 0.0975609756097561, 0.12195121951219512, 0.14634146341463417, 0.17073170731707318, 0.1951219512195122, 0.21951219512195122, 0.24390243902439024, 0.2682926829268293, 0.29268292682926833, 0.3170731707317073, 0.34146341463414637, 0.36585365853658536, 0.3902439024390244, 0.41463414634146345, 0.43902439024390244, 0.4634146341463415, 0.4878048780487805, 0.5121951219512195, 0.5365853658536586, 0.5609756097560976, 0.5853658536585366, 0.6097560975609756, 0.6341463414634146, 0.6585365853658536, 0.6829268292682926, 0.7073170731707317, 0.7317073170731707, 0.7560975609756098, 0.7804878048780488, 0.8048780487804879, 0.8292682926829268, 0.8536585365853658, 0.8780487804878049, 0.9024390243902439, 0.9268292682926829, 0.9512195121951219, 0.975609756097561]"
7659,18,18,1e-05,uniform_gradient_pruning,0.00040235802459402133,20,2,2,False,1533.6439000093378,complete uniform-Kmax initialization + all deletion scoring + gradient relocation + exact refit validation,chord_length,"[0.04915701200746127, 0.09760096007901113, 0.14444664324505435, 0.1910911571341684, 0.23939359381742142, 0.29000058075548873, 0.34214447694641814, 0.3945131707219451, 0.44538279987454227, 0.49372595543540515, 0.5396641656207757, 0.5861568242452352, 0.6330542443320067, 0.6794111320847973, 0.7253889820613089, 0.7705838859395995, 0.8150471691776732, 0.8596431152856419, 0.905431598192701, 0.9527109882359106]"
6503,18,18,1e-05,ours,0.0019569777361515346,32,14,14,False,27.9317,synchronized batch-1 network forward only; input preloaded on device; final refit and verified repair excluded,network_predicted,"[0.004377652890980244, 0.011667524464428425, 0.019207576289772987, 0.02691584825515747, 0.043699800968170166, 0.06064518541097641, 0.06882534176111221, 0.07411322742700577, 0.08292490243911743, 0.09249924123287201, 0.10148249566555023, 0.1153903529047966, 0.1321219503879547, 0.16464883089065552, 0.18663214147090912, 0.2059936374425888, 0.22142650187015533, 0.23197230696678162, 0.24651333689689636, 0.26340392231941223, 0.2831040024757385, 0.31470316648483276, 0.3532823920249939, 0.3995298147201538, 0.4342153072357178, 0.513166606426239, 0.595225989818573, 0.6175777912139893, 0.7779908180236816, 0.8140217065811157, 0.8181704878807068, 0.8565272688865662]"
6503,18,18,1e-05,kang_sparse_2015_adaptation,5.9430391215963106e-05,40,22,22,False,2080.2522999583744,complete sparse ADMM selection + relocation + endpoint-constrained verification/fallback + final refit,chord_length,"[0.024390243902439025, 0.04878048780487805, 0.07317073170731708, 0.0975609756097561, 0.12195121951219512, 0.14634146341463417, 0.17073170731707318, 0.1951219512195122, 0.21951219512195122, 0.24390243902439024, 0.2682926829268293, 0.29268292682926833, 0.3170731707317073, 0.34146341463414637, 0.36585365853658536, 0.3902439024390244, 0.41463414634146345, 0.43902439024390244, 0.4634146341463415, 0.4878048780487805, 0.5121951219512195, 0.5365853658536586, 0.5609756097560976, 0.5853658536585366, 0.6097560975609756, 0.6341463414634146, 0.6585365853658536, 0.6829268292682926, 0.7073170731707317, 0.7317073170731707, 0.7560975609756098, 0.7804878048780488, 0.8048780487804879, 0.8292682926829268, 0.8536585365853658, 0.8780487804878049, 0.9024390243902439, 0.9268292682926829, 0.9512195121951219, 0.975609756097561]"
6503,18,18,1e-05,uniform_gradient_pruning,0.00018157362521123728,20,2,2,False,1726.277099980507,complete uniform-Kmax initialization + all deletion scoring + gradient relocation + exact refit validation,chord_length,"[0.045673485906671155, 0.09132339742711126, 0.13657774424256147, 0.18164356929555014, 0.23182786439140673, 0.28274829964405035, 0.33324885135433485, 0.3822227333139539, 0.42965609611169436, 0.47592146844641414, 0.5217623660819244, 0.5682731715756852, 0.6165954883932605, 0.6675568030088673, 0.7203914402179755, 0.7688281006472779, 0.8167581758038823, 0.8633912491313404, 0.9088742078781963, 0.9542674342058975]"
6658,19,19,1e-05,ours,0.0020075505381983963,32,13,13,False,32.82955,synchronized batch-1 network forward only; input preloaded on device; final refit and verified repair excluded,network_predicted,"[0.0034094606526196003, 0.008968377485871315, 0.014795306138694286, 0.020690741017460823, 0.026343781501054764, 0.03148661553859711, 0.03704971447587013, 0.05755436047911644, 0.08075805008411407, 0.09259771555662155, 0.10297951847314835, 0.11448545753955841, 0.12554451823234558, 0.16294652223587036, 0.18180401623249054, 0.1972026526927948, 0.20984436571598053, 0.22427506744861603, 0.2352270781993866, 0.25328144431114197, 0.2867729365825653, 0.3251955211162567, 0.36630064249038696, 0.39838409423828125, 0.42427846789360046, 0.5316475629806519, 0.5868667364120483, 0.6490440964698792, 0.7519668936729431, 0.7966896891593933, 0.8202701210975647, 0.8307845592498779]"
6658,19,19,1e-05,kang_sparse_2015_adaptation,7.439579743125655e-05,40,21,21,False,1541.344899975229,complete sparse ADMM selection + relocation + endpoint-constrained verification/fallback + final refit,chord_length,"[0.024390243902439025, 0.04878048780487805, 0.07317073170731708, 0.0975609756097561, 0.12195121951219512, 0.14634146341463417, 0.17073170731707318, 0.1951219512195122, 0.21951219512195122, 0.24390243902439024, 0.2682926829268293, 0.29268292682926833, 0.3170731707317073, 0.34146341463414637, 0.36585365853658536, 0.3902439024390244, 0.41463414634146345, 0.43902439024390244, 0.4634146341463415, 0.4878048780487805, 0.5121951219512195, 0.5365853658536586, 0.5609756097560976, 0.5853658536585366, 0.6097560975609756, 0.6341463414634146, 0.6585365853658536, 0.6829268292682926, 0.7073170731707317, 0.7317073170731707, 0.7560975609756098, 0.7804878048780488, 0.8048780487804879, 0.8292682926829268, 0.8536585365853658, 0.8780487804878049, 0.9024390243902439, 0.9268292682926829, 0.9512195121951219, 0.975609756097561]"
6658,19,19,1e-05,uniform_gradient_pruning,0.0013886231060723099,20,1,1,False,1565.1445999974385,complete uniform-Kmax initialization + all deletion scoring + gradient relocation + exact refit validation,chord_length,"[0.04963422670143485, 0.09846663021920876, 0.14479745138536798, 0.18910511681522535, 0.23202080389306176, 0.2747071506818835, 0.3180279475473431, 0.3602156785511367, 0.4036071629395777, 0.44725139730358143, 0.49032116289718725, 0.5340699432556222, 0.5795761264603851, 0.6295707533853078, 0.6812697123038592, 0.735782877337176, 0.7865776801066405, 0.8386950276611128, 0.8906706175046852, 0.9450292644297285]"
371,19,19,1e-05,ours,0.0027410214230385206,32,13,13,False,27.601950000000002,synchronized batch-1 network forward only; input preloaded on device; final refit and verified repair excluded,network_predicted,"[0.0030343541875481606, 0.007823653519153595, 0.012760156765580177, 0.01772719994187355, 0.022479072213172913, 0.026118073612451553, 0.02903495356440544, 0.03279624879360199, 0.04274255782365799, 0.06386102735996246, 0.0838257372379303, 0.09584702551364899, 0.10537637770175934, 0.14468660950660706, 0.16365183889865875, 0.1796434223651886, 0.19565734267234802, 0.2111005038022995, 0.225864440202713, 0.24230659008026123, 0.26522552967071533, 0.29627344012260437, 0.3344106376171112, 0.3806533217430115, 0.44234973192214966, 0.5239764451980591, 0.5579358339309692, 0.6384273767471313, 0.7843920588493347, 0.7971010208129883, 0.8264756798744202, 0.8618960976600647]"
371,19,19,1e-05,kang_sparse_2015_adaptation,7.27360165026566e-05,40,21,21,False,1852.5418000062928,complete sparse ADMM selection + relocation + endpoint-constrained verification/fallback + final refit,chord_length,"[0.024390243902439025, 0.04878048780487805, 0.07317073170731708, 0.0975609756097561, 0.12195121951219512, 0.14634146341463417, 0.17073170731707318, 0.1951219512195122, 0.21951219512195122, 0.24390243902439024, 0.2682926829268293, 0.29268292682926833, 0.3170731707317073, 0.34146341463414637, 0.36585365853658536, 0.3902439024390244, 0.41463414634146345, 0.43902439024390244, 0.4634146341463415, 0.4878048780487805, 0.5121951219512195, 0.5365853658536586, 0.5609756097560976, 0.5853658536585366, 0.6097560975609756, 0.6341463414634146, 0.6585365853658536, 0.6829268292682926, 0.7073170731707317, 0.7317073170731707, 0.7560975609756098, 0.7804878048780488, 0.8048780487804879, 0.8292682926829268, 0.8536585365853658, 0.8780487804878049, 0.9024390243902439, 0.9268292682926829, 0.9512195121951219, 0.975609756097561]"
371,19,19,1e-05,uniform_gradient_pruning,0.0012960690095738163,20,1,1,False,1426.3188000186346,complete uniform-Kmax initialization + all deletion scoring + gradient relocation + exact refit validation,chord_length,"[0.04341423009055021, 0.08689417637834819, 0.13243047169020744, 0.1821466369666388, 0.2364681339677675, 0.2914863581662629, 0.34455637814282264, 0.39468441187995906, 0.44227598402167384, 0.4885557826967375, 0.5336173458195107, 0.5839732944467205, 0.6325477788505661, 0.6783533968863595, 0.7233704164344705, 0.7690428989370028, 0.8151386200566547, 0.8608579886894294, 0.9064769003621631, 0.9530927796071741]"
5837,19,19,1e-05,ours,0.0019783725001066652,32,13,13,False,28.2909,synchronized batch-1 network forward only; input preloaded on device; final refit and verified repair excluded,network_predicted,"[0.004657210316509008, 0.012596950866281986, 0.020729079842567444, 0.028487250208854675, 0.03561532124876976, 0.04039398208260536, 0.05874405801296234, 0.0879984125494957, 0.10710113495588303, 0.12079977244138718, 0.13856029510498047, 0.16397897899150848, 0.18158338963985443, 0.19605638086795807, 0.20896559953689575, 0.22136229276657104, 0.2333613932132721, 0.24922533333301544, 0.26617175340652466, 0.28138986229896545, 0.2984278202056885, 0.32799598574638367, 0.365384966135025, 0.4155174493789673, 0.4694470167160034, 0.5142720341682434, 0.5835558772087097, 0.6671173572540283, 0.7598344087600708, 0.7973557114601135, 0.8236922025680542, 0.8432695865631104]"
5837,19,19,1e-05,kang_sparse_2015_adaptation,6.869831172434794e-05,40,21,21,False,1897.1507000387646,complete sparse ADMM selection + relocation + endpoint-constrained verification/fallback + final refit,chord_length,"[0.024390243902439025, 0.04878048780487805, 0.07317073170731708, 0.0975609756097561, 0.12195121951219512, 0.14634146341463417, 0.17073170731707318, 0.1951219512195122, 0.21951219512195122, 0.24390243902439024, 0.2682926829268293, 0.29268292682926833, 0.3170731707317073, 0.34146341463414637, 0.36585365853658536, 0.3902439024390244, 0.41463414634146345, 0.43902439024390244, 0.4634146341463415, 0.4878048780487805, 0.5121951219512195, 0.5365853658536586, 0.5609756097560976, 0.5853658536585366, 0.6097560975609756, 0.6341463414634146, 0.6585365853658536, 0.6829268292682926, 0.7073170731707317, 0.7317073170731707, 0.7560975609756098, 0.7804878048780488, 0.8048780487804879, 0.8292682926829268, 0.8536585365853658, 0.8780487804878049, 0.9024390243902439, 0.9268292682926829, 0.9512195121951219, 0.975609756097561]"
5837,19,19,1e-05,uniform_gradient_pruning,0.0009194598486365136,20,1,1,False,1475.9172999765724,complete uniform-Kmax initialization + all deletion scoring + gradient relocation + exact refit validation,chord_length,"[0.043637602798946504, 0.08727520559789301, 0.13077723739350122, 0.1755612500425841, 0.22403387521167403, 0.2786305294585021, 0.3368372823258124, 0.3924964488737074, 0.44482072810533835, 0.4944598466931455, 0.5366364413478495, 0.577589303305376, 0.6216848409450498, 0.6671356258013216, 0.7122858911667753, 0.7573146604893995, 0.8031493715720277, 0.8501396761229089, 0.8987716711102938, 0.9490974974244711]"
5995,20,20,1e-05,ours,0.0022472662967938577,32,12,12,False,28.747300000000003,synchronized batch-1 network forward only; input preloaded on device; final refit and verified repair excluded,network_predicted,"[0.00401680450886488, 0.010476085357367992, 0.016971711069345474, 0.023465173318982124, 0.029695983976125717, 0.03492903709411621, 0.03871416673064232, 0.05254323408007622, 0.07080332934856415, 0.08200902491807938, 0.0928107351064682, 0.10546191036701202, 0.11493140459060669, 0.12386862188577652, 0.16006717085838318, 0.17644108831882477, 0.1910439133644104, 0.20597830414772034, 0.22243407368659973, 0.24177245795726776, 0.2648475766181946, 0.29758521914482117, 0.33948013186454773, 0.3791835308074951, 0.41965287923812866, 0.5061830878257751, 0.5522467494010925, 0.6006786823272705, 0.7011183500289917, 0.8226764798164368, 0.8251825571060181, 0.8580620884895325]"
5995,20,20,1e-05,kang_sparse_2015_adaptation,7.492680572828416e-05,40,20,20,False,1794.4087999640033,complete sparse ADMM selection + relocation + endpoint-constrained verification/fallback + final refit,chord_length,"[0.024390243902439025, 0.04878048780487805, 0.07317073170731708, 0.0975609756097561, 0.12195121951219512, 0.14634146341463417, 0.17073170731707318, 0.1951219512195122, 0.21951219512195122, 0.24390243902439024, 0.2682926829268293, 0.29268292682926833, 0.3170731707317073, 0.34146341463414637, 0.36585365853658536, 0.3902439024390244, 0.41463414634146345, 0.43902439024390244, 0.4634146341463415, 0.4878048780487805, 0.5121951219512195, 0.5365853658536586, 0.5609756097560976, 0.5853658536585366, 0.6097560975609756, 0.6341463414634146, 0.6585365853658536, 0.6829268292682926, 0.7073170731707317, 0.7317073170731707, 0.7560975609756098, 0.7804878048780488, 0.8048780487804879, 0.8292682926829268, 0.8536585365853658, 0.8780487804878049, 0.9024390243902439, 0.9268292682926829, 0.9512195121951219, 0.975609756097561]"
5995,20,20,1e-05,uniform_gradient_pruning,0.001335449351058641,20,0,0,False,1475.9060999494977,complete uniform-Kmax initialization + all deletion scoring + gradient relocation + exact refit validation,chord_length,"[0.057241052478146065, 0.11415678119797285, 0.16915553474069978, 0.2217797614713423, 0.273790665171834, 0.32506360839505455, 0.37311511646240414, 0.4181965710293977, 0.46184035582766664, 0.5052402123620077, 0.5485271931910326, 0.5912259636296332, 0.6330628963225929, 0.6753116762718261, 0.7169506277418934, 0.7611711420160983, 0.8069906193927141, 0.8537359235829757, 0.9014903564733042, 0.9504987913459566]"
6786,20,20,1e-05,ours,0.0018899573442036925,32,12,12,False,27.61915,synchronized batch-1 network forward only; input preloaded on device; final refit and verified repair excluded,network_predicted,"[0.002544880611822009, 0.006408632267266512, 0.010413951240479946, 0.014455682598054409, 0.018317662179470062, 0.021909987553954124, 0.02439943142235279, 0.02678344026207924, 0.031690362840890884, 0.054230861365795135, 0.08524253964424133, 0.10398121178150177, 0.11295804381370544, 0.12321151793003082, 0.16102667152881622, 0.1819777488708496, 0.19779467582702637, 0.2116420865058899, 0.22709091007709503, 0.24655753374099731, 0.2661765515804291, 0.2912747859954834, 0.3352676033973694, 0.38621383905410767, 0.44078242778778076, 0.49642470479011536, 0.5604824423789978, 0.6405441164970398, 0.6686077117919922, 0.7976986765861511, 0.8156856894493103, 0.8399454951286316]"
6786,20,20,1e-05,kang_sparse_2015_adaptation,7.501936347823657e-05,40,20,20,False,2077.903700002935,complete sparse ADMM selection + relocation + endpoint-constrained verification/fallback + final refit,chord_length,"[0.024390243902439025, 0.04878048780487805, 0.07317073170731708, 0.0975609756097561, 0.12195121951219512, 0.14634146341463417, 0.17073170731707318, 0.1951219512195122, 0.21951219512195122, 0.24390243902439024, 0.2682926829268293, 0.29268292682926833, 0.3170731707317073, 0.34146341463414637, 0.36585365853658536, 0.3902439024390244, 0.41463414634146345, 0.43902439024390244, 0.4634146341463415, 0.4878048780487805, 0.5121951219512195, 0.5365853658536586, 0.5609756097560976, 0.5853658536585366, 0.6097560975609756, 0.6341463414634146, 0.6585365853658536, 0.6829268292682926, 0.7073170731707317, 0.7317073170731707, 0.7560975609756098, 0.7804878048780488, 0.8048780487804879, 0.8292682926829268, 0.8536585365853658, 0.8780487804878049, 0.9024390243902439, 0.9268292682926829, 0.9512195121951219, 0.975609756097561]"
6786,20,20,1e-05,uniform_gradient_pruning,0.001652171298681748,20,0,0,False,1584.9002999602817,complete uniform-Kmax initialization + all deletion scoring + gradient relocation + exact refit validation,chord_length,"[0.05630562345795236, 0.10658716386394494, 0.1429260176193778, 0.17296581835126826, 0.2081139740752117, 0.2522859661235212, 0.31107403371860387, 0.3740749384704631, 0.43698239052647786, 0.5053048384440572, 0.5655326213222575, 0.6106040570464405, 0.6518399180168744, 0.6893910203587225, 0.7209040481830375, 0.7526811749748267, 0.7885224459270769, 0.8328671186454979, 0.8844670431751572, 0.9410595202801477]"
2008,20,20,1e-05,ours,0.002288618007977494,32,12,12,False,29.15355,synchronized batch-1 network forward only; input preloaded on device; final refit and verified repair excluded,network_predicted,"[0.003957387991249561, 0.010583456605672836, 0.01746399886906147, 0.02422991394996643, 0.03049287758767605, 0.035132601857185364, 0.039071232080459595, 0.05216524004936218, 0.07385581731796265, 0.09025058895349503, 0.09824830293655396, 0.10439545661211014, 0.11505173146724701, 0.15720783174037933, 0.1747521162033081, 0.18897314369678497, 0.20582503080368042, 0.2248898148536682, 0.24916930496692657, 0.27128422260284424, 0.29143214225769043, 0.3210739493370056, 0.36152786016464233, 0.4199049174785614, 0.44976067543029785, 0.48623624444007874, 0.6146519780158997, 0.678299069404602, 0.7289333343505859, 0.8058258891105652, 0.824927568435669, 0.8415027856826782]"
2008,20,20,1e-05,kang_sparse_2015_adaptation,7.730352635498843e-05,40,20,20,False,1540.8257999806665,complete sparse ADMM selection + relocation + endpoint-constrained verification/fallback + final refit,chord_length,"[0.024390243902439025, 0.04878048780487805, 0.07317073170731708, 0.0975609756097561, 0.12195121951219512, 0.14634146341463417, 0.17073170731707318, 0.1951219512195122, 0.21951219512195122, 0.24390243902439024, 0.2682926829268293, 0.29268292682926833, 0.3170731707317073, 0.34146341463414637, 0.36585365853658536, 0.3902439024390244, 0.41463414634146345, 0.43902439024390244, 0.4634146341463415, 0.4878048780487805, 0.5121951219512195, 0.5365853658536586, 0.5609756097560976, 0.5853658536585366, 0.6097560975609756, 0.6341463414634146, 0.6585365853658536, 0.6829268292682926, 0.7073170731707317, 0.7317073170731707, 0.7560975609756098, 0.7804878048780488, 0.8048780487804879, 0.8292682926829268, 0.8536585365853658, 0.8780487804878049, 0.9024390243902439, 0.9268292682926829, 0.9512195121951219, 0.975609756097561]"
2008,20,20,1e-05,uniform_gradient_pruning,0.001740842870635114,20,0,0,False,1564.9170000106096,complete uniform-Kmax initialization + all deletion scoring + gradient relocation + exact refit validation,chord_length,"[0.05127883304655991, 0.102448143087806, 0.14714287224155498, 0.18452619887153804, 0.2173813758202236, 0.2547532542890005, 0.29725274977626404, 0.3483439441576852, 0.4027707981657738, 0.45566295331749185, 0.5126185369209707, 0.5769556950838771, 0.6407348611857061, 0.6943338590708903, 0.7393972961228034, 0.7728472578922818, 0.8090760760433058, 0.8500395250473982, 0.8971088078088691, 0.9485544039044347]"
