
[benchmark_six_methods] python scripts/benchmark_v16_datasets.py --checkpoint /home/feng/HouCode/SplineFitting_1070_overnight/outputs/checkpoints/overnight_stable_k32_3090_r1.pt --output-dir /home/feng/HouCode/SplineFitting_1070_overnight/outputs/comparisons/overnight_stable_k32_3090_r1 --method-set published --samples-per-knot-count 2 --min-knot-count 4 --max-knot-count 24 --real-samples-per-dataset 20 --mse-tolerance 5e-5 --manifest UJI=/home/feng/HouCode/SplineSurpervisedFitting/data/splits/uji_pen_v2.jsonl --manifest NaturalEarth=/home/feng/HouCode/SplineSurpervisedFitting/data/processed/natural_earth/v5.1.2_10m_coastline/manifest.jsonl --manifest USGS=/home/feng/HouCode/SplineSurpervisedFitting/data/processed/usgs_contours/large_scale/manifest.jsonl --manifest IndustrialOffset=/home/feng/HouCode/SplineSurpervisedFitting/data/processed/industrial_offsets/v1/manifest.jsonl --max-internal-knots 32 --paper-initial-knots 32 --liang-dense-knots 32 --gradient-steps 12 --paper-admm-iterations 400 --paper-lambda-bisections 8 --paper-relocation-iterations 8 --liang-feature-samples 1025 --dung-scan-intervals 10 --dung-optimization-iterations 10 --luo-de-population 10 --luo-de-iterations 50 --published-feasibility-safeguard --network-warmups 3 --network-repeats 100 --end-to-end-repeats 3 --torch-num-threads 4 --device cuda --allow-unqualified-diagnostic
DIAGNOSTIC NOT FINAL — joint simplification curriculum was not mature when saved; certified synthetic count MAE exceeds the formal limit 2; certified synthetic knot-match F1 is below the formal minimum 0.6; certified synthetic matched-knot MAE exceeds the formal limit 0.005; observed worst-source deployment pass rate 40.625% is below the required 90.000%; observed worst-source dense proposal pass rate 84.375% is below the required 90.000%; proposal feasibility gate was not satisfied; infeasible-proposal ablation was enabled
Preparing fixed paired test samples...
Warming numerical solvers (excluded from timing)...
122 curves x 6 methods; device=cuda; MSE tolerance=5e-05
[1/122] Synthetic seed20000_sample2679 ours: K=13 MSE=9.742087136981261e-05 MaxSqErr=0.0009126850365766034 time=8.5 ms ok
[1/122] Synthetic seed20000_sample2679 park_dominant_point_2007_adaptation: K=26 MSE=1.6183824221352574e-05 MaxSqErr=0.00013830836321651407 time=33.0 ms ok
[1/122] Synthetic seed20000_sample2679 liang_feature_iki_2017_adaptation: K=13 MSE=2.663340875388095e-05 MaxSqErr=8.035436366349631e-05 time=12.6 ms ok
[1/122] Synthetic seed20000_sample2679 dung_direct_knot_2017_adaptation: K=9 MSE=3.5270270842520916e-05 MaxSqErr=0.0003396385397968028 time=120.1 ms ok
[1/122] Synthetic seed20000_sample2679 kang_sparse_2015_adaptation: K=6 MSE=3.0987761492818604e-05 MaxSqErr=0.00018116697490900354 time=926.0 ms ok
[1/122] Synthetic seed20000_sample2679 luo_linf_de_2022_adaptation: K=6 MSE=3.621451018255715e-05 MaxSqErr=9.948027519725924e-05 time=2951.1 ms ok
[2/122] Synthetic seed20000_sample2057 ours: K=11 MSE=8.130712625017588e-05 MaxSqErr=0.0006455254770026523 time=8.5 ms ok
[2/122] Synthetic seed20000_sample2057 park_dominant_point_2007_adaptation: K=22 MSE=4.871682904158449e-05 MaxSqErr=0.00034610375113284923 time=27.1 ms ok
[2/122] Synthetic seed20000_sample2057 liang_feature_iki_2017_adaptation: K=15 MSE=3.909668245876037e-05 MaxSqErr=0.0001706643054785252 time=14.9 ms ok
[2/122] Synthetic seed20000_sample2057 dung_direct_knot_2017_adaptation: K=9 MSE=3.8173667693712326e-05 MaxSqErr=0.00029333197898180537 time=101.4 ms ok
[2/122] Synthetic seed20000_sample2057 kang_sparse_2015_adaptation: K=7 MSE=3.931061828329051e-05 MaxSqErr=0.00014841991383463655 time=1051.3 ms ok
[2/122] Synthetic seed20000_sample2057 luo_linf_de_2022_adaptation: K=7 MSE=3.8821682196835534e-05 MaxSqErr=0.00011430239888048423 time=2917.4 ms ok
[3/122] Synthetic seed20000_sample2344 ours: K=14 MSE=2.861030999511076e-05 MaxSqErr=9.874500552031464e-05 time=8.3 ms ok
[3/122] Synthetic seed20000_sample2344 park_dominant_point_2007_adaptation: K=23 MSE=4.382477083166215e-05 MaxSqErr=0.0003148301250927409 time=28.0 ms ok
[3/122] Synthetic seed20000_sample2344 liang_feature_iki_2017_adaptation: K=16 MSE=3.8197383593574135e-05 MaxSqErr=0.0002114762333670627 time=15.6 ms ok
[3/122] Synthetic seed20000_sample2344 dung_direct_knot_2017_adaptation: K=11 MSE=4.0378867069001076e-05 MaxSqErr=0.00013267837425959739 time=134.2 ms ok
[3/122] Synthetic seed20000_sample2344 kang_sparse_2015_adaptation: K=9 MSE=4.047620892472147e-05 MaxSqErr=0.0001761690375432085 time=980.1 ms ok
[3/122] Synthetic seed20000_sample2344 luo_linf_de_2022_adaptation: K=9 MSE=4.405477290707609e-05 MaxSqErr=0.00015381271667439672 time=2816.1 ms ok
[4/122] Synthetic seed20000_sample3595 ours: K=14 MSE=4.471256886670718e-05 MaxSqErr=0.0007236224176153344 time=8.3 ms ok
[4/122] Synthetic seed20000_sample3595 park_dominant_point_2007_adaptation: K=32 MSE=0.00022366061985977374 MaxSqErr=0.001448084913664632 time=41.3 ms ok
[4/122] Synthetic seed20000_sample3595 liang_feature_iki_2017_adaptation: K=19 MSE=3.80354837528198e-05 MaxSqErr=0.00018853369634040502 time=18.8 ms ok
[4/122] Synthetic seed20000_sample3595 dung_direct_knot_2017_adaptation: K=14 MSE=4.863545138461968e-05 MaxSqErr=0.00020669823178405352 time=144.8 ms ok
[4/122] Synthetic seed20000_sample3595 kang_sparse_2015_adaptation: K=9 MSE=4.2357895331599856e-05 MaxSqErr=0.00022381737019051622 time=973.9 ms ok
[4/122] Synthetic seed20000_sample3595 luo_linf_de_2022_adaptation: K=10 MSE=4.722294966391341e-05 MaxSqErr=0.00025505712764803564 time=2793.5 ms ok
[5/122] Synthetic seed20000_sample3602 ours: K=14 MSE=2.8144132588914234e-05 MaxSqErr=0.00015711315644736484 time=8.3 ms ok
[5/122] Synthetic seed20000_sample3602 park_dominant_point_2007_adaptation: K=25 MSE=4.147229047651924e-05 MaxSqErr=0.0003607603730087286 time=30.9 ms ok
[5/122] Synthetic seed20000_sample3602 liang_feature_iki_2017_adaptation: K=18 MSE=4.3044148697671475e-05 MaxSqErr=0.0002555197836537691 time=17.7 ms ok
[5/122] Synthetic seed20000_sample3602 dung_direct_knot_2017_adaptation: K=12 MSE=4.213491722396226e-05 MaxSqErr=0.00016980609736140862 time=139.2 ms ok
[5/122] Synthetic seed20000_sample3602 kang_sparse_2015_adaptation: K=10 MSE=4.0549533204184596e-05 MaxSqErr=0.00017200961133945178 time=995.0 ms ok
[5/122] Synthetic seed20000_sample3602 luo_linf_de_2022_adaptation: K=8 MSE=4.204178585613175e-05 MaxSqErr=0.0001085933695714995 time=2518.5 ms ok
[6/122] Synthetic seed20000_sample617 ours: K=17 MSE=1.5548622854561223e-05 MaxSqErr=9.969014653962241e-05 time=8.3 ms ok
[6/122] Synthetic seed20000_sample617 park_dominant_point_2007_adaptation: K=16 MSE=4.843726423846945e-05 MaxSqErr=0.00021672901403105773 time=19.0 ms ok
[6/122] Synthetic seed20000_sample617 liang_feature_iki_2017_adaptation: K=14 MSE=4.9246669266262035e-05 MaxSqErr=0.00025554989984128215 time=13.6 ms ok
[6/122] Synthetic seed20000_sample617 dung_direct_knot_2017_adaptation: K=13 MSE=3.420892705519101e-05 MaxSqErr=0.00011220082145522915 time=171.8 ms ok
[6/122] Synthetic seed20000_sample617 kang_sparse_2015_adaptation: K=20 MSE=9.384046847070282e-06 MaxSqErr=6.103559582022263e-05 time=844.0 ms ok
[6/122] Synthetic seed20000_sample617 luo_linf_de_2022_adaptation: K=13 MSE=3.9257420407976695e-05 MaxSqErr=0.00017606260785749388 time=2842.9 ms ok
[7/122] Synthetic seed20000_sample3494 ours: K=20 MSE=2.5468428769594486e-05 MaxSqErr=0.00026867684548173603 time=8.5 ms ok
[7/122] Synthetic seed20000_sample3494 park_dominant_point_2007_adaptation: K=22 MSE=4.566289454264154e-05 MaxSqErr=0.0002756508128050557 time=26.7 ms ok
[7/122] Synthetic seed20000_sample3494 liang_feature_iki_2017_adaptation: K=17 MSE=4.6450551330280784e-05 MaxSqErr=0.000280426586653507 time=16.7 ms ok
[7/122] Synthetic seed20000_sample3494 dung_direct_knot_2017_adaptation: K=15 MSE=4.732076394174376e-05 MaxSqErr=0.00014328424396137224 time=203.2 ms ok
[7/122] Synthetic seed20000_sample3494 kang_sparse_2015_adaptation: K=32 MSE=6.523752536827733e-06 MaxSqErr=3.3530406448527476e-05 time=400.8 ms ok
[7/122] Synthetic seed20000_sample3494 luo_linf_de_2022_adaptation: K=18 MSE=4.502657722911857e-05 MaxSqErr=0.0002289218349265271 time=2622.1 ms ok
[8/122] Synthetic seed20000_sample1758 ours: K=17 MSE=1.647340462022769e-05 MaxSqErr=0.00015275570675954393 time=8.4 ms ok
[8/122] Synthetic seed20000_sample1758 park_dominant_point_2007_adaptation: K=31 MSE=3.564875603788167e-05 MaxSqErr=0.0003822784161063309 time=39.8 ms ok
[8/122] Synthetic seed20000_sample1758 liang_feature_iki_2017_adaptation: K=17 MSE=4.660343177437799e-05 MaxSqErr=0.00024644255296664706 time=16.7 ms ok
[8/122] Synthetic seed20000_sample1758 dung_direct_knot_2017_adaptation: K=14 MSE=4.971666225565128e-05 MaxSqErr=0.00017177370680543426 time=186.5 ms ok
[8/122] Synthetic seed20000_sample1758 kang_sparse_2015_adaptation: K=30 MSE=5.524119893282154e-06 MaxSqErr=3.217178595492315e-05 time=708.5 ms ok
[8/122] Synthetic seed20000_sample1758 luo_linf_de_2022_adaptation: K=18 MSE=4.8140180132427085e-05 MaxSqErr=0.00030786452974126586 time=2823.4 ms ok
[9/122] Synthetic seed20000_sample1236 ours: K=19 MSE=2.247787437459726e-05 MaxSqErr=0.0001543673550765968 time=8.5 ms ok
[9/122] Synthetic seed20000_sample1236 park_dominant_point_2007_adaptation: K=32 MSE=3.672233684017659e-05 MaxSqErr=0.00039209830303684064 time=41.4 ms ok
[9/122] Synthetic seed20000_sample1236 liang_feature_iki_2017_adaptation: K=19 MSE=4.4777728297737265e-05 MaxSqErr=0.00021986084381576208 time=18.9 ms ok
[9/122] Synthetic seed20000_sample1236 dung_direct_knot_2017_adaptation: K=17 MSE=3.9558642629668226e-05 MaxSqErr=0.00015123644716983007 time=205.4 ms ok
[9/122] Synthetic seed20000_sample1236 kang_sparse_2015_adaptation: K=32 MSE=1.2621598885442385e-05 MaxSqErr=7.302826923940576e-05 time=400.0 ms ok
[9/122] Synthetic seed20000_sample1236 luo_linf_de_2022_adaptation: K=19 MSE=4.63529803779972e-05 MaxSqErr=0.00019369042578447343 time=2600.5 ms ok
[10/122] Synthetic seed20000_sample194 ours: K=17 MSE=7.172659640946935e-05 MaxSqErr=0.0003690474154176074 time=8.4 ms ok
[10/122] Synthetic seed20000_sample194 park_dominant_point_2007_adaptation: K=32 MSE=0.00014123169951799815 MaxSqErr=0.0018487976427092171 time=41.5 ms ok
[10/122] Synthetic seed20000_sample194 liang_feature_iki_2017_adaptation: K=19 MSE=3.825692357186616e-05 MaxSqErr=0.00022135736722584567 time=18.8 ms ok
[10/122] Synthetic seed20000_sample194 dung_direct_knot_2017_adaptation: K=15 MSE=4.925772121381148e-05 MaxSqErr=0.00021740185736162998 time=156.6 ms ok
[10/122] Synthetic seed20000_sample194 kang_sparse_2015_adaptation: K=32 MSE=1.2769152355891274e-05 MaxSqErr=6.215948361811452e-05 time=400.0 ms ok
[10/122] Synthetic seed20000_sample194 luo_linf_de_2022_adaptation: K=18 MSE=4.978694770500027e-05 MaxSqErr=0.0002990182183237067 time=2779.0 ms ok
[11/122] Synthetic seed20000_sample365 ours: K=19 MSE=8.220687894444287e-05 MaxSqErr=0.0005667979293443947 time=8.4 ms ok
[11/122] Synthetic seed20000_sample365 park_dominant_point_2007_adaptation: K=28 MSE=4.181496103389549e-05 MaxSqErr=0.00030958944734291735 time=35.4 ms ok
[11/122] Synthetic seed20000_sample365 liang_feature_iki_2017_adaptation: K=22 MSE=4.202388330070739e-05 MaxSqErr=0.0002692237188149911 time=22.4 ms ok
[11/122] Synthetic seed20000_sample365 dung_direct_knot_2017_adaptation: K=19 MSE=4.5509406622499595e-05 MaxSqErr=0.00016642288189100534 time=228.3 ms ok
[11/122] Synthetic seed20000_sample365 kang_sparse_2015_adaptation: K=32 MSE=1.6548187179504062e-05 MaxSqErr=9.21886849812671e-05 time=399.5 ms ok
[11/122] Synthetic seed20000_sample365 luo_linf_de_2022_adaptation: K=20 MSE=3.397398095861098e-05 MaxSqErr=0.0002208362491934766 time=2538.6 ms ok
[12/122] Synthetic seed20000_sample3465 ours: K=19 MSE=5.321008980709585e-05 MaxSqErr=0.0004260678195010302 time=8.5 ms ok
[12/122] Synthetic seed20000_sample3465 park_dominant_point_2007_adaptation: K=30 MSE=2.8114829924335586e-05 MaxSqErr=0.00025448274588188793 time=38.4 ms ok
[12/122] Synthetic seed20000_sample3465 liang_feature_iki_2017_adaptation: K=26 MSE=4.473872090114196e-05 MaxSqErr=0.00021573597452657242 time=27.2 ms ok
[12/122] Synthetic seed20000_sample3465 dung_direct_knot_2017_adaptation: K=18 MSE=4.8874732122049264e-05 MaxSqErr=0.00021090216430761488 time=227.6 ms ok
[12/122] Synthetic seed20000_sample3465 kang_sparse_2015_adaptation: K=32 MSE=2.722073537926599e-05 MaxSqErr=0.00010028623637408797 time=399.8 ms ok
[12/122] Synthetic seed20000_sample3465 luo_linf_de_2022_adaptation: K=20 MSE=4.888995996790797e-05 MaxSqErr=0.00021159633002181243 time=2141.7 ms ok
[13/122] Synthetic seed20000_sample2797 ours: K=21 MSE=1.2025836504928897e-05 MaxSqErr=7.449079240164955e-05 time=8.5 ms ok
[13/122] Synthetic seed20000_sample2797 park_dominant_point_2007_adaptation: K=32 MSE=0.0005497785874964679 MaxSqErr=0.006424794076580254 time=41.5 ms ok
[13/122] Synthetic seed20000_sample2797 liang_feature_iki_2017_adaptation: K=25 MSE=4.7374811795166155e-05 MaxSqErr=0.0002164286733193258 time=26.1 ms ok
[13/122] Synthetic seed20000_sample2797 dung_direct_knot_2017_adaptation: K=18 MSE=4.683589054134708e-05 MaxSqErr=0.0001634394162980735 time=251.5 ms ok
[13/122] Synthetic seed20000_sample2797 kang_sparse_2015_adaptation: K=32 MSE=2.2802430136042808e-05 MaxSqErr=0.0001268036266462989 time=400.2 ms ok
[13/122] Synthetic seed20000_sample2797 luo_linf_de_2022_adaptation: K=24 MSE=4.81764996906838e-05 MaxSqErr=0.00031267934980974666 time=2586.1 ms ok
[14/122] Synthetic seed20000_sample1930 ours: K=22 MSE=2.2158131076039878e-05 MaxSqErr=0.00020937721970187647 time=8.5 ms ok
[14/122] Synthetic seed20000_sample1930 park_dominant_point_2007_adaptation: K=30 MSE=4.4928647909754094e-05 MaxSqErr=0.0005136913561753222 time=38.3 ms ok
[14/122] Synthetic seed20000_sample1930 liang_feature_iki_2017_adaptation: K=29 MSE=4.1664044970464316e-05 MaxSqErr=0.0001650759461667926 time=31.0 ms ok
[14/122] Synthetic seed20000_sample1930 dung_direct_knot_2017_adaptation: K=17 MSE=4.849203824286606e-05 MaxSqErr=0.00020528620203342948 time=244.7 ms ok
[14/122] Synthetic seed20000_sample1930 kang_sparse_2015_adaptation: K=29 MSE=2.378034620811393e-05 MaxSqErr=0.0001340655752869861 time=400.7 ms ok
[14/122] Synthetic seed20000_sample1930 luo_linf_de_2022_adaptation: K=22 MSE=4.4274437451254816e-05 MaxSqErr=0.00014437420607263003 time=2441.6 ms ok
[15/122] Synthetic seed20000_sample2097 ours: K=24 MSE=2.6328761878059853e-05 MaxSqErr=0.0002290213472411967 time=8.5 ms ok
[15/122] Synthetic seed20000_sample2097 park_dominant_point_2007_adaptation: K=32 MSE=5.445572295046287e-05 MaxSqErr=0.0005362217028865493 time=41.5 ms ok
[15/122] Synthetic seed20000_sample2097 liang_feature_iki_2017_adaptation: K=27 MSE=4.546922915751652e-05 MaxSqErr=0.00021247821519409604 time=28.6 ms ok
[15/122] Synthetic seed20000_sample2097 dung_direct_knot_2017_adaptation: K=20 MSE=4.448619914142982e-05 MaxSqErr=0.00017407983407238407 time=282.6 ms ok
[15/122] Synthetic seed20000_sample2097 kang_sparse_2015_adaptation: K=32 MSE=3.387497032312654e-05 MaxSqErr=0.00019653615677390116 time=399.2 ms ok
[15/122] Synthetic seed20000_sample2097 luo_linf_de_2022_adaptation: K=27 MSE=4.524401334218368e-05 MaxSqErr=0.00024922751835659726 time=1951.6 ms ok
[16/122] Synthetic seed20000_sample4016 ours: K=23 MSE=1.7072812064694384e-05 MaxSqErr=9.47942223821538e-05 time=8.5 ms ok
[16/122] Synthetic seed20000_sample4016 park_dominant_point_2007_adaptation: K=32 MSE=8.039451209106193e-05 MaxSqErr=0.0008204934044922933 time=41.3 ms ok
[16/122] Synthetic seed20000_sample4016 liang_feature_iki_2017_adaptation: K=26 MSE=4.426957338526125e-05 MaxSqErr=0.00024801225051799365 time=27.1 ms ok
[16/122] Synthetic seed20000_sample4016 dung_direct_knot_2017_adaptation: K=21 MSE=4.525617943481287e-05 MaxSqErr=0.0002134060490035627 time=325.3 ms ok
[16/122] Synthetic seed20000_sample4016 kang_sparse_2015_adaptation: K=32 MSE=3.336885978690914e-05 MaxSqErr=0.000192532056142026 time=399.6 ms ok
[16/122] Synthetic seed20000_sample4016 luo_linf_de_2022_adaptation: K=25 MSE=4.751989022466694e-05 MaxSqErr=0.00022010565617430202 time=2093.4 ms ok
[17/122] Synthetic seed20000_sample1601 ours: K=26 MSE=1.4946034457379276e-05 MaxSqErr=0.00011415287727591568 time=8.6 ms ok
[17/122] Synthetic seed20000_sample1601 park_dominant_point_2007_adaptation: K=32 MSE=8.734644271890724e-05 MaxSqErr=0.0012817468217570399 time=41.3 ms ok
[17/122] Synthetic seed20000_sample1601 liang_feature_iki_2017_adaptation: K=32 MSE=6.317455612710498e-05 MaxSqErr=0.0003640566836346595 time=34.6 ms ok
[17/122] Synthetic seed20000_sample1601 dung_direct_knot_2017_adaptation: K=21 MSE=4.795272748088047e-05 MaxSqErr=0.00015493009345497687 time=334.7 ms ok
[17/122] Synthetic seed20000_sample1601 kang_sparse_2015_adaptation: K=32 MSE=4.333978661555249e-05 MaxSqErr=0.00021284008513576405 time=399.4 ms ok
[17/122] Synthetic seed20000_sample1601 luo_linf_de_2022_adaptation: K=26 MSE=4.9583125406763854e-05 MaxSqErr=0.00016106758281369364 time=1963.1 ms ok
[18/122] Synthetic seed20000_sample764 ours: K=25 MSE=4.882854558734907e-05 MaxSqErr=0.0003841264456110574 time=8.6 ms ok
[18/122] Synthetic seed20000_sample764 park_dominant_point_2007_adaptation: K=32 MSE=6.00831061967456e-05 MaxSqErr=0.00032828507229709647 time=41.2 ms ok
[18/122] Synthetic seed20000_sample764 liang_feature_iki_2017_adaptation: K=30 MSE=4.988081981977709e-05 MaxSqErr=0.00026046052503881544 time=32.0 ms ok
[18/122] Synthetic seed20000_sample764 dung_direct_knot_2017_adaptation: K=23 MSE=4.866766038476552e-05 MaxSqErr=0.00019236694605536756 time=332.0 ms ok
[18/122] Synthetic seed20000_sample764 kang_sparse_2015_adaptation: K=32 MSE=4.2287250134840104e-05 MaxSqErr=0.00020618417243998058 time=403.3 ms ok
[18/122] Synthetic seed20000_sample764 luo_linf_de_2022_adaptation: K=28 MSE=4.820089860265055e-05 MaxSqErr=0.0003403604949454995 time=1782.3 ms ok
[19/122] Synthetic seed20000_sample3366 ours: K=26 MSE=2.6806463104478265e-05 MaxSqErr=0.00041203794918205487 time=8.6 ms ok
[19/122] Synthetic seed20000_sample3366 park_dominant_point_2007_adaptation: K=32 MSE=0.0002191098846490166 MaxSqErr=0.005170533862421625 time=41.3 ms ok
[19/122] Synthetic seed20000_sample3366 liang_feature_iki_2017_adaptation: K=32 MSE=5.8538834642327184e-05 MaxSqErr=0.0003160875946245934 time=34.3 ms ok
[19/122] Synthetic seed20000_sample3366 dung_direct_knot_2017_adaptation: K=19 MSE=4.754477141205831e-05 MaxSqErr=0.00019822091404975915 time=341.9 ms ok
[19/122] Synthetic seed20000_sample3366 kang_sparse_2015_adaptation: K=30 MSE=4.9754966612845076e-05 MaxSqErr=0.0003694733201027203 time=448.7 ms ok
[19/122] Synthetic seed20000_sample3366 luo_linf_de_2022_adaptation: K=30 MSE=4.9769610704188836e-05 MaxSqErr=0.0002734358402338358 time=1421.2 ms ok
[20/122] Synthetic seed20000_sample2996 ours: K=28 MSE=5.4281545981875905e-05 MaxSqErr=0.0004684103652337275 time=8.6 ms ok
[20/122] Synthetic seed20000_sample2996 park_dominant_point_2007_adaptation: K=32 MSE=9.458472080303727e-05 MaxSqErr=0.0010718491707870344 time=41.3 ms ok
[20/122] Synthetic seed20000_sample2996 liang_feature_iki_2017_adaptation: K=32 MSE=5.351948393588737e-05 MaxSqErr=0.00021082518944040253 time=34.5 ms ok
[20/122] Synthetic seed20000_sample2996 dung_direct_knot_2017_adaptation: K=24 MSE=4.889737613336588e-05 MaxSqErr=0.00021800101408579194 time=390.3 ms ok
[20/122] Synthetic seed20000_sample2996 kang_sparse_2015_adaptation: K=32 MSE=5.295155416365127e-05 MaxSqErr=0.00022672286224569298 time=11.5 ms ok
[20/122] Synthetic seed20000_sample2996 luo_linf_de_2022_adaptation: K=30 MSE=4.770296010327869e-05 MaxSqErr=0.000183823448158168 time=628.7 ms ok
[21/122] Synthetic seed20000_sample2204 ours: K=27 MSE=2.5393271261416055e-05 MaxSqErr=0.0002223025297612561 time=8.6 ms ok
[21/122] Synthetic seed20000_sample2204 park_dominant_point_2007_adaptation: K=32 MSE=5.0528366647686477e-05 MaxSqErr=0.0006305834445297054 time=41.3 ms ok
[21/122] Synthetic seed20000_sample2204 liang_feature_iki_2017_adaptation: K=32 MSE=4.642919922540822e-05 MaxSqErr=0.00021603305258677589 time=34.5 ms ok
[21/122] Synthetic seed20000_sample2204 dung_direct_knot_2017_adaptation: K=23 MSE=4.8557591407009664e-05 MaxSqErr=0.00023226029024707413 time=357.7 ms ok
[21/122] Synthetic seed20000_sample2204 kang_sparse_2015_adaptation: K=32 MSE=4.325847821622046e-05 MaxSqErr=0.00015951331847193905 time=401.8 ms ok
[21/122] Synthetic seed20000_sample2204 luo_linf_de_2022_adaptation: K=31 MSE=4.349398277545031e-05 MaxSqErr=0.00017926530331471093 time=1275.6 ms ok
[22/122] Synthetic seed20000_sample3084 ours: K=27 MSE=1.5148581800779474e-05 MaxSqErr=0.00011558047213487811 time=8.6 ms ok
[22/122] Synthetic seed20000_sample3084 park_dominant_point_2007_adaptation: K=32 MSE=0.00022785035523463767 MaxSqErr=0.00679949106181723 time=41.2 ms ok
[22/122] Synthetic seed20000_sample3084 liang_feature_iki_2017_adaptation: K=32 MSE=4.805208777178076e-05 MaxSqErr=0.00023294933617851337 time=34.7 ms ok
[22/122] Synthetic seed20000_sample3084 dung_direct_knot_2017_adaptation: K=23 MSE=4.645957192555601e-05 MaxSqErr=0.00018859546606916512 time=386.3 ms ok
[22/122] Synthetic seed20000_sample3084 kang_sparse_2015_adaptation: K=32 MSE=5.2435685949922625e-05 MaxSqErr=0.00022100487174947706 time=11.3 ms ok
[22/122] Synthetic seed20000_sample3084 luo_linf_de_2022_adaptation: K=31 MSE=4.934961042946396e-05 MaxSqErr=0.0002169003864676857 time=736.7 ms ok
[23/122] Synthetic seed20000_sample961 ours: K=28 MSE=2.397993361931052e-05 MaxSqErr=0.0001950145623526069 time=8.6 ms ok
[23/122] Synthetic seed20000_sample961 park_dominant_point_2007_adaptation: K=32 MSE=0.00021675200702179088 MaxSqErr=0.002340695348955005 time=41.4 ms ok
[23/122] Synthetic seed20000_sample961 liang_feature_iki_2017_adaptation: K=32 MSE=7.574504170117606e-05 MaxSqErr=0.00030768978118827687 time=34.3 ms ok
[23/122] Synthetic seed20000_sample961 dung_direct_knot_2017_adaptation: K=29 MSE=4.858955783643022e-05 MaxSqErr=0.00017278911632141354 time=480.7 ms ok
[23/122] Synthetic seed20000_sample961 kang_sparse_2015_adaptation: K=32 MSE=5.89068715142952e-05 MaxSqErr=0.0002137397595931603 time=160.1 ms ok
[23/122] Synthetic seed20000_sample961 luo_linf_de_2022_adaptation: K=32 MSE=6.31147946925147e-05 MaxSqErr=0.00021880212210588856 time=596.2 ms ok
[24/122] Synthetic seed20000_sample3684 ours: K=29 MSE=1.5481330677836086e-05 MaxSqErr=0.00010378334327191783 time=8.5 ms ok
[24/122] Synthetic seed20000_sample3684 park_dominant_point_2007_adaptation: K=32 MSE=0.00011839581789593833 MaxSqErr=0.001158099896720488 time=41.3 ms ok
[24/122] Synthetic seed20000_sample3684 liang_feature_iki_2017_adaptation: K=32 MSE=5.734395425907075e-05 MaxSqErr=0.0002443429371761005 time=34.5 ms ok
[24/122] Synthetic seed20000_sample3684 dung_direct_knot_2017_adaptation: K=29 MSE=4.972380203874388e-05 MaxSqErr=0.0001759480036653377 time=491.5 ms ok
[24/122] Synthetic seed20000_sample3684 kang_sparse_2015_adaptation: K=32 MSE=8.074426456295512e-05 MaxSqErr=0.00034099119314094233 time=11.4 ms ok
[24/122] Synthetic seed20000_sample3684 luo_linf_de_2022_adaptation: K=32 MSE=7.795479942331385e-05 MaxSqErr=0.0003407740354970475 time=595.8 ms ok
[25/122] Synthetic seed20000_sample3248 ours: K=30 MSE=2.293028558307346e-05 MaxSqErr=0.0002780897973393511 time=8.5 ms ok
[25/122] Synthetic seed20000_sample3248 park_dominant_point_2007_adaptation: K=32 MSE=0.00018008067424045372 MaxSqErr=0.0035699700954602035 time=41.2 ms ok
[25/122] Synthetic seed20000_sample3248 liang_feature_iki_2017_adaptation: K=32 MSE=0.00011614841182785775 MaxSqErr=0.0006260529712515923 time=34.6 ms ok
[25/122] Synthetic seed20000_sample3248 dung_direct_knot_2017_adaptation: K=29 MSE=4.761853831202149e-05 MaxSqErr=0.00019242746660014928 time=524.0 ms ok
[25/122] Synthetic seed20000_sample3248 kang_sparse_2015_adaptation: K=32 MSE=8.53492445822242e-05 MaxSqErr=0.00034988477639532234 time=11.5 ms ok
[25/122] Synthetic seed20000_sample3248 luo_linf_de_2022_adaptation: K=32 MSE=8.531032148568204e-05 MaxSqErr=0.0003498443792159313 time=595.3 ms ok
[26/122] Synthetic seed20000_sample278 ours: K=30 MSE=5.475213975683588e-05 MaxSqErr=0.0005004824407216335 time=8.5 ms ok
[26/122] Synthetic seed20000_sample278 park_dominant_point_2007_adaptation: K=32 MSE=0.00015798102246419963 MaxSqErr=0.002126354505870587 time=41.3 ms ok
[26/122] Synthetic seed20000_sample278 liang_feature_iki_2017_adaptation: K=32 MSE=8.282626656622638e-05 MaxSqErr=0.0004272773474096943 time=34.3 ms ok
[26/122] Synthetic seed20000_sample278 dung_direct_knot_2017_adaptation: K=28 MSE=4.783579322943342e-05 MaxSqErr=0.00017156735132053348 time=506.3 ms ok
[26/122] Synthetic seed20000_sample278 kang_sparse_2015_adaptation: K=32 MSE=7.889957097997975e-05 MaxSqErr=0.00046525084370148363 time=125.5 ms ok
[26/122] Synthetic seed20000_sample278 luo_linf_de_2022_adaptation: K=32 MSE=7.94458284794621e-05 MaxSqErr=0.000533653962654341 time=596.5 ms ok
[27/122] Synthetic seed20000_sample2753 ours: K=31 MSE=2.746459394650418e-05 MaxSqErr=0.00016988334157812195 time=8.5 ms ok
[27/122] Synthetic seed20000_sample2753 park_dominant_point_2007_adaptation: K=32 MSE=0.00019311000511077975 MaxSqErr=0.0051588796910447855 time=41.2 ms ok
[27/122] Synthetic seed20000_sample2753 liang_feature_iki_2017_adaptation: K=32 MSE=0.00010137672157272933 MaxSqErr=0.0007072014113239256 time=34.6 ms ok
[27/122] Synthetic seed20000_sample2753 dung_direct_knot_2017_adaptation: K=31 MSE=4.848759933907005e-05 MaxSqErr=0.00019037975036650294 time=491.1 ms ok
[27/122] Synthetic seed20000_sample2753 kang_sparse_2015_adaptation: K=32 MSE=7.408645001886697e-05 MaxSqErr=0.0004745231003160496 time=12.7 ms ok
[27/122] Synthetic seed20000_sample2753 luo_linf_de_2022_adaptation: K=32 MSE=7.280970996814222e-05 MaxSqErr=0.0004740457334215447 time=595.8 ms ok
[28/122] Synthetic seed20000_sample2138 ours: K=30 MSE=3.1726143168339415e-05 MaxSqErr=0.00018783730149830283 time=8.5 ms ok
[28/122] Synthetic seed20000_sample2138 park_dominant_point_2007_adaptation: K=32 MSE=6.17992062966573e-05 MaxSqErr=0.0005462973350125725 time=41.2 ms ok
[28/122] Synthetic seed20000_sample2138 liang_feature_iki_2017_adaptation: K=32 MSE=6.648509761346893e-05 MaxSqErr=0.0003132530552226627 time=34.6 ms ok
[28/122] Synthetic seed20000_sample2138 dung_direct_knot_2017_adaptation: K=29 MSE=4.88366756571047e-05 MaxSqErr=0.00015541320043881021 time=485.5 ms ok
[28/122] Synthetic seed20000_sample2138 kang_sparse_2015_adaptation: K=32 MSE=7.054675194511423e-05 MaxSqErr=0.00026053267261548426 time=11.3 ms ok
[28/122] Synthetic seed20000_sample2138 luo_linf_de_2022_adaptation: K=32 MSE=6.65066708899349e-05 MaxSqErr=0.0002838270152314182 time=761.8 ms ok
[29/122] Synthetic seed20000_sample731 ours: K=31 MSE=2.2404705749683067e-05 MaxSqErr=0.00015513753711841863 time=8.6 ms ok
[29/122] Synthetic seed20000_sample731 park_dominant_point_2007_adaptation: K=32 MSE=0.0002997833244533582 MaxSqErr=0.009556880800977057 time=41.2 ms ok
[29/122] Synthetic seed20000_sample731 liang_feature_iki_2017_adaptation: K=32 MSE=7.120589158716074e-05 MaxSqErr=0.00034114765274450393 time=34.6 ms ok
[29/122] Synthetic seed20000_sample731 dung_direct_knot_2017_adaptation: K=32 MSE=5.6132194352342546e-05 MaxSqErr=0.00020348780098238385 time=586.5 ms ok
[29/122] Synthetic seed20000_sample731 kang_sparse_2015_adaptation: K=32 MSE=0.00010065776704376941 MaxSqErr=0.0005817885703524151 time=11.4 ms ok
[29/122] Synthetic seed20000_sample731 luo_linf_de_2022_adaptation: K=32 MSE=9.302360949407425e-05 MaxSqErr=0.0005755731076998901 time=595.1 ms ok
[30/122] Synthetic seed20000_sample1405 ours: K=31 MSE=4.722799307941783e-05 MaxSqErr=0.00036976000649654344 time=8.6 ms ok
[30/122] Synthetic seed20000_sample1405 park_dominant_point_2007_adaptation: K=32 MSE=0.00023688867087277962 MaxSqErr=0.006065346081382281 time=41.3 ms ok
[30/122] Synthetic seed20000_sample1405 liang_feature_iki_2017_adaptation: K=32 MSE=0.00010572209732529217 MaxSqErr=0.0008086981368890353 time=34.5 ms ok
[30/122] Synthetic seed20000_sample1405 dung_direct_knot_2017_adaptation: K=32 MSE=5.152400668849852e-05 MaxSqErr=0.00014722494379101713 time=569.3 ms ok
[30/122] Synthetic seed20000_sample1405 kang_sparse_2015_adaptation: K=32 MSE=7.812758428990352e-05 MaxSqErr=0.00034154800330395125 time=11.1 ms ok
[30/122] Synthetic seed20000_sample1405 luo_linf_de_2022_adaptation: K=32 MSE=7.78240712441208e-05 MaxSqErr=0.0003416496474783907 time=594.2 ms ok
[31/122] Synthetic seed20000_sample937 ours: K=31 MSE=3.874351661425555e-05 MaxSqErr=0.0003394380518319152 time=8.5 ms ok
[31/122] Synthetic seed20000_sample937 park_dominant_point_2007_adaptation: K=32 MSE=0.00029339877128730925 MaxSqErr=0.004272993640035899 time=41.3 ms ok
[31/122] Synthetic seed20000_sample937 liang_feature_iki_2017_adaptation: K=32 MSE=0.00021731875335075673 MaxSqErr=0.0012802200794407546 time=34.5 ms ok
[31/122] Synthetic seed20000_sample937 dung_direct_knot_2017_adaptation: K=32 MSE=6.157706836880363e-05 MaxSqErr=0.0002809073736339613 time=521.8 ms ok
[31/122] Synthetic seed20000_sample937 kang_sparse_2015_adaptation: K=32 MSE=9.693300792105498e-05 MaxSqErr=0.0006572855198428558 time=11.1 ms ok
[31/122] Synthetic seed20000_sample937 luo_linf_de_2022_adaptation: K=32 MSE=9.689438546295092e-05 MaxSqErr=0.0006584076532238994 time=597.4 ms ok
[32/122] Synthetic seed20000_sample3396 ours: K=31 MSE=4.983574157641624e-05 MaxSqErr=0.00038527697145354173 time=8.6 ms ok
[32/122] Synthetic seed20000_sample3396 park_dominant_point_2007_adaptation: K=32 MSE=0.00022929515490087166 MaxSqErr=0.007450462893935926 time=41.2 ms ok
[32/122] Synthetic seed20000_sample3396 liang_feature_iki_2017_adaptation: K=32 MSE=0.00022729274360105197 MaxSqErr=0.00120804975085066 time=34.6 ms ok
[32/122] Synthetic seed20000_sample3396 dung_direct_knot_2017_adaptation: K=32 MSE=5.496546027620439e-05 MaxSqErr=0.0001979172492307394 time=591.6 ms ok
[32/122] Synthetic seed20000_sample3396 kang_sparse_2015_adaptation: K=32 MSE=0.0001134287482777921 MaxSqErr=0.0005501883614712226 time=12.4 ms ok
[32/122] Synthetic seed20000_sample3396 luo_linf_de_2022_adaptation: K=32 MSE=0.00010673126312248585 MaxSqErr=0.0007368099774027845 time=597.5 ms ok
[33/122] Synthetic seed20000_sample496 ours: K=32 MSE=5.3108708457002536e-05 MaxSqErr=0.0002399139275837462 time=8.5 ms ok
[33/122] Synthetic seed20000_sample496 park_dominant_point_2007_adaptation: K=32 MSE=9.206575029037649e-05 MaxSqErr=0.0012602486947356772 time=42.1 ms ok
[33/122] Synthetic seed20000_sample496 liang_feature_iki_2017_adaptation: K=32 MSE=0.0001134341426814862 MaxSqErr=0.000990441241936214 time=34.7 ms ok
[33/122] Synthetic seed20000_sample496 dung_direct_knot_2017_adaptation: K=32 MSE=5.581985270490213e-05 MaxSqErr=0.00023231623624046956 time=628.4 ms ok
[33/122] Synthetic seed20000_sample496 kang_sparse_2015_adaptation: K=32 MSE=0.00013637367070045347 MaxSqErr=0.0009031249952012759 time=11.3 ms ok
[33/122] Synthetic seed20000_sample496 luo_linf_de_2022_adaptation: K=32 MSE=0.00012774003750401052 MaxSqErr=0.000903096616641046 time=596.1 ms ok
[34/122] Synthetic seed20000_sample981 ours: K=32 MSE=7.572786670644698e-05 MaxSqErr=0.000533170773324883 time=8.5 ms ok
[34/122] Synthetic seed20000_sample981 park_dominant_point_2007_adaptation: K=32 MSE=0.00016576848464519873 MaxSqErr=0.0022778057087418264 time=41.3 ms ok
[34/122] Synthetic seed20000_sample981 liang_feature_iki_2017_adaptation: K=32 MSE=8.287608903556584e-05 MaxSqErr=0.00038644308728581664 time=34.7 ms ok
[34/122] Synthetic seed20000_sample981 dung_direct_knot_2017_adaptation: K=32 MSE=5.497287548127545e-05 MaxSqErr=0.00022357389697666915 time=629.3 ms ok
[34/122] Synthetic seed20000_sample981 kang_sparse_2015_adaptation: K=32 MSE=0.0001563138636586753 MaxSqErr=0.0011723150219089084 time=11.1 ms ok
[34/122] Synthetic seed20000_sample981 luo_linf_de_2022_adaptation: K=32 MSE=0.00014647655493436927 MaxSqErr=0.0012354034691460002 time=597.0 ms ok
[35/122] Synthetic seed20000_sample3769 ours: K=32 MSE=0.00010178414673604106 MaxSqErr=0.0005834627882939965 time=8.6 ms ok
[35/122] Synthetic seed20000_sample3769 park_dominant_point_2007_adaptation: K=32 MSE=0.00010910434455428566 MaxSqErr=0.001187886435591311 time=42.2 ms ok
[35/122] Synthetic seed20000_sample3769 liang_feature_iki_2017_adaptation: K=32 MSE=0.0001860271461805516 MaxSqErr=0.0020405693741905187 time=34.6 ms ok
[35/122] Synthetic seed20000_sample3769 dung_direct_knot_2017_adaptation: K=32 MSE=8.488258258379793e-05 MaxSqErr=0.0004818068569342332 time=647.8 ms ok
[35/122] Synthetic seed20000_sample3769 kang_sparse_2015_adaptation: K=32 MSE=0.00018007698888530265 MaxSqErr=0.0013256797145065945 time=14.8 ms ok
[35/122] Synthetic seed20000_sample3769 luo_linf_de_2022_adaptation: K=32 MSE=0.00014513602910592226 MaxSqErr=0.0011285708720897222 time=596.2 ms ok
[36/122] Synthetic seed20000_sample1922 ours: K=32 MSE=8.963879798910536e-05 MaxSqErr=0.0005044779508052712 time=8.6 ms ok
[36/122] Synthetic seed20000_sample1922 park_dominant_point_2007_adaptation: K=32 MSE=0.00010584847423971248 MaxSqErr=0.0007211197940930115 time=42.5 ms ok
[36/122] Synthetic seed20000_sample1922 liang_feature_iki_2017_adaptation: K=32 MSE=0.0006817992252473104 MaxSqErr=0.0030771736509476815 time=34.6 ms ok
[36/122] Synthetic seed20000_sample1922 dung_direct_knot_2017_adaptation: K=32 MSE=6.421004079216439e-05 MaxSqErr=0.0002669265841239021 time=610.9 ms ok
[36/122] Synthetic seed20000_sample1922 kang_sparse_2015_adaptation: K=32 MSE=0.00021311603449021058 MaxSqErr=0.0014519823572106702 time=11.4 ms ok
[36/122] Synthetic seed20000_sample1922 luo_linf_de_2022_adaptation: K=32 MSE=0.0002121847109094703 MaxSqErr=0.0013831098632213986 time=595.2 ms ok
[37/122] Synthetic seed20000_sample1306 ours: K=32 MSE=0.0001938505337068633 MaxSqErr=0.001444509878214071 time=8.6 ms ok
[37/122] Synthetic seed20000_sample1306 park_dominant_point_2007_adaptation: K=32 MSE=0.00010605434452284017 MaxSqErr=0.00045875023574738983 time=43.7 ms ok
[37/122] Synthetic seed20000_sample1306 liang_feature_iki_2017_adaptation: K=32 MSE=0.0005550049517731264 MaxSqErr=0.00323464771672529 time=34.6 ms ok
[37/122] Synthetic seed20000_sample1306 dung_direct_knot_2017_adaptation: K=32 MSE=7.948761120628822e-05 MaxSqErr=0.0007083903148149142 time=663.8 ms ok
[37/122] Synthetic seed20000_sample1306 kang_sparse_2015_adaptation: K=32 MSE=0.00027899082469895166 MaxSqErr=0.0033879057364350302 time=11.2 ms ok
[37/122] Synthetic seed20000_sample1306 luo_linf_de_2022_adaptation: K=32 MSE=0.0002633379086913064 MaxSqErr=0.0033517327133182535 time=596.7 ms ok
[38/122] Synthetic seed20000_sample2647 ours: K=32 MSE=0.00018575811837585107 MaxSqErr=0.001686310015341803 time=8.6 ms ok
[38/122] Synthetic seed20000_sample2647 park_dominant_point_2007_adaptation: K=32 MSE=0.00026124393363265614 MaxSqErr=0.005868326079720173 time=41.2 ms ok
[38/122] Synthetic seed20000_sample2647 liang_feature_iki_2017_adaptation: K=32 MSE=0.00040246518749336753 MaxSqErr=0.0020808065532816706 time=34.5 ms ok
[38/122] Synthetic seed20000_sample2647 dung_direct_knot_2017_adaptation: K=32 MSE=6.258383449732746e-05 MaxSqErr=0.00023952487690113194 time=665.9 ms ok
[38/122] Synthetic seed20000_sample2647 kang_sparse_2015_adaptation: K=32 MSE=0.00026985818583934076 MaxSqErr=0.002476665145851747 time=11.2 ms ok
[38/122] Synthetic seed20000_sample2647 luo_linf_de_2022_adaptation: K=32 MSE=0.0002573521391097356 MaxSqErr=0.002352575450346031 time=597.9 ms ok
[39/122] Synthetic seed20000_sample2880 ours: K=32 MSE=0.00018118633156221083 MaxSqErr=0.0008449022303297938 time=8.7 ms ok
[39/122] Synthetic seed20000_sample2880 park_dominant_point_2007_adaptation: K=32 MSE=9.729706721141501e-05 MaxSqErr=0.0007211230014089623 time=42.1 ms ok
[39/122] Synthetic seed20000_sample2880 liang_feature_iki_2017_adaptation: K=32 MSE=0.00021556440691581724 MaxSqErr=0.001823364296701412 time=34.2 ms ok
[39/122] Synthetic seed20000_sample2880 dung_direct_knot_2017_adaptation: K=32 MSE=8.153058678851292e-05 MaxSqErr=0.0003263901656771124 time=704.8 ms ok
[39/122] Synthetic seed20000_sample2880 kang_sparse_2015_adaptation: K=32 MSE=0.0002540542511730267 MaxSqErr=0.001369879478086047 time=125.1 ms ok
[39/122] Synthetic seed20000_sample2880 luo_linf_de_2022_adaptation: K=32 MSE=0.0002543294373279947 MaxSqErr=0.0014767203183433883 time=597.7 ms ok
[40/122] Synthetic seed20000_sample1149 ours: K=32 MSE=0.00024067366535383434 MaxSqErr=0.0017198808542885776 time=8.6 ms ok
[40/122] Synthetic seed20000_sample1149 park_dominant_point_2007_adaptation: K=32 MSE=0.00036465343420671696 MaxSqErr=0.007813479484527245 time=41.3 ms ok
[40/122] Synthetic seed20000_sample1149 liang_feature_iki_2017_adaptation: K=32 MSE=0.00040129458005021967 MaxSqErr=0.0023411537160654477 time=34.6 ms ok
[40/122] Synthetic seed20000_sample1149 dung_direct_knot_2017_adaptation: K=32 MSE=8.408427163243198e-05 MaxSqErr=0.00037501669968608787 time=674.9 ms ok
[40/122] Synthetic seed20000_sample1149 kang_sparse_2015_adaptation: K=32 MSE=0.0004137390946085224 MaxSqErr=0.0034924543905934923 time=11.2 ms ok
[40/122] Synthetic seed20000_sample1149 luo_linf_de_2022_adaptation: K=32 MSE=0.0004137390946085224 MaxSqErr=0.0034924543905934923 time=595.6 ms ok
[41/122] Synthetic seed20000_sample650 ours: K=32 MSE=0.00028305544799231034 MaxSqErr=0.00243317317957424 time=8.5 ms ok
[41/122] Synthetic seed20000_sample650 park_dominant_point_2007_adaptation: K=32 MSE=8.451347102785461e-05 MaxSqErr=0.000453304369182141 time=43.5 ms ok
[41/122] Synthetic seed20000_sample650 liang_feature_iki_2017_adaptation: K=32 MSE=0.00047984511388936654 MaxSqErr=0.003483215424636158 time=34.3 ms ok
[41/122] Synthetic seed20000_sample650 dung_direct_knot_2017_adaptation: K=32 MSE=9.989586597411752e-05 MaxSqErr=0.00046183022963960463 time=686.5 ms ok
[41/122] Synthetic seed20000_sample650 kang_sparse_2015_adaptation: K=32 MSE=0.00039870949737103793 MaxSqErr=0.003134797923305498 time=21.6 ms ok
[41/122] Synthetic seed20000_sample650 luo_linf_de_2022_adaptation: K=32 MSE=0.00036015399283252343 MaxSqErr=0.0031292105201998336 time=594.1 ms ok
[42/122] Synthetic seed20000_sample2103 ours: K=32 MSE=0.00024553585639433057 MaxSqErr=0.0013333198562887607 time=8.6 ms ok
[42/122] Synthetic seed20000_sample2103 park_dominant_point_2007_adaptation: K=32 MSE=0.0001234235221352082 MaxSqErr=0.0006002150264552088 time=42.6 ms ok
[42/122] Synthetic seed20000_sample2103 liang_feature_iki_2017_adaptation: K=32 MSE=0.00029298934309021375 MaxSqErr=0.001934877371769224 time=34.6 ms ok
[42/122] Synthetic seed20000_sample2103 dung_direct_knot_2017_adaptation: K=32 MSE=8.71098863299237e-05 MaxSqErr=0.0005730161072196599 time=712.4 ms ok
[42/122] Synthetic seed20000_sample2103 kang_sparse_2015_adaptation: K=32 MSE=0.0003583621905988883 MaxSqErr=0.0016360918842266525 time=11.1 ms ok
[42/122] Synthetic seed20000_sample2103 luo_linf_de_2022_adaptation: K=32 MSE=0.0003583621905988883 MaxSqErr=0.0016360918842266525 time=597.2 ms ok
[43/122] UJI uji2_07539_stroke_00 ours: K=20 MSE=7.084724937113673e-06 MaxSqErr=0.00012926137893666087 time=8.5 ms ok
[43/122] UJI uji2_07539_stroke_00 park_dominant_point_2007_adaptation: K=5 MSE=2.6974689862313013e-05 MaxSqErr=0.00030998493360027924 time=7.0 ms ok
[43/122] UJI uji2_07539_stroke_00 liang_feature_iki_2017_adaptation: K=4 MSE=3.931415176784181e-05 MaxSqErr=0.0008125381049664943 time=3.6 ms ok
[43/122] UJI uji2_07539_stroke_00 dung_direct_knot_2017_adaptation: K=4 MSE=4.490223347943162e-05 MaxSqErr=0.0003700284799028207 time=75.0 ms ok
[43/122] UJI uji2_07539_stroke_00 kang_sparse_2015_adaptation: K=6 MSE=2.859059875439857e-05 MaxSqErr=0.0006030557611743379 time=998.5 ms ok
[43/122] UJI uji2_07539_stroke_00 luo_linf_de_2022_adaptation: K=5 MSE=3.112560052622531e-05 MaxSqErr=0.0002584177118978645 time=2528.1 ms ok
[44/122] UJI uji2_08691_stroke_00 ours: K=20 MSE=8.70102145120298e-06 MaxSqErr=9.706451313747635e-05 time=8.4 ms ok
[44/122] UJI uji2_08691_stroke_00 park_dominant_point_2007_adaptation: K=13 MSE=4.088330288546689e-05 MaxSqErr=0.000911834542301537 time=15.5 ms ok
[44/122] UJI uji2_08691_stroke_00 liang_feature_iki_2017_adaptation: K=7 MSE=4.497009746759007e-05 MaxSqErr=0.0006173216101634526 time=6.5 ms ok
[44/122] UJI uji2_08691_stroke_00 dung_direct_knot_2017_adaptation: K=8 MSE=1.8473366923423798e-05 MaxSqErr=0.0001151632147354499 time=129.7 ms ok
[44/122] UJI uji2_08691_stroke_00 kang_sparse_2015_adaptation: K=14 MSE=2.5607932552378242e-05 MaxSqErr=0.0005223543623567464 time=847.6 ms ok
[44/122] UJI uji2_08691_stroke_00 luo_linf_de_2022_adaptation: K=7 MSE=3.7908074554675906e-05 MaxSqErr=0.0004195903847105381 time=2732.9 ms ok
[45/122] UJI uji2_05687_stroke_00 ours: K=22 MSE=5.76578006661196e-05 MaxSqErr=0.0008004670403768196 time=8.5 ms ok
[45/122] UJI uji2_05687_stroke_00 park_dominant_point_2007_adaptation: K=16 MSE=4.634629259918171e-05 MaxSqErr=0.0012064793643138982 time=18.9 ms ok
[45/122] UJI uji2_05687_stroke_00 liang_feature_iki_2017_adaptation: K=13 MSE=2.1480494286204585e-05 MaxSqErr=0.0003843794354970074 time=12.4 ms ok
[45/122] UJI uji2_05687_stroke_00 dung_direct_knot_2017_adaptation: K=12 MSE=4.110546054275896e-05 MaxSqErr=0.0002744528610690519 time=190.0 ms ok
[45/122] UJI uji2_05687_stroke_00 kang_sparse_2015_adaptation: K=32 MSE=2.0592796299421945e-05 MaxSqErr=0.0008244126271544089 time=403.1 ms ok
[45/122] UJI uji2_05687_stroke_00 luo_linf_de_2022_adaptation: K=18 MSE=4.407848110575506e-05 MaxSqErr=0.0008284784991081793 time=2339.1 ms ok
[46/122] UJI uji2_09129_stroke_00 ours: K=23 MSE=6.3386220677302155e-06 MaxSqErr=0.0002219319021985267 time=8.5 ms ok
[46/122] UJI uji2_09129_stroke_00 park_dominant_point_2007_adaptation: K=21 MSE=4.846505839153951e-05 MaxSqErr=0.0016528892236474984 time=25.2 ms ok
[46/122] UJI uji2_09129_stroke_00 liang_feature_iki_2017_adaptation: K=16 MSE=4.608045550034163e-05 MaxSqErr=0.0004257561794787165 time=15.4 ms ok
[46/122] UJI uji2_09129_stroke_00 dung_direct_knot_2017_adaptation: K=9 MSE=3.684061848772894e-05 MaxSqErr=0.00029571994310929786 time=115.1 ms ok
[46/122] UJI uji2_09129_stroke_00 kang_sparse_2015_adaptation: K=32 MSE=2.0053168061329457e-05 MaxSqErr=0.000633763221500109 time=404.4 ms ok
[46/122] UJI uji2_09129_stroke_00 luo_linf_de_2022_adaptation: K=12 MSE=4.5838500634823796e-05 MaxSqErr=0.0008956391249930794 time=2389.7 ms ok
[47/122] UJI uji2_02841_stroke_01 ours: K=21 MSE=1.1440796409060489e-05 MaxSqErr=0.00015529350404376048 time=8.5 ms ok
[47/122] UJI uji2_02841_stroke_01 park_dominant_point_2007_adaptation: K=3 MSE=3.966383149143293e-05 MaxSqErr=0.0003855726271006757 time=5.0 ms ok
[47/122] UJI uji2_02841_stroke_01 liang_feature_iki_2017_adaptation: K=4 MSE=2.166331745053272e-05 MaxSqErr=0.00018749845769121847 time=3.6 ms ok
[47/122] UJI uji2_02841_stroke_01 dung_direct_knot_2017_adaptation: K=3 MSE=2.1114262825344873e-05 MaxSqErr=0.00012152940424252426 time=69.9 ms ok
[47/122] UJI uji2_02841_stroke_01 kang_sparse_2015_adaptation: K=28 MSE=1.8611967408692747e-06 MaxSqErr=5.607228598182012e-05 time=1180.3 ms ok
[47/122] UJI uji2_02841_stroke_01 luo_linf_de_2022_adaptation: K=6 MSE=1.0770793308675968e-05 MaxSqErr=4.716797732277173e-05 time=2747.6 ms ok
[48/122] UJI uji2_05191_stroke_01 ours: K=18 MSE=4.747012029599931e-06 MaxSqErr=3.37163493532642e-05 time=8.4 ms ok
[48/122] UJI uji2_05191_stroke_01 park_dominant_point_2007_adaptation: K=3 MSE=2.6430742760420612e-05 MaxSqErr=0.0002938417169346078 time=5.0 ms ok
[48/122] UJI uji2_05191_stroke_01 liang_feature_iki_2017_adaptation: K=4 MSE=2.089938240134365e-05 MaxSqErr=0.00013085058651447667 time=3.6 ms ok
[48/122] UJI uji2_05191_stroke_01 dung_direct_knot_2017_adaptation: K=3 MSE=2.0522469492194204e-05 MaxSqErr=0.00013993413039334606 time=68.9 ms ok
[48/122] UJI uji2_05191_stroke_01 kang_sparse_2015_adaptation: K=24 MSE=3.6888261573351274e-06 MaxSqErr=8.234278457712525e-05 time=1100.4 ms ok
[48/122] UJI uji2_05191_stroke_01 luo_linf_de_2022_adaptation: K=4 MSE=1.4427233427478147e-05 MaxSqErr=7.335040752332018e-05 time=2624.3 ms ok
[49/122] UJI uji2_10314_stroke_01 ours: K=24 MSE=2.1234983441773675e-05 MaxSqErr=0.00020636637154021063 time=8.6 ms ok
[49/122] UJI uji2_10314_stroke_01 park_dominant_point_2007_adaptation: K=8 MSE=4.219221705969716e-05 MaxSqErr=0.00019229538882759056 time=10.1 ms ok
[49/122] UJI uji2_10314_stroke_01 liang_feature_iki_2017_adaptation: K=7 MSE=2.5630355089760476e-05 MaxSqErr=0.00019363791444077988 time=6.5 ms ok
[49/122] UJI uji2_10314_stroke_01 dung_direct_knot_2017_adaptation: K=6 MSE=4.082527302082407e-05 MaxSqErr=0.00024422671079060585 time=65.3 ms ok
[49/122] UJI uji2_10314_stroke_01 kang_sparse_2015_adaptation: K=15 MSE=2.455646850983683e-05 MaxSqErr=0.0003903742068392703 time=940.1 ms ok
[49/122] UJI uji2_10314_stroke_01 luo_linf_de_2022_adaptation: K=7 MSE=3.486711407603703e-05 MaxSqErr=0.00020222663993303656 time=2531.5 ms ok
[50/122] UJI uji2_02399_stroke_00 ours: K=18 MSE=1.557586333372159e-05 MaxSqErr=0.00010200890568092335 time=8.4 ms ok
[50/122] UJI uji2_02399_stroke_00 park_dominant_point_2007_adaptation: K=4 MSE=3.57489294964973e-05 MaxSqErr=0.00020392477740762273 time=6.0 ms ok
[50/122] UJI uji2_02399_stroke_00 liang_feature_iki_2017_adaptation: K=4 MSE=1.6523309657346925e-05 MaxSqErr=0.00010694470932965516 time=3.6 ms ok
[50/122] UJI uji2_02399_stroke_00 dung_direct_knot_2017_adaptation: K=3 MSE=2.9266089842979496e-05 MaxSqErr=0.00016023299992461095 time=58.4 ms ok
[50/122] UJI uji2_02399_stroke_00 kang_sparse_2015_adaptation: K=17 MSE=4.6523434441246115e-05 MaxSqErr=0.0009155902596970194 time=1086.8 ms ok
[50/122] UJI uji2_02399_stroke_00 luo_linf_de_2022_adaptation: K=5 MSE=1.1701853342190401e-05 MaxSqErr=5.6152009714311705e-05 time=2610.1 ms ok
[51/122] UJI uji2_07973_stroke_00 ours: K=23 MSE=9.057069745165525e-06 MaxSqErr=0.0003580024973629425 time=8.6 ms ok
[51/122] UJI uji2_07973_stroke_00 park_dominant_point_2007_adaptation: K=5 MSE=3.3407601788218684e-05 MaxSqErr=0.00023237760394572348 time=7.1 ms ok
[51/122] UJI uji2_07973_stroke_00 liang_feature_iki_2017_adaptation: K=6 MSE=3.221962527488152e-05 MaxSqErr=0.00024703637392423284 time=5.5 ms ok
[51/122] UJI uji2_07973_stroke_00 dung_direct_knot_2017_adaptation: K=7 MSE=3.37094893969713e-05 MaxSqErr=0.00011789586632317499 time=89.6 ms ok
[51/122] UJI uji2_07973_stroke_00 kang_sparse_2015_adaptation: K=15 MSE=3.588796168925347e-06 MaxSqErr=0.00012961912018305414 time=996.4 ms ok
[51/122] UJI uji2_07973_stroke_00 luo_linf_de_2022_adaptation: K=9 MSE=4.4479858575435843e-05 MaxSqErr=0.0007414695193208951 time=2514.5 ms ok
[52/122] UJI uji2_02662_stroke_01 ours: K=7 MSE=5.4228994918542075e-06 MaxSqErr=4.840747211326646e-05 time=8.3 ms ok
[52/122] UJI uji2_02662_stroke_01 park_dominant_point_2007_adaptation: K=0 MSE=4.8463634853681e-05 MaxSqErr=0.0002781134164502807 time=2.2 ms ok
[52/122] UJI uji2_02662_stroke_01 liang_feature_iki_2017_adaptation: K=4 MSE=3.8932305258256775e-06 MaxSqErr=3.734656173687917e-05 time=3.6 ms ok
[52/122] UJI uji2_02662_stroke_01 dung_direct_knot_2017_adaptation: K=1 MSE=1.9325447389977172e-05 MaxSqErr=0.00017070010642263365 time=20.3 ms ok
[52/122] UJI uji2_02662_stroke_01 kang_sparse_2015_adaptation: K=0 MSE=4.8463634853681e-05 MaxSqErr=0.0002781134164502807 time=3.5 ms ok
[52/122] UJI uji2_02662_stroke_01 luo_linf_de_2022_adaptation: K=5 MSE=1.6208373895196655e-06 MaxSqErr=8.184136025938428e-06 time=2899.1 ms ok
[53/122] UJI uji2_02219_stroke_00 ours: K=22 MSE=3.0780030995678084e-05 MaxSqErr=0.00046335670997469487 time=8.5 ms ok
[53/122] UJI uji2_02219_stroke_00 park_dominant_point_2007_adaptation: K=30 MSE=3.855883622221444e-05 MaxSqErr=0.0013194380325122815 time=38.3 ms ok
[53/122] UJI uji2_02219_stroke_00 liang_feature_iki_2017_adaptation: K=20 MSE=4.774643271705472e-05 MaxSqErr=0.0004441339685270833 time=19.9 ms ok
[53/122] UJI uji2_02219_stroke_00 dung_direct_knot_2017_adaptation: K=15 MSE=3.822824299635843e-05 MaxSqErr=0.0006959739680076881 time=204.7 ms ok
[53/122] UJI uji2_02219_stroke_00 kang_sparse_2015_adaptation: K=32 MSE=3.0457674327789313e-05 MaxSqErr=0.0005885991559745876 time=406.9 ms ok
[53/122] UJI uji2_02219_stroke_00 luo_linf_de_2022_adaptation: K=30 MSE=3.517656307763292e-05 MaxSqErr=0.0005870914765735287 time=2303.1 ms ok
[54/122] UJI uji2_09722_stroke_00 ours: K=19 MSE=1.2751228960640112e-05 MaxSqErr=0.0005304399652788237 time=8.4 ms ok
[54/122] UJI uji2_09722_stroke_00 park_dominant_point_2007_adaptation: K=11 MSE=1.5965256187282844e-05 MaxSqErr=0.000267154657086591 time=13.3 ms ok
[54/122] UJI uji2_09722_stroke_00 liang_feature_iki_2017_adaptation: K=6 MSE=4.5165606216616137e-05 MaxSqErr=0.000813903376830702 time=5.5 ms ok
[54/122] UJI uji2_09722_stroke_00 dung_direct_knot_2017_adaptation: K=7 MSE=2.9037030103291943e-05 MaxSqErr=0.00017330990288968168 time=115.4 ms ok
[54/122] UJI uji2_09722_stroke_00 kang_sparse_2015_adaptation: K=18 MSE=1.6640143223323473e-05 MaxSqErr=0.0006624222473584129 time=897.9 ms ok
[54/122] UJI uji2_09722_stroke_00 luo_linf_de_2022_adaptation: K=8 MSE=4.884649070023368e-05 MaxSqErr=0.00034112868314011073 time=2512.6 ms ok
[55/122] UJI uji2_03341_stroke_00 ours: K=21 MSE=2.1339846208234022e-05 MaxSqErr=0.0005694901952891586 time=8.5 ms ok
[55/122] UJI uji2_03341_stroke_00 park_dominant_point_2007_adaptation: K=31 MSE=1.0007401832158662e-05 MaxSqErr=0.0004914335756063429 time=39.8 ms ok
[55/122] UJI uji2_03341_stroke_00 liang_feature_iki_2017_adaptation: K=20 MSE=4.180513716108844e-05 MaxSqErr=0.00029640714256805485 time=19.9 ms ok
[55/122] UJI uji2_03341_stroke_00 dung_direct_knot_2017_adaptation: K=13 MSE=4.0945385670953556e-05 MaxSqErr=0.0003489073643076127 time=169.0 ms ok
[55/122] UJI uji2_03341_stroke_00 kang_sparse_2015_adaptation: K=32 MSE=2.7989153437745456e-05 MaxSqErr=0.0013405281124925198 time=409.8 ms ok
[55/122] UJI uji2_03341_stroke_00 luo_linf_de_2022_adaptation: K=23 MSE=4.3255280308238926e-05 MaxSqErr=0.0013940950820870521 time=2267.5 ms ok
[56/122] UJI uji2_11617_stroke_00 ours: K=21 MSE=4.242602428327201e-06 MaxSqErr=7.06896136602107e-05 time=8.5 ms ok
[56/122] UJI uji2_11617_stroke_00 park_dominant_point_2007_adaptation: K=7 MSE=4.301565596041847e-05 MaxSqErr=0.000762895461750065 time=9.0 ms ok
[56/122] UJI uji2_11617_stroke_00 liang_feature_iki_2017_adaptation: K=4 MSE=3.288361899051649e-05 MaxSqErr=0.0007872201458833826 time=3.6 ms ok
[56/122] UJI uji2_11617_stroke_00 dung_direct_knot_2017_adaptation: K=4 MSE=1.1650729145130955e-05 MaxSqErr=0.00014800151472760947 time=45.4 ms ok
[56/122] UJI uji2_11617_stroke_00 kang_sparse_2015_adaptation: K=6 MSE=2.346028504676829e-05 MaxSqErr=0.0005676386116715763 time=1017.0 ms ok
[56/122] UJI uji2_11617_stroke_00 luo_linf_de_2022_adaptation: K=3 MSE=2.058582210153453e-05 MaxSqErr=0.0001562943041226856 time=2549.1 ms ok
[57/122] UJI uji2_06383_stroke_00 ours: K=22 MSE=3.6944746522873355e-06 MaxSqErr=3.7104413675170754e-05 time=8.5 ms ok
[57/122] UJI uji2_06383_stroke_00 park_dominant_point_2007_adaptation: K=10 MSE=1.857168773480835e-05 MaxSqErr=0.0006583519813575527 time=12.2 ms ok
[57/122] UJI uji2_06383_stroke_00 liang_feature_iki_2017_adaptation: K=5 MSE=3.563553916827241e-05 MaxSqErr=0.0006716855560747467 time=4.5 ms ok
[57/122] UJI uji2_06383_stroke_00 dung_direct_knot_2017_adaptation: K=4 MSE=3.588959847468866e-05 MaxSqErr=0.00040508074535329405 time=92.4 ms ok
[57/122] UJI uji2_06383_stroke_00 kang_sparse_2015_adaptation: K=5 MSE=4.8086515849453946e-05 MaxSqErr=0.0010188951227843566 time=998.8 ms ok
[57/122] UJI uji2_06383_stroke_00 luo_linf_de_2022_adaptation: K=5 MSE=2.1509182577952604e-05 MaxSqErr=0.00045699913130248704 time=2495.5 ms ok
[58/122] UJI uji2_10965_stroke_00 ours: K=27 MSE=4.065034025903863e-05 MaxSqErr=0.0003510804244512469 time=8.6 ms ok
[58/122] UJI uji2_10965_stroke_00 park_dominant_point_2007_adaptation: K=9 MSE=1.619160369293103e-05 MaxSqErr=9.588395529089186e-05 time=11.2 ms ok
[58/122] UJI uji2_10965_stroke_00 liang_feature_iki_2017_adaptation: K=7 MSE=4.207490483321757e-05 MaxSqErr=0.00025520971902683157 time=6.5 ms ok
[58/122] UJI uji2_10965_stroke_00 dung_direct_knot_2017_adaptation: K=7 MSE=4.168770818687548e-05 MaxSqErr=0.000259207952522239 time=99.7 ms ok
[58/122] UJI uji2_10965_stroke_00 kang_sparse_2015_adaptation: K=19 MSE=1.401051227770676e-05 MaxSqErr=0.00021385279620919398 time=943.0 ms ok
[58/122] UJI uji2_10965_stroke_00 luo_linf_de_2022_adaptation: K=8 MSE=1.4400031640306358e-05 MaxSqErr=6.834352592725713e-05 time=2607.6 ms ok
[59/122] UJI uji2_03067_stroke_00 ours: K=19 MSE=5.859249096048728e-06 MaxSqErr=9.98834699167248e-05 time=8.5 ms ok
[59/122] UJI uji2_03067_stroke_00 park_dominant_point_2007_adaptation: K=6 MSE=4.949626556708831e-05 MaxSqErr=0.0005490414307514226 time=12.9 ms ok
[59/122] UJI uji2_03067_stroke_00 liang_feature_iki_2017_adaptation: K=8 MSE=3.637443866650702e-05 MaxSqErr=0.0005151696657651946 time=7.4 ms ok
[59/122] UJI uji2_03067_stroke_00 dung_direct_knot_2017_adaptation: K=7 MSE=1.7907207555152264e-05 MaxSqErr=0.00030319398986440317 time=80.4 ms ok
[59/122] UJI uji2_03067_stroke_00 kang_sparse_2015_adaptation: K=8 MSE=2.4933088082926075e-05 MaxSqErr=0.00049810895342367 time=987.3 ms ok
[59/122] UJI uji2_03067_stroke_00 luo_linf_de_2022_adaptation: K=6 MSE=2.8377554030538074e-05 MaxSqErr=0.00028468597107595117 time=2686.9 ms ok
[60/122] UJI uji2_06861_stroke_00 ours: K=18 MSE=1.4643824259128952e-05 MaxSqErr=0.00012409114343352114 time=8.3 ms ok
[60/122] UJI uji2_06861_stroke_00 park_dominant_point_2007_adaptation: K=4 MSE=2.1669762340995007e-05 MaxSqErr=0.00012286929310752968 time=6.0 ms ok
[60/122] UJI uji2_06861_stroke_00 liang_feature_iki_2017_adaptation: K=4 MSE=2.6761636667601082e-05 MaxSqErr=0.00018671788933119352 time=3.6 ms ok
[60/122] UJI uji2_06861_stroke_00 dung_direct_knot_2017_adaptation: K=4 MSE=1.7172597536829052e-05 MaxSqErr=0.00016516529380577796 time=47.6 ms ok
[60/122] UJI uji2_06861_stroke_00 kang_sparse_2015_adaptation: K=3 MSE=4.345867283206717e-05 MaxSqErr=0.00023349780724005745 time=1150.0 ms ok
[60/122] UJI uji2_06861_stroke_00 luo_linf_de_2022_adaptation: K=9 MSE=3.0739902173285125e-06 MaxSqErr=1.924852178417215e-05 time=2725.0 ms ok
[61/122] UJI uji2_03949_stroke_01 ours: K=22 MSE=1.2668542796387457e-05 MaxSqErr=0.0004223845061732844 time=8.5 ms ok
[61/122] UJI uji2_03949_stroke_01 park_dominant_point_2007_adaptation: K=30 MSE=4.2221905445892126e-05 MaxSqErr=0.0018629828459835825 time=38.4 ms ok
[61/122] UJI uji2_03949_stroke_01 liang_feature_iki_2017_adaptation: K=15 MSE=4.590633785352173e-05 MaxSqErr=0.00023181261290129257 time=14.5 ms ok
[61/122] UJI uji2_03949_stroke_01 dung_direct_knot_2017_adaptation: K=13 MSE=4.124578236536401e-05 MaxSqErr=0.000264125092683315 time=113.6 ms ok
[61/122] UJI uji2_03949_stroke_01 kang_sparse_2015_adaptation: K=32 MSE=1.8032491113434218e-05 MaxSqErr=0.0009736273415743258 time=405.8 ms ok
[61/122] UJI uji2_03949_stroke_01 luo_linf_de_2022_adaptation: K=22 MSE=3.911071216189176e-05 MaxSqErr=0.001064229314591667 time=2422.9 ms ok
[62/122] UJI uji2_04638_stroke_02 ours: K=24 MSE=5.999754448127954e-05 MaxSqErr=0.0005281258635478142 time=8.6 ms ok
[62/122] UJI uji2_04638_stroke_02 park_dominant_point_2007_adaptation: K=20 MSE=3.332376852964402e-05 MaxSqErr=0.0003707820536397604 time=32.9 ms ok
[62/122] UJI uji2_04638_stroke_02 liang_feature_iki_2017_adaptation: K=19 MSE=4.904749466845939e-05 MaxSqErr=0.0005178892813738575 time=18.7 ms ok
[62/122] UJI uji2_04638_stroke_02 dung_direct_knot_2017_adaptation: K=17 MSE=4.810546518239868e-05 MaxSqErr=0.0004142055948493641 time=288.2 ms ok
[62/122] UJI uji2_04638_stroke_02 kang_sparse_2015_adaptation: K=32 MSE=1.1920838790796277e-05 MaxSqErr=0.0001974256890026875 time=405.7 ms ok
[62/122] UJI uji2_04638_stroke_02 luo_linf_de_2022_adaptation: K=17 MSE=4.022018996582356e-05 MaxSqErr=0.0003804735478919928 time=2363.7 ms ok
[63/122] NaturalEarth natural_earth_10m_coastline_625e1d04cc46_w000_625e1d04 ours: K=24 MSE=0.00010528239327328628 MaxSqErr=0.0011683185559248194 time=8.6 ms ok
[63/122] NaturalEarth natural_earth_10m_coastline_625e1d04cc46_w000_625e1d04 park_dominant_point_2007_adaptation: K=25 MSE=3.5223138028933076e-05 MaxSqErr=0.0008083806362965278 time=42.8 ms ok
[63/122] NaturalEarth natural_earth_10m_coastline_625e1d04cc46_w000_625e1d04 liang_feature_iki_2017_adaptation: K=24 MSE=4.2818071890454475e-05 MaxSqErr=0.00043577867459144553 time=24.7 ms ok
[63/122] NaturalEarth natural_earth_10m_coastline_625e1d04cc46_w000_625e1d04 dung_direct_knot_2017_adaptation: K=20 MSE=4.3581759236928374e-05 MaxSqErr=0.0004382296450650042 time=282.8 ms ok
[63/122] NaturalEarth natural_earth_10m_coastline_625e1d04cc46_w000_625e1d04 kang_sparse_2015_adaptation: K=32 MSE=4.968687229761022e-05 MaxSqErr=0.0005701557174054692 time=403.9 ms ok
[63/122] NaturalEarth natural_earth_10m_coastline_625e1d04cc46_w000_625e1d04 luo_linf_de_2022_adaptation: K=23 MSE=4.310541234830644e-05 MaxSqErr=0.0005343762457274646 time=1142.2 ms ok
[64/122] NaturalEarth natural_earth_10m_coastline_fc0054f439fb_w000_fc0054f4 ours: K=24 MSE=3.995671072861481e-05 MaxSqErr=0.0005712555204111863 time=8.5 ms ok
[64/122] NaturalEarth natural_earth_10m_coastline_fc0054f439fb_w000_fc0054f4 park_dominant_point_2007_adaptation: K=15 MSE=4.2341309451365235e-05 MaxSqErr=0.0007698840114770515 time=19.9 ms ok
[64/122] NaturalEarth natural_earth_10m_coastline_fc0054f439fb_w000_fc0054f4 liang_feature_iki_2017_adaptation: K=14 MSE=4.6637264214584436e-05 MaxSqErr=0.00035850778119624234 time=13.4 ms ok
[64/122] NaturalEarth natural_earth_10m_coastline_fc0054f439fb_w000_fc0054f4 dung_direct_knot_2017_adaptation: K=13 MSE=3.4931981627130934e-05 MaxSqErr=0.0004080387583215446 time=250.9 ms ok
[64/122] NaturalEarth natural_earth_10m_coastline_fc0054f439fb_w000_fc0054f4 kang_sparse_2015_adaptation: K=32 MSE=1.905626367295022e-05 MaxSqErr=0.00039276995291342477 time=407.5 ms ok
[64/122] NaturalEarth natural_earth_10m_coastline_fc0054f439fb_w000_fc0054f4 luo_linf_de_2022_adaptation: K=15 MSE=3.8106523263223574e-05 MaxSqErr=0.0005195730776303636 time=2307.6 ms ok
[65/122] NaturalEarth natural_earth_10m_coastline_9689932c41e1_w000_9689932c ours: K=23 MSE=4.610236022998356e-05 MaxSqErr=0.0009108954129587038 time=8.5 ms ok
[65/122] NaturalEarth natural_earth_10m_coastline_9689932c41e1_w000_9689932c park_dominant_point_2007_adaptation: K=18 MSE=4.755782915823339e-05 MaxSqErr=0.0007622932922498464 time=21.3 ms ok
[65/122] NaturalEarth natural_earth_10m_coastline_9689932c41e1_w000_9689932c liang_feature_iki_2017_adaptation: K=13 MSE=4.86880926365358e-05 MaxSqErr=0.000423330887314342 time=12.4 ms ok
[65/122] NaturalEarth natural_earth_10m_coastline_9689932c41e1_w000_9689932c dung_direct_knot_2017_adaptation: K=13 MSE=4.540484565956739e-05 MaxSqErr=0.000574671914384888 time=181.6 ms ok
[65/122] NaturalEarth natural_earth_10m_coastline_9689932c41e1_w000_9689932c kang_sparse_2015_adaptation: K=32 MSE=1.832574649064992e-05 MaxSqErr=0.0007093491476015351 time=408.6 ms ok
[65/122] NaturalEarth natural_earth_10m_coastline_9689932c41e1_w000_9689932c luo_linf_de_2022_adaptation: K=12 MSE=4.978546685432129e-05 MaxSqErr=0.0008472273250937825 time=2505.5 ms ok
[66/122] NaturalEarth natural_earth_10m_coastline_e860de78f1fa_w000_e860de78 ours: K=22 MSE=1.727906566989823e-05 MaxSqErr=0.00018815096900669223 time=8.5 ms ok
[66/122] NaturalEarth natural_earth_10m_coastline_e860de78f1fa_w000_e860de78 park_dominant_point_2007_adaptation: K=12 MSE=4.385155827657058e-05 MaxSqErr=0.0007189001437000905 time=23.2 ms ok
[66/122] NaturalEarth natural_earth_10m_coastline_e860de78f1fa_w000_e860de78 liang_feature_iki_2017_adaptation: K=12 MSE=3.10775223308691e-05 MaxSqErr=0.00030447469610876075 time=11.4 ms ok
[66/122] NaturalEarth natural_earth_10m_coastline_e860de78f1fa_w000_e860de78 dung_direct_knot_2017_adaptation: K=11 MSE=2.588174806428519e-05 MaxSqErr=0.000330662125845966 time=175.0 ms ok
[66/122] NaturalEarth natural_earth_10m_coastline_e860de78f1fa_w000_e860de78 kang_sparse_2015_adaptation: K=32 MSE=1.5037316827666563e-05 MaxSqErr=0.0004175726143888335 time=408.5 ms ok
[66/122] NaturalEarth natural_earth_10m_coastline_e860de78f1fa_w000_e860de78 luo_linf_de_2022_adaptation: K=13 MSE=4.876387439460795e-05 MaxSqErr=0.0004208498677432265 time=2312.4 ms ok
[67/122] NaturalEarth natural_earth_10m_coastline_9d44eb568484_w000_9d44eb56 ours: K=23 MSE=4.289065544028615e-05 MaxSqErr=0.000710982091551113 time=8.6 ms ok
[67/122] NaturalEarth natural_earth_10m_coastline_9d44eb568484_w000_9d44eb56 park_dominant_point_2007_adaptation: K=15 MSE=4.027208372166189e-05 MaxSqErr=0.0006278600151445968 time=29.1 ms ok
[67/122] NaturalEarth natural_earth_10m_coastline_9d44eb568484_w000_9d44eb56 liang_feature_iki_2017_adaptation: K=16 MSE=4.5631343166997013e-05 MaxSqErr=0.0005866663597378883 time=15.5 ms ok
[67/122] NaturalEarth natural_earth_10m_coastline_9d44eb568484_w000_9d44eb56 dung_direct_knot_2017_adaptation: K=12 MSE=4.324690341515187e-05 MaxSqErr=0.0005447800466149877 time=173.9 ms ok
[67/122] NaturalEarth natural_earth_10m_coastline_9d44eb568484_w000_9d44eb56 kang_sparse_2015_adaptation: K=32 MSE=3.113648392519588e-05 MaxSqErr=0.000903051032934764 time=406.2 ms ok
[67/122] NaturalEarth natural_earth_10m_coastline_9d44eb568484_w000_9d44eb56 luo_linf_de_2022_adaptation: K=23 MSE=4.835689853954767e-05 MaxSqErr=0.0008999497046208542 time=2403.2 ms ok
[68/122] NaturalEarth natural_earth_10m_coastline_f00df2e1331e_w000_f00df2e1 ours: K=28 MSE=5.7766322465716376e-05 MaxSqErr=0.0010655143941409207 time=8.6 ms ok
[68/122] NaturalEarth natural_earth_10m_coastline_f00df2e1331e_w000_f00df2e1 park_dominant_point_2007_adaptation: K=28 MSE=4.271924725940582e-05 MaxSqErr=0.000779796541246633 time=37.8 ms ok
[68/122] NaturalEarth natural_earth_10m_coastline_f00df2e1331e_w000_f00df2e1 liang_feature_iki_2017_adaptation: K=29 MSE=4.3718171924541075e-05 MaxSqErr=0.0005131287830342996 time=30.9 ms ok
[68/122] NaturalEarth natural_earth_10m_coastline_f00df2e1331e_w000_f00df2e1 dung_direct_knot_2017_adaptation: K=25 MSE=4.847231611204439e-05 MaxSqErr=0.0004205264159495221 time=308.9 ms ok
[68/122] NaturalEarth natural_earth_10m_coastline_f00df2e1331e_w000_f00df2e1 kang_sparse_2015_adaptation: K=32 MSE=9.302387349291912e-05 MaxSqErr=0.0013015255524694643 time=11.4 ms ok
[68/122] NaturalEarth natural_earth_10m_coastline_f00df2e1331e_w000_f00df2e1 luo_linf_de_2022_adaptation: K=32 MSE=9.212355934007789e-05 MaxSqErr=0.0012854348613432988 time=727.8 ms ok
[69/122] NaturalEarth natural_earth_10m_coastline_556f5c329f0f_w000_556f5c32 ours: K=31 MSE=0.00022463501370599708 MaxSqErr=0.001338062496662223 time=8.6 ms ok
[69/122] NaturalEarth natural_earth_10m_coastline_556f5c329f0f_w000_556f5c32 park_dominant_point_2007_adaptation: K=32 MSE=0.00041459420585906277 MaxSqErr=0.004106147541680036 time=41.4 ms ok
[69/122] NaturalEarth natural_earth_10m_coastline_556f5c329f0f_w000_556f5c32 liang_feature_iki_2017_adaptation: K=32 MSE=0.00021375238448270977 MaxSqErr=0.0010369733819781866 time=34.6 ms ok
[69/122] NaturalEarth natural_earth_10m_coastline_556f5c329f0f_w000_556f5c32 dung_direct_knot_2017_adaptation: K=32 MSE=0.00016750484432856167 MaxSqErr=0.0008311935300138618 time=728.1 ms ok
[69/122] NaturalEarth natural_earth_10m_coastline_556f5c329f0f_w000_556f5c32 kang_sparse_2015_adaptation: K=32 MSE=0.00023803712143181675 MaxSqErr=0.0023576106769621578 time=11.2 ms ok
[69/122] NaturalEarth natural_earth_10m_coastline_556f5c329f0f_w000_556f5c32 luo_linf_de_2022_adaptation: K=32 MSE=0.00023803712143181675 MaxSqErr=0.0023576106769621578 time=680.2 ms ok
[70/122] NaturalEarth natural_earth_10m_coastline_728b0ed8c15a_w000_de37144e ours: K=29 MSE=3.938140688237743e-05 MaxSqErr=0.00028942283647209196 time=8.6 ms ok
[70/122] NaturalEarth natural_earth_10m_coastline_728b0ed8c15a_w000_de37144e park_dominant_point_2007_adaptation: K=25 MSE=4.9535776791551024e-05 MaxSqErr=0.0005939269817310886 time=30.9 ms ok
[70/122] NaturalEarth natural_earth_10m_coastline_728b0ed8c15a_w000_de37144e liang_feature_iki_2017_adaptation: K=23 MSE=4.814283822026708e-05 MaxSqErr=0.00026341611180310273 time=23.4 ms ok
[70/122] NaturalEarth natural_earth_10m_coastline_728b0ed8c15a_w000_de37144e dung_direct_knot_2017_adaptation: K=21 MSE=4.79743384241286e-05 MaxSqErr=0.00033902418474588867 time=345.4 ms ok
[70/122] NaturalEarth natural_earth_10m_coastline_728b0ed8c15a_w000_de37144e kang_sparse_2015_adaptation: K=32 MSE=4.198159044812645e-05 MaxSqErr=0.0004115056436567392 time=408.5 ms ok
[70/122] NaturalEarth natural_earth_10m_coastline_728b0ed8c15a_w000_de37144e luo_linf_de_2022_adaptation: K=28 MSE=4.811731912434503e-05 MaxSqErr=0.0003810596751634458 time=1620.2 ms ok
[71/122] NaturalEarth natural_earth_10m_coastline_89e3d1a22eea_w000_89e3d1a2 ours: K=29 MSE=8.51421872657705e-05 MaxSqErr=0.0006419991461231483 time=8.5 ms ok
[71/122] NaturalEarth natural_earth_10m_coastline_89e3d1a22eea_w000_89e3d1a2 park_dominant_point_2007_adaptation: K=25 MSE=3.941782083080724e-05 MaxSqErr=0.0005930590690058764 time=30.9 ms ok
[71/122] NaturalEarth natural_earth_10m_coastline_89e3d1a22eea_w000_89e3d1a2 liang_feature_iki_2017_adaptation: K=18 MSE=4.978736806527742e-05 MaxSqErr=0.0004487662971304835 time=17.5 ms ok
[71/122] NaturalEarth natural_earth_10m_coastline_89e3d1a22eea_w000_89e3d1a2 dung_direct_knot_2017_adaptation: K=16 MSE=4.175844370662673e-05 MaxSqErr=0.00029562659664116963 time=261.2 ms ok
[71/122] NaturalEarth natural_earth_10m_coastline_89e3d1a22eea_w000_89e3d1a2 kang_sparse_2015_adaptation: K=32 MSE=1.1949142339793976e-05 MaxSqErr=0.00013823304704214636 time=408.2 ms ok
[71/122] NaturalEarth natural_earth_10m_coastline_89e3d1a22eea_w000_89e3d1a2 luo_linf_de_2022_adaptation: K=17 MSE=4.9777814868481856e-05 MaxSqErr=0.0004965994553542677 time=2288.9 ms ok
[72/122] NaturalEarth natural_earth_10m_coastline_461fdd148407_w000_461fdd14 ours: K=25 MSE=0.00010145458677794361 MaxSqErr=0.0006398443405388158 time=8.6 ms ok
[72/122] NaturalEarth natural_earth_10m_coastline_461fdd148407_w000_461fdd14 park_dominant_point_2007_adaptation: K=20 MSE=4.909849150106992e-05 MaxSqErr=0.000504189338211856 time=28.5 ms ok
[72/122] NaturalEarth natural_earth_10m_coastline_461fdd148407_w000_461fdd14 liang_feature_iki_2017_adaptation: K=19 MSE=4.885922724076496e-05 MaxSqErr=0.00045437227034763494 time=18.7 ms ok
[72/122] NaturalEarth natural_earth_10m_coastline_461fdd148407_w000_461fdd14 dung_direct_knot_2017_adaptation: K=18 MSE=4.704726321816356e-05 MaxSqErr=0.0007237299260311156 time=274.5 ms ok
[72/122] NaturalEarth natural_earth_10m_coastline_461fdd148407_w000_461fdd14 kang_sparse_2015_adaptation: K=32 MSE=3.100605203776025e-05 MaxSqErr=0.00040253354096881976 time=410.2 ms ok
[72/122] NaturalEarth natural_earth_10m_coastline_461fdd148407_w000_461fdd14 luo_linf_de_2022_adaptation: K=21 MSE=4.918322009587374e-05 MaxSqErr=0.0004328879532031329 time=2050.5 ms ok
[73/122] NaturalEarth natural_earth_10m_coastline_d78a18ec5a9e_w000_d78a18ec ours: K=26 MSE=8.747065331673498e-05 MaxSqErr=0.0006910487981370345 time=8.6 ms ok
[73/122] NaturalEarth natural_earth_10m_coastline_d78a18ec5a9e_w000_d78a18ec park_dominant_point_2007_adaptation: K=15 MSE=4.8084175074459625e-05 MaxSqErr=0.00045663116342670537 time=21.3 ms ok
[73/122] NaturalEarth natural_earth_10m_coastline_d78a18ec5a9e_w000_d78a18ec liang_feature_iki_2017_adaptation: K=15 MSE=4.935112967216694e-05 MaxSqErr=0.00044877212303644806 time=14.5 ms ok
[73/122] NaturalEarth natural_earth_10m_coastline_d78a18ec5a9e_w000_d78a18ec dung_direct_knot_2017_adaptation: K=14 MSE=4.0750477852616405e-05 MaxSqErr=0.0004460881009207663 time=248.5 ms ok
[73/122] NaturalEarth natural_earth_10m_coastline_d78a18ec5a9e_w000_d78a18ec kang_sparse_2015_adaptation: K=32 MSE=1.146971276137242e-05 MaxSqErr=0.00020070341720123945 time=403.7 ms ok
[73/122] NaturalEarth natural_earth_10m_coastline_d78a18ec5a9e_w000_d78a18ec luo_linf_de_2022_adaptation: K=16 MSE=3.9074616233008786e-05 MaxSqErr=0.00029025249052174644 time=2362.4 ms ok
[74/122] NaturalEarth natural_earth_10m_coastline_345ef8543edb_w000_345ef854 ours: K=21 MSE=2.2586236252156822e-05 MaxSqErr=0.00020680791001944683 time=8.5 ms ok
[74/122] NaturalEarth natural_earth_10m_coastline_345ef8543edb_w000_345ef854 park_dominant_point_2007_adaptation: K=17 MSE=4.9895984276204726e-05 MaxSqErr=0.0004683462641149048 time=20.1 ms ok
[74/122] NaturalEarth natural_earth_10m_coastline_345ef8543edb_w000_345ef854 liang_feature_iki_2017_adaptation: K=16 MSE=4.7851000719154154e-05 MaxSqErr=0.00038508386337759526 time=15.5 ms ok
[74/122] NaturalEarth natural_earth_10m_coastline_345ef8543edb_w000_345ef854 dung_direct_knot_2017_adaptation: K=12 MSE=4.012022460103515e-05 MaxSqErr=0.00035950688016694274 time=234.6 ms ok
[74/122] NaturalEarth natural_earth_10m_coastline_345ef8543edb_w000_345ef854 kang_sparse_2015_adaptation: K=32 MSE=1.0196396255982102e-05 MaxSqErr=0.00030324011089158474 time=409.0 ms ok
[74/122] NaturalEarth natural_earth_10m_coastline_345ef8543edb_w000_345ef854 luo_linf_de_2022_adaptation: K=13 MSE=3.727694953142451e-05 MaxSqErr=0.00041362067651126396 time=2430.8 ms ok
[75/122] NaturalEarth natural_earth_10m_coastline_0492a6ef404e_w000_0492a6ef ours: K=32 MSE=0.001608682815354602 MaxSqErr=0.008580116273083178 time=8.6 ms ok
[75/122] NaturalEarth natural_earth_10m_coastline_0492a6ef404e_w000_0492a6ef park_dominant_point_2007_adaptation: K=32 MSE=0.0012877312084049394 MaxSqErr=0.0059175925517870745 time=41.3 ms ok
[75/122] NaturalEarth natural_earth_10m_coastline_0492a6ef404e_w000_0492a6ef liang_feature_iki_2017_adaptation: K=32 MSE=0.0012187929802846946 MaxSqErr=0.005167020135651143 time=34.7 ms ok
[75/122] NaturalEarth natural_earth_10m_coastline_0492a6ef404e_w000_0492a6ef dung_direct_knot_2017_adaptation: K=32 MSE=0.0014635365042491126 MaxSqErr=0.007055504048705462 time=830.6 ms ok
[75/122] NaturalEarth natural_earth_10m_coastline_0492a6ef404e_w000_0492a6ef kang_sparse_2015_adaptation: K=32 MSE=0.0019055508008993243 MaxSqErr=0.013189060995699503 time=11.2 ms ok
[75/122] NaturalEarth natural_earth_10m_coastline_0492a6ef404e_w000_0492a6ef luo_linf_de_2022_adaptation: K=32 MSE=0.0013165516571195662 MaxSqErr=0.005820713645001669 time=726.6 ms ok
[76/122] NaturalEarth natural_earth_10m_coastline_4afd28bfd483_w000_4afd28bf ours: K=30 MSE=0.0004714636547592696 MaxSqErr=0.005463585633288434 time=8.5 ms ok
[76/122] NaturalEarth natural_earth_10m_coastline_4afd28bfd483_w000_4afd28bf park_dominant_point_2007_adaptation: K=32 MSE=0.0006064929334381065 MaxSqErr=0.005342354701191755 time=41.4 ms ok
[76/122] NaturalEarth natural_earth_10m_coastline_4afd28bfd483_w000_4afd28bf liang_feature_iki_2017_adaptation: K=32 MSE=0.0002285515740739818 MaxSqErr=0.0010702705044087538 time=34.6 ms ok
[76/122] NaturalEarth natural_earth_10m_coastline_4afd28bfd483_w000_4afd28bf dung_direct_knot_2017_adaptation: K=32 MSE=0.0002274840740882872 MaxSqErr=0.0016592281786185629 time=686.1 ms ok
[76/122] NaturalEarth natural_earth_10m_coastline_4afd28bfd483_w000_4afd28bf kang_sparse_2015_adaptation: K=32 MSE=0.00034542724925293284 MaxSqErr=0.0027248257427527505 time=11.3 ms ok
[76/122] NaturalEarth natural_earth_10m_coastline_4afd28bfd483_w000_4afd28bf luo_linf_de_2022_adaptation: K=32 MSE=0.0003110111837304947 MaxSqErr=0.002806753092961228 time=638.8 ms ok
[77/122] NaturalEarth natural_earth_10m_coastline_b459c0ddb5d3_w000_b459c0dd ours: K=27 MSE=5.103206414603542e-05 MaxSqErr=0.00025819798872172184 time=8.6 ms ok
[77/122] NaturalEarth natural_earth_10m_coastline_b459c0ddb5d3_w000_b459c0dd park_dominant_point_2007_adaptation: K=22 MSE=4.437212957241106e-05 MaxSqErr=0.0004753026547531558 time=26.6 ms ok
[77/122] NaturalEarth natural_earth_10m_coastline_b459c0ddb5d3_w000_b459c0dd liang_feature_iki_2017_adaptation: K=18 MSE=4.619300378301058e-05 MaxSqErr=0.0002596193649014825 time=17.6 ms ok
[77/122] NaturalEarth natural_earth_10m_coastline_b459c0ddb5d3_w000_b459c0dd dung_direct_knot_2017_adaptation: K=19 MSE=3.6289050937345756e-05 MaxSqErr=0.00023030541546237556 time=305.8 ms ok
[77/122] NaturalEarth natural_earth_10m_coastline_b459c0ddb5d3_w000_b459c0dd kang_sparse_2015_adaptation: K=32 MSE=2.2990015874125997e-05 MaxSqErr=0.000558774333143876 time=410.2 ms ok
[77/122] NaturalEarth natural_earth_10m_coastline_b459c0ddb5d3_w000_b459c0dd luo_linf_de_2022_adaptation: K=20 MSE=4.8523662835832556e-05 MaxSqErr=0.0002636680437272291 time=2291.9 ms ok
[78/122] NaturalEarth natural_earth_10m_coastline_933eab98f709_w000_933eab98 ours: K=22 MSE=4.020709874065352e-05 MaxSqErr=0.0002486606005240496 time=8.5 ms ok
[78/122] NaturalEarth natural_earth_10m_coastline_933eab98f709_w000_933eab98 park_dominant_point_2007_adaptation: K=21 MSE=4.728176228294875e-05 MaxSqErr=0.0009596641705133882 time=25.2 ms ok
[78/122] NaturalEarth natural_earth_10m_coastline_933eab98f709_w000_933eab98 liang_feature_iki_2017_adaptation: K=15 MSE=4.816157850055457e-05 MaxSqErr=0.00033516134177496645 time=14.5 ms ok
[78/122] NaturalEarth natural_earth_10m_coastline_933eab98f709_w000_933eab98 dung_direct_knot_2017_adaptation: K=14 MSE=3.4748501616413954e-05 MaxSqErr=0.0003659061235448404 time=228.9 ms ok
[78/122] NaturalEarth natural_earth_10m_coastline_933eab98f709_w000_933eab98 kang_sparse_2015_adaptation: K=30 MSE=1.922449345581297e-05 MaxSqErr=0.0003689033140359951 time=721.8 ms ok
[78/122] NaturalEarth natural_earth_10m_coastline_933eab98f709_w000_933eab98 luo_linf_de_2022_adaptation: K=15 MSE=4.569992779008298e-05 MaxSqErr=0.00038936795194131316 time=2523.4 ms ok
[79/122] NaturalEarth natural_earth_10m_coastline_d70e572292c0_w000_d70e5722 ours: K=24 MSE=6.218901924234942e-05 MaxSqErr=0.001198797671273932 time=8.5 ms ok
[79/122] NaturalEarth natural_earth_10m_coastline_d70e572292c0_w000_d70e5722 park_dominant_point_2007_adaptation: K=24 MSE=4.463828871858907e-05 MaxSqErr=0.0009145856774034445 time=29.4 ms ok
[79/122] NaturalEarth natural_earth_10m_coastline_d70e572292c0_w000_d70e5722 liang_feature_iki_2017_adaptation: K=24 MSE=4.966832214612723e-05 MaxSqErr=0.00022722621289212051 time=24.9 ms ok
[79/122] NaturalEarth natural_earth_10m_coastline_d70e572292c0_w000_d70e5722 dung_direct_knot_2017_adaptation: K=18 MSE=4.932911209716036e-05 MaxSqErr=0.000335365840118613 time=241.7 ms ok
[79/122] NaturalEarth natural_earth_10m_coastline_d70e572292c0_w000_d70e5722 kang_sparse_2015_adaptation: K=32 MSE=2.8485512815479638e-05 MaxSqErr=0.0008140923300838634 time=408.5 ms ok
[79/122] NaturalEarth natural_earth_10m_coastline_d70e572292c0_w000_d70e5722 luo_linf_de_2022_adaptation: K=24 MSE=4.834590452606257e-05 MaxSqErr=0.0007508866921916369 time=2098.1 ms ok
[80/122] NaturalEarth natural_earth_10m_coastline_fb9c133936ee_w000_fb9c1339 ours: K=31 MSE=5.790992308302984e-05 MaxSqErr=0.0005634720556435177 time=8.6 ms ok
[80/122] NaturalEarth natural_earth_10m_coastline_fb9c133936ee_w000_fb9c1339 park_dominant_point_2007_adaptation: K=32 MSE=5.8203774941330146e-05 MaxSqErr=0.0006677560273046492 time=41.3 ms ok
[80/122] NaturalEarth natural_earth_10m_coastline_fb9c133936ee_w000_fb9c1339 liang_feature_iki_2017_adaptation: K=30 MSE=3.948586360568456e-05 MaxSqErr=0.0003007516322273651 time=32.2 ms ok
[80/122] NaturalEarth natural_earth_10m_coastline_fb9c133936ee_w000_fb9c1339 dung_direct_knot_2017_adaptation: K=28 MSE=4.414580790714449e-05 MaxSqErr=0.0003375417386100454 time=463.9 ms ok
[80/122] NaturalEarth natural_earth_10m_coastline_fb9c133936ee_w000_fb9c1339 kang_sparse_2015_adaptation: K=32 MSE=6.783594523446449e-05 MaxSqErr=0.0008081980275567381 time=11.3 ms ok
[80/122] NaturalEarth natural_earth_10m_coastline_fb9c133936ee_w000_fb9c1339 luo_linf_de_2022_adaptation: K=32 MSE=6.579986596466463e-05 MaxSqErr=0.0008166101756797217 time=639.6 ms ok
[81/122] NaturalEarth natural_earth_10m_coastline_d37b2a27a2ea_w000_d37b2a27 ours: K=24 MSE=0.00011576660251063721 MaxSqErr=0.0011352948154880087 time=8.6 ms ok
[81/122] NaturalEarth natural_earth_10m_coastline_d37b2a27a2ea_w000_d37b2a27 park_dominant_point_2007_adaptation: K=13 MSE=2.567499173418513e-05 MaxSqErr=0.00027604941116950036 time=17.2 ms ok
[81/122] NaturalEarth natural_earth_10m_coastline_d37b2a27a2ea_w000_d37b2a27 liang_feature_iki_2017_adaptation: K=13 MSE=3.2186962884514465e-05 MaxSqErr=0.00036136989085261694 time=12.4 ms ok
[81/122] NaturalEarth natural_earth_10m_coastline_d37b2a27a2ea_w000_d37b2a27 dung_direct_knot_2017_adaptation: K=10 MSE=3.585351888829096e-05 MaxSqErr=0.00038634635125079676 time=166.7 ms ok
[81/122] NaturalEarth natural_earth_10m_coastline_d37b2a27a2ea_w000_d37b2a27 kang_sparse_2015_adaptation: K=22 MSE=1.94116741781844e-05 MaxSqErr=0.00042412363021345905 time=772.2 ms ok
[81/122] NaturalEarth natural_earth_10m_coastline_d37b2a27a2ea_w000_d37b2a27 luo_linf_de_2022_adaptation: K=12 MSE=3.26937888257915e-05 MaxSqErr=0.00043907140046108126 time=2582.3 ms ok
[82/122] NaturalEarth natural_earth_10m_coastline_27c5a5273c6d_w000_27c5a527 ours: K=28 MSE=4.06039214375795e-05 MaxSqErr=0.0002836007082979613 time=8.6 ms ok
[82/122] NaturalEarth natural_earth_10m_coastline_27c5a5273c6d_w000_27c5a527 park_dominant_point_2007_adaptation: K=25 MSE=4.5220515436802924e-05 MaxSqErr=0.001010506765127735 time=30.9 ms ok
[82/122] NaturalEarth natural_earth_10m_coastline_27c5a5273c6d_w000_27c5a527 liang_feature_iki_2017_adaptation: K=24 MSE=4.208059079909317e-05 MaxSqErr=0.0002719505424699332 time=24.7 ms ok
[82/122] NaturalEarth natural_earth_10m_coastline_27c5a5273c6d_w000_27c5a527 dung_direct_knot_2017_adaptation: K=18 MSE=4.356772002073355e-05 MaxSqErr=0.0003559792025869324 time=306.1 ms ok
[82/122] NaturalEarth natural_earth_10m_coastline_27c5a5273c6d_w000_27c5a527 kang_sparse_2015_adaptation: K=32 MSE=2.02673055541976e-05 MaxSqErr=0.00043341678216949757 time=408.1 ms ok
[82/122] NaturalEarth natural_earth_10m_coastline_27c5a5273c6d_w000_27c5a527 luo_linf_de_2022_adaptation: K=20 MSE=4.9462983813118904e-05 MaxSqErr=0.00036050635420691854 time=2171.7 ms ok
[83/122] USGS usgs_tnm_contours_large_scale_5e1190c07064_w000_5e1190c0 ours: K=32 MSE=5.4150472528419837e-05 MaxSqErr=0.00030514838284877453 time=8.5 ms ok
[83/122] USGS usgs_tnm_contours_large_scale_5e1190c07064_w000_5e1190c0 park_dominant_point_2007_adaptation: K=32 MSE=8.951519836639468e-05 MaxSqErr=0.0012981477527105997 time=41.3 ms ok
[83/122] USGS usgs_tnm_contours_large_scale_5e1190c07064_w000_5e1190c0 liang_feature_iki_2017_adaptation: K=31 MSE=4.865894574211865e-05 MaxSqErr=0.00032067051368207204 time=33.4 ms ok
[83/122] USGS usgs_tnm_contours_large_scale_5e1190c07064_w000_5e1190c0 dung_direct_knot_2017_adaptation: K=27 MSE=4.336891967714383e-05 MaxSqErr=0.0003178085748518548 time=400.7 ms ok
[83/122] USGS usgs_tnm_contours_large_scale_5e1190c07064_w000_5e1190c0 kang_sparse_2015_adaptation: K=32 MSE=5.792567694634195e-05 MaxSqErr=0.0005591088883946362 time=11.3 ms ok
[83/122] USGS usgs_tnm_contours_large_scale_5e1190c07064_w000_5e1190c0 luo_linf_de_2022_adaptation: K=32 MSE=5.792567694634195e-05 MaxSqErr=0.0005591088883946362 time=678.6 ms ok
[84/122] USGS usgs_tnm_contours_large_scale_73f76a177c8e_w000_73f76a17 ours: K=32 MSE=0.00013288934556958526 MaxSqErr=0.0010988433520831256 time=8.6 ms ok
[84/122] USGS usgs_tnm_contours_large_scale_73f76a177c8e_w000_73f76a17 park_dominant_point_2007_adaptation: K=32 MSE=0.00016545835952748127 MaxSqErr=0.0025915295762141462 time=41.4 ms ok
[84/122] USGS usgs_tnm_contours_large_scale_73f76a177c8e_w000_73f76a17 liang_feature_iki_2017_adaptation: K=32 MSE=8.127280816007234e-05 MaxSqErr=0.00040687827537243195 time=34.6 ms ok
[84/122] USGS usgs_tnm_contours_large_scale_73f76a177c8e_w000_73f76a17 dung_direct_knot_2017_adaptation: K=32 MSE=7.003575200732337e-05 MaxSqErr=0.0003808864636732401 time=527.5 ms ok
[84/122] USGS usgs_tnm_contours_large_scale_73f76a177c8e_w000_73f76a17 kang_sparse_2015_adaptation: K=32 MSE=0.0001436762608810081 MaxSqErr=0.0009018729516328406 time=11.2 ms ok
[84/122] USGS usgs_tnm_contours_large_scale_73f76a177c8e_w000_73f76a17 luo_linf_de_2022_adaptation: K=32 MSE=0.00010959369046014631 MaxSqErr=0.000862441453068181 time=726.9 ms ok
[85/122] USGS usgs_tnm_contours_large_scale_9b1b39144146_w000_9b1b3914 ours: K=27 MSE=6.939330780534151e-06 MaxSqErr=4.1377923296761454e-05 time=8.6 ms ok
[85/122] USGS usgs_tnm_contours_large_scale_9b1b39144146_w000_9b1b3914 park_dominant_point_2007_adaptation: K=18 MSE=4.695889002526276e-05 MaxSqErr=0.00031932769664549563 time=21.4 ms ok
[85/122] USGS usgs_tnm_contours_large_scale_9b1b39144146_w000_9b1b3914 liang_feature_iki_2017_adaptation: K=16 MSE=4.221330331304385e-05 MaxSqErr=0.00018947317889198213 time=15.5 ms ok
[85/122] USGS usgs_tnm_contours_large_scale_9b1b39144146_w000_9b1b3914 dung_direct_knot_2017_adaptation: K=11 MSE=4.075024304340796e-05 MaxSqErr=0.00020294673403234908 time=175.3 ms ok
[85/122] USGS usgs_tnm_contours_large_scale_9b1b39144146_w000_9b1b3914 kang_sparse_2015_adaptation: K=27 MSE=9.276806342496089e-06 MaxSqErr=0.00011666594231468305 time=768.2 ms ok
[85/122] USGS usgs_tnm_contours_large_scale_9b1b39144146_w000_9b1b3914 luo_linf_de_2022_adaptation: K=14 MSE=4.381408465080327e-05 MaxSqErr=0.0003354008872125532 time=2396.2 ms ok
[86/122] USGS usgs_tnm_contours_large_scale_3b46bf5b4fe5_w000_3b46bf5b ours: K=27 MSE=0.00021230852492576583 MaxSqErr=0.0014376535132892081 time=8.6 ms ok
[86/122] USGS usgs_tnm_contours_large_scale_3b46bf5b4fe5_w000_3b46bf5b park_dominant_point_2007_adaptation: K=7 MSE=3.488361289342298e-05 MaxSqErr=0.0002455269277810494 time=9.0 ms ok
[86/122] USGS usgs_tnm_contours_large_scale_3b46bf5b4fe5_w000_3b46bf5b liang_feature_iki_2017_adaptation: K=7 MSE=4.073757345147834e-05 MaxSqErr=0.0003786322351560968 time=6.4 ms ok
[86/122] USGS usgs_tnm_contours_large_scale_3b46bf5b4fe5_w000_3b46bf5b dung_direct_knot_2017_adaptation: K=9 MSE=2.8411419564203577e-05 MaxSqErr=0.00020695825175317582 time=180.9 ms ok
[86/122] USGS usgs_tnm_contours_large_scale_3b46bf5b4fe5_w000_3b46bf5b kang_sparse_2015_adaptation: K=18 MSE=2.558190387353977e-05 MaxSqErr=0.00015918105656734352 time=944.2 ms ok
[86/122] USGS usgs_tnm_contours_large_scale_3b46bf5b4fe5_w000_3b46bf5b luo_linf_de_2022_adaptation: K=6 MSE=4.2816903228832e-05 MaxSqErr=0.00020190567416689882 time=2473.8 ms ok
[87/122] USGS usgs_tnm_contours_large_scale_227a63ff8969_w001_b391c2df ours: K=32 MSE=0.0001141971572353015 MaxSqErr=0.0005899749560821616 time=8.6 ms ok
[87/122] USGS usgs_tnm_contours_large_scale_227a63ff8969_w001_b391c2df park_dominant_point_2007_adaptation: K=32 MSE=0.0001350799094303349 MaxSqErr=0.0009598964813336376 time=41.5 ms ok
[87/122] USGS usgs_tnm_contours_large_scale_227a63ff8969_w001_b391c2df liang_feature_iki_2017_adaptation: K=32 MSE=8.570217997360828e-05 MaxSqErr=0.0003923626306099384 time=34.7 ms ok
[87/122] USGS usgs_tnm_contours_large_scale_227a63ff8969_w001_b391c2df dung_direct_knot_2017_adaptation: K=32 MSE=8.715004821969304e-05 MaxSqErr=0.00037138938057118136 time=622.4 ms ok
[87/122] USGS usgs_tnm_contours_large_scale_227a63ff8969_w001_b391c2df kang_sparse_2015_adaptation: K=32 MSE=0.00013019793561831796 MaxSqErr=0.001076662175963082 time=11.2 ms ok
[87/122] USGS usgs_tnm_contours_large_scale_227a63ff8969_w001_b391c2df luo_linf_de_2022_adaptation: K=32 MSE=0.00012795439275302683 MaxSqErr=0.0010760250002173476 time=639.3 ms ok
[88/122] USGS usgs_tnm_contours_large_scale_f1b5188eb877_w000_f1b5188e ours: K=32 MSE=0.00019934636880869863 MaxSqErr=0.0012385768645604709 time=8.6 ms ok
[88/122] USGS usgs_tnm_contours_large_scale_f1b5188eb877_w000_f1b5188e park_dominant_point_2007_adaptation: K=32 MSE=0.00031699219948079033 MaxSqErr=0.002181872215383626 time=41.4 ms ok
[88/122] USGS usgs_tnm_contours_large_scale_f1b5188eb877_w000_f1b5188e liang_feature_iki_2017_adaptation: K=32 MSE=0.00019887616206211683 MaxSqErr=0.0009089968534387494 time=34.7 ms ok
[88/122] USGS usgs_tnm_contours_large_scale_f1b5188eb877_w000_f1b5188e dung_direct_knot_2017_adaptation: K=32 MSE=0.0001694706390433637 MaxSqErr=0.0008987222083996783 time=752.3 ms ok
[88/122] USGS usgs_tnm_contours_large_scale_f1b5188eb877_w000_f1b5188e kang_sparse_2015_adaptation: K=32 MSE=0.0002661836285217768 MaxSqErr=0.001991925449976026 time=11.5 ms ok
[88/122] USGS usgs_tnm_contours_large_scale_f1b5188eb877_w000_f1b5188e luo_linf_de_2022_adaptation: K=32 MSE=0.0002573090349116193 MaxSqErr=0.0018569192516998954 time=728.1 ms ok
[89/122] USGS usgs_tnm_contours_large_scale_d04688485103_w000_d0468848 ours: K=32 MSE=0.00018427317634931155 MaxSqErr=0.000977661593905817 time=8.6 ms ok
[89/122] USGS usgs_tnm_contours_large_scale_d04688485103_w000_d0468848 park_dominant_point_2007_adaptation: K=32 MSE=0.00017158949558380594 MaxSqErr=0.0012983877613143044 time=41.4 ms ok
[89/122] USGS usgs_tnm_contours_large_scale_d04688485103_w000_d0468848 liang_feature_iki_2017_adaptation: K=32 MSE=0.00012035564781106248 MaxSqErr=0.0006730379021912317 time=34.7 ms ok
[89/122] USGS usgs_tnm_contours_large_scale_d04688485103_w000_d0468848 dung_direct_knot_2017_adaptation: K=32 MSE=0.00010225483539569995 MaxSqErr=0.0006348391863361558 time=645.7 ms ok
[89/122] USGS usgs_tnm_contours_large_scale_d04688485103_w000_d0468848 kang_sparse_2015_adaptation: K=32 MSE=0.00014737409227857834 MaxSqErr=0.0008520560355771522 time=11.2 ms ok
[89/122] USGS usgs_tnm_contours_large_scale_d04688485103_w000_d0468848 luo_linf_de_2022_adaptation: K=32 MSE=0.00014436965843607586 MaxSqErr=0.0008522082107177707 time=659.7 ms ok
[90/122] USGS usgs_tnm_contours_large_scale_320c043cef50_w000_320c043c ours: K=15 MSE=6.176834784608234e-06 MaxSqErr=4.94876086352711e-05 time=8.3 ms ok
[90/122] USGS usgs_tnm_contours_large_scale_320c043cef50_w000_320c043c park_dominant_point_2007_adaptation: K=2 MSE=4.796422053022918e-05 MaxSqErr=0.00020715571245082814 time=4.1 ms ok
[90/122] USGS usgs_tnm_contours_large_scale_320c043cef50_w000_320c043c liang_feature_iki_2017_adaptation: K=4 MSE=5.013315927367636e-06 MaxSqErr=3.454724958940911e-05 time=3.6 ms ok
[90/122] USGS usgs_tnm_contours_large_scale_320c043cef50_w000_320c043c dung_direct_knot_2017_adaptation: K=3 MSE=2.107518663776514e-05 MaxSqErr=0.00012082659213551874 time=42.5 ms ok
[90/122] USGS usgs_tnm_contours_large_scale_320c043cef50_w000_320c043c kang_sparse_2015_adaptation: K=30 MSE=7.354460847835534e-08 MaxSqErr=1.8325848220861867e-06 time=864.6 ms ok
[90/122] USGS usgs_tnm_contours_large_scale_320c043cef50_w000_320c043c luo_linf_de_2022_adaptation: K=6 MSE=1.6221552393890978e-06 MaxSqErr=7.22140327575639e-06 time=2859.3 ms ok
[91/122] USGS usgs_tnm_contours_large_scale_51d72a531676_w000_51d72a53 ours: K=31 MSE=0.0005616643109693272 MaxSqErr=0.003898522804868586 time=8.6 ms ok
[91/122] USGS usgs_tnm_contours_large_scale_51d72a531676_w000_51d72a53 park_dominant_point_2007_adaptation: K=32 MSE=0.001265628561224417 MaxSqErr=0.010644139398100386 time=41.4 ms ok
[91/122] USGS usgs_tnm_contours_large_scale_51d72a531676_w000_51d72a53 liang_feature_iki_2017_adaptation: K=32 MSE=0.00032306455297046946 MaxSqErr=0.0016294617655323185 time=34.7 ms ok
[91/122] USGS usgs_tnm_contours_large_scale_51d72a531676_w000_51d72a53 dung_direct_knot_2017_adaptation: K=32 MSE=0.0004291009245088135 MaxSqErr=0.00294637531712253 time=841.2 ms ok
[91/122] USGS usgs_tnm_contours_large_scale_51d72a531676_w000_51d72a53 kang_sparse_2015_adaptation: K=32 MSE=0.0004291009245088135 MaxSqErr=0.00294637531712253 time=11.2 ms ok
[91/122] USGS usgs_tnm_contours_large_scale_51d72a531676_w000_51d72a53 luo_linf_de_2022_adaptation: K=32 MSE=0.0004291009245088135 MaxSqErr=0.00294637531712253 time=639.9 ms ok
[92/122] USGS usgs_tnm_contours_large_scale_db64a638d518_w000_db64a638 ours: K=23 MSE=1.698307125352631e-05 MaxSqErr=0.0001538530520787715 time=8.5 ms ok
[92/122] USGS usgs_tnm_contours_large_scale_db64a638d518_w000_db64a638 park_dominant_point_2007_adaptation: K=17 MSE=4.708627226686366e-05 MaxSqErr=0.0003563025444735812 time=20.2 ms ok
[92/122] USGS usgs_tnm_contours_large_scale_db64a638d518_w000_db64a638 liang_feature_iki_2017_adaptation: K=15 MSE=4.548876716591309e-05 MaxSqErr=0.00020409512422827136 time=14.4 ms ok
[92/122] USGS usgs_tnm_contours_large_scale_db64a638d518_w000_db64a638 dung_direct_knot_2017_adaptation: K=16 MSE=4.1688750352158274e-05 MaxSqErr=0.0002107407305199402 time=184.1 ms ok
[92/122] USGS usgs_tnm_contours_large_scale_db64a638d518_w000_db64a638 kang_sparse_2015_adaptation: K=32 MSE=2.230130650371234e-06 MaxSqErr=1.9222863442773728e-05 time=406.9 ms ok
[92/122] USGS usgs_tnm_contours_large_scale_db64a638d518_w000_db64a638 luo_linf_de_2022_adaptation: K=15 MSE=4.3338905622756356e-05 MaxSqErr=0.0002871512482287292 time=2525.7 ms ok
[93/122] USGS usgs_tnm_contours_large_scale_be34ae13ca44_w000_be34ae13 ours: K=25 MSE=3.960191674511789e-05 MaxSqErr=0.00043833508099530235 time=8.6 ms ok
[93/122] USGS usgs_tnm_contours_large_scale_be34ae13ca44_w000_be34ae13 park_dominant_point_2007_adaptation: K=22 MSE=4.4811408619800954e-05 MaxSqErr=0.0004445849703933051 time=26.7 ms ok
[93/122] USGS usgs_tnm_contours_large_scale_be34ae13ca44_w000_be34ae13 liang_feature_iki_2017_adaptation: K=20 MSE=4.939009366176393e-05 MaxSqErr=0.000323093807654147 time=19.9 ms ok
[93/122] USGS usgs_tnm_contours_large_scale_be34ae13ca44_w000_be34ae13 dung_direct_knot_2017_adaptation: K=13 MSE=4.627762012626803e-05 MaxSqErr=0.0005066190846033171 time=238.0 ms ok
[93/122] USGS usgs_tnm_contours_large_scale_be34ae13ca44_w000_be34ae13 kang_sparse_2015_adaptation: K=32 MSE=3.165407729021769e-06 MaxSqErr=4.608052259022933e-05 time=411.0 ms ok
[93/122] USGS usgs_tnm_contours_large_scale_be34ae13ca44_w000_be34ae13 luo_linf_de_2022_adaptation: K=16 MSE=3.838691092991501e-05 MaxSqErr=0.0003900858857925755 time=2389.7 ms ok
[94/122] USGS usgs_tnm_contours_large_scale_ee9c42f92d53_w000_ee9c42f9 ours: K=32 MSE=0.00019729001260469976 MaxSqErr=0.0011868279775646808 time=8.6 ms ok
[94/122] USGS usgs_tnm_contours_large_scale_ee9c42f92d53_w000_ee9c42f9 park_dominant_point_2007_adaptation: K=32 MSE=0.0002725240073671123 MaxSqErr=0.0022635548971653404 time=41.5 ms ok
[94/122] USGS usgs_tnm_contours_large_scale_ee9c42f92d53_w000_ee9c42f9 liang_feature_iki_2017_adaptation: K=32 MSE=0.00017155580420141544 MaxSqErr=0.0008239890652501242 time=34.6 ms ok
[94/122] USGS usgs_tnm_contours_large_scale_ee9c42f92d53_w000_ee9c42f9 dung_direct_knot_2017_adaptation: K=32 MSE=0.00016109814519011818 MaxSqErr=0.0007723563249513778 time=752.3 ms ok
[94/122] USGS usgs_tnm_contours_large_scale_ee9c42f92d53_w000_ee9c42f9 kang_sparse_2015_adaptation: K=32 MSE=0.00021635134207735658 MaxSqErr=0.0014147994992881995 time=11.2 ms ok
[94/122] USGS usgs_tnm_contours_large_scale_ee9c42f92d53_w000_ee9c42f9 luo_linf_de_2022_adaptation: K=32 MSE=0.00021635134207735658 MaxSqErr=0.0014147994992881995 time=679.7 ms ok
[95/122] USGS usgs_tnm_contours_large_scale_b1ec14b77227_w000_b1ec14b7 ours: K=19 MSE=5.375998379900687e-05 MaxSqErr=0.000293057201551535 time=8.4 ms ok
[95/122] USGS usgs_tnm_contours_large_scale_b1ec14b77227_w000_b1ec14b7 park_dominant_point_2007_adaptation: K=23 MSE=2.5319059975120765e-05 MaxSqErr=0.00025305634802290925 time=28.1 ms ok
[95/122] USGS usgs_tnm_contours_large_scale_b1ec14b77227_w000_b1ec14b7 liang_feature_iki_2017_adaptation: K=18 MSE=4.156021759553173e-05 MaxSqErr=0.0002481714679216424 time=17.6 ms ok
[95/122] USGS usgs_tnm_contours_large_scale_b1ec14b77227_w000_b1ec14b7 dung_direct_knot_2017_adaptation: K=15 MSE=3.868769208989474e-05 MaxSqErr=0.00016776109904457343 time=211.5 ms ok
[95/122] USGS usgs_tnm_contours_large_scale_b1ec14b77227_w000_b1ec14b7 kang_sparse_2015_adaptation: K=32 MSE=2.837960840975735e-06 MaxSqErr=2.355589539381558e-05 time=407.8 ms ok
[95/122] USGS usgs_tnm_contours_large_scale_b1ec14b77227_w000_b1ec14b7 luo_linf_de_2022_adaptation: K=14 MSE=4.9537401603682056e-05 MaxSqErr=0.00023012347650326663 time=2449.6 ms ok
[96/122] USGS usgs_tnm_contours_large_scale_93d1979f7d07_w000_93d1979f ours: K=31 MSE=9.92374669872464e-05 MaxSqErr=0.000680679426139687 time=8.5 ms ok
[96/122] USGS usgs_tnm_contours_large_scale_93d1979f7d07_w000_93d1979f park_dominant_point_2007_adaptation: K=32 MSE=0.0003417227262726322 MaxSqErr=0.0053789438604539665 time=41.5 ms ok
[96/122] USGS usgs_tnm_contours_large_scale_93d1979f7d07_w000_93d1979f liang_feature_iki_2017_adaptation: K=32 MSE=5.851711696413411e-05 MaxSqErr=0.00035425829406051366 time=34.7 ms ok
[96/122] USGS usgs_tnm_contours_large_scale_93d1979f7d07_w000_93d1979f dung_direct_knot_2017_adaptation: K=32 MSE=7.143234175888544e-05 MaxSqErr=0.00037273949669627403 time=617.9 ms ok
[96/122] USGS usgs_tnm_contours_large_scale_93d1979f7d07_w000_93d1979f kang_sparse_2015_adaptation: K=32 MSE=0.00010175942585798223 MaxSqErr=0.0007735832080132065 time=11.2 ms ok
[96/122] USGS usgs_tnm_contours_large_scale_93d1979f7d07_w000_93d1979f luo_linf_de_2022_adaptation: K=32 MSE=0.00010175942585798223 MaxSqErr=0.0007735832080132065 time=680.6 ms ok
[97/122] USGS usgs_tnm_contours_large_scale_c593477f1f71_w000_c593477f ours: K=32 MSE=0.00024726568448872203 MaxSqErr=0.001112863596210359 time=8.5 ms ok
[97/122] USGS usgs_tnm_contours_large_scale_c593477f1f71_w000_c593477f park_dominant_point_2007_adaptation: K=32 MSE=0.00021911658738330334 MaxSqErr=0.00150582344015228 time=41.4 ms ok
[97/122] USGS usgs_tnm_contours_large_scale_c593477f1f71_w000_c593477f liang_feature_iki_2017_adaptation: K=32 MSE=0.00014548008415743492 MaxSqErr=0.0006932523963897091 time=35.1 ms ok
[97/122] USGS usgs_tnm_contours_large_scale_c593477f1f71_w000_c593477f dung_direct_knot_2017_adaptation: K=32 MSE=0.00016369500786282825 MaxSqErr=0.0008233564377898031 time=773.5 ms ok
[97/122] USGS usgs_tnm_contours_large_scale_c593477f1f71_w000_c593477f kang_sparse_2015_adaptation: K=32 MSE=0.00021316429075892394 MaxSqErr=0.0013474890153246746 time=11.4 ms ok
[97/122] USGS usgs_tnm_contours_large_scale_c593477f1f71_w000_c593477f luo_linf_de_2022_adaptation: K=32 MSE=0.00019556135523199111 MaxSqErr=0.0012964476749955998 time=680.5 ms ok
[98/122] USGS usgs_tnm_contours_large_scale_2c338fda54bb_w000_2c338fda ours: K=32 MSE=0.0006156113476129158 MaxSqErr=0.0036227708564955637 time=8.6 ms ok
[98/122] USGS usgs_tnm_contours_large_scale_2c338fda54bb_w000_2c338fda park_dominant_point_2007_adaptation: K=32 MSE=0.0007890807977798511 MaxSqErr=0.0064128129510122815 time=41.4 ms ok
[98/122] USGS usgs_tnm_contours_large_scale_2c338fda54bb_w000_2c338fda liang_feature_iki_2017_adaptation: K=32 MSE=0.00056918419658611 MaxSqErr=0.0031391141305169646 time=34.7 ms ok
[98/122] USGS usgs_tnm_contours_large_scale_2c338fda54bb_w000_2c338fda dung_direct_knot_2017_adaptation: K=32 MSE=0.0007554364845794372 MaxSqErr=0.0050902278850013475 time=809.5 ms ok
[98/122] USGS usgs_tnm_contours_large_scale_2c338fda54bb_w000_2c338fda kang_sparse_2015_adaptation: K=32 MSE=0.0007554364845794372 MaxSqErr=0.0050902278850013475 time=11.5 ms ok
[98/122] USGS usgs_tnm_contours_large_scale_2c338fda54bb_w000_2c338fda luo_linf_de_2022_adaptation: K=32 MSE=0.0005723732148800461 MaxSqErr=0.0035642687448069485 time=705.7 ms ok
[99/122] USGS usgs_tnm_contours_large_scale_72be136e0833_w000_72be136e ours: K=18 MSE=5.979665011663488e-06 MaxSqErr=5.270736395378101e-05 time=8.4 ms ok
[99/122] USGS usgs_tnm_contours_large_scale_72be136e0833_w000_72be136e park_dominant_point_2007_adaptation: K=6 MSE=4.16904921284974e-05 MaxSqErr=0.0002752835212516904 time=8.0 ms ok
[99/122] USGS usgs_tnm_contours_large_scale_72be136e0833_w000_72be136e liang_feature_iki_2017_adaptation: K=7 MSE=2.826413338511271e-05 MaxSqErr=0.00016225490836143554 time=6.5 ms ok
[99/122] USGS usgs_tnm_contours_large_scale_72be136e0833_w000_72be136e dung_direct_knot_2017_adaptation: K=6 MSE=1.764191985470173e-05 MaxSqErr=0.00020160309335824687 time=63.5 ms ok
[99/122] USGS usgs_tnm_contours_large_scale_72be136e0833_w000_72be136e kang_sparse_2015_adaptation: K=6 MSE=2.5882586595608954e-05 MaxSqErr=0.000300114921505923 time=1038.0 ms ok
[99/122] USGS usgs_tnm_contours_large_scale_72be136e0833_w000_72be136e luo_linf_de_2022_adaptation: K=5 MSE=3.2240716664003285e-05 MaxSqErr=0.00024018773274183164 time=2556.1 ms ok
[100/122] USGS usgs_tnm_contours_large_scale_a8a9331aa35d_w000_a8a9331a ours: K=32 MSE=0.0003921261823697754 MaxSqErr=0.0031351633785414155 time=8.6 ms ok
[100/122] USGS usgs_tnm_contours_large_scale_a8a9331aa35d_w000_a8a9331a park_dominant_point_2007_adaptation: K=32 MSE=0.0005394609501735197 MaxSqErr=0.007401177011559391 time=41.3 ms ok
[100/122] USGS usgs_tnm_contours_large_scale_a8a9331aa35d_w000_a8a9331a liang_feature_iki_2017_adaptation: K=32 MSE=0.0002886214379027206 MaxSqErr=0.001447077134312036 time=34.6 ms ok
[100/122] USGS usgs_tnm_contours_large_scale_a8a9331aa35d_w000_a8a9331a dung_direct_knot_2017_adaptation: K=32 MSE=0.0002949594840250859 MaxSqErr=0.002384713156723021 time=757.8 ms ok
[100/122] USGS usgs_tnm_contours_large_scale_a8a9331aa35d_w000_a8a9331a kang_sparse_2015_adaptation: K=32 MSE=0.0002949594840250859 MaxSqErr=0.002384713156723021 time=11.1 ms ok
[100/122] USGS usgs_tnm_contours_large_scale_a8a9331aa35d_w000_a8a9331a luo_linf_de_2022_adaptation: K=32 MSE=0.0002898835593968744 MaxSqErr=0.0022984157209840384 time=728.3 ms ok
[101/122] USGS usgs_tnm_contours_large_scale_8a4ccdb902fb_w000_8a4ccdb9 ours: K=32 MSE=0.00018220509800088376 MaxSqErr=0.0012532147324218214 time=8.5 ms ok
[101/122] USGS usgs_tnm_contours_large_scale_8a4ccdb902fb_w000_8a4ccdb9 park_dominant_point_2007_adaptation: K=32 MSE=0.0001727081479736737 MaxSqErr=0.0017911278698210882 time=41.4 ms ok
[101/122] USGS usgs_tnm_contours_large_scale_8a4ccdb902fb_w000_8a4ccdb9 liang_feature_iki_2017_adaptation: K=32 MSE=0.000151642925439022 MaxSqErr=0.0008102786261279119 time=34.7 ms ok
[101/122] USGS usgs_tnm_contours_large_scale_8a4ccdb902fb_w000_8a4ccdb9 dung_direct_knot_2017_adaptation: K=32 MSE=0.00011547167929999275 MaxSqErr=0.0007556287502556585 time=581.7 ms ok
[101/122] USGS usgs_tnm_contours_large_scale_8a4ccdb902fb_w000_8a4ccdb9 kang_sparse_2015_adaptation: K=32 MSE=0.0003004562703362895 MaxSqErr=0.0034059694256646923 time=11.2 ms ok
[101/122] USGS usgs_tnm_contours_large_scale_8a4ccdb902fb_w000_8a4ccdb9 luo_linf_de_2022_adaptation: K=32 MSE=0.0002010050288396395 MaxSqErr=0.0025089890080306474 time=744.9 ms ok
[102/122] USGS usgs_tnm_contours_large_scale_4a981cd4356c_w000_4a981cd4 ours: K=20 MSE=2.7778550604149545e-05 MaxSqErr=0.0006911857288143383 time=8.5 ms ok
[102/122] USGS usgs_tnm_contours_large_scale_4a981cd4356c_w000_4a981cd4 park_dominant_point_2007_adaptation: K=24 MSE=1.5791657703299695e-05 MaxSqErr=0.0001675782541934569 time=29.5 ms ok
[102/122] USGS usgs_tnm_contours_large_scale_4a981cd4356c_w000_4a981cd4 liang_feature_iki_2017_adaptation: K=15 MSE=3.612403386244647e-05 MaxSqErr=0.00020587847668714112 time=14.5 ms ok
[102/122] USGS usgs_tnm_contours_large_scale_4a981cd4356c_w000_4a981cd4 dung_direct_knot_2017_adaptation: K=12 MSE=3.804046091269016e-05 MaxSqErr=0.0004902600232829139 time=203.2 ms ok
[102/122] USGS usgs_tnm_contours_large_scale_4a981cd4356c_w000_4a981cd4 kang_sparse_2015_adaptation: K=32 MSE=2.0204418390532216e-05 MaxSqErr=0.0006741122076103183 time=407.5 ms ok
[102/122] USGS usgs_tnm_contours_large_scale_4a981cd4356c_w000_4a981cd4 luo_linf_de_2022_adaptation: K=11 MSE=4.9450780991107346e-05 MaxSqErr=0.000365186486239978 time=2369.7 ms ok
[103/122] IndustrialOffset industrial_offset_naca_airfoil_v011_o04_p0p0400 ours: K=18 MSE=3.5987796242743438e-06 MaxSqErr=0.00016824627573054136 time=8.3 ms ok
[103/122] IndustrialOffset industrial_offset_naca_airfoil_v011_o04_p0p0400 park_dominant_point_2007_adaptation: K=10 MSE=2.3815720465553307e-05 MaxSqErr=0.000591138330115389 time=18.6 ms ok
[103/122] IndustrialOffset industrial_offset_naca_airfoil_v011_o04_p0p0400 liang_feature_iki_2017_adaptation: K=7 MSE=2.1982754351216208e-05 MaxSqErr=0.00041436965504390447 time=6.5 ms ok
[103/122] IndustrialOffset industrial_offset_naca_airfoil_v011_o04_p0p0400 dung_direct_knot_2017_adaptation: K=6 MSE=1.528898495660633e-05 MaxSqErr=0.0002707056398873217 time=80.1 ms ok
[103/122] IndustrialOffset industrial_offset_naca_airfoil_v011_o04_p0p0400 kang_sparse_2015_adaptation: K=24 MSE=6.268347049420822e-06 MaxSqErr=0.00017760127742348213 time=765.6 ms ok
[103/122] IndustrialOffset industrial_offset_naca_airfoil_v011_o04_p0p0400 luo_linf_de_2022_adaptation: K=6 MSE=1.8178472580413077e-05 MaxSqErr=0.0005095582873041756 time=2795.4 ms ok
[104/122] IndustrialOffset industrial_offset_keyway_bore_v007_o01_m0p0400 ours: K=24 MSE=1.5447998304049052e-05 MaxSqErr=0.00028608920911861793 time=8.6 ms ok
[104/122] IndustrialOffset industrial_offset_keyway_bore_v007_o01_m0p0400 park_dominant_point_2007_adaptation: K=32 MSE=0.00013600465119612213 MaxSqErr=0.0016744129787560548 time=41.6 ms ok
[104/122] IndustrialOffset industrial_offset_keyway_bore_v007_o01_m0p0400 liang_feature_iki_2017_adaptation: K=19 MSE=1.7700345008059648e-05 MaxSqErr=0.00022085549737781377 time=18.7 ms ok
[104/122] IndustrialOffset industrial_offset_keyway_bore_v007_o01_m0p0400 dung_direct_knot_2017_adaptation: K=13 MSE=4.945732169452701e-05 MaxSqErr=0.00027041031741118377 time=179.2 ms ok
[104/122] IndustrialOffset industrial_offset_keyway_bore_v007_o01_m0p0400 kang_sparse_2015_adaptation: K=31 MSE=3.786996997027103e-05 MaxSqErr=0.0006925285901057106 time=409.9 ms ok
[104/122] IndustrialOffset industrial_offset_keyway_bore_v007_o01_m0p0400 luo_linf_de_2022_adaptation: K=23 MSE=4.915194656025311e-05 MaxSqErr=0.0007114868568324636 time=2158.3 ms ok
[105/122] IndustrialOffset industrial_offset_naca_airfoil_v001_o04_p0p0400 ours: K=18 MSE=5.246445944705669e-06 MaxSqErr=0.0001712732083860748 time=8.4 ms ok
[105/122] IndustrialOffset industrial_offset_naca_airfoil_v001_o04_p0p0400 park_dominant_point_2007_adaptation: K=9 MSE=2.723956694063955e-05 MaxSqErr=0.0006994703122763923 time=15.9 ms ok
[105/122] IndustrialOffset industrial_offset_naca_airfoil_v001_o04_p0p0400 liang_feature_iki_2017_adaptation: K=7 MSE=2.7762736353693375e-05 MaxSqErr=0.0005461432692597254 time=6.5 ms ok
[105/122] IndustrialOffset industrial_offset_naca_airfoil_v001_o04_p0p0400 dung_direct_knot_2017_adaptation: K=6 MSE=1.0703757054747188e-05 MaxSqErr=0.00023281961372798585 time=98.3 ms ok
[105/122] IndustrialOffset industrial_offset_naca_airfoil_v001_o04_p0p0400 kang_sparse_2015_adaptation: K=26 MSE=7.2311557293773355e-06 MaxSqErr=0.0002564704210201755 time=720.6 ms ok
[105/122] IndustrialOffset industrial_offset_naca_airfoil_v001_o04_p0p0400 luo_linf_de_2022_adaptation: K=6 MSE=9.48511634729992e-06 MaxSqErr=0.00023318859286844775 time=2804.9 ms ok
[106/122] IndustrialOffset industrial_offset_capsule_slot_v008_o01_m0p0400 ours: K=17 MSE=1.0969036102493663e-05 MaxSqErr=6.87673566687217e-05 time=8.4 ms ok
[106/122] IndustrialOffset industrial_offset_capsule_slot_v008_o01_m0p0400 park_dominant_point_2007_adaptation: K=8 MSE=4.79733088285451e-05 MaxSqErr=0.000297869860741926 time=10.1 ms ok
[106/122] IndustrialOffset industrial_offset_capsule_slot_v008_o01_m0p0400 liang_feature_iki_2017_adaptation: K=8 MSE=4.557867821861352e-05 MaxSqErr=0.000240725156490059 time=7.5 ms ok
[106/122] IndustrialOffset industrial_offset_capsule_slot_v008_o01_m0p0400 dung_direct_knot_2017_adaptation: K=9 MSE=4.0809107324136146e-05 MaxSqErr=0.00037733073195002397 time=102.6 ms ok
[106/122] IndustrialOffset industrial_offset_capsule_slot_v008_o01_m0p0400 kang_sparse_2015_adaptation: K=16 MSE=3.351710745795193e-05 MaxSqErr=0.00020699782172857136 time=933.8 ms ok
[106/122] IndustrialOffset industrial_offset_capsule_slot_v008_o01_m0p0400 luo_linf_de_2022_adaptation: K=8 MSE=4.5354659221947815e-05 MaxSqErr=0.0001668668834982919 time=2850.0 ms ok
[107/122] IndustrialOffset industrial_offset_capsule_slot_v000_o04_p0p0400 ours: K=16 MSE=1.2956499376097871e-05 MaxSqErr=8.964356796143007e-05 time=8.3 ms ok
[107/122] IndustrialOffset industrial_offset_capsule_slot_v000_o04_p0p0400 park_dominant_point_2007_adaptation: K=23 MSE=2.8990102262010934e-05 MaxSqErr=0.00013137517616615622 time=28.0 ms ok
[107/122] IndustrialOffset industrial_offset_capsule_slot_v000_o04_p0p0400 liang_feature_iki_2017_adaptation: K=9 MSE=3.613808435072007e-05 MaxSqErr=0.00020667826351755285 time=8.4 ms ok
[107/122] IndustrialOffset industrial_offset_capsule_slot_v000_o04_p0p0400 dung_direct_knot_2017_adaptation: K=9 MSE=2.9743236693049437e-05 MaxSqErr=0.0002791877935348376 time=98.1 ms ok
[107/122] IndustrialOffset industrial_offset_capsule_slot_v000_o04_p0p0400 kang_sparse_2015_adaptation: K=18 MSE=2.22519347789567e-05 MaxSqErr=0.00013856973615648002 time=945.9 ms ok
[107/122] IndustrialOffset industrial_offset_capsule_slot_v000_o04_p0p0400 luo_linf_de_2022_adaptation: K=8 MSE=3.081026849729396e-05 MaxSqErr=9.28898042194061e-05 time=2833.5 ms ok
[108/122] IndustrialOffset industrial_offset_lobed_rotor_v001_o00_m0p0800 ours: K=19 MSE=0.00016264213516925755 MaxSqErr=0.0017341262545417604 time=8.4 ms ok
[108/122] IndustrialOffset industrial_offset_lobed_rotor_v001_o00_m0p0800 park_dominant_point_2007_adaptation: K=19 MSE=4.6401642491376276e-05 MaxSqErr=0.0002308921999126935 time=26.4 ms ok
[108/122] IndustrialOffset industrial_offset_lobed_rotor_v001_o00_m0p0800 liang_feature_iki_2017_adaptation: K=22 MSE=3.975434955438429e-05 MaxSqErr=0.00019836499356360896 time=22.2 ms ok
[108/122] IndustrialOffset industrial_offset_lobed_rotor_v001_o00_m0p0800 dung_direct_knot_2017_adaptation: K=18 MSE=4.768373890641433e-05 MaxSqErr=0.00029861363201029217 time=224.8 ms ok
[108/122] IndustrialOffset industrial_offset_lobed_rotor_v001_o00_m0p0800 kang_sparse_2015_adaptation: K=32 MSE=4.01269655249447e-06 MaxSqErr=2.377705180602069e-05 time=407.3 ms ok
[108/122] IndustrialOffset industrial_offset_lobed_rotor_v001_o00_m0p0800 luo_linf_de_2022_adaptation: K=19 MSE=3.2088091240577554e-05 MaxSqErr=0.00018860788232293437 time=2569.3 ms ok
[109/122] IndustrialOffset industrial_offset_naca_airfoil_v005_o05_p0p0800 ours: K=21 MSE=9.316022425728135e-06 MaxSqErr=0.0003081908332375372 time=8.6 ms ok
[109/122] IndustrialOffset industrial_offset_naca_airfoil_v005_o05_p0p0800 park_dominant_point_2007_adaptation: K=16 MSE=2.877198168040046e-05 MaxSqErr=0.0007799222495231972 time=26.6 ms ok
[109/122] IndustrialOffset industrial_offset_naca_airfoil_v005_o05_p0p0800 liang_feature_iki_2017_adaptation: K=7 MSE=3.41502235587663e-05 MaxSqErr=0.0004894867115123457 time=6.5 ms ok
[109/122] IndustrialOffset industrial_offset_naca_airfoil_v005_o05_p0p0800 dung_direct_knot_2017_adaptation: K=6 MSE=1.7173658650594402e-05 MaxSqErr=0.0002749715736192557 time=94.7 ms ok
[109/122] IndustrialOffset industrial_offset_naca_airfoil_v005_o05_p0p0800 kang_sparse_2015_adaptation: K=21 MSE=7.3824694767275495e-06 MaxSqErr=0.0001979641229325248 time=803.0 ms ok
[109/122] IndustrialOffset industrial_offset_naca_airfoil_v005_o05_p0p0800 luo_linf_de_2022_adaptation: K=6 MSE=3.2565856371303356e-05 MaxSqErr=0.001089449491345176 time=2713.4 ms ok
[110/122] IndustrialOffset industrial_offset_lobed_rotor_v004_o00_m0p0800 ours: K=22 MSE=0.00018162037082514624 MaxSqErr=0.0017647682854864846 time=8.6 ms ok
[110/122] IndustrialOffset industrial_offset_lobed_rotor_v004_o00_m0p0800 park_dominant_point_2007_adaptation: K=25 MSE=4.620492682355509e-05 MaxSqErr=0.00027440367560296755 time=34.2 ms ok
[110/122] IndustrialOffset industrial_offset_lobed_rotor_v004_o00_m0p0800 liang_feature_iki_2017_adaptation: K=25 MSE=3.5903445562928734e-05 MaxSqErr=0.0002310158568413184 time=25.9 ms ok
[110/122] IndustrialOffset industrial_offset_lobed_rotor_v004_o00_m0p0800 dung_direct_knot_2017_adaptation: K=21 MSE=4.910615009251135e-05 MaxSqErr=0.00027520925867431363 time=296.4 ms ok
[110/122] IndustrialOffset industrial_offset_lobed_rotor_v004_o00_m0p0800 kang_sparse_2015_adaptation: K=32 MSE=1.7744739086766094e-05 MaxSqErr=8.792384644126187e-05 time=407.6 ms ok
[110/122] IndustrialOffset industrial_offset_lobed_rotor_v004_o00_m0p0800 luo_linf_de_2022_adaptation: K=29 MSE=4.35444428243157e-05 MaxSqErr=0.00024311227017654523 time=2223.1 ms ok
[111/122] IndustrialOffset industrial_offset_radial_cam_v010_o04_p0p0400 ours: K=16 MSE=4.327195377974993e-07 MaxSqErr=1.0241617876204794e-05 time=8.4 ms ok
[111/122] IndustrialOffset industrial_offset_radial_cam_v010_o04_p0p0400 park_dominant_point_2007_adaptation: K=8 MSE=1.4147016968522121e-05 MaxSqErr=6.110507613929357e-05 time=10.1 ms ok
[111/122] IndustrialOffset industrial_offset_radial_cam_v010_o04_p0p0400 liang_feature_iki_2017_adaptation: K=5 MSE=1.9272586890543462e-05 MaxSqErr=7.693464008007887e-05 time=4.5 ms ok
[111/122] IndustrialOffset industrial_offset_radial_cam_v010_o04_p0p0400 dung_direct_knot_2017_adaptation: K=5 MSE=4.81148595394933e-05 MaxSqErr=0.0002049752092555373 time=63.9 ms ok
[111/122] IndustrialOffset industrial_offset_radial_cam_v010_o04_p0p0400 kang_sparse_2015_adaptation: K=4 MSE=3.674101828699284e-05 MaxSqErr=0.000228002018048921 time=1135.9 ms ok
[111/122] IndustrialOffset industrial_offset_radial_cam_v010_o04_p0p0400 luo_linf_de_2022_adaptation: K=7 MSE=5.848515819643441e-07 MaxSqErr=1.2577846759242832e-06 time=2993.7 ms ok
[112/122] IndustrialOffset industrial_offset_elliptic_bore_v001_o00_m0p0800 ours: K=16 MSE=1.7685618493415549e-07 MaxSqErr=1.0525935458574236e-06 time=8.4 ms ok
[112/122] IndustrialOffset industrial_offset_elliptic_bore_v001_o00_m0p0800 park_dominant_point_2007_adaptation: K=5 MSE=3.9367119688234405e-05 MaxSqErr=0.0002567821615685781 time=7.1 ms ok
[112/122] IndustrialOffset industrial_offset_elliptic_bore_v001_o00_m0p0800 liang_feature_iki_2017_adaptation: K=5 MSE=2.465099398237844e-05 MaxSqErr=8.01054909175319e-05 time=4.5 ms ok
[112/122] IndustrialOffset industrial_offset_elliptic_bore_v001_o00_m0p0800 dung_direct_knot_2017_adaptation: K=5 MSE=4.4289324080269526e-05 MaxSqErr=0.00015656481263163558 time=69.3 ms ok
[112/122] IndustrialOffset industrial_offset_elliptic_bore_v001_o00_m0p0800 kang_sparse_2015_adaptation: K=12 MSE=7.96204853653646e-06 MaxSqErr=4.454348272453673e-05 time=981.8 ms ok
[112/122] IndustrialOffset industrial_offset_elliptic_bore_v001_o00_m0p0800 luo_linf_de_2022_adaptation: K=4 MSE=3.99971382692003e-05 MaxSqErr=0.00022777475859275925 time=2905.2 ms ok
[113/122] IndustrialOffset industrial_offset_keyway_bore_v008_o03_p0p0200 ours: K=24 MSE=1.118423518763911e-05 MaxSqErr=0.00023040337433262957 time=8.6 ms ok
[113/122] IndustrialOffset industrial_offset_keyway_bore_v008_o03_p0p0200 park_dominant_point_2007_adaptation: K=32 MSE=9.890256195723111e-05 MaxSqErr=0.0016249721868821301 time=41.4 ms ok
[113/122] IndustrialOffset industrial_offset_keyway_bore_v008_o03_p0p0200 liang_feature_iki_2017_adaptation: K=18 MSE=1.6307826397412217e-05 MaxSqErr=0.00014981235200053585 time=17.5 ms ok
[113/122] IndustrialOffset industrial_offset_keyway_bore_v008_o03_p0p0200 dung_direct_knot_2017_adaptation: K=15 MSE=4.2086235673485145e-05 MaxSqErr=0.00025704345870918965 time=193.8 ms ok
[113/122] IndustrialOffset industrial_offset_keyway_bore_v008_o03_p0p0200 kang_sparse_2015_adaptation: K=30 MSE=1.5033903647433802e-05 MaxSqErr=0.00032156701168554655 time=403.9 ms ok
[113/122] IndustrialOffset industrial_offset_keyway_bore_v008_o03_p0p0200 luo_linf_de_2022_adaptation: K=12 MSE=3.5667252799497416e-05 MaxSqErr=0.0003160798589896115 time=2364.0 ms ok
[114/122] IndustrialOffset industrial_offset_rounded_plate_v002_o05_p0p0800 ours: K=16 MSE=1.068563588105992e-05 MaxSqErr=0.0001036165832998898 time=8.3 ms ok
[114/122] IndustrialOffset industrial_offset_rounded_plate_v002_o05_p0p0800 park_dominant_point_2007_adaptation: K=11 MSE=3.3764014139753486e-05 MaxSqErr=0.00016790382614661494 time=23.9 ms ok
[114/122] IndustrialOffset industrial_offset_rounded_plate_v002_o05_p0p0800 liang_feature_iki_2017_adaptation: K=11 MSE=2.190842856077833e-05 MaxSqErr=8.384872748645942e-05 time=10.4 ms ok
[114/122] IndustrialOffset industrial_offset_rounded_plate_v002_o05_p0p0800 dung_direct_knot_2017_adaptation: K=11 MSE=4.5004944740963965e-05 MaxSqErr=0.00015689807329465787 time=123.1 ms ok
[114/122] IndustrialOffset industrial_offset_rounded_plate_v002_o05_p0p0800 kang_sparse_2015_adaptation: K=24 MSE=1.9775051962825697e-06 MaxSqErr=1.1633071080589316e-05 time=802.9 ms ok
[114/122] IndustrialOffset industrial_offset_rounded_plate_v002_o05_p0p0800 luo_linf_de_2022_adaptation: K=12 MSE=4.060544991451107e-05 MaxSqErr=0.00023583651866896762 time=2993.9 ms ok
[115/122] IndustrialOffset industrial_offset_elliptic_bore_v008_o02_m0p0200 ours: K=16 MSE=3.919940921046448e-07 MaxSqErr=3.4398849041085114e-06 time=8.4 ms ok
[115/122] IndustrialOffset industrial_offset_elliptic_bore_v008_o02_m0p0200 park_dominant_point_2007_adaptation: K=8 MSE=2.6674515224341963e-05 MaxSqErr=0.00015818351512015462 time=10.1 ms ok
[115/122] IndustrialOffset industrial_offset_elliptic_bore_v008_o02_m0p0200 liang_feature_iki_2017_adaptation: K=6 MSE=3.516204699955321e-05 MaxSqErr=0.00015438836556380106 time=5.5 ms ok
[115/122] IndustrialOffset industrial_offset_elliptic_bore_v008_o02_m0p0200 dung_direct_knot_2017_adaptation: K=6 MSE=4.115934899798663e-05 MaxSqErr=0.0002030924693643625 time=83.8 ms ok
[115/122] IndustrialOffset industrial_offset_elliptic_bore_v008_o02_m0p0200 kang_sparse_2015_adaptation: K=16 MSE=3.187842384388563e-06 MaxSqErr=2.2618853020599685e-05 time=990.2 ms ok
[115/122] IndustrialOffset industrial_offset_elliptic_bore_v008_o02_m0p0200 luo_linf_de_2022_adaptation: K=6 MSE=2.1426883248207603e-05 MaxSqErr=7.603875716710043e-05 time=2845.6 ms ok
[116/122] IndustrialOffset industrial_offset_naca_airfoil_v011_o05_p0p0800 ours: K=20 MSE=8.57394178330703e-06 MaxSqErr=0.0003462911090960379 time=8.4 ms ok
[116/122] IndustrialOffset industrial_offset_naca_airfoil_v011_o05_p0p0800 park_dominant_point_2007_adaptation: K=11 MSE=2.3590024271787867e-05 MaxSqErr=0.0005866006059929867 time=20.1 ms ok
[116/122] IndustrialOffset industrial_offset_naca_airfoil_v011_o05_p0p0800 liang_feature_iki_2017_adaptation: K=8 MSE=2.4816493265771925e-05 MaxSqErr=0.00039511955941714464 time=7.4 ms ok
[116/122] IndustrialOffset industrial_offset_naca_airfoil_v011_o05_p0p0800 dung_direct_knot_2017_adaptation: K=6 MSE=1.6086751822916224e-05 MaxSqErr=0.000333668867475084 time=93.6 ms ok
[116/122] IndustrialOffset industrial_offset_naca_airfoil_v011_o05_p0p0800 kang_sparse_2015_adaptation: K=21 MSE=5.100839864353305e-06 MaxSqErr=0.00016439946319106346 time=806.1 ms ok
[116/122] IndustrialOffset industrial_offset_naca_airfoil_v011_o05_p0p0800 luo_linf_de_2022_adaptation: K=6 MSE=3.08588734707877e-05 MaxSqErr=0.0008664984840810025 time=2786.6 ms ok
[117/122] IndustrialOffset industrial_offset_keyway_bore_v007_o05_p0p0800 ours: K=23 MSE=9.465193341990435e-06 MaxSqErr=0.000226796521251766 time=8.5 ms ok
[117/122] IndustrialOffset industrial_offset_keyway_bore_v007_o05_p0p0800 park_dominant_point_2007_adaptation: K=16 MSE=4.768768854217682e-05 MaxSqErr=0.0011749963672257667 time=19.1 ms ok
[117/122] IndustrialOffset industrial_offset_keyway_bore_v007_o05_p0p0800 liang_feature_iki_2017_adaptation: K=17 MSE=1.4769254365727477e-05 MaxSqErr=0.0001533944567775415 time=16.6 ms ok
[117/122] IndustrialOffset industrial_offset_keyway_bore_v007_o05_p0p0800 dung_direct_knot_2017_adaptation: K=20 MSE=1.808394357428626e-05 MaxSqErr=0.000184014026227881 time=199.7 ms ok
[117/122] IndustrialOffset industrial_offset_keyway_bore_v007_o05_p0p0800 kang_sparse_2015_adaptation: K=30 MSE=4.123788672462079e-05 MaxSqErr=0.0011018137981049848 time=408.9 ms ok
[117/122] IndustrialOffset industrial_offset_keyway_bore_v007_o05_p0p0800 luo_linf_de_2022_adaptation: K=24 MSE=4.579821948009949e-05 MaxSqErr=0.0011050951568293379 time=2159.0 ms ok
[118/122] IndustrialOffset industrial_offset_naca_airfoil_v001_o05_p0p0800 ours: K=21 MSE=9.379149888878849e-06 MaxSqErr=0.0002775757718947008 time=8.5 ms ok
[118/122] IndustrialOffset industrial_offset_naca_airfoil_v001_o05_p0p0800 park_dominant_point_2007_adaptation: K=10 MSE=2.6927272588951104e-05 MaxSqErr=0.0007824818702652986 time=24.9 ms ok
[118/122] IndustrialOffset industrial_offset_naca_airfoil_v001_o05_p0p0800 liang_feature_iki_2017_adaptation: K=7 MSE=4.51715385531118e-05 MaxSqErr=0.000636248624734641 time=6.5 ms ok
[118/122] IndustrialOffset industrial_offset_naca_airfoil_v001_o05_p0p0800 dung_direct_knot_2017_adaptation: K=6 MSE=1.2173578299969291e-05 MaxSqErr=0.00018342675893355612 time=93.1 ms ok
[118/122] IndustrialOffset industrial_offset_naca_airfoil_v001_o05_p0p0800 kang_sparse_2015_adaptation: K=25 MSE=3.862738172250234e-06 MaxSqErr=0.000136136496687572 time=766.9 ms ok
[118/122] IndustrialOffset industrial_offset_naca_airfoil_v001_o05_p0p0800 luo_linf_de_2022_adaptation: K=7 MSE=1.3349798636125641e-05 MaxSqErr=0.0002232512151648364 time=2734.9 ms ok
[119/122] IndustrialOffset industrial_offset_capsule_slot_v008_o03_p0p0200 ours: K=17 MSE=8.66339962725887e-06 MaxSqErr=7.182561805779732e-05 time=8.4 ms ok
[119/122] IndustrialOffset industrial_offset_capsule_slot_v008_o03_p0p0200 park_dominant_point_2007_adaptation: K=9 MSE=4.5637035344593724e-05 MaxSqErr=0.0002789851283151617 time=11.2 ms ok
[119/122] IndustrialOffset industrial_offset_capsule_slot_v008_o03_p0p0200 liang_feature_iki_2017_adaptation: K=9 MSE=2.0424054314339365e-05 MaxSqErr=8.471909298795524e-05 time=8.5 ms ok
[119/122] IndustrialOffset industrial_offset_capsule_slot_v008_o03_p0p0200 dung_direct_knot_2017_adaptation: K=9 MSE=2.909816430764157e-05 MaxSqErr=0.00017369328144953644 time=105.9 ms ok
[119/122] IndustrialOffset industrial_offset_capsule_slot_v008_o03_p0p0200 kang_sparse_2015_adaptation: K=20 MSE=1.1583881054374622e-05 MaxSqErr=8.351779479454071e-05 time=936.1 ms ok
[119/122] IndustrialOffset industrial_offset_capsule_slot_v008_o03_p0p0200 luo_linf_de_2022_adaptation: K=8 MSE=4.511843830899621e-05 MaxSqErr=0.00010306541141093058 time=2877.0 ms ok
[120/122] IndustrialOffset industrial_offset_capsule_slot_v000_o01_m0p0400 ours: K=16 MSE=9.195039172467368e-06 MaxSqErr=9.7819985304158e-05 time=8.4 ms ok
[120/122] IndustrialOffset industrial_offset_capsule_slot_v000_o01_m0p0400 park_dominant_point_2007_adaptation: K=11 MSE=4.961029385855736e-05 MaxSqErr=0.00016905097397799436 time=13.4 ms ok
[120/122] IndustrialOffset industrial_offset_capsule_slot_v000_o01_m0p0400 liang_feature_iki_2017_adaptation: K=9 MSE=3.2086678572053376e-05 MaxSqErr=0.00022231374723790298 time=8.4 ms ok
[120/122] IndustrialOffset industrial_offset_capsule_slot_v000_o01_m0p0400 dung_direct_knot_2017_adaptation: K=8 MSE=4.8148240849232424e-05 MaxSqErr=0.00038519209442592706 time=113.4 ms ok
[120/122] IndustrialOffset industrial_offset_capsule_slot_v000_o01_m0p0400 kang_sparse_2015_adaptation: K=12 MSE=3.142603206783679e-05 MaxSqErr=0.000227259283020326 time=900.4 ms ok
[120/122] IndustrialOffset industrial_offset_capsule_slot_v000_o01_m0p0400 luo_linf_de_2022_adaptation: K=10 MSE=3.472215868840417e-05 MaxSqErr=0.00026353060870834273 time=2647.9 ms ok
[121/122] IndustrialOffset industrial_offset_lobed_rotor_v001_o02_m0p0200 ours: K=19 MSE=0.00016918825953500188 MaxSqErr=0.0018704312008717724 time=8.5 ms ok
[121/122] IndustrialOffset industrial_offset_lobed_rotor_v001_o02_m0p0200 park_dominant_point_2007_adaptation: K=18 MSE=4.2983728424354104e-05 MaxSqErr=0.0002643436928185681 time=24.8 ms ok
[121/122] IndustrialOffset industrial_offset_lobed_rotor_v001_o02_m0p0200 liang_feature_iki_2017_adaptation: K=21 MSE=4.002233369470945e-05 MaxSqErr=0.0001505143747224865 time=21.1 ms ok
[121/122] IndustrialOffset industrial_offset_lobed_rotor_v001_o02_m0p0200 dung_direct_knot_2017_adaptation: K=18 MSE=4.625840720790404e-05 MaxSqErr=0.00025264845886333726 time=249.3 ms ok
[121/122] IndustrialOffset industrial_offset_lobed_rotor_v001_o02_m0p0200 kang_sparse_2015_adaptation: K=32 MSE=1.7665643019172403e-06 MaxSqErr=5.754971862137908e-06 time=408.2 ms ok
[121/122] IndustrialOffset industrial_offset_lobed_rotor_v001_o02_m0p0200 luo_linf_de_2022_adaptation: K=22 MSE=4.0996755134635234e-05 MaxSqErr=0.00032475084763638703 time=2683.5 ms ok
[122/122] IndustrialOffset industrial_offset_naca_airfoil_v005_o03_p0p0200 ours: K=19 MSE=5.626161277065183e-06 MaxSqErr=0.00018586583079849652 time=8.5 ms ok
[122/122] IndustrialOffset industrial_offset_naca_airfoil_v005_o03_p0p0200 park_dominant_point_2007_adaptation: K=15 MSE=4.732676392306075e-05 MaxSqErr=0.0010757263161478424 time=25.1 ms ok
[122/122] IndustrialOffset industrial_offset_naca_airfoil_v005_o03_p0p0200 liang_feature_iki_2017_adaptation: K=6 MSE=3.883526085941097e-05 MaxSqErr=0.0005458910904978658 time=5.5 ms ok
[122/122] IndustrialOffset industrial_offset_naca_airfoil_v005_o03_p0p0200 dung_direct_knot_2017_adaptation: K=5 MSE=4.932217230227505e-05 MaxSqErr=0.0006722345283341972 time=91.6 ms ok
[122/122] IndustrialOffset industrial_offset_naca_airfoil_v005_o03_p0p0200 kang_sparse_2015_adaptation: K=22 MSE=7.759023709954918e-06 MaxSqErr=0.00036027209461728354 time=760.5 ms ok
[122/122] IndustrialOffset industrial_offset_naca_airfoil_v005_o03_p0p0200 luo_linf_de_2022_adaptation: K=8 MSE=1.6925181960014515e-05 MaxSqErr=0.0005664242631218565 time=2770.3 ms ok
Saved /home/feng/HouCode/SplineFitting_1070_overnight/outputs/comparisons/overnight_stable_k32_3090_r1/report.md
