Checking real manifests and train/val/test group separation...
  Reading manifest: /home/feng/HouCode/SplineSurpervisedFitting/data/splits/uji_pen_v2.jsonl
  Checking groups/files: 2000/18219
  Checking groups/files: 4000/18219
  Checking groups/files: 6000/18219
  Checking groups/files: 8000/18219
  Checking groups/files: 10000/18219
  Checking groups/files: 12000/18219
  Checking groups/files: 14000/18219
  Checking groups/files: 16000/18219
  Checking groups/files: 18000/18219
  Checking groups/files: 18219/18219
  Ready uji_pen_characters_v2: train=9670, val=2456 (test excluded from training)
  Reading manifest: /home/feng/HouCode/SplineSurpervisedFitting/data/processed/natural_earth/v5.1.2_10m_coastline/manifest.jsonl
  Checking groups/files: 2000/3908
  Checking groups/files: 3908/3908
  Ready natural_earth_10m_coastline: train=2625, val=750 (test excluded from training)
  Reading manifest: /home/feng/HouCode/SplineSurpervisedFitting/data/processed/usgs_contours/large_scale/manifest.jsonl
  Checking groups/files: 2000/6654
  Checking groups/files: 4000/6654
  Checking groups/files: 6000/6654
  Checking groups/files: 6654/6654
  Ready usgs_tnm_contours_large_scale: train=4024, val=1210 (test excluded from training)
  Reading manifest: /home/feng/HouCode/SplineSurpervisedFitting/data/processed/industrial_offsets/v1/manifest.jsonl
  Checking groups/files: 453/453
  Ready industrial_model_offset_curves: train=293, val=93 (test excluded from training)
Transferred 41 proposal tensors (40 exact, 1 rank-resized); retained 1 target anchor buffer(s), skipped 0 other shape mismatch(es). Selector and subset decoder start fresh.
  rank-resized: candidate_head.interval_queries
v16 adaptive mass_topk: cuda, Kc=72 internal (full cubic knot vector at all-keep=80), MSE tolerance=0.0001; 3000 train draws, 993 validation curves; real sources=4
Synthetic source contract: clean source-subset threshold-minimal certificate at RMS=0.01, margin=20%, audit_points=512
Joint supervision: certified synthetic ground truth only; ordered one-to-one candidate assignment directly labels KeepMask, exact K, parameters and survivor relocation. Certified per-knot deletion MSE provides fine-grained criticality, multi-scale recall and log-gap/bias losses refine Proposal/Parameter learning. Online prefix/counterfactual Teacher is disabled. Real manifests are validation/test only. Deployment uses one network forward and one final refit.
Checkpoint selection minimizes mean per-curve subset cost: feasible curves trade K against a bounded MSE tie-break; infeasible curves use a logarithmic MSE penalty. Aggregate pass rates and the explicit K=56 boundary audit (n=32) are reported but never gate training. Formal supervised Joint performs only dense, deployed-mask and labelled-mask fits per batch.
Proposal-stage synthetic stratification: 50.0% from K>=40; the remainder uses K=4..39. Joint training always uses the original K=4..56 distribution.
Epoch 001/128 proposal [........................] 1/47 MSE=5.821e-05 pass=81.2% K=72.0 denseK=72.0 countMAE=0.00 lr=group_0:2.0e-04
Epoch 001/128 proposal [=====...................] 10/47 MSE=3.838e-05 pass=87.5% K=72.0 denseK=72.0 countMAE=0.00 lr=group_0:2.0e-04
Epoch 001/128 proposal [==========..............] 20/47 MSE=3.216e-05 pass=92.2% K=72.0 denseK=72.0 countMAE=0.00 lr=group_0:2.0e-04
Epoch 001/128 proposal [===============.........] 30/47 MSE=3.837e-05 pass=84.4% K=72.0 denseK=72.0 countMAE=0.00 lr=group_0:2.0e-04
Epoch 001/128 proposal [====================....] 40/47 MSE=2.750e-05 pass=95.3% K=72.0 denseK=72.0 countMAE=0.00 lr=group_0:2.0e-04
Epoch 001/128 proposal [========================] 47/47 MSE=3.594e-05 pass=92.9% K=72.0 denseK=72.0 countMAE=0.00 lr=group_0:2.0e-04
  validation [=.......................] 1/16 
  validation [===============.........] 10/16 
  validation [========================] 16/16 
Epoch 001 phase=proposal lr=group_0:2.0e-04 val dense=93.5% deployment=93.5% worst-source=89.5% qualification=2.2% MSE=2.053e-05 K=72.00 mass=29.89 beta=0.34 soft_cost=1.0783 selection_score=-1.0783 complexity=0.00->0.00 safety=0+0.00sigma scale=1.00->1.00 pass_reference_only=2.2%
  Proposal train geometry: coverage_MAE=3.7595e-03, ordered_assignment_MAE=3.7604e-03, matched_K=34.59, R@.005/.01/.02=0.687/0.999/1.000, parameter_bias=9.196e-03
  Synthetic K=56: n=46, dense=2.2%, deployment=2.2%
  Synthetic: dense=89.5%, deployment=89.5%, MSE=2.947e-05, K=72.00, targetK=31.74, count_MAE=40.26, bias=+40.26, knot_F1@0.01=0.612, param_RMSE=2.204e-02
  uji_pen_characters_v2: dense=100.0%, deployment=100.0%, MSE=3.242e-06, K=72.00
  natural_earth_10m_coastline: dense=98.0%, deployment=98.0%, MSE=1.266e-05, K=72.00
  usgs_tnm_contours_large_scale: dense=100.0%, deployment=100.0%, MSE=8.232e-06, K=72.00
  industrial_model_offset_curves: dense=100.0%, deployment=100.0%, MSE=3.099e-06, K=72.00
Epoch 002/128 proposal [........................] 1/47 MSE=3.119e-05 pass=92.2% K=72.0 denseK=72.0 countMAE=0.00 lr=group_0:2.0e-04
Epoch 002/128 proposal [=====...................] 10/47 MSE=3.144e-05 pass=90.6% K=72.0 denseK=72.0 countMAE=0.00 lr=group_0:2.0e-04
Epoch 002/128 proposal [==========..............] 20/47 MSE=3.427e-05 pass=89.1% K=72.0 denseK=72.0 countMAE=0.00 lr=group_0:2.0e-04
Epoch 002/128 proposal [===============.........] 30/47 MSE=2.859e-05 pass=92.2% K=72.0 denseK=72.0 countMAE=0.00 lr=group_0:2.0e-04
Epoch 002/128 proposal [====================....] 40/47 MSE=2.904e-05 pass=93.8% K=72.0 denseK=72.0 countMAE=0.00 lr=group_0:2.0e-04
Epoch 002/128 proposal [========================] 47/47 MSE=3.306e-05 pass=89.3% K=72.0 denseK=72.0 countMAE=0.00 lr=group_0:2.0e-04
  validation [=.......................] 1/16 
  validation [===============.........] 10/16 
  validation [========================] 16/16 
Epoch 002 phase=proposal lr=group_0:2.0e-04 val dense=93.9% deployment=93.9% worst-source=90.2% qualification=0.0% MSE=1.998e-05 K=72.00 mass=29.97 beta=0.34 soft_cost=1.0710 selection_score=-1.0710 complexity=0.00->0.00 safety=0+0.00sigma scale=1.00->1.00 pass_reference_only=0.0%
  Proposal train geometry: coverage_MAE=3.7092e-03, ordered_assignment_MAE=3.7095e-03, matched_K=34.95, R@.005/.01/.02=0.695/1.000/1.000, parameter_bias=8.769e-03
  Synthetic K=56: n=46, dense=0.0%, deployment=0.0%
  Synthetic: dense=90.2%, deployment=90.2%, MSE=2.862e-05, K=72.00, targetK=31.74, count_MAE=40.26, bias=+40.26, knot_F1@0.01=0.612, param_RMSE=2.181e-02
  uji_pen_characters_v2: dense=100.0%, deployment=100.0%, MSE=3.150e-06, K=72.00
  natural_earth_10m_coastline: dense=98.0%, deployment=98.0%, MSE=1.282e-05, K=72.00
  usgs_tnm_contours_large_scale: dense=100.0%, deployment=100.0%, MSE=8.107e-06, K=72.00
  industrial_model_offset_curves: dense=100.0%, deployment=100.0%, MSE=2.746e-06, K=72.00
Epoch 003/128 proposal [........................] 1/47 MSE=3.076e-05 pass=89.1% K=72.0 denseK=72.0 countMAE=0.00 lr=group_0:2.0e-04
Epoch 003/128 proposal [=====...................] 10/47 MSE=3.424e-05 pass=90.6% K=72.0 denseK=72.0 countMAE=0.00 lr=group_0:2.0e-04
Epoch 003/128 proposal [==========..............] 20/47 MSE=3.484e-05 pass=90.6% K=72.0 denseK=72.0 countMAE=0.00 lr=group_0:2.0e-04
Epoch 003/128 proposal [===============.........] 30/47 MSE=3.592e-05 pass=92.2% K=72.0 denseK=72.0 countMAE=0.00 lr=group_0:2.0e-04
Epoch 003/128 proposal [====================....] 40/47 MSE=3.329e-05 pass=92.2% K=72.0 denseK=72.0 countMAE=0.00 lr=group_0:2.0e-04
Epoch 003/128 proposal [========================] 47/47 MSE=3.871e-05 pass=85.7% K=72.0 denseK=72.0 countMAE=0.00 lr=group_0:2.0e-04
  validation [=.......................] 1/16 
  validation [===============.........] 10/16 
  validation [========================] 16/16 
Epoch 003 phase=proposal lr=group_0:2.0e-04 val dense=94.1% deployment=94.1% worst-source=90.5% qualification=2.2% MSE=1.895e-05 K=72.00 mass=29.91 beta=0.34 soft_cost=1.0653 selection_score=-1.0653 complexity=0.00->0.00 safety=0+0.00sigma scale=1.00->1.00 pass_reference_only=2.2%
  Proposal train geometry: coverage_MAE=3.6700e-03, ordered_assignment_MAE=3.6703e-03, matched_K=34.74, R@.005/.01/.02=0.702/1.000/1.000, parameter_bias=8.827e-03
  Synthetic K=56: n=46, dense=2.2%, deployment=2.2%
  Synthetic: dense=90.5%, deployment=90.5%, MSE=2.690e-05, K=72.00, targetK=31.74, count_MAE=40.26, bias=+40.26, knot_F1@0.01=0.612, param_RMSE=2.153e-02
  uji_pen_characters_v2: dense=100.0%, deployment=100.0%, MSE=3.194e-06, K=72.00
  natural_earth_10m_coastline: dense=98.0%, deployment=98.0%, MSE=1.279e-05, K=72.00
  usgs_tnm_contours_large_scale: dense=100.0%, deployment=100.0%, MSE=8.056e-06, K=72.00
  industrial_model_offset_curves: dense=100.0%, deployment=100.0%, MSE=2.981e-06, K=72.00
Epoch 004/128 proposal [........................] 1/47 MSE=3.078e-05 pass=90.6% K=72.0 denseK=72.0 countMAE=0.00 lr=group_0:2.0e-04
Epoch 004/128 proposal [=====...................] 10/47 MSE=2.947e-05 pass=98.4% K=72.0 denseK=72.0 countMAE=0.00 lr=group_0:2.0e-04
Epoch 004/128 proposal [==========..............] 20/47 MSE=2.711e-05 pass=93.8% K=72.0 denseK=72.0 countMAE=0.00 lr=group_0:2.0e-04
Epoch 004/128 proposal [===============.........] 30/47 MSE=2.801e-05 pass=92.2% K=72.0 denseK=72.0 countMAE=0.00 lr=group_0:2.0e-04
Epoch 004/128 proposal [====================....] 40/47 MSE=3.032e-05 pass=92.2% K=72.0 denseK=72.0 countMAE=0.00 lr=group_0:2.0e-04
Epoch 004/128 proposal [========================] 47/47 MSE=3.489e-05 pass=92.9% K=72.0 denseK=72.0 countMAE=0.00 lr=group_0:2.0e-04
  validation [=.......................] 1/16 
  validation [===============.........] 10/16 
  validation [========================] 16/16 
Epoch 004 phase=proposal lr=group_0:2.0e-04 val dense=94.5% deployment=94.5% worst-source=91.2% qualification=6.5% MSE=1.955e-05 K=72.00 mass=29.95 beta=0.34 soft_cost=1.0623 selection_score=-1.0623 complexity=0.00->0.00 safety=0+0.00sigma scale=1.00->1.00 pass_reference_only=6.5%
  Proposal train geometry: coverage_MAE=3.6143e-03, ordered_assignment_MAE=3.6146e-03, matched_K=34.64, R@.005/.01/.02=0.713/1.000/1.000, parameter_bias=8.736e-03
  Synthetic K=56: n=46, dense=6.5%, deployment=6.5%
  Synthetic: dense=91.2%, deployment=91.2%, MSE=2.744e-05, K=72.00, targetK=31.74, count_MAE=40.26, bias=+40.26, knot_F1@0.01=0.612, param_RMSE=2.176e-02
  uji_pen_characters_v2: dense=100.0%, deployment=100.0%, MSE=3.718e-06, K=72.00
  natural_earth_10m_coastline: dense=98.0%, deployment=98.0%, MSE=1.375e-05, K=72.00
  usgs_tnm_contours_large_scale: dense=100.0%, deployment=100.0%, MSE=8.979e-06, K=72.00
  industrial_model_offset_curves: dense=100.0%, deployment=100.0%, MSE=3.289e-06, K=72.00
Epoch 005/128 proposal [........................] 1/47 MSE=2.999e-05 pass=90.6% K=72.0 denseK=72.0 countMAE=0.00 lr=group_0:2.0e-04
Epoch 005/128 proposal [=====...................] 10/47 MSE=2.699e-05 pass=92.2% K=72.0 denseK=72.0 countMAE=0.00 lr=group_0:2.0e-04
Epoch 005/128 proposal [==========..............] 20/47 MSE=2.377e-05 pass=96.9% K=72.0 denseK=72.0 countMAE=0.00 lr=group_0:2.0e-04
Epoch 005/128 proposal [===============.........] 30/47 MSE=3.191e-05 pass=90.6% K=72.0 denseK=72.0 countMAE=0.00 lr=group_0:2.0e-04
Epoch 005/128 proposal [====================....] 40/47 MSE=2.549e-05 pass=98.4% K=72.0 denseK=72.0 countMAE=0.00 lr=group_0:2.0e-04
Epoch 005/128 proposal [========================] 47/47 MSE=3.221e-05 pass=92.9% K=72.0 denseK=72.0 countMAE=0.00 lr=group_0:2.0e-04
  validation [=.......................] 1/16 
  validation [===============.........] 10/16 
  validation [========================] 16/16 
Epoch 005 phase=proposal lr=group_0:2.0e-04 val dense=95.3% deployment=95.3% worst-source=92.5% qualification=17.4% MSE=1.746e-05 K=72.00 mass=29.89 beta=0.34 soft_cost=1.0456 selection_score=-1.0456 complexity=0.00->0.00 safety=0+0.00sigma scale=1.00->1.00 pass_reference_only=17.4%
  Proposal train geometry: coverage_MAE=3.5555e-03, ordered_assignment_MAE=3.5557e-03, matched_K=34.78, R@.005/.01/.02=0.727/0.999/1.000, parameter_bias=8.678e-03
  Synthetic K=56: n=46, dense=17.4%, deployment=17.4%
  Synthetic: dense=92.5%, deployment=92.5%, MSE=2.451e-05, K=72.00, targetK=31.74, count_MAE=40.26, bias=+40.26, knot_F1@0.01=0.612, param_RMSE=2.115e-02
  uji_pen_characters_v2: dense=100.0%, deployment=100.0%, MSE=3.025e-06, K=72.00
  natural_earth_10m_coastline: dense=98.0%, deployment=98.0%, MSE=1.241e-05, K=72.00
  usgs_tnm_contours_large_scale: dense=100.0%, deployment=100.0%, MSE=8.018e-06, K=72.00
  industrial_model_offset_curves: dense=100.0%, deployment=100.0%, MSE=3.068e-06, K=72.00
Epoch 006/128 proposal [........................] 1/47 MSE=3.410e-05 pass=87.5% K=72.0 denseK=72.0 countMAE=0.00 lr=group_0:2.0e-04
Epoch 006/128 proposal [=====...................] 10/47 MSE=2.770e-05 pass=96.9% K=72.0 denseK=72.0 countMAE=0.00 lr=group_0:2.0e-04
Epoch 006/128 proposal [==========..............] 20/47 MSE=2.708e-05 pass=96.9% K=72.0 denseK=72.0 countMAE=0.00 lr=group_0:2.0e-04
Epoch 006/128 proposal [===============.........] 30/47 MSE=2.653e-05 pass=93.8% K=72.0 denseK=72.0 countMAE=0.00 lr=group_0:2.0e-04
Epoch 006/128 proposal [====================....] 40/47 MSE=2.600e-05 pass=96.9% K=72.0 denseK=72.0 countMAE=0.00 lr=group_0:2.0e-04
Epoch 006/128 proposal [========================] 47/47 MSE=3.130e-05 pass=96.4% K=72.0 denseK=72.0 countMAE=0.00 lr=group_0:2.0e-04
  validation [=.......................] 1/16 
  validation [===============.........] 10/16 
  validation [========================] 16/16 
Epoch 006 phase=proposal lr=group_0:2.0e-04 val dense=96.1% deployment=96.1% worst-source=93.8% qualification=28.3% MSE=1.709e-05 K=72.00 mass=29.90 beta=0.34 soft_cost=1.0361 selection_score=-1.0361 complexity=0.00->0.00 safety=0+0.00sigma scale=1.00->1.00 pass_reference_only=28.3%
  Proposal train geometry: coverage_MAE=3.5178e-03, ordered_assignment_MAE=3.5180e-03, matched_K=34.80, R@.005/.01/.02=0.736/1.000/1.000, parameter_bias=8.782e-03
  Synthetic K=56: n=46, dense=28.3%, deployment=28.3%
  Synthetic: dense=93.8%, deployment=93.8%, MSE=2.382e-05, K=72.00, targetK=31.74, count_MAE=40.26, bias=+40.26, knot_F1@0.01=0.611, param_RMSE=2.098e-02
  uji_pen_characters_v2: dense=100.0%, deployment=100.0%, MSE=3.316e-06, K=72.00
  natural_earth_10m_coastline: dense=98.0%, deployment=98.0%, MSE=1.281e-05, K=72.00
  usgs_tnm_contours_large_scale: dense=100.0%, deployment=100.0%, MSE=8.042e-06, K=72.00
  industrial_model_offset_curves: dense=100.0%, deployment=100.0%, MSE=2.808e-06, K=72.00
Epoch 007/128 proposal [........................] 1/47 MSE=2.921e-05 pass=92.2% K=72.0 denseK=72.0 countMAE=0.00 lr=group_0:2.0e-04
Epoch 007/128 proposal [=====...................] 10/47 MSE=2.670e-05 pass=96.9% K=72.0 denseK=72.0 countMAE=0.00 lr=group_0:2.0e-04
Epoch 007/128 proposal [==========..............] 20/47 MSE=2.208e-05 pass=95.3% K=72.0 denseK=72.0 countMAE=0.00 lr=group_0:2.0e-04
Epoch 007/128 proposal [===============.........] 30/47 MSE=2.834e-05 pass=95.3% K=72.0 denseK=72.0 countMAE=0.00 lr=group_0:2.0e-04
Epoch 007/128 proposal [====================....] 40/47 MSE=1.889e-05 pass=100.0% K=72.0 denseK=72.0 countMAE=0.00 lr=group_0:2.0e-04
Epoch 007/128 proposal [========================] 47/47 MSE=2.158e-05 pass=98.2% K=72.0 denseK=72.0 countMAE=0.00 lr=group_0:2.0e-04
  validation [=.......................] 1/16 
  validation [===============.........] 10/16 
  validation [========================] 16/16 
Epoch 007 phase=proposal lr=group_0:2.0e-04 val dense=96.7% deployment=96.7% worst-source=94.8% qualification=37.0% MSE=1.647e-05 K=72.00 mass=29.94 beta=0.34 soft_cost=1.0263 selection_score=-1.0263 complexity=0.00->0.00 safety=0+0.00sigma scale=1.00->1.00 pass_reference_only=37.0%
  Proposal train geometry: coverage_MAE=3.4569e-03, ordered_assignment_MAE=3.4570e-03, matched_K=34.83, R@.005/.01/.02=0.745/1.000/1.000, parameter_bias=8.399e-03
  Synthetic K=56: n=46, dense=37.0%, deployment=37.0%
  Synthetic: dense=94.8%, deployment=94.8%, MSE=2.274e-05, K=72.00, targetK=31.74, count_MAE=40.26, bias=+40.26, knot_F1@0.01=0.612, param_RMSE=2.111e-02
  uji_pen_characters_v2: dense=100.0%, deployment=100.0%, MSE=3.460e-06, K=72.00
  natural_earth_10m_coastline: dense=98.0%, deployment=98.0%, MSE=1.271e-05, K=72.00
  usgs_tnm_contours_large_scale: dense=100.0%, deployment=100.0%, MSE=8.247e-06, K=72.00
  industrial_model_offset_curves: dense=100.0%, deployment=100.0%, MSE=2.890e-06, K=72.00
Epoch 008/128 proposal [........................] 1/47 MSE=2.765e-05 pass=96.9% K=72.0 denseK=72.0 countMAE=0.00 lr=group_0:2.0e-04
Epoch 008/128 proposal [=====...................] 10/47 MSE=2.537e-05 pass=96.9% K=72.0 denseK=72.0 countMAE=0.00 lr=group_0:2.0e-04
Epoch 008/128 proposal [==========..............] 20/47 MSE=2.653e-05 pass=93.8% K=72.0 denseK=72.0 countMAE=0.00 lr=group_0:2.0e-04
Epoch 008/128 proposal [===============.........] 30/47 MSE=2.623e-05 pass=96.9% K=72.0 denseK=72.0 countMAE=0.00 lr=group_0:2.0e-04
Epoch 008/128 proposal [====================....] 40/47 MSE=3.099e-05 pass=95.3% K=72.0 denseK=72.0 countMAE=0.00 lr=group_0:2.0e-04
Epoch 008/128 proposal [========================] 47/47 MSE=2.266e-05 pass=96.4% K=72.0 denseK=72.0 countMAE=0.00 lr=group_0:2.0e-04
  validation [=.......................] 1/16 
  validation [===============.........] 10/16 
  validation [========================] 16/16 
Epoch 008 phase=proposal lr=group_0:2.0e-04 val dense=96.5% deployment=96.5% worst-source=94.5% qualification=34.8% MSE=1.634e-05 K=72.00 mass=29.98 beta=0.34 soft_cost=1.0297 selection_score=-1.0297 complexity=0.00->0.00 safety=0+0.00sigma scale=1.00->1.00 pass_reference_only=34.8%
  Proposal train geometry: coverage_MAE=3.4060e-03, ordered_assignment_MAE=3.4062e-03, matched_K=34.80, R@.005/.01/.02=0.756/0.999/1.000, parameter_bias=8.436e-03
  Synthetic K=56: n=46, dense=34.8%, deployment=34.8%
  Synthetic: dense=94.5%, deployment=94.5%, MSE=2.239e-05, K=72.00, targetK=31.74, count_MAE=40.26, bias=+40.26, knot_F1@0.01=0.611, param_RMSE=2.120e-02
  uji_pen_characters_v2: dense=100.0%, deployment=100.0%, MSE=3.546e-06, K=72.00
  natural_earth_10m_coastline: dense=98.0%, deployment=98.0%, MSE=1.284e-05, K=72.00
  usgs_tnm_contours_large_scale: dense=100.0%, deployment=100.0%, MSE=8.534e-06, K=72.00
  industrial_model_offset_curves: dense=100.0%, deployment=100.0%, MSE=3.167e-06, K=72.00
Epoch 009/128 proposal [........................] 1/47 MSE=2.590e-05 pass=96.9% K=72.0 denseK=72.0 countMAE=0.00 lr=group_0:2.0e-04
Epoch 009/128 proposal [=====...................] 10/47 MSE=2.355e-05 pass=100.0% K=72.0 denseK=72.0 countMAE=0.00 lr=group_0:2.0e-04
Epoch 009/128 proposal [==========..............] 20/47 MSE=2.070e-05 pass=98.4% K=72.0 denseK=72.0 countMAE=0.00 lr=group_0:2.0e-04
Epoch 009/128 proposal [===============.........] 30/47 MSE=1.777e-05 pass=100.0% K=72.0 denseK=72.0 countMAE=0.00 lr=group_0:2.0e-04
Epoch 009/128 proposal [====================....] 40/47 MSE=2.609e-05 pass=93.8% K=72.0 denseK=72.0 countMAE=0.00 lr=group_0:2.0e-04
Epoch 009/128 proposal [========================] 47/47 MSE=2.536e-05 pass=94.6% K=72.0 denseK=72.0 countMAE=0.00 lr=group_0:2.0e-04
  validation [=.......................] 1/16 
  validation [===============.........] 10/16 
  validation [========================] 16/16 
Epoch 009 phase=proposal lr=group_0:2.0e-04 val dense=97.1% deployment=97.1% worst-source=95.5% qualification=45.7% MSE=1.554e-05 K=72.00 mass=29.99 beta=0.34 soft_cost=1.0225 selection_score=-1.0225 complexity=0.00->0.00 safety=0+0.00sigma scale=1.00->1.00 pass_reference_only=45.7%
  Proposal train geometry: coverage_MAE=3.3635e-03, ordered_assignment_MAE=3.3637e-03, matched_K=34.64, R@.005/.01/.02=0.765/0.999/1.000, parameter_bias=8.357e-03
  Synthetic K=56: n=46, dense=45.7%, deployment=45.7%
  Synthetic: dense=95.5%, deployment=95.5%, MSE=2.135e-05, K=72.00, targetK=31.74, count_MAE=40.26, bias=+40.26, knot_F1@0.01=0.611, param_RMSE=2.089e-02
  uji_pen_characters_v2: dense=100.0%, deployment=100.0%, MSE=3.154e-06, K=72.00
  natural_earth_10m_coastline: dense=98.0%, deployment=98.0%, MSE=1.242e-05, K=72.00
  usgs_tnm_contours_large_scale: dense=100.0%, deployment=100.0%, MSE=8.014e-06, K=72.00
  industrial_model_offset_curves: dense=100.0%, deployment=100.0%, MSE=2.830e-06, K=72.00
Epoch 010/128 proposal [........................] 1/47 MSE=2.709e-05 pass=96.9% K=72.0 denseK=72.0 countMAE=0.00 lr=group_0:2.0e-04
Epoch 010/128 proposal [=====...................] 10/47 MSE=2.450e-05 pass=96.9% K=72.0 denseK=72.0 countMAE=0.00 lr=group_0:2.0e-04
Epoch 010/128 proposal [==========..............] 20/47 MSE=2.540e-05 pass=98.4% K=72.0 denseK=72.0 countMAE=0.00 lr=group_0:2.0e-04
Epoch 010/128 proposal [===============.........] 30/47 MSE=2.430e-05 pass=96.9% K=72.0 denseK=72.0 countMAE=0.00 lr=group_0:2.0e-04
Epoch 010/128 proposal [====================....] 40/47 MSE=2.234e-05 pass=98.4% K=72.0 denseK=72.0 countMAE=0.00 lr=group_0:2.0e-04
Epoch 010/128 proposal [========================] 47/47 MSE=2.492e-05 pass=96.4% K=72.0 denseK=72.0 countMAE=0.00 lr=group_0:2.0e-04
  validation [=.......................] 1/16 
  validation [===============.........] 10/16 
  validation [========================] 16/16 
Epoch 010 phase=proposal lr=group_0:2.0e-04 val dense=97.7% deployment=97.7% worst-source=96.5% qualification=56.5% MSE=1.492e-05 K=72.00 mass=30.01 beta=0.34 soft_cost=1.0140 selection_score=-1.0140 complexity=0.00->0.00 safety=0+0.00sigma scale=1.00->1.00 pass_reference_only=56.5%
  Proposal train geometry: coverage_MAE=3.3023e-03, ordered_assignment_MAE=3.3025e-03, matched_K=34.91, R@.005/.01/.02=0.775/0.999/1.000, parameter_bias=8.230e-03
  Synthetic K=56: n=46, dense=56.5%, deployment=56.5%
  Synthetic: dense=96.5%, deployment=96.5%, MSE=2.025e-05, K=72.00, targetK=31.74, count_MAE=40.26, bias=+40.26, knot_F1@0.01=0.611, param_RMSE=2.059e-02
  uji_pen_characters_v2: dense=100.0%, deployment=100.0%, MSE=3.205e-06, K=72.00
  natural_earth_10m_coastline: dense=98.0%, deployment=98.0%, MSE=1.266e-05, K=72.00
  usgs_tnm_contours_large_scale: dense=100.0%, deployment=100.0%, MSE=8.154e-06, K=72.00
  industrial_model_offset_curves: dense=100.0%, deployment=100.0%, MSE=2.826e-06, K=72.00
Epoch 011/128 proposal [........................] 1/47 MSE=1.732e-05 pass=100.0% K=72.0 denseK=72.0 countMAE=0.00 lr=group_0:2.0e-04
Epoch 011/128 proposal [=====...................] 10/47 MSE=1.964e-05 pass=98.4% K=72.0 denseK=72.0 countMAE=0.00 lr=group_0:2.0e-04
Epoch 011/128 proposal [==========..............] 20/47 MSE=2.381e-05 pass=98.4% K=72.0 denseK=72.0 countMAE=0.00 lr=group_0:2.0e-04
Epoch 011/128 proposal [===============.........] 30/47 MSE=2.305e-05 pass=98.4% K=72.0 denseK=72.0 countMAE=0.00 lr=group_0:2.0e-04
Epoch 011/128 proposal [====================....] 40/47 MSE=1.662e-05 pass=100.0% K=72.0 denseK=72.0 countMAE=0.00 lr=group_0:2.0e-04
Epoch 011/128 proposal [========================] 47/47 MSE=1.613e-05 pass=100.0% K=72.0 denseK=72.0 countMAE=0.00 lr=group_0:2.0e-04
  validation [=.......................] 1/16 
  validation [===============.........] 10/16 
  validation [========================] 16/16 
Epoch 011 phase=proposal lr=group_0:2.0e-04 val dense=98.8% deployment=98.8% worst-source=98.0% qualification=78.3% MSE=1.434e-05 K=72.00 mass=30.07 beta=0.33 soft_cost=1.0021 selection_score=-1.0021 complexity=0.00->0.00 safety=0+0.00sigma scale=1.00->1.00 pass_reference_only=78.3%
  Proposal train geometry: coverage_MAE=3.2719e-03, ordered_assignment_MAE=3.2721e-03, matched_K=34.95, R@.005/.01/.02=0.780/0.999/1.000, parameter_bias=8.222e-03
  Synthetic K=56: n=46, dense=78.3%, deployment=78.3%
  Synthetic: dense=98.3%, deployment=98.3%, MSE=1.926e-05, K=72.00, targetK=31.74, count_MAE=40.26, bias=+40.26, knot_F1@0.01=0.611, param_RMSE=2.072e-02
  uji_pen_characters_v2: dense=100.0%, deployment=100.0%, MSE=3.226e-06, K=72.00
  natural_earth_10m_coastline: dense=98.0%, deployment=98.0%, MSE=1.275e-05, K=72.00
  usgs_tnm_contours_large_scale: dense=100.0%, deployment=100.0%, MSE=8.046e-06, K=72.00
  industrial_model_offset_curves: dense=100.0%, deployment=100.0%, MSE=3.049e-06, K=72.00
Epoch 012/128 proposal [........................] 1/47 MSE=2.224e-05 pass=100.0% K=72.0 denseK=72.0 countMAE=0.00 lr=group_0:2.0e-04
Epoch 012/128 proposal [=====...................] 10/47 MSE=2.036e-05 pass=100.0% K=72.0 denseK=72.0 countMAE=0.00 lr=group_0:2.0e-04
Epoch 012/128 proposal [==========..............] 20/47 MSE=1.905e-05 pass=100.0% K=72.0 denseK=72.0 countMAE=0.00 lr=group_0:2.0e-04
Epoch 012/128 proposal [===============.........] 30/47 MSE=1.589e-05 pass=100.0% K=72.0 denseK=72.0 countMAE=0.00 lr=group_0:2.0e-04
Epoch 012/128 proposal [====================....] 40/47 MSE=2.120e-05 pass=98.4% K=72.0 denseK=72.0 countMAE=0.00 lr=group_0:2.0e-04
Epoch 012/128 proposal [========================] 47/47 MSE=1.952e-05 pass=100.0% K=72.0 denseK=72.0 countMAE=0.00 lr=group_0:2.0e-04
  validation [=.......................] 1/16 
  validation [===============.........] 10/16 
  validation [========================] 16/16 
Epoch 012 phase=proposal lr=group_0:2.0e-04 val dense=98.6% deployment=98.6% worst-source=98.0% qualification=73.9% MSE=1.418e-05 K=72.00 mass=30.12 beta=0.33 soft_cost=1.0036 selection_score=-1.0036 complexity=0.00->0.00 safety=0+0.00sigma scale=1.00->1.00 pass_reference_only=73.9%
  Proposal train geometry: coverage_MAE=3.2262e-03, ordered_assignment_MAE=3.2263e-03, matched_K=34.68, R@.005/.01/.02=0.789/0.999/1.000, parameter_bias=8.041e-03
  Synthetic K=56: n=46, dense=73.9%, deployment=73.9%
  Synthetic: dense=98.0%, deployment=98.0%, MSE=1.898e-05, K=72.00, targetK=31.74, count_MAE=40.26, bias=+40.26, knot_F1@0.01=0.611, param_RMSE=2.032e-02
  uji_pen_characters_v2: dense=100.0%, deployment=100.0%, MSE=3.097e-06, K=72.00
  natural_earth_10m_coastline: dense=98.0%, deployment=98.0%, MSE=1.290e-05, K=72.00
  usgs_tnm_contours_large_scale: dense=100.0%, deployment=100.0%, MSE=8.129e-06, K=72.00
  industrial_model_offset_curves: dense=100.0%, deployment=100.0%, MSE=2.982e-06, K=72.00
Epoch 013/128 proposal [........................] 1/47 MSE=1.839e-05 pass=96.9% K=72.0 denseK=72.0 countMAE=0.00 lr=group_0:2.0e-04
Epoch 013/128 proposal [=====...................] 10/47 MSE=1.707e-05 pass=98.4% K=72.0 denseK=72.0 countMAE=0.00 lr=group_0:2.0e-04
Epoch 013/128 proposal [==========..............] 20/47 MSE=1.531e-05 pass=100.0% K=72.0 denseK=72.0 countMAE=0.00 lr=group_0:2.0e-04
Epoch 013/128 proposal [===============.........] 30/47 MSE=2.213e-05 pass=98.4% K=72.0 denseK=72.0 countMAE=0.00 lr=group_0:2.0e-04
Epoch 013/128 proposal [====================....] 40/47 MSE=2.149e-05 pass=98.4% K=72.0 denseK=72.0 countMAE=0.00 lr=group_0:2.0e-04
Epoch 013/128 proposal [========================] 47/47 MSE=1.917e-05 pass=100.0% K=72.0 denseK=72.0 countMAE=0.00 lr=group_0:2.0e-04
  validation [=.......................] 1/16 
  validation [===============.........] 10/16 
  validation [========================] 16/16 
Epoch 013 phase=proposal lr=group_0:2.0e-04 val dense=98.7% deployment=98.7% worst-source=97.0% qualification=80.4% MSE=1.418e-05 K=72.00 mass=30.02 beta=0.34 soft_cost=1.0025 selection_score=-1.0025 complexity=0.00->0.00 safety=0+0.00sigma scale=1.00->1.00 pass_reference_only=80.4%
  Proposal train geometry: coverage_MAE=3.2114e-03, ordered_assignment_MAE=3.2114e-03, matched_K=34.67, R@.005/.01/.02=0.792/0.999/1.000, parameter_bias=7.921e-03
  Synthetic K=56: n=46, dense=80.4%, deployment=80.4%
  Synthetic: dense=98.3%, deployment=98.3%, MSE=1.882e-05, K=72.00, targetK=31.74, count_MAE=40.26, bias=+40.26, knot_F1@0.01=0.611, param_RMSE=2.040e-02
  uji_pen_characters_v2: dense=100.0%, deployment=100.0%, MSE=3.164e-06, K=72.00
  natural_earth_10m_coastline: dense=97.0%, deployment=97.0%, MSE=1.332e-05, K=72.00
  usgs_tnm_contours_large_scale: dense=100.0%, deployment=100.0%, MSE=8.452e-06, K=72.00
  industrial_model_offset_curves: dense=100.0%, deployment=100.0%, MSE=3.145e-06, K=72.00
Epoch 014/128 proposal [........................] 1/47 MSE=2.096e-05 pass=100.0% K=72.0 denseK=72.0 countMAE=0.00 lr=group_0:2.0e-04
Epoch 014/128 proposal [=====...................] 10/47 MSE=2.140e-05 pass=100.0% K=72.0 denseK=72.0 countMAE=0.00 lr=group_0:2.0e-04
Epoch 014/128 proposal [==========..............] 20/47 MSE=2.147e-05 pass=100.0% K=72.0 denseK=72.0 countMAE=0.00 lr=group_0:2.0e-04
Epoch 014/128 proposal [===============.........] 30/47 MSE=1.797e-05 pass=98.4% K=72.0 denseK=72.0 countMAE=0.00 lr=group_0:2.0e-04
Epoch 014/128 proposal [====================....] 40/47 MSE=2.083e-05 pass=98.4% K=72.0 denseK=72.0 countMAE=0.00 lr=group_0:2.0e-04
Epoch 014/128 proposal [========================] 47/47 MSE=1.478e-05 pass=100.0% K=72.0 denseK=72.0 countMAE=0.00 lr=group_0:2.0e-04
  validation [=.......................] 1/16 
  validation [===============.........] 10/16 
  validation [========================] 16/16 
Epoch 014 phase=proposal lr=group_0:2.0e-04 val dense=99.5% deployment=99.5% worst-source=98.0% qualification=93.5% MSE=1.290e-05 K=72.00 mass=30.13 beta=0.33 soft_cost=0.9937 selection_score=-0.9937 complexity=0.00->0.00 safety=0+0.00sigma scale=1.00->1.00 pass_reference_only=93.5%
  Proposal train geometry: coverage_MAE=3.1793e-03, ordered_assignment_MAE=3.1794e-03, matched_K=34.82, R@.005/.01/.02=0.796/0.999/1.000, parameter_bias=7.836e-03
  Synthetic K=56: n=46, dense=93.5%, deployment=93.5%
  Synthetic: dense=99.5%, deployment=99.5%, MSE=1.669e-05, K=72.00, targetK=31.74, count_MAE=40.26, bias=+40.26, knot_F1@0.01=0.611, param_RMSE=2.088e-02
  uji_pen_characters_v2: dense=100.0%, deployment=100.0%, MSE=3.400e-06, K=72.00
  natural_earth_10m_coastline: dense=98.0%, deployment=98.0%, MSE=1.333e-05, K=72.00
  usgs_tnm_contours_large_scale: dense=100.0%, deployment=100.0%, MSE=8.130e-06, K=72.00
  industrial_model_offset_curves: dense=100.0%, deployment=100.0%, MSE=3.376e-06, K=72.00
Epoch 015/128 proposal [........................] 1/47 MSE=1.771e-05 pass=100.0% K=72.0 denseK=72.0 countMAE=0.00 lr=group_0:2.0e-04
Epoch 015/128 proposal [=====...................] 10/47 MSE=1.827e-05 pass=100.0% K=72.0 denseK=72.0 countMAE=0.00 lr=group_0:2.0e-04
Epoch 015/128 proposal [==========..............] 20/47 MSE=1.840e-05 pass=100.0% K=72.0 denseK=72.0 countMAE=0.00 lr=group_0:2.0e-04
Epoch 015/128 proposal [===============.........] 30/47 MSE=1.979e-05 pass=96.9% K=72.0 denseK=72.0 countMAE=0.00 lr=group_0:2.0e-04
Epoch 015/128 proposal [====================....] 40/47 MSE=1.701e-05 pass=100.0% K=72.0 denseK=72.0 countMAE=0.00 lr=group_0:2.0e-04
Epoch 015/128 proposal [========================] 47/47 MSE=1.692e-05 pass=98.2% K=72.0 denseK=72.0 countMAE=0.00 lr=group_0:2.0e-04
  validation [=.......................] 1/16 
  validation [===============.........] 10/16 
  validation [========================] 16/16 
Epoch 015 phase=proposal lr=group_0:2.0e-04 val dense=99.1% deployment=99.1% worst-source=98.0% qualification=84.8% MSE=1.359e-05 K=72.00 mass=30.18 beta=0.33 soft_cost=0.9976 selection_score=-0.9976 complexity=0.00->0.00 safety=0+0.00sigma scale=1.00->1.00 pass_reference_only=84.8%
  Proposal train geometry: coverage_MAE=3.1280e-03, ordered_assignment_MAE=3.1280e-03, matched_K=34.80, R@.005/.01/.02=0.806/0.999/1.000, parameter_bias=7.867e-03
  Synthetic K=56: n=46, dense=84.8%, deployment=84.8%
  Synthetic: dense=98.8%, deployment=98.8%, MSE=1.779e-05, K=72.00, targetK=31.74, count_MAE=40.26, bias=+40.26, knot_F1@0.01=0.611, param_RMSE=2.028e-02
  uji_pen_characters_v2: dense=100.0%, deployment=100.0%, MSE=3.166e-06, K=72.00
  natural_earth_10m_coastline: dense=98.0%, deployment=98.0%, MSE=1.371e-05, K=72.00
  usgs_tnm_contours_large_scale: dense=100.0%, deployment=100.0%, MSE=8.250e-06, K=72.00
  industrial_model_offset_curves: dense=100.0%, deployment=100.0%, MSE=3.348e-06, K=72.00
Epoch 016/128 proposal [........................] 1/47 MSE=1.816e-05 pass=100.0% K=72.0 denseK=72.0 countMAE=0.00 lr=group_0:2.0e-04
Epoch 016/128 proposal [=====...................] 10/47 MSE=1.962e-05 pass=98.4% K=72.0 denseK=72.0 countMAE=0.00 lr=group_0:2.0e-04
Epoch 016/128 proposal [==========..............] 20/47 MSE=1.893e-05 pass=100.0% K=72.0 denseK=72.0 countMAE=0.00 lr=group_0:2.0e-04
Epoch 016/128 proposal [===============.........] 30/47 MSE=1.604e-05 pass=100.0% K=72.0 denseK=72.0 countMAE=0.00 lr=group_0:2.0e-04
Epoch 016/128 proposal [====================....] 40/47 MSE=1.891e-05 pass=100.0% K=72.0 denseK=72.0 countMAE=0.00 lr=group_0:2.0e-04
Epoch 016/128 proposal [========================] 47/47 MSE=1.586e-05 pass=100.0% K=72.0 denseK=72.0 countMAE=0.00 lr=group_0:2.0e-04
  validation [=.......................] 1/16 
  validation [===============.........] 10/16 
  validation [========================] 16/16 
Epoch 016 phase=proposal lr=group_0:2.0e-04 val dense=99.4% deployment=99.4% worst-source=98.0% qualification=91.3% MSE=1.332e-05 K=72.00 mass=30.19 beta=0.33 soft_cost=0.9942 selection_score=-0.9942 complexity=0.00->0.00 safety=0+0.00sigma scale=1.00->1.00 pass_reference_only=91.3%
  Proposal train geometry: coverage_MAE=3.0983e-03, ordered_assignment_MAE=3.0983e-03, matched_K=34.64, R@.005/.01/.02=0.813/0.998/1.000, parameter_bias=7.616e-03
  Synthetic K=56: n=46, dense=91.3%, deployment=91.3%
  Synthetic: dense=99.3%, deployment=99.3%, MSE=1.737e-05, K=72.00, targetK=31.74, count_MAE=40.26, bias=+40.26, knot_F1@0.01=0.610, param_RMSE=2.025e-02
  uji_pen_characters_v2: dense=100.0%, deployment=100.0%, MSE=3.307e-06, K=72.00
  natural_earth_10m_coastline: dense=98.0%, deployment=98.0%, MSE=1.380e-05, K=72.00
  usgs_tnm_contours_large_scale: dense=100.0%, deployment=100.0%, MSE=8.292e-06, K=72.00
  industrial_model_offset_curves: dense=100.0%, deployment=100.0%, MSE=2.874e-06, K=72.00
Epoch 017/128 proposal [........................] 1/47 MSE=1.968e-05 pass=98.4% K=72.0 denseK=72.0 countMAE=0.00 lr=group_0:2.0e-04
Epoch 017/128 proposal [=====...................] 10/47 MSE=2.069e-05 pass=98.4% K=72.0 denseK=72.0 countMAE=0.00 lr=group_0:2.0e-04
Epoch 017/128 proposal [==========..............] 20/47 MSE=1.443e-05 pass=100.0% K=72.0 denseK=72.0 countMAE=0.00 lr=group_0:2.0e-04
Epoch 017/128 proposal [===============.........] 30/47 MSE=1.727e-05 pass=100.0% K=72.0 denseK=72.0 countMAE=0.00 lr=group_0:2.0e-04
Epoch 017/128 proposal [====================....] 40/47 MSE=1.567e-05 pass=100.0% K=72.0 denseK=72.0 countMAE=0.00 lr=group_0:2.0e-04
Epoch 017/128 proposal [========================] 47/47 MSE=1.646e-05 pass=100.0% K=72.0 denseK=72.0 countMAE=0.00 lr=group_0:2.0e-04
  validation [=.......................] 1/16 
  validation [===============.........] 10/16 
  validation [========================] 16/16 
Epoch 017 phase=proposal lr=group_0:2.0e-04 val dense=99.5% deployment=99.5% worst-source=98.0% qualification=93.5% MSE=1.264e-05 K=72.00 mass=30.19 beta=0.33 soft_cost=0.9930 selection_score=-0.9930 complexity=0.00->0.00 safety=0+0.00sigma scale=1.00->1.00 pass_reference_only=93.5%
  Proposal train geometry: coverage_MAE=3.0656e-03, ordered_assignment_MAE=3.0657e-03, matched_K=34.84, R@.005/.01/.02=0.818/0.998/1.000, parameter_bias=7.900e-03
  Synthetic K=56: n=46, dense=93.5%, deployment=93.5%
  Synthetic: dense=99.5%, deployment=99.5%, MSE=1.609e-05, K=72.00, targetK=31.74, count_MAE=40.26, bias=+40.26, knot_F1@0.01=0.611, param_RMSE=2.032e-02
  uji_pen_characters_v2: dense=100.0%, deployment=100.0%, MSE=3.488e-06, K=72.00
  natural_earth_10m_coastline: dense=98.0%, deployment=98.0%, MSE=1.392e-05, K=72.00
  usgs_tnm_contours_large_scale: dense=100.0%, deployment=100.0%, MSE=8.326e-06, K=72.00
  industrial_model_offset_curves: dense=100.0%, deployment=100.0%, MSE=3.506e-06, K=72.00
Epoch 018/128 proposal [........................] 1/47 MSE=2.014e-05 pass=98.4% K=72.0 denseK=72.0 countMAE=0.00 lr=group_0:2.0e-04
Epoch 018/128 proposal [=====...................] 10/47 MSE=1.454e-05 pass=100.0% K=72.0 denseK=72.0 countMAE=0.00 lr=group_0:2.0e-04
Epoch 018/128 proposal [==========..............] 20/47 MSE=1.445e-05 pass=100.0% K=72.0 denseK=72.0 countMAE=0.00 lr=group_0:2.0e-04
Epoch 018/128 proposal [===============.........] 30/47 MSE=1.470e-05 pass=100.0% K=72.0 denseK=72.0 countMAE=0.00 lr=group_0:2.0e-04
Epoch 018/128 proposal [====================....] 40/47 MSE=1.656e-05 pass=100.0% K=72.0 denseK=72.0 countMAE=0.00 lr=group_0:2.0e-04
Epoch 018/128 proposal [========================] 47/47 MSE=1.607e-05 pass=100.0% K=72.0 denseK=72.0 countMAE=0.00 lr=group_0:2.0e-04
  validation [=.......................] 1/16 
  validation [===============.........] 10/16 
  validation [========================] 16/16 
Epoch 018 phase=proposal lr=group_0:2.0e-04 val dense=99.6% deployment=99.6% worst-source=98.0% qualification=95.7% MSE=1.270e-05 K=72.00 mass=30.26 beta=0.32 soft_cost=0.9921 selection_score=-0.9921 complexity=0.00->0.00 safety=0+0.00sigma scale=1.00->1.00 pass_reference_only=95.7%
  Proposal train geometry: coverage_MAE=3.0371e-03, ordered_assignment_MAE=3.0371e-03, matched_K=34.73, R@.005/.01/.02=0.821/0.998/1.000, parameter_bias=7.452e-03
  Synthetic K=56: n=46, dense=95.7%, deployment=95.7%
  Synthetic: dense=99.7%, deployment=99.7%, MSE=1.585e-05, K=72.00, targetK=31.74, count_MAE=40.26, bias=+40.26, knot_F1@0.01=0.611, param_RMSE=2.007e-02
  uji_pen_characters_v2: dense=100.0%, deployment=100.0%, MSE=3.962e-06, K=72.00
  natural_earth_10m_coastline: dense=98.0%, deployment=98.0%, MSE=1.469e-05, K=72.00
  usgs_tnm_contours_large_scale: dense=100.0%, deployment=100.0%, MSE=8.861e-06, K=72.00
  industrial_model_offset_curves: dense=100.0%, deployment=100.0%, MSE=3.841e-06, K=72.00
Epoch 019/128 proposal [........................] 1/47 MSE=1.591e-05 pass=100.0% K=72.0 denseK=72.0 countMAE=0.00 lr=group_0:2.0e-04
Epoch 019/128 proposal [=====...................] 10/47 MSE=1.502e-05 pass=100.0% K=72.0 denseK=72.0 countMAE=0.00 lr=group_0:2.0e-04
Epoch 019/128 proposal [==========..............] 20/47 MSE=1.625e-05 pass=100.0% K=72.0 denseK=72.0 countMAE=0.00 lr=group_0:2.0e-04
Epoch 019/128 proposal [===============.........] 30/47 MSE=1.518e-05 pass=100.0% K=72.0 denseK=72.0 countMAE=0.00 lr=group_0:2.0e-04
Epoch 019/128 proposal [====================....] 40/47 MSE=1.652e-05 pass=100.0% K=72.0 denseK=72.0 countMAE=0.00 lr=group_0:2.0e-04
Epoch 019/128 proposal [========================] 47/47 MSE=1.500e-05 pass=100.0% K=72.0 denseK=72.0 countMAE=0.00 lr=group_0:2.0e-04
  validation [=.......................] 1/16 
  validation [===============.........] 10/16 
  validation [========================] 16/16 
Epoch 019 phase=proposal lr=group_0:2.0e-04 val dense=99.7% deployment=99.7% worst-source=98.0% qualification=97.8% MSE=1.233e-05 K=72.00 mass=30.23 beta=0.32 soft_cost=0.9910 selection_score=-0.9910 complexity=0.00->0.00 safety=0+0.00sigma scale=1.00->1.00 pass_reference_only=97.8%
  Proposal train geometry: coverage_MAE=2.9976e-03, ordered_assignment_MAE=2.9976e-03, matched_K=34.62, R@.005/.01/.02=0.829/0.998/1.000, parameter_bias=7.582e-03
  Synthetic K=56: n=46, dense=97.8%, deployment=97.8%
  Synthetic: dense=99.8%, deployment=99.8%, MSE=1.542e-05, K=72.00, targetK=31.74, count_MAE=40.26, bias=+40.26, knot_F1@0.01=0.610, param_RMSE=1.988e-02
  uji_pen_characters_v2: dense=100.0%, deployment=100.0%, MSE=3.683e-06, K=72.00
  natural_earth_10m_coastline: dense=98.0%, deployment=98.0%, MSE=1.431e-05, K=72.00
  usgs_tnm_contours_large_scale: dense=100.0%, deployment=100.0%, MSE=8.607e-06, K=72.00
  industrial_model_offset_curves: dense=100.0%, deployment=100.0%, MSE=3.589e-06, K=72.00
Epoch 020/128 proposal [........................] 1/47 MSE=1.684e-05 pass=100.0% K=72.0 denseK=72.0 countMAE=0.00 lr=group_0:2.0e-04
Epoch 020/128 proposal [=====...................] 10/47 MSE=1.288e-05 pass=100.0% K=72.0 denseK=72.0 countMAE=0.00 lr=group_0:2.0e-04
Epoch 020/128 proposal [==========..............] 20/47 MSE=1.701e-05 pass=98.4% K=72.0 denseK=72.0 countMAE=0.00 lr=group_0:2.0e-04
Epoch 020/128 proposal [===============.........] 30/47 MSE=1.815e-05 pass=100.0% K=72.0 denseK=72.0 countMAE=0.00 lr=group_0:2.0e-04
Epoch 020/128 proposal [====================....] 40/47 MSE=1.761e-05 pass=100.0% K=72.0 denseK=72.0 countMAE=0.00 lr=group_0:2.0e-04
Epoch 020/128 proposal [========================] 47/47 MSE=1.828e-05 pass=100.0% K=72.0 denseK=72.0 countMAE=0.00 lr=group_0:2.0e-04
  validation [=.......................] 1/16 
  validation [===============.........] 10/16 
  validation [========================] 16/16 
Epoch 020 phase=proposal lr=group_0:2.0e-04 val dense=99.6% deployment=99.6% worst-source=97.0% qualification=97.0% MSE=1.221e-05 K=72.00 mass=30.25 beta=0.32 soft_cost=0.9919 selection_score=-0.9919 complexity=0.00->0.00 safety=0+0.00sigma scale=1.00->1.00 pass_reference_only=97.0%
  Proposal train geometry: coverage_MAE=2.9808e-03, ordered_assignment_MAE=2.9809e-03, matched_K=34.70, R@.005/.01/.02=0.831/0.998/1.000, parameter_bias=7.403e-03
  Synthetic K=56: n=46, dense=97.8%, deployment=97.8%
  Synthetic: dense=99.8%, deployment=99.8%, MSE=1.506e-05, K=72.00, targetK=31.74, count_MAE=40.26, bias=+40.26, knot_F1@0.01=0.610, param_RMSE=1.997e-02
  uji_pen_characters_v2: dense=100.0%, deployment=100.0%, MSE=3.620e-06, K=72.00
  natural_earth_10m_coastline: dense=97.0%, deployment=97.0%, MSE=1.469e-05, K=72.00
  usgs_tnm_contours_large_scale: dense=100.0%, deployment=100.0%, MSE=8.914e-06, K=72.00
  industrial_model_offset_curves: dense=100.0%, deployment=100.0%, MSE=3.895e-06, K=72.00
Epoch 021/128 proposal [........................] 1/47 MSE=1.477e-05 pass=100.0% K=72.0 denseK=72.0 countMAE=0.00 lr=group_0:2.0e-04
Epoch 021/128 proposal [=====...................] 10/47 MSE=1.889e-05 pass=100.0% K=72.0 denseK=72.0 countMAE=0.00 lr=group_0:2.0e-04
Epoch 021/128 proposal [==========..............] 20/47 MSE=1.737e-05 pass=98.4% K=72.0 denseK=72.0 countMAE=0.00 lr=group_0:2.0e-04
Epoch 021/128 proposal [===============.........] 30/47 MSE=1.570e-05 pass=100.0% K=72.0 denseK=72.0 countMAE=0.00 lr=group_0:2.0e-04
Epoch 021/128 proposal [====================....] 40/47 MSE=1.492e-05 pass=100.0% K=72.0 denseK=72.0 countMAE=0.00 lr=group_0:2.0e-04
Epoch 021/128 proposal [========================] 47/47 MSE=1.627e-05 pass=100.0% K=72.0 denseK=72.0 countMAE=0.00 lr=group_0:2.0e-04
  validation [=.......................] 1/16 
  validation [===============.........] 10/16 
  validation [========================] 16/16 
Epoch 021 phase=proposal lr=group_0:2.0e-04 val dense=99.7% deployment=99.7% worst-source=98.0% qualification=97.8% MSE=1.236e-05 K=72.00 mass=30.24 beta=0.32 soft_cost=0.9908 selection_score=-0.9908 complexity=0.00->0.00 safety=0+0.00sigma scale=1.00->1.00 pass_reference_only=97.8%
  Proposal train geometry: coverage_MAE=2.9716e-03, ordered_assignment_MAE=2.9717e-03, matched_K=34.76, R@.005/.01/.02=0.832/0.998/1.000, parameter_bias=7.576e-03
  Synthetic K=56: n=46, dense=97.8%, deployment=97.8%
  Synthetic: dense=99.8%, deployment=99.8%, MSE=1.558e-05, K=72.00, targetK=31.74, count_MAE=40.26, bias=+40.26, knot_F1@0.01=0.611, param_RMSE=1.991e-02
  uji_pen_characters_v2: dense=100.0%, deployment=100.0%, MSE=3.179e-06, K=72.00
  natural_earth_10m_coastline: dense=98.0%, deployment=98.0%, MSE=1.407e-05, K=72.00
  usgs_tnm_contours_large_scale: dense=100.0%, deployment=100.0%, MSE=8.360e-06, K=72.00
  industrial_model_offset_curves: dense=100.0%, deployment=100.0%, MSE=3.900e-06, K=72.00
Epoch 022/128 proposal [........................] 1/47 MSE=1.672e-05 pass=100.0% K=72.0 denseK=72.0 countMAE=0.00 lr=group_0:2.0e-04
Epoch 022/128 proposal [=====...................] 10/47 MSE=1.205e-05 pass=100.0% K=72.0 denseK=72.0 countMAE=0.00 lr=group_0:2.0e-04
Epoch 022/128 proposal [==========..............] 20/47 MSE=1.383e-05 pass=100.0% K=72.0 denseK=72.0 countMAE=0.00 lr=group_0:2.0e-04
Epoch 022/128 proposal [===============.........] 30/47 MSE=1.682e-05 pass=100.0% K=72.0 denseK=72.0 countMAE=0.00 lr=group_0:2.0e-04
Epoch 022/128 proposal [====================....] 40/47 MSE=1.962e-05 pass=100.0% K=72.0 denseK=72.0 countMAE=0.00 lr=group_0:2.0e-04
Epoch 022/128 proposal [========================] 47/47 MSE=1.241e-05 pass=100.0% K=72.0 denseK=72.0 countMAE=0.00 lr=group_0:2.0e-04
  validation [=.......................] 1/16 
  validation [===============.........] 10/16 
  validation [========================] 16/16 
Epoch 022 phase=proposal lr=group_0:2.0e-04 val dense=99.6% deployment=99.6% worst-source=98.0% qualification=95.7% MSE=1.160e-05 K=72.00 mass=30.31 beta=0.32 soft_cost=0.9919 selection_score=-0.9919 complexity=0.00->0.00 safety=0+0.00sigma scale=1.00->1.00 pass_reference_only=95.7%
  Proposal train geometry: coverage_MAE=2.9330e-03, ordered_assignment_MAE=2.9330e-03, matched_K=34.70, R@.005/.01/.02=0.839/0.998/1.000, parameter_bias=7.268e-03
  Synthetic K=56: n=46, dense=95.7%, deployment=95.7%
  Synthetic: dense=99.7%, deployment=99.7%, MSE=1.425e-05, K=72.00, targetK=31.74, count_MAE=40.26, bias=+40.26, knot_F1@0.01=0.610, param_RMSE=1.979e-02
  uji_pen_characters_v2: dense=100.0%, deployment=100.0%, MSE=3.496e-06, K=72.00
  natural_earth_10m_coastline: dense=98.0%, deployment=98.0%, MSE=1.424e-05, K=72.00
  usgs_tnm_contours_large_scale: dense=100.0%, deployment=100.0%, MSE=8.269e-06, K=72.00
  industrial_model_offset_curves: dense=100.0%, deployment=100.0%, MSE=3.945e-06, K=72.00
Epoch 023/128 proposal [........................] 1/47 MSE=1.291e-05 pass=100.0% K=72.0 denseK=72.0 countMAE=0.00 lr=group_0:2.0e-04
Epoch 023/128 proposal [=====...................] 10/47 MSE=1.358e-05 pass=100.0% K=72.0 denseK=72.0 countMAE=0.00 lr=group_0:2.0e-04
Epoch 023/128 proposal [==========..............] 20/47 MSE=1.507e-05 pass=100.0% K=72.0 denseK=72.0 countMAE=0.00 lr=group_0:2.0e-04
Epoch 023/128 proposal [===============.........] 30/47 MSE=1.497e-05 pass=100.0% K=72.0 denseK=72.0 countMAE=0.00 lr=group_0:2.0e-04
Epoch 023/128 proposal [====================....] 40/47 MSE=1.784e-05 pass=100.0% K=72.0 denseK=72.0 countMAE=0.00 lr=group_0:2.0e-04
Epoch 023/128 proposal [========================] 47/47 MSE=1.795e-05 pass=98.2% K=72.0 denseK=72.0 countMAE=0.00 lr=group_0:2.0e-04
  validation [=.......................] 1/16 
  validation [===============.........] 10/16 
  validation [========================] 16/16 
Epoch 023 phase=proposal lr=group_0:2.0e-04 val dense=99.5% deployment=99.5% worst-source=98.0% qualification=93.5% MSE=1.184e-05 K=72.00 mass=30.35 beta=0.32 soft_cost=0.9929 selection_score=-0.9929 complexity=0.00->0.00 safety=0+0.00sigma scale=1.00->1.00 pass_reference_only=93.5%
  Proposal train geometry: coverage_MAE=2.9055e-03, ordered_assignment_MAE=2.9055e-03, matched_K=34.73, R@.005/.01/.02=0.844/0.998/1.000, parameter_bias=7.340e-03
  Synthetic K=56: n=46, dense=93.5%, deployment=93.5%
  Synthetic: dense=99.5%, deployment=99.5%, MSE=1.441e-05, K=72.00, targetK=31.74, count_MAE=40.26, bias=+40.26, knot_F1@0.01=0.611, param_RMSE=1.989e-02
  uji_pen_characters_v2: dense=100.0%, deployment=100.0%, MSE=3.962e-06, K=72.00
  natural_earth_10m_coastline: dense=98.0%, deployment=98.0%, MSE=1.458e-05, K=72.00
  usgs_tnm_contours_large_scale: dense=100.0%, deployment=100.0%, MSE=8.561e-06, K=72.00
  industrial_model_offset_curves: dense=100.0%, deployment=100.0%, MSE=4.265e-06, K=72.00
Epoch 024/128 proposal [........................] 1/47 MSE=1.398e-05 pass=100.0% K=72.0 denseK=72.0 countMAE=0.00 lr=group_0:2.0e-04
Epoch 024/128 proposal [=====...................] 10/47 MSE=1.658e-05 pass=100.0% K=72.0 denseK=72.0 countMAE=0.00 lr=group_0:2.0e-04
Epoch 024/128 proposal [==========..............] 20/47 MSE=1.169e-05 pass=100.0% K=72.0 denseK=72.0 countMAE=0.00 lr=group_0:2.0e-04
Epoch 024/128 proposal [===============.........] 30/47 MSE=1.704e-05 pass=100.0% K=72.0 denseK=72.0 countMAE=0.00 lr=group_0:2.0e-04
Epoch 024/128 proposal [====================....] 40/47 MSE=1.533e-05 pass=100.0% K=72.0 denseK=72.0 countMAE=0.00 lr=group_0:2.0e-04
Epoch 024/128 proposal [========================] 47/47 MSE=1.366e-05 pass=100.0% K=72.0 denseK=72.0 countMAE=0.00 lr=group_0:2.0e-04
  validation [=.......................] 1/16 
  validation [===============.........] 10/16 
  validation [========================] 16/16 
Epoch 024 phase=proposal lr=group_0:2.0e-04 val dense=99.7% deployment=99.7% worst-source=98.0% qualification=97.8% MSE=1.156e-05 K=72.00 mass=30.32 beta=0.32 soft_cost=0.9908 selection_score=-0.9908 complexity=0.00->0.00 safety=0+0.00sigma scale=1.00->1.00 pass_reference_only=97.8%
  Proposal train geometry: coverage_MAE=2.9009e-03, ordered_assignment_MAE=2.9009e-03, matched_K=34.67, R@.005/.01/.02=0.845/0.998/1.000, parameter_bias=7.269e-03
  Synthetic K=56: n=46, dense=97.8%, deployment=97.8%
  Synthetic: dense=99.8%, deployment=99.8%, MSE=1.396e-05, K=72.00, targetK=31.74, count_MAE=40.26, bias=+40.26, knot_F1@0.01=0.611, param_RMSE=1.970e-02
  uji_pen_characters_v2: dense=100.0%, deployment=100.0%, MSE=3.921e-06, K=72.00
  natural_earth_10m_coastline: dense=98.0%, deployment=98.0%, MSE=1.435e-05, K=72.00
  usgs_tnm_contours_large_scale: dense=100.0%, deployment=100.0%, MSE=8.633e-06, K=72.00
  industrial_model_offset_curves: dense=100.0%, deployment=100.0%, MSE=4.429e-06, K=72.00
Epoch 025/128 proposal [........................] 1/47 MSE=1.559e-05 pass=100.0% K=72.0 denseK=72.0 countMAE=0.00 lr=group_0:2.0e-04
Epoch 025/128 proposal [=====...................] 10/47 MSE=1.673e-05 pass=100.0% K=72.0 denseK=72.0 countMAE=0.00 lr=group_0:2.0e-04
Epoch 025/128 proposal [==========..............] 20/47 MSE=1.670e-05 pass=98.4% K=72.0 denseK=72.0 countMAE=0.00 lr=group_0:2.0e-04
Epoch 025/128 proposal [===============.........] 30/47 MSE=1.523e-05 pass=100.0% K=72.0 denseK=72.0 countMAE=0.00 lr=group_0:2.0e-04
Epoch 025/128 proposal [====================....] 40/47 MSE=1.416e-05 pass=100.0% K=72.0 denseK=72.0 countMAE=0.00 lr=group_0:2.0e-04
Epoch 025/128 proposal [========================] 47/47 MSE=1.329e-05 pass=100.0% K=72.0 denseK=72.0 countMAE=0.00 lr=group_0:2.0e-04
  validation [=.......................] 1/16 
  validation [===============.........] 10/16 
  validation [========================] 16/16 
Epoch 025 phase=proposal lr=group_0:2.0e-04 val dense=99.8% deployment=99.8% worst-source=98.0% qualification=98.0% MSE=1.148e-05 K=72.00 mass=30.35 beta=0.32 soft_cost=0.9899 selection_score=-0.9899 complexity=0.00->0.00 safety=0+0.00sigma scale=1.00->1.00 pass_reference_only=98.0%
  Proposal train geometry: coverage_MAE=2.8532e-03, ordered_assignment_MAE=2.8532e-03, matched_K=34.91, R@.005/.01/.02=0.851/0.998/1.000, parameter_bias=7.274e-03
  Synthetic K=56: n=46, dense=100.0%, deployment=100.0%
  Synthetic: dense=100.0%, deployment=100.0%, MSE=1.375e-05, K=72.00, targetK=31.74, count_MAE=40.26, bias=+40.26, knot_F1@0.01=0.610, param_RMSE=2.065e-02
  uji_pen_characters_v2: dense=100.0%, deployment=100.0%, MSE=3.869e-06, K=72.00
  natural_earth_10m_coastline: dense=98.0%, deployment=98.0%, MSE=1.531e-05, K=72.00
  usgs_tnm_contours_large_scale: dense=100.0%, deployment=100.0%, MSE=8.518e-06, K=72.00
  industrial_model_offset_curves: dense=100.0%, deployment=100.0%, MSE=4.136e-06, K=72.00
Epoch 026/128 proposal [........................] 1/47 MSE=1.425e-05 pass=100.0% K=72.0 denseK=72.0 countMAE=0.00 lr=group_0:2.0e-04
Epoch 026/128 proposal [=====...................] 10/47 MSE=1.955e-05 pass=100.0% K=72.0 denseK=72.0 countMAE=0.00 lr=group_0:2.0e-04
Epoch 026/128 proposal [==========..............] 20/47 MSE=1.595e-05 pass=100.0% K=72.0 denseK=72.0 countMAE=0.00 lr=group_0:2.0e-04
Epoch 026/128 proposal [===============.........] 30/47 MSE=1.436e-05 pass=100.0% K=72.0 denseK=72.0 countMAE=0.00 lr=group_0:2.0e-04
Epoch 026/128 proposal [====================....] 40/47 MSE=9.952e-06 pass=100.0% K=72.0 denseK=72.0 countMAE=0.00 lr=group_0:2.0e-04
Epoch 026/128 proposal [========================] 47/47 MSE=1.553e-05 pass=100.0% K=72.0 denseK=72.0 countMAE=0.00 lr=group_0:2.0e-04
  validation [=.......................] 1/16 
  validation [===============.........] 10/16 
  validation [========================] 16/16 
Epoch 026 phase=proposal lr=group_0:2.0e-04 val dense=99.8% deployment=99.8% worst-source=98.0% qualification=98.0% MSE=1.107e-05 K=72.00 mass=30.41 beta=0.31 soft_cost=0.9896 selection_score=-0.9896 complexity=0.00->0.00 safety=0+0.00sigma scale=1.00->1.00 pass_reference_only=98.0%
  Proposal train geometry: coverage_MAE=2.8348e-03, ordered_assignment_MAE=2.8348e-03, matched_K=34.82, R@.005/.01/.02=0.854/0.998/1.000, parameter_bias=7.192e-03
  Synthetic K=56: n=46, dense=100.0%, deployment=100.0%
  Synthetic: dense=100.0%, deployment=100.0%, MSE=1.335e-05, K=72.00, targetK=31.74, count_MAE=40.26, bias=+40.26, knot_F1@0.01=0.611, param_RMSE=1.977e-02
  uji_pen_characters_v2: dense=100.0%, deployment=100.0%, MSE=3.559e-06, K=72.00
  natural_earth_10m_coastline: dense=98.0%, deployment=98.0%, MSE=1.387e-05, K=72.00
  usgs_tnm_contours_large_scale: dense=100.0%, deployment=100.0%, MSE=8.038e-06, K=72.00
  industrial_model_offset_curves: dense=100.0%, deployment=100.0%, MSE=4.651e-06, K=72.00
Epoch 027/128 proposal [........................] 1/47 MSE=1.674e-05 pass=100.0% K=72.0 denseK=72.0 countMAE=0.00 lr=group_0:2.0e-04
Epoch 027/128 proposal [=====...................] 10/47 MSE=1.385e-05 pass=100.0% K=72.0 denseK=72.0 countMAE=0.00 lr=group_0:2.0e-04
Epoch 027/128 proposal [==========..............] 20/47 MSE=1.604e-05 pass=100.0% K=72.0 denseK=72.0 countMAE=0.00 lr=group_0:2.0e-04
Epoch 027/128 proposal [===============.........] 30/47 MSE=1.453e-05 pass=100.0% K=72.0 denseK=72.0 countMAE=0.00 lr=group_0:2.0e-04
Epoch 027/128 proposal [====================....] 40/47 MSE=1.171e-05 pass=100.0% K=72.0 denseK=72.0 countMAE=0.00 lr=group_0:2.0e-04
Epoch 027/128 proposal [========================] 47/47 MSE=1.506e-05 pass=100.0% K=72.0 denseK=72.0 countMAE=0.00 lr=group_0:2.0e-04
  validation [=.......................] 1/16 
  validation [===============.........] 10/16 
  validation [========================] 16/16 
Epoch 027 phase=proposal lr=group_0:2.0e-04 val dense=99.8% deployment=99.8% worst-source=98.0% qualification=98.0% MSE=1.119e-05 K=72.00 mass=30.39 beta=0.31 soft_cost=0.9898 selection_score=-0.9898 complexity=0.00->0.00 safety=0+0.00sigma scale=1.00->1.00 pass_reference_only=98.0%
  Proposal train geometry: coverage_MAE=2.8384e-03, ordered_assignment_MAE=2.8384e-03, matched_K=34.58, R@.005/.01/.02=0.855/0.998/1.000, parameter_bias=7.252e-03
  Synthetic K=56: n=46, dense=100.0%, deployment=100.0%
  Synthetic: dense=100.0%, deployment=100.0%, MSE=1.310e-05, K=72.00, targetK=31.74, count_MAE=40.26, bias=+40.26, knot_F1@0.01=0.610, param_RMSE=1.959e-02
  uji_pen_characters_v2: dense=100.0%, deployment=100.0%, MSE=4.202e-06, K=72.00
  natural_earth_10m_coastline: dense=98.0%, deployment=98.0%, MSE=1.492e-05, K=72.00
  usgs_tnm_contours_large_scale: dense=100.0%, deployment=100.0%, MSE=8.798e-06, K=72.00
  industrial_model_offset_curves: dense=100.0%, deployment=100.0%, MSE=4.952e-06, K=72.00
Epoch 028/128 proposal [........................] 1/47 MSE=1.319e-05 pass=100.0% K=72.0 denseK=72.0 countMAE=0.00 lr=group_0:2.0e-04
Epoch 028/128 proposal [=====...................] 10/47 MSE=1.717e-05 pass=100.0% K=72.0 denseK=72.0 countMAE=0.00 lr=group_0:2.0e-04
Epoch 028/128 proposal [==========..............] 20/47 MSE=1.201e-05 pass=100.0% K=72.0 denseK=72.0 countMAE=0.00 lr=group_0:2.0e-04
Epoch 028/128 proposal [===============.........] 30/47 MSE=1.376e-05 pass=100.0% K=72.0 denseK=72.0 countMAE=0.00 lr=group_0:2.0e-04
Epoch 028/128 proposal [====================....] 40/47 MSE=1.531e-05 pass=100.0% K=72.0 denseK=72.0 countMAE=0.00 lr=group_0:2.0e-04
Epoch 028/128 proposal [========================] 47/47 MSE=1.664e-05 pass=100.0% K=72.0 denseK=72.0 countMAE=0.00 lr=group_0:2.0e-04
  validation [=.......................] 1/16 
  validation [===============.........] 10/16 
  validation [========================] 16/16 
Epoch 028 phase=proposal lr=group_0:2.0e-04 val dense=99.7% deployment=99.7% worst-source=98.0% qualification=97.8% MSE=1.171e-05 K=72.00 mass=30.44 beta=0.31 soft_cost=0.9908 selection_score=-0.9908 complexity=0.00->0.00 safety=0+0.00sigma scale=1.00->1.00 pass_reference_only=97.8%
  Proposal train geometry: coverage_MAE=2.8005e-03, ordered_assignment_MAE=2.8005e-03, matched_K=34.65, R@.005/.01/.02=0.861/0.998/1.000, parameter_bias=7.052e-03
  Synthetic K=56: n=46, dense=97.8%, deployment=97.8%
  Synthetic: dense=99.8%, deployment=99.8%, MSE=1.404e-05, K=72.00, targetK=31.74, count_MAE=40.26, bias=+40.26, knot_F1@0.01=0.610, param_RMSE=1.973e-02
  uji_pen_characters_v2: dense=100.0%, deployment=100.0%, MSE=3.861e-06, K=72.00
  natural_earth_10m_coastline: dense=98.0%, deployment=98.0%, MSE=1.504e-05, K=72.00
  usgs_tnm_contours_large_scale: dense=100.0%, deployment=100.0%, MSE=8.714e-06, K=72.00
  industrial_model_offset_curves: dense=100.0%, deployment=100.0%, MSE=4.755e-06, K=72.00
Epoch 029/128 proposal [........................] 1/47 MSE=1.731e-05 pass=100.0% K=72.0 denseK=72.0 countMAE=0.00 lr=group_0:2.0e-04
Epoch 029/128 proposal [=====...................] 10/47 MSE=1.443e-05 pass=100.0% K=72.0 denseK=72.0 countMAE=0.00 lr=group_0:2.0e-04
Epoch 029/128 proposal [==========..............] 20/47 MSE=1.316e-05 pass=100.0% K=72.0 denseK=72.0 countMAE=0.00 lr=group_0:2.0e-04
Epoch 029/128 proposal [===============.........] 30/47 MSE=1.437e-05 pass=100.0% K=72.0 denseK=72.0 countMAE=0.00 lr=group_0:2.0e-04
Epoch 029/128 proposal [====================....] 40/47 MSE=1.349e-05 pass=100.0% K=72.0 denseK=72.0 countMAE=0.00 lr=group_0:2.0e-04
Epoch 029/128 proposal [========================] 47/47 MSE=1.196e-05 pass=100.0% K=72.0 denseK=72.0 countMAE=0.00 lr=group_0:2.0e-04
  validation [=.......................] 1/16 
  validation [===============.........] 10/16 
  validation [========================] 16/16 
Epoch 029 phase=proposal lr=group_0:2.0e-04 val dense=99.8% deployment=99.8% worst-source=98.0% qualification=98.0% MSE=1.110e-05 K=72.00 mass=30.41 beta=0.31 soft_cost=0.9897 selection_score=-0.9897 complexity=0.00->0.00 safety=0+0.00sigma scale=1.00->1.00 pass_reference_only=98.0%
  Proposal train geometry: coverage_MAE=2.7808e-03, ordered_assignment_MAE=2.7808e-03, matched_K=34.90, R@.005/.01/.02=0.863/0.998/1.000, parameter_bias=7.187e-03
  Synthetic K=56: n=46, dense=100.0%, deployment=100.0%
  Synthetic: dense=100.0%, deployment=100.0%, MSE=1.304e-05, K=72.00, targetK=31.74, count_MAE=40.26, bias=+40.26, knot_F1@0.01=0.610, param_RMSE=1.951e-02
  uji_pen_characters_v2: dense=100.0%, deployment=100.0%, MSE=3.976e-06, K=72.00
  natural_earth_10m_coastline: dense=98.0%, deployment=98.0%, MSE=1.479e-05, K=72.00
  usgs_tnm_contours_large_scale: dense=100.0%, deployment=100.0%, MSE=8.791e-06, K=72.00
  industrial_model_offset_curves: dense=100.0%, deployment=100.0%, MSE=4.733e-06, K=72.00
Epoch 030/128 proposal [........................] 1/47 MSE=1.581e-05 pass=100.0% K=72.0 denseK=72.0 countMAE=0.00 lr=group_0:2.0e-04
Epoch 030/128 proposal [=====...................] 10/47 MSE=1.622e-05 pass=100.0% K=72.0 denseK=72.0 countMAE=0.00 lr=group_0:2.0e-04
Epoch 030/128 proposal [==========..............] 20/47 MSE=1.377e-05 pass=100.0% K=72.0 denseK=72.0 countMAE=0.00 lr=group_0:2.0e-04
Epoch 030/128 proposal [===============.........] 30/47 MSE=1.407e-05 pass=100.0% K=72.0 denseK=72.0 countMAE=0.00 lr=group_0:2.0e-04
Epoch 030/128 proposal [====================....] 40/47 MSE=1.427e-05 pass=100.0% K=72.0 denseK=72.0 countMAE=0.00 lr=group_0:2.0e-04
Epoch 030/128 proposal [========================] 47/47 MSE=1.506e-05 pass=100.0% K=72.0 denseK=72.0 countMAE=0.00 lr=group_0:2.0e-04
  validation [=.......................] 1/16 
  validation [===============.........] 10/16 
  validation [========================] 16/16 
Epoch 030 phase=proposal lr=group_0:2.0e-04 val dense=99.8% deployment=99.8% worst-source=98.0% qualification=98.0% MSE=1.078e-05 K=72.00 mass=30.43 beta=0.31 soft_cost=0.9897 selection_score=-0.9897 complexity=0.00->0.00 safety=0+0.00sigma scale=1.00->1.00 pass_reference_only=98.0%
  Proposal train geometry: coverage_MAE=2.7550e-03, ordered_assignment_MAE=2.7550e-03, matched_K=34.84, R@.005/.01/.02=0.867/0.998/1.000, parameter_bias=7.138e-03
  Synthetic K=56: n=46, dense=100.0%, deployment=100.0%
  Synthetic: dense=100.0%, deployment=100.0%, MSE=1.258e-05, K=72.00, targetK=31.74, count_MAE=40.26, bias=+40.26, knot_F1@0.01=0.611, param_RMSE=1.956e-02
  uji_pen_characters_v2: dense=100.0%, deployment=100.0%, MSE=4.033e-06, K=72.00
  natural_earth_10m_coastline: dense=98.0%, deployment=98.0%, MSE=1.421e-05, K=72.00
  usgs_tnm_contours_large_scale: dense=100.0%, deployment=100.0%, MSE=8.469e-06, K=72.00
  industrial_model_offset_curves: dense=100.0%, deployment=100.0%, MSE=5.210e-06, K=72.00
Epoch 031/128 proposal [........................] 1/47 MSE=1.234e-05 pass=100.0% K=72.0 denseK=72.0 countMAE=0.00 lr=group_0:2.0e-04
Epoch 031/128 proposal [=====...................] 10/47 MSE=1.262e-05 pass=100.0% K=72.0 denseK=72.0 countMAE=0.00 lr=group_0:2.0e-04
Epoch 031/128 proposal [==========..............] 20/47 MSE=1.288e-05 pass=98.4% K=72.0 denseK=72.0 countMAE=0.00 lr=group_0:2.0e-04
Epoch 031/128 proposal [===============.........] 30/47 MSE=1.177e-05 pass=100.0% K=72.0 denseK=72.0 countMAE=0.00 lr=group_0:2.0e-04
Epoch 031/128 proposal [====================....] 40/47 MSE=1.178e-05 pass=100.0% K=72.0 denseK=72.0 countMAE=0.00 lr=group_0:2.0e-04
Epoch 031/128 proposal [========================] 47/47 MSE=1.121e-05 pass=100.0% K=72.0 denseK=72.0 countMAE=0.00 lr=group_0:2.0e-04
  validation [=.......................] 1/16 
  validation [===============.........] 10/16 
  validation [========================] 16/16 
Epoch 031 phase=proposal lr=group_0:2.0e-04 val dense=99.8% deployment=99.8% worst-source=98.0% qualification=98.0% MSE=1.112e-05 K=72.00 mass=30.46 beta=0.31 soft_cost=0.9898 selection_score=-0.9898 complexity=0.00->0.00 safety=0+0.00sigma scale=1.00->1.00 pass_reference_only=98.0%
  Proposal train geometry: coverage_MAE=2.7694e-03, ordered_assignment_MAE=2.7695e-03, matched_K=34.60, R@.005/.01/.02=0.864/0.998/1.000, parameter_bias=7.141e-03
  Synthetic K=56: n=46, dense=100.0%, deployment=100.0%
  Synthetic: dense=100.0%, deployment=100.0%, MSE=1.297e-05, K=72.00, targetK=31.74, count_MAE=40.26, bias=+40.26, knot_F1@0.01=0.610, param_RMSE=1.960e-02
  uji_pen_characters_v2: dense=100.0%, deployment=100.0%, MSE=3.965e-06, K=72.00
  natural_earth_10m_coastline: dense=98.0%, deployment=98.0%, MSE=1.496e-05, K=72.00
  usgs_tnm_contours_large_scale: dense=100.0%, deployment=100.0%, MSE=8.838e-06, K=72.00
  industrial_model_offset_curves: dense=100.0%, deployment=100.0%, MSE=5.142e-06, K=72.00
Epoch 032/128 proposal [........................] 1/47 MSE=1.231e-05 pass=100.0% K=72.0 denseK=72.0 countMAE=0.00 lr=group_0:2.0e-04
Epoch 032/128 proposal [=====...................] 10/47 MSE=1.448e-05 pass=100.0% K=72.0 denseK=72.0 countMAE=0.00 lr=group_0:2.0e-04
Epoch 032/128 proposal [==========..............] 20/47 MSE=1.473e-05 pass=100.0% K=72.0 denseK=72.0 countMAE=0.00 lr=group_0:2.0e-04
Epoch 032/128 proposal [===============.........] 30/47 MSE=1.415e-05 pass=100.0% K=72.0 denseK=72.0 countMAE=0.00 lr=group_0:2.0e-04
Epoch 032/128 proposal [====================....] 40/47 MSE=1.430e-05 pass=100.0% K=72.0 denseK=72.0 countMAE=0.00 lr=group_0:2.0e-04
Epoch 032/128 proposal [========================] 47/47 MSE=1.207e-05 pass=100.0% K=72.0 denseK=72.0 countMAE=0.00 lr=group_0:2.0e-04
  validation [=.......................] 1/16 
  validation [===============.........] 10/16 
  validation [========================] 16/16 
Epoch 032 phase=proposal lr=group_0:2.0e-04 val dense=99.8% deployment=99.8% worst-source=98.0% qualification=98.0% MSE=1.110e-05 K=72.00 mass=30.40 beta=0.31 soft_cost=0.9898 selection_score=-0.9898 complexity=0.00->0.00 safety=0+0.00sigma scale=1.00->1.00 pass_reference_only=98.0%
  Proposal train geometry: coverage_MAE=2.7346e-03, ordered_assignment_MAE=2.7346e-03, matched_K=34.84, R@.005/.01/.02=0.869/0.998/1.000, parameter_bias=7.098e-03
  Synthetic K=56: n=46, dense=100.0%, deployment=100.0%
  Synthetic: dense=100.0%, deployment=100.0%, MSE=1.306e-05, K=72.00, targetK=31.74, count_MAE=40.26, bias=+40.26, knot_F1@0.01=0.610, param_RMSE=1.923e-02
  uji_pen_characters_v2: dense=100.0%, deployment=100.0%, MSE=3.833e-06, K=72.00
  natural_earth_10m_coastline: dense=98.0%, deployment=98.0%, MSE=1.461e-05, K=72.00
  usgs_tnm_contours_large_scale: dense=100.0%, deployment=100.0%, MSE=8.652e-06, K=72.00
  industrial_model_offset_curves: dense=100.0%, deployment=100.0%, MSE=5.121e-06, K=72.00
Epoch 033/128 proposal [........................] 1/47 MSE=1.468e-05 pass=100.0% K=72.0 denseK=72.0 countMAE=0.00 lr=group_0:2.0e-04
Epoch 033/128 proposal [=====...................] 10/47 MSE=1.158e-05 pass=100.0% K=72.0 denseK=72.0 countMAE=0.00 lr=group_0:2.0e-04
Epoch 033/128 proposal [==========..............] 20/47 MSE=1.373e-05 pass=100.0% K=72.0 denseK=72.0 countMAE=0.00 lr=group_0:2.0e-04
Epoch 033/128 proposal [===============.........] 30/47 MSE=1.128e-05 pass=100.0% K=72.0 denseK=72.0 countMAE=0.00 lr=group_0:2.0e-04
Epoch 033/128 proposal [====================....] 40/47 MSE=1.559e-05 pass=100.0% K=72.0 denseK=72.0 countMAE=0.00 lr=group_0:2.0e-04
Epoch 033/128 proposal [========================] 47/47 MSE=1.311e-05 pass=100.0% K=72.0 denseK=72.0 countMAE=0.00 lr=group_0:2.0e-04
  validation [=.......................] 1/16 
  validation [===============.........] 10/16 
  validation [========================] 16/16 
Epoch 033 phase=proposal lr=group_0:2.0e-04 val dense=99.8% deployment=99.8% worst-source=98.0% qualification=98.0% MSE=1.086e-05 K=72.00 mass=30.44 beta=0.31 soft_cost=0.9898 selection_score=-0.9898 complexity=0.00->0.00 safety=0+0.00sigma scale=1.00->1.00 pass_reference_only=98.0%
  Proposal train geometry: coverage_MAE=2.7118e-03, ordered_assignment_MAE=2.7118e-03, matched_K=35.10, R@.005/.01/.02=0.873/0.998/1.000, parameter_bias=6.890e-03
  Synthetic K=56: n=46, dense=100.0%, deployment=100.0%
  Synthetic: dense=100.0%, deployment=100.0%, MSE=1.237e-05, K=72.00, targetK=31.74, count_MAE=40.26, bias=+40.26, knot_F1@0.01=0.611, param_RMSE=1.940e-02
  uji_pen_characters_v2: dense=100.0%, deployment=100.0%, MSE=4.280e-06, K=72.00
  natural_earth_10m_coastline: dense=98.0%, deployment=98.0%, MSE=1.526e-05, K=72.00
  usgs_tnm_contours_large_scale: dense=100.0%, deployment=100.0%, MSE=8.902e-06, K=72.00
  industrial_model_offset_curves: dense=100.0%, deployment=100.0%, MSE=5.555e-06, K=72.00
Epoch 034/128 proposal [........................] 1/47 MSE=1.528e-05 pass=100.0% K=72.0 denseK=72.0 countMAE=0.00 lr=group_0:2.0e-04
Epoch 034/128 proposal [=====...................] 10/47 MSE=1.080e-05 pass=100.0% K=72.0 denseK=72.0 countMAE=0.00 lr=group_0:2.0e-04
Epoch 034/128 proposal [==========..............] 20/47 MSE=1.289e-05 pass=100.0% K=72.0 denseK=72.0 countMAE=0.00 lr=group_0:2.0e-04
Epoch 034/128 proposal [===============.........] 30/47 MSE=1.391e-05 pass=100.0% K=72.0 denseK=72.0 countMAE=0.00 lr=group_0:2.0e-04
Epoch 034/128 proposal [====================....] 40/47 MSE=1.338e-05 pass=100.0% K=72.0 denseK=72.0 countMAE=0.00 lr=group_0:2.0e-04
Epoch 034/128 proposal [========================] 47/47 MSE=1.435e-05 pass=100.0% K=72.0 denseK=72.0 countMAE=0.00 lr=group_0:2.0e-04
  validation [=.......................] 1/16 
  validation [===============.........] 10/16 
  validation [========================] 16/16 
Epoch 034 phase=proposal lr=group_0:2.0e-04 val dense=99.8% deployment=99.8% worst-source=98.0% qualification=98.0% MSE=1.079e-05 K=72.00 mass=30.50 beta=0.31 soft_cost=0.9899 selection_score=-0.9899 complexity=0.00->0.00 safety=0+0.00sigma scale=1.00->1.00 pass_reference_only=98.0%
  Proposal train geometry: coverage_MAE=2.7205e-03, ordered_assignment_MAE=2.7205e-03, matched_K=34.73, R@.005/.01/.02=0.872/0.998/1.000, parameter_bias=7.036e-03
  Synthetic K=56: n=46, dense=100.0%, deployment=100.0%
  Synthetic: dense=100.0%, deployment=100.0%, MSE=1.218e-05, K=72.00, targetK=31.74, count_MAE=40.26, bias=+40.26, knot_F1@0.01=0.611, param_RMSE=1.984e-02
  uji_pen_characters_v2: dense=100.0%, deployment=100.0%, MSE=4.412e-06, K=72.00
  natural_earth_10m_coastline: dense=98.0%, deployment=98.0%, MSE=1.561e-05, K=72.00
  usgs_tnm_contours_large_scale: dense=100.0%, deployment=100.0%, MSE=9.125e-06, K=72.00
  industrial_model_offset_curves: dense=100.0%, deployment=100.0%, MSE=5.285e-06, K=72.00
Epoch 035/128 proposal [........................] 1/47 MSE=1.240e-05 pass=100.0% K=72.0 denseK=72.0 countMAE=0.00 lr=group_0:2.0e-04
Epoch 035/128 proposal [=====...................] 10/47 MSE=1.374e-05 pass=100.0% K=72.0 denseK=72.0 countMAE=0.00 lr=group_0:2.0e-04
Epoch 035/128 proposal [==========..............] 20/47 MSE=1.180e-05 pass=100.0% K=72.0 denseK=72.0 countMAE=0.00 lr=group_0:2.0e-04
Epoch 035/128 proposal [===============.........] 30/47 MSE=1.189e-05 pass=100.0% K=72.0 denseK=72.0 countMAE=0.00 lr=group_0:2.0e-04
Epoch 035/128 proposal [====================....] 40/47 MSE=1.127e-05 pass=100.0% K=72.0 denseK=72.0 countMAE=0.00 lr=group_0:2.0e-04
Epoch 035/128 proposal [========================] 47/47 MSE=1.071e-05 pass=100.0% K=72.0 denseK=72.0 countMAE=0.00 lr=group_0:2.0e-04
  validation [=.......................] 1/16 
  validation [===============.........] 10/16 
  validation [========================] 16/16 
Epoch 035 phase=proposal lr=group_0:2.0e-04 val dense=99.8% deployment=99.8% worst-source=98.0% qualification=98.0% MSE=1.087e-05 K=72.00 mass=30.47 beta=0.31 soft_cost=0.9898 selection_score=-0.9898 complexity=0.00->0.00 safety=0+0.00sigma scale=1.00->1.00 pass_reference_only=98.0%
  Proposal train geometry: coverage_MAE=2.6893e-03, ordered_assignment_MAE=2.6893e-03, matched_K=34.65, R@.005/.01/.02=0.876/0.998/1.000, parameter_bias=7.046e-03
  Synthetic K=56: n=46, dense=100.0%, deployment=100.0%
  Synthetic: dense=100.0%, deployment=100.0%, MSE=1.241e-05, K=72.00, targetK=31.74, count_MAE=40.26, bias=+40.26, knot_F1@0.01=0.610, param_RMSE=1.917e-02
  uji_pen_characters_v2: dense=100.0%, deployment=100.0%, MSE=4.188e-06, K=72.00
  natural_earth_10m_coastline: dense=98.0%, deployment=98.0%, MSE=1.516e-05, K=72.00
  usgs_tnm_contours_large_scale: dense=100.0%, deployment=100.0%, MSE=9.138e-06, K=72.00
  industrial_model_offset_curves: dense=100.0%, deployment=100.0%, MSE=5.396e-06, K=72.00
Epoch 036/128 proposal [........................] 1/47 MSE=1.259e-05 pass=100.0% K=72.0 denseK=72.0 countMAE=0.00 lr=group_0:2.0e-04
Epoch 036/128 proposal [=====...................] 10/47 MSE=1.353e-05 pass=100.0% K=72.0 denseK=72.0 countMAE=0.00 lr=group_0:2.0e-04
Epoch 036/128 proposal [==========..............] 20/47 MSE=9.052e-06 pass=100.0% K=72.0 denseK=72.0 countMAE=0.00 lr=group_0:2.0e-04
Epoch 036/128 proposal [===============.........] 30/47 MSE=1.210e-05 pass=100.0% K=72.0 denseK=72.0 countMAE=0.00 lr=group_0:2.0e-04
Epoch 036/128 proposal [====================....] 40/47 MSE=1.472e-05 pass=100.0% K=72.0 denseK=72.0 countMAE=0.00 lr=group_0:2.0e-04
Epoch 036/128 proposal [========================] 47/47 MSE=1.654e-05 pass=100.0% K=72.0 denseK=72.0 countMAE=0.00 lr=group_0:2.0e-04
  validation [=.......................] 1/16 
  validation [===============.........] 10/16 
  validation [========================] 16/16 
Epoch 036 phase=proposal lr=group_0:2.0e-04 val dense=99.8% deployment=99.8% worst-source=98.0% qualification=98.0% MSE=1.079e-05 K=72.00 mass=30.48 beta=0.31 soft_cost=0.9898 selection_score=-0.9898 complexity=0.00->0.00 safety=0+0.00sigma scale=1.00->1.00 pass_reference_only=98.0%
  Proposal train geometry: coverage_MAE=2.6724e-03, ordered_assignment_MAE=2.6724e-03, matched_K=35.02, R@.005/.01/.02=0.879/0.998/1.000, parameter_bias=7.050e-03
  Synthetic K=56: n=46, dense=100.0%, deployment=100.0%
  Synthetic: dense=100.0%, deployment=100.0%, MSE=1.240e-05, K=72.00, targetK=31.74, count_MAE=40.26, bias=+40.26, knot_F1@0.01=0.610, param_RMSE=1.913e-02
  uji_pen_characters_v2: dense=100.0%, deployment=100.0%, MSE=4.261e-06, K=72.00
  natural_earth_10m_coastline: dense=98.0%, deployment=98.0%, MSE=1.475e-05, K=72.00
  usgs_tnm_contours_large_scale: dense=100.0%, deployment=100.0%, MSE=8.828e-06, K=72.00
  industrial_model_offset_curves: dense=100.0%, deployment=100.0%, MSE=5.277e-06, K=72.00
Epoch 037/128 proposal [........................] 1/47 MSE=1.109e-05 pass=100.0% K=72.0 denseK=72.0 countMAE=0.00 lr=group_0:2.0e-04
Epoch 037/128 proposal [=====...................] 10/47 MSE=1.300e-05 pass=100.0% K=72.0 denseK=72.0 countMAE=0.00 lr=group_0:2.0e-04
Epoch 037/128 proposal [==========..............] 20/47 MSE=1.508e-05 pass=100.0% K=72.0 denseK=72.0 countMAE=0.00 lr=group_0:2.0e-04
Epoch 037/128 proposal [===============.........] 30/47 MSE=1.040e-05 pass=100.0% K=72.0 denseK=72.0 countMAE=0.00 lr=group_0:2.0e-04
Epoch 037/128 proposal [====================....] 40/47 MSE=1.256e-05 pass=100.0% K=72.0 denseK=72.0 countMAE=0.00 lr=group_0:2.0e-04
Epoch 037/128 proposal [========================] 47/47 MSE=1.129e-05 pass=100.0% K=72.0 denseK=72.0 countMAE=0.00 lr=group_0:2.0e-04
  validation [=.......................] 1/16 
  validation [===============.........] 10/16 
  validation [========================] 16/16 
Epoch 037 phase=proposal lr=group_0:2.0e-04 val dense=99.8% deployment=99.8% worst-source=98.0% qualification=98.0% MSE=1.035e-05 K=72.00 mass=30.48 beta=0.31 soft_cost=0.9897 selection_score=-0.9897 complexity=0.00->0.00 safety=0+0.00sigma scale=1.00->1.00 pass_reference_only=98.0%
  Proposal train geometry: coverage_MAE=2.6705e-03, ordered_assignment_MAE=2.6705e-03, matched_K=34.63, R@.005/.01/.02=0.879/0.998/1.000, parameter_bias=7.096e-03
  Synthetic K=56: n=46, dense=100.0%, deployment=100.0%
  Synthetic: dense=100.0%, deployment=100.0%, MSE=1.167e-05, K=72.00, targetK=31.74, count_MAE=40.26, bias=+40.26, knot_F1@0.01=0.610, param_RMSE=1.919e-02
  uji_pen_characters_v2: dense=100.0%, deployment=100.0%, MSE=4.153e-06, K=72.00
  natural_earth_10m_coastline: dense=98.0%, deployment=98.0%, MSE=1.459e-05, K=72.00
  usgs_tnm_contours_large_scale: dense=100.0%, deployment=100.0%, MSE=8.902e-06, K=72.00
  industrial_model_offset_curves: dense=100.0%, deployment=100.0%, MSE=5.449e-06, K=72.00
Epoch 038/128 proposal [........................] 1/47 MSE=1.344e-05 pass=100.0% K=72.0 denseK=72.0 countMAE=0.00 lr=group_0:2.0e-04
Epoch 038/128 proposal [=====...................] 10/47 MSE=1.433e-05 pass=100.0% K=72.0 denseK=72.0 countMAE=0.00 lr=group_0:2.0e-04
Epoch 038/128 proposal [==========..............] 20/47 MSE=1.202e-05 pass=100.0% K=72.0 denseK=72.0 countMAE=0.00 lr=group_0:2.0e-04
Epoch 038/128 proposal [===============.........] 30/47 MSE=1.423e-05 pass=100.0% K=72.0 denseK=72.0 countMAE=0.00 lr=group_0:2.0e-04
Epoch 038/128 proposal [====================....] 40/47 MSE=1.291e-05 pass=100.0% K=72.0 denseK=72.0 countMAE=0.00 lr=group_0:2.0e-04
Epoch 038/128 proposal [========================] 47/47 MSE=1.230e-05 pass=100.0% K=72.0 denseK=72.0 countMAE=0.00 lr=group_0:2.0e-04
  validation [=.......................] 1/16 
  validation [===============.........] 10/16 
  validation [========================] 16/16 
Epoch 038 phase=proposal lr=group_0:2.0e-04 val dense=99.8% deployment=99.8% worst-source=98.0% qualification=98.0% MSE=1.077e-05 K=72.00 mass=30.45 beta=0.31 soft_cost=0.9896 selection_score=-0.9896 complexity=0.00->0.00 safety=0+0.00sigma scale=1.00->1.00 pass_reference_only=98.0%
  Proposal train geometry: coverage_MAE=2.6272e-03, ordered_assignment_MAE=2.6272e-03, matched_K=34.87, R@.005/.01/.02=0.884/0.998/1.000, parameter_bias=7.097e-03
  Synthetic K=56: n=46, dense=100.0%, deployment=100.0%
  Synthetic: dense=100.0%, deployment=100.0%, MSE=1.227e-05, K=72.00, targetK=31.74, count_MAE=40.26, bias=+40.26, knot_F1@0.01=0.609, param_RMSE=1.933e-02
  uji_pen_characters_v2: dense=100.0%, deployment=100.0%, MSE=4.290e-06, K=72.00
  natural_earth_10m_coastline: dense=98.0%, deployment=98.0%, MSE=1.529e-05, K=72.00
  usgs_tnm_contours_large_scale: dense=100.0%, deployment=100.0%, MSE=8.963e-06, K=72.00
  industrial_model_offset_curves: dense=100.0%, deployment=100.0%, MSE=5.161e-06, K=72.00
Epoch 039/128 proposal [........................] 1/47 MSE=1.220e-05 pass=100.0% K=72.0 denseK=72.0 countMAE=0.00 lr=group_0:2.0e-04
Epoch 039/128 proposal [=====...................] 10/47 MSE=1.302e-05 pass=100.0% K=72.0 denseK=72.0 countMAE=0.00 lr=group_0:2.0e-04
Epoch 039/128 proposal [==========..............] 20/47 MSE=1.213e-05 pass=100.0% K=72.0 denseK=72.0 countMAE=0.00 lr=group_0:2.0e-04
Epoch 039/128 proposal [===============.........] 30/47 MSE=1.509e-05 pass=100.0% K=72.0 denseK=72.0 countMAE=0.00 lr=group_0:2.0e-04
Epoch 039/128 proposal [====================....] 40/47 MSE=1.065e-05 pass=100.0% K=72.0 denseK=72.0 countMAE=0.00 lr=group_0:2.0e-04
Epoch 039/128 proposal [========================] 47/47 MSE=1.129e-05 pass=100.0% K=72.0 denseK=72.0 countMAE=0.00 lr=group_0:2.0e-04
  validation [=.......................] 1/16 
  validation [===============.........] 10/16 
  validation [========================] 16/16 
Epoch 039 phase=proposal lr=group_0:2.0e-04 val dense=99.8% deployment=99.8% worst-source=98.0% qualification=98.0% MSE=1.051e-05 K=72.00 mass=30.49 beta=0.31 soft_cost=0.9897 selection_score=-0.9897 complexity=0.00->0.00 safety=0+0.00sigma scale=1.00->1.00 pass_reference_only=98.0%
  Proposal train geometry: coverage_MAE=2.6445e-03, ordered_assignment_MAE=2.6445e-03, matched_K=34.90, R@.005/.01/.02=0.881/0.998/1.000, parameter_bias=6.972e-03
  Synthetic K=56: n=46, dense=100.0%, deployment=100.0%
  Synthetic: dense=100.0%, deployment=100.0%, MSE=1.178e-05, K=72.00, targetK=31.74, count_MAE=40.26, bias=+40.26, knot_F1@0.01=0.610, param_RMSE=1.913e-02
  uji_pen_characters_v2: dense=100.0%, deployment=100.0%, MSE=4.498e-06, K=72.00
  natural_earth_10m_coastline: dense=98.0%, deployment=98.0%, MSE=1.485e-05, K=72.00
  usgs_tnm_contours_large_scale: dense=100.0%, deployment=100.0%, MSE=9.208e-06, K=72.00
  industrial_model_offset_curves: dense=100.0%, deployment=100.0%, MSE=5.495e-06, K=72.00
Epoch 040/128 proposal [........................] 1/47 MSE=1.399e-05 pass=100.0% K=72.0 denseK=72.0 countMAE=0.00 lr=group_0:2.0e-04
Epoch 040/128 proposal [=====...................] 10/47 MSE=1.253e-05 pass=100.0% K=72.0 denseK=72.0 countMAE=0.00 lr=group_0:2.0e-04
Epoch 040/128 proposal [==========..............] 20/47 MSE=1.028e-05 pass=100.0% K=72.0 denseK=72.0 countMAE=0.00 lr=group_0:2.0e-04
Epoch 040/128 proposal [===============.........] 30/47 MSE=9.984e-06 pass=100.0% K=72.0 denseK=72.0 countMAE=0.00 lr=group_0:2.0e-04
Epoch 040/128 proposal [====================....] 40/47 MSE=1.440e-05 pass=100.0% K=72.0 denseK=72.0 countMAE=0.00 lr=group_0:2.0e-04
Epoch 040/128 proposal [========================] 47/47 MSE=1.192e-05 pass=100.0% K=72.0 denseK=72.0 countMAE=0.00 lr=group_0:2.0e-04
  validation [=.......................] 1/16 
  validation [===============.........] 10/16 
  validation [========================] 16/16 
Epoch 040 phase=proposal lr=group_0:2.0e-04 val dense=99.8% deployment=99.8% worst-source=98.0% qualification=98.0% MSE=1.054e-05 K=72.00 mass=30.48 beta=0.31 soft_cost=0.9897 selection_score=-0.9897 complexity=0.00->0.00 safety=0+0.00sigma scale=1.00->1.00 pass_reference_only=98.0%
  Proposal train geometry: coverage_MAE=2.6348e-03, ordered_assignment_MAE=2.6348e-03, matched_K=34.88, R@.005/.01/.02=0.885/0.998/1.000, parameter_bias=6.948e-03
  Synthetic K=56: n=46, dense=100.0%, deployment=100.0%
  Synthetic: dense=100.0%, deployment=100.0%, MSE=1.166e-05, K=72.00, targetK=31.74, count_MAE=40.26, bias=+40.26, knot_F1@0.01=0.610, param_RMSE=1.905e-02
  uji_pen_characters_v2: dense=100.0%, deployment=100.0%, MSE=4.511e-06, K=72.00
  natural_earth_10m_coastline: dense=98.0%, deployment=98.0%, MSE=1.514e-05, K=72.00
  usgs_tnm_contours_large_scale: dense=100.0%, deployment=100.0%, MSE=9.324e-06, K=72.00
  industrial_model_offset_curves: dense=100.0%, deployment=100.0%, MSE=6.154e-06, K=72.00
Epoch 041/128 proposal [........................] 1/47 MSE=1.358e-05 pass=100.0% K=72.0 denseK=72.0 countMAE=0.00 lr=group_0:2.0e-04
Epoch 041/128 proposal [=====...................] 10/47 MSE=1.525e-05 pass=100.0% K=72.0 denseK=72.0 countMAE=0.00 lr=group_0:2.0e-04
Epoch 041/128 proposal [==========..............] 20/47 MSE=1.254e-05 pass=100.0% K=72.0 denseK=72.0 countMAE=0.00 lr=group_0:2.0e-04
Epoch 041/128 proposal [===============.........] 30/47 MSE=1.152e-05 pass=100.0% K=72.0 denseK=72.0 countMAE=0.00 lr=group_0:2.0e-04
Epoch 041/128 proposal [====================....] 40/47 MSE=1.447e-05 pass=100.0% K=72.0 denseK=72.0 countMAE=0.00 lr=group_0:2.0e-04
Epoch 041/128 proposal [========================] 47/47 MSE=1.262e-05 pass=100.0% K=72.0 denseK=72.0 countMAE=0.00 lr=group_0:2.0e-04
  validation [=.......................] 1/16 
  validation [===============.........] 10/16 
  validation [========================] 16/16 
Epoch 041 phase=proposal lr=group_0:2.0e-04 val dense=99.8% deployment=99.8% worst-source=98.0% qualification=98.0% MSE=1.065e-05 K=72.00 mass=30.49 beta=0.31 soft_cost=0.9898 selection_score=-0.9898 complexity=0.00->0.00 safety=0+0.00sigma scale=1.00->1.00 pass_reference_only=98.0%
  Proposal train geometry: coverage_MAE=2.6140e-03, ordered_assignment_MAE=2.6140e-03, matched_K=34.70, R@.005/.01/.02=0.887/0.998/1.000, parameter_bias=6.932e-03
  Synthetic K=56: n=46, dense=100.0%, deployment=100.0%
  Synthetic: dense=100.0%, deployment=100.0%, MSE=1.166e-05, K=72.00, targetK=31.74, count_MAE=40.26, bias=+40.26, knot_F1@0.01=0.610, param_RMSE=1.943e-02
  uji_pen_characters_v2: dense=100.0%, deployment=100.0%, MSE=4.777e-06, K=72.00
  natural_earth_10m_coastline: dense=98.0%, deployment=98.0%, MSE=1.591e-05, K=72.00
  usgs_tnm_contours_large_scale: dense=100.0%, deployment=100.0%, MSE=9.693e-06, K=72.00
  industrial_model_offset_curves: dense=100.0%, deployment=100.0%, MSE=5.839e-06, K=72.00
Epoch 042/128 proposal [........................] 1/47 MSE=1.199e-05 pass=100.0% K=72.0 denseK=72.0 countMAE=0.00 lr=group_0:2.0e-04
Epoch 042/128 proposal [=====...................] 10/47 MSE=1.525e-05 pass=100.0% K=72.0 denseK=72.0 countMAE=0.00 lr=group_0:2.0e-04
Epoch 042/128 proposal [==========..............] 20/47 MSE=1.125e-05 pass=100.0% K=72.0 denseK=72.0 countMAE=0.00 lr=group_0:2.0e-04
Epoch 042/128 proposal [===============.........] 30/47 MSE=1.292e-05 pass=100.0% K=72.0 denseK=72.0 countMAE=0.00 lr=group_0:2.0e-04
Epoch 042/128 proposal [====================....] 40/47 MSE=1.321e-05 pass=100.0% K=72.0 denseK=72.0 countMAE=0.00 lr=group_0:2.0e-04
Epoch 042/128 proposal [========================] 47/47 MSE=1.281e-05 pass=100.0% K=72.0 denseK=72.0 countMAE=0.00 lr=group_0:2.0e-04
  validation [=.......................] 1/16 
  validation [===============.........] 10/16 
  validation [========================] 16/16 
Epoch 042 phase=proposal lr=group_0:2.0e-04 val dense=99.8% deployment=99.8% worst-source=98.0% qualification=98.0% MSE=9.872e-06 K=72.00 mass=30.49 beta=0.31 soft_cost=0.9896 selection_score=-0.9896 complexity=0.00->0.00 safety=0+0.00sigma scale=1.00->1.00 pass_reference_only=98.0%
  Proposal train geometry: coverage_MAE=2.5899e-03, ordered_assignment_MAE=2.5899e-03, matched_K=35.03, R@.005/.01/.02=0.891/0.998/1.000, parameter_bias=6.671e-03
  Synthetic K=56: n=46, dense=100.0%, deployment=100.0%
  Synthetic: dense=100.0%, deployment=100.0%, MSE=1.079e-05, K=72.00, targetK=31.74, count_MAE=40.26, bias=+40.26, knot_F1@0.01=0.610, param_RMSE=1.958e-02
  uji_pen_characters_v2: dense=100.0%, deployment=100.0%, MSE=4.052e-06, K=72.00
  natural_earth_10m_coastline: dense=98.0%, deployment=98.0%, MSE=1.505e-05, K=72.00
  usgs_tnm_contours_large_scale: dense=100.0%, deployment=100.0%, MSE=8.811e-06, K=72.00
  industrial_model_offset_curves: dense=100.0%, deployment=100.0%, MSE=5.814e-06, K=72.00
Epoch 043/128 proposal [........................] 1/47 MSE=9.697e-06 pass=100.0% K=72.0 denseK=72.0 countMAE=0.00 lr=group_0:2.0e-04
Epoch 043/128 proposal [=====...................] 10/47 MSE=1.304e-05 pass=100.0% K=72.0 denseK=72.0 countMAE=0.00 lr=group_0:2.0e-04
Epoch 043/128 proposal [==========..............] 20/47 MSE=1.192e-05 pass=100.0% K=72.0 denseK=72.0 countMAE=0.00 lr=group_0:2.0e-04
Epoch 043/128 proposal [===============.........] 30/47 MSE=1.349e-05 pass=100.0% K=72.0 denseK=72.0 countMAE=0.00 lr=group_0:2.0e-04
Epoch 043/128 proposal [====================....] 40/47 MSE=1.061e-05 pass=100.0% K=72.0 denseK=72.0 countMAE=0.00 lr=group_0:2.0e-04
Epoch 043/128 proposal [========================] 47/47 MSE=1.150e-05 pass=100.0% K=72.0 denseK=72.0 countMAE=0.00 lr=group_0:2.0e-04
  validation [=.......................] 1/16 
  validation [===============.........] 10/16 
  validation [========================] 16/16 
Epoch 043 phase=proposal lr=group_0:2.0e-04 val dense=99.8% deployment=99.8% worst-source=98.0% qualification=98.0% MSE=1.028e-05 K=72.00 mass=30.56 beta=0.30 soft_cost=0.9897 selection_score=-0.9897 complexity=0.00->0.00 safety=0+0.00sigma scale=1.00->1.00 pass_reference_only=98.0%
  Proposal train geometry: coverage_MAE=2.5843e-03, ordered_assignment_MAE=2.5844e-03, matched_K=34.75, R@.005/.01/.02=0.891/0.998/1.000, parameter_bias=7.086e-03
  Synthetic K=56: n=46, dense=100.0%, deployment=100.0%
  Synthetic: dense=100.0%, deployment=100.0%, MSE=1.109e-05, K=72.00, targetK=31.74, count_MAE=40.26, bias=+40.26, knot_F1@0.01=0.611, param_RMSE=1.910e-02
  uji_pen_characters_v2: dense=100.0%, deployment=100.0%, MSE=4.674e-06, K=72.00
  natural_earth_10m_coastline: dense=98.0%, deployment=98.0%, MSE=1.572e-05, K=72.00
  usgs_tnm_contours_large_scale: dense=100.0%, deployment=100.0%, MSE=9.447e-06, K=72.00
  industrial_model_offset_curves: dense=100.0%, deployment=100.0%, MSE=6.144e-06, K=72.00
Epoch 044/128 proposal [........................] 1/47 MSE=1.169e-05 pass=100.0% K=72.0 denseK=72.0 countMAE=0.00 lr=group_0:2.0e-04
Epoch 044/128 proposal [=====...................] 10/47 MSE=1.197e-05 pass=100.0% K=72.0 denseK=72.0 countMAE=0.00 lr=group_0:2.0e-04
Epoch 044/128 proposal [==========..............] 20/47 MSE=1.387e-05 pass=100.0% K=72.0 denseK=72.0 countMAE=0.00 lr=group_0:2.0e-04
Epoch 044/128 proposal [===============.........] 30/47 MSE=1.209e-05 pass=100.0% K=72.0 denseK=72.0 countMAE=0.00 lr=group_0:2.0e-04
Epoch 044/128 proposal [====================....] 40/47 MSE=1.098e-05 pass=100.0% K=72.0 denseK=72.0 countMAE=0.00 lr=group_0:2.0e-04
Epoch 044/128 proposal [========================] 47/47 MSE=1.189e-05 pass=100.0% K=72.0 denseK=72.0 countMAE=0.00 lr=group_0:2.0e-04
  validation [=.......................] 1/16 
  validation [===============.........] 10/16 
  validation [========================] 16/16 
Epoch 044 phase=proposal lr=group_0:2.0e-04 val dense=99.8% deployment=99.8% worst-source=98.0% qualification=98.0% MSE=9.870e-06 K=72.00 mass=30.53 beta=0.31 soft_cost=0.9896 selection_score=-0.9896 complexity=0.00->0.00 safety=0+0.00sigma scale=1.00->1.00 pass_reference_only=98.0%
  Proposal train geometry: coverage_MAE=2.5743e-03, ordered_assignment_MAE=2.5743e-03, matched_K=34.84, R@.005/.01/.02=0.891/0.998/1.000, parameter_bias=6.877e-03
  Synthetic K=56: n=46, dense=100.0%, deployment=100.0%
  Synthetic: dense=100.0%, deployment=100.0%, MSE=1.068e-05, K=72.00, targetK=31.74, count_MAE=40.26, bias=+40.26, knot_F1@0.01=0.610, param_RMSE=1.933e-02
  uji_pen_characters_v2: dense=100.0%, deployment=100.0%, MSE=4.447e-06, K=72.00
  natural_earth_10m_coastline: dense=98.0%, deployment=98.0%, MSE=1.531e-05, K=72.00
  usgs_tnm_contours_large_scale: dense=100.0%, deployment=100.0%, MSE=9.094e-06, K=72.00
  industrial_model_offset_curves: dense=100.0%, deployment=100.0%, MSE=5.430e-06, K=72.00
Epoch 045/128 proposal [........................] 1/47 MSE=1.294e-05 pass=100.0% K=72.0 denseK=72.0 countMAE=0.00 lr=group_0:2.0e-04
Epoch 045/128 proposal [=====...................] 10/47 MSE=1.291e-05 pass=100.0% K=72.0 denseK=72.0 countMAE=0.00 lr=group_0:2.0e-04
Epoch 045/128 proposal [==========..............] 20/47 MSE=1.076e-05 pass=100.0% K=72.0 denseK=72.0 countMAE=0.00 lr=group_0:2.0e-04
Epoch 045/128 proposal [===============.........] 30/47 MSE=1.356e-05 pass=100.0% K=72.0 denseK=72.0 countMAE=0.00 lr=group_0:2.0e-04
Epoch 045/128 proposal [====================....] 40/47 MSE=9.912e-06 pass=100.0% K=72.0 denseK=72.0 countMAE=0.00 lr=group_0:2.0e-04
Epoch 045/128 proposal [========================] 47/47 MSE=1.205e-05 pass=100.0% K=72.0 denseK=72.0 countMAE=0.00 lr=group_0:2.0e-04
  validation [=.......................] 1/16 
  validation [===============.........] 10/16 
  validation [========================] 16/16 
Epoch 045 phase=proposal lr=group_0:2.0e-04 val dense=99.8% deployment=99.8% worst-source=98.0% qualification=98.0% MSE=9.961e-06 K=72.00 mass=30.54 beta=0.31 soft_cost=0.9896 selection_score=-0.9896 complexity=0.00->0.00 safety=0+0.00sigma scale=1.00->1.00 pass_reference_only=98.0%
  Proposal train geometry: coverage_MAE=2.5773e-03, ordered_assignment_MAE=2.5774e-03, matched_K=34.54, R@.005/.01/.02=0.893/0.998/1.000, parameter_bias=6.938e-03
  Synthetic K=56: n=46, dense=100.0%, deployment=100.0%
  Synthetic: dense=100.0%, deployment=100.0%, MSE=1.086e-05, K=72.00, targetK=31.74, count_MAE=40.26, bias=+40.26, knot_F1@0.01=0.611, param_RMSE=1.930e-02
  uji_pen_characters_v2: dense=100.0%, deployment=100.0%, MSE=4.525e-06, K=72.00
  natural_earth_10m_coastline: dense=98.0%, deployment=98.0%, MSE=1.501e-05, K=72.00
  usgs_tnm_contours_large_scale: dense=100.0%, deployment=100.0%, MSE=9.052e-06, K=72.00
  industrial_model_offset_curves: dense=100.0%, deployment=100.0%, MSE=5.576e-06, K=72.00
Epoch 046/128 proposal [........................] 1/47 MSE=1.158e-05 pass=100.0% K=72.0 denseK=72.0 countMAE=0.00 lr=group_0:2.0e-04
Epoch 046/128 proposal [=====...................] 10/47 MSE=1.078e-05 pass=100.0% K=72.0 denseK=72.0 countMAE=0.00 lr=group_0:2.0e-04
Epoch 046/128 proposal [==========..............] 20/47 MSE=1.143e-05 pass=100.0% K=72.0 denseK=72.0 countMAE=0.00 lr=group_0:2.0e-04
Epoch 046/128 proposal [===============.........] 30/47 MSE=1.140e-05 pass=100.0% K=72.0 denseK=72.0 countMAE=0.00 lr=group_0:2.0e-04
Epoch 046/128 proposal [====================....] 40/47 MSE=1.179e-05 pass=100.0% K=72.0 denseK=72.0 countMAE=0.00 lr=group_0:2.0e-04
Epoch 046/128 proposal [========================] 47/47 MSE=1.139e-05 pass=100.0% K=72.0 denseK=72.0 countMAE=0.00 lr=group_0:2.0e-04
  validation [=.......................] 1/16 
  validation [===============.........] 10/16 
  validation [========================] 16/16 
Epoch 046 phase=proposal lr=group_0:2.0e-04 val dense=99.8% deployment=99.8% worst-source=98.0% qualification=98.0% MSE=1.010e-05 K=72.00 mass=30.51 beta=0.31 soft_cost=0.9898 selection_score=-0.9898 complexity=0.00->0.00 safety=0+0.00sigma scale=1.00->1.00 pass_reference_only=98.0%
  Proposal train geometry: coverage_MAE=2.5592e-03, ordered_assignment_MAE=2.5593e-03, matched_K=34.71, R@.005/.01/.02=0.894/0.998/1.000, parameter_bias=6.894e-03
  Synthetic K=56: n=46, dense=100.0%, deployment=100.0%
  Synthetic: dense=100.0%, deployment=100.0%, MSE=1.075e-05, K=72.00, targetK=31.74, count_MAE=40.26, bias=+40.26, knot_F1@0.01=0.610, param_RMSE=1.976e-02
  uji_pen_characters_v2: dense=100.0%, deployment=100.0%, MSE=4.736e-06, K=72.00
  natural_earth_10m_coastline: dense=98.0%, deployment=98.0%, MSE=1.605e-05, K=72.00
  usgs_tnm_contours_large_scale: dense=100.0%, deployment=100.0%, MSE=9.494e-06, K=72.00
  industrial_model_offset_curves: dense=100.0%, deployment=100.0%, MSE=5.933e-06, K=72.00
Epoch 047/128 proposal [........................] 1/47 MSE=1.072e-05 pass=100.0% K=72.0 denseK=72.0 countMAE=0.00 lr=group_0:2.0e-04
Epoch 047/128 proposal [=====...................] 10/47 MSE=1.130e-05 pass=100.0% K=72.0 denseK=72.0 countMAE=0.00 lr=group_0:2.0e-04
Epoch 047/128 proposal [==========..............] 20/47 MSE=1.128e-05 pass=100.0% K=72.0 denseK=72.0 countMAE=0.00 lr=group_0:2.0e-04
Epoch 047/128 proposal [===============.........] 30/47 MSE=1.258e-05 pass=100.0% K=72.0 denseK=72.0 countMAE=0.00 lr=group_0:2.0e-04
Epoch 047/128 proposal [====================....] 40/47 MSE=1.172e-05 pass=100.0% K=72.0 denseK=72.0 countMAE=0.00 lr=group_0:2.0e-04
Epoch 047/128 proposal [========================] 47/47 MSE=1.142e-05 pass=100.0% K=72.0 denseK=72.0 countMAE=0.00 lr=group_0:2.0e-04
  validation [=.......................] 1/16 
  validation [===============.........] 10/16 
  validation [========================] 16/16 
Epoch 047 phase=proposal lr=group_0:2.0e-04 val dense=99.8% deployment=99.8% worst-source=98.0% qualification=98.0% MSE=1.000e-05 K=72.00 mass=30.52 beta=0.31 soft_cost=0.9897 selection_score=-0.9897 complexity=0.00->0.00 safety=0+0.00sigma scale=1.00->1.00 pass_reference_only=98.0%
  Proposal train geometry: coverage_MAE=2.5413e-03, ordered_assignment_MAE=2.5413e-03, matched_K=34.88, R@.005/.01/.02=0.898/0.998/1.000, parameter_bias=6.912e-03
  Synthetic K=56: n=46, dense=100.0%, deployment=100.0%
  Synthetic: dense=100.0%, deployment=100.0%, MSE=1.066e-05, K=72.00, targetK=31.74, count_MAE=40.26, bias=+40.26, knot_F1@0.01=0.610, param_RMSE=1.930e-02
  uji_pen_characters_v2: dense=100.0%, deployment=100.0%, MSE=4.666e-06, K=72.00
  natural_earth_10m_coastline: dense=98.0%, deployment=98.0%, MSE=1.546e-05, K=72.00
  usgs_tnm_contours_large_scale: dense=100.0%, deployment=100.0%, MSE=9.455e-06, K=72.00
  industrial_model_offset_curves: dense=100.0%, deployment=100.0%, MSE=6.223e-06, K=72.00
Epoch 048/128 proposal [........................] 1/47 MSE=1.041e-05 pass=100.0% K=72.0 denseK=72.0 countMAE=0.00 lr=group_0:2.0e-04
Epoch 048/128 proposal [=====...................] 10/47 MSE=1.048e-05 pass=100.0% K=72.0 denseK=72.0 countMAE=0.00 lr=group_0:2.0e-04
Epoch 048/128 proposal [==========..............] 20/47 MSE=1.050e-05 pass=100.0% K=72.0 denseK=72.0 countMAE=0.00 lr=group_0:2.0e-04
Epoch 048/128 proposal [===============.........] 30/47 MSE=1.246e-05 pass=100.0% K=72.0 denseK=72.0 countMAE=0.00 lr=group_0:2.0e-04
Epoch 048/128 proposal [====================....] 40/47 MSE=1.190e-05 pass=100.0% K=72.0 denseK=72.0 countMAE=0.00 lr=group_0:2.0e-04
Epoch 048/128 proposal [========================] 47/47 MSE=9.807e-06 pass=100.0% K=72.0 denseK=72.0 countMAE=0.00 lr=group_0:2.0e-04
  validation [=.......................] 1/16 
  validation [===============.........] 10/16 
  validation [========================] 16/16 
Epoch 048 phase=proposal lr=group_0:2.0e-04 val dense=99.8% deployment=99.8% worst-source=98.0% qualification=98.0% MSE=1.003e-05 K=72.00 mass=30.55 beta=0.30 soft_cost=0.9898 selection_score=-0.9898 complexity=0.00->0.00 safety=0+0.00sigma scale=1.00->1.00 pass_reference_only=98.0%
  Proposal train geometry: coverage_MAE=2.5326e-03, ordered_assignment_MAE=2.5327e-03, matched_K=34.77, R@.005/.01/.02=0.898/0.998/1.000, parameter_bias=6.890e-03
  Synthetic K=56: n=46, dense=100.0%, deployment=100.0%
  Synthetic: dense=100.0%, deployment=100.0%, MSE=1.051e-05, K=72.00, targetK=31.74, count_MAE=40.26, bias=+40.26, knot_F1@0.01=0.610, param_RMSE=1.907e-02
  uji_pen_characters_v2: dense=100.0%, deployment=100.0%, MSE=4.953e-06, K=72.00
  natural_earth_10m_coastline: dense=98.0%, deployment=98.0%, MSE=1.606e-05, K=72.00
  usgs_tnm_contours_large_scale: dense=100.0%, deployment=100.0%, MSE=9.637e-06, K=72.00
  industrial_model_offset_curves: dense=100.0%, deployment=100.0%, MSE=6.309e-06, K=72.00
Epoch 049/128 proposal [........................] 1/47 MSE=1.092e-05 pass=100.0% K=72.0 denseK=72.0 countMAE=0.00 lr=group_0:2.0e-04
Epoch 049/128 proposal [=====...................] 10/47 MSE=1.122e-05 pass=100.0% K=72.0 denseK=72.0 countMAE=0.00 lr=group_0:2.0e-04
Epoch 049/128 proposal [==========..............] 20/47 MSE=9.140e-06 pass=100.0% K=72.0 denseK=72.0 countMAE=0.00 lr=group_0:2.0e-04
Epoch 049/128 proposal [===============.........] 30/47 MSE=9.829e-06 pass=100.0% K=72.0 denseK=72.0 countMAE=0.00 lr=group_0:2.0e-04
Epoch 049/128 proposal [====================....] 40/47 MSE=1.049e-05 pass=100.0% K=72.0 denseK=72.0 countMAE=0.00 lr=group_0:2.0e-04
Epoch 049/128 proposal [========================] 47/47 MSE=8.700e-06 pass=100.0% K=72.0 denseK=72.0 countMAE=0.00 lr=group_0:2.0e-04
  validation [=.......................] 1/16 
  validation [===============.........] 10/16 
  validation [========================] 16/16 
Epoch 049 phase=proposal lr=group_0:2.0e-04 val dense=99.8% deployment=99.8% worst-source=98.0% qualification=98.0% MSE=1.000e-05 K=72.00 mass=30.55 beta=0.31 soft_cost=0.9897 selection_score=-0.9897 complexity=0.00->0.00 safety=0+0.00sigma scale=1.00->1.00 pass_reference_only=98.0%
  Proposal train geometry: coverage_MAE=2.5259e-03, ordered_assignment_MAE=2.5259e-03, matched_K=34.82, R@.005/.01/.02=0.899/0.998/1.000, parameter_bias=6.865e-03
  Synthetic K=56: n=46, dense=100.0%, deployment=100.0%
  Synthetic: dense=100.0%, deployment=100.0%, MSE=1.059e-05, K=72.00, targetK=31.74, count_MAE=40.26, bias=+40.26, knot_F1@0.01=0.610, param_RMSE=1.891e-02
  uji_pen_characters_v2: dense=100.0%, deployment=100.0%, MSE=4.524e-06, K=72.00
  natural_earth_10m_coastline: dense=98.0%, deployment=98.0%, MSE=1.550e-05, K=72.00
  usgs_tnm_contours_large_scale: dense=100.0%, deployment=100.0%, MSE=9.735e-06, K=72.00
  industrial_model_offset_curves: dense=100.0%, deployment=100.0%, MSE=6.485e-06, K=72.00
Epoch 050/128 proposal [........................] 1/47 MSE=9.352e-06 pass=100.0% K=72.0 denseK=72.0 countMAE=0.00 lr=group_0:2.0e-04
Epoch 050/128 proposal [=====...................] 10/47 MSE=1.236e-05 pass=100.0% K=72.0 denseK=72.0 countMAE=0.00 lr=group_0:2.0e-04
Epoch 050/128 proposal [==========..............] 20/47 MSE=9.162e-06 pass=100.0% K=72.0 denseK=72.0 countMAE=0.00 lr=group_0:2.0e-04
Epoch 050/128 proposal [===============.........] 30/47 MSE=1.123e-05 pass=100.0% K=72.0 denseK=72.0 countMAE=0.00 lr=group_0:2.0e-04
Epoch 050/128 proposal [====================....] 40/47 MSE=1.062e-05 pass=100.0% K=72.0 denseK=72.0 countMAE=0.00 lr=group_0:2.0e-04
Epoch 050/128 proposal [========================] 47/47 MSE=1.078e-05 pass=100.0% K=72.0 denseK=72.0 countMAE=0.00 lr=group_0:2.0e-04
  validation [=.......................] 1/16 
  validation [===============.........] 10/16 
  validation [========================] 16/16 
Epoch 050 phase=proposal lr=group_0:2.0e-04 val dense=99.8% deployment=99.8% worst-source=98.0% qualification=98.0% MSE=9.907e-06 K=72.00 mass=30.54 beta=0.31 soft_cost=0.9897 selection_score=-0.9897 complexity=0.00->0.00 safety=0+0.00sigma scale=1.00->1.00 pass_reference_only=98.0%
  Proposal train geometry: coverage_MAE=2.5204e-03, ordered_assignment_MAE=2.5204e-03, matched_K=34.49, R@.005/.01/.02=0.898/0.998/1.000, parameter_bias=7.068e-03
  Synthetic K=56: n=46, dense=100.0%, deployment=100.0%
  Synthetic: dense=100.0%, deployment=100.0%, MSE=1.014e-05, K=72.00, targetK=31.74, count_MAE=40.26, bias=+40.26, knot_F1@0.01=0.610, param_RMSE=1.960e-02
  uji_pen_characters_v2: dense=100.0%, deployment=100.0%, MSE=5.270e-06, K=72.00
  natural_earth_10m_coastline: dense=98.0%, deployment=98.0%, MSE=1.660e-05, K=72.00
  usgs_tnm_contours_large_scale: dense=100.0%, deployment=100.0%, MSE=9.773e-06, K=72.00
  industrial_model_offset_curves: dense=100.0%, deployment=100.0%, MSE=6.321e-06, K=72.00
Epoch 051/128 proposal [........................] 1/47 MSE=1.255e-05 pass=100.0% K=72.0 denseK=72.0 countMAE=0.00 lr=group_0:2.0e-04
Epoch 051/128 proposal [=====...................] 10/47 MSE=1.140e-05 pass=100.0% K=72.0 denseK=72.0 countMAE=0.00 lr=group_0:2.0e-04
Epoch 051/128 proposal [==========..............] 20/47 MSE=1.053e-05 pass=100.0% K=72.0 denseK=72.0 countMAE=0.00 lr=group_0:2.0e-04
Epoch 051/128 proposal [===============.........] 30/47 MSE=1.178e-05 pass=100.0% K=72.0 denseK=72.0 countMAE=0.00 lr=group_0:2.0e-04
Epoch 051/128 proposal [====================....] 40/47 MSE=1.006e-05 pass=100.0% K=72.0 denseK=72.0 countMAE=0.00 lr=group_0:2.0e-04
Epoch 051/128 proposal [========================] 47/47 MSE=9.438e-06 pass=100.0% K=72.0 denseK=72.0 countMAE=0.00 lr=group_0:2.0e-04
  validation [=.......................] 1/16 
  validation [===============.........] 10/16 
  validation [========================] 16/16 
Epoch 051 phase=proposal lr=group_0:2.0e-04 val dense=99.8% deployment=99.8% worst-source=98.0% qualification=98.0% MSE=1.014e-05 K=72.00 mass=30.53 beta=0.31 soft_cost=0.9897 selection_score=-0.9897 complexity=0.00->0.00 safety=0+0.00sigma scale=1.00->1.00 pass_reference_only=98.0%
  Proposal train geometry: coverage_MAE=2.4991e-03, ordered_assignment_MAE=2.4991e-03, matched_K=34.67, R@.005/.01/.02=0.901/0.998/1.000, parameter_bias=6.831e-03
  Synthetic K=56: n=46, dense=100.0%, deployment=100.0%
  Synthetic: dense=100.0%, deployment=100.0%, MSE=1.037e-05, K=72.00, targetK=31.74, count_MAE=40.26, bias=+40.26, knot_F1@0.01=0.610, param_RMSE=1.920e-02
  uji_pen_characters_v2: dense=100.0%, deployment=100.0%, MSE=5.322e-06, K=72.00
  natural_earth_10m_coastline: dense=98.0%, deployment=98.0%, MSE=1.666e-05, K=72.00
  usgs_tnm_contours_large_scale: dense=100.0%, deployment=100.0%, MSE=1.033e-05, K=72.00
  industrial_model_offset_curves: dense=100.0%, deployment=100.0%, MSE=6.608e-06, K=72.00
Epoch 052/128 proposal [........................] 1/47 MSE=9.165e-06 pass=100.0% K=72.0 denseK=72.0 countMAE=0.00 lr=group_0:2.0e-04
Epoch 052/128 proposal [=====...................] 10/47 MSE=1.070e-05 pass=100.0% K=72.0 denseK=72.0 countMAE=0.00 lr=group_0:2.0e-04
Epoch 052/128 proposal [==========..............] 20/47 MSE=1.314e-05 pass=100.0% K=72.0 denseK=72.0 countMAE=0.00 lr=group_0:2.0e-04
Epoch 052/128 proposal [===============.........] 30/47 MSE=9.729e-06 pass=100.0% K=72.0 denseK=72.0 countMAE=0.00 lr=group_0:2.0e-04
Epoch 052/128 proposal [====================....] 40/47 MSE=9.173e-06 pass=100.0% K=72.0 denseK=72.0 countMAE=0.00 lr=group_0:2.0e-04
Epoch 052/128 proposal [========================] 47/47 MSE=9.354e-06 pass=100.0% K=72.0 denseK=72.0 countMAE=0.00 lr=group_0:2.0e-04
  validation [=.......................] 1/16 
  validation [===============.........] 10/16 
  validation [========================] 16/16 
Epoch 052 phase=proposal lr=group_0:2.0e-04 val dense=99.8% deployment=99.8% worst-source=98.0% qualification=98.0% MSE=1.043e-05 K=72.00 mass=30.55 beta=0.31 soft_cost=0.9897 selection_score=-0.9897 complexity=0.00->0.00 safety=0+0.00sigma scale=1.00->1.00 pass_reference_only=98.0%
  Proposal train geometry: coverage_MAE=2.5076e-03, ordered_assignment_MAE=2.5076e-03, matched_K=34.57, R@.005/.01/.02=0.901/0.998/1.000, parameter_bias=6.919e-03
  Synthetic K=56: n=46, dense=100.0%, deployment=100.0%
  Synthetic: dense=100.0%, deployment=100.0%, MSE=1.073e-05, K=72.00, targetK=31.74, count_MAE=40.26, bias=+40.26, knot_F1@0.01=0.610, param_RMSE=1.922e-02
  uji_pen_characters_v2: dense=100.0%, deployment=100.0%, MSE=5.214e-06, K=72.00
  natural_earth_10m_coastline: dense=98.0%, deployment=98.0%, MSE=1.697e-05, K=72.00
  usgs_tnm_contours_large_scale: dense=100.0%, deployment=100.0%, MSE=1.052e-05, K=72.00
  industrial_model_offset_curves: dense=100.0%, deployment=100.0%, MSE=6.960e-06, K=72.00
Epoch 053/128 proposal [........................] 1/47 MSE=1.022e-05 pass=100.0% K=72.0 denseK=72.0 countMAE=0.00 lr=group_0:2.0e-04
Epoch 053/128 proposal [=====...................] 10/47 MSE=1.142e-05 pass=100.0% K=72.0 denseK=72.0 countMAE=0.00 lr=group_0:2.0e-04
Epoch 053/128 proposal [==========..............] 20/47 MSE=1.093e-05 pass=100.0% K=72.0 denseK=72.0 countMAE=0.00 lr=group_0:2.0e-04
Epoch 053/128 proposal [===============.........] 30/47 MSE=1.157e-05 pass=100.0% K=72.0 denseK=72.0 countMAE=0.00 lr=group_0:2.0e-04
Epoch 053/128 proposal [====================....] 40/47 MSE=9.980e-06 pass=100.0% K=72.0 denseK=72.0 countMAE=0.00 lr=group_0:2.0e-04
Epoch 053/128 proposal [========================] 47/47 MSE=1.016e-05 pass=100.0% K=72.0 denseK=72.0 countMAE=0.00 lr=group_0:2.0e-04
  validation [=.......................] 1/16 
  validation [===============.........] 10/16 
  validation [========================] 16/16 
Epoch 053 phase=proposal lr=group_0:2.0e-04 val dense=99.8% deployment=99.8% worst-source=98.0% qualification=98.0% MSE=9.952e-06 K=72.00 mass=30.48 beta=0.31 soft_cost=0.9896 selection_score=-0.9896 complexity=0.00->0.00 safety=0+0.00sigma scale=1.00->1.00 pass_reference_only=98.0%
  Proposal train geometry: coverage_MAE=2.4910e-03, ordered_assignment_MAE=2.4910e-03, matched_K=34.69, R@.005/.01/.02=0.902/0.998/1.000, parameter_bias=6.866e-03
  Synthetic K=56: n=46, dense=100.0%, deployment=100.0%
  Synthetic: dense=100.0%, deployment=100.0%, MSE=1.034e-05, K=72.00, targetK=31.74, count_MAE=40.26, bias=+40.26, knot_F1@0.01=0.610, param_RMSE=1.880e-02
  uji_pen_characters_v2: dense=100.0%, deployment=100.0%, MSE=4.823e-06, K=72.00
  natural_earth_10m_coastline: dense=98.0%, deployment=98.0%, MSE=1.589e-05, K=72.00
  usgs_tnm_contours_large_scale: dense=100.0%, deployment=100.0%, MSE=9.766e-06, K=72.00
  industrial_model_offset_curves: dense=100.0%, deployment=100.0%, MSE=6.755e-06, K=72.00
Epoch 054/128 proposal [........................] 1/47 MSE=1.188e-05 pass=100.0% K=72.0 denseK=72.0 countMAE=0.00 lr=group_0:2.0e-04
Epoch 054/128 proposal [=====...................] 10/47 MSE=1.105e-05 pass=100.0% K=72.0 denseK=72.0 countMAE=0.00 lr=group_0:2.0e-04
Epoch 054/128 proposal [==========..............] 20/47 MSE=9.793e-06 pass=100.0% K=72.0 denseK=72.0 countMAE=0.00 lr=group_0:2.0e-04
Epoch 054/128 proposal [===============.........] 30/47 MSE=1.051e-05 pass=100.0% K=72.0 denseK=72.0 countMAE=0.00 lr=group_0:2.0e-04
Epoch 054/128 proposal [====================....] 40/47 MSE=1.231e-05 pass=100.0% K=72.0 denseK=72.0 countMAE=0.00 lr=group_0:2.0e-04
Epoch 054/128 proposal [========================] 47/47 MSE=1.346e-05 pass=100.0% K=72.0 denseK=72.0 countMAE=0.00 lr=group_0:2.0e-04
  validation [=.......................] 1/16 
  validation [===============.........] 10/16 
  validation [========================] 16/16 
Epoch 054 phase=proposal lr=group_0:2.0e-04 val dense=99.8% deployment=99.8% worst-source=98.0% qualification=98.0% MSE=1.018e-05 K=72.00 mass=30.47 beta=0.31 soft_cost=0.9896 selection_score=-0.9896 complexity=0.00->0.00 safety=0+0.00sigma scale=1.00->1.00 pass_reference_only=98.0%
  Proposal train geometry: coverage_MAE=2.4782e-03, ordered_assignment_MAE=2.4782e-03, matched_K=34.84, R@.005/.01/.02=0.905/0.998/1.000, parameter_bias=6.861e-03
  Synthetic K=56: n=46, dense=100.0%, deployment=100.0%
  Synthetic: dense=100.0%, deployment=100.0%, MSE=1.074e-05, K=72.00, targetK=31.74, count_MAE=40.26, bias=+40.26, knot_F1@0.01=0.610, param_RMSE=1.876e-02
  uji_pen_characters_v2: dense=100.0%, deployment=100.0%, MSE=4.633e-06, K=72.00
  natural_earth_10m_coastline: dense=98.0%, deployment=98.0%, MSE=1.580e-05, K=72.00
  usgs_tnm_contours_large_scale: dense=100.0%, deployment=100.0%, MSE=1.019e-05, K=72.00
  industrial_model_offset_curves: dense=100.0%, deployment=100.0%, MSE=6.523e-06, K=72.00
Epoch 055/128 proposal [........................] 1/47 MSE=1.084e-05 pass=100.0% K=72.0 denseK=72.0 countMAE=0.00 lr=group_0:2.0e-04
Epoch 055/128 proposal [=====...................] 10/47 MSE=1.202e-05 pass=100.0% K=72.0 denseK=72.0 countMAE=0.00 lr=group_0:2.0e-04
Epoch 055/128 proposal [==========..............] 20/47 MSE=9.361e-06 pass=100.0% K=72.0 denseK=72.0 countMAE=0.00 lr=group_0:2.0e-04
Epoch 055/128 proposal [===============.........] 30/47 MSE=9.703e-06 pass=100.0% K=72.0 denseK=72.0 countMAE=0.00 lr=group_0:2.0e-04
Epoch 055/128 proposal [====================....] 40/47 MSE=1.251e-05 pass=100.0% K=72.0 denseK=72.0 countMAE=0.00 lr=group_0:2.0e-04
Epoch 055/128 proposal [========================] 47/47 MSE=1.170e-05 pass=100.0% K=72.0 denseK=72.0 countMAE=0.00 lr=group_0:2.0e-04
  validation [=.......................] 1/16 
  validation [===============.........] 10/16 
  validation [========================] 16/16 
Epoch 055 phase=proposal lr=group_0:2.0e-04 val dense=99.8% deployment=99.8% worst-source=98.0% qualification=98.0% MSE=1.037e-05 K=72.00 mass=30.55 beta=0.31 soft_cost=0.9897 selection_score=-0.9897 complexity=0.00->0.00 safety=0+0.00sigma scale=1.00->1.00 pass_reference_only=98.0%
  Proposal train geometry: coverage_MAE=2.4693e-03, ordered_assignment_MAE=2.4693e-03, matched_K=34.62, R@.005/.01/.02=0.906/0.998/1.000, parameter_bias=6.981e-03
  Synthetic K=56: n=46, dense=100.0%, deployment=100.0%
  Synthetic: dense=100.0%, deployment=100.0%, MSE=1.085e-05, K=72.00, targetK=31.74, count_MAE=40.26, bias=+40.26, knot_F1@0.01=0.609, param_RMSE=1.958e-02
  uji_pen_characters_v2: dense=100.0%, deployment=100.0%, MSE=5.022e-06, K=72.00
  natural_earth_10m_coastline: dense=98.0%, deployment=98.0%, MSE=1.720e-05, K=72.00
  usgs_tnm_contours_large_scale: dense=100.0%, deployment=100.0%, MSE=9.969e-06, K=72.00
  industrial_model_offset_curves: dense=100.0%, deployment=100.0%, MSE=6.086e-06, K=72.00
Epoch 056/128 proposal [........................] 1/47 MSE=9.952e-06 pass=100.0% K=72.0 denseK=72.0 countMAE=0.00 lr=group_0:2.0e-04
Epoch 056/128 proposal [=====...................] 10/47 MSE=1.247e-05 pass=100.0% K=72.0 denseK=72.0 countMAE=0.00 lr=group_0:2.0e-04
Epoch 056/128 proposal [==========..............] 20/47 MSE=1.152e-05 pass=100.0% K=72.0 denseK=72.0 countMAE=0.00 lr=group_0:2.0e-04
Epoch 056/128 proposal [===============.........] 30/47 MSE=1.143e-05 pass=100.0% K=72.0 denseK=72.0 countMAE=0.00 lr=group_0:2.0e-04
Epoch 056/128 proposal [====================....] 40/47 MSE=1.023e-05 pass=100.0% K=72.0 denseK=72.0 countMAE=0.00 lr=group_0:2.0e-04
Epoch 056/128 proposal [========================] 47/47 MSE=1.010e-05 pass=100.0% K=72.0 denseK=72.0 countMAE=0.00 lr=group_0:2.0e-04
  validation [=.......................] 1/16 
  validation [===============.........] 10/16 
  validation [========================] 16/16 
Epoch 056 phase=proposal lr=group_0:2.0e-04 val dense=99.8% deployment=99.8% worst-source=98.0% qualification=98.0% MSE=9.744e-06 K=72.00 mass=30.50 beta=0.31 soft_cost=0.9897 selection_score=-0.9897 complexity=0.00->0.00 safety=0+0.00sigma scale=1.00->1.00 pass_reference_only=98.0%
  Proposal train geometry: coverage_MAE=2.4677e-03, ordered_assignment_MAE=2.4677e-03, matched_K=34.81, R@.005/.01/.02=0.905/0.998/1.000, parameter_bias=6.750e-03
  Synthetic K=56: n=46, dense=100.0%, deployment=100.0%
  Synthetic: dense=100.0%, deployment=100.0%, MSE=9.956e-06, K=72.00, targetK=31.74, count_MAE=40.26, bias=+40.26, knot_F1@0.01=0.610, param_RMSE=1.887e-02
  uji_pen_characters_v2: dense=100.0%, deployment=100.0%, MSE=4.955e-06, K=72.00
  natural_earth_10m_coastline: dense=98.0%, deployment=98.0%, MSE=1.598e-05, K=72.00
  usgs_tnm_contours_large_scale: dense=100.0%, deployment=100.0%, MSE=9.931e-06, K=72.00
  industrial_model_offset_curves: dense=100.0%, deployment=100.0%, MSE=6.617e-06, K=72.00
Epoch 057/128 proposal [........................] 1/47 MSE=1.170e-05 pass=100.0% K=72.0 denseK=72.0 countMAE=0.00 lr=group_0:2.0e-04
Epoch 057/128 proposal [=====...................] 10/47 MSE=1.095e-05 pass=100.0% K=72.0 denseK=72.0 countMAE=0.00 lr=group_0:2.0e-04
Epoch 057/128 proposal [==========..............] 20/47 MSE=1.057e-05 pass=100.0% K=72.0 denseK=72.0 countMAE=0.00 lr=group_0:2.0e-04
Epoch 057/128 proposal [===============.........] 30/47 MSE=1.197e-05 pass=100.0% K=72.0 denseK=72.0 countMAE=0.00 lr=group_0:2.0e-04
Epoch 057/128 proposal [====================....] 40/47 MSE=1.018e-05 pass=100.0% K=72.0 denseK=72.0 countMAE=0.00 lr=group_0:2.0e-04
Epoch 057/128 proposal [========================] 47/47 MSE=1.216e-05 pass=100.0% K=72.0 denseK=72.0 countMAE=0.00 lr=group_0:2.0e-04
  validation [=.......................] 1/16 
  validation [===============.........] 10/16 
  validation [========================] 16/16 
Epoch 057 phase=proposal lr=group_0:2.0e-04 val dense=99.8% deployment=99.8% worst-source=98.0% qualification=98.0% MSE=1.021e-05 K=72.00 mass=30.53 beta=0.31 soft_cost=0.9896 selection_score=-0.9896 complexity=0.00->0.00 safety=0+0.00sigma scale=1.00->1.00 pass_reference_only=98.0%
  Proposal train geometry: coverage_MAE=2.4525e-03, ordered_assignment_MAE=2.4525e-03, matched_K=34.83, R@.005/.01/.02=0.907/0.998/1.000, parameter_bias=6.490e-03
  Synthetic K=56: n=46, dense=100.0%, deployment=100.0%
  Synthetic: dense=100.0%, deployment=100.0%, MSE=1.052e-05, K=72.00, targetK=31.74, count_MAE=40.26, bias=+40.26, knot_F1@0.01=0.610, param_RMSE=1.881e-02
  uji_pen_characters_v2: dense=100.0%, deployment=100.0%, MSE=5.154e-06, K=72.00
  natural_earth_10m_coastline: dense=98.0%, deployment=98.0%, MSE=1.666e-05, K=72.00
  usgs_tnm_contours_large_scale: dense=100.0%, deployment=100.0%, MSE=1.052e-05, K=72.00
  industrial_model_offset_curves: dense=100.0%, deployment=100.0%, MSE=6.398e-06, K=72.00
Epoch 058/128 proposal [........................] 1/47 MSE=1.074e-05 pass=100.0% K=72.0 denseK=72.0 countMAE=0.00 lr=group_0:2.0e-04
Epoch 058/128 proposal [=====...................] 10/47 MSE=8.903e-06 pass=100.0% K=72.0 denseK=72.0 countMAE=0.00 lr=group_0:2.0e-04
Epoch 058/128 proposal [==========..............] 20/47 MSE=1.032e-05 pass=100.0% K=72.0 denseK=72.0 countMAE=0.00 lr=group_0:2.0e-04
Epoch 058/128 proposal [===============.........] 30/47 MSE=1.112e-05 pass=100.0% K=72.0 denseK=72.0 countMAE=0.00 lr=group_0:2.0e-04
Epoch 058/128 proposal [====================....] 40/47 MSE=9.684e-06 pass=100.0% K=72.0 denseK=72.0 countMAE=0.00 lr=group_0:2.0e-04
Epoch 058/128 proposal [========================] 47/47 MSE=1.203e-05 pass=100.0% K=72.0 denseK=72.0 countMAE=0.00 lr=group_0:2.0e-04
  validation [=.......................] 1/16 
  validation [===============.........] 10/16 
  validation [========================] 16/16 
Epoch 058 phase=proposal lr=group_0:2.0e-04 val dense=99.8% deployment=99.8% worst-source=98.0% qualification=98.0% MSE=9.410e-06 K=72.00 mass=30.57 beta=0.30 soft_cost=0.9896 selection_score=-0.9896 complexity=0.00->0.00 safety=0+0.00sigma scale=1.00->1.00 pass_reference_only=98.0%
  Proposal train geometry: coverage_MAE=2.4503e-03, ordered_assignment_MAE=2.4503e-03, matched_K=34.70, R@.005/.01/.02=0.907/0.998/1.000, parameter_bias=6.737e-03
  Synthetic K=56: n=46, dense=100.0%, deployment=100.0%
  Synthetic: dense=100.0%, deployment=100.0%, MSE=9.419e-06, K=72.00, targetK=31.74, count_MAE=40.26, bias=+40.26, knot_F1@0.01=0.610, param_RMSE=1.881e-02
  uji_pen_characters_v2: dense=100.0%, deployment=100.0%, MSE=5.028e-06, K=72.00
  natural_earth_10m_coastline: dense=98.0%, deployment=98.0%, MSE=1.569e-05, K=72.00
  usgs_tnm_contours_large_scale: dense=100.0%, deployment=100.0%, MSE=1.001e-05, K=72.00
  industrial_model_offset_curves: dense=100.0%, deployment=100.0%, MSE=6.661e-06, K=72.00
Epoch 059/128 proposal [........................] 1/47 MSE=1.020e-05 pass=100.0% K=72.0 denseK=72.0 countMAE=0.00 lr=group_0:2.0e-04
Epoch 059/128 proposal [=====...................] 10/47 MSE=1.160e-05 pass=100.0% K=72.0 denseK=72.0 countMAE=0.00 lr=group_0:2.0e-04
Epoch 059/128 proposal [==========..............] 20/47 MSE=1.206e-05 pass=100.0% K=72.0 denseK=72.0 countMAE=0.00 lr=group_0:2.0e-04
Epoch 059/128 proposal [===============.........] 30/47 MSE=1.108e-05 pass=100.0% K=72.0 denseK=72.0 countMAE=0.00 lr=group_0:2.0e-04
Epoch 059/128 proposal [====================....] 40/47 MSE=1.115e-05 pass=100.0% K=72.0 denseK=72.0 countMAE=0.00 lr=group_0:2.0e-04
Epoch 059/128 proposal [========================] 47/47 MSE=1.040e-05 pass=100.0% K=72.0 denseK=72.0 countMAE=0.00 lr=group_0:2.0e-04
  validation [=.......................] 1/16 
  validation [===============.........] 10/16 
  validation [========================] 16/16 
Epoch 059 phase=proposal lr=group_0:2.0e-04 val dense=99.8% deployment=99.8% worst-source=98.0% qualification=98.0% MSE=9.517e-06 K=72.00 mass=30.57 beta=0.30 soft_cost=0.9895 selection_score=-0.9895 complexity=0.00->0.00 safety=0+0.00sigma scale=1.00->1.00 pass_reference_only=98.0%
  Proposal train geometry: coverage_MAE=2.4393e-03, ordered_assignment_MAE=2.4393e-03, matched_K=34.58, R@.005/.01/.02=0.909/0.998/1.000, parameter_bias=6.825e-03
  Synthetic K=56: n=46, dense=100.0%, deployment=100.0%
  Synthetic: dense=100.0%, deployment=100.0%, MSE=9.792e-06, K=72.00, targetK=31.74, count_MAE=40.26, bias=+40.26, knot_F1@0.01=0.610, param_RMSE=1.943e-02
  uji_pen_characters_v2: dense=100.0%, deployment=100.0%, MSE=4.867e-06, K=72.00
  natural_earth_10m_coastline: dense=98.0%, deployment=98.0%, MSE=1.585e-05, K=72.00
  usgs_tnm_contours_large_scale: dense=100.0%, deployment=100.0%, MSE=9.846e-06, K=72.00
  industrial_model_offset_curves: dense=100.0%, deployment=100.0%, MSE=5.580e-06, K=72.00
Epoch 060/128 proposal [........................] 1/47 MSE=8.590e-06 pass=100.0% K=72.0 denseK=72.0 countMAE=0.00 lr=group_0:2.0e-04
Epoch 060/128 proposal [=====...................] 10/47 MSE=1.080e-05 pass=100.0% K=72.0 denseK=72.0 countMAE=0.00 lr=group_0:2.0e-04
Epoch 060/128 proposal [==========..............] 20/47 MSE=1.032e-05 pass=100.0% K=72.0 denseK=72.0 countMAE=0.00 lr=group_0:2.0e-04
Epoch 060/128 proposal [===============.........] 30/47 MSE=1.243e-05 pass=100.0% K=72.0 denseK=72.0 countMAE=0.00 lr=group_0:2.0e-04
Epoch 060/128 proposal [====================....] 40/47 MSE=9.880e-06 pass=100.0% K=72.0 denseK=72.0 countMAE=0.00 lr=group_0:2.0e-04
Epoch 060/128 proposal [========================] 47/47 MSE=1.110e-05 pass=100.0% K=72.0 denseK=72.0 countMAE=0.00 lr=group_0:2.0e-04
  validation [=.......................] 1/16 
  validation [===============.........] 10/16 
  validation [========================] 16/16 
Epoch 060 phase=proposal lr=group_0:2.0e-04 val dense=99.8% deployment=99.8% worst-source=98.0% qualification=98.0% MSE=9.489e-06 K=72.00 mass=30.57 beta=0.30 soft_cost=0.9896 selection_score=-0.9896 complexity=0.00->0.00 safety=0+0.00sigma scale=1.00->1.00 pass_reference_only=98.0%
  Proposal train geometry: coverage_MAE=2.4314e-03, ordered_assignment_MAE=2.4314e-03, matched_K=34.75, R@.005/.01/.02=0.909/0.998/1.000, parameter_bias=6.852e-03
  Synthetic K=56: n=46, dense=100.0%, deployment=100.0%
  Synthetic: dense=100.0%, deployment=100.0%, MSE=9.559e-06, K=72.00, targetK=31.74, count_MAE=40.26, bias=+40.26, knot_F1@0.01=0.610, param_RMSE=1.909e-02
  uji_pen_characters_v2: dense=100.0%, deployment=100.0%, MSE=4.857e-06, K=72.00
  natural_earth_10m_coastline: dense=98.0%, deployment=98.0%, MSE=1.598e-05, K=72.00
  usgs_tnm_contours_large_scale: dense=100.0%, deployment=100.0%, MSE=1.013e-05, K=72.00
  industrial_model_offset_curves: dense=100.0%, deployment=100.0%, MSE=6.353e-06, K=72.00
Epoch 061/128 proposal [........................] 1/47 MSE=1.032e-05 pass=100.0% K=72.0 denseK=72.0 countMAE=0.00 lr=group_0:2.0e-04
Epoch 061/128 proposal [=====...................] 10/47 MSE=1.002e-05 pass=100.0% K=72.0 denseK=72.0 countMAE=0.00 lr=group_0:2.0e-04
Epoch 061/128 proposal [==========..............] 20/47 MSE=9.385e-06 pass=100.0% K=72.0 denseK=72.0 countMAE=0.00 lr=group_0:2.0e-04
Epoch 061/128 proposal [===============.........] 30/47 MSE=9.578e-06 pass=100.0% K=72.0 denseK=72.0 countMAE=0.00 lr=group_0:2.0e-04
Epoch 061/128 proposal [====================....] 40/47 MSE=1.080e-05 pass=100.0% K=72.0 denseK=72.0 countMAE=0.00 lr=group_0:2.0e-04
Epoch 061/128 proposal [========================] 47/47 MSE=8.106e-06 pass=100.0% K=72.0 denseK=72.0 countMAE=0.00 lr=group_0:2.0e-04
  validation [=.......................] 1/16 
  validation [===============.........] 10/16 
  validation [========================] 16/16 
Epoch 061 phase=proposal lr=group_0:2.0e-04 val dense=99.8% deployment=99.8% worst-source=98.0% qualification=98.0% MSE=9.669e-06 K=72.00 mass=30.56 beta=0.30 soft_cost=0.9897 selection_score=-0.9897 complexity=0.00->0.00 safety=0+0.00sigma scale=1.00->1.00 pass_reference_only=98.0%
  Proposal train geometry: coverage_MAE=2.4282e-03, ordered_assignment_MAE=2.4282e-03, matched_K=34.81, R@.005/.01/.02=0.911/0.998/1.000, parameter_bias=6.587e-03
  Synthetic K=56: n=46, dense=100.0%, deployment=100.0%
  Synthetic: dense=100.0%, deployment=100.0%, MSE=9.603e-06, K=72.00, targetK=31.74, count_MAE=40.26, bias=+40.26, knot_F1@0.01=0.610, param_RMSE=1.888e-02
  uji_pen_characters_v2: dense=100.0%, deployment=100.0%, MSE=5.227e-06, K=72.00
  natural_earth_10m_coastline: dense=98.0%, deployment=98.0%, MSE=1.652e-05, K=72.00
  usgs_tnm_contours_large_scale: dense=100.0%, deployment=100.0%, MSE=1.036e-05, K=72.00
  industrial_model_offset_curves: dense=100.0%, deployment=100.0%, MSE=6.761e-06, K=72.00
Epoch 062/128 proposal [........................] 1/47 MSE=1.203e-05 pass=100.0% K=72.0 denseK=72.0 countMAE=0.00 lr=group_0:2.0e-04
Epoch 062/128 proposal [=====...................] 10/47 MSE=9.308e-06 pass=100.0% K=72.0 denseK=72.0 countMAE=0.00 lr=group_0:2.0e-04
Epoch 062/128 proposal [==========..............] 20/47 MSE=7.841e-06 pass=100.0% K=72.0 denseK=72.0 countMAE=0.00 lr=group_0:2.0e-04
Epoch 062/128 proposal [===============.........] 30/47 MSE=8.993e-06 pass=100.0% K=72.0 denseK=72.0 countMAE=0.00 lr=group_0:2.0e-04
Epoch 062/128 proposal [====================....] 40/47 MSE=1.205e-05 pass=100.0% K=72.0 denseK=72.0 countMAE=0.00 lr=group_0:2.0e-04
Epoch 062/128 proposal [========================] 47/47 MSE=9.194e-06 pass=100.0% K=72.0 denseK=72.0 countMAE=0.00 lr=group_0:2.0e-04
  validation [=.......................] 1/16 
  validation [===============.........] 10/16 
  validation [========================] 16/16 
Epoch 062 phase=proposal lr=group_0:2.0e-04 val dense=99.8% deployment=99.8% worst-source=98.0% qualification=98.0% MSE=9.559e-06 K=72.00 mass=30.53 beta=0.31 soft_cost=0.9897 selection_score=-0.9897 complexity=0.00->0.00 safety=0+0.00sigma scale=1.00->1.00 pass_reference_only=98.0%
  Proposal train geometry: coverage_MAE=2.4043e-03, ordered_assignment_MAE=2.4043e-03, matched_K=34.65, R@.005/.01/.02=0.913/0.998/1.000, parameter_bias=6.974e-03
  Synthetic K=56: n=46, dense=100.0%, deployment=100.0%
  Synthetic: dense=100.0%, deployment=100.0%, MSE=9.605e-06, K=72.00, targetK=31.74, count_MAE=40.26, bias=+40.26, knot_F1@0.01=0.610, param_RMSE=1.876e-02
  uji_pen_characters_v2: dense=100.0%, deployment=100.0%, MSE=4.915e-06, K=72.00
  natural_earth_10m_coastline: dense=98.0%, deployment=98.0%, MSE=1.620e-05, K=72.00
  usgs_tnm_contours_large_scale: dense=100.0%, deployment=100.0%, MSE=1.008e-05, K=72.00
  industrial_model_offset_curves: dense=100.0%, deployment=100.0%, MSE=6.552e-06, K=72.00
Epoch 063/128 proposal [........................] 1/47 MSE=7.795e-06 pass=100.0% K=72.0 denseK=72.0 countMAE=0.00 lr=group_0:2.0e-04
Epoch 063/128 proposal [=====...................] 10/47 MSE=1.036e-05 pass=100.0% K=72.0 denseK=72.0 countMAE=0.00 lr=group_0:2.0e-04
Epoch 063/128 proposal [==========..............] 20/47 MSE=1.171e-05 pass=100.0% K=72.0 denseK=72.0 countMAE=0.00 lr=group_0:2.0e-04
Epoch 063/128 proposal [===============.........] 30/47 MSE=1.040e-05 pass=100.0% K=72.0 denseK=72.0 countMAE=0.00 lr=group_0:2.0e-04
Epoch 063/128 proposal [====================....] 40/47 MSE=1.067e-05 pass=100.0% K=72.0 denseK=72.0 countMAE=0.00 lr=group_0:2.0e-04
Epoch 063/128 proposal [========================] 47/47 MSE=9.209e-06 pass=100.0% K=72.0 denseK=72.0 countMAE=0.00 lr=group_0:2.0e-04
  validation [=.......................] 1/16 
  validation [===============.........] 10/16 
  validation [========================] 16/16 
Epoch 063 phase=proposal lr=group_0:2.0e-04 val dense=99.8% deployment=99.8% worst-source=98.0% qualification=98.0% MSE=9.861e-06 K=72.00 mass=30.53 beta=0.31 soft_cost=0.9896 selection_score=-0.9896 complexity=0.00->0.00 safety=0+0.00sigma scale=1.00->1.00 pass_reference_only=98.0%
  Proposal train geometry: coverage_MAE=2.4112e-03, ordered_assignment_MAE=2.4113e-03, matched_K=34.38, R@.005/.01/.02=0.911/0.998/1.000, parameter_bias=6.946e-03
  Synthetic K=56: n=46, dense=100.0%, deployment=100.0%
  Synthetic: dense=100.0%, deployment=100.0%, MSE=1.007e-05, K=72.00, targetK=31.74, count_MAE=40.26, bias=+40.26, knot_F1@0.01=0.610, param_RMSE=1.842e-02
  uji_pen_characters_v2: dense=100.0%, deployment=100.0%, MSE=5.185e-06, K=72.00
  natural_earth_10m_coastline: dense=98.0%, deployment=98.0%, MSE=1.607e-05, K=72.00
  usgs_tnm_contours_large_scale: dense=100.0%, deployment=100.0%, MSE=1.043e-05, K=72.00
  industrial_model_offset_curves: dense=100.0%, deployment=100.0%, MSE=6.224e-06, K=72.00
Epoch 064/128 proposal [........................] 1/47 MSE=1.017e-05 pass=100.0% K=72.0 denseK=72.0 countMAE=0.00 lr=group_0:2.0e-04
Epoch 064/128 proposal [=====...................] 10/47 MSE=1.074e-05 pass=100.0% K=72.0 denseK=72.0 countMAE=0.00 lr=group_0:2.0e-04
Epoch 064/128 proposal [==========..............] 20/47 MSE=8.691e-06 pass=100.0% K=72.0 denseK=72.0 countMAE=0.00 lr=group_0:2.0e-04
Epoch 064/128 proposal [===============.........] 30/47 MSE=1.087e-05 pass=100.0% K=72.0 denseK=72.0 countMAE=0.00 lr=group_0:2.0e-04
Epoch 064/128 proposal [====================....] 40/47 MSE=9.853e-06 pass=100.0% K=72.0 denseK=72.0 countMAE=0.00 lr=group_0:2.0e-04
Epoch 064/128 proposal [========================] 47/47 MSE=1.035e-05 pass=100.0% K=72.0 denseK=72.0 countMAE=0.00 lr=group_0:2.0e-04
  validation [=.......................] 1/16 
  validation [===============.........] 10/16 
  validation [========================] 16/16 
Epoch 064 phase=proposal lr=group_0:2.0e-04 val dense=99.8% deployment=99.8% worst-source=98.0% qualification=98.0% MSE=1.012e-05 K=72.00 mass=30.58 beta=0.30 soft_cost=0.9897 selection_score=-0.9897 complexity=0.00->0.00 safety=0+0.00sigma scale=1.00->1.00 pass_reference_only=98.0%
  Proposal train geometry: coverage_MAE=2.4079e-03, ordered_assignment_MAE=2.4079e-03, matched_K=35.04, R@.005/.01/.02=0.912/0.998/1.000, parameter_bias=6.831e-03
  Synthetic K=56: n=46, dense=100.0%, deployment=100.0%
  Synthetic: dense=100.0%, deployment=100.0%, MSE=1.036e-05, K=72.00, targetK=31.74, count_MAE=40.26, bias=+40.26, knot_F1@0.01=0.610, param_RMSE=1.954e-02
  uji_pen_characters_v2: dense=100.0%, deployment=100.0%, MSE=5.201e-06, K=72.00
  natural_earth_10m_coastline: dense=98.0%, deployment=98.0%, MSE=1.703e-05, K=72.00
  usgs_tnm_contours_large_scale: dense=100.0%, deployment=100.0%, MSE=1.047e-05, K=72.00
  industrial_model_offset_curves: dense=100.0%, deployment=100.0%, MSE=6.092e-06, K=72.00
Proposal schedule complete; loading the validation-ranked best dense initializer from epoch 59 (worst-source pass=98.0%, reporting reference=90.0%). Joint training starts unconditionally in selector_warmup.
Epoch 065/128 selector_warmup [........................] 1/47 MSE=1.996e-03 pass=10.9% K=31.0 targetK=29.2 countMAE=13.66 lr=proposal:0.0e+00/parameter:0.0e+00/selector:2.0e-04/decoder:5.0e-05
Epoch 065/128 selector_warmup [=====...................] 10/47 MSE=2.445e-03 pass=3.1% K=29.7 targetK=30.9 countMAE=14.66 lr=proposal:0.0e+00/parameter:0.0e+00/selector:2.0e-04/decoder:5.0e-05
Epoch 065/128 selector_warmup [==========..............] 20/47 MSE=2.774e-03 pass=0.0% K=29.4 targetK=31.4 countMAE=11.75 lr=proposal:0.0e+00/parameter:0.0e+00/selector:2.0e-04/decoder:5.0e-05
Epoch 065/128 selector_warmup [===============.........] 30/47 MSE=2.674e-03 pass=3.1% K=28.4 targetK=30.2 countMAE=12.11 lr=proposal:0.0e+00/parameter:0.0e+00/selector:2.0e-04/decoder:5.0e-05
Epoch 065/128 selector_warmup [====================....] 40/47 MSE=2.493e-03 pass=0.0% K=26.6 targetK=25.6 countMAE=10.33 lr=proposal:0.0e+00/parameter:0.0e+00/selector:2.0e-04/decoder:5.0e-05
Epoch 065/128 selector_warmup [========================] 47/47 MSE=2.795e-03 pass=1.8% K=25.2 targetK=28.4 countMAE=12.57 lr=proposal:0.0e+00/parameter:0.0e+00/selector:2.0e-04/decoder:5.0e-05
  validation [=.......................] 1/16 
  validation [===============.........] 10/16 
  validation [========================] 16/16 
Epoch 065 phase=selector_warmup lr=proposal:0.0e+00/parameter:0.0e+00/selector:2.0e-04/decoder:5.0e-05 val dense=99.8% deployment=11.7% worst-source=0.2% qualification=0.0% MSE=2.247e-03 K=24.39 mass=23.86 beta=0.81 soft_cost=4.3924 selection_score=-4.3924 complexity=0.00->0.09 safety=0+0.00sigma scale=1.00->0.91 pass_reference_only=0.0%
  Joint train structure: Keep P/R/F1=0.447/0.431/0.438, critical_false_delete=0.503, proposal R@.005/.01/.02=0.878/0.997/1.000, parameter_bias=7.559e-03, count-cal loss=1.886e-01, score/target/bias/MAE=28.08/29.38/-1.30/12.23, fine-risk mean/std/range=0.505/0.232/0.750, fine-loss/rank=4.462e-01/1.648e+00
  Synthetic K=56: n=46, dense=100.0%, deployment=0.0%
  Synthetic: dense=100.0%, deployment=0.2%, MSE=3.082e-03, K=25.61, targetK=31.74, count_MAE=11.86, bias=-6.13, knot_F1@0.01=0.461, param_RMSE=1.821e-02
  uji_pen_characters_v2: dense=100.0%, deployment=63.0%, MSE=2.526e-04, K=22.72
  natural_earth_10m_coastline: dense=98.0%, deployment=4.0%, MSE=1.118e-03, K=22.59
  usgs_tnm_contours_large_scale: dense=100.0%, deployment=18.0%, MSE=9.510e-04, K=22.33
  industrial_model_offset_curves: dense=100.0%, deployment=32.3%, MSE=1.606e-03, K=22.48
Epoch 066/128 selector_warmup [........................] 1/47 MSE=2.931e-03 pass=0.0% K=25.3 targetK=30.0 countMAE=11.16 lr=proposal:0.0e+00/parameter:0.0e+00/selector:2.0e-04/decoder:5.0e-05
Epoch 066/128 selector_warmup [=====...................] 10/47 MSE=2.973e-03 pass=0.0% K=24.4 targetK=28.9 countMAE=10.55 lr=proposal:0.0e+00/parameter:0.0e+00/selector:2.0e-04/decoder:5.0e-05
Epoch 066/128 selector_warmup [==========..............] 20/47 MSE=2.748e-03 pass=0.0% K=24.6 targetK=28.4 countMAE=9.34 lr=proposal:0.0e+00/parameter:0.0e+00/selector:2.0e-04/decoder:5.0e-05
Epoch 066/128 selector_warmup [===============.........] 30/47 MSE=2.947e-03 pass=0.0% K=25.7 targetK=30.5 countMAE=7.17 lr=proposal:0.0e+00/parameter:0.0e+00/selector:2.0e-04/decoder:5.0e-05
Epoch 066/128 selector_warmup [====================....] 40/47 MSE=2.886e-03 pass=0.0% K=26.0 targetK=27.7 countMAE=4.08 lr=proposal:0.0e+00/parameter:0.0e+00/selector:2.0e-04/decoder:5.0e-05
Epoch 066/128 selector_warmup [========================] 47/47 MSE=2.848e-03 pass=0.0% K=24.7 targetK=26.0 countMAE=3.98 lr=proposal:0.0e+00/parameter:0.0e+00/selector:2.0e-04/decoder:5.0e-05
  validation [=.......................] 1/16 
  validation [===============.........] 10/16 
  validation [========================] 16/16 
Epoch 066 phase=selector_warmup lr=proposal:0.0e+00/parameter:0.0e+00/selector:2.0e-04/decoder:5.0e-05 val dense=99.8% deployment=6.6% worst-source=0.0% qualification=0.0% MSE=2.660e-03 K=23.32 mass=22.83 beta=1.21 soft_cost=4.7473 selection_score=-4.7473 complexity=0.09->0.18 safety=0+0.00sigma scale=0.91->0.82 pass_reference_only=0.0%
  Joint train structure: Keep P/R/F1=0.498/0.430/0.461, critical_false_delete=0.506, proposal R@.005/.01/.02=0.880/0.997/1.000, parameter_bias=7.191e-03, count-cal loss=8.931e-02, score/target/bias/MAE=25.30/29.66/-4.36/8.12, fine-risk mean/std/range=0.504/0.232/0.750, fine-loss/rank=4.588e-01/1.544e+00
  Synthetic K=56: n=46, dense=100.0%, deployment=0.0%
  Synthetic: dense=100.0%, deployment=0.0%, MSE=2.979e-03, K=28.32, targetK=31.74, count_MAE=5.33, bias=-3.42, knot_F1@0.01=0.538, param_RMSE=1.806e-02
  uji_pen_characters_v2: dense=100.0%, deployment=45.0%, MSE=9.595e-04, K=16.43
  natural_earth_10m_coastline: dense=98.0%, deployment=0.0%, MSE=2.596e-03, K=16.20
  usgs_tnm_contours_large_scale: dense=100.0%, deployment=6.0%, MSE=1.902e-03, K=15.38
  industrial_model_offset_curves: dense=100.0%, deployment=16.1%, MSE=3.317e-03, K=14.70
Epoch 067/128 selector_warmup [........................] 1/47 MSE=2.931e-03 pass=0.0% K=25.6 targetK=27.9 countMAE=5.30 lr=proposal:0.0e+00/parameter:0.0e+00/selector:2.0e-04/decoder:5.0e-05
Epoch 067/128 selector_warmup [=====...................] 10/47 MSE=2.871e-03 pass=0.0% K=29.7 targetK=32.3 countMAE=5.41 lr=proposal:0.0e+00/parameter:0.0e+00/selector:2.0e-04/decoder:5.0e-05
Epoch 067/128 selector_warmup [==========..............] 20/47 MSE=2.904e-03 pass=0.0% K=29.2 targetK=30.5 countMAE=4.80 lr=proposal:0.0e+00/parameter:0.0e+00/selector:2.0e-04/decoder:5.0e-05
Epoch 067/128 selector_warmup [===============.........] 30/47 MSE=2.800e-03 pass=0.0% K=28.9 targetK=30.6 countMAE=4.31 lr=proposal:0.0e+00/parameter:0.0e+00/selector:2.0e-04/decoder:5.0e-05
Epoch 067/128 selector_warmup [====================....] 40/47 MSE=2.835e-03 pass=0.0% K=31.4 targetK=33.4 countMAE=5.12 lr=proposal:0.0e+00/parameter:0.0e+00/selector:2.0e-04/decoder:5.0e-05
Epoch 067/128 selector_warmup [========================] 47/47 MSE=2.486e-03 pass=0.0% K=25.8 targetK=26.1 countMAE=4.12 lr=proposal:0.0e+00/parameter:0.0e+00/selector:2.0e-04/decoder:5.0e-05
  validation [=.......................] 1/16 
  validation [===============.........] 10/16 
  validation [========================] 16/16 
Epoch 067 phase=selector_warmup lr=proposal:0.0e+00/parameter:0.0e+00/selector:2.0e-04/decoder:5.0e-05 val dense=99.8% deployment=7.8% worst-source=0.0% qualification=0.0% MSE=2.228e-03 K=25.01 mass=24.52 beta=1.37 soft_cost=4.5734 selection_score=-4.5734 complexity=0.18->0.27 safety=0+0.00sigma scale=0.82->0.73 pass_reference_only=0.0%
  Joint train structure: Keep P/R/F1=0.544/0.518/0.531, critical_false_delete=0.417, proposal R@.005/.01/.02=0.884/0.997/1.000, parameter_bias=7.191e-03, count-cal loss=2.729e-02, score/target/bias/MAE=28.31/30.05/-1.74/4.79, fine-risk mean/std/range=0.504/0.232/0.750, fine-loss/rank=3.862e-01/1.531e+00
  Synthetic K=56: n=46, dense=100.0%, deployment=0.0%
  Synthetic: dense=100.0%, deployment=0.0%, MSE=2.538e-03, K=31.32, targetK=31.74, count_MAE=5.38, bias=-0.41, knot_F1@0.01=0.569, param_RMSE=2.007e-02
  uji_pen_characters_v2: dense=100.0%, deployment=48.0%, MSE=9.521e-04, K=15.44
  natural_earth_10m_coastline: dense=98.0%, deployment=0.0%, MSE=2.044e-03, K=15.11
  usgs_tnm_contours_large_scale: dense=100.0%, deployment=7.0%, MSE=1.507e-03, K=14.84
  industrial_model_offset_curves: dense=100.0%, deployment=23.7%, MSE=2.573e-03, K=16.11
Epoch 068/128 selector_warmup [........................] 1/47 MSE=2.605e-03 pass=0.0% K=29.4 targetK=29.7 countMAE=4.41 lr=proposal:0.0e+00/parameter:0.0e+00/selector:2.0e-04/decoder:5.0e-05
Epoch 068/128 selector_warmup [=====...................] 10/47 MSE=2.783e-03 pass=0.0% K=29.1 targetK=31.4 countMAE=5.16 lr=proposal:0.0e+00/parameter:0.0e+00/selector:2.0e-04/decoder:5.0e-05
Epoch 068/128 selector_warmup [==========..............] 20/47 MSE=2.551e-03 pass=1.6% K=31.0 targetK=31.8 countMAE=4.70 lr=proposal:0.0e+00/parameter:0.0e+00/selector:2.0e-04/decoder:5.0e-05
Epoch 068/128 selector_warmup [===============.........] 30/47 MSE=2.677e-03 pass=0.0% K=26.5 targetK=27.9 countMAE=3.88 lr=proposal:0.0e+00/parameter:0.0e+00/selector:2.0e-04/decoder:5.0e-05
Epoch 068/128 selector_warmup [====================....] 40/47 MSE=2.406e-03 pass=0.0% K=29.7 targetK=28.5 countMAE=4.81 lr=proposal:0.0e+00/parameter:0.0e+00/selector:2.0e-04/decoder:5.0e-05
Epoch 068/128 selector_warmup [========================] 47/47 MSE=2.486e-03 pass=0.0% K=30.5 targetK=31.0 countMAE=4.39 lr=proposal:0.0e+00/parameter:0.0e+00/selector:2.0e-04/decoder:5.0e-05
  validation [=.......................] 1/16 
  validation [===============.........] 10/16 
  validation [========================] 16/16 
Epoch 068 phase=selector_warmup lr=proposal:0.0e+00/parameter:0.0e+00/selector:2.0e-04/decoder:5.0e-05 val dense=99.8% deployment=7.3% worst-source=0.0% qualification=0.0% MSE=2.585e-03 K=23.73 mass=23.21 beta=1.79 soft_cost=4.6657 selection_score=-4.6657 complexity=0.27->0.36 safety=0+0.00sigma scale=0.73->0.64 pass_reference_only=0.0%
  Joint train structure: Keep P/R/F1=0.539/0.522/0.530, critical_false_delete=0.419, proposal R@.005/.01/.02=0.879/0.997/1.000, parameter_bias=6.932e-03, count-cal loss=2.145e-02, score/target/bias/MAE=28.59/29.74/-1.15/4.75, fine-risk mean/std/range=0.504/0.232/0.750, fine-loss/rank=3.843e-01/1.533e+00
  Synthetic K=56: n=46, dense=100.0%, deployment=0.0%
  Synthetic: dense=100.0%, deployment=0.0%, MSE=2.678e-03, K=29.22, targetK=31.74, count_MAE=5.48, bias=-2.52, knot_F1@0.01=0.546, param_RMSE=2.236e-02
  uji_pen_characters_v2: dense=100.0%, deployment=35.0%, MSE=2.046e-03, K=14.84
  natural_earth_10m_coastline: dense=98.0%, deployment=0.0%, MSE=3.146e-03, K=13.87
  usgs_tnm_contours_large_scale: dense=100.0%, deployment=7.0%, MSE=2.453e-03, K=14.20
  industrial_model_offset_curves: dense=100.0%, deployment=32.3%, MSE=2.096e-03, K=18.71
Epoch 069/128 selector_warmup [........................] 1/47 MSE=2.676e-03 pass=0.0% K=27.8 targetK=29.3 countMAE=4.47 lr=proposal:0.0e+00/parameter:0.0e+00/selector:2.0e-04/decoder:5.0e-05
Epoch 069/128 selector_warmup [=====...................] 10/47 MSE=2.822e-03 pass=0.0% K=29.0 targetK=31.7 countMAE=5.55 lr=proposal:0.0e+00/parameter:0.0e+00/selector:2.0e-04/decoder:5.0e-05
Epoch 069/128 selector_warmup [==========..............] 20/47 MSE=2.719e-03 pass=0.0% K=32.2 targetK=33.0 countMAE=5.61 lr=proposal:0.0e+00/parameter:0.0e+00/selector:2.0e-04/decoder:5.0e-05
Epoch 069/128 selector_warmup [===============.........] 30/47 MSE=2.570e-03 pass=0.0% K=32.5 targetK=34.0 countMAE=4.83 lr=proposal:0.0e+00/parameter:0.0e+00/selector:2.0e-04/decoder:5.0e-05
Epoch 069/128 selector_warmup [====================....] 40/47 MSE=2.659e-03 pass=0.0% K=31.7 targetK=32.2 countMAE=4.84 lr=proposal:0.0e+00/parameter:0.0e+00/selector:2.0e-04/decoder:5.0e-05
Epoch 069/128 selector_warmup [========================] 47/47 MSE=2.754e-03 pass=0.0% K=27.6 targetK=28.8 countMAE=3.98 lr=proposal:0.0e+00/parameter:0.0e+00/selector:2.0e-04/decoder:5.0e-05
  validation [=.......................] 1/16 
  validation [===============.........] 10/16 
  validation [========================] 16/16 
Epoch 069 phase=selector_warmup lr=proposal:0.0e+00/parameter:0.0e+00/selector:2.0e-04/decoder:5.0e-05 val dense=99.8% deployment=4.2% worst-source=0.0% qualification=0.0% MSE=3.033e-03 K=23.64 mass=23.15 beta=1.96 soft_cost=4.8828 selection_score=-4.8828 complexity=0.36->0.45 safety=0+0.00sigma scale=0.64->0.55 pass_reference_only=0.0%
  Joint train structure: Keep P/R/F1=0.547/0.524/0.535, critical_false_delete=0.435, proposal R@.005/.01/.02=0.884/0.997/1.000, parameter_bias=7.077e-03, count-cal loss=1.918e-02, score/target/bias/MAE=29.06/30.56/-1.50/4.69, fine-risk mean/std/range=0.504/0.232/0.750, fine-loss/rank=3.817e-01/1.545e+00
  Synthetic K=56: n=46, dense=100.0%, deployment=0.0%
  Synthetic: dense=100.0%, deployment=0.0%, MSE=2.716e-03, K=29.88, targetK=31.74, count_MAE=4.74, bias=-1.85, knot_F1@0.01=0.550, param_RMSE=2.552e-02
  uji_pen_characters_v2: dense=100.0%, deployment=26.0%, MSE=4.123e-03, K=12.30
  natural_earth_10m_coastline: dense=98.0%, deployment=0.0%, MSE=4.425e-03, K=12.22
  usgs_tnm_contours_large_scale: dense=100.0%, deployment=3.0%, MSE=3.300e-03, K=13.12
  industrial_model_offset_curves: dense=100.0%, deployment=14.0%, MSE=2.124e-03, K=19.18
Epoch 070/128 selector_warmup [........................] 1/47 MSE=2.692e-03 pass=0.0% K=28.0 targetK=28.5 countMAE=3.34 lr=proposal:0.0e+00/parameter:0.0e+00/selector:2.0e-04/decoder:5.0e-05
Epoch 070/128 selector_warmup [=====...................] 10/47 MSE=2.759e-03 pass=0.0% K=30.0 targetK=31.7 countMAE=4.66 lr=proposal:0.0e+00/parameter:0.0e+00/selector:2.0e-04/decoder:5.0e-05
Epoch 070/128 selector_warmup [==========..............] 20/47 MSE=2.906e-03 pass=0.0% K=27.6 targetK=29.9 countMAE=4.23 lr=proposal:0.0e+00/parameter:0.0e+00/selector:2.0e-04/decoder:5.0e-05
Epoch 070/128 selector_warmup [===============.........] 30/47 MSE=2.564e-03 pass=0.0% K=31.1 targetK=29.9 countMAE=4.02 lr=proposal:0.0e+00/parameter:0.0e+00/selector:2.0e-04/decoder:5.0e-05
Epoch 070/128 selector_warmup [====================....] 40/47 MSE=2.579e-03 pass=0.0% K=29.8 targetK=30.7 countMAE=4.75 lr=proposal:0.0e+00/parameter:0.0e+00/selector:2.0e-04/decoder:5.0e-05
Epoch 070/128 selector_warmup [========================] 47/47 MSE=2.861e-03 pass=0.0% K=29.2 targetK=31.6 countMAE=4.50 lr=proposal:0.0e+00/parameter:0.0e+00/selector:2.0e-04/decoder:5.0e-05
  validation [=.......................] 1/16 
  validation [===============.........] 10/16 
  validation [========================] 16/16 
Epoch 070 phase=selector_warmup lr=proposal:0.0e+00/parameter:0.0e+00/selector:2.0e-04/decoder:5.0e-05 val dense=99.8% deployment=4.5% worst-source=0.0% qualification=0.0% MSE=3.390e-03 K=22.52 mass=22.02 beta=2.22 soft_cost=4.9692 selection_score=-4.9692 complexity=0.45->0.55 safety=0+0.00sigma scale=0.55->0.45 pass_reference_only=0.0%
  Joint train structure: Keep P/R/F1=0.540/0.524/0.532, critical_false_delete=0.451, proposal R@.005/.01/.02=0.879/0.996/1.000, parameter_bias=7.200e-03, count-cal loss=1.798e-02, score/target/bias/MAE=28.79/29.91/-1.12/4.19, fine-risk mean/std/range=0.504/0.232/0.750, fine-loss/rank=3.823e-01/1.543e+00
  Synthetic K=56: n=46, dense=100.0%, deployment=0.0%
  Synthetic: dense=100.0%, deployment=0.0%, MSE=2.841e-03, K=28.89, targetK=31.74, count_MAE=4.79, bias=-2.85, knot_F1@0.01=0.544, param_RMSE=2.815e-02
  uji_pen_characters_v2: dense=100.0%, deployment=24.0%, MSE=5.296e-03, K=10.10
  natural_earth_10m_coastline: dense=98.0%, deployment=0.0%, MSE=5.602e-03, K=10.31
  usgs_tnm_contours_large_scale: dense=100.0%, deployment=2.0%, MSE=3.798e-03, K=11.67
  industrial_model_offset_curves: dense=100.0%, deployment=20.4%, MSE=2.064e-03, K=19.63
Epoch 071/128 selector_warmup [........................] 1/47 MSE=2.961e-03 pass=0.0% K=27.3 targetK=30.6 countMAE=4.72 lr=proposal:0.0e+00/parameter:0.0e+00/selector:2.0e-04/decoder:5.0e-05
Epoch 071/128 selector_warmup [=====...................] 10/47 MSE=2.573e-03 pass=0.0% K=27.7 targetK=27.9 countMAE=3.50 lr=proposal:0.0e+00/parameter:0.0e+00/selector:2.0e-04/decoder:5.0e-05
Epoch 071/128 selector_warmup [==========..............] 20/47 MSE=2.667e-03 pass=0.0% K=30.3 targetK=32.0 countMAE=4.06 lr=proposal:0.0e+00/parameter:0.0e+00/selector:2.0e-04/decoder:5.0e-05
Epoch 071/128 selector_warmup [===============.........] 30/47 MSE=2.417e-03 pass=0.0% K=33.3 targetK=34.9 countMAE=4.42 lr=proposal:0.0e+00/parameter:0.0e+00/selector:2.0e-04/decoder:5.0e-05
Epoch 071/128 selector_warmup [====================....] 40/47 MSE=2.507e-03 pass=0.0% K=28.8 targetK=29.9 countMAE=3.81 lr=proposal:0.0e+00/parameter:0.0e+00/selector:2.0e-04/decoder:5.0e-05
Epoch 071/128 selector_warmup [========================] 47/47 MSE=2.257e-03 pass=0.0% K=29.1 targetK=29.1 countMAE=3.80 lr=proposal:0.0e+00/parameter:0.0e+00/selector:2.0e-04/decoder:5.0e-05
  validation [=.......................] 1/16 
  validation [===============.........] 10/16 
  validation [========================] 16/16 
Epoch 071 phase=selector_warmup lr=proposal:0.0e+00/parameter:0.0e+00/selector:2.0e-04/decoder:5.0e-05 val dense=99.8% deployment=7.7% worst-source=0.0% qualification=0.0% MSE=2.167e-03 K=24.67 mass=24.17 beta=2.50 soft_cost=4.5191 selection_score=-4.5191 complexity=0.55->0.64 safety=0+0.00sigma scale=0.45->0.36 pass_reference_only=0.0%
  Joint train structure: Keep P/R/F1=0.546/0.536/0.540, critical_false_delete=0.445, proposal R@.005/.01/.02=0.879/0.997/1.000, parameter_bias=7.179e-03, count-cal loss=1.769e-02, score/target/bias/MAE=29.17/30.00/-0.82/4.22, fine-risk mean/std/range=0.504/0.232/0.750, fine-loss/rank=3.819e-01/1.556e+00
  Synthetic K=56: n=46, dense=100.0%, deployment=0.0%
  Synthetic: dense=100.0%, deployment=0.0%, MSE=2.385e-03, K=30.59, targetK=31.74, count_MAE=4.39, bias=-1.14, knot_F1@0.01=0.584, param_RMSE=3.021e-02
  uji_pen_characters_v2: dense=100.0%, deployment=35.0%, MSE=7.052e-04, K=12.08
  natural_earth_10m_coastline: dense=98.0%, deployment=0.0%, MSE=2.318e-03, K=13.28
  usgs_tnm_contours_large_scale: dense=100.0%, deployment=11.0%, MSE=1.941e-03, K=14.42
  industrial_model_offset_curves: dense=100.0%, deployment=32.3%, MSE=2.410e-03, K=23.27
Epoch 072/128 selector_warmup [........................] 1/47 MSE=2.539e-03 pass=0.0% K=26.0 targetK=28.3 countMAE=4.03 lr=proposal:0.0e+00/parameter:0.0e+00/selector:2.0e-04/decoder:5.0e-05
Epoch 072/128 selector_warmup [=====...................] 10/47 MSE=2.251e-03 pass=0.0% K=28.0 targetK=27.3 countMAE=3.80 lr=proposal:0.0e+00/parameter:0.0e+00/selector:2.0e-04/decoder:5.0e-05
Epoch 072/128 selector_warmup [==========..............] 20/47 MSE=2.318e-03 pass=0.0% K=31.1 targetK=31.5 countMAE=4.59 lr=proposal:0.0e+00/parameter:0.0e+00/selector:2.0e-04/decoder:5.0e-05
Epoch 072/128 selector_warmup [===============.........] 30/47 MSE=2.370e-03 pass=0.0% K=28.0 targetK=27.0 countMAE=4.11 lr=proposal:0.0e+00/parameter:0.0e+00/selector:2.0e-04/decoder:5.0e-05
Epoch 072/128 selector_warmup [====================....] 40/47 MSE=2.566e-03 pass=0.0% K=29.6 targetK=31.9 countMAE=4.02 lr=proposal:0.0e+00/parameter:0.0e+00/selector:2.0e-04/decoder:5.0e-05
Epoch 072/128 selector_warmup [========================] 47/47 MSE=2.428e-03 pass=0.0% K=28.5 targetK=27.1 countMAE=3.16 lr=proposal:0.0e+00/parameter:0.0e+00/selector:2.0e-04/decoder:5.0e-05
  validation [=.......................] 1/16 
  validation [===============.........] 10/16 
  validation [========================] 16/16 
Epoch 072 phase=selector_warmup lr=proposal:0.0e+00/parameter:0.0e+00/selector:2.0e-04/decoder:5.0e-05 val dense=99.8% deployment=6.8% worst-source=0.0% qualification=0.0% MSE=2.481e-03 K=26.99 mass=26.47 beta=2.47 soft_cost=4.6192 selection_score=-4.6192 complexity=0.64->0.73 safety=0+0.00sigma scale=0.36->0.27 pass_reference_only=0.0%
  Joint train structure: Keep P/R/F1=0.546/0.536/0.540, critical_false_delete=0.441, proposal R@.005/.01/.02=0.878/0.996/1.000, parameter_bias=7.149e-03, count-cal loss=2.081e-02, score/target/bias/MAE=28.71/29.50/-0.79/4.27, fine-risk mean/std/range=0.504/0.232/0.750, fine-loss/rank=3.893e-01/1.557e+00
  Synthetic K=56: n=46, dense=100.0%, deployment=0.0%
  Synthetic: dense=100.0%, deployment=0.0%, MSE=2.239e-03, K=33.64, targetK=31.74, count_MAE=5.04, bias=+1.91, knot_F1@0.01=0.593, param_RMSE=3.147e-02
  uji_pen_characters_v2: dense=100.0%, deployment=29.0%, MSE=2.990e-03, K=12.12
  natural_earth_10m_coastline: dense=98.0%, deployment=2.0%, MSE=3.686e-03, K=13.63
  usgs_tnm_contours_large_scale: dense=100.0%, deployment=7.0%, MSE=2.839e-03, K=15.54
  industrial_model_offset_curves: dense=100.0%, deployment=32.3%, MSE=1.816e-03, K=26.72
Epoch 073/128 joint_finetune [........................] 1/47 MSE=2.318e-03 pass=0.0% K=32.3 targetK=29.5 countMAE=4.48 lr=proposal:1.0e-05/parameter:5.0e-05/selector:2.0e-04/decoder:5.0e-05
Epoch 073/128 joint_finetune [=====...................] 10/47 MSE=2.256e-03 pass=0.0% K=28.4 targetK=29.4 countMAE=4.30 lr=proposal:1.0e-05/parameter:5.0e-05/selector:2.0e-04/decoder:5.0e-05
Epoch 073/128 joint_finetune [==========..............] 20/47 MSE=2.170e-03 pass=0.0% K=32.0 targetK=31.5 countMAE=4.67 lr=proposal:1.0e-05/parameter:5.0e-05/selector:2.0e-04/decoder:5.0e-05
Epoch 073/128 joint_finetune [===============.........] 30/47 MSE=2.082e-03 pass=0.0% K=28.6 targetK=29.6 countMAE=4.14 lr=proposal:1.0e-05/parameter:5.0e-05/selector:2.0e-04/decoder:5.0e-05
Epoch 073/128 joint_finetune [====================....] 40/47 MSE=2.068e-03 pass=0.0% K=33.0 targetK=32.3 countMAE=4.36 lr=proposal:1.0e-05/parameter:5.0e-05/selector:2.0e-04/decoder:5.0e-05
Epoch 073/128 joint_finetune [========================] 47/47 MSE=2.264e-03 pass=0.0% K=30.3 targetK=31.8 countMAE=3.84 lr=proposal:1.0e-05/parameter:5.0e-05/selector:2.0e-04/decoder:5.0e-05
  validation [=.......................] 1/16 
  validation [===============.........] 10/16 
  validation [========================] 16/16 
Epoch 073 phase=joint_finetune lr=proposal:1.0e-05/parameter:5.0e-05/selector:2.0e-04/decoder:5.0e-05 val dense=99.8% deployment=7.3% worst-source=0.0% qualification=0.0% MSE=2.114e-03 K=24.95 mass=24.42 beta=2.82 soft_cost=4.5143 selection_score=-4.5143 complexity=0.73->0.82 safety=0+0.00sigma scale=0.27->0.18 pass_reference_only=0.0%
  Joint train structure: Keep P/R/F1=0.554/0.544/0.549, critical_false_delete=0.436, proposal R@.005/.01/.02=0.888/0.998/1.000, parameter_bias=7.871e-03, count-cal loss=1.964e-02, score/target/bias/MAE=29.14/29.92/-0.79/4.07, fine-risk mean/std/range=0.504/0.232/0.750, fine-loss/rank=3.804e-01/1.552e+00
  Synthetic K=56: n=46, dense=100.0%, deployment=0.0%
  Synthetic: dense=100.0%, deployment=0.0%, MSE=2.262e-03, K=30.76, targetK=31.74, count_MAE=4.29, bias=-0.98, knot_F1@0.01=0.582, param_RMSE=3.231e-02
  uji_pen_characters_v2: dense=100.0%, deployment=33.0%, MSE=1.419e-03, K=11.26
  natural_earth_10m_coastline: dense=98.0%, deployment=0.0%, MSE=2.147e-03, K=12.54
  usgs_tnm_contours_large_scale: dense=100.0%, deployment=9.0%, MSE=1.579e-03, K=14.19
  industrial_model_offset_curves: dense=100.0%, deployment=32.3%, MSE=2.451e-03, K=27.13
Epoch 074/128 joint_finetune [........................] 1/47 MSE=2.286e-03 pass=0.0% K=28.3 targetK=28.9 countMAE=3.09 lr=proposal:1.0e-05/parameter:5.0e-05/selector:2.0e-04/decoder:5.0e-05
Epoch 074/128 joint_finetune [=====...................] 10/47 MSE=2.597e-03 pass=0.0% K=24.6 targetK=26.2 countMAE=3.55 lr=proposal:1.0e-05/parameter:5.0e-05/selector:2.0e-04/decoder:5.0e-05
Epoch 074/128 joint_finetune [==========..............] 20/47 MSE=2.199e-03 pass=0.0% K=33.2 targetK=34.1 countMAE=4.77 lr=proposal:1.0e-05/parameter:5.0e-05/selector:2.0e-04/decoder:5.0e-05
Epoch 074/128 joint_finetune [===============.........] 30/47 MSE=2.194e-03 pass=0.0% K=27.3 targetK=26.8 countMAE=3.38 lr=proposal:1.0e-05/parameter:5.0e-05/selector:2.0e-04/decoder:5.0e-05
Epoch 074/128 joint_finetune [====================....] 40/47 MSE=2.547e-03 pass=0.0% K=28.5 targetK=30.0 countMAE=3.89 lr=proposal:1.0e-05/parameter:5.0e-05/selector:2.0e-04/decoder:5.0e-05
Epoch 074/128 joint_finetune [========================] 47/47 MSE=1.929e-03 pass=0.0% K=31.7 targetK=29.2 countMAE=5.36 lr=proposal:1.0e-05/parameter:5.0e-05/selector:2.0e-04/decoder:5.0e-05
  validation [=.......................] 1/16 
  validation [===============.........] 10/16 
  validation [========================] 16/16 
Epoch 074 phase=joint_finetune lr=proposal:1.0e-05/parameter:5.0e-05/selector:2.0e-04/decoder:5.0e-05 val dense=99.8% deployment=8.1% worst-source=0.0% qualification=0.0% MSE=1.760e-03 K=28.10 mass=27.59 beta=3.00 soft_cost=4.3509 selection_score=-4.3509 complexity=0.82->0.91 safety=0+0.00sigma scale=0.18->0.09 pass_reference_only=0.0%
  Joint train structure: Keep P/R/F1=0.549/0.547/0.548, critical_false_delete=0.421, proposal R@.005/.01/.02=0.889/0.998/1.000, parameter_bias=7.978e-03, count-cal loss=1.947e-02, score/target/bias/MAE=29.48/29.81/-0.34/4.16, fine-risk mean/std/range=0.504/0.232/0.750, fine-loss/rank=3.802e-01/1.562e+00
  Synthetic K=56: n=46, dense=100.0%, deployment=0.0%
  Synthetic: dense=100.0%, deployment=0.0%, MSE=1.962e-03, K=33.80, targetK=31.74, count_MAE=5.36, bias=+2.06, knot_F1@0.01=0.594, param_RMSE=3.291e-02
  uji_pen_characters_v2: dense=100.0%, deployment=39.0%, MSE=9.399e-04, K=13.59
  natural_earth_10m_coastline: dense=98.0%, deployment=0.0%, MSE=1.726e-03, K=15.42
  usgs_tnm_contours_large_scale: dense=100.0%, deployment=11.0%, MSE=1.367e-03, K=17.60
  industrial_model_offset_curves: dense=100.0%, deployment=32.3%, MSE=1.803e-03, K=31.84
Epoch 075/128 joint_finetune [........................] 1/47 MSE=2.025e-03 pass=0.0% K=33.6 targetK=32.0 countMAE=4.81 lr=proposal:1.0e-05/parameter:5.0e-05/selector:2.0e-04/decoder:5.0e-05
Epoch 075/128 joint_finetune [=====...................] 10/47 MSE=2.190e-03 pass=0.0% K=28.5 targetK=28.5 countMAE=4.62 lr=proposal:1.0e-05/parameter:5.0e-05/selector:2.0e-04/decoder:5.0e-05
Epoch 075/128 joint_finetune [==========..............] 20/47 MSE=2.264e-03 pass=0.0% K=27.9 targetK=28.3 countMAE=4.05 lr=proposal:1.0e-05/parameter:5.0e-05/selector:2.0e-04/decoder:5.0e-05
Epoch 075/128 joint_finetune [===============.........] 30/47 MSE=2.374e-03 pass=0.0% K=29.9 targetK=32.1 countMAE=3.77 lr=proposal:1.0e-05/parameter:5.0e-05/selector:2.0e-04/decoder:5.0e-05
Epoch 075/128 joint_finetune [====================....] 40/47 MSE=2.543e-03 pass=0.0% K=27.1 targetK=28.3 countMAE=3.34 lr=proposal:1.0e-05/parameter:5.0e-05/selector:2.0e-04/decoder:5.0e-05
Epoch 075/128 joint_finetune [========================] 47/47 MSE=1.989e-03 pass=0.0% K=31.0 targetK=28.7 countMAE=4.62 lr=proposal:1.0e-05/parameter:5.0e-05/selector:2.0e-04/decoder:5.0e-05
  validation [=.......................] 1/16 
  validation [===============.........] 10/16 
  validation [========================] 16/16 
Epoch 075 phase=joint_finetune lr=proposal:1.0e-05/parameter:5.0e-05/selector:2.0e-04/decoder:5.0e-05 val dense=99.8% deployment=7.9% worst-source=0.0% qualification=0.0% MSE=1.935e-03 K=28.02 mass=27.49 beta=3.27 soft_cost=4.4196 selection_score=-4.4196 complexity=0.91->1.00 safety=0+0.00sigma scale=0.09->0.00 pass_reference_only=0.0%
  Joint train structure: Keep P/R/F1=0.544/0.539/0.541, critical_false_delete=0.435, proposal R@.005/.01/.02=0.885/0.998/1.000, parameter_bias=8.242e-03, count-cal loss=2.087e-02, score/target/bias/MAE=28.89/29.41/-0.52/4.06, fine-risk mean/std/range=0.504/0.232/0.750, fine-loss/rank=3.916e-01/1.562e+00
  Synthetic K=56: n=46, dense=100.0%, deployment=0.0%
  Synthetic: dense=100.0%, deployment=0.0%, MSE=2.035e-03, K=33.78, targetK=31.74, count_MAE=5.36, bias=+2.04, knot_F1@0.01=0.596, param_RMSE=3.375e-02
  uji_pen_characters_v2: dense=100.0%, deployment=34.0%, MSE=1.418e-03, K=12.58
  natural_earth_10m_coastline: dense=98.0%, deployment=0.0%, MSE=2.281e-03, K=13.91
  usgs_tnm_contours_large_scale: dense=100.0%, deployment=14.0%, MSE=1.975e-03, K=16.70
  industrial_model_offset_curves: dense=100.0%, deployment=32.3%, MSE=1.424e-03, K=34.83
Epoch 076/128 joint_finetune [........................] 1/47 MSE=2.055e-03 pass=0.0% K=32.6 targetK=31.1 countMAE=4.66 lr=proposal:1.0e-05/parameter:5.0e-05/selector:2.0e-04/decoder:5.0e-05
Epoch 076/128 joint_finetune [=====...................] 10/47 MSE=2.496e-03 pass=0.0% K=28.1 targetK=31.2 countMAE=4.45 lr=proposal:1.0e-05/parameter:5.0e-05/selector:2.0e-04/decoder:5.0e-05
Epoch 076/128 joint_finetune [==========..............] 20/47 MSE=2.333e-03 pass=0.0% K=29.6 targetK=30.4 countMAE=3.98 lr=proposal:1.0e-05/parameter:5.0e-05/selector:2.0e-04/decoder:5.0e-05
Epoch 076/128 joint_finetune [===============.........] 30/47 MSE=2.155e-03 pass=0.0% K=33.5 targetK=32.4 countMAE=4.84 lr=proposal:1.0e-05/parameter:5.0e-05/selector:2.0e-04/decoder:5.0e-05
Epoch 076/128 joint_finetune [====================....] 40/47 MSE=2.669e-03 pass=0.0% K=27.6 targetK=28.8 countMAE=3.92 lr=proposal:1.0e-05/parameter:5.0e-05/selector:2.0e-04/decoder:5.0e-05
Epoch 076/128 joint_finetune [========================] 47/47 MSE=2.523e-03 pass=0.0% K=30.6 targetK=31.7 countMAE=4.50 lr=proposal:1.0e-05/parameter:5.0e-05/selector:2.0e-04/decoder:5.0e-05
  validation [=.......................] 1/16 
  validation [===============.........] 10/16 
  validation [========================] 16/16 
Epoch 076 phase=joint_finetune lr=proposal:1.0e-05/parameter:5.0e-05/selector:2.0e-04/decoder:5.0e-05 val dense=99.8% deployment=6.6% worst-source=0.0% qualification=0.0% MSE=2.612e-03 K=25.24 mass=24.70 beta=3.40 soft_cost=4.7027 selection_score=-4.7027 complexity=1.00->1.00 safety=0+0.00sigma scale=0.00->0.00 pass_reference_only=0.0%
  Joint train structure: Keep P/R/F1=0.556/0.551/0.554, critical_false_delete=0.419, proposal R@.005/.01/.02=0.891/0.998/1.000, parameter_bias=8.340e-03, count-cal loss=2.070e-02, score/target/bias/MAE=29.86/30.37/-0.51/4.21, fine-risk mean/std/range=0.504/0.232/0.750, fine-loss/rank=3.817e-01/1.572e+00
  Synthetic K=56: n=46, dense=100.0%, deployment=0.0%
  Synthetic: dense=100.0%, deployment=0.0%, MSE=2.420e-03, K=31.20, targetK=31.74, count_MAE=4.26, bias=-0.54, knot_F1@0.01=0.581, param_RMSE=3.406e-02
  uji_pen_characters_v2: dense=100.0%, deployment=26.0%, MSE=2.941e-03, K=9.14
  natural_earth_10m_coastline: dense=98.0%, deployment=1.0%, MSE=4.273e-03, K=10.51
  usgs_tnm_contours_large_scale: dense=100.0%, deployment=9.0%, MSE=2.787e-03, K=13.01
  industrial_model_offset_curves: dense=100.0%, deployment=32.3%, MSE=1.525e-03, K=33.08
Epoch 077/128 joint_finetune [........................] 1/47 MSE=2.676e-03 pass=0.0% K=26.6 targetK=26.9 countMAE=3.50 lr=proposal:1.0e-05/parameter:5.0e-05/selector:2.0e-04/decoder:5.0e-05
Epoch 077/128 joint_finetune [=====...................] 10/47 MSE=2.374e-03 pass=0.0% K=28.9 targetK=28.0 countMAE=4.88 lr=proposal:1.0e-05/parameter:5.0e-05/selector:2.0e-04/decoder:5.0e-05
Epoch 077/128 joint_finetune [==========..............] 20/47 MSE=2.342e-03 pass=0.0% K=33.4 targetK=31.9 countMAE=4.28 lr=proposal:1.0e-05/parameter:5.0e-05/selector:2.0e-04/decoder:5.0e-05
Epoch 077/128 joint_finetune [===============.........] 30/47 MSE=2.469e-03 pass=0.0% K=30.1 targetK=31.5 countMAE=4.81 lr=proposal:1.0e-05/parameter:5.0e-05/selector:2.0e-04/decoder:5.0e-05
Epoch 077/128 joint_finetune [====================....] 40/47 MSE=2.861e-03 pass=0.0% K=25.8 targetK=31.0 countMAE=5.56 lr=proposal:1.0e-05/parameter:5.0e-05/selector:2.0e-04/decoder:5.0e-05
Epoch 077/128 joint_finetune [========================] 47/47 MSE=1.811e-03 pass=0.0% K=35.8 targetK=29.8 countMAE=6.55 lr=proposal:1.0e-05/parameter:5.0e-05/selector:2.0e-04/decoder:5.0e-05
  validation [=.......................] 1/16 
  validation [===============.........] 10/16 
  validation [========================] 16/16 
Epoch 077 phase=joint_finetune lr=proposal:1.0e-05/parameter:5.0e-05/selector:2.0e-04/decoder:5.0e-05 val dense=99.8% deployment=8.4% worst-source=0.2% qualification=0.0% MSE=1.783e-03 K=31.71 mass=31.18 beta=3.58 soft_cost=4.3042 selection_score=-4.3042 complexity=1.00->1.00 safety=0+0.00sigma scale=0.00->0.00 pass_reference_only=0.0%
  Joint train structure: Keep P/R/F1=0.552/0.556/0.553, critical_false_delete=0.410, proposal R@.005/.01/.02=0.891/0.998/1.000, parameter_bias=8.585e-03, count-cal loss=3.226e-02, score/target/bias/MAE=29.64/29.66/-0.02/4.61, fine-risk mean/std/range=0.504/0.232/0.750, fine-loss/rank=3.883e-01/1.589e+00
  Synthetic K=56: n=46, dense=100.0%, deployment=0.0%
  Synthetic: dense=100.0%, deployment=0.2%, MSE=1.872e-03, K=37.05, targetK=31.74, count_MAE=7.30, bias=+5.32, knot_F1@0.01=0.607, param_RMSE=3.556e-02
  uji_pen_characters_v2: dense=100.0%, deployment=33.0%, MSE=1.292e-03, K=14.82
  natural_earth_10m_coastline: dense=98.0%, deployment=1.0%, MSE=2.525e-03, K=15.89
  usgs_tnm_contours_large_scale: dense=100.0%, deployment=16.0%, MSE=1.794e-03, K=20.63
  industrial_model_offset_curves: dense=100.0%, deployment=34.4%, MSE=9.273e-04, K=44.33
Epoch 078/128 joint_finetune [........................] 1/47 MSE=1.752e-03 pass=0.0% K=36.5 targetK=30.0 countMAE=7.47 lr=proposal:1.0e-05/parameter:5.0e-05/selector:2.0e-04/decoder:5.0e-05
Epoch 078/128 joint_finetune [=====...................] 10/47 MSE=2.614e-03 pass=0.0% K=29.1 targetK=30.6 countMAE=5.56 lr=proposal:1.0e-05/parameter:5.0e-05/selector:2.0e-04/decoder:5.0e-05
Epoch 078/128 joint_finetune [==========..............] 20/47 MSE=2.334e-03 pass=0.0% K=28.5 targetK=28.2 countMAE=3.41 lr=proposal:1.0e-05/parameter:5.0e-05/selector:2.0e-04/decoder:5.0e-05
Epoch 078/128 joint_finetune [===============.........] 30/47 MSE=2.382e-03 pass=0.0% K=27.4 targetK=27.6 countMAE=4.08 lr=proposal:1.0e-05/parameter:5.0e-05/selector:2.0e-04/decoder:5.0e-05
Epoch 078/128 joint_finetune [====================....] 40/47 MSE=2.066e-03 pass=0.0% K=30.9 targetK=29.8 countMAE=4.05 lr=proposal:1.0e-05/parameter:5.0e-05/selector:2.0e-04/decoder:5.0e-05
Epoch 078/128 joint_finetune [========================] 47/47 MSE=2.542e-03 pass=0.0% K=25.9 targetK=29.6 countMAE=4.88 lr=proposal:1.0e-05/parameter:5.0e-05/selector:2.0e-04/decoder:5.0e-05
  validation [=.......................] 1/16 
  validation [===============.........] 10/16 
  validation [========================] 16/16 
Epoch 078 phase=joint_finetune lr=proposal:1.0e-05/parameter:5.0e-05/selector:2.0e-04/decoder:5.0e-05 val dense=99.8% deployment=6.8% worst-source=0.0% qualification=0.0% MSE=2.613e-03 K=22.71 mass=22.12 beta=4.09 soft_cost=4.7067 selection_score=-4.7067 complexity=1.00->1.00 safety=0+0.00sigma scale=0.00->0.00 pass_reference_only=0.0%
  Joint train structure: Keep P/R/F1=0.544/0.548/0.546, critical_false_delete=0.422, proposal R@.005/.01/.02=0.888/0.998/1.000, parameter_bias=8.636e-03, count-cal loss=2.925e-02, score/target/bias/MAE=29.46/29.49/-0.03/4.65, fine-risk mean/std/range=0.504/0.232/0.750, fine-loss/rank=3.941e-01/1.588e+00
  Synthetic K=56: n=46, dense=100.0%, deployment=0.0%
  Synthetic: dense=100.0%, deployment=0.0%, MSE=2.667e-03, K=26.78, targetK=31.74, count_MAE=5.94, bias=-4.95, knot_F1@0.01=0.541, param_RMSE=3.554e-02
  uji_pen_characters_v2: dense=100.0%, deployment=26.0%, MSE=2.218e-03, K=8.66
  natural_earth_10m_coastline: dense=98.0%, deployment=0.0%, MSE=4.088e-03, K=8.85
  usgs_tnm_contours_large_scale: dense=100.0%, deployment=12.0%, MSE=2.657e-03, K=11.78
  industrial_model_offset_curves: dense=100.0%, deployment=32.3%, MSE=1.047e-03, K=38.18
Epoch 079/128 joint_finetune [........................] 1/47 MSE=2.823e-03 pass=0.0% K=25.8 targetK=31.1 countMAE=6.03 lr=proposal:1.0e-05/parameter:5.0e-05/selector:2.0e-04/decoder:5.0e-05
Epoch 079/128 joint_finetune [=====...................] 10/47 MSE=1.763e-03 pass=0.0% K=38.2 targetK=33.0 countMAE=6.56 lr=proposal:1.0e-05/parameter:5.0e-05/selector:2.0e-04/decoder:5.0e-05
Epoch 079/128 joint_finetune [==========..............] 20/47 MSE=2.192e-03 pass=0.0% K=33.8 targetK=33.6 countMAE=4.84 lr=proposal:1.0e-05/parameter:5.0e-05/selector:2.0e-04/decoder:5.0e-05
Epoch 079/128 joint_finetune [===============.........] 30/47 MSE=2.344e-03 pass=0.0% K=30.2 targetK=30.6 countMAE=4.14 lr=proposal:1.0e-05/parameter:5.0e-05/selector:2.0e-04/decoder:5.0e-05
Epoch 079/128 joint_finetune [====================....] 40/47 MSE=2.141e-03 pass=0.0% K=32.5 targetK=30.6 countMAE=4.53 lr=proposal:1.0e-05/parameter:5.0e-05/selector:2.0e-04/decoder:5.0e-05
Epoch 079/128 joint_finetune [========================] 47/47 MSE=2.457e-03 pass=0.0% K=29.0 targetK=30.2 countMAE=3.61 lr=proposal:1.0e-05/parameter:5.0e-05/selector:2.0e-04/decoder:5.0e-05
  validation [=.......................] 1/16 
  validation [===============.........] 10/16 
  validation [========================] 16/16 
Epoch 079 phase=joint_finetune lr=proposal:1.0e-05/parameter:5.0e-05/selector:2.0e-04/decoder:5.0e-05 val dense=99.8% deployment=6.4% worst-source=0.0% qualification=0.0% MSE=2.402e-03 K=25.54 mass=24.96 beta=4.30 soft_cost=4.6409 selection_score=-4.6409 complexity=1.00->1.00 safety=0+0.00sigma scale=0.00->0.00 pass_reference_only=0.0%
  Joint train structure: Keep P/R/F1=0.551/0.558/0.554, critical_false_delete=0.405, proposal R@.005/.01/.02=0.890/0.998/1.000, parameter_bias=8.581e-03, count-cal loss=2.905e-02, score/target/bias/MAE=29.98/29.89/+0.08/4.70, fine-risk mean/std/range=0.504/0.232/0.750, fine-loss/rank=3.802e-01/1.567e+00
  Synthetic K=56: n=46, dense=100.0%, deployment=0.0%
  Synthetic: dense=100.0%, deployment=0.0%, MSE=2.396e-03, K=30.44, targetK=31.74, count_MAE=4.80, bias=-1.29, knot_F1@0.01=0.569, param_RMSE=3.625e-02
  uji_pen_characters_v2: dense=100.0%, deployment=22.0%, MSE=2.521e-03, K=9.44
  natural_earth_10m_coastline: dense=98.0%, deployment=1.0%, MSE=3.594e-03, K=10.43
  usgs_tnm_contours_large_scale: dense=100.0%, deployment=11.0%, MSE=2.359e-03, K=13.77
  industrial_model_offset_curves: dense=100.0%, deployment=32.3%, MSE=1.077e-03, K=40.14
Epoch 080/128 joint_finetune [........................] 1/47 MSE=2.191e-03 pass=0.0% K=31.5 targetK=31.6 countMAE=4.55 lr=proposal:1.0e-05/parameter:5.0e-05/selector:2.0e-04/decoder:5.0e-05
Epoch 080/128 joint_finetune [=====...................] 10/47 MSE=2.243e-03 pass=0.0% K=31.8 targetK=31.3 countMAE=4.64 lr=proposal:1.0e-05/parameter:5.0e-05/selector:2.0e-04/decoder:5.0e-05
Epoch 080/128 joint_finetune [==========..............] 20/47 MSE=1.981e-03 pass=0.0% K=32.2 targetK=30.9 countMAE=4.31 lr=proposal:1.0e-05/parameter:5.0e-05/selector:2.0e-04/decoder:5.0e-05
Epoch 080/128 joint_finetune [===============.........] 30/47 MSE=2.190e-03 pass=0.0% K=28.4 targetK=26.9 countMAE=4.84 lr=proposal:1.0e-05/parameter:5.0e-05/selector:2.0e-04/decoder:5.0e-05
Epoch 080/128 joint_finetune [====================....] 40/47 MSE=2.051e-03 pass=0.0% K=30.8 targetK=27.9 countMAE=4.86 lr=proposal:1.0e-05/parameter:5.0e-05/selector:2.0e-04/decoder:5.0e-05
Epoch 080/128 joint_finetune [========================] 47/47 MSE=2.503e-03 pass=0.0% K=27.7 targetK=30.5 countMAE=5.25 lr=proposal:1.0e-05/parameter:5.0e-05/selector:2.0e-04/decoder:5.0e-05
  validation [=.......................] 1/16 
  validation [===============.........] 10/16 
  validation [========================] 16/16 
Epoch 080 phase=joint_finetune lr=proposal:1.0e-05/parameter:5.0e-05/selector:2.0e-04/decoder:5.0e-05 val dense=99.8% deployment=6.5% worst-source=0.0% qualification=0.0% MSE=2.592e-03 K=23.16 mass=22.55 beta=4.68 soft_cost=4.7019 selection_score=-4.7019 complexity=1.00->1.00 safety=0+0.00sigma scale=0.00->0.00 pass_reference_only=0.0%
  Joint train structure: Keep P/R/F1=0.551/0.556/0.553, critical_false_delete=0.415, proposal R@.005/.01/.02=0.889/0.998/1.000, parameter_bias=8.735e-03, count-cal loss=3.103e-02, score/target/bias/MAE=29.90/29.90/-0.00/4.52, fine-risk mean/std/range=0.504/0.232/0.750, fine-loss/rank=3.906e-01/1.596e+00
  Synthetic K=56: n=46, dense=100.0%, deployment=0.0%
  Synthetic: dense=100.0%, deployment=0.0%, MSE=2.634e-03, K=27.14, targetK=31.74, count_MAE=5.93, bias=-4.60, knot_F1@0.01=0.545, param_RMSE=3.656e-02
  uji_pen_characters_v2: dense=100.0%, deployment=23.0%, MSE=2.519e-03, K=8.42
  natural_earth_10m_coastline: dense=98.0%, deployment=0.0%, MSE=3.768e-03, K=9.22
  usgs_tnm_contours_large_scale: dense=100.0%, deployment=12.0%, MSE=2.851e-03, K=12.01
  industrial_model_offset_curves: dense=100.0%, deployment=32.3%, MSE=8.590e-04, K=40.33
Epoch 081/128 joint_finetune [........................] 1/47 MSE=2.647e-03 pass=0.0% K=24.9 targetK=29.5 countMAE=5.61 lr=proposal:1.0e-05/parameter:5.0e-05/selector:2.0e-04/decoder:5.0e-05
Epoch 081/128 joint_finetune [=====...................] 10/47 MSE=1.658e-03 pass=1.6% K=34.7 targetK=29.6 countMAE=6.69 lr=proposal:1.0e-05/parameter:5.0e-05/selector:2.0e-04/decoder:5.0e-05
Epoch 081/128 joint_finetune [==========..............] 20/47 MSE=2.070e-03 pass=0.0% K=30.7 targetK=29.5 countMAE=4.31 lr=proposal:1.0e-05/parameter:5.0e-05/selector:2.0e-04/decoder:5.0e-05
Epoch 081/128 joint_finetune [===============.........] 30/47 MSE=2.541e-03 pass=0.0% K=24.8 targetK=27.3 countMAE=4.33 lr=proposal:1.0e-05/parameter:5.0e-05/selector:2.0e-04/decoder:5.0e-05
Epoch 081/128 joint_finetune [====================....] 40/47 MSE=2.100e-03 pass=0.0% K=29.3 targetK=26.8 countMAE=4.47 lr=proposal:1.0e-05/parameter:5.0e-05/selector:2.0e-04/decoder:5.0e-05
Epoch 081/128 joint_finetune [========================] 47/47 MSE=2.154e-03 pass=0.0% K=33.5 targetK=32.5 countMAE=4.52 lr=proposal:1.0e-05/parameter:5.0e-05/selector:2.0e-04/decoder:5.0e-05
  validation [=.......................] 1/16 
  validation [===============.........] 10/16 
  validation [========================] 16/16 
Epoch 081 phase=joint_finetune lr=proposal:1.0e-05/parameter:5.0e-05/selector:2.0e-04/decoder:5.0e-05 val dense=99.8% deployment=6.8% worst-source=0.0% qualification=0.0% MSE=2.073e-03 K=27.81 mass=27.23 beta=4.61 soft_cost=4.4662 selection_score=-4.4662 complexity=1.00->1.00 safety=0+0.00sigma scale=0.00->0.00 pass_reference_only=0.0%
  Joint train structure: Keep P/R/F1=0.554/0.559/0.555, critical_false_delete=0.404, proposal R@.005/.01/.02=0.889/0.998/1.000, parameter_bias=8.524e-03, count-cal loss=3.559e-02, score/target/bias/MAE=30.01/29.95/+0.06/4.81, fine-risk mean/std/range=0.504/0.232/0.750, fine-loss/rank=3.906e-01/1.596e+00
  Synthetic K=56: n=46, dense=100.0%, deployment=0.0%
  Synthetic: dense=100.0%, deployment=0.0%, MSE=2.117e-03, K=33.03, targetK=31.74, count_MAE=4.85, bias=+1.29, knot_F1@0.01=0.590, param_RMSE=3.671e-02
  uji_pen_characters_v2: dense=100.0%, deployment=24.0%, MSE=2.050e-03, K=10.09
  natural_earth_10m_coastline: dense=98.0%, deployment=0.0%, MSE=3.269e-03, K=11.13
  usgs_tnm_contours_large_scale: dense=100.0%, deployment=12.0%, MSE=2.148e-03, K=15.25
  industrial_model_offset_curves: dense=100.0%, deployment=34.4%, MSE=4.545e-04, K=44.65
Epoch 082/128 joint_finetune [........................] 1/47 MSE=2.255e-03 pass=0.0% K=29.7 targetK=29.3 countMAE=4.58 lr=proposal:1.0e-05/parameter:5.0e-05/selector:2.0e-04/decoder:5.0e-05
Epoch 082/128 joint_finetune [=====...................] 10/47 MSE=2.385e-03 pass=1.6% K=28.8 targetK=31.0 countMAE=4.75 lr=proposal:1.0e-05/parameter:5.0e-05/selector:2.0e-04/decoder:5.0e-05
Epoch 082/128 joint_finetune [==========..............] 20/47 MSE=1.795e-03 pass=0.0% K=34.0 targetK=30.0 countMAE=5.19 lr=proposal:1.0e-05/parameter:5.0e-05/selector:2.0e-04/decoder:5.0e-05
Epoch 082/128 joint_finetune [===============.........] 30/47 MSE=2.003e-03 pass=0.0% K=28.0 targetK=27.4 countMAE=3.81 lr=proposal:1.0e-05/parameter:5.0e-05/selector:2.0e-04/decoder:5.0e-05
Epoch 082/128 joint_finetune [====================....] 40/47 MSE=2.562e-03 pass=0.0% K=27.6 targetK=28.9 countMAE=3.83 lr=proposal:1.0e-05/parameter:5.0e-05/selector:2.0e-04/decoder:5.0e-05
Epoch 082/128 joint_finetune [========================] 47/47 MSE=2.189e-03 pass=0.0% K=34.2 targetK=32.2 countMAE=5.09 lr=proposal:1.0e-05/parameter:5.0e-05/selector:2.0e-04/decoder:5.0e-05
  validation [=.......................] 1/16 
  validation [===============.........] 10/16 
  validation [========================] 16/16 
Epoch 082 phase=joint_finetune lr=proposal:1.0e-05/parameter:5.0e-05/selector:2.0e-04/decoder:5.0e-05 val dense=99.8% deployment=8.7% worst-source=0.0% qualification=0.0% MSE=2.145e-03 K=30.52 mass=29.95 beta=4.67 soft_cost=4.3780 selection_score=-4.3780 complexity=1.00->1.00 safety=0+0.00sigma scale=0.00->0.00 pass_reference_only=0.0%
  Joint train structure: Keep P/R/F1=0.550/0.556/0.552, critical_false_delete=0.403, proposal R@.005/.01/.02=0.886/0.998/1.000, parameter_bias=8.885e-03, count-cal loss=3.572e-02, score/target/bias/MAE=29.55/29.47/+0.08/4.70, fine-risk mean/std/range=0.504/0.232/0.750, fine-loss/rank=3.963e-01/1.599e+00
  Synthetic K=56: n=46, dense=100.0%, deployment=0.0%
  Synthetic: dense=100.0%, deployment=0.0%, MSE=1.875e-03, K=36.94, targetK=31.74, count_MAE=6.79, bias=+5.21, knot_F1@0.01=0.614, param_RMSE=3.692e-02
  uji_pen_characters_v2: dense=100.0%, deployment=33.0%, MSE=2.519e-03, K=9.65
  natural_earth_10m_coastline: dense=98.0%, deployment=0.0%, MSE=5.529e-03, K=12.24
  usgs_tnm_contours_large_scale: dense=100.0%, deployment=14.0%, MSE=1.722e-03, K=17.24
  industrial_model_offset_curves: dense=100.0%, deployment=41.9%, MSE=2.977e-04, K=45.46
Epoch 083/128 joint_finetune [........................] 1/47 MSE=1.832e-03 pass=0.0% K=36.5 targetK=30.5 countMAE=7.25 lr=proposal:1.0e-05/parameter:5.0e-05/selector:2.0e-04/decoder:5.0e-05
Epoch 083/128 joint_finetune [=====...................] 10/47 MSE=2.441e-03 pass=0.0% K=29.6 targetK=30.5 countMAE=4.11 lr=proposal:1.0e-05/parameter:5.0e-05/selector:2.0e-04/decoder:5.0e-05
Epoch 083/128 joint_finetune [==========..............] 20/47 MSE=2.273e-03 pass=0.0% K=33.4 targetK=32.4 countMAE=5.03 lr=proposal:1.0e-05/parameter:5.0e-05/selector:2.0e-04/decoder:5.0e-05
Epoch 083/128 joint_finetune [===============.........] 30/47 MSE=2.522e-03 pass=0.0% K=30.2 targetK=31.6 countMAE=4.77 lr=proposal:1.0e-05/parameter:5.0e-05/selector:2.0e-04/decoder:5.0e-05
Epoch 083/128 joint_finetune [====================....] 40/47 MSE=2.013e-03 pass=0.0% K=35.6 targetK=33.2 countMAE=5.44 lr=proposal:1.0e-05/parameter:5.0e-05/selector:2.0e-04/decoder:5.0e-05
Epoch 083/128 joint_finetune [========================] 47/47 MSE=2.607e-03 pass=0.0% K=27.1 targetK=28.4 countMAE=4.62 lr=proposal:1.0e-05/parameter:5.0e-05/selector:2.0e-04/decoder:5.0e-05
  validation [=.......................] 1/16 
  validation [===============.........] 10/16 
  validation [========================] 16/16 
Epoch 083 phase=joint_finetune lr=proposal:1.0e-05/parameter:5.0e-05/selector:2.0e-04/decoder:5.0e-05 val dense=99.8% deployment=6.8% worst-source=0.0% qualification=0.0% MSE=3.040e-03 K=24.13 mass=23.45 beta=5.05 soft_cost=4.7522 selection_score=-4.7522 complexity=1.00->1.00 safety=0+0.00sigma scale=0.00->0.00 pass_reference_only=0.0%
  Joint train structure: Keep P/R/F1=0.546/0.567/0.556, critical_false_delete=0.408, proposal R@.005/.01/.02=0.887/0.998/1.000, parameter_bias=8.792e-03, count-cal loss=3.717e-02, score/target/bias/MAE=30.06/29.19/+0.88/4.78, fine-risk mean/std/range=0.505/0.232/0.750, fine-loss/rank=3.997e-01/1.620e+00
  Synthetic K=56: n=46, dense=100.0%, deployment=0.0%
  Synthetic: dense=100.0%, deployment=0.0%, MSE=2.542e-03, K=29.44, targetK=31.74, count_MAE=5.02, bias=-2.30, knot_F1@0.01=0.572, param_RMSE=3.777e-02
  uji_pen_characters_v2: dense=100.0%, deployment=24.0%, MSE=3.340e-03, K=7.31
  natural_earth_10m_coastline: dense=98.0%, deployment=0.0%, MSE=8.263e-03, K=7.40
  usgs_tnm_contours_large_scale: dense=100.0%, deployment=10.0%, MSE=2.958e-03, K=10.91
  industrial_model_offset_curves: dense=100.0%, deployment=36.6%, MSE=3.972e-04, K=40.20
Epoch 084/128 joint_finetune [........................] 1/47 MSE=2.652e-03 pass=0.0% K=26.7 targetK=28.7 countMAE=4.56 lr=proposal:1.0e-05/parameter:5.0e-05/selector:2.0e-04/decoder:5.0e-05
Epoch 084/128 joint_finetune [=====...................] 10/47 MSE=1.846e-03 pass=0.0% K=34.3 targetK=30.2 countMAE=6.45 lr=proposal:1.0e-05/parameter:5.0e-05/selector:2.0e-04/decoder:5.0e-05
Epoch 084/128 joint_finetune [==========..............] 20/47 MSE=2.832e-03 pass=0.0% K=24.6 targetK=28.9 countMAE=5.33 lr=proposal:1.0e-05/parameter:5.0e-05/selector:2.0e-04/decoder:5.0e-05
Epoch 084/128 joint_finetune [===============.........] 30/47 MSE=1.965e-03 pass=0.0% K=37.9 targetK=34.9 countMAE=5.70 lr=proposal:1.0e-05/parameter:5.0e-05/selector:2.0e-04/decoder:5.0e-05
Epoch 084/128 joint_finetune [====================....] 40/47 MSE=2.000e-03 pass=1.6% K=35.7 targetK=35.0 countMAE=4.53 lr=proposal:1.0e-05/parameter:5.0e-05/selector:2.0e-04/decoder:5.0e-05
Epoch 084/128 joint_finetune [========================] 47/47 MSE=2.119e-03 pass=0.0% K=31.7 targetK=29.6 countMAE=5.57 lr=proposal:1.0e-05/parameter:5.0e-05/selector:2.0e-04/decoder:5.0e-05
  validation [=.......................] 1/16 
  validation [===============.........] 10/16 
  validation [========================] 16/16 
Epoch 084 phase=joint_finetune lr=proposal:1.0e-05/parameter:5.0e-05/selector:2.0e-04/decoder:5.0e-05 val dense=99.8% deployment=6.4% worst-source=0.0% qualification=0.0% MSE=2.347e-03 K=26.43 mass=25.71 beta=4.97 soft_cost=4.5929 selection_score=-4.5929 complexity=1.00->1.00 safety=0+0.00sigma scale=0.00->0.00 pass_reference_only=0.0%
  Joint train structure: Keep P/R/F1=0.558/0.571/0.563, critical_false_delete=0.396, proposal R@.005/.01/.02=0.892/0.998/1.000, parameter_bias=8.351e-03, count-cal loss=4.143e-02, score/target/bias/MAE=30.98/30.49/+0.50/5.35, fine-risk mean/std/range=0.504/0.232/0.750, fine-loss/rank=3.922e-01/1.638e+00
  Synthetic K=56: n=46, dense=100.0%, deployment=0.0%
  Synthetic: dense=100.0%, deployment=0.0%, MSE=2.132e-03, K=33.00, targetK=31.74, count_MAE=4.66, bias=+1.27, knot_F1@0.01=0.605, param_RMSE=3.730e-02
  uji_pen_characters_v2: dense=100.0%, deployment=23.0%, MSE=3.191e-03, K=6.94
  natural_earth_10m_coastline: dense=98.0%, deployment=0.0%, MSE=3.782e-03, K=8.29
  usgs_tnm_contours_large_scale: dense=100.0%, deployment=9.0%, MSE=2.601e-03, K=11.56
  industrial_model_offset_curves: dense=100.0%, deployment=34.4%, MSE=1.013e-03, K=40.48
Epoch 085/128 joint_finetune [........................] 1/47 MSE=2.043e-03 pass=0.0% K=33.0 targetK=30.9 countMAE=5.08 lr=proposal:1.0e-05/parameter:5.0e-05/selector:2.0e-04/decoder:5.0e-05
Epoch 085/128 joint_finetune [=====...................] 10/47 MSE=2.191e-03 pass=0.0% K=25.9 targetK=26.3 countMAE=4.20 lr=proposal:1.0e-05/parameter:5.0e-05/selector:2.0e-04/decoder:5.0e-05
Epoch 085/128 joint_finetune [==========..............] 20/47 MSE=2.109e-03 pass=0.0% K=31.8 targetK=30.6 countMAE=4.77 lr=proposal:1.0e-05/parameter:5.0e-05/selector:2.0e-04/decoder:5.0e-05
Epoch 085/128 joint_finetune [===============.........] 30/47 MSE=2.398e-03 pass=0.0% K=29.5 targetK=32.3 countMAE=4.80 lr=proposal:1.0e-05/parameter:5.0e-05/selector:2.0e-04/decoder:5.0e-05
Epoch 085/128 joint_finetune [====================....] 40/47 MSE=2.155e-03 pass=0.0% K=32.5 targetK=31.0 countMAE=4.94 lr=proposal:1.0e-05/parameter:5.0e-05/selector:2.0e-04/decoder:5.0e-05
Epoch 085/128 joint_finetune [========================] 47/47 MSE=1.937e-03 pass=0.0% K=33.8 targetK=30.6 countMAE=5.89 lr=proposal:1.0e-05/parameter:5.0e-05/selector:2.0e-04/decoder:5.0e-05
  validation [=.......................] 1/16 
  validation [===============.........] 10/16 
  validation [========================] 16/16 
Epoch 085 phase=joint_finetune lr=proposal:1.0e-05/parameter:5.0e-05/selector:2.0e-04/decoder:5.0e-05 val dense=99.8% deployment=7.0% worst-source=0.0% qualification=0.0% MSE=1.865e-03 K=28.77 mass=28.14 beta=5.89 soft_cost=4.3770 selection_score=-4.3770 complexity=1.00->1.00 safety=0+0.00sigma scale=0.00->0.00 pass_reference_only=0.0%
  Joint train structure: Keep P/R/F1=0.551/0.561/0.556, critical_false_delete=0.391, proposal R@.005/.01/.02=0.886/0.998/1.000, parameter_bias=8.794e-03, count-cal loss=3.633e-02, score/target/bias/MAE=29.83/29.52/+0.31/4.86, fine-risk mean/std/range=0.504/0.232/0.750, fine-loss/rank=3.928e-01/1.586e+00
  Synthetic K=56: n=46, dense=100.0%, deployment=0.0%
  Synthetic: dense=100.0%, deployment=0.0%, MSE=2.058e-03, K=33.90, targetK=31.74, count_MAE=5.89, bias=+2.16, knot_F1@0.01=0.591, param_RMSE=3.819e-02
  uji_pen_characters_v2: dense=100.0%, deployment=23.0%, MSE=1.617e-03, K=9.81
  natural_earth_10m_coastline: dense=98.0%, deployment=0.0%, MSE=2.582e-03, K=12.73
  usgs_tnm_contours_large_scale: dense=100.0%, deployment=15.0%, MSE=1.700e-03, K=16.90
  industrial_model_offset_curves: dense=100.0%, deployment=34.4%, MSE=2.933e-04, K=46.15
Epoch 086/128 joint_finetune [........................] 1/47 MSE=2.046e-03 pass=0.0% K=30.2 targetK=28.4 countMAE=5.22 lr=proposal:1.0e-05/parameter:5.0e-05/selector:2.0e-04/decoder:5.0e-05
Epoch 086/128 joint_finetune [=====...................] 10/47 MSE=2.536e-03 pass=0.0% K=28.3 targetK=30.5 countMAE=4.84 lr=proposal:1.0e-05/parameter:5.0e-05/selector:2.0e-04/decoder:5.0e-05
Epoch 086/128 joint_finetune [==========..............] 20/47 MSE=2.287e-03 pass=0.0% K=30.9 targetK=31.4 countMAE=5.12 lr=proposal:1.0e-05/parameter:5.0e-05/selector:2.0e-04/decoder:5.0e-05
Epoch 086/128 joint_finetune [===============.........] 30/47 MSE=2.778e-03 pass=0.0% K=24.7 targetK=28.4 countMAE=5.61 lr=proposal:1.0e-05/parameter:5.0e-05/selector:2.0e-04/decoder:5.0e-05
Epoch 086/128 joint_finetune [====================....] 40/47 MSE=1.838e-03 pass=0.0% K=35.8 targetK=31.2 countMAE=5.98 lr=proposal:1.0e-05/parameter:5.0e-05/selector:2.0e-04/decoder:5.0e-05
Epoch 086/128 joint_finetune [========================] 47/47 MSE=2.427e-03 pass=0.0% K=29.5 targetK=30.5 countMAE=4.23 lr=proposal:1.0e-05/parameter:5.0e-05/selector:2.0e-04/decoder:5.0e-05
  validation [=.......................] 1/16 
  validation [===============.........] 10/16 
  validation [========================] 16/16 
Epoch 086 phase=joint_finetune lr=proposal:1.0e-05/parameter:5.0e-05/selector:2.0e-04/decoder:5.0e-05 val dense=99.8% deployment=5.7% worst-source=0.0% qualification=0.0% MSE=2.473e-03 K=24.38 mass=23.63 beta=5.88 soft_cost=4.6621 selection_score=-4.6621 complexity=1.00->1.00 safety=0+0.00sigma scale=0.00->0.00 pass_reference_only=0.0%
  Joint train structure: Keep P/R/F1=0.556/0.562/0.557, critical_false_delete=0.386, proposal R@.005/.01/.02=0.888/0.998/1.000, parameter_bias=9.018e-03, count-cal loss=4.695e-02, score/target/bias/MAE=29.81/29.68/+0.13/5.37, fine-risk mean/std/range=0.504/0.232/0.750, fine-loss/rank=4.173e-01/1.648e+00
  Synthetic K=56: n=46, dense=100.0%, deployment=0.0%
  Synthetic: dense=100.0%, deployment=0.0%, MSE=2.474e-03, K=29.52, targetK=31.74, count_MAE=5.12, bias=-2.21, knot_F1@0.01=0.577, param_RMSE=3.782e-02
  uji_pen_characters_v2: dense=100.0%, deployment=19.0%, MSE=2.679e-03, K=6.70
  natural_earth_10m_coastline: dense=98.0%, deployment=0.0%, MSE=4.001e-03, K=8.38
  usgs_tnm_contours_large_scale: dense=100.0%, deployment=7.0%, MSE=2.569e-03, K=11.20
  industrial_model_offset_curves: dense=100.0%, deployment=33.3%, MSE=4.944e-04, K=41.62
Epoch 087/128 joint_finetune [........................] 1/47 MSE=2.574e-03 pass=0.0% K=24.0 targetK=26.3 countMAE=4.89 lr=proposal:1.0e-05/parameter:5.0e-05/selector:2.0e-04/decoder:5.0e-05
Epoch 087/128 joint_finetune [=====...................] 10/47 MSE=2.221e-03 pass=0.0% K=30.2 targetK=29.3 countMAE=4.52 lr=proposal:1.0e-05/parameter:5.0e-05/selector:2.0e-04/decoder:5.0e-05
Epoch 087/128 joint_finetune [==========..............] 20/47 MSE=2.509e-03 pass=0.0% K=26.2 targetK=29.3 countMAE=5.69 lr=proposal:1.0e-05/parameter:5.0e-05/selector:2.0e-04/decoder:5.0e-05
Epoch 087/128 joint_finetune [===============.........] 30/47 MSE=1.761e-03 pass=0.0% K=32.0 targetK=27.3 countMAE=6.23 lr=proposal:1.0e-05/parameter:5.0e-05/selector:2.0e-04/decoder:5.0e-05
Epoch 087/128 joint_finetune [====================....] 40/47 MSE=2.160e-03 pass=0.0% K=30.8 targetK=30.7 countMAE=4.73 lr=proposal:1.0e-05/parameter:5.0e-05/selector:2.0e-04/decoder:5.0e-05
Epoch 087/128 joint_finetune [========================] 47/47 MSE=2.117e-03 pass=0.0% K=27.5 targetK=26.4 countMAE=4.61 lr=proposal:1.0e-05/parameter:5.0e-05/selector:2.0e-04/decoder:5.0e-05
  validation [=.......................] 1/16 
  validation [===============.........] 10/16 
  validation [========================] 16/16 
Epoch 087 phase=joint_finetune lr=proposal:1.0e-05/parameter:5.0e-05/selector:2.0e-04/decoder:5.0e-05 val dense=99.7% deployment=7.2% worst-source=0.0% qualification=0.0% MSE=2.307e-03 K=26.15 mass=25.39 beta=5.89 soft_cost=4.5331 selection_score=-4.5331 complexity=1.00->1.00 safety=0+0.00sigma scale=0.00->0.00 pass_reference_only=0.0%
  Joint train structure: Keep P/R/F1=0.559/0.565/0.561, critical_false_delete=0.392, proposal R@.005/.01/.02=0.888/0.998/1.000, parameter_bias=9.401e-03, count-cal loss=4.382e-02, score/target/bias/MAE=29.74/29.61/+0.12/5.05, fine-risk mean/std/range=0.504/0.232/0.750, fine-loss/rank=4.117e-01/1.634e+00
  Synthetic K=56: n=46, dense=100.0%, deployment=0.0%
  Synthetic: dense=100.0%, deployment=0.0%, MSE=2.195e-03, K=31.61, targetK=31.74, count_MAE=5.03, bias=-0.12, knot_F1@0.01=0.592, param_RMSE=3.744e-02
  uji_pen_characters_v2: dense=100.0%, deployment=21.0%, MSE=2.580e-03, K=7.06
  natural_earth_10m_coastline: dense=97.0%, deployment=0.0%, MSE=4.445e-03, K=8.96
  usgs_tnm_contours_large_scale: dense=100.0%, deployment=10.0%, MSE=2.380e-03, K=12.09
  industrial_model_offset_curves: dense=100.0%, deployment=43.0%, MSE=3.555e-04, K=45.03
Epoch 088/128 joint_finetune [........................] 1/47 MSE=2.388e-03 pass=0.0% K=31.4 targetK=32.8 countMAE=5.16 lr=proposal:1.0e-05/parameter:5.0e-05/selector:2.0e-04/decoder:5.0e-05
Epoch 088/128 joint_finetune [=====...................] 10/47 MSE=2.457e-03 pass=0.0% K=26.8 targetK=27.7 countMAE=4.67 lr=proposal:1.0e-05/parameter:5.0e-05/selector:2.0e-04/decoder:5.0e-05
Epoch 088/128 joint_finetune [==========..............] 20/47 MSE=2.157e-03 pass=0.0% K=35.0 targetK=33.5 countMAE=4.38 lr=proposal:1.0e-05/parameter:5.0e-05/selector:2.0e-04/decoder:5.0e-05
Epoch 088/128 joint_finetune [===============.........] 30/47 MSE=2.002e-03 pass=0.0% K=33.9 targetK=32.4 countMAE=5.09 lr=proposal:1.0e-05/parameter:5.0e-05/selector:2.0e-04/decoder:5.0e-05
Epoch 088/128 joint_finetune [====================....] 40/47 MSE=2.094e-03 pass=0.0% K=28.9 targetK=28.2 countMAE=4.34 lr=proposal:1.0e-05/parameter:5.0e-05/selector:2.0e-04/decoder:5.0e-05
Epoch 088/128 joint_finetune [========================] 47/47 MSE=2.625e-03 pass=0.0% K=26.0 targetK=27.5 countMAE=3.50 lr=proposal:1.0e-05/parameter:5.0e-05/selector:2.0e-04/decoder:5.0e-05
  validation [=.......................] 1/16 
  validation [===============.........] 10/16 
  validation [========================] 16/16 
Epoch 088 phase=joint_finetune lr=proposal:1.0e-05/parameter:5.0e-05/selector:2.0e-04/decoder:5.0e-05 val dense=99.8% deployment=5.8% worst-source=0.0% qualification=0.0% MSE=2.722e-03 K=24.82 mass=23.97 beta=5.88 soft_cost=4.6805 selection_score=-4.6805 complexity=1.00->1.00 safety=0+0.00sigma scale=0.00->0.00 pass_reference_only=0.0%
  Joint train structure: Keep P/R/F1=0.558/0.563/0.560, critical_false_delete=0.395, proposal R@.005/.01/.02=0.888/0.998/1.000, parameter_bias=8.753e-03, count-cal loss=3.710e-02, score/target/bias/MAE=30.04/30.01/+0.03/4.88, fine-risk mean/std/range=0.504/0.232/0.750, fine-loss/rank=4.113e-01/1.646e+00
  Synthetic K=56: n=46, dense=100.0%, deployment=0.0%
  Synthetic: dense=100.0%, deployment=0.0%, MSE=2.362e-03, K=30.42, targetK=31.74, count_MAE=5.21, bias=-1.32, knot_F1@0.01=0.594, param_RMSE=3.754e-02
  uji_pen_characters_v2: dense=100.0%, deployment=21.0%, MSE=3.848e-03, K=6.03
  natural_earth_10m_coastline: dense=98.0%, deployment=0.0%, MSE=5.359e-03, K=7.73
  usgs_tnm_contours_large_scale: dense=100.0%, deployment=7.0%, MSE=3.202e-03, K=9.92
  industrial_model_offset_curves: dense=100.0%, deployment=32.3%, MSE=4.835e-04, K=43.32
Epoch 089/128 joint_finetune [........................] 1/47 MSE=2.439e-03 pass=0.0% K=30.4 targetK=32.5 countMAE=5.64 lr=proposal:1.0e-05/parameter:5.0e-05/selector:2.0e-04/decoder:5.0e-05
Epoch 089/128 joint_finetune [=====...................] 10/47 MSE=1.764e-03 pass=0.0% K=34.8 targetK=30.0 countMAE=6.50 lr=proposal:1.0e-05/parameter:5.0e-05/selector:2.0e-04/decoder:5.0e-05
Epoch 089/128 joint_finetune [==========..............] 20/47 MSE=2.506e-03 pass=0.0% K=27.8 targetK=31.2 countMAE=5.42 lr=proposal:1.0e-05/parameter:5.0e-05/selector:2.0e-04/decoder:5.0e-05
Epoch 089/128 joint_finetune [===============.........] 30/47 MSE=1.946e-03 pass=0.0% K=32.1 targetK=29.1 countMAE=5.30 lr=proposal:1.0e-05/parameter:5.0e-05/selector:2.0e-04/decoder:5.0e-05
Epoch 089/128 joint_finetune [====================....] 40/47 MSE=2.683e-03 pass=0.0% K=27.1 targetK=31.3 countMAE=5.88 lr=proposal:1.0e-05/parameter:5.0e-05/selector:2.0e-04/decoder:5.0e-05
Epoch 089/128 joint_finetune [========================] 47/47 MSE=1.941e-03 pass=0.0% K=34.2 targetK=30.5 countMAE=5.75 lr=proposal:1.0e-05/parameter:5.0e-05/selector:2.0e-04/decoder:5.0e-05
  validation [=.......................] 1/16 
  validation [===============.........] 10/16 
  validation [========================] 16/16 
Epoch 089 phase=joint_finetune lr=proposal:1.0e-05/parameter:5.0e-05/selector:2.0e-04/decoder:5.0e-05 val dense=99.8% deployment=7.2% worst-source=0.0% qualification=0.0% MSE=2.166e-03 K=28.78 mass=28.02 beta=6.56 soft_cost=4.4239 selection_score=-4.4239 complexity=1.00->1.00 safety=0+0.00sigma scale=0.00->0.00 pass_reference_only=0.0%
  Joint train structure: Keep P/R/F1=0.565/0.582/0.572, critical_false_delete=0.368, proposal R@.005/.01/.02=0.891/0.998/1.000, parameter_bias=9.170e-03, count-cal loss=4.585e-02, score/target/bias/MAE=30.78/30.11/+0.67/5.32, fine-risk mean/std/range=0.504/0.232/0.750, fine-loss/rank=4.021e-01/1.651e+00
  Synthetic K=56: n=46, dense=100.0%, deployment=0.0%
  Synthetic: dense=100.0%, deployment=0.0%, MSE=1.902e-03, K=35.07, targetK=31.74, count_MAE=5.98, bias=+3.33, knot_F1@0.01=0.615, param_RMSE=3.802e-02
  uji_pen_characters_v2: dense=100.0%, deployment=22.0%, MSE=2.556e-03, K=7.06
  natural_earth_10m_coastline: dense=98.0%, deployment=0.0%, MSE=5.172e-03, K=10.13
  usgs_tnm_contours_large_scale: dense=100.0%, deployment=12.0%, MSE=2.175e-03, K=14.22
  industrial_model_offset_curves: dense=100.0%, deployment=39.8%, MSE=2.040e-04, K=47.32
Epoch 090/128 joint_finetune [........................] 1/47 MSE=1.944e-03 pass=0.0% K=34.8 targetK=31.5 countMAE=5.94 lr=proposal:1.0e-05/parameter:5.0e-05/selector:2.0e-04/decoder:5.0e-05
Epoch 090/128 joint_finetune [=====...................] 10/47 MSE=2.218e-03 pass=0.0% K=30.6 targetK=30.8 countMAE=4.30 lr=proposal:1.0e-05/parameter:5.0e-05/selector:2.0e-04/decoder:5.0e-05
Epoch 090/128 joint_finetune [==========..............] 20/47 MSE=2.717e-03 pass=0.0% K=25.9 targetK=29.6 countMAE=5.25 lr=proposal:1.0e-05/parameter:5.0e-05/selector:2.0e-04/decoder:5.0e-05
Epoch 090/128 joint_finetune [===============.........] 30/47 MSE=1.563e-03 pass=0.0% K=36.1 targetK=29.3 countMAE=7.73 lr=proposal:1.0e-05/parameter:5.0e-05/selector:2.0e-04/decoder:5.0e-05
Epoch 090/128 joint_finetune [====================....] 40/47 MSE=2.678e-03 pass=0.0% K=29.3 targetK=33.2 countMAE=5.39 lr=proposal:1.0e-05/parameter:5.0e-05/selector:2.0e-04/decoder:5.0e-05
Epoch 090/128 joint_finetune [========================] 47/47 MSE=2.346e-03 pass=0.0% K=29.4 targetK=27.8 countMAE=5.64 lr=proposal:1.0e-05/parameter:5.0e-05/selector:2.0e-04/decoder:5.0e-05
  validation [=.......................] 1/16 
  validation [===============.........] 10/16 
  validation [========================] 16/16 
Epoch 090 phase=joint_finetune lr=proposal:1.0e-05/parameter:5.0e-05/selector:2.0e-04/decoder:5.0e-05 val dense=99.7% deployment=8.0% worst-source=0.0% qualification=0.0% MSE=2.355e-03 K=28.77 mass=28.00 beta=6.82 soft_cost=4.4238 selection_score=-4.4238 complexity=1.00->1.00 safety=0+0.00sigma scale=0.00->0.00 pass_reference_only=0.0%
  Joint train structure: Keep P/R/F1=0.564/0.582/0.572, critical_false_delete=0.377, proposal R@.005/.01/.02=0.889/0.998/1.000, parameter_bias=8.991e-03, count-cal loss=4.686e-02, score/target/bias/MAE=30.72/30.01/+0.71/5.42, fine-risk mean/std/range=0.504/0.232/0.750, fine-loss/rank=4.167e-01/1.683e+00
  Synthetic K=56: n=46, dense=100.0%, deployment=0.0%
  Synthetic: dense=100.0%, deployment=0.0%, MSE=1.941e-03, K=34.67, targetK=31.74, count_MAE=5.62, bias=+2.94, knot_F1@0.01=0.620, param_RMSE=3.800e-02
  uji_pen_characters_v2: dense=100.0%, deployment=21.0%, MSE=3.119e-03, K=7.30
  natural_earth_10m_coastline: dense=97.0%, deployment=0.0%, MSE=6.359e-03, K=10.79
  usgs_tnm_contours_large_scale: dense=100.0%, deployment=13.0%, MSE=2.150e-03, K=15.02
  industrial_model_offset_curves: dense=100.0%, deployment=48.4%, MSE=1.201e-04, K=47.84
Epoch 091/128 joint_finetune [........................] 1/47 MSE=1.970e-03 pass=1.6% K=33.2 targetK=30.7 countMAE=6.08 lr=proposal:1.0e-05/parameter:5.0e-05/selector:2.0e-04/decoder:5.0e-05
Epoch 091/128 joint_finetune [=====...................] 10/47 MSE=2.276e-03 pass=0.0% K=28.2 targetK=26.9 countMAE=4.50 lr=proposal:1.0e-05/parameter:5.0e-05/selector:2.0e-04/decoder:5.0e-05
Epoch 091/128 joint_finetune [==========..............] 20/47 MSE=1.866e-03 pass=0.0% K=34.0 targetK=28.8 countMAE=7.12 lr=proposal:1.0e-05/parameter:5.0e-05/selector:2.0e-04/decoder:5.0e-05
Epoch 091/128 joint_finetune [===============.........] 30/47 MSE=2.626e-03 pass=0.0% K=26.7 targetK=30.2 countMAE=5.00 lr=proposal:1.0e-05/parameter:5.0e-05/selector:2.0e-04/decoder:5.0e-05
Epoch 091/128 joint_finetune [====================....] 40/47 MSE=1.640e-03 pass=0.0% K=36.0 targetK=30.0 countMAE=7.22 lr=proposal:1.0e-05/parameter:5.0e-05/selector:2.0e-04/decoder:5.0e-05
Epoch 091/128 joint_finetune [========================] 47/47 MSE=2.075e-03 pass=0.0% K=34.5 targetK=32.7 countMAE=4.50 lr=proposal:1.0e-05/parameter:5.0e-05/selector:2.0e-04/decoder:5.0e-05
  validation [=.......................] 1/16 
  validation [===============.........] 10/16 
  validation [========================] 16/16 
Epoch 091 phase=joint_finetune lr=proposal:1.0e-05/parameter:5.0e-05/selector:2.0e-04/decoder:5.0e-05 val dense=99.7% deployment=6.4% worst-source=0.0% qualification=0.0% MSE=2.751e-03 K=26.18 mass=25.30 beta=6.30 soft_cost=4.6175 selection_score=-4.6175 complexity=1.00->1.00 safety=0+0.00sigma scale=0.00->0.00 pass_reference_only=0.0%
  Joint train structure: Keep P/R/F1=0.560/0.598/0.577, critical_false_delete=0.366, proposal R@.005/.01/.02=0.889/0.998/1.000, parameter_bias=9.236e-03, count-cal loss=5.481e-02, score/target/bias/MAE=31.54/29.72/+1.82/5.75, fine-risk mean/std/range=0.504/0.232/0.750, fine-loss/rank=4.058e-01/1.686e+00
  Synthetic K=56: n=46, dense=100.0%, deployment=0.0%
  Synthetic: dense=100.0%, deployment=0.0%, MSE=2.138e-03, K=32.75, targetK=31.74, count_MAE=4.60, bias=+1.01, knot_F1@0.01=0.616, param_RMSE=3.805e-02
  uji_pen_characters_v2: dense=100.0%, deployment=21.0%, MSE=4.942e-03, K=5.92
  natural_earth_10m_coastline: dense=97.0%, deployment=0.0%, MSE=6.425e-03, K=7.63
  usgs_tnm_contours_large_scale: dense=100.0%, deployment=8.0%, MSE=2.753e-03, K=10.61
  industrial_model_offset_curves: dense=100.0%, deployment=37.6%, MSE=4.008e-04, K=42.30
Epoch 092/128 joint_finetune [........................] 1/47 MSE=2.156e-03 pass=0.0% K=30.0 targetK=27.6 countMAE=5.06 lr=proposal:1.0e-05/parameter:5.0e-05/selector:2.0e-04/decoder:5.0e-05
Epoch 092/128 joint_finetune [=====...................] 10/47 MSE=2.275e-03 pass=0.0% K=29.6 targetK=28.2 countMAE=5.08 lr=proposal:1.0e-05/parameter:5.0e-05/selector:2.0e-04/decoder:5.0e-05
Epoch 092/128 joint_finetune [==========..............] 20/47 MSE=2.273e-03 pass=0.0% K=30.8 targetK=32.3 countMAE=5.69 lr=proposal:1.0e-05/parameter:5.0e-05/selector:2.0e-04/decoder:5.0e-05
Epoch 092/128 joint_finetune [===============.........] 30/47 MSE=1.562e-03 pass=0.0% K=38.3 targetK=32.8 countMAE=6.28 lr=proposal:1.0e-05/parameter:5.0e-05/selector:2.0e-04/decoder:5.0e-05
Epoch 092/128 joint_finetune [====================....] 40/47 MSE=2.357e-03 pass=0.0% K=29.6 targetK=30.0 countMAE=4.66 lr=proposal:1.0e-05/parameter:5.0e-05/selector:2.0e-04/decoder:5.0e-05
Epoch 092/128 joint_finetune [========================] 47/47 MSE=2.167e-03 pass=0.0% K=30.7 targetK=28.8 countMAE=4.41 lr=proposal:1.0e-05/parameter:5.0e-05/selector:2.0e-04/decoder:5.0e-05
  validation [=.......................] 1/16 
  validation [===============.........] 10/16 
  validation [========================] 16/16 
Epoch 092 phase=joint_finetune lr=proposal:1.0e-05/parameter:5.0e-05/selector:2.0e-04/decoder:5.0e-05 val dense=99.7% deployment=7.5% worst-source=0.0% qualification=0.0% MSE=2.718e-03 K=26.95 mass=26.09 beta=7.14 soft_cost=4.5443 selection_score=-4.5443 complexity=1.00->1.00 safety=0+0.00sigma scale=0.00->0.00 pass_reference_only=0.0%
  Joint train structure: Keep P/R/F1=0.560/0.585/0.571, critical_false_delete=0.366, proposal R@.005/.01/.02=0.889/0.998/1.000, parameter_bias=8.955e-03, count-cal loss=5.309e-02, score/target/bias/MAE=30.74/29.61/+1.12/5.43, fine-risk mean/std/range=0.504/0.232/0.750, fine-loss/rank=4.101e-01/1.664e+00
  Synthetic K=56: n=46, dense=100.0%, deployment=0.0%
  Synthetic: dense=100.0%, deployment=0.0%, MSE=2.123e-03, K=32.98, targetK=31.74, count_MAE=5.09, bias=+1.25, knot_F1@0.01=0.611, param_RMSE=3.773e-02
  uji_pen_characters_v2: dense=100.0%, deployment=21.0%, MSE=4.474e-03, K=6.36
  natural_earth_10m_coastline: dense=97.0%, deployment=0.0%, MSE=6.751e-03, K=8.46
  usgs_tnm_contours_large_scale: dense=100.0%, deployment=12.0%, MSE=2.899e-03, K=11.76
  industrial_model_offset_curves: dense=100.0%, deployment=44.1%, MSE=1.401e-04, K=46.35
Epoch 093/128 joint_finetune [........................] 1/47 MSE=2.058e-03 pass=0.0% K=33.6 targetK=31.7 countMAE=4.78 lr=proposal:1.0e-05/parameter:5.0e-05/selector:2.0e-04/decoder:5.0e-05
Epoch 093/128 joint_finetune [=====...................] 10/47 MSE=2.690e-03 pass=0.0% K=25.0 targetK=29.7 countMAE=6.50 lr=proposal:1.0e-05/parameter:5.0e-05/selector:2.0e-04/decoder:5.0e-05
Epoch 093/128 joint_finetune [==========..............] 20/47 MSE=1.795e-03 pass=0.0% K=34.9 targetK=28.8 countMAE=7.33 lr=proposal:1.0e-05/parameter:5.0e-05/selector:2.0e-04/decoder:5.0e-05
Epoch 093/128 joint_finetune [===============.........] 30/47 MSE=2.677e-03 pass=0.0% K=27.0 targetK=30.9 countMAE=5.78 lr=proposal:1.0e-05/parameter:5.0e-05/selector:2.0e-04/decoder:5.0e-05
Epoch 093/128 joint_finetune [====================....] 40/47 MSE=1.823e-03 pass=0.0% K=35.1 targetK=30.1 countMAE=6.31 lr=proposal:1.0e-05/parameter:5.0e-05/selector:2.0e-04/decoder:5.0e-05
Epoch 093/128 joint_finetune [========================] 47/47 MSE=2.625e-03 pass=0.0% K=21.1 targetK=24.6 countMAE=6.57 lr=proposal:1.0e-05/parameter:5.0e-05/selector:2.0e-04/decoder:5.0e-05
  validation [=.......................] 1/16 
  validation [===============.........] 10/16 
  validation [========================] 16/16 
Epoch 093 phase=joint_finetune lr=proposal:1.0e-05/parameter:5.0e-05/selector:2.0e-04/decoder:5.0e-05 val dense=99.8% deployment=6.8% worst-source=0.0% qualification=0.0% MSE=3.498e-03 K=21.96 mass=21.03 beta=7.62 soft_cost=4.8230 selection_score=-4.8230 complexity=1.00->1.00 safety=0+0.00sigma scale=0.00->0.00 pass_reference_only=0.0%
  Joint train structure: Keep P/R/F1=0.557/0.570/0.562, critical_false_delete=0.396, proposal R@.005/.01/.02=0.887/0.998/1.000, parameter_bias=9.166e-03, count-cal loss=4.982e-02, score/target/bias/MAE=29.92/29.44/+0.48/5.57, fine-risk mean/std/range=0.504/0.232/0.750, fine-loss/rank=4.200e-01/1.654e+00
  Synthetic K=56: n=46, dense=100.0%, deployment=0.0%
  Synthetic: dense=100.0%, deployment=0.0%, MSE=2.862e-03, K=25.66, targetK=31.74, count_MAE=7.39, bias=-6.08, knot_F1@0.01=0.553, param_RMSE=3.788e-02
  uji_pen_characters_v2: dense=100.0%, deployment=18.0%, MSE=5.795e-03, K=5.73
  natural_earth_10m_coastline: dense=98.0%, deployment=0.0%, MSE=7.329e-03, K=6.97
  usgs_tnm_contours_large_scale: dense=100.0%, deployment=9.0%, MSE=4.317e-03, K=9.05
  industrial_model_offset_curves: dense=100.0%, deployment=44.1%, MSE=1.359e-04, K=45.61
Epoch 094/128 joint_finetune [........................] 1/47 MSE=2.722e-03 pass=0.0% K=25.5 targetK=30.2 countMAE=6.16 lr=proposal:1.0e-05/parameter:5.0e-05/selector:2.0e-04/decoder:5.0e-05
Epoch 094/128 joint_finetune [=====...................] 10/47 MSE=1.943e-03 pass=0.0% K=34.8 targetK=32.3 countMAE=5.89 lr=proposal:1.0e-05/parameter:5.0e-05/selector:2.0e-04/decoder:5.0e-05
Epoch 094/128 joint_finetune [==========..............] 20/47 MSE=2.632e-03 pass=0.0% K=28.3 targetK=30.7 countMAE=5.33 lr=proposal:1.0e-05/parameter:5.0e-05/selector:2.0e-04/decoder:5.0e-05
Epoch 094/128 joint_finetune [===============.........] 30/47 MSE=1.703e-03 pass=0.0% K=35.0 targetK=29.5 countMAE=6.67 lr=proposal:1.0e-05/parameter:5.0e-05/selector:2.0e-04/decoder:5.0e-05
Epoch 094/128 joint_finetune [====================....] 40/47 MSE=2.201e-03 pass=0.0% K=30.0 targetK=28.6 countMAE=5.83 lr=proposal:1.0e-05/parameter:5.0e-05/selector:2.0e-04/decoder:5.0e-05
Epoch 094/128 joint_finetune [========================] 47/47 MSE=2.256e-03 pass=0.0% K=32.6 targetK=33.2 countMAE=5.57 lr=proposal:1.0e-05/parameter:5.0e-05/selector:2.0e-04/decoder:5.0e-05
  validation [=.......................] 1/16 
  validation [===============.........] 10/16 
  validation [========================] 16/16 
Epoch 094 phase=joint_finetune lr=proposal:1.0e-05/parameter:5.0e-05/selector:2.0e-04/decoder:5.0e-05 val dense=99.7% deployment=8.0% worst-source=0.0% qualification=0.0% MSE=2.872e-03 K=26.29 mass=25.39 beta=7.79 soft_cost=4.5727 selection_score=-4.5727 complexity=1.00->1.00 safety=0+0.00sigma scale=0.00->0.00 pass_reference_only=0.0%
  Joint train structure: Keep P/R/F1=0.560/0.587/0.572, critical_false_delete=0.372, proposal R@.005/.01/.02=0.886/0.998/1.000, parameter_bias=8.860e-03, count-cal loss=5.072e-02, score/target/bias/MAE=30.92/29.71/+1.20/5.71, fine-risk mean/std/range=0.504/0.232/0.750, fine-loss/rank=3.997e-01/1.646e+00
  Synthetic K=56: n=46, dense=100.0%, deployment=0.0%
  Synthetic: dense=100.0%, deployment=0.0%, MSE=2.268e-03, K=31.61, targetK=31.74, count_MAE=5.48, bias=-0.13, knot_F1@0.01=0.597, param_RMSE=3.820e-02
  uji_pen_characters_v2: dense=100.0%, deployment=21.0%, MSE=5.494e-03, K=6.29
  natural_earth_10m_coastline: dense=97.0%, deployment=0.0%, MSE=6.319e-03, K=8.80
  usgs_tnm_contours_large_scale: dense=100.0%, deployment=15.0%, MSE=2.991e-03, K=11.53
  industrial_model_offset_curves: dense=100.0%, deployment=46.2%, MSE=1.160e-04, K=48.12
Epoch 095/128 joint_finetune [........................] 1/47 MSE=2.266e-03 pass=0.0% K=31.0 targetK=31.2 countMAE=4.95 lr=proposal:1.0e-05/parameter:5.0e-05/selector:2.0e-04/decoder:5.0e-05
Epoch 095/128 joint_finetune [=====...................] 10/47 MSE=2.283e-03 pass=0.0% K=30.4 targetK=29.9 countMAE=4.08 lr=proposal:1.0e-05/parameter:5.0e-05/selector:2.0e-04/decoder:5.0e-05
Epoch 095/128 joint_finetune [==========..............] 20/47 MSE=2.158e-03 pass=1.6% K=31.8 targetK=30.3 countMAE=5.06 lr=proposal:1.0e-05/parameter:5.0e-05/selector:2.0e-04/decoder:5.0e-05
Epoch 095/128 joint_finetune [===============.........] 30/47 MSE=1.612e-03 pass=0.0% K=37.0 targetK=31.6 countMAE=6.91 lr=proposal:1.0e-05/parameter:5.0e-05/selector:2.0e-04/decoder:5.0e-05
Epoch 095/128 joint_finetune [====================....] 40/47 MSE=2.730e-03 pass=0.0% K=26.8 targetK=31.4 countMAE=7.50 lr=proposal:1.0e-05/parameter:5.0e-05/selector:2.0e-04/decoder:5.0e-05
Epoch 095/128 joint_finetune [========================] 47/47 MSE=2.118e-03 pass=0.0% K=31.7 targetK=30.4 countMAE=5.25 lr=proposal:1.0e-05/parameter:5.0e-05/selector:2.0e-04/decoder:5.0e-05
  validation [=.......................] 1/16 
  validation [===============.........] 10/16 
  validation [========================] 16/16 
Epoch 095 phase=joint_finetune lr=proposal:1.0e-05/parameter:5.0e-05/selector:2.0e-04/decoder:5.0e-05 val dense=99.7% deployment=8.2% worst-source=0.0% qualification=0.0% MSE=2.712e-03 K=27.67 mass=26.80 beta=7.88 soft_cost=4.4648 selection_score=-4.4648 complexity=1.00->1.00 safety=0+0.00sigma scale=0.00->0.00 pass_reference_only=0.0%
  Joint train structure: Keep P/R/F1=0.561/0.587/0.573, critical_false_delete=0.373, proposal R@.005/.01/.02=0.887/0.998/1.000, parameter_bias=9.163e-03, count-cal loss=5.171e-02, score/target/bias/MAE=31.10/29.94/+1.16/5.93, fine-risk mean/std/range=0.504/0.232/0.750, fine-loss/rank=4.147e-01/1.680e+00
  Synthetic K=56: n=46, dense=100.0%, deployment=0.0%
  Synthetic: dense=100.0%, deployment=0.2%, MSE=2.034e-03, K=33.45, targetK=31.74, count_MAE=5.72, bias=+1.71, knot_F1@0.01=0.611, param_RMSE=3.815e-02
  uji_pen_characters_v2: dense=100.0%, deployment=20.0%, MSE=5.682e-03, K=6.78
  natural_earth_10m_coastline: dense=97.0%, deployment=0.0%, MSE=5.949e-03, K=9.48
  usgs_tnm_contours_large_scale: dense=100.0%, deployment=16.0%, MSE=2.983e-03, K=12.36
  industrial_model_offset_curves: dense=100.0%, deployment=47.3%, MSE=1.202e-04, K=48.87
Epoch 096/128 joint_finetune [........................] 1/47 MSE=2.151e-03 pass=0.0% K=31.7 targetK=30.4 countMAE=5.20 lr=proposal:1.0e-05/parameter:5.0e-05/selector:2.0e-04/decoder:5.0e-05
Epoch 096/128 joint_finetune [=====...................] 10/47 MSE=2.292e-03 pass=0.0% K=28.2 targetK=28.6 countMAE=5.16 lr=proposal:1.0e-05/parameter:5.0e-05/selector:2.0e-04/decoder:5.0e-05
Epoch 096/128 joint_finetune [==========..............] 20/47 MSE=1.878e-03 pass=0.0% K=31.8 targetK=28.4 countMAE=5.23 lr=proposal:1.0e-05/parameter:5.0e-05/selector:2.0e-04/decoder:5.0e-05
Epoch 096/128 joint_finetune [===============.........] 30/47 MSE=2.240e-03 pass=0.0% K=28.3 targetK=27.2 countMAE=5.55 lr=proposal:1.0e-05/parameter:5.0e-05/selector:2.0e-04/decoder:5.0e-05
Epoch 096/128 joint_finetune [====================....] 40/47 MSE=1.941e-03 pass=0.0% K=36.0 targetK=33.2 countMAE=6.39 lr=proposal:1.0e-05/parameter:5.0e-05/selector:2.0e-04/decoder:5.0e-05
Epoch 096/128 joint_finetune [========================] 47/47 MSE=2.357e-03 pass=0.0% K=24.6 targetK=25.1 countMAE=4.79 lr=proposal:1.0e-05/parameter:5.0e-05/selector:2.0e-04/decoder:5.0e-05
  validation [=.......................] 1/16 
  validation [===============.........] 10/16 
  validation [========================] 16/16 
Epoch 096 phase=joint_finetune lr=proposal:1.0e-05/parameter:5.0e-05/selector:2.0e-04/decoder:5.0e-05 val dense=99.7% deployment=8.2% worst-source=0.0% qualification=0.0% MSE=3.087e-03 K=26.02 mass=25.08 beta=8.39 soft_cost=4.5872 selection_score=-4.5872 complexity=1.00->1.00 safety=0+0.00sigma scale=0.00->0.00 pass_reference_only=0.0%
  Joint train structure: Keep P/R/F1=0.566/0.593/0.578, critical_false_delete=0.371, proposal R@.005/.01/.02=0.888/0.998/1.000, parameter_bias=9.207e-03, count-cal loss=5.491e-02, score/target/bias/MAE=30.90/29.70/+1.20/5.62, fine-risk mean/std/range=0.504/0.232/0.750, fine-loss/rank=4.102e-01/1.655e+00
  Synthetic K=56: n=46, dense=100.0%, deployment=0.0%
  Synthetic: dense=100.0%, deployment=0.0%, MSE=2.280e-03, K=31.34, targetK=31.74, count_MAE=5.18, bias=-0.39, knot_F1@0.01=0.605, param_RMSE=3.805e-02
  uji_pen_characters_v2: dense=100.0%, deployment=18.0%, MSE=7.333e-03, K=5.91
  natural_earth_10m_coastline: dense=97.0%, deployment=0.0%, MSE=6.410e-03, K=8.27
  usgs_tnm_contours_large_scale: dense=100.0%, deployment=15.0%, MSE=3.101e-03, K=11.59
  industrial_model_offset_curves: dense=100.0%, deployment=51.6%, MSE=1.407e-04, K=47.94
Epoch 097/128 joint_finetune [........................] 1/47 MSE=2.404e-03 pass=0.0% K=28.3 targetK=28.9 countMAE=4.58 lr=proposal:1.0e-05/parameter:5.0e-05/selector:2.0e-04/decoder:5.0e-05
Epoch 097/128 joint_finetune [=====...................] 10/47 MSE=2.216e-03 pass=0.0% K=32.4 targetK=31.1 countMAE=5.23 lr=proposal:1.0e-05/parameter:5.0e-05/selector:2.0e-04/decoder:5.0e-05
Epoch 097/128 joint_finetune [==========..............] 20/47 MSE=2.156e-03 pass=0.0% K=26.1 targetK=25.6 countMAE=6.58 lr=proposal:1.0e-05/parameter:5.0e-05/selector:2.0e-04/decoder:5.0e-05
Epoch 097/128 joint_finetune [===============.........] 30/47 MSE=2.376e-03 pass=0.0% K=32.0 targetK=31.7 countMAE=5.45 lr=proposal:1.0e-05/parameter:5.0e-05/selector:2.0e-04/decoder:5.0e-05
Epoch 097/128 joint_finetune [====================....] 40/47 MSE=1.875e-03 pass=0.0% K=33.9 targetK=29.8 countMAE=6.38 lr=proposal:1.0e-05/parameter:5.0e-05/selector:2.0e-04/decoder:5.0e-05
Epoch 097/128 joint_finetune [========================] 47/47 MSE=2.359e-03 pass=0.0% K=31.1 targetK=31.3 countMAE=4.96 lr=proposal:1.0e-05/parameter:5.0e-05/selector:2.0e-04/decoder:5.0e-05
  validation [=.......................] 1/16 
  validation [===============.........] 10/16 
  validation [========================] 16/16 
Epoch 097 phase=joint_finetune lr=proposal:1.0e-05/parameter:5.0e-05/selector:2.0e-04/decoder:5.0e-05 val dense=99.7% deployment=7.8% worst-source=0.0% qualification=0.0% MSE=3.147e-03 K=24.98 mass=24.01 beta=8.33 soft_cost=4.6653 selection_score=-4.6653 complexity=1.00->1.00 safety=0+0.00sigma scale=0.00->0.00 pass_reference_only=0.0%
  Joint train structure: Keep P/R/F1=0.560/0.587/0.572, critical_false_delete=0.367, proposal R@.005/.01/.02=0.885/0.998/1.000, parameter_bias=9.069e-03, count-cal loss=5.829e-02, score/target/bias/MAE=30.97/29.73/+1.24/5.91, fine-risk mean/std/range=0.504/0.232/0.750, fine-loss/rank=4.219e-01/1.697e+00
  Synthetic K=56: n=46, dense=100.0%, deployment=0.0%
  Synthetic: dense=100.0%, deployment=0.0%, MSE=2.452e-03, K=30.19, targetK=31.74, count_MAE=5.55, bias=-1.54, knot_F1@0.01=0.602, param_RMSE=3.789e-02
  uji_pen_characters_v2: dense=100.0%, deployment=20.0%, MSE=5.188e-03, K=5.88
  natural_earth_10m_coastline: dense=97.0%, deployment=0.0%, MSE=7.492e-03, K=7.76
  usgs_tnm_contours_large_scale: dense=100.0%, deployment=8.0%, MSE=3.711e-03, K=9.87
  industrial_model_offset_curves: dense=100.0%, deployment=52.7%, MSE=1.607e-04, K=46.63
Epoch 098/128 joint_finetune [........................] 1/47 MSE=2.528e-03 pass=0.0% K=29.0 targetK=31.1 countMAE=5.66 lr=proposal:1.0e-05/parameter:5.0e-05/selector:2.0e-04/decoder:5.0e-05
Epoch 098/128 joint_finetune [=====...................] 10/47 MSE=1.908e-03 pass=0.0% K=35.4 targetK=31.9 countMAE=5.95 lr=proposal:1.0e-05/parameter:5.0e-05/selector:2.0e-04/decoder:5.0e-05
Epoch 098/128 joint_finetune [==========..............] 20/47 MSE=2.498e-03 pass=0.0% K=27.1 targetK=28.4 countMAE=4.48 lr=proposal:1.0e-05/parameter:5.0e-05/selector:2.0e-04/decoder:5.0e-05
Epoch 098/128 joint_finetune [===============.........] 30/47 MSE=1.901e-03 pass=0.0% K=32.5 targetK=28.7 countMAE=6.19 lr=proposal:1.0e-05/parameter:5.0e-05/selector:2.0e-04/decoder:5.0e-05
Epoch 098/128 joint_finetune [====================....] 40/47 MSE=1.829e-03 pass=0.0% K=35.5 targetK=32.6 countMAE=6.64 lr=proposal:1.0e-05/parameter:5.0e-05/selector:2.0e-04/decoder:5.0e-05
Epoch 098/128 joint_finetune [========================] 47/47 MSE=1.926e-03 pass=0.0% K=34.9 targetK=32.3 countMAE=5.36 lr=proposal:1.0e-05/parameter:5.0e-05/selector:2.0e-04/decoder:5.0e-05
  validation [=.......................] 1/16 
  validation [===============.........] 10/16 
  validation [========================] 16/16 
Epoch 098 phase=joint_finetune lr=proposal:1.0e-05/parameter:5.0e-05/selector:2.0e-04/decoder:5.0e-05 val dense=99.7% deployment=6.7% worst-source=0.0% qualification=0.0% MSE=3.189e-03 K=25.49 mass=24.43 beta=8.45 soft_cost=4.6757 selection_score=-4.6757 complexity=1.00->1.00 safety=0+0.00sigma scale=0.00->0.00 pass_reference_only=0.0%
  Joint train structure: Keep P/R/F1=0.571/0.596/0.582, critical_false_delete=0.360, proposal R@.005/.01/.02=0.887/0.998/1.000, parameter_bias=9.198e-03, count-cal loss=5.497e-02, score/target/bias/MAE=31.06/29.99/+1.07/5.65, fine-risk mean/std/range=0.504/0.232/0.750, fine-loss/rank=4.040e-01/1.660e+00
  Synthetic K=56: n=46, dense=100.0%, deployment=0.0%
  Synthetic: dense=100.0%, deployment=0.0%, MSE=2.230e-03, K=32.08, targetK=31.74, count_MAE=5.42, bias=+0.35, knot_F1@0.01=0.615, param_RMSE=3.852e-02
  uji_pen_characters_v2: dense=100.0%, deployment=17.0%, MSE=6.743e-03, K=5.18
  natural_earth_10m_coastline: dense=97.0%, deployment=0.0%, MSE=6.924e-03, K=6.17
  usgs_tnm_contours_large_scale: dense=100.0%, deployment=7.0%, MSE=4.309e-03, K=7.78
  industrial_model_offset_curves: dense=100.0%, deployment=46.2%, MSE=3.339e-04, K=44.62
Epoch 099/128 joint_finetune [........................] 1/47 MSE=2.282e-03 pass=0.0% K=29.6 targetK=29.8 countMAE=5.02 lr=proposal:1.0e-05/parameter:5.0e-05/selector:2.0e-04/decoder:5.0e-05
Epoch 099/128 joint_finetune [=====...................] 10/47 MSE=1.605e-03 pass=0.0% K=35.2 targetK=29.9 countMAE=6.72 lr=proposal:1.0e-05/parameter:5.0e-05/selector:2.0e-04/decoder:5.0e-05
Epoch 099/128 joint_finetune [==========..............] 20/47 MSE=2.349e-03 pass=0.0% K=31.9 targetK=32.4 countMAE=5.27 lr=proposal:1.0e-05/parameter:5.0e-05/selector:2.0e-04/decoder:5.0e-05
Epoch 099/128 joint_finetune [===============.........] 30/47 MSE=2.228e-03 pass=0.0% K=29.6 targetK=28.8 countMAE=5.17 lr=proposal:1.0e-05/parameter:5.0e-05/selector:2.0e-04/decoder:5.0e-05
Epoch 099/128 joint_finetune [====================....] 40/47 MSE=1.949e-03 pass=0.0% K=34.6 targetK=31.4 countMAE=5.91 lr=proposal:1.0e-05/parameter:5.0e-05/selector:2.0e-04/decoder:5.0e-05
Epoch 099/128 joint_finetune [========================] 47/47 MSE=1.933e-03 pass=0.0% K=35.8 targetK=32.7 countMAE=6.09 lr=proposal:1.0e-05/parameter:5.0e-05/selector:2.0e-04/decoder:5.0e-05
  validation [=.......................] 1/16 
  validation [===============.........] 10/16 
  validation [========================] 16/16 
Epoch 099 phase=joint_finetune lr=proposal:1.0e-05/parameter:5.0e-05/selector:2.0e-04/decoder:5.0e-05 val dense=99.7% deployment=7.9% worst-source=0.0% qualification=0.0% MSE=2.783e-03 K=27.50 mass=26.46 beta=8.57 soft_cost=4.5285 selection_score=-4.5285 complexity=1.00->1.00 safety=0+0.00sigma scale=0.00->0.00 pass_reference_only=0.0%
  Joint train structure: Keep P/R/F1=0.561/0.586/0.573, critical_false_delete=0.371, proposal R@.005/.01/.02=0.886/0.998/1.000, parameter_bias=9.093e-03, count-cal loss=6.023e-02, score/target/bias/MAE=30.55/29.50/+1.05/5.72, fine-risk mean/std/range=0.504/0.232/0.750, fine-loss/rank=4.452e-01/1.734e+00
  Synthetic K=56: n=46, dense=100.0%, deployment=0.0%
  Synthetic: dense=100.0%, deployment=0.0%, MSE=1.960e-03, K=34.84, targetK=31.74, count_MAE=6.20, bias=+3.11, knot_F1@0.01=0.630, param_RMSE=3.870e-02
  uji_pen_characters_v2: dense=100.0%, deployment=17.0%, MSE=5.255e-03, K=5.51
  natural_earth_10m_coastline: dense=97.0%, deployment=0.0%, MSE=6.744e-03, K=6.85
  usgs_tnm_contours_large_scale: dense=100.0%, deployment=6.0%, MSE=3.641e-03, K=8.67
  industrial_model_offset_curves: dense=100.0%, deployment=59.1%, MSE=2.543e-04, K=46.22
Epoch 100/128 joint_finetune [........................] 1/47 MSE=2.090e-03 pass=0.0% K=32.1 targetK=29.1 countMAE=6.05 lr=proposal:1.0e-05/parameter:5.0e-05/selector:2.0e-04/decoder:5.0e-05
Epoch 100/128 joint_finetune [=====...................] 10/47 MSE=2.076e-03 pass=0.0% K=33.5 targetK=30.3 countMAE=6.25 lr=proposal:1.0e-05/parameter:5.0e-05/selector:2.0e-04/decoder:5.0e-05
Epoch 100/128 joint_finetune [==========..............] 20/47 MSE=2.256e-03 pass=1.6% K=31.2 targetK=31.8 countMAE=6.00 lr=proposal:1.0e-05/parameter:5.0e-05/selector:2.0e-04/decoder:5.0e-05
Epoch 100/128 joint_finetune [===============.........] 30/47 MSE=2.897e-03 pass=0.0% K=25.5 targetK=31.0 countMAE=6.92 lr=proposal:1.0e-05/parameter:5.0e-05/selector:2.0e-04/decoder:5.0e-05
Epoch 100/128 joint_finetune [====================....] 40/47 MSE=1.762e-03 pass=0.0% K=39.2 targetK=33.3 countMAE=7.22 lr=proposal:1.0e-05/parameter:5.0e-05/selector:2.0e-04/decoder:5.0e-05
Epoch 100/128 joint_finetune [========================] 47/47 MSE=2.169e-03 pass=0.0% K=33.5 targetK=33.0 countMAE=5.02 lr=proposal:1.0e-05/parameter:5.0e-05/selector:2.0e-04/decoder:5.0e-05
  validation [=.......................] 1/16 
  validation [===============.........] 10/16 
  validation [========================] 16/16 
Epoch 100 phase=joint_finetune lr=proposal:1.0e-05/parameter:5.0e-05/selector:2.0e-04/decoder:5.0e-05 val dense=99.8% deployment=7.3% worst-source=0.0% qualification=0.0% MSE=3.099e-03 K=25.75 mass=24.72 beta=9.11 soft_cost=4.6468 selection_score=-4.6468 complexity=1.00->1.00 safety=0+0.00sigma scale=0.00->0.00 pass_reference_only=0.0%
  Joint train structure: Keep P/R/F1=0.564/0.596/0.578, critical_false_delete=0.346, proposal R@.005/.01/.02=0.887/0.998/1.000, parameter_bias=9.386e-03, count-cal loss=6.812e-02, score/target/bias/MAE=31.53/30.03/+1.50/6.63, fine-risk mean/std/range=0.504/0.232/0.750, fine-loss/rank=4.124e-01/1.670e+00
  Synthetic K=56: n=46, dense=100.0%, deployment=0.0%
  Synthetic: dense=100.0%, deployment=0.0%, MSE=2.340e-03, K=31.62, targetK=31.74, count_MAE=5.38, bias=-0.11, knot_F1@0.01=0.611, param_RMSE=3.879e-02
  uji_pen_characters_v2: dense=100.0%, deployment=16.0%, MSE=7.711e-03, K=5.42
  natural_earth_10m_coastline: dense=98.0%, deployment=0.0%, MSE=5.466e-03, K=7.23
  usgs_tnm_contours_large_scale: dense=100.0%, deployment=7.0%, MSE=3.316e-03, K=9.13
  industrial_model_offset_curves: dense=100.0%, deployment=52.7%, MSE=2.575e-04, K=47.45
Epoch 101/128 joint_finetune [........................] 1/47 MSE=2.343e-03 pass=0.0% K=29.6 targetK=29.1 countMAE=5.20 lr=proposal:1.0e-05/parameter:5.0e-05/selector:2.0e-04/decoder:5.0e-05
Epoch 101/128 joint_finetune [=====...................] 10/47 MSE=2.139e-03 pass=0.0% K=32.1 targetK=30.6 countMAE=5.66 lr=proposal:1.0e-05/parameter:5.0e-05/selector:2.0e-04/decoder:5.0e-05
Epoch 101/128 joint_finetune [==========..............] 20/47 MSE=2.307e-03 pass=1.6% K=26.8 targetK=25.5 countMAE=5.31 lr=proposal:1.0e-05/parameter:5.0e-05/selector:2.0e-04/decoder:5.0e-05
Epoch 101/128 joint_finetune [===============.........] 30/47 MSE=2.167e-03 pass=0.0% K=30.5 targetK=29.3 countMAE=7.38 lr=proposal:1.0e-05/parameter:5.0e-05/selector:2.0e-04/decoder:5.0e-05
Epoch 101/128 joint_finetune [====================....] 40/47 MSE=2.260e-03 pass=0.0% K=30.5 targetK=29.4 countMAE=5.56 lr=proposal:1.0e-05/parameter:5.0e-05/selector:2.0e-04/decoder:5.0e-05
Epoch 101/128 joint_finetune [========================] 47/47 MSE=2.854e-03 pass=0.0% K=26.1 targetK=29.5 countMAE=6.27 lr=proposal:1.0e-05/parameter:5.0e-05/selector:2.0e-04/decoder:5.0e-05
  validation [=.......................] 1/16 
  validation [===============.........] 10/16 
  validation [========================] 16/16 
Epoch 101 phase=joint_finetune lr=proposal:1.0e-05/parameter:5.0e-05/selector:2.0e-04/decoder:5.0e-05 val dense=99.8% deployment=5.9% worst-source=0.0% qualification=0.0% MSE=3.264e-03 K=23.00 mass=21.89 beta=9.18 soft_cost=4.8380 selection_score=-4.8380 complexity=1.00->1.00 safety=0+0.00sigma scale=0.00->0.00 pass_reference_only=0.0%
  Joint train structure: Keep P/R/F1=0.564/0.578/0.569, critical_false_delete=0.374, proposal R@.005/.01/.02=0.885/0.998/1.000, parameter_bias=9.360e-03, count-cal loss=7.831e-02, score/target/bias/MAE=30.04/29.56/+0.49/6.38, fine-risk mean/std/range=0.504/0.232/0.750, fine-loss/rank=4.486e-01/1.697e+00
  Synthetic K=56: n=46, dense=100.0%, deployment=0.0%
  Synthetic: dense=100.0%, deployment=0.0%, MSE=2.692e-03, K=28.51, targetK=31.74, count_MAE=5.70, bias=-3.23, knot_F1@0.01=0.608, param_RMSE=3.938e-02
  uji_pen_characters_v2: dense=100.0%, deployment=10.0%, MSE=6.462e-03, K=4.86
  natural_earth_10m_coastline: dense=98.0%, deployment=0.0%, MSE=5.490e-03, K=5.85
  usgs_tnm_contours_large_scale: dense=100.0%, deployment=1.0%, MSE=3.535e-03, K=7.13
  industrial_model_offset_curves: dense=100.0%, deployment=51.6%, MSE=8.257e-04, K=42.52
Epoch 102/128 joint_finetune [........................] 1/47 MSE=2.850e-03 pass=0.0% K=26.9 targetK=31.2 countMAE=6.19 lr=proposal:1.0e-05/parameter:5.0e-05/selector:2.0e-04/decoder:5.0e-05
Epoch 102/128 joint_finetune [=====...................] 10/47 MSE=1.412e-03 pass=0.0% K=41.1 targetK=29.5 countMAE=12.59 lr=proposal:1.0e-05/parameter:5.0e-05/selector:2.0e-04/decoder:5.0e-05
Epoch 102/128 joint_finetune [==========..............] 20/47 MSE=2.779e-03 pass=0.0% K=26.7 targetK=30.5 countMAE=6.14 lr=proposal:1.0e-05/parameter:5.0e-05/selector:2.0e-04/decoder:5.0e-05
Epoch 102/128 joint_finetune [===============.........] 30/47 MSE=2.397e-03 pass=0.0% K=30.3 targetK=30.0 countMAE=5.84 lr=proposal:1.0e-05/parameter:5.0e-05/selector:2.0e-04/decoder:5.0e-05
Epoch 102/128 joint_finetune [====================....] 40/47 MSE=1.934e-03 pass=0.0% K=38.4 targetK=34.2 countMAE=6.69 lr=proposal:1.0e-05/parameter:5.0e-05/selector:2.0e-04/decoder:5.0e-05
Epoch 102/128 joint_finetune [========================] 47/47 MSE=2.801e-03 pass=0.0% K=26.8 targetK=30.2 countMAE=6.55 lr=proposal:1.0e-05/parameter:5.0e-05/selector:2.0e-04/decoder:5.0e-05
  validation [=.......................] 1/16 
  validation [===============.........] 10/16 
  validation [========================] 16/16 
Epoch 102 phase=joint_finetune lr=proposal:1.0e-05/parameter:5.0e-05/selector:2.0e-04/decoder:5.0e-05 val dense=99.9% deployment=7.2% worst-source=0.0% qualification=0.0% MSE=2.733e-03 K=24.32 mass=23.35 beta=10.13 soft_cost=4.6647 selection_score=-4.6647 complexity=1.00->1.00 safety=0+0.00sigma scale=0.00->0.00 pass_reference_only=0.0%
  Joint train structure: Keep P/R/F1=0.562/0.598/0.577, critical_false_delete=0.355, proposal R@.005/.01/.02=0.884/0.998/1.000, parameter_bias=9.276e-03, count-cal loss=7.155e-02, score/target/bias/MAE=31.39/29.72/+1.66/6.78, fine-risk mean/std/range=0.504/0.232/0.750, fine-loss/rank=4.216e-01/1.688e+00
  Synthetic K=56: n=46, dense=100.0%, deployment=0.0%
  Synthetic: dense=100.0%, deployment=0.0%, MSE=2.637e-03, K=28.34, targetK=31.74, count_MAE=7.40, bias=-3.40, knot_F1@0.01=0.574, param_RMSE=3.988e-02
  uji_pen_characters_v2: dense=100.0%, deployment=18.0%, MSE=4.083e-03, K=5.84
  natural_earth_10m_coastline: dense=99.0%, deployment=0.0%, MSE=4.397e-03, K=8.47
  usgs_tnm_contours_large_scale: dense=100.0%, deployment=10.0%, MSE=2.599e-03, K=11.41
  industrial_model_offset_curves: dense=100.0%, deployment=46.2%, MSE=2.526e-04, K=49.19
Epoch 103/128 joint_finetune [........................] 1/47 MSE=2.622e-03 pass=0.0% K=25.9 targetK=29.0 countMAE=7.06 lr=proposal:1.0e-05/parameter:5.0e-05/selector:2.0e-04/decoder:5.0e-05
Epoch 103/128 joint_finetune [=====...................] 10/47 MSE=1.937e-03 pass=1.6% K=30.8 targetK=27.4 countMAE=6.00 lr=proposal:1.0e-05/parameter:5.0e-05/selector:2.0e-04/decoder:5.0e-05
Epoch 103/128 joint_finetune [==========..............] 20/47 MSE=1.753e-03 pass=0.0% K=38.5 targetK=32.8 countMAE=7.84 lr=proposal:1.0e-05/parameter:5.0e-05/selector:2.0e-04/decoder:5.0e-05
Epoch 103/128 joint_finetune [===============.........] 30/47 MSE=2.164e-03 pass=1.6% K=34.9 targetK=32.3 countMAE=7.14 lr=proposal:1.0e-05/parameter:5.0e-05/selector:2.0e-04/decoder:5.0e-05
Epoch 103/128 joint_finetune [====================....] 40/47 MSE=2.095e-03 pass=0.0% K=33.3 targetK=31.3 countMAE=7.86 lr=proposal:1.0e-05/parameter:5.0e-05/selector:2.0e-04/decoder:5.0e-05
Epoch 103/128 joint_finetune [========================] 47/47 MSE=2.847e-03 pass=0.0% K=24.8 targetK=31.0 countMAE=9.32 lr=proposal:1.0e-05/parameter:5.0e-05/selector:2.0e-04/decoder:5.0e-05
  validation [=.......................] 1/16 
  validation [===============.........] 10/16 
  validation [========================] 16/16 
Epoch 103 phase=joint_finetune lr=proposal:1.0e-05/parameter:5.0e-05/selector:2.0e-04/decoder:5.0e-05 val dense=99.9% deployment=6.8% worst-source=0.0% qualification=0.0% MSE=3.389e-03 K=20.98 mass=19.88 beta=9.32 soft_cost=4.8684 selection_score=-4.8684 complexity=1.00->1.00 safety=0+0.00sigma scale=0.00->0.00 pass_reference_only=0.0%
  Joint train structure: Keep P/R/F1=0.560/0.605/0.579, critical_false_delete=0.345, proposal R@.005/.01/.02=0.885/0.998/1.000, parameter_bias=9.631e-03, count-cal loss=8.039e-02, score/target/bias/MAE=31.72/29.54/+2.18/7.44, fine-risk mean/std/range=0.504/0.232/0.750, fine-loss/rank=4.165e-01/1.682e+00
  Synthetic K=56: n=46, dense=100.0%, deployment=0.0%
  Synthetic: dense=100.0%, deployment=0.2%, MSE=2.994e-03, K=24.83, targetK=31.74, count_MAE=8.73, bias=-6.91, knot_F1@0.01=0.558, param_RMSE=3.973e-02
  uji_pen_characters_v2: dense=100.0%, deployment=13.0%, MSE=5.980e-03, K=4.81
  natural_earth_10m_coastline: dense=99.0%, deployment=0.0%, MSE=5.299e-03, K=5.88
  usgs_tnm_contours_large_scale: dense=100.0%, deployment=2.0%, MSE=3.783e-03, K=7.33
  industrial_model_offset_curves: dense=100.0%, deployment=55.9%, MSE=6.723e-04, K=44.41
Epoch 104/128 joint_finetune [........................] 1/47 MSE=2.936e-03 pass=1.6% K=22.2 targetK=28.2 countMAE=8.64 lr=proposal:1.0e-05/parameter:5.0e-05/selector:2.0e-04/decoder:5.0e-05
Epoch 104/128 joint_finetune [=====...................] 10/47 MSE=1.368e-03 pass=0.0% K=44.9 targetK=35.4 countMAE=9.91 lr=proposal:1.0e-05/parameter:5.0e-05/selector:2.0e-04/decoder:5.0e-05
Epoch 104/128 joint_finetune [==========..............] 20/47 MSE=1.803e-03 pass=0.0% K=35.3 targetK=30.1 countMAE=7.47 lr=proposal:1.0e-05/parameter:5.0e-05/selector:2.0e-04/decoder:5.0e-05
Epoch 104/128 joint_finetune [===============.........] 30/47 MSE=2.906e-03 pass=0.0% K=24.4 targetK=29.8 countMAE=7.59 lr=proposal:1.0e-05/parameter:5.0e-05/selector:2.0e-04/decoder:5.0e-05
Epoch 104/128 joint_finetune [====================....] 40/47 MSE=1.454e-03 pass=0.0% K=40.1 targetK=32.7 countMAE=8.12 lr=proposal:1.0e-05/parameter:5.0e-05/selector:2.0e-04/decoder:5.0e-05
Epoch 104/128 joint_finetune [========================] 47/47 MSE=2.177e-03 pass=0.0% K=28.7 targetK=28.3 countMAE=5.48 lr=proposal:1.0e-05/parameter:5.0e-05/selector:2.0e-04/decoder:5.0e-05
  validation [=.......................] 1/16 
  validation [===============.........] 10/16 
  validation [========================] 16/16 
Epoch 104 phase=joint_finetune lr=proposal:1.0e-05/parameter:5.0e-05/selector:2.0e-04/decoder:5.0e-05 val dense=99.8% deployment=8.0% worst-source=0.0% qualification=0.0% MSE=2.793e-03 K=26.34 mass=25.24 beta=9.88 soft_cost=4.5823 selection_score=-4.5823 complexity=1.00->1.00 safety=0+0.00sigma scale=0.00->0.00 pass_reference_only=0.0%
  Joint train structure: Keep P/R/F1=0.569/0.613/0.586, critical_false_delete=0.336, proposal R@.005/.01/.02=0.888/0.998/1.000, parameter_bias=9.713e-03, count-cal loss=8.759e-02, score/target/bias/MAE=32.20/29.96/+2.23/7.88, fine-risk mean/std/range=0.504/0.232/0.750, fine-loss/rank=4.022e-01/1.656e+00
  Synthetic K=56: n=46, dense=100.0%, deployment=0.0%
  Synthetic: dense=100.0%, deployment=0.3%, MSE=2.104e-03, K=33.16, targetK=31.74, count_MAE=5.95, bias=+1.43, knot_F1@0.01=0.621, param_RMSE=3.929e-02
  uji_pen_characters_v2: dense=100.0%, deployment=16.0%, MSE=5.543e-03, K=5.32
  natural_earth_10m_coastline: dense=98.0%, deployment=0.0%, MSE=5.643e-03, K=6.54
  usgs_tnm_contours_large_scale: dense=100.0%, deployment=5.0%, MSE=3.612e-03, K=8.22
  industrial_model_offset_curves: dense=100.0%, deployment=60.2%, MSE=3.329e-04, K=45.65
Epoch 105/128 joint_finetune [........................] 1/47 MSE=2.082e-03 pass=0.0% K=30.7 targetK=28.2 countMAE=6.03 lr=proposal:1.0e-05/parameter:5.0e-05/selector:2.0e-04/decoder:5.0e-05
Epoch 105/128 joint_finetune [=====...................] 10/47 MSE=1.940e-03 pass=0.0% K=34.6 targetK=32.5 countMAE=5.48 lr=proposal:1.0e-05/parameter:5.0e-05/selector:2.0e-04/decoder:5.0e-05
Epoch 105/128 joint_finetune [==========..............] 20/47 MSE=2.353e-03 pass=0.0% K=30.9 targetK=30.8 countMAE=6.14 lr=proposal:1.0e-05/parameter:5.0e-05/selector:2.0e-04/decoder:5.0e-05
Epoch 105/128 joint_finetune [===============.........] 30/47 MSE=2.119e-03 pass=0.0% K=30.3 targetK=28.1 countMAE=5.72 lr=proposal:1.0e-05/parameter:5.0e-05/selector:2.0e-04/decoder:5.0e-05
Epoch 105/128 joint_finetune [====================....] 40/47 MSE=2.275e-03 pass=0.0% K=29.8 targetK=29.2 countMAE=5.36 lr=proposal:1.0e-05/parameter:5.0e-05/selector:2.0e-04/decoder:5.0e-05
Epoch 105/128 joint_finetune [========================] 47/47 MSE=1.753e-03 pass=1.8% K=33.3 targetK=27.5 countMAE=8.61 lr=proposal:1.0e-05/parameter:5.0e-05/selector:2.0e-04/decoder:5.0e-05
  validation [=.......................] 1/16 
  validation [===============.........] 10/16 
  validation [========================] 16/16 
Epoch 105 phase=joint_finetune lr=proposal:1.0e-05/parameter:5.0e-05/selector:2.0e-04/decoder:5.0e-05 val dense=99.8% deployment=9.2% worst-source=0.2% qualification=0.0% MSE=2.067e-03 K=29.67 mass=28.71 beta=10.75 soft_cost=4.3188 selection_score=-4.3188 complexity=1.00->1.00 safety=0+0.00sigma scale=0.00->0.00 pass_reference_only=0.0%
  Joint train structure: Keep P/R/F1=0.560/0.601/0.579, critical_false_delete=0.358, proposal R@.005/.01/.02=0.882/0.998/1.000, parameter_bias=9.463e-03, count-cal loss=7.070e-02, score/target/bias/MAE=31.27/29.32/+1.96/6.41, fine-risk mean/std/range=0.504/0.232/0.750, fine-loss/rank=4.187e-01/1.676e+00
  Synthetic K=56: n=46, dense=100.0%, deployment=0.0%
  Synthetic: dense=100.0%, deployment=0.2%, MSE=1.910e-03, K=35.65, targetK=31.74, count_MAE=8.54, bias=+3.92, knot_F1@0.01=0.610, param_RMSE=4.039e-02
  uji_pen_characters_v2: dense=100.0%, deployment=22.0%, MSE=3.424e-03, K=7.15
  natural_earth_10m_coastline: dense=98.0%, deployment=1.0%, MSE=3.546e-03, K=11.11
  usgs_tnm_contours_large_scale: dense=100.0%, deployment=14.0%, MSE=1.990e-03, K=13.96
  industrial_model_offset_curves: dense=100.0%, deployment=57.0%, MSE=1.153e-04, K=52.10
Epoch 106/128 joint_finetune [........................] 1/47 MSE=1.887e-03 pass=1.6% K=33.6 targetK=30.4 countMAE=8.72 lr=proposal:1.0e-05/parameter:5.0e-05/selector:2.0e-04/decoder:5.0e-05
Epoch 106/128 joint_finetune [=====...................] 10/47 MSE=2.494e-03 pass=0.0% K=28.4 targetK=29.4 countMAE=6.08 lr=proposal:1.0e-05/parameter:5.0e-05/selector:2.0e-04/decoder:5.0e-05
Epoch 106/128 joint_finetune [==========..............] 20/47 MSE=1.919e-03 pass=0.0% K=34.3 targetK=29.8 countMAE=7.34 lr=proposal:1.0e-05/parameter:5.0e-05/selector:2.0e-04/decoder:5.0e-05
Epoch 106/128 joint_finetune [===============.........] 30/47 MSE=2.029e-03 pass=0.0% K=28.7 targetK=26.9 countMAE=5.31 lr=proposal:1.0e-05/parameter:5.0e-05/selector:2.0e-04/decoder:5.0e-05
Epoch 106/128 joint_finetune [====================....] 40/47 MSE=2.417e-03 pass=0.0% K=25.6 targetK=27.4 countMAE=6.19 lr=proposal:1.0e-05/parameter:5.0e-05/selector:2.0e-04/decoder:5.0e-05
Epoch 106/128 joint_finetune [========================] 47/47 MSE=1.466e-03 pass=1.8% K=39.6 targetK=32.8 countMAE=8.25 lr=proposal:1.0e-05/parameter:5.0e-05/selector:2.0e-04/decoder:5.0e-05
  validation [=.......................] 1/16 
  validation [===============.........] 10/16 
  validation [========================] 16/16 
Epoch 106 phase=joint_finetune lr=proposal:1.0e-05/parameter:5.0e-05/selector:2.0e-04/decoder:5.0e-05 val dense=99.9% deployment=9.5% worst-source=0.0% qualification=0.0% MSE=2.096e-03 K=30.01 mass=28.97 beta=10.26 soft_cost=4.2602 selection_score=-4.2602 complexity=1.00->1.00 safety=0+0.00sigma scale=0.00->0.00 pass_reference_only=0.0%
  Joint train structure: Keep P/R/F1=0.568/0.595/0.580, critical_false_delete=0.349, proposal R@.005/.01/.02=0.884/0.998/1.000, parameter_bias=9.575e-03, count-cal loss=7.229e-02, score/target/bias/MAE=30.71/29.57/+1.15/6.61, fine-risk mean/std/range=0.504/0.232/0.750, fine-loss/rank=4.430e-01/1.725e+00
  Synthetic K=56: n=46, dense=100.0%, deployment=0.0%
  Synthetic: dense=100.0%, deployment=0.2%, MSE=1.648e-03, K=37.65, targetK=31.74, count_MAE=7.79, bias=+5.91, knot_F1@0.01=0.643, param_RMSE=3.949e-02
  uji_pen_characters_v2: dense=100.0%, deployment=19.0%, MSE=3.639e-03, K=5.85
  natural_earth_10m_coastline: dense=99.0%, deployment=0.0%, MSE=4.561e-03, K=8.60
  usgs_tnm_contours_large_scale: dense=100.0%, deployment=10.0%, MSE=2.604e-03, K=11.00
  industrial_model_offset_curves: dense=100.0%, deployment=68.8%, MSE=1.324e-04, K=50.20
Epoch 107/128 joint_finetune [........................] 1/47 MSE=1.686e-03 pass=0.0% K=34.4 targetK=28.9 countMAE=7.45 lr=proposal:1.0e-05/parameter:5.0e-05/selector:2.0e-04/decoder:5.0e-05
Epoch 107/128 joint_finetune [=====...................] 10/47 MSE=2.406e-03 pass=0.0% K=27.1 targetK=29.0 countMAE=7.27 lr=proposal:1.0e-05/parameter:5.0e-05/selector:2.0e-04/decoder:5.0e-05
Epoch 107/128 joint_finetune [==========..............] 20/47 MSE=1.820e-03 pass=0.0% K=33.5 targetK=29.0 countMAE=7.00 lr=proposal:1.0e-05/parameter:5.0e-05/selector:2.0e-04/decoder:5.0e-05
Epoch 107/128 joint_finetune [===============.........] 30/47 MSE=2.288e-03 pass=0.0% K=28.0 targetK=27.3 countMAE=7.14 lr=proposal:1.0e-05/parameter:5.0e-05/selector:2.0e-04/decoder:5.0e-05
Epoch 107/128 joint_finetune [====================....] 40/47 MSE=2.070e-03 pass=0.0% K=34.8 targetK=32.6 countMAE=7.61 lr=proposal:1.0e-05/parameter:5.0e-05/selector:2.0e-04/decoder:5.0e-05
Epoch 107/128 joint_finetune [========================] 47/47 MSE=2.170e-03 pass=1.8% K=30.1 targetK=28.5 countMAE=6.95 lr=proposal:1.0e-05/parameter:5.0e-05/selector:2.0e-04/decoder:5.0e-05
  validation [=.......................] 1/16 
  validation [===============.........] 10/16 
  validation [========================] 16/16 
Epoch 107 phase=joint_finetune lr=proposal:1.0e-05/parameter:5.0e-05/selector:2.0e-04/decoder:5.0e-05 val dense=99.9% deployment=8.4% worst-source=0.0% qualification=0.0% MSE=2.831e-03 K=25.84 mass=24.74 beta=10.86 soft_cost=4.5736 selection_score=-4.5736 complexity=1.00->1.00 safety=0+0.00sigma scale=0.00->0.00 pass_reference_only=0.0%
  Joint train structure: Keep P/R/F1=0.569/0.611/0.589, critical_false_delete=0.331, proposal R@.005/.01/.02=0.883/0.998/1.000, parameter_bias=9.671e-03, count-cal loss=7.443e-02, score/target/bias/MAE=32.03/30.10/+1.94/6.81, fine-risk mean/std/range=0.504/0.232/0.750, fine-loss/rank=4.427e-01/1.782e+00
  Synthetic K=56: n=46, dense=100.0%, deployment=0.0%
  Synthetic: dense=100.0%, deployment=0.0%, MSE=2.260e-03, K=31.62, targetK=31.74, count_MAE=6.03, bias=-0.12, knot_F1@0.01=0.626, param_RMSE=3.963e-02
  uji_pen_characters_v2: dense=100.0%, deployment=15.0%, MSE=4.471e-03, K=5.40
  natural_earth_10m_coastline: dense=99.0%, deployment=0.0%, MSE=6.708e-03, K=7.42
  usgs_tnm_contours_large_scale: dense=100.0%, deployment=5.0%, MSE=3.200e-03, K=9.03
  industrial_model_offset_curves: dense=100.0%, deployment=67.7%, MSE=1.834e-04, K=48.43
Epoch 108/128 joint_finetune [........................] 1/47 MSE=2.313e-03 pass=0.0% K=26.8 targetK=26.8 countMAE=5.67 lr=proposal:1.0e-05/parameter:5.0e-05/selector:2.0e-04/decoder:5.0e-05
Epoch 108/128 joint_finetune [=====...................] 10/47 MSE=2.150e-03 pass=0.0% K=31.6 targetK=30.2 countMAE=6.41 lr=proposal:1.0e-05/parameter:5.0e-05/selector:2.0e-04/decoder:5.0e-05
Epoch 108/128 joint_finetune [==========..............] 20/47 MSE=1.913e-03 pass=0.0% K=34.8 targetK=31.2 countMAE=6.61 lr=proposal:1.0e-05/parameter:5.0e-05/selector:2.0e-04/decoder:5.0e-05
Epoch 108/128 joint_finetune [===============.........] 30/47 MSE=1.955e-03 pass=0.0% K=36.0 targetK=31.4 countMAE=7.00 lr=proposal:1.0e-05/parameter:5.0e-05/selector:2.0e-04/decoder:5.0e-05
Epoch 108/128 joint_finetune [====================....] 40/47 MSE=2.419e-03 pass=0.0% K=31.5 targetK=31.2 countMAE=6.25 lr=proposal:1.0e-05/parameter:5.0e-05/selector:2.0e-04/decoder:5.0e-05
Epoch 108/128 joint_finetune [========================] 47/47 MSE=2.194e-03 pass=0.0% K=30.1 targetK=26.9 countMAE=6.89 lr=proposal:1.0e-05/parameter:5.0e-05/selector:2.0e-04/decoder:5.0e-05
  validation [=.......................] 1/16 
  validation [===============.........] 10/16 
  validation [========================] 16/16 
Epoch 108 phase=joint_finetune lr=proposal:1.0e-05/parameter:5.0e-05/selector:2.0e-04/decoder:5.0e-05 val dense=99.8% deployment=7.4% worst-source=0.0% qualification=0.0% MSE=2.595e-03 K=27.53 mass=26.43 beta=10.90 soft_cost=4.5394 selection_score=-4.5394 complexity=1.00->1.00 safety=0+0.00sigma scale=0.00->0.00 pass_reference_only=0.0%
  Joint train structure: Keep P/R/F1=0.568/0.607/0.586, critical_false_delete=0.344, proposal R@.005/.01/.02=0.885/0.998/1.000, parameter_bias=9.824e-03, count-cal loss=8.071e-02, score/target/bias/MAE=31.52/29.71/+1.80/6.82, fine-risk mean/std/range=0.504/0.232/0.750, fine-loss/rank=4.245e-01/1.698e+00
  Synthetic K=56: n=46, dense=100.0%, deployment=0.0%
  Synthetic: dense=100.0%, deployment=0.2%, MSE=2.094e-03, K=34.64, targetK=31.74, count_MAE=6.52, bias=+2.90, knot_F1@0.01=0.642, param_RMSE=3.918e-02
  uji_pen_characters_v2: dense=100.0%, deployment=12.0%, MSE=4.960e-03, K=5.29
  natural_earth_10m_coastline: dense=98.0%, deployment=0.0%, MSE=5.065e-03, K=7.05
  usgs_tnm_contours_large_scale: dense=100.0%, deployment=3.0%, MSE=2.962e-03, K=9.26
  industrial_model_offset_curves: dense=100.0%, deployment=61.3%, MSE=2.259e-04, K=47.28
Epoch 109/128 joint_finetune [........................] 1/47 MSE=2.363e-03 pass=0.0% K=29.4 targetK=28.1 countMAE=5.52 lr=proposal:1.0e-05/parameter:5.0e-05/selector:2.0e-04/decoder:5.0e-05
Epoch 109/128 joint_finetune [=====...................] 10/47 MSE=1.859e-03 pass=0.0% K=35.3 targetK=29.8 countMAE=6.94 lr=proposal:1.0e-05/parameter:5.0e-05/selector:2.0e-04/decoder:5.0e-05
Epoch 109/128 joint_finetune [==========..............] 20/47 MSE=2.140e-03 pass=0.0% K=31.2 targetK=29.9 countMAE=5.92 lr=proposal:1.0e-05/parameter:5.0e-05/selector:2.0e-04/decoder:5.0e-05
Epoch 109/128 joint_finetune [===============.........] 30/47 MSE=2.307e-03 pass=0.0% K=28.6 targetK=27.4 countMAE=6.28 lr=proposal:1.0e-05/parameter:5.0e-05/selector:2.0e-04/decoder:5.0e-05
Epoch 109/128 joint_finetune [====================....] 40/47 MSE=2.215e-03 pass=0.0% K=32.3 targetK=29.9 countMAE=6.72 lr=proposal:1.0e-05/parameter:5.0e-05/selector:2.0e-04/decoder:5.0e-05
Epoch 109/128 joint_finetune [========================] 47/47 MSE=2.159e-03 pass=0.0% K=32.9 targetK=31.3 countMAE=6.96 lr=proposal:1.0e-05/parameter:5.0e-05/selector:2.0e-04/decoder:5.0e-05
  validation [=.......................] 1/16 
  validation [===============.........] 10/16 
  validation [========================] 16/16 
Epoch 109 phase=joint_finetune lr=proposal:1.0e-05/parameter:5.0e-05/selector:2.0e-04/decoder:5.0e-05 val dense=99.9% deployment=8.8% worst-source=0.0% qualification=0.0% MSE=2.467e-03 K=26.38 mass=25.30 beta=11.42 soft_cost=4.5295 selection_score=-4.5295 complexity=1.00->1.00 safety=0+0.00sigma scale=0.00->0.00 pass_reference_only=0.0%
  Joint train structure: Keep P/R/F1=0.559/0.603/0.579, critical_false_delete=0.345, proposal R@.005/.01/.02=0.882/0.998/1.000, parameter_bias=9.704e-03, count-cal loss=8.377e-02, score/target/bias/MAE=31.50/29.41/+2.09/7.06, fine-risk mean/std/range=0.504/0.232/0.750, fine-loss/rank=4.236e-01/1.683e+00
  Synthetic K=56: n=46, dense=100.0%, deployment=0.0%
  Synthetic: dense=100.0%, deployment=0.3%, MSE=2.311e-03, K=31.86, targetK=31.74, count_MAE=7.34, bias=+0.12, knot_F1@0.01=0.602, param_RMSE=4.018e-02
  uji_pen_characters_v2: dense=100.0%, deployment=18.0%, MSE=3.288e-03, K=5.62
  natural_earth_10m_coastline: dense=99.0%, deployment=0.0%, MSE=4.313e-03, K=8.14
  usgs_tnm_contours_large_scale: dense=100.0%, deployment=4.0%, MSE=2.877e-03, K=9.55
  industrial_model_offset_curves: dense=100.0%, deployment=67.7%, MSE=1.667e-04, K=51.12
Epoch 110/128 joint_finetune [........................] 1/47 MSE=2.286e-03 pass=1.6% K=27.8 targetK=27.2 countMAE=8.47 lr=proposal:1.0e-05/parameter:5.0e-05/selector:2.0e-04/decoder:5.0e-05
Epoch 110/128 joint_finetune [=====...................] 10/47 MSE=2.219e-03 pass=0.0% K=32.4 targetK=31.5 countMAE=6.83 lr=proposal:1.0e-05/parameter:5.0e-05/selector:2.0e-04/decoder:5.0e-05
Epoch 110/128 joint_finetune [==========..............] 20/47 MSE=1.692e-03 pass=3.1% K=37.4 targetK=30.8 countMAE=8.58 lr=proposal:1.0e-05/parameter:5.0e-05/selector:2.0e-04/decoder:5.0e-05
Epoch 110/128 joint_finetune [===============.........] 30/47 MSE=2.666e-03 pass=1.6% K=26.0 targetK=27.6 countMAE=7.41 lr=proposal:1.0e-05/parameter:5.0e-05/selector:2.0e-04/decoder:5.0e-05
Epoch 110/128 joint_finetune [====================....] 40/47 MSE=1.881e-03 pass=0.0% K=32.0 targetK=26.4 countMAE=7.39 lr=proposal:1.0e-05/parameter:5.0e-05/selector:2.0e-04/decoder:5.0e-05
Epoch 110/128 joint_finetune [========================] 47/47 MSE=2.035e-03 pass=0.0% K=33.2 targetK=30.7 countMAE=7.02 lr=proposal:1.0e-05/parameter:5.0e-05/selector:2.0e-04/decoder:5.0e-05
  validation [=.......................] 1/16 
  validation [===============.........] 10/16 
  validation [========================] 16/16 
Epoch 110 phase=joint_finetune lr=proposal:1.0e-05/parameter:5.0e-05/selector:2.0e-04/decoder:5.0e-05 val dense=99.9% deployment=8.8% worst-source=0.0% qualification=0.0% MSE=2.316e-03 K=27.46 mass=26.37 beta=12.08 soft_cost=4.4218 selection_score=-4.4218 complexity=1.00->1.00 safety=0+0.00sigma scale=0.00->0.00 pass_reference_only=0.0%
  Joint train structure: Keep P/R/F1=0.561/0.627/0.591, critical_false_delete=0.314, proposal R@.005/.01/.02=0.883/0.998/1.000, parameter_bias=9.717e-03, count-cal loss=1.026e-01, score/target/bias/MAE=32.69/29.45/+3.24/7.84, fine-risk mean/std/range=0.504/0.232/0.750, fine-loss/rank=4.200e-01/1.735e+00
  Synthetic K=56: n=46, dense=100.0%, deployment=0.0%
  Synthetic: dense=100.0%, deployment=1.0%, MSE=2.071e-03, K=33.66, targetK=31.74, count_MAE=6.79, bias=+1.92, knot_F1@0.01=0.625, param_RMSE=3.977e-02
  uji_pen_characters_v2: dense=100.0%, deployment=15.0%, MSE=3.282e-03, K=5.56
  natural_earth_10m_coastline: dense=99.0%, deployment=0.0%, MSE=4.281e-03, K=8.31
  usgs_tnm_contours_large_scale: dense=100.0%, deployment=7.0%, MSE=2.856e-03, K=9.95
  industrial_model_offset_curves: dense=100.0%, deployment=63.4%, MSE=1.710e-04, K=50.46
Epoch 111/128 joint_finetune [........................] 1/47 MSE=2.071e-03 pass=1.6% K=27.1 targetK=25.8 countMAE=6.16 lr=proposal:1.0e-05/parameter:5.0e-05/selector:2.0e-04/decoder:5.0e-05
Epoch 111/128 joint_finetune [=====...................] 10/47 MSE=1.886e-03 pass=1.6% K=32.2 targetK=28.0 countMAE=7.00 lr=proposal:1.0e-05/parameter:5.0e-05/selector:2.0e-04/decoder:5.0e-05
Epoch 111/128 joint_finetune [==========..............] 20/47 MSE=1.990e-03 pass=1.6% K=32.6 targetK=29.1 countMAE=7.38 lr=proposal:1.0e-05/parameter:5.0e-05/selector:2.0e-04/decoder:5.0e-05
Epoch 111/128 joint_finetune [===============.........] 30/47 MSE=2.202e-03 pass=1.6% K=31.3 targetK=32.0 countMAE=8.11 lr=proposal:1.0e-05/parameter:5.0e-05/selector:2.0e-04/decoder:5.0e-05
Epoch 111/128 joint_finetune [====================....] 40/47 MSE=2.105e-03 pass=0.0% K=30.6 targetK=28.9 countMAE=6.75 lr=proposal:1.0e-05/parameter:5.0e-05/selector:2.0e-04/decoder:5.0e-05
Epoch 111/128 joint_finetune [========================] 47/47 MSE=1.781e-03 pass=1.8% K=36.4 targetK=28.2 countMAE=10.39 lr=proposal:1.0e-05/parameter:5.0e-05/selector:2.0e-04/decoder:5.0e-05
  validation [=.......................] 1/16 
  validation [===============.........] 10/16 
  validation [========================] 16/16 
Epoch 111 phase=joint_finetune lr=proposal:1.0e-05/parameter:5.0e-05/selector:2.0e-04/decoder:5.0e-05 val dense=99.9% deployment=9.2% worst-source=0.0% qualification=0.0% MSE=1.913e-03 K=31.51 mass=30.38 beta=11.33 soft_cost=4.1737 selection_score=-4.1737 complexity=1.00->1.00 safety=0+0.00sigma scale=0.00->0.00 pass_reference_only=0.0%
  Joint train structure: Keep P/R/F1=0.567/0.621/0.591, critical_false_delete=0.322, proposal R@.005/.01/.02=0.883/0.998/1.000, parameter_bias=9.769e-03, count-cal loss=8.859e-02, score/target/bias/MAE=32.15/29.58/+2.57/7.36, fine-risk mean/std/range=0.504/0.232/0.750, fine-loss/rank=4.533e-01/1.794e+00
  Synthetic K=56: n=46, dense=100.0%, deployment=0.0%
  Synthetic: dense=100.0%, deployment=0.5%, MSE=1.444e-03, K=40.64, targetK=31.74, count_MAE=10.20, bias=+8.90, knot_F1@0.01=0.662, param_RMSE=4.032e-02
  uji_pen_characters_v2: dense=100.0%, deployment=18.0%, MSE=3.162e-03, K=5.73
  natural_earth_10m_coastline: dense=99.0%, deployment=0.0%, MSE=4.205e-03, K=7.95
  usgs_tnm_contours_large_scale: dense=100.0%, deployment=6.0%, MSE=2.800e-03, K=9.19
  industrial_model_offset_curves: dense=100.0%, deployment=68.8%, MSE=1.777e-04, K=49.63
Epoch 112/128 joint_finetune [........................] 1/47 MSE=1.621e-03 pass=1.6% K=38.2 targetK=30.3 countMAE=9.81 lr=proposal:1.0e-05/parameter:5.0e-05/selector:2.0e-04/decoder:5.0e-05
Epoch 112/128 joint_finetune [=====...................] 10/47 MSE=2.409e-03 pass=0.0% K=28.5 targetK=28.8 countMAE=6.83 lr=proposal:1.0e-05/parameter:5.0e-05/selector:2.0e-04/decoder:5.0e-05
Epoch 112/128 joint_finetune [==========..............] 20/47 MSE=2.267e-03 pass=0.0% K=30.3 targetK=30.1 countMAE=7.66 lr=proposal:1.0e-05/parameter:5.0e-05/selector:2.0e-04/decoder:5.0e-05
Epoch 112/128 joint_finetune [===============.........] 30/47 MSE=2.179e-03 pass=1.6% K=31.5 targetK=30.2 countMAE=7.28 lr=proposal:1.0e-05/parameter:5.0e-05/selector:2.0e-04/decoder:5.0e-05
Epoch 112/128 joint_finetune [====================....] 40/47 MSE=2.121e-03 pass=0.0% K=32.9 targetK=31.2 countMAE=7.11 lr=proposal:1.0e-05/parameter:5.0e-05/selector:2.0e-04/decoder:5.0e-05
Epoch 112/128 joint_finetune [========================] 47/47 MSE=2.100e-03 pass=3.6% K=35.0 targetK=33.5 countMAE=7.98 lr=proposal:1.0e-05/parameter:5.0e-05/selector:2.0e-04/decoder:5.0e-05
  validation [=.......................] 1/16 
  validation [===============.........] 10/16 
  validation [========================] 16/16 
Epoch 112 phase=joint_finetune lr=proposal:1.0e-05/parameter:5.0e-05/selector:2.0e-04/decoder:5.0e-05 val dense=99.8% deployment=8.6% worst-source=0.0% qualification=0.0% MSE=2.615e-03 K=26.92 mass=25.84 beta=12.13 soft_cost=4.5226 selection_score=-4.5226 complexity=1.00->1.00 safety=0+0.00sigma scale=0.00->0.00 pass_reference_only=0.0%
  Joint train structure: Keep P/R/F1=0.557/0.595/0.573, critical_false_delete=0.347, proposal R@.005/.01/.02=0.886/0.998/1.000, parameter_bias=9.830e-03, count-cal loss=9.451e-02, score/target/bias/MAE=31.41/29.57/+1.84/8.16, fine-risk mean/std/range=0.504/0.232/0.750, fine-loss/rank=4.453e-01/1.724e+00
  Synthetic K=56: n=46, dense=100.0%, deployment=0.0%
  Synthetic: dense=100.0%, deployment=0.2%, MSE=2.234e-03, K=32.45, targetK=31.74, count_MAE=7.19, bias=+0.72, knot_F1@0.01=0.613, param_RMSE=3.971e-02
  uji_pen_characters_v2: dense=100.0%, deployment=17.0%, MSE=3.554e-03, K=5.81
  natural_earth_10m_coastline: dense=98.0%, deployment=0.0%, MSE=5.835e-03, K=8.87
  usgs_tnm_contours_large_scale: dense=100.0%, deployment=8.0%, MSE=3.027e-03, K=10.73
  industrial_model_offset_curves: dense=100.0%, deployment=63.4%, MSE=1.544e-04, K=50.76
Epoch 113/128 joint_finetune [........................] 1/47 MSE=2.252e-03 pass=3.1% K=30.8 targetK=30.0 countMAE=7.00 lr=proposal:1.0e-05/parameter:5.0e-05/selector:2.0e-04/decoder:5.0e-05
Epoch 113/128 joint_finetune [=====...................] 10/47 MSE=1.741e-03 pass=0.0% K=35.7 targetK=31.0 countMAE=7.03 lr=proposal:1.0e-05/parameter:5.0e-05/selector:2.0e-04/decoder:5.0e-05
Epoch 113/128 joint_finetune [==========..............] 20/47 MSE=1.968e-03 pass=1.6% K=37.7 targetK=33.2 countMAE=8.86 lr=proposal:1.0e-05/parameter:5.0e-05/selector:2.0e-04/decoder:5.0e-05
Epoch 113/128 joint_finetune [===============.........] 30/47 MSE=2.061e-03 pass=0.0% K=33.4 targetK=31.5 countMAE=6.86 lr=proposal:1.0e-05/parameter:5.0e-05/selector:2.0e-04/decoder:5.0e-05
Epoch 113/128 joint_finetune [====================....] 40/47 MSE=2.116e-03 pass=0.0% K=33.1 targetK=29.2 countMAE=8.20 lr=proposal:1.0e-05/parameter:5.0e-05/selector:2.0e-04/decoder:5.0e-05
Epoch 113/128 joint_finetune [========================] 47/47 MSE=1.665e-03 pass=5.4% K=36.6 targetK=29.5 countMAE=9.62 lr=proposal:1.0e-05/parameter:5.0e-05/selector:2.0e-04/decoder:5.0e-05
  validation [=.......................] 1/16 
  validation [===============.........] 10/16 
  validation [========================] 16/16 
Epoch 113 phase=joint_finetune lr=proposal:1.0e-05/parameter:5.0e-05/selector:2.0e-04/decoder:5.0e-05 val dense=99.9% deployment=9.1% worst-source=0.0% qualification=0.0% MSE=2.249e-03 K=31.21 mass=30.12 beta=11.71 soft_cost=4.2709 selection_score=-4.2709 complexity=1.00->1.00 safety=0+0.00sigma scale=0.00->0.00 pass_reference_only=0.0%
  Joint train structure: Keep P/R/F1=0.565/0.631/0.595, critical_false_delete=0.315, proposal R@.005/.01/.02=0.886/0.998/1.000, parameter_bias=9.550e-03, count-cal loss=8.749e-02, score/target/bias/MAE=33.20/29.94/+3.27/7.85, fine-risk mean/std/range=0.504/0.232/0.750, fine-loss/rank=3.955e-01/1.664e+00
  Synthetic K=56: n=46, dense=100.0%, deployment=2.2%
  Synthetic: dense=100.0%, deployment=1.2%, MSE=1.601e-03, K=39.54, targetK=31.74, count_MAE=9.14, bias=+7.80, knot_F1@0.01=0.663, param_RMSE=3.902e-02
  uji_pen_characters_v2: dense=100.0%, deployment=19.0%, MSE=3.604e-03, K=5.95
  natural_earth_10m_coastline: dense=99.0%, deployment=0.0%, MSE=6.130e-03, K=8.74
  usgs_tnm_contours_large_scale: dense=100.0%, deployment=8.0%, MSE=2.814e-03, K=10.78
  industrial_model_offset_curves: dense=100.0%, deployment=60.2%, MSE=1.907e-04, K=50.72
Epoch 114/128 joint_finetune [........................] 1/47 MSE=1.805e-03 pass=0.0% K=36.3 targetK=29.9 countMAE=9.25 lr=proposal:1.0e-05/parameter:5.0e-05/selector:2.0e-04/decoder:5.0e-05
Epoch 114/128 joint_finetune [=====...................] 10/47 MSE=2.316e-03 pass=0.0% K=31.9 targetK=30.8 countMAE=7.12 lr=proposal:1.0e-05/parameter:5.0e-05/selector:2.0e-04/decoder:5.0e-05
Epoch 114/128 joint_finetune [==========..............] 20/47 MSE=1.916e-03 pass=0.0% K=36.7 targetK=31.0 countMAE=8.36 lr=proposal:1.0e-05/parameter:5.0e-05/selector:2.0e-04/decoder:5.0e-05
Epoch 114/128 joint_finetune [===============.........] 30/47 MSE=2.493e-03 pass=0.0% K=30.8 targetK=31.3 countMAE=8.16 lr=proposal:1.0e-05/parameter:5.0e-05/selector:2.0e-04/decoder:5.0e-05
Epoch 114/128 joint_finetune [====================....] 40/47 MSE=1.841e-03 pass=1.6% K=38.9 targetK=33.8 countMAE=8.53 lr=proposal:1.0e-05/parameter:5.0e-05/selector:2.0e-04/decoder:5.0e-05
Epoch 114/128 joint_finetune [========================] 47/47 MSE=2.675e-03 pass=0.0% K=27.2 targetK=31.5 countMAE=7.04 lr=proposal:1.0e-05/parameter:5.0e-05/selector:2.0e-04/decoder:5.0e-05
  validation [=.......................] 1/16 
  validation [===============.........] 10/16 
  validation [========================] 16/16 
Epoch 114 phase=joint_finetune lr=proposal:1.0e-05/parameter:5.0e-05/selector:2.0e-04/decoder:5.0e-05 val dense=99.8% deployment=8.4% worst-source=0.0% qualification=0.0% MSE=3.328e-03 K=23.60 mass=22.41 beta=12.68 soft_cost=4.7718 selection_score=-4.7718 complexity=1.00->1.00 safety=0+0.00sigma scale=0.00->0.00 pass_reference_only=0.0%
  Joint train structure: Keep P/R/F1=0.574/0.615/0.593, critical_false_delete=0.339, proposal R@.005/.01/.02=0.887/0.998/1.000, parameter_bias=9.747e-03, count-cal loss=9.937e-02, score/target/bias/MAE=31.92/29.97/+1.95/7.72, fine-risk mean/std/range=0.504/0.232/0.750, fine-loss/rank=4.441e-01/1.747e+00
  Synthetic K=56: n=46, dense=100.0%, deployment=0.0%
  Synthetic: dense=100.0%, deployment=0.0%, MSE=2.739e-03, K=28.23, targetK=31.74, count_MAE=7.35, bias=-3.50, knot_F1@0.01=0.604, param_RMSE=3.941e-02
  uji_pen_characters_v2: dense=100.0%, deployment=18.0%, MSE=4.526e-03, K=5.27
  natural_earth_10m_coastline: dense=98.0%, deployment=0.0%, MSE=7.703e-03, K=7.54
  usgs_tnm_contours_large_scale: dense=100.0%, deployment=3.0%, MSE=4.145e-03, K=8.26
  industrial_model_offset_curves: dense=100.0%, deployment=66.7%, MSE=2.572e-04, K=47.16
Epoch 115/128 joint_finetune [........................] 1/47 MSE=2.785e-03 pass=0.0% K=28.5 targetK=31.1 countMAE=7.52 lr=proposal:1.0e-05/parameter:5.0e-05/selector:2.0e-04/decoder:5.0e-05
Epoch 115/128 joint_finetune [=====...................] 10/47 MSE=1.382e-03 pass=3.1% K=42.9 targetK=31.9 countMAE=12.30 lr=proposal:1.0e-05/parameter:5.0e-05/selector:2.0e-04/decoder:5.0e-05
Epoch 115/128 joint_finetune [==========..............] 20/47 MSE=2.875e-03 pass=0.0% K=24.2 targetK=28.3 countMAE=7.42 lr=proposal:1.0e-05/parameter:5.0e-05/selector:2.0e-04/decoder:5.0e-05
Epoch 115/128 joint_finetune [===============.........] 30/47 MSE=1.566e-03 pass=3.1% K=37.7 targetK=30.0 countMAE=9.80 lr=proposal:1.0e-05/parameter:5.0e-05/selector:2.0e-04/decoder:5.0e-05
Epoch 115/128 joint_finetune [====================....] 40/47 MSE=1.718e-03 pass=3.1% K=35.6 targetK=28.7 countMAE=10.47 lr=proposal:1.0e-05/parameter:5.0e-05/selector:2.0e-04/decoder:5.0e-05
Epoch 115/128 joint_finetune [========================] 47/47 MSE=2.950e-03 pass=0.0% K=26.9 targetK=31.9 countMAE=9.04 lr=proposal:1.0e-05/parameter:5.0e-05/selector:2.0e-04/decoder:5.0e-05
  validation [=.......................] 1/16 
  validation [===============.........] 10/16 
  validation [========================] 16/16 
Epoch 115 phase=joint_finetune lr=proposal:1.0e-05/parameter:5.0e-05/selector:2.0e-04/decoder:5.0e-05 val dense=99.9% deployment=8.1% worst-source=0.0% qualification=0.0% MSE=3.543e-03 K=21.96 mass=20.69 beta=13.54 soft_cost=4.8315 selection_score=-4.8315 complexity=1.00->1.00 safety=0+0.00sigma scale=0.00->0.00 pass_reference_only=0.0%
  Joint train structure: Keep P/R/F1=0.564/0.632/0.593, critical_false_delete=0.312, proposal R@.005/.01/.02=0.885/0.998/1.000, parameter_bias=9.533e-03, count-cal loss=1.115e-01, score/target/bias/MAE=33.14/29.73/+3.41/8.62, fine-risk mean/std/range=0.504/0.232/0.750, fine-loss/rank=4.141e-01/1.691e+00
  Synthetic K=56: n=46, dense=100.0%, deployment=0.0%
  Synthetic: dense=100.0%, deployment=0.0%, MSE=2.915e-03, K=26.30, targetK=31.74, count_MAE=8.09, bias=-5.44, knot_F1@0.01=0.585, param_RMSE=3.967e-02
  uji_pen_characters_v2: dense=100.0%, deployment=18.0%, MSE=4.307e-03, K=4.92
  natural_earth_10m_coastline: dense=99.0%, deployment=0.0%, MSE=8.641e-03, K=5.72
  usgs_tnm_contours_large_scale: dense=100.0%, deployment=3.0%, MSE=4.524e-03, K=6.57
  industrial_model_offset_curves: dense=100.0%, deployment=63.4%, MSE=2.425e-04, K=46.31
Epoch 116/128 joint_finetune [........................] 1/47 MSE=2.860e-03 pass=0.0% K=23.1 targetK=27.1 countMAE=6.80 lr=proposal:1.0e-05/parameter:5.0e-05/selector:2.0e-04/decoder:5.0e-05
Epoch 116/128 joint_finetune [=====...................] 10/47 MSE=1.661e-03 pass=1.6% K=35.8 targetK=28.3 countMAE=9.61 lr=proposal:1.0e-05/parameter:5.0e-05/selector:2.0e-04/decoder:5.0e-05
Epoch 116/128 joint_finetune [==========..............] 20/47 MSE=2.030e-03 pass=0.0% K=35.8 targetK=32.5 countMAE=6.80 lr=proposal:1.0e-05/parameter:5.0e-05/selector:2.0e-04/decoder:5.0e-05
Epoch 116/128 joint_finetune [===============.........] 30/47 MSE=2.078e-03 pass=1.6% K=30.9 targetK=28.5 countMAE=7.78 lr=proposal:1.0e-05/parameter:5.0e-05/selector:2.0e-04/decoder:5.0e-05
Epoch 116/128 joint_finetune [====================....] 40/47 MSE=2.312e-03 pass=0.0% K=32.1 targetK=31.1 countMAE=6.02 lr=proposal:1.0e-05/parameter:5.0e-05/selector:2.0e-04/decoder:5.0e-05
Epoch 116/128 joint_finetune [========================] 47/47 MSE=2.368e-03 pass=0.0% K=32.6 targetK=33.2 countMAE=8.68 lr=proposal:1.0e-05/parameter:5.0e-05/selector:2.0e-04/decoder:5.0e-05
  validation [=.......................] 1/16 
  validation [===============.........] 10/16 
  validation [========================] 16/16 
Epoch 116 phase=joint_finetune lr=proposal:1.0e-05/parameter:5.0e-05/selector:2.0e-04/decoder:5.0e-05 val dense=99.9% deployment=8.9% worst-source=0.0% qualification=0.0% MSE=3.148e-03 K=26.92 mass=25.77 beta=12.84 soft_cost=4.5978 selection_score=-4.5978 complexity=1.00->1.00 safety=0+0.00sigma scale=0.00->0.00 pass_reference_only=0.0%
  Joint train structure: Keep P/R/F1=0.563/0.613/0.586, critical_false_delete=0.325, proposal R@.005/.01/.02=0.883/0.998/1.000, parameter_bias=9.419e-03, count-cal loss=1.044e-01, score/target/bias/MAE=32.35/29.88/+2.47/8.08, fine-risk mean/std/range=0.504/0.232/0.750, fine-loss/rank=4.323e-01/1.710e+00
  Synthetic K=56: n=46, dense=100.0%, deployment=0.0%
  Synthetic: dense=100.0%, deployment=0.2%, MSE=2.180e-03, K=33.24, targetK=31.74, count_MAE=7.96, bias=+1.50, knot_F1@0.01=0.609, param_RMSE=4.021e-02
  uji_pen_characters_v2: dense=100.0%, deployment=18.0%, MSE=4.251e-03, K=5.67
  natural_earth_10m_coastline: dense=99.0%, deployment=0.0%, MSE=9.099e-03, K=7.72
  usgs_tnm_contours_large_scale: dense=100.0%, deployment=4.0%, MSE=4.712e-03, K=8.34
  industrial_model_offset_curves: dense=100.0%, deployment=69.9%, MSE=1.290e-04, K=49.57
Epoch 117/128 joint_finetune [........................] 1/47 MSE=2.282e-03 pass=0.0% K=31.9 targetK=30.8 countMAE=8.88 lr=proposal:1.0e-05/parameter:5.0e-05/selector:2.0e-04/decoder:5.0e-05
Epoch 117/128 joint_finetune [=====...................] 10/47 MSE=2.056e-03 pass=1.6% K=32.2 targetK=30.3 countMAE=9.06 lr=proposal:1.0e-05/parameter:5.0e-05/selector:2.0e-04/decoder:5.0e-05
Epoch 117/128 joint_finetune [==========..............] 20/47 MSE=1.842e-03 pass=1.6% K=36.6 targetK=33.3 countMAE=7.42 lr=proposal:1.0e-05/parameter:5.0e-05/selector:2.0e-04/decoder:5.0e-05
Epoch 117/128 joint_finetune [===============.........] 30/47 MSE=2.234e-03 pass=1.6% K=31.1 targetK=29.0 countMAE=7.33 lr=proposal:1.0e-05/parameter:5.0e-05/selector:2.0e-04/decoder:5.0e-05
Epoch 117/128 joint_finetune [====================....] 40/47 MSE=1.411e-03 pass=3.1% K=41.0 targetK=30.2 countMAE=12.53 lr=proposal:1.0e-05/parameter:5.0e-05/selector:2.0e-04/decoder:5.0e-05
Epoch 117/128 joint_finetune [========================] 47/47 MSE=1.938e-03 pass=0.0% K=35.3 targetK=31.3 countMAE=8.73 lr=proposal:1.0e-05/parameter:5.0e-05/selector:2.0e-04/decoder:5.0e-05
  validation [=.......................] 1/16 
  validation [===============.........] 10/16 
  validation [========================] 16/16 
Epoch 117 phase=joint_finetune lr=proposal:1.0e-05/parameter:5.0e-05/selector:2.0e-04/decoder:5.0e-05 val dense=99.9% deployment=8.8% worst-source=0.0% qualification=0.0% MSE=3.054e-03 K=25.69 mass=24.51 beta=13.82 soft_cost=4.5969 selection_score=-4.5969 complexity=1.00->1.00 safety=0+0.00sigma scale=0.00->0.00 pass_reference_only=0.0%
  Joint train structure: Keep P/R/F1=0.562/0.635/0.595, critical_false_delete=0.307, proposal R@.005/.01/.02=0.879/0.997/1.000, parameter_bias=9.737e-03, count-cal loss=1.073e-01, score/target/bias/MAE=33.11/29.47/+3.64/8.49, fine-risk mean/std/range=0.504/0.232/0.750, fine-loss/rank=4.285e-01/1.761e+00
  Synthetic K=56: n=46, dense=100.0%, deployment=0.0%
  Synthetic: dense=100.0%, deployment=0.3%, MSE=2.291e-03, K=31.26, targetK=31.74, count_MAE=8.47, bias=-0.47, knot_F1@0.01=0.596, param_RMSE=3.977e-02
  uji_pen_characters_v2: dense=100.0%, deployment=18.0%, MSE=3.733e-03, K=5.40
  natural_earth_10m_coastline: dense=99.0%, deployment=0.0%, MSE=8.016e-03, K=7.42
  usgs_tnm_contours_large_scale: dense=100.0%, deployment=3.0%, MSE=4.727e-03, K=8.33
  industrial_model_offset_curves: dense=100.0%, deployment=68.8%, MSE=1.117e-04, K=49.92
Epoch 118/128 joint_finetune [........................] 1/47 MSE=2.248e-03 pass=1.6% K=31.2 targetK=30.2 countMAE=8.55 lr=proposal:1.0e-05/parameter:5.0e-05/selector:2.0e-04/decoder:5.0e-05
Epoch 118/128 joint_finetune [=====...................] 10/47 MSE=1.447e-03 pass=0.0% K=41.2 targetK=32.0 countMAE=10.97 lr=proposal:1.0e-05/parameter:5.0e-05/selector:2.0e-04/decoder:5.0e-05
Epoch 118/128 joint_finetune [==========..............] 20/47 MSE=2.172e-03 pass=0.0% K=32.1 targetK=29.7 countMAE=7.52 lr=proposal:1.0e-05/parameter:5.0e-05/selector:2.0e-04/decoder:5.0e-05
Epoch 118/128 joint_finetune [===============.........] 30/47 MSE=2.144e-03 pass=0.0% K=34.1 targetK=31.8 countMAE=8.20 lr=proposal:1.0e-05/parameter:5.0e-05/selector:2.0e-04/decoder:5.0e-05
Epoch 118/128 joint_finetune [====================....] 40/47 MSE=1.684e-03 pass=0.0% K=38.7 targetK=33.1 countMAE=8.77 lr=proposal:1.0e-05/parameter:5.0e-05/selector:2.0e-04/decoder:5.0e-05
Epoch 118/128 joint_finetune [========================] 47/47 MSE=2.130e-03 pass=1.8% K=30.8 targetK=28.8 countMAE=7.32 lr=proposal:1.0e-05/parameter:5.0e-05/selector:2.0e-04/decoder:5.0e-05
  validation [=.......................] 1/16 
  validation [===============.........] 10/16 
  validation [========================] 16/16 
Epoch 118 phase=joint_finetune lr=proposal:1.0e-05/parameter:5.0e-05/selector:2.0e-04/decoder:5.0e-05 val dense=99.9% deployment=7.6% worst-source=0.0% qualification=0.0% MSE=3.016e-03 K=26.56 mass=25.25 beta=13.53 soft_cost=4.5997 selection_score=-4.5997 complexity=1.00->1.00 safety=0+0.00sigma scale=0.00->0.00 pass_reference_only=0.0%
  Joint train structure: Keep P/R/F1=0.567/0.627/0.592, critical_false_delete=0.319, proposal R@.005/.01/.02=0.886/0.998/1.000, parameter_bias=9.748e-03, count-cal loss=1.218e-01, score/target/bias/MAE=32.61/29.56/+3.04/8.68, fine-risk mean/std/range=0.504/0.232/0.750, fine-loss/rank=4.417e-01/1.751e+00
  Synthetic K=56: n=46, dense=100.0%, deployment=0.0%
  Synthetic: dense=100.0%, deployment=0.2%, MSE=2.093e-03, K=34.05, targetK=31.74, count_MAE=7.51, bias=+2.31, knot_F1@0.01=0.644, param_RMSE=3.949e-02
  uji_pen_characters_v2: dense=100.0%, deployment=18.0%, MSE=3.917e-03, K=5.13
  natural_earth_10m_coastline: dense=99.0%, deployment=0.0%, MSE=8.021e-03, K=5.45
  usgs_tnm_contours_large_scale: dense=100.0%, deployment=3.0%, MSE=5.103e-03, K=5.91
  industrial_model_offset_curves: dense=100.0%, deployment=57.0%, MSE=3.741e-04, K=46.25
Epoch 119/128 joint_finetune [........................] 1/47 MSE=1.771e-03 pass=0.0% K=38.3 targetK=33.2 countMAE=7.52 lr=proposal:1.0e-05/parameter:5.0e-05/selector:2.0e-04/decoder:5.0e-05
Epoch 119/128 joint_finetune [=====...................] 10/47 MSE=2.151e-03 pass=1.6% K=32.5 targetK=29.9 countMAE=8.48 lr=proposal:1.0e-05/parameter:5.0e-05/selector:2.0e-04/decoder:5.0e-05
Epoch 119/128 joint_finetune [==========..............] 20/47 MSE=1.952e-03 pass=0.0% K=33.5 targetK=27.4 countMAE=10.47 lr=proposal:1.0e-05/parameter:5.0e-05/selector:2.0e-04/decoder:5.0e-05
Epoch 119/128 joint_finetune [===============.........] 30/47 MSE=2.260e-03 pass=0.0% K=32.6 targetK=32.1 countMAE=8.12 lr=proposal:1.0e-05/parameter:5.0e-05/selector:2.0e-04/decoder:5.0e-05
Epoch 119/128 joint_finetune [====================....] 40/47 MSE=1.891e-03 pass=6.2% K=32.9 targetK=27.6 countMAE=8.48 lr=proposal:1.0e-05/parameter:5.0e-05/selector:2.0e-04/decoder:5.0e-05
Epoch 119/128 joint_finetune [========================] 47/47 MSE=1.468e-03 pass=3.6% K=36.4 targetK=27.1 countMAE=11.21 lr=proposal:1.0e-05/parameter:5.0e-05/selector:2.0e-04/decoder:5.0e-05
  validation [=.......................] 1/16 
  validation [===============.........] 10/16 
  validation [========================] 16/16 
Epoch 119 phase=joint_finetune lr=proposal:1.0e-05/parameter:5.0e-05/selector:2.0e-04/decoder:5.0e-05 val dense=99.9% deployment=9.9% worst-source=0.0% qualification=0.0% MSE=2.143e-03 K=31.69 mass=30.57 beta=14.52 soft_cost=4.2203 selection_score=-4.2203 complexity=1.00->1.00 safety=0+0.00sigma scale=0.00->0.00 pass_reference_only=0.0%
  Joint train structure: Keep P/R/F1=0.556/0.623/0.586, critical_false_delete=0.327, proposal R@.005/.01/.02=0.882/0.998/1.000, parameter_bias=9.581e-03, count-cal loss=1.168e-01, score/target/bias/MAE=32.82/29.53/+3.29/8.98, fine-risk mean/std/range=0.504/0.232/0.750, fine-loss/rank=4.244e-01/1.687e+00
  Synthetic K=56: n=46, dense=100.0%, deployment=0.0%
  Synthetic: dense=100.0%, deployment=1.3%, MSE=1.617e-03, K=39.13, targetK=31.74, count_MAE=10.51, bias=+7.39, knot_F1@0.01=0.629, param_RMSE=3.951e-02
  uji_pen_characters_v2: dense=100.0%, deployment=19.0%, MSE=3.085e-03, K=6.47
  natural_earth_10m_coastline: dense=99.0%, deployment=0.0%, MSE=5.756e-03, K=9.97
  usgs_tnm_contours_large_scale: dense=100.0%, deployment=7.0%, MSE=2.667e-03, K=12.83
  industrial_model_offset_curves: dense=100.0%, deployment=68.8%, MSE=7.786e-05, K=54.42
Epoch 120/128 joint_finetune [........................] 1/47 MSE=1.504e-03 pass=3.1% K=37.7 targetK=29.1 countMAE=11.94 lr=proposal:1.0e-05/parameter:5.0e-05/selector:2.0e-04/decoder:5.0e-05
Epoch 120/128 joint_finetune [=====...................] 10/47 MSE=2.033e-03 pass=0.0% K=33.0 targetK=30.1 countMAE=7.17 lr=proposal:1.0e-05/parameter:5.0e-05/selector:2.0e-04/decoder:5.0e-05
Epoch 120/128 joint_finetune [==========..............] 20/47 MSE=2.463e-03 pass=0.0% K=29.2 targetK=30.4 countMAE=9.78 lr=proposal:1.0e-05/parameter:5.0e-05/selector:2.0e-04/decoder:5.0e-05
Epoch 120/128 joint_finetune [===============.........] 30/47 MSE=1.883e-03 pass=0.0% K=33.8 targetK=28.2 countMAE=8.67 lr=proposal:1.0e-05/parameter:5.0e-05/selector:2.0e-04/decoder:5.0e-05
Epoch 120/128 joint_finetune [====================....] 40/47 MSE=2.185e-03 pass=1.6% K=32.8 targetK=31.1 countMAE=8.31 lr=proposal:1.0e-05/parameter:5.0e-05/selector:2.0e-04/decoder:5.0e-05
Epoch 120/128 joint_finetune [========================] 47/47 MSE=2.390e-03 pass=1.8% K=29.9 targetK=28.9 countMAE=8.32 lr=proposal:1.0e-05/parameter:5.0e-05/selector:2.0e-04/decoder:5.0e-05
  validation [=.......................] 1/16 
  validation [===============.........] 10/16 
  validation [========================] 16/16 
Epoch 120 phase=joint_finetune lr=proposal:1.0e-05/parameter:5.0e-05/selector:2.0e-04/decoder:5.0e-05 val dense=99.7% deployment=7.4% worst-source=0.0% qualification=0.0% MSE=3.727e-03 K=25.18 mass=23.94 beta=13.88 soft_cost=4.7472 selection_score=-4.7472 complexity=1.00->1.00 safety=0+0.00sigma scale=0.00->0.00 pass_reference_only=0.0%
  Joint train structure: Keep P/R/F1=0.560/0.604/0.579, critical_false_delete=0.340, proposal R@.005/.01/.02=0.885/0.997/1.000, parameter_bias=9.580e-03, count-cal loss=1.155e-01, score/target/bias/MAE=31.81/29.70/+2.11/9.12, fine-risk mean/std/range=0.504/0.232/0.750, fine-loss/rank=5.024e-01/1.865e+00
  Synthetic K=56: n=46, dense=100.0%, deployment=0.0%
  Synthetic: dense=100.0%, deployment=0.5%, MSE=2.404e-03, K=31.49, targetK=31.74, count_MAE=7.85, bias=-0.25, knot_F1@0.01=0.630, param_RMSE=3.900e-02
  uji_pen_characters_v2: dense=100.0%, deployment=12.0%, MSE=5.626e-03, K=4.61
  natural_earth_10m_coastline: dense=97.0%, deployment=0.0%, MSE=9.691e-03, K=6.23
  usgs_tnm_contours_large_scale: dense=100.0%, deployment=3.0%, MSE=6.988e-03, K=6.48
  industrial_model_offset_curves: dense=100.0%, deployment=59.1%, MSE=2.961e-04, K=47.11
Epoch 121/128 joint_finetune [........................] 1/47 MSE=2.757e-03 pass=0.0% K=29.0 targetK=31.0 countMAE=8.20 lr=proposal:1.0e-05/parameter:5.0e-05/selector:2.0e-04/decoder:5.0e-05
Epoch 121/128 joint_finetune [=====...................] 10/47 MSE=1.940e-03 pass=3.1% K=34.1 targetK=29.4 countMAE=9.11 lr=proposal:1.0e-05/parameter:5.0e-05/selector:2.0e-04/decoder:5.0e-05
Epoch 121/128 joint_finetune [==========..............] 20/47 MSE=2.504e-03 pass=0.0% K=31.5 targetK=32.3 countMAE=7.77 lr=proposal:1.0e-05/parameter:5.0e-05/selector:2.0e-04/decoder:5.0e-05
Epoch 121/128 joint_finetune [===============.........] 30/47 MSE=1.271e-03 pass=10.9% K=42.8 targetK=31.4 countMAE=13.19 lr=proposal:1.0e-05/parameter:5.0e-05/selector:2.0e-04/decoder:5.0e-05
Epoch 121/128 joint_finetune [====================....] 40/47 MSE=1.956e-03 pass=0.0% K=38.1 targetK=32.5 countMAE=9.39 lr=proposal:1.0e-05/parameter:5.0e-05/selector:2.0e-04/decoder:5.0e-05
Epoch 121/128 joint_finetune [========================] 47/47 MSE=1.339e-03 pass=3.6% K=40.8 targetK=29.6 countMAE=12.41 lr=proposal:1.0e-05/parameter:5.0e-05/selector:2.0e-04/decoder:5.0e-05
  validation [=.......................] 1/16 
  validation [===============.........] 10/16 
  validation [========================] 16/16 
Epoch 121 phase=joint_finetune lr=proposal:1.0e-05/parameter:5.0e-05/selector:2.0e-04/decoder:5.0e-05 val dense=99.8% deployment=10.5% worst-source=0.0% qualification=0.0% MSE=2.701e-03 K=32.63 mass=31.50 beta=13.44 soft_cost=4.2073 selection_score=-4.2073 complexity=1.00->1.00 safety=0+0.00sigma scale=0.00->0.00 pass_reference_only=0.0%
  Joint train structure: Keep P/R/F1=0.566/0.670/0.611, critical_false_delete=0.285, proposal R@.005/.01/.02=0.885/0.998/1.000, parameter_bias=9.664e-03, count-cal loss=1.256e-01, score/target/bias/MAE=35.03/29.79/+5.25/10.32, fine-risk mean/std/range=0.504/0.232/0.750, fine-loss/rank=4.435e-01/1.856e+00
  Synthetic K=56: n=46, dense=100.0%, deployment=0.0%
  Synthetic: dense=100.0%, deployment=2.7%, MSE=1.333e-03, K=42.36, targetK=31.74, count_MAE=11.97, bias=+10.62, knot_F1@0.01=0.649, param_RMSE=4.006e-02
  uji_pen_characters_v2: dense=100.0%, deployment=18.0%, MSE=4.685e-03, K=5.60
  natural_earth_10m_coastline: dense=98.0%, deployment=0.0%, MSE=8.247e-03, K=8.06
  usgs_tnm_contours_large_scale: dense=100.0%, deployment=4.0%, MSE=5.731e-03, K=8.66
  industrial_model_offset_curves: dense=100.0%, deployment=71.0%, MSE=1.742e-04, K=51.16
Epoch 122/128 joint_finetune [........................] 1/47 MSE=1.358e-03 pass=1.6% K=39.6 targetK=28.0 countMAE=12.53 lr=proposal:1.0e-05/parameter:5.0e-05/selector:2.0e-04/decoder:5.0e-05
Epoch 122/128 joint_finetune [=====...................] 10/47 MSE=2.221e-03 pass=1.6% K=30.6 targetK=30.5 countMAE=7.30 lr=proposal:1.0e-05/parameter:5.0e-05/selector:2.0e-04/decoder:5.0e-05
Epoch 122/128 joint_finetune [==========..............] 20/47 MSE=2.413e-03 pass=3.1% K=28.1 targetK=29.6 countMAE=8.55 lr=proposal:1.0e-05/parameter:5.0e-05/selector:2.0e-04/decoder:5.0e-05
Epoch 122/128 joint_finetune [===============.........] 30/47 MSE=1.587e-03 pass=1.6% K=38.4 targetK=30.0 countMAE=10.44 lr=proposal:1.0e-05/parameter:5.0e-05/selector:2.0e-04/decoder:5.0e-05
Epoch 122/128 joint_finetune [====================....] 40/47 MSE=2.345e-03 pass=1.6% K=31.3 targetK=31.2 countMAE=7.41 lr=proposal:1.0e-05/parameter:5.0e-05/selector:2.0e-04/decoder:5.0e-05
Epoch 122/128 joint_finetune [========================] 47/47 MSE=1.514e-03 pass=3.6% K=38.3 targetK=31.0 countMAE=9.50 lr=proposal:1.0e-05/parameter:5.0e-05/selector:2.0e-04/decoder:5.0e-05
  validation [=.......................] 1/16 
  validation [===============.........] 10/16 
  validation [========================] 16/16 
Epoch 122 phase=joint_finetune lr=proposal:1.0e-05/parameter:5.0e-05/selector:2.0e-04/decoder:5.0e-05 val dense=99.9% deployment=9.9% worst-source=0.0% qualification=0.0% MSE=2.304e-03 K=32.26 mass=31.11 beta=14.71 soft_cost=4.1735 selection_score=-4.1735 complexity=1.00->1.00 safety=0+0.00sigma scale=0.00->0.00 pass_reference_only=0.0%
  Joint train structure: Keep P/R/F1=0.563/0.627/0.592, critical_false_delete=0.321, proposal R@.005/.01/.02=0.885/0.998/1.000, parameter_bias=9.807e-03, count-cal loss=1.136e-01, score/target/bias/MAE=32.92/29.74/+3.19/8.68, fine-risk mean/std/range=0.504/0.232/0.750, fine-loss/rank=4.964e-01/1.905e+00
  Synthetic K=56: n=46, dense=100.0%, deployment=0.0%
  Synthetic: dense=100.0%, deployment=1.8%, MSE=1.374e-03, K=41.54, targetK=31.74, count_MAE=11.17, bias=+9.81, knot_F1@0.01=0.662, param_RMSE=3.952e-02
  uji_pen_characters_v2: dense=100.0%, deployment=20.0%, MSE=3.760e-03, K=5.73
  natural_earth_10m_coastline: dense=99.0%, deployment=0.0%, MSE=7.027e-03, K=8.51
  usgs_tnm_contours_large_scale: dense=100.0%, deployment=6.0%, MSE=3.699e-03, K=10.11
  industrial_model_offset_curves: dense=100.0%, deployment=65.6%, MSE=1.634e-04, K=50.25
Epoch 123/128 joint_finetune [........................] 1/47 MSE=1.555e-03 pass=1.6% K=38.7 targetK=31.4 countMAE=8.27 lr=proposal:1.0e-05/parameter:5.0e-05/selector:2.0e-04/decoder:5.0e-05
Epoch 123/128 joint_finetune [=====...................] 10/47 MSE=2.438e-03 pass=1.6% K=28.3 targetK=26.8 countMAE=7.08 lr=proposal:1.0e-05/parameter:5.0e-05/selector:2.0e-04/decoder:5.0e-05
Epoch 123/128 joint_finetune [==========..............] 20/47 MSE=1.203e-03 pass=4.7% K=40.6 targetK=29.7 countMAE=11.94 lr=proposal:1.0e-05/parameter:5.0e-05/selector:2.0e-04/decoder:5.0e-05
Epoch 123/128 joint_finetune [===============.........] 30/47 MSE=1.369e-03 pass=1.6% K=36.7 targetK=27.8 countMAE=10.59 lr=proposal:1.0e-05/parameter:5.0e-05/selector:2.0e-04/decoder:5.0e-05
Epoch 123/128 joint_finetune [====================....] 40/47 MSE=2.132e-03 pass=1.6% K=32.7 targetK=31.0 countMAE=8.95 lr=proposal:1.0e-05/parameter:5.0e-05/selector:2.0e-04/decoder:5.0e-05
Epoch 123/128 joint_finetune [========================] 47/47 MSE=1.756e-03 pass=1.8% K=35.5 targetK=30.8 countMAE=9.64 lr=proposal:1.0e-05/parameter:5.0e-05/selector:2.0e-04/decoder:5.0e-05
  validation [=.......................] 1/16 
  validation [===============.........] 10/16 
  validation [========================] 16/16 
Epoch 123 phase=joint_finetune lr=proposal:1.0e-05/parameter:5.0e-05/selector:2.0e-04/decoder:5.0e-05 val dense=99.9% deployment=12.8% worst-source=0.0% qualification=0.0% MSE=2.347e-03 K=30.40 mass=29.29 beta=16.21 soft_cost=4.1675 selection_score=-4.1675 complexity=1.00->1.00 safety=0+0.00sigma scale=0.00->0.00 pass_reference_only=0.0%
  Joint train structure: Keep P/R/F1=0.563/0.670/0.609, critical_false_delete=0.274, proposal R@.005/.01/.02=0.884/0.998/1.000, parameter_bias=9.912e-03, count-cal loss=1.386e-01, score/target/bias/MAE=35.35/29.75/+5.60/10.25, fine-risk mean/std/range=0.504/0.232/0.750, fine-loss/rank=4.414e-01/1.826e+00
  Synthetic K=56: n=46, dense=100.0%, deployment=0.0%
  Synthetic: dense=100.0%, deployment=3.2%, MSE=1.712e-03, K=36.73, targetK=31.74, count_MAE=10.20, bias=+4.99, knot_F1@0.01=0.622, param_RMSE=3.918e-02
  uji_pen_characters_v2: dense=100.0%, deployment=21.0%, MSE=4.149e-03, K=6.05
  natural_earth_10m_coastline: dense=99.0%, deployment=0.0%, MSE=5.772e-03, K=10.87
  usgs_tnm_contours_large_scale: dense=100.0%, deployment=13.0%, MSE=3.045e-03, K=15.32
  industrial_model_offset_curves: dense=100.0%, deployment=79.6%, MSE=7.919e-05, K=53.01
Epoch 124/128 joint_finetune [........................] 1/47 MSE=1.787e-03 pass=3.1% K=35.2 targetK=30.9 countMAE=9.92 lr=proposal:1.0e-05/parameter:5.0e-05/selector:2.0e-04/decoder:5.0e-05
Epoch 124/128 joint_finetune [=====...................] 10/47 MSE=1.681e-03 pass=1.6% K=36.0 targetK=29.1 countMAE=10.09 lr=proposal:1.0e-05/parameter:5.0e-05/selector:2.0e-04/decoder:5.0e-05
Epoch 124/128 joint_finetune [==========..............] 20/47 MSE=1.832e-03 pass=3.1% K=34.9 targetK=29.6 countMAE=9.42 lr=proposal:1.0e-05/parameter:5.0e-05/selector:2.0e-04/decoder:5.0e-05
Epoch 124/128 joint_finetune [===============.........] 30/47 MSE=2.241e-03 pass=1.6% K=27.9 targetK=28.5 countMAE=7.33 lr=proposal:1.0e-05/parameter:5.0e-05/selector:2.0e-04/decoder:5.0e-05
Epoch 124/128 joint_finetune [====================....] 40/47 MSE=1.832e-03 pass=3.1% K=31.5 targetK=25.6 countMAE=8.86 lr=proposal:1.0e-05/parameter:5.0e-05/selector:2.0e-04/decoder:5.0e-05
Epoch 124/128 joint_finetune [========================] 47/47 MSE=2.343e-03 pass=3.6% K=28.4 targetK=30.4 countMAE=6.55 lr=proposal:1.0e-05/parameter:5.0e-05/selector:2.0e-04/decoder:5.0e-05
  validation [=.......................] 1/16 
  validation [===============.........] 10/16 
  validation [========================] 16/16 
Epoch 124 phase=joint_finetune lr=proposal:1.0e-05/parameter:5.0e-05/selector:2.0e-04/decoder:5.0e-05 val dense=99.9% deployment=8.9% worst-source=0.0% qualification=0.0% MSE=2.964e-03 K=24.10 mass=22.82 beta=15.04 soft_cost=4.5814 selection_score=-4.5814 complexity=1.00->1.00 safety=0+0.00sigma scale=0.00->0.00 pass_reference_only=0.0%
  Joint train structure: Keep P/R/F1=0.562/0.636/0.596, critical_false_delete=0.313, proposal R@.005/.01/.02=0.883/0.998/1.000, parameter_bias=9.989e-03, count-cal loss=1.148e-01, score/target/bias/MAE=33.15/29.52/+3.62/8.85, fine-risk mean/std/range=0.504/0.232/0.750, fine-loss/rank=4.462e-01/1.759e+00
  Synthetic K=56: n=46, dense=100.0%, deployment=0.0%
  Synthetic: dense=100.0%, deployment=0.7%, MSE=2.396e-03, K=29.52, targetK=31.74, count_MAE=8.37, bias=-2.22, knot_F1@0.01=0.606, param_RMSE=3.890e-02
  uji_pen_characters_v2: dense=100.0%, deployment=16.0%, MSE=4.197e-03, K=5.09
  natural_earth_10m_coastline: dense=99.0%, deployment=0.0%, MSE=6.013e-03, K=6.73
  usgs_tnm_contours_large_scale: dense=100.0%, deployment=5.0%, MSE=4.616e-03, K=6.98
  industrial_model_offset_curves: dense=100.0%, deployment=67.7%, MSE=2.476e-04, K=46.63
Epoch 125/128 joint_finetune [........................] 1/47 MSE=2.493e-03 pass=1.6% K=24.4 targetK=26.5 countMAE=7.86 lr=proposal:1.0e-05/parameter:5.0e-05/selector:2.0e-04/decoder:5.0e-05
Epoch 125/128 joint_finetune [=====...................] 10/47 MSE=1.669e-03 pass=4.7% K=38.9 targetK=31.8 countMAE=12.45 lr=proposal:1.0e-05/parameter:5.0e-05/selector:2.0e-04/decoder:5.0e-05
Epoch 125/128 joint_finetune [==========..............] 20/47 MSE=1.696e-03 pass=4.7% K=36.4 targetK=29.9 countMAE=10.05 lr=proposal:1.0e-05/parameter:5.0e-05/selector:2.0e-04/decoder:5.0e-05
Epoch 125/128 joint_finetune [===============.........] 30/47 MSE=2.056e-03 pass=1.6% K=28.8 targetK=26.5 countMAE=7.02 lr=proposal:1.0e-05/parameter:5.0e-05/selector:2.0e-04/decoder:5.0e-05
Epoch 125/128 joint_finetune [====================....] 40/47 MSE=1.397e-03 pass=7.8% K=37.9 targetK=30.7 countMAE=10.38 lr=proposal:1.0e-05/parameter:5.0e-05/selector:2.0e-04/decoder:5.0e-05
Epoch 125/128 joint_finetune [========================] 47/47 MSE=1.885e-03 pass=3.6% K=32.9 targetK=30.0 countMAE=9.11 lr=proposal:1.0e-05/parameter:5.0e-05/selector:2.0e-04/decoder:5.0e-05
  validation [=.......................] 1/16 
  validation [===============.........] 10/16 
  validation [========================] 16/16 
Epoch 125 phase=joint_finetune lr=proposal:1.0e-05/parameter:5.0e-05/selector:2.0e-04/decoder:5.0e-05 val dense=99.9% deployment=11.3% worst-source=0.0% qualification=0.0% MSE=2.994e-03 K=28.49 mass=27.30 beta=15.85 soft_cost=4.3584 selection_score=-4.3584 complexity=1.00->1.00 safety=0+0.00sigma scale=0.00->0.00 pass_reference_only=0.0%
  Joint train structure: Keep P/R/F1=0.561/0.627/0.590, critical_false_delete=0.321, proposal R@.005/.01/.02=0.883/0.998/1.000, parameter_bias=9.722e-03, count-cal loss=1.319e-01, score/target/bias/MAE=33.04/29.74/+3.30/9.50, fine-risk mean/std/range=0.504/0.232/0.750, fine-loss/rank=4.487e-01/1.747e+00
  Synthetic K=56: n=46, dense=100.0%, deployment=0.0%
  Synthetic: dense=100.0%, deployment=2.5%, MSE=1.825e-03, K=35.14, targetK=31.74, count_MAE=8.73, bias=+3.40, knot_F1@0.01=0.634, param_RMSE=3.804e-02
  uji_pen_characters_v2: dense=100.0%, deployment=15.0%, MSE=5.963e-03, K=5.55
  natural_earth_10m_coastline: dense=99.0%, deployment=0.0%, MSE=7.922e-03, K=8.19
  usgs_tnm_contours_large_scale: dense=100.0%, deployment=5.0%, MSE=4.810e-03, K=9.56
  industrial_model_offset_curves: dense=100.0%, deployment=82.8%, MSE=9.185e-05, K=52.46
Epoch 126/128 joint_finetune [........................] 1/47 MSE=1.938e-03 pass=6.2% K=31.7 targetK=28.2 countMAE=9.08 lr=proposal:1.0e-05/parameter:5.0e-05/selector:2.0e-04/decoder:5.0e-05
Epoch 126/128 joint_finetune [=====...................] 10/47 MSE=1.892e-03 pass=3.1% K=35.4 targetK=30.7 countMAE=8.94 lr=proposal:1.0e-05/parameter:5.0e-05/selector:2.0e-04/decoder:5.0e-05
Epoch 126/128 joint_finetune [==========..............] 20/47 MSE=1.891e-03 pass=6.2% K=32.4 targetK=28.7 countMAE=8.67 lr=proposal:1.0e-05/parameter:5.0e-05/selector:2.0e-04/decoder:5.0e-05
Epoch 126/128 joint_finetune [===============.........] 30/47 MSE=1.659e-03 pass=4.7% K=40.5 targetK=34.7 countMAE=10.41 lr=proposal:1.0e-05/parameter:5.0e-05/selector:2.0e-04/decoder:5.0e-05
Epoch 126/128 joint_finetune [====================....] 40/47 MSE=2.019e-03 pass=1.6% K=33.0 targetK=31.0 countMAE=7.89 lr=proposal:1.0e-05/parameter:5.0e-05/selector:2.0e-04/decoder:5.0e-05
Epoch 126/128 joint_finetune [========================] 47/47 MSE=2.106e-03 pass=0.0% K=32.8 targetK=31.1 countMAE=9.04 lr=proposal:1.0e-05/parameter:5.0e-05/selector:2.0e-04/decoder:5.0e-05
  validation [=.......................] 1/16 
  validation [===============.........] 10/16 
  validation [========================] 16/16 
Epoch 126 phase=joint_finetune lr=proposal:1.0e-05/parameter:5.0e-05/selector:2.0e-04/decoder:5.0e-05 val dense=99.8% deployment=11.0% worst-source=0.0% qualification=0.0% MSE=2.672e-03 K=28.76 mass=27.55 beta=15.22 soft_cost=4.2919 selection_score=-4.2919 complexity=1.00->1.00 safety=0+0.00sigma scale=0.00->0.00 pass_reference_only=0.0%
  Joint train structure: Keep P/R/F1=0.569/0.624/0.594, critical_false_delete=0.326, proposal R@.005/.01/.02=0.883/0.998/1.000, parameter_bias=9.670e-03, count-cal loss=1.309e-01, score/target/bias/MAE=32.44/29.82/+2.62/8.99, fine-risk mean/std/range=0.504/0.232/0.750, fine-loss/rank=4.841e-01/1.816e+00
  Synthetic K=56: n=46, dense=100.0%, deployment=0.0%
  Synthetic: dense=100.0%, deployment=2.2%, MSE=1.828e-03, K=35.97, targetK=31.74, count_MAE=9.15, bias=+4.23, knot_F1@0.01=0.656, param_RMSE=3.733e-02
  uji_pen_characters_v2: dense=100.0%, deployment=17.0%, MSE=5.282e-03, K=5.21
  natural_earth_10m_coastline: dense=98.0%, deployment=0.0%, MSE=5.490e-03, K=8.31
  usgs_tnm_contours_large_scale: dense=100.0%, deployment=9.0%, MSE=4.653e-03, K=9.24
  industrial_model_offset_curves: dense=100.0%, deployment=75.3%, MSE=1.434e-04, K=50.53
Epoch 127/128 joint_finetune [........................] 1/47 MSE=1.755e-03 pass=1.6% K=37.3 targetK=31.1 countMAE=10.70 lr=proposal:1.0e-05/parameter:5.0e-05/selector:2.0e-04/decoder:5.0e-05
Epoch 127/128 joint_finetune [=====...................] 10/47 MSE=1.451e-03 pass=4.7% K=38.1 targetK=30.9 countMAE=9.22 lr=proposal:1.0e-05/parameter:5.0e-05/selector:2.0e-04/decoder:5.0e-05
Epoch 127/128 joint_finetune [==========..............] 20/47 MSE=1.663e-03 pass=0.0% K=35.8 targetK=28.9 countMAE=11.22 lr=proposal:1.0e-05/parameter:5.0e-05/selector:2.0e-04/decoder:5.0e-05
Epoch 127/128 joint_finetune [===============.........] 30/47 MSE=2.269e-03 pass=3.1% K=27.0 targetK=26.8 countMAE=8.23 lr=proposal:1.0e-05/parameter:5.0e-05/selector:2.0e-04/decoder:5.0e-05
Epoch 127/128 joint_finetune [====================....] 40/47 MSE=1.278e-03 pass=9.4% K=37.3 targetK=26.4 countMAE=12.69 lr=proposal:1.0e-05/parameter:5.0e-05/selector:2.0e-04/decoder:5.0e-05
Epoch 127/128 joint_finetune [========================] 47/47 MSE=2.083e-03 pass=3.6% K=34.1 targetK=29.2 countMAE=10.43 lr=proposal:1.0e-05/parameter:5.0e-05/selector:2.0e-04/decoder:5.0e-05
  validation [=.......................] 1/16 
  validation [===============.........] 10/16 
  validation [========================] 16/16 
Epoch 127 phase=joint_finetune lr=proposal:1.0e-05/parameter:5.0e-05/selector:2.0e-04/decoder:5.0e-05 val dense=99.8% deployment=10.8% worst-source=0.0% qualification=0.0% MSE=3.134e-03 K=29.19 mass=27.86 beta=14.71 soft_cost=4.3351 selection_score=-4.3351 complexity=1.00->1.00 safety=0+0.00sigma scale=0.00->0.00 pass_reference_only=0.0%
  Joint train structure: Keep P/R/F1=0.555/0.662/0.602, critical_false_delete=0.287, proposal R@.005/.01/.02=0.882/0.998/1.000, parameter_bias=9.507e-03, count-cal loss=1.331e-01, score/target/bias/MAE=34.94/29.48/+5.46/10.20, fine-risk mean/std/range=0.504/0.232/0.750, fine-loss/rank=4.520e-01/1.873e+00
  Synthetic K=56: n=46, dense=100.0%, deployment=0.0%
  Synthetic: dense=100.0%, deployment=5.7%, MSE=1.679e-03, K=38.69, targetK=31.74, count_MAE=10.62, bias=+6.95, knot_F1@0.01=0.675, param_RMSE=3.698e-02
  uji_pen_characters_v2: dense=100.0%, deployment=9.0%, MSE=6.625e-03, K=4.79
  natural_earth_10m_coastline: dense=98.0%, deployment=0.0%, MSE=8.165e-03, K=5.70
  usgs_tnm_contours_large_scale: dense=100.0%, deployment=5.0%, MSE=5.432e-03, K=6.25
  industrial_model_offset_curves: dense=100.0%, deployment=63.4%, MSE=8.893e-04, K=44.08
Epoch 128/128 joint_finetune [........................] 1/47 MSE=1.713e-03 pass=3.1% K=35.8 targetK=28.8 countMAE=11.64 lr=proposal:1.0e-05/parameter:5.0e-05/selector:2.0e-04/decoder:5.0e-05
Epoch 128/128 joint_finetune [=====...................] 10/47 MSE=1.688e-03 pass=3.1% K=34.8 targetK=29.7 countMAE=9.08 lr=proposal:1.0e-05/parameter:5.0e-05/selector:2.0e-04/decoder:5.0e-05
Epoch 128/128 joint_finetune [==========..............] 20/47 MSE=1.801e-03 pass=10.9% K=34.0 targetK=28.9 countMAE=10.77 lr=proposal:1.0e-05/parameter:5.0e-05/selector:2.0e-04/decoder:5.0e-05
Epoch 128/128 joint_finetune [===============.........] 30/47 MSE=1.439e-03 pass=7.8% K=37.0 targetK=28.0 countMAE=10.98 lr=proposal:1.0e-05/parameter:5.0e-05/selector:2.0e-04/decoder:5.0e-05
Epoch 128/128 joint_finetune [====================....] 40/47 MSE=1.769e-03 pass=4.7% K=35.8 targetK=29.5 countMAE=9.59 lr=proposal:1.0e-05/parameter:5.0e-05/selector:2.0e-04/decoder:5.0e-05
Epoch 128/128 joint_finetune [========================] 47/47 MSE=1.549e-03 pass=10.7% K=37.9 targetK=31.0 countMAE=13.55 lr=proposal:1.0e-05/parameter:5.0e-05/selector:2.0e-04/decoder:5.0e-05
  validation [=.......................] 1/16 
  validation [===============.........] 10/16 
  validation [========================] 16/16 
Epoch 128 phase=joint_finetune lr=proposal:1.0e-05/parameter:5.0e-05/selector:2.0e-04/decoder:5.0e-05 val dense=99.8% deployment=14.2% worst-source=0.0% qualification=0.0% MSE=2.478e-03 K=31.25 mass=30.11 beta=18.21 soft_cost=4.0454 selection_score=-4.0454 complexity=1.00->1.00 safety=0+0.00sigma scale=0.00->0.00 pass_reference_only=0.0%
  Joint train structure: Keep P/R/F1=0.560/0.637/0.594, critical_false_delete=0.321, proposal R@.005/.01/.02=0.883/0.998/1.000, parameter_bias=9.811e-03, count-cal loss=1.454e-01, score/target/bias/MAE=33.66/29.84/+3.82/10.45, fine-risk mean/std/range=0.504/0.232/0.750, fine-loss/rank=4.702e-01/1.822e+00
  Synthetic K=56: n=46, dense=100.0%, deployment=0.0%
  Synthetic: dense=100.0%, deployment=5.0%, MSE=1.620e-03, K=37.81, targetK=31.74, count_MAE=11.65, bias=+6.07, knot_F1@0.01=0.623, param_RMSE=3.777e-02
  uji_pen_characters_v2: dense=100.0%, deployment=16.0%, MSE=6.493e-03, K=6.47
  natural_earth_10m_coastline: dense=98.0%, deployment=0.0%, MSE=4.680e-03, K=11.18
  usgs_tnm_contours_large_scale: dense=100.0%, deployment=17.0%, MSE=3.668e-03, K=15.35
  industrial_model_offset_curves: dense=100.0%, deployment=83.9%, MSE=4.951e-05, K=54.30
Saved best v16: /home/feng/HouCode/SplineSurpervisedFitting/outputs/checkpoints/candidate_selection_v16_mse1e-4_sourcek56_kc72_decoupled_r1.pt; quality=supervised_fit_count_selected. Last/resume: /home/feng/HouCode/SplineSurpervisedFitting/outputs/checkpoints/candidate_selection_v16_mse1e-4_sourcek56_kc72_decoupled_r1.last.pt; Proposal best/final: /home/feng/HouCode/SplineSurpervisedFitting/outputs/checkpoints/candidate_selection_v16_mse1e-4_sourcek56_kc72_decoupled_r1.proposal.pt / /home/feng/HouCode/SplineSurpervisedFitting/outputs/checkpoints/candidate_selection_v16_mse1e-4_sourcek56_kc72_decoupled_r1.proposal.final.pt
