Checking real manifests and train/val/test group separation...
  Reading manifest: /home/feng/HouCode/SplineSurpervisedFitting/data/splits/uji_pen_v2.jsonl
  Checking groups/files: 2000/18219
  Checking groups/files: 4000/18219
  Checking groups/files: 6000/18219
  Checking groups/files: 8000/18219
  Checking groups/files: 10000/18219
  Checking groups/files: 12000/18219
  Checking groups/files: 14000/18219
  Checking groups/files: 16000/18219
  Checking groups/files: 18000/18219
  Checking groups/files: 18219/18219
  Ready uji_pen_characters_v2: train=9670, val=2456 (test excluded from training)
  Reading manifest: /home/feng/HouCode/SplineSurpervisedFitting/data/processed/natural_earth/v5.1.2_10m_coastline/manifest.jsonl
  Checking groups/files: 2000/3908
  Checking groups/files: 3908/3908
  Ready natural_earth_10m_coastline: train=2625, val=750 (test excluded from training)
  Reading manifest: /home/feng/HouCode/SplineSurpervisedFitting/data/processed/usgs_contours/large_scale/manifest.jsonl
  Checking groups/files: 2000/6654
  Checking groups/files: 4000/6654
  Checking groups/files: 6000/6654
  Checking groups/files: 6654/6654
  Ready usgs_tnm_contours_large_scale: train=4024, val=1210 (test excluded from training)
  Reading manifest: /home/feng/HouCode/SplineSurpervisedFitting/data/processed/industrial_offsets/v1/manifest.jsonl
  Checking groups/files: 453/453
  Ready industrial_model_offset_curves: train=293, val=93 (test excluded from training)
v16 adaptive mass_topk: cuda, Kc=72 internal (full cubic knot vector at all-keep=80), MSE tolerance=0.0001; 1500 train draws, 560 validation curves; real sources=4
Synthetic source contract: clean source-subset threshold-minimal certificate at RMS=0.01, margin=20%, audit_points=512
Joint supervision: certified synthetic geometry labels plus one offline Hard-RMS feasible-subset Teacher on the frozen Proposal parameter/candidate frame. Source K is a reference only. The Teacher mask/count/risk supervise Selector and subset decoder; no subset search runs in Joint steps. Proposal and ParameterHead remain frozen for cache validity. Raw deployment is one-shot; MSE verification/repair is a separate numerical method.
Checkpoint selection minimizes mean per-curve subset cost: feasible curves trade K against a bounded MSE tie-break; infeasible curves use a logarithmic MSE penalty. Aggregate pass rates and the explicit K=56 boundary audit (n=32) are reported but never gate training. Labelled Joint performs only dense, deployed-mask and labelled-mask fits per batch.
Proposal-stage synthetic stratification: 65.0% from K>=40; the remainder uses K=4..39. Joint-stage synthetic stratification: 50.0% from K>=45; the remainder uses K=4..44. Fixed high-K validation rows: 32 at K>=45.
Epoch 001/96 proposal [=.......................] 1/24 MSE=1.202e-04 pass=48.4% K=72.0 denseK=72.0 countMAE=0.00 lr=group_0:2.0e-04
Epoch 001/96 proposal [==========..............] 10/24 MSE=1.113e-04 pass=54.7% K=72.0 denseK=72.0 countMAE=0.00 lr=group_0:2.0e-04
Epoch 001/96 proposal [====================....] 20/24 MSE=1.160e-04 pass=59.4% K=72.0 denseK=72.0 countMAE=0.00 lr=group_0:2.0e-04
Epoch 001/96 proposal [========================] 24/24 MSE=1.044e-04 pass=60.7% K=72.0 denseK=72.0 countMAE=0.00 lr=group_0:2.0e-04
  validation [==......................] 1/9 
  validation [========================] 9/9 
Epoch 001 phase=proposal lr=group_0:2.0e-04 val dense=75.5% deployment=75.5% worst-source=66.2% qualification=0.0% MSE=6.757e-05 K=72.00 mass=29.98 beta=0.34 soft_cost=1.3891 selection_score=-1.3891 complexity=0.00->0.00 safety=0+0.00sigma scale=1.00->1.00 pass_reference_only=0.0%
  Proposal train geometry: coverage_MAE=4.6340e-03, ordered_assignment_MAE=4.6379e-03, matched_K=38.62, R@.005/.01/.02=0.535/0.989/1.000, parameter_bias=1.007e-02
  Synthetic K=56: n=44, dense=0.0%, deployment=0.0%
  Synthetic K>=45: n=146, dense=8.2%, deployment=8.2%, MSE=1.926e-04, K=72.00
  Synthetic: dense=66.2%, deployment=66.2%, MSE=9.291e-05, K=72.00, targetK=34.78, count_MAE=37.22, bias=+37.22, knot_F1@0.01=0.644, param_RMSE=2.821e-02
  uji_pen_characters_v2: dense=100.0%, deployment=100.0%, MSE=3.987e-07, K=72.00
  natural_earth_10m_coastline: dense=95.0%, deployment=95.0%, MSE=1.261e-05, K=72.00
  usgs_tnm_contours_large_scale: dense=100.0%, deployment=100.0%, MSE=3.543e-06, K=72.00
  industrial_model_offset_curves: dense=100.0%, deployment=100.0%, MSE=3.629e-07, K=72.00
Epoch 002/96 proposal [=.......................] 1/24 MSE=1.191e-04 pass=45.3% K=72.0 denseK=72.0 countMAE=0.00 lr=group_0:2.0e-04
Epoch 002/96 proposal [==========..............] 10/24 MSE=1.100e-04 pass=54.7% K=72.0 denseK=72.0 countMAE=0.00 lr=group_0:2.0e-04
Epoch 002/96 proposal [====================....] 20/24 MSE=8.152e-05 pass=75.0% K=72.0 denseK=72.0 countMAE=0.00 lr=group_0:2.0e-04
Epoch 002/96 proposal [========================] 24/24 MSE=6.818e-05 pass=75.0% K=72.0 denseK=72.0 countMAE=0.00 lr=group_0:2.0e-04
  validation [==......................] 1/9 
  validation [========================] 9/9 
Epoch 002 phase=proposal lr=group_0:2.0e-04 val dense=81.1% deployment=81.1% worst-source=74.0% qualification=0.0% MSE=5.324e-05 K=72.00 mass=29.77 beta=0.35 soft_cost=1.2930 selection_score=-1.2930 complexity=0.00->0.00 safety=0+0.00sigma scale=1.00->1.00 pass_reference_only=0.0%
  Proposal train geometry: coverage_MAE=4.4729e-03, ordered_assignment_MAE=4.4759e-03, matched_K=38.62, R@.005/.01/.02=0.558/0.994/1.000, parameter_bias=9.366e-03
  Synthetic K=56: n=44, dense=0.0%, deployment=0.0%
  Synthetic K>=45: n=146, dense=28.8%, deployment=28.8%, MSE=1.603e-04, K=72.00
  Synthetic: dense=74.0%, deployment=74.0%, MSE=7.303e-05, K=72.00, targetK=34.78, count_MAE=37.22, bias=+37.22, knot_F1@0.01=0.648, param_RMSE=2.648e-02
  uji_pen_characters_v2: dense=100.0%, deployment=100.0%, MSE=4.031e-07, K=72.00
  natural_earth_10m_coastline: dense=95.0%, deployment=95.0%, MSE=1.155e-05, K=72.00
  usgs_tnm_contours_large_scale: dense=100.0%, deployment=100.0%, MSE=2.847e-06, K=72.00
  industrial_model_offset_curves: dense=100.0%, deployment=100.0%, MSE=3.076e-07, K=72.00
Epoch 003/96 proposal [=.......................] 1/24 MSE=7.420e-05 pass=75.0% K=72.0 denseK=72.0 countMAE=0.00 lr=group_0:2.0e-04
Epoch 003/96 proposal [==========..............] 10/24 MSE=7.180e-05 pass=73.4% K=72.0 denseK=72.0 countMAE=0.00 lr=group_0:2.0e-04
Epoch 003/96 proposal [====================....] 20/24 MSE=6.138e-05 pass=79.7% K=72.0 denseK=72.0 countMAE=0.00 lr=group_0:2.0e-04
Epoch 003/96 proposal [========================] 24/24 MSE=6.033e-05 pass=78.6% K=72.0 denseK=72.0 countMAE=0.00 lr=group_0:2.0e-04
  validation [==......................] 1/9 
  validation [========================] 9/9 
Epoch 003 phase=proposal lr=group_0:2.0e-04 val dense=87.3% deployment=87.3% worst-source=82.5% qualification=0.0% MSE=3.576e-05 K=72.00 mass=29.65 beta=0.36 soft_cost=1.1825 selection_score=-1.1825 complexity=0.00->0.00 safety=0+0.00sigma scale=1.00->1.00 pass_reference_only=0.0%
  Proposal train geometry: coverage_MAE=4.0872e-03, ordered_assignment_MAE=4.0886e-03, matched_K=38.62, R@.005/.01/.02=0.624/0.998/1.000, parameter_bias=8.920e-03
  Synthetic K=56: n=44, dense=0.0%, deployment=0.0%
  Synthetic K>=45: n=146, dense=52.1%, deployment=52.1%, MSE=1.154e-04, K=72.00
  Synthetic: dense=82.5%, deployment=82.5%, MSE=4.829e-05, K=72.00, targetK=34.78, count_MAE=37.22, bias=+37.22, knot_F1@0.01=0.651, param_RMSE=2.401e-02
  uji_pen_characters_v2: dense=100.0%, deployment=100.0%, MSE=1.098e-06, K=72.00
  natural_earth_10m_coastline: dense=97.5%, deployment=97.5%, MSE=1.178e-05, K=72.00
  usgs_tnm_contours_large_scale: dense=100.0%, deployment=100.0%, MSE=3.988e-06, K=72.00
  industrial_model_offset_curves: dense=100.0%, deployment=100.0%, MSE=8.822e-07, K=72.00
Epoch 004/96 proposal [=.......................] 1/24 MSE=5.495e-05 pass=81.2% K=72.0 denseK=72.0 countMAE=0.00 lr=group_0:2.0e-04
Epoch 004/96 proposal [==========..............] 10/24 MSE=5.534e-05 pass=81.2% K=72.0 denseK=72.0 countMAE=0.00 lr=group_0:2.0e-04
Epoch 004/96 proposal [====================....] 20/24 MSE=4.960e-05 pass=79.7% K=72.0 denseK=72.0 countMAE=0.00 lr=group_0:2.0e-04
Epoch 004/96 proposal [========================] 24/24 MSE=3.419e-05 pass=92.9% K=72.0 denseK=72.0 countMAE=0.00 lr=group_0:2.0e-04
  validation [==......................] 1/9 
  validation [========================] 9/9 
Epoch 004 phase=proposal lr=group_0:2.0e-04 val dense=88.6% deployment=88.6% worst-source=84.2% qualification=0.0% MSE=3.255e-05 K=72.00 mass=29.63 beta=0.36 soft_cost=1.1588 selection_score=-1.1588 complexity=0.00->0.00 safety=0+0.00sigma scale=1.00->1.00 pass_reference_only=0.0%
  Proposal train geometry: coverage_MAE=3.8564e-03, ordered_assignment_MAE=3.8570e-03, matched_K=38.62, R@.005/.01/.02=0.666/0.999/1.000, parameter_bias=8.683e-03
  Synthetic K=56: n=44, dense=0.0%, deployment=0.0%
  Synthetic K>=45: n=146, dense=56.8%, deployment=56.8%, MSE=1.060e-04, K=72.00
  Synthetic: dense=84.2%, deployment=84.2%, MSE=4.371e-05, K=72.00, targetK=34.78, count_MAE=37.22, bias=+37.22, knot_F1@0.01=0.651, param_RMSE=2.307e-02
  uji_pen_characters_v2: dense=100.0%, deployment=100.0%, MSE=1.365e-06, K=72.00
  natural_earth_10m_coastline: dense=97.5%, deployment=97.5%, MSE=1.194e-05, K=72.00
  usgs_tnm_contours_large_scale: dense=100.0%, deployment=100.0%, MSE=4.365e-06, K=72.00
  industrial_model_offset_curves: dense=100.0%, deployment=100.0%, MSE=9.397e-07, K=72.00
Epoch 005/96 proposal [=.......................] 1/24 MSE=3.612e-05 pass=92.2% K=72.0 denseK=72.0 countMAE=0.00 lr=group_0:2.0e-04
Epoch 005/96 proposal [==========..............] 10/24 MSE=3.754e-05 pass=85.9% K=72.0 denseK=72.0 countMAE=0.00 lr=group_0:2.0e-04
Epoch 005/96 proposal [====================....] 20/24 MSE=5.188e-05 pass=79.7% K=72.0 denseK=72.0 countMAE=0.00 lr=group_0:2.0e-04
Epoch 005/96 proposal [========================] 24/24 MSE=4.660e-05 pass=82.1% K=72.0 denseK=72.0 countMAE=0.00 lr=group_0:2.0e-04
  validation [==......................] 1/9 
  validation [========================] 9/9 
Epoch 005 phase=proposal lr=group_0:2.0e-04 val dense=89.3% deployment=89.3% worst-source=85.2% qualification=0.0% MSE=3.122e-05 K=72.00 mass=29.64 beta=0.36 soft_cost=1.1471 selection_score=-1.1471 complexity=0.00->0.00 safety=0+0.00sigma scale=1.00->1.00 pass_reference_only=0.0%
  Proposal train geometry: coverage_MAE=3.8016e-03, ordered_assignment_MAE=3.8021e-03, matched_K=38.62, R@.005/.01/.02=0.677/1.000/1.000, parameter_bias=8.771e-03
  Synthetic K=56: n=44, dense=0.0%, deployment=0.0%
  Synthetic K>=45: n=146, dense=59.6%, deployment=59.6%, MSE=1.021e-04, K=72.00
  Synthetic: dense=85.2%, deployment=85.2%, MSE=4.175e-05, K=72.00, targetK=34.78, count_MAE=37.22, bias=+37.22, knot_F1@0.01=0.651, param_RMSE=2.286e-02
  uji_pen_characters_v2: dense=100.0%, deployment=100.0%, MSE=1.477e-06, K=72.00
  natural_earth_10m_coastline: dense=97.5%, deployment=97.5%, MSE=1.241e-05, K=72.00
  usgs_tnm_contours_large_scale: dense=100.0%, deployment=100.0%, MSE=4.593e-06, K=72.00
  industrial_model_offset_curves: dense=100.0%, deployment=100.0%, MSE=1.024e-06, K=72.00
Epoch 006/96 proposal [=.......................] 1/24 MSE=4.800e-05 pass=89.1% K=72.0 denseK=72.0 countMAE=0.00 lr=group_0:2.0e-04
Epoch 006/96 proposal [==========..............] 10/24 MSE=3.944e-05 pass=89.1% K=72.0 denseK=72.0 countMAE=0.00 lr=group_0:2.0e-04
Epoch 006/96 proposal [====================....] 20/24 MSE=3.787e-05 pass=87.5% K=72.0 denseK=72.0 countMAE=0.00 lr=group_0:2.0e-04
Epoch 006/96 proposal [========================] 24/24 MSE=4.525e-05 pass=85.7% K=72.0 denseK=72.0 countMAE=0.00 lr=group_0:2.0e-04
  validation [==......................] 1/9 
  validation [========================] 9/9 
Epoch 006 phase=proposal lr=group_0:2.0e-04 val dense=90.0% deployment=90.0% worst-source=86.2% qualification=0.0% MSE=3.050e-05 K=72.00 mass=29.56 beta=0.36 soft_cost=1.1373 selection_score=-1.1373 complexity=0.00->0.00 safety=0+0.00sigma scale=1.00->1.00 pass_reference_only=0.0%
  Proposal train geometry: coverage_MAE=3.7879e-03, ordered_assignment_MAE=3.7885e-03, matched_K=38.62, R@.005/.01/.02=0.682/1.000/1.000, parameter_bias=8.785e-03
  Synthetic K=56: n=44, dense=0.0%, deployment=0.0%
  Synthetic K>=45: n=146, dense=62.3%, deployment=62.3%, MSE=9.915e-05, K=72.00
  Synthetic: dense=86.2%, deployment=86.2%, MSE=4.077e-05, K=72.00, targetK=34.78, count_MAE=37.22, bias=+37.22, knot_F1@0.01=0.651, param_RMSE=2.271e-02
  uji_pen_characters_v2: dense=100.0%, deployment=100.0%, MSE=1.467e-06, K=72.00
  natural_earth_10m_coastline: dense=97.5%, deployment=97.5%, MSE=1.244e-05, K=72.00
  usgs_tnm_contours_large_scale: dense=100.0%, deployment=100.0%, MSE=4.471e-06, K=72.00
  industrial_model_offset_curves: dense=100.0%, deployment=100.0%, MSE=9.639e-07, K=72.00
Epoch 007/96 proposal [=.......................] 1/24 MSE=4.037e-05 pass=87.5% K=72.0 denseK=72.0 countMAE=0.00 lr=group_0:2.0e-04
Epoch 007/96 proposal [==========..............] 10/24 MSE=3.993e-05 pass=84.4% K=72.0 denseK=72.0 countMAE=0.00 lr=group_0:2.0e-04
Epoch 007/96 proposal [====================....] 20/24 MSE=4.296e-05 pass=87.5% K=72.0 denseK=72.0 countMAE=0.00 lr=group_0:2.0e-04
Epoch 007/96 proposal [========================] 24/24 MSE=4.392e-05 pass=78.6% K=72.0 denseK=72.0 countMAE=0.00 lr=group_0:2.0e-04
  validation [==......................] 1/9 
  validation [========================] 9/9 
Epoch 007 phase=proposal lr=group_0:2.0e-04 val dense=89.5% deployment=89.5% worst-source=85.5% qualification=0.0% MSE=3.026e-05 K=72.00 mass=29.60 beta=0.36 soft_cost=1.1416 selection_score=-1.1416 complexity=0.00->0.00 safety=0+0.00sigma scale=1.00->1.00 pass_reference_only=0.0%
  Proposal train geometry: coverage_MAE=3.7835e-03, ordered_assignment_MAE=3.7840e-03, matched_K=38.62, R@.005/.01/.02=0.683/1.000/1.000, parameter_bias=8.768e-03
  Synthetic K=56: n=44, dense=0.0%, deployment=0.0%
  Synthetic K>=45: n=146, dense=60.3%, deployment=60.3%, MSE=9.825e-05, K=72.00
  Synthetic: dense=85.5%, deployment=85.5%, MSE=4.028e-05, K=72.00, targetK=34.78, count_MAE=37.22, bias=+37.22, knot_F1@0.01=0.651, param_RMSE=2.274e-02
  uji_pen_characters_v2: dense=100.0%, deployment=100.0%, MSE=1.500e-06, K=72.00
  natural_earth_10m_coastline: dense=97.5%, deployment=97.5%, MSE=1.330e-05, K=72.00
  usgs_tnm_contours_large_scale: dense=100.0%, deployment=100.0%, MSE=4.985e-06, K=72.00
  industrial_model_offset_curves: dense=100.0%, deployment=100.0%, MSE=1.059e-06, K=72.00
Epoch 008/96 proposal [=.......................] 1/24 MSE=4.227e-05 pass=82.8% K=72.0 denseK=72.0 countMAE=0.00 lr=group_0:2.0e-04
Epoch 008/96 proposal [==========..............] 10/24 MSE=4.169e-05 pass=82.8% K=72.0 denseK=72.0 countMAE=0.00 lr=group_0:2.0e-04
Epoch 008/96 proposal [====================....] 20/24 MSE=4.036e-05 pass=92.2% K=72.0 denseK=72.0 countMAE=0.00 lr=group_0:2.0e-04
Epoch 008/96 proposal [========================] 24/24 MSE=4.580e-05 pass=89.3% K=72.0 denseK=72.0 countMAE=0.00 lr=group_0:2.0e-04
  validation [==......................] 1/9 
  validation [========================] 9/9 
Epoch 008 phase=proposal lr=group_0:2.0e-04 val dense=89.8% deployment=89.8% worst-source=86.0% qualification=0.0% MSE=2.990e-05 K=72.00 mass=29.59 beta=0.36 soft_cost=1.1368 selection_score=-1.1368 complexity=0.00->0.00 safety=0+0.00sigma scale=1.00->1.00 pass_reference_only=0.0%
  Proposal train geometry: coverage_MAE=3.7779e-03, ordered_assignment_MAE=3.7785e-03, matched_K=38.62, R@.005/.01/.02=0.684/1.000/1.000, parameter_bias=8.759e-03
  Synthetic K=56: n=44, dense=0.0%, deployment=0.0%
  Synthetic K>=45: n=146, dense=61.6%, deployment=61.6%, MSE=9.675e-05, K=72.00
  Synthetic: dense=86.0%, deployment=86.0%, MSE=3.976e-05, K=72.00, targetK=34.78, count_MAE=37.22, bias=+37.22, knot_F1@0.01=0.651, param_RMSE=2.243e-02
  uji_pen_characters_v2: dense=100.0%, deployment=100.0%, MSE=1.540e-06, K=72.00
  natural_earth_10m_coastline: dense=97.5%, deployment=97.5%, MSE=1.344e-05, K=72.00
  usgs_tnm_contours_large_scale: dense=100.0%, deployment=100.0%, MSE=5.012e-06, K=72.00
  industrial_model_offset_curves: dense=100.0%, deployment=100.0%, MSE=1.034e-06, K=72.00
Epoch 009/96 proposal [=.......................] 1/24 MSE=3.209e-05 pass=90.6% K=72.0 denseK=72.0 countMAE=0.00 lr=group_0:2.0e-04
Epoch 009/96 proposal [==========..............] 10/24 MSE=3.562e-05 pass=93.8% K=72.0 denseK=72.0 countMAE=0.00 lr=group_0:2.0e-04
Epoch 009/96 proposal [====================....] 20/24 MSE=3.333e-05 pass=90.6% K=72.0 denseK=72.0 countMAE=0.00 lr=group_0:2.0e-04
Epoch 009/96 proposal [========================] 24/24 MSE=4.493e-05 pass=89.3% K=72.0 denseK=72.0 countMAE=0.00 lr=group_0:2.0e-04
  validation [==......................] 1/9 
  validation [========================] 9/9 
Epoch 009 phase=proposal lr=group_0:2.0e-04 val dense=88.9% deployment=88.9% worst-source=85.0% qualification=0.0% MSE=3.021e-05 K=72.00 mass=29.57 beta=0.36 soft_cost=1.1471 selection_score=-1.1471 complexity=0.00->0.00 safety=0+0.00sigma scale=1.00->1.00 pass_reference_only=0.0%
  Proposal train geometry: coverage_MAE=3.7806e-03, ordered_assignment_MAE=3.7811e-03, matched_K=38.62, R@.005/.01/.02=0.683/1.000/1.000, parameter_bias=8.697e-03
  Synthetic K=56: n=44, dense=0.0%, deployment=0.0%
  Synthetic K>=45: n=146, dense=58.9%, deployment=58.9%, MSE=9.760e-05, K=72.00
  Synthetic: dense=85.0%, deployment=85.0%, MSE=4.007e-05, K=72.00, targetK=34.78, count_MAE=37.22, bias=+37.22, knot_F1@0.01=0.651, param_RMSE=2.234e-02
  uji_pen_characters_v2: dense=100.0%, deployment=100.0%, MSE=1.628e-06, K=72.00
  natural_earth_10m_coastline: dense=95.0%, deployment=95.0%, MSE=1.409e-05, K=72.00
  usgs_tnm_contours_large_scale: dense=100.0%, deployment=100.0%, MSE=5.387e-06, K=72.00
  industrial_model_offset_curves: dense=100.0%, deployment=100.0%, MSE=1.167e-06, K=72.00
Epoch 010/96 proposal [=.......................] 1/24 MSE=4.457e-05 pass=84.4% K=72.0 denseK=72.0 countMAE=0.00 lr=group_0:2.0e-04
Epoch 010/96 proposal [==========..............] 10/24 MSE=4.137e-05 pass=82.8% K=72.0 denseK=72.0 countMAE=0.00 lr=group_0:2.0e-04
Epoch 010/96 proposal [====================....] 20/24 MSE=4.000e-05 pass=93.8% K=72.0 denseK=72.0 countMAE=0.00 lr=group_0:2.0e-04
Epoch 010/96 proposal [========================] 24/24 MSE=4.216e-05 pass=89.3% K=72.0 denseK=72.0 countMAE=0.00 lr=group_0:2.0e-04
  validation [==......................] 1/9 
  validation [========================] 9/9 
Epoch 010 phase=proposal lr=group_0:2.0e-04 val dense=89.3% deployment=89.3% worst-source=85.2% qualification=0.0% MSE=2.972e-05 K=72.00 mass=29.58 beta=0.36 soft_cost=1.1408 selection_score=-1.1408 complexity=0.00->0.00 safety=0+0.00sigma scale=1.00->1.00 pass_reference_only=0.0%
  Proposal train geometry: coverage_MAE=3.7698e-03, ordered_assignment_MAE=3.7703e-03, matched_K=38.62, R@.005/.01/.02=0.685/1.000/1.000, parameter_bias=8.693e-03
  Synthetic K=56: n=44, dense=0.0%, deployment=0.0%
  Synthetic K>=45: n=146, dense=59.6%, deployment=59.6%, MSE=9.593e-05, K=72.00
  Synthetic: dense=85.2%, deployment=85.2%, MSE=3.946e-05, K=72.00, targetK=34.78, count_MAE=37.22, bias=+37.22, knot_F1@0.01=0.651, param_RMSE=2.210e-02
  uji_pen_characters_v2: dense=100.0%, deployment=100.0%, MSE=1.575e-06, K=72.00
  natural_earth_10m_coastline: dense=97.5%, deployment=97.5%, MSE=1.364e-05, K=72.00
  usgs_tnm_contours_large_scale: dense=100.0%, deployment=100.0%, MSE=5.121e-06, K=72.00
  industrial_model_offset_curves: dense=100.0%, deployment=100.0%, MSE=1.097e-06, K=72.00
Epoch 011/96 proposal [=.......................] 1/24 MSE=3.628e-05 pass=93.8% K=72.0 denseK=72.0 countMAE=0.00 lr=group_0:2.0e-04
Epoch 011/96 proposal [==========..............] 10/24 MSE=3.909e-05 pass=93.8% K=72.0 denseK=72.0 countMAE=0.00 lr=group_0:2.0e-04
Epoch 011/96 proposal [====================....] 20/24 MSE=3.595e-05 pass=93.8% K=72.0 denseK=72.0 countMAE=0.00 lr=group_0:2.0e-04
Epoch 011/96 proposal [========================] 24/24 MSE=4.468e-05 pass=85.7% K=72.0 denseK=72.0 countMAE=0.00 lr=group_0:2.0e-04
  validation [==......................] 1/9 
  validation [========================] 9/9 
Epoch 011 phase=proposal lr=group_0:2.0e-04 val dense=89.1% deployment=89.1% worst-source=85.2% qualification=0.0% MSE=2.978e-05 K=72.00 mass=29.57 beta=0.36 soft_cost=1.1440 selection_score=-1.1440 complexity=0.00->0.00 safety=0+0.00sigma scale=1.00->1.00 pass_reference_only=0.0%
  Proposal train geometry: coverage_MAE=3.7619e-03, ordered_assignment_MAE=3.7623e-03, matched_K=38.62, R@.005/.01/.02=0.686/1.000/1.000, parameter_bias=8.687e-03
  Synthetic K=56: n=44, dense=0.0%, deployment=0.0%
  Synthetic K>=45: n=146, dense=59.6%, deployment=59.6%, MSE=9.656e-05, K=72.00
  Synthetic: dense=85.2%, deployment=85.2%, MSE=3.956e-05, K=72.00, targetK=34.78, count_MAE=37.22, bias=+37.22, knot_F1@0.01=0.651, param_RMSE=2.215e-02
  uji_pen_characters_v2: dense=100.0%, deployment=100.0%, MSE=1.535e-06, K=72.00
  natural_earth_10m_coastline: dense=95.0%, deployment=95.0%, MSE=1.367e-05, K=72.00
  usgs_tnm_contours_large_scale: dense=100.0%, deployment=100.0%, MSE=5.077e-06, K=72.00
  industrial_model_offset_curves: dense=100.0%, deployment=100.0%, MSE=1.066e-06, K=72.00
Epoch 012/96 proposal [=.......................] 1/24 MSE=3.310e-05 pass=92.2% K=72.0 denseK=72.0 countMAE=0.00 lr=group_0:2.0e-04
Epoch 012/96 proposal [==========..............] 10/24 MSE=3.881e-05 pass=87.5% K=72.0 denseK=72.0 countMAE=0.00 lr=group_0:2.0e-04
Epoch 012/96 proposal [====================....] 20/24 MSE=3.729e-05 pass=89.1% K=72.0 denseK=72.0 countMAE=0.00 lr=group_0:2.0e-04
Epoch 012/96 proposal [========================] 24/24 MSE=4.658e-05 pass=85.7% K=72.0 denseK=72.0 countMAE=0.00 lr=group_0:2.0e-04
  validation [==......................] 1/9 
  validation [========================] 9/9 
Epoch 012 phase=proposal lr=group_0:2.0e-04 val dense=89.6% deployment=89.6% worst-source=85.8% qualification=0.0% MSE=2.939e-05 K=72.00 mass=29.55 beta=0.36 soft_cost=1.1366 selection_score=-1.1366 complexity=0.00->0.00 safety=0+0.00sigma scale=1.00->1.00 pass_reference_only=0.0%
  Proposal train geometry: coverage_MAE=3.7606e-03, ordered_assignment_MAE=3.7611e-03, matched_K=38.62, R@.005/.01/.02=0.685/1.000/1.000, parameter_bias=8.630e-03
  Synthetic K=56: n=44, dense=0.0%, deployment=0.0%
  Synthetic K>=45: n=146, dense=61.0%, deployment=61.0%, MSE=9.493e-05, K=72.00
  Synthetic: dense=85.8%, deployment=85.8%, MSE=3.900e-05, K=72.00, targetK=34.78, count_MAE=37.22, bias=+37.22, knot_F1@0.01=0.651, param_RMSE=2.227e-02
  uji_pen_characters_v2: dense=100.0%, deployment=100.0%, MSE=1.628e-06, K=72.00
  natural_earth_10m_coastline: dense=97.5%, deployment=97.5%, MSE=1.382e-05, K=72.00
  usgs_tnm_contours_large_scale: dense=100.0%, deployment=100.0%, MSE=5.072e-06, K=72.00
  industrial_model_offset_curves: dense=100.0%, deployment=100.0%, MSE=9.280e-07, K=72.00
Epoch 013/96 proposal [=.......................] 1/24 MSE=3.385e-05 pass=90.6% K=72.0 denseK=72.0 countMAE=0.00 lr=group_0:2.0e-04
Epoch 013/96 proposal [==========..............] 10/24 MSE=3.888e-05 pass=89.1% K=72.0 denseK=72.0 countMAE=0.00 lr=group_0:2.0e-04
Epoch 013/96 proposal [====================....] 20/24 MSE=3.233e-05 pass=95.3% K=72.0 denseK=72.0 countMAE=0.00 lr=group_0:2.0e-04
Epoch 013/96 proposal [========================] 24/24 MSE=3.401e-05 pass=92.9% K=72.0 denseK=72.0 countMAE=0.00 lr=group_0:2.0e-04
  validation [==......................] 1/9 
  validation [========================] 9/9 
Epoch 013 phase=proposal lr=group_0:2.0e-04 val dense=89.5% deployment=89.5% worst-source=85.5% qualification=0.0% MSE=2.959e-05 K=72.00 mass=29.56 beta=0.36 soft_cost=1.1391 selection_score=-1.1391 complexity=0.00->0.00 safety=0+0.00sigma scale=1.00->1.00 pass_reference_only=0.0%
  Proposal train geometry: coverage_MAE=3.7624e-03, ordered_assignment_MAE=3.7631e-03, matched_K=38.62, R@.005/.01/.02=0.685/1.000/1.000, parameter_bias=8.627e-03
  Synthetic K=56: n=44, dense=0.0%, deployment=0.0%
  Synthetic K>=45: n=146, dense=60.3%, deployment=60.3%, MSE=9.546e-05, K=72.00
  Synthetic: dense=85.5%, deployment=85.5%, MSE=3.924e-05, K=72.00, targetK=34.78, count_MAE=37.22, bias=+37.22, knot_F1@0.01=0.651, param_RMSE=2.195e-02
  uji_pen_characters_v2: dense=100.0%, deployment=100.0%, MSE=1.586e-06, K=72.00
  natural_earth_10m_coastline: dense=97.5%, deployment=97.5%, MSE=1.393e-05, K=72.00
  usgs_tnm_contours_large_scale: dense=100.0%, deployment=100.0%, MSE=5.317e-06, K=72.00
  industrial_model_offset_curves: dense=100.0%, deployment=100.0%, MSE=1.108e-06, K=72.00
Epoch 014/96 proposal [=.......................] 1/24 MSE=3.763e-05 pass=89.1% K=72.0 denseK=72.0 countMAE=0.00 lr=group_0:2.0e-04
Epoch 014/96 proposal [==========..............] 10/24 MSE=3.706e-05 pass=90.6% K=72.0 denseK=72.0 countMAE=0.00 lr=group_0:2.0e-04
Epoch 014/96 proposal [====================....] 20/24 MSE=4.261e-05 pass=84.4% K=72.0 denseK=72.0 countMAE=0.00 lr=group_0:2.0e-04
Epoch 014/96 proposal [========================] 24/24 MSE=2.441e-05 pass=100.0% K=72.0 denseK=72.0 countMAE=0.00 lr=group_0:2.0e-04
  validation [==......................] 1/9 
  validation [========================] 9/9 
Epoch 014 phase=proposal lr=group_0:2.0e-04 val dense=89.5% deployment=89.5% worst-source=85.5% qualification=0.0% MSE=2.970e-05 K=72.00 mass=29.51 beta=0.36 soft_cost=1.1391 selection_score=-1.1391 complexity=0.00->0.00 safety=0+0.00sigma scale=1.00->1.00 pass_reference_only=0.0%
  Proposal train geometry: coverage_MAE=3.7486e-03, ordered_assignment_MAE=3.7493e-03, matched_K=38.62, R@.005/.01/.02=0.690/1.000/1.000, parameter_bias=8.610e-03
  Synthetic K=56: n=44, dense=0.0%, deployment=0.0%
  Synthetic K>=45: n=146, dense=60.3%, deployment=60.3%, MSE=9.562e-05, K=72.00
  Synthetic: dense=85.5%, deployment=85.5%, MSE=3.947e-05, K=72.00, targetK=34.78, count_MAE=37.22, bias=+37.22, knot_F1@0.01=0.651, param_RMSE=2.181e-02
  uji_pen_characters_v2: dense=100.0%, deployment=100.0%, MSE=1.508e-06, K=72.00
  natural_earth_10m_coastline: dense=97.5%, deployment=97.5%, MSE=1.368e-05, K=72.00
  usgs_tnm_contours_large_scale: dense=100.0%, deployment=100.0%, MSE=4.913e-06, K=72.00
  industrial_model_offset_curves: dense=100.0%, deployment=100.0%, MSE=9.879e-07, K=72.00
Epoch 015/96 proposal [=.......................] 1/24 MSE=4.507e-05 pass=89.1% K=72.0 denseK=72.0 countMAE=0.00 lr=group_0:2.0e-04
Epoch 015/96 proposal [==========..............] 10/24 MSE=3.432e-05 pass=89.1% K=72.0 denseK=72.0 countMAE=0.00 lr=group_0:2.0e-04
Epoch 015/96 proposal [====================....] 20/24 MSE=3.475e-05 pass=90.6% K=72.0 denseK=72.0 countMAE=0.00 lr=group_0:2.0e-04
Epoch 015/96 proposal [========================] 24/24 MSE=4.304e-05 pass=85.7% K=72.0 denseK=72.0 countMAE=0.00 lr=group_0:2.0e-04
  validation [==......................] 1/9 
  validation [========================] 9/9 
Epoch 015 phase=proposal lr=group_0:2.0e-04 val dense=90.0% deployment=90.0% worst-source=86.5% qualification=0.0% MSE=2.919e-05 K=72.00 mass=29.52 beta=0.36 soft_cost=1.1323 selection_score=-1.1323 complexity=0.00->0.00 safety=0+0.00sigma scale=1.00->1.00 pass_reference_only=0.0%
  Proposal train geometry: coverage_MAE=3.7572e-03, ordered_assignment_MAE=3.7577e-03, matched_K=38.62, R@.005/.01/.02=0.686/1.000/1.000, parameter_bias=8.550e-03
  Synthetic K=56: n=44, dense=0.0%, deployment=0.0%
  Synthetic K>=45: n=146, dense=63.0%, deployment=63.0%, MSE=9.398e-05, K=72.00
  Synthetic: dense=86.5%, deployment=86.5%, MSE=3.863e-05, K=72.00, targetK=34.78, count_MAE=37.22, bias=+37.22, knot_F1@0.01=0.651, param_RMSE=2.195e-02
  uji_pen_characters_v2: dense=100.0%, deployment=100.0%, MSE=1.682e-06, K=72.00
  natural_earth_10m_coastline: dense=95.0%, deployment=95.0%, MSE=1.427e-05, K=72.00
  usgs_tnm_contours_large_scale: dense=100.0%, deployment=100.0%, MSE=5.352e-06, K=72.00
  industrial_model_offset_curves: dense=100.0%, deployment=100.0%, MSE=1.107e-06, K=72.00
Epoch 016/96 proposal [=.......................] 1/24 MSE=3.965e-05 pass=93.8% K=72.0 denseK=72.0 countMAE=0.00 lr=group_0:2.0e-04
Epoch 016/96 proposal [==========..............] 10/24 MSE=3.635e-05 pass=95.3% K=72.0 denseK=72.0 countMAE=0.00 lr=group_0:2.0e-04
Epoch 016/96 proposal [====================....] 20/24 MSE=3.774e-05 pass=89.1% K=72.0 denseK=72.0 countMAE=0.00 lr=group_0:2.0e-04
Epoch 016/96 proposal [========================] 24/24 MSE=4.215e-05 pass=92.9% K=72.0 denseK=72.0 countMAE=0.00 lr=group_0:2.0e-04
  validation [==......................] 1/9 
  validation [========================] 9/9 
Epoch 016 phase=proposal lr=group_0:2.0e-04 val dense=89.5% deployment=89.5% worst-source=85.8% qualification=0.0% MSE=2.945e-05 K=72.00 mass=29.52 beta=0.36 soft_cost=1.1378 selection_score=-1.1378 complexity=0.00->0.00 safety=0+0.00sigma scale=1.00->1.00 pass_reference_only=0.0%
  Proposal train geometry: coverage_MAE=3.7574e-03, ordered_assignment_MAE=3.7580e-03, matched_K=38.62, R@.005/.01/.02=0.687/0.999/1.000, parameter_bias=8.547e-03
  Synthetic K=56: n=44, dense=0.0%, deployment=0.0%
  Synthetic K>=45: n=146, dense=61.0%, deployment=61.0%, MSE=9.461e-05, K=72.00
  Synthetic: dense=85.8%, deployment=85.8%, MSE=3.895e-05, K=72.00, targetK=34.78, count_MAE=37.22, bias=+37.22, knot_F1@0.01=0.651, param_RMSE=2.164e-02
  uji_pen_characters_v2: dense=100.0%, deployment=100.0%, MSE=1.607e-06, K=72.00
  natural_earth_10m_coastline: dense=95.0%, deployment=95.0%, MSE=1.435e-05, K=72.00
  usgs_tnm_contours_large_scale: dense=100.0%, deployment=100.0%, MSE=5.645e-06, K=72.00
  industrial_model_offset_curves: dense=100.0%, deployment=100.0%, MSE=1.193e-06, K=72.00
Epoch 017/96 proposal [=.......................] 1/24 MSE=4.439e-05 pass=82.8% K=72.0 denseK=72.0 countMAE=0.00 lr=group_0:2.0e-04
Epoch 017/96 proposal [==========..............] 10/24 MSE=3.301e-05 pass=93.8% K=72.0 denseK=72.0 countMAE=0.00 lr=group_0:2.0e-04
Epoch 017/96 proposal [====================....] 20/24 MSE=4.091e-05 pass=92.2% K=72.0 denseK=72.0 countMAE=0.00 lr=group_0:2.0e-04
Epoch 017/96 proposal [========================] 24/24 MSE=3.308e-05 pass=85.7% K=72.0 denseK=72.0 countMAE=0.00 lr=group_0:2.0e-04
  validation [==......................] 1/9 
  validation [========================] 9/9 
Epoch 017 phase=proposal lr=group_0:2.0e-04 val dense=89.5% deployment=89.5% worst-source=85.8% qualification=0.0% MSE=3.075e-05 K=72.00 mass=29.51 beta=0.36 soft_cost=1.1433 selection_score=-1.1433 complexity=0.00->0.00 safety=0+0.00sigma scale=1.00->1.00 pass_reference_only=0.0%
  Proposal train geometry: coverage_MAE=3.7606e-03, ordered_assignment_MAE=3.7611e-03, matched_K=38.62, R@.005/.01/.02=0.687/1.000/1.000, parameter_bias=8.556e-03
  Synthetic K=56: n=44, dense=0.0%, deployment=0.0%
  Synthetic K>=45: n=146, dense=61.0%, deployment=61.0%, MSE=9.884e-05, K=72.00
  Synthetic: dense=85.8%, deployment=85.8%, MSE=4.062e-05, K=72.00, targetK=34.78, count_MAE=37.22, bias=+37.22, knot_F1@0.01=0.651, param_RMSE=2.184e-02
  uji_pen_characters_v2: dense=100.0%, deployment=100.0%, MSE=1.769e-06, K=72.00
  natural_earth_10m_coastline: dense=95.0%, deployment=95.0%, MSE=1.482e-05, K=72.00
  usgs_tnm_contours_large_scale: dense=100.0%, deployment=100.0%, MSE=6.285e-06, K=72.00
  industrial_model_offset_curves: dense=100.0%, deployment=100.0%, MSE=1.375e-06, K=72.00
Epoch 018/96 proposal [=.......................] 1/24 MSE=3.503e-05 pass=90.6% K=72.0 denseK=72.0 countMAE=0.00 lr=group_0:2.0e-04
Epoch 018/96 proposal [==========..............] 10/24 MSE=3.249e-05 pass=93.8% K=72.0 denseK=72.0 countMAE=0.00 lr=group_0:2.0e-04
Epoch 018/96 proposal [====================....] 20/24 MSE=3.973e-05 pass=87.5% K=72.0 denseK=72.0 countMAE=0.00 lr=group_0:2.0e-04
Epoch 018/96 proposal [========================] 24/24 MSE=3.820e-05 pass=92.9% K=72.0 denseK=72.0 countMAE=0.00 lr=group_0:2.0e-04
  validation [==......................] 1/9 
  validation [========================] 9/9 
Epoch 018 phase=proposal lr=group_0:2.0e-04 val dense=89.5% deployment=89.5% worst-source=85.8% qualification=0.0% MSE=3.011e-05 K=72.00 mass=29.59 beta=0.36 soft_cost=1.1410 selection_score=-1.1410 complexity=0.00->0.00 safety=0+0.00sigma scale=1.00->1.00 pass_reference_only=0.0%
  Proposal train geometry: coverage_MAE=3.7499e-03, ordered_assignment_MAE=3.7505e-03, matched_K=38.62, R@.005/.01/.02=0.690/0.999/1.000, parameter_bias=8.540e-03
  Synthetic K=56: n=44, dense=0.0%, deployment=0.0%
  Synthetic K>=45: n=146, dense=61.0%, deployment=61.0%, MSE=9.717e-05, K=72.00
  Synthetic: dense=85.8%, deployment=85.8%, MSE=3.992e-05, K=72.00, targetK=34.78, count_MAE=37.22, bias=+37.22, knot_F1@0.01=0.651, param_RMSE=2.169e-02
  uji_pen_characters_v2: dense=100.0%, deployment=100.0%, MSE=1.600e-06, K=72.00
  natural_earth_10m_coastline: dense=95.0%, deployment=95.0%, MSE=1.423e-05, K=72.00
  usgs_tnm_contours_large_scale: dense=100.0%, deployment=100.0%, MSE=5.406e-06, K=72.00
  industrial_model_offset_curves: dense=100.0%, deployment=100.0%, MSE=1.135e-06, K=72.00
Epoch 019/96 proposal [=.......................] 1/24 MSE=3.924e-05 pass=90.6% K=72.0 denseK=72.0 countMAE=0.00 lr=group_0:2.0e-04
Epoch 019/96 proposal [==========..............] 10/24 MSE=4.074e-05 pass=89.1% K=72.0 denseK=72.0 countMAE=0.00 lr=group_0:2.0e-04
Epoch 019/96 proposal [====================....] 20/24 MSE=3.812e-05 pass=87.5% K=72.0 denseK=72.0 countMAE=0.00 lr=group_0:2.0e-04
Epoch 019/96 proposal [========================] 24/24 MSE=5.010e-05 pass=78.6% K=72.0 denseK=72.0 countMAE=0.00 lr=group_0:2.0e-04
  validation [==......................] 1/9 
  validation [========================] 9/9 
Epoch 019 phase=proposal lr=group_0:2.0e-04 val dense=89.8% deployment=89.8% worst-source=86.0% qualification=0.0% MSE=3.006e-05 K=72.00 mass=29.56 beta=0.36 soft_cost=1.1369 selection_score=-1.1369 complexity=0.00->0.00 safety=0+0.00sigma scale=1.00->1.00 pass_reference_only=0.0%
  Proposal train geometry: coverage_MAE=3.7454e-03, ordered_assignment_MAE=3.7460e-03, matched_K=38.62, R@.005/.01/.02=0.690/1.000/1.000, parameter_bias=8.490e-03
  Synthetic K=56: n=44, dense=0.0%, deployment=0.0%
  Synthetic K>=45: n=146, dense=61.6%, deployment=61.6%, MSE=9.690e-05, K=72.00
  Synthetic: dense=86.0%, deployment=86.0%, MSE=3.989e-05, K=72.00, targetK=34.78, count_MAE=37.22, bias=+37.22, knot_F1@0.01=0.651, param_RMSE=2.180e-02
  uji_pen_characters_v2: dense=100.0%, deployment=100.0%, MSE=1.569e-06, K=72.00
  natural_earth_10m_coastline: dense=97.5%, deployment=97.5%, MSE=1.415e-05, K=72.00
  usgs_tnm_contours_large_scale: dense=100.0%, deployment=100.0%, MSE=5.252e-06, K=72.00
  industrial_model_offset_curves: dense=100.0%, deployment=100.0%, MSE=1.021e-06, K=72.00
Epoch 020/96 proposal [=.......................] 1/24 MSE=3.893e-05 pass=95.3% K=72.0 denseK=72.0 countMAE=0.00 lr=group_0:2.0e-04
Epoch 020/96 proposal [==========..............] 10/24 MSE=3.288e-05 pass=95.3% K=72.0 denseK=72.0 countMAE=0.00 lr=group_0:2.0e-04
Epoch 020/96 proposal [====================....] 20/24 MSE=3.714e-05 pass=92.2% K=72.0 denseK=72.0 countMAE=0.00 lr=group_0:2.0e-04
Epoch 020/96 proposal [========================] 24/24 MSE=3.397e-05 pass=89.3% K=72.0 denseK=72.0 countMAE=0.00 lr=group_0:2.0e-04
  validation [==......................] 1/9 
  validation [========================] 9/9 
Epoch 020 phase=proposal lr=group_0:2.0e-04 val dense=89.8% deployment=89.8% worst-source=86.2% qualification=0.0% MSE=2.947e-05 K=72.00 mass=29.57 beta=0.36 soft_cost=1.1344 selection_score=-1.1344 complexity=0.00->0.00 safety=0+0.00sigma scale=1.00->1.00 pass_reference_only=0.0%
  Proposal train geometry: coverage_MAE=3.7439e-03, ordered_assignment_MAE=3.7445e-03, matched_K=38.62, R@.005/.01/.02=0.691/0.999/1.000, parameter_bias=8.502e-03
  Synthetic K=56: n=44, dense=0.0%, deployment=0.0%
  Synthetic K>=45: n=146, dense=62.3%, deployment=62.3%, MSE=9.474e-05, K=72.00
  Synthetic: dense=86.2%, deployment=86.2%, MSE=3.899e-05, K=72.00, targetK=34.78, count_MAE=37.22, bias=+37.22, knot_F1@0.01=0.651, param_RMSE=2.154e-02
  uji_pen_characters_v2: dense=100.0%, deployment=100.0%, MSE=1.606e-06, K=72.00
  natural_earth_10m_coastline: dense=95.0%, deployment=95.0%, MSE=1.443e-05, K=72.00
  usgs_tnm_contours_large_scale: dense=100.0%, deployment=100.0%, MSE=5.493e-06, K=72.00
  industrial_model_offset_curves: dense=100.0%, deployment=100.0%, MSE=1.110e-06, K=72.00
Epoch 021/96 proposal [=.......................] 1/24 MSE=3.139e-05 pass=95.3% K=72.0 denseK=72.0 countMAE=0.00 lr=group_0:2.0e-04
Epoch 021/96 proposal [==========..............] 10/24 MSE=3.944e-05 pass=95.3% K=72.0 denseK=72.0 countMAE=0.00 lr=group_0:2.0e-04
Epoch 021/96 proposal [====================....] 20/24 MSE=4.068e-05 pass=84.4% K=72.0 denseK=72.0 countMAE=0.00 lr=group_0:2.0e-04
Epoch 021/96 proposal [========================] 24/24 MSE=3.173e-05 pass=100.0% K=72.0 denseK=72.0 countMAE=0.00 lr=group_0:2.0e-04
  validation [==......................] 1/9 
  validation [========================] 9/9 
Epoch 021 phase=proposal lr=group_0:2.0e-04 val dense=89.6% deployment=89.6% worst-source=86.0% qualification=0.0% MSE=2.990e-05 K=72.00 mass=29.52 beta=0.36 soft_cost=1.1377 selection_score=-1.1377 complexity=0.00->0.00 safety=0+0.00sigma scale=1.00->1.00 pass_reference_only=0.0%
  Proposal train geometry: coverage_MAE=3.7414e-03, ordered_assignment_MAE=3.7420e-03, matched_K=38.62, R@.005/.01/.02=0.690/1.000/1.000, parameter_bias=8.472e-03
  Synthetic K=56: n=44, dense=0.0%, deployment=0.0%
  Synthetic K>=45: n=146, dense=61.6%, deployment=61.6%, MSE=9.581e-05, K=72.00
  Synthetic: dense=86.0%, deployment=86.0%, MSE=3.951e-05, K=72.00, targetK=34.78, count_MAE=37.22, bias=+37.22, knot_F1@0.01=0.651, param_RMSE=2.144e-02
  uji_pen_characters_v2: dense=100.0%, deployment=100.0%, MSE=1.600e-06, K=72.00
  natural_earth_10m_coastline: dense=95.0%, deployment=95.0%, MSE=1.484e-05, K=72.00
  usgs_tnm_contours_large_scale: dense=100.0%, deployment=100.0%, MSE=5.780e-06, K=72.00
  industrial_model_offset_curves: dense=100.0%, deployment=100.0%, MSE=1.232e-06, K=72.00
Epoch 022/96 proposal [=.......................] 1/24 MSE=3.523e-05 pass=93.8% K=72.0 denseK=72.0 countMAE=0.00 lr=group_0:2.0e-04
Epoch 022/96 proposal [==========..............] 10/24 MSE=3.988e-05 pass=93.8% K=72.0 denseK=72.0 countMAE=0.00 lr=group_0:2.0e-04
Epoch 022/96 proposal [====================....] 20/24 MSE=4.047e-05 pass=85.9% K=72.0 denseK=72.0 countMAE=0.00 lr=group_0:2.0e-04
Epoch 022/96 proposal [========================] 24/24 MSE=4.814e-05 pass=78.6% K=72.0 denseK=72.0 countMAE=0.00 lr=group_0:2.0e-04
  validation [==......................] 1/9 
  validation [========================] 9/9 
Epoch 022 phase=proposal lr=group_0:2.0e-04 val dense=88.9% deployment=88.9% worst-source=84.8% qualification=0.0% MSE=3.062e-05 K=72.00 mass=29.56 beta=0.36 soft_cost=1.1486 selection_score=-1.1486 complexity=0.00->0.00 safety=0+0.00sigma scale=1.00->1.00 pass_reference_only=0.0%
  Proposal train geometry: coverage_MAE=3.7403e-03, ordered_assignment_MAE=3.7408e-03, matched_K=38.62, R@.005/.01/.02=0.692/1.000/1.000, parameter_bias=8.429e-03
  Synthetic K=56: n=44, dense=0.0%, deployment=0.0%
  Synthetic K>=45: n=146, dense=58.2%, deployment=58.2%, MSE=9.894e-05, K=72.00
  Synthetic: dense=84.8%, deployment=84.8%, MSE=4.065e-05, K=72.00, targetK=34.78, count_MAE=37.22, bias=+37.22, knot_F1@0.01=0.651, param_RMSE=2.133e-02
  uji_pen_characters_v2: dense=100.0%, deployment=100.0%, MSE=1.466e-06, K=72.00
  natural_earth_10m_coastline: dense=97.5%, deployment=97.5%, MSE=1.423e-05, K=72.00
  usgs_tnm_contours_large_scale: dense=100.0%, deployment=100.0%, MSE=5.425e-06, K=72.00
  industrial_model_offset_curves: dense=100.0%, deployment=100.0%, MSE=1.110e-06, K=72.00
Epoch 023/96 proposal [=.......................] 1/24 MSE=4.286e-05 pass=87.5% K=72.0 denseK=72.0 countMAE=0.00 lr=group_0:2.0e-04
Epoch 023/96 proposal [==========..............] 10/24 MSE=3.284e-05 pass=95.3% K=72.0 denseK=72.0 countMAE=0.00 lr=group_0:2.0e-04
Epoch 023/96 proposal [====================....] 20/24 MSE=3.497e-05 pass=89.1% K=72.0 denseK=72.0 countMAE=0.00 lr=group_0:2.0e-04
Epoch 023/96 proposal [========================] 24/24 MSE=3.239e-05 pass=96.4% K=72.0 denseK=72.0 countMAE=0.00 lr=group_0:2.0e-04
  validation [==......................] 1/9 
  validation [========================] 9/9 
Epoch 023 phase=proposal lr=group_0:2.0e-04 val dense=89.6% deployment=89.6% worst-source=86.0% qualification=0.0% MSE=2.977e-05 K=72.00 mass=29.57 beta=0.36 soft_cost=1.1378 selection_score=-1.1378 complexity=0.00->0.00 safety=0+0.00sigma scale=1.00->1.00 pass_reference_only=0.0%
  Proposal train geometry: coverage_MAE=3.7361e-03, ordered_assignment_MAE=3.7366e-03, matched_K=38.62, R@.005/.01/.02=0.692/1.000/1.000, parameter_bias=8.440e-03
  Synthetic K=56: n=44, dense=0.0%, deployment=0.0%
  Synthetic K>=45: n=146, dense=61.6%, deployment=61.6%, MSE=9.581e-05, K=72.00
  Synthetic: dense=86.0%, deployment=86.0%, MSE=3.939e-05, K=72.00, targetK=34.78, count_MAE=37.22, bias=+37.22, knot_F1@0.01=0.651, param_RMSE=2.140e-02
  uji_pen_characters_v2: dense=100.0%, deployment=100.0%, MSE=1.610e-06, K=72.00
  natural_earth_10m_coastline: dense=95.0%, deployment=95.0%, MSE=1.454e-05, K=72.00
  usgs_tnm_contours_large_scale: dense=100.0%, deployment=100.0%, MSE=5.521e-06, K=72.00
  industrial_model_offset_curves: dense=100.0%, deployment=100.0%, MSE=1.124e-06, K=72.00
Epoch 024/96 proposal [=.......................] 1/24 MSE=3.303e-05 pass=96.9% K=72.0 denseK=72.0 countMAE=0.00 lr=group_0:2.0e-04
Epoch 024/96 proposal [==========..............] 10/24 MSE=4.029e-05 pass=87.5% K=72.0 denseK=72.0 countMAE=0.00 lr=group_0:2.0e-04
Epoch 024/96 proposal [====================....] 20/24 MSE=3.439e-05 pass=93.8% K=72.0 denseK=72.0 countMAE=0.00 lr=group_0:2.0e-04
Epoch 024/96 proposal [========================] 24/24 MSE=2.879e-05 pass=92.9% K=72.0 denseK=72.0 countMAE=0.00 lr=group_0:2.0e-04
  validation [==......................] 1/9 
  validation [========================] 9/9 
Epoch 024 phase=proposal lr=group_0:2.0e-04 val dense=89.8% deployment=89.8% worst-source=86.2% qualification=0.0% MSE=2.965e-05 K=72.00 mass=29.60 beta=0.36 soft_cost=1.1354 selection_score=-1.1354 complexity=0.00->0.00 safety=0+0.00sigma scale=1.00->1.00 pass_reference_only=0.0%
  Proposal train geometry: coverage_MAE=3.7330e-03, ordered_assignment_MAE=3.7335e-03, matched_K=38.62, R@.005/.01/.02=0.693/1.000/1.000, parameter_bias=8.407e-03
  Synthetic K=56: n=44, dense=0.0%, deployment=0.0%
  Synthetic K>=45: n=146, dense=62.3%, deployment=62.3%, MSE=9.556e-05, K=72.00
  Synthetic: dense=86.2%, deployment=86.2%, MSE=3.941e-05, K=72.00, targetK=34.78, count_MAE=37.22, bias=+37.22, knot_F1@0.01=0.651, param_RMSE=2.139e-02
  uji_pen_characters_v2: dense=100.0%, deployment=100.0%, MSE=1.343e-06, K=72.00
  natural_earth_10m_coastline: dense=95.0%, deployment=95.0%, MSE=1.393e-05, K=72.00
  usgs_tnm_contours_large_scale: dense=100.0%, deployment=100.0%, MSE=4.805e-06, K=72.00
  industrial_model_offset_curves: dense=100.0%, deployment=100.0%, MSE=9.335e-07, K=72.00
Epoch 025/96 proposal [=.......................] 1/24 MSE=3.041e-05 pass=95.3% K=72.0 denseK=72.0 countMAE=0.00 lr=group_0:2.0e-04
Epoch 025/96 proposal [==========..............] 10/24 MSE=3.000e-05 pass=93.8% K=72.0 denseK=72.0 countMAE=0.00 lr=group_0:2.0e-04
Epoch 025/96 proposal [====================....] 20/24 MSE=4.216e-05 pass=92.2% K=72.0 denseK=72.0 countMAE=0.00 lr=group_0:2.0e-04
Epoch 025/96 proposal [========================] 24/24 MSE=3.234e-05 pass=100.0% K=72.0 denseK=72.0 countMAE=0.00 lr=group_0:2.0e-04
  validation [==......................] 1/9 
  validation [========================] 9/9 
Epoch 025 phase=proposal lr=group_0:2.0e-04 val dense=89.1% deployment=89.1% worst-source=85.2% qualification=0.0% MSE=3.019e-05 K=72.00 mass=29.62 beta=0.36 soft_cost=1.1453 selection_score=-1.1453 complexity=0.00->0.00 safety=0+0.00sigma scale=1.00->1.00 pass_reference_only=0.0%
  Proposal train geometry: coverage_MAE=3.7412e-03, ordered_assignment_MAE=3.7417e-03, matched_K=38.62, R@.005/.01/.02=0.691/1.000/1.000, parameter_bias=8.385e-03
  Synthetic K=56: n=44, dense=0.0%, deployment=0.0%
  Synthetic K>=45: n=146, dense=59.6%, deployment=59.6%, MSE=9.733e-05, K=72.00
  Synthetic: dense=85.2%, deployment=85.2%, MSE=4.001e-05, K=72.00, targetK=34.78, count_MAE=37.22, bias=+37.22, knot_F1@0.01=0.651, param_RMSE=2.127e-02
  uji_pen_characters_v2: dense=100.0%, deployment=100.0%, MSE=1.587e-06, K=72.00
  natural_earth_10m_coastline: dense=95.0%, deployment=95.0%, MSE=1.438e-05, K=72.00
  usgs_tnm_contours_large_scale: dense=100.0%, deployment=100.0%, MSE=5.433e-06, K=72.00
  industrial_model_offset_curves: dense=100.0%, deployment=100.0%, MSE=1.148e-06, K=72.00
Epoch 026/96 proposal [=.......................] 1/24 MSE=3.719e-05 pass=95.3% K=72.0 denseK=72.0 countMAE=0.00 lr=group_0:2.0e-04
Epoch 026/96 proposal [==========..............] 10/24 MSE=3.384e-05 pass=92.2% K=72.0 denseK=72.0 countMAE=0.00 lr=group_0:2.0e-04
Epoch 026/96 proposal [====================....] 20/24 MSE=3.893e-05 pass=93.8% K=72.0 denseK=72.0 countMAE=0.00 lr=group_0:2.0e-04
Epoch 026/96 proposal [========================] 24/24 MSE=2.684e-05 pass=96.4% K=72.0 denseK=72.0 countMAE=0.00 lr=group_0:2.0e-04
  validation [==......................] 1/9 
  validation [========================] 9/9 
Epoch 026 phase=proposal lr=group_0:2.0e-04 val dense=89.8% deployment=89.8% worst-source=86.2% qualification=0.0% MSE=2.997e-05 K=72.00 mass=29.63 beta=0.36 soft_cost=1.1373 selection_score=-1.1373 complexity=0.00->0.00 safety=0+0.00sigma scale=1.00->1.00 pass_reference_only=0.0%
  Proposal train geometry: coverage_MAE=3.7246e-03, ordered_assignment_MAE=3.7251e-03, matched_K=38.62, R@.005/.01/.02=0.694/1.000/1.000, parameter_bias=8.349e-03
  Synthetic K=56: n=44, dense=0.0%, deployment=0.0%
  Synthetic K>=45: n=146, dense=62.3%, deployment=62.3%, MSE=9.708e-05, K=72.00
  Synthetic: dense=86.2%, deployment=86.2%, MSE=3.982e-05, K=72.00, targetK=34.78, count_MAE=37.22, bias=+37.22, knot_F1@0.01=0.651, param_RMSE=2.130e-02
  uji_pen_characters_v2: dense=100.0%, deployment=100.0%, MSE=1.420e-06, K=72.00
  natural_earth_10m_coastline: dense=95.0%, deployment=95.0%, MSE=1.377e-05, K=72.00
  usgs_tnm_contours_large_scale: dense=100.0%, deployment=100.0%, MSE=5.109e-06, K=72.00
  industrial_model_offset_curves: dense=100.0%, deployment=100.0%, MSE=1.034e-06, K=72.00
Epoch 027/96 proposal [=.......................] 1/24 MSE=3.770e-05 pass=93.8% K=72.0 denseK=72.0 countMAE=0.00 lr=group_0:2.0e-04
Epoch 027/96 proposal [==========..............] 10/24 MSE=3.159e-05 pass=96.9% K=72.0 denseK=72.0 countMAE=0.00 lr=group_0:2.0e-04
Epoch 027/96 proposal [====================....] 20/24 MSE=3.031e-05 pass=92.2% K=72.0 denseK=72.0 countMAE=0.00 lr=group_0:2.0e-04
Epoch 027/96 proposal [========================] 24/24 MSE=3.181e-05 pass=92.9% K=72.0 denseK=72.0 countMAE=0.00 lr=group_0:2.0e-04
  validation [==......................] 1/9 
  validation [========================] 9/9 
Epoch 027 phase=proposal lr=group_0:2.0e-04 val dense=89.8% deployment=89.8% worst-source=86.2% qualification=0.0% MSE=3.012e-05 K=72.00 mass=29.57 beta=0.36 soft_cost=1.1374 selection_score=-1.1374 complexity=0.00->0.00 safety=0+0.00sigma scale=1.00->1.00 pass_reference_only=0.0%
  Proposal train geometry: coverage_MAE=3.7294e-03, ordered_assignment_MAE=3.7299e-03, matched_K=38.62, R@.005/.01/.02=0.694/0.999/1.000, parameter_bias=8.315e-03
  Synthetic K=56: n=44, dense=0.0%, deployment=0.0%
  Synthetic K>=45: n=146, dense=62.3%, deployment=62.3%, MSE=9.692e-05, K=72.00
  Synthetic: dense=86.2%, deployment=86.2%, MSE=3.986e-05, K=72.00, targetK=34.78, count_MAE=37.22, bias=+37.22, knot_F1@0.01=0.651, param_RMSE=2.105e-02
  uji_pen_characters_v2: dense=100.0%, deployment=100.0%, MSE=1.570e-06, K=72.00
  natural_earth_10m_coastline: dense=95.0%, deployment=95.0%, MSE=1.470e-05, K=72.00
  usgs_tnm_contours_large_scale: dense=100.0%, deployment=100.0%, MSE=5.597e-06, K=72.00
  industrial_model_offset_curves: dense=100.0%, deployment=100.0%, MSE=1.253e-06, K=72.00
Epoch 028/96 proposal [=.......................] 1/24 MSE=3.648e-05 pass=95.3% K=72.0 denseK=72.0 countMAE=0.00 lr=group_0:2.0e-04
Epoch 028/96 proposal [==========..............] 10/24 MSE=3.783e-05 pass=95.3% K=72.0 denseK=72.0 countMAE=0.00 lr=group_0:2.0e-04
Epoch 028/96 proposal [====================....] 20/24 MSE=3.943e-05 pass=89.1% K=72.0 denseK=72.0 countMAE=0.00 lr=group_0:2.0e-04
Epoch 028/96 proposal [========================] 24/24 MSE=3.383e-05 pass=92.9% K=72.0 denseK=72.0 countMAE=0.00 lr=group_0:2.0e-04
  validation [==......................] 1/9 
  validation [========================] 9/9 
Epoch 028 phase=proposal lr=group_0:2.0e-04 val dense=89.6% deployment=89.6% worst-source=86.0% qualification=0.0% MSE=2.996e-05 K=72.00 mass=29.53 beta=0.36 soft_cost=1.1386 selection_score=-1.1386 complexity=0.00->0.00 safety=0+0.00sigma scale=1.00->1.00 pass_reference_only=0.0%
  Proposal train geometry: coverage_MAE=3.7222e-03, ordered_assignment_MAE=3.7227e-03, matched_K=38.62, R@.005/.01/.02=0.694/1.000/1.000, parameter_bias=8.305e-03
  Synthetic K=56: n=44, dense=0.0%, deployment=0.0%
  Synthetic K>=45: n=146, dense=61.6%, deployment=61.6%, MSE=9.632e-05, K=72.00
  Synthetic: dense=86.0%, deployment=86.0%, MSE=3.968e-05, K=72.00, targetK=34.78, count_MAE=37.22, bias=+37.22, knot_F1@0.01=0.651, param_RMSE=2.103e-02
  uji_pen_characters_v2: dense=100.0%, deployment=100.0%, MSE=1.552e-06, K=72.00
  natural_earth_10m_coastline: dense=95.0%, deployment=95.0%, MSE=1.452e-05, K=72.00
  usgs_tnm_contours_large_scale: dense=100.0%, deployment=100.0%, MSE=5.460e-06, K=72.00
  industrial_model_offset_curves: dense=100.0%, deployment=100.0%, MSE=1.159e-06, K=72.00
Epoch 029/96 proposal [=.......................] 1/24 MSE=3.596e-05 pass=90.6% K=72.0 denseK=72.0 countMAE=0.00 lr=group_0:2.0e-04
Epoch 029/96 proposal [==========..............] 10/24 MSE=3.365e-05 pass=93.8% K=72.0 denseK=72.0 countMAE=0.00 lr=group_0:2.0e-04
Epoch 029/96 proposal [====================....] 20/24 MSE=3.263e-05 pass=93.8% K=72.0 denseK=72.0 countMAE=0.00 lr=group_0:2.0e-04
Epoch 029/96 proposal [========================] 24/24 MSE=5.456e-05 pass=85.7% K=72.0 denseK=72.0 countMAE=0.00 lr=group_0:2.0e-04
  validation [==......................] 1/9 
  validation [========================] 9/9 
Epoch 029 phase=proposal lr=group_0:2.0e-04 val dense=88.8% deployment=88.8% worst-source=84.8% qualification=0.0% MSE=3.024e-05 K=72.00 mass=29.60 beta=0.36 soft_cost=1.1504 selection_score=-1.1504 complexity=0.00->0.00 safety=0+0.00sigma scale=1.00->1.00 pass_reference_only=0.0%
  Proposal train geometry: coverage_MAE=3.7150e-03, ordered_assignment_MAE=3.7154e-03, matched_K=38.62, R@.005/.01/.02=0.697/1.000/1.000, parameter_bias=8.260e-03
  Synthetic K=56: n=44, dense=0.0%, deployment=0.0%
  Synthetic K>=45: n=146, dense=58.2%, deployment=58.2%, MSE=9.827e-05, K=72.00
  Synthetic: dense=84.8%, deployment=84.8%, MSE=4.013e-05, K=72.00, targetK=34.78, count_MAE=37.22, bias=+37.22, knot_F1@0.01=0.651, param_RMSE=2.128e-02
  uji_pen_characters_v2: dense=100.0%, deployment=100.0%, MSE=1.530e-06, K=72.00
  natural_earth_10m_coastline: dense=95.0%, deployment=95.0%, MSE=1.413e-05, K=72.00
  usgs_tnm_contours_large_scale: dense=100.0%, deployment=100.0%, MSE=5.279e-06, K=72.00
  industrial_model_offset_curves: dense=100.0%, deployment=100.0%, MSE=1.103e-06, K=72.00
Epoch 030/96 proposal [=.......................] 1/24 MSE=2.844e-05 pass=96.9% K=72.0 denseK=72.0 countMAE=0.00 lr=group_0:2.0e-04
Epoch 030/96 proposal [==========..............] 10/24 MSE=3.833e-05 pass=95.3% K=72.0 denseK=72.0 countMAE=0.00 lr=group_0:2.0e-04
Epoch 030/96 proposal [====================....] 20/24 MSE=3.113e-05 pass=98.4% K=72.0 denseK=72.0 countMAE=0.00 lr=group_0:2.0e-04
Epoch 030/96 proposal [========================] 24/24 MSE=4.004e-05 pass=89.3% K=72.0 denseK=72.0 countMAE=0.00 lr=group_0:2.0e-04
  validation [==......................] 1/9 
  validation [========================] 9/9 
Epoch 030 phase=proposal lr=group_0:2.0e-04 val dense=89.1% deployment=89.1% worst-source=85.2% qualification=0.0% MSE=3.021e-05 K=72.00 mass=29.58 beta=0.36 soft_cost=1.1453 selection_score=-1.1453 complexity=0.00->0.00 safety=0+0.00sigma scale=1.00->1.00 pass_reference_only=0.0%
  Proposal train geometry: coverage_MAE=3.7153e-03, ordered_assignment_MAE=3.7158e-03, matched_K=38.62, R@.005/.01/.02=0.695/1.000/1.000, parameter_bias=8.269e-03
  Synthetic K=56: n=44, dense=0.0%, deployment=0.0%
  Synthetic K>=45: n=146, dense=59.6%, deployment=59.6%, MSE=9.754e-05, K=72.00
  Synthetic: dense=85.2%, deployment=85.2%, MSE=4.005e-05, K=72.00, targetK=34.78, count_MAE=37.22, bias=+37.22, knot_F1@0.01=0.651, param_RMSE=2.112e-02
  uji_pen_characters_v2: dense=100.0%, deployment=100.0%, MSE=1.555e-06, K=72.00
  natural_earth_10m_coastline: dense=95.0%, deployment=95.0%, MSE=1.441e-05, K=72.00
  usgs_tnm_contours_large_scale: dense=100.0%, deployment=100.0%, MSE=5.292e-06, K=72.00
  industrial_model_offset_curves: dense=100.0%, deployment=100.0%, MSE=1.175e-06, K=72.00
Epoch 031/96 proposal [=.......................] 1/24 MSE=3.669e-05 pass=96.9% K=72.0 denseK=72.0 countMAE=0.00 lr=group_0:2.0e-04
Epoch 031/96 proposal [==========..............] 10/24 MSE=3.363e-05 pass=96.9% K=72.0 denseK=72.0 countMAE=0.00 lr=group_0:2.0e-04
Epoch 031/96 proposal [====================....] 20/24 MSE=3.758e-05 pass=93.8% K=72.0 denseK=72.0 countMAE=0.00 lr=group_0:2.0e-04
Epoch 031/96 proposal [========================] 24/24 MSE=3.146e-05 pass=92.9% K=72.0 denseK=72.0 countMAE=0.00 lr=group_0:2.0e-04
  validation [==......................] 1/9 
  validation [========================] 9/9 
Epoch 031 phase=proposal lr=group_0:2.0e-04 val dense=89.5% deployment=89.5% worst-source=85.8% qualification=0.0% MSE=3.009e-05 K=72.00 mass=29.53 beta=0.36 soft_cost=1.1411 selection_score=-1.1411 complexity=0.00->0.00 safety=0+0.00sigma scale=1.00->1.00 pass_reference_only=0.0%
  Proposal train geometry: coverage_MAE=3.7122e-03, ordered_assignment_MAE=3.7127e-03, matched_K=38.62, R@.005/.01/.02=0.697/0.999/1.000, parameter_bias=8.247e-03
  Synthetic K=56: n=44, dense=0.0%, deployment=0.0%
  Synthetic K>=45: n=146, dense=61.0%, deployment=61.0%, MSE=9.752e-05, K=72.00
  Synthetic: dense=85.8%, deployment=85.8%, MSE=4.003e-05, K=72.00, targetK=34.78, count_MAE=37.22, bias=+37.22, knot_F1@0.01=0.651, param_RMSE=2.105e-02
  uji_pen_characters_v2: dense=100.0%, deployment=100.0%, MSE=1.392e-06, K=72.00
  natural_earth_10m_coastline: dense=95.0%, deployment=95.0%, MSE=1.366e-05, K=72.00
  usgs_tnm_contours_large_scale: dense=100.0%, deployment=100.0%, MSE=4.917e-06, K=72.00
  industrial_model_offset_curves: dense=100.0%, deployment=100.0%, MSE=1.009e-06, K=72.00
Epoch 032/96 proposal [=.......................] 1/24 MSE=3.460e-05 pass=98.4% K=72.0 denseK=72.0 countMAE=0.00 lr=group_0:2.0e-04
Epoch 032/96 proposal [==========..............] 10/24 MSE=3.483e-05 pass=95.3% K=72.0 denseK=72.0 countMAE=0.00 lr=group_0:2.0e-04
Epoch 032/96 proposal [====================....] 20/24 MSE=3.158e-05 pass=96.9% K=72.0 denseK=72.0 countMAE=0.00 lr=group_0:2.0e-04
Epoch 032/96 proposal [========================] 24/24 MSE=3.981e-05 pass=96.4% K=72.0 denseK=72.0 countMAE=0.00 lr=group_0:2.0e-04
  validation [==......................] 1/9 
  validation [========================] 9/9 
Epoch 032 phase=proposal lr=group_0:2.0e-04 val dense=90.0% deployment=90.0% worst-source=86.5% qualification=0.0% MSE=2.997e-05 K=72.00 mass=29.51 beta=0.36 soft_cost=1.1365 selection_score=-1.1365 complexity=0.00->0.00 safety=0+0.00sigma scale=1.00->1.00 pass_reference_only=0.0%
  Proposal train geometry: coverage_MAE=3.7092e-03, ordered_assignment_MAE=3.7096e-03, matched_K=38.62, R@.005/.01/.02=0.697/1.000/1.000, parameter_bias=8.219e-03
  Synthetic K=56: n=44, dense=0.0%, deployment=0.0%
  Synthetic K>=45: n=146, dense=63.0%, deployment=63.0%, MSE=9.732e-05, K=72.00
  Synthetic: dense=86.5%, deployment=86.5%, MSE=3.976e-05, K=72.00, targetK=34.78, count_MAE=37.22, bias=+37.22, knot_F1@0.01=0.651, param_RMSE=2.108e-02
  uji_pen_characters_v2: dense=100.0%, deployment=100.0%, MSE=1.505e-06, K=72.00
  natural_earth_10m_coastline: dense=95.0%, deployment=95.0%, MSE=1.418e-05, K=72.00
  usgs_tnm_contours_large_scale: dense=100.0%, deployment=100.0%, MSE=5.161e-06, K=72.00
  industrial_model_offset_curves: dense=100.0%, deployment=100.0%, MSE=1.122e-06, K=72.00
Epoch 033/96 proposal [=.......................] 1/24 MSE=3.705e-05 pass=96.9% K=72.0 denseK=72.0 countMAE=0.00 lr=group_0:2.0e-04
Epoch 033/96 proposal [==========..............] 10/24 MSE=2.974e-05 pass=98.4% K=72.0 denseK=72.0 countMAE=0.00 lr=group_0:2.0e-04
Epoch 033/96 proposal [====================....] 20/24 MSE=3.003e-05 pass=98.4% K=72.0 denseK=72.0 countMAE=0.00 lr=group_0:2.0e-04
Epoch 033/96 proposal [========================] 24/24 MSE=3.460e-05 pass=100.0% K=72.0 denseK=72.0 countMAE=0.00 lr=group_0:2.0e-04
  validation [==......................] 1/9 
  validation [========================] 9/9 
Epoch 033 phase=proposal lr=group_0:2.0e-04 val dense=89.3% deployment=89.3% worst-source=85.5% qualification=0.0% MSE=2.987e-05 K=72.00 mass=29.54 beta=0.36 soft_cost=1.1425 selection_score=-1.1425 complexity=0.00->0.00 safety=0+0.00sigma scale=1.00->1.00 pass_reference_only=0.0%
  Proposal train geometry: coverage_MAE=3.7052e-03, ordered_assignment_MAE=3.7057e-03, matched_K=38.62, R@.005/.01/.02=0.697/1.000/1.000, parameter_bias=8.197e-03
  Synthetic K=56: n=44, dense=0.0%, deployment=0.0%
  Synthetic K>=45: n=146, dense=60.3%, deployment=60.3%, MSE=9.681e-05, K=72.00
  Synthetic: dense=85.5%, deployment=85.5%, MSE=3.970e-05, K=72.00, targetK=34.78, count_MAE=37.22, bias=+37.22, knot_F1@0.01=0.651, param_RMSE=2.101e-02
  uji_pen_characters_v2: dense=100.0%, deployment=100.0%, MSE=1.421e-06, K=72.00
  natural_earth_10m_coastline: dense=95.0%, deployment=95.0%, MSE=1.370e-05, K=72.00
  usgs_tnm_contours_large_scale: dense=100.0%, deployment=100.0%, MSE=5.029e-06, K=72.00
  industrial_model_offset_curves: dense=100.0%, deployment=100.0%, MSE=1.040e-06, K=72.00
Epoch 034/96 proposal [=.......................] 1/24 MSE=2.530e-05 pass=98.4% K=72.0 denseK=72.0 countMAE=0.00 lr=group_0:2.0e-04
Epoch 034/96 proposal [==========..............] 10/24 MSE=3.119e-05 pass=100.0% K=72.0 denseK=72.0 countMAE=0.00 lr=group_0:2.0e-04
Epoch 034/96 proposal [====================....] 20/24 MSE=4.166e-05 pass=98.4% K=72.0 denseK=72.0 countMAE=0.00 lr=group_0:2.0e-04
Epoch 034/96 proposal [========================] 24/24 MSE=3.451e-05 pass=96.4% K=72.0 denseK=72.0 countMAE=0.00 lr=group_0:2.0e-04
  validation [==......................] 1/9 
  validation [========================] 9/9 
Epoch 034 phase=proposal lr=group_0:2.0e-04 val dense=89.3% deployment=89.3% worst-source=85.5% qualification=0.0% MSE=3.040e-05 K=72.00 mass=29.60 beta=0.36 soft_cost=1.1441 selection_score=-1.1441 complexity=0.00->0.00 safety=0+0.00sigma scale=1.00->1.00 pass_reference_only=0.0%
  Proposal train geometry: coverage_MAE=3.6962e-03, ordered_assignment_MAE=3.6966e-03, matched_K=38.62, R@.005/.01/.02=0.702/1.000/1.000, parameter_bias=8.208e-03
  Synthetic K=56: n=44, dense=0.0%, deployment=0.0%
  Synthetic K>=45: n=146, dense=60.3%, deployment=60.3%, MSE=9.798e-05, K=72.00
  Synthetic: dense=85.5%, deployment=85.5%, MSE=4.022e-05, K=72.00, targetK=34.78, count_MAE=37.22, bias=+37.22, knot_F1@0.01=0.651, param_RMSE=2.082e-02
  uji_pen_characters_v2: dense=100.0%, deployment=100.0%, MSE=1.676e-06, K=72.00
  natural_earth_10m_coastline: dense=95.0%, deployment=95.0%, MSE=1.480e-05, K=72.00
  usgs_tnm_contours_large_scale: dense=100.0%, deployment=100.0%, MSE=5.665e-06, K=72.00
  industrial_model_offset_curves: dense=100.0%, deployment=100.0%, MSE=1.286e-06, K=72.00
Epoch 035/96 proposal [=.......................] 1/24 MSE=2.766e-05 pass=100.0% K=72.0 denseK=72.0 countMAE=0.00 lr=group_0:2.0e-04
Epoch 035/96 proposal [==========..............] 10/24 MSE=3.634e-05 pass=100.0% K=72.0 denseK=72.0 countMAE=0.00 lr=group_0:2.0e-04
Epoch 035/96 proposal [====================....] 20/24 MSE=3.829e-05 pass=96.9% K=72.0 denseK=72.0 countMAE=0.00 lr=group_0:2.0e-04
Epoch 035/96 proposal [========================] 24/24 MSE=3.225e-05 pass=92.9% K=72.0 denseK=72.0 countMAE=0.00 lr=group_0:2.0e-04
  validation [==......................] 1/9 
  validation [========================] 9/9 
Epoch 035 phase=proposal lr=group_0:2.0e-04 val dense=89.1% deployment=89.1% worst-source=85.2% qualification=0.0% MSE=3.049e-05 K=72.00 mass=29.61 beta=0.36 soft_cost=1.1480 selection_score=-1.1480 complexity=0.00->0.00 safety=0+0.00sigma scale=1.00->1.00 pass_reference_only=0.0%
  Proposal train geometry: coverage_MAE=3.7004e-03, ordered_assignment_MAE=3.7007e-03, matched_K=38.62, R@.005/.01/.02=0.699/1.000/1.000, parameter_bias=8.165e-03
  Synthetic K=56: n=44, dense=0.0%, deployment=0.0%
  Synthetic K>=45: n=146, dense=59.6%, deployment=59.6%, MSE=9.910e-05, K=72.00
  Synthetic: dense=85.2%, deployment=85.2%, MSE=4.052e-05, K=72.00, targetK=34.78, count_MAE=37.22, bias=+37.22, knot_F1@0.01=0.651, param_RMSE=2.098e-02
  uji_pen_characters_v2: dense=100.0%, deployment=100.0%, MSE=1.461e-06, K=72.00
  natural_earth_10m_coastline: dense=95.0%, deployment=95.0%, MSE=1.401e-05, K=72.00
  usgs_tnm_contours_large_scale: dense=100.0%, deployment=100.0%, MSE=5.136e-06, K=72.00
  industrial_model_offset_curves: dense=100.0%, deployment=100.0%, MSE=1.084e-06, K=72.00
Epoch 036/96 proposal [=.......................] 1/24 MSE=3.317e-05 pass=100.0% K=72.0 denseK=72.0 countMAE=0.00 lr=group_0:2.0e-04
Epoch 036/96 proposal [==========..............] 10/24 MSE=2.449e-05 pass=96.9% K=72.0 denseK=72.0 countMAE=0.00 lr=group_0:2.0e-04
Epoch 036/96 proposal [====================....] 20/24 MSE=3.109e-05 pass=98.4% K=72.0 denseK=72.0 countMAE=0.00 lr=group_0:2.0e-04
Epoch 036/96 proposal [========================] 24/24 MSE=4.256e-05 pass=89.3% K=72.0 denseK=72.0 countMAE=0.00 lr=group_0:2.0e-04
  validation [==......................] 1/9 
  validation [========================] 9/9 
Epoch 036 phase=proposal lr=group_0:2.0e-04 val dense=89.1% deployment=89.1% worst-source=85.2% qualification=0.0% MSE=3.030e-05 K=72.00 mass=29.58 beta=0.36 soft_cost=1.1456 selection_score=-1.1456 complexity=0.00->0.00 safety=0+0.00sigma scale=1.00->1.00 pass_reference_only=0.0%
  Proposal train geometry: coverage_MAE=3.6932e-03, ordered_assignment_MAE=3.6936e-03, matched_K=38.62, R@.005/.01/.02=0.699/1.000/1.000, parameter_bias=8.179e-03
  Synthetic K=56: n=44, dense=0.0%, deployment=0.0%
  Synthetic K>=45: n=146, dense=59.6%, deployment=59.6%, MSE=9.787e-05, K=72.00
  Synthetic: dense=85.2%, deployment=85.2%, MSE=4.015e-05, K=72.00, targetK=34.78, count_MAE=37.22, bias=+37.22, knot_F1@0.01=0.651, param_RMSE=2.078e-02
  uji_pen_characters_v2: dense=100.0%, deployment=100.0%, MSE=1.557e-06, K=72.00
  natural_earth_10m_coastline: dense=95.0%, deployment=95.0%, MSE=1.438e-05, K=72.00
  usgs_tnm_contours_large_scale: dense=100.0%, deployment=100.0%, MSE=5.411e-06, K=72.00
  industrial_model_offset_curves: dense=100.0%, deployment=100.0%, MSE=1.263e-06, K=72.00
Epoch 037/96 proposal [=.......................] 1/24 MSE=3.404e-05 pass=100.0% K=72.0 denseK=72.0 countMAE=0.00 lr=group_0:2.0e-04
Epoch 037/96 proposal [==========..............] 10/24 MSE=3.723e-05 pass=98.4% K=72.0 denseK=72.0 countMAE=0.00 lr=group_0:2.0e-04
Epoch 037/96 proposal [====================....] 20/24 MSE=2.364e-05 pass=100.0% K=72.0 denseK=72.0 countMAE=0.00 lr=group_0:2.0e-04
Epoch 037/96 proposal [========================] 24/24 MSE=3.388e-05 pass=100.0% K=72.0 denseK=72.0 countMAE=0.00 lr=group_0:2.0e-04
  validation [==......................] 1/9 
  validation [========================] 9/9 
Epoch 037 phase=proposal lr=group_0:2.0e-04 val dense=88.9% deployment=88.9% worst-source=85.0% qualification=0.0% MSE=3.026e-05 K=72.00 mass=29.51 beta=0.36 soft_cost=1.1488 selection_score=-1.1488 complexity=0.00->0.00 safety=0+0.00sigma scale=1.00->1.00 pass_reference_only=0.0%
  Proposal train geometry: coverage_MAE=3.6876e-03, ordered_assignment_MAE=3.6880e-03, matched_K=38.62, R@.005/.01/.02=0.703/1.000/1.000, parameter_bias=8.126e-03
  Synthetic K=56: n=44, dense=0.0%, deployment=0.0%
  Synthetic K>=45: n=146, dense=58.9%, deployment=58.9%, MSE=9.864e-05, K=72.00
  Synthetic: dense=85.0%, deployment=85.0%, MSE=4.026e-05, K=72.00, targetK=34.78, count_MAE=37.22, bias=+37.22, knot_F1@0.01=0.651, param_RMSE=2.110e-02
  uji_pen_characters_v2: dense=100.0%, deployment=100.0%, MSE=1.358e-06, K=72.00
  natural_earth_10m_coastline: dense=95.0%, deployment=95.0%, MSE=1.360e-05, K=72.00
  usgs_tnm_contours_large_scale: dense=100.0%, deployment=100.0%, MSE=4.989e-06, K=72.00
  industrial_model_offset_curves: dense=100.0%, deployment=100.0%, MSE=1.042e-06, K=72.00
Epoch 038/96 proposal [=.......................] 1/24 MSE=2.503e-05 pass=98.4% K=72.0 denseK=72.0 countMAE=0.00 lr=group_0:2.0e-04
Epoch 038/96 proposal [==========..............] 10/24 MSE=3.786e-05 pass=98.4% K=72.0 denseK=72.0 countMAE=0.00 lr=group_0:2.0e-04
Epoch 038/96 proposal [====================....] 20/24 MSE=3.754e-05 pass=96.9% K=72.0 denseK=72.0 countMAE=0.00 lr=group_0:2.0e-04
Epoch 038/96 proposal [========================] 24/24 MSE=4.020e-05 pass=96.4% K=72.0 denseK=72.0 countMAE=0.00 lr=group_0:2.0e-04
  validation [==......................] 1/9 
  validation [========================] 9/9 
Epoch 038 phase=proposal lr=group_0:2.0e-04 val dense=88.6% deployment=88.6% worst-source=84.5% qualification=0.0% MSE=3.097e-05 K=72.00 mass=29.59 beta=0.36 soft_cost=1.1541 selection_score=-1.1541 complexity=0.00->0.00 safety=0+0.00sigma scale=1.00->1.00 pass_reference_only=0.0%
  Proposal train geometry: coverage_MAE=3.6801e-03, ordered_assignment_MAE=3.6805e-03, matched_K=38.62, R@.005/.01/.02=0.703/1.000/1.000, parameter_bias=8.121e-03
  Synthetic K=56: n=44, dense=0.0%, deployment=0.0%
  Synthetic K>=45: n=146, dense=57.5%, deployment=57.5%, MSE=1.007e-04, K=72.00
  Synthetic: dense=84.5%, deployment=84.5%, MSE=4.125e-05, K=72.00, targetK=34.78, count_MAE=37.22, bias=+37.22, knot_F1@0.01=0.651, param_RMSE=2.080e-02
  uji_pen_characters_v2: dense=100.0%, deployment=100.0%, MSE=1.374e-06, K=72.00
  natural_earth_10m_coastline: dense=95.0%, deployment=95.0%, MSE=1.358e-05, K=72.00
  usgs_tnm_contours_large_scale: dense=100.0%, deployment=100.0%, MSE=5.086e-06, K=72.00
  industrial_model_offset_curves: dense=100.0%, deployment=100.0%, MSE=1.099e-06, K=72.00
Epoch 039/96 proposal [=.......................] 1/24 MSE=3.644e-05 pass=98.4% K=72.0 denseK=72.0 countMAE=0.00 lr=group_0:2.0e-04
Epoch 039/96 proposal [==========..............] 10/24 MSE=2.895e-05 pass=100.0% K=72.0 denseK=72.0 countMAE=0.00 lr=group_0:2.0e-04
Epoch 039/96 proposal [====================....] 20/24 MSE=3.608e-05 pass=96.9% K=72.0 denseK=72.0 countMAE=0.00 lr=group_0:2.0e-04
Epoch 039/96 proposal [========================] 24/24 MSE=3.438e-05 pass=96.4% K=72.0 denseK=72.0 countMAE=0.00 lr=group_0:2.0e-04
  validation [==......................] 1/9 
  validation [========================] 9/9 
Epoch 039 phase=proposal lr=group_0:2.0e-04 val dense=89.3% deployment=89.3% worst-source=85.5% qualification=2.3% MSE=2.987e-05 K=72.00 mass=29.68 beta=0.36 soft_cost=1.1430 selection_score=-1.1430 complexity=0.00->0.00 safety=0+0.00sigma scale=1.00->1.00 pass_reference_only=2.3%
  Proposal train geometry: coverage_MAE=3.6734e-03, ordered_assignment_MAE=3.6738e-03, matched_K=38.62, R@.005/.01/.02=0.704/1.000/1.000, parameter_bias=8.137e-03
  Synthetic K=56: n=44, dense=2.3%, deployment=2.3%
  Synthetic K>=45: n=146, dense=60.3%, deployment=60.3%, MSE=9.699e-05, K=72.00
  Synthetic: dense=85.5%, deployment=85.5%, MSE=3.963e-05, K=72.00, targetK=34.78, count_MAE=37.22, bias=+37.22, knot_F1@0.01=0.651, param_RMSE=2.075e-02
  uji_pen_characters_v2: dense=100.0%, deployment=100.0%, MSE=1.462e-06, K=72.00
  natural_earth_10m_coastline: dense=95.0%, deployment=95.0%, MSE=1.405e-05, K=72.00
  usgs_tnm_contours_large_scale: dense=100.0%, deployment=100.0%, MSE=5.226e-06, K=72.00
  industrial_model_offset_curves: dense=100.0%, deployment=100.0%, MSE=1.166e-06, K=72.00
Epoch 040/96 proposal [=.......................] 1/24 MSE=3.510e-05 pass=96.9% K=72.0 denseK=72.0 countMAE=0.00 lr=group_0:2.0e-04
Epoch 040/96 proposal [==========..............] 10/24 MSE=3.258e-05 pass=98.4% K=72.0 denseK=72.0 countMAE=0.00 lr=group_0:2.0e-04
Epoch 040/96 proposal [====================....] 20/24 MSE=3.343e-05 pass=98.4% K=72.0 denseK=72.0 countMAE=0.00 lr=group_0:2.0e-04
Epoch 040/96 proposal [========================] 24/24 MSE=2.786e-05 pass=100.0% K=72.0 denseK=72.0 countMAE=0.00 lr=group_0:2.0e-04
  validation [==......................] 1/9 
  validation [========================] 9/9 
Epoch 040 phase=proposal lr=group_0:2.0e-04 val dense=88.2% deployment=88.2% worst-source=84.0% qualification=0.0% MSE=3.128e-05 K=72.00 mass=29.60 beta=0.36 soft_cost=1.1605 selection_score=-1.1605 complexity=0.00->0.00 safety=0+0.00sigma scale=1.00->1.00 pass_reference_only=0.0%
  Proposal train geometry: coverage_MAE=3.6684e-03, ordered_assignment_MAE=3.6688e-03, matched_K=38.62, R@.005/.01/.02=0.705/1.000/1.000, parameter_bias=8.087e-03
  Synthetic K=56: n=44, dense=0.0%, deployment=0.0%
  Synthetic K>=45: n=146, dense=56.2%, deployment=56.2%, MSE=1.016e-04, K=72.00
  Synthetic: dense=84.0%, deployment=84.0%, MSE=4.150e-05, K=72.00, targetK=34.78, count_MAE=37.22, bias=+37.22, knot_F1@0.01=0.651, param_RMSE=2.076e-02
  uji_pen_characters_v2: dense=100.0%, deployment=100.0%, MSE=1.592e-06, K=72.00
  natural_earth_10m_coastline: dense=95.0%, deployment=95.0%, MSE=1.470e-05, K=72.00
  usgs_tnm_contours_large_scale: dense=100.0%, deployment=100.0%, MSE=5.321e-06, K=72.00
  industrial_model_offset_curves: dense=100.0%, deployment=100.0%, MSE=1.268e-06, K=72.00
Epoch 041/96 proposal [=.......................] 1/24 MSE=3.467e-05 pass=100.0% K=72.0 denseK=72.0 countMAE=0.00 lr=group_0:2.0e-04
Epoch 041/96 proposal [==========..............] 10/24 MSE=2.747e-05 pass=100.0% K=72.0 denseK=72.0 countMAE=0.00 lr=group_0:2.0e-04
Epoch 041/96 proposal [====================....] 20/24 MSE=2.698e-05 pass=100.0% K=72.0 denseK=72.0 countMAE=0.00 lr=group_0:2.0e-04
Epoch 041/96 proposal [========================] 24/24 MSE=2.539e-05 pass=100.0% K=72.0 denseK=72.0 countMAE=0.00 lr=group_0:2.0e-04
  validation [==......................] 1/9 
  validation [========================] 9/9 
Epoch 041 phase=proposal lr=group_0:2.0e-04 val dense=89.3% deployment=89.3% worst-source=85.5% qualification=2.3% MSE=2.956e-05 K=72.00 mass=29.68 beta=0.36 soft_cost=1.1414 selection_score=-1.1414 complexity=0.00->0.00 safety=0+0.00sigma scale=1.00->1.00 pass_reference_only=2.3%
  Proposal train geometry: coverage_MAE=3.6601e-03, ordered_assignment_MAE=3.6605e-03, matched_K=38.62, R@.005/.01/.02=0.706/1.000/1.000, parameter_bias=8.071e-03
  Synthetic K=56: n=44, dense=2.3%, deployment=2.3%
  Synthetic K>=45: n=146, dense=60.3%, deployment=60.3%, MSE=9.564e-05, K=72.00
  Synthetic: dense=85.5%, deployment=85.5%, MSE=3.926e-05, K=72.00, targetK=34.78, count_MAE=37.22, bias=+37.22, knot_F1@0.01=0.651, param_RMSE=2.092e-02
  uji_pen_characters_v2: dense=100.0%, deployment=100.0%, MSE=1.375e-06, K=72.00
  natural_earth_10m_coastline: dense=95.0%, deployment=95.0%, MSE=1.383e-05, K=72.00
  usgs_tnm_contours_large_scale: dense=100.0%, deployment=100.0%, MSE=4.904e-06, K=72.00
  industrial_model_offset_curves: dense=100.0%, deployment=100.0%, MSE=1.138e-06, K=72.00
Epoch 042/96 proposal [=.......................] 1/24 MSE=2.548e-05 pass=100.0% K=72.0 denseK=72.0 countMAE=0.00 lr=group_0:2.0e-04
Epoch 042/96 proposal [==========..............] 10/24 MSE=3.017e-05 pass=98.4% K=72.0 denseK=72.0 countMAE=0.00 lr=group_0:2.0e-04
Epoch 042/96 proposal [====================....] 20/24 MSE=3.357e-05 pass=100.0% K=72.0 denseK=72.0 countMAE=0.00 lr=group_0:2.0e-04
Epoch 042/96 proposal [========================] 24/24 MSE=3.531e-05 pass=100.0% K=72.0 denseK=72.0 countMAE=0.00 lr=group_0:2.0e-04
  validation [==......................] 1/9 
  validation [========================] 9/9 
Epoch 042 phase=proposal lr=group_0:2.0e-04 val dense=88.9% deployment=88.9% worst-source=85.0% qualification=0.0% MSE=3.029e-05 K=72.00 mass=29.63 beta=0.36 soft_cost=1.1476 selection_score=-1.1476 complexity=0.00->0.00 safety=0+0.00sigma scale=1.00->1.00 pass_reference_only=0.0%
  Proposal train geometry: coverage_MAE=3.6620e-03, ordered_assignment_MAE=3.6624e-03, matched_K=38.62, R@.005/.01/.02=0.706/1.000/1.000, parameter_bias=8.077e-03
  Synthetic K=56: n=44, dense=0.0%, deployment=0.0%
  Synthetic K>=45: n=146, dense=58.9%, deployment=58.9%, MSE=9.783e-05, K=72.00
  Synthetic: dense=85.0%, deployment=85.0%, MSE=4.024e-05, K=72.00, targetK=34.78, count_MAE=37.22, bias=+37.22, knot_F1@0.01=0.651, param_RMSE=2.074e-02
  uji_pen_characters_v2: dense=100.0%, deployment=100.0%, MSE=1.461e-06, K=72.00
  natural_earth_10m_coastline: dense=95.0%, deployment=95.0%, MSE=1.389e-05, K=72.00
  usgs_tnm_contours_large_scale: dense=100.0%, deployment=100.0%, MSE=5.078e-06, K=72.00
  industrial_model_offset_curves: dense=100.0%, deployment=100.0%, MSE=1.155e-06, K=72.00
Epoch 043/96 proposal [=.......................] 1/24 MSE=3.000e-05 pass=100.0% K=72.0 denseK=72.0 countMAE=0.00 lr=group_0:2.0e-04
Epoch 043/96 proposal [==========..............] 10/24 MSE=3.155e-05 pass=100.0% K=72.0 denseK=72.0 countMAE=0.00 lr=group_0:2.0e-04
Epoch 043/96 proposal [====================....] 20/24 MSE=3.035e-05 pass=98.4% K=72.0 denseK=72.0 countMAE=0.00 lr=group_0:2.0e-04
Epoch 043/96 proposal [========================] 24/24 MSE=3.588e-05 pass=100.0% K=72.0 denseK=72.0 countMAE=0.00 lr=group_0:2.0e-04
  validation [==......................] 1/9 
  validation [========================] 9/9 
Epoch 043 phase=proposal lr=group_0:2.0e-04 val dense=89.1% deployment=89.1% worst-source=85.2% qualification=0.0% MSE=3.090e-05 K=72.00 mass=29.71 beta=0.35 soft_cost=1.1490 selection_score=-1.1490 complexity=0.00->0.00 safety=0+0.00sigma scale=1.00->1.00 pass_reference_only=0.0%
  Proposal train geometry: coverage_MAE=3.6548e-03, ordered_assignment_MAE=3.6551e-03, matched_K=38.62, R@.005/.01/.02=0.708/0.999/1.000, parameter_bias=8.074e-03
  Synthetic K=56: n=44, dense=0.0%, deployment=0.0%
  Synthetic K>=45: n=146, dense=59.6%, deployment=59.6%, MSE=9.991e-05, K=72.00
  Synthetic: dense=85.2%, deployment=85.2%, MSE=4.088e-05, K=72.00, targetK=34.78, count_MAE=37.22, bias=+37.22, knot_F1@0.01=0.651, param_RMSE=2.062e-02
  uji_pen_characters_v2: dense=100.0%, deployment=100.0%, MSE=1.703e-06, K=72.00
  natural_earth_10m_coastline: dense=95.0%, deployment=95.0%, MSE=1.507e-05, K=72.00
  usgs_tnm_contours_large_scale: dense=100.0%, deployment=100.0%, MSE=5.704e-06, K=72.00
  industrial_model_offset_curves: dense=100.0%, deployment=100.0%, MSE=1.339e-06, K=72.00
Epoch 044/96 proposal [=.......................] 1/24 MSE=3.059e-05 pass=100.0% K=72.0 denseK=72.0 countMAE=0.00 lr=group_0:2.0e-04
Epoch 044/96 proposal [==========..............] 10/24 MSE=3.114e-05 pass=100.0% K=72.0 denseK=72.0 countMAE=0.00 lr=group_0:2.0e-04
Epoch 044/96 proposal [====================....] 20/24 MSE=2.862e-05 pass=100.0% K=72.0 denseK=72.0 countMAE=0.00 lr=group_0:2.0e-04
Epoch 044/96 proposal [========================] 24/24 MSE=2.743e-05 pass=100.0% K=72.0 denseK=72.0 countMAE=0.00 lr=group_0:2.0e-04
  validation [==......................] 1/9 
  validation [========================] 9/9 
Epoch 044 phase=proposal lr=group_0:2.0e-04 val dense=89.3% deployment=89.3% worst-source=85.5% qualification=0.0% MSE=3.083e-05 K=72.00 mass=29.64 beta=0.36 soft_cost=1.1479 selection_score=-1.1479 complexity=0.00->0.00 safety=0+0.00sigma scale=1.00->1.00 pass_reference_only=0.0%
  Proposal train geometry: coverage_MAE=3.6409e-03, ordered_assignment_MAE=3.6413e-03, matched_K=38.62, R@.005/.01/.02=0.710/1.000/1.000, parameter_bias=8.031e-03
  Synthetic K=56: n=44, dense=0.0%, deployment=0.0%
  Synthetic K>=45: n=146, dense=60.3%, deployment=60.3%, MSE=9.994e-05, K=72.00
  Synthetic: dense=85.5%, deployment=85.5%, MSE=4.099e-05, K=72.00, targetK=34.78, count_MAE=37.22, bias=+37.22, knot_F1@0.01=0.651, param_RMSE=2.067e-02
  uji_pen_characters_v2: dense=100.0%, deployment=100.0%, MSE=1.435e-06, K=72.00
  natural_earth_10m_coastline: dense=95.0%, deployment=95.0%, MSE=1.410e-05, K=72.00
  usgs_tnm_contours_large_scale: dense=100.0%, deployment=100.0%, MSE=5.039e-06, K=72.00
  industrial_model_offset_curves: dense=100.0%, deployment=100.0%, MSE=1.149e-06, K=72.00
Epoch 045/96 proposal [=.......................] 1/24 MSE=3.490e-05 pass=100.0% K=72.0 denseK=72.0 countMAE=0.00 lr=group_0:2.0e-04
Epoch 045/96 proposal [==========..............] 10/24 MSE=2.640e-05 pass=100.0% K=72.0 denseK=72.0 countMAE=0.00 lr=group_0:2.0e-04
Epoch 045/96 proposal [====================....] 20/24 MSE=2.635e-05 pass=100.0% K=72.0 denseK=72.0 countMAE=0.00 lr=group_0:2.0e-04
Epoch 045/96 proposal [========================] 24/24 MSE=2.859e-05 pass=100.0% K=72.0 denseK=72.0 countMAE=0.00 lr=group_0:2.0e-04
  validation [==......................] 1/9 
  validation [========================] 9/9 
Epoch 045 phase=proposal lr=group_0:2.0e-04 val dense=89.3% deployment=89.3% worst-source=85.5% qualification=0.0% MSE=3.059e-05 K=72.00 mass=29.67 beta=0.36 soft_cost=1.1453 selection_score=-1.1453 complexity=0.00->0.00 safety=0+0.00sigma scale=1.00->1.00 pass_reference_only=0.0%
  Proposal train geometry: coverage_MAE=3.6395e-03, ordered_assignment_MAE=3.6398e-03, matched_K=38.62, R@.005/.01/.02=0.711/1.000/1.000, parameter_bias=8.042e-03
  Synthetic K=56: n=44, dense=0.0%, deployment=0.0%
  Synthetic K>=45: n=146, dense=60.3%, deployment=60.3%, MSE=9.901e-05, K=72.00
  Synthetic: dense=85.5%, deployment=85.5%, MSE=4.058e-05, K=72.00, targetK=34.78, count_MAE=37.22, bias=+37.22, knot_F1@0.01=0.651, param_RMSE=2.057e-02
  uji_pen_characters_v2: dense=100.0%, deployment=100.0%, MSE=1.530e-06, K=72.00
  natural_earth_10m_coastline: dense=95.0%, deployment=95.0%, MSE=1.441e-05, K=72.00
  usgs_tnm_contours_large_scale: dense=100.0%, deployment=100.0%, MSE=5.350e-06, K=72.00
  industrial_model_offset_curves: dense=100.0%, deployment=100.0%, MSE=1.216e-06, K=72.00
Epoch 046/96 proposal [=.......................] 1/24 MSE=3.148e-05 pass=100.0% K=72.0 denseK=72.0 countMAE=0.00 lr=group_0:2.0e-04
Epoch 046/96 proposal [==========..............] 10/24 MSE=3.049e-05 pass=100.0% K=72.0 denseK=72.0 countMAE=0.00 lr=group_0:2.0e-04
Epoch 046/96 proposal [====================....] 20/24 MSE=3.107e-05 pass=100.0% K=72.0 denseK=72.0 countMAE=0.00 lr=group_0:2.0e-04
Epoch 046/96 proposal [========================] 24/24 MSE=2.835e-05 pass=100.0% K=72.0 denseK=72.0 countMAE=0.00 lr=group_0:2.0e-04
  validation [==......................] 1/9 
  validation [========================] 9/9 
Epoch 046 phase=proposal lr=group_0:2.0e-04 val dense=89.3% deployment=89.3% worst-source=85.5% qualification=0.0% MSE=2.964e-05 K=72.00 mass=29.67 beta=0.36 soft_cost=1.1421 selection_score=-1.1421 complexity=0.00->0.00 safety=0+0.00sigma scale=1.00->1.00 pass_reference_only=0.0%
  Proposal train geometry: coverage_MAE=3.6326e-03, ordered_assignment_MAE=3.6329e-03, matched_K=38.62, R@.005/.01/.02=0.711/1.000/1.000, parameter_bias=8.000e-03
  Synthetic K=56: n=44, dense=0.0%, deployment=0.0%
  Synthetic K>=45: n=146, dense=60.3%, deployment=60.3%, MSE=9.566e-05, K=72.00
  Synthetic: dense=85.5%, deployment=85.5%, MSE=3.935e-05, K=72.00, targetK=34.78, count_MAE=37.22, bias=+37.22, knot_F1@0.01=0.651, param_RMSE=2.079e-02
  uji_pen_characters_v2: dense=100.0%, deployment=100.0%, MSE=1.482e-06, K=72.00
  natural_earth_10m_coastline: dense=95.0%, deployment=95.0%, MSE=1.393e-05, K=72.00
  usgs_tnm_contours_large_scale: dense=100.0%, deployment=100.0%, MSE=5.009e-06, K=72.00
  industrial_model_offset_curves: dense=100.0%, deployment=100.0%, MSE=1.087e-06, K=72.00
Epoch 047/96 proposal [=.......................] 1/24 MSE=2.933e-05 pass=100.0% K=72.0 denseK=72.0 countMAE=0.00 lr=group_0:2.0e-04
Epoch 047/96 proposal [==========..............] 10/24 MSE=2.940e-05 pass=100.0% K=72.0 denseK=72.0 countMAE=0.00 lr=group_0:2.0e-04
Epoch 047/96 proposal [====================....] 20/24 MSE=2.950e-05 pass=100.0% K=72.0 denseK=72.0 countMAE=0.00 lr=group_0:2.0e-04
Epoch 047/96 proposal [========================] 24/24 MSE=2.510e-05 pass=100.0% K=72.0 denseK=72.0 countMAE=0.00 lr=group_0:2.0e-04
  validation [==......................] 1/9 
  validation [========================] 9/9 
Epoch 047 phase=proposal lr=group_0:2.0e-04 val dense=89.6% deployment=89.6% worst-source=86.0% qualification=2.3% MSE=3.073e-05 K=72.00 mass=29.68 beta=0.35 soft_cost=1.1425 selection_score=-1.1425 complexity=0.00->0.00 safety=0+0.00sigma scale=1.00->1.00 pass_reference_only=2.3%
  Proposal train geometry: coverage_MAE=3.6248e-03, ordered_assignment_MAE=3.6252e-03, matched_K=38.62, R@.005/.01/.02=0.712/1.000/1.000, parameter_bias=7.972e-03
  Synthetic K=56: n=44, dense=2.3%, deployment=2.3%
  Synthetic K>=45: n=146, dense=61.6%, deployment=61.6%, MSE=9.947e-05, K=72.00
  Synthetic: dense=86.0%, deployment=86.0%, MSE=4.068e-05, K=72.00, targetK=34.78, count_MAE=37.22, bias=+37.22, knot_F1@0.01=0.651, param_RMSE=2.054e-02
  uji_pen_characters_v2: dense=100.0%, deployment=100.0%, MSE=1.671e-06, K=72.00
  natural_earth_10m_coastline: dense=95.0%, deployment=95.0%, MSE=1.481e-05, K=72.00
  usgs_tnm_contours_large_scale: dense=100.0%, deployment=100.0%, MSE=5.596e-06, K=72.00
  industrial_model_offset_curves: dense=100.0%, deployment=100.0%, MSE=1.355e-06, K=72.00
Epoch 048/96 proposal [=.......................] 1/24 MSE=2.936e-05 pass=100.0% K=72.0 denseK=72.0 countMAE=0.00 lr=group_0:2.0e-04
Epoch 048/96 proposal [==========..............] 10/24 MSE=3.190e-05 pass=100.0% K=72.0 denseK=72.0 countMAE=0.00 lr=group_0:2.0e-04
Epoch 048/96 proposal [====================....] 20/24 MSE=2.833e-05 pass=100.0% K=72.0 denseK=72.0 countMAE=0.00 lr=group_0:2.0e-04
Epoch 048/96 proposal [========================] 24/24 MSE=2.729e-05 pass=100.0% K=72.0 denseK=72.0 countMAE=0.00 lr=group_0:2.0e-04
  validation [==......................] 1/9 
  validation [========================] 9/9 
Epoch 048 phase=proposal lr=group_0:2.0e-04 val dense=89.5% deployment=89.5% worst-source=85.8% qualification=2.3% MSE=2.960e-05 K=72.00 mass=29.72 beta=0.35 soft_cost=1.1397 selection_score=-1.1397 complexity=0.00->0.00 safety=0+0.00sigma scale=1.00->1.00 pass_reference_only=2.3%
  Proposal train geometry: coverage_MAE=3.6164e-03, ordered_assignment_MAE=3.6167e-03, matched_K=38.62, R@.005/.01/.02=0.714/1.000/1.000, parameter_bias=8.000e-03
  Synthetic K=56: n=44, dense=2.3%, deployment=2.3%
  Synthetic K>=45: n=146, dense=61.0%, deployment=61.0%, MSE=9.539e-05, K=72.00
  Synthetic: dense=85.8%, deployment=85.8%, MSE=3.911e-05, K=72.00, targetK=34.78, count_MAE=37.22, bias=+37.22, knot_F1@0.01=0.651, param_RMSE=2.052e-02
  uji_pen_characters_v2: dense=100.0%, deployment=100.0%, MSE=1.754e-06, K=72.00
  natural_earth_10m_coastline: dense=95.0%, deployment=95.0%, MSE=1.467e-05, K=72.00
  usgs_tnm_contours_large_scale: dense=100.0%, deployment=100.0%, MSE=5.553e-06, K=72.00
  industrial_model_offset_curves: dense=100.0%, deployment=100.0%, MSE=1.340e-06, K=72.00
Epoch 049/96 proposal [=.......................] 1/24 MSE=3.012e-05 pass=100.0% K=72.0 denseK=72.0 countMAE=0.00 lr=group_0:2.0e-04
Epoch 049/96 proposal [==========..............] 10/24 MSE=2.557e-05 pass=100.0% K=72.0 denseK=72.0 countMAE=0.00 lr=group_0:2.0e-04
Epoch 049/96 proposal [====================....] 20/24 MSE=2.694e-05 pass=100.0% K=72.0 denseK=72.0 countMAE=0.00 lr=group_0:2.0e-04
Epoch 049/96 proposal [========================] 24/24 MSE=2.909e-05 pass=100.0% K=72.0 denseK=72.0 countMAE=0.00 lr=group_0:2.0e-04
  validation [==......................] 1/9 
  validation [========================] 9/9 
Epoch 049 phase=proposal lr=group_0:2.0e-04 val dense=89.5% deployment=89.5% worst-source=85.8% qualification=2.3% MSE=3.021e-05 K=72.00 mass=29.71 beta=0.35 soft_cost=1.1432 selection_score=-1.1432 complexity=0.00->0.00 safety=0+0.00sigma scale=1.00->1.00 pass_reference_only=2.3%
  Proposal train geometry: coverage_MAE=3.6061e-03, ordered_assignment_MAE=3.6063e-03, matched_K=38.62, R@.005/.01/.02=0.715/1.000/1.000, parameter_bias=7.963e-03
  Synthetic K=56: n=44, dense=2.3%, deployment=2.3%
  Synthetic K>=45: n=146, dense=61.0%, deployment=61.0%, MSE=9.804e-05, K=72.00
  Synthetic: dense=85.8%, deployment=85.8%, MSE=4.004e-05, K=72.00, targetK=34.78, count_MAE=37.22, bias=+37.22, knot_F1@0.01=0.651, param_RMSE=2.068e-02
  uji_pen_characters_v2: dense=100.0%, deployment=100.0%, MSE=1.527e-06, K=72.00
  natural_earth_10m_coastline: dense=95.0%, deployment=95.0%, MSE=1.453e-05, K=72.00
  usgs_tnm_contours_large_scale: dense=100.0%, deployment=100.0%, MSE=5.206e-06, K=72.00
  industrial_model_offset_curves: dense=100.0%, deployment=100.0%, MSE=1.221e-06, K=72.00
Epoch 050/96 proposal [=.......................] 1/24 MSE=2.567e-05 pass=100.0% K=72.0 denseK=72.0 countMAE=0.00 lr=group_0:2.0e-04
Epoch 050/96 proposal [==========..............] 10/24 MSE=2.322e-05 pass=100.0% K=72.0 denseK=72.0 countMAE=0.00 lr=group_0:2.0e-04
Epoch 050/96 proposal [====================....] 20/24 MSE=3.147e-05 pass=100.0% K=72.0 denseK=72.0 countMAE=0.00 lr=group_0:2.0e-04
Epoch 050/96 proposal [========================] 24/24 MSE=2.944e-05 pass=100.0% K=72.0 denseK=72.0 countMAE=0.00 lr=group_0:2.0e-04
  validation [==......................] 1/9 
  validation [========================] 9/9 
Epoch 050 phase=proposal lr=group_0:2.0e-04 val dense=89.3% deployment=89.3% worst-source=85.5% qualification=0.0% MSE=3.115e-05 K=72.00 mass=29.74 beta=0.35 soft_cost=1.1488 selection_score=-1.1488 complexity=0.00->0.00 safety=0+0.00sigma scale=1.00->1.00 pass_reference_only=0.0%
  Proposal train geometry: coverage_MAE=3.6015e-03, ordered_assignment_MAE=3.6018e-03, matched_K=38.62, R@.005/.01/.02=0.717/1.000/1.000, parameter_bias=7.982e-03
  Synthetic K=56: n=44, dense=0.0%, deployment=0.0%
  Synthetic K>=45: n=146, dense=60.3%, deployment=60.3%, MSE=1.014e-04, K=72.00
  Synthetic: dense=85.5%, deployment=85.5%, MSE=4.133e-05, K=72.00, targetK=34.78, count_MAE=37.22, bias=+37.22, knot_F1@0.01=0.651, param_RMSE=2.051e-02
  uji_pen_characters_v2: dense=100.0%, deployment=100.0%, MSE=1.600e-06, K=72.00
  natural_earth_10m_coastline: dense=95.0%, deployment=95.0%, MSE=1.436e-05, K=72.00
  usgs_tnm_contours_large_scale: dense=100.0%, deployment=100.0%, MSE=5.474e-06, K=72.00
  industrial_model_offset_curves: dense=100.0%, deployment=100.0%, MSE=1.318e-06, K=72.00
Epoch 051/96 proposal [=.......................] 1/24 MSE=2.650e-05 pass=100.0% K=72.0 denseK=72.0 countMAE=0.00 lr=group_0:2.0e-04
Epoch 051/96 proposal [==========..............] 10/24 MSE=3.387e-05 pass=98.4% K=72.0 denseK=72.0 countMAE=0.00 lr=group_0:2.0e-04
Epoch 051/96 proposal [====================....] 20/24 MSE=3.289e-05 pass=100.0% K=72.0 denseK=72.0 countMAE=0.00 lr=group_0:2.0e-04
Epoch 051/96 proposal [========================] 24/24 MSE=2.516e-05 pass=100.0% K=72.0 denseK=72.0 countMAE=0.00 lr=group_0:2.0e-04
  validation [==......................] 1/9 
  validation [========================] 9/9 
Epoch 051 phase=proposal lr=group_0:2.0e-04 val dense=88.9% deployment=88.9% worst-source=85.0% qualification=0.0% MSE=3.118e-05 K=72.00 mass=29.70 beta=0.35 soft_cost=1.1525 selection_score=-1.1525 complexity=0.00->0.00 safety=0+0.00sigma scale=1.00->1.00 pass_reference_only=0.0%
  Proposal train geometry: coverage_MAE=3.5931e-03, ordered_assignment_MAE=3.5934e-03, matched_K=38.62, R@.005/.01/.02=0.720/0.999/1.000, parameter_bias=7.921e-03
  Synthetic K=56: n=44, dense=0.0%, deployment=0.0%
  Synthetic K>=45: n=146, dense=58.9%, deployment=58.9%, MSE=1.014e-04, K=72.00
  Synthetic: dense=85.0%, deployment=85.0%, MSE=4.135e-05, K=72.00, targetK=34.78, count_MAE=37.22, bias=+37.22, knot_F1@0.01=0.651, param_RMSE=2.052e-02
  uji_pen_characters_v2: dense=100.0%, deployment=100.0%, MSE=1.630e-06, K=72.00
  natural_earth_10m_coastline: dense=95.0%, deployment=95.0%, MSE=1.444e-05, K=72.00
  usgs_tnm_contours_large_scale: dense=100.0%, deployment=100.0%, MSE=5.523e-06, K=72.00
  industrial_model_offset_curves: dense=100.0%, deployment=100.0%, MSE=1.366e-06, K=72.00
Epoch 052/96 proposal [=.......................] 1/24 MSE=2.445e-05 pass=100.0% K=72.0 denseK=72.0 countMAE=0.00 lr=group_0:2.0e-04
Epoch 052/96 proposal [==========..............] 10/24 MSE=2.431e-05 pass=100.0% K=72.0 denseK=72.0 countMAE=0.00 lr=group_0:2.0e-04
Epoch 052/96 proposal [====================....] 20/24 MSE=2.676e-05 pass=100.0% K=72.0 denseK=72.0 countMAE=0.00 lr=group_0:2.0e-04
Epoch 052/96 proposal [========================] 24/24 MSE=2.435e-05 pass=100.0% K=72.0 denseK=72.0 countMAE=0.00 lr=group_0:2.0e-04
  validation [==......................] 1/9 
  validation [========================] 9/9 
Epoch 052 phase=proposal lr=group_0:2.0e-04 val dense=89.1% deployment=89.1% worst-source=85.2% qualification=0.0% MSE=3.117e-05 K=72.00 mass=29.73 beta=0.35 soft_cost=1.1505 selection_score=-1.1505 complexity=0.00->0.00 safety=0+0.00sigma scale=1.00->1.00 pass_reference_only=0.0%
  Proposal train geometry: coverage_MAE=3.5898e-03, ordered_assignment_MAE=3.5899e-03, matched_K=38.62, R@.005/.01/.02=0.721/0.999/1.000, parameter_bias=7.891e-03
  Synthetic K=56: n=44, dense=0.0%, deployment=0.0%
  Synthetic K>=45: n=146, dense=59.6%, deployment=59.6%, MSE=1.014e-04, K=72.00
  Synthetic: dense=85.2%, deployment=85.2%, MSE=4.138e-05, K=72.00, targetK=34.78, count_MAE=37.22, bias=+37.22, knot_F1@0.01=0.651, param_RMSE=2.046e-02
  uji_pen_characters_v2: dense=100.0%, deployment=100.0%, MSE=1.505e-06, K=72.00
  natural_earth_10m_coastline: dense=95.0%, deployment=95.0%, MSE=1.459e-05, K=72.00
  usgs_tnm_contours_large_scale: dense=100.0%, deployment=100.0%, MSE=5.212e-06, K=72.00
  industrial_model_offset_curves: dense=100.0%, deployment=100.0%, MSE=1.308e-06, K=72.00
Epoch 053/96 proposal [=.......................] 1/24 MSE=2.426e-05 pass=100.0% K=72.0 denseK=72.0 countMAE=0.00 lr=group_0:2.0e-04
Epoch 053/96 proposal [==========..............] 10/24 MSE=3.030e-05 pass=100.0% K=72.0 denseK=72.0 countMAE=0.00 lr=group_0:2.0e-04
Epoch 053/96 proposal [====================....] 20/24 MSE=2.494e-05 pass=100.0% K=72.0 denseK=72.0 countMAE=0.00 lr=group_0:2.0e-04
Epoch 053/96 proposal [========================] 24/24 MSE=2.937e-05 pass=100.0% K=72.0 denseK=72.0 countMAE=0.00 lr=group_0:2.0e-04
  validation [==......................] 1/9 
  validation [========================] 9/9 
Epoch 053 phase=proposal lr=group_0:2.0e-04 val dense=89.5% deployment=89.5% worst-source=85.8% qualification=0.0% MSE=3.092e-05 K=72.00 mass=29.69 beta=0.35 soft_cost=1.1462 selection_score=-1.1462 complexity=0.00->0.00 safety=0+0.00sigma scale=1.00->1.00 pass_reference_only=0.0%
  Proposal train geometry: coverage_MAE=3.5851e-03, ordered_assignment_MAE=3.5853e-03, matched_K=38.62, R@.005/.01/.02=0.721/1.000/1.000, parameter_bias=7.922e-03
  Synthetic K=56: n=44, dense=0.0%, deployment=0.0%
  Synthetic K>=45: n=146, dense=61.0%, deployment=61.0%, MSE=1.009e-04, K=72.00
  Synthetic: dense=85.8%, deployment=85.8%, MSE=4.111e-05, K=72.00, targetK=34.78, count_MAE=37.22, bias=+37.22, knot_F1@0.01=0.651, param_RMSE=2.061e-02
  uji_pen_characters_v2: dense=100.0%, deployment=100.0%, MSE=1.432e-06, K=72.00
  natural_earth_10m_coastline: dense=95.0%, deployment=95.0%, MSE=1.397e-05, K=72.00
  usgs_tnm_contours_large_scale: dense=100.0%, deployment=100.0%, MSE=5.049e-06, K=72.00
  industrial_model_offset_curves: dense=100.0%, deployment=100.0%, MSE=1.270e-06, K=72.00
Epoch 054/96 proposal [=.......................] 1/24 MSE=2.791e-05 pass=100.0% K=72.0 denseK=72.0 countMAE=0.00 lr=group_0:2.0e-04
Epoch 054/96 proposal [==========..............] 10/24 MSE=2.629e-05 pass=100.0% K=72.0 denseK=72.0 countMAE=0.00 lr=group_0:2.0e-04
Epoch 054/96 proposal [====================....] 20/24 MSE=2.363e-05 pass=100.0% K=72.0 denseK=72.0 countMAE=0.00 lr=group_0:2.0e-04
Epoch 054/96 proposal [========================] 24/24 MSE=2.649e-05 pass=100.0% K=72.0 denseK=72.0 countMAE=0.00 lr=group_0:2.0e-04
  validation [==......................] 1/9 
  validation [========================] 9/9 
Epoch 054 phase=proposal lr=group_0:2.0e-04 val dense=90.0% deployment=90.0% worst-source=86.5% qualification=2.3% MSE=3.066e-05 K=72.00 mass=29.64 beta=0.36 soft_cost=1.1397 selection_score=-1.1397 complexity=0.00->0.00 safety=0+0.00sigma scale=1.00->1.00 pass_reference_only=2.3%
  Proposal train geometry: coverage_MAE=3.5740e-03, ordered_assignment_MAE=3.5743e-03, matched_K=38.62, R@.005/.01/.02=0.723/0.999/1.000, parameter_bias=7.866e-03
  Synthetic K=56: n=44, dense=2.3%, deployment=2.3%
  Synthetic K>=45: n=146, dense=63.0%, deployment=63.0%, MSE=9.941e-05, K=72.00
  Synthetic: dense=86.5%, deployment=86.5%, MSE=4.057e-05, K=72.00, targetK=34.78, count_MAE=37.22, bias=+37.22, knot_F1@0.01=0.651, param_RMSE=2.057e-02
  uji_pen_characters_v2: dense=100.0%, deployment=100.0%, MSE=1.579e-06, K=72.00
  natural_earth_10m_coastline: dense=95.0%, deployment=95.0%, MSE=1.480e-05, K=72.00
  usgs_tnm_contours_large_scale: dense=100.0%, deployment=100.0%, MSE=5.640e-06, K=72.00
  industrial_model_offset_curves: dense=100.0%, deployment=100.0%, MSE=1.465e-06, K=72.00
Epoch 055/96 proposal [=.......................] 1/24 MSE=3.155e-05 pass=98.4% K=72.0 denseK=72.0 countMAE=0.00 lr=group_0:2.0e-04
Epoch 055/96 proposal [==========..............] 10/24 MSE=2.500e-05 pass=100.0% K=72.0 denseK=72.0 countMAE=0.00 lr=group_0:2.0e-04
Epoch 055/96 proposal [====================....] 20/24 MSE=2.592e-05 pass=100.0% K=72.0 denseK=72.0 countMAE=0.00 lr=group_0:2.0e-04
Epoch 055/96 proposal [========================] 24/24 MSE=2.252e-05 pass=100.0% K=72.0 denseK=72.0 countMAE=0.00 lr=group_0:2.0e-04
  validation [==......................] 1/9 
  validation [========================] 9/9 
Epoch 055 phase=proposal lr=group_0:2.0e-04 val dense=89.6% deployment=89.6% worst-source=86.0% qualification=2.3% MSE=3.066e-05 K=72.00 mass=29.68 beta=0.35 soft_cost=1.1439 selection_score=-1.1439 complexity=0.00->0.00 safety=0+0.00sigma scale=1.00->1.00 pass_reference_only=2.3%
  Proposal train geometry: coverage_MAE=3.5777e-03, ordered_assignment_MAE=3.5780e-03, matched_K=38.62, R@.005/.01/.02=0.722/1.000/1.000, parameter_bias=7.919e-03
  Synthetic K=56: n=44, dense=2.3%, deployment=2.3%
  Synthetic K>=45: n=146, dense=61.6%, deployment=61.6%, MSE=9.998e-05, K=72.00
  Synthetic: dense=86.0%, deployment=86.0%, MSE=4.074e-05, K=72.00, targetK=34.78, count_MAE=37.22, bias=+37.22, knot_F1@0.01=0.651, param_RMSE=2.043e-02
  uji_pen_characters_v2: dense=100.0%, deployment=100.0%, MSE=1.383e-06, K=72.00
  natural_earth_10m_coastline: dense=95.0%, deployment=95.0%, MSE=1.400e-05, K=72.00
  usgs_tnm_contours_large_scale: dense=100.0%, deployment=100.0%, MSE=5.088e-06, K=72.00
  industrial_model_offset_curves: dense=100.0%, deployment=100.0%, MSE=1.307e-06, K=72.00
Epoch 056/96 proposal [=.......................] 1/24 MSE=2.934e-05 pass=100.0% K=72.0 denseK=72.0 countMAE=0.00 lr=group_0:2.0e-04
Epoch 056/96 proposal [==========..............] 10/24 MSE=2.316e-05 pass=100.0% K=72.0 denseK=72.0 countMAE=0.00 lr=group_0:2.0e-04
Epoch 056/96 proposal [====================....] 20/24 MSE=2.457e-05 pass=100.0% K=72.0 denseK=72.0 countMAE=0.00 lr=group_0:2.0e-04
Epoch 056/96 proposal [========================] 24/24 MSE=2.334e-05 pass=100.0% K=72.0 denseK=72.0 countMAE=0.00 lr=group_0:2.0e-04
  validation [==......................] 1/9 
  validation [========================] 9/9 
Epoch 056 phase=proposal lr=group_0:2.0e-04 val dense=88.9% deployment=88.9% worst-source=85.0% qualification=0.0% MSE=3.113e-05 K=72.00 mass=29.72 beta=0.35 soft_cost=1.1520 selection_score=-1.1520 complexity=0.00->0.00 safety=0+0.00sigma scale=1.00->1.00 pass_reference_only=0.0%
  Proposal train geometry: coverage_MAE=3.5620e-03, ordered_assignment_MAE=3.5623e-03, matched_K=38.62, R@.005/.01/.02=0.726/0.999/1.000, parameter_bias=7.850e-03
  Synthetic K=56: n=44, dense=0.0%, deployment=0.0%
  Synthetic K>=45: n=146, dense=58.9%, deployment=58.9%, MSE=1.007e-04, K=72.00
  Synthetic: dense=85.0%, deployment=85.0%, MSE=4.123e-05, K=72.00, targetK=34.78, count_MAE=37.22, bias=+37.22, knot_F1@0.01=0.651, param_RMSE=2.031e-02
  uji_pen_characters_v2: dense=100.0%, deployment=100.0%, MSE=1.682e-06, K=72.00
  natural_earth_10m_coastline: dense=95.0%, deployment=95.0%, MSE=1.477e-05, K=72.00
  usgs_tnm_contours_large_scale: dense=100.0%, deployment=100.0%, MSE=5.657e-06, K=72.00
  industrial_model_offset_curves: dense=100.0%, deployment=100.0%, MSE=1.441e-06, K=72.00
Epoch 057/96 proposal [=.......................] 1/24 MSE=2.586e-05 pass=100.0% K=72.0 denseK=72.0 countMAE=0.00 lr=group_0:2.0e-04
Epoch 057/96 proposal [==========..............] 10/24 MSE=2.738e-05 pass=100.0% K=72.0 denseK=72.0 countMAE=0.00 lr=group_0:2.0e-04
Epoch 057/96 proposal [====================....] 20/24 MSE=2.694e-05 pass=100.0% K=72.0 denseK=72.0 countMAE=0.00 lr=group_0:2.0e-04
Epoch 057/96 proposal [========================] 24/24 MSE=3.595e-05 pass=100.0% K=72.0 denseK=72.0 countMAE=0.00 lr=group_0:2.0e-04
  validation [==......................] 1/9 
  validation [========================] 9/9 
Epoch 057 phase=proposal lr=group_0:2.0e-04 val dense=89.6% deployment=89.6% worst-source=86.0% qualification=0.0% MSE=3.176e-05 K=72.00 mass=29.64 beta=0.36 soft_cost=1.1483 selection_score=-1.1483 complexity=0.00->0.00 safety=0+0.00sigma scale=1.00->1.00 pass_reference_only=0.0%
  Proposal train geometry: coverage_MAE=3.5699e-03, ordered_assignment_MAE=3.5702e-03, matched_K=38.62, R@.005/.01/.02=0.724/0.999/1.000, parameter_bias=7.830e-03
  Synthetic K=56: n=44, dense=0.0%, deployment=0.0%
  Synthetic K>=45: n=146, dense=61.6%, deployment=61.6%, MSE=1.036e-04, K=72.00
  Synthetic: dense=86.0%, deployment=86.0%, MSE=4.216e-05, K=72.00, targetK=34.78, count_MAE=37.22, bias=+37.22, knot_F1@0.01=0.651, param_RMSE=2.037e-02
  uji_pen_characters_v2: dense=100.0%, deployment=100.0%, MSE=1.577e-06, K=72.00
  natural_earth_10m_coastline: dense=95.0%, deployment=95.0%, MSE=1.446e-05, K=72.00
  usgs_tnm_contours_large_scale: dense=100.0%, deployment=100.0%, MSE=5.403e-06, K=72.00
  industrial_model_offset_curves: dense=100.0%, deployment=100.0%, MSE=1.524e-06, K=72.00
Epoch 058/96 proposal [=.......................] 1/24 MSE=2.487e-05 pass=100.0% K=72.0 denseK=72.0 countMAE=0.00 lr=group_0:2.0e-04
Epoch 058/96 proposal [==========..............] 10/24 MSE=2.995e-05 pass=100.0% K=72.0 denseK=72.0 countMAE=0.00 lr=group_0:2.0e-04
Epoch 058/96 proposal [====================....] 20/24 MSE=2.799e-05 pass=100.0% K=72.0 denseK=72.0 countMAE=0.00 lr=group_0:2.0e-04
Epoch 058/96 proposal [========================] 24/24 MSE=2.070e-05 pass=100.0% K=72.0 denseK=72.0 countMAE=0.00 lr=group_0:2.0e-04
  validation [==......................] 1/9 
  validation [========================] 9/9 
Epoch 058 phase=proposal lr=group_0:2.0e-04 val dense=89.1% deployment=89.1% worst-source=85.2% qualification=0.0% MSE=3.233e-05 K=72.00 mass=29.66 beta=0.36 soft_cost=1.1560 selection_score=-1.1560 complexity=0.00->0.00 safety=0+0.00sigma scale=1.00->1.00 pass_reference_only=0.0%
  Proposal train geometry: coverage_MAE=3.5567e-03, ordered_assignment_MAE=3.5570e-03, matched_K=38.62, R@.005/.01/.02=0.726/0.999/1.000, parameter_bias=7.842e-03
  Synthetic K=56: n=44, dense=0.0%, deployment=0.0%
  Synthetic K>=45: n=146, dense=59.6%, deployment=59.6%, MSE=1.060e-04, K=72.00
  Synthetic: dense=85.2%, deployment=85.2%, MSE=4.314e-05, K=72.00, targetK=34.78, count_MAE=37.22, bias=+37.22, knot_F1@0.01=0.651, param_RMSE=2.042e-02
  uji_pen_characters_v2: dense=100.0%, deployment=100.0%, MSE=1.320e-06, K=72.00
  natural_earth_10m_coastline: dense=95.0%, deployment=95.0%, MSE=1.379e-05, K=72.00
  usgs_tnm_contours_large_scale: dense=100.0%, deployment=100.0%, MSE=4.832e-06, K=72.00
  industrial_model_offset_curves: dense=100.0%, deployment=100.0%, MSE=1.234e-06, K=72.00
Epoch 059/96 proposal [=.......................] 1/24 MSE=2.932e-05 pass=98.4% K=72.0 denseK=72.0 countMAE=0.00 lr=group_0:2.0e-04
Epoch 059/96 proposal [==========..............] 10/24 MSE=2.272e-05 pass=100.0% K=72.0 denseK=72.0 countMAE=0.00 lr=group_0:2.0e-04
Epoch 059/96 proposal [====================....] 20/24 MSE=2.604e-05 pass=100.0% K=72.0 denseK=72.0 countMAE=0.00 lr=group_0:2.0e-04
Epoch 059/96 proposal [========================] 24/24 MSE=3.158e-05 pass=100.0% K=72.0 denseK=72.0 countMAE=0.00 lr=group_0:2.0e-04
  validation [==......................] 1/9 
  validation [========================] 9/9 
Epoch 059 phase=proposal lr=group_0:2.0e-04 val dense=89.6% deployment=89.6% worst-source=86.0% qualification=2.3% MSE=3.016e-05 K=72.00 mass=29.64 beta=0.36 soft_cost=1.1395 selection_score=-1.1395 complexity=0.00->0.00 safety=0+0.00sigma scale=1.00->1.00 pass_reference_only=2.3%
  Proposal train geometry: coverage_MAE=3.5514e-03, ordered_assignment_MAE=3.5517e-03, matched_K=38.62, R@.005/.01/.02=0.726/0.999/1.000, parameter_bias=7.830e-03
  Synthetic K=56: n=44, dense=2.3%, deployment=2.3%
  Synthetic K>=45: n=146, dense=61.6%, deployment=61.6%, MSE=9.692e-05, K=72.00
  Synthetic: dense=86.0%, deployment=86.0%, MSE=3.982e-05, K=72.00, targetK=34.78, count_MAE=37.22, bias=+37.22, knot_F1@0.01=0.651, param_RMSE=2.029e-02
  uji_pen_characters_v2: dense=100.0%, deployment=100.0%, MSE=1.846e-06, K=72.00
  natural_earth_10m_coastline: dense=95.0%, deployment=95.0%, MSE=1.490e-05, K=72.00
  usgs_tnm_contours_large_scale: dense=100.0%, deployment=100.0%, MSE=5.785e-06, K=72.00
  industrial_model_offset_curves: dense=100.0%, deployment=100.0%, MSE=1.499e-06, K=72.00
Epoch 060/96 proposal [=.......................] 1/24 MSE=2.999e-05 pass=100.0% K=72.0 denseK=72.0 countMAE=0.00 lr=group_0:2.0e-04
Epoch 060/96 proposal [==========..............] 10/24 MSE=2.503e-05 pass=100.0% K=72.0 denseK=72.0 countMAE=0.00 lr=group_0:2.0e-04
Epoch 060/96 proposal [====================....] 20/24 MSE=2.519e-05 pass=100.0% K=72.0 denseK=72.0 countMAE=0.00 lr=group_0:2.0e-04
Epoch 060/96 proposal [========================] 24/24 MSE=2.462e-05 pass=100.0% K=72.0 denseK=72.0 countMAE=0.00 lr=group_0:2.0e-04
  validation [==......................] 1/9 
  validation [========================] 9/9 
Epoch 060 phase=proposal lr=group_0:2.0e-04 val dense=89.5% deployment=89.5% worst-source=85.8% qualification=0.0% MSE=3.111e-05 K=72.00 mass=29.68 beta=0.35 soft_cost=1.1466 selection_score=-1.1466 complexity=0.00->0.00 safety=0+0.00sigma scale=1.00->1.00 pass_reference_only=0.0%
  Proposal train geometry: coverage_MAE=3.5508e-03, ordered_assignment_MAE=3.5510e-03, matched_K=38.62, R@.005/.01/.02=0.727/0.999/1.000, parameter_bias=7.815e-03
  Synthetic K=56: n=44, dense=0.0%, deployment=0.0%
  Synthetic K>=45: n=146, dense=61.0%, deployment=61.0%, MSE=1.011e-04, K=72.00
  Synthetic: dense=85.8%, deployment=85.8%, MSE=4.121e-05, K=72.00, targetK=34.78, count_MAE=37.22, bias=+37.22, knot_F1@0.01=0.651, param_RMSE=2.030e-02
  uji_pen_characters_v2: dense=100.0%, deployment=100.0%, MSE=1.684e-06, K=72.00
  natural_earth_10m_coastline: dense=95.0%, deployment=95.0%, MSE=1.479e-05, K=72.00
  usgs_tnm_contours_large_scale: dense=100.0%, deployment=100.0%, MSE=5.578e-06, K=72.00
  industrial_model_offset_curves: dense=100.0%, deployment=100.0%, MSE=1.427e-06, K=72.00
Epoch 061/96 proposal [=.......................] 1/24 MSE=2.324e-05 pass=100.0% K=72.0 denseK=72.0 countMAE=0.00 lr=group_0:2.0e-04
Epoch 061/96 proposal [==========..............] 10/24 MSE=2.536e-05 pass=100.0% K=72.0 denseK=72.0 countMAE=0.00 lr=group_0:2.0e-04
Epoch 061/96 proposal [====================....] 20/24 MSE=2.235e-05 pass=100.0% K=72.0 denseK=72.0 countMAE=0.00 lr=group_0:2.0e-04
Epoch 061/96 proposal [========================] 24/24 MSE=2.882e-05 pass=100.0% K=72.0 denseK=72.0 countMAE=0.00 lr=group_0:2.0e-04
  validation [==......................] 1/9 
  validation [========================] 9/9 
Epoch 061 phase=proposal lr=group_0:2.0e-04 val dense=88.9% deployment=88.9% worst-source=85.0% qualification=0.0% MSE=3.186e-05 K=72.00 mass=29.72 beta=0.35 soft_cost=1.1563 selection_score=-1.1563 complexity=0.00->0.00 safety=0+0.00sigma scale=1.00->1.00 pass_reference_only=0.0%
  Proposal train geometry: coverage_MAE=3.5325e-03, ordered_assignment_MAE=3.5328e-03, matched_K=38.62, R@.005/.01/.02=0.730/0.999/1.000, parameter_bias=7.834e-03
  Synthetic K=56: n=44, dense=0.0%, deployment=0.0%
  Synthetic K>=45: n=146, dense=58.9%, deployment=58.9%, MSE=1.041e-04, K=72.00
  Synthetic: dense=85.0%, deployment=85.0%, MSE=4.233e-05, K=72.00, targetK=34.78, count_MAE=37.22, bias=+37.22, knot_F1@0.01=0.651, param_RMSE=2.028e-02
  uji_pen_characters_v2: dense=100.0%, deployment=100.0%, MSE=1.576e-06, K=72.00
  natural_earth_10m_coastline: dense=95.0%, deployment=95.0%, MSE=1.440e-05, K=72.00
  usgs_tnm_contours_large_scale: dense=100.0%, deployment=100.0%, MSE=5.360e-06, K=72.00
  industrial_model_offset_curves: dense=100.0%, deployment=100.0%, MSE=1.370e-06, K=72.00
Epoch 062/96 proposal [=.......................] 1/24 MSE=2.569e-05 pass=100.0% K=72.0 denseK=72.0 countMAE=0.00 lr=group_0:2.0e-04
Epoch 062/96 proposal [==========..............] 10/24 MSE=2.838e-05 pass=100.0% K=72.0 denseK=72.0 countMAE=0.00 lr=group_0:2.0e-04
Epoch 062/96 proposal [====================....] 20/24 MSE=3.177e-05 pass=100.0% K=72.0 denseK=72.0 countMAE=0.00 lr=group_0:2.0e-04
Epoch 062/96 proposal [========================] 24/24 MSE=2.513e-05 pass=100.0% K=72.0 denseK=72.0 countMAE=0.00 lr=group_0:2.0e-04
  validation [==......................] 1/9 
  validation [========================] 9/9 
Epoch 062 phase=proposal lr=group_0:2.0e-04 val dense=89.5% deployment=89.5% worst-source=85.8% qualification=0.0% MSE=3.083e-05 K=72.00 mass=29.68 beta=0.35 soft_cost=1.1463 selection_score=-1.1463 complexity=0.00->0.00 safety=0+0.00sigma scale=1.00->1.00 pass_reference_only=0.0%
  Proposal train geometry: coverage_MAE=3.5289e-03, ordered_assignment_MAE=3.5292e-03, matched_K=38.62, R@.005/.01/.02=0.731/1.000/1.000, parameter_bias=7.785e-03
  Synthetic K=56: n=44, dense=0.0%, deployment=0.0%
  Synthetic K>=45: n=146, dense=61.0%, deployment=61.0%, MSE=9.999e-05, K=72.00
  Synthetic: dense=85.8%, deployment=85.8%, MSE=4.086e-05, K=72.00, targetK=34.78, count_MAE=37.22, bias=+37.22, knot_F1@0.01=0.651, param_RMSE=2.034e-02
  uji_pen_characters_v2: dense=100.0%, deployment=100.0%, MSE=1.682e-06, K=72.00
  natural_earth_10m_coastline: dense=95.0%, deployment=95.0%, MSE=1.445e-05, K=72.00
  usgs_tnm_contours_large_scale: dense=100.0%, deployment=100.0%, MSE=5.490e-06, K=72.00
  industrial_model_offset_curves: dense=100.0%, deployment=100.0%, MSE=1.421e-06, K=72.00
Epoch 063/96 proposal [=.......................] 1/24 MSE=2.443e-05 pass=100.0% K=72.0 denseK=72.0 countMAE=0.00 lr=group_0:2.0e-04
Epoch 063/96 proposal [==========..............] 10/24 MSE=2.531e-05 pass=100.0% K=72.0 denseK=72.0 countMAE=0.00 lr=group_0:2.0e-04
Epoch 063/96 proposal [====================....] 20/24 MSE=2.695e-05 pass=100.0% K=72.0 denseK=72.0 countMAE=0.00 lr=group_0:2.0e-04
Epoch 063/96 proposal [========================] 24/24 MSE=3.190e-05 pass=100.0% K=72.0 denseK=72.0 countMAE=0.00 lr=group_0:2.0e-04
  validation [==......................] 1/9 
  validation [========================] 9/9 
Epoch 063 phase=proposal lr=group_0:2.0e-04 val dense=89.5% deployment=89.5% worst-source=85.8% qualification=0.0% MSE=3.106e-05 K=72.00 mass=29.68 beta=0.35 soft_cost=1.1471 selection_score=-1.1471 complexity=0.00->0.00 safety=0+0.00sigma scale=1.00->1.00 pass_reference_only=0.0%
  Proposal train geometry: coverage_MAE=3.5277e-03, ordered_assignment_MAE=3.5280e-03, matched_K=38.62, R@.005/.01/.02=0.731/1.000/1.000, parameter_bias=7.776e-03
  Synthetic K=56: n=44, dense=0.0%, deployment=0.0%
  Synthetic K>=45: n=146, dense=61.0%, deployment=61.0%, MSE=1.012e-04, K=72.00
  Synthetic: dense=85.8%, deployment=85.8%, MSE=4.125e-05, K=72.00, targetK=34.78, count_MAE=37.22, bias=+37.22, knot_F1@0.01=0.651, param_RMSE=2.031e-02
  uji_pen_characters_v2: dense=100.0%, deployment=100.0%, MSE=1.622e-06, K=72.00
  natural_earth_10m_coastline: dense=95.0%, deployment=95.0%, MSE=1.409e-05, K=72.00
  usgs_tnm_contours_large_scale: dense=100.0%, deployment=100.0%, MSE=5.306e-06, K=72.00
  industrial_model_offset_curves: dense=100.0%, deployment=100.0%, MSE=1.394e-06, K=72.00
Epoch 064/96 proposal [=.......................] 1/24 MSE=2.349e-05 pass=100.0% K=72.0 denseK=72.0 countMAE=0.00 lr=group_0:2.0e-04
Epoch 064/96 proposal [==========..............] 10/24 MSE=2.699e-05 pass=100.0% K=72.0 denseK=72.0 countMAE=0.00 lr=group_0:2.0e-04
Epoch 064/96 proposal [====================....] 20/24 MSE=2.838e-05 pass=100.0% K=72.0 denseK=72.0 countMAE=0.00 lr=group_0:2.0e-04
Epoch 064/96 proposal [========================] 24/24 MSE=3.007e-05 pass=100.0% K=72.0 denseK=72.0 countMAE=0.00 lr=group_0:2.0e-04
  validation [==......................] 1/9 
  validation [========================] 9/9 
Epoch 064 phase=proposal lr=group_0:2.0e-04 val dense=89.6% deployment=89.6% worst-source=86.0% qualification=0.0% MSE=3.129e-05 K=72.00 mass=29.66 beta=0.36 soft_cost=1.1466 selection_score=-1.1466 complexity=0.00->0.00 safety=0+0.00sigma scale=1.00->1.00 pass_reference_only=0.0%
  Proposal train geometry: coverage_MAE=3.5205e-03, ordered_assignment_MAE=3.5207e-03, matched_K=38.62, R@.005/.01/.02=0.735/1.000/1.000, parameter_bias=7.770e-03
  Synthetic K=56: n=44, dense=0.0%, deployment=0.0%
  Synthetic K>=45: n=146, dense=61.6%, deployment=61.6%, MSE=1.021e-04, K=72.00
  Synthetic: dense=86.0%, deployment=86.0%, MSE=4.159e-05, K=72.00, targetK=34.78, count_MAE=37.22, bias=+37.22, knot_F1@0.01=0.651, param_RMSE=2.038e-02
  uji_pen_characters_v2: dense=100.0%, deployment=100.0%, MSE=1.455e-06, K=72.00
  natural_earth_10m_coastline: dense=95.0%, deployment=95.0%, MSE=1.423e-05, K=72.00
  usgs_tnm_contours_large_scale: dense=100.0%, deployment=100.0%, MSE=5.125e-06, K=72.00
  industrial_model_offset_curves: dense=100.0%, deployment=100.0%, MSE=1.367e-06, K=72.00
Proposal schedule complete; loading the validation-ranked best dense initializer from epoch 15 (worst-source pass=86.5%, reporting reference=90.0%). Joint training starts unconditionally in selector_warmup.
Building/checking fixed-Proposal feasible-subset labels at /home/feng/HouCode/SplineSurpervisedFitting/outputs/teachers/candidate_selection_v16_mse1e-4_keep_swap_highk72_linux_r1/train.pt; this is offline work, not Joint per-step search.
offline feasible Teacher [........................] 8/1500 
offline feasible Teacher [........................] 16/1500 
offline feasible Teacher [........................] 24/1500 
offline feasible Teacher [........................] 32/1500 
offline feasible Teacher [........................] 40/1500 
offline feasible Teacher [........................] 48/1500 
offline feasible Teacher [........................] 56/1500 
offline feasible Teacher [=.......................] 64/1500 
offline feasible Teacher [=.......................] 72/1500 
offline feasible Teacher [=.......................] 80/1500 
offline feasible Teacher [=.......................] 88/1500 
offline feasible Teacher [=.......................] 96/1500 
offline feasible Teacher [=.......................] 104/1500 
offline feasible Teacher [=.......................] 112/1500 
offline feasible Teacher [=.......................] 120/1500 
offline feasible Teacher [==......................] 128/1500 
offline feasible Teacher [==......................] 136/1500 
offline feasible Teacher [==......................] 144/1500 
offline feasible Teacher [==......................] 152/1500 
offline feasible Teacher [==......................] 160/1500 
offline feasible Teacher [==......................] 168/1500 
offline feasible Teacher [==......................] 176/1500 
offline feasible Teacher [==......................] 184/1500 
offline feasible Teacher [===.....................] 192/1500 
offline feasible Teacher [===.....................] 200/1500 
offline feasible Teacher [===.....................] 208/1500 
offline feasible Teacher [===.....................] 216/1500 
offline feasible Teacher [===.....................] 224/1500 
offline feasible Teacher [===.....................] 232/1500 
offline feasible Teacher [===.....................] 240/1500 
offline feasible Teacher [===.....................] 248/1500 
offline feasible Teacher [====....................] 256/1500 
offline feasible Teacher [====....................] 264/1500 
offline feasible Teacher [====....................] 272/1500 
offline feasible Teacher [====....................] 280/1500 
offline feasible Teacher [====....................] 288/1500 
offline feasible Teacher [====....................] 296/1500 
offline feasible Teacher [====....................] 304/1500 
offline feasible Teacher [====....................] 312/1500 
offline feasible Teacher [=====...................] 320/1500 
offline feasible Teacher [=====...................] 328/1500 
offline feasible Teacher [=====...................] 336/1500 
offline feasible Teacher [=====...................] 344/1500 
offline feasible Teacher [=====...................] 352/1500 
offline feasible Teacher [=====...................] 360/1500 
offline feasible Teacher [=====...................] 368/1500 
offline feasible Teacher [======..................] 376/1500 
offline feasible Teacher [======..................] 384/1500 
offline feasible Teacher [======..................] 392/1500 
offline feasible Teacher [======..................] 400/1500 
offline feasible Teacher [======..................] 408/1500 
offline feasible Teacher [======..................] 416/1500 
offline feasible Teacher [======..................] 424/1500 
offline feasible Teacher [======..................] 432/1500 
offline feasible Teacher [=======.................] 440/1500 
offline feasible Teacher [=======.................] 448/1500 
offline feasible Teacher [=======.................] 456/1500 
offline feasible Teacher [=======.................] 464/1500 
offline feasible Teacher [=======.................] 472/1500 
offline feasible Teacher [=======.................] 480/1500 
offline feasible Teacher [=======.................] 488/1500 
offline feasible Teacher [=======.................] 496/1500 
offline feasible Teacher [========................] 504/1500 
offline feasible Teacher [========................] 512/1500 
offline feasible Teacher [========................] 520/1500 
offline feasible Teacher [========................] 528/1500 
offline feasible Teacher [========................] 536/1500 
offline feasible Teacher [========................] 544/1500 
offline feasible Teacher [========................] 552/1500 
offline feasible Teacher [========................] 560/1500 
offline feasible Teacher [=========...............] 568/1500 
offline feasible Teacher [=========...............] 576/1500 
offline feasible Teacher [=========...............] 584/1500 
offline feasible Teacher [=========...............] 592/1500 
offline feasible Teacher [=========...............] 600/1500 
offline feasible Teacher [=========...............] 608/1500 
offline feasible Teacher [=========...............] 616/1500 
offline feasible Teacher [=========...............] 624/1500 
offline feasible Teacher [==========..............] 632/1500 
offline feasible Teacher [==========..............] 640/1500 
offline feasible Teacher [==========..............] 648/1500 
offline feasible Teacher [==========..............] 656/1500 
offline feasible Teacher [==========..............] 664/1500 
offline feasible Teacher [==========..............] 672/1500 
offline feasible Teacher [==========..............] 680/1500 
offline feasible Teacher [===========.............] 688/1500 
offline feasible Teacher [===========.............] 696/1500 
offline feasible Teacher [===========.............] 704/1500 
offline feasible Teacher [===========.............] 712/1500 
offline feasible Teacher [===========.............] 720/1500 
offline feasible Teacher [===========.............] 728/1500 
offline feasible Teacher [===========.............] 736/1500 
offline feasible Teacher [===========.............] 744/1500 
offline feasible Teacher [============............] 752/1500 
offline feasible Teacher [============............] 760/1500 
offline feasible Teacher [============............] 768/1500 
offline feasible Teacher [============............] 776/1500 
offline feasible Teacher [============............] 784/1500 
offline feasible Teacher [============............] 792/1500 
offline feasible Teacher [============............] 800/1500 
offline feasible Teacher [============............] 808/1500 
offline feasible Teacher [=============...........] 816/1500 
offline feasible Teacher [=============...........] 824/1500 
offline feasible Teacher [=============...........] 832/1500 
offline feasible Teacher [=============...........] 840/1500 
offline feasible Teacher [=============...........] 848/1500 
offline feasible Teacher [=============...........] 856/1500 
offline feasible Teacher [=============...........] 864/1500 
offline feasible Teacher [=============...........] 872/1500 
offline feasible Teacher [==============..........] 880/1500 
offline feasible Teacher [==============..........] 888/1500 
offline feasible Teacher [==============..........] 896/1500 
offline feasible Teacher [==============..........] 904/1500 
offline feasible Teacher [==============..........] 912/1500 
offline feasible Teacher [==============..........] 920/1500 
offline feasible Teacher [==============..........] 928/1500 
offline feasible Teacher [==============..........] 936/1500 
offline feasible Teacher [===============.........] 944/1500 
offline feasible Teacher [===============.........] 952/1500 
offline feasible Teacher [===============.........] 960/1500 
offline feasible Teacher [===============.........] 968/1500 
offline feasible Teacher [===============.........] 976/1500 
offline feasible Teacher [===============.........] 984/1500 
offline feasible Teacher [===============.........] 992/1500 
offline feasible Teacher [================........] 1000/1500 
offline feasible Teacher [================........] 1008/1500 
offline feasible Teacher [================........] 1016/1500 
offline feasible Teacher [================........] 1024/1500 
offline feasible Teacher [================........] 1032/1500 
offline feasible Teacher [================........] 1040/1500 
offline feasible Teacher [================........] 1048/1500 
offline feasible Teacher [================........] 1056/1500 
offline feasible Teacher [=================.......] 1064/1500 
offline feasible Teacher [=================.......] 1072/1500 
offline feasible Teacher [=================.......] 1080/1500 
offline feasible Teacher [=================.......] 1088/1500 
offline feasible Teacher [=================.......] 1096/1500 
offline feasible Teacher [=================.......] 1104/1500 
offline feasible Teacher [=================.......] 1112/1500 
offline feasible Teacher [=================.......] 1120/1500 
offline feasible Teacher [==================......] 1128/1500 
offline feasible Teacher [==================......] 1136/1500 
offline feasible Teacher [==================......] 1144/1500 
offline feasible Teacher [==================......] 1152/1500 
offline feasible Teacher [==================......] 1160/1500 
offline feasible Teacher [==================......] 1168/1500 
offline feasible Teacher [==================......] 1176/1500 
offline feasible Teacher [==================......] 1184/1500 
offline feasible Teacher [===================.....] 1192/1500 
offline feasible Teacher [===================.....] 1200/1500 
offline feasible Teacher [===================.....] 1208/1500 
offline feasible Teacher [===================.....] 1216/1500 
offline feasible Teacher [===================.....] 1224/1500 
offline feasible Teacher [===================.....] 1232/1500 
offline feasible Teacher [===================.....] 1240/1500 
offline feasible Teacher [===================.....] 1248/1500 
offline feasible Teacher [====================....] 1256/1500 
offline feasible Teacher [====================....] 1264/1500 
offline feasible Teacher [====================....] 1272/1500 
offline feasible Teacher [====================....] 1280/1500 
offline feasible Teacher [====================....] 1288/1500 
offline feasible Teacher [====================....] 1296/1500 
offline feasible Teacher [====================....] 1304/1500 
offline feasible Teacher [====================....] 1312/1500 
offline feasible Teacher [=====================...] 1320/1500 
offline feasible Teacher [=====================...] 1328/1500 
offline feasible Teacher [=====================...] 1336/1500 
offline feasible Teacher [=====================...] 1344/1500 
offline feasible Teacher [=====================...] 1352/1500 
offline feasible Teacher [=====================...] 1360/1500 
offline feasible Teacher [=====================...] 1368/1500 
offline feasible Teacher [======================..] 1376/1500 
offline feasible Teacher [======================..] 1384/1500 
offline feasible Teacher [======================..] 1392/1500 
offline feasible Teacher [======================..] 1400/1500 
offline feasible Teacher [======================..] 1408/1500 
offline feasible Teacher [======================..] 1416/1500 
offline feasible Teacher [======================..] 1424/1500 
offline feasible Teacher [======================..] 1432/1500 
offline feasible Teacher [=======================.] 1440/1500 
offline feasible Teacher [=======================.] 1448/1500 
offline feasible Teacher [=======================.] 1456/1500 
offline feasible Teacher [=======================.] 1464/1500 
offline feasible Teacher [=======================.] 1472/1500 
offline feasible Teacher [=======================.] 1480/1500 
offline feasible Teacher [=======================.] 1488/1500 
offline feasible Teacher [=======================.] 1496/1500 
offline feasible Teacher [========================] 1500/1500 
Epoch 065/96 selector_warmup [=.......................] 1/24 MSE=3.082e-03 pass=1.6% K=30.0 feasibleK=48.4 countMAE=21.00 lr=proposal:0.0e+00/parameter:0.0e+00/selector:2.0e-04/decoder:5.0e-05
Epoch 065/96 selector_warmup [==========..............] 10/24 MSE=2.743e-03 pass=0.0% K=34.4 feasibleK=44.8 countMAE=18.42 lr=proposal:0.0e+00/parameter:0.0e+00/selector:2.0e-04/decoder:5.0e-05
Epoch 065/96 selector_warmup [====================....] 20/24 MSE=2.582e-03 pass=0.0% K=37.2 feasibleK=45.1 countMAE=16.50 lr=proposal:0.0e+00/parameter:0.0e+00/selector:2.0e-04/decoder:5.0e-05
Epoch 065/96 selector_warmup [========================] 24/24 MSE=2.397e-03 pass=0.0% K=37.9 feasibleK=43.7 countMAE=15.93 lr=proposal:0.0e+00/parameter:0.0e+00/selector:2.0e-04/decoder:5.0e-05
  validation [==......................] 1/9 
  validation [========================] 9/9 
Epoch 065 phase=selector_warmup lr=proposal:0.0e+00/parameter:0.0e+00/selector:2.0e-04/decoder:5.0e-05 val dense=90.0% deployment=5.0% worst-source=0.0% qualification=0.0% MSE=2.422e-03 K=37.33 mass=36.84 beta=-0.05 soft_cost=4.8187 selection_score=-4.8187 complexity=0.00->0.09 safety=0+0.00sigma scale=1.00->0.91 pass_reference_only=0.0%
  Joint train structure: Keep P/R/F1=0.622/0.480/0.541, critical_false_delete=0.535, proposal R@.005/.01/.02=0.686/1.000/1.000, parameter_bias=9.282e-03, count-cal loss=1.510e-01, score/target/bias/MAE=34.21/44.73/-10.52/18.58, fine-risk mean/std/range=0.933/0.128/0.499, fine-loss/rank=7.516e-01/2.102e+00
  Counterfactual Keep: feasible-swap=5.0%, swap-equivalent recall=0.482, OR loss=3.217e-01
  Feasibility chain: numerical Teacher pass/MSE=86.0%/1.017e-04, student teacher-mask pass/MSE=54.3%/1.023e-04, student one-shot pass/MSE=0.7%/2.688e-03, teacher-source |K gap|=7.39
  Synthetic K=56: n=44, dense=0.0%, deployment=0.0%
  Synthetic K>=45: n=146, dense=63.0%, deployment=0.0%, MSE=2.617e-03, K=38.71
  Synthetic: dense=86.5%, deployment=0.0%, MSE=2.452e-03, K=37.95, targetK=34.78, count_MAE=13.11, bias=+3.17, knot_F1@0.01=0.506, param_RMSE=2.206e-02
  uji_pen_characters_v2: dense=100.0%, deployment=42.5%, MSE=2.775e-03, K=34.33
  natural_earth_10m_coastline: dense=95.0%, deployment=0.0%, MSE=3.140e-03, K=35.35
  usgs_tnm_contours_large_scale: dense=100.0%, deployment=2.5%, MSE=1.903e-03, K=36.00
  industrial_model_offset_curves: dense=100.0%, deployment=25.0%, MSE=1.572e-03, K=37.48
Epoch 066/96 selector_warmup [=.......................] 1/24 MSE=2.416e-03 pass=0.0% K=38.1 feasibleK=45.2 countMAE=18.17 lr=proposal:0.0e+00/parameter:0.0e+00/selector:2.0e-04/decoder:5.0e-05
Epoch 066/96 selector_warmup [==========..............] 10/24 MSE=2.349e-03 pass=0.0% K=38.9 feasibleK=44.9 countMAE=17.81 lr=proposal:0.0e+00/parameter:0.0e+00/selector:2.0e-04/decoder:5.0e-05
Epoch 066/96 selector_warmup [====================....] 20/24 MSE=2.617e-03 pass=0.0% K=37.4 feasibleK=44.5 countMAE=13.44 lr=proposal:0.0e+00/parameter:0.0e+00/selector:2.0e-04/decoder:5.0e-05
Epoch 066/96 selector_warmup [========================] 24/24 MSE=2.568e-03 pass=0.0% K=37.7 feasibleK=46.3 countMAE=13.75 lr=proposal:0.0e+00/parameter:0.0e+00/selector:2.0e-04/decoder:5.0e-05
  validation [==......................] 1/9 
  validation [========================] 9/9 
Epoch 066 phase=selector_warmup lr=proposal:0.0e+00/parameter:0.0e+00/selector:2.0e-04/decoder:5.0e-05 val dense=90.0% deployment=4.5% worst-source=0.0% qualification=0.0% MSE=3.004e-03 K=35.07 mass=34.58 beta=0.08 soft_cost=5.0096 selection_score=-5.0096 complexity=0.09->0.18 safety=0+0.00sigma scale=0.91->0.82 pass_reference_only=0.0%
  Joint train structure: Keep P/R/F1=0.631/0.536/0.579, critical_false_delete=0.479, proposal R@.005/.01/.02=0.685/1.000/1.000, parameter_bias=9.319e-03, count-cal loss=1.230e-01, score/target/bias/MAE=37.72/44.73/-7.01/16.35, fine-risk mean/std/range=0.933/0.128/0.499, fine-loss/rank=6.386e-01/2.103e+00
  Counterfactual Keep: feasible-swap=5.0%, swap-equivalent recall=0.537, OR loss=2.671e-01
  Feasibility chain: numerical Teacher pass/MSE=86.0%/1.017e-04, student teacher-mask pass/MSE=60.0%/1.004e-04, student one-shot pass/MSE=0.0%/2.472e-03, teacher-source |K gap|=7.39
  Synthetic K=56: n=44, dense=0.0%, deployment=0.0%
  Synthetic K>=45: n=146, dense=63.0%, deployment=0.0%, MSE=2.504e-03, K=40.02
  Synthetic: dense=86.5%, deployment=0.0%, MSE=2.589e-03, K=36.58, targetK=34.78, count_MAE=10.84, bias=+1.80, knot_F1@0.01=0.509, param_RMSE=2.233e-02
  uji_pen_characters_v2: dense=100.0%, deployment=30.0%, MSE=4.431e-03, K=29.70
  natural_earth_10m_coastline: dense=95.0%, deployment=0.0%, MSE=5.214e-03, K=30.77
  usgs_tnm_contours_large_scale: dense=100.0%, deployment=2.5%, MSE=2.933e-03, K=31.10
  industrial_model_offset_curves: dense=100.0%, deployment=30.0%, MSE=3.588e-03, K=33.58
Epoch 067/96 selector_warmup [=.......................] 1/24 MSE=2.570e-03 pass=0.0% K=37.5 feasibleK=45.0 countMAE=13.20 lr=proposal:0.0e+00/parameter:0.0e+00/selector:2.0e-04/decoder:5.0e-05
Epoch 067/96 selector_warmup [==========..............] 10/24 MSE=2.524e-03 pass=0.0% K=36.2 feasibleK=40.7 countMAE=11.36 lr=proposal:0.0e+00/parameter:0.0e+00/selector:2.0e-04/decoder:5.0e-05
Epoch 067/96 selector_warmup [====================....] 20/24 MSE=2.379e-03 pass=0.0% K=39.4 feasibleK=41.8 countMAE=7.48 lr=proposal:0.0e+00/parameter:0.0e+00/selector:2.0e-04/decoder:5.0e-05
Epoch 067/96 selector_warmup [========================] 24/24 MSE=2.127e-03 pass=0.0% K=44.1 feasibleK=48.1 countMAE=6.89 lr=proposal:0.0e+00/parameter:0.0e+00/selector:2.0e-04/decoder:5.0e-05
  validation [==......................] 1/9 
  validation [========================] 9/9 
Epoch 067 phase=selector_warmup lr=proposal:0.0e+00/parameter:0.0e+00/selector:2.0e-04/decoder:5.0e-05 val dense=90.0% deployment=3.9% worst-source=0.0% qualification=0.0% MSE=3.890e-03 K=35.53 mass=35.05 beta=0.07 soft_cost=5.0574 selection_score=-5.0574 complexity=0.18->0.27 safety=0+0.00sigma scale=0.82->0.73 pass_reference_only=0.0%
  Joint train structure: Keep P/R/F1=0.673/0.582/0.624, critical_false_delete=0.429, proposal R@.005/.01/.02=0.685/1.000/1.000, parameter_bias=9.367e-03, count-cal loss=6.093e-02, score/target/bias/MAE=38.30/44.73/-6.43/11.00, fine-risk mean/std/range=0.933/0.128/0.499, fine-loss/rank=5.726e-01/2.103e+00
  Counterfactual Keep: feasible-swap=5.0%, swap-equivalent recall=0.582, OR loss=4.428e-01
  Feasibility chain: numerical Teacher pass/MSE=86.0%/1.017e-04, student teacher-mask pass/MSE=63.9%/9.872e-05, student one-shot pass/MSE=0.0%/2.472e-03, teacher-source |K gap|=7.39
  Synthetic K=56: n=44, dense=0.0%, deployment=0.0%
  Synthetic K>=45: n=146, dense=63.0%, deployment=0.0%, MSE=1.689e-03, K=52.64
  Synthetic: dense=86.5%, deployment=0.0%, MSE=2.286e-03, K=40.45, targetK=34.78, count_MAE=6.81, bias=+5.67, knot_F1@0.01=0.597, param_RMSE=2.257e-02
  uji_pen_characters_v2: dense=100.0%, deployment=25.0%, MSE=7.849e-03, K=20.45
  natural_earth_10m_coastline: dense=95.0%, deployment=0.0%, MSE=1.071e-02, K=21.38
  usgs_tnm_contours_large_scale: dense=100.0%, deployment=0.0%, MSE=5.383e-03, K=20.07
  industrial_model_offset_curves: dense=100.0%, deployment=30.0%, MSE=7.663e-03, K=31.02
Epoch 068/96 selector_warmup [=.......................] 1/24 MSE=2.339e-03 pass=0.0% K=40.4 feasibleK=42.5 countMAE=7.73 lr=proposal:0.0e+00/parameter:0.0e+00/selector:2.0e-04/decoder:5.0e-05
Epoch 068/96 selector_warmup [==========..............] 10/24 MSE=1.951e-03 pass=0.0% K=45.2 feasibleK=45.3 countMAE=7.08 lr=proposal:0.0e+00/parameter:0.0e+00/selector:2.0e-04/decoder:5.0e-05
Epoch 068/96 selector_warmup [====================....] 20/24 MSE=2.338e-03 pass=0.0% K=39.9 feasibleK=41.8 countMAE=5.61 lr=proposal:0.0e+00/parameter:0.0e+00/selector:2.0e-04/decoder:5.0e-05
Epoch 068/96 selector_warmup [========================] 24/24 MSE=1.967e-03 pass=0.0% K=45.9 feasibleK=48.7 countMAE=6.43 lr=proposal:0.0e+00/parameter:0.0e+00/selector:2.0e-04/decoder:5.0e-05
  validation [==......................] 1/9 
  validation [========================] 9/9 
Epoch 068 phase=selector_warmup lr=proposal:0.0e+00/parameter:0.0e+00/selector:2.0e-04/decoder:5.0e-05 val dense=90.0% deployment=3.8% worst-source=0.0% qualification=0.0% MSE=4.249e-03 K=33.43 mass=32.93 beta=0.21 soft_cost=5.1421 selection_score=-5.1421 complexity=0.27->0.36 safety=0+0.00sigma scale=0.73->0.64 pass_reference_only=0.0%
  Joint train structure: Keep P/R/F1=0.707/0.673/0.690, critical_false_delete=0.330, proposal R@.005/.01/.02=0.686/1.000/1.000, parameter_bias=9.400e-03, count-cal loss=2.306e-02, score/target/bias/MAE=42.30/44.73/-2.43/7.20, fine-risk mean/std/range=0.933/0.128/0.499, fine-loss/rank=4.463e-01/2.105e+00
  Counterfactual Keep: feasible-swap=5.0%, swap-equivalent recall=0.675, OR loss=6.112e-01
  Feasibility chain: numerical Teacher pass/MSE=86.0%/1.017e-04, student teacher-mask pass/MSE=68.0%/9.703e-05, student one-shot pass/MSE=0.0%/2.160e-03, teacher-source |K gap|=7.39
  Synthetic K=56: n=44, dense=0.0%, deployment=0.0%
  Synthetic K>=45: n=146, dense=63.0%, deployment=0.0%, MSE=1.691e-03, K=53.01
  Synthetic: dense=86.5%, deployment=0.0%, MSE=2.431e-03, K=38.55, targetK=34.78, count_MAE=4.76, bias=+3.77, knot_F1@0.01=0.592, param_RMSE=2.285e-02
  uji_pen_characters_v2: dense=100.0%, deployment=22.5%, MSE=8.755e-03, K=17.45
  natural_earth_10m_coastline: dense=95.0%, deployment=0.0%, MSE=1.223e-02, K=18.18
  usgs_tnm_contours_large_scale: dense=100.0%, deployment=0.0%, MSE=6.068e-03, K=17.98
  industrial_model_offset_curves: dense=100.0%, deployment=30.0%, MSE=8.128e-03, K=28.95
Epoch 069/96 selector_warmup [=.......................] 1/24 MSE=2.210e-03 pass=0.0% K=43.3 feasibleK=47.2 countMAE=6.92 lr=proposal:0.0e+00/parameter:0.0e+00/selector:2.0e-04/decoder:5.0e-05
Epoch 069/96 selector_warmup [==========..............] 10/24 MSE=2.174e-03 pass=0.0% K=42.1 feasibleK=45.3 countMAE=6.34 lr=proposal:0.0e+00/parameter:0.0e+00/selector:2.0e-04/decoder:5.0e-05
Epoch 069/96 selector_warmup [====================....] 20/24 MSE=2.236e-03 pass=0.0% K=42.1 feasibleK=47.1 countMAE=6.95 lr=proposal:0.0e+00/parameter:0.0e+00/selector:2.0e-04/decoder:5.0e-05
Epoch 069/96 selector_warmup [========================] 24/24 MSE=2.429e-03 pass=0.0% K=35.6 feasibleK=36.4 countMAE=5.04 lr=proposal:0.0e+00/parameter:0.0e+00/selector:2.0e-04/decoder:5.0e-05
  validation [==......................] 1/9 
  validation [========================] 9/9 
Epoch 069 phase=selector_warmup lr=proposal:0.0e+00/parameter:0.0e+00/selector:2.0e-04/decoder:5.0e-05 val dense=90.0% deployment=3.9% worst-source=0.0% qualification=0.0% MSE=3.833e-03 K=34.92 mass=34.43 beta=0.13 soft_cost=5.0017 selection_score=-5.0017 complexity=0.36->0.45 safety=0+0.00sigma scale=0.64->0.55 pass_reference_only=0.0%
  Joint train structure: Keep P/R/F1=0.711/0.676/0.693, critical_false_delete=0.326, proposal R@.005/.01/.02=0.685/1.000/1.000, parameter_bias=9.429e-03, count-cal loss=1.657e-02, score/target/bias/MAE=42.28/44.73/-2.45/6.43, fine-risk mean/std/range=0.933/0.128/0.499, fine-loss/rank=4.454e-01/2.106e+00
  Counterfactual Keep: feasible-swap=5.0%, swap-equivalent recall=0.678, OR loss=6.000e-01
  Feasibility chain: numerical Teacher pass/MSE=86.0%/1.017e-04, student teacher-mask pass/MSE=72.0%/9.529e-05, student one-shot pass/MSE=0.0%/2.138e-03, teacher-source |K gap|=7.39
  Synthetic K=56: n=44, dense=0.0%, deployment=0.0%
  Synthetic K>=45: n=146, dense=63.0%, deployment=0.0%, MSE=1.443e-03, K=55.12
  Synthetic: dense=86.5%, deployment=0.0%, MSE=2.180e-03, K=40.57, targetK=34.78, count_MAE=6.11, bias=+5.79, knot_F1@0.01=0.624, param_RMSE=2.316e-02
  uji_pen_characters_v2: dense=100.0%, deployment=25.0%, MSE=8.261e-03, K=16.62
  natural_earth_10m_coastline: dense=95.0%, deployment=0.0%, MSE=1.114e-02, K=17.75
  usgs_tnm_contours_large_scale: dense=100.0%, deployment=0.0%, MSE=5.009e-03, K=18.50
  industrial_model_offset_curves: dense=100.0%, deployment=30.0%, MSE=7.457e-03, K=30.32
Epoch 070/96 selector_warmup [=.......................] 1/24 MSE=1.936e-03 pass=0.0% K=44.5 feasibleK=46.5 countMAE=6.45 lr=proposal:0.0e+00/parameter:0.0e+00/selector:2.0e-04/decoder:5.0e-05
Epoch 070/96 selector_warmup [==========..............] 10/24 MSE=2.308e-03 pass=0.0% K=38.0 feasibleK=41.6 countMAE=5.53 lr=proposal:0.0e+00/parameter:0.0e+00/selector:2.0e-04/decoder:5.0e-05
Epoch 070/96 selector_warmup [====================....] 20/24 MSE=1.775e-03 pass=0.0% K=45.7 feasibleK=45.2 countMAE=5.42 lr=proposal:0.0e+00/parameter:0.0e+00/selector:2.0e-04/decoder:5.0e-05
Epoch 070/96 selector_warmup [========================] 24/24 MSE=2.069e-03 pass=0.0% K=42.1 feasibleK=47.4 countMAE=6.89 lr=proposal:0.0e+00/parameter:0.0e+00/selector:2.0e-04/decoder:5.0e-05
  validation [==......................] 1/9 
  validation [========================] 9/9 
Epoch 070 phase=selector_warmup lr=proposal:0.0e+00/parameter:0.0e+00/selector:2.0e-04/decoder:5.0e-05 val dense=90.0% deployment=4.6% worst-source=0.0% qualification=0.0% MSE=3.249e-03 K=32.66 mass=32.16 beta=0.29 soft_cost=4.9063 selection_score=-4.9063 complexity=0.45->0.55 safety=0+0.00sigma scale=0.55->0.45 pass_reference_only=0.0%
  Joint train structure: Keep P/R/F1=0.715/0.684/0.699, critical_false_delete=0.309, proposal R@.005/.01/.02=0.686/1.000/1.000, parameter_bias=9.436e-03, count-cal loss=1.404e-02, score/target/bias/MAE=42.56/44.73/-2.18/5.99, fine-risk mean/std/range=0.933/0.128/0.499, fine-loss/rank=4.377e-01/2.101e+00
  Counterfactual Keep: feasible-swap=5.0%, swap-equivalent recall=0.688, OR loss=5.910e-01
  Feasibility chain: numerical Teacher pass/MSE=86.0%/1.017e-04, student teacher-mask pass/MSE=74.2%/9.425e-05, student one-shot pass/MSE=0.0%/1.951e-03, teacher-source |K gap|=7.39
  Synthetic K=56: n=44, dense=0.0%, deployment=0.0%
  Synthetic K>=45: n=146, dense=63.0%, deployment=0.0%, MSE=1.385e-03, K=55.12
  Synthetic: dense=86.5%, deployment=0.0%, MSE=2.230e-03, K=37.78, targetK=34.78, count_MAE=4.17, bias=+3.00, knot_F1@0.01=0.643, param_RMSE=2.325e-02
  uji_pen_characters_v2: dense=100.0%, deployment=32.5%, MSE=5.249e-03, K=17.00
  natural_earth_10m_coastline: dense=95.0%, deployment=0.0%, MSE=8.465e-03, K=16.73
  usgs_tnm_contours_large_scale: dense=100.0%, deployment=2.5%, MSE=3.971e-03, K=16.52
  industrial_model_offset_curves: dense=100.0%, deployment=30.0%, MSE=5.507e-03, K=29.25
Epoch 071/96 selector_warmup [=.......................] 1/24 MSE=1.965e-03 pass=0.0% K=42.8 feasibleK=46.5 countMAE=5.75 lr=proposal:0.0e+00/parameter:0.0e+00/selector:2.0e-04/decoder:5.0e-05
Epoch 071/96 selector_warmup [==========..............] 10/24 MSE=1.902e-03 pass=0.0% K=42.1 feasibleK=45.1 countMAE=5.17 lr=proposal:0.0e+00/parameter:0.0e+00/selector:2.0e-04/decoder:5.0e-05
Epoch 071/96 selector_warmup [====================....] 20/24 MSE=1.737e-03 pass=0.0% K=44.6 feasibleK=47.1 countMAE=5.05 lr=proposal:0.0e+00/parameter:0.0e+00/selector:2.0e-04/decoder:5.0e-05
Epoch 071/96 selector_warmup [========================] 24/24 MSE=1.593e-03 pass=0.0% K=49.1 feasibleK=55.7 countMAE=7.68 lr=proposal:0.0e+00/parameter:0.0e+00/selector:2.0e-04/decoder:5.0e-05
  validation [==......................] 1/9 
  validation [========================] 9/9 
Epoch 071 phase=selector_warmup lr=proposal:0.0e+00/parameter:0.0e+00/selector:2.0e-04/decoder:5.0e-05 val dense=90.0% deployment=5.7% worst-source=0.0% qualification=0.0% MSE=2.898e-03 K=33.04 mass=32.53 beta=0.26 soft_cost=4.7838 selection_score=-4.7838 complexity=0.55->0.64 safety=0+0.00sigma scale=0.45->0.36 pass_reference_only=0.0%
  Joint train structure: Keep P/R/F1=0.721/0.698/0.709, critical_false_delete=0.291, proposal R@.005/.01/.02=0.685/1.000/1.000, parameter_bias=9.439e-03, count-cal loss=1.196e-02, score/target/bias/MAE=43.04/44.73/-1.69/5.56, fine-risk mean/std/range=0.933/0.128/0.499, fine-loss/rank=4.248e-01/2.094e+00
  Counterfactual Keep: feasible-swap=5.0%, swap-equivalent recall=0.704, OR loss=5.951e-01
  Feasibility chain: numerical Teacher pass/MSE=86.0%/1.017e-04, student teacher-mask pass/MSE=74.3%/9.377e-05, student one-shot pass/MSE=0.0%/1.783e-03, teacher-source |K gap|=7.39
  Synthetic K=56: n=44, dense=0.0%, deployment=0.0%
  Synthetic K>=45: n=146, dense=63.0%, deployment=0.0%, MSE=1.294e-03, K=56.12
  Synthetic: dense=86.5%, deployment=0.0%, MSE=2.149e-03, K=38.29, targetK=34.78, count_MAE=4.40, bias=+3.51, knot_F1@0.01=0.654, param_RMSE=2.345e-02
  uji_pen_characters_v2: dense=100.0%, deployment=37.5%, MSE=5.115e-03, K=16.43
  natural_earth_10m_coastline: dense=95.0%, deployment=0.0%, MSE=6.893e-03, K=16.45
  usgs_tnm_contours_large_scale: dense=100.0%, deployment=7.5%, MSE=2.382e-03, K=16.93
  industrial_model_offset_curves: dense=100.0%, deployment=35.0%, MSE=4.693e-03, K=29.80
Epoch 072/96 selector_warmup [=.......................] 1/24 MSE=2.061e-03 pass=0.0% K=39.0 feasibleK=41.5 countMAE=4.83 lr=proposal:0.0e+00/parameter:0.0e+00/selector:2.0e-04/decoder:5.0e-05
Epoch 072/96 selector_warmup [==========..............] 10/24 MSE=1.794e-03 pass=0.0% K=42.7 feasibleK=44.0 countMAE=5.41 lr=proposal:0.0e+00/parameter:0.0e+00/selector:2.0e-04/decoder:5.0e-05
Epoch 072/96 selector_warmup [====================....] 20/24 MSE=1.769e-03 pass=0.0% K=44.3 feasibleK=46.0 countMAE=4.75 lr=proposal:0.0e+00/parameter:0.0e+00/selector:2.0e-04/decoder:5.0e-05
Epoch 072/96 selector_warmup [========================] 24/24 MSE=1.831e-03 pass=0.0% K=40.1 feasibleK=38.8 countMAE=4.11 lr=proposal:0.0e+00/parameter:0.0e+00/selector:2.0e-04/decoder:5.0e-05
  validation [==......................] 1/9 
  validation [========================] 9/9 
Epoch 072 phase=selector_warmup lr=proposal:0.0e+00/parameter:0.0e+00/selector:2.0e-04/decoder:5.0e-05 val dense=90.0% deployment=7.5% worst-source=0.0% qualification=0.0% MSE=2.496e-03 K=34.07 mass=33.57 beta=0.19 soft_cost=4.5953 selection_score=-4.5953 complexity=0.64->0.73 safety=0+0.00sigma scale=0.36->0.27 pass_reference_only=0.0%
  Joint train structure: Keep P/R/F1=0.723/0.704/0.713, critical_false_delete=0.285, proposal R@.005/.01/.02=0.685/1.000/1.000, parameter_bias=9.412e-03, count-cal loss=9.976e-03, score/target/bias/MAE=43.30/44.73/-1.43/5.08, fine-risk mean/std/range=0.933/0.128/0.499, fine-loss/rank=4.181e-01/2.088e+00
  Counterfactual Keep: feasible-swap=5.0%, swap-equivalent recall=0.710, OR loss=5.943e-01
  Feasibility chain: numerical Teacher pass/MSE=86.0%/1.017e-04, student teacher-mask pass/MSE=74.1%/9.355e-05, student one-shot pass/MSE=0.0%/1.761e-03, teacher-source |K gap|=7.39
  Synthetic K=56: n=44, dense=0.0%, deployment=0.0%
  Synthetic K>=45: n=146, dense=63.0%, deployment=0.0%, MSE=1.083e-03, K=57.73
  Synthetic: dense=86.5%, deployment=0.0%, MSE=2.003e-03, K=39.31, targetK=34.78, count_MAE=5.07, bias=+4.53, knot_F1@0.01=0.668, param_RMSE=2.355e-02
  uji_pen_characters_v2: dense=100.0%, deployment=50.0%, MSE=3.257e-03, K=17.65
  natural_earth_10m_coastline: dense=95.0%, deployment=2.5%, MSE=5.604e-03, K=17.25
  usgs_tnm_contours_large_scale: dense=100.0%, deployment=12.5%, MSE=2.194e-03, K=17.93
  industrial_model_offset_curves: dense=100.0%, deployment=40.0%, MSE=3.858e-03, K=31.05
Epoch 073/96 joint_finetune [=.......................] 1/24 MSE=1.888e-03 pass=0.0% K=42.8 feasibleK=46.3 countMAE=5.27 lr=proposal:0.0e+00/parameter:0.0e+00/selector:2.0e-04/decoder:5.0e-05
Epoch 073/96 joint_finetune [==========..............] 10/24 MSE=1.744e-03 pass=0.0% K=43.4 feasibleK=44.3 countMAE=4.69 lr=proposal:0.0e+00/parameter:0.0e+00/selector:2.0e-04/decoder:5.0e-05
Epoch 073/96 joint_finetune [====================....] 20/24 MSE=1.887e-03 pass=0.0% K=40.9 feasibleK=42.8 countMAE=4.81 lr=proposal:0.0e+00/parameter:0.0e+00/selector:2.0e-04/decoder:5.0e-05
Epoch 073/96 joint_finetune [========================] 24/24 MSE=1.657e-03 pass=0.0% K=44.4 feasibleK=44.8 countMAE=5.21 lr=proposal:0.0e+00/parameter:0.0e+00/selector:2.0e-04/decoder:5.0e-05
  validation [==......................] 1/9 
  validation [========================] 9/9 
Epoch 073 phase=joint_finetune lr=proposal:0.0e+00/parameter:0.0e+00/selector:2.0e-04/decoder:5.0e-05 val dense=90.0% deployment=8.9% worst-source=0.0% qualification=0.0% MSE=1.915e-03 K=35.59 mass=35.08 beta=0.07 soft_cost=4.3992 selection_score=-4.3992 complexity=0.73->0.82 safety=0+0.00sigma scale=0.27->0.18 pass_reference_only=0.0%
  Joint train structure: Keep P/R/F1=0.726/0.707/0.716, critical_false_delete=0.283, proposal R@.005/.01/.02=0.686/1.000/1.000, parameter_bias=9.417e-03, count-cal loss=8.998e-03, score/target/bias/MAE=43.28/44.73/-1.46/4.85, fine-risk mean/std/range=0.933/0.128/0.499, fine-loss/rank=4.186e-01/2.081e+00
  Counterfactual Keep: feasible-swap=5.1%, swap-equivalent recall=0.713, OR loss=5.910e-01
  Feasibility chain: numerical Teacher pass/MSE=86.0%/1.017e-04, student teacher-mask pass/MSE=75.1%/9.319e-05, student one-shot pass/MSE=0.0%/1.750e-03, teacher-source |K gap|=7.39
  Synthetic K=56: n=44, dense=0.0%, deployment=0.0%
  Synthetic K>=45: n=146, dense=63.0%, deployment=0.0%, MSE=1.128e-03, K=58.19
  Synthetic: dense=86.5%, deployment=0.0%, MSE=1.980e-03, K=40.29, targetK=34.78, count_MAE=5.67, bias=+5.51, knot_F1@0.01=0.664, param_RMSE=2.372e-02
  uji_pen_characters_v2: dense=100.0%, deployment=65.0%, MSE=1.196e-03, K=21.50
  natural_earth_10m_coastline: dense=95.0%, deployment=5.0%, MSE=2.898e-03, K=20.30
  usgs_tnm_contours_large_scale: dense=100.0%, deployment=17.5%, MSE=1.217e-03, K=20.82
  industrial_model_offset_curves: dense=100.0%, deployment=37.5%, MSE=1.695e-03, K=32.70
Epoch 074/96 joint_finetune [=.......................] 1/24 MSE=1.643e-03 pass=0.0% K=45.5 feasibleK=45.9 countMAE=5.31 lr=proposal:0.0e+00/parameter:0.0e+00/selector:2.0e-04/decoder:5.0e-05
Epoch 074/96 joint_finetune [==========..............] 10/24 MSE=1.973e-03 pass=0.0% K=43.7 feasibleK=48.8 countMAE=6.02 lr=proposal:0.0e+00/parameter:0.0e+00/selector:2.0e-04/decoder:5.0e-05
Epoch 074/96 joint_finetune [====================....] 20/24 MSE=1.694e-03 pass=0.0% K=44.2 feasibleK=44.4 countMAE=3.89 lr=proposal:0.0e+00/parameter:0.0e+00/selector:2.0e-04/decoder:5.0e-05
Epoch 074/96 joint_finetune [========================] 24/24 MSE=1.581e-03 pass=0.0% K=45.8 feasibleK=45.8 countMAE=4.18 lr=proposal:0.0e+00/parameter:0.0e+00/selector:2.0e-04/decoder:5.0e-05
  validation [==......................] 1/9 
  validation [========================] 9/9 
Epoch 074 phase=joint_finetune lr=proposal:0.0e+00/parameter:0.0e+00/selector:2.0e-04/decoder:5.0e-05 val dense=90.0% deployment=10.9% worst-source=0.0% qualification=0.0% MSE=1.603e-03 K=36.07 mass=35.59 beta=0.05 soft_cost=4.1709 selection_score=-4.1709 complexity=0.82->0.91 safety=0+0.00sigma scale=0.18->0.09 pass_reference_only=0.0%
  Joint train structure: Keep P/R/F1=0.728/0.707/0.717, critical_false_delete=0.285, proposal R@.005/.01/.02=0.685/1.000/1.000, parameter_bias=9.393e-03, count-cal loss=9.030e-03, score/target/bias/MAE=43.21/44.73/-1.53/4.80, fine-risk mean/std/range=0.933/0.128/0.499, fine-loss/rank=4.200e-01/2.078e+00
  Counterfactual Keep: feasible-swap=5.0%, swap-equivalent recall=0.714, OR loss=5.827e-01
  Feasibility chain: numerical Teacher pass/MSE=86.0%/1.017e-04, student teacher-mask pass/MSE=75.1%/9.295e-05, student one-shot pass/MSE=0.0%/1.773e-03, teacher-source |K gap|=7.39
  Synthetic K=56: n=44, dense=0.0%, deployment=0.0%
  Synthetic K>=45: n=146, dense=63.0%, deployment=0.0%, MSE=9.739e-04, K=59.87
  Synthetic: dense=86.5%, deployment=0.0%, MSE=1.896e-03, K=40.97, targetK=34.78, count_MAE=6.38, bias=+6.18, knot_F1@0.01=0.666, param_RMSE=2.363e-02
  uji_pen_characters_v2: dense=100.0%, deployment=82.5%, MSE=1.118e-04, K=21.52
  natural_earth_10m_coastline: dense=95.0%, deployment=15.0%, MSE=1.610e-03, K=20.07
  usgs_tnm_contours_large_scale: dense=100.0%, deployment=15.0%, MSE=1.060e-03, K=20.55
  industrial_model_offset_curves: dense=100.0%, deployment=40.0%, MSE=6.925e-04, K=33.17
Epoch 075/96 joint_finetune [=.......................] 1/24 MSE=1.623e-03 pass=0.0% K=45.2 feasibleK=44.8 countMAE=4.64 lr=proposal:0.0e+00/parameter:0.0e+00/selector:2.0e-04/decoder:5.0e-05
Epoch 075/96 joint_finetune [==========..............] 10/24 MSE=2.361e-03 pass=0.0% K=36.0 feasibleK=40.8 countMAE=5.56 lr=proposal:0.0e+00/parameter:0.0e+00/selector:2.0e-04/decoder:5.0e-05
Epoch 075/96 joint_finetune [====================....] 20/24 MSE=1.572e-03 pass=0.0% K=46.2 feasibleK=45.7 countMAE=4.86 lr=proposal:0.0e+00/parameter:0.0e+00/selector:2.0e-04/decoder:5.0e-05
Epoch 075/96 joint_finetune [========================] 24/24 MSE=1.697e-03 pass=0.0% K=45.4 feasibleK=46.7 countMAE=4.18 lr=proposal:0.0e+00/parameter:0.0e+00/selector:2.0e-04/decoder:5.0e-05
  validation [==......................] 1/9 
  validation [========================] 9/9 
Epoch 075 phase=joint_finetune lr=proposal:0.0e+00/parameter:0.0e+00/selector:2.0e-04/decoder:5.0e-05 val dense=90.0% deployment=10.0% worst-source=0.0% qualification=0.0% MSE=1.854e-03 K=33.74 mass=33.24 beta=0.22 soft_cost=4.3655 selection_score=-4.3655 complexity=0.91->1.00 safety=0+0.00sigma scale=0.09->0.00 pass_reference_only=0.0%
  Joint train structure: Keep P/R/F1=0.726/0.717/0.721, critical_false_delete=0.274, proposal R@.005/.01/.02=0.685/1.000/1.000, parameter_bias=9.373e-03, count-cal loss=9.259e-03, score/target/bias/MAE=43.91/44.73/-0.82/4.94, fine-risk mean/std/range=0.933/0.128/0.499, fine-loss/rank=4.055e-01/2.074e+00
  Counterfactual Keep: feasible-swap=5.0%, swap-equivalent recall=0.723, OR loss=5.662e-01
  Feasibility chain: numerical Teacher pass/MSE=86.0%/1.017e-04, student teacher-mask pass/MSE=76.3%/9.272e-05, student one-shot pass/MSE=0.0%/1.704e-03, teacher-source |K gap|=7.39
  Synthetic K=56: n=44, dense=0.0%, deployment=0.0%
  Synthetic K>=45: n=146, dense=63.0%, deployment=0.0%, MSE=1.230e-03, K=57.14
  Synthetic: dense=86.5%, deployment=0.0%, MSE=2.112e-03, K=38.21, targetK=34.78, count_MAE=4.23, bias=+3.43, knot_F1@0.01=0.658, param_RMSE=2.374e-02
  uji_pen_characters_v2: dense=100.0%, deployment=75.0%, MSE=5.737e-04, K=20.80
  natural_earth_10m_coastline: dense=95.0%, deployment=10.0%, MSE=1.907e-03, K=19.23
  usgs_tnm_contours_large_scale: dense=100.0%, deployment=15.0%, MSE=1.292e-03, K=19.00
  industrial_model_offset_curves: dense=100.0%, deployment=40.0%, MSE=1.063e-03, K=31.25
Epoch 076/96 joint_finetune [=.......................] 1/24 MSE=1.880e-03 pass=0.0% K=42.2 feasibleK=44.7 countMAE=4.78 lr=proposal:0.0e+00/parameter:0.0e+00/selector:2.0e-04/decoder:5.0e-05
Epoch 076/96 joint_finetune [==========..............] 10/24 MSE=1.702e-03 pass=0.0% K=44.5 feasibleK=45.2 countMAE=3.83 lr=proposal:0.0e+00/parameter:0.0e+00/selector:2.0e-04/decoder:5.0e-05
Epoch 076/96 joint_finetune [====================....] 20/24 MSE=1.622e-03 pass=0.0% K=44.3 feasibleK=43.2 countMAE=4.34 lr=proposal:0.0e+00/parameter:0.0e+00/selector:2.0e-04/decoder:5.0e-05
Epoch 076/96 joint_finetune [========================] 24/24 MSE=1.519e-03 pass=0.0% K=47.1 feasibleK=48.0 countMAE=4.64 lr=proposal:0.0e+00/parameter:0.0e+00/selector:2.0e-04/decoder:5.0e-05
  validation [==......................] 1/9 
  validation [========================] 9/9 
Epoch 076 phase=joint_finetune lr=proposal:0.0e+00/parameter:0.0e+00/selector:2.0e-04/decoder:5.0e-05 val dense=90.0% deployment=12.3% worst-source=0.0% qualification=0.0% MSE=1.648e-03 K=35.12 mass=34.60 beta=0.14 soft_cost=4.1690 selection_score=-4.1690 complexity=1.00->1.00 safety=0+0.00sigma scale=0.00->0.00 pass_reference_only=0.0%
  Joint train structure: Keep P/R/F1=0.729/0.713/0.721, critical_false_delete=0.279, proposal R@.005/.01/.02=0.685/1.000/1.000, parameter_bias=9.340e-03, count-cal loss=8.023e-03, score/target/bias/MAE=43.54/44.73/-1.19/4.48, fine-risk mean/std/range=0.933/0.128/0.499, fine-loss/rank=4.128e-01/2.067e+00
  Counterfactual Keep: feasible-swap=5.0%, swap-equivalent recall=0.720, OR loss=5.782e-01
  Feasibility chain: numerical Teacher pass/MSE=86.0%/1.017e-04, student teacher-mask pass/MSE=75.8%/9.258e-05, student one-shot pass/MSE=0.1%/1.726e-03, teacher-source |K gap|=7.39
  Synthetic K=56: n=44, dense=0.0%, deployment=0.0%
  Synthetic K>=45: n=146, dense=63.0%, deployment=0.0%, MSE=1.136e-03, K=58.55
  Synthetic: dense=86.5%, deployment=0.0%, MSE=2.015e-03, K=39.58, targetK=34.78, count_MAE=5.18, bias=+4.80, knot_F1@0.01=0.661, param_RMSE=2.364e-02
  uji_pen_characters_v2: dense=100.0%, deployment=90.0%, MSE=1.060e-04, K=22.52
  natural_earth_10m_coastline: dense=95.0%, deployment=15.0%, MSE=1.319e-03, K=20.55
  usgs_tnm_contours_large_scale: dense=100.0%, deployment=22.5%, MSE=9.086e-04, K=20.40
  industrial_model_offset_curves: dense=100.0%, deployment=45.0%, MSE=5.882e-04, K=32.48
Epoch 077/96 joint_finetune [=.......................] 1/24 MSE=1.726e-03 pass=0.0% K=45.8 feasibleK=48.0 countMAE=4.53 lr=proposal:0.0e+00/parameter:0.0e+00/selector:2.0e-04/decoder:5.0e-05
Epoch 077/96 joint_finetune [==========..............] 10/24 MSE=1.638e-03 pass=0.0% K=45.0 feasibleK=46.0 countMAE=4.33 lr=proposal:0.0e+00/parameter:0.0e+00/selector:2.0e-04/decoder:5.0e-05
Epoch 077/96 joint_finetune [====================....] 20/24 MSE=1.607e-03 pass=0.0% K=46.1 feasibleK=47.4 countMAE=4.77 lr=proposal:0.0e+00/parameter:0.0e+00/selector:2.0e-04/decoder:5.0e-05
Epoch 077/96 joint_finetune [========================] 24/24 MSE=1.772e-03 pass=0.0% K=42.9 feasibleK=43.8 countMAE=5.39 lr=proposal:0.0e+00/parameter:0.0e+00/selector:2.0e-04/decoder:5.0e-05
  validation [==......................] 1/9 
  validation [========================] 9/9 
Epoch 077 phase=joint_finetune lr=proposal:0.0e+00/parameter:0.0e+00/selector:2.0e-04/decoder:5.0e-05 val dense=90.0% deployment=12.0% worst-source=0.0% qualification=0.0% MSE=1.480e-03 K=37.99 mass=37.47 beta=-0.06 soft_cost=4.0663 selection_score=-4.0663 complexity=1.00->1.00 safety=0+0.00sigma scale=0.00->0.00 pass_reference_only=0.0%
  Joint train structure: Keep P/R/F1=0.730/0.713/0.721, critical_false_delete=0.280, proposal R@.005/.01/.02=0.685/1.000/1.000, parameter_bias=9.342e-03, count-cal loss=7.763e-03, score/target/bias/MAE=43.42/44.73/-1.32/4.43, fine-risk mean/std/range=0.933/0.128/0.499, fine-loss/rank=4.143e-01/2.061e+00
  Counterfactual Keep: feasible-swap=5.1%, swap-equivalent recall=0.720, OR loss=5.810e-01
  Feasibility chain: numerical Teacher pass/MSE=86.0%/1.017e-04, student teacher-mask pass/MSE=76.7%/9.215e-05, student one-shot pass/MSE=0.1%/1.699e-03, teacher-source |K gap|=7.39
  Synthetic K=56: n=44, dense=0.0%, deployment=0.0%
  Synthetic K>=45: n=146, dense=63.0%, deployment=0.0%, MSE=9.728e-04, K=60.09
  Synthetic: dense=86.5%, deployment=0.0%, MSE=1.681e-03, K=42.66, targetK=34.78, count_MAE=7.89, bias=+7.88, knot_F1@0.01=0.666, param_RMSE=2.361e-02
  uji_pen_characters_v2: dense=100.0%, deployment=77.5%, MSE=4.515e-04, K=24.25
  natural_earth_10m_coastline: dense=95.0%, deployment=10.0%, MSE=1.366e-03, K=22.60
  usgs_tnm_contours_large_scale: dense=100.0%, deployment=30.0%, MSE=1.330e-03, K=23.90
  industrial_model_offset_curves: dense=100.0%, deployment=50.0%, MSE=7.718e-04, K=34.50
Epoch 078/96 joint_finetune [=.......................] 1/24 MSE=1.672e-03 pass=0.0% K=43.1 feasibleK=42.0 countMAE=4.39 lr=proposal:0.0e+00/parameter:0.0e+00/selector:2.0e-04/decoder:5.0e-05
Epoch 078/96 joint_finetune [==========..............] 10/24 MSE=1.463e-03 pass=0.0% K=46.9 feasibleK=46.1 countMAE=5.00 lr=proposal:0.0e+00/parameter:0.0e+00/selector:2.0e-04/decoder:5.0e-05
Epoch 078/96 joint_finetune [====================....] 20/24 MSE=1.533e-03 pass=0.0% K=46.0 feasibleK=45.6 countMAE=3.86 lr=proposal:0.0e+00/parameter:0.0e+00/selector:2.0e-04/decoder:5.0e-05
Epoch 078/96 joint_finetune [========================] 24/24 MSE=1.413e-03 pass=0.0% K=46.1 feasibleK=44.4 countMAE=5.29 lr=proposal:0.0e+00/parameter:0.0e+00/selector:2.0e-04/decoder:5.0e-05
  validation [==......................] 1/9 
  validation [========================] 9/9 
Epoch 078 phase=joint_finetune lr=proposal:0.0e+00/parameter:0.0e+00/selector:2.0e-04/decoder:5.0e-05 val dense=90.0% deployment=12.0% worst-source=0.0% qualification=0.0% MSE=1.456e-03 K=37.13 mass=36.65 beta=0.02 soft_cost=4.0517 selection_score=-4.0517 complexity=1.00->1.00 safety=0+0.00sigma scale=0.00->0.00 pass_reference_only=0.0%
  Joint train structure: Keep P/R/F1=0.729/0.706/0.717, critical_false_delete=0.288, proposal R@.005/.01/.02=0.686/1.000/1.000, parameter_bias=9.293e-03, count-cal loss=8.215e-03, score/target/bias/MAE=43.05/44.73/-1.69/4.53, fine-risk mean/std/range=0.933/0.128/0.499, fine-loss/rank=4.241e-01/2.058e+00
  Counterfactual Keep: feasible-swap=5.0%, swap-equivalent recall=0.714, OR loss=5.734e-01
  Feasibility chain: numerical Teacher pass/MSE=86.0%/1.017e-04, student teacher-mask pass/MSE=76.2%/9.207e-05, student one-shot pass/MSE=0.1%/1.736e-03, teacher-source |K gap|=7.39
  Synthetic K=56: n=44, dense=0.0%, deployment=0.0%
  Synthetic K>=45: n=146, dense=63.0%, deployment=0.0%, MSE=9.307e-04, K=60.49
  Synthetic: dense=86.5%, deployment=0.0%, MSE=1.742e-03, K=41.94, targetK=34.78, count_MAE=7.22, bias=+7.16, knot_F1@0.01=0.668, param_RMSE=2.340e-02
  uji_pen_characters_v2: dense=100.0%, deployment=87.5%, MSE=1.532e-04, K=22.77
  natural_earth_10m_coastline: dense=95.0%, deployment=7.5%, MSE=1.212e-03, K=21.25
  usgs_tnm_contours_large_scale: dense=100.0%, deployment=30.0%, MSE=9.931e-04, K=22.52
  industrial_model_offset_curves: dense=100.0%, deployment=42.5%, MSE=6.044e-04, K=33.85
Epoch 079/96 joint_finetune [=.......................] 1/24 MSE=1.680e-03 pass=0.0% K=43.3 feasibleK=43.6 countMAE=4.75 lr=proposal:0.0e+00/parameter:0.0e+00/selector:2.0e-04/decoder:5.0e-05
Epoch 079/96 joint_finetune [==========..............] 10/24 MSE=1.670e-03 pass=0.0% K=43.2 feasibleK=43.6 countMAE=3.94 lr=proposal:0.0e+00/parameter:0.0e+00/selector:2.0e-04/decoder:5.0e-05
Epoch 079/96 joint_finetune [====================....] 20/24 MSE=1.868e-03 pass=0.0% K=41.8 feasibleK=44.8 countMAE=4.67 lr=proposal:0.0e+00/parameter:0.0e+00/selector:2.0e-04/decoder:5.0e-05
Epoch 079/96 joint_finetune [========================] 24/24 MSE=1.568e-03 pass=0.0% K=46.5 feasibleK=47.8 countMAE=4.61 lr=proposal:0.0e+00/parameter:0.0e+00/selector:2.0e-04/decoder:5.0e-05
  validation [==......................] 1/9 
  validation [========================] 9/9 
Epoch 079 phase=joint_finetune lr=proposal:0.0e+00/parameter:0.0e+00/selector:2.0e-04/decoder:5.0e-05 val dense=90.0% deployment=11.1% worst-source=0.0% qualification=0.0% MSE=1.476e-03 K=38.32 mass=37.82 beta=-0.06 soft_cost=4.1170 selection_score=-4.1170 complexity=1.00->1.00 safety=0+0.00sigma scale=0.00->0.00 pass_reference_only=0.0%
  Joint train structure: Keep P/R/F1=0.730/0.708/0.719, critical_false_delete=0.288, proposal R@.005/.01/.02=0.685/1.000/1.000, parameter_bias=9.272e-03, count-cal loss=7.894e-03, score/target/bias/MAE=43.13/44.73/-1.61/4.33, fine-risk mean/std/range=0.933/0.128/0.499, fine-loss/rank=4.247e-01/2.057e+00
  Counterfactual Keep: feasible-swap=5.0%, swap-equivalent recall=0.716, OR loss=5.715e-01
  Feasibility chain: numerical Teacher pass/MSE=86.0%/1.017e-04, student teacher-mask pass/MSE=76.3%/9.193e-05, student one-shot pass/MSE=0.0%/1.742e-03, teacher-source |K gap|=7.39
  Synthetic K=56: n=44, dense=0.0%, deployment=0.0%
  Synthetic K>=45: n=146, dense=63.0%, deployment=0.0%, MSE=1.032e-03, K=60.59
  Synthetic: dense=86.5%, deployment=0.0%, MSE=1.732e-03, K=42.90, targetK=34.78, count_MAE=8.12, bias=+8.12, knot_F1@0.01=0.667, param_RMSE=2.344e-02
  uji_pen_characters_v2: dense=100.0%, deployment=62.5%, MSE=2.724e-04, K=24.40
  natural_earth_10m_coastline: dense=95.0%, deployment=17.5%, MSE=1.243e-03, K=23.48
  usgs_tnm_contours_large_scale: dense=100.0%, deployment=32.5%, MSE=1.127e-03, K=24.45
  industrial_model_offset_curves: dense=100.0%, deployment=42.5%, MSE=6.949e-04, K=35.17
Epoch 080/96 joint_finetune [=.......................] 1/24 MSE=1.513e-03 pass=1.6% K=47.8 feasibleK=46.6 countMAE=4.70 lr=proposal:0.0e+00/parameter:0.0e+00/selector:2.0e-04/decoder:5.0e-05
Epoch 080/96 joint_finetune [==========..............] 10/24 MSE=1.510e-03 pass=0.0% K=45.9 feasibleK=45.0 countMAE=4.55 lr=proposal:0.0e+00/parameter:0.0e+00/selector:2.0e-04/decoder:5.0e-05
Epoch 080/96 joint_finetune [====================....] 20/24 MSE=1.433e-03 pass=1.6% K=43.9 feasibleK=43.2 countMAE=4.20 lr=proposal:0.0e+00/parameter:0.0e+00/selector:2.0e-04/decoder:5.0e-05
Epoch 080/96 joint_finetune [========================] 24/24 MSE=1.986e-03 pass=0.0% K=41.2 feasibleK=44.4 countMAE=4.29 lr=proposal:0.0e+00/parameter:0.0e+00/selector:2.0e-04/decoder:5.0e-05
  validation [==......................] 1/9 
  validation [========================] 9/9 
Epoch 080 phase=joint_finetune lr=proposal:0.0e+00/parameter:0.0e+00/selector:2.0e-04/decoder:5.0e-05 val dense=90.0% deployment=14.6% worst-source=1.0% qualification=0.0% MSE=1.623e-03 K=33.93 mass=33.45 beta=0.34 soft_cost=4.1060 selection_score=-4.1060 complexity=1.00->1.00 safety=0+0.00sigma scale=0.00->0.00 pass_reference_only=0.0%
  Joint train structure: Keep P/R/F1=0.731/0.719/0.725, critical_false_delete=0.276, proposal R@.005/.01/.02=0.685/1.000/1.000, parameter_bias=9.253e-03, count-cal loss=9.090e-03, score/target/bias/MAE=43.70/44.73/-1.03/4.59, fine-risk mean/std/range=0.933/0.128/0.499, fine-loss/rank=4.098e-01/2.053e+00
  Counterfactual Keep: feasible-swap=5.0%, swap-equivalent recall=0.727, OR loss=5.839e-01
  Feasibility chain: numerical Teacher pass/MSE=86.0%/1.017e-04, student teacher-mask pass/MSE=76.7%/9.184e-05, student one-shot pass/MSE=0.3%/1.646e-03, teacher-source |K gap|=7.39
  Synthetic K=56: n=44, dense=0.0%, deployment=0.0%
  Synthetic K>=45: n=146, dense=63.0%, deployment=0.0%, MSE=1.463e-03, K=56.68
  Synthetic: dense=86.5%, deployment=1.0%, MSE=2.049e-03, K=37.77, targetK=34.78, count_MAE=4.05, bias=+2.98, knot_F1@0.01=0.648, param_RMSE=2.353e-02
  uji_pen_characters_v2: dense=100.0%, deployment=87.5%, MSE=5.786e-05, K=23.57
  natural_earth_10m_coastline: dense=95.0%, deployment=25.0%, MSE=9.291e-04, K=21.88
  usgs_tnm_contours_large_scale: dense=100.0%, deployment=40.0%, MSE=8.774e-04, K=20.70
  industrial_model_offset_curves: dense=100.0%, deployment=42.5%, MSE=3.746e-04, K=31.27
Epoch 081/96 joint_finetune [=.......................] 1/24 MSE=1.927e-03 pass=0.0% K=42.1 feasibleK=45.1 countMAE=4.27 lr=proposal:0.0e+00/parameter:0.0e+00/selector:2.0e-04/decoder:5.0e-05
Epoch 081/96 joint_finetune [==========..............] 10/24 MSE=1.662e-03 pass=0.0% K=46.0 feasibleK=48.1 countMAE=5.02 lr=proposal:0.0e+00/parameter:0.0e+00/selector:2.0e-04/decoder:5.0e-05
Epoch 081/96 joint_finetune [====================....] 20/24 MSE=1.704e-03 pass=0.0% K=44.1 feasibleK=45.6 countMAE=4.36 lr=proposal:0.0e+00/parameter:0.0e+00/selector:2.0e-04/decoder:5.0e-05
Epoch 081/96 joint_finetune [========================] 24/24 MSE=1.831e-03 pass=0.0% K=43.4 feasibleK=46.5 countMAE=5.61 lr=proposal:0.0e+00/parameter:0.0e+00/selector:2.0e-04/decoder:5.0e-05
  validation [==......................] 1/9 
  validation [========================] 9/9 
Epoch 081 phase=joint_finetune lr=proposal:0.0e+00/parameter:0.0e+00/selector:2.0e-04/decoder:5.0e-05 val dense=90.0% deployment=13.9% worst-source=0.5% qualification=0.0% MSE=1.451e-03 K=36.26 mass=35.78 beta=0.18 soft_cost=4.0278 selection_score=-4.0278 complexity=1.00->1.00 safety=0+0.00sigma scale=0.00->0.00 pass_reference_only=0.0%
  Joint train structure: Keep P/R/F1=0.730/0.711/0.720, critical_false_delete=0.285, proposal R@.005/.01/.02=0.686/1.000/1.000, parameter_bias=9.245e-03, count-cal loss=9.213e-03, score/target/bias/MAE=43.32/44.73/-1.41/4.49, fine-risk mean/std/range=0.933/0.128/0.499, fine-loss/rank=4.226e-01/2.055e+00
  Counterfactual Keep: feasible-swap=5.0%, swap-equivalent recall=0.718, OR loss=5.879e-01
  Feasibility chain: numerical Teacher pass/MSE=86.0%/1.017e-04, student teacher-mask pass/MSE=76.6%/9.148e-05, student one-shot pass/MSE=0.3%/1.751e-03, teacher-source |K gap|=7.39
  Synthetic K=56: n=44, dense=0.0%, deployment=0.0%
  Synthetic K>=45: n=146, dense=63.0%, deployment=0.0%, MSE=1.247e-03, K=58.42
  Synthetic: dense=86.5%, deployment=0.5%, MSE=1.773e-03, K=40.46, targetK=34.78, count_MAE=5.82, bias=+5.68, knot_F1@0.01=0.662, param_RMSE=2.334e-02
  uji_pen_characters_v2: dense=100.0%, deployment=82.5%, MSE=1.680e-04, K=23.43
  natural_earth_10m_coastline: dense=95.0%, deployment=22.5%, MSE=1.081e-03, K=22.80
  usgs_tnm_contours_large_scale: dense=100.0%, deployment=45.0%, MSE=8.289e-04, K=22.43
  industrial_model_offset_curves: dense=100.0%, deployment=40.0%, MSE=5.054e-04, K=34.30
Epoch 082/96 joint_finetune [=.......................] 1/24 MSE=1.784e-03 pass=0.0% K=42.9 feasibleK=44.6 countMAE=4.66 lr=proposal:0.0e+00/parameter:0.0e+00/selector:2.0e-04/decoder:5.0e-05
Epoch 082/96 joint_finetune [==========..............] 10/24 MSE=1.952e-03 pass=0.0% K=42.1 feasibleK=44.0 countMAE=3.73 lr=proposal:0.0e+00/parameter:0.0e+00/selector:2.0e-04/decoder:5.0e-05
Epoch 082/96 joint_finetune [====================....] 20/24 MSE=1.666e-03 pass=1.6% K=42.0 feasibleK=44.0 countMAE=4.38 lr=proposal:0.0e+00/parameter:0.0e+00/selector:2.0e-04/decoder:5.0e-05
Epoch 082/96 joint_finetune [========================] 24/24 MSE=1.731e-03 pass=0.0% K=46.1 feasibleK=48.0 countMAE=4.29 lr=proposal:0.0e+00/parameter:0.0e+00/selector:2.0e-04/decoder:5.0e-05
  validation [==......................] 1/9 
  validation [========================] 9/9 
Epoch 082 phase=joint_finetune lr=proposal:0.0e+00/parameter:0.0e+00/selector:2.0e-04/decoder:5.0e-05 val dense=90.0% deployment=10.5% worst-source=0.0% qualification=0.0% MSE=1.791e-03 K=34.12 mass=33.62 beta=0.33 soft_cost=4.3067 selection_score=-4.3067 complexity=1.00->1.00 safety=0+0.00sigma scale=0.00->0.00 pass_reference_only=0.0%
  Joint train structure: Keep P/R/F1=0.729/0.708/0.718, critical_false_delete=0.287, proposal R@.005/.01/.02=0.685/1.000/1.000, parameter_bias=9.212e-03, count-cal loss=9.855e-03, score/target/bias/MAE=43.17/44.73/-1.56/4.41, fine-risk mean/std/range=0.933/0.128/0.499, fine-loss/rank=4.256e-01/2.052e+00
  Counterfactual Keep: feasible-swap=5.0%, swap-equivalent recall=0.717, OR loss=6.059e-01
  Feasibility chain: numerical Teacher pass/MSE=86.0%/1.017e-04, student teacher-mask pass/MSE=77.8%/9.131e-05, student one-shot pass/MSE=0.3%/1.713e-03, teacher-source |K gap|=7.39
  Synthetic K=56: n=44, dense=0.0%, deployment=0.0%
  Synthetic K>=45: n=146, dense=63.0%, deployment=0.0%, MSE=1.307e-03, K=58.01
  Synthetic: dense=86.5%, deployment=0.0%, MSE=2.053e-03, K=38.81, targetK=34.78, count_MAE=4.51, bias=+4.04, knot_F1@0.01=0.656, param_RMSE=2.320e-02
  uji_pen_characters_v2: dense=100.0%, deployment=67.5%, MSE=6.266e-04, K=18.50
  natural_earth_10m_coastline: dense=95.0%, deployment=5.0%, MSE=1.650e-03, K=18.77
  usgs_tnm_contours_large_scale: dense=100.0%, deployment=15.0%, MSE=1.558e-03, K=19.93
  industrial_model_offset_curves: dense=100.0%, deployment=60.0%, MSE=7.073e-04, K=32.35
Epoch 083/96 joint_finetune [=.......................] 1/24 MSE=1.742e-03 pass=0.0% K=46.1 feasibleK=49.4 countMAE=4.52 lr=proposal:0.0e+00/parameter:0.0e+00/selector:2.0e-04/decoder:5.0e-05
Epoch 083/96 joint_finetune [==========..............] 10/24 MSE=1.549e-03 pass=0.0% K=47.0 feasibleK=48.4 countMAE=4.72 lr=proposal:0.0e+00/parameter:0.0e+00/selector:2.0e-04/decoder:5.0e-05
Epoch 083/96 joint_finetune [====================....] 20/24 MSE=1.961e-03 pass=0.0% K=40.2 feasibleK=43.2 countMAE=3.97 lr=proposal:0.0e+00/parameter:0.0e+00/selector:2.0e-04/decoder:5.0e-05
Epoch 083/96 joint_finetune [========================] 24/24 MSE=1.582e-03 pass=0.0% K=44.7 feasibleK=44.8 countMAE=3.89 lr=proposal:0.0e+00/parameter:0.0e+00/selector:2.0e-04/decoder:5.0e-05
  validation [==......................] 1/9 
  validation [========================] 9/9 
Epoch 083 phase=joint_finetune lr=proposal:0.0e+00/parameter:0.0e+00/selector:2.0e-04/decoder:5.0e-05 val dense=90.0% deployment=12.7% worst-source=0.2% qualification=0.0% MSE=1.326e-03 K=38.18 mass=37.69 beta=0.06 soft_cost=3.9973 selection_score=-3.9973 complexity=1.00->1.00 safety=0+0.00sigma scale=0.00->0.00 pass_reference_only=0.0%
  Joint train structure: Keep P/R/F1=0.733/0.712/0.722, critical_false_delete=0.285, proposal R@.005/.01/.02=0.685/1.000/1.000, parameter_bias=9.180e-03, count-cal loss=9.201e-03, score/target/bias/MAE=43.22/44.73/-1.51/4.35, fine-risk mean/std/range=0.933/0.128/0.499, fine-loss/rank=4.261e-01/2.052e+00
  Counterfactual Keep: feasible-swap=5.0%, swap-equivalent recall=0.720, OR loss=5.996e-01
  Feasibility chain: numerical Teacher pass/MSE=86.0%/1.017e-04, student teacher-mask pass/MSE=76.7%/9.133e-05, student one-shot pass/MSE=0.1%/1.730e-03, teacher-source |K gap|=7.39
  Synthetic K=56: n=44, dense=0.0%, deployment=0.0%
  Synthetic K>=45: n=146, dense=63.0%, deployment=0.0%, MSE=1.083e-03, K=59.94
  Synthetic: dense=86.5%, deployment=0.2%, MSE=1.586e-03, K=42.32, targetK=34.78, count_MAE=7.54, bias=+7.54, knot_F1@0.01=0.663, param_RMSE=2.312e-02
  uji_pen_characters_v2: dense=100.0%, deployment=75.0%, MSE=5.696e-04, K=24.48
  natural_earth_10m_coastline: dense=95.0%, deployment=10.0%, MSE=9.542e-04, K=25.15
  usgs_tnm_contours_large_scale: dense=100.0%, deployment=30.0%, MSE=7.095e-04, K=25.52
  industrial_model_offset_curves: dense=100.0%, deployment=60.0%, MSE=4.783e-04, K=36.15
Epoch 084/96 joint_finetune [=.......................] 1/24 MSE=1.343e-03 pass=0.0% K=49.9 feasibleK=49.6 countMAE=4.91 lr=proposal:0.0e+00/parameter:0.0e+00/selector:2.0e-04/decoder:5.0e-05
Epoch 084/96 joint_finetune [==========..............] 10/24 MSE=1.832e-03 pass=0.0% K=43.0 feasibleK=44.0 countMAE=3.77 lr=proposal:0.0e+00/parameter:0.0e+00/selector:2.0e-04/decoder:5.0e-05
Epoch 084/96 joint_finetune [====================....] 20/24 MSE=1.709e-03 pass=1.6% K=40.8 feasibleK=42.2 countMAE=4.59 lr=proposal:0.0e+00/parameter:0.0e+00/selector:2.0e-04/decoder:5.0e-05
Epoch 084/96 joint_finetune [========================] 24/24 MSE=1.454e-03 pass=0.0% K=46.8 feasibleK=49.6 countMAE=4.93 lr=proposal:0.0e+00/parameter:0.0e+00/selector:2.0e-04/decoder:5.0e-05
  validation [==......................] 1/9 
  validation [========================] 9/9 
Epoch 084 phase=joint_finetune lr=proposal:0.0e+00/parameter:0.0e+00/selector:2.0e-04/decoder:5.0e-05 val dense=90.0% deployment=13.6% worst-source=1.5% qualification=0.0% MSE=1.515e-03 K=35.17 mass=34.67 beta=0.42 soft_cost=4.0677 selection_score=-4.0677 complexity=1.00->1.00 safety=0+0.00sigma scale=0.00->0.00 pass_reference_only=0.0%
  Joint train structure: Keep P/R/F1=0.729/0.715/0.722, critical_false_delete=0.282, proposal R@.005/.01/.02=0.685/1.000/1.000, parameter_bias=9.150e-03, count-cal loss=1.055e-02, score/target/bias/MAE=43.65/44.73/-1.08/4.52, fine-risk mean/std/range=0.933/0.128/0.499, fine-loss/rank=4.187e-01/2.056e+00
  Counterfactual Keep: feasible-swap=5.0%, swap-equivalent recall=0.724, OR loss=5.897e-01
  Feasibility chain: numerical Teacher pass/MSE=86.0%/1.017e-04, student teacher-mask pass/MSE=76.5%/9.158e-05, student one-shot pass/MSE=0.4%/1.626e-03, teacher-source |K gap|=7.39
  Synthetic K=56: n=44, dense=0.0%, deployment=0.0%
  Synthetic K>=45: n=146, dense=63.0%, deployment=0.0%, MSE=1.380e-03, K=57.28
  Synthetic: dense=86.5%, deployment=1.5%, MSE=1.826e-03, K=38.88, targetK=34.78, count_MAE=4.68, bias=+4.10, knot_F1@0.01=0.657, param_RMSE=2.295e-02
  uji_pen_characters_v2: dense=100.0%, deployment=80.0%, MSE=5.166e-04, K=23.93
  natural_earth_10m_coastline: dense=95.0%, deployment=20.0%, MSE=9.658e-04, K=24.80
  usgs_tnm_contours_large_scale: dense=100.0%, deployment=40.0%, MSE=7.546e-04, K=23.32
  industrial_model_offset_curves: dense=100.0%, deployment=35.0%, MSE=7.100e-04, K=31.57
Epoch 085/96 joint_finetune [=.......................] 1/24 MSE=1.637e-03 pass=4.7% K=41.5 feasibleK=43.5 countMAE=4.94 lr=proposal:0.0e+00/parameter:0.0e+00/selector:2.0e-04/decoder:5.0e-05
Epoch 085/96 joint_finetune [==========..............] 10/24 MSE=1.676e-03 pass=0.0% K=44.7 feasibleK=45.8 countMAE=4.06 lr=proposal:0.0e+00/parameter:0.0e+00/selector:2.0e-04/decoder:5.0e-05
Epoch 085/96 joint_finetune [====================....] 20/24 MSE=1.731e-03 pass=0.0% K=44.1 feasibleK=46.9 countMAE=4.38 lr=proposal:0.0e+00/parameter:0.0e+00/selector:2.0e-04/decoder:5.0e-05
Epoch 085/96 joint_finetune [========================] 24/24 MSE=1.904e-03 pass=0.0% K=43.4 feasibleK=47.7 countMAE=5.46 lr=proposal:0.0e+00/parameter:0.0e+00/selector:2.0e-04/decoder:5.0e-05
  validation [==......................] 1/9 
  validation [========================] 9/9 
Epoch 085 phase=joint_finetune lr=proposal:0.0e+00/parameter:0.0e+00/selector:2.0e-04/decoder:5.0e-05 val dense=90.0% deployment=12.9% worst-source=0.2% qualification=0.0% MSE=1.642e-03 K=33.81 mass=33.29 beta=0.51 soft_cost=4.1699 selection_score=-4.1699 complexity=1.00->1.00 safety=0+0.00sigma scale=0.00->0.00 pass_reference_only=0.0%
  Joint train structure: Keep P/R/F1=0.731/0.709/0.719, critical_false_delete=0.289, proposal R@.005/.01/.02=0.685/1.000/1.000, parameter_bias=9.120e-03, count-cal loss=1.126e-02, score/target/bias/MAE=43.16/44.73/-1.58/4.39, fine-risk mean/std/range=0.933/0.128/0.499, fine-loss/rank=4.338e-01/2.056e+00
  Counterfactual Keep: feasible-swap=5.0%, swap-equivalent recall=0.717, OR loss=6.315e-01
  Feasibility chain: numerical Teacher pass/MSE=86.0%/1.017e-04, student teacher-mask pass/MSE=77.3%/9.137e-05, student one-shot pass/MSE=0.6%/1.622e-03, teacher-source |K gap|=7.39
  Synthetic K=56: n=44, dense=0.0%, deployment=0.0%
  Synthetic K>=45: n=146, dense=63.0%, deployment=0.0%, MSE=1.389e-03, K=57.12
  Synthetic: dense=86.5%, deployment=0.2%, MSE=1.958e-03, K=37.88, targetK=34.78, count_MAE=4.12, bias=+3.10, knot_F1@0.01=0.660, param_RMSE=2.261e-02
  uji_pen_characters_v2: dense=100.0%, deployment=72.5%, MSE=5.750e-04, K=19.50
  natural_earth_10m_coastline: dense=95.0%, deployment=17.5%, MSE=1.115e-03, K=21.30
  usgs_tnm_contours_large_scale: dense=100.0%, deployment=32.5%, MSE=1.133e-03, K=20.82
  industrial_model_offset_curves: dense=100.0%, deployment=55.0%, MSE=5.865e-04, K=32.80
Epoch 086/96 joint_finetune [=.......................] 1/24 MSE=1.813e-03 pass=0.0% K=41.2 feasibleK=45.3 countMAE=4.80 lr=proposal:0.0e+00/parameter:0.0e+00/selector:2.0e-04/decoder:5.0e-05
Epoch 086/96 joint_finetune [==========..............] 10/24 MSE=1.537e-03 pass=1.6% K=42.4 feasibleK=42.4 countMAE=4.31 lr=proposal:0.0e+00/parameter:0.0e+00/selector:2.0e-04/decoder:5.0e-05
Epoch 086/96 joint_finetune [====================....] 20/24 MSE=1.553e-03 pass=1.6% K=42.6 feasibleK=41.5 countMAE=5.08 lr=proposal:0.0e+00/parameter:0.0e+00/selector:2.0e-04/decoder:5.0e-05
Epoch 086/96 joint_finetune [========================] 24/24 MSE=1.548e-03 pass=0.0% K=40.9 feasibleK=41.0 countMAE=4.39 lr=proposal:0.0e+00/parameter:0.0e+00/selector:2.0e-04/decoder:5.0e-05
  validation [==......................] 1/9 
  validation [========================] 9/9 
Epoch 086 phase=joint_finetune lr=proposal:0.0e+00/parameter:0.0e+00/selector:2.0e-04/decoder:5.0e-05 val dense=90.0% deployment=13.0% worst-source=0.8% qualification=0.0% MSE=1.487e-03 K=35.74 mass=35.23 beta=0.43 soft_cost=4.0720 selection_score=-4.0720 complexity=1.00->1.00 safety=0+0.00sigma scale=0.00->0.00 pass_reference_only=0.0%
  Joint train structure: Keep P/R/F1=0.730/0.724/0.726, critical_false_delete=0.273, proposal R@.005/.01/.02=0.685/1.000/1.000, parameter_bias=9.105e-03, count-cal loss=1.321e-02, score/target/bias/MAE=44.16/44.73/-0.57/4.95, fine-risk mean/std/range=0.933/0.128/0.499, fine-loss/rank=4.151e-01/2.065e+00
  Counterfactual Keep: feasible-swap=5.0%, swap-equivalent recall=0.732, OR loss=6.096e-01
  Feasibility chain: numerical Teacher pass/MSE=86.0%/1.017e-04, student teacher-mask pass/MSE=75.9%/9.157e-05, student one-shot pass/MSE=0.9%/1.540e-03, teacher-source |K gap|=7.39
  Synthetic K=56: n=44, dense=0.0%, deployment=0.0%
  Synthetic K>=45: n=146, dense=63.0%, deployment=0.0%, MSE=1.313e-03, K=58.36
  Synthetic: dense=86.5%, deployment=0.8%, MSE=1.749e-03, K=39.90, targetK=34.78, count_MAE=5.45, bias=+5.12, knot_F1@0.01=0.666, param_RMSE=2.222e-02
  uji_pen_characters_v2: dense=100.0%, deployment=75.0%, MSE=9.110e-04, K=20.93
  natural_earth_10m_coastline: dense=95.0%, deployment=20.0%, MSE=1.040e-03, K=23.32
  usgs_tnm_contours_large_scale: dense=100.0%, deployment=32.5%, MSE=8.862e-04, K=22.77
  industrial_model_offset_curves: dense=100.0%, deployment=47.5%, MSE=4.897e-04, K=34.45
Epoch 087/96 joint_finetune [=.......................] 1/24 MSE=1.697e-03 pass=0.0% K=43.9 feasibleK=45.3 countMAE=3.73 lr=proposal:0.0e+00/parameter:0.0e+00/selector:2.0e-04/decoder:5.0e-05
Epoch 087/96 joint_finetune [==========..............] 10/24 MSE=1.636e-03 pass=0.0% K=42.5 feasibleK=44.8 countMAE=5.44 lr=proposal:0.0e+00/parameter:0.0e+00/selector:2.0e-04/decoder:5.0e-05
Epoch 087/96 joint_finetune [====================....] 20/24 MSE=1.439e-03 pass=0.0% K=44.7 feasibleK=44.3 countMAE=4.06 lr=proposal:0.0e+00/parameter:0.0e+00/selector:2.0e-04/decoder:5.0e-05
Epoch 087/96 joint_finetune [========================] 24/24 MSE=1.503e-03 pass=0.0% K=41.0 feasibleK=41.5 countMAE=3.11 lr=proposal:0.0e+00/parameter:0.0e+00/selector:2.0e-04/decoder:5.0e-05
  validation [==......................] 1/9 
  validation [========================] 9/9 
Epoch 087 phase=joint_finetune lr=proposal:0.0e+00/parameter:0.0e+00/selector:2.0e-04/decoder:5.0e-05 val dense=90.0% deployment=12.9% worst-source=1.0% qualification=0.0% MSE=1.315e-03 K=36.05 mass=35.56 beta=0.39 soft_cost=3.9886 selection_score=-3.9886 complexity=1.00->1.00 safety=0+0.00sigma scale=0.00->0.00 pass_reference_only=0.0%
  Joint train structure: Keep P/R/F1=0.732/0.714/0.723, critical_false_delete=0.283, proposal R@.005/.01/.02=0.685/1.000/1.000, parameter_bias=9.113e-03, count-cal loss=1.208e-02, score/target/bias/MAE=43.38/44.73/-1.35/4.57, fine-risk mean/std/range=0.933/0.128/0.499, fine-loss/rank=4.341e-01/2.063e+00
  Counterfactual Keep: feasible-swap=5.0%, swap-equivalent recall=0.722, OR loss=6.395e-01
  Feasibility chain: numerical Teacher pass/MSE=86.0%/1.017e-04, student teacher-mask pass/MSE=77.6%/9.120e-05, student one-shot pass/MSE=0.9%/1.576e-03, teacher-source |K gap|=7.39
  Synthetic K=56: n=44, dense=0.0%, deployment=0.0%
  Synthetic K>=45: n=146, dense=63.0%, deployment=0.0%, MSE=1.218e-03, K=59.10
  Synthetic: dense=86.5%, deployment=1.0%, MSE=1.592e-03, K=40.51, targetK=34.78, count_MAE=5.93, bias=+5.72, knot_F1@0.01=0.677, param_RMSE=2.201e-02
  uji_pen_characters_v2: dense=100.0%, deployment=62.5%, MSE=5.783e-04, K=19.18
  natural_earth_10m_coastline: dense=95.0%, deployment=10.0%, MSE=1.045e-03, K=22.07
  usgs_tnm_contours_large_scale: dense=100.0%, deployment=37.5%, MSE=5.168e-04, K=23.10
  industrial_model_offset_curves: dense=100.0%, deployment=60.0%, MSE=3.539e-04, K=35.30
Epoch 088/96 joint_finetune [=.......................] 1/24 MSE=1.737e-03 pass=0.0% K=40.0 feasibleK=41.9 countMAE=3.94 lr=proposal:0.0e+00/parameter:0.0e+00/selector:2.0e-04/decoder:5.0e-05
Epoch 088/96 joint_finetune [==========..............] 10/24 MSE=1.819e-03 pass=1.6% K=43.8 feasibleK=47.8 countMAE=5.05 lr=proposal:0.0e+00/parameter:0.0e+00/selector:2.0e-04/decoder:5.0e-05
Epoch 088/96 joint_finetune [====================....] 20/24 MSE=1.249e-03 pass=1.6% K=45.5 feasibleK=45.4 countMAE=5.50 lr=proposal:0.0e+00/parameter:0.0e+00/selector:2.0e-04/decoder:5.0e-05
Epoch 088/96 joint_finetune [========================] 24/24 MSE=1.429e-03 pass=0.0% K=47.6 feasibleK=47.6 countMAE=5.00 lr=proposal:0.0e+00/parameter:0.0e+00/selector:2.0e-04/decoder:5.0e-05
  validation [==......................] 1/9 
  validation [========================] 9/9 
Epoch 088 phase=joint_finetune lr=proposal:0.0e+00/parameter:0.0e+00/selector:2.0e-04/decoder:5.0e-05 val dense=90.0% deployment=18.4% worst-source=4.5% qualification=0.0% MSE=1.105e-03 K=36.50 mass=36.01 beta=0.48 soft_cost=3.6527 selection_score=-3.6527 complexity=1.00->1.00 safety=0+0.00sigma scale=0.00->0.00 pass_reference_only=0.0%
  Joint train structure: Keep P/R/F1=0.730/0.706/0.718, critical_false_delete=0.292, proposal R@.005/.01/.02=0.685/1.000/1.000, parameter_bias=9.056e-03, count-cal loss=1.338e-02, score/target/bias/MAE=42.99/44.73/-1.74/4.82, fine-risk mean/std/range=0.933/0.128/0.499, fine-loss/rank=4.484e-01/2.068e+00
  Counterfactual Keep: feasible-swap=5.1%, swap-equivalent recall=0.714, OR loss=6.333e-01
  Feasibility chain: numerical Teacher pass/MSE=86.0%/1.017e-04, student teacher-mask pass/MSE=76.4%/9.166e-05, student one-shot pass/MSE=1.2%/1.541e-03, teacher-source |K gap|=7.39
  Synthetic K=56: n=44, dense=0.0%, deployment=0.0%
  Synthetic K>=45: n=146, dense=63.0%, deployment=0.0%, MSE=1.135e-03, K=58.83
  Synthetic: dense=86.5%, deployment=4.5%, MSE=1.393e-03, K=40.76, targetK=34.78, count_MAE=6.23, bias=+5.98, knot_F1@0.01=0.678, param_RMSE=2.139e-02
  uji_pen_characters_v2: dense=100.0%, deployment=82.5%, MSE=5.106e-04, K=19.50
  natural_earth_10m_coastline: dense=95.0%, deployment=20.0%, MSE=5.915e-04, K=24.05
  usgs_tnm_contours_large_scale: dense=100.0%, deployment=52.5%, MSE=3.212e-04, K=24.57
  industrial_model_offset_curves: dense=100.0%, deployment=57.5%, MSE=1.231e-04, K=35.30
Epoch 089/96 joint_finetune [=.......................] 1/24 MSE=1.291e-03 pass=1.6% K=44.1 feasibleK=45.0 countMAE=4.41 lr=proposal:0.0e+00/parameter:0.0e+00/selector:2.0e-04/decoder:5.0e-05
Epoch 089/96 joint_finetune [==========..............] 10/24 MSE=1.431e-03 pass=0.0% K=46.3 feasibleK=46.3 countMAE=4.55 lr=proposal:0.0e+00/parameter:0.0e+00/selector:2.0e-04/decoder:5.0e-05
Epoch 089/96 joint_finetune [====================....] 20/24 MSE=1.457e-03 pass=0.0% K=44.3 feasibleK=47.2 countMAE=4.89 lr=proposal:0.0e+00/parameter:0.0e+00/selector:2.0e-04/decoder:5.0e-05
Epoch 089/96 joint_finetune [========================] 24/24 MSE=1.288e-03 pass=0.0% K=45.8 feasibleK=45.5 countMAE=4.86 lr=proposal:0.0e+00/parameter:0.0e+00/selector:2.0e-04/decoder:5.0e-05
  validation [==......................] 1/9 
  validation [========================] 9/9 
Epoch 089 phase=joint_finetune lr=proposal:0.0e+00/parameter:0.0e+00/selector:2.0e-04/decoder:5.0e-05 val dense=90.0% deployment=13.4% worst-source=2.0% qualification=0.0% MSE=1.152e-03 K=37.34 mass=36.85 beta=0.22 soft_cost=3.8545 selection_score=-3.8545 complexity=1.00->1.00 safety=0+0.00sigma scale=0.00->0.00 pass_reference_only=0.0%
  Joint train structure: Keep P/R/F1=0.732/0.714/0.723, critical_false_delete=0.283, proposal R@.005/.01/.02=0.685/1.000/1.000, parameter_bias=9.067e-03, count-cal loss=1.314e-02, score/target/bias/MAE=43.39/44.73/-1.35/4.62, fine-risk mean/std/range=0.933/0.128/0.499, fine-loss/rank=4.456e-01/2.082e+00
  Counterfactual Keep: feasible-swap=5.0%, swap-equivalent recall=0.723, OR loss=6.894e-01
  Feasibility chain: numerical Teacher pass/MSE=86.0%/1.017e-04, student teacher-mask pass/MSE=76.7%/9.161e-05, student one-shot pass/MSE=1.3%/1.452e-03, teacher-source |K gap|=7.39
  Synthetic K=56: n=44, dense=0.0%, deployment=0.0%
  Synthetic K>=45: n=146, dense=63.0%, deployment=0.0%, MSE=1.027e-03, K=60.79
  Synthetic: dense=86.5%, deployment=2.0%, MSE=1.367e-03, K=42.52, targetK=34.78, count_MAE=7.81, bias=+7.74, knot_F1@0.01=0.691, param_RMSE=2.068e-02
  uji_pen_characters_v2: dense=100.0%, deployment=62.5%, MSE=9.245e-04, K=16.57
  natural_earth_10m_coastline: dense=95.0%, deployment=7.5%, MSE=9.390e-04, K=20.88
  usgs_tnm_contours_large_scale: dense=100.0%, deployment=35.0%, MSE=3.987e-04, K=23.48
  industrial_model_offset_curves: dense=100.0%, deployment=62.5%, MSE=1.885e-04, K=36.75
Epoch 090/96 joint_finetune [=.......................] 1/24 MSE=1.208e-03 pass=1.6% K=45.0 feasibleK=42.9 countMAE=4.69 lr=proposal:0.0e+00/parameter:0.0e+00/selector:2.0e-04/decoder:5.0e-05
Epoch 090/96 joint_finetune [==========..............] 10/24 MSE=1.392e-03 pass=7.8% K=41.3 feasibleK=42.2 countMAE=4.20 lr=proposal:0.0e+00/parameter:0.0e+00/selector:2.0e-04/decoder:5.0e-05
Epoch 090/96 joint_finetune [====================....] 20/24 MSE=1.104e-03 pass=4.7% K=42.8 feasibleK=40.8 countMAE=4.55 lr=proposal:0.0e+00/parameter:0.0e+00/selector:2.0e-04/decoder:5.0e-05
Epoch 090/96 joint_finetune [========================] 24/24 MSE=1.501e-03 pass=0.0% K=46.9 feasibleK=48.4 countMAE=4.04 lr=proposal:0.0e+00/parameter:0.0e+00/selector:2.0e-04/decoder:5.0e-05
  validation [==......................] 1/9 
  validation [========================] 9/9 
Epoch 090 phase=joint_finetune lr=proposal:0.0e+00/parameter:0.0e+00/selector:2.0e-04/decoder:5.0e-05 val dense=90.0% deployment=19.6% worst-source=5.2% qualification=0.0% MSE=1.017e-03 K=36.46 mass=35.97 beta=0.46 soft_cost=3.5577 selection_score=-3.5577 complexity=1.00->1.00 safety=0+0.00sigma scale=0.00->0.00 pass_reference_only=0.0%
  Joint train structure: Keep P/R/F1=0.730/0.719/0.724, critical_false_delete=0.280, proposal R@.005/.01/.02=0.685/1.000/1.000, parameter_bias=9.092e-03, count-cal loss=1.546e-02, score/target/bias/MAE=43.79/44.73/-0.94/4.75, fine-risk mean/std/range=0.933/0.128/0.499, fine-loss/rank=4.354e-01/2.079e+00
  Counterfactual Keep: feasible-swap=5.0%, swap-equivalent recall=0.727, OR loss=6.277e-01
  Feasibility chain: numerical Teacher pass/MSE=86.0%/1.017e-04, student teacher-mask pass/MSE=78.6%/9.124e-05, student one-shot pass/MSE=2.3%/1.372e-03, teacher-source |K gap|=7.39
  Synthetic K=56: n=44, dense=0.0%, deployment=0.0%
  Synthetic K>=45: n=146, dense=63.0%, deployment=0.0%, MSE=1.231e-03, K=58.35
  Synthetic: dense=86.5%, deployment=5.2%, MSE=1.324e-03, K=40.87, targetK=34.78, count_MAE=6.28, bias=+6.09, knot_F1@0.01=0.685, param_RMSE=1.962e-02
  uji_pen_characters_v2: dense=100.0%, deployment=80.0%, MSE=1.912e-04, K=18.68
  natural_earth_10m_coastline: dense=95.0%, deployment=30.0%, MSE=4.431e-04, K=24.38
  usgs_tnm_contours_large_scale: dense=100.0%, deployment=47.5%, MSE=2.385e-04, K=23.90
  industrial_model_offset_curves: dense=100.0%, deployment=65.0%, MSE=1.286e-04, K=34.75
Epoch 091/96 joint_finetune [=.......................] 1/24 MSE=1.332e-03 pass=1.6% K=45.0 feasibleK=45.0 countMAE=4.05 lr=proposal:0.0e+00/parameter:0.0e+00/selector:2.0e-04/decoder:5.0e-05
Epoch 091/96 joint_finetune [==========..............] 10/24 MSE=1.395e-03 pass=3.1% K=44.5 feasibleK=46.5 countMAE=5.34 lr=proposal:0.0e+00/parameter:0.0e+00/selector:2.0e-04/decoder:5.0e-05
Epoch 091/96 joint_finetune [====================....] 20/24 MSE=1.357e-03 pass=1.6% K=44.6 feasibleK=45.5 countMAE=5.28 lr=proposal:0.0e+00/parameter:0.0e+00/selector:2.0e-04/decoder:5.0e-05
Epoch 091/96 joint_finetune [========================] 24/24 MSE=1.114e-03 pass=0.0% K=45.1 feasibleK=43.3 countMAE=5.39 lr=proposal:0.0e+00/parameter:0.0e+00/selector:2.0e-04/decoder:5.0e-05
  validation [==......................] 1/9 
  validation [========================] 9/9 
Epoch 091 phase=joint_finetune lr=proposal:0.0e+00/parameter:0.0e+00/selector:2.0e-04/decoder:5.0e-05 val dense=90.0% deployment=15.0% worst-source=1.5% qualification=0.0% MSE=9.349e-04 K=37.64 mass=37.15 beta=0.23 soft_cost=3.6431 selection_score=-3.6431 complexity=1.00->1.00 safety=0+0.00sigma scale=0.00->0.00 pass_reference_only=0.0%
  Joint train structure: Keep P/R/F1=0.730/0.713/0.721, critical_false_delete=0.285, proposal R@.005/.01/.02=0.686/1.000/1.000, parameter_bias=9.085e-03, count-cal loss=1.389e-02, score/target/bias/MAE=43.43/44.73/-1.30/4.58, fine-risk mean/std/range=0.933/0.128/0.499, fine-loss/rank=4.407e-01/2.077e+00
  Counterfactual Keep: feasible-swap=5.0%, swap-equivalent recall=0.721, OR loss=6.612e-01
  Feasibility chain: numerical Teacher pass/MSE=86.0%/1.017e-04, student teacher-mask pass/MSE=79.0%/9.154e-05, student one-shot pass/MSE=2.4%/1.306e-03, teacher-source |K gap|=7.39
  Synthetic K=56: n=44, dense=0.0%, deployment=0.0%
  Synthetic K>=45: n=146, dense=63.0%, deployment=0.0%, MSE=9.888e-04, K=60.97
  Synthetic: dense=86.5%, deployment=1.5%, MSE=1.180e-03, K=43.29, targetK=34.78, count_MAE=8.56, bias=+8.51, knot_F1@0.01=0.694, param_RMSE=1.932e-02
  uji_pen_characters_v2: dense=100.0%, deployment=65.0%, MSE=3.846e-04, K=15.57
  natural_earth_10m_coastline: dense=95.0%, deployment=7.5%, MSE=5.621e-04, K=20.50
  usgs_tnm_contours_large_scale: dense=100.0%, deployment=40.0%, MSE=2.613e-04, K=23.32
  industrial_model_offset_curves: dense=100.0%, deployment=82.5%, MSE=8.345e-05, K=34.70
Epoch 092/96 joint_finetune [=.......................] 1/24 MSE=1.088e-03 pass=1.6% K=50.2 feasibleK=48.4 countMAE=6.66 lr=proposal:0.0e+00/parameter:0.0e+00/selector:2.0e-04/decoder:5.0e-05
Epoch 092/96 joint_finetune [==========..............] 10/24 MSE=1.531e-03 pass=7.8% K=41.1 feasibleK=45.4 countMAE=5.95 lr=proposal:0.0e+00/parameter:0.0e+00/selector:2.0e-04/decoder:5.0e-05
Epoch 092/96 joint_finetune [====================....] 20/24 MSE=1.136e-03 pass=1.6% K=46.6 feasibleK=47.0 countMAE=5.92 lr=proposal:0.0e+00/parameter:0.0e+00/selector:2.0e-04/decoder:5.0e-05
Epoch 092/96 joint_finetune [========================] 24/24 MSE=1.121e-03 pass=3.6% K=48.7 feasibleK=46.5 countMAE=4.82 lr=proposal:0.0e+00/parameter:0.0e+00/selector:2.0e-04/decoder:5.0e-05
  validation [==......................] 1/9 
  validation [========================] 9/9 
Epoch 092 phase=joint_finetune lr=proposal:0.0e+00/parameter:0.0e+00/selector:2.0e-04/decoder:5.0e-05 val dense=90.0% deployment=21.8% worst-source=7.5% qualification=0.0% MSE=8.635e-04 K=37.04 mass=36.54 beta=0.48 soft_cost=3.3579 selection_score=-3.3579 complexity=1.00->1.00 safety=0+0.00sigma scale=0.00->0.00 pass_reference_only=0.0%
  Joint train structure: Keep P/R/F1=0.729/0.712/0.720, critical_false_delete=0.285, proposal R@.005/.01/.02=0.686/1.000/1.000, parameter_bias=9.118e-03, count-cal loss=1.527e-02, score/target/bias/MAE=43.43/44.73/-1.30/5.20, fine-risk mean/std/range=0.933/0.128/0.499, fine-loss/rank=4.490e-01/2.082e+00
  Counterfactual Keep: feasible-swap=5.0%, swap-equivalent recall=0.720, OR loss=6.592e-01
  Feasibility chain: numerical Teacher pass/MSE=86.0%/1.017e-04, student teacher-mask pass/MSE=76.5%/9.228e-05, student one-shot pass/MSE=3.2%/1.302e-03, teacher-source |K gap|=7.39
  Synthetic K=56: n=44, dense=0.0%, deployment=0.0%
  Synthetic K>=45: n=146, dense=63.0%, deployment=0.0%, MSE=1.150e-03, K=59.44
  Synthetic: dense=86.5%, deployment=7.5%, MSE=1.114e-03, K=42.22, targetK=34.78, count_MAE=7.61, bias=+7.44, knot_F1@0.01=0.688, param_RMSE=1.913e-02
  uji_pen_characters_v2: dense=100.0%, deployment=70.0%, MSE=2.511e-04, K=16.65
  natural_earth_10m_coastline: dense=95.0%, deployment=27.5%, MSE=4.276e-04, K=22.27
  usgs_tnm_contours_large_scale: dense=100.0%, deployment=52.5%, MSE=2.016e-04, K=23.30
  industrial_model_offset_curves: dense=100.0%, deployment=80.0%, MSE=7.096e-05, K=34.05
Epoch 093/96 joint_finetune [=.......................] 1/24 MSE=1.111e-03 pass=9.4% K=48.8 feasibleK=48.5 countMAE=5.05 lr=proposal:0.0e+00/parameter:0.0e+00/selector:2.0e-04/decoder:5.0e-05
Epoch 093/96 joint_finetune [==========..............] 10/24 MSE=1.537e-03 pass=1.6% K=42.7 feasibleK=44.9 countMAE=4.30 lr=proposal:0.0e+00/parameter:0.0e+00/selector:2.0e-04/decoder:5.0e-05
Epoch 093/96 joint_finetune [====================....] 20/24 MSE=1.189e-03 pass=1.6% K=45.9 feasibleK=46.3 countMAE=4.86 lr=proposal:0.0e+00/parameter:0.0e+00/selector:2.0e-04/decoder:5.0e-05
Epoch 093/96 joint_finetune [========================] 24/24 MSE=1.253e-03 pass=7.1% K=41.7 feasibleK=43.5 countMAE=5.32 lr=proposal:0.0e+00/parameter:0.0e+00/selector:2.0e-04/decoder:5.0e-05
  validation [==......................] 1/9 
  validation [========================] 9/9 
Epoch 093 phase=joint_finetune lr=proposal:0.0e+00/parameter:0.0e+00/selector:2.0e-04/decoder:5.0e-05 val dense=90.0% deployment=18.0% worst-source=5.8% qualification=0.0% MSE=1.099e-03 K=34.23 mass=33.71 beta=0.69 soft_cost=3.6308 selection_score=-3.6308 complexity=1.00->1.00 safety=0+0.00sigma scale=0.00->0.00 pass_reference_only=0.0%
  Joint train structure: Keep P/R/F1=0.730/0.711/0.720, critical_false_delete=0.286, proposal R@.005/.01/.02=0.685/1.000/1.000, parameter_bias=9.146e-03, count-cal loss=1.488e-02, score/target/bias/MAE=43.34/44.73/-1.40/5.00, fine-risk mean/std/range=0.933/0.128/0.499, fine-loss/rank=4.454e-01/2.085e+00
  Counterfactual Keep: feasible-swap=5.0%, swap-equivalent recall=0.719, OR loss=6.674e-01
  Feasibility chain: numerical Teacher pass/MSE=86.0%/1.017e-04, student teacher-mask pass/MSE=79.1%/9.089e-05, student one-shot pass/MSE=3.5%/1.276e-03, teacher-source |K gap|=7.39
  Synthetic K=56: n=44, dense=0.0%, deployment=0.0%
  Synthetic K>=45: n=146, dense=63.0%, deployment=0.0%, MSE=1.346e-03, K=57.55
  Synthetic: dense=86.5%, deployment=5.8%, MSE=1.387e-03, K=39.22, targetK=34.78, count_MAE=5.24, bias=+4.44, knot_F1@0.01=0.690, param_RMSE=1.778e-02
  uji_pen_characters_v2: dense=100.0%, deployment=72.5%, MSE=5.128e-04, K=13.70
  natural_earth_10m_coastline: dense=95.0%, deployment=17.5%, MSE=6.350e-04, K=18.52
  usgs_tnm_contours_large_scale: dense=100.0%, deployment=37.5%, MSE=2.741e-04, K=20.55
  industrial_model_offset_curves: dense=100.0%, deployment=67.5%, MSE=9.337e-05, K=34.17
Epoch 094/96 joint_finetune [=.......................] 1/24 MSE=1.262e-03 pass=9.4% K=39.8 feasibleK=41.0 countMAE=4.75 lr=proposal:0.0e+00/parameter:0.0e+00/selector:2.0e-04/decoder:5.0e-05
Epoch 094/96 joint_finetune [==========..............] 10/24 MSE=9.439e-04 pass=6.2% K=50.2 feasibleK=49.3 countMAE=5.94 lr=proposal:0.0e+00/parameter:0.0e+00/selector:2.0e-04/decoder:5.0e-05
Epoch 094/96 joint_finetune [====================....] 20/24 MSE=1.434e-03 pass=3.1% K=43.4 feasibleK=44.2 countMAE=4.59 lr=proposal:0.0e+00/parameter:0.0e+00/selector:2.0e-04/decoder:5.0e-05
Epoch 094/96 joint_finetune [========================] 24/24 MSE=1.427e-03 pass=0.0% K=46.1 feasibleK=48.9 countMAE=4.32 lr=proposal:0.0e+00/parameter:0.0e+00/selector:2.0e-04/decoder:5.0e-05
  validation [==......................] 1/9 
  validation [========================] 9/9 
Epoch 094 phase=joint_finetune lr=proposal:0.0e+00/parameter:0.0e+00/selector:2.0e-04/decoder:5.0e-05 val dense=90.0% deployment=20.5% worst-source=7.2% qualification=0.0% MSE=9.431e-04 K=35.78 mass=35.30 beta=0.67 soft_cost=3.4477 selection_score=-3.4477 complexity=1.00->1.00 safety=0+0.00sigma scale=0.00->0.00 pass_reference_only=0.0%
  Joint train structure: Keep P/R/F1=0.729/0.717/0.722, critical_false_delete=0.281, proposal R@.005/.01/.02=0.685/1.000/1.000, parameter_bias=9.118e-03, count-cal loss=1.773e-02, score/target/bias/MAE=43.72/44.73/-1.01/5.13, fine-risk mean/std/range=0.933/0.128/0.499, fine-loss/rank=4.384e-01/2.079e+00
  Counterfactual Keep: feasible-swap=5.0%, swap-equivalent recall=0.725, OR loss=6.701e-01
  Feasibility chain: numerical Teacher pass/MSE=86.0%/1.017e-04, student teacher-mask pass/MSE=77.3%/9.230e-05, student one-shot pass/MSE=4.3%/1.212e-03, teacher-source |K gap|=7.39
  Synthetic K=56: n=44, dense=0.0%, deployment=0.0%
  Synthetic K>=45: n=146, dense=63.0%, deployment=0.0%, MSE=1.129e-03, K=59.15
  Synthetic: dense=86.5%, deployment=7.2%, MSE=1.227e-03, K=40.95, targetK=34.78, count_MAE=6.50, bias=+6.17, knot_F1@0.01=0.691, param_RMSE=1.764e-02
  uji_pen_characters_v2: dense=100.0%, deployment=82.5%, MSE=1.423e-04, K=14.65
  natural_earth_10m_coastline: dense=95.0%, deployment=17.5%, MSE=5.108e-04, K=20.68
  usgs_tnm_contours_large_scale: dense=100.0%, deployment=42.5%, MSE=1.913e-04, K=22.10
  industrial_model_offset_curves: dense=100.0%, deployment=72.5%, MSE=8.534e-05, K=34.02
Epoch 095/96 joint_finetune [=.......................] 1/24 MSE=1.064e-03 pass=9.4% K=43.1 feasibleK=43.0 countMAE=4.98 lr=proposal:0.0e+00/parameter:0.0e+00/selector:2.0e-04/decoder:5.0e-05
Epoch 095/96 joint_finetune [==========..............] 10/24 MSE=1.380e-03 pass=4.7% K=45.0 feasibleK=47.7 countMAE=5.00 lr=proposal:0.0e+00/parameter:0.0e+00/selector:2.0e-04/decoder:5.0e-05
Epoch 095/96 joint_finetune [====================....] 20/24 MSE=1.130e-03 pass=6.2% K=43.3 feasibleK=43.6 countMAE=4.59 lr=proposal:0.0e+00/parameter:0.0e+00/selector:2.0e-04/decoder:5.0e-05
Epoch 095/96 joint_finetune [========================] 24/24 MSE=1.197e-03 pass=3.6% K=41.5 feasibleK=43.3 countMAE=4.46 lr=proposal:0.0e+00/parameter:0.0e+00/selector:2.0e-04/decoder:5.0e-05
  validation [==......................] 1/9 
  validation [========================] 9/9 
Epoch 095 phase=joint_finetune lr=proposal:0.0e+00/parameter:0.0e+00/selector:2.0e-04/decoder:5.0e-05 val dense=90.0% deployment=18.8% worst-source=3.8% qualification=0.0% MSE=8.597e-04 K=35.78 mass=35.27 beta=0.58 soft_cost=3.4084 selection_score=-3.4084 complexity=1.00->1.00 safety=0+0.00sigma scale=0.00->0.00 pass_reference_only=0.0%
  Joint train structure: Keep P/R/F1=0.732/0.718/0.725, critical_false_delete=0.280, proposal R@.005/.01/.02=0.685/1.000/1.000, parameter_bias=9.132e-03, count-cal loss=1.384e-02, score/target/bias/MAE=43.62/44.73/-1.12/4.49, fine-risk mean/std/range=0.933/0.128/0.499, fine-loss/rank=4.540e-01/2.102e+00
  Counterfactual Keep: feasible-swap=5.0%, swap-equivalent recall=0.726, OR loss=6.648e-01
  Feasibility chain: numerical Teacher pass/MSE=86.0%/1.017e-04, student teacher-mask pass/MSE=78.3%/9.117e-05, student one-shot pass/MSE=4.9%/1.177e-03, teacher-source |K gap|=7.39
  Synthetic K=56: n=44, dense=0.0%, deployment=0.0%
  Synthetic K>=45: n=146, dense=63.0%, deployment=0.0%, MSE=1.098e-03, K=59.85
  Synthetic: dense=86.5%, deployment=3.8%, MSE=1.120e-03, K=40.97, targetK=34.78, count_MAE=6.45, bias=+6.19, knot_F1@0.01=0.710, param_RMSE=1.785e-02
  uji_pen_characters_v2: dense=100.0%, deployment=82.5%, MSE=1.029e-04, K=14.45
  natural_earth_10m_coastline: dense=95.0%, deployment=17.5%, MSE=5.007e-04, K=20.05
  usgs_tnm_contours_large_scale: dense=100.0%, deployment=52.5%, MSE=1.544e-04, K=22.02
  industrial_model_offset_curves: dense=100.0%, deployment=72.5%, MSE=7.520e-05, K=34.73
Epoch 096/96 joint_finetune [=.......................] 1/24 MSE=1.135e-03 pass=0.0% K=45.6 feasibleK=47.1 countMAE=4.48 lr=proposal:0.0e+00/parameter:0.0e+00/selector:2.0e-04/decoder:5.0e-05
Epoch 096/96 joint_finetune [==========..............] 10/24 MSE=1.295e-03 pass=10.9% K=41.1 feasibleK=43.8 countMAE=5.25 lr=proposal:0.0e+00/parameter:0.0e+00/selector:2.0e-04/decoder:5.0e-05
Epoch 096/96 joint_finetune [====================....] 20/24 MSE=1.247e-03 pass=3.1% K=46.5 feasibleK=46.5 countMAE=5.17 lr=proposal:0.0e+00/parameter:0.0e+00/selector:2.0e-04/decoder:5.0e-05
Epoch 096/96 joint_finetune [========================] 24/24 MSE=1.404e-03 pass=3.6% K=46.0 feasibleK=47.7 countMAE=4.04 lr=proposal:0.0e+00/parameter:0.0e+00/selector:2.0e-04/decoder:5.0e-05
  validation [==......................] 1/9 
  validation [========================] 9/9 
Epoch 096 phase=joint_finetune lr=proposal:0.0e+00/parameter:0.0e+00/selector:2.0e-04/decoder:5.0e-05 val dense=90.0% deployment=26.2% worst-source=11.0% qualification=0.0% MSE=1.003e-03 K=34.70 mass=34.21 beta=0.85 soft_cost=3.2987 selection_score=-3.2987 complexity=1.00->1.00 safety=0+0.00sigma scale=0.00->0.00 pass_reference_only=0.0%
  Joint train structure: Keep P/R/F1=0.729/0.713/0.720, critical_false_delete=0.283, proposal R@.005/.01/.02=0.685/1.000/1.000, parameter_bias=9.153e-03, count-cal loss=1.684e-02, score/target/bias/MAE=43.50/44.73/-1.23/4.83, fine-risk mean/std/range=0.933/0.128/0.499, fine-loss/rank=4.543e-01/2.092e+00
  Counterfactual Keep: feasible-swap=5.0%, swap-equivalent recall=0.722, OR loss=6.555e-01
  Feasibility chain: numerical Teacher pass/MSE=86.0%/1.017e-04, student teacher-mask pass/MSE=77.9%/9.258e-05, student one-shot pass/MSE=5.1%/1.208e-03, teacher-source |K gap|=7.39
  Synthetic K=56: n=44, dense=0.0%, deployment=0.0%
  Synthetic K>=45: n=146, dense=63.0%, deployment=0.0%, MSE=1.327e-03, K=57.21
  Synthetic: dense=86.5%, deployment=11.0%, MSE=1.335e-03, K=39.62, targetK=34.78, count_MAE=5.68, bias=+4.84, knot_F1@0.01=0.699, param_RMSE=1.734e-02
  uji_pen_characters_v2: dense=100.0%, deployment=80.0%, MSE=8.773e-05, K=13.97
  natural_earth_10m_coastline: dense=95.0%, deployment=37.5%, MSE=3.830e-04, K=20.70
  usgs_tnm_contours_large_scale: dense=100.0%, deployment=50.0%, MSE=1.826e-04, K=21.77
  industrial_model_offset_curves: dense=100.0%, deployment=90.0%, MSE=4.220e-05, K=33.20
Saved best v16: /home/feng/HouCode/SplineSurpervisedFitting/outputs/checkpoints/candidate_selection_v16_mse1e-4_keep_swap_highk72_linux_r1.pt; quality=supervised_fit_count_selected. Last/resume: /home/feng/HouCode/SplineSurpervisedFitting/outputs/checkpoints/candidate_selection_v16_mse1e-4_keep_swap_highk72_linux_r1.last.pt; Proposal best/final: /home/feng/HouCode/SplineSurpervisedFitting/outputs/checkpoints/candidate_selection_v16_mse1e-4_keep_swap_highk72_linux_r1.proposal.pt / /home/feng/HouCode/SplineSurpervisedFitting/outputs/checkpoints/candidate_selection_v16_mse1e-4_keep_swap_highk72_linux_r1.proposal.final.pt
