sample_id,source_dataset,group_id,split,reference_point_count,model_point_count,deployment_mode,retained_internal_knots,final_internal_knots,normalized_input_refit_mse,normalized_reference_mse,normalized_reference_rms,normalized_point_distance_p95,normalized_point_distance_max,normalized_symmetric_chamfer_mse,normalized_hausdorff,original_unit_reference_mse,original_unit_reference_rms,network_batch_time_ms,network_amortized_time_ms,learned_retained_internal_knots,learned_internal_knots,learned_normalized_reference_mse,learned_normalized_reference_rms,certified_target_mse,certified_status,certified_threshold_satisfied,reference_certificate_valid,reference_certificate_scope,continuous_curve_guaranteed,globally_minimal_knot_count_guaranteed,certified_failure_reason,certified_full_column_rank,certified_expected_solver_rank,certified_solver_rank,certified_rank_safe_max_knots,certified_effective_max_knots,certified_supplied_initial_count,certified_sanitized_initial_count,certified_added_knot_count,certified_position_refinement_used,certified_interpolation_fallback_attempted,certified_interpolation_fallback_used,certified_tolerance_polyline_fallback_attempted,certified_tolerance_polyline_fallback_used,certified_tolerance_polyline_vertex_count,certified_tolerance_polyline_measured_mse,certified_tolerance_polyline_insertion_count,certified_tolerance_polyline_compaction_removed_count,certified_tolerance_polyline_exceeded_adaptive_max_knots,certified_polyline_exact_fallback_attempted,certified_polyline_exact_fallback_used,certified_polyline_exceeded_adaptive_max_knots,certified_final_control_point_count,certified_maximum_internal_knot_multiplicity,certified_refit_count,certified_insertion_candidate_evaluations,certified_position_refit_count,certified_endpoint_max_distance,certified_postprocess_time_ms
uji2_03311_stroke_00,uji_pen_characters_v2,tst_UPV_W18,test,44,192,certified,21,"[0.01913629607829919, 0.10648388494919672, 0.15035968541064662, 0.19166075728268414, 0.23235344482775203, 0.28202132100782423, 0.33059831478999907, 0.3997589062186595, 0.43557615878592704, 0.4705452356381121, 0.49193481063050093, 0.54876763137668, 0.5848386178641959, 0.6354139486550963, 0.6822293440072713, 0.7117111201488303, 0.7835531440115092, 0.84983325117094, 0.9071597685006101, 0.9756752273529975, 0.9886713296383036]",3.0541835172002165e-05,9.066294933440374e-06,0.003011028882863858,0.0061740144050852,0.007251399554277269,,,3.96711511367428e-05,0.006298503880823033,32.20389998750761,2.0127437492192257,18,"[0.11024326086044312, 0.15236806869506836, 0.19303086400032043, 0.23171116411685944, 0.27910202741622925, 0.3265461325645447, 0.3923143148422241, 0.42655301094055176, 0.4613744616508484, 0.4839742183685303, 0.5408034324645996, 0.5782891511917114, 0.6302495002746582, 0.6789379119873047, 0.7086125612258911, 0.7809767723083496, 0.850707471370697, 0.9087173342704773]",5.911814064449745e-05,0.0076888322029094545,1e-05,adaptive_insertion_pass,True,True,measured mean squared Euclidean error on the supplied normalized ordered reference points; not a continuous-curve or global-minimality guarantee,False,False,,True,25,25,40,28,18,18,3,False,False,False,False,False,,,0,0,False,False,False,False,25,1,13,12,0,0.0,46.25670000677928
uji2_11557_stroke_00,uji_pen_characters_v2,tst_UPV_W60,test,119,192,certified,108,"[0.0066088521035594355, 0.0066088521035594355, 0.0066088521035594355, 0.03716164039868094, 0.03716164039868094, 0.03716164039868094, 0.11050040386539985, 0.11050040386539985, 0.11050040386539985, 0.12633571119677126, 0.12633571119677126, 0.12633571119677126, 0.13352654772196185, 0.13352654772196185, 0.13352654772196185, 0.1436500417809696, 0.1436500417809696, 0.1436500417809696, 0.1670068209920632, 0.1670068209920632, 0.1670068209920632, 0.2000012189709946, 0.2000012189709946, 0.2000012189709946, 0.2859636361133233, 0.2859636361133233, 0.2859636361133233, 0.3835158425861828, 0.3835158425861828, 0.3835158425861828, 0.4011762270153384, 0.4011762270153384, 0.4011762270153384, 0.40546205685436043, 0.40546205685436043, 0.40546205685436043, 0.4138993375617749, 0.4138993375617749, 0.4138993375617749, 0.42468356880279395, 0.42468356880279395, 0.42468356880279395, 0.43935804257914346, 0.43935804257914346, 0.43935804257914346, 0.45760383335946236, 0.45760383335946236, 0.45760383335946236, 0.4790230386671399, 0.4790230386671399, 0.4790230386671399, 0.5169016585058336, 0.5169016585058336, 0.5169016585058336, 0.5303363620228414, 0.5303363620228414, 0.5303363620228414, 0.5592227814591532, 0.5592227814591532, 0.5592227814591532, 0.5909511865572968, 0.5909511865572968, 0.5909511865572968, 0.6235651522866194, 0.6235651522866194, 0.6235651522866194, 0.6840885093101385, 0.6840885093101385, 0.6840885093101385, 0.7166565566523369, 0.7166565566523369, 0.7166565566523369, 0.7322073096706777, 0.7322073096706777, 0.7322073096706777, 0.749857339142802, 0.749857339142802, 0.749857339142802, 0.7607985596961513, 0.7607985596961513, 0.7607985596961513, 0.7659754021021173, 0.7659754021021173, 0.7659754021021173, 0.7790613775794778, 0.7790613775794778, 0.7790613775794778, 0.8251864223716594, 0.8251864223716594, 0.8251864223716594, 0.8618791565328413, 0.8618791565328413, 0.8618791565328413, 0.8832470220652305, 0.8832470220652305, 0.8832470220652305, 0.9021254194111145, 0.9021254194111145, 0.9021254194111145, 0.921872476355394, 0.921872476355394, 0.921872476355394, 0.9895457774681845, 0.9895457774681845, 0.9895457774681845, 0.9965121283655034, 0.9965121283655034, 0.9965121283655034]",0.00013127120915055514,9.763478333317152e-06,0.003124656514453573,0.006308641609855514,0.008204862063072612,,,0.00039646976963942857,0.019911548649952582,32.20389998750761,2.0127437492192257,20,"[0.06759826093912125, 0.1075214073061943, 0.17305181920528412, 0.2110409438610077, 0.2722059488296509, 0.3073171079158783, 0.34067800641059875, 0.3731768727302551, 0.4050992727279663, 0.4335281550884247, 0.48295751214027405, 0.5752396583557129, 0.6221655011177063, 0.6831343770027161, 0.7422598600387573, 0.7724859714508057, 0.8024300336837769, 0.8187545537948608, 0.8497310280799866, 0.9001404643058777]",0.00028910644654856616,0.017003130492605358,1e-05,tolerance_polyline_fallback_pass,True,True,measured mean squared Euclidean error on the supplied normalized ordered reference points; not a continuous-curve or global-minimality guarantee,False,False,,,112,,115,28,20,20,88,False,False,False,True,True,38,9.763478333317096e-06,36,0,True,False,False,False,112,3,33,32,0,0.0,196.15410000551492
uji2_02583_stroke_00,uji_pen_characters_v2,tst_UJI_W14,test,35,192,certified,25,"[0.0759930090680533, 0.07801392680649778, 0.11120490083010262, 0.14685078712647415, 0.18572663896453084, 0.2209061689408905, 0.25231234128547053, 0.2656007939230813, 0.2918927254982589, 0.3380482155470494, 0.3495160586663294, 0.4038907217490056, 0.43627111892864023, 0.47354490773001984, 0.5222744450726352, 0.5319152823465777, 0.6020919768094855, 0.6368193741783812, 0.6936567117069392, 0.8085967724902199, 0.8229690740257501, 0.8885838295827037, 0.9070133405395925, 0.931748033083155, 0.9527218687126054]",3.15131574227879e-05,6.7332354592937e-06,0.0025948478682369224,0.006508309396288618,0.009898903504204267,,,1.3982080615728464e-05,0.00373926204159704,32.20389998750761,2.0127437492192257,21,"[0.07432195544242859, 0.10938933491706848, 0.14616508781909943, 0.1845826804637909, 0.2198333740234375, 0.2514796853065491, 0.2657533586025238, 0.2913171350955963, 0.3372783064842224, 0.34884488582611084, 0.4008815586566925, 0.4327143430709839, 0.4701985716819763, 0.5173368453979492, 0.5276933908462524, 0.5985565781593323, 0.6339058876037598, 0.6934961676597595, 0.8123622536659241, 0.8267730474472046, 0.893850564956665]",8.987297136563018e-05,0.009480135619580037,1e-05,adaptive_insertion_pass,True,True,measured mean squared Euclidean error on the supplied normalized ordered reference points; not a continuous-curve or global-minimality guarantee,False,False,,True,29,29,31,28,21,21,4,False,False,False,False,False,,,0,0,False,False,False,False,29,1,17,16,0,0.0,355.95029999967664
uji2_03931_stroke_00,uji_pen_characters_v2,tst_UPV_W21,test,59,192,certified,75,"[0.049081090341925995, 0.049081090341925995, 0.049081090341925995, 0.08262403136465604, 0.08262403136465604, 0.08262403136465604, 0.11347044196811153, 0.11347044196811153, 0.11347044196811153, 0.12535148349985664, 0.12535148349985664, 0.12535148349985664, 0.13810594478863322, 0.13810594478863322, 0.13810594478863322, 0.1479421648740168, 0.1479421648740168, 0.1479421648740168, 0.16092786701123546, 0.16092786701123546, 0.16092786701123546, 0.18945655042802806, 0.18945655042802806, 0.18945655042802806, 0.23795705830989836, 0.23795705830989836, 0.23795705830989836, 0.2807885926163186, 0.2807885926163186, 0.2807885926163186, 0.3502073322490421, 0.3502073322490421, 0.3502073322490421, 0.4071572778697072, 0.4071572778697072, 0.4071572778697072, 0.6352338280854801, 0.6352338280854801, 0.6352338280854801, 0.6611316257904669, 0.6611316257904669, 0.6611316257904669, 0.6693723048783986, 0.6693723048783986, 0.6693723048783986, 0.677067118076198, 0.677067118076198, 0.677067118076198, 0.6994608103682264, 0.6994608103682264, 0.6994608103682264, 0.7148505115093493, 0.7148505115093493, 0.7148505115093493, 0.7514672166118608, 0.7514672166118608, 0.7514672166118608, 0.7879245822107259, 0.7879245822107259, 0.7879245822107259, 0.8049031015526142, 0.8049031015526142, 0.8049031015526142, 0.8207037722766178, 0.8207037722766178, 0.8207037722766178, 0.8365044430006214, 0.8365044430006214, 0.8365044430006214, 0.8690416213219151, 0.8690416213219151, 0.8690416213219151, 0.9628862426432153, 0.9628862426432153, 0.9628862426432153]",1.3510779884136545e-05,9.323845481193702e-06,0.003053497254165083,0.006592403672433019,0.007665273450441842,,,0.00014177438033222104,0.011906904733482208,32.20389998750761,2.0127437492192257,23,"[0.06548397988080978, 0.11217676103115082, 0.15405133366584778, 0.18786823749542236, 0.2224869281053543, 0.25605472922325134, 0.2746736407279968, 0.31246882677078247, 0.3532211482524872, 0.3861461579799652, 0.4187866747379303, 0.45119908452033997, 0.48297399282455444, 0.5139981508255005, 0.5705219507217407, 0.6561105847358704, 0.6661164164543152, 0.7205268740653992, 0.7817206978797913, 0.7991928458213806, 0.8209922313690186, 0.8380144834518433, 0.862825870513916]",4.2642710195200706e-05,0.006530138604593375,1e-05,tolerance_polyline_fallback_pass,True,True,measured mean squared Euclidean error on the supplied normalized ordered reference points; not a continuous-curve or global-minimality guarantee,False,False,,,79,,55,28,23,23,52,False,False,False,True,True,27,9.323845481193664e-06,25,0,True,False,False,False,79,3,21,20,0,0.0,108.77680004341528
uji2_05712_stroke_00,uji_pen_characters_v2,tst_UPV_W30,test,19,192,certified,15,"[0.08383908761577007, 0.13853680614631983, 0.20200112323998332, 0.2825708030242647, 0.3668098581962067, 0.4577230356315701, 0.5440210861404541, 0.6263604150172098, 0.6975319682059878, 0.7553562634043659, 0.796553466122122, 0.8334848636568304, 0.865857701531524, 0.9008816770450673, 0.9341350093085968]",7.070648986358768e-05,1.1975807760480112e-32,1.0943403383079741e-16,2.3325161678599346e-16,3.331391796911832e-16,,,5.792579399041527e-32,2.406777804252301e-16,32.20389998750761,2.0127437492192257,7,"[0.19013501703739166, 0.3348020613193512, 0.41453874111175537, 0.5856847167015076, 0.6592631936073303, 0.7677186727523804, 0.852158784866333]",0.00017872169492388445,0.01336868336538361,1e-05,interpolation_fallback_pass,True,True,measured mean squared Euclidean error on the supplied normalized ordered reference points; not a continuous-curve or global-minimality guarantee,False,False,,True,19,19,15,15,7,7,8,False,True,True,False,False,,,0,0,False,False,False,False,19,1,2,0,0,0.0,8.805899997241795
uji2_02621_stroke_00,uji_pen_characters_v2,tst_UJI_W14,test,41,192,certified,21,"[0.08405630131697707, 0.12144976642039328, 0.14420675884113313, 0.19578605603656704, 0.2001071937919879, 0.23448442554624666, 0.2405979138464717, 0.27527625582495446, 0.28486140638935054, 0.3066374761263101, 0.31149257439841394, 0.32738100262228914, 0.4339138077300557, 0.5420554623152676, 0.6073588876861743, 0.6306487394403067, 0.7520788830981148, 0.7552843353720986, 0.7939060044037161, 0.8210762394506386, 0.9038174571133005]",0.00012613563714914742,8.149860015006565e-06,0.0028547959673165023,0.006366178422195838,0.008998507051135644,,,0.00010895497454698434,0.010438149958061742,32.20389998750761,2.0127437492192257,13,"[0.14425446093082428, 0.19544348120689392, 0.23402808606624603, 0.2844124138355255, 0.32665807008743286, 0.43212416768074036, 0.5396689772605896, 0.6042153835296631, 0.6273173689842224, 0.7470545768737793, 0.7932445406913757, 0.8206403851509094, 0.9035566449165344]",0.0002515737176385461,0.015861075551126605,1e-05,adaptive_insertion_pass,True,True,measured mean squared Euclidean error on the supplied normalized ordered reference points; not a continuous-curve or global-minimality guarantee,False,False,,True,25,25,37,28,13,13,8,False,False,False,False,False,,,0,0,False,False,False,False,25,1,33,32,0,0.0,118.1061000097543
uji2_04585_stroke_00,uji_pen_characters_v2,tst_UPV_W24,test,22,192,certified,18,"[0.034730931322181025, 0.06114235442835999, 0.08774850529580726, 0.12344440739662806, 0.16110091943952773, 0.21135886627429926, 0.2650472641731078, 0.32678508751486895, 0.39004126830121694, 0.4567540336273474, 0.5220592582410152, 0.5858063556318073, 0.6453436447947835, 0.702491906458326, 0.7559785649365222, 0.8074399373680348, 0.8569923337461093, 0.9066634689648388]",5.377086084289435e-06,2.2002244981855117e-32,1.4833153738114872e-16,2.8002371433781047e-16,4.441434166503682e-16,,,1.4551803380828246e-31,3.81468260551625e-16,32.20389998750761,2.0127437492192257,17,"[0.13490527868270874, 0.20551779866218567, 0.2314380705356598, 0.2440577894449234, 0.2758243680000305, 0.32139652967453003, 0.3736673593521118, 0.42200005054473877, 0.45310598611831665, 0.4862704873085022, 0.5366498827934265, 0.5786682963371277, 0.6527526378631592, 0.748423159122467, 0.8043814897537231, 0.8295764923095703, 0.9066332578659058]",1.0073635032590277e-05,0.003173899026842265,1e-05,interpolation_fallback_pass,True,True,measured mean squared Euclidean error on the supplied normalized ordered reference points; not a continuous-curve or global-minimality guarantee,False,False,,True,22,22,18,18,17,17,1,False,True,True,False,False,,,0,0,False,False,False,False,22,1,2,0,0,0.0,7.842199993319809
uji2_11586_stroke_00,uji_pen_characters_v2,tst_UPV_W60,test,43,192,certified,30,"[0.02459105310089017, 0.02459105310089017, 0.02459105310089017, 0.03549800038289646, 0.03549800038289646, 0.03549800038289646, 0.23677363020143613, 0.23677363020143613, 0.23677363020143613, 0.30992537589683194, 0.30992537589683194, 0.30992537589683194, 0.4157566028854742, 0.4157566028854742, 0.4157566028854742, 0.46259916088390385, 0.46259916088390385, 0.46259916088390385, 0.4822217395220979, 0.4822217395220979, 0.4822217395220979, 0.6051809387945056, 0.6051809387945056, 0.6051809387945056, 0.8351871683089983, 0.8351871683089983, 0.8351871683089983, 0.9764014523169363, 0.9764014523169363, 0.9764014523169363]",2.9229254853420296e-05,9.51160697902506e-06,0.003084089327342037,0.0063713410927180554,0.007279220817267429,,,0.0001088173188026103,0.010431553997492909,32.20389998750761,2.0127437492192257,19,"[0.13908135890960693, 0.1971144676208496, 0.2329034060239792, 0.25790274143218994, 0.28677839040756226, 0.32818061113357544, 0.37185660004615784, 0.4364769756793976, 0.456985741853714, 0.49113211035728455, 0.5416467189788818, 0.5674101114273071, 0.6024250388145447, 0.6212310194969177, 0.6529262661933899, 0.7009497880935669, 0.7645915746688843, 0.8297256827354431, 0.8929165005683899]",5.9322126802459e-05,0.007702085873479924,1e-05,tolerance_polyline_fallback_pass,True,True,measured mean squared Euclidean error on the supplied normalized ordered reference points; not a continuous-curve or global-minimality guarantee,False,False,,,34,,39,28,19,19,11,False,False,False,True,True,12,9.511606979025138e-06,10,0,True,False,False,False,34,3,37,36,0,0.0,128.93859995529056
uji2_08620_stroke_01,uji_pen_characters_v2,tst_UPV_W45,test,12,192,certified,8,"[0.11922769938799956, 0.19952042234447362, 0.29920609105796986, 0.40944965942587147, 0.5328292816215928, 0.6547387168841908, 0.7699347495732097, 0.862760691047086]",8.94733377236965e-06,2.1035910259189147e-32,1.4503761670404388e-16,2.6317162027212723e-16,4.449557262054371e-16,,,4.4310590173394594e-32,2.1050080801126297e-16,32.20389998750761,2.0127437492192257,4,"[0.23877984285354614, 0.4556446075439453, 0.6267498135566711, 0.7873606085777283]",1.91354724666008e-05,0.004374411099405359,1e-05,interpolation_fallback_pass,True,True,measured mean squared Euclidean error on the supplied normalized ordered reference points; not a continuous-curve or global-minimality guarantee,False,False,,True,12,12,8,8,4,4,4,False,True,True,False,False,,,0,0,False,False,False,False,12,1,2,0,0,0.0,8.675999997649342
uji2_06957_stroke_00,uji_pen_characters_v2,tst_UPV_W36,test,12,192,certified,8,"[0.08707540533658358, 0.14297051065848282, 0.21426019825487938, 0.2965047986493416, 0.392995498959126, 0.49957098695237917, 0.6223707952851482, 0.7477096562599185]",4.89472944263726e-05,2.1529351441148317e-32,1.467288364335665e-16,2.7407205053421297e-16,3.3766115072321297e-16,,,5.024036465128161e-32,2.2414362505162086e-16,32.20389998750761,2.0127437492192257,8,"[0.17610779404640198, 0.30919378995895386, 0.40551161766052246, 0.4538151025772095, 0.49096694588661194, 0.5411932468414307, 0.6758387684822083, 0.8131755590438843]",0.0001785459382335679,0.013362108300472943,1e-05,interpolation_fallback_pass,True,True,measured mean squared Euclidean error on the supplied normalized ordered reference points; not a continuous-curve or global-minimality guarantee,False,False,,True,12,12,8,8,8,8,0,False,True,True,False,False,,,0,0,False,False,False,False,12,1,2,0,0,0.0,8.112999959848821
uji2_05690_stroke_00,uji_pen_characters_v2,tst_UPV_W30,test,86,192,certified,72,"[0.016964595936132476, 0.016964595936132476, 0.016964595936132476, 0.04698813869753797, 0.04698813869753797, 0.04698813869753797, 0.12780860633951655, 0.12780860633951655, 0.12780860633951655, 0.17709140356102718, 0.17709140356102718, 0.17709140356102718, 0.23663265387131702, 0.23663265387131702, 0.23663265387131702, 0.3188304404557802, 0.3188304404557802, 0.3188304404557802, 0.37820274326586545, 0.37820274326586545, 0.37820274326586545, 0.43762899244335013, 0.43762899244335013, 0.43762899244335013, 0.4680001947853027, 0.4680001947853027, 0.4680001947853027, 0.4955033176372323, 0.4955033176372323, 0.4955033176372323, 0.5176961739034033, 0.5176961739034033, 0.5176961739034033, 0.5357457928690541, 0.5357457928690541, 0.5357457928690541, 0.5634920717859854, 0.5634920717859854, 0.5634920717859854, 0.5830877603769121, 0.5830877603769121, 0.5830877603769121, 0.6421918107992904, 0.6421918107992904, 0.6421918107992904, 0.740171372344167, 0.740171372344167, 0.740171372344167, 0.7616662663442485, 0.7616662663442485, 0.7616662663442485, 0.8158302658768843, 0.8158302658768843, 0.8158302658768843, 0.8711339328991791, 0.8711339328991791, 0.8711339328991791, 0.8909915537780748, 0.8909915537780748, 0.8909915537780748, 0.9232583587882656, 0.9232583587882656, 0.9232583587882656, 0.9364391185141133, 0.9364391185141133, 0.9364391185141133, 0.9618668693484796, 0.9618668693484796, 0.9618668693484796, 0.97472316410161, 0.97472316410161, 0.97472316410161]",5.7211808115693176e-05,9.168181110482567e-06,0.0030279004459332157,0.00620823701498064,0.007126786612161,,,0.00017992315166024528,0.013413543590723715,32.20389998750761,2.0127437492192257,21,"[0.04865056276321411, 0.07902555167675018, 0.12366319447755814, 0.18753483891487122, 0.2365902066230774, 0.2700715959072113, 0.3023793399333954, 0.33858156204223633, 0.36894887685775757, 0.42039617896080017, 0.5012069940567017, 0.5397281050682068, 0.5725936889648438, 0.6105311512947083, 0.6608961224555969, 0.7299354076385498, 0.7581949830055237, 0.7952386140823364, 0.8128874897956848, 0.832624077796936, 0.8807435631752014]",0.0001093853688436877,0.010458746045472549,1e-05,tolerance_polyline_fallback_pass,True,True,measured mean squared Euclidean error on the supplied normalized ordered reference points; not a continuous-curve or global-minimality guarantee,False,False,,,76,,82,28,21,21,51,False,False,False,True,True,26,9.168181110482562e-06,25,1,True,False,False,False,76,3,29,28,0,0.0,156.11929999431595
uji2_02805_stroke_00,uji_pen_characters_v2,tst_UJI_W15,test,14,192,certified,10,"[0.17681121870933958, 0.26409375633851945, 0.353676213303197, 0.42953584748224155, 0.5054771621414286, 0.5700240774652557, 0.6458846282096888, 0.7226152720088429, 0.7957479751132458, 0.8646769807241298]",1.8370884178023662e-05,2.5118124499024464e-32,1.584869852670069e-16,2.392367502241632e-16,2.5847379792054426e-16,,,2.3213999170513253e-31,4.818090822152822e-16,32.20389998750761,2.0127437492192257,5,"[0.30953845381736755, 0.5169637203216553, 0.5477986335754395, 0.636315643787384, 0.7840788960456848]",4.884041715082048e-05,0.006988591929052696,1e-05,interpolation_fallback_pass,True,True,measured mean squared Euclidean error on the supplied normalized ordered reference points; not a continuous-curve or global-minimality guarantee,False,False,,True,14,14,10,10,5,5,5,False,True,True,False,False,,,0,0,False,False,False,False,14,1,2,0,0,0.0,7.352999993599951
uji2_02920_stroke_00,uji_pen_characters_v2,tst_UJI_W16,test,80,192,certified,28,"[0.05090675860460764, 0.09108653203350316, 0.1337899999274059, 0.17818432071355803, 0.21855281290026307, 0.24087490949758425, 0.2594641342033043, 0.3024572879632434, 0.3558892869056977, 0.38424286053078066, 0.40402457331494523, 0.4480158736123463, 0.48712883062230344, 0.52235501444399, 0.5560314513685728, 0.5807652196737363, 0.5959199352308684, 0.6255369327487589, 0.6639536494014446, 0.6835160287343774, 0.7156043932933874, 0.7300863970458187, 0.7428798900170819, 0.760019553898594, 0.7833133834908912, 0.8115117614501766, 0.8482180957076952, 0.8898839263317316]",8.503166234161302e-06,8.917642615778711e-06,0.0029862422232261585,0.007261350962518578,0.00969793648945922,,,0.0002810020534207092,0.01676311586253311,32.20389998750761,2.0127437492192257,28,"[0.050174351781606674, 0.08829578012228012, 0.13000988960266113, 0.17406199872493744, 0.21517358720302582, 0.23933903872966766, 0.2589118182659149, 0.29747456312179565, 0.348582923412323, 0.3757554590702057, 0.3951209485530853, 0.4387580156326294, 0.47539854049682617, 0.5094286203384399, 0.5427804589271545, 0.5678898096084595, 0.5833086371421814, 0.6134803891181946, 0.653674840927124, 0.676111102104187, 0.7193589210510254, 0.7388363480567932, 0.7544471025466919, 0.7721357345581055, 0.794765055179596, 0.8217708468437195, 0.8569414615631104, 0.897070050239563]",1.4491738454317474e-05,0.003806801604275888,1e-05,initial_reference_refit_pass,True,True,measured mean squared Euclidean error on the supplied normalized ordered reference points; not a continuous-curve or global-minimality guarantee,False,False,,True,32,32,76,28,28,28,0,False,False,False,False,False,,,0,0,False,False,False,False,32,1,1,0,0,0.0,7.014999981038272
uji2_06859_stroke_00,uji_pen_characters_v2,tst_UPV_W36,test,94,192,certified,105,"[0.0101860799424115, 0.0101860799424115, 0.0101860799424115, 0.02061384242378597, 0.02061384242378597, 0.02061384242378597, 0.07613036875011918, 0.07613036875011918, 0.07613036875011918, 0.12093379216988406, 0.12093379216988406, 0.12093379216988406, 0.21274635226402291, 0.21274635226402291, 0.21274635226402291, 0.24727256847413617, 0.24727256847413617, 0.24727256847413617, 0.28822730243924843, 0.28822730243924843, 0.28822730243924843, 0.3334152516973643, 0.3334152516973643, 0.3334152516973643, 0.42934387077562225, 0.42934387077562225, 0.42934387077562225, 0.49180454800480783, 0.49180454800480783, 0.49180454800480783, 0.5260491815132422, 0.5260491815132422, 0.5260491815132422, 0.5415217404748534, 0.5415217404748534, 0.5415217404748534, 0.5537293772456764, 0.5537293772456764, 0.5537293772456764, 0.5705623677884415, 0.5705623677884415, 0.5705623677884415, 0.5858604799109239, 0.5858604799109239, 0.5858604799109239, 0.5951833381188316, 0.5951833381188316, 0.5951833381188316, 0.6106702433063682, 0.6106702433063682, 0.6106702433063682, 0.6188600663994733, 0.6188600663994733, 0.6188600663994733, 0.6441749141458668, 0.6441749141458668, 0.6441749141458668, 0.6507270668887062, 0.6507270668887062, 0.6507270668887062, 0.6588392784472791, 0.6588392784472791, 0.6588392784472791, 0.6736373059939685, 0.6736373059939685, 0.6736373059939685, 0.7462730768547599, 0.7462730768547599, 0.7462730768547599, 0.7713368674432473, 0.7713368674432473, 0.7713368674432473, 0.7806525552533832, 0.7806525552533832, 0.7806525552533832, 0.8087841268558079, 0.8087841268558079, 0.8087841268558079, 0.8262977580020495, 0.8262977580020495, 0.8262977580020495, 0.8369243512933434, 0.8369243512933434, 0.8369243512933434, 0.848805220616544, 0.848805220616544, 0.848805220616544, 0.8794803018889421, 0.8794803018889421, 0.8794803018889421, 0.9150972854174237, 0.9150972854174237, 0.9150972854174237, 0.9504413249827768, 0.9504413249827768, 0.9504413249827768, 0.9646983947761932, 0.9646983947761932, 0.9646983947761932, 0.9833294539408274, 0.9833294539408274, 0.9833294539408274, 0.99014380630235, 0.99014380630235, 0.99014380630235]",0.00023921880441384773,9.347164032908657e-06,0.0030573132049086264,0.006684040456568456,0.007713168293568387,,,0.00010658952733096479,0.010324220422432135,32.20389998750761,2.0127437492192257,15,"[0.18989837169647217, 0.24048320949077606, 0.27591952681541443, 0.31247153878211975, 0.34712475538253784, 0.3985808193683624, 0.4943481981754303, 0.568139374256134, 0.5910163521766663, 0.6576876640319824, 0.7507688403129578, 0.7973964810371399, 0.8256418108940125, 0.8642064929008484, 0.9040362238883972]",0.0003246805651761195,0.01801889467131987,1e-05,tolerance_polyline_fallback_pass,True,True,measured mean squared Euclidean error on the supplied normalized ordered reference points; not a continuous-curve or global-minimality guarantee,False,False,,,109,,90,28,15,15,90,False,False,False,True,True,37,9.347164032908652e-06,36,1,True,False,False,False,109,3,53,52,0,0.0,283.76510000089183
uji2_10898_stroke_00,uji_pen_characters_v2,tst_UPV_W57,test,52,192,certified,27,"[0.04980587125887537, 0.0795433460022386, 0.11706412994224932, 0.15259203709327196, 0.19331003282645567, 0.20106259632374388, 0.2370234580239473, 0.23746776437543962, 0.2694442035626105, 0.279975599586727, 0.30076667691175535, 0.3223468941239912, 0.352776116992033, 0.3607390033586218, 0.3844318361815031, 0.4076008952863979, 0.4176760725031232, 0.45042233771102724, 0.4762866806785119, 0.4773725537706332, 0.555448005044555, 0.5964814807411812, 0.6233991613771339, 0.6623329282843945, 0.7151913701872005, 0.8227805109331829, 0.9855030945772114]",7.344502890057224e-05,8.696894407607699e-06,0.0029490497465467923,0.00613515031315604,0.012769291014953532,,,0.00018187713043834239,0.013486182945457266,32.20389998750761,2.0127437492192257,15,"[0.1523381918668747, 0.19234536588191986, 0.23503968119621277, 0.27957648038864136, 0.3028569519519806, 0.36376750469207764, 0.41077563166618347, 0.4539458453655243, 0.4788283705711365, 0.5536704659461975, 0.5949515700340271, 0.6220174431800842, 0.6613028049468994, 0.7146379947662354, 0.823296844959259]",0.0001369443818779558,0.011702323781110989,1e-05,adaptive_insertion_pass,True,True,measured mean squared Euclidean error on the supplied normalized ordered reference points; not a continuous-curve or global-minimality guarantee,False,False,,True,31,31,48,28,15,15,12,False,False,False,False,False,,,0,0,False,False,False,False,31,1,49,48,0,0.0,176.04879999998957
uji2_05121_stroke_01,uji_pen_characters_v2,tst_UPV_W27,test,10,192,certified,4,"[0.286593580512224, 0.5334478993822166, 0.7463517321752705, 0.8763839709245236]",3.7469737345786515e-06,3.3414974126630083e-06,0.0018279763162204832,0.0036160345030625315,0.004173952819590336,,,5.424814051334073e-06,0.002329123021940677,32.20389998750761,2.0127437492192257,4,"[0.2865387499332428, 0.5355877876281738, 0.74656081199646, 0.8765760064125061]",7.521756032115412e-06,0.002742582000982908,1e-05,initial_reference_refit_pass,True,True,measured mean squared Euclidean error on the supplied normalized ordered reference points; not a continuous-curve or global-minimality guarantee,False,False,,True,8,8,6,6,4,4,0,False,False,False,False,False,,,0,0,False,False,False,False,8,1,1,0,0,0.0,6.386999972164631
uji2_07377_stroke_00,uji_pen_characters_v2,tst_UPV_W39,test,34,192,certified,25,"[0.01932584764814936, 0.058752688844323255, 0.06597984044682087, 0.0997499260731323, 0.14250878029966607, 0.2155827855712573, 0.24285545070048706, 0.30293024095583304, 0.3330925671175766, 0.3681254411380723, 0.4032994467604691, 0.42518308440263425, 0.45447089354912834, 0.5053787406831273, 0.5411196393108538, 0.5915211590963828, 0.6282797319355026, 0.6585448882152414, 0.7117791730450743, 0.7517550357819547, 0.7736123939831205, 0.791487746774493, 0.8201792283606995, 0.8519831487056506, 0.8917992946536664]",0.00010233596152478028,9.90572931800101e-06,0.003147336861221088,0.007003506324138859,0.007544481747571017,,,9.379618325960285e-05,0.00968484296514935,33.39360002428293,2.0871000015176833,20,"[0.2093861997127533, 0.23809295892715454, 0.30098044872283936, 0.33250007033348083, 0.3686084449291229, 0.4054214358329773, 0.42757755517959595, 0.45818787813186646, 0.5092723369598389, 0.5448968410491943, 0.5924651622772217, 0.6313401460647583, 0.6614423990249634, 0.7137133479118347, 0.7543857097625732, 0.776435136795044, 0.7954477071762085, 0.8249152302742004, 0.8582013845443726, 0.8979664444923401]",0.0002283563929387134,0.015111465611869466,1e-05,adaptive_insertion_pass,True,True,measured mean squared Euclidean error on the supplied normalized ordered reference points; not a continuous-curve or global-minimality guarantee,False,False,,True,29,29,30,28,20,20,5,False,False,False,False,False,,,0,0,False,False,False,False,29,1,21,20,0,0.0,61.73100002342835
uji2_11573_stroke_00,uji_pen_characters_v2,tst_UPV_W60,test,95,192,certified,111,"[0.00930319186166968, 0.00930319186166968, 0.00930319186166968, 0.01350860862346447, 0.01350860862346447, 0.01350860862346447, 0.02516780775845485, 0.02516780775845485, 0.02516780775845485, 0.04133113747847445, 0.04133113747847445, 0.04133113747847445, 0.07180714047467344, 0.07180714047467344, 0.07180714047467344, 0.09109853737587466, 0.09109853737587466, 0.09109853737587466, 0.12486988452327016, 0.12486988452327016, 0.12486988452327016, 0.16591219595330672, 0.16591219595330672, 0.16591219595330672, 0.1953020882583578, 0.1953020882583578, 0.1953020882583578, 0.249417464796303, 0.249417464796303, 0.249417464796303, 0.27245636221067554, 0.27245636221067554, 0.27245636221067554, 0.3128265647337688, 0.3128265647337688, 0.3128265647337688, 0.35049668686756913, 0.35049668686756913, 0.35049668686756913, 0.37625615597280576, 0.37625615597280576, 0.37625615597280576, 0.39271873588567224, 0.39271873588567224, 0.39271873588567224, 0.40044107242772764, 0.40044107242772764, 0.40044107242772764, 0.4164190762074216, 0.4164190762074216, 0.4164190762074216, 0.43464838981044596, 0.43464838981044596, 0.43464838981044596, 0.4589950948967239, 0.4589950948967239, 0.4589950948967239, 0.48984563760511046, 0.48984563760511046, 0.48984563760511046, 0.5260925036514392, 0.5260925036514392, 0.5260925036514392, 0.5850574449217671, 0.5850574449217671, 0.5850574449217671, 0.6387560421460121, 0.6387560421460121, 0.6387560421460121, 0.6674104260717051, 0.6674104260717051, 0.6674104260717051, 0.700513950309746, 0.700513950309746, 0.700513950309746, 0.7295725186515817, 0.7295725186515817, 0.7295725186515817, 0.7409420514984323, 0.7409420514984323, 0.7409420514984323, 0.7455582462548956, 0.7455582462548956, 0.7455582462548956, 0.7608790986190173, 0.7608790986190173, 0.7608790986190173, 0.8089106362158937, 0.8089106362158937, 0.8089106362158937, 0.8190401760065528, 0.8190401760065528, 0.8190401760065528, 0.8519783816348395, 0.8519783816348395, 0.8519783816348395, 0.880617983356077, 0.880617983356077, 0.880617983356077, 0.9051910950598999, 0.9051910950598999, 0.9051910950598999, 0.9164180290865798, 0.9164180290865798, 0.9164180290865798, 0.9403172781121564, 0.9403172781121564, 0.9403172781121564, 0.9619307779835167, 0.9619307779835167, 0.9619307779835167]",0.00014507488442684464,9.529469154563261e-06,0.0030869838280372093,0.006311554555979639,0.007411849411327085,,,0.00030856852593741873,0.017566118693024328,33.39360002428293,2.0871000015176833,17,"[0.04595678672194481, 0.0660146176815033, 0.09969489276409149, 0.1756090521812439, 0.2653321325778961, 0.34421810507774353, 0.4082111120223999, 0.46915537118911743, 0.5332841277122498, 0.5679419040679932, 0.6343348026275635, 0.7025959491729736, 0.7494493126869202, 0.7846079468727112, 0.8110969662666321, 0.8438165187835693, 0.8988691568374634]",0.00045231596505126385,0.02126772120024296,1e-05,tolerance_polyline_fallback_pass,True,True,measured mean squared Euclidean error on the supplied normalized ordered reference points; not a continuous-curve or global-minimality guarantee,False,False,,,115,,91,28,17,17,94,False,False,False,True,True,39,9.529469154563282e-06,38,1,True,False,False,False,115,3,45,44,0,0.0,228.86460000881925
uji2_06941_stroke_00,uji_pen_characters_v2,tst_UPV_W36,test,70,192,certified,28,"[0.038912598240833145, 0.06783636001841617, 0.10484549064376711, 0.14739152003294598, 0.1899619614179657, 0.22741001414889878, 0.25829949013498543, 0.2897129572265678, 0.32153409139271083, 0.3498471793704574, 0.37493184402209795, 0.38495634988278776, 0.404092895058375, 0.44562919407976886, 0.4861043935883059, 0.5173504554202158, 0.5413673333901655, 0.5545212307854868, 0.580235695884743, 0.6286435484379096, 0.6376496750449454, 0.6760702740993197, 0.7159703722975642, 0.7299591966007309, 0.7643862721715527, 0.8007207135039113, 0.8428478262236354, 0.8874514344978035]",9.662681025982213e-06,7.785693428555449e-06,0.002790285546060734,0.005433377635024195,0.01192793395687734,,,8.378316962147935e-05,0.00915331467947428,33.39360002428293,2.0871000015176833,28,"[0.040798865258693695, 0.07061220705509186, 0.10761020332574844, 0.1492394506931305, 0.19014985859394073, 0.22629092633724213, 0.25708577036857605, 0.28760144114494324, 0.31864526867866516, 0.34789079427719116, 0.3745935559272766, 0.38615500926971436, 0.40870538353919983, 0.45426005125045776, 0.49153652787208557, 0.5226792693138123, 0.5454793572425842, 0.5617247223854065, 0.5896008014678955, 0.6374444961547852, 0.6466687917709351, 0.6847779154777527, 0.7252973318099976, 0.7379611730575562, 0.772524893283844, 0.8083925247192383, 0.848494291305542, 0.8924314379692078]",1.324140914812868e-05,0.003638874709045185,1e-05,initial_reference_refit_pass,True,True,measured mean squared Euclidean error on the supplied normalized ordered reference points; not a continuous-curve or global-minimality guarantee,False,False,,True,32,32,66,28,28,28,0,False,False,False,False,False,,,0,0,False,False,False,False,32,1,1,0,0,0.0,5.9080999926663935
uji2_10948_stroke_00,uji_pen_characters_v2,tst_UPV_W57,test,11,192,certified,7,"[0.1847236543004894, 0.2820830693056297, 0.3971209398865549, 0.5124426168072617, 0.6332639173703508, 0.7452725196780604, 0.8450752256383766]",2.0635866221337424e-05,5.2252476449264636e-33,7.228587444948331e-17,1.1443916996305594e-16,1.1443916996305594e-16,,,9.557361036442893e-33,9.776175651267164e-17,33.39360002428293,2.0871000015176833,4,"[0.22773343324661255, 0.37886014580726624, 0.49718672037124634, 0.6665859222412109]",4.36526731749935e-05,0.006607016964939132,1e-05,interpolation_fallback_pass,True,True,measured mean squared Euclidean error on the supplied normalized ordered reference points; not a continuous-curve or global-minimality guarantee,False,False,,True,11,11,7,7,4,4,3,False,True,True,False,False,,,0,0,False,False,False,False,11,1,2,0,0,0.0,7.853700022678822
uji2_04028_stroke_00,uji_pen_characters_v2,tst_UPV_W21,test,52,192,certified,28,"[0.048426368558813916, 0.07402196744548419, 0.10050927238939286, 0.13353724299795428, 0.17258332403906476, 0.20921538683559296, 0.2433333095502179, 0.27827891842642266, 0.3116153285532228, 0.34784463613485, 0.3817991660881631, 0.4219073067664161, 0.45798311004845704, 0.4914593258516743, 0.5101353468631286, 0.5280494685136328, 0.5445583829374374, 0.5672720241884658, 0.5952137526128677, 0.6230129229616734, 0.6807553716990726, 0.687885040743911, 0.7124734209123736, 0.743562907908009, 0.7762972036129561, 0.8107160894025585, 0.8479342663625934, 0.8920257105973045]",1.0691057543557562e-05,9.400079465714905e-06,0.003065954902752959,0.0067088530342031445,0.01173662350969324,,,9.628813074945205e-05,0.009812651565680503,33.39360002428293,2.0871000015176833,28,"[0.04486004635691643, 0.07248106598854065, 0.10302307456731796, 0.1398528814315796, 0.1803743541240692, 0.21749532222747803, 0.25197041034698486, 0.28618666529655457, 0.3186630308628082, 0.35180389881134033, 0.3835219442844391, 0.41912391781806946, 0.4525207579135895, 0.48465195298194885, 0.5049760341644287, 0.5257172584533691, 0.5445046424865723, 0.5702599287033081, 0.6007670164108276, 0.6312744617462158, 0.692309558391571, 0.7000113129615784, 0.723986804485321, 0.753803014755249, 0.7867352366447449, 0.8203567266464233, 0.8573693633079529, 0.8991988301277161]",1.2978378071288653e-05,0.0036025516056385166,1e-05,initial_reference_refit_pass,True,True,measured mean squared Euclidean error on the supplied normalized ordered reference points; not a continuous-curve or global-minimality guarantee,False,False,,True,32,32,48,28,28,28,0,False,False,False,False,False,,,0,0,False,False,False,False,32,1,1,0,0,0.0,4.981399979442358
uji2_03364_stroke_01,uji_pen_characters_v2,tst_UPV_W18,test,5,192,certified,1,[0.22458331986438246],6.776208325630354e-06,1.2050603847341695e-33,3.4713979672952646e-17,6.361913442670954e-17,7.692183281942173e-17,,,1.9119669942406637e-33,4.3726044804448797e-17,33.39360002428293,2.0871000015176833,3,"[0.23181980848312378, 0.42384234070777893, 0.6473416090011597]",1.4123181228452306e-05,0.003758082121036248,1e-05,initial_reference_refit_pass,True,True,measured mean squared Euclidean error on the supplied normalized ordered reference points; not a continuous-curve or global-minimality guarantee,False,False,,True,5,5,1,1,3,1,0,False,False,False,False,False,,,0,0,False,False,False,False,5,1,1,0,0,0.0,4.015499958768487
uji2_02827_stroke_00,uji_pen_characters_v2,tst_UJI_W15,test,18,192,certified,14,"[0.11653101765575753, 0.1566540883754181, 0.24383191105483473, 0.29731618755737366, 0.32542591921782443, 0.4502604965061807, 0.5004649417430355, 0.5269492262970189, 0.579154263445759, 0.6925045415823974, 0.7488021646498739, 0.785322473660402, 0.8703865391575109, 0.9116053714803009]",1.2429396177474294e-05,2.1391865621876142e-32,1.462595830086909e-16,2.497008767175205e-16,4.062661642740952e-16,,,2.102782534874606e-31,4.585610684385021e-16,33.39360002428293,2.0871000015176833,18,"[0.11814900487661362, 0.15812081098556519, 0.19756732881069183, 0.24668264389038086, 0.2998654544353485, 0.3273826539516449, 0.3972064256668091, 0.4516482651233673, 0.5014228224754333, 0.5275652408599854, 0.5791959762573242, 0.6351327896118164, 0.6924310326576233, 0.7494579553604126, 0.7866332530975342, 0.8256319165229797, 0.8730424046516418, 0.9144799709320068]",4.065558340660814e-05,0.006376173100426943,1e-05,initial_reference_refit_pass,True,True,measured mean squared Euclidean error on the supplied normalized ordered reference points; not a continuous-curve or global-minimality guarantee,False,False,,True,18,18,14,14,18,14,0,False,False,False,False,False,,,0,0,False,False,False,False,18,1,1,0,0,0.0,4.661699989810586
uji2_08090_stroke_00,uji_pen_characters_v2,tst_UPV_W42,test,47,192,certified,84,"[0.017886621409348116, 0.017886621409348116, 0.017886621409348116, 0.05468905429484361, 0.05468905429484361, 0.05468905429484361, 0.07941860954695697, 0.07941860954695697, 0.07941860954695697, 0.1285090159239914, 0.1285090159239914, 0.1285090159239914, 0.17165135009402055, 0.17165135009402055, 0.17165135009402055, 0.18681734424230187, 0.18681734424230187, 0.18681734424230187, 0.20078298634599215, 0.20078298634599215, 0.20078298634599215, 0.21627487677167068, 0.21627487677167068, 0.21627487677167068, 0.23730641582266643, 0.23730641582266643, 0.23730641582266643, 0.2646387511414227, 0.2646387511414227, 0.2646387511414227, 0.29497081305102496, 0.29497081305102496, 0.29497081305102496, 0.36465138082263754, 0.36465138082263754, 0.36465138082263754, 0.4351770155492808, 0.4351770155492808, 0.4351770155492808, 0.46648499104957064, 0.46648499104957064, 0.46648499104957064, 0.5126308106714553, 0.5126308106714553, 0.5126308106714553, 0.5277968386419502, 0.5277968386419502, 0.5277968386419502, 0.5358813893887446, 0.5358813893887446, 0.5358813893887446, 0.5487291278200087, 0.5487291278200087, 0.5487291278200087, 0.5616495771157674, 0.5616495771157674, 0.5616495771157674, 0.5993760745130775, 0.5993760745130775, 0.5993760745130775, 0.6209932203587746, 0.6209932203587746, 0.6209932203587746, 0.6465587838915904, 0.6465587838915904, 0.6465587838915904, 0.7982408663514461, 0.7982408663514461, 0.7982408663514461, 0.8531526738411983, 0.8531526738411983, 0.8531526738411983, 0.8739302417395894, 0.8739302417395894, 0.8739302417395894, 0.8886717160644931, 0.8886717160644931, 0.8886717160644931, 0.9000776707190044, 0.9000776707190044, 0.9000776707190044, 0.9110273173483118, 0.9110273173483118, 0.9110273173483118]",1.9253144359818536e-05,9.608405078646675e-06,0.0030997427439461286,0.008017829977786984,0.008718000507481557,,,8.367831831233581e-05,0.00914758538152751,33.39360002428293,2.0871000015176833,28,"[0.0466865673661232, 0.08094844967126846, 0.11769898235797882, 0.1600714921951294, 0.19695496559143066, 0.2298179566860199, 0.2644927501678467, 0.2906799018383026, 0.3288165032863617, 0.35211968421936035, 0.3880153000354767, 0.4011771082878113, 0.4549826979637146, 0.48316439986228943, 0.5065872073173523, 0.5336757898330688, 0.5531584620475769, 0.5974747538566589, 0.607410728931427, 0.6366299986839294, 0.6691139936447144, 0.7000675201416016, 0.7410115599632263, 0.7590187788009644, 0.7826725244522095, 0.8162944912910461, 0.8521655797958374, 0.8927778005599976]",4.18941896284597e-05,0.006472572102994272,1e-05,tolerance_polyline_fallback_pass,True,True,measured mean squared Euclidean error on the supplied normalized ordered reference points; not a continuous-curve or global-minimality guarantee,False,False,,,88,,43,28,28,28,56,False,False,False,True,True,30,9.608405078646638e-06,29,1,True,False,False,False,88,3,1,0,0,2.0816681711721685e-17,38.95529999863356
uji2_06321_stroke_00,uji_pen_characters_v2,tst_UPV_W33,test,65,192,certified,75,"[0.014354420834875013, 0.014354420834875013, 0.014354420834875013, 0.030656869614426117, 0.030656869614426117, 0.030656869614426117, 0.09793948585779137, 0.09793948585779137, 0.09793948585779137, 0.30409479867854666, 0.30409479867854666, 0.30409479867854666, 0.32221825193893255, 0.32221825193893255, 0.32221825193893255, 0.3284959827358764, 0.3284959827358764, 0.3284959827358764, 0.3357757484006367, 0.3357757484006367, 0.3357757484006367, 0.358965455118871, 0.358965455118871, 0.358965455118871, 0.3935333711677943, 0.3935333711677943, 0.3935333711677943, 0.46755245507621823, 0.46755245507621823, 0.46755245507621823, 0.5009869997388773, 0.5009869997388773, 0.5009869997388773, 0.5112625016172231, 0.5112625016172231, 0.5112625016172231, 0.5216357035471788, 0.5216357035471788, 0.5216357035471788, 0.5513610117173627, 0.5513610117173627, 0.5513610117173627, 0.5900512021986417, 0.5900512021986417, 0.5900512021986417, 0.6496379884265409, 0.6496379884265409, 0.6496379884265409, 0.6771720420074492, 0.6771720420074492, 0.6771720420074492, 0.6874016576968024, 0.6874016576968024, 0.6874016576968024, 0.6963250334540102, 0.6963250334540102, 0.6963250334540102, 0.7057897119876788, 0.7057897119876788, 0.7057897119876788, 0.7161694355069422, 0.7161694355069422, 0.7161694355069422, 0.7301347865230967, 0.7301347865230967, 0.7301347865230967, 0.8652254042148965, 0.8652254042148965, 0.8652254042148965, 0.989203199501238, 0.989203199501238, 0.989203199501238, 0.9948133821185533, 0.9948133821185533, 0.9948133821185533]",0.0001997712259260773,9.11192332830823e-06,0.003018596251291025,0.007282586840530733,0.008287859647282535,,,0.0001540968709073582,0.012413576072484438,33.39360002428293,2.0871000015176833,19,"[0.05683958902955055, 0.10333672165870667, 0.148000106215477, 0.18574944138526917, 0.2229769080877304, 0.25861793756484985, 0.2934597432613373, 0.3101007640361786, 0.3462524712085724, 0.41749271750450134, 0.5282824039459229, 0.6076419353485107, 0.6854174733161926, 0.7098903656005859, 0.7507590055465698, 0.7734124064445496, 0.7968407273292542, 0.8266696333885193, 0.8733702898025513]",0.0003005340659228859,0.017335918375525592,1e-05,tolerance_polyline_fallback_pass,True,True,measured mean squared Euclidean error on the supplied normalized ordered reference points; not a continuous-curve or global-minimality guarantee,False,False,,,79,,61,28,19,19,56,False,False,False,True,True,27,9.111923328308315e-06,26,1,True,False,False,False,79,3,37,36,0,0.0,153.21819996461272
uji2_03891_stroke_00,uji_pen_characters_v2,tst_UPV_W21,test,59,192,certified,25,"[0.09723405351445391, 0.13909803462406584, 0.18068196178234888, 0.2177255358085234, 0.26157233600291335, 0.29564196391211095, 0.3303147455306598, 0.3609330632282459, 0.40535797873382223, 0.4502216501108234, 0.48680673660414997, 0.515729423204592, 0.5437656873295316, 0.5872279483516752, 0.6045031306516205, 0.670663867234318, 0.7184465179850237, 0.7460856820708791, 0.7632325524050331, 0.781276428531064, 0.7983469801718391, 0.8088659898325352, 0.8210528516487351, 0.8502119866210173, 0.8897686635889546]",3.9805494289039565e-06,2.5143129349377933e-06,0.0015856585177577778,0.0031188506237483965,0.003962469807173428,,,7.260965877454679e-05,0.008521130134820544,33.39360002428293,2.0871000015176833,25,"[0.09043959528207779, 0.13192127645015717, 0.1740277111530304, 0.20967687666416168, 0.25397053360939026, 0.28687259554862976, 0.31992146372795105, 0.3488655686378479, 0.3914187550544739, 0.43572622537612915, 0.4722102880477905, 0.5011976361274719, 0.5295019149780273, 0.5727383494377136, 0.5904181003570557, 0.6574831604957581, 0.7051365971565247, 0.737126350402832, 0.756980836391449, 0.7790257334709167, 0.8008976578712463, 0.8139194250106812, 0.8292036056518555, 0.8601009845733643, 0.8985704183578491]",6.1791721812140815e-06,0.002485794074579405,1e-05,initial_reference_refit_pass,True,True,measured mean squared Euclidean error on the supplied normalized ordered reference points; not a continuous-curve or global-minimality guarantee,False,False,,True,29,29,55,28,25,25,0,False,False,False,False,False,,,0,0,False,False,False,False,29,1,1,0,0,0.0,5.528899957425892
uji2_10458_stroke_00,uji_pen_characters_v2,tst_UPV_W54,test,9,192,certified,5,"[0.10266240614690897, 0.29635223550744544, 0.4253500916593602, 0.618037219197605, 0.8005269172587184]",5.839557383213647e-05,2.987331335960646e-32,1.728389810187692e-16,2.900418751448862e-16,3.3422138886441676e-16,,,4.1647948335015885e-32,2.0407828971994027e-16,33.39360002428293,2.0871000015176833,15,"[0.10398219525814056, 0.1534217745065689, 0.1973673701286316, 0.2232273519039154, 0.29223281145095825, 0.3533698618412018, 0.3852415382862091, 0.42229780554771423, 0.47792282700538635, 0.5719102025032043, 0.6170587539672852, 0.6250880360603333, 0.6513196229934692, 0.7112917900085449, 0.7993197441101074]",0.0003155107668635476,0.017762622747318248,1e-05,initial_reference_refit_pass,True,True,measured mean squared Euclidean error on the supplied normalized ordered reference points; not a continuous-curve or global-minimality guarantee,False,False,,True,9,9,5,5,15,5,0,False,False,False,False,False,,,0,0,False,False,False,False,9,1,1,0,0,0.0,4.45519998902455
uji2_10404_stroke_01,uji_pen_characters_v2,tst_UPV_W54,test,17,192,certified,13,"[0.12467154000737686, 0.17512385086670945, 0.21800418585866174, 0.2655629348460418, 0.3172237059998859, 0.373617793211581, 0.43416177087362423, 0.49794318988135755, 0.5642005359910968, 0.6324642396694095, 0.7028641524920628, 0.7668997615813332, 0.8364629754175175]",2.0211137220255026e-05,1.9633067925266996e-32,1.401180499624049e-16,2.668434899563415e-16,4.443059973708341e-16,,,3.68306721559603e-32,1.9191318911414163e-16,33.39360002428293,2.0871000015176833,5,"[0.4637490510940552, 0.6707932949066162, 0.7543262839317322, 0.8118793964385986, 0.8432418704032898]",3.088941037168874e-05,0.005557824248002876,1e-05,interpolation_fallback_pass,True,True,measured mean squared Euclidean error on the supplied normalized ordered reference points; not a continuous-curve or global-minimality guarantee,False,False,,True,17,17,13,13,5,5,8,False,True,True,False,False,,,0,0,False,False,False,False,17,1,2,0,0,0.0,8.33250000141561
uji2_08656_stroke_01,uji_pen_characters_v2,tst_UPV_W45,test,12,192,certified,8,"[0.16209372410710918, 0.2520566060344399, 0.3566427101128062, 0.47026701447971125, 0.5855015725581669, 0.7000738970028607, 0.8005313819407212, 0.8886903564597147]",1.382724548737976e-05,5.8091363491836355e-33,7.621769052643642e-17,1.1188630228279524e-16,1.1188630228279524e-16,,,2.214032134316144e-32,1.4879624102497162e-16,33.39360002428293,2.0871000015176833,8,"[0.14308200776576996, 0.1910713016986847, 0.22637400031089783, 0.29150769114494324, 0.4437907040119171, 0.4870924651622772, 0.6068751215934753, 0.6995203495025635]",3.250710484264659e-05,0.005701500227365302,1e-05,interpolation_fallback_pass,True,True,measured mean squared Euclidean error on the supplied normalized ordered reference points; not a continuous-curve or global-minimality guarantee,False,False,,True,12,12,8,8,8,8,0,False,True,True,False,False,,,0,0,False,False,False,False,12,1,2,0,0,0.0,9.144000010564923
uji2_08619_stroke_01,uji_pen_characters_v2,tst_UPV_W45,test,19,192,certified,15,"[0.06800841134122106, 0.10973060299869745, 0.15854224275057693, 0.2162502505129191, 0.2861493070519374, 0.36235424581947934, 0.4490068330669074, 0.5359756804469031, 0.6229489391262791, 0.7006585780721931, 0.7713643486538574, 0.8289751116591875, 0.8752558264945393, 0.9082445443810498, 0.9366599259230936]",2.683949272011306e-05,1.4465509744971616e-32,1.2027264753455632e-16,2.332461965102352e-16,3.3308497693360055e-16,,,6.947113386498145e-32,2.635737730977448e-16,33.39360002428293,2.0871000015176833,6,"[0.1886402815580368, 0.30859190225601196, 0.4188283085823059, 0.5251870155334473, 0.7545780539512634, 0.866314709186554]",6.890408764096893e-05,0.008300848609688586,1e-05,interpolation_fallback_pass,True,True,measured mean squared Euclidean error on the supplied normalized ordered reference points; not a continuous-curve or global-minimality guarantee,False,False,,True,19,19,15,15,6,6,9,False,True,True,False,False,,,0,0,False,False,False,False,19,1,2,0,0,0.0,8.220499963499606
uji2_05747_stroke_02,uji_pen_characters_v2,tst_UPV_W30,test,10,192,certified,6,"[0.08070568961935902, 0.2600995778641392, 0.40977055019573055, 0.5521735765778707, 0.6829770773677658, 0.8048162383499917]",1.359680268656795e-06,1.6063459442404786e-32,1.2674170364329488e-16,2.3112673016187324e-16,2.3714374201337736e-16,,,2.0270871146899606e-32,1.4237580955660835e-16,33.39360002428293,2.0871000015176833,22,"[0.08337844163179398, 0.12183280289173126, 0.17688870429992676, 0.191034734249115, 0.2675226628780365, 0.3221917152404785, 0.3626939058303833, 0.39597851037979126, 0.41645562648773193, 0.44495195150375366, 0.4833854138851166, 0.5166333913803101, 0.5270944833755493, 0.5599961876869202, 0.600143313407898, 0.6416035890579224, 0.6641761660575867, 0.6898371577262878, 0.720125675201416, 0.7597721815109253, 0.7854953408241272, 0.8121125102043152]",3.848542189211396e-06,0.0019617701672753093,1e-05,initial_reference_refit_pass,True,True,measured mean squared Euclidean error on the supplied normalized ordered reference points; not a continuous-curve or global-minimality guarantee,False,False,,True,10,10,6,6,22,6,0,False,False,False,False,False,,,0,0,False,False,False,False,10,1,1,0,0,0.0,5.8728999574668705
uji2_06319_stroke_01,uji_pen_characters_v2,tst_UPV_W33,test,22,192,certified,18,"[0.05391640775093969, 0.07889278785331598, 0.10981125148274822, 0.1553766769458904, 0.20792671093666326, 0.2766980249469833, 0.35360717684588483, 0.44035871498758433, 0.5258752017935837, 0.6096022525861073, 0.6856506893304036, 0.7533048611576735, 0.8089646292338418, 0.8513005885723613, 0.8801546186334838, 0.9001088400792856, 0.9168320911956179, 0.9350918633372567]",9.584719033871847e-05,1.9880849562288243e-32,1.4099946653192786e-16,3.449730965110921e-16,3.510833468576701e-16,,,1.2874428020763653e-31,3.5880953193531043e-16,33.39360002428293,2.0871000015176833,9,"[0.1608947515487671, 0.1965041160583496, 0.24309620261192322, 0.3070191740989685, 0.3465234637260437, 0.39617007970809937, 0.5209783315658569, 0.6573047637939453, 0.774303138256073]",0.00020189426045590008,0.014208950012435826,1e-05,interpolation_fallback_pass,True,True,measured mean squared Euclidean error on the supplied normalized ordered reference points; not a continuous-curve or global-minimality guarantee,False,False,,True,22,22,18,18,9,9,9,False,True,True,False,False,,,0,0,False,False,False,False,22,1,2,0,0,0.0,11.207100003957748
uji2_11574_stroke_01,uji_pen_characters_v2,tst_UPV_W60,test,12,192,certified,8,"[0.11099268333546013, 0.17045647252396198, 0.23636568999189347, 0.32615447089591704, 0.43440589341429864, 0.554264288811233, 0.6764333902209648, 0.7980622392446808]",1.3665656188583661e-05,8.9876730738071e-33,9.480333893807275e-17,1.7998372611042722e-16,2.482534153247273e-16,,,1.7821367878225922e-32,1.334966961322486e-16,30.700700008310378,1.9187937505193986,4,"[0.14879456162452698, 0.22287701070308685, 0.2655620276927948, 0.48177024722099304]",4.6325715269520026e-05,0.006806299675265557,1e-05,interpolation_fallback_pass,True,True,measured mean squared Euclidean error on the supplied normalized ordered reference points; not a continuous-curve or global-minimality guarantee,False,False,,True,12,12,8,8,4,4,4,False,True,True,False,False,,,0,0,False,False,False,False,12,1,2,0,0,0.0,7.084599987138063
uji2_02401_stroke_00,uji_pen_characters_v2,tst_UJI_W13,test,16,192,certified,12,"[0.06850781770842065, 0.12090265251113351, 0.18340273707369117, 0.2649845025657826, 0.35603256669024713, 0.45707795008682295, 0.5586144359329316, 0.6567825388782449, 0.7476606454397475, 0.8257765195283625, 0.889983699485105, 0.9386176178538891]",3.143567733042079e-05,3.6092566626743647e-32,1.899804374843464e-16,3.6618591503774353e-16,4.440892098500626e-16,,,1.9719302042455885e-31,4.440642075472407e-16,30.700700008310378,1.9187937505193986,10,"[0.1807980090379715, 0.23628945648670197, 0.2884563207626343, 0.3228176534175873, 0.35986608266830444, 0.4164023697376251, 0.5083368420600891, 0.6468830108642578, 0.7865310311317444, 0.8187721371650696]",9.780035742197257e-05,0.009889406323029334,1e-05,interpolation_fallback_pass,True,True,measured mean squared Euclidean error on the supplied normalized ordered reference points; not a continuous-curve or global-minimality guarantee,False,False,,True,16,16,12,12,10,10,2,False,True,True,False,False,,,0,0,False,False,False,False,16,1,2,0,0,0.0,7.246399996802211
uji2_11047_stroke_02,uji_pen_characters_v2,tst_UPV_W57,test,11,192,certified,7,"[0.2046604001762681, 0.25160459886431136, 0.3185873530946821, 0.5240514872722045, 0.6004954825228614, 0.6888104384975826, 0.8180734185534774]",1.273398606391962e-05,2.1382883420194223e-33,4.624162996715646e-17,8.825126189711888e-17,1.1443916996305594e-16,,,3.283324543262842e-33,5.730030142383931e-17,30.700700008310378,1.9187937505193986,8,"[0.20301702618598938, 0.2512403130531311, 0.318053662776947, 0.44588080048561096, 0.5221710801124573, 0.6010004281997681, 0.6897326707839966, 0.8219690322875977]",3.3260283833498795e-05,0.005767172949851495,1e-05,initial_reference_refit_pass,True,True,measured mean squared Euclidean error on the supplied normalized ordered reference points; not a continuous-curve or global-minimality guarantee,False,False,,True,11,11,7,7,8,7,0,False,False,False,False,False,,,0,0,False,False,False,False,11,1,1,0,0,0.0,7.440100016538054
uji2_03389_stroke_00,uji_pen_characters_v2,tst_UPV_W18,test,46,192,certified,28,"[0.08130659562295478, 0.08734344985286009, 0.11805342394476626, 0.12521867073013235, 0.1612058530610943, 0.1678054321440359, 0.20037917462159927, 0.20587359788225196, 0.2367678353764291, 0.24148159654717732, 0.2762895471457437, 0.2838280577873754, 0.3320477582231164, 0.3558717839053256, 0.39301292838900215, 0.48461222976813145, 0.5122116304432291, 0.528312145789956, 0.5428567998377103, 0.6360256528191793, 0.6706398180428107, 0.6874999088786488, 0.7104619863711852, 0.7334302503313236, 0.7361331944700636, 0.7945191224344335, 0.8484901492183268, 0.9047997672915243]",0.0002140570782573494,5.127424069185898e-06,0.0022643816085602484,0.006222565988328757,0.0076016319758329355,,,0.00018002623959042455,0.013417385721161353,30.700700008310378,1.9187937505193986,17,"[0.08099166303873062, 0.11792926490306854, 0.16138765215873718, 0.2008124738931656, 0.23741045594215393, 0.28481441736221313, 0.352522611618042, 0.3900221884250641, 0.4820522964000702, 0.540188729763031, 0.6343722343444824, 0.6692855358123779, 0.7069190740585327, 0.7332576513290405, 0.7922647595405579, 0.8468513488769531, 0.9038093090057373]",0.0003407371138179467,0.018459065897762722,1e-05,adaptive_insertion_pass,True,True,measured mean squared Euclidean error on the supplied normalized ordered reference points; not a continuous-curve or global-minimality guarantee,False,False,,True,32,32,42,28,17,17,11,False,False,False,False,False,,,0,0,False,False,False,False,32,1,45,44,0,0.0,155.57439997792244
uji2_02732_stroke_01,uji_pen_characters_v2,tst_UJI_W15,test,17,192,certified,13,"[0.16373017659528843, 0.24791233965269063, 0.3196942696432528, 0.3942856529647936, 0.46277291985269714, 0.5186400465045625, 0.5747460310951956, 0.6369953233050721, 0.6982595149497018, 0.7506464745827587, 0.7960278377552442, 0.8521273031762452, 0.9085407487287345]",8.420135562304474e-05,1.5472581303216868e-32,1.2438883110318574e-16,2.3636994511070893e-16,2.897767167584095e-16,,,8.903181869755717e-33,9.435667368954735e-17,30.700700008310378,1.9187937505193986,13,"[0.1101342961192131, 0.14732064306735992, 0.19590334594249725, 0.23846012353897095, 0.305618554353714, 0.37473902106285095, 0.469294011592865, 0.5403115153312683, 0.619706928730011, 0.6800541877746582, 0.7921974062919617, 0.8109282851219177, 0.8641451597213745]",0.00022963306857132107,0.015153648688395844,1e-05,interpolation_fallback_pass,True,True,measured mean squared Euclidean error on the supplied normalized ordered reference points; not a continuous-curve or global-minimality guarantee,False,False,,True,17,17,13,13,13,13,0,False,True,True,False,False,,,0,0,False,False,False,False,17,1,2,0,0,0.0,11.643400008324534
uji2_06398_stroke_00,uji_pen_characters_v2,tst_UPV_W33,test,36,192,certified,20,"[0.020838922894166376, 0.08489464731825964, 0.12366019660557272, 0.15111889056686317, 0.19282052764855945, 0.2978107436072456, 0.3366015865958918, 0.38340213681077057, 0.45540427619221835, 0.5078153216188223, 0.517507316143593, 0.5407439245680613, 0.586422269359211, 0.6636391318792605, 0.7155321997739232, 0.7554609182407421, 0.7864684289431677, 0.8190413405195485, 0.8537750939183855, 0.9873482395950306]",4.250222776425681e-05,8.286082454656548e-06,0.002878555619517634,0.006567786367268827,0.010588049008101902,,,6.947365011010772e-05,0.008335085489070146,30.700700008310378,1.9187937505193986,16,"[0.15230411291122437, 0.19479037821292877, 0.3013317286968231, 0.3408014178276062, 0.38821566104888916, 0.4600710868835449, 0.5098514556884766, 0.5198323130607605, 0.5431745648384094, 0.5897184610366821, 0.6671565175056458, 0.7183152437210083, 0.7584465146064758, 0.7900495529174805, 0.823062002658844, 0.8584821820259094]",9.341710191188986e-05,0.009665252294269915,1e-05,adaptive_insertion_pass,True,True,measured mean squared Euclidean error on the supplied normalized ordered reference points; not a continuous-curve or global-minimality guarantee,False,False,,True,24,24,32,28,16,16,4,False,False,False,False,False,,,0,0,False,False,False,False,24,1,17,16,0,0.0,57.69809999037534
uji2_03310_stroke_00,uji_pen_characters_v2,tst_UPV_W18,test,76,192,certified,27,"[0.09225508103592531, 0.13058842104550128, 0.1675788935498782, 0.19641735757669532, 0.22285571634205387, 0.25791193532437423, 0.29751880234247036, 0.3298948170423617, 0.35911199696647456, 0.3836611113265901, 0.4085632401028226, 0.4281954268768868, 0.4490485306328289, 0.48406105435850105, 0.5243692910921405, 0.5624659264309481, 0.5976511891163719, 0.6337834021534529, 0.6547364803413662, 0.6754232091239919, 0.7021611160166562, 0.7415565345231176, 0.777747122894882, 0.8123133511695834, 0.8416234218080477, 0.8706689139254709, 0.9003605183292327]",1.1564852881429172e-05,7.050746603586916e-06,0.002655324199337421,0.006729756205340821,0.008172420215217227,,,0.00016377641469932704,0.012797515958158716,30.700700008310378,1.9187937505193986,27,"[0.07917775213718414, 0.11458989977836609, 0.15213361382484436, 0.18732868134975433, 0.21741877496242523, 0.25316256284713745, 0.29219120740890503, 0.3248157203197479, 0.35565775632858276, 0.3823951482772827, 0.4099794030189514, 0.43223506212234497, 0.4554479122161865, 0.48361071944236755, 0.5199499130249023, 0.5581822991371155, 0.5919486284255981, 0.6272343993186951, 0.6478901505470276, 0.6683607697486877, 0.6944564580917358, 0.7315604090690613, 0.7673473358154297, 0.8020250201225281, 0.8340127468109131, 0.8671911954879761, 0.9027658700942993]",2.3422039400875687e-05,0.004839632155533692,1e-05,initial_reference_refit_pass,True,True,measured mean squared Euclidean error on the supplied normalized ordered reference points; not a continuous-curve or global-minimality guarantee,False,False,,True,31,31,72,28,27,27,0,False,False,False,False,False,,,0,0,False,False,False,False,31,1,1,0,0,0.0,5.095899978186935
uji2_09240_stroke_00,uji_pen_characters_v2,tst_UPV_W48,test,23,192,certified,19,"[0.039190875969834504, 0.05815111104955289, 0.08427418352867196, 0.12579040382642914, 0.1839259616109986, 0.2532015626050543, 0.33272975839498814, 0.41465980081351234, 0.4960532085609965, 0.5682283000165712, 0.6289093466281511, 0.6765865971613341, 0.7162022793951411, 0.752341091775437, 0.7910370771543963, 0.8317798248478061, 0.8736540487020612, 0.9134428878141939, 0.9478713235949291]",2.590215863379742e-05,1.194720940858137e-32,1.093032909320729e-16,2.220461295785203e-16,2.237726045655905e-16,,,2.1074650570637255e-31,4.590713514328383e-16,30.700700008310378,1.9187937505193986,12,"[0.11911346763372421, 0.18781958520412445, 0.2244890034198761, 0.2991601526737213, 0.3531433641910553, 0.4293191134929657, 0.5327736139297485, 0.6139136552810669, 0.7055743336677551, 0.7524898052215576, 0.7969431281089783, 0.8814884424209595]",8.350625718336873e-05,0.009138175812675566,1e-05,interpolation_fallback_pass,True,True,measured mean squared Euclidean error on the supplied normalized ordered reference points; not a continuous-curve or global-minimality guarantee,False,False,,True,23,23,19,19,12,12,7,False,True,True,False,False,,,0,0,False,False,False,False,23,1,2,0,0,0.0,10.288600053172559
uji2_02520_stroke_00,uji_pen_characters_v2,tst_UJI_W13,test,22,192,certified,18,"[0.03824653194075437, 0.056420696206996135, 0.08009336544768708, 0.11152285952259866, 0.15253000352952137, 0.201788833346533, 0.2565204548014582, 0.31242281687846996, 0.3668957579394044, 0.415895886389478, 0.45886684538306327, 0.4919808616736628, 0.5212025389557896, 0.5483244948658391, 0.5792238789194574, 0.6319121749898273, 0.7134763952676945, 0.8178827073404472]",3.012235085356555e-05,1.76539930640905e-32,1.3286832980093675e-16,2.241201280180585e-16,2.2887833992611187e-16,,,7.632870334676238e-32,2.7627649799930933e-16,30.700700008310378,1.9187937505193986,16,"[0.1130504235625267, 0.1529962122440338, 0.20260325074195862, 0.2433757483959198, 0.28574126958847046, 0.3452453911304474, 0.35889676213264465, 0.4130326509475708, 0.45805588364601135, 0.49232715368270874, 0.5082617998123169, 0.5229739546775818, 0.592669665813446, 0.6813299059867859, 0.775881826877594, 0.826042890548706]",8.347755583454914e-05,0.009136605268618599,1e-05,interpolation_fallback_pass,True,True,measured mean squared Euclidean error on the supplied normalized ordered reference points; not a continuous-curve or global-minimality guarantee,False,False,,True,22,22,18,18,16,16,2,False,True,True,False,False,,,0,0,False,False,False,False,22,1,2,0,0,0.0,10.946499998681247
uji2_03477_stroke_00,uji_pen_characters_v2,tst_UPV_W18,test,12,192,certified,8,"[0.08431569412573185, 0.14899036789307707, 0.2304659502312226, 0.3348219382708019, 0.45161591731155415, 0.578652779980097, 0.7016654246546771, 0.8154855172169556]",2.1587960151880486e-05,3.758948815285478e-33,6.131026680161716e-17,1.1125814204891696e-16,1.1150912609939193e-16,,,7.148863986791586e-33,8.455095497267661e-17,30.700700008310378,1.9187937505193986,4,"[0.27660778164863586, 0.5072039365768433, 0.6428166031837463, 0.7764772772789001]",4.188975121070115e-05,0.006472229230388951,1e-05,interpolation_fallback_pass,True,True,measured mean squared Euclidean error on the supplied normalized ordered reference points; not a continuous-curve or global-minimality guarantee,False,False,,True,12,12,8,8,4,4,4,False,True,True,False,False,,,0,0,False,False,False,False,12,1,2,0,0,0.0,7.339200004935265
uji2_06270_stroke_01,uji_pen_characters_v2,tst_UPV_W33,test,12,192,certified,8,"[0.18961897347035794, 0.24122040887439067, 0.41013349128178705, 0.4789165070757483, 0.6369390124416481, 0.7328272464914312, 0.7936886925693233, 0.8242542905867145]",9.252178274230533e-06,1.1391766691907324e-32,1.0673221955860997e-16,1.9316977948463e-16,2.7755575615628914e-16,,,1.6351684724079646e-32,1.2787370614821347e-16,30.700700008310378,1.9187937505193986,9,"[0.18299272656440735, 0.23553307354450226, 0.40543025732040405, 0.4760340750217438, 0.5405288934707642, 0.6346889734268188, 0.732748806476593, 0.7946301698684692, 0.8259718418121338]",1.8800707987458003e-05,0.004335978319532745,1e-05,initial_reference_refit_pass,True,True,measured mean squared Euclidean error on the supplied normalized ordered reference points; not a continuous-curve or global-minimality guarantee,False,False,,True,12,12,8,8,9,8,0,False,False,False,False,False,,,0,0,False,False,False,False,12,1,1,0,0,0.0,5.730100034270436
uji2_06891_stroke_01,uji_pen_characters_v2,tst_UPV_W36,test,15,192,certified,11,"[0.11028622848857199, 0.177808821672784, 0.2543808057076846, 0.3368537307363528, 0.4266608391417919, 0.5124658685550595, 0.5998072978347972, 0.6823671836735037, 0.7584079078866338, 0.8278308693877183, 0.8887549878520603]",4.787379443740001e-05,1.2085210401029905e-32,1.0993275399547627e-16,2.0014830212433605e-16,2.0014830212433605e-16,,,2.1652111985583248e-32,1.4714656633976632e-16,30.700700008310378,1.9187937505193986,6,"[0.20808641612529755, 0.33447879552841187, 0.4351893663406372, 0.5376854538917542, 0.6691339015960693, 0.7831241488456726]",0.00010025834621031285,0.010012908978429437,1e-05,interpolation_fallback_pass,True,True,measured mean squared Euclidean error on the supplied normalized ordered reference points; not a continuous-curve or global-minimality guarantee,False,False,,True,15,15,11,11,6,6,5,False,True,True,False,False,,,0,0,False,False,False,False,15,1,2,0,0,0.0,7.667900004889816
uji2_04480_stroke_00,uji_pen_characters_v2,tst_UPV_W24,test,25,192,certified,21,"[0.03307496476877937, 0.05626908360881975, 0.08729155536068611, 0.12338262673112776, 0.16891389502985507, 0.22162149105963183, 0.27782334509416556, 0.3364601343567408, 0.3935706061226951, 0.44866557801593626, 0.499743983755746, 0.5458942299577147, 0.5896762439140019, 0.6316524967494698, 0.6764118324531759, 0.723539378531501, 0.7720210771415958, 0.8216952411093192, 0.8675008598726475, 0.9083899759747441, 0.941847790175942]",1.5678589889583362e-05,2.402982791611954e-32,1.5501557314063494e-16,2.275982445614332e-16,5.578801654593729e-16,,,3.067491407604809e-31,5.538493845446439e-16,30.700700008310378,1.9187937505193986,14,"[0.11442755162715912, 0.1613304764032364, 0.2040184736251831, 0.25742268562316895, 0.3326045870780945, 0.3712000548839569, 0.43743255734443665, 0.5375876426696777, 0.6150769591331482, 0.6644009947776794, 0.701569676399231, 0.7580444812774658, 0.7965166568756104, 0.8157500624656677]",4.177993515361981e-05,0.006463740028313315,1e-05,interpolation_fallback_pass,True,True,measured mean squared Euclidean error on the supplied normalized ordered reference points; not a continuous-curve or global-minimality guarantee,False,False,,True,25,25,21,21,14,14,7,False,True,True,False,False,,,0,0,False,False,False,False,25,1,2,0,0,0.0,7.513399992603809
uji2_05719_stroke_00,uji_pen_characters_v2,tst_UPV_W30,test,52,192,certified,60,"[0.012185391313266401, 0.012185391313266401, 0.012185391313266401, 0.0447446198515572, 0.0447446198515572, 0.0447446198515572, 0.06605530432784656, 0.06605530432784656, 0.06605530432784656, 0.14995864965370925, 0.14995864965370925, 0.14995864965370925, 0.24316179158632997, 0.24316179158632997, 0.24316179158632997, 0.37658822598619157, 0.37658822598619157, 0.37658822598619157, 0.4385984746286191, 0.4385984746286191, 0.4385984746286191, 0.4624676949898568, 0.4624676949898568, 0.4624676949898568, 0.47098350325897853, 0.47098350325897853, 0.47098350325897853, 0.6082614952075149, 0.6082614952075149, 0.6082614952075149, 0.6702036138646702, 0.6702036138646702, 0.6702036138646702, 0.7184897526059868, 0.7184897526059868, 0.7184897526059868, 0.7354150757742597, 0.7354150757742597, 0.7354150757742597, 0.7504894655989987, 0.7504894655989987, 0.7504894655989987, 0.7661248684379433, 0.7661248684379433, 0.7661248684379433, 0.8102405970370168, 0.8102405970370168, 0.8102405970370168, 0.8642015699947793, 0.8642015699947793, 0.8642015699947793, 0.9557306408914765, 0.9557306408914765, 0.9557306408914765, 0.9763588043714141, 0.9763588043714141, 0.9763588043714141, 0.9855955083298759, 0.9855955083298759, 0.9855955083298759]",0.0008556227432609605,8.887711786339624e-06,0.0029812265573652104,0.006085107129256993,0.00800488473877524,,,0.00011980015812313653,0.010945325857329992,30.700700008310378,1.9187937505193986,11,"[0.199121356010437, 0.3664596378803253, 0.43203163146972656, 0.503410816192627, 0.5773915648460388, 0.6256178021430969, 0.6580362319946289, 0.6798228025436401, 0.792884111404419, 0.8138571381568909, 0.8634346127510071]",0.001184367100863412,0.03441463498082483,1e-05,tolerance_polyline_fallback_pass,True,True,measured mean squared Euclidean error on the supplied normalized ordered reference points; not a continuous-curve or global-minimality guarantee,False,False,,,64,,48,28,11,11,49,False,False,False,True,True,22,8.887711786339611e-06,21,1,True,False,False,False,64,3,69,68,0,0.0,328.7473999662325
uji2_11501_stroke_01,uji_pen_characters_v2,tst_UPV_W60,test,19,192,certified,15,"[0.07788538957952805, 0.11973713205073537, 0.1660547255622877, 0.21415580259462708, 0.2762857631302667, 0.3450254083994442, 0.4214149820437177, 0.4981501535423852, 0.5750816297168216, 0.6481466014926646, 0.7172667550157676, 0.7796963460344953, 0.832987014207979, 0.8812450017424845, 0.9243564582790221]",5.711150388614217e-05,1.4989943557284995e-32,1.2243342500022204e-16,2.367878234547823e-16,2.482534153247273e-16,,,4.9255617407054684e-32,2.219360660349162e-16,30.700700008310378,1.9187937505193986,10,"[0.19657309353351593, 0.3022497296333313, 0.35136038064956665, 0.39208295941352844, 0.4207666218280792, 0.45207130908966064, 0.5042744874954224, 0.6355509757995605, 0.7462120652198792, 0.8252999782562256]",0.00013062442222560043,0.011429104174238699,1e-05,interpolation_fallback_pass,True,True,measured mean squared Euclidean error on the supplied normalized ordered reference points; not a continuous-curve or global-minimality guarantee,False,False,,True,19,19,15,15,10,10,5,False,True,True,False,False,,,0,0,False,False,False,False,19,1,2,0,0,0.0,9.636699978727847
uji2_09718_stroke_00,uji_pen_characters_v2,tst_UPV_W51,test,37,192,certified,24,"[0.024364615652397, 0.028016140032052078, 0.06310455765859899, 0.12892493665264437, 0.2052803689635973, 0.22113372970749065, 0.28193180186405725, 0.3185946784637178, 0.3472661647124386, 0.3725679248907143, 0.40285963923392537, 0.4495311493290659, 0.47305309617601404, 0.5361498505325123, 0.5774356923850945, 0.596381508556397, 0.6484438185205041, 0.7393218969579342, 0.7543176454336965, 0.7817556561297895, 0.8159238518080626, 0.8524877434698342, 0.8948526446545653, 0.9885962532198465]",7.951576264070547e-05,9.869194600010007e-06,0.003141527431045288,0.00669097417457057,0.007736906916199818,,,0.00019959549675191275,0.014127827035744481,30.700700008310378,1.9187937505193986,20,"[0.12053897231817245, 0.1982373148202896, 0.2142488658428192, 0.2762657403945923, 0.3130873441696167, 0.3423592448234558, 0.36807066202163696, 0.39895308017730713, 0.44638198614120483, 0.47023817896842957, 0.533776044845581, 0.5791469216346741, 0.6043089628219604, 0.6567875742912292, 0.745271623134613, 0.7597340941429138, 0.787024199962616, 0.8204665780067444, 0.8569597005844116, 0.898479700088501]",0.00019832543853941128,0.014082806486613784,1e-05,adaptive_insertion_pass,True,True,measured mean squared Euclidean error on the supplied normalized ordered reference points; not a continuous-curve or global-minimality guarantee,False,False,,True,28,28,33,28,20,20,4,False,False,False,False,False,,,0,0,False,False,False,False,28,1,17,16,0,0.0,52.75350000010803
uji2_02882_stroke_00,uji_pen_characters_v2,tst_UJI_W15,test,19,192,certified,15,"[0.0664191304323518, 0.10331590291178355, 0.15927487345669158, 0.2251044745466869, 0.30657800759005926, 0.3913656996586381, 0.48429024239978496, 0.5724927710348614, 0.6577966873945048, 0.7320096766050804, 0.7944445103558485, 0.8476934570702129, 0.8918027747575591, 0.9286825840444058, 0.9551421381222932]",5.233369386462264e-05,3.647738635632863e-32,1.9099053996554026e-16,4.440892310258813e-16,4.440894216082489e-16,,,2.4984587401244075e-31,4.998458502502954e-16,34.9228999693878,2.1826812480867375,8,"[0.17355753481388092, 0.2122548371553421, 0.3596840500831604, 0.5273406505584717, 0.6729941964149475, 0.780789852142334, 0.8231605887413025, 0.8645497560501099]",0.00012381081124770968,0.011127030657264753,1e-05,interpolation_fallback_pass,True,True,measured mean squared Euclidean error on the supplied normalized ordered reference points; not a continuous-curve or global-minimality guarantee,False,False,,True,19,19,15,15,8,8,7,False,True,True,False,False,,,0,0,False,False,False,False,19,1,2,0,0,0.0,7.548700028564781
uji2_08024_stroke_00,uji_pen_characters_v2,tst_UPV_W42,test,32,192,certified,12,"[0.23100300789079622, 0.31556496567283254, 0.3966884362401797, 0.447650231649779, 0.47735514406955587, 0.512026488628848, 0.5544051701775898, 0.5902712343513451, 0.6231217951836799, 0.6613001173541347, 0.7423016687700421, 0.8023112019731901]",1.0479465659920445e-05,8.254019433306734e-06,0.002872980931594697,0.005298953627737873,0.009776611396575105,,,0.00016420468460778327,0.012814237574190016,34.9228999693878,2.1826812480867375,12,"[0.2246466875076294, 0.309381365776062, 0.3895576298236847, 0.4387725591659546, 0.4684348702430725, 0.5026481747627258, 0.5447454452514648, 0.5802555084228516, 0.612694501876831, 0.6506799459457397, 0.7326682209968567, 0.7950646281242371]",1.656365057935978e-05,0.004069846505626445,1e-05,initial_reference_refit_pass,True,True,measured mean squared Euclidean error on the supplied normalized ordered reference points; not a continuous-curve or global-minimality guarantee,False,False,,True,16,16,28,28,12,12,0,False,False,False,False,False,,,0,0,False,False,False,False,16,1,1,0,0,0.0,4.981599980965257
uji2_10947_stroke_02,uji_pen_characters_v2,tst_UPV_W57,test,9,192,certified,5,"[0.1912786181605002, 0.3058603539561208, 0.43459705383839076, 0.5793541527674325, 0.7184701366809824]",2.759829933738444e-05,7.729465716041622e-33,8.791738005674204e-17,1.7824123877474917e-16,2.2247786310271853e-16,,,1.0612294371410356e-32,1.0301599085292708e-16,34.9228999693878,2.1826812480867375,7,"[0.4401828944683075, 0.6343981623649597, 0.7010911703109741, 0.7647236585617065, 0.8007445931434631, 0.8323249816894531, 0.8938612937927246]",6.075783134016761e-05,0.007794730998576385,1e-05,interpolation_fallback_pass,True,True,measured mean squared Euclidean error on the supplied normalized ordered reference points; not a continuous-curve or global-minimality guarantee,False,False,,True,9,9,5,5,7,5,0,False,True,True,False,False,,,0,0,False,False,False,False,9,1,2,0,0,0.0,8.752199995797127
uji2_08725_stroke_01,uji_pen_characters_v2,tst_UPV_W45,test,15,192,certified,11,"[0.1023041527885797, 0.16025549280927284, 0.23087666924285613, 0.3176691072910722, 0.40962241311955133, 0.5099990081930529, 0.6081320058170984, 0.7042766735889551, 0.7908890566081208, 0.8634164987649314, 0.9207584735542643]",1.907681270524292e-05,1.604008748005884e-32,1.26649466955289e-16,2.5552196380658386e-16,3.3306690738754696e-16,,,5.977864820969195e-32,2.4449672433325553e-16,34.9228999693878,2.1826812480867375,5,"[0.1824439913034439, 0.410598486661911, 0.5929611325263977, 0.7167981863021851, 0.8076291084289551]",3.494037841234615e-05,0.005911038691494596,1e-05,interpolation_fallback_pass,True,True,measured mean squared Euclidean error on the supplied normalized ordered reference points; not a continuous-curve or global-minimality guarantee,False,False,,True,15,15,11,11,5,5,6,False,True,True,False,False,,,0,0,False,False,False,False,15,1,2,0,0,0.0,14.138300030026585
uji2_05797_stroke_00,uji_pen_characters_v2,tst_UPV_W30,test,10,192,certified,6,"[0.14527460149484714, 0.2872807004201304, 0.5019719949626745, 0.5604993600722734, 0.6610348938089429, 0.8208473947042568]",1.5068582118316973e-06,1.5133596391130327e-32,1.230186830978544e-16,2.2215299868541707e-16,2.2215299868541707e-16,,,1.3549873478643927e-32,1.1640392381120117e-16,34.9228999693878,2.1826812480867375,15,"[0.14972062408924103, 0.22211456298828125, 0.26233768463134766, 0.2953276038169861, 0.375733345746994, 0.4385831654071808, 0.50869220495224, 0.5373592376708984, 0.5680170655250549, 0.5934598445892334, 0.6212361454963684, 0.6686834096908569, 0.7657259106636047, 0.7989144325256348, 0.8240193724632263]",3.605648343290045e-06,0.0018988544818626953,1e-05,initial_reference_refit_pass,True,True,measured mean squared Euclidean error on the supplied normalized ordered reference points; not a continuous-curve or global-minimality guarantee,False,False,,True,10,10,6,6,15,6,0,False,False,False,False,False,,,0,0,False,False,False,False,10,1,1,0,0,0.0,10.471300047356635
uji2_04590_stroke_01,uji_pen_characters_v2,tst_UPV_W24,test,11,192,certified,7,"[0.18639768751789518, 0.32586948914780445, 0.36248240765894907, 0.43755557911468207, 0.572359634083966, 0.7417459037561761, 0.8363690639837854]",8.968676400379637e-06,7.916283352376909e-33,8.897349803383538e-17,1.4056797676537057e-16,1.5700924586837752e-16,,,1.1587858501767394e-32,1.0764691589528886e-16,34.9228999693878,2.1826812480867375,11,"[0.1841839998960495, 0.25420108437538147, 0.3220385015010834, 0.35735657811164856, 0.3903682827949524, 0.4348655939102173, 0.5364674925804138, 0.5731619000434875, 0.7431398034095764, 0.8151890635490417, 0.8375609517097473]",2.5824271145597733e-05,0.005081758666603298,1e-05,initial_reference_refit_pass,True,True,measured mean squared Euclidean error on the supplied normalized ordered reference points; not a continuous-curve or global-minimality guarantee,False,False,,True,11,11,7,7,11,7,0,False,False,False,False,False,,,0,0,False,False,False,False,11,1,1,0,0,0.0,4.844800045248121
uji2_11050_stroke_00,uji_pen_characters_v2,tst_UPV_W57,test,12,192,certified,8,"[0.11434569812542132, 0.20990919219438897, 0.2893686469292148, 0.5008228908550785, 0.533877265874146, 0.5995632029611767, 0.6617216290897817, 0.8203819571583899]",2.1445821013134755e-05,8.651152551053696e-33,9.301157213515798e-17,1.2815057408775108e-16,1.3985787785349405e-16,,,1.0447204241088066e-32,1.0221156608274851e-16,34.9228999693878,2.1826812480867375,12,"[0.11015226691961288, 0.1724586933851242, 0.20753277838230133, 0.28727981448173523, 0.41749507188796997, 0.4974379539489746, 0.5312201380729675, 0.5671616196632385, 0.5983849763870239, 0.6619176268577576, 0.701532244682312, 0.8223480582237244]",6.875544805421328e-05,0.00829189049941045,1e-05,initial_reference_refit_pass,True,True,measured mean squared Euclidean error on the supplied normalized ordered reference points; not a continuous-curve or global-minimality guarantee,False,False,,True,12,12,8,8,12,8,0,False,False,False,False,False,,,0,0,False,False,False,False,12,1,1,0,0,0.0,4.50860004639253
uji2_05773_stroke_01,uji_pen_characters_v2,tst_UPV_W30,test,13,192,certified,9,"[0.10670547782299859, 0.1738738420020389, 0.25857934501842744, 0.3441709568685056, 0.43359560124269897, 0.5284730022701544, 0.6272907577612901, 0.7246917320919323, 0.8172072894174235]",4.2246422940602416e-05,1.3534287498609725e-32,1.1633695671887643e-16,2.2283423948078456e-16,2.2336880404788363e-16,,,2.1248355501767459e-32,1.4576815667959672e-16,34.9228999693878,2.1826812480867375,4,"[0.2024063766002655, 0.30942147970199585, 0.4819764792919159, 0.6790920495986938]",0.00010329366013690193,0.010163348864272146,1e-05,interpolation_fallback_pass,True,True,measured mean squared Euclidean error on the supplied normalized ordered reference points; not a continuous-curve or global-minimality guarantee,False,False,,True,13,13,9,9,4,4,5,False,True,True,False,False,,,0,0,False,False,False,False,13,1,2,0,0,0.0,7.274600036907941
uji2_05700_stroke_00,uji_pen_characters_v2,tst_UPV_W30,test,27,192,certified,23,"[0.038731636828932124, 0.06158851418663954, 0.08882060436899714, 0.12948400735020882, 0.17507205966525277, 0.2320523022932078, 0.2910880188945619, 0.3553702401227214, 0.4175410268929199, 0.4779395047350385, 0.531564757912816, 0.5804979105419404, 0.6259654033378987, 0.6709474047819054, 0.715198643681867, 0.7574051639135466, 0.7957838196624957, 0.8311576008896558, 0.860199601156073, 0.8890900768207487, 0.9134573840040595, 0.9377862654409044, 0.9592787077733903]",9.804921606359574e-05,3.049846041157799e-32,1.746380840812736e-16,3.3422138886441676e-16,4.440892098500626e-16,,,1.861649522124176e-31,4.314683675687218e-16,34.9228999693878,2.1826812480867375,9,"[0.19546738266944885, 0.3432803750038147, 0.3984002470970154, 0.4792085886001587, 0.5876542329788208, 0.676244854927063, 0.7917113304138184, 0.836422324180603, 0.8780066967010498]",0.00020272673426510642,0.014238213872010295,1e-05,interpolation_fallback_pass,True,True,measured mean squared Euclidean error on the supplied normalized ordered reference points; not a continuous-curve or global-minimality guarantee,False,False,,True,27,27,23,23,9,9,14,False,True,True,False,False,,,0,0,False,False,False,False,27,1,2,0,0,0.0,10.962700005620718
uji2_07478_stroke_00,uji_pen_characters_v2,tst_UPV_W39,test,23,192,certified,19,"[0.03994460825436008, 0.06266618499100661, 0.08526850720343614, 0.1127501770732161, 0.14691558402703211, 0.1947676809613811, 0.25423715681023745, 0.32609380885730466, 0.4052560305344233, 0.49063354731460224, 0.5754280878749027, 0.6567726674485264, 0.7275239712846991, 0.7868626847046768, 0.8329844226872177, 0.8658845470953177, 0.8877214854150312, 0.9082029209491548, 0.9325274874602906]",0.00010248938704915405,1.9352881060225823e-32,1.3911463280412246e-16,2.2361064397757314e-16,3.331391796911832e-16,,,1.8118179550674683e-31,4.2565454949612234e-16,34.9228999693878,2.1826812480867375,16,"[0.15237949788570404, 0.18433305621147156, 0.2843916714191437, 0.3806619644165039, 0.39971989393234253, 0.4676050543785095, 0.526758074760437, 0.5855738520622253, 0.6144885420799255, 0.6668870449066162, 0.7232226133346558, 0.7666927576065063, 0.7921989560127258, 0.8051878809928894, 0.8357239961624146, 0.8703721761703491]",0.00025607387685541613,0.016002308485197257,1e-05,interpolation_fallback_pass,True,True,measured mean squared Euclidean error on the supplied normalized ordered reference points; not a continuous-curve or global-minimality guarantee,False,False,,True,23,23,19,19,16,16,3,False,True,True,False,False,,,0,0,False,False,False,False,23,1,2,0,0,0.0,8.460199984256178
uji2_07534_stroke_00,uji_pen_characters_v2,tst_UPV_W39,test,29,192,certified,25,"[0.05440930535246156, 0.07553214984801236, 0.09936027397911824, 0.1267945789996173, 0.16044890135089554, 0.19763813429089264, 0.23590706353762383, 0.27221941058596105, 0.30424300251713615, 0.33125583116019813, 0.3551551845862914, 0.38207027539020144, 0.4160372318150596, 0.46241981603195753, 0.5166796690483282, 0.5787859098472382, 0.641111468374281, 0.7030774347330361, 0.7586027433622383, 0.8074750083546597, 0.8471508589088087, 0.877780465991862, 0.9021480490162198, 0.9253243602622558, 0.9505474127457761]",4.046592337959492e-05,2.7728410345871745e-32,1.665184985095402e-16,2.941480264043723e-16,4.47545209131181e-16,,,1.2246843748443116e-31,3.4995490778731926e-16,34.9228999693878,2.1826812480867375,16,"[0.14503173530101776, 0.22398898005485535, 0.3191322386264801, 0.3891650438308716, 0.42152509093284607, 0.4754229784011841, 0.519034206867218, 0.5541001558303833, 0.6532350778579712, 0.7401367425918579, 0.7612592577934265, 0.7778449654579163, 0.7980356812477112, 0.8292251229286194, 0.8652796745300293, 0.9070708155632019]",7.518999061874825e-05,0.008671216213354862,1e-05,interpolation_fallback_pass,True,True,measured mean squared Euclidean error on the supplied normalized ordered reference points; not a continuous-curve or global-minimality guarantee,False,False,,True,29,29,25,25,16,16,9,False,True,True,False,False,,,0,0,False,False,False,False,29,1,2,0,0,0.0,9.92670003324747
uji2_09772_stroke_00,uji_pen_characters_v2,tst_UPV_W51,test,44,192,certified,84,"[0.009971726519531595, 0.009971726519531595, 0.009971726519531595, 0.024465078984959865, 0.024465078984959865, 0.024465078984959865, 0.15888967166191714, 0.15888967166191714, 0.15888967166191714, 0.2531425561671532, 0.2531425561671532, 0.2531425561671532, 0.2922922287494271, 0.2922922287494271, 0.2922922287494271, 0.4015331252926633, 0.4015331252926633, 0.4015331252926633, 0.4544588200531768, 0.4544588200531768, 0.4544588200531768, 0.4779771867339868, 0.4779771867339868, 0.4779771867339868, 0.4958290955335506, 0.4958290955335506, 0.4958290955335506, 0.5139779298635138, 0.5139779298635138, 0.5139779298635138, 0.5314853480822737, 0.5314853480822737, 0.5314853480822737, 0.5514537797337408, 0.5514537797337408, 0.5514537797337408, 0.573712214259258, 0.573712214259258, 0.573712214259258, 0.5967175604380004, 0.5967175604380004, 0.5967175604380004, 0.6235116910688059, 0.6235116910688059, 0.6235116910688059, 0.651900467967927, 0.651900467967927, 0.651900467967927, 0.6837555272665192, 0.6837555272665192, 0.6837555272665192, 0.7173981379041467, 0.7173981379041467, 0.7173981379041467, 0.7544146686976231, 0.7544146686976231, 0.7544146686976231, 0.7908149200067827, 0.7908149200067827, 0.7908149200067827, 0.8286879068542682, 0.8286879068542682, 0.8286879068542682, 0.8634748055709626, 0.8634748055709626, 0.8634748055709626, 0.8945995962595611, 0.8945995962595611, 0.8945995962595611, 0.9189488374867875, 0.9189488374867875, 0.9189488374867875, 0.9380324266292349, 0.9380324266292349, 0.9380324266292349, 0.9512802120679756, 0.9512802120679756, 0.9512802120679756, 0.959335136713983, 0.959335136713983, 0.959335136713983, 0.9738713810724504, 0.9738713810724504, 0.9738713810724504]",0.0006125589981167304,8.387117272779405e-06,0.0028960520148608184,0.006452915027211971,0.008488551703377062,,,4.597492316274922e-05,0.006780481042134785,34.9228999693878,2.1826812480867375,8,"[0.20910203456878662, 0.24209028482437134, 0.3382982611656189, 0.4373205304145813, 0.48790961503982544, 0.5542693138122559, 0.6761860847473145, 0.7456108927726746]",0.0009652192093106322,0.031067977232363105,1e-05,tolerance_polyline_fallback_pass,True,True,measured mean squared Euclidean error on the supplied normalized ordered reference points; not a continuous-curve or global-minimality guarantee,False,False,,,88,,40,28,8,8,76,False,False,False,True,True,30,8.387117272779325e-06,28,0,True,False,False,False,88,3,81,80,0,2.6020852139652106e-18,311.91829999443144
uji2_02966_stroke_01,uji_pen_characters_v2,tst_UJI_W16,test,9,192,certified,5,"[0.14080942996282672, 0.22852950007386832, 0.3353148464904229, 0.4657673028348653, 0.613022234006147]",7.82834582834269e-06,1.2454346973704126e-32,1.1159904557703048e-16,2.1556543067234576e-16,2.482534153247273e-16,,,1.770050039409306e-32,1.330432275393718e-16,34.9228999693878,2.1826812480867375,4,"[0.3540569841861725, 0.5282520055770874, 0.5991876125335693, 0.7705409526824951]",1.6654438763660306e-05,0.004080985023699585,1e-05,interpolation_fallback_pass,True,True,measured mean squared Euclidean error on the supplied normalized ordered reference points; not a continuous-curve or global-minimality guarantee,False,False,,True,9,9,5,5,4,4,1,False,True,True,False,False,,,0,0,False,False,False,False,9,1,2,0,0,0.0,11.114499997347593
uji2_10957_stroke_00,uji_pen_characters_v2,tst_UPV_W57,test,14,192,certified,10,"[0.12366130777782534, 0.19452975558475952, 0.2839486920653746, 0.3830366734265389, 0.4895773023644889, 0.5953084345236336, 0.6930279328006267, 0.7792877827582813, 0.8482708730502752, 0.9031866210740332]",3.05598884439663e-05,4.0030324925565636e-32,2.000757979505908e-16,4.117127104983256e-16,5.572324966150414e-16,,,1.5831249042885268e-31,3.978850216191264e-16,34.9228999693878,2.1826812480867375,3,"[0.6506220102310181, 0.8477816581726074, 0.9064938426017761]",7.068606510675398e-05,0.008407500526717437,1e-05,interpolation_fallback_pass,True,True,measured mean squared Euclidean error on the supplied normalized ordered reference points; not a continuous-curve or global-minimality guarantee,False,False,,True,14,14,10,10,3,3,7,False,True,True,False,False,,,0,0,False,False,False,False,14,1,2,0,0,0.0,8.035700011532754
uji2_09176_stroke_01,uji_pen_characters_v2,tst_UPV_W48,test,11,192,certified,7,"[0.2027299867850515, 0.3369807218650295, 0.37657313945711307, 0.44457350185615496, 0.6348637607983209, 0.7768307582991804, 0.8974633983478439]",5.029979685709152e-05,3.20204762384741e-29,5.658663820945198e-15,9.469134336956187e-15,9.608100750112552e-15,,,8.731194077103198e-29,9.344085871343006e-15,34.9228999693878,2.1826812480867375,10,"[0.20614111423492432, 0.2747144103050232, 0.3403150737285614, 0.3799531161785126, 0.44780105352401733, 0.5540650486946106, 0.6373549103736877, 0.7160158753395081, 0.7792395353317261, 0.8974856734275818]",0.00017982148013922855,0.013409753172196294,1e-05,initial_reference_refit_pass,True,True,measured mean squared Euclidean error on the supplied normalized ordered reference points; not a continuous-curve or global-minimality guarantee,False,False,,True,11,11,7,7,10,7,0,False,False,False,False,False,,,0,0,False,False,False,False,11,1,1,0,0,0.0,4.998400050681084
uji2_04534_stroke_00,uji_pen_characters_v2,tst_UPV_W24,test,14,192,certified,10,"[0.10665252466383897, 0.1720976678760858, 0.2587568692990486, 0.35555319439639144, 0.4651929988508397, 0.5757833552292979, 0.6844857686692859, 0.7827707655222632, 0.8654660523353851, 0.9262810212581716]",5.771930717971211e-05,4.501947224020538e-32,2.1217792590230818e-16,3.5686283810491873e-16,3.925231146709438e-16,,,2.2359709066968935e-31,4.728605404024419e-16,34.9228999693878,2.1826812480867375,5,"[0.20685513317584991, 0.2533262372016907, 0.4709491431713104, 0.6551740765571594, 0.8115001320838928]",0.0001599000525129294,0.012645159252177468,1e-05,interpolation_fallback_pass,True,True,measured mean squared Euclidean error on the supplied normalized ordered reference points; not a continuous-curve or global-minimality guarantee,False,False,,True,14,14,10,10,5,5,5,False,True,True,False,False,,,0,0,False,False,False,False,14,1,2,0,0,0.0,8.347900002263486
uji2_07555_stroke_00,uji_pen_characters_v2,tst_UPV_W39,test,35,192,certified,45,"[0.041438579124566666, 0.041438579124566666, 0.041438579124566666, 0.06655646204715324, 0.06655646204715324, 0.06655646204715324, 0.11327933742109092, 0.11327933742109092, 0.11327933742109092, 0.16110144500250184, 0.16110144500250184, 0.16110144500250184, 0.27879612672047666, 0.27879612672047666, 0.27879612672047666, 0.3906781434956919, 0.3906781434956919, 0.3906781434956919, 0.5169803830939445, 0.5169803830939445, 0.5169803830939445, 0.6047361841417582, 0.6047361841417582, 0.6047361841417582, 0.6455439322134089, 0.6455439322134089, 0.6455439322134089, 0.7187196236353731, 0.7187196236353731, 0.7187196236353731, 0.7774473816631252, 0.7774473816631252, 0.7774473816631252, 0.835154725348597, 0.835154725348597, 0.835154725348597, 0.8738226318162313, 0.8738226318162313, 0.8738226318162313, 0.9128637024228632, 0.9128637024228632, 0.9128637024228632, 0.9397240941020331, 0.9397240941020331, 0.9397240941020331]",0.00018662920473242733,9.678322930808421e-06,0.0031110003103195635,0.005762748164280426,0.009917050941511078,,,6.123754039315551e-05,0.007825441865681165,34.69130001030862,2.168206250644289,6,"[0.28021639585494995, 0.5153020024299622, 0.6100940108299255, 0.6523124575614929, 0.7497849464416504, 0.7961836457252502]",0.0002507670495657354,0.01583562596065389,1e-05,tolerance_polyline_fallback_pass,True,True,measured mean squared Euclidean error on the supplied normalized ordered reference points; not a continuous-curve or global-minimality guarantee,False,False,,,49,,31,28,6,6,39,False,False,False,True,True,17,9.67832293080847e-06,16,1,True,False,False,False,49,3,89,88,0,0.0,316.46920001367107
uji2_02530_stroke_00,uji_pen_characters_v2,tst_UJI_W14,test,50,192,certified,28,"[0.018897149264559043, 0.0477317525499958, 0.05723870148888066, 0.09245147249600336, 0.12577885709654865, 0.16971049585850598, 0.22768047638640126, 0.2592140549008194, 0.2882335400090754, 0.31226458100623666, 0.36559251668881465, 0.39238240821980414, 0.4087418321649695, 0.45354551323661785, 0.4933483138578314, 0.5275690244609822, 0.5597895987215032, 0.5915284711089489, 0.6300344719937899, 0.6665742944825185, 0.7087846484457369, 0.7451751433079556, 0.7801202905337483, 0.7967944040377776, 0.8078023511815303, 0.8272902651337108, 0.8597988205300946, 0.8985352712014435]",4.037363457144844e-05,7.54069527115072e-06,0.00274603264204028,0.005346708945454806,0.008629164600774389,,,7.213801410255659e-05,0.0084934100397047,34.69130001030862,2.168206250644289,24,"[0.08502770215272903, 0.11977305263280869, 0.16538971662521362, 0.22366979718208313, 0.2559105455875397, 0.3203524053096771, 0.3761942386627197, 0.40255409479141235, 0.41929182410240173, 0.4627454876899719, 0.5017052292823792, 0.5350133776664734, 0.5661842823028564, 0.5961809754371643, 0.6333193182945251, 0.668068528175354, 0.7098829746246338, 0.7449203133583069, 0.7805743217468262, 0.7964794039726257, 0.8080283999443054, 0.827937126159668, 0.8616516590118408, 0.9009475708007812]",8.502426005382243e-05,0.0092208600495736,1e-05,adaptive_insertion_pass,True,True,measured mean squared Euclidean error on the supplied normalized ordered reference points; not a continuous-curve or global-minimality guarantee,False,False,,True,32,32,46,28,24,24,4,False,False,False,False,False,,,0,0,False,False,False,False,32,1,17,16,0,0.0,67.47200002428144
uji2_08584_stroke_00,uji_pen_characters_v2,tst_UPV_W45,test,14,192,certified,8,"[0.14413997790136637, 0.21237220992721695, 0.300406828421316, 0.3831103260756826, 0.4562153964562431, 0.5829889091465154, 0.665853939672248, 0.7604729494082033]",9.881526242358479e-06,7.359662166925161e-07,0.0008578847339197243,0.0012781036877280777,0.001434204595418461,,,1.1583550233612516e-05,0.003403461507584964,34.69130001030862,2.168206250644289,8,"[0.13754154741764069, 0.205183207988739, 0.2934880554676056, 0.37668731808662415, 0.45098429918289185, 0.5799855589866638, 0.6626659035682678, 0.7576600313186646]",3.178182194667966e-05,0.0056375368687645545,1e-05,initial_reference_refit_pass,True,True,measured mean squared Euclidean error on the supplied normalized ordered reference points; not a continuous-curve or global-minimality guarantee,False,False,,True,12,12,10,10,8,8,0,False,False,False,False,False,,,0,0,False,False,False,False,12,1,1,0,0,0.0,4.6947000082582235
uji2_07459_stroke_00,uji_pen_characters_v2,tst_UPV_W39,test,37,192,certified,33,"[0.062278959957927926, 0.062278959957927926, 0.062278959957927926, 0.16388289356175892, 0.16388289356175892, 0.16388289356175892, 0.4240134432045016, 0.4240134432045016, 0.4240134432045016, 0.45874660206179013, 0.45874660206179013, 0.45874660206179013, 0.47503799087084386, 0.47503799087084386, 0.47503799087084386, 0.4947467373838418, 0.4947467373838418, 0.4947467373838418, 0.696453823611696, 0.696453823611696, 0.696453823611696, 0.8002959410806407, 0.8002959410806407, 0.8002959410806407, 0.8928053905847009, 0.8928053905847009, 0.8928053905847009, 0.9771567838852648, 0.9771567838852648, 0.9771567838852648, 0.9876089140258804, 0.9876089140258804, 0.9876089140258804]",7.977935866749024e-05,6.327354063625514e-06,0.002515423237474265,0.0048420046817455155,0.008222690579358125,,,8.260848175865867e-05,0.009088920824754645,34.69130001030862,2.168206250644289,23,"[0.10789956897497177, 0.15216152369976044, 0.1878911852836609, 0.22120401263237, 0.2518540620803833, 0.2843320667743683, 0.3161146938800812, 0.3468468487262726, 0.3852189779281616, 0.44246619939804077, 0.46775779128074646, 0.5071963667869568, 0.5781875252723694, 0.6140039563179016, 0.6329098343849182, 0.665277898311615, 0.7042930722236633, 0.7556347250938416, 0.7892557382583618, 0.8000146150588989, 0.8279213309288025, 0.8636918663978577, 0.9037442803382874]",0.00019788409497328605,0.014067128170784754,1e-05,tolerance_polyline_fallback_pass,True,True,measured mean squared Euclidean error on the supplied normalized ordered reference points; not a continuous-curve or global-minimality guarantee,False,False,,,37,,33,28,23,23,10,False,False,False,True,True,13,6.327354063625609e-06,12,1,True,False,False,False,37,3,21,20,0,0.0,81.21170004596934
uji2_10412_stroke_01,uji_pen_characters_v2,tst_UPV_W54,test,7,192,certified,3,"[0.2338898612950834, 0.4696611548191412, 0.878494676383813]",2.175638962195811e-05,6.052922682359884e-33,7.780053137581956e-17,1.3045120539345587e-16,1.3877787807814457e-16,,,6.808437312531436e-34,2.60929824139201e-17,34.69130001030862,2.168206250644289,10,"[0.23429809510707855, 0.29567229747772217, 0.367200642824173, 0.40214911103248596, 0.46907147765159607, 0.6032673716545105, 0.6907464265823364, 0.7442001104354858, 0.8124048113822937, 0.8766934275627136]",0.00011314232531837563,0.010636838125983475,1e-05,initial_reference_refit_pass,True,True,measured mean squared Euclidean error on the supplied normalized ordered reference points; not a continuous-curve or global-minimality guarantee,False,False,,True,7,7,3,3,10,3,0,False,False,False,False,False,,,0,0,False,False,False,False,7,1,1,0,0,0.0,5.184800014831126
uji2_03996_stroke_00,uji_pen_characters_v2,tst_UPV_W21,test,57,192,certified,39,"[0.02525490259547749, 0.02525490259547749, 0.02525490259547749, 0.032162942228571176, 0.032162942228571176, 0.032162942228571176, 0.12595621127670378, 0.12595621127670378, 0.12595621127670378, 0.26922970856094997, 0.26922970856094997, 0.26922970856094997, 0.2895978797907975, 0.2895978797907975, 0.2895978797907975, 0.29976176015599343, 0.29976176015599343, 0.29976176015599343, 0.31740414080827367, 0.31740414080827367, 0.31740414080827367, 0.3551080217623225, 0.3551080217623225, 0.3551080217623225, 0.4026805989257356, 0.4026805989257356, 0.4026805989257356, 0.48176583765128234, 0.48176583765128234, 0.48176583765128234, 0.6170926579616335, 0.6170926579616335, 0.6170926579616335, 0.8689764414957889, 0.8689764414957889, 0.8689764414957889, 0.9815945008126081, 0.9815945008126081, 0.9815945008126081]",0.00017406030655521467,8.64606375974921e-06,0.002940418976906048,0.005566491742729279,0.007011977705242141,,,0.00019898983843049552,0.014106375807786191,34.69130001030862,2.168206250644289,13,"[0.16795586049556732, 0.238765150308609, 0.28559592366218567, 0.36034268140792847, 0.4674942195415497, 0.49479424953460693, 0.5492735505104065, 0.6083736419677734, 0.6370295286178589, 0.6734440326690674, 0.7391631007194519, 0.8169152140617371, 0.8959877490997314]",0.00031966354435621557,0.0178791371256058,1e-05,tolerance_polyline_fallback_pass,True,True,measured mean squared Euclidean error on the supplied normalized ordered reference points; not a continuous-curve or global-minimality guarantee,False,False,,,43,,53,28,13,13,26,False,False,False,True,True,15,8.646063759749206e-06,13,0,True,False,False,False,43,3,61,60,0,0.0,233.65849995752797
uji2_10985_stroke_00,uji_pen_characters_v2,tst_UPV_W57,test,49,192,certified,45,"[0.012343287434679414, 0.012343287434679414, 0.012343287434679414, 0.14340440807451507, 0.14340440807451507, 0.14340440807451507, 0.28246568632587976, 0.28246568632587976, 0.28246568632587976, 0.31593806266659785, 0.31593806266659785, 0.31593806266659785, 0.33781850340408665, 0.33781850340408665, 0.33781850340408665, 0.37668120508480635, 0.37668120508480635, 0.37668120508480635, 0.43112933207102205, 0.43112933207102205, 0.43112933207102205, 0.525248853144712, 0.525248853144712, 0.525248853144712, 0.5796388773892089, 0.5796388773892089, 0.5796388773892089, 0.6410867208944506, 0.6410867208944506, 0.6410867208944506, 0.6504482941262724, 0.6504482941262724, 0.6504482941262724, 0.6804702674411132, 0.6804702674411132, 0.6804702674411132, 0.7246299626733608, 0.7246299626733608, 0.7246299626733608, 0.780097736732803, 0.780097736732803, 0.780097736732803, 0.9910893861406631, 0.9910893861406631, 0.9910893861406631]",0.0002274342960292042,9.961023544101385e-06,0.003156108924625604,0.007011992372112953,0.007495243800596315,,,0.0001300378010071749,0.011403411814328855,34.69130001030862,2.168206250644289,16,"[0.18370164930820465, 0.22764739394187927, 0.2791265547275543, 0.31908464431762695, 0.3704630136489868, 0.41943880915641785, 0.45635390281677246, 0.47446492314338684, 0.5470547676086426, 0.6297010183334351, 0.6811079382896423, 0.7795807719230652, 0.7902495265007019, 0.8211857080459595, 0.840954601764679, 0.8954703211784363]",0.00046315823828114885,0.021521111455525453,1e-05,tolerance_polyline_fallback_pass,True,True,measured mean squared Euclidean error on the supplied normalized ordered reference points; not a continuous-curve or global-minimality guarantee,False,False,,,49,,45,28,16,16,29,False,False,False,True,True,17,9.961023544101342e-06,16,1,True,False,False,False,49,3,49,48,0,0.0,172.85739997169003
uji2_02636_stroke_01,uji_pen_characters_v2,tst_UJI_W14,test,18,192,certified,14,"[0.07270553251322415, 0.11658749393946422, 0.17364008892525015, 0.2370458396475478, 0.31230772373704135, 0.3941173662402579, 0.48004170980981425, 0.5651665447920354, 0.6472706513872983, 0.7233238554498865, 0.7927449428264416, 0.8519030766745646, 0.9014622749726161, 0.9402599626814344]",1.4573795134814839e-05,1.1790971103970744e-32,1.0858623809659649e-16,2.230696651751934e-16,2.2887833992611187e-16,,,6.187184155108151e-32,2.4874051047443296e-16,34.69130001030862,2.168206250644289,10,"[0.08976009488105774, 0.14811618626117706, 0.19742536544799805, 0.22351546585559845, 0.36818745732307434, 0.523039698600769, 0.6122711300849915, 0.6851729154586792, 0.8058807849884033, 0.9090762734413147]",3.607571280283687e-05,0.006006306086342659,1e-05,interpolation_fallback_pass,True,True,measured mean squared Euclidean error on the supplied normalized ordered reference points; not a continuous-curve or global-minimality guarantee,False,False,,True,18,18,14,14,10,10,4,False,True,True,False,False,,,0,0,False,False,False,False,18,1,2,0,0,0.0,7.7597000054083765
uji2_05204_stroke_01,uji_pen_characters_v2,tst_UPV_W27,test,4,192,certified,0,[],3.264423756233436e-05,9.437056727497457e-33,9.714451465470121e-17,1.5062373448257927e-16,1.5700924586837752e-16,,,2.3155021147457013e-34,1.5216774016675485e-17,34.69130001030862,2.168206250644289,15,"[0.16829103231430054, 0.22758561372756958, 0.27484482526779175, 0.3279911279678345, 0.38895508646965027, 0.4253261983394623, 0.4557088017463684, 0.504501223564148, 0.5867661237716675, 0.6366357803344727, 0.6754424571990967, 0.7170084714889526, 0.7809215188026428, 0.8086214661598206, 0.8374978303909302]",0.0003937198642037268,0.019842375467764104,1e-05,initial_reference_refit_pass,True,True,measured mean squared Euclidean error on the supplied normalized ordered reference points; not a continuous-curve or global-minimality guarantee,False,False,,True,4,4,0,0,15,0,0,False,False,False,False,False,,,0,0,False,False,False,False,4,0,1,0,0,0.0,4.310600052122027
uji2_05120_stroke_01,uji_pen_characters_v2,tst_UPV_W27,test,14,192,certified,10,"[0.08887186165056121, 0.13248963916561227, 0.1834231370763971, 0.2461005039762331, 0.31738903991462114, 0.4027045076069992, 0.4947406824967276, 0.6021695771721663, 0.7078451701530116, 0.8167179181972074]",3.222594570238824e-05,1.1519683427404589e-32,1.073297881643516e-16,1.8666107993948726e-16,2.237726045655905e-16,,,2.5835695256298e-32,1.6073486011534025e-16,34.69130001030862,2.168206250644289,7,"[0.2164597064256668, 0.3812564015388489, 0.47944149374961853, 0.5872586965560913, 0.7508839964866638, 0.8316327333450317, 0.8705528378486633]",0.00010161355708244343,0.010080355007758578,1e-05,interpolation_fallback_pass,True,True,measured mean squared Euclidean error on the supplied normalized ordered reference points; not a continuous-curve or global-minimality guarantee,False,False,,True,14,14,10,10,7,7,3,False,True,True,False,False,,,0,0,False,False,False,False,14,1,2,0,0,0.0,7.245499989949167
uji2_04485_stroke_00,uji_pen_characters_v2,tst_UPV_W24,test,20,192,certified,16,"[0.038399205015720854, 0.05850696846928446, 0.0851617889191308, 0.11628142211959243, 0.15675528166618447, 0.19966306158187885, 0.25518593560224057, 0.31946670103166264, 0.3954465751153767, 0.47541993619563433, 0.56374863048155, 0.653049566711165, 0.7407727834089819, 0.8213604109711948, 0.8886354391471457, 0.9408191720050917]",0.00010094285569660562,4.9168850420884035e-32,2.2174050243670874e-16,4.571568180641312e-16,6.684427777288335e-16,,,2.9091469462634886e-31,5.393650847305088e-16,34.69130001030862,2.168206250644289,3,"[0.24305331707000732, 0.3495655953884125, 0.7129500508308411]",0.0002344614953362018,0.015312135557661505,1e-05,interpolation_fallback_pass,True,True,measured mean squared Euclidean error on the supplied normalized ordered reference points; not a continuous-curve or global-minimality guarantee,False,False,,True,20,20,16,16,3,3,13,False,True,True,False,False,,,0,0,False,False,False,False,20,1,2,0,0,0.0,7.987499993760139
uji2_04562_stroke_00,uji_pen_characters_v2,tst_UPV_W24,test,44,192,certified,28,"[0.03422490826760091, 0.06234256761743871, 0.09515660542382921, 0.13258331486433583, 0.1724000587993329, 0.21178640122577777, 0.24679279382509287, 0.2798945355028476, 0.30240182378656, 0.34370184449266755, 0.3802151996909746, 0.41823818307601374, 0.45170955240038074, 0.4872523565204343, 0.5226459873272841, 0.5433726189736342, 0.5610434391649195, 0.5905028915428517, 0.6249193644326833, 0.682869351670294, 0.7192836419540032, 0.7558563594516163, 0.77995505921527, 0.7931206415969978, 0.8111299939867544, 0.8351983049012934, 0.8662054650324895, 0.9051464017586078]",1.0696537874166363e-05,6.428437527508537e-06,0.0025354363584023437,0.005956341882257429,0.006995085627906804,,,4.267996469199768e-05,0.006532990486140149,34.69130001030862,2.168206250644289,28,"[0.03738672286272049, 0.06621811538934708, 0.10002633929252625, 0.13842986524105072, 0.1781489998102188, 0.21648336946964264, 0.2507237493991852, 0.2831653356552124, 0.3051217198371887, 0.34492337703704834, 0.3805486559867859, 0.41797754168510437, 0.4518777132034302, 0.4872516691684723, 0.521852433681488, 0.5441155433654785, 0.5618844628334045, 0.5934131741523743, 0.6295234560966492, 0.6879832148551941, 0.7243363261222839, 0.7608187198638916, 0.7845348119735718, 0.7974969148635864, 0.8152806758880615, 0.8378838300704956, 0.8683243989944458, 0.9064688682556152]",2.6195949793035937e-05,0.0051181979048329045,1e-05,initial_reference_refit_pass,True,True,measured mean squared Euclidean error on the supplied normalized ordered reference points; not a continuous-curve or global-minimality guarantee,False,False,,True,32,32,40,28,28,28,0,False,False,False,False,False,,,0,0,False,False,False,False,32,1,1,0,0,0.0,4.579000000376254
uji2_05643_stroke_00,uji_pen_characters_v2,tst_UPV_W30,test,36,192,certified,63,"[0.026993545746285867, 0.026993545746285867, 0.026993545746285867, 0.04461079255044958, 0.04461079255044958, 0.04461079255044958, 0.07524263873824148, 0.07524263873824148, 0.07524263873824148, 0.11021901864979418, 0.11021901864979418, 0.11021901864979418, 0.22421080548592048, 0.22421080548592048, 0.22421080548592048, 0.315699951955015, 0.315699951955015, 0.315699951955015, 0.44583743900695044, 0.44583743900695044, 0.44583743900695044, 0.4620335150576215, 0.4620335150576215, 0.4620335150576215, 0.48493827781194276, 0.48493827781194276, 0.48493827781194276, 0.524986758609933, 0.524986758609933, 0.524986758609933, 0.6210069821041193, 0.6210069821041193, 0.6210069821041193, 0.6879411952550412, 0.6879411952550412, 0.6879411952550412, 0.7157964488157387, 0.7157964488157387, 0.7157964488157387, 0.7436516736809898, 0.7436516736809898, 0.7436516736809898, 0.7700103885115414, 0.7700103885115414, 0.7700103885115414, 0.7938256874519047, 0.7938256874519047, 0.7938256874519047, 0.8169188429741752, 0.8169188429741752, 0.8169188429741752, 0.8386772173765993, 0.8386772173765993, 0.8386772173765993, 0.8640925976970902, 0.8640925976970902, 0.8640925976970902, 0.8829202446493023, 0.8829202446493023, 0.8829202446493023, 0.9415908803154233, 0.9415908803154233, 0.9415908803154233]",5.757371367020043e-05,9.013782441392351e-06,0.0030022961948136216,0.007720907717319263,0.008900882303084738,,,3.429171599133709e-05,0.005855912908448784,34.69130001030862,2.168206250644289,16,"[0.11225642263889313, 0.14766496419906616, 0.18335001170635223, 0.2357170730829239, 0.31418436765670776, 0.32707488536834717, 0.4235092103481293, 0.47182393074035645, 0.4963555634021759, 0.5566375851631165, 0.608483076095581, 0.6419474482536316, 0.6773656606674194, 0.7198951840400696, 0.7868730425834656, 0.8412679433822632]",0.00017667341109127316,0.013291855065839122,1e-05,tolerance_polyline_fallback_pass,True,True,measured mean squared Euclidean error on the supplied normalized ordered reference points; not a continuous-curve or global-minimality guarantee,False,False,,,67,,32,28,16,16,47,False,False,False,True,True,23,9.013782441392347e-06,22,1,True,False,False,False,67,3,49,48,0,1.3877787807814457e-17,180.19859999185428
uji2_10987_stroke_03,uji_pen_characters_v2,tst_UPV_W57,test,6,192,certified,2,"[0.166371182329747, 0.7505030781331967]",4.9643717100720405e-06,2.409418607509448e-33,4.9085828988715755e-17,8.893340110444047e-17,1.0007415106216802e-16,,,6.842028999617204e-34,2.6157272410588235e-17,34.69130001030862,2.168206250644289,9,"[0.16846908628940582, 0.21208536624908447, 0.24790433049201965, 0.3108917772769928, 0.3468276858329773, 0.3805231750011444, 0.4738881289958954, 0.5779063701629639, 0.7488381862640381]",2.0173264924972637e-05,0.004491465788022062,1e-05,initial_reference_refit_pass,True,True,measured mean squared Euclidean error on the supplied normalized ordered reference points; not a continuous-curve or global-minimality guarantee,False,False,,True,6,6,2,2,9,2,0,False,False,False,False,False,,,0,0,False,False,False,False,6,1,1,0,0,0.0,4.593000048771501
uji2_09299_stroke_00,uji_pen_characters_v2,tst_UPV_W48,test,61,192,certified,126,"[0.030611311590923618, 0.030611311590923618, 0.030611311590923618, 0.047505233995039656, 0.047505233995039656, 0.047505233995039656, 0.06346405535141027, 0.06346405535141027, 0.06346405535141027, 0.07819305132874314, 0.07819305132874314, 0.07819305132874314, 0.08519217592169795, 0.08519217592169795, 0.08519217592169795, 0.09359979880857322, 0.09359979880857322, 0.09359979880857322, 0.1205908388669996, 0.1205908388669996, 0.1205908388669996, 0.1511395365919286, 0.1511395365919286, 0.1511395365919286, 0.1665389789746865, 0.1665389789746865, 0.1665389789746865, 0.1808334961654635, 0.1808334961654635, 0.1808334961654635, 0.19351939776262586, 0.19351939776262586, 0.19351939776262586, 0.20491002096581257, 0.20491002096581257, 0.20491002096581257, 0.21655727205319902, 0.21655727205319902, 0.21655727205319902, 0.2287549377791537, 0.2287549377791537, 0.2287549377791537, 0.2668683026146881, 0.2668683026146881, 0.2668683026146881, 0.27179111687624513, 0.27179111687624513, 0.27179111687624513, 0.2882141769117266, 0.2882141769117266, 0.2882141769117266, 0.29357300781460205, 0.29357300781460205, 0.29357300781460205, 0.3004598594354214, 0.3004598594354214, 0.3004598594354214, 0.3233632742684041, 0.3233632742684041, 0.3233632742684041, 0.3397658208738742, 0.3397658208738742, 0.3397658208738742, 0.37939307798513955, 0.37939307798513955, 0.37939307798513955, 0.4238761690326406, 0.4238761690326406, 0.4238761690326406, 0.44529026083945306, 0.44529026083945306, 0.44529026083945306, 0.46601357593473414, 0.46601357593473414, 0.46601357593473414, 0.48576575901997443, 0.48576575901997443, 0.48576575901997443, 0.5040062337823181, 0.5040062337823181, 0.5040062337823181, 0.5231419129077042, 0.5231419129077042, 0.5231419129077042, 0.543051355129264, 0.543051355129264, 0.543051355129264, 0.5652270882381094, 0.5652270882381094, 0.5652270882381094, 0.5918387378376548, 0.5918387378376548, 0.5918387378376548, 0.621673238603724, 0.621673238603724, 0.621673238603724, 0.6557499217759286, 0.6557499217759286, 0.6557499217759286, 0.690604205492147, 0.690604205492147, 0.690604205492147, 0.7272255832639295, 0.7272255832639295, 0.7272255832639295, 0.7618695267422777, 0.7618695267422777, 0.7618695267422777, 0.7955935532775628, 0.7955935532775628, 0.7955935532775628, 0.8273572101393967, 0.8273572101393967, 0.8273572101393967, 0.8582203572691556, 0.8582203572691556, 0.8582203572691556, 0.8905596833026701, 0.8905596833026701, 0.8905596833026701, 0.9251548493186805, 0.9251548493186805, 0.9251548493186805, 0.9630800441742333, 0.9630800441742333, 0.9630800441742333]",5.4220785214559585e-05,9.825340214618884e-06,0.003134539872871118,0.008413465206635905,0.009750339547089709,,,0.00012972220053407462,0.011389565423407279,34.69130001030862,2.168206250644289,27,"[0.04789189249277115, 0.07578695565462112, 0.1115109920501709, 0.15135557949543, 0.18952958285808563, 0.22167764604091644, 0.25214892625808716, 0.28944477438926697, 0.32393985986709595, 0.35294684767723083, 0.38385555148124695, 0.41606730222702026, 0.4484414756298065, 0.47896063327789307, 0.5080450177192688, 0.5382877588272095, 0.5671990513801575, 0.5975188612937927, 0.6252419352531433, 0.642546534538269, 0.6719530820846558, 0.7319789528846741, 0.7693989276885986, 0.7931815981864929, 0.8145745396614075, 0.8433218598365784, 0.8645648956298828]",0.00012937331496116333,0.011374239093722417,1e-05,tolerance_polyline_fallback_pass,True,True,measured mean squared Euclidean error on the supplied normalized ordered reference points; not a continuous-curve or global-minimality guarantee,False,False,,,130,,57,28,27,27,99,False,False,False,True,True,44,9.825340214618913e-06,43,1,True,False,False,False,130,3,5,4,0,0.0,73.69310001377016
uji2_03437_stroke_00,uji_pen_characters_v2,tst_UPV_W18,test,59,192,certified,23,"[0.08183898321141111, 0.1320285610491615, 0.1943918965664446, 0.2370664517907876, 0.2821851764988098, 0.3277362319737458, 0.36233181888758553, 0.4113071162454491, 0.43907885594467744, 0.45553593594073816, 0.4916982295271992, 0.5223105709287141, 0.563833449713083, 0.5993846777639645, 0.6529598111521877, 0.6796713422488817, 0.7121318264638697, 0.7180606347564736, 0.7538103391686248, 0.7892118862196985, 0.8247134467671551, 0.8638376896963965, 0.9889578899742957]",2.5304549833661023e-05,6.960546426840663e-06,0.0026382847509017412,0.00559425336541823,0.007707347921250166,,,0.00010776659634322495,0.010381069132956632,34.69130001030862,2.168206250644289,21,"[0.07834091037511826, 0.125231072306633, 0.18626202642917633, 0.229873389005661, 0.2754895091056824, 0.32171106338500977, 0.35890597105026245, 0.40786316990852356, 0.44763270020484924, 0.48360225558280945, 0.5144026279449463, 0.555304229259491, 0.5912262797355652, 0.647590696811676, 0.6767942309379578, 0.7100574374198914, 0.7165026664733887, 0.7529575228691101, 0.7888253927230835, 0.8243520855903625, 0.8627656698226929]",3.843197889856338e-05,0.0061993531032329,1e-05,adaptive_insertion_pass,True,True,measured mean squared Euclidean error on the supplied normalized ordered reference points; not a continuous-curve or global-minimality guarantee,False,False,,True,27,27,55,28,21,21,2,False,False,False,False,False,,,0,0,False,False,False,False,27,1,9,8,0,0.0,35.35120002925396
uji2_08655_stroke_00,uji_pen_characters_v2,tst_UPV_W45,test,72,192,certified,57,"[0.01608518281073861, 0.01608518281073861, 0.01608518281073861, 0.04759934940043175, 0.04759934940043175, 0.04759934940043175, 0.059916237090780276, 0.059916237090780276, 0.059916237090780276, 0.0685380120627178, 0.0685380120627178, 0.0685380120627178, 0.1031433140400499, 0.1031433140400499, 0.1031433140400499, 0.13215798560483713, 0.13215798560483713, 0.13215798560483713, 0.24910025538645258, 0.24910025538645258, 0.24910025538645258, 0.3022053927566867, 0.3022053927566867, 0.3022053927566867, 0.3408985627977506, 0.3408985627977506, 0.3408985627977506, 0.6958800715252296, 0.6958800715252296, 0.6958800715252296, 0.7310096709537027, 0.7310096709537027, 0.7310096709537027, 0.7470540599401936, 0.7470540599401936, 0.7470540599401936, 0.7609306630894533, 0.7609306630894533, 0.7609306630894533, 0.8027913110416951, 0.8027913110416951, 0.8027913110416951, 0.8370390126559705, 0.8370390126559705, 0.8370390126559705, 0.8794263813242943, 0.8794263813242943, 0.8794263813242943, 0.946627078329382, 0.946627078329382, 0.946627078329382, 0.9782060046250991, 0.9782060046250991, 0.9782060046250991, 0.9936499879114105, 0.9936499879114105, 0.9936499879114105]",0.00017675632971509746,9.83619229601405e-06,0.0031362704436980636,0.006577087282884663,0.008899599117292245,,,0.0002229005223964444,0.014929853395008418,35.49500001827255,2.2184375011420343,16,"[0.1276647448539734, 0.19709289073944092, 0.22199766337871552, 0.25542008876800537, 0.30884072184562683, 0.3643742501735687, 0.4547303318977356, 0.5129635334014893, 0.556072473526001, 0.6068495512008667, 0.6480219960212708, 0.6855778694152832, 0.7485995888710022, 0.8035128712654114, 0.8592265844345093, 0.9129692316055298]",0.0004418693676870901,0.0210206890393034,1e-05,tolerance_polyline_fallback_pass,True,True,measured mean squared Euclidean error on the supplied normalized ordered reference points; not a continuous-curve or global-minimality guarantee,False,False,,,61,,68,28,16,16,41,False,False,False,True,True,21,9.83619229601422e-06,20,1,True,False,False,False,61,3,49,48,0,0.0,215.30450001591817
uji2_06218_stroke_00,uji_pen_characters_v2,tst_UPV_W33,test,40,192,certified,12,"[0.033878989331728726, 0.08637714973070815, 0.08664253751152097, 0.23883476456848077, 0.37296679786727216, 0.44273688044173193, 0.5707976570423798, 0.683279868071278, 0.7583882059747905, 0.7897184151670583, 0.8410008597104548, 0.9891428376496552]",3.150777346622583e-05,8.20237414930685e-06,0.0028639787271044544,0.004730295026953068,0.0060704007791907945,,,0.00021813801641292602,0.014769496146210474,35.49500001827255,2.2184375011420343,8,"[0.2374933809041977, 0.3724862337112427, 0.44274672865867615, 0.5726646184921265, 0.6869806051254272, 0.7627747654914856, 0.7945130467414856, 0.8458908796310425]",6.6710861961201e-05,0.008167671758904186,1e-05,adaptive_insertion_pass,True,True,measured mean squared Euclidean error on the supplied normalized ordered reference points; not a continuous-curve or global-minimality guarantee,False,False,,True,16,16,36,28,8,8,4,False,False,False,False,False,,,0,0,False,False,False,False,16,1,17,16,0,0.0,52.17749997973442
uji2_06240_stroke_00,uji_pen_characters_v2,tst_UPV_W33,test,17,192,certified,13,"[0.08318603376504735, 0.13548827559514345, 0.2028510660110001, 0.28301593784258333, 0.3748503127960765, 0.4731572658461807, 0.5713923254368574, 0.6631325300810138, 0.7440609868891143, 0.8131723982813193, 0.8673761614151472, 0.9071706986252156, 0.9365670425543838]",3.731458783207182e-05,5.933740594283505e-33,7.703077692898796e-17,1.1526571017178248e-16,1.1857187100668868e-16,,,6.161770219750675e-32,2.4822913245126314e-16,35.49500001827255,2.2184375011420343,3,"[0.5018972754478455, 0.813703179359436, 0.8985243439674377]",9.13286367969741e-05,0.009556601738953764,1e-05,interpolation_fallback_pass,True,True,measured mean squared Euclidean error on the supplied normalized ordered reference points; not a continuous-curve or global-minimality guarantee,False,False,,True,17,17,13,13,3,3,10,False,True,True,False,False,,,0,0,False,False,False,False,17,1,2,0,0,0.0,8.43769998755306
uji2_02341_stroke_00,uji_pen_characters_v2,tst_UJI_W13,test,42,192,certified,26,"[0.05572289522394708, 0.06109720659019005, 0.10522522233308597, 0.11317759984787151, 0.17911020277320622, 0.20300259295778603, 0.20916103141033623, 0.24137226512386925, 0.26847263041324004, 0.26987159925090165, 0.2810125827723699, 0.3539773297275791, 0.41721811519512214, 0.4526106055368027, 0.4775332866784898, 0.5274944549650266, 0.5606295289263646, 0.6074415649106072, 0.6310534297679896, 0.7147584261894481, 0.7694541119452312, 0.7905762742782029, 0.8043541152094377, 0.8323646469940941, 0.8912644010411238, 0.9142183716155603]",6.120679507450772e-05,7.373372379605966e-06,0.0027153954370599444,0.005996098781019725,0.008443240237294838,,,8.758462132227124e-05,0.009358665573802242,35.49500001827255,2.2184375011420343,18,"[0.051639534533023834, 0.10549406707286835, 0.1769840121269226, 0.20183065533638, 0.2674981355667114, 0.3511509895324707, 0.4164382517337799, 0.45265042781829834, 0.4782334268093109, 0.5291333198547363, 0.5618347525596619, 0.6093369722366333, 0.6327535510063171, 0.7156710624694824, 0.7702656984329224, 0.7911741137504578, 0.8051400780677795, 0.8330824375152588]",0.00010913087417389921,0.010446572364842891,1e-05,adaptive_insertion_pass,True,True,measured mean squared Euclidean error on the supplied normalized ordered reference points; not a continuous-curve or global-minimality guarantee,False,False,,True,30,30,38,28,18,18,8,False,False,False,False,False,,,0,0,False,False,False,False,30,1,33,32,0,0.0,96.2386000319384
uji2_02914_stroke_00,uji_pen_characters_v2,tst_UJI_W16,test,65,192,certified,23,"[0.09380601492553303, 0.11585679134063906, 0.17788073191030865, 0.21885102297491998, 0.23727541022073584, 0.26752963805801255, 0.31951527025950754, 0.38905638853039115, 0.4270236590653318, 0.45781463393012534, 0.49124835551607005, 0.5234984207651379, 0.5644665899416023, 0.6206033854579925, 0.654872886185411, 0.6921850602529603, 0.7093726037341316, 0.7492415793860694, 0.7884538463145131, 0.8035134031072408, 0.8303355203073037, 0.865377181421512, 0.9038140263222292]",2.255896107874028e-05,9.326993373715043e-06,0.00305401266757606,0.006678225844565718,0.010487630937563766,,,7.514983099689905e-05,0.008668900218418658,35.49500001827255,2.2184375011420343,22,"[0.11737573146820068, 0.17749491333961487, 0.2192283719778061, 0.23763670027256012, 0.2690674960613251, 0.31924086809158325, 0.380820095539093, 0.4181636869907379, 0.4461570084095001, 0.47704634070396423, 0.5068437457084656, 0.5476007461547852, 0.6030977368354797, 0.6382385492324829, 0.6787088513374329, 0.7000386714935303, 0.7414798736572266, 0.7810466885566711, 0.7968754172325134, 0.8249490857124329, 0.8608227372169495, 0.9006849527359009]",4.138359447459325e-05,0.006433008197926787,1e-05,adaptive_insertion_pass,True,True,measured mean squared Euclidean error on the supplied normalized ordered reference points; not a continuous-curve or global-minimality guarantee,False,False,,True,27,27,61,28,22,22,1,False,False,False,False,False,,,0,0,False,False,False,False,27,1,5,4,0,0.0,19.24019999569282
uji2_05056_stroke_00,uji_pen_characters_v2,tst_UPV_W27,test,81,192,certified,28,"[0.04675047341729445, 0.07760119563287245, 0.11682333908590155, 0.16475898543828174, 0.20417613054908268, 0.2387387570306567, 0.28836287233930274, 0.3310200815648313, 0.3704469065032095, 0.4005077575916216, 0.4256817414349831, 0.4505816089091688, 0.47762690463461294, 0.5119232873273868, 0.5352306606471116, 0.5501251566156338, 0.5763822705200394, 0.6141232124517612, 0.6609125610584806, 0.7083925097669898, 0.749792403155448, 0.7823812608983068, 0.7987229597576655, 0.805501343927483, 0.8204352736222028, 0.8358531572053394, 0.8591677812634739, 0.8999589951878463]",2.9607188388146323e-05,9.508066673427795e-06,0.0030835153110415708,0.005762258701102,0.006864508858765532,,,0.00020603080627855928,0.01435377324185384,35.49500001827255,2.2184375011420343,26,"[0.04744766280055046, 0.07906914502382278, 0.1189931109547615, 0.16717380285263062, 0.20802830159664154, 0.24651485681533813, 0.29490435123443604, 0.3361188471317291, 0.37207287549972534, 0.40214067697525024, 0.4291169345378876, 0.4558868110179901, 0.4840633273124695, 0.5167476534843445, 0.5516281127929688, 0.579920768737793, 0.6178876161575317, 0.664918065071106, 0.712492048740387, 0.7539454102516174, 0.7867739200592041, 0.8040615916252136, 0.8247434496879578, 0.8405001759529114, 0.862983226776123, 0.9028418064117432]",5.3703453699795734e-05,0.007328264030436931,1e-05,adaptive_insertion_pass,True,True,measured mean squared Euclidean error on the supplied normalized ordered reference points; not a continuous-curve or global-minimality guarantee,False,False,,True,32,32,77,28,26,26,2,False,False,False,False,False,,,0,0,False,False,False,False,32,1,9,8,0,0.0,34.025900007691234
uji2_03374_stroke_02,uji_pen_characters_v2,tst_UPV_W18,test,14,192,certified,10,"[0.0792252403821855, 0.12716881191808038, 0.1858483185380758, 0.2557292492104706, 0.33986103244468485, 0.43118561418920676, 0.5288307864619358, 0.6247259732285696, 0.7269133411072151, 0.8213087382342402]",3.20237727928845e-05,5.952219760602583e-33,7.715063033185525e-17,1.3079404855965643e-16,1.6711069443220838e-16,,,1.3657005415566196e-32,1.1686319102080944e-16,35.49500001827255,2.2184375011420343,5,"[0.25262540578842163, 0.4572851061820984, 0.6556946039199829, 0.7559611201286316, 0.8653516173362732]",7.909747468299464e-05,0.008893676106256325,1e-05,interpolation_fallback_pass,True,True,measured mean squared Euclidean error on the supplied normalized ordered reference points; not a continuous-curve or global-minimality guarantee,False,False,,True,14,14,10,10,5,5,5,False,True,True,False,False,,,0,0,False,False,False,False,14,1,2,0,0,0.0,10.90449996991083
uji2_03401_stroke_00,uji_pen_characters_v2,tst_UPV_W18,test,21,192,certified,17,"[0.04129338505816494, 0.057230788355399874, 0.07624355874756057, 0.10445104915076309, 0.1448962643041207, 0.200264371876104, 0.2659240290876343, 0.34329310469988555, 0.4265233018388172, 0.5153482401193187, 0.6042375455572451, 0.6906954440906458, 0.7688499404954184, 0.835805933730164, 0.8901716448139965, 0.9285410689552748, 0.954314741265608]",0.0002006286036825218,3.424261392008299e-32,1.8504759906597812e-16,3.3309514062249233e-16,4.443059973708341e-16,,,4.2508937159731615e-31,6.519887818032731e-16,35.49500001827255,2.2184375011420343,5,"[0.10804062336683273, 0.2152458131313324, 0.26494818925857544, 0.5397124886512756, 0.7749691605567932]",0.0004676467914867985,0.021625142577259428,1e-05,interpolation_fallback_pass,True,True,measured mean squared Euclidean error on the supplied normalized ordered reference points; not a continuous-curve or global-minimality guarantee,False,False,,True,21,21,17,17,5,5,12,False,True,True,False,False,,,0,0,False,False,False,False,21,1,2,0,0,0.0,9.07179998466745
uji2_10309_stroke_00,uji_pen_characters_v2,tst_UPV_W54,test,82,192,certified,26,"[0.02430807511132439, 0.17013976395098437, 0.1759923758665883, 0.2201820100514959, 0.22657130210653217, 0.22659734727386077, 0.22745460116230656, 0.2543183042713651, 0.25608748526236896, 0.2851794431302765, 0.28593007404728993, 0.35527251469608634, 0.3941815338443785, 0.40254825395376564, 0.43141833106667704, 0.45536258019616277, 0.5307879681767522, 0.5663438813118354, 0.5950987680245547, 0.6169737248562814, 0.6412957061335166, 0.6634567326282077, 0.715460887014631, 0.8307093155997664, 0.8566448740160422, 0.8917844656273253]",9.656021509517999e-05,9.889590322164418e-06,0.0031447719030423204,0.005942683903485941,0.011785195550093181,,,0.00015498213513344148,0.01244918210700773,35.49500001827255,2.2184375011420343,17,"[0.16609539091587067, 0.21848919987678528, 0.24875788390636444, 0.2819651663303375, 0.3521113097667694, 0.4249264597892761, 0.44890302419662476, 0.5247561931610107, 0.5606656074523926, 0.5897488594055176, 0.6117896437644958, 0.634163498878479, 0.657821536064148, 0.7100146412849426, 0.824687123298645, 0.8518304228782654, 0.8901345133781433]",0.00013175035455217368,0.01147825572777387,1e-05,adaptive_insertion_pass,True,True,measured mean squared Euclidean error on the supplied normalized ordered reference points; not a continuous-curve or global-minimality guarantee,False,False,,True,30,30,78,28,17,17,9,False,False,False,False,False,,,0,0,False,False,False,False,30,1,37,36,0,0.0,127.25229997886345
uji2_02818_stroke_00,uji_pen_characters_v2,tst_UJI_W15,test,19,192,certified,15,"[0.0803304129244253, 0.14420990427797406, 0.22552948021910282, 0.312310538783218, 0.4100544317278291, 0.504000290922388, 0.5957047102630658, 0.6719007839529448, 0.7327616128510975, 0.7770917882421758, 0.808035554053041, 0.830882781047294, 0.8539666537313056, 0.8831044576506012, 0.9180682068018351]",2.8373160187795622e-05,1.1367678056788515e-32,1.0661931371373817e-16,2.2247786310271853e-16,2.2247786310271853e-16,,,8.59857154602239e-32,2.93233210022712e-16,35.49500001827255,2.2184375011420343,7,"[0.2603345811367035, 0.5022662281990051, 0.6003922820091248, 0.6495159268379211, 0.7680785655975342, 0.8182507753372192, 0.8774462342262268]",7.389066335013844e-05,0.008595967854182473,1e-05,interpolation_fallback_pass,True,True,measured mean squared Euclidean error on the supplied normalized ordered reference points; not a continuous-curve or global-minimality guarantee,False,False,,True,19,19,15,15,7,7,8,False,True,True,False,False,,,0,0,False,False,False,False,19,1,2,0,0,0.0,7.390499988105148
uji2_10901_stroke_00,uji_pen_characters_v2,tst_UPV_W57,test,29,192,certified,25,"[0.04775895618692951, 0.07996877999205211, 0.11643337939979685, 0.15726523384609978, 0.19975613621863053, 0.24085115164276738, 0.2790578240264117, 0.31068380111619237, 0.33520479420830235, 0.35353895383876655, 0.3716700835262132, 0.3902309640877187, 0.41204811131752744, 0.4361276916424841, 0.46507467222540594, 0.49806102275401115, 0.5347050200268213, 0.5761753489768765, 0.6214856989301109, 0.670770954035766, 0.7229671421190615, 0.7759947953401319, 0.8265704986124236, 0.8766372816828903, 0.9203046895200141]",6.308022238820896e-06,7.106847523232382e-33,8.430212051444722e-17,1.68128702404652e-16,2.0014830212433605e-16,,,6.406247772045142e-32,2.5310566512911447e-16,35.49500001827255,2.2184375011420343,13,"[0.12030772864818573, 0.17331260442733765, 0.20951852202415466, 0.30126041173934937, 0.34666958451271057, 0.3720151484012604, 0.40704360604286194, 0.4914635121822357, 0.5589427351951599, 0.6496680378913879, 0.7039411067962646, 0.7553446292877197, 0.8210369348526001]",1.7190206418112868e-05,0.004146107381401604,1e-05,interpolation_fallback_pass,True,True,measured mean squared Euclidean error on the supplied normalized ordered reference points; not a continuous-curve or global-minimality guarantee,False,False,,True,29,29,25,25,13,13,12,False,True,True,False,False,,,0,0,False,False,False,False,29,1,2,0,0,0.0,11.497500003315508
uji2_09123_stroke_00,uji_pen_characters_v2,tst_UPV_W48,test,23,192,certified,19,"[0.03448454584124208, 0.05502977087485281, 0.07537867859490253, 0.10096479319908115, 0.1287771155378151, 0.15816429539301233, 0.1913272078627691, 0.2323462229944621, 0.28510377220321953, 0.3423689159887055, 0.4037191193888067, 0.46342341381684465, 0.5190051571066402, 0.5687239208721729, 0.6149350742789554, 0.6638070439274482, 0.719393969877193, 0.7835192497117226, 0.8522266469905357]",7.725022048348651e-05,3.8021415885796925e-32,1.9499080974701582e-16,3.5320700884575526e-16,4.577566798522237e-16,,,1.077763260794364e-31,3.2829304908790926e-16,35.49500001827255,2.2184375011420343,19,"[0.18677204847335815, 0.24291548132896423, 0.25596973299980164, 0.3177332580089569, 0.37794503569602966, 0.4040476679801941, 0.43581870198249817, 0.46092545986175537, 0.4964730441570282, 0.5364680290222168, 0.5719740390777588, 0.6045387983322144, 0.6392366290092468, 0.6773183941841125, 0.696037232875824, 0.7403724789619446, 0.7789836525917053, 0.8078567981719971, 0.8890926837921143]",0.00016789326351845997,0.01295736329345056,1e-05,interpolation_fallback_pass,True,True,measured mean squared Euclidean error on the supplied normalized ordered reference points; not a continuous-curve or global-minimality guarantee,False,False,,True,23,23,19,19,19,19,0,False,True,True,False,False,,,0,0,False,False,False,False,23,1,2,0,0,0.0,8.213500026613474
uji2_09830_stroke_01,uji_pen_characters_v2,tst_UPV_W51,test,9,192,certified,5,"[0.20500799600859984, 0.4406304836656995, 0.5309078073780267, 0.6779100958792239, 0.7740613920292437]",0.0004666985891416229,1.8242836417667983e-33,4.271163356471862e-17,6.72832080350003e-17,7.076311083754595e-17,,,3.025833979105659e-34,1.7394924487061332e-17,35.49500001827255,2.2184375011420343,9,"[0.2070317268371582, 0.3795207738876343, 0.43977126479148865, 0.4886494576931, 0.531037449836731, 0.5676981806755066, 0.6774741411209106, 0.7494849562644958, 0.7732296586036682]",0.0011741851387464517,0.03426638496758086,1e-05,initial_reference_refit_pass,True,True,measured mean squared Euclidean error on the supplied normalized ordered reference points; not a continuous-curve or global-minimality guarantee,False,False,,True,9,9,5,5,9,5,0,False,False,False,False,False,,,0,0,False,False,False,False,9,1,1,0,0,0.0,4.558699962217361
uji2_04647_stroke_00,uji_pen_characters_v2,tst_UPV_W24,test,42,192,certified,27,"[0.024740000861223653, 0.04338901388150556, 0.056483611559598024, 0.07386611202294201, 0.10944350513981728, 0.1447840094994821, 0.14874883952402035, 0.1864515256331352, 0.22500223534098893, 0.2308447458983274, 0.26627651658293483, 0.2726487356823095, 0.30508069779443786, 0.34699094703738903, 0.40187687481404033, 0.4427101053816407, 0.5115120396026724, 0.6165339256446917, 0.6649787695944047, 0.6903518878180115, 0.7157254782588521, 0.7534932289403594, 0.7856567261747969, 0.8203371540309176, 0.8792426119863039, 0.9209110539452652, 0.9449583472294868]",2.0612544443224592e-05,8.767020052259284e-06,0.0029609154078188865,0.005435937195197556,0.006433114775187522,,,6.218333282988998e-05,0.007885640927019818,35.49500001827255,2.2184375011420343,18,"[0.12909473478794098, 0.16923581063747406, 0.2078484743833542, 0.25532349944114685, 0.289910227060318, 0.3351706862449646, 0.39099204540252686, 0.43383991718292236, 0.5063018202781677, 0.6120074987411499, 0.6635193824768066, 0.6916499137878418, 0.7177669405937195, 0.7543027400970459, 0.7870010733604431, 0.8222805261611938, 0.8801355957984924, 0.9445133209228516]",4.1867492236615655e-05,0.006470509426360157,1e-05,adaptive_insertion_pass,True,True,measured mean squared Euclidean error on the supplied normalized ordered reference points; not a continuous-curve or global-minimality guarantee,False,False,,True,31,31,38,28,18,18,9,False,False,False,False,False,,,0,0,False,False,False,False,31,1,37,36,0,0.0,112.09420004161075
uji2_08726_stroke_00,uji_pen_characters_v2,tst_UPV_W45,test,42,192,certified,21,"[0.017099805419522558, 0.02411770348663629, 0.048813459231995746, 0.1562763576767, 0.19546460976886232, 0.2156867879267656, 0.24391986151261788, 0.33432512943001247, 0.3940321226030064, 0.4042811156613922, 0.4286482466757995, 0.4956312286508391, 0.546133800519809, 0.5825976009280286, 0.6122886208378697, 0.6600358392881718, 0.6951754159531126, 0.7231210097936533, 0.7609457003732503, 0.8128799797226275, 0.8835854223124692]",7.072488217048507e-05,8.177066408226731e-06,0.0028595570300706946,0.006907589911771419,0.008572176802356666,,,0.0002034377143067141,0.014263159338194118,35.49500001827255,2.2184375011420343,17,"[0.15809057652950287, 0.19761791825294495, 0.21803595125675201, 0.2465273141860962, 0.3375301659107208, 0.3973062038421631, 0.4282234013080597, 0.4957605302333832, 0.5468024611473083, 0.5834688544273376, 0.6134615540504456, 0.6617115139961243, 0.6970148086547852, 0.7252216935157776, 0.7634122967720032, 0.815710186958313, 0.887091338634491]",0.00016384608000263504,0.0128002374978996,1e-05,adaptive_insertion_pass,True,True,measured mean squared Euclidean error on the supplied normalized ordered reference points; not a continuous-curve or global-minimality guarantee,False,False,,True,25,25,38,28,17,17,4,False,False,False,False,False,,,0,0,False,False,False,False,25,1,17,16,0,0.0,57.64600000111386
uji2_10945_stroke_00,uji_pen_characters_v2,tst_UPV_W57,test,64,192,certified,63,"[0.009852245350174461, 0.009852245350174461, 0.009852245350174461, 0.01979325085185263, 0.01979325085185263, 0.01979325085185263, 0.03123381693100593, 0.03123381693100593, 0.03123381693100593, 0.09148437803402906, 0.09148437803402906, 0.09148437803402906, 0.2609969414265203, 0.2609969414265203, 0.2609969414265203, 0.26762428963568097, 0.26762428963568097, 0.26762428963568097, 0.3179361783565952, 0.3179361783565952, 0.3179361783565952, 0.33262627041384774, 0.33262627041384774, 0.33262627041384774, 0.34920783116597126, 0.34920783116597126, 0.34920783116597126, 0.39770380491478874, 0.39770380491478874, 0.39770380491478874, 0.5002710106420429, 0.5002710106420429, 0.5002710106420429, 0.5300957019193656, 0.5300957019193656, 0.5300957019193656, 0.5535258126272957, 0.5535258126272957, 0.5535258126272957, 0.5790231924797236, 0.5790231924797236, 0.5790231924797236, 0.677390201967052, 0.677390201967052, 0.677390201967052, 0.7267652818965621, 0.7267652818965621, 0.7267652818965621, 0.8356631993443993, 0.8356631993443993, 0.8356631993443993, 0.8893879346454859, 0.8893879346454859, 0.8893879346454859, 0.9494967661547533, 0.9494967661547533, 0.9494967661547533, 0.978055872485674, 0.978055872485674, 0.978055872485674, 0.9909493636822116, 0.9909493636822116, 0.9909493636822116]",0.0001524244431908899,9.998248229086112e-06,0.0031620006687358734,0.006521127534943465,0.008924802597389573,,,8.079611746685764e-05,0.008988666056031764,35.49500001827255,2.2184375011420343,19,"[0.07866637408733368, 0.13544289767742157, 0.1977083683013916, 0.2396620213985443, 0.28546586632728577, 0.3175777196884155, 0.3379192352294922, 0.3698694109916687, 0.42240673303604126, 0.48543184995651245, 0.52140873670578, 0.5539571046829224, 0.5825437903404236, 0.6749625205993652, 0.7022562026977539, 0.7519296407699585, 0.7932138442993164, 0.832443356513977, 0.8900330662727356]",0.0002683625842679422,0.016381775980275834,1e-05,tolerance_polyline_fallback_pass,True,True,measured mean squared Euclidean error on the supplied normalized ordered reference points; not a continuous-curve or global-minimality guarantee,False,False,,,67,,60,28,19,19,44,False,False,False,True,True,23,9.998248229086124e-06,24,3,True,False,False,False,67,3,37,36,0,0.0,206.56010002130643
uji2_02580_stroke_01,uji_pen_characters_v2,tst_UJI_W14,test,9,192,certified,5,"[0.12289215173210469, 0.2292083820695288, 0.3545588745873281, 0.6786957061060503, 0.8238873656398329]",9.523626309486399e-06,7.559275031719902e-33,8.694409141350494e-17,1.4385623058597197e-16,1.5700924586837752e-16,,,2.2922495522995062e-33,4.7877443042621923e-17,32.35080000013113,8.087700000032783,14,"[0.12052313983440399, 0.16607406735420227, 0.1868150383234024, 0.22660969197750092, 0.26455020904541016, 0.295501172542572, 0.3485747277736664, 0.4080456793308258, 0.5406908392906189, 0.6344655156135559, 0.6747405529022217, 0.7248454689979553, 0.7635543346405029, 0.8228054046630859]",4.6081878392832586e-05,0.006788363454679824,1e-05,initial_reference_refit_pass,True,True,measured mean squared Euclidean error on the supplied normalized ordered reference points; not a continuous-curve or global-minimality guarantee,False,False,,True,9,9,5,5,14,5,0,False,False,False,False,False,,,0,0,False,False,False,False,9,1,1,0,0,0.0,4.810300015378743
uji2_02223_stroke_00,uji_pen_characters_v2,tst_UJI_W12,test,31,192,certified,27,"[0.05681908045592881, 0.08383153410625134, 0.11764256884280837, 0.15537996783320188, 0.19814696988548397, 0.2423500002164972, 0.288186581195238, 0.3322442865663637, 0.37361844903775987, 0.4099152440679715, 0.440423850443707, 0.46766065307725935, 0.49476315771451357, 0.5264209055768032, 0.5633328778807966, 0.5966911154864928, 0.628778882223963, 0.6550594574282215, 0.6844432292564296, 0.7138450254496801, 0.7465679984836294, 0.7805028855128517, 0.8144878914507802, 0.8475896980448958, 0.8805769647579478, 0.9135472245577744, 0.9452068282537174]",7.804167182971626e-05,9.28301539746499e-33,9.634840630474896e-17,1.6797063489690745e-16,2.0014830212433605e-16,,,4.6704080021851e-31,6.834038339214303e-16,32.35080000013113,8.087700000032783,12,"[0.11564131081104279, 0.153642475605011, 0.20551930367946625, 0.2752515971660614, 0.32709312438964844, 0.3893457353115082, 0.4848613142967224, 0.5541810989379883, 0.6435339450836182, 0.674452543258667, 0.7318562269210815, 0.8083319067955017]",0.00012074938328471373,0.010988602426364954,1e-05,interpolation_fallback_pass,True,True,measured mean squared Euclidean error on the supplied normalized ordered reference points; not a continuous-curve or global-minimality guarantee,False,False,,True,31,31,27,27,12,12,15,False,True,True,False,False,,,0,0,False,False,False,False,31,1,2,0,0,0.0,7.578800024930388
uji2_11473_stroke_00,uji_pen_characters_v2,tst_UPV_W60,test,115,192,certified,26,"[0.01791357997286916, 0.04190776507507234, 0.08026582943436938, 0.12447826739427535, 0.17185266207864988, 0.2294131332703826, 0.2517736030840376, 0.285037823572659, 0.33686274530640714, 0.3926706272171238, 0.4227957061081199, 0.4654978921456608, 0.4976573028841269, 0.5628117934873409, 0.6036479725627395, 0.6451836549943409, 0.6721276321324957, 0.737859230589614, 0.7771820389481917, 0.8025194478934445, 0.8152429197973025, 0.8229034222268734, 0.837955930613438, 0.8662259973588706, 0.9012833181728458, 0.9786707429388788]",2.260391934889016e-05,7.840834212171166e-06,0.002800148962496668,0.005173389085350225,0.01393007718323274,,,0.00018991486954751858,0.01378096040004174,32.35080000013113,8.087700000032783,24,"[0.04559774696826935, 0.08287225663661957, 0.12491052597761154, 0.17298263311386108, 0.23058779537677765, 0.2531452476978302, 0.2865350842475891, 0.33849361538887024, 0.392153799533844, 0.4240010380744934, 0.4649549424648285, 0.4962582290172577, 0.5594820976257324, 0.6008542776107788, 0.6411006450653076, 0.6686191558837891, 0.7327249646186829, 0.77138751745224, 0.8004844784736633, 0.8149673938751221, 0.8240450024604797, 0.8412537574768066, 0.8704450130462646, 0.9064516425132751]",2.8535493927891274e-05,0.005341862402560672,1e-05,adaptive_insertion_pass,True,True,measured mean squared Euclidean error on the supplied normalized ordered reference points; not a continuous-curve or global-minimality guarantee,False,False,,True,30,30,111,28,24,24,2,False,False,False,False,False,,,0,0,False,False,False,False,30,1,9,8,0,0.0,35.165200009942055
uji2_03102_stroke_00,uji_pen_characters_v2,tst_UJI_W16,test,51,192,certified,28,"[0.05732320944962716, 0.08033802388860699, 0.09916082896560438, 0.13899410375835947, 0.18640056059520824, 0.20110908331783967, 0.2281976938876857, 0.26492946976660114, 0.3153742131621233, 0.34792339371029707, 0.3587080493955923, 0.387958953161331, 0.41935509481570066, 0.4485848738444136, 0.494852307409219, 0.5309081138937023, 0.5510281853117891, 0.5752849821295932, 0.5863893409447911, 0.6141473189684722, 0.6393242920985459, 0.7187014649614792, 0.7547081087758496, 0.782387115658523, 0.7980347867432559, 0.8255472046573328, 0.8632752931797516, 0.9773340691853258]",2.1708244865336855e-05,8.252139444289428e-06,0.0028726537285738824,0.0061262108684352725,0.008686368494697819,,,5.227393239606568e-05,0.00723007139633252,32.35080000013113,8.087700000032783,25,"[0.061030641198158264, 0.10339820384979248, 0.14285960793495178, 0.18654295802116394, 0.19979508221149445, 0.22818823158740997, 0.2631213963031769, 0.3156363368034363, 0.34967130422592163, 0.36105072498321533, 0.3903011381626129, 0.4204917252063751, 0.45025959610939026, 0.5000075101852417, 0.5382817387580872, 0.5767160654067993, 0.5899965763092041, 0.6150588989257812, 0.6440091729164124, 0.7170757055282593, 0.7547956705093384, 0.7831643223762512, 0.7990947961807251, 0.8277674913406372, 0.8643094301223755]",4.083299818781501e-05,0.0063900702803502095,1e-05,adaptive_insertion_pass,True,True,measured mean squared Euclidean error on the supplied normalized ordered reference points; not a continuous-curve or global-minimality guarantee,False,False,,True,32,32,47,28,25,25,3,False,False,False,False,False,,,0,0,False,False,False,False,32,1,13,12,0,0.0,36.94979997817427
