sample_id,source_dataset,group_id,split,reference_point_count,model_point_count,deployment_mode,retained_internal_knots,final_internal_knots,normalized_input_refit_mse,normalized_reference_mse,normalized_reference_rms,normalized_point_distance_p95,normalized_point_distance_max,normalized_symmetric_chamfer_mse,normalized_hausdorff,original_unit_reference_mse,original_unit_reference_rms,network_batch_time_ms,network_amortized_time_ms,learned_retained_internal_knots,learned_internal_knots,learned_normalized_reference_mse,learned_normalized_reference_rms,certified_target_mse,certified_status,certified_threshold_satisfied,reference_certificate_valid,reference_certificate_scope,continuous_curve_guaranteed,globally_minimal_knot_count_guaranteed,certified_failure_reason,certified_full_column_rank,certified_expected_solver_rank,certified_solver_rank,certified_rank_safe_max_knots,certified_effective_max_knots,certified_supplied_initial_count,certified_sanitized_initial_count,certified_added_knot_count,certified_position_refinement_used,certified_interpolation_fallback_attempted,certified_interpolation_fallback_used,certified_tolerance_polyline_fallback_attempted,certified_tolerance_polyline_fallback_used,certified_tolerance_polyline_vertex_count,certified_tolerance_polyline_measured_mse,certified_tolerance_polyline_insertion_count,certified_tolerance_polyline_compaction_removed_count,certified_tolerance_polyline_exceeded_adaptive_max_knots,certified_polyline_exact_fallback_attempted,certified_polyline_exact_fallback_used,certified_polyline_exceeded_adaptive_max_knots,certified_final_control_point_count,certified_maximum_internal_knot_multiplicity,certified_refit_count,certified_insertion_candidate_evaluations,certified_position_refit_count,certified_endpoint_max_distance,certified_postprocess_time_ms
natural_earth_10m_coastline_32c8e095e0f8_w000_32c8e095,natural_earth_10m_coastline,natural_earth_10m_coastline:tile:lon+125.000:lat+10.000:size5deg,test,768,192,certified,213,"[0.00920259154985493, 0.00920259154985493, 0.00920259154985493, 0.020976307729128545, 0.020976307729128545, 0.020976307729128545, 0.04299534412236384, 0.04299534412236384, 0.04299534412236384, 0.05085447231515702, 0.05085447231515702, 0.05085447231515702, 0.06051434392161493, 0.06051434392161493, 0.06051434392161493, 0.08416521040723222, 0.08416521040723222, 0.08416521040723222, 0.09445347959134003, 0.09445347959134003, 0.09445347959134003, 0.10612467873211741, 0.10612467873211741, 0.10612467873211741, 0.11525906793685721, 0.11525906793685721, 0.11525906793685721, 0.1348170750020494, 0.1348170750020494, 0.1348170750020494, 0.1583929900114764, 0.1583929900114764, 0.1583929900114764, 0.17278157008453743, 0.17278157008453743, 0.17278157008453743, 0.18194270251178027, 0.18194270251178027, 0.18194270251178027, 0.18842125910072632, 0.18842125910072632, 0.18842125910072632, 0.19888773847244448, 0.19888773847244448, 0.19888773847244448, 0.20667777104907295, 0.20667777104907295, 0.20667777104907295, 0.21978282958658493, 0.21978282958658493, 0.21978282958658493, 0.2275992100397722, 0.2275992100397722, 0.2275992100397722, 0.24863370980262062, 0.24863370980262062, 0.24863370980262062, 0.2630913406880596, 0.2630913406880596, 0.2630913406880596, 0.2749058115639264, 0.2749058115639264, 0.2749058115639264, 0.2826727023629615, 0.2826727023629615, 0.2826727023629615, 0.3023742414917794, 0.3023742414917794, 0.3023742414917794, 0.3234043337132464, 0.3234043337132464, 0.3234043337132464, 0.3431151055304389, 0.3431151055304389, 0.3431151055304389, 0.4035695391385766, 0.4035695391385766, 0.4035695391385766, 0.41484258837576526, 0.41484258837576526, 0.41484258837576526, 0.42258750497947056, 0.42258750497947056, 0.42258750497947056, 0.44874640959215795, 0.44874640959215795, 0.44874640959215795, 0.4591416807376664, 0.4591416807376664, 0.4591416807376664, 0.4644003032211264, 0.4644003032211264, 0.4644003032211264, 0.47178914219129814, 0.47178914219129814, 0.47178914219129814, 0.4770477661838362, 0.4770477661838362, 0.4770477661838362, 0.48486917932140394, 0.48486917932140394, 0.48486917932140394, 0.49471724197437367, 0.49471724197437367, 0.49471724197437367, 0.5196929831929947, 0.5196929831929947, 0.5196929831929947, 0.5498891597241856, 0.5498891597241856, 0.5498891597241856, 0.5577684495434335, 0.5577684495434335, 0.5577684495434335, 0.5748359569755587, 0.5748359569755587, 0.5748359569755587, 0.5892822213399129, 0.5892822213399129, 0.5892822213399129, 0.6168805820462618, 0.6168805820462618, 0.6168805820462618, 0.6285092831385093, 0.6285092831385093, 0.6285092831385093, 0.6626425176437395, 0.6626425176437395, 0.6626425176437395, 0.6718451064233233, 0.6718451064233233, 0.6718451064233233, 0.6809919811863019, 0.6809919811863019, 0.6809919811863019, 0.6914970137277395, 0.6914970137277395, 0.6914970137277395, 0.7020142634677026, 0.7020142634677026, 0.7020142634677026, 0.712514197781427, 0.712514197781427, 0.712514197781427, 0.7413584493964291, 0.7413584493964291, 0.7413584493964291, 0.749170889513605, 0.749170889513605, 0.749170889513605, 0.7649467629469587, 0.7649467629469587, 0.7649467629469587, 0.7728294452924039, 0.7728294452924039, 0.7728294452924039, 0.7801919538906917, 0.7801919538906917, 0.7801919538906917, 0.7887490556283132, 0.7887490556283132, 0.7887490556283132, 0.7990759936090376, 0.7990759936090376, 0.7990759936090376, 0.8120827573589824, 0.8120827573589824, 0.8120827573589824, 0.8237017586470714, 0.8237017586470714, 0.8237017586470714, 0.8368483161600735, 0.8368483161600735, 0.8368483161600735, 0.8512852941706759, 0.8512852941706759, 0.8512852941706759, 0.860396230908639, 0.860396230908639, 0.860396230908639, 0.8653752941138461, 0.8653752941138461, 0.8653752941138461, 0.8719485779671519, 0.8719485779671519, 0.8719485779671519, 0.8929658361942023, 0.8929658361942023, 0.8929658361942023, 0.896850087609776, 0.896850087609776, 0.896850087609776, 0.9045461549658358, 0.9045461549658358, 0.9045461549658358, 0.9201494667594475, 0.9201494667594475, 0.9201494667594475, 0.9384705491607384, 0.9384705491607384, 0.9384705491607384, 0.9463498732393173, 0.9463498732393173, 0.9463498732393173, 0.9541788690810397, 0.9541788690810397, 0.9541788690810397, 0.9685003287937023, 0.9685003287937023, 0.9685003287937023, 0.9763640920928629, 0.9763640920928629, 0.9763640920928629]",0.0014458499634925192,9.74814248762351e-06,0.003122201545003703,0.007100018040481669,0.010232248511373691,,,11128.684418091414,105.49257991959156,23.704499995801598,1.4815312497375999,15,"[0.07808802276849747, 0.14568176865577698, 0.242666095495224, 0.2611134648323059, 0.3147067427635193, 0.35892772674560547, 0.39684438705444336, 0.4626617729663849, 0.4941805303096771, 0.5433645844459534, 0.5723381638526917, 0.6034949421882629, 0.686167299747467, 0.7652106881141663, 0.830781102180481]",0.001580862413680614,0.03976006053416687,1e-05,tolerance_polyline_fallback_pass,True,True,measured mean squared Euclidean error on the supplied normalized ordered reference points; not a continuous-curve or global-minimality guarantee,False,False,,,217,,764,28,15,15,198,False,False,False,True,True,73,9.74814248762352e-06,72,1,True,False,False,False,217,3,53,52,0,6.938893903907228e-18,464.35419999761507
natural_earth_10m_coastline_2627549733ec_w000_26275497,natural_earth_10m_coastline,natural_earth_10m_coastline:tile:lon+150.000:lat-15.000:size5deg,test,768,192,certified,102,"[0.016972906497280418, 0.016972906497280418, 0.016972906497280418, 0.03526025178073252, 0.03526025178073252, 0.03526025178073252, 0.07313593532022103, 0.07313593532022103, 0.07313593532022103, 0.10705534053744732, 0.10705534053744732, 0.10705534053744732, 0.14754874794354014, 0.14754874794354014, 0.14754874794354014, 0.190648230743935, 0.190648230743935, 0.190648230743935, 0.22591452692216207, 0.22591452692216207, 0.22591452692216207, 0.24416531203811181, 0.24416531203811181, 0.24416531203811181, 0.25980291462904265, 0.25980291462904265, 0.25980291462904265, 0.2767004243565628, 0.2767004243565628, 0.2767004243565628, 0.2962940098853478, 0.2962940098853478, 0.2962940098853478, 0.3144566697010374, 0.3144566697010374, 0.3144566697010374, 0.33795861695737794, 0.33795861695737794, 0.33795861695737794, 0.35493972336263324, 0.35493972336263324, 0.35493972336263324, 0.3716663156623636, 0.3716663156623636, 0.3716663156623636, 0.40430691088259496, 0.40430691088259496, 0.40430691088259496, 0.4239004976063741, 0.4239004976063741, 0.4239004976063741, 0.4473568927287425, 0.4473568927287425, 0.4473568927287425, 0.469559111528773, 0.469559111528773, 0.469559111528773, 0.4967831090157912, 0.4967831090157912, 0.4967831090157912, 0.5633954529112638, 0.5633954529112638, 0.5633954529112638, 0.5788725695350623, 0.5788725695350623, 0.5788725695350623, 0.5958196661007629, 0.5958196661007629, 0.5958196661007629, 0.611410514647348, 0.611410514647348, 0.611410514647348, 0.6283466585227506, 0.6283466585227506, 0.6283466585227506, 0.644021532443413, 0.644021532443413, 0.644021532443413, 0.6622301600982037, 0.6622301600982037, 0.6622301600982037, 0.8072226898453163, 0.8072226898453163, 0.8072226898453163, 0.821588878167739, 0.821588878167739, 0.821588878167739, 0.8317694124686933, 0.8317694124686933, 0.8317694124686933, 0.8618129088790696, 0.8618129088790696, 0.8618129088790696, 0.8944626971108889, 0.8944626971108889, 0.8944626971108889, 0.9258077773636516, 0.9258077773636516, 0.9258077773636516, 0.983279561348061, 0.983279561348061, 0.983279561348061]",0.0006038480743773935,8.545885092719623e-06,0.0029233345844633697,0.007547425248811993,0.016312626504234984,,,590.295166354802,24.295990746516225,23.704499995801598,1.4815312497375999,21,"[0.035311173647642136, 0.05427442118525505, 0.09399174898862839, 0.17667341232299805, 0.20540738105773926, 0.2886328101158142, 0.32950571179389954, 0.3723626732826233, 0.4049890339374542, 0.435710608959198, 0.46625998616218567, 0.4987727105617523, 0.5570818781852722, 0.640562891960144, 0.6598131656646729, 0.7592081427574158, 0.8063932061195374, 0.8185599446296692, 0.8350635766983032, 0.8567894697189331, 0.8956804275512695]",0.0006031562111006509,0.024559238813543285,1e-05,tolerance_polyline_fallback_pass,True,True,measured mean squared Euclidean error on the supplied normalized ordered reference points; not a continuous-curve or global-minimality guarantee,False,False,,,106,,764,28,21,21,81,False,False,False,True,True,36,8.54588509271963e-06,34,0,True,False,False,False,106,3,29,28,0,0.0,251.32909999229014
natural_earth_10m_coastline_e08e5baf5d19_w000_e08e5baf,natural_earth_10m_coastline,natural_earth_10m_coastline:tile:lon-010.000:lat+55.000:size5deg,test,768,192,certified,33,"[0.0822420487533094, 0.0822420487533094, 0.0822420487533094, 0.15264032742623848, 0.15264032742623848, 0.15264032742623848, 0.2721408913798135, 0.2721408913798135, 0.2721408913798135, 0.564555825978465, 0.564555825978465, 0.564555825978465, 0.6089025604900747, 0.6089025604900747, 0.6089025604900747, 0.6373610794355103, 0.6373610794355103, 0.6373610794355103, 0.6791339336567437, 0.6791339336567437, 0.6791339336567437, 0.731351109179807, 0.731351109179807, 0.731351109179807, 0.7691158698359178, 0.7691158698359178, 0.7691158698359178, 0.7952244587229628, 0.7952244587229628, 0.7952244587229628, 0.8994970965216555, 0.8994970965216555, 0.8994970965216555]",3.4421647750963085e-05,5.658118946648129e-07,0.0007522046893398185,0.001856970030110274,0.003253556393283546,,,6.3270867087027,2.5153700937839543,23.704499995801598,1.4815312497375999,24,"[0.10061076283454895, 0.14819389581680298, 0.18577256798744202, 0.21512940526008606, 0.2508617043495178, 0.2895928621292114, 0.3338070511817932, 0.3699702024459839, 0.4031824767589569, 0.4356033504009247, 0.4673566222190857, 0.49802619218826294, 0.5301713347434998, 0.5617403388023376, 0.5911144018173218, 0.6223264932632446, 0.6427052617073059, 0.6716099381446838, 0.7069548964500427, 0.7576454281806946, 0.7889087200164795, 0.8168738484382629, 0.8477776646614075, 0.8973019123077393]",3.6257618682544644e-05,0.006021429953303837,1e-05,tolerance_polyline_fallback_pass,True,True,measured mean squared Euclidean error on the supplied normalized ordered reference points; not a continuous-curve or global-minimality guarantee,False,False,,,37,,764,28,24,24,9,False,False,False,True,True,13,5.658118946648139e-07,11,0,True,False,False,False,37,3,17,16,0,0.0,136.20079995598644
natural_earth_10m_coastline_011285b9271d_w000_011285b9,natural_earth_10m_coastline,natural_earth_10m_coastline:tile:lon+175.000:lat-20.000:size5deg,test,768,192,certified,87,"[0.016841817029259177, 0.016841817029259177, 0.016841817029259177, 0.04775888923567158, 0.04775888923567158, 0.04775888923567158, 0.07130905247866048, 0.07130905247866048, 0.07130905247866048, 0.10141148535473744, 0.10141148535473744, 0.10141148535473744, 0.13019393550592495, 0.13019393550592495, 0.13019393550592495, 0.15112529415338574, 0.15112529415338574, 0.15112529415338574, 0.17202169681342538, 0.17202169681342538, 0.17202169681342538, 0.24396239268133182, 0.24396239268133182, 0.24396239268133182, 0.3277166724986344, 0.3277166724986344, 0.3277166724986344, 0.34603989041422617, 0.34603989041422617, 0.34603989041422617, 0.3561475436392097, 0.3561475436392097, 0.3561475436392097, 0.4045731888774991, 0.4045731888774991, 0.4045731888774991, 0.41896942377046026, 0.41896942377046026, 0.41896942377046026, 0.43195880382078683, 0.43195880382078683, 0.43195880382078683, 0.4501291051582845, 0.4501291051582845, 0.4501291051582845, 0.5161413991857303, 0.5161413991857303, 0.5161413991857303, 0.546213165376429, 0.546213165376429, 0.546213165376429, 0.5776044734960353, 0.5776044734960353, 0.5776044734960353, 0.6077069007510538, 0.6077069007510538, 0.6077069007510538, 0.6364624874504731, 0.6364624874504731, 0.6364624874504731, 0.680930033919038, 0.680930033919038, 0.680930033919038, 0.7606786810789767, 0.7606786810789767, 0.7606786810789767, 0.7980764070422327, 0.7980764070422327, 0.7980764070422327, 0.826861675610164, 0.826861675610164, 0.826861675610164, 0.8421651343512304, 0.8421651343512304, 0.8421651343512304, 0.865723559209229, 0.865723559209229, 0.865723559209229, 0.887964739397028, 0.887964739397028, 0.887964739397028, 0.9101975008161871, 0.9101975008161871, 0.9101975008161871, 0.9384863332304225, 0.9384863332304225, 0.9384863332304225]",0.0007715087181202818,8.375168348612925e-06,0.002893988311761629,0.007541515854764196,0.011501487343946685,,,637.2725224550323,25.24425721733623,23.704499995801598,1.4815312497375999,16,"[0.12126755714416504, 0.16427326202392578, 0.20646390318870544, 0.23944327235221863, 0.27713099122047424, 0.3044583201408386, 0.3563886880874634, 0.4543035924434662, 0.5028367042541504, 0.6060545444488525, 0.6891116499900818, 0.7350764274597168, 0.7878115773200989, 0.8261154294013977, 0.8640944361686707, 0.902678370475769]",0.0008173552009798009,0.028589424635340265,1e-05,tolerance_polyline_fallback_pass,True,True,measured mean squared Euclidean error on the supplied normalized ordered reference points; not a continuous-curve or global-minimality guarantee,False,False,,,91,,764,28,16,16,71,False,False,False,True,True,31,8.375168348612915e-06,29,0,True,False,False,False,91,3,49,48,0,0.0,332.841900002677
natural_earth_10m_coastline_1640bc647ca3_w000_1640bc64,natural_earth_10m_coastline,natural_earth_10m_coastline:tile:lon+100.000:lat-05.000:size5deg,test,768,192,certified,111,"[0.03657350733553627, 0.03657350733553627, 0.03657350733553627, 0.05876034387538266, 0.05876034387538266, 0.05876034387538266, 0.07166477340703156, 0.07166477340703156, 0.07166477340703156, 0.08995153234948604, 0.08995153234948604, 0.08995153234948604, 0.12255410037153784, 0.12255410037153784, 0.12255410037153784, 0.2061187196570811, 0.2061187196570811, 0.2061187196570811, 0.24922050485531616, 0.24922050485531616, 0.24922050485531616, 0.2844682298426226, 0.2844682298426226, 0.2844682298426226, 0.30139124996629163, 0.30139124996629163, 0.30139124996629163, 0.3301236634155194, 0.3301236634155194, 0.3301236634155194, 0.36146266029705126, 0.36146266029705126, 0.36146266029705126, 0.42284869138018216, 0.42284869138018216, 0.42284869138018216, 0.4359039360522216, 0.4359039360522216, 0.4359039360522216, 0.44888339043218084, 0.44888339043218084, 0.44888339043218084, 0.480218977555119, 0.480218977555119, 0.480218977555119, 0.4945871421890842, 0.4945871421890842, 0.4945871421890842, 0.5089345732951885, 0.5089345732951885, 0.5089345732951885, 0.5350346488268771, 0.5350346488268771, 0.5350346488268771, 0.5454842278966388, 0.5454842278966388, 0.5454842278966388, 0.5689792175570183, 0.5689792175570183, 0.5689792175570183, 0.5937864453283115, 0.5937864453283115, 0.5937864453283115, 0.6355830299609492, 0.6355830299609492, 0.6355830299609492, 0.6651782056034906, 0.6651782056034906, 0.6651782056034906, 0.6743215834787143, 0.6743215834787143, 0.6743215834787143, 0.6885857681261188, 0.6885857681261188, 0.6885857681261188, 0.7054851086717336, 0.7054851086717336, 0.7054851086717336, 0.7407524241992443, 0.7407524241992443, 0.7407524241992443, 0.7577217177102442, 0.7577217177102442, 0.7577217177102442, 0.7718778258030781, 0.7718778258030781, 0.7718778258030781, 0.8502462357067735, 0.8502462357067735, 0.8502462357067735, 0.8789711257673092, 0.8789711257673092, 0.8789711257673092, 0.8972578843369223, 0.8972578843369223, 0.8972578843369223, 0.9142165327955297, 0.9142165327955297, 0.9142165327955297, 0.9348041050213117, 0.9348041050213117, 0.9348041050213117, 0.9478660717814325, 0.9478660717814325, 0.9478660717814325, 0.9556344292318701, 0.9556344292318701, 0.9556344292318701, 0.9725832370623924, 0.9725832370623924, 0.9725832370623924]",0.00039783889003464713,9.5292121007782e-06,0.003086942192652496,0.007585236599412669,0.011109773015060245,,,5092.54712979636,71.36208467944557,23.704499995801598,1.4815312497375999,17,"[0.07719190418720245, 0.12319888919591904, 0.18535815179347992, 0.22045771777629852, 0.23925010859966278, 0.29408279061317444, 0.3441927134990692, 0.40945813059806824, 0.4250373840332031, 0.5057501196861267, 0.5397653579711914, 0.6360618472099304, 0.6683679223060608, 0.6881716251373291, 0.7178276777267456, 0.7439433336257935, 0.7650936841964722]",0.00047593577015837076,0.021815952194629753,1e-05,tolerance_polyline_fallback_pass,True,True,measured mean squared Euclidean error on the supplied normalized ordered reference points; not a continuous-curve or global-minimality guarantee,False,False,,,115,,764,28,17,17,94,False,False,False,True,True,39,9.52921210077817e-06,38,1,True,False,False,False,115,3,45,44,0,0.0,380.9317999985069
natural_earth_10m_coastline_f7b491619f89_w001_302b6fae,natural_earth_10m_coastline,natural_earth_10m_coastline:tile:lon-005.000:lat+55.000:size5deg,test,768,192,certified,360,"[0.01351051691194918, 0.01351051691194918, 0.01351051691194918, 0.02611527024738622, 0.02611527024738622, 0.02611527024738622, 0.040177010327463916, 0.040177010327463916, 0.040177010327463916, 0.04434194181589088, 0.04434194181589088, 0.04434194181589088, 0.04977948697327279, 0.04977948697327279, 0.04977948697327279, 0.05953165412638295, 0.05953165412638295, 0.05953165412638295, 0.06788833172039091, 0.06788833172039091, 0.06788833172039091, 0.08349500855361026, 0.08349500855361026, 0.08349500855361026, 0.08956614182407555, 0.08956614182407555, 0.08956614182407555, 0.09425050383922133, 0.09425050383922133, 0.09425050383922133, 0.10181097164301044, 0.10181097164301044, 0.10181097164301044, 0.11263562146049483, 0.11263562146049483, 0.11263562146049483, 0.1185320993158643, 0.1185320993158643, 0.1185320993158643, 0.12100463902950695, 0.12100463902950695, 0.12100463902950695, 0.12627529166631607, 0.12627529166631607, 0.12627529166631607, 0.1342765123688725, 0.1342765123688725, 0.1342765123688725, 0.1378120841631699, 0.1378120841631699, 0.1378120841631699, 0.14345842487828125, 0.14345842487828125, 0.14345842487828125, 0.1454927983647787, 0.1454927983647787, 0.1454927983647787, 0.14827898712663315, 0.14827898712663315, 0.14827898712663315, 0.15264912508786302, 0.15264912508786302, 0.15264912508786302, 0.15681565776298476, 0.15681565776298476, 0.15681565776298476, 0.16043272928046534, 0.16043272928046534, 0.16043272928046534, 0.16557947196780465, 0.16557947196780465, 0.16557947196780465, 0.17363185891842847, 0.17363185891842847, 0.17363185891842847, 0.18786737233693251, 0.18786737233693251, 0.18786737233693251, 0.19781875508729035, 0.19781875508729035, 0.19781875508729035, 0.20925748565428853, 0.20925748565428853, 0.20925748565428853, 0.2252491912739995, 0.2252491912739995, 0.2252491912739995, 0.23347039324812766, 0.23347039324812766, 0.23347039324812766, 0.2429850441587383, 0.2429850441587383, 0.2429850441587383, 0.2538404835701628, 0.2538404835701628, 0.2538404835701628, 0.2638626701457505, 0.2638626701457505, 0.2638626701457505, 0.2805503461469998, 0.2805503461469998, 0.2805503461469998, 0.2908710800960818, 0.2908710800960818, 0.2908710800960818, 0.300710817748286, 0.300710817748286, 0.300710817748286, 0.30637755530502614, 0.30637755530502614, 0.30637755530502614, 0.31452643397386915, 0.31452643397386915, 0.31452643397386915, 0.33165529285319867, 0.33165529285319867, 0.33165529285319867, 0.336684355025606, 0.336684355025606, 0.336684355025606, 0.34501451538276384, 0.34501451538276384, 0.34501451538276384, 0.3531857691565922, 0.3531857691565922, 0.3531857691565922, 0.3690222795380497, 0.3690222795380497, 0.3690222795380497, 0.40655429920111164, 0.40655429920111164, 0.40655429920111164, 0.41081801309928156, 0.41081801309928156, 0.41081801309928156, 0.4220807101986757, 0.4220807101986757, 0.4220807101986757, 0.4349725739125268, 0.4349725739125268, 0.4349725739125268, 0.4444445961570444, 0.4444445961570444, 0.4444445961570444, 0.4568566130118655, 0.4568566130118655, 0.4568566130118655, 0.4620905988791883, 0.4620905988791883, 0.4620905988791883, 0.4719798430657843, 0.4719798430657843, 0.4719798430657843, 0.49153552484492663, 0.49153552484492663, 0.49153552484492663, 0.5015868069399813, 0.5015868069399813, 0.5015868069399813, 0.5113419388279338, 0.5113419388279338, 0.5113419388279338, 0.517390580183414, 0.517390580183414, 0.517390580183414, 0.5242067812039944, 0.5242067812039944, 0.5242067812039944, 0.5297641854228681, 0.5297641854228681, 0.5297641854228681, 0.5672295048753556, 0.5672295048753556, 0.5672295048753556, 0.5766037461432599, 0.5766037461432599, 0.5766037461432599, 0.5977004122630794, 0.5977004122630794, 0.5977004122630794, 0.6047895212461466, 0.6047895212461466, 0.6047895212461466, 0.6261189940367362, 0.6261189940367362, 0.6261189940367362, 0.6350999787810692, 0.6350999787810692, 0.6350999787810692, 0.6440542936633525, 0.6440542936633525, 0.6440542936633525, 0.6482107158913932, 0.6482107158913932, 0.6482107158913932, 0.6561392603305429, 0.6561392603305429, 0.6561392603305429, 0.661850916052092, 0.661850916052092, 0.661850916052092, 0.6690538143302194, 0.6690538143302194, 0.6690538143302194, 0.6767779350660225, 0.6767779350660225, 0.6767779350660225, 0.6842932051997409, 0.6842932051997409, 0.6842932051997409, 0.688040137926819, 0.688040137926819, 0.688040137926819, 0.6897919369587905, 0.6897919369587905, 0.6897919369587905, 0.7123731158917302, 0.7123731158917302, 0.7123731158917302, 0.7242675040779439, 0.7242675040779439, 0.7242675040779439, 0.7309093316616583, 0.7309093316616583, 0.7309093316616583, 0.7342590502340155, 0.7342590502340155, 0.7342590502340155, 0.7477522142822851, 0.7477522142822851, 0.7477522142822851, 0.7587001358045167, 0.7587001358045167, 0.7587001358045167, 0.762562703261799, 0.762562703261799, 0.762562703261799, 0.765354400849068, 0.765354400849068, 0.765354400849068, 0.7708763135388236, 0.7708763135388236, 0.7708763135388236, 0.7745609707010966, 0.7745609707010966, 0.7745609707010966, 0.7771877737429683, 0.7771877737429683, 0.7771877737429683, 0.7796757440351365, 0.7796757440351365, 0.7796757440351365, 0.785197165625029, 0.785197165625029, 0.785197165625029, 0.7905351672906593, 0.7905351672906593, 0.7905351672906593, 0.7932999793781831, 0.7932999793781831, 0.7932999793781831, 0.7989427157281274, 0.7989427157281274, 0.7989427157281274, 0.8021920174191777, 0.8021920174191777, 0.8021920174191777, 0.8095856512756011, 0.8095856512756011, 0.8095856512756011, 0.8186955327938048, 0.8186955327938048, 0.8186955327938048, 0.8236409843763831, 0.8236409843763831, 0.8236409843763831, 0.8270475311710577, 0.8270475311710577, 0.8270475311710577, 0.8304175970765335, 0.8304175970765335, 0.8304175970765335, 0.8420198329876358, 0.8420198329876358, 0.8420198329876358, 0.8487997028822187, 0.8487997028822187, 0.8487997028822187, 0.8538893710516576, 0.8538893710516576, 0.8538893710516576, 0.8642194160337545, 0.8642194160337545, 0.8642194160337545, 0.8708047779627411, 0.8708047779627411, 0.8708047779627411, 0.8761886029122268, 0.8761886029122268, 0.8761886029122268, 0.8804209499670159, 0.8804209499670159, 0.8804209499670159, 0.8831336222104227, 0.8831336222104227, 0.8831336222104227, 0.8875351267617076, 0.8875351267617076, 0.8875351267617076, 0.8945786359548671, 0.8945786359548671, 0.8945786359548671, 0.9014328441756592, 0.9014328441756592, 0.9014328441756592, 0.9091359423925527, 0.9091359423925527, 0.9091359423925527, 0.9193023820644718, 0.9193023820644718, 0.9193023820644718, 0.9267093001466234, 0.9267093001466234, 0.9267093001466234, 0.9328287341936088, 0.9328287341936088, 0.9328287341936088, 0.9366720328562402, 0.9366720328562402, 0.9366720328562402, 0.9402224654125709, 0.9402224654125709, 0.9402224654125709, 0.9454740883546011, 0.9454740883546011, 0.9454740883546011, 0.9510938140406361, 0.9510938140406361, 0.9510938140406361, 0.9575851288660917, 0.9575851288660917, 0.9575851288660917, 0.9602989689183359, 0.9602989689183359, 0.9602989689183359, 0.9661681895579161, 0.9661681895579161, 0.9661681895579161, 0.971632367623843, 0.971632367623843, 0.971632367623843, 0.9779886161078981, 0.9779886161078981, 0.9779886161078981, 0.9841267144636896, 0.9841267144636896, 0.9841267144636896, 0.9919995818046363, 0.9919995818046363, 0.9919995818046363]",0.0014446948033071706,9.917020855525731e-06,0.0031491301744332087,0.0063697292741323325,0.008901560967060247,,,3045623.830600313,1745.1715762641543,23.704499995801598,1.4815312497375999,11,"[0.11275817453861237, 0.16399796307086945, 0.21938009560108185, 0.2763649523258209, 0.3801584839820862, 0.4821070730686188, 0.5859301686286926, 0.674082338809967, 0.7616460919380188, 0.7907091975212097, 0.8430303335189819]",0.006298814506270417,0.07936507107204288,1e-05,tolerance_polyline_fallback_pass,True,True,measured mean squared Euclidean error on the supplied normalized ordered reference points; not a continuous-curve or global-minimality guarantee,False,False,,,364,,764,28,11,11,349,False,False,False,True,True,122,9.917020855525725e-06,124,4,True,False,False,False,364,3,69,68,0,0.0,916.9765000115149
natural_earth_10m_coastline_eaa3045ddf9a_w000_eaa3045d,natural_earth_10m_coastline,natural_earth_10m_coastline:tile:lon+090.000:lat+10.000:size5deg,test,768,192,certified,54,"[0.05352227755027822, 0.05352227755027822, 0.05352227755027822, 0.1409240571706138, 0.1409240571706138, 0.1409240571706138, 0.22186555874720942, 0.22186555874720942, 0.22186555874720942, 0.2505772864433373, 0.2505772864433373, 0.2505772864433373, 0.29322075629797717, 0.29322075629797717, 0.29322075629797717, 0.41854779366976713, 0.41854779366976713, 0.41854779366976713, 0.43813041439970657, 0.43813041439970657, 0.43813041439970657, 0.46421078428857326, 0.46421078428857326, 0.46421078428857326, 0.6012891345167781, 0.6012891345167781, 0.6012891345167781, 0.643804256344055, 0.643804256344055, 0.643804256344055, 0.6947054739698024, 0.6947054739698024, 0.6947054739698024, 0.746919489257123, 0.746919489257123, 0.746919489257123, 0.7678028072706006, 0.7678028072706006, 0.7678028072706006, 0.7952018002488626, 0.7952018002488626, 0.7952018002488626, 0.8291450104339422, 0.8291450104339422, 0.8291450104339422, 0.857861435663475, 0.857861435663475, 0.857861435663475, 0.9387886169323344, 0.9387886169323344, 0.9387886169323344, 0.9739837293264741, 0.9739837293264741, 0.9739837293264741]",0.00010266827020482084,7.280422197603126e-06,0.0026982257499333015,0.0072704439333559434,0.012238953158881365,,,713.8015405674782,26.71706459488913,23.704499995801598,1.4815312497375999,18,"[0.05913963541388512, 0.13107766211032867, 0.19466745853424072, 0.2158336341381073, 0.25377583503723145, 0.29841047525405884, 0.3326531648635864, 0.3643815219402313, 0.41161972284317017, 0.4932454526424408, 0.5624977350234985, 0.6373860239982605, 0.6684193015098572, 0.758289635181427, 0.7875518202781677, 0.8008657693862915, 0.836524486541748, 0.8925064206123352]",0.00010378506682170526,0.010187495610880294,1e-05,tolerance_polyline_fallback_pass,True,True,measured mean squared Euclidean error on the supplied normalized ordered reference points; not a continuous-curve or global-minimality guarantee,False,False,,,58,,764,28,18,18,36,False,False,False,True,True,20,7.280422197603122e-06,18,0,True,False,False,False,58,3,41,40,0,0.0,493.8222999917343
natural_earth_10m_coastline_d226544368c9_w000_d2265443,natural_earth_10m_coastline,natural_earth_10m_coastline:tile:lon-075.000:lat-75.000:size5deg,test,768,192,certified,48,"[0.057344743745836285, 0.057344743745836285, 0.057344743745836285, 0.10690618075935715, 0.10690618075935715, 0.10690618075935715, 0.16555906044172197, 0.16555906044172197, 0.16555906044172197, 0.20856833317334342, 0.20856833317334342, 0.20856833317334342, 0.2594176811304888, 0.2594176811304888, 0.2594176811304888, 0.28028565423651564, 0.28028565423651564, 0.28028565423651564, 0.3428753372848798, 0.3428753372848798, 0.3428753372848798, 0.38460477544577243, 0.38460477544577243, 0.38460477544577243, 0.4185152333920261, 0.4185152333920261, 0.4185152333920261, 0.4785090483575716, 0.4785090483575716, 0.4785090483575716, 0.5241070345766564, 0.5241070345766564, 0.5241070345766564, 0.5632087682583138, 0.5632087682583138, 0.5632087682583138, 0.5957624376821754, 0.5957624376821754, 0.5957624376821754, 0.6283686492854161, 0.6283686492854161, 0.6283686492854161, 0.6778797640470747, 0.6778797640470747, 0.6778797640470747, 0.7391505498985711, 0.7391505498985711, 0.7391505498985711]",6.731682225706664e-05,7.176767501710496e-06,0.002678948954666829,0.00663633825181133,0.010475078920400815,,,216.44495115489454,14.712068214730877,23.704499995801598,1.4815312497375999,18,"[0.14144569635391235, 0.1818644106388092, 0.22002869844436646, 0.24965959787368774, 0.28583773970603943, 0.33472511172294617, 0.3475428819656372, 0.40011414885520935, 0.48834043741226196, 0.5162041783332825, 0.6459543704986572, 0.7271856665611267, 0.7472270131111145, 0.7693884968757629, 0.8011572360992432, 0.8325512409210205, 0.8659362196922302, 0.9048078656196594]",6.895019367035606e-05,0.008303625332970898,1e-05,tolerance_polyline_fallback_pass,True,True,measured mean squared Euclidean error on the supplied normalized ordered reference points; not a continuous-curve or global-minimality guarantee,False,False,,,52,,764,28,18,18,30,False,False,False,True,True,18,7.176767501710487e-06,16,0,True,False,False,False,52,3,41,40,0,1.1102230246251565e-16,346.997199987527
natural_earth_10m_coastline_5d5d90ad2832_w000_5d5d90ad,natural_earth_10m_coastline,natural_earth_10m_coastline:tile:lon-070.000:lat-80.000:size5deg,test,768,192,certified,159,"[0.010464950854977933, 0.010464950854977933, 0.010464950854977933, 0.02082673635084511, 0.02082673635084511, 0.02082673635084511, 0.02603096461307535, 0.02603096461307535, 0.02603096461307535, 0.034379438590286214, 0.034379438590286214, 0.034379438590286214, 0.03963569039903365, 0.03963569039903365, 0.03963569039903365, 0.049645354159568486, 0.049645354159568486, 0.049645354159568486, 0.06001646704974293, 0.06001646704974293, 0.06001646704974293, 0.10467026219733176, 0.10467026219733176, 0.10467026219733176, 0.11429031859979663, 0.11429031859979663, 0.11429031859979663, 0.12312548836507273, 0.12312548836507273, 0.12312548836507273, 0.14017208890575347, 0.14017208890575347, 0.14017208890575347, 0.19137111128736506, 0.19137111128736506, 0.19137111128736506, 0.2176523597221142, 0.2176523597221142, 0.2176523597221142, 0.22268947203733372, 0.22268947203733372, 0.22268947203733372, 0.23057384921647983, 0.23057384921647983, 0.23057384921647983, 0.25142941470720254, 0.25142941470720254, 0.25142941470720254, 0.26151704909047246, 0.26151704909047246, 0.26151704909047246, 0.28517017232095504, 0.28517017232095504, 0.28517017232095504, 0.3192676077206245, 0.3192676077206245, 0.3192676077206245, 0.3244656480186617, 0.3244656480186617, 0.3244656480186617, 0.3427538868186979, 0.3427538868186979, 0.3427538868186979, 0.37155111413847725, 0.37155111413847725, 0.37155111413847725, 0.39646281809404216, 0.39646281809404216, 0.39646281809404216, 0.40558311040923006, 0.40558311040923006, 0.40558311040923006, 0.43317842018576924, 0.43317842018576924, 0.43317842018576924, 0.45113251314211456, 0.45113251314211456, 0.45113251314211456, 0.4537606393382171, 0.4537606393382171, 0.4537606393382171, 0.4704910230147845, 0.4704910230147845, 0.4704910230147845, 0.49805281999175316, 0.49805281999175316, 0.49805281999175316, 0.5030287372663985, 0.5030287372663985, 0.5030287372663985, 0.5082232064648483, 0.5082232064648483, 0.5082232064648483, 0.5410549406167063, 0.5410549406167063, 0.5410549406167063, 0.5646849384927498, 0.5646849384927498, 0.5646849384927498, 0.5738744534834452, 0.5738744534834452, 0.5738744534834452, 0.602547557042666, 0.602547557042666, 0.602547557042666, 0.6209026323462205, 0.6209026323462205, 0.6209026323462205, 0.6642419136958679, 0.6642419136958679, 0.6642419136958679, 0.671997195759628, 0.671997195759628, 0.671997195759628, 0.6837648533007519, 0.6837648533007519, 0.6837648533007519, 0.6992974813230598, 0.6992974813230598, 0.6992974813230598, 0.7083656258053804, 0.7083656258053804, 0.7083656258053804, 0.7346384965949658, 0.7346384965949658, 0.7346384965949658, 0.7621845771032895, 0.7621845771032895, 0.7621845771032895, 0.7713141812946338, 0.7713141812946338, 0.7713141812946338, 0.7882348879951521, 0.7882348879951521, 0.7882348879951521, 0.793458446621833, 0.793458446621833, 0.793458446621833, 0.8105244916109646, 0.8105244916109646, 0.8105244916109646, 0.8381198025496666, 0.8381198025496666, 0.8381198025496666, 0.8525635635162742, 0.8525635635162742, 0.8525635635162742, 0.8635406504849973, 0.8635406504849973, 0.8635406504849973, 0.9594589664671386, 0.9594589664671386, 0.9594589664671386, 0.9817884635464197, 0.9817884635464197, 0.9817884635464197, 0.9908015649796128, 0.9908015649796128, 0.9908015649796128]",0.002936660786819733,9.874336854521306e-06,0.003142345756679444,0.007719447764328548,0.015309972733260046,,,12806.91524559459,113.1676422198262,23.704499995801598,1.4815312497375999,11,"[0.15964581072330475, 0.206100732088089, 0.25269269943237305, 0.3347030580043793, 0.3817150592803955, 0.4476095139980316, 0.5452993512153625, 0.5967842936515808, 0.7460601329803467, 0.8379814028739929, 0.8782260417938232]",0.003243502823734277,0.056951758741361776,1e-05,tolerance_polyline_fallback_pass,True,True,measured mean squared Euclidean error on the supplied normalized ordered reference points; not a continuous-curve or global-minimality guarantee,False,False,,,163,,764,28,11,11,148,False,False,False,True,True,55,9.8743368545213e-06,53,0,True,False,False,False,163,3,69,68,0,0.0,528.8219000212848
natural_earth_10m_coastline_9107b8e2fdab_w000_9107b8e2,natural_earth_10m_coastline,natural_earth_10m_coastline:tile:lon+120.000:lat+05.000:size5deg,test,768,192,certified,102,"[0.018271960403076454, 0.018271960403076454, 0.018271960403076454, 0.03259423323253791, 0.03259423323253791, 0.03259423323253791, 0.046932791064830455, 0.046932791064830455, 0.046932791064830455, 0.11870115752947452, 0.11870115752947452, 0.11870115752947452, 0.12517784779062496, 0.12517784779062496, 0.12517784779062496, 0.13692411335979812, 0.13692411335979812, 0.13692411335979812, 0.16693905061181055, 0.16693905061181055, 0.16693905061181055, 0.1929921390336296, 0.1929921390336296, 0.1929921390336296, 0.22431173562818157, 0.22431173562818157, 0.22431173562818157, 0.23734278719466995, 0.23734278719466995, 0.23734278719466995, 0.2660474508646049, 0.2660474508646049, 0.2660474508646049, 0.29334559040788066, 0.29334559040788066, 0.29334559040788066, 0.3129096886229031, 0.3129096886229031, 0.3129096886229031, 0.3611782572231279, 0.3611782572231279, 0.3611782572231279, 0.37812528273654894, 0.37812528273654894, 0.37812528273654894, 0.4055180488201583, 0.4055180488201583, 0.4055180488201583, 0.4394467465727551, 0.4394467465727551, 0.4394467465727551, 0.4484504641445063, 0.4484504641445063, 0.4484504641445063, 0.4628055256798417, 0.4628055256798417, 0.4628055256798417, 0.478458814036673, 0.478458814036673, 0.478458814036673, 0.5110873148769193, 0.5110873148769193, 0.5110873148769193, 0.5267156190845174, 0.5267156190845174, 0.5267156190845174, 0.5619516478502138, 0.5619516478502138, 0.5619516478502138, 0.606318862815721, 0.606318862815721, 0.606318862815721, 0.6206496565164289, 0.6206496565164289, 0.6206496565164289, 0.6689198671519366, 0.6689198671519366, 0.6689198671519366, 0.7185083687642752, 0.7185083687642752, 0.7185083687642752, 0.7863661652970853, 0.7863661652970853, 0.7863661652970853, 0.7902205967216621, 0.7902205967216621, 0.7902205967216621, 0.8174903629812081, 0.8174903629812081, 0.8174903629812081, 0.8827243862848132, 0.8827243862848132, 0.8827243862848132, 0.9204600614032485, 0.9204600614032485, 0.9204600614032485, 0.9348082376037921, 0.9348082376037921, 0.9348082376037921, 0.9804228983742963, 0.9804228983742963, 0.9804228983742963]",0.0002652176104815893,9.958768923113543e-06,0.003155751720765362,0.007461892083668901,0.00974324248925825,,,9243.171156479844,96.1414122866928,23.704499995801598,1.4815312497375999,21,"[0.04436548799276352, 0.07744094729423523, 0.11418365687131882, 0.1721256822347641, 0.2328747808933258, 0.2492196410894394, 0.29821205139160156, 0.3626849949359894, 0.39618438482284546, 0.45478111505508423, 0.4734596014022827, 0.5070769786834717, 0.5312365889549255, 0.5635519623756409, 0.6158719658851624, 0.6579610109329224, 0.6962839365005493, 0.7558621168136597, 0.798500657081604, 0.8161006569862366, 0.8570556044578552]",0.00027115100122816245,0.016466663330139547,1e-05,tolerance_polyline_fallback_pass,True,True,measured mean squared Euclidean error on the supplied normalized ordered reference points; not a continuous-curve or global-minimality guarantee,False,False,,,106,,764,28,21,21,81,False,False,False,True,True,36,9.95876892311353e-06,34,0,True,False,False,False,106,3,29,28,0,0.0,233.03880001185462
natural_earth_10m_coastline_42ae2a126f40_w000_42ae2a12,natural_earth_10m_coastline,natural_earth_10m_coastline:tile:lon-080.000:lat+20.000:size5deg,test,768,192,certified,39,"[0.05481804555428489, 0.05481804555428489, 0.05481804555428489, 0.15272409368710715, 0.15272409368710715, 0.15272409368710715, 0.22968402358848017, 0.22968402358848017, 0.22968402358848017, 0.30800885991170696, 0.30800885991170696, 0.30800885991170696, 0.3758482600564242, 0.3758482600564242, 0.3758482600564242, 0.467135075242131, 0.467135075242131, 0.467135075242131, 0.6407545009223032, 0.6407545009223032, 0.6407545009223032, 0.695580663070952, 0.695580663070952, 0.695580663070952, 0.720154808790886, 0.720154808790886, 0.720154808790886, 0.8402520826966277, 0.8402520826966277, 0.8402520826966277, 0.8825712763855228, 0.8825712763855228, 0.8825712763855228, 0.9295661800268402, 0.9295661800268402, 0.9295661800268402, 0.9687182586410061, 0.9687182586410061, 0.9687182586410061]",0.00017245561059165242,1.6593395860937106e-06,0.0012881535568765514,0.0031749316968752183,0.005102661756260023,,,14.447428288410938,3.800977280701759,23.704499995801598,1.4815312497375999,26,"[0.039851993322372437, 0.07592114061117172, 0.11046093702316284, 0.14926286041736603, 0.18847312033176422, 0.22393226623535156, 0.24304446578025818, 0.27881214022636414, 0.3243173062801361, 0.35107752680778503, 0.38704532384872437, 0.4160889983177185, 0.44688549637794495, 0.47831255197525024, 0.5094008445739746, 0.542669415473938, 0.5585070848464966, 0.5980299711227417, 0.6396418213844299, 0.6631045341491699, 0.6968662738800049, 0.7273662090301514, 0.7540454864501953, 0.782471239566803, 0.8011159896850586, 0.8527805209159851]",0.0002333245304917527,0.015274964173174112,1e-05,tolerance_polyline_fallback_pass,True,True,measured mean squared Euclidean error on the supplied normalized ordered reference points; not a continuous-curve or global-minimality guarantee,False,False,,,43,,764,28,26,26,13,False,False,False,True,True,15,1.659339586093707e-06,13,0,True,False,False,False,43,3,9,8,0,0.0,108.39740000665188
natural_earth_10m_coastline_11d5f82a4b48_w000_11d5f82a,natural_earth_10m_coastline,natural_earth_10m_coastline:tile:lon+135.000:lat-15.000:size5deg,test,768,192,certified,54,"[0.048313587902851486, 0.048313587902851486, 0.048313587902851486, 0.08224430509546289, 0.08224430509546289, 0.08224430509546289, 0.1318276669955153, 0.1318276669955153, 0.1318276669955153, 0.18275280230997537, 0.18275280230997537, 0.18275280230997537, 0.20882105404944945, 0.20882105404944945, 0.20882105404944945, 0.24130657554631577, 0.24130657554631577, 0.24130657554631577, 0.2635047072676633, 0.2635047072676633, 0.2635047072676633, 0.29051588367395986, 0.29051588367395986, 0.29051588367395986, 0.32968907099954936, 0.32968907099954936, 0.32968907099954936, 0.36622401027544454, 0.36622401027544454, 0.36622401027544454, 0.44439918605064344, 0.44439918605064344, 0.44439918605064344, 0.5018531891115957, 0.5018531891115957, 0.5018531891115957, 0.5736173137636066, 0.5736173137636066, 0.5736173137636066, 0.6946779334238984, 0.6946779334238984, 0.6946779334238984, 0.7534350652315182, 0.7534350652315182, 0.7534350652315182, 0.8226410208952786, 0.8226410208952786, 0.8226410208952786, 0.9242720106843679, 0.9242720106843679, 0.9242720106843679, 0.9712730049748526, 0.9712730049748526, 0.9712730049748526]",0.00020994368670105277,6.367126581755844e-06,0.0025233165837357475,0.006956632770991827,0.011095248450540236,,,186.22770777826636,13.6465273157044,23.704499995801598,1.4815312497375999,20,"[0.10821694880723953, 0.15178176760673523, 0.1907423585653305, 0.23516596853733063, 0.2981204092502594, 0.3293890655040741, 0.41550782322883606, 0.4744504392147064, 0.5470755100250244, 0.5813056230545044, 0.6111421585083008, 0.6425857543945312, 0.664093554019928, 0.6844275593757629, 0.773622453212738, 0.8175212144851685, 0.8310397267341614, 0.8415648341178894, 0.8625842928886414, 0.8999889492988586]",0.00020762012874432374,0.01440902941715103,1e-05,tolerance_polyline_fallback_pass,True,True,measured mean squared Euclidean error on the supplied normalized ordered reference points; not a continuous-curve or global-minimality guarantee,False,False,,,58,,764,28,20,20,34,False,False,False,True,True,20,6.367126581755822e-06,18,0,True,False,False,False,58,3,33,32,0,0.0,285.1737000164576
natural_earth_10m_coastline_0afb5dc719d8_w000_0afb5dc7,natural_earth_10m_coastline,natural_earth_10m_coastline:tile:lon-170.000:lat+65.000:size5deg,test,768,192,certified,23,"[0.04467885906514177, 0.05349235269097884, 0.08554837715672874, 0.11184535050693518, 0.17453331776589678, 0.18982452556036117, 0.22754013055960676, 0.2702830252566967, 0.3432384866649021, 0.38596033837145793, 0.41812133334788004, 0.4683897954805153, 0.5076924234246392, 0.5163944671252364, 0.5297036051179881, 0.5608285567602506, 0.6046588951251686, 0.6438135743358887, 0.6857631671674658, 0.7543839328222373, 0.8157791825716344, 0.8688742476055944, 0.9230390252659202]",5.5267708599392695e-05,7.609329811893343e-06,0.002758501370652794,0.005388288521758664,0.014409463675004593,,,84.03953980572318,9.167308209377667,23.704499995801598,1.4815312497375999,17,"[0.10707516223192215, 0.16930097341537476, 0.223832905292511, 0.2649632692337036, 0.3397851288318634, 0.3837118148803711, 0.4167777895927429, 0.46834051609039307, 0.5094709992408752, 0.5315641164779663, 0.5624319314956665, 0.6060476303100586, 0.645723819732666, 0.686062753200531, 0.7553389072418213, 0.8175212740898132, 0.8694756031036377]",5.9452670054630554e-05,0.007710555755237786,1e-05,adaptive_insertion_pass,True,True,measured mean squared Euclidean error on the supplied normalized ordered reference points; not a continuous-curve or global-minimality guarantee,False,False,,True,27,27,764,28,17,17,6,False,False,False,False,False,,,0,0,False,False,False,False,27,1,25,24,0,0.0,168.7783000525087
natural_earth_10m_coastline_45a1e2c37fc2_w000_45a1e2c3,natural_earth_10m_coastline,natural_earth_10m_coastline:tile:lon-080.000:lat+20.000:size5deg,test,768,192,certified,33,"[0.08613017192414325, 0.08613017192414325, 0.08613017192414325, 0.1709464098020405, 0.1709464098020405, 0.1709464098020405, 0.2531435872501952, 0.2531435872501952, 0.2531435872501952, 0.34185056992623064, 0.34185056992623064, 0.34185056992623064, 0.3834176420860209, 0.3834176420860209, 0.3834176420860209, 0.4577212722617058, 0.4577212722617058, 0.4577212722617058, 0.532112251624198, 0.532112251624198, 0.532112251624198, 0.6609635565148805, 0.6609635565148805, 0.6609635565148805, 0.7118025421172516, 0.7118025421172516, 0.7118025421172516, 0.8031598895566422, 0.8031598895566422, 0.8031598895566422, 0.8590486680332444, 0.8590486680332444, 0.8590486680332444]",0.00023927778365060551,7.763129713631292e-07,0.0008810862451333179,0.002003075156881054,0.003903842187576965,,,11.35364976604293,3.3695177349352132,23.704499995801598,1.4815312497375999,19,"[0.04761234298348427, 0.08223027735948563, 0.11622869223356247, 0.15599972009658813, 0.22357243299484253, 0.29824575781822205, 0.3763132393360138, 0.4619047939777374, 0.5094343423843384, 0.5712933540344238, 0.6089999675750732, 0.6683059930801392, 0.7298668026924133, 0.746532142162323, 0.7871745228767395, 0.8179023265838623, 0.8467428088188171, 0.8851108551025391, 0.9195743203163147]",0.00024007194334338421,0.015494255172268986,1e-05,tolerance_polyline_fallback_pass,True,True,measured mean squared Euclidean error on the supplied normalized ordered reference points; not a continuous-curve or global-minimality guarantee,False,False,,,37,,764,28,19,19,14,False,False,False,True,True,13,7.76312971363127e-07,11,0,True,False,False,False,37,3,37,36,0,4.163336342344337e-17,481.54010000871494
natural_earth_10m_coastline_0fa340655c2b_w000_0fa34065,natural_earth_10m_coastline,natural_earth_10m_coastline:tile:lon+160.000:lat-20.000:size5deg,test,768,192,certified,33,"[0.03636035289736898, 0.03636035289736898, 0.03636035289736898, 0.08199704103298455, 0.08199704103298455, 0.08199704103298455, 0.13025558388521713, 0.13025558388521713, 0.13025558388521713, 0.2646166651863638, 0.2646166651863638, 0.2646166651863638, 0.35201306215745204, 0.35201306215745204, 0.35201306215745204, 0.4667973516749027, 0.4667973516749027, 0.4667973516749027, 0.5566406076824273, 0.5566406076824273, 0.5566406076824273, 0.7417984007039901, 0.7417984007039901, 0.7417984007039901, 0.8017974255788225, 0.8017974255788225, 0.8017974255788225, 0.910063443545207, 0.910063443545207, 0.910063443545207, 0.9517343685839007, 0.9517343685839007, 0.9517343685839007]",0.00030989833653658627,6.564261545131316e-06,0.002562081486824983,0.006998055014701192,0.012907208395939954,,,598.2095608558366,24.458322936289736,23.704499995801598,1.4815312497375999,11,"[0.24284780025482178, 0.3152123689651489, 0.3816187381744385, 0.4954913854598999, 0.524645209312439, 0.6221733689308167, 0.6966540813446045, 0.7604692578315735, 0.7927670478820801, 0.827840268611908, 0.8627961277961731]",0.0003127948238683472,0.017686006442053197,1e-05,tolerance_polyline_fallback_pass,True,True,measured mean squared Euclidean error on the supplied normalized ordered reference points; not a continuous-curve or global-minimality guarantee,False,False,,,37,,764,28,11,11,22,False,False,False,True,True,13,6.564261545131303e-06,11,0,True,False,False,False,37,3,69,68,0,0.0,436.5480000269599
natural_earth_10m_coastline_89cf54acdc77_w000_89cf54ac,natural_earth_10m_coastline,natural_earth_10m_coastline:tile:lon-005.000:lat+55.000:size5deg,test,768,192,certified,114,"[0.018310238326395945, 0.018310238326395945, 0.018310238326395945, 0.04560684491284015, 0.04560684491284015, 0.04560684491284015, 0.06260674016560067, 0.06260674016560067, 0.06260674016560067, 0.08483668375852613, 0.08483668375852613, 0.08483668375852613, 0.13715070415516492, 0.13715070415516492, 0.13715070415516492, 0.16066235307125512, 0.16066235307125512, 0.16066235307125512, 0.16838141429482267, 0.16838141429482267, 0.16838141429482267, 0.17622865887891595, 0.17622865887891595, 0.17622865887891595, 0.1953286233207498, 0.1953286233207498, 0.1953286233207498, 0.21494673427509, 0.21494673427509, 0.21494673427509, 0.24620599317200179, 0.24620599317200179, 0.24620599317200179, 0.2601993970446413, 0.2601993970446413, 0.2601993970446413, 0.28635687740079746, 0.28635687740079746, 0.28635687740079746, 0.3177192688157299, 0.3177192688157299, 0.3177192688157299, 0.3856809863919336, 0.3856809863919336, 0.3856809863919336, 0.41183371776291605, 0.41183371776291605, 0.41183371776291605, 0.4419146971465345, 0.4419146971465345, 0.4419146971465345, 0.48093205470813927, 0.48093205470813927, 0.48093205470813927, 0.49660533077416685, 0.49660533077416685, 0.49660533077416685, 0.5162234399641239, 0.5162234399641239, 0.5162234399641239, 0.5279679930738354, 0.5279679930738354, 0.5279679930738354, 0.5436391938174285, 0.5436391938174285, 0.5436391938174285, 0.5645272718562144, 0.5645272718562144, 0.5645272718562144, 0.5788610464008548, 0.5788610464008548, 0.5788610464008548, 0.6441749155956543, 0.6441749155956543, 0.6441749155956543, 0.6598625133619342, 0.6598625133619342, 0.6598625133619342, 0.7396428298910265, 0.7396428298910265, 0.7396428298910265, 0.7525599372388994, 0.7525599372388994, 0.7525599372388994, 0.7795881730215142, 0.7795881730215142, 0.7795881730215142, 0.8057365917156566, 0.8057365917156566, 0.8057365917156566, 0.8239942715778369, 0.8239942715778369, 0.8239942715778369, 0.8315917110367205, 0.8315917110367205, 0.8315917110367205, 0.8405883581049151, 0.8405883581049151, 0.8405883581049151, 0.8627969579314084, 0.8627969579314084, 0.8627969579314084, 0.881107192898769, 0.881107192898769, 0.881107192898769, 0.9307437697420864, 0.9307437697420864, 0.9307437697420864, 0.9476954516363887, 0.9476954516363887, 0.9476954516363887, 0.9790844287777839, 0.9790844287777839, 0.9790844287777839]",0.0010962240761809314,8.782516512309675e-06,0.002963531088466877,0.006680920593773797,0.016937167345449176,,,626.08116281749,25.021613913124988,23.704499995801598,1.4815312497375999,18,"[0.1043553575873375, 0.20038147270679474, 0.24461688101291656, 0.29099011421203613, 0.31761491298675537, 0.379988431930542, 0.45833566784858704, 0.49753597378730774, 0.5254271030426025, 0.550582766532898, 0.5971836447715759, 0.6626240611076355, 0.6876888275146484, 0.754692554473877, 0.8017972111701965, 0.8282066583633423, 0.8586317300796509, 0.8985063433647156]",0.0011244020962374922,0.03353210545488446,1e-05,tolerance_polyline_fallback_pass,True,True,measured mean squared Euclidean error on the supplied normalized ordered reference points; not a continuous-curve or global-minimality guarantee,False,False,,,118,,764,28,18,18,96,False,False,False,True,True,40,8.782516512309672e-06,40,2,True,False,False,False,118,3,41,40,0,0.0,396.0812999866903
natural_earth_10m_coastline_a03a74fc862d_w000_a03a74fc,natural_earth_10m_coastline,natural_earth_10m_coastline:tile:lon-020.000:lat+30.000:size5deg,test,768,192,certified,27,"[0.033910447976440335, 0.033910447976440335, 0.033910447976440335, 0.06912201801148107, 0.06912201801148107, 0.06912201801148107, 0.10304625777932788, 0.10304625777932788, 0.10304625777932788, 0.31569906297013994, 0.31569906297013994, 0.31569906297013994, 0.4875207239916789, 0.4875207239916789, 0.4875207239916789, 0.6179985582882992, 0.6179985582882992, 0.6179985582882992, 0.7534063878535837, 0.7534063878535837, 0.7534063878535837, 0.8121214105663594, 0.8121214105663594, 0.8121214105663594, 0.9230226713870961, 0.9230226713870961, 0.9230226713870961]",8.131924815482893e-05,2.6162576120938904e-06,0.0016174849650286986,0.004155595864871912,0.005315173417512067,,,3.335414469298851,1.8263117119754915,38.10860001249239,2.3817875007807743,19,"[0.08238174766302109, 0.12118713557720184, 0.15963596105575562, 0.1967712938785553, 0.23258964717388153, 0.27281713485717773, 0.3092857897281647, 0.33247819542884827, 0.38190338015556335, 0.42551398277282715, 0.45553866028785706, 0.5146588087081909, 0.6153298616409302, 0.7163872718811035, 0.750687301158905, 0.7867587804794312, 0.8296142816543579, 0.8710806965827942, 0.9157907962799072]",8.312957460164121e-05,0.009117542135994833,1e-05,tolerance_polyline_fallback_pass,True,True,measured mean squared Euclidean error on the supplied normalized ordered reference points; not a continuous-curve or global-minimality guarantee,False,False,,,31,,764,28,19,19,8,False,False,False,True,True,11,2.6162576120938786e-06,9,0,False,False,False,False,31,3,37,36,0,0.0,300.91089999768883
natural_earth_10m_coastline_9be4d3e5c586_w000_9be4d3e5,natural_earth_10m_coastline,natural_earth_10m_coastline:tile:lon+105.000:lat+20.000:size5deg,test,768,192,certified,90,"[0.031349796498426404, 0.031349796498426404, 0.031349796498426404, 0.06923609381021022, 0.06923609381021022, 0.06923609381021022, 0.15283709399902198, 0.15283709399902198, 0.15283709399902198, 0.19333764007459953, 0.19333764007459953, 0.19333764007459953, 0.20233257208833522, 0.20233257208833522, 0.20233257208833522, 0.2165056532350118, 0.2165056532350118, 0.2165056532350118, 0.2398326326309339, 0.2398326326309339, 0.2398326326309339, 0.2515292798903606, 0.2515292798903606, 0.2515292798903606, 0.26303692198099354, 0.26303692198099354, 0.26303692198099354, 0.31660079591963286, 0.31660079591963286, 0.31660079591963286, 0.33488529926369626, 0.33488529926369626, 0.33488529926369626, 0.35052191902219376, 0.35052191902219376, 0.35052191902219376, 0.3596455902931441, 0.3596455902931441, 0.3596455902931441, 0.37138413859960834, 0.37138413859960834, 0.37138413859960834, 0.3883610860187582, 0.3883610860187582, 0.3883610860187582, 0.43408750479970304, 0.43408750479970304, 0.43408750479970304, 0.4601861766683774, 0.4601861766683774, 0.4601861766683774, 0.49151551678792094, 0.49151551678792094, 0.49151551678792094, 0.5057974708624807, 0.5057974708624807, 0.5057974708624807, 0.5972143121627758, 0.5972143121627758, 0.5972143121627758, 0.6023237567489849, 0.6023237567489849, 0.6023237567489849, 0.6191833821646147, 0.6191833821646147, 0.6191833821646147, 0.6400639937221059, 0.6400639937221059, 0.6400639937221059, 0.691010693748445, 0.691010693748445, 0.691010693748445, 0.7145181938440561, 0.7145181938440561, 0.7145181938440561, 0.7442564132216835, 0.7442564132216835, 0.7442564132216835, 0.7808361777432615, 0.7808361777432615, 0.7808361777432615, 0.8526801008031243, 0.8526801008031243, 0.8526801008031243, 0.9180012747004763, 0.9180012747004763, 0.9180012747004763, 0.9741739637630707, 0.9741739637630707, 0.9741739637630707]",0.0007040741970122695,8.762326882064914e-06,0.0029601227815860805,0.006990820431523293,0.011577462820782492,,,2253.622414306572,47.47233314580791,38.10860001249239,2.3817875007807743,13,"[0.07619825750589371, 0.1343178153038025, 0.2736034393310547, 0.3922043442726135, 0.43002980947494507, 0.5262009501457214, 0.5627151131629944, 0.6274651288986206, 0.651204526424408, 0.7380501627922058, 0.8109762072563171, 0.86611008644104, 0.9044557213783264]",0.0007029371686173913,0.026512962275411462,1e-05,tolerance_polyline_fallback_pass,True,True,measured mean squared Euclidean error on the supplied normalized ordered reference points; not a continuous-curve or global-minimality guarantee,False,False,,,94,,764,28,13,13,77,False,False,False,True,True,32,8.762326882064919e-06,32,2,True,False,False,False,94,3,61,60,0,0.0,426.83329997817054
natural_earth_10m_coastline_3243ea76a286_w000_3243ea76,natural_earth_10m_coastline,natural_earth_10m_coastline:tile:lon-010.000:lat+55.000:size5deg,test,768,192,certified,72,"[0.036571161500708466, 0.036571161500708466, 0.036571161500708466, 0.058784477584530384, 0.058784477584530384, 0.058784477584530384, 0.09129478211810303, 0.09129478211810303, 0.09129478211810303, 0.11481476007827277, 0.11481476007827277, 0.11481476007827277, 0.1800190376292262, 0.1800190376292262, 0.1800190376292262, 0.2048456787738657, 0.2048456787738657, 0.2048456787738657, 0.24129358975132434, 0.24129358975132434, 0.24129358975132434, 0.2987840197377056, 0.2987840197377056, 0.2987840197377056, 0.36538653279346955, 0.36538653279346955, 0.36538653279346955, 0.4424709654497343, 0.4424709654497343, 0.4424709654497343, 0.5104141201327123, 0.5104141201327123, 0.5104141201327123, 0.5430807478647611, 0.5430807478647611, 0.5430807478647611, 0.567849759977183, 0.567849759977183, 0.567849759977183, 0.588738374080228, 0.588738374080228, 0.588738374080228, 0.6219228525271444, 0.6219228525271444, 0.6219228525271444, 0.6388672240658624, 0.6388672240658624, 0.6388672240658624, 0.6673619730500161, 0.6673619730500161, 0.6673619730500161, 0.6790409435759555, 0.6790409435759555, 0.6790409435759555, 0.6973342507452708, 0.6973342507452708, 0.6973342507452708, 0.7482364036354429, 0.7482364036354429, 0.7482364036354429, 0.7625853229406628, 0.7625853229406628, 0.7625853229406628, 0.7962423211555774, 0.7962423211555774, 0.7962423211555774, 0.8223147009070825, 0.8223147009070825, 0.8223147009070825, 0.8601868323178107, 0.8601868323178107, 0.8601868323178107]",0.00022654539930409343,8.015847669010394e-06,0.0028312272372613247,0.0069884064934680485,0.012215384544111793,,,912.2715603895125,30.20383353797184,38.10860001249239,2.3817875007807743,19,"[0.13429780304431915, 0.19632881879806519, 0.21307434141635895, 0.2630700170993805, 0.313866525888443, 0.34546568989753723, 0.3680753707885742, 0.38991066813468933, 0.44402649998664856, 0.46848732233047485, 0.5367488861083984, 0.5602962970733643, 0.5860409736633301, 0.6403382420539856, 0.6815764904022217, 0.7221380472183228, 0.7720831036567688, 0.8263305425643921, 0.8697736263275146]",0.0002376114858189132,0.015414651660641352,1e-05,tolerance_polyline_fallback_pass,True,True,measured mean squared Euclidean error on the supplied normalized ordered reference points; not a continuous-curve or global-minimality guarantee,False,False,,,76,,764,28,19,19,53,False,False,False,True,True,26,8.015847669010395e-06,25,1,True,False,False,False,76,3,37,36,0,0.0,265.58189996285364
natural_earth_10m_coastline_3fe4379d1952_w000_3fe4379d,natural_earth_10m_coastline,natural_earth_10m_coastline:tile:lon+095.000:lat+05.000:size5deg,test,768,192,certified,78,"[0.026148464719477228, 0.026148464719477228, 0.026148464719477228, 0.08633856997560552, 0.08633856997560552, 0.08633856997560552, 0.11641384129904919, 0.11641384129904919, 0.11641384129904919, 0.13437382445549276, 0.13437382445549276, 0.13437382445549276, 0.16552019757352876, 0.16552019757352876, 0.16552019757352876, 0.17988817235731064, 0.17988817235731064, 0.17988817235731064, 0.19821093065934078, 0.19821093065934078, 0.19821093065934078, 0.21252650849915516, 0.21252650849915516, 0.21252650849915516, 0.24779884455834167, 0.24779884455834167, 0.24779884455834167, 0.2580631055170347, 0.2580631055170347, 0.2580631055170347, 0.28277654872756103, 0.28277654872756103, 0.28277654872756103, 0.318110313022214, 0.318110313022214, 0.318110313022214, 0.34951396769409554, 0.34951396769409554, 0.34951396769409554, 0.45135201897727434, 0.45135201897727434, 0.45135201897727434, 0.5232313829770571, 0.5232313829770571, 0.5232313829770571, 0.5583600851292252, 0.5583600851292252, 0.5583600851292252, 0.585818966905171, 0.585818966905171, 0.585818966905171, 0.6145910529737778, 0.6145910529737778, 0.6145910529737778, 0.6486190329051595, 0.6486190329051595, 0.6486190329051595, 0.6703230757792236, 0.6703230757792236, 0.6703230757792236, 0.729215939384057, 0.729215939384057, 0.729215939384057, 0.7985792802022146, 0.7985792802022146, 0.7985792802022146, 0.8639859083001641, 0.8639859083001641, 0.8639859083001641, 0.9215097094863481, 0.9215097094863481, 0.9215097094863481, 0.9489802461293235, 0.9489802461293235, 0.9489802461293235, 0.9777731463751249, 0.9777731463751249, 0.9777731463751249]",0.0018186364438767743,7.685528480955175e-06,0.002772278572033333,0.005964219564073102,0.017683963665039285,,,428.13237907497063,20.691360010278945,38.10860001249239,2.3817875007807743,10,"[0.14624004065990448, 0.21632573008537292, 0.36386197805404663, 0.4484832286834717, 0.528026819229126, 0.585079550743103, 0.6647397875785828, 0.7312350869178772, 0.7820259928703308, 0.8255829811096191]",0.0019192855519301153,0.04380965135595255,1e-05,tolerance_polyline_fallback_pass,True,True,measured mean squared Euclidean error on the supplied normalized ordered reference points; not a continuous-curve or global-minimality guarantee,False,False,,,82,,764,28,10,10,68,False,False,False,True,True,28,7.685528480955158e-06,26,0,True,False,False,False,82,3,73,72,0,0.0,463.0018000025302
natural_earth_10m_coastline_8ec630d2ee27_w000_8ec630d2,natural_earth_10m_coastline,natural_earth_10m_coastline:tile:lon+020.000:lat+70.000:size5deg,test,768,192,certified,21,"[0.0803547296774016, 0.12296166948755835, 0.16465519795412323, 0.18231606117153443, 0.21150603682557081, 0.22299980730098803, 0.2757643125991604, 0.3918975206590892, 0.451050371572828, 0.4800362488769798, 0.5149499294717729, 0.5422851650421572, 0.578814591100922, 0.6530806044271724, 0.6832414016605837, 0.6843605144138928, 0.6992888320778415, 0.7325531229349497, 0.762714308299941, 0.7969494221559824, 0.8751795820516938]",0.00017885304477309442,9.852542550207142e-06,0.003138876001088151,0.0063106880884958895,0.011153224253543781,,,219.5563364996065,14.81743353282229,38.10860001249239,2.3817875007807743,12,"[0.22380396723747253, 0.2758381962776184, 0.3947608768939972, 0.4833599030971527, 0.5451816916465759, 0.5823944807052612, 0.6560510396957397, 0.7003331184387207, 0.7343361973762512, 0.7616981267929077, 0.7957697510719299, 0.871920645236969]",0.00017516134004446108,0.013234853230937663,1e-05,adaptive_insertion_pass,True,True,measured mean squared Euclidean error on the supplied normalized ordered reference points; not a continuous-curve or global-minimality guarantee,False,False,,True,25,25,764,28,12,12,9,False,False,False,False,False,,,0,0,False,False,False,False,25,1,37,36,0,0.0,172.02019999967888
natural_earth_10m_coastline_aad2d7526620_w000_aad2d752,natural_earth_10m_coastline,natural_earth_10m_coastline:tile:lon+175.000:lat-20.000:size5deg,test,768,192,certified,39,"[0.0874582836472154, 0.0874582836472154, 0.0874582836472154, 0.12267409058895766, 0.12267409058895766, 0.12267409058895766, 0.1473801565723648, 0.1473801565723648, 0.1473801565723648, 0.22034969830566764, 0.22034969830566764, 0.22034969830566764, 0.2451040736581966, 0.2451040736581966, 0.2451040736581966, 0.2907920037186103, 0.2907920037186103, 0.2907920037186103, 0.34823013901661204, 0.34823013901661204, 0.34823013901661204, 0.4095504204094782, 0.4095504204094782, 0.4095504204094782, 0.47351747135611694, 0.47351747135611694, 0.47351747135611694, 0.5784549358602669, 0.5784549358602669, 0.5784549358602669, 0.6646005451121901, 0.6646005451121901, 0.6646005451121901, 0.7402731088379797, 0.7402731088379797, 0.7402731088379797, 0.8315969733912404, 0.8315969733912404, 0.8315969733912404]",0.0001887982096587627,5.114849844638449e-07,0.0007151817842086339,0.0017476538346039936,0.002325547486699556,,,11.26145359664237,3.3558089332741177,38.10860001249239,2.3817875007807743,11,"[0.12828826904296875, 0.20081372559070587, 0.2563167214393616, 0.3127192556858063, 0.3315054178237915, 0.4017287492752075, 0.48571497201919556, 0.5380560755729675, 0.5935224294662476, 0.6537835001945496, 0.7699471116065979]",0.0002023144084525013,0.01422372695366799,1e-05,tolerance_polyline_fallback_pass,True,True,measured mean squared Euclidean error on the supplied normalized ordered reference points; not a continuous-curve or global-minimality guarantee,False,False,,,43,,764,28,11,11,28,False,False,False,True,True,15,5.114849844638477e-07,13,0,True,False,False,False,43,3,69,68,0,1.1102230246251565e-16,394.8429999873042
natural_earth_10m_coastline_1358445e349c_w005_d3971988,natural_earth_10m_coastline,natural_earth_10m_coastline:tile:lon+020.000:lat+65.000:size5deg,test,768,192,certified,786,"[0.0019987130965708894, 0.0019987130965708894, 0.0019987130965708894, 0.004930841806219469, 0.004930841806219469, 0.004930841806219469, 0.0120131506697648, 0.0120131506697648, 0.0120131506697648, 0.013348458921964438, 0.013348458921964438, 0.013348458921964438, 0.019792474037303404, 0.019792474037303404, 0.019792474037303404, 0.02526902865808389, 0.02526902865808389, 0.02526902865808389, 0.029707599139046078, 0.029707599139046078, 0.029707599139046078, 0.03412660554331622, 0.03412660554331622, 0.03412660554331622, 0.03553153952035706, 0.03553153952035706, 0.03553153952035706, 0.03838514842985837, 0.03838514842985837, 0.03838514842985837, 0.03967860447340229, 0.03967860447340229, 0.03967860447340229, 0.04301307301135998, 0.04301307301135998, 0.04301307301135998, 0.04687664528687777, 0.04687664528687777, 0.04687664528687777, 0.051280442140766214, 0.051280442140766214, 0.051280442140766214, 0.05436593329802001, 0.05436593329802001, 0.05436593329802001, 0.055335288840069934, 0.055335288840069934, 0.055335288840069934, 0.060413598707395384, 0.060413598707395384, 0.060413598707395384, 0.06415504890050394, 0.06415504890050394, 0.06415504890050394, 0.06743037894214517, 0.06743037894214517, 0.06743037894214517, 0.07015148325869318, 0.07015148325869318, 0.07015148325869318, 0.07534894177669646, 0.07534894177669646, 0.07534894177669646, 0.08128736384599662, 0.08128736384599662, 0.08128736384599662, 0.08358374997879822, 0.08358374997879822, 0.08358374997879822, 0.08459657806401469, 0.08459657806401469, 0.08459657806401469, 0.08844642660418814, 0.08844642660418814, 0.08844642660418814, 0.09030425918296056, 0.09030425918296056, 0.09030425918296056, 0.0927295045556866, 0.0927295045556866, 0.0927295045556866, 0.09454173452510889, 0.09454173452510889, 0.09454173452510889, 0.09888240282140996, 0.09888240282140996, 0.09888240282140996, 0.10163815137955176, 0.10163815137955176, 0.10163815137955176, 0.10384098567265412, 0.10384098567265412, 0.10384098567265412, 0.10677754557131666, 0.10677754557131666, 0.10677754557131666, 0.10806791756187979, 0.10806791756187979, 0.10806791756187979, 0.11330466876073476, 0.11330466876073476, 0.11330466876073476, 0.11534472475414699, 0.11534472475414699, 0.11534472475414699, 0.11967292127680353, 0.11967292127680353, 0.11967292127680353, 0.12170406141967713, 0.12170406141967713, 0.12170406141967713, 0.12568966166698078, 0.12568966166698078, 0.12568966166698078, 0.12765532291352402, 0.12765532291352402, 0.12765532291352402, 0.1288004927014069, 0.1288004927014069, 0.1288004927014069, 0.1312488565728657, 0.1312488565728657, 0.1312488565728657, 0.13395228936804268, 0.13395228936804268, 0.13395228936804268, 0.1372809034482285, 0.1372809034482285, 0.1372809034482285, 0.13874451022254627, 0.13874451022254627, 0.13874451022254627, 0.1430289207951927, 0.1430289207951927, 0.1430289207951927, 0.14426466041183852, 0.14426466041183852, 0.14426466041183852, 0.14683202466937645, 0.14683202466937645, 0.14683202466937645, 0.14952056861199586, 0.14952056861199586, 0.14952056861199586, 0.15068567408689126, 0.15068567408689126, 0.15068567408689126, 0.15198649425000757, 0.15198649425000757, 0.15198649425000757, 0.15576998702643316, 0.15576998702643316, 0.15576998702643316, 0.16049875168465977, 0.16049875168465977, 0.16049875168465977, 0.16402915437175894, 0.16402915437175894, 0.16402915437175894, 0.16841896993803393, 0.16841896993803393, 0.16841896993803393, 0.1741913111799535, 0.1741913111799535, 0.1741913111799535, 0.1786591797997262, 0.1786591797997262, 0.1786591797997262, 0.18242536935303943, 0.18242536935303943, 0.18242536935303943, 0.18668015667160065, 0.18668015667160065, 0.18668015667160065, 0.19129795876360015, 0.19129795876360015, 0.19129795876360015, 0.1948852934838353, 0.1948852934838353, 0.1948852934838353, 0.19750164967884493, 0.19750164967884493, 0.19750164967884493, 0.20093253531795732, 0.20093253531795732, 0.20093253531795732, 0.2023905155975592, 0.2023905155975592, 0.2023905155975592, 0.20565481599665014, 0.20565481599665014, 0.20565481599665014, 0.20842474653233503, 0.20842474653233503, 0.20842474653233503, 0.2111430275184219, 0.2111430275184219, 0.2111430275184219, 0.21233083308510786, 0.21233083308510786, 0.21233083308510786, 0.21527328707632168, 0.21527328707632168, 0.21527328707632168, 0.21638437037560931, 0.21638437037560931, 0.21638437037560931, 0.21790945599886208, 0.21790945599886208, 0.21790945599886208, 0.21977901057505786, 0.21977901057505786, 0.21977901057505786, 0.22347681241143935, 0.22347681241143935, 0.22347681241143935, 0.22605358614841134, 0.22605358614841134, 0.22605358614841134, 0.22898255410134774, 0.22898255410134774, 0.22898255410134774, 0.2302309789664648, 0.2302309789664648, 0.2302309789664648, 0.23558856899552388, 0.23558856899552388, 0.23558856899552388, 0.24056971431755664, 0.24056971431755664, 0.24056971431755664, 0.24500377257189593, 0.24500377257189593, 0.24500377257189593, 0.25076245059292995, 0.25076245059292995, 0.25076245059292995, 0.2567484666769963, 0.2567484666769963, 0.2567484666769963, 0.26002884420323963, 0.26002884420323963, 0.26002884420323963, 0.26304247479599313, 0.26304247479599313, 0.26304247479599313, 0.27051822981391094, 0.27051822981391094, 0.27051822981391094, 0.27313183941163804, 0.27313183941163804, 0.27313183941163804, 0.276144187268083, 0.276144187268083, 0.276144187268083, 0.2789816710630884, 0.2789816710630884, 0.2789816710630884, 0.28323201972785156, 0.28323201972785156, 0.28323201972785156, 0.2859669596432476, 0.2859669596432476, 0.2859669596432476, 0.2919116568164118, 0.2919116568164118, 0.2919116568164118, 0.2964287075236869, 0.2964287075236869, 0.2964287075236869, 0.29890336689487457, 0.29890336689487457, 0.29890336689487457, 0.30586454577378547, 0.30586454577378547, 0.30586454577378547, 0.30777896673361554, 0.30777896673361554, 0.30777896673361554, 0.3148952419732301, 0.3148952419732301, 0.3148952419732301, 0.3176587211689503, 0.3176587211689503, 0.3176587211689503, 0.3200204530885997, 0.3200204530885997, 0.3200204530885997, 0.32294542116930325, 0.32294542116930325, 0.32294542116930325, 0.3286643192299693, 0.3286643192299693, 0.3286643192299693, 0.3314605480263108, 0.3314605480263108, 0.3314605480263108, 0.33371968714404865, 0.33371968714404865, 0.33371968714404865, 0.33523185305983816, 0.33523185305983816, 0.33523185305983816, 0.34055551293269537, 0.34055551293269537, 0.34055551293269537, 0.3463456873984621, 0.3463456873984621, 0.3463456873984621, 0.3489932194808546, 0.3489932194808546, 0.3489932194808546, 0.3537702845081021, 0.3537702845081021, 0.3537702845081021, 0.35812380866533083, 0.35812380866533083, 0.35812380866533083, 0.3631525253750326, 0.3631525253750326, 0.3631525253750326, 0.365623636691911, 0.365623636691911, 0.365623636691911, 0.36864495467758174, 0.36864495467758174, 0.36864495467758174, 0.37627884018476493, 0.37627884018476493, 0.37627884018476493, 0.3823341834482204, 0.3823341834482204, 0.3823341834482204, 0.38720857714102336, 0.38720857714102336, 0.38720857714102336, 0.3944432834966646, 0.3944432834966646, 0.3944432834966646, 0.3996043988635464, 0.3996043988635464, 0.3996043988635464, 0.40405591383513634, 0.40405591383513634, 0.40405591383513634, 0.4080355143901069, 0.4080355143901069, 0.4080355143901069, 0.4116012439402211, 0.4116012439402211, 0.4116012439402211, 0.4130046189220289, 0.4130046189220289, 0.4130046189220289, 0.41722018375250675, 0.41722018375250675, 0.41722018375250675, 0.42614984193016414, 0.42614984193016414, 0.42614984193016414, 0.42875897772633803, 0.42875897772633803, 0.42875897772633803, 0.4329852819729234, 0.4329852819729234, 0.4329852819729234, 0.43842540156240484, 0.43842540156240484, 0.43842540156240484, 0.44284235733171073, 0.44284235733171073, 0.44284235733171073, 0.4442526099314157, 0.4442526099314157, 0.4442526099314157, 0.4468109047550615, 0.4468109047550615, 0.4468109047550615, 0.45171835751834016, 0.45171835751834016, 0.45171835751834016, 0.45565312688791737, 0.45565312688791737, 0.45565312688791737, 0.4600106217254252, 0.4600106217254252, 0.4600106217254252, 0.46446558162247303, 0.46446558162247303, 0.46446558162247303, 0.46759368444648036, 0.46759368444648036, 0.46759368444648036, 0.4711846579589067, 0.4711846579589067, 0.4711846579589067, 0.47269095830655206, 0.47269095830655206, 0.47269095830655206, 0.4799267177541152, 0.4799267177541152, 0.4799267177541152, 0.48583664566002954, 0.48583664566002954, 0.48583664566002954, 0.5000582188794033, 0.5000582188794033, 0.5000582188794033, 0.5030139141314849, 0.5030139141314849, 0.5030139141314849, 0.5074755463147653, 0.5074755463147653, 0.5074755463147653, 0.511581227191302, 0.511581227191302, 0.511581227191302, 0.5153566012395837, 0.5153566012395837, 0.5153566012395837, 0.519753702456652, 0.519753702456652, 0.519753702456652, 0.5218114222837112, 0.5218114222837112, 0.5218114222837112, 0.5238466833577231, 0.5238466833577231, 0.5238466833577231, 0.5292294057183231, 0.5292294057183231, 0.5292294057183231, 0.531352129507049, 0.531352129507049, 0.531352129507049, 0.5343675818114982, 0.5343675818114982, 0.5343675818114982, 0.5353537006975149, 0.5353537006975149, 0.5353537006975149, 0.5473611130848582, 0.5473611130848582, 0.5473611130848582, 0.5602638622134665, 0.5602638622134665, 0.5602638622134665, 0.5661943676324772, 0.5661943676324772, 0.5661943676324772, 0.5722303502744251, 0.5722303502744251, 0.5722303502744251, 0.5770288959967228, 0.5770288959967228, 0.5770288959967228, 0.5829872144529985, 0.5829872144529985, 0.5829872144529985, 0.5874245850862608, 0.5874245850862608, 0.5874245850862608, 0.5903234826552041, 0.5903234826552041, 0.5903234826552041, 0.5974784159358649, 0.5974784159358649, 0.5974784159358649, 0.6012522614161397, 0.6012522614161397, 0.6012522614161397, 0.6036536169883292, 0.6036536169883292, 0.6036536169883292, 0.6048682470055529, 0.6048682470055529, 0.6048682470055529, 0.6075472544586846, 0.6075472544586846, 0.6075472544586846, 0.6095012327637068, 0.6095012327637068, 0.6095012327637068, 0.6124888141954952, 0.6124888141954952, 0.6124888141954952, 0.6137702575552422, 0.6137702575552422, 0.6137702575552422, 0.6166380108067617, 0.6166380108067617, 0.6166380108067617, 0.6195343784896863, 0.6195343784896863, 0.6195343784896863, 0.6327976634915725, 0.6327976634915725, 0.6327976634915725, 0.6367788778942076, 0.6367788778942076, 0.6367788778942076, 0.6378200132061098, 0.6378200132061098, 0.6378200132061098, 0.6422081935611069, 0.6422081935611069, 0.6422081935611069, 0.643444041338794, 0.643444041338794, 0.643444041338794, 0.6448841763533368, 0.6448841763533368, 0.6448841763533368, 0.6474863584151902, 0.6474863584151902, 0.6474863584151902, 0.6507400713903764, 0.6507400713903764, 0.6507400713903764, 0.6549034307426267, 0.6549034307426267, 0.6549034307426267, 0.6595880406601043, 0.6595880406601043, 0.6595880406601043, 0.6625191799818921, 0.6625191799818921, 0.6625191799818921, 0.6654381285661648, 0.6654381285661648, 0.6654381285661648, 0.6669395542931181, 0.6669395542931181, 0.6669395542931181, 0.6695657514681279, 0.6695657514681279, 0.6695657514681279, 0.6722719134926087, 0.6722719134926087, 0.6722719134926087, 0.6737569571644219, 0.6737569571644219, 0.6737569571644219, 0.6772603554636731, 0.6772603554636731, 0.6772603554636731, 0.6838732010294867, 0.6838732010294867, 0.6838732010294867, 0.6877108629766259, 0.6877108629766259, 0.6877108629766259, 0.6904073894153524, 0.6904073894153524, 0.6904073894153524, 0.6941035579990122, 0.6941035579990122, 0.6941035579990122, 0.6972564105597092, 0.6972564105597092, 0.6972564105597092, 0.702322536876349, 0.702322536876349, 0.702322536876349, 0.7052442756011991, 0.7052442756011991, 0.7052442756011991, 0.7079807232565674, 0.7079807232565674, 0.7079807232565674, 0.7108513631400929, 0.7108513631400929, 0.7108513631400929, 0.7176196168992206, 0.7176196168992206, 0.7176196168992206, 0.7203531083568836, 0.7203531083568836, 0.7203531083568836, 0.7276835312781316, 0.7276835312781316, 0.7276835312781316, 0.73627805504908, 0.73627805504908, 0.73627805504908, 0.7438600952099561, 0.7438600952099561, 0.7438600952099561, 0.7466468976981648, 0.7466468976981648, 0.7466468976981648, 0.7479859714930316, 0.7479859714930316, 0.7479859714930316, 0.7515019057236767, 0.7515019057236767, 0.7515019057236767, 0.7559591358494762, 0.7559591358494762, 0.7559591358494762, 0.7587209466312923, 0.7587209466312923, 0.7587209466312923, 0.7600073754536472, 0.7600073754536472, 0.7600073754536472, 0.7611127549852624, 0.7611127549852624, 0.7611127549852624, 0.7631920753571884, 0.7631920753571884, 0.7631920753571884, 0.7661373736821866, 0.7661373736821866, 0.7661373736821866, 0.7684583198422185, 0.7684583198422185, 0.7684583198422185, 0.7723904853571811, 0.7723904853571811, 0.7723904853571811, 0.7739367540999154, 0.7739367540999154, 0.7739367540999154, 0.7812736469589148, 0.7812736469589148, 0.7812736469589148, 0.7872482039830885, 0.7872482039830885, 0.7872482039830885, 0.7912273809510508, 0.7912273809510508, 0.7912273809510508, 0.7971860917016661, 0.7971860917016661, 0.7971860917016661, 0.8016202601892966, 0.8016202601892966, 0.8016202601892966, 0.802913608287636, 0.802913608287636, 0.802913608287636, 0.807128756436213, 0.807128756436213, 0.807128756436213, 0.8100582916725781, 0.8100582916725781, 0.8100582916725781, 0.8128716848279569, 0.8128716848279569, 0.8128716848279569, 0.8173068441573075, 0.8173068441573075, 0.8173068441573075, 0.8234946040793697, 0.8234946040793697, 0.8234946040793697, 0.8248939784671953, 0.8248939784671953, 0.8248939784671953, 0.8274870409914871, 0.8274870409914871, 0.8274870409914871, 0.8310741456909652, 0.8310741456909652, 0.8310741456909652, 0.8344301440486779, 0.8344301440486779, 0.8344301440486779, 0.8357074624331408, 0.8357074624331408, 0.8357074624331408, 0.8380458062501611, 0.8380458062501611, 0.8380458062501611, 0.841849895231325, 0.841849895231325, 0.841849895231325, 0.8446290144945775, 0.8446290144945775, 0.8446290144945775, 0.8475754424960805, 0.8475754424960805, 0.8475754424960805, 0.850007184801688, 0.850007184801688, 0.850007184801688, 0.8528039314232633, 0.8528039314232633, 0.8528039314232633, 0.8559318178927453, 0.8559318178927453, 0.8559318178927453, 0.8597260272737105, 0.8597260272737105, 0.8597260272737105, 0.875161958134957, 0.875161958134957, 0.875161958134957, 0.8776607682088962, 0.8776607682088962, 0.8776607682088962, 0.8798596455761417, 0.8798596455761417, 0.8798596455761417, 0.8822136972836513, 0.8822136972836513, 0.8822136972836513, 0.8857743282757522, 0.8857743282757522, 0.8857743282757522, 0.8881858525837423, 0.8881858525837423, 0.8881858525837423, 0.8926325911428132, 0.8926325911428132, 0.8926325911428132, 0.8971183897680846, 0.8971183897680846, 0.8971183897680846, 0.9005776823702848, 0.9005776823702848, 0.9005776823702848, 0.9025606253784191, 0.9025606253784191, 0.9025606253784191, 0.9037033733556042, 0.9037033733556042, 0.9037033733556042, 0.9110757712023396, 0.9110757712023396, 0.9110757712023396, 0.9134808877888357, 0.9134808877888357, 0.9134808877888357, 0.9240957345595117, 0.9240957345595117, 0.9240957345595117, 0.9330173407380556, 0.9330173407380556, 0.9330173407380556, 0.9385357602784811, 0.9385357602784811, 0.9385357602784811, 0.9463742196025184, 0.9463742196025184, 0.9463742196025184, 0.950899793798883, 0.950899793798883, 0.950899793798883, 0.9546089267394806, 0.9546089267394806, 0.9546089267394806, 0.9634044688561868, 0.9634044688561868, 0.9634044688561868, 0.9690942038130059, 0.9690942038130059, 0.9690942038130059, 0.9717246893412689, 0.9717246893412689, 0.9717246893412689, 0.9757340755235462, 0.9757340755235462, 0.9757340755235462, 0.9782974505513246, 0.9782974505513246, 0.9782974505513246, 0.9834887706868007, 0.9834887706868007, 0.9834887706868007, 0.9862943255930228, 0.9862943255930228, 0.9862943255930228, 0.9889755149475911, 0.9889755149475911, 0.9889755149475911, 0.9918967804501809, 0.9918967804501809, 0.9918967804501809, 0.9958142134928073, 0.9958142134928073, 0.9958142134928073, 0.9985612991041362, 0.9985612991041362, 0.9985612991041362]",0.004062536621865423,9.94752475675347e-06,0.0031539696822819128,0.006603327057050466,0.0084457531245065,,,1063420.8994388226,1031.2230114959725,38.10860001249239,2.3817875007807743,10,"[0.148675799369812, 0.20393341779708862, 0.22636952996253967, 0.35263586044311523, 0.370246022939682, 0.437375545501709, 0.5130140781402588, 0.648655354976654, 0.7602400183677673, 0.8602408766746521]",0.005266541722544832,0.07257094268744779,1e-05,tolerance_polyline_fallback_pass,True,True,measured mean squared Euclidean error on the supplied normalized ordered reference points; not a continuous-curve or global-minimality guarantee,False,False,,,790,,764,28,10,10,776,False,False,False,True,True,264,9.947524756753475e-06,268,6,True,False,False,False,790,3,73,72,0,0.0,1390.4932999867015
natural_earth_10m_coastline_861e122362d6_w000_861e1223,natural_earth_10m_coastline,natural_earth_10m_coastline:tile:lon-075.000:lat+35.000:size5deg,test,768,192,certified,48,"[0.09003657226405848, 0.09003657226405848, 0.09003657226405848, 0.16425209719642955, 0.16425209719642955, 0.16425209719642955, 0.24775325299636125, 0.24775325299636125, 0.24775325299636125, 0.34170446017463724, 0.34170446017463724, 0.34170446017463724, 0.427803485611423, 0.427803485611423, 0.427803485611423, 0.4616236637188681, 0.4616236637188681, 0.4616236637188681, 0.4772697895972638, 0.4772697895972638, 0.4772697895972638, 0.5881844128741242, 0.5881844128741242, 0.5881844128741242, 0.6271372497659577, 0.6271372497659577, 0.6271372497659577, 0.6819421189447623, 0.6819421189447623, 0.6819421189447623, 0.7236239141176314, 0.7236239141176314, 0.7236239141176314, 0.8162494958501151, 0.8162494958501151, 0.8162494958501151, 0.8527306706801994, 0.8527306706801994, 0.8527306706801994, 0.8878855474081655, 0.8878855474081655, 0.8878855474081655, 0.9270257836486105, 0.9270257836486105, 0.9270257836486105, 0.9583428587337228, 0.9583428587337228, 0.9583428587337228]",0.0004506345685815442,1.9085701550838856e-06,0.0013815100995229407,0.0024513882450351945,0.010188309278597336,,,107.32935308153104,10.35998808307862,38.10860001249239,2.3817875007807743,18,"[0.14508327841758728, 0.18613147735595703, 0.2196747213602066, 0.2509268522262573, 0.28349292278289795, 0.3201749920845032, 0.3690201938152313, 0.41006430983543396, 0.4468120336532593, 0.48013222217559814, 0.5000438690185547, 0.5747910141944885, 0.6787403225898743, 0.7809646129608154, 0.8158417344093323, 0.8249678015708923, 0.854272723197937, 0.8971304297447205]",0.0004526823355245604,0.021276332755542256,1e-05,tolerance_polyline_fallback_pass,True,True,measured mean squared Euclidean error on the supplied normalized ordered reference points; not a continuous-curve or global-minimality guarantee,False,False,,,52,,764,28,18,18,30,False,False,False,True,True,18,1.908570155083885e-06,16,0,True,False,False,False,52,3,41,40,0,0.0,219.89369997754693
natural_earth_10m_coastline_6cb7cf9e686d_w000_6cb7cf9e,natural_earth_10m_coastline,natural_earth_10m_coastline:tile:lon+020.000:lat+70.000:size5deg,test,768,192,certified,198,"[0.006583200586337435, 0.006583200586337435, 0.006583200586337435, 0.020621484826256812, 0.020621484826256812, 0.020621484826256812, 0.02983796483129226, 0.02983796483129226, 0.02983796483129226, 0.043966148528503245, 0.043966148528503245, 0.043966148528503245, 0.05443938936364865, 0.05443938936364865, 0.05443938936364865, 0.0713822577139175, 0.0713822577139175, 0.0713822577139175, 0.07907810726131746, 0.07907810726131746, 0.07907810726131746, 0.08683035611291284, 0.08683035611291284, 0.08683035611291284, 0.0999587330152257, 0.0999587330152257, 0.0999587330152257, 0.12629153221942604, 0.12629153221942604, 0.12629153221942604, 0.13255747730274897, 0.13255747730274897, 0.13255747730274897, 0.1417739570015647, 0.1417739570015647, 0.1417739570015647, 0.1610847518953822, 0.1610847518953822, 0.1610847518953822, 0.16484332924105438, 0.16484332924105438, 0.16484332924105438, 0.17784968280701444, 0.17784968280701444, 0.17784968280701444, 0.1843491608056134, 0.1843491608056134, 0.1843491608056134, 0.18956313013195294, 0.18956313013195294, 0.18956313013195294, 0.19876895316333296, 0.19876895316333296, 0.19876895316333296, 0.20664458408473127, 0.20664458408473127, 0.20664458408473127, 0.21714387096036505, 0.21714387096036505, 0.21714387096036505, 0.24215992754697008, 0.24215992754697008, 0.24215992754697008, 0.24706728566616637, 0.24706728566616637, 0.24706728566616637, 0.2826060383612277, 0.2826060383612277, 0.2826060383612277, 0.28874121742084347, 0.28874121742084347, 0.28874121742084347, 0.2978876538206756, 0.2978876538206756, 0.2978876538206756, 0.3042171746240549, 0.3042171746240549, 0.3042171746240549, 0.3200058362001939, 0.3200058362001939, 0.3200058362001939, 0.32468217201383753, 0.32468217201383753, 0.32468217201383753, 0.33389265014959124, 0.33389265014959124, 0.33389265014959124, 0.3456780655037545, 0.3456780655037545, 0.3456780655037545, 0.3678423049431941, 0.3678423049431941, 0.3678423049431941, 0.37516459742993374, 0.37516459742993374, 0.37516459742993374, 0.39359521917018564, 0.39359521917018564, 0.39359521917018564, 0.4091632787187419, 0.4091632787187419, 0.4091632787187419, 0.4223287740871034, 0.4223287740871034, 0.4223287740871034, 0.4351321536644157, 0.4351321536644157, 0.4351321536644157, 0.4389342044294063, 0.4389342044294063, 0.4389342044294063, 0.45867393765370224, 0.45867393765370224, 0.45867393765370224, 0.4703864794837815, 0.4703864794837815, 0.4703864794837815, 0.4793936134666443, 0.4793936134666443, 0.4793936134666443, 0.4843590882343708, 0.4843590882343708, 0.4843590882343708, 0.49055350025835415, 0.49055350025835415, 0.49055350025835415, 0.5089799901032811, 0.5089799901032811, 0.5089799901032811, 0.5326280230547906, 0.5326280230547906, 0.5326280230547906, 0.5497337717430865, 0.5497337717430865, 0.5497337717430865, 0.565467125427879, 0.565467125427879, 0.565467125427879, 0.57677610352022, 0.57677610352022, 0.57677610352022, 0.5911017208908301, 0.5911017208908301, 0.5911017208908301, 0.6121642976452427, 0.6121642976452427, 0.6121642976452427, 0.6292726295777884, 0.6292726295777884, 0.6292726295777884, 0.6845674018198333, 0.6845674018198333, 0.6845674018198333, 0.7043170014670252, 0.7043170014670252, 0.7043170014670252, 0.7134498282100047, 0.7134498282100047, 0.7134498282100047, 0.7239528315846444, 0.7239528315846444, 0.7239528315846444, 0.7357860009936902, 0.7357860009936902, 0.7357860009936902, 0.777820652315055, 0.777820652315055, 0.777820652315055, 0.7909863333885813, 0.7909863333885813, 0.7909863333885813, 0.8027839176882732, 0.8027839176882732, 0.8027839176882732, 0.8146140613509607, 0.8146140613509607, 0.8146140613509607, 0.8330089458624949, 0.8330089458624949, 0.8330089458624949, 0.8698725889316271, 0.8698725889316271, 0.8698725889316271, 0.8883003630240837, 0.8883003630240837, 0.8883003630240837, 0.9242122145883063, 0.9242122145883063, 0.9242122145883063, 0.9386876332610279, 0.9386876332610279, 0.9386876332610279, 0.9527391360927361, 0.9527391360927361, 0.9527391360927361, 0.9631469720367068, 0.9631469720367068, 0.9631469720367068]",0.0037535221559703027,9.586196354847305e-06,0.0030961583219931282,0.0070459639223313325,0.011590662204035129,,,4055.820234362053,63.68532196952491,38.10860001249239,2.3817875007807743,15,"[0.10050390660762787, 0.19018101692199707, 0.24526162445545197, 0.27754074335098267, 0.32816004753112793, 0.38994017243385315, 0.4267895221710205, 0.47511571645736694, 0.5273329019546509, 0.5634325742721558, 0.6283017992973328, 0.6551559567451477, 0.740932285785675, 0.7670463919639587, 0.8246519565582275]",0.0038418959178787952,0.061983029273171175,1e-05,tolerance_polyline_fallback_pass,True,True,measured mean squared Euclidean error on the supplied normalized ordered reference points; not a continuous-curve or global-minimality guarantee,False,False,,,202,,764,28,15,15,183,False,False,False,True,True,68,9.586196354847323e-06,66,0,True,False,False,False,202,3,53,52,0,0.0,337.66870002727956
natural_earth_10m_coastline_8d3a1e8fd25d_w000_8d3a1e8f,natural_earth_10m_coastline,natural_earth_10m_coastline:tile:lon-115.000:lat+25.000:size5deg,test,768,192,certified,39,"[0.13839224185572313, 0.13839224185572313, 0.13839224185572313, 0.19573249351355426, 0.19573249351355426, 0.19573249351355426, 0.23751128331909066, 0.23751128331909066, 0.23751128331909066, 0.32997059782473676, 0.32997059782473676, 0.32997059782473676, 0.3991667176374497, 0.3991667176374497, 0.3991667176374497, 0.4370113195785113, 0.4370113195785113, 0.4370113195785113, 0.49031932996922434, 0.49031932996922434, 0.49031932996922434, 0.5514626125103058, 0.5514626125103058, 0.5514626125103058, 0.6963827645507775, 0.6963827645507775, 0.6963827645507775, 0.7407501470441207, 0.7407501470441207, 0.7407501470441207, 0.8253107794549519, 0.8253107794549519, 0.8253107794549519, 0.8644466106074445, 0.8644466106074445, 0.8644466106074445, 0.9348590252386519, 0.9348590252386519, 0.9348590252386519]",0.0003193943325888356,1.93245907474495e-06,0.001390129157576716,0.0029608045252323277,0.005754119223763183,,,8.45683816334957,2.908064332739145,38.10860001249239,2.3817875007807743,19,"[0.045546021312475204, 0.07987196743488312, 0.11791795492172241, 0.16225722432136536, 0.20343472063541412, 0.23934218287467957, 0.2749640643596649, 0.3061412572860718, 0.3532378375530243, 0.4193441867828369, 0.48966917395591736, 0.5708151459693909, 0.598480224609375, 0.7083094120025635, 0.7630290389060974, 0.8113500475883484, 0.8352502584457397, 0.8683573007583618, 0.9057711958885193]",0.0003530137938001976,0.0187886613094227,1e-05,tolerance_polyline_fallback_pass,True,True,measured mean squared Euclidean error on the supplied normalized ordered reference points; not a continuous-curve or global-minimality guarantee,False,False,,,43,,764,28,19,19,20,False,False,False,True,True,15,1.932459074744957e-06,13,0,True,False,False,False,43,3,37,36,0,0.0,248.25080001028255
natural_earth_10m_coastline_c22953000c62_w000_c2295300,natural_earth_10m_coastline,natural_earth_10m_coastline:tile:lon+105.000:lat+20.000:size5deg,test,768,192,certified,21,"[0.15907846268797, 0.15907846268797, 0.15907846268797, 0.29862701307476514, 0.29862701307476514, 0.29862701307476514, 0.4002649142896446, 0.4002649142896446, 0.4002649142896446, 0.5045554526254853, 0.5045554526254853, 0.5045554526254853, 0.5893238350798292, 0.5893238350798292, 0.5893238350798292, 0.7991781292940835, 0.7991781292940835, 0.7991781292940835, 0.8669961152010849, 0.8669961152010849, 0.8669961152010849]",7.957554346215697e-05,9.008952236201778e-07,0.0009491550050545895,0.002185362837536257,0.0025859316296218088,,,9.391878140287433,3.06461712784606,38.10860001249239,2.3817875007807743,18,"[0.08525749295949936, 0.12559737265110016, 0.1729533076286316, 0.21408575773239136, 0.2490997016429901, 0.2861667275428772, 0.3470114469528198, 0.4294644296169281, 0.45424437522888184, 0.5657374262809753, 0.5988600850105286, 0.6290726065635681, 0.6624708771705627, 0.7779079079627991, 0.7990807890892029, 0.8179066181182861, 0.8464238047599792, 0.9091229438781738]",8.440722109682849e-05,0.009187340262384347,1e-05,tolerance_polyline_fallback_pass,True,True,measured mean squared Euclidean error on the supplied normalized ordered reference points; not a continuous-curve or global-minimality guarantee,False,False,,,25,,764,28,18,18,3,False,False,False,True,True,9,9.008952236201776e-07,7,0,False,False,False,False,25,3,41,40,0,5.551115123125783e-17,242.81710002105683
natural_earth_10m_coastline_e29cd5516689_w000_e29cd551,natural_earth_10m_coastline,natural_earth_10m_coastline:tile:lon+120.000:lat+35.000:size5deg,test,768,192,certified,27,"[0.22177997260217341, 0.22177997260217341, 0.22177997260217341, 0.26711574763507645, 0.26711574763507645, 0.26711574763507645, 0.3766251324356527, 0.3766251324356527, 0.3766251324356527, 0.5122835605293994, 0.5122835605293994, 0.5122835605293994, 0.6296758625623776, 0.6296758625623776, 0.6296758625623776, 0.7170268615649621, 0.7170268615649621, 0.7170268615649621, 0.7665858952935048, 0.7665858952935048, 0.7665858952935048, 0.8448555912326571, 0.8448555912326571, 0.8448555912326571, 0.9166079373955774, 0.9166079373955774, 0.9166079373955774]",5.805214112955337e-05,5.395694463061204e-07,0.0007345539097344185,0.0018174324207594582,0.0032909373452532325,,,5.106324233326214,2.2597177331087646,38.10860001249239,2.3817875007807743,18,"[0.15415146946907043, 0.1922266185283661, 0.2047484964132309, 0.25290799140930176, 0.3084457516670227, 0.3717028796672821, 0.4374913275241852, 0.5047805309295654, 0.5346460938453674, 0.564737856388092, 0.6006698608398438, 0.6531973481178284, 0.6969519853591919, 0.7499011754989624, 0.8047348856925964, 0.8377124667167664, 0.8767886161804199, 0.9179199934005737]",5.9073920787267866e-05,0.007685956075028523,1e-05,tolerance_polyline_fallback_pass,True,True,measured mean squared Euclidean error on the supplied normalized ordered reference points; not a continuous-curve or global-minimality guarantee,False,False,,,31,,764,28,18,18,9,False,False,False,True,True,11,5.395694463061259e-07,9,0,False,False,False,False,31,3,41,40,0,1.3877787807814457e-17,217.2736000502482
natural_earth_10m_coastline_b70c1e72dcd6_w000_b70c1e72,natural_earth_10m_coastline,natural_earth_10m_coastline:tile:lon+175.000:lat-20.000:size5deg,test,768,192,certified,318,"[0.009239449663521457, 0.009239449663521457, 0.009239449663521457, 0.017132702966176652, 0.017132702966176652, 0.017132702966176652, 0.021113469880235484, 0.021113469880235484, 0.021113469880235484, 0.042235488830286286, 0.042235488830286286, 0.042235488830286286, 0.04619505852595406, 0.04619505852595406, 0.04619505852595406, 0.06064023085681986, 0.06064023085681986, 0.06064023085681986, 0.06979428287338932, 0.06979428287338932, 0.06979428287338932, 0.07374282349636858, 0.07374282349636858, 0.07374282349636858, 0.08952471897974969, 0.08952471897974969, 0.08952471897974969, 0.09479792873968576, 0.09479792873968576, 0.09479792873968576, 0.10006176531555361, 0.10006176531555361, 0.10006176531555361, 0.10781140787877444, 0.10781140787877444, 0.10781140787877444, 0.11311843020228664, 0.11311843020228664, 0.11311843020228664, 0.11966026835400823, 0.11966026835400823, 0.11966026835400823, 0.12873966645586712, 0.12873966645586712, 0.12873966645586712, 0.1349255929242545, 0.1349255929242545, 0.1349255929242545, 0.14680398127306576, 0.14680398127306576, 0.14680398127306576, 0.1529799957070853, 0.1529799957070853, 0.1529799957070853, 0.17928777375096883, 0.17928777375096883, 0.17928777375096883, 0.18192754907753006, 0.18192754907753006, 0.18192754907753006, 0.18534816302429044, 0.18534816302429044, 0.18534816302429044, 0.19463057211708557, 0.19463057211708557, 0.19463057211708557, 0.2072386658438371, 0.2072386658438371, 0.2072386658438371, 0.2178332459105623, 0.2178332459105623, 0.2178332459105623, 0.22579478275639278, 0.22579478275639278, 0.22579478275639278, 0.23361232155334288, 0.23361232155334288, 0.23361232155334288, 0.24925581276121764, 0.24925581276121764, 0.24925581276121764, 0.26092678262081315, 0.26092678262081315, 0.26092678262081315, 0.26479816831782854, 0.26479816831782854, 0.26479816831782854, 0.2740781546159192, 0.2740781546159192, 0.2740781546159192, 0.2804404643192781, 0.2804404643192781, 0.2804404643192781, 0.29104912614551354, 0.29104912614551354, 0.29104912614551354, 0.3109386797479071, 0.3109386797479071, 0.3109386797479071, 0.333363408311041, 0.333363408311041, 0.333363408311041, 0.3412291371859656, 0.3412291371859656, 0.3412291371859656, 0.3474628402568781, 0.3474628402568781, 0.3474628402568781, 0.3633673172244503, 0.3633673172244503, 0.3633673172244503, 0.3739676126754774, 0.3739676126754774, 0.3739676126754774, 0.37786508564350707, 0.37786508564350707, 0.37786508564350707, 0.3897965037698746, 0.3897965037698746, 0.3897965037698746, 0.39343459716379414, 0.39343459716379414, 0.39343459716379414, 0.39731445820738254, 0.39731445820738254, 0.39731445820738254, 0.41221049441485796, 0.41221049441485796, 0.41221049441485796, 0.42016243579022017, 0.42016243579022017, 0.42016243579022017, 0.4254586144575744, 0.4254586144575744, 0.4254586144575744, 0.4359209912300764, 0.4359209912300764, 0.4359209912300764, 0.4531481520998031, 0.4531481520998031, 0.4531481520998031, 0.46104575744379905, 0.46104575744379905, 0.46104575744379905, 0.47562168858892445, 0.47562168858892445, 0.47562168858892445, 0.48484556940778284, 0.48484556940778284, 0.48484556940778284, 0.4901320585269097, 0.4901320585269097, 0.4901320585269097, 0.4993562304906443, 0.4993562304906443, 0.4993562304906443, 0.5178675478108885, 0.5178675478108885, 0.5178675478108885, 0.5271458805449496, 0.5271458805449496, 0.5271458805449496, 0.5349395990820539, 0.5349395990820539, 0.5349395990820539, 0.539926125147799, 0.539926125147799, 0.539926125147799, 0.5442928341980325, 0.5442928341980325, 0.5442928341980325, 0.5508249466137111, 0.5508249466137111, 0.5508249466137111, 0.5534787934918992, 0.5534787934918992, 0.5534787934918992, 0.5560847105376936, 0.5560847105376936, 0.5560847105376936, 0.5605000251182893, 0.5605000251182893, 0.5605000251182893, 0.5669522094746832, 0.5669522094746832, 0.5669522094746832, 0.5722598986452594, 0.5722598986452594, 0.5722598986452594, 0.5841783290453628, 0.5841783290453628, 0.5841783290453628, 0.5894606491078472, 0.5894606491078472, 0.5894606491078472, 0.5985852197253683, 0.5985852197253683, 0.5985852197253683, 0.6075493628303684, 0.6075493628303684, 0.6075493628303684, 0.6247463765078771, 0.6247463765078771, 0.6247463765078771, 0.6486095178457456, 0.6486095178457456, 0.6486095178457456, 0.6526391115434749, 0.6526391115434749, 0.6526391115434749, 0.6605925607090323, 0.6605925607090323, 0.6605925607090323, 0.6652936531345736, 0.6652936531345736, 0.6652936531345736, 0.6717823244572465, 0.6717823244572465, 0.6717823244572465, 0.6823343157201013, 0.6823343157201013, 0.6823343157201013, 0.687223546598561, 0.687223546598561, 0.687223546598561, 0.6964883016861894, 0.6964883016861894, 0.6964883016861894, 0.7030311189983638, 0.7030311189983638, 0.7030311189983638, 0.7096472651597775, 0.7096472651597775, 0.7096472651597775, 0.7136183479235463, 0.7136183479235463, 0.7136183479235463, 0.7155497956425132, 0.7155497956425132, 0.7155497956425132, 0.720822288330396, 0.720822288330396, 0.720822288330396, 0.7269110335335706, 0.7269110335335706, 0.7269110335335706, 0.7440928267388011, 0.7440928267388011, 0.7440928267388011, 0.7533653601090323, 0.7533653601090323, 0.7533653601090323, 0.7613079669949688, 0.7613079669949688, 0.7613079669949688, 0.7758555629757617, 0.7758555629757617, 0.7758555629757617, 0.7824477661035407, 0.7824477661035407, 0.7824477661035407, 0.7887067697061806, 0.7887067697061806, 0.7887067697061806, 0.8046097163778431, 0.8046097163778431, 0.8046097163778431, 0.8165403187343322, 0.8165403187343322, 0.8165403187343322, 0.8241994161456693, 0.8241994161456693, 0.8241994161456693, 0.8294949676840255, 0.8294949676840255, 0.8294949676840255, 0.834786171971322, 0.834786171971322, 0.834786171971322, 0.8396794993184327, 0.8396794993184327, 0.8396794993184327, 0.8460541554189536, 0.8460541554189536, 0.8460541554189536, 0.8553125881547009, 0.8553125881547009, 0.8553125881547009, 0.8924625928059514, 0.8924625928059514, 0.8924625928059514, 0.9043989576724468, 0.9043989576724468, 0.9043989576724468, 0.930869212992147, 0.930869212992147, 0.930869212992147, 0.938779056865336, 0.938779056865336, 0.938779056865336, 0.9586775005705026, 0.9586775005705026, 0.9586775005705026, 0.9665895811221733, 0.9665895811221733, 0.9665895811221733, 0.9698201303046522, 0.9698201303046522, 0.9698201303046522, 0.9777654247943296, 0.9777654247943296, 0.9777654247943296, 0.9856511373724991, 0.9856511373724991, 0.9856511373724991, 0.9908048631281359, 0.9908048631281359, 0.9908048631281359]",0.001023805048978256,9.84122262657499e-06,0.003137072301776768,0.0068368934953149385,0.009476362926275624,,,64031.2889758171,253.04404552531383,38.10860001249239,2.3817875007807743,14,"[0.1439005732536316, 0.19210408627986908, 0.23094438016414642, 0.3025895059108734, 0.4108436405658722, 0.5054998397827148, 0.5751186013221741, 0.6256385445594788, 0.6814684271812439, 0.759756863117218, 0.7833074927330017, 0.8249526023864746, 0.8639594912528992, 0.8996226191520691]",0.0012729925488307663,0.035679021130501413,1e-05,tolerance_polyline_fallback_pass,True,True,measured mean squared Euclidean error on the supplied normalized ordered reference points; not a continuous-curve or global-minimality guarantee,False,False,,,322,,764,28,14,14,304,False,False,False,True,True,108,9.841222626574959e-06,107,1,True,False,False,False,322,3,57,56,0,0.0,447.77530001010746
natural_earth_10m_coastline_c2bd94d36c73_w000_c2bd94d3,natural_earth_10m_coastline,natural_earth_10m_coastline:tile:lon+105.000:lat+20.000:size5deg,test,768,192,certified,45,"[0.03253183258401998, 0.03253183258401998, 0.03253183258401998, 0.05206992019181602, 0.05206992019181602, 0.05206992019181602, 0.11597777673693746, 0.11597777673693746, 0.11597777673693746, 0.14725534126631276, 0.14725534126631276, 0.14725534126631276, 0.20332288267220577, 0.20332288267220577, 0.20332288267220577, 0.23854958220495143, 0.23854958220495143, 0.23854958220495143, 0.30640171000118793, 0.30640171000118793, 0.30640171000118793, 0.35598121396788557, 0.35598121396788557, 0.35598121396788557, 0.46819495319333293, 0.46819495319333293, 0.46819495319333293, 0.4915691236837715, 0.4915691236837715, 0.4915691236837715, 0.5020084908780703, 0.5020084908780703, 0.5020084908780703, 0.5239246526767717, 0.5239246526767717, 0.5239246526767717, 0.7653351839310695, 0.7653351839310695, 0.7653351839310695, 0.8618876182321169, 0.8618876182321169, 0.8618876182321169, 0.9414878518277601, 0.9414878518277601, 0.9414878518277601]",4.795216577749964e-05,8.221085500867748e-06,0.0028672435370696624,0.0075371530070720985,0.011064311542639094,,,615.7787456907699,24.81488959658636,38.10860001249239,2.3817875007807743,23,"[0.044682666659355164, 0.07520870119333267, 0.11318502575159073, 0.15965606272220612, 0.20697945356369019, 0.2571421265602112, 0.2994384765625, 0.32803353667259216, 0.37051111459732056, 0.4124494791030884, 0.44913017749786377, 0.48256492614746094, 0.5264461040496826, 0.5680103898048401, 0.5935608744621277, 0.6332548260688782, 0.6807417869567871, 0.7230265140533447, 0.7539032101631165, 0.7795800566673279, 0.8012188076972961, 0.8303443193435669, 0.8663449287414551]",4.7483804667277796e-05,0.006890849342953145,1e-05,tolerance_polyline_fallback_pass,True,True,measured mean squared Euclidean error on the supplied normalized ordered reference points; not a continuous-curve or global-minimality guarantee,False,False,,,49,,764,28,23,23,22,False,False,False,True,True,17,8.221085500867782e-06,15,0,True,False,False,False,49,3,21,20,0,0.0,141.1503999843262
natural_earth_10m_coastline_726ceccedbc2_w000_726cecce,natural_earth_10m_coastline,natural_earth_10m_coastline:tile:lon+120.000:lat+30.000:size5deg,test,768,192,certified,36,"[0.04298424647006407, 0.04298424647006407, 0.04298424647006407, 0.15513171737098183, 0.15513171737098183, 0.15513171737098183, 0.2111937362215047, 0.2111937362215047, 0.2111937362215047, 0.2659634260942175, 0.2659634260942175, 0.2659634260942175, 0.3246246664151063, 0.3246246664151063, 0.3246246664151063, 0.39632673027859494, 0.39632673027859494, 0.39632673027859494, 0.4667026224077285, 0.4667026224077285, 0.4667026224077285, 0.5384248425369046, 0.5384248425369046, 0.5384248425369046, 0.6049104317347693, 0.6049104317347693, 0.6049104317347693, 0.6609841669617287, 0.6609841669617287, 0.6609841669617287, 0.7157369280345183, 0.7157369280345183, 0.7157369280345183, 0.7978737479005619, 0.7978737479005619, 0.7978737479005619]",6.386849507056411e-05,2.0097700631248952e-07,0.0004483045910009059,0.0009509575023782298,0.002343736849416945,,,5.876516744190218,2.424152788953332,38.10860001249239,2.3817875007807743,16,"[0.05008826404809952, 0.09168341010808945, 0.14901824295520782, 0.1981409341096878, 0.2331799566745758, 0.27069181203842163, 0.3098068833351135, 0.34538188576698303, 0.37959223985671997, 0.41935238242149353, 0.4673478603363037, 0.5597220659255981, 0.6649444103240967, 0.7757287621498108, 0.8172380328178406, 0.8555417060852051]",6.226755233927651e-05,0.007890979174936181,1e-05,tolerance_polyline_fallback_pass,True,True,measured mean squared Euclidean error on the supplied normalized ordered reference points; not a continuous-curve or global-minimality guarantee,False,False,,,40,,764,28,16,16,20,False,False,False,True,True,14,2.009770063124948e-07,12,0,True,False,False,False,40,3,49,48,0,0.0,292.07020002650097
natural_earth_10m_coastline_dfd49fadd86c_w000_dfd49fad,natural_earth_10m_coastline,natural_earth_10m_coastline:tile:lon-010.000:lat+55.000:size5deg,test,768,192,certified,87,"[0.048412168413654304, 0.048412168413654304, 0.048412168413654304, 0.09288551816801148, 0.09288551816801148, 0.09288551816801148, 0.12949930484833172, 0.12949930484833172, 0.12949930484833172, 0.16214492729979857, 0.16214492729979857, 0.16214492729979857, 0.18301630708412608, 0.18301630708412608, 0.18301630708412608, 0.20130800213348432, 0.20130800213348432, 0.20130800213348432, 0.21831768531318443, 0.21831768531318443, 0.21831768531318443, 0.24031234439280624, 0.24031234439280624, 0.24031234439280624, 0.2547023627921437, 0.2547023627921437, 0.2547023627921437, 0.2677663414354864, 0.2677663414354864, 0.2677663414354864, 0.29654524945076594, 0.29654524945076594, 0.29654524945076594, 0.30935693546109205, 0.30935693546109205, 0.30935693546109205, 0.31900959633215703, 0.31900959633215703, 0.31900959633215703, 0.3334024021379069, 0.3334024021379069, 0.3334024021379069, 0.3725850792227531, 0.3725850792227531, 0.3725850792227531, 0.432455290465958, 0.432455290465958, 0.432455290465958, 0.4503825565691502, 0.4503825565691502, 0.4503825565691502, 0.47236945208683334, 0.47236945208683334, 0.47236945208683334, 0.5142394316202151, 0.5142394316202151, 0.5142394316202151, 0.5411665663395993, 0.5411665663395993, 0.5411665663395993, 0.5673102814624869, 0.5673102814624869, 0.5673102814624869, 0.5817030900712682, 0.5817030900712682, 0.5817030900712682, 0.6143553171348048, 0.6143553171348048, 0.6143553171348048, 0.6365748802955791, 0.6365748802955791, 0.6365748802955791, 0.6574650392006812, 0.6574650392006812, 0.6574650392006812, 0.6744747172328964, 0.6744747172328964, 0.6744747172328964, 0.7998721206760098, 0.7998721206760098, 0.7998721206760098, 0.8377802365657117, 0.8377802365657117, 0.8377802365657117, 0.9659806390118885, 0.9659806390118885, 0.9659806390118885]",0.001249371287463901,9.9867504455241e-06,0.0031601820272769256,0.008453326537679516,0.014750094519941807,,,452.6349340622793,21.27521877824713,38.10860001249239,2.3817875007807743,14,"[0.19410625100135803, 0.23308826982975006, 0.2717219889163971, 0.32574471831321716, 0.3953666090965271, 0.480472594499588, 0.5405146479606628, 0.673652708530426, 0.6902668476104736, 0.7319361567497253, 0.7659620642662048, 0.8042894601821899, 0.8491334319114685, 0.9001748561859131]",0.001295009184243262,0.035986236038842156,1e-05,tolerance_polyline_fallback_pass,True,True,measured mean squared Euclidean error on the supplied normalized ordered reference points; not a continuous-curve or global-minimality guarantee,False,False,,,91,,764,28,14,14,73,False,False,False,True,True,31,9.986750445524088e-06,29,0,True,False,False,False,91,3,57,56,0,1.3877787807814457e-17,318.753800005652
natural_earth_10m_coastline_5262928b9b65_w000_5262928b,natural_earth_10m_coastline,natural_earth_10m_coastline:tile:lon-125.000:lat-25.000:size5deg,test,768,192,certified,24,"[0.21781435469482263, 0.21781435469482263, 0.21781435469482263, 0.23866486222568092, 0.23866486222568092, 0.23866486222568092, 0.336390295930211, 0.336390295930211, 0.336390295930211, 0.4042127260744717, 0.4042127260744717, 0.4042127260744717, 0.5163744165980216, 0.5163744165980216, 0.5163744165980216, 0.5996759944536506, 0.5996759944536506, 0.5996759944536506, 0.6570268378373032, 0.6570268378373032, 0.6570268378373032, 0.7626438911085333, 0.7626438911085333, 0.7626438911085333]",4.887722010423954e-05,6.347671894368535e-06,0.0025194586510535423,0.006927376169467301,0.008811473799805722,,,8.448051713267361,2.906553235925219,29.954599973279983,1.872162498329999,17,"[0.09771387279033661, 0.1864849179983139, 0.2810589671134949, 0.3267408311367035, 0.35917752981185913, 0.3962402641773224, 0.45153653621673584, 0.4908308982849121, 0.5309367775917053, 0.5480846762657166, 0.5825121402740479, 0.6180473566055298, 0.6756507754325867, 0.7199146151542664, 0.7786085605621338, 0.8331913352012634, 0.8818536400794983]",6.975859630712502e-05,0.008352161175834972,1e-05,tolerance_polyline_fallback_pass,True,True,measured mean squared Euclidean error on the supplied normalized ordered reference points; not a continuous-curve or global-minimality guarantee,False,False,,,28,,764,28,17,17,7,False,False,False,True,True,10,6.347671894368528e-06,8,0,False,False,False,False,28,3,45,44,0,1.1188630228279524e-16,244.17950003407896
natural_earth_10m_coastline_491e0edb8e55_w000_491e0edb,natural_earth_10m_coastline,natural_earth_10m_coastline:tile:lon-170.000:lat+65.000:size5deg,test,768,192,certified,21,"[0.017412590510264548, 0.08458458907124479, 0.08937735584976499, 0.1203833037417255, 0.15352584960202334, 0.22621971729438958, 0.2831369978871502, 0.3141285307657529, 0.34958695121358563, 0.3848320746487752, 0.4487669739287798, 0.4851836705427508, 0.5136256771476495, 0.5231467469931809, 0.5410892607873315, 0.5795772272022346, 0.6231099343700245, 0.6635098795232409, 0.7040036134160609, 0.7405068684039664, 0.7822842102570622]",2.5350471163959854e-05,9.940655147766807e-06,0.003152880452501618,0.0052772422434707155,0.01802772159108646,,,110.18509659335781,10.496908906595209,29.954599973279983,1.872162498329999,18,"[0.08491971343755722, 0.1495646834373474, 0.22271645069122314, 0.27903491258621216, 0.3110337555408478, 0.3454136550426483, 0.3818785548210144, 0.4456785321235657, 0.48287615180015564, 0.5115689635276794, 0.5218831896781921, 0.5391506552696228, 0.5770087838172913, 0.6212460994720459, 0.6607593297958374, 0.7014269828796387, 0.7387112379074097, 0.781385600566864]",3.1249824586441505e-05,0.005590154254261818,1e-05,adaptive_insertion_pass,True,True,measured mean squared Euclidean error on the supplied normalized ordered reference points; not a continuous-curve or global-minimality guarantee,False,False,,True,25,25,764,28,18,18,3,False,False,False,False,False,,,0,0,False,False,False,False,25,1,13,12,0,0.0,77.05110003007576
natural_earth_10m_coastline_77498f9eee04_w000_77498f9e,natural_earth_10m_coastline,natural_earth_10m_coastline:tile:lon-080.000:lat+20.000:size5deg,test,768,192,certified,138,"[0.019661621004642155, 0.019661621004642155, 0.019661621004642155, 0.05898873455413643, 0.05898873455413643, 0.05898873455413643, 0.07729327087541671, 0.07729327087541671, 0.07729327087541671, 0.1428332372606361, 0.1428332372606361, 0.1428332372606361, 0.171446722199306, 0.171446722199306, 0.171446722199306, 0.19083702938716274, 0.19083702938716274, 0.19083702938716274, 0.21310933189237702, 0.21310933189237702, 0.21310933189237702, 0.2364978312545885, 0.2364978312545885, 0.2364978312545885, 0.2482959662589303, 0.2482959662589303, 0.2482959662589303, 0.2627129949453672, 0.2627129949453672, 0.2627129949453672, 0.2849349224864398, 0.2849349224864398, 0.2849349224864398, 0.3006396934501664, 0.3006396934501664, 0.3006396934501664, 0.32529156465503994, 0.32529156465503994, 0.32529156465503994, 0.3751059102154828, 0.3751059102154828, 0.3751059102154828, 0.3879273790911018, 0.3879273790911018, 0.3879273790911018, 0.420677681204163, 0.420677681204163, 0.420677681204163, 0.4508077793527817, 0.4508077793527817, 0.4508077793527817, 0.46380351858496066, 0.46380351858496066, 0.46380351858496066, 0.47952918523138827, 0.47952918523138827, 0.47952918523138827, 0.4978818409046637, 0.4978818409046637, 0.4978818409046637, 0.5120925275701602, 0.5120925275701602, 0.5120925275701602, 0.5317560853174188, 0.5317560853174188, 0.5317560853174188, 0.5454905304618471, 0.5454905304618471, 0.5454905304618471, 0.5558961617100441, 0.5558961617100441, 0.5558961617100441, 0.5676822577123357, 0.5676822577123357, 0.5676822577123357, 0.5829963760591078, 0.5829963760591078, 0.5829963760591078, 0.5974118455828862, 0.5974118455828862, 0.5974118455828862, 0.6118296170268775, 0.6118296170268775, 0.6118296170268775, 0.6275893813117984, 0.6275893813117984, 0.6275893813117984, 0.6420093227927214, 0.6420093227927214, 0.6420093227927214, 0.6773321389232081, 0.6773321389232081, 0.6773321389232081, 0.6904136810706559, 0.6904136810706559, 0.6904136810706559, 0.7153208551431872, 0.7153208551431872, 0.7153208551431872, 0.7244891739387086, 0.7244891739387086, 0.7244891739387086, 0.744029896556687, 0.744029896556687, 0.744029896556687, 0.7597479674886278, 0.7597479674886278, 0.7597479674886278, 0.7859552228449526, 0.7859552228449526, 0.7859552228449526, 0.8028651114518587, 0.8028651114518587, 0.8028651114518587, 0.818595192129006, 0.818595192129006, 0.818595192129006, 0.8500527228242868, 0.8500527228242868, 0.8500527228242868, 0.8716122811348259, 0.8716122811348259, 0.8716122811348259, 0.8847119541800256, 0.8847119541800256, 0.8847119541800256, 0.9240290253163724, 0.9240290253163724, 0.9240290253163724, 0.9423785927991216, 0.9423785927991216, 0.9423785927991216, 0.96332948264093, 0.96332948264093, 0.96332948264093, 0.9816821330591714, 0.9816821330591714, 0.9816821330591714]",0.0019920293764471215,9.972729778023672e-06,0.0031579629158721405,0.009568390814001439,0.010947700619760234,,,2305.2667255724355,48.01319324490338,29.954599973279983,1.872162498329999,14,"[0.0966692566871643, 0.15261776745319366, 0.20867030322551727, 0.25105440616607666, 0.29721716046333313, 0.32060372829437256, 0.3779580891132355, 0.4620945453643799, 0.5222595930099487, 0.5715675950050354, 0.6401714086532593, 0.6991274356842041, 0.8297311067581177, 0.8592349290847778]",0.00204871633248825,0.045262747734624444,1e-05,tolerance_polyline_fallback_pass,True,True,measured mean squared Euclidean error on the supplied normalized ordered reference points; not a continuous-curve or global-minimality guarantee,False,False,,,142,,764,28,14,14,124,False,False,False,True,True,48,9.972729778023677e-06,46,0,True,False,False,False,142,3,57,56,0,0.0,340.347700053826
natural_earth_10m_coastline_c42cc0456db6_w000_c42cc045,natural_earth_10m_coastline,natural_earth_10m_coastline:tile:lon-070.000:lat-70.000:size5deg,test,768,192,certified,114,"[0.04966193537656263, 0.04966193537656263, 0.04966193537656263, 0.05612958795253323, 0.05612958795253323, 0.05612958795253323, 0.0796648438726504, 0.0796648438726504, 0.0796648438726504, 0.11088444583636896, 0.11088444583636896, 0.11088444583636896, 0.12918843577405492, 0.12918843577405492, 0.12918843577405492, 0.1422555312545062, 0.1422555312545062, 0.1422555312545062, 0.15791580553202758, 0.15791580553202758, 0.15791580553202758, 0.17228162800792515, 0.17228162800792515, 0.17228162800792515, 0.18401214452768852, 0.18401214452768852, 0.18401214452768852, 0.18920326476727511, 0.18920326476727511, 0.18920326476727511, 0.20873682743237165, 0.20873682743237165, 0.20873682743237165, 0.23093546455487002, 0.23093546455487002, 0.23093546455487002, 0.24399694098307395, 0.24399694098307395, 0.24399694098307395, 0.26098529992651187, 0.26098529992651187, 0.26098529992651187, 0.2845193050411915, 0.2845193050411915, 0.2845193050411915, 0.304058724988653, 0.304058724988653, 0.304058724988653, 0.37458059696923807, 0.37458059696923807, 0.37458059696923807, 0.3837351662488036, 0.3837351662488036, 0.3837351662488036, 0.4176620197536879, 0.4176620197536879, 0.4176620197536879, 0.44309542020453857, 0.44309542020453857, 0.44309542020453857, 0.47839879371068367, 0.47839879371068367, 0.47839879371068367, 0.5150100212010887, 0.5150100212010887, 0.5150100212010887, 0.5344993324475927, 0.5344993324475927, 0.5344993324475927, 0.5598473450989949, 0.5598473450989949, 0.5598473450989949, 0.6356994821761599, 0.6356994821761599, 0.6356994821761599, 0.6604447221130425, 0.6604447221130425, 0.6604447221130425, 0.6983222474285009, 0.6983222474285009, 0.6983222474285009, 0.7362426091555433, 0.7362426091555433, 0.7362426091555433, 0.7689289038318984, 0.7689289038318984, 0.7689289038318984, 0.7780327622642117, 0.7780327622642117, 0.7780327622642117, 0.7924096440291247, 0.7924096440291247, 0.7924096440291247, 0.8027912177475179, 0.8027912177475179, 0.8027912177475179, 0.8275630812420792, 0.8275630812420792, 0.8275630812420792, 0.8981840413482293, 0.8981840413482293, 0.8981840413482293, 0.9177484551863352, 0.9177484551863352, 0.9177484551863352, 0.9465199547420218, 0.9465199547420218, 0.9465199547420218, 0.9530350110293816, 0.9530350110293816, 0.9530350110293816, 0.9764779297906696, 0.9764779297906696, 0.9764779297906696]",0.001075732553854011,9.791928189491762e-06,0.003129205680279224,0.007049556103684425,0.01018110027725471,,,5073.427163691354,71.22799424166985,29.954599973279983,1.872162498329999,14,"[0.0763542652130127, 0.14040406048297882, 0.20953913033008575, 0.24749968945980072, 0.30232322216033936, 0.42799243330955505, 0.539851725101471, 0.6383224129676819, 0.7273420095443726, 0.7706331610679626, 0.808202862739563, 0.8403379917144775, 0.8629218935966492, 0.8946438431739807]",0.001141852888522348,0.03379131380284507,1e-05,tolerance_polyline_fallback_pass,True,True,measured mean squared Euclidean error on the supplied normalized ordered reference points; not a continuous-curve or global-minimality guarantee,False,False,,,118,,764,28,14,14,100,False,False,False,True,True,40,9.791928189491747e-06,38,0,True,False,False,False,118,3,57,56,0,0.0,325.2484999829903
natural_earth_10m_coastline_3026fcf8dad8_w000_3026fcf8,natural_earth_10m_coastline,natural_earth_10m_coastline:tile:lon+120.000:lat+35.000:size5deg,test,768,192,certified,27,"[0.09657099755407494, 0.09657099755407494, 0.09657099755407494, 0.21001395792895927, 0.21001395792895927, 0.21001395792895927, 0.2777922682020751, 0.2777922682020751, 0.2777922682020751, 0.3221518367637725, 0.3221518367637725, 0.3221518367637725, 0.45649457832183654, 0.45649457832183654, 0.45649457832183654, 0.5961310166029028, 0.5961310166029028, 0.5961310166029028, 0.6456734765612889, 0.6456734765612889, 0.6456734765612889, 0.7670379024239447, 0.7670379024239447, 0.7670379024239447, 0.9086741569593966, 0.9086741569593966, 0.9086741569593966]",6.892557358731086e-05,3.933421190559311e-06,0.0019832854536246947,0.00538229770855512,0.009161346749078328,,,12.976911043792573,3.602347990379687,29.954599973279983,1.872162498329999,18,"[0.04934443160891533, 0.1139690950512886, 0.19385141134262085, 0.21867594122886658, 0.2670338749885559, 0.350276380777359, 0.38390350341796875, 0.45265889167785645, 0.513918399810791, 0.5555089712142944, 0.5837382674217224, 0.6083351373672485, 0.6817802786827087, 0.7599108219146729, 0.7861811518669128, 0.8068315386772156, 0.8419321775436401, 0.8961988091468811]",8.460279959782716e-05,0.009197978016815824,1e-05,tolerance_polyline_fallback_pass,True,True,measured mean squared Euclidean error on the supplied normalized ordered reference points; not a continuous-curve or global-minimality guarantee,False,False,,,31,,764,28,18,18,9,False,False,False,True,True,11,3.933421190559291e-06,9,0,False,False,False,False,31,3,41,40,0,0.0,221.2065999628976
natural_earth_10m_coastline_75499b12a1ac_w000_75499b12,natural_earth_10m_coastline,natural_earth_10m_coastline:tile:lon+165.000:lat-10.000:size5deg,test,768,192,certified,23,"[0.06937841753874827, 0.1003579073951136, 0.12359902547327596, 0.17785214560992155, 0.20462415531172143, 0.24710036041680375, 0.28475447750242805, 0.34193820928729357, 0.38528328433105, 0.43450351834148576, 0.4533345786377723, 0.5239323672248974, 0.5695144088637099, 0.5866569963880798, 0.6066788744066258, 0.6148871466165017, 0.6584624084461178, 0.7176573819085568, 0.7648123429728613, 0.7765092727276259, 0.8069935330241185, 0.8321010248730274, 0.876810463967007]",7.452073597987849e-05,9.481592691935323e-06,0.003079219493952213,0.00625797083547147,0.013984332842808575,,,50.94762983624872,7.137760841906146,29.954599973279983,1.872162498329999,19,"[0.07085748761892319, 0.12321227043867111, 0.1785593181848526, 0.24717490375041962, 0.28541189432144165, 0.3434886932373047, 0.385621041059494, 0.43599867820739746, 0.4550686180591583, 0.5261166095733643, 0.5722025036811829, 0.6088345646858215, 0.6171153783798218, 0.660260796546936, 0.7166444659233093, 0.7645509243011475, 0.7764327526092529, 0.8288798332214355, 0.8744616508483887]",7.343274423473373e-05,0.008569290766144754,1e-05,adaptive_insertion_pass,True,True,measured mean squared Euclidean error on the supplied normalized ordered reference points; not a continuous-curve or global-minimality guarantee,False,False,,True,27,27,764,28,19,19,4,False,False,False,False,False,,,0,0,False,False,False,False,27,1,17,16,0,0.0,99.56000000238419
natural_earth_10m_coastline_89e3d1a22eea_w000_89e3d1a2,natural_earth_10m_coastline,natural_earth_10m_coastline:tile:lon+165.000:lat-05.000:size5deg,test,768,192,certified,78,"[0.0326114614669066, 0.0326114614669066, 0.0326114614669066, 0.06390305812647701, 0.06390305812647701, 0.06390305812647701, 0.09258133111640345, 0.09258133111640345, 0.09258133111640345, 0.12114843615178648, 0.12114843615178648, 0.12114843615178648, 0.1537598962676227, 0.1537598962676227, 0.1537598962676227, 0.17201233654571227, 0.17201233654571227, 0.17201233654571227, 0.2137452074149295, 0.2137452074149295, 0.2137452074149295, 0.23591350741136816, 0.23591350741136816, 0.23591350741136816, 0.25154341304147365, 0.25154341304147365, 0.25154341304147365, 0.2697999170015352, 0.2697999170015352, 0.2697999170015352, 0.29193047816423395, 0.29193047816423395, 0.29193047816423395, 0.32060010744505546, 0.32060010744505546, 0.32060010744505546, 0.346689273118412, 0.346689273118412, 0.346689273118412, 0.3727680009146871, 0.3727680009146871, 0.3727680009146871, 0.39102162068664287, 0.39102162068664287, 0.39102162068664287, 0.4523252981216453, 0.4523252981216453, 0.4523252981216453, 0.5201447013724034, 0.5201447013724034, 0.5201447013724034, 0.5540126096367772, 0.5540126096367772, 0.5540126096367772, 0.6205362839349169, 0.6205362839349169, 0.6205362839349169, 0.6739409410424738, 0.6739409410424738, 0.6739409410424738, 0.7587307479954706, 0.7587307479954706, 0.7587307479954706, 0.8004618594857046, 0.8004618594857046, 0.8004618594857046, 0.8487268285446066, 0.8487268285446066, 0.8487268285446066, 0.8852215019270407, 0.8852215019270407, 0.8852215019270407, 0.9165219115726624, 0.9165219115726624, 0.9165219115726624, 0.9556521984443371, 0.9556521984443371, 0.9556521984443371]",0.00018516459348395833,5.772469219642501e-06,0.0024025963497105586,0.005311382457914604,0.012794101968629602,,,21.44447202497795,4.6308176410843425,29.954599973279983,1.872162498329999,19,"[0.1298161894083023, 0.1830846518278122, 0.22945953905582428, 0.279943585395813, 0.30857428908348083, 0.35392796993255615, 0.3724966049194336, 0.4285992980003357, 0.48171165585517883, 0.5028342604637146, 0.5476418137550354, 0.6261144280433655, 0.7185021638870239, 0.7534246444702148, 0.7874962687492371, 0.8130539655685425, 0.8242582678794861, 0.8585529327392578, 0.9012510776519775]",0.0001842700812818174,0.01357461164386729,1e-05,tolerance_polyline_fallback_pass,True,True,measured mean squared Euclidean error on the supplied normalized ordered reference points; not a continuous-curve or global-minimality guarantee,False,False,,,82,,764,28,19,19,59,False,False,False,True,True,28,5.772469219642485e-06,26,0,True,False,False,False,82,3,37,36,0,0.0,217.7751999697648
natural_earth_10m_coastline_a98980b3ab58_w000_a98980b3,natural_earth_10m_coastline,natural_earth_10m_coastline:tile:lon+175.000:lat-20.000:size5deg,test,768,192,certified,45,"[0.03656195969206832, 0.03656195969206832, 0.03656195969206832, 0.05999821462647754, 0.05999821462647754, 0.05999821462647754, 0.11613823781022095, 0.11613823781022095, 0.11613823781022095, 0.16053490558663022, 0.16053490558663022, 0.16053490558663022, 0.27935721963833715, 0.27935721963833715, 0.27935721963833715, 0.3468963359847894, 0.3468963359847894, 0.3468963359847894, 0.4317691618689133, 0.4317691618689133, 0.4317691618689133, 0.5061988702183315, 0.5061988702183315, 0.5061988702183315, 0.5596090883418856, 0.5596090883418856, 0.5596090883418856, 0.6418734978656686, 0.6418734978656686, 0.6418734978656686, 0.6924712517772416, 0.6924712517772416, 0.6924712517772416, 0.7668992671453455, 0.7668992671453455, 0.7668992671453455, 0.8334942689832294, 0.8334942689832294, 0.8334942689832294, 0.919513862125422, 0.919513862125422, 0.919513862125422, 0.960932251654653, 0.960932251654653, 0.960932251654653]",0.00019211383205164497,5.233626853035692e-06,0.0022877121438318443,0.005203040892743475,0.012510776244589546,,,102.28074878733403,10.113394523469063,29.954599973279983,1.872162498329999,21,"[0.06756546348333359, 0.09979990869760513, 0.14725233614444733, 0.1871333122253418, 0.22262530028820038, 0.25433528423309326, 0.2859463095664978, 0.31554752588272095, 0.3462557792663574, 0.38195350766181946, 0.42693158984184265, 0.47013625502586365, 0.5020330548286438, 0.5319780707359314, 0.5912826657295227, 0.627375602722168, 0.7806065082550049, 0.8054953813552856, 0.8326873779296875, 0.8569128513336182, 0.8957124948501587]",0.0002313699268952596,0.015210848986669337,1e-05,tolerance_polyline_fallback_pass,True,True,measured mean squared Euclidean error on the supplied normalized ordered reference points; not a continuous-curve or global-minimality guarantee,False,False,,,49,,764,28,21,21,24,False,False,False,True,True,17,5.233626853035702e-06,15,0,True,False,False,False,49,3,29,28,0,0.0,167.3455000272952
natural_earth_10m_coastline_01904916633d_w000_01904916,natural_earth_10m_coastline,natural_earth_10m_coastline:tile:lon+095.000:lat+05.000:size5deg,test,768,192,certified,21,"[0.11212292358450487, 0.11212292358450487, 0.11212292358450487, 0.24772322273620753, 0.24772322273620753, 0.24772322273620753, 0.3897962914922572, 0.3897962914922572, 0.3897962914922572, 0.5123535924094451, 0.5123535924094451, 0.5123535924094451, 0.6310417429302365, 0.6310417429302365, 0.6310417429302365, 0.745772969359884, 0.745772969359884, 0.745772969359884, 0.8591393407060671, 0.8591393407060671, 0.8591393407060671]",0.0001087767562474839,7.115221901712396e-07,0.0008435177473955362,0.0019294458067141665,0.0032834037562870047,,,6.439976037555107,2.5377107868224678,29.954599973279983,1.872162498329999,15,"[0.10951971262693405, 0.15076634287834167, 0.20655889809131622, 0.21955347061157227, 0.34991124272346497, 0.38531386852264404, 0.43473702669143677, 0.5565260052680969, 0.5759351849555969, 0.6690297722816467, 0.7394063472747803, 0.7841916680335999, 0.8073341250419617, 0.8246017098426819, 0.8397105932235718]",0.00010893531681276369,0.010437208286355297,1e-05,tolerance_polyline_fallback_pass,True,True,measured mean squared Euclidean error on the supplied normalized ordered reference points; not a continuous-curve or global-minimality guarantee,False,False,,,25,,764,28,15,15,6,False,False,False,True,True,9,7.115221901712332e-07,7,0,False,False,False,False,25,3,53,52,0,4.163336342344337e-17,281.2157000298612
natural_earth_10m_coastline_848efd3f9e9b_w000_848efd3f,natural_earth_10m_coastline,natural_earth_10m_coastline:tile:lon+135.000:lat-15.000:size5deg,test,768,192,certified,120,"[0.048404269326567474, 0.048404269326567474, 0.048404269326567474, 0.06390368910638201, 0.06390368910638201, 0.06390368910638201, 0.10838590640523176, 0.10838590640523176, 0.10838590640523176, 0.1345573102409181, 0.1345573102409181, 0.1345573102409181, 0.16069479358451122, 0.16069479358451122, 0.16069479358451122, 0.18157198418751294, 0.18157198418751294, 0.18157198418751294, 0.20904921083569852, 0.20904921083569852, 0.20904921083569852, 0.22475205545878435, 0.22475205545878435, 0.22475205545878435, 0.25087979040674074, 0.25087979040674074, 0.25087979040674074, 0.2901110600418072, 0.2901110600418072, 0.2901110600418072, 0.31234275118152494, 0.31234275118152494, 0.31234275118152494, 0.3187910744894805, 0.3187910744894805, 0.3187910744894805, 0.3318767779431484, 0.3318767779431484, 0.3318767779431484, 0.3462527984968984, 0.3462527984968984, 0.3462527984968984, 0.3593113415279226, 0.3593113415279226, 0.3593113415279226, 0.36967039041283684, 0.36967039041283684, 0.36967039041283684, 0.3879903747428566, 0.3879903747428566, 0.3879903747428566, 0.40706260539418804, 0.40706260539418804, 0.40706260539418804, 0.41883973845614747, 0.41883973845614747, 0.41883973845614747, 0.452841172675117, 0.452841172675117, 0.452841172675117, 0.4746383913613501, 0.4746383913613501, 0.4746383913613501, 0.49160421186580294, 0.49160421186580294, 0.49160421186580294, 0.5138285513429098, 0.5138285513429098, 0.5138285513429098, 0.5347258361817484, 0.5347258361817484, 0.5347258361817484, 0.5478115395394632, 0.5478115395394632, 0.5478115395394632, 0.5648113679187999, 0.5648113679187999, 0.5648113679187999, 0.5830912194664267, 0.5830912194664267, 0.5830912194664267, 0.5956730206642515, 0.5956730206642515, 0.5956730206642515, 0.6074199916188067, 0.6074199916188067, 0.6074199916188067, 0.6257347120955488, 0.6257347120955488, 0.6257347120955488, 0.6346056789688498, 0.6346056789688498, 0.6346056789688498, 0.6529210082709411, 0.6529210082709411, 0.6529210082709411, 0.7039552537246888, 0.7039552537246888, 0.7039552537246888, 0.7196368214302834, 0.7196368214302834, 0.7196368214302834, 0.7482875213335867, 0.7482875213335867, 0.7482875213335867, 0.7768964794460618, 0.7768964794460618, 0.7768964794460618, 0.810913534266125, 0.810913534266125, 0.810913534266125, 0.8325610442865704, 0.8325610442865704, 0.8325610442865704, 0.8744352934609292, 0.8744352934609292, 0.8744352934609292, 0.8874629486871265, 0.8874629486871265, 0.8874629486871265]",0.0004971953281768336,9.028016270128268e-06,0.003004665750150633,0.007259376612498104,0.015193879068648832,,,1219.0922251349648,34.91550121557708,29.954599973279983,1.872162498329999,21,"[0.042159274220466614, 0.07610701769590378, 0.11200162768363953, 0.1529923975467682, 0.19328910112380981, 0.2326270341873169, 0.28121432662010193, 0.3244229555130005, 0.3505188226699829, 0.39296919107437134, 0.44332122802734375, 0.48747584223747253, 0.5202984809875488, 0.550165057182312, 0.5785451531410217, 0.6473367214202881, 0.7276591658592224, 0.76512211561203, 0.8118533492088318, 0.8722355961799622, 0.9171698093414307]",0.0005760997607337084,0.024002078258636445,1e-05,tolerance_polyline_fallback_pass,True,True,measured mean squared Euclidean error on the supplied normalized ordered reference points; not a continuous-curve or global-minimality guarantee,False,False,,,124,,764,28,21,21,99,False,False,False,True,True,42,9.028016270128293e-06,40,0,True,False,False,False,124,3,29,28,0,5.551115123125783e-17,224.74410000722855
natural_earth_10m_coastline_46ac5a8ae8fc_w000_46ac5a8a,natural_earth_10m_coastline,natural_earth_10m_coastline:tile:lon-010.000:lat+55.000:size5deg,test,768,192,certified,216,"[0.022382913578322436, 0.022382913578322436, 0.022382913578322436, 0.03684063236457189, 0.03684063236457189, 0.03684063236457189, 0.043335248750984566, 0.043335248750984566, 0.043335248750984566, 0.05360094537786559, 0.05360094537786559, 0.05360094537786559, 0.06674864729631681, 0.06674864729631681, 0.06674864729631681, 0.09571477083767088, 0.09571477083767088, 0.09571477083767088, 0.10885295736213886, 0.10885295736213886, 0.10885295736213886, 0.12194030541277909, 0.12194030541277909, 0.12194030541277909, 0.14562186545237593, 0.14562186545237593, 0.14562186545237593, 0.15349566426333625, 0.15349566426333625, 0.15349566426333625, 0.1613802858824925, 0.1613802858824925, 0.1613802858824925, 0.17454670617576443, 0.17454670617576443, 0.17454670617576443, 0.18352066109976128, 0.18352066109976128, 0.18352066109976128, 0.19269367104209875, 0.19269367104209875, 0.19269367104209875, 0.2005935230272498, 0.2005935230272498, 0.2005935230272498, 0.2177071486798996, 0.2177071486798996, 0.2177071486798996, 0.24124658344832814, 0.24124658344832814, 0.24124658344832814, 0.2504480047914727, 0.2504480047914727, 0.2504480047914727, 0.2662413972105922, 0.2662413972105922, 0.2662413972105922, 0.2912562834171155, 0.2912562834171155, 0.2912562834171155, 0.3202121672970452, 0.3202121672970452, 0.3202121672970452, 0.32663692890804785, 0.32663692890804785, 0.32663692890804785, 0.3489252971517379, 0.3489252971517379, 0.3489252971517379, 0.3541663223016298, 0.3541663223016298, 0.3541663223016298, 0.3579108235815705, 0.3579108235815705, 0.3579108235815705, 0.3684428274020717, 0.3684428274020717, 0.3684428274020717, 0.3735571507939098, 0.3735571507939098, 0.3735571507939098, 0.3853685278628581, 0.3853685278628581, 0.3853685278628581, 0.4103338875706261, 0.4103338875706261, 0.4103338875706261, 0.42218366844600075, 0.42218366844600075, 0.42218366844600075, 0.44060945050384726, 0.44060945050384726, 0.44060945050384726, 0.4545881345566475, 0.4545881345566475, 0.4545881345566475, 0.4611472822830716, 0.4611472822830716, 0.4611472822830716, 0.4795084361535861, 0.4795084361535861, 0.4795084361535861, 0.48465889648137156, 0.48465889648137156, 0.48465889648137156, 0.49614484449710183, 0.49614484449710183, 0.49614484449710183, 0.5092769193639313, 0.5092769193639313, 0.5092769193639313, 0.5180954852281638, 0.5180954852281638, 0.5180954852281638, 0.5233620556281232, 0.5233620556281232, 0.5233620556281232, 0.5416806113821253, 0.5416806113821253, 0.5416806113821253, 0.5626770052994785, 0.5626770052994785, 0.5626770052994785, 0.5771519264898818, 0.5771519264898818, 0.5771519264898818, 0.5823814085871484, 0.5823814085871484, 0.5823814085871484, 0.6083433748748491, 0.6083433748748491, 0.6083433748748491, 0.6175598693859418, 0.6175598693859418, 0.6175598693859418, 0.6267030768900473, 0.6267030768900473, 0.6267030768900473, 0.6411690691445291, 0.6411690691445291, 0.6411690691445291, 0.6488883300971938, 0.6488883300971938, 0.6488883300971938, 0.6620547508111826, 0.6620547508111826, 0.6620547508111826, 0.669776657221646, 0.669776657221646, 0.669776657221646, 0.6784063359307474, 0.6784063359307474, 0.6784063359307474, 0.6849518945654024, 0.6849518945654024, 0.6849518945654024, 0.6927955539300958, 0.6927955539300958, 0.6927955539300958, 0.7018692841421981, 0.7018692841421981, 0.7018692841421981, 0.7136818896261917, 0.7136818896261917, 0.7136818896261917, 0.7373780459660717, 0.7373780459660717, 0.7373780459660717, 0.7465945403786953, 0.7465945403786953, 0.7465945403786953, 0.7566818167748363, 0.7566818167748363, 0.7566818167748363, 0.7617871662015826, 0.7617871662015826, 0.7617871662015826, 0.7709903194172822, 0.7709903194172822, 0.7709903194172822, 0.7946898761335813, 0.7946898761335813, 0.7946898761335813, 0.8173943717209442, 0.8173943717209442, 0.8173943717209442, 0.8305564928919748, 0.8305564928919748, 0.8305564928919748, 0.8529394089209953, 0.8529394089209953, 0.8529394089209953, 0.8700520923316698, 0.8700520923316698, 0.8700520923316698, 0.8826030612138396, 0.8826030612138396, 0.8826030612138396, 0.8944511037063316, 0.8944511037063316, 0.8944511037063316, 0.8994037760483538, 0.8994037760483538, 0.8994037760483538, 0.9279035898942437, 0.9279035898942437, 0.9279035898942437, 0.9381562699816826, 0.9381562699816826, 0.9381562699816826, 0.9829189368503011, 0.9829189368503011, 0.9829189368503011, 0.9947334318886477, 0.9947334318886477, 0.9947334318886477]",0.0025946680335256094,9.575872877927648e-06,0.003094490729979272,0.007390250066007531,0.018196774693530527,,,2525.2337467521975,50.25170391889411,29.954599973279983,1.872162498329999,17,"[0.0488581582903862, 0.11048081517219543, 0.1865108609199524, 0.206025168299675, 0.2733917832374573, 0.333692342042923, 0.35149475932121277, 0.45730698108673096, 0.5226835012435913, 0.5771621465682983, 0.6118665933609009, 0.6374595165252686, 0.6872773766517639, 0.7558547258377075, 0.8007178902626038, 0.8094614744186401, 0.8591649532318115]",0.002774209526212302,0.05267076538472079,1e-05,tolerance_polyline_fallback_pass,True,True,measured mean squared Euclidean error on the supplied normalized ordered reference points; not a continuous-curve or global-minimality guarantee,False,False,,,220,,764,28,17,17,199,False,False,False,True,True,74,9.575872877927657e-06,73,1,True,False,False,False,220,3,45,44,0,0.0,357.115899969358
natural_earth_10m_coastline_5f9bc59c02de_w000_5f9bc59c,natural_earth_10m_coastline,natural_earth_10m_coastline:tile:lon-010.000:lat+55.000:size5deg,test,768,192,certified,66,"[0.08745189991080432, 0.08745189991080432, 0.08745189991080432, 0.13571679160651448, 0.13571679160651448, 0.13571679160651448, 0.2204719408156509, 0.2204719408156509, 0.2204719408156509, 0.2570198072219666, 0.2570198072219666, 0.2570198072219666, 0.3613935358908859, 0.3613935358908859, 0.3613935358908859, 0.3992481897409851, 0.3992481897409851, 0.3992481897409851, 0.4201269602657253, 0.4201269602657253, 0.4201269602657253, 0.43437794470906904, 0.43437794470906904, 0.43437794470906904, 0.4498514602094102, 0.4498514602094102, 0.4498514602094102, 0.46677233992959705, 0.46677233992959705, 0.46677233992959705, 0.48502271977563083, 0.48502271977563083, 0.48502271977563083, 0.5004467056675082, 0.5004467056675082, 0.5004467056675082, 0.5552576052871826, 0.5552576052871826, 0.5552576052871826, 0.620511898810113, 0.620511898810113, 0.620511898810113, 0.6779439884514201, 0.6779439884514201, 0.6779439884514201, 0.7092710702543294, 0.7092710702543294, 0.7092710702543294, 0.7470540674525555, 0.7470540674525555, 0.7470540674525555, 0.7940190748503044, 0.7940190748503044, 0.7940190748503044, 0.8265812826205184, 0.8265812826205184, 0.8265812826205184, 0.8787945933457207, 0.8787945933457207, 0.8787945933457207, 0.925784753559937, 0.925784753559937, 0.925784753559937, 0.9675365774447727, 0.9675365774447727, 0.9675365774447727]",0.00011626575292857805,8.105677254225023e-06,0.002847047111346249,0.007004521960270898,0.01401467384315535,,,1225.104215026661,35.001488754432444,29.954599973279983,1.872162498329999,20,"[0.10486312210559845, 0.14760155975818634, 0.187017023563385, 0.22201381623744965, 0.2538575530052185, 0.2676578462123871, 0.31458503007888794, 0.3498016893863678, 0.3971042335033417, 0.4178202152252197, 0.4499206244945526, 0.4741344749927521, 0.5430586338043213, 0.5878279805183411, 0.6359929442405701, 0.7219341397285461, 0.784909188747406, 0.814011812210083, 0.8232195377349854, 0.87076735496521]",0.00011995023022343431,0.010952179245402913,1e-05,tolerance_polyline_fallback_pass,True,True,measured mean squared Euclidean error on the supplied normalized ordered reference points; not a continuous-curve or global-minimality guarantee,False,False,,,70,,764,28,20,20,46,False,False,False,True,True,24,8.10567725422503e-06,23,1,True,False,False,False,70,3,33,32,0,0.0,211.2770999665372
natural_earth_10m_coastline_ecb9c8706f31_w000_ecb9c870,natural_earth_10m_coastline,natural_earth_10m_coastline:tile:lon+095.000:lat+05.000:size5deg,test,768,192,certified,39,"[0.02862892411063613, 0.02862892411063613, 0.02862892411063613, 0.10951787053213866, 0.10951787053213866, 0.10951787053213866, 0.17190061076966515, 0.17190061076966515, 0.17190061076966515, 0.2358289722852698, 0.2358289722852698, 0.2358289722852698, 0.31018147047825484, 0.31018147047825484, 0.31018147047825484, 0.37410983550580906, 0.37410983550580906, 0.37410983550580906, 0.40410294338149905, 0.40410294338149905, 0.40410294338149905, 0.4249244970963957, 0.4249244970963957, 0.4249244970963957, 0.4771075419826263, 0.4771075419826263, 0.4771075419826263, 0.7354270233964949, 0.7354270233964949, 0.7354270233964949, 0.781090140580359, 0.781090140580359, 0.781090140580359, 0.9087037863534242, 0.9087037863534242, 0.9087037863534242, 0.9413196477230532, 0.9413196477230532, 0.9413196477230532]",4.4278956774941655e-05,1.581483750501185e-06,0.0012575705747595977,0.001614103664097374,0.008775729657791128,,,62.86113879734418,7.928501674171746,29.954599973279983,1.872162498329999,19,"[0.07326840609312057, 0.12204249948263168, 0.162531778216362, 0.20523807406425476, 0.24078203737735748, 0.2891097068786621, 0.35627079010009766, 0.3761691749095917, 0.4272824823856354, 0.460595041513443, 0.5141676068305969, 0.6028661727905273, 0.617117702960968, 0.6674333214759827, 0.7415050864219666, 0.7860386371612549, 0.8253665566444397, 0.8366937041282654, 0.8993629217147827]",4.3831372266012966e-05,0.006620526585250826,1e-05,tolerance_polyline_fallback_pass,True,True,measured mean squared Euclidean error on the supplied normalized ordered reference points; not a continuous-curve or global-minimality guarantee,False,False,,,43,,764,28,19,19,20,False,False,False,True,True,15,1.5814837505011874e-06,13,0,True,False,False,False,43,3,37,36,0,0.0,221.26269998261705
natural_earth_10m_coastline_45e16a3d0a4e_w000_45e16a3d,natural_earth_10m_coastline,natural_earth_10m_coastline:tile:lon+115.000:lat+25.000:size5deg,test,768,192,certified,162,"[0.01046542187829601, 0.01046542187829601, 0.01046542187829601, 0.019635514494942614, 0.019635514494942614, 0.019635514494942614, 0.04054327371101864, 0.04054327371101864, 0.04054327371101864, 0.057502609666806814, 0.057502609666806814, 0.057502609666806814, 0.07451571086634791, 0.07451571086634791, 0.07451571086634791, 0.09402278236314701, 0.09402278236314701, 0.09402278236314701, 0.1097429413293903, 0.1097429413293903, 0.1097429413293903, 0.1280668272109241, 0.1280668272109241, 0.1280668272109241, 0.14509002588512904, 0.14509002588512904, 0.14509002588512904, 0.160526658182229, 0.160526658182229, 0.160526658182229, 0.18798959077879038, 0.18798959077879038, 0.18798959077879038, 0.20892917631620375, 0.20892917631620375, 0.20892917631620375, 0.23119940669515662, 0.23119940669515662, 0.23119940669515662, 0.2547635440898426, 0.2547635440898426, 0.2547635440898426, 0.2776658212148159, 0.2776658212148159, 0.2776658212148159, 0.29591942827836404, 0.29591942827836404, 0.29591942827836404, 0.32860532478879323, 0.32860532478879323, 0.32860532478879323, 0.34951744916573746, 0.34951744916573746, 0.34951744916573746, 0.36523761105907265, 0.36523761105907265, 0.36523761105907265, 0.3835039504739191, 0.3835039504739191, 0.3835039504739191, 0.39660408311278933, 0.39660408311278933, 0.39660408311278933, 0.41316454491559473, 0.41316454491559473, 0.41316454491559473, 0.4301903963955836, 0.4301903963955836, 0.4301903963955836, 0.44405745807881464, 0.44405745807881464, 0.44405745807881464, 0.46239517977986117, 0.46239517977986117, 0.46239517977986117, 0.48466541260664175, 0.48466541260664175, 0.48466541260664175, 0.49775958405509807, 0.49775958405509807, 0.49775958405509807, 0.5154174015785327, 0.5154174015785327, 0.5154174015785327, 0.5402720605801774, 0.5402720605801774, 0.5402720605801774, 0.5481071518981815, 0.5481071518981815, 0.5481071518981815, 0.5598006238797822, 0.5598006238797822, 0.5598006238797822, 0.5755207828956584, 0.5755207828956584, 0.5755207828956584, 0.5938398818710133, 0.5938398818710133, 0.5938398818710133, 0.6095457325961058, 0.6095457325961058, 0.6095457325961058, 0.6173133847926473, 0.6173133847926473, 0.6173133847926473, 0.6330335466322761, 0.6330335466322761, 0.6330335466322761, 0.6513685169054239, 0.6513685169054239, 0.6513685169054239, 0.6656952774639149, 0.6656952774639149, 0.6656952774639149, 0.7076005041368251, 0.7076005041368251, 0.7076005041368251, 0.7259006811894818, 0.7259006811894818, 0.7259006811894818, 0.7441128721023611, 0.7441128721023611, 0.7441128721023611, 0.7532829711840916, 0.7532829711840916, 0.7532829711840916, 0.7637339164599835, 0.7637339164599835, 0.7637339164599835, 0.7713589441795756, 0.7713589441795756, 0.7713589441795756, 0.7805290361553503, 0.7805290361553503, 0.7805290361553503, 0.8250526925926976, 0.8250526925926976, 0.8250526925926976, 0.8380665048251827, 0.8380665048251827, 0.8380665048251827, 0.868073181105717, 0.868073181105717, 0.868073181105717, 0.8874649277932082, 0.8874649277932082, 0.8874649277932082, 0.9044951034146215, 0.9044951034146215, 0.9044951034146215, 0.9201524288583868, 0.9201524288583868, 0.9201524288583868, 0.9659835416555463, 0.9659835416555463, 0.9659835416555463, 0.9751368442240206, 0.9751368442240206, 0.9751368442240206, 0.9855898532196737, 0.9855898532196737, 0.9855898532196737]",0.001195230960356988,9.514524781061436e-06,0.0030845623321731457,0.007334406107427467,0.01618300667903646,,,1986.1415627161825,44.566148170064935,29.954599973279983,1.872162498329999,22,"[0.07982725650072098, 0.13149604201316833, 0.21084553003311157, 0.22458738088607788, 0.29667598009109497, 0.32475021481513977, 0.35331621766090393, 0.3884168863296509, 0.43265652656555176, 0.470573365688324, 0.4977072477340698, 0.5433546304702759, 0.5807686448097229, 0.6118917465209961, 0.6609638333320618, 0.6936482787132263, 0.7455151677131653, 0.808772623538971, 0.820663332939148, 0.8419576287269592, 0.8653898239135742, 0.9007776379585266]",0.0012221394036089324,0.03495911045219733,1e-05,tolerance_polyline_fallback_pass,True,True,measured mean squared Euclidean error on the supplied normalized ordered reference points; not a continuous-curve or global-minimality guarantee,False,False,,,166,,764,28,22,22,140,False,False,False,True,True,56,9.514524781061438e-06,55,1,True,False,False,False,166,3,25,24,0,0.0,249.73590002628043
natural_earth_10m_coastline_34659a58ccb0_w000_34659a58,natural_earth_10m_coastline,natural_earth_10m_coastline:tile:lon+120.000:lat+05.000:size5deg,test,768,192,certified,45,"[0.05609593059597318, 0.05609593059597318, 0.05609593059597318, 0.1121546776009385, 0.1121546776009385, 0.1121546776009385, 0.1669261654656799, 0.1669261654656799, 0.1669261654656799, 0.21123512007246845, 0.21123512007246845, 0.21123512007246845, 0.2777519302880049, 0.2777519302880049, 0.2777519302880049, 0.3416673437199145, 0.3416673437199145, 0.3416673437199145, 0.40297593469793785, 0.40297593469793785, 0.40297593469793785, 0.45776730699134394, 0.45776730699134394, 0.45776730699134394, 0.5086293044180928, 0.5086293044180928, 0.5086293044180928, 0.5372900051044353, 0.5372900051044353, 0.5372900051044353, 0.5787972699944663, 0.5787972699944663, 0.5787972699944663, 0.602260787983574, 0.602260787983574, 0.602260787983574, 0.7118256192005086, 0.7118256192005086, 0.7118256192005086, 0.8579013134178956, 0.8579013134178956, 0.8579013134178956, 0.917910917214393, 0.917910917214393, 0.917910917214393]",2.5444386067717812e-05,6.256137357004137e-07,0.0007909574803365942,0.001723498014328457,0.0037124077654962346,,,22.317636691864955,4.724154600758209,29.954599973279983,1.872162498329999,25,"[0.07949734479188919, 0.11883636564016342, 0.1606636643409729, 0.2023344486951828, 0.22211457788944244, 0.2736985683441162, 0.3069053590297699, 0.3413839638233185, 0.3665088713169098, 0.3835396468639374, 0.43283411860466003, 0.4766722619533539, 0.5182876586914062, 0.5302780866622925, 0.5714133977890015, 0.6103579998016357, 0.6426913738250732, 0.6812871694564819, 0.7013499140739441, 0.728692889213562, 0.7540210485458374, 0.7910429239273071, 0.8346269130706787, 0.8759721517562866, 0.9113014936447144]",2.677051664282867e-05,0.0051740232549563085,1e-05,tolerance_polyline_fallback_pass,True,True,measured mean squared Euclidean error on the supplied normalized ordered reference points; not a continuous-curve or global-minimality guarantee,False,False,,,49,,764,28,25,25,20,False,False,False,True,True,17,6.256137357004069e-07,15,0,True,False,False,False,49,3,13,12,0,2.7755575615628914e-17,202.87709997501224
natural_earth_10m_coastline_a757241b79e2_w000_a757241b,natural_earth_10m_coastline,natural_earth_10m_coastline:tile:lon-080.000:lat+25.000:size5deg,test,768,192,certified,24,"[0.11476406289174186, 0.11476406289174186, 0.11476406289174186, 0.20210665026269156, 0.20210665026269156, 0.20210665026269156, 0.2881348916759737, 0.2881348916759737, 0.2881348916759737, 0.4224610015118175, 0.4224610015118175, 0.4224610015118175, 0.662379267768568, 0.662379267768568, 0.662379267768568, 0.7130970658735635, 0.7130970658735635, 0.7130970658735635, 0.7587383158181555, 0.7587383158181555, 0.7587383158181555, 0.9426216392909799, 0.9426216392909799, 0.9426216392909799]",0.00014166842052967585,1.1226793752389343e-07,0.00033506407972788346,0.0009046111207507365,0.0011928459165066667,,,1.8298997311211342,1.3527378648951667,29.954599973279983,1.872162498329999,16,"[0.08657316118478775, 0.14356309175491333, 0.1900993436574936, 0.21323831379413605, 0.26159241795539856, 0.36255943775177, 0.45174434781074524, 0.49048012495040894, 0.5208228230476379, 0.55361407995224, 0.6075080037117004, 0.6311920881271362, 0.6741735339164734, 0.7804551124572754, 0.851006031036377, 0.9292004704475403]",0.00014335986742860366,0.011973298101550954,1e-05,tolerance_polyline_fallback_pass,True,True,measured mean squared Euclidean error on the supplied normalized ordered reference points; not a continuous-curve or global-minimality guarantee,False,False,,,28,,764,28,16,16,8,False,False,False,True,True,10,1.1226793752389433e-07,8,0,False,False,False,False,28,3,49,48,0,0.0,262.1345999650657
natural_earth_10m_coastline_88c6f6fbb3b8_w000_88c6f6fb,natural_earth_10m_coastline,natural_earth_10m_coastline:tile:lon+040.000:lat-15.000:size5deg,test,768,192,certified,72,"[0.015653161304954248, 0.015653161304954248, 0.015653161304954248, 0.053506540758857656, 0.053506540758857656, 0.053506540758857656, 0.11093360973150837, 0.11093360973150837, 0.11093360973150837, 0.13424396904344107, 0.13424396904344107, 0.13424396904344107, 0.16280332970690273, 0.16280332970690273, 0.16280332970690273, 0.1954383065746437, 0.1954383065746437, 0.1954383065746437, 0.23327084889579566, 0.23327084889579566, 0.23327084889579566, 0.2656276750467237, 0.2656276750467237, 0.2656276750467237, 0.3139090143750039, 0.3139090143750039, 0.3139090143750039, 0.3216461405694329, 0.3216461405694329, 0.3216461405694329, 0.3476921094343517, 0.3476921094343517, 0.3476921094343517, 0.491285551951512, 0.491285551951512, 0.491285551951512, 0.6061565568783073, 0.6061565568783073, 0.6061565568783073, 0.6243862105121032, 0.6243862105121032, 0.6243862105121032, 0.6372912309945822, 0.6372912309945822, 0.6372912309945822, 0.6464159482594005, 0.6464159482594005, 0.6464159482594005, 0.6699086342361968, 0.6699086342361968, 0.6699086342361968, 0.6986092324062513, 0.6986092324062513, 0.6986092324062513, 0.7821141985930737, 0.7821141985930737, 0.7821141985930737, 0.812046590449019, 0.812046590449019, 0.812046590449019, 0.8277005071444601, 0.8277005071444601, 0.8277005071444601, 0.8642506182014797, 0.8642506182014797, 0.8642506182014797, 0.928215175492935, 0.928215175492935, 0.928215175492935, 0.981724413237352, 0.981724413237352, 0.981724413237352]",6.971613975520296e-05,7.559741881839744e-06,0.002749498478239212,0.006294192230914919,0.011553778710698154,,,3860.8360337668732,62.13562612356033,29.290599981322885,1.8306624988326803,22,"[0.07663198560476303, 0.11821682751178741, 0.1678323894739151, 0.20893818140029907, 0.24944399297237396, 0.30423399806022644, 0.3558259606361389, 0.40704044699668884, 0.44235673546791077, 0.4693513512611389, 0.48715898394584656, 0.5178741812705994, 0.5613608956336975, 0.603649377822876, 0.6533880233764648, 0.6702287793159485, 0.7495257258415222, 0.7855255007743835, 0.8176529407501221, 0.8243257999420166, 0.840059757232666, 0.8633495569229126]",8.415602026136957e-05,0.00917365904431648,1e-05,tolerance_polyline_fallback_pass,True,True,measured mean squared Euclidean error on the supplied normalized ordered reference points; not a continuous-curve or global-minimality guarantee,False,False,,,76,,764,28,22,22,50,False,False,False,True,True,26,7.559741881839741e-06,24,0,True,False,False,False,76,3,25,24,0,0.0,185.93229999532923
natural_earth_10m_coastline_2c5514dbc44d_w000_2c5514db,natural_earth_10m_coastline,natural_earth_10m_coastline:tile:lon+100.000:lat-05.000:size5deg,test,768,192,certified,63,"[0.042884392221055403, 0.042884392221055403, 0.042884392221055403, 0.08067717661869998, 0.08067717661869998, 0.08067717661869998, 0.15895713370392395, 0.15895713370392395, 0.15895713370392395, 0.20583970703247634, 0.20583970703247634, 0.20583970703247634, 0.25149704207689644, 0.25149704207689644, 0.25149704207689644, 0.2697156095764738, 0.2697156095764738, 0.2697156095764738, 0.3062348198351744, 0.3062348198351744, 0.3062348198351744, 0.3936284030210432, 0.3936284030210432, 0.3936284030210432, 0.44060113750848584, 0.44060113750848584, 0.44060113750848584, 0.45102052944711996, 0.45102052944711996, 0.45102052944711996, 0.4822594391256287, 0.4822594391256287, 0.4822594391256287, 0.5160820209579614, 0.5160820209579614, 0.5160820209579614, 0.5539205103205076, 0.5539205103205076, 0.5539205103205076, 0.5865265779559841, 0.5865265779559841, 0.5865265779559841, 0.6413281051885827, 0.6413281051885827, 0.6413281051885827, 0.6700279238351932, 0.6700279238351932, 0.6700279238351932, 0.6934521249344011, 0.6934521249344011, 0.6934521249344011, 0.7104140423940343, 0.7104140423940343, 0.7104140423940343, 0.8030536812830981, 0.8030536812830981, 0.8030536812830981, 0.857778784277718, 0.857778784277718, 0.857778784277718, 0.9308474907620032, 0.9308474907620032, 0.9308474907620032]",0.0002871192204207889,7.2547749223524486e-06,0.0026934689384421067,0.006885885279505963,0.013058698735645436,,,2333.952773358474,48.311000541889776,29.290599981322885,1.8306624988326803,14,"[0.191581591963768, 0.2706994414329529, 0.33128005266189575, 0.411456435918808, 0.46465224027633667, 0.4952309727668762, 0.5322941541671753, 0.6295928359031677, 0.6400721073150635, 0.6951465606689453, 0.750342071056366, 0.7998086810112, 0.8244845867156982, 0.8780655860900879]",0.0002914752501049198,0.017072646253727623,1e-05,tolerance_polyline_fallback_pass,True,True,measured mean squared Euclidean error on the supplied normalized ordered reference points; not a continuous-curve or global-minimality guarantee,False,False,,,67,,764,28,14,14,49,False,False,False,True,True,23,7.254774922352461e-06,22,1,True,False,False,False,67,3,57,56,0,0.0,334.5812000334263
natural_earth_10m_coastline_b9b58e750354_w000_b9b58e75,natural_earth_10m_coastline,natural_earth_10m_coastline:tile:lon+120.000:lat+30.000:size5deg,test,768,192,certified,66,"[0.10186547810087279, 0.10186547810087279, 0.10186547810087279, 0.15670524685325898, 0.15670524685325898, 0.15670524685325898, 0.2911967084398759, 0.2911967084398759, 0.2911967084398759, 0.3186220284297015, 0.3186220284297015, 0.3186220284297015, 0.33684675066991265, 0.33684675066991265, 0.33684675066991265, 0.355121604443274, 0.355121604443274, 0.355121604443274, 0.3746954886162255, 0.3746954886162255, 0.3746954886162255, 0.4046926772994812, 0.4046926772994812, 0.4046926772994812, 0.4640270590744974, 0.4640270590744974, 0.4640270590744974, 0.4783276559786036, 0.4783276559786036, 0.4783276559786036, 0.5656999121006073, 0.5656999121006073, 0.5656999121006073, 0.58902921748171, 0.58902921748171, 0.58902921748171, 0.6072724835310872, 0.6072724835310872, 0.6072724835310872, 0.6202586077033959, 0.6202586077033959, 0.6202586077033959, 0.6396664548056467, 0.6396664548056467, 0.6396664548056467, 0.682763381401892, 0.682763381401892, 0.682763381401892, 0.7218476066388259, 0.7218476066388259, 0.7218476066388259, 0.781916084734605, 0.781916084734605, 0.781916084734605, 0.8158702379778685, 0.8158702379778685, 0.8158702379778685, 0.8785563009351162, 0.8785563009351162, 0.8785563009351162, 0.9177286969965787, 0.9177286969965787, 0.9177286969965787, 0.9556002085650009, 0.9556002085650009, 0.9556002085650009]",6.406881278310063e-05,8.819888928825492e-06,0.0029698297811197013,0.007178727577430799,0.013001774477984415,,,743.2010986539267,27.261714888354454,29.290599981322885,1.8306624988326803,21,"[0.09088492393493652, 0.14825448393821716, 0.2014230340719223, 0.26512619853019714, 0.29246169328689575, 0.3336588740348816, 0.36759570240974426, 0.4148716926574707, 0.4367467761039734, 0.4605219066143036, 0.4926879107952118, 0.5210710167884827, 0.5727289915084839, 0.6077759861946106, 0.6478372812271118, 0.6768459677696228, 0.7029305696487427, 0.7812561392784119, 0.81358402967453, 0.8359781503677368, 0.8759591579437256]",0.00010037085976534548,0.010018525827952209,1e-05,tolerance_polyline_fallback_pass,True,True,measured mean squared Euclidean error on the supplied normalized ordered reference points; not a continuous-curve or global-minimality guarantee,False,False,,,70,,764,28,21,21,45,False,False,False,True,True,24,8.819888928825488e-06,22,0,True,False,False,False,70,3,29,28,0,1.0408340855860843e-17,192.14659999124706
natural_earth_10m_coastline_e591d9ebd6f6_w000_e591d9eb,natural_earth_10m_coastline,natural_earth_10m_coastline:tile:lon-010.000:lat+55.000:size5deg,test,768,192,certified,42,"[0.045685517646730386, 0.045685517646730386, 0.045685517646730386, 0.08614438286341444, 0.08614438286341444, 0.08614438286341444, 0.12399060340127797, 0.12399060340127797, 0.12399060340127797, 0.16314430548896558, 0.16314430548896558, 0.16314430548896558, 0.31718063123649454, 0.31718063123649454, 0.31718063123649454, 0.35110694847762075, 0.35110694847762075, 0.35110694847762075, 0.4084991594228323, 0.4084991594228323, 0.4084991594228323, 0.47768117582629155, 0.47768117582629155, 0.47768117582629155, 0.5808069697230952, 0.5808069697230952, 0.5808069697230952, 0.6659729754676198, 0.6659729754676198, 0.6659729754676198, 0.6932756914854853, 0.6932756914854853, 0.6932756914854853, 0.7833477791295107, 0.7833477791295107, 0.7833477791295107, 0.8577212012823041, 0.8577212012823041, 0.8577212012823041, 0.9308231837882841, 0.9308231837882841, 0.9308231837882841]",0.00010129385468169664,8.79185830700126e-06,0.0029651067952101255,0.007499240101016275,0.014790490816129133,,,161.86985644584027,12.722808512503844,29.290599981322885,1.8306624988326803,18,"[0.18583481013774872, 0.2153085470199585, 0.3014998435974121, 0.336500883102417, 0.3663346767425537, 0.38953888416290283, 0.4329085648059845, 0.4787255525588989, 0.5244188904762268, 0.5543979406356812, 0.607573390007019, 0.630702555179596, 0.7157049179077148, 0.7512363791465759, 0.7728316783905029, 0.806413471698761, 0.8352786898612976, 0.882916271686554]",0.0001045992308773115,0.010227376539333609,1e-05,tolerance_polyline_fallback_pass,True,True,measured mean squared Euclidean error on the supplied normalized ordered reference points; not a continuous-curve or global-minimality guarantee,False,False,,,46,,764,28,18,18,24,False,False,False,True,True,16,8.791858307001247e-06,14,0,True,False,False,False,46,3,41,40,0,0.0,236.2247999990359
natural_earth_10m_coastline_de01a27db8ad_w000_de01a27d,natural_earth_10m_coastline,natural_earth_10m_coastline:tile:lon-010.000:lat+55.000:size5deg,test,768,192,certified,48,"[0.031330272790722785, 0.031330272790722785, 0.031330272790722785, 0.09791749544013592, 0.09791749544013592, 0.09791749544013592, 0.14752191318504546, 0.14752191318504546, 0.14752191318504546, 0.21666368761269134, 0.21666368761269134, 0.21666368761269134, 0.24797078416370982, 0.24797078416370982, 0.24797078416370982, 0.3028073221359173, 0.3028073221359173, 0.3028073221359173, 0.35104837342267253, 0.35104837342267253, 0.35104837342267253, 0.41370802814921165, 0.41370802814921165, 0.41370802814921165, 0.51293604355255, 0.51293604355255, 0.51293604355255, 0.552598019182745, 0.552598019182745, 0.552598019182745, 0.5720696395835656, 0.5720696395835656, 0.5720696395835656, 0.6084295891196903, 0.6084295891196903, 0.6084295891196903, 0.6567379614818566, 0.6567379614818566, 0.6567379614818566, 0.7481207676045846, 0.7481207676045846, 0.7481207676045846, 0.8067713081069654, 0.8067713081069654, 0.8067713081069654, 0.8655199179315223, 0.8655199179315223, 0.8655199179315223]",0.0003814132511992709,3.1294684259306114e-06,0.0017690303632020032,0.0031666424017897485,0.011939437146371483,,,163.3395852358637,12.780437599545005,29.290599981322885,1.8306624988326803,19,"[0.05473291128873825, 0.10905575007200241, 0.1630886197090149, 0.20095166563987732, 0.2414121925830841, 0.28235894441604614, 0.3512682616710663, 0.4337996542453766, 0.45328396558761597, 0.5550833940505981, 0.5848779082298279, 0.618351399898529, 0.6296777129173279, 0.677100419998169, 0.7248981595039368, 0.7972606420516968, 0.8131638765335083, 0.8376924991607666, 0.8669720888137817]",0.00038288664345213444,0.019567489451948975,1e-05,tolerance_polyline_fallback_pass,True,True,measured mean squared Euclidean error on the supplied normalized ordered reference points; not a continuous-curve or global-minimality guarantee,False,False,,,52,,764,28,19,19,29,False,False,False,True,True,18,3.129468425930582e-06,16,0,True,False,False,False,52,3,37,36,0,0.0,214.29789997637272
natural_earth_10m_coastline_30922cb15b2d_w000_30922cb1,natural_earth_10m_coastline,natural_earth_10m_coastline:tile:lon-005.000:lat+60.000:size5deg,test,768,192,certified,576,"[0.010913650952209622, 0.010913650952209622, 0.010913650952209622, 0.014966980728633974, 0.014966980728633974, 0.014966980728633974, 0.018877729596455572, 0.018877729596455572, 0.018877729596455572, 0.022925406154159854, 0.022925406154159854, 0.022925406154159854, 0.028379057234183973, 0.028379057234183973, 0.028379057234183973, 0.0334087385927878, 0.0334087385927878, 0.0334087385927878, 0.04148948393456628, 0.04148948393456628, 0.04148948393456628, 0.04899739974004173, 0.04899739974004173, 0.04899739974004173, 0.05441356400300977, 0.05441356400300977, 0.05441356400300977, 0.058467174978357905, 0.058467174978357905, 0.058467174978357905, 0.06495558288660075, 0.06495558288660075, 0.06495558288660075, 0.07039379444299272, 0.07039379444299272, 0.07039379444299272, 0.07292789773951786, 0.07292789773951786, 0.07292789773951786, 0.0797069700534471, 0.0797069700534471, 0.0797069700534471, 0.08283742689258028, 0.08283742689258028, 0.08283742689258028, 0.09070572250982478, 0.09070572250982478, 0.09070572250982478, 0.096151484783856, 0.096151484783856, 0.096151484783856, 0.09695799018610614, 0.09695799018610614, 0.09695799018610614, 0.10237657438994373, 0.10237657438994373, 0.10237657438994373, 0.11294028833813866, 0.11294028833813866, 0.11294028833813866, 0.11972930262797468, 0.11972930262797468, 0.11972930262797468, 0.129271641722149, 0.129271641722149, 0.129271641722149, 0.13933621861963144, 0.13933621861963144, 0.13933621861963144, 0.14188115328574524, 0.14188115328574524, 0.14188115328574524, 0.15812516383669564, 0.15812516383669564, 0.15812516383669564, 0.1593181895943466, 0.1593181895943466, 0.1593181895943466, 0.16314070386912075, 0.16314070386912075, 0.16314070386912075, 0.17069594466862056, 0.17069594466862056, 0.17069594466862056, 0.17428791812748232, 0.17428791812748232, 0.17428791812748232, 0.18107601383319766, 0.18107601383319766, 0.18107601383319766, 0.20155955658537797, 0.20155955658537797, 0.20155955658537797, 0.20974934619870378, 0.20974934619870378, 0.20974934619870378, 0.2138434483112418, 0.2138434483112418, 0.2138434483112418, 0.21747165981902838, 0.21747165981902838, 0.21747165981902838, 0.22272946448943579, 0.22272946448943579, 0.22272946448943579, 0.22781847743648648, 0.22781847743648648, 0.22781847743648648, 0.23320787560472195, 0.23320787560472195, 0.23320787560472195, 0.23716144194728675, 0.23716144194728675, 0.23716144194728675, 0.24121510134812207, 0.24121510134812207, 0.24121510134812207, 0.2452458668394667, 0.2452458668394667, 0.2452458668394667, 0.2478101320979999, 0.2478101320979999, 0.2478101320979999, 0.25307917829577625, 0.25307917829577625, 0.25307917829577625, 0.2542188496325112, 0.2542188496325112, 0.2542188496325112, 0.2566981746933677, 0.2566981746933677, 0.2566981746933677, 0.2619015869482741, 0.2619015869482741, 0.2619015869482741, 0.2659476553759653, 0.2659476553759653, 0.2659476553759653, 0.2686658476182086, 0.2686658476182086, 0.2686658476182086, 0.27533342507211445, 0.27533342507211445, 0.27533342507211445, 0.280204365765769, 0.280204365765769, 0.280204365765769, 0.2815668502877936, 0.2815668502877936, 0.2815668502877936, 0.28548199689703035, 0.28548199689703035, 0.28548199689703035, 0.2991354662923889, 0.2991354662923889, 0.2991354662923889, 0.30306951017142053, 0.30306951017142053, 0.30306951017142053, 0.3054980937664588, 0.3054980937664588, 0.3054980937664588, 0.30813712421546535, 0.30813712421546535, 0.30813712421546535, 0.31769185525213917, 0.31769185525213917, 0.31769185525213917, 0.3215703162397699, 0.3215703162397699, 0.3215703162397699, 0.32699470555916393, 0.32699470555916393, 0.32699470555916393, 0.3318966772143567, 0.3318966772143567, 0.3318966772143567, 0.334541395275065, 0.334541395275065, 0.334541395275065, 0.33727297944119516, 0.33727297944119516, 0.33727297944119516, 0.3409545826923683, 0.3409545826923683, 0.3409545826923683, 0.3422115462106178, 0.3422115462106178, 0.3422115462106178, 0.34485395963170434, 0.34485395963170434, 0.34485395963170434, 0.3475047015403627, 0.3475047015403627, 0.3475047015403627, 0.3495059990266138, 0.3495059990266138, 0.3495059990266138, 0.35471281858430215, 0.35471281858430215, 0.35471281858430215, 0.35670737143793074, 0.35670737143793074, 0.35670737143793074, 0.3587688001170587, 0.3587688001170587, 0.3587688001170587, 0.3623693499333456, 0.3623693499333456, 0.3623693499333456, 0.3689860339953905, 0.3689860339953905, 0.3689860339953905, 0.3730053475651869, 0.3730053475651869, 0.3730053475651869, 0.3743711400058222, 0.3743711400058222, 0.3743711400058222, 0.3799843041875597, 0.3799843041875597, 0.3799843041875597, 0.3909079493080456, 0.3909079493080456, 0.3909079493080456, 0.39715650233495203, 0.39715650233495203, 0.39715650233495203, 0.40306193267312823, 0.40306193267312823, 0.40306193267312823, 0.40767439154527896, 0.40767439154527896, 0.40767439154527896, 0.4089547149299144, 0.4089547149299144, 0.4089547149299144, 0.4130242159570392, 0.4130242159570392, 0.4130242159570392, 0.41702697776251, 0.41702697776251, 0.41702697776251, 0.41973665980681973, 0.41973665980681973, 0.41973665980681973, 0.42096657670041054, 0.42096657670041054, 0.42096657670041054, 0.42633731089162896, 0.42633731089162896, 0.42633731089162896, 0.4277031045510307, 0.4277031045510307, 0.4277031045510307, 0.4358232769751584, 0.4358232769751584, 0.4358232769751584, 0.43682325087834634, 0.43682325087834634, 0.43682325087834634, 0.4417449907506441, 0.4417449907506441, 0.4417449907506441, 0.4444127858271218, 0.4444127858271218, 0.4444127858271218, 0.4552844546557748, 0.4552844546557748, 0.4552844546557748, 0.468280322829158, 0.468280322829158, 0.468280322829158, 0.47914311478588567, 0.47914311478588567, 0.47914311478588567, 0.4832130718798892, 0.4832130718798892, 0.4832130718798892, 0.48866155102467396, 0.48866155102467396, 0.48866155102467396, 0.49116421096316354, 0.49116421096316354, 0.49116421096316354, 0.49660366508127596, 0.49660366508127596, 0.49660366508127596, 0.49760037956778547, 0.49760037956778547, 0.49760037956778547, 0.5016582386834102, 0.5016582386834102, 0.5016582386834102, 0.5139408979719237, 0.5139408979719237, 0.5139408979719237, 0.5179980991951044, 0.5179980991951044, 0.5179980991951044, 0.5233809341209064, 0.5233809341209064, 0.5233809341209064, 0.5294276593497955, 0.5294276593497955, 0.5294276593497955, 0.5321493927024117, 0.5321493927024117, 0.5321493927024117, 0.5435517697496864, 0.5435517697496864, 0.5435517697496864, 0.5499364976779663, 0.5499364976779663, 0.5499364976779663, 0.5540012999129718, 0.5540012999129718, 0.5540012999129718, 0.5573838391563648, 0.5573838391563648, 0.5573838391563648, 0.5618985922465044, 0.5618985922465044, 0.5618985922465044, 0.5673334817978677, 0.5673334817978677, 0.5673334817978677, 0.5724743267735362, 0.5724743267735362, 0.5724743267735362, 0.5788550642426474, 0.5788550642426474, 0.5788550642426474, 0.5841005646707659, 0.5841005646707659, 0.5841005646707659, 0.5867498513489651, 0.5867498513489651, 0.5867498513489651, 0.592002459917208, 0.592002459917208, 0.592002459917208, 0.6000905202224416, 0.6000905202224416, 0.6000905202224416, 0.6046110184453136, 0.6046110184453136, 0.6046110184453136, 0.6085635595271945, 0.6085635595271945, 0.6085635595271945, 0.6180077992490265, 0.6180077992490265, 0.6180077992490265, 0.6259556162725318, 0.6259556162725318, 0.6259556162725318, 0.6286872032910455, 0.6286872032910455, 0.6286872032910455, 0.6338897219408052, 0.6338897219408052, 0.6338897219408052, 0.6390856004948663, 0.6390856004948663, 0.6390856004948663, 0.6513375900061301, 0.6513375900061301, 0.6513375900061301, 0.6539604172939947, 0.6539604172939947, 0.6539604172939947, 0.6619849040505633, 0.6619849040505633, 0.6619849040505633, 0.6639299601190723, 0.6639299601190723, 0.6639299601190723, 0.6679948895008126, 0.6679948895008126, 0.6679948895008126, 0.6756313052633702, 0.6756313052633702, 0.6756313052633702, 0.6780453072024651, 0.6780453072024651, 0.6780453072024651, 0.6808135978321652, 0.6808135978321652, 0.6808135978321652, 0.6829280029982923, 0.6829280029982923, 0.6829280029982923, 0.6897282069058375, 0.6897282069058375, 0.6897282069058375, 0.695150724473496, 0.695150724473496, 0.695150724473496, 0.6988188688367103, 0.6988188688367103, 0.6988188688367103, 0.7093093715686299, 0.7093093715686299, 0.7093093715686299, 0.7147688694005877, 0.7147688694005877, 0.7147688694005877, 0.7213881863535104, 0.7213881863535104, 0.7213881863535104, 0.7291293791402291, 0.7291293791402291, 0.7291293791402291, 0.7345586842689622, 0.7345586842689622, 0.7345586842689622, 0.7397102134228641, 0.7397102134228641, 0.7397102134228641, 0.7420305708458761, 0.7420305708458761, 0.7420305708458761, 0.7474238902063685, 0.7474238902063685, 0.7474238902063685, 0.7542360552413012, 0.7542360552413012, 0.7542360552413012, 0.7608966920121522, 0.7608966920121522, 0.7608966920121522, 0.7675492917094688, 0.7675492917094688, 0.7675492917094688, 0.7716466727570367, 0.7716466727570367, 0.7716466727570367, 0.7756610808562177, 0.7756610808562177, 0.7756610808562177, 0.7810884022950203, 0.7810884022950203, 0.7810884022950203, 0.7878700768080199, 0.7878700768080199, 0.7878700768080199, 0.7903848758629975, 0.7903848758629975, 0.7903848758629975, 0.7957395163133301, 0.7957395163133301, 0.7957395163133301, 0.8011848064737307, 0.8011848064737307, 0.8011848064737307, 0.806405447381824, 0.806405447381824, 0.806405447381824, 0.813178004804428, 0.813178004804428, 0.813178004804428, 0.8183263958829485, 0.8183263958829485, 0.8183263958829485, 0.8221572742877965, 0.8221572742877965, 0.8221572742877965, 0.8248707815666066, 0.8248707815666066, 0.8248707815666066, 0.8303055730224466, 0.8303055730224466, 0.8303055730224466, 0.8349959234834554, 0.8349959234834554, 0.8349959234834554, 0.8377041969281668, 0.8377041969281668, 0.8377041969281668, 0.8401872890519675, 0.8401872890519675, 0.8401872890519675, 0.8470137336207434, 0.8470137336207434, 0.8470137336207434, 0.8616457386479864, 0.8616457386479864, 0.8616457386479864, 0.8680613693067504, 0.8680613693067504, 0.8680613693067504, 0.8734415285837887, 0.8734415285837887, 0.8734415285837887, 0.8775096742011236, 0.8775096742011236, 0.8775096742011236, 0.8788283462126495, 0.8788283462126495, 0.8788283462126495, 0.8835976640641667, 0.8835976640641667, 0.8835976640641667, 0.888946066371245, 0.888946066371245, 0.888946066371245, 0.8978232096260673, 0.8978232096260673, 0.8978232096260673, 0.9046437404382532, 0.9046437404382532, 0.9046437404382532, 0.907674915135728, 0.907674915135728, 0.907674915135728, 0.9110827854101596, 0.9110827854101596, 0.9110827854101596, 0.916545957658795, 0.916545957658795, 0.916545957658795, 0.9215421329978678, 0.9215421329978678, 0.9215421329978678, 0.926540489335155, 0.926540489335155, 0.926540489335155, 0.9319712559169973, 0.9319712559169973, 0.9319712559169973, 0.9387179405226007, 0.9387179405226007, 0.9387179405226007, 0.9414495263270501, 0.9414495263270501, 0.9414495263270501, 0.9441338253731374, 0.9441338253731374, 0.9441338253731374, 0.9463016548500205, 0.9463016548500205, 0.9463016548500205, 0.9512809288308052, 0.9512809288308052, 0.9512809288308052, 0.9539941822983429, 0.9539941822983429, 0.9539941822983429, 0.9606828362375119, 0.9606828362375119, 0.9606828362375119, 0.96332377193688, 0.96332377193688, 0.96332377193688, 0.9686497021109863, 0.9686497021109863, 0.9686497021109863, 0.9720552945417673, 0.9720552945417673, 0.9720552945417673, 0.9760564738233923, 0.9760564738233923, 0.9760564738233923, 0.979694878300955, 0.979694878300955, 0.979694878300955, 0.9864334291470904, 0.9864334291470904, 0.9864334291470904, 0.9890924422659647, 0.9890924422659647, 0.9890924422659647, 0.9945399655099794, 0.9945399655099794, 0.9945399655099794]",0.0030238901189180065,9.96701750649725e-06,0.003157058362858889,0.0067770310720462875,0.00814467465096887,,,24337.418621432585,156.00454679730518,29.290599981322885,1.8306624988326803,13,"[0.0390036404132843, 0.060312774032354355, 0.1018717810511589, 0.1801154613494873, 0.24109356105327606, 0.325024276971817, 0.46455809473991394, 0.5110266804695129, 0.686583936214447, 0.762374222278595, 0.7887011766433716, 0.8230843544006348, 0.8863727450370789]",0.003012602212947732,0.054887177126791024,1e-05,tolerance_polyline_fallback_pass,True,True,measured mean squared Euclidean error on the supplied normalized ordered reference points; not a continuous-curve or global-minimality guarantee,False,False,,,580,,764,28,13,13,563,False,False,False,True,True,194,9.967017506497248e-06,192,0,True,False,False,False,580,3,61,60,0,0.0,516.9133000308648
natural_earth_10m_coastline_b49171b8e1ee_w000_b49171b8,natural_earth_10m_coastline,natural_earth_10m_coastline:tile:lon-050.000:lat-25.000:size5deg,test,768,192,certified,60,"[0.07967643344518585, 0.07967643344518585, 0.07967643344518585, 0.09922649544209342, 0.09922649544209342, 0.09922649544209342, 0.12272503015283619, 0.12272503015283619, 0.12272503015283619, 0.16843951106316918, 0.16843951106316918, 0.16843951106316918, 0.19442767361093774, 0.19442767361093774, 0.19442767361093774, 0.23746237770261275, 0.23746237770261275, 0.23746237770261275, 0.2753186403328379, 0.2753186403328379, 0.2753186403328379, 0.42270978742068516, 0.42270978742068516, 0.42270978742068516, 0.45794115068046515, 0.45794115068046515, 0.45794115068046515, 0.5258562007624363, 0.5258562007624363, 0.5258562007624363, 0.5924620860621486, 0.5924620860621486, 0.5924620860621486, 0.6081361372242892, 0.6081361372242892, 0.6081361372242892, 0.6224249990817926, 0.6224249990817926, 0.6224249990817926, 0.6326843889496504, 0.6326843889496504, 0.6326843889496504, 0.7097474277707974, 0.7097474277707974, 0.7097474277707974, 0.8011732547578444, 0.8011732547578444, 0.8011732547578444, 0.8338227349046801, 0.8338227349046801, 0.8338227349046801, 0.8828742297328371, 0.8828742297328371, 0.8828742297328371, 0.919446067914525, 0.919446067914525, 0.919446067914525, 0.9595588531985585, 0.9595588531985585, 0.9595588531985585]",0.00021363641465725866,9.45390815316824e-06,0.0030747208252406007,0.008514760063937192,0.01303310733335884,,,533.4062692887516,23.095589823357003,29.290599981322885,1.8306624988326803,17,"[0.10647084563970566, 0.14893266558647156, 0.1950232982635498, 0.21183158457279205, 0.2685835659503937, 0.280795156955719, 0.30912309885025024, 0.3829982280731201, 0.4107438325881958, 0.46790072321891785, 0.5395405888557434, 0.6114547252655029, 0.6372508406639099, 0.7464396357536316, 0.8040931224822998, 0.8429878950119019, 0.9019613862037659]",0.00024035788390191592,0.015503479735269625,1e-05,tolerance_polyline_fallback_pass,True,True,measured mean squared Euclidean error on the supplied normalized ordered reference points; not a continuous-curve or global-minimality guarantee,False,False,,,64,,764,28,17,17,43,False,False,False,True,True,22,9.453908153168253e-06,20,0,True,False,False,False,64,3,45,44,0,0.0,249.21589996665716
natural_earth_10m_coastline_24a105a6e974_w000_24a105a6,natural_earth_10m_coastline,natural_earth_10m_coastline:tile:lon+120.000:lat+05.000:size5deg,test,768,192,certified,26,"[0.017870259309590266, 0.0460546694046254, 0.11258212523796422, 0.1827361818842035, 0.1900226908177971, 0.22002546769934675, 0.250933539597456, 0.2553228850617748, 0.2911391908105142, 0.29871638712580684, 0.3156698681477534, 0.3317956670474691, 0.36098899022273767, 0.3641467413027781, 0.4048800865676918, 0.45633848968614954, 0.4762054551916665, 0.546122084728346, 0.6347766003214179, 0.6582474028370955, 0.7096069637084741, 0.767712484040153, 0.7852039048562833, 0.8274089795078079, 0.853886007688357, 0.8939150049836554]",8.577303316225663e-05,9.601737320627601e-06,0.0030986670231936187,0.006454011221837365,0.018042827047276527,,,378.4667879268296,19.45422288159642,29.290599981322885,1.8306624988326803,15,"[0.18362753093242645, 0.22007861733436584, 0.25174763798713684, 0.29712122678756714, 0.35772040486335754, 0.4003094732761383, 0.45181798934936523, 0.4723680019378662, 0.5447548031806946, 0.6365005970001221, 0.660781979560852, 0.7732647657394409, 0.8306248784065247, 0.8554660081863403, 0.8962998986244202]",8.727062713871213e-05,0.009341874926304256,1e-05,adaptive_insertion_pass,True,True,measured mean squared Euclidean error on the supplied normalized ordered reference points; not a continuous-curve or global-minimality guarantee,False,False,,True,30,30,764,28,15,15,11,False,False,False,False,False,,,0,0,False,False,False,False,30,1,45,44,0,0.0,206.8734000204131
natural_earth_10m_coastline_77a165d5d94d_w000_77a165d5,natural_earth_10m_coastline,natural_earth_10m_coastline:tile:lon-010.000:lat+55.000:size5deg,test,768,192,certified,30,"[0.1174242879755907, 0.1174242879755907, 0.1174242879755907, 0.2060080364404991, 0.2060080364404991, 0.2060080364404991, 0.31273916470644925, 0.31273916470644925, 0.31273916470644925, 0.4092423031550822, 0.4092423031550822, 0.4092423031550822, 0.4744686303883563, 0.4744686303883563, 0.4744686303883563, 0.5436112307868438, 0.5436112307868438, 0.5436112307868438, 0.632331806084103, 0.632331806084103, 0.632331806084103, 0.6922412166788009, 0.6922412166788009, 0.6922412166788009, 0.7847685656028893, 0.7847685656028893, 0.7847685656028893, 0.8473484306529184, 0.8473484306529184, 0.8473484306529184]",0.0003244392282113801,8.367139960487666e-07,0.0009147207202467683,0.0022648805107149655,0.003168009660461676,,,8.48705252861096,2.913254628179789,29.290599981322885,1.8306624988326803,15,"[0.13799189031124115, 0.1849178522825241, 0.2241220772266388, 0.25598886609077454, 0.29131409525871277, 0.3317003846168518, 0.3726709485054016, 0.41211044788360596, 0.4602663218975067, 0.5165742039680481, 0.6002880334854126, 0.7032603621482849, 0.7990930676460266, 0.8165604472160339, 0.8608872890472412]",0.00032222062813691885,0.017950504954928673,1e-05,tolerance_polyline_fallback_pass,True,True,measured mean squared Euclidean error on the supplied normalized ordered reference points; not a continuous-curve or global-minimality guarantee,False,False,,,34,,764,28,15,15,15,False,False,False,True,True,12,8.367139960487631e-07,10,0,True,False,False,False,34,3,53,52,0,0.0,288.63490000367165
natural_earth_10m_coastline_bb63a035f660_w000_bb63a035,natural_earth_10m_coastline,natural_earth_10m_coastline:tile:lon-005.000:lat+55.000:size5deg,test,768,192,certified,57,"[0.06263719771331465, 0.06263719771331465, 0.06263719771331465, 0.12521549291358577, 0.12521549291358577, 0.12521549291358577, 0.17332697359915705, 0.17332697359915705, 0.17332697359915705, 0.2150808176904617, 0.2150808176904617, 0.2150808176904617, 0.23334127038983743, 0.23334127038983743, 0.23334127038983743, 0.2607310641527523, 0.2607310641527523, 0.2607310641527523, 0.3429413160467014, 0.3429413160467014, 0.3429413160467014, 0.36773519988508113, 0.36773519988508113, 0.36773519988508113, 0.40156548631393335, 0.40156548631393335, 0.40156548631393335, 0.41983466485853843, 0.41983466485853843, 0.41983466485853843, 0.4405048229663228, 0.4405048229663228, 0.4405048229663228, 0.49784178268087664, 0.49784178268087664, 0.49784178268087664, 0.5578690873743906, 0.5578690873743906, 0.5578690873743906, 0.6100654572105463, 0.6100654572105463, 0.6100654572105463, 0.6725026370873813, 0.6725026370873813, 0.6725026370873813, 0.7338348825679862, 0.7338348825679862, 0.7338348825679862, 0.7925529736113214, 0.7925529736113214, 0.7925529736113214, 0.8551780197622462, 0.8551780197622462, 0.8551780197622462, 0.9295463368009509, 0.9295463368009509, 0.9295463368009509]",9.793322898398202e-05,4.601607046050764e-06,0.0021451356707795346,0.003966675485322379,0.020283931700911535,,,121.22215178543829,11.010093177872669,29.290599981322885,1.8306624988326803,17,"[0.08362771570682526, 0.14130905270576477, 0.1968693733215332, 0.23260009288787842, 0.2568753957748413, 0.2967336177825928, 0.3402692377567291, 0.36213505268096924, 0.42079803347587585, 0.4635505974292755, 0.501832127571106, 0.6029291152954102, 0.6389452219009399, 0.6913866400718689, 0.7331802845001221, 0.7850067019462585, 0.8041313290596008]",0.00010288287888686916,0.010143119780761201,1e-05,tolerance_polyline_fallback_pass,True,True,measured mean squared Euclidean error on the supplied normalized ordered reference points; not a continuous-curve or global-minimality guarantee,False,False,,,61,,764,28,17,17,40,False,False,False,True,True,21,4.601607046050737e-06,19,0,True,False,False,False,61,3,45,44,0,5.551115123125783e-17,252.01240001479164
natural_earth_10m_coastline_498b9bd21bdf_w000_498b9bd2,natural_earth_10m_coastline,natural_earth_10m_coastline:tile:lon+020.000:lat+65.000:size5deg,test,768,192,certified,45,"[0.03391728439817639, 0.03391728439817639, 0.03391728439817639, 0.15005015495647578, 0.15005015495647578, 0.15005015495647578, 0.1969324689706402, 0.1969324689706402, 0.1969324689706402, 0.24387988034575367, 0.24387988034575367, 0.24387988034575367, 0.29607505386728733, 0.29607505386728733, 0.29607505386728733, 0.3508732283790365, 0.3508732283790365, 0.3508732283790365, 0.4042496579414979, 0.4042496579414979, 0.4042496579414979, 0.5422652818918637, 0.5422652818918637, 0.5422652818918637, 0.6778639995577551, 0.6778639995577551, 0.6778639995577551, 0.7065516367363575, 0.7065516367363575, 0.7065516367363575, 0.7965883138620294, 0.7965883138620294, 0.7965883138620294, 0.8278315517308981, 0.8278315517308981, 0.8278315517308981, 0.8604535347651279, 0.8604535347651279, 0.8604535347651279, 0.8877804289826018, 0.8877804289826018, 0.8877804289826018, 0.9282316360277985, 0.9282316360277985, 0.9282316360277985]",4.193834396988222e-05,9.95713930257114e-06,0.0031554935117301605,0.008795839981862678,0.015535874910918747,,,574.3454216619659,23.96550482802242,29.290599981322885,1.8306624988326803,25,"[0.044545773416757584, 0.07441892474889755, 0.10931167006492615, 0.1478593498468399, 0.188154399394989, 0.246723473072052, 0.3251623809337616, 0.37804755568504333, 0.42391884326934814, 0.4567316174507141, 0.4900408983230591, 0.5188271403312683, 0.5436815023422241, 0.5816270112991333, 0.6158091425895691, 0.6476808190345764, 0.6717742085456848, 0.6969935297966003, 0.7388647198677063, 0.7779258489608765, 0.8041185140609741, 0.8257297873497009, 0.8489000201225281, 0.8725404143333435, 0.9088510274887085]",6.96265952138856e-05,0.008344255222240365,1e-05,tolerance_polyline_fallback_pass,True,True,measured mean squared Euclidean error on the supplied normalized ordered reference points; not a continuous-curve or global-minimality guarantee,False,False,,,49,,764,28,25,25,20,False,False,False,True,True,17,9.957139302571168e-06,15,0,True,False,False,False,49,3,13,12,0,0.0,118.84419998386875
natural_earth_10m_coastline_ad3a952786e8_w000_ad3a9527,natural_earth_10m_coastline,natural_earth_10m_coastline:tile:lon+175.000:lat-50.000:size5deg,test,768,192,certified,25,"[0.06620036063703967, 0.08998439023463274, 0.10865919166394863, 0.1505760660823353, 0.2106867755305185, 0.25891807952514145, 0.28667361415724374, 0.31312753074389266, 0.3292087876205171, 0.33111328439470894, 0.3943497942265092, 0.45181275015068456, 0.4891218481126228, 0.5266588398194506, 0.5612298741461567, 0.5968973645040834, 0.6253531777409838, 0.6592074835104772, 0.6916789638337368, 0.7321896258943293, 0.7928455476337599, 0.8048807009275795, 0.8321736676366808, 0.8634518579849756, 0.9012698760895413]",2.7396196417013357e-05,7.979040608746832e-06,0.0028247195628498824,0.005704111088020558,0.010596089764747066,,,341.8700701744217,18.489728775036742,29.290599981322885,1.8306624988326803,23,"[0.06876730173826218, 0.10709501802921295, 0.14966411888599396, 0.2069801241159439, 0.253154993057251, 0.2824476659297943, 0.3086763322353363, 0.3254969120025635, 0.39493826031684875, 0.45210331678390503, 0.4875565469264984, 0.5261245965957642, 0.5619410276412964, 0.5976603031158447, 0.627735435962677, 0.6617056131362915, 0.6940230131149292, 0.7340480089187622, 0.7920048832893372, 0.8041126728057861, 0.8296390771865845, 0.8619493842124939, 0.9010570645332336]",2.6994947146664568e-05,0.005195666188917892,1e-05,adaptive_insertion_pass,True,True,measured mean squared Euclidean error on the supplied normalized ordered reference points; not a continuous-curve or global-minimality guarantee,False,False,,True,29,29,764,28,23,23,2,False,False,False,False,False,,,0,0,False,False,False,False,29,1,9,8,0,0.0,72.0623999950476
natural_earth_10m_coastline_654f7bd1824b_w000_654f7bd1,natural_earth_10m_coastline,natural_earth_10m_coastline:tile:lon+110.000:lat+00.000:size5deg,test,768,192,certified,51,"[0.05222605324145557, 0.05222605324145557, 0.05222605324145557, 0.08877889507298026, 0.08877889507298026, 0.08877889507298026, 0.1277643542465727, 0.1277643542465727, 0.1277643542465727, 0.16692335534559408, 0.16692335534559408, 0.16692335534559408, 0.21131549285405818, 0.21131549285405818, 0.21131549285405818, 0.39540080088783625, 0.39540080088783625, 0.39540080088783625, 0.472434232911573, 0.472434232911573, 0.472434232911573, 0.5507637400044058, 0.5507637400044058, 0.5507637400044058, 0.5581474246982224, 0.5581474246982224, 0.5581474246982224, 0.5815958027126328, 0.5815958027126328, 0.5815958027126328, 0.5920225253721302, 0.5920225253721302, 0.5920225253721302, 0.6137337987915292, 0.6137337987915292, 0.6137337987915292, 0.6319992718217715, 0.6319992718217715, 0.6319992718217715, 0.677660697689564, 0.677660697689564, 0.677660697689564, 0.7140859858440234, 0.7140859858440234, 0.7140859858440234, 0.7349764080670335, 0.7349764080670335, 0.7349764080670335, 0.8250445752040808, 0.8250445752040808, 0.8250445752040808]",0.0002026877032528665,7.215003246809838e-06,0.00268607580809065,0.00738983796044464,0.010966916275620301,,,4328.00756117017,65.78759428015414,29.290599981322885,1.8306624988326803,15,"[0.1267281025648117, 0.17008855938911438, 0.2124263048171997, 0.2613128423690796, 0.3303869962692261, 0.3799566626548767, 0.4079382121562958, 0.48669925332069397, 0.5263193845748901, 0.5439196228981018, 0.5607072114944458, 0.5897051095962524, 0.6384285092353821, 0.69853675365448, 0.8117136359214783]",0.00021435433223610399,0.01464084465582857,1e-05,tolerance_polyline_fallback_pass,True,True,measured mean squared Euclidean error on the supplied normalized ordered reference points; not a continuous-curve or global-minimality guarantee,False,False,,,55,,764,28,15,15,36,False,False,False,True,True,19,7.215003246809835e-06,17,0,True,False,False,False,55,3,53,52,0,0.0,290.78159999335185
natural_earth_10m_coastline_cd4cef32f5be_w000_cd4cef32,natural_earth_10m_coastline,natural_earth_10m_coastline:tile:lon+175.000:lat-20.000:size5deg,test,768,192,certified,30,"[0.033910953254688056, 0.033910953254688056, 0.033910953254688056, 0.11083627452826843, 0.11083627452826843, 0.11083627452826843, 0.23993709177988515, 0.23993709177988515, 0.23993709177988515, 0.3390341337392368, 0.3390341337392368, 0.3390341337392368, 0.4264200307440388, 0.4264200307440388, 0.4264200307440388, 0.5176128875923491, 0.5176128875923491, 0.5176128875923491, 0.5880433159865267, 0.5880433159865267, 0.5880433159865267, 0.650608931496342, 0.650608931496342, 0.650608931496342, 0.7105848911208442, 0.7105848911208442, 0.7105848911208442, 0.7808831100294156, 0.7808831100294156, 0.7808831100294156]",4.114798355296685e-05,9.197520894496067e-06,0.003032741481645949,0.006559461643614815,0.0184659369033985,,,109.20996105066008,10.450356981972437,29.290599981322885,1.8306624988326803,17,"[0.12822094559669495, 0.2092241644859314, 0.29056352376937866, 0.3426809012889862, 0.41554132103919983, 0.44545409083366394, 0.4603952169418335, 0.515582799911499, 0.5417509078979492, 0.6044313907623291, 0.6285595297813416, 0.7334083318710327, 0.7974995970726013, 0.8168096542358398, 0.8437989354133606, 0.8768186569213867, 0.9133113026618958]",4.1478976737123377e-05,0.006440417435005543,1e-05,tolerance_polyline_fallback_pass,True,True,measured mean squared Euclidean error on the supplied normalized ordered reference points; not a continuous-curve or global-minimality guarantee,False,False,,,34,,764,28,17,17,13,False,False,False,True,True,12,9.197520894496087e-06,11,1,True,False,False,False,34,3,45,44,0,2.7755575615628914e-17,251.3971999869682
natural_earth_10m_coastline_899f2a5bae0f_w000_899f2a5b,natural_earth_10m_coastline,natural_earth_10m_coastline:tile:lon+035.000:lat+65.000:size5deg,test,768,192,certified,96,"[0.032656455569167374, 0.032656455569167374, 0.032656455569167374, 0.06792935022292698, 0.06792935022292698, 0.06792935022292698, 0.09927726955263934, 0.09927726955263934, 0.09927726955263934, 0.1501719206844469, 0.1501719206844469, 0.1501719206844469, 0.172338605715044, 0.172338605715044, 0.172338605715044, 0.24549092529876215, 0.24549092529876215, 0.24549092529876215, 0.26374865858588425, 0.26374865858588425, 0.26374865858588425, 0.2765727546544151, 0.2765727546544151, 0.2765727546544151, 0.3314249860498277, 0.3314249860498277, 0.3314249860498277, 0.35492877923193494, 0.35492877923193494, 0.35492877923193494, 0.366672843521616, 0.366672843521616, 0.366672843521616, 0.39279481594806637, 0.39279481594806637, 0.39279481594806637, 0.41234764115553624, 0.41234764115553624, 0.41234764115553624, 0.4254116755226467, 0.4254116755226467, 0.4254116755226467, 0.4489164210863278, 0.4489164210863278, 0.4489164210863278, 0.46847131291746313, 0.46847131291746313, 0.46847131291746313, 0.5311024638587408, 0.5311024638587408, 0.5311024638587408, 0.541024652301404, 0.541024652301404, 0.541024652301404, 0.5671362781067094, 0.5671362781067094, 0.5671362781067094, 0.5997949965721328, 0.5997949965721328, 0.5997949965721328, 0.6098138326781717, 0.6098138326781717, 0.6098138326781717, 0.6267970794803032, 0.6267970794803032, 0.6267970794803032, 0.6972849889008804, 0.6972849889008804, 0.6972849889008804, 0.7390849204062376, 0.7390849204062376, 0.7390849204062376, 0.761293777697534, 0.761293777697534, 0.761293777697534, 0.7939384872068962, 0.7939384872068962, 0.7939384872068962, 0.8213546474834448, 0.8213546474834448, 0.8213546474834448, 0.8356490459602736, 0.8356490459602736, 0.8356490459602736, 0.8563496543196306, 0.8563496543196306, 0.8563496543196306, 0.8837841267053897, 0.8837841267053897, 0.8837841267053897, 0.9308103775239012, 0.9308103775239012, 0.9308103775239012, 0.9647271043846766, 0.9647271043846766, 0.9647271043846766]",0.000130627720211311,9.189503195297187e-06,0.0030314193367624327,0.008020929454134707,0.011605114294434522,,,1515.615144531317,38.930902179776375,29.290599981322885,1.8306624988326803,23,"[0.07412335276603699, 0.11314934492111206, 0.15470640361309052, 0.19338896870613098, 0.23017825186252594, 0.26895955204963684, 0.3012084662914276, 0.3231852650642395, 0.358732134103775, 0.40370088815689087, 0.4514620900154114, 0.489581823348999, 0.5176612138748169, 0.5526986122131348, 0.5860986113548279, 0.6317905783653259, 0.6451372504234314, 0.7399121522903442, 0.767137348651886, 0.8053282499313354, 0.8342657089233398, 0.8676221966743469, 0.9046114683151245]",0.00017872524793193968,0.013368816250212271,1e-05,tolerance_polyline_fallback_pass,True,True,measured mean squared Euclidean error on the supplied normalized ordered reference points; not a continuous-curve or global-minimality guarantee,False,False,,,100,,764,28,23,23,73,False,False,False,True,True,34,9.189503195297184e-06,32,0,True,False,False,False,100,3,21,20,0,0.0,209.93980002822354
natural_earth_10m_coastline_5148fa806eda_w000_5148fa80,natural_earth_10m_coastline,natural_earth_10m_coastline:tile:lon-150.000:lat+55.000:size5deg,test,768,192,certified,24,"[0.04529911476120347, 0.07488197462490709, 0.1085480636543866, 0.15328627198046801, 0.1572880407591717, 0.18910557639810788, 0.2231743888591217, 0.2601405941732525, 0.28887097497833764, 0.34339590631730676, 0.40084198221342626, 0.49280789501404276, 0.5508147927607645, 0.593566503003327, 0.627049502457675, 0.6307594027870127, 0.646250274743693, 0.701425045740805, 0.7766883231819031, 0.8045729455457922, 0.8167423228921622, 0.8332364478535641, 0.865443648015999, 0.9053604651927948]",5.118459414613599e-05,9.274106467114247e-06,0.0030453417652398632,0.00613151123580573,0.017621451425555552,,,76.90397855837183,8.769491351177207,29.290599981322885,1.8306624988326803,20,"[0.10744968801736832, 0.148086816072464, 0.1842835247516632, 0.2182178646326065, 0.2559035122394562, 0.28519168496131897, 0.3406164348125458, 0.3980492055416107, 0.4917438328266144, 0.5512563586235046, 0.5943928956985474, 0.6275199055671692, 0.645919144153595, 0.6992482542991638, 0.7750664353370667, 0.8031497597694397, 0.8154062032699585, 0.8320185542106628, 0.8644576668739319, 0.9046633839607239]",5.32644743763352e-05,0.007298251460201628,1e-05,adaptive_insertion_pass,True,True,measured mean squared Euclidean error on the supplied normalized ordered reference points; not a continuous-curve or global-minimality guarantee,False,False,,True,28,28,764,28,20,20,4,False,False,False,False,False,,,0,0,False,False,False,False,28,1,17,16,0,0.0,93.02989998832345
natural_earth_10m_coastline_7aab1d78d33e_w000_7aab1d78,natural_earth_10m_coastline,natural_earth_10m_coastline:tile:lon+010.000:lat+75.000:size5deg,test,768,192,certified,24,"[0.05866422694691261, 0.05866422694691261, 0.05866422694691261, 0.10431019630226021, 0.10431019630226021, 0.10431019630226021, 0.1395332315243596, 0.1395332315243596, 0.1395332315243596, 0.403077671330893, 0.403077671330893, 0.403077671330893, 0.4654704667428786, 0.4654704667428786, 0.4654704667428786, 0.7144286355764836, 0.7144286355764836, 0.7144286355764836, 0.8656258509258983, 0.8656258509258983, 0.8656258509258983, 0.9178054447650137, 0.9178054447650137, 0.9178054447650137]",9.447988254292661e-05,1.7421743127397097e-06,0.001319914509632995,0.002455767260494177,0.004807807781864962,,,30.47336462674394,5.520268528499672,27.039800013881177,1.6899875008675735,18,"[0.07642410695552826, 0.1162458285689354, 0.15637783706188202, 0.19255276024341583, 0.22439880669116974, 0.2547730505466461, 0.2736828029155731, 0.3128904402256012, 0.3790329396724701, 0.48022276163101196, 0.5710688829421997, 0.6469851732254028, 0.6744169592857361, 0.7375480532646179, 0.7829766273498535, 0.8039028644561768, 0.826328694820404, 0.8648438453674316]",9.340108469374783e-05,0.009664423660712925,1e-05,tolerance_polyline_fallback_pass,True,True,measured mean squared Euclidean error on the supplied normalized ordered reference points; not a continuous-curve or global-minimality guarantee,False,False,,,28,,764,28,18,18,6,False,False,False,True,True,10,1.742174312739718e-06,8,0,False,False,False,False,28,3,41,40,0,2.7755575615628914e-17,224.40210002241656
natural_earth_10m_coastline_042404d37e4f_w000_042404d3,natural_earth_10m_coastline,natural_earth_10m_coastline:tile:lon+095.000:lat+05.000:size5deg,test,768,192,certified,78,"[0.0140676966852175, 0.0140676966852175, 0.0140676966852175, 0.050651655221567116, 0.050651655221567116, 0.050651655221567116, 0.0728487484656126, 0.0728487484656126, 0.0728487484656126, 0.09894738542289368, 0.09894738542289368, 0.09894738542289368, 0.14990361525900797, 0.14990361525900797, 0.14990361525900797, 0.18113886111647617, 0.18113886111647617, 0.18113886111647617, 0.20457104572217236, 0.20457104572217236, 0.20457104572217236, 0.2646542172493344, 0.2646542172493344, 0.2646542172493344, 0.28947904801726015, 0.28947904801726015, 0.28947904801726015, 0.31947744068656037, 0.31947744068656037, 0.31947744068656037, 0.3429932547361707, 0.3429932547361707, 0.3429932547361707, 0.43967943750956495, 0.43967943750956495, 0.43967943750956495, 0.5010378081010948, 0.5010378081010948, 0.5010378081010948, 0.5135566571036924, 0.5135566571036924, 0.5135566571036924, 0.5370624187900115, 0.5370624187900115, 0.5370624187900115, 0.5651579124128007, 0.5651579124128007, 0.5651579124128007, 0.6213404236406105, 0.6213404236406105, 0.6213404236406105, 0.6447269594177071, 0.6447269594177071, 0.6447269594177071, 0.6669153385285155, 0.6669153385285155, 0.6669153385285155, 0.6982730200117176, 0.6982730200117176, 0.6982730200117176, 0.730928641801947, 0.730928641801947, 0.730928641801947, 0.7635825581081851, 0.7635825581081851, 0.7635825581081851, 0.7962283462438906, 0.7962283462438906, 0.7962283462438906, 0.8876865862619727, 0.8876865862619727, 0.8876865862619727, 0.9333699276390013, 0.9333699276390013, 0.9333699276390013, 0.9686423216305287, 0.9686423216305287, 0.9686423216305287]",0.0007540556942949513,6.33672055162625e-06,0.0025172843605016596,0.006385113735339058,0.01310996526804357,,,900.3445504365978,30.00574195777531,27.039800013881177,1.6899875008675735,16,"[0.07404938340187073, 0.12151464819908142, 0.1639368087053299, 0.20773229002952576, 0.24233263731002808, 0.316459983587265, 0.36902621388435364, 0.4743669033050537, 0.5790854692459106, 0.6180678009986877, 0.6633336544036865, 0.74724942445755, 0.8054822683334351, 0.8325275778770447, 0.8645479083061218, 0.9036101698875427]",0.0007851274339205565,0.028020125515788762,1e-05,tolerance_polyline_fallback_pass,True,True,measured mean squared Euclidean error on the supplied normalized ordered reference points; not a continuous-curve or global-minimality guarantee,False,False,,,82,,764,28,16,16,62,False,False,False,True,True,28,6.336720551626237e-06,26,0,True,False,False,False,82,3,49,48,0,0.0,277.6369999628514
natural_earth_10m_coastline_be9ed8565d52_w000_be9ed856,natural_earth_10m_coastline,natural_earth_10m_coastline:tile:lon-080.000:lat+20.000:size5deg,test,768,192,certified,36,"[0.05347210683898691, 0.05347210683898691, 0.05347210683898691, 0.12522160274395958, 0.12522160274395958, 0.12522160274395958, 0.3913454830223329, 0.3913454830223329, 0.3913454830223329, 0.44089086105653263, 0.44089086105653263, 0.44089086105653263, 0.513917784220616, 0.513917784220616, 0.513917784220616, 0.5825939070004198, 0.5825939070004198, 0.5825939070004198, 0.6295535016766051, 0.6295535016766051, 0.6295535016766051, 0.6765098245556077, 0.6765098245556077, 0.6765098245556077, 0.7351977722982586, 0.7351977722982586, 0.7351977722982586, 0.8017268594379087, 0.8017268594379087, 0.8017268594379087, 0.8669536740914378, 0.8669536740914378, 0.8669536740914378, 0.930872554593966, 0.930872554593966, 0.930872554593966]",3.24281536023082e-05,1.5026936752518323e-07,0.0003876459306186294,0.0009648826846647953,0.001741947333692094,,,5.8121681260302545,2.4108438618106844,27.039800013881177,1.6899875008675735,18,"[0.10807580500841141, 0.1595580130815506, 0.20370225608348846, 0.253459095954895, 0.2942379415035248, 0.32978588342666626, 0.3744035065174103, 0.4142514765262604, 0.45303621888160706, 0.5009679794311523, 0.5602326393127441, 0.5863130688667297, 0.6404752135276794, 0.6889336109161377, 0.7283364534378052, 0.7588002681732178, 0.8114234805107117, 0.8665561676025391]",3.30337114618556e-05,0.005747496103683377,1e-05,tolerance_polyline_fallback_pass,True,True,measured mean squared Euclidean error on the supplied normalized ordered reference points; not a continuous-curve or global-minimality guarantee,False,False,,,40,,764,28,18,18,18,False,False,False,True,True,14,1.5026936752518535e-07,12,0,True,False,False,False,40,3,41,40,0,0.0,236.66659998707473
natural_earth_10m_coastline_b49fdafea8da_w000_b49fdafe,natural_earth_10m_coastline,natural_earth_10m_coastline:tile:lon+135.000:lat-15.000:size5deg,test,768,192,certified,66,"[0.03922391085817972, 0.03922391085817972, 0.03922391085817972, 0.09015652059106734, 0.09015652059106734, 0.09015652059106734, 0.11500799850048975, 0.11500799850048975, 0.11500799850048975, 0.24316720146981813, 0.24316720146981813, 0.24316720146981813, 0.2744351643290164, 0.2744351643290164, 0.2744351643290164, 0.3028439747881244, 0.3028439747881244, 0.3028439747881244, 0.3612335023831264, 0.3612335023831264, 0.3612335023831264, 0.39654875944209195, 0.39654875944209195, 0.39654875944209195, 0.4236228698012955, 0.4236228698012955, 0.4236228698012955, 0.453311756923996, 0.453311756923996, 0.453311756923996, 0.49516687668423537, 0.49516687668423537, 0.49516687668423537, 0.5408756380177377, 0.5408756380177377, 0.5408756380177377, 0.5866408899130978, 0.5866408899130978, 0.5866408899130978, 0.6185942421884199, 0.6185942421884199, 0.6185942421884199, 0.647369636871231, 0.647369636871231, 0.647369636871231, 0.6863879546351104, 0.6863879546351104, 0.6863879546351104, 0.725617230791259, 0.725617230791259, 0.725617230791259, 0.768766110363785, 0.768766110363785, 0.768766110363785, 0.8367635204811197, 0.8367635204811197, 0.8367635204811197, 0.8838346078203126, 0.8838346078203126, 0.8838346078203126, 0.917762709837081, 0.917762709837081, 0.917762709837081, 0.9529129884642362, 0.9529129884642362, 0.9529129884642362]",0.0003910373964982242,9.78665033708817e-06,0.0031283622451832795,0.005740370390239371,0.02086832175515973,,,1368.4167004572412,36.99211673393726,27.039800013881177,1.6899875008675735,16,"[0.23219983279705048, 0.3155868649482727, 0.3536377549171448, 0.3732302486896515, 0.40143099427223206, 0.4326992630958557, 0.47107797861099243, 0.529121458530426, 0.5852031707763672, 0.6179306507110596, 0.688309371471405, 0.7342562079429626, 0.7783725261688232, 0.8225260376930237, 0.8578692674636841, 0.898349940776825]",0.0004048000908193951,0.0201196444009181,1e-05,tolerance_polyline_fallback_pass,True,True,measured mean squared Euclidean error on the supplied normalized ordered reference points; not a continuous-curve or global-minimality guarantee,False,False,,,70,,764,28,16,16,50,False,False,False,True,True,24,9.78665033708823e-06,23,1,True,False,False,False,70,3,49,48,0,0.0,287.3092000372708
natural_earth_10m_coastline_8f1438b250ee_w000_8f1438b2,natural_earth_10m_coastline,natural_earth_10m_coastline:tile:lon+090.000:lat+10.000:size5deg,test,768,192,certified,22,"[0.04671261253644325, 0.09128794854146043, 0.14616654334891702, 0.21095906092500455, 0.26032394646705725, 0.31298192449590306, 0.33842363809684994, 0.3686814196492174, 0.4051025040776946, 0.4436382218090285, 0.4674598471731381, 0.5080791107308624, 0.5174840218769451, 0.530212619285875, 0.5466203156826729, 0.5810567731021845, 0.6191945447185986, 0.6653114951871524, 0.7210437911209964, 0.7678709683309203, 0.8035510008910746, 0.8930616656281102]",5.893228189879625e-05,6.008672493882734e-06,0.0024512593689535863,0.0051856465922484754,0.013621768654348311,,,99.84142465332353,9.992068086903908,27.039800013881177,1.6899875008675735,18,"[0.14729130268096924, 0.21253466606140137, 0.2617361545562744, 0.31551283597946167, 0.3414805829524994, 0.3712358772754669, 0.40834715962409973, 0.4476630389690399, 0.4720822274684906, 0.5117625594139099, 0.5317278504371643, 0.5492191910743713, 0.5838460326194763, 0.6221978664398193, 0.666569709777832, 0.7229263186454773, 0.7699271440505981, 0.8041045069694519]",5.989832734398467e-05,0.007739400968032647,1e-05,adaptive_insertion_pass,True,True,measured mean squared Euclidean error on the supplied normalized ordered reference points; not a continuous-curve or global-minimality guarantee,False,False,,True,26,26,764,28,18,18,4,False,False,False,False,False,,,0,0,False,False,False,False,26,1,17,16,0,0.0,127.83459998900071
natural_earth_10m_coastline_197c14b01260_w000_197c14b0,natural_earth_10m_coastline,natural_earth_10m_coastline:tile:lon-080.000:lat+25.000:size5deg,test,768,192,certified,132,"[0.023516429190172012, 0.023516429190172012, 0.023516429190172012, 0.049706261861087314, 0.049706261861087314, 0.049706261861087314, 0.0627800987226002, 0.0627800987226002, 0.0627800987226002, 0.08768219659864017, 0.08768219659864017, 0.08768219659864017, 0.10208782925791304, 0.10208782925791304, 0.10208782925791304, 0.1400865343927476, 0.1400865343927476, 0.1400865343927476, 0.15056034764868217, 0.15056034764868217, 0.15056034764868217, 0.19512199112143255, 0.19512199112143255, 0.19512199112143255, 0.2331051495515145, 0.2331051495515145, 0.2331051495515145, 0.25011658795353314, 0.25011658795353314, 0.25011658795353314, 0.2763265133966891, 0.2763265133966891, 0.2763265133966891, 0.2959446088331271, 0.2959446088331271, 0.2959446088331271, 0.32734964367423597, 0.32734964367423597, 0.32734964367423597, 0.33094610848487, 0.33094610848487, 0.33094610848487, 0.3446752276522753, 0.3446752276522753, 0.3446752276522753, 0.3590761886129961, 0.3590761886129961, 0.3590761886129961, 0.3773603495173116, 0.3773603495173116, 0.3773603495173116, 0.40875805602807047, 0.40875805602807047, 0.40875805602807047, 0.4164625271205575, 0.4164625271205575, 0.4164625271205575, 0.4268277463744266, 0.4268277463744266, 0.4268277463744266, 0.45434216752404394, 0.45434216752404394, 0.45434216752404394, 0.48971122475154055, 0.48971122475154055, 0.48971122475154055, 0.501030834314757, 0.501030834314757, 0.501030834314757, 0.5128177971355102, 0.5128177971355102, 0.5128177971355102, 0.5495141643161883, 0.5495141643161883, 0.5495141643161883, 0.5757022796348824, 0.5757022796348824, 0.5757022796348824, 0.5927296392483588, 0.5927296392483588, 0.5927296392483588, 0.6136759012872199, 0.6136759012872199, 0.6136759012872199, 0.6201708894153671, 0.6201708894153671, 0.6201708894153671, 0.6319026407338786, 0.6319026407338786, 0.6319026407338786, 0.669899414013266, 0.669899414013266, 0.669899414013266, 0.6777293792545868, 0.6777293792545868, 0.6777293792545868, 0.7183556958840109, 0.7183556958840109, 0.7183556958840109, 0.7773209411225135, 0.7773209411225135, 0.7773209411225135, 0.8126547114954658, 0.8126547114954658, 0.8126547114954658, 0.8807815361163529, 0.8807815361163529, 0.8807815361163529, 0.8964698204076753, 0.8964698204076753, 0.8964698204076753, 0.9047423078318318, 0.9047423078318318, 0.9047423078318318, 0.9178377397399412, 0.9178377397399412, 0.9178377397399412, 0.9292436252659098, 0.9292436252659098, 0.9292436252659098, 0.9331597955757012, 0.9331597955757012, 0.9331597955757012, 0.947573648806746, 0.947573648806746, 0.947573648806746, 0.9502308184840587, 0.9502308184840587, 0.9502308184840587, 0.9882374981008933, 0.9882374981008933, 0.9882374981008933]",0.0007731479632533751,9.821692742922296e-06,0.003133957999546627,0.006714893553795551,0.011332220486607503,,,35621.05035587419,188.73539772886852,27.039800013881177,1.6899875008675735,15,"[0.2362612634897232, 0.30502837896347046, 0.4000830352306366, 0.4467572569847107, 0.47009822726249695, 0.5131105780601501, 0.5497461557388306, 0.5777409076690674, 0.6357329487800598, 0.6598477363586426, 0.7131355404853821, 0.7713482975959778, 0.83148193359375, 0.8639774918556213, 0.8970181345939636]",0.0009314937173727102,0.030520381999128224,1e-05,tolerance_polyline_fallback_pass,True,True,measured mean squared Euclidean error on the supplied normalized ordered reference points; not a continuous-curve or global-minimality guarantee,False,False,,,136,,764,28,15,15,117,False,False,False,True,True,46,9.82169274292227e-06,44,0,True,False,False,False,136,3,53,52,0,0.0,321.1035000276752
natural_earth_10m_coastline_0b2f7967fa0b_w000_0b2f7967,natural_earth_10m_coastline,natural_earth_10m_coastline:tile:lon-065.000:lat-45.000:size5deg,test,768,192,certified,25,"[0.0802835940984574, 0.1475833887854034, 0.19159875636615317, 0.20361122139156973, 0.23299783307245236, 0.29003524466924335, 0.32494841719437295, 0.36727688856906165, 0.3678430092700894, 0.3882520810776173, 0.4263130805280145, 0.47667539326988434, 0.5024667563309555, 0.5360497750049467, 0.5555379682002607, 0.5753591228298361, 0.6128762278758492, 0.698296833492683, 0.7209809722277607, 0.739940911424012, 0.7616765061849198, 0.84022637247436, 0.897136374329625, 0.8981768324019205, 0.9134194772581927]",4.554950348791012e-05,9.155796109893921e-06,0.0030258546081882256,0.006034210578837012,0.018242502911215024,,,1610.4506399225097,40.13042038058547,27.039800013881177,1.6899875008675735,22,"[0.08113082498311996, 0.147613525390625, 0.1924087554216385, 0.20456410944461823, 0.2337079495191574, 0.2900244891643524, 0.32545405626296997, 0.36502304673194885, 0.38363003730773926, 0.42135170102119446, 0.47299960255622864, 0.49925410747528076, 0.5321477651596069, 0.5521320104598999, 0.5724555253982544, 0.6108507513999939, 0.6983837485313416, 0.7204708456993103, 0.7400611639022827, 0.7622088193893433, 0.8393078446388245, 0.9114172458648682]",4.6718289200573295e-05,0.006835077848903646,1e-05,adaptive_insertion_pass,True,True,measured mean squared Euclidean error on the supplied normalized ordered reference points; not a continuous-curve or global-minimality guarantee,False,False,,True,29,29,764,28,22,22,3,False,False,False,False,False,,,0,0,False,False,False,False,29,1,13,12,0,0.0,82.59310002904385
natural_earth_10m_coastline_081aca25bdda_w000_081aca25,natural_earth_10m_coastline,natural_earth_10m_coastline:tile:lon-070.000:lat-70.000:size5deg,test,768,192,certified,21,"[0.09516358114175386, 0.09516358114175386, 0.09516358114175386, 0.212547796091695, 0.212547796091695, 0.212547796091695, 0.36647174806441585, 0.36647174806441585, 0.36647174806441585, 0.49952342041365716, 0.49952342041365716, 0.49952342041365716, 0.6008716199423654, 0.6008716199423654, 0.6008716199423654, 0.7221845604332016, 0.7221845604332016, 0.7221845604332016, 0.8708672662835095, 0.8708672662835095, 0.8708672662835095]",0.00016871222856712387,3.248966320332264e-07,0.0005699970456355247,0.0013876151883484918,0.001557094897922186,,,5.265955830725437,2.294767053695306,27.039800013881177,1.6899875008675735,13,"[0.13512635231018066, 0.1931162029504776, 0.26049450039863586, 0.2944328784942627, 0.3291001617908478, 0.35885173082351685, 0.43537816405296326, 0.4957497715950012, 0.5276088118553162, 0.6080965995788574, 0.6950559616088867, 0.7202843427658081, 0.8213672637939453]",0.0001699617230134713,0.013036936872343568,1e-05,tolerance_polyline_fallback_pass,True,True,measured mean squared Euclidean error on the supplied normalized ordered reference points; not a continuous-curve or global-minimality guarantee,False,False,,,25,,764,28,13,13,8,False,False,False,True,True,9,3.2489663203321223e-07,7,0,False,False,False,False,25,3,61,60,0,0.0,314.93669998599216
natural_earth_10m_coastline_fc0054f439fb_w000_fc0054f4,natural_earth_10m_coastline,natural_earth_10m_coastline:tile:lon-170.000:lat+65.000:size5deg,test,768,192,certified,39,"[0.09665341079336272, 0.09665341079336272, 0.09665341079336272, 0.13447271919823778, 0.13447271919823778, 0.13447271919823778, 0.1736566794734773, 0.1736566794734773, 0.1736566794734773, 0.24022015838895686, 0.24022015838895686, 0.24022015838895686, 0.4387522176216812, 0.4387522176216812, 0.4387522176216812, 0.45572804746816226, 0.45572804746816226, 0.45572804746816226, 0.4997003023898885, 0.4997003023898885, 0.4997003023898885, 0.6446718950398743, 0.6446718950398743, 0.6446718950398743, 0.6903865177502557, 0.6903865177502557, 0.6903865177502557, 0.7281787261776825, 0.7281787261776825, 0.7281787261776825, 0.7612400798051846, 0.7612400798051846, 0.7612400798051846, 0.9232004504274773, 0.9232004504274773, 0.9232004504274773, 0.9621221651697427, 0.9621221651697427, 0.9621221651697427]",0.00025134524328385426,1.5773120376605606e-06,0.0012559108398531166,0.002962732212461841,0.006231310746594775,,,57.736872179231746,7.5984782805001,27.039800013881177,1.6899875008675735,15,"[0.1403375118970871, 0.2449622005224228, 0.3550909757614136, 0.45807525515556335, 0.493571400642395, 0.5738898515701294, 0.6344559192657471, 0.6451238393783569, 0.7057236433029175, 0.7849087119102478, 0.8009128570556641, 0.8109472393989563, 0.8370223641395569, 0.8696568012237549, 0.9060262441635132]",0.00026720453782310614,0.016346392195928316,1e-05,tolerance_polyline_fallback_pass,True,True,measured mean squared Euclidean error on the supplied normalized ordered reference points; not a continuous-curve or global-minimality guarantee,False,False,,,43,,764,28,15,15,24,False,False,False,True,True,15,1.57731203766056e-06,13,0,True,False,False,False,43,3,53,52,0,0.0,277.2216000012122
natural_earth_10m_coastline_84e96915e7f4_w000_84e96915,natural_earth_10m_coastline,natural_earth_10m_coastline:tile:lon+125.000:lat+10.000:size5deg,test,768,192,certified,330,"[0.05067899491656558, 0.05067899491656558, 0.05067899491656558, 0.07515665037978778, 0.07515665037978778, 0.07515665037978778, 0.08716093973446738, 0.08716093973446738, 0.08716093973446738, 0.1031113364723031, 0.1031113364723031, 0.1031113364723031, 0.11375213508714263, 0.11375213508714263, 0.11375213508714263, 0.12173275947970749, 0.12173275947970749, 0.12173275947970749, 0.12543245367863856, 0.12543245367863856, 0.12543245367863856, 0.13073687182472032, 0.13073687182472032, 0.13073687182472032, 0.1384978797502563, 0.1384978797502563, 0.1384978797502563, 0.1441920448260112, 0.1441920448260112, 0.1441920448260112, 0.14684645877288646, 0.14684645877288646, 0.14684645877288646, 0.15444617234379154, 0.15444617234379154, 0.15444617234379154, 0.16086899323916107, 0.16086899323916107, 0.16086899323916107, 0.1768500590518763, 0.1768500590518763, 0.1768500590518763, 0.18208104463445504, 0.18208104463445504, 0.18208104463445504, 0.19403092353917786, 0.19403092353917786, 0.19403092353917786, 0.20331369363115542, 0.20331369363115542, 0.20331369363115542, 0.205981812078968, 0.205981812078968, 0.205981812078968, 0.20928536876300022, 0.20928536876300022, 0.20928536876300022, 0.2182679053989541, 0.2182679053989541, 0.2182679053989541, 0.2262270304547362, 0.2262270304547362, 0.2262270304547362, 0.23285546191519127, 0.23285546191519127, 0.23285546191519127, 0.23815039533843202, 0.23815039533843202, 0.23815039533843202, 0.24585876216603805, 0.24585876216603805, 0.24585876216603805, 0.2496687616729991, 0.2496687616729991, 0.2496687616729991, 0.2616249394789117, 0.2616249394789117, 0.2616249394789117, 0.26681204956247506, 0.26681204956247506, 0.26681204956247506, 0.2721339721208519, 0.2721339721208519, 0.2721339721208519, 0.27921615246113196, 0.27921615246113196, 0.27921615246113196, 0.2858748308655351, 0.2858748308655351, 0.2858748308655351, 0.29649412524405167, 0.29649412524405167, 0.29649412524405167, 0.3120794236692445, 0.3120794236692445, 0.3120794236692445, 0.3172642761897238, 0.3172642761897238, 0.3172642761897238, 0.33593099336185706, 0.33593099336185706, 0.33593099336185706, 0.34255468364609176, 0.34255468364609176, 0.34255468364609176, 0.34920688049525367, 0.34920688049525367, 0.34920688049525367, 0.3652037232697294, 0.3652037232697294, 0.3652037232697294, 0.37050214975330265, 0.37050214975330265, 0.37050214975330265, 0.37835810072209874, 0.37835810072209874, 0.37835810072209874, 0.38366076152336875, 0.38366076152336875, 0.38366076152336875, 0.39814095283800316, 0.39814095283800316, 0.39814095283800316, 0.40175077483090726, 0.40175077483090726, 0.40175077483090726, 0.4056643795429007, 0.4056643795429007, 0.4056643795429007, 0.4145297223259724, 0.4145297223259724, 0.4145297223259724, 0.4238479998709766, 0.4238479998709766, 0.4238479998709766, 0.4312027623789701, 0.4312027623789701, 0.4312027623789701, 0.43505210329841193, 0.43505210329841193, 0.43505210329841193, 0.4441553830438235, 0.4441553830438235, 0.4441553830438235, 0.45321951877352107, 0.45321951877352107, 0.45321951877352107, 0.4623075985761282, 0.4623075985761282, 0.4623075985761282, 0.4716032593009529, 0.4716032593009529, 0.4716032593009529, 0.47906473467042826, 0.47906473467042826, 0.47906473467042826, 0.4842196520874923, 0.4842196520874923, 0.4842196520874923, 0.5054839246203945, 0.5054839246203945, 0.5054839246203945, 0.5188097808785965, 0.5188097808785965, 0.5188097808785965, 0.5211192069457825, 0.5211192069457825, 0.5211192069457825, 0.526146091007896, 0.526146091007896, 0.526146091007896, 0.5341135705113925, 0.5341135705113925, 0.5341135705113925, 0.5380276632776102, 0.5380276632776102, 0.5380276632776102, 0.54461669287705, 0.54461669287705, 0.54461669287705, 0.5579271596127022, 0.5579271596127022, 0.5579271596127022, 0.5659052752344934, 0.5659052752344934, 0.5659052752344934, 0.5803062529479538, 0.5803062529479538, 0.5803062529479538, 0.5856142282946271, 0.5856142282946271, 0.5856142282946271, 0.5893890169358857, 0.5893890169358857, 0.5893890169358857, 0.5943030026598127, 0.5943030026598127, 0.5943030026598127, 0.6154185478641264, 0.6154185478641264, 0.6154185478641264, 0.620730682634931, 0.620730682634931, 0.620730682634931, 0.6228763204761363, 0.6228763204761363, 0.6228763204761363, 0.6281018332547905, 0.6281018332547905, 0.6281018332547905, 0.6320126923513495, 0.6320126923513495, 0.6320126923513495, 0.6400143714163097, 0.6400143714163097, 0.6400143714163097, 0.6451519656974827, 0.6451519656974827, 0.6451519656974827, 0.6477708129909868, 0.6477708129909868, 0.6477708129909868, 0.6567837000655548, 0.6567837000655548, 0.6567837000655548, 0.6647117536637608, 0.6647117536637608, 0.6647117536637608, 0.6793309787941911, 0.6793309787941911, 0.6793309787941911, 0.6846590231168713, 0.6846590231168713, 0.6846590231168713, 0.7019077612723007, 0.7019077612723007, 0.7019077612723007, 0.7108642301904962, 0.7108642301904962, 0.7108642301904962, 0.7171307063967898, 0.7171307063967898, 0.7171307063967898, 0.7197904036798992, 0.7197904036798992, 0.7197904036798992, 0.7273499989556804, 0.7273499989556804, 0.7273499989556804, 0.7318687251702364, 0.7318687251702364, 0.7318687251702364, 0.7396566911024223, 0.7396566911024223, 0.7396566911024223, 0.7417620118602535, 0.7417620118602535, 0.7417620118602535, 0.7523272913660032, 0.7523272913660032, 0.7523272913660032, 0.7629078006170096, 0.7629078006170096, 0.7629078006170096, 0.7694925351162335, 0.7694925351162335, 0.7694925351162335, 0.7728095017944747, 0.7728095017944747, 0.7728095017944747, 0.7793138044668412, 0.7793138044668412, 0.7793138044668412, 0.7832844204459047, 0.7832844204459047, 0.7832844204459047, 0.7895688327847744, 0.7895688327847744, 0.7895688327847744, 0.8006382134714148, 0.8006382134714148, 0.8006382134714148, 0.8085877789864444, 0.8085877789864444, 0.8085877789864444, 0.828321570574803, 0.828321570574803, 0.828321570574803, 0.8469250892345458, 0.8469250892345458, 0.8469250892345458, 0.856204428024149, 0.856204428024149, 0.856204428024149, 0.8600555490083003, 0.8600555490083003, 0.8600555490083003, 0.8666909529328672, 0.8666909529328672, 0.8666909529328672, 0.8810136139356652, 0.8810136139356652, 0.8810136139356652, 0.8876633425706134, 0.8876633425706134, 0.8876633425706134, 0.8968550991737742, 0.8968550991737742, 0.8968550991737742, 0.9031841489176046, 0.9031841489176046, 0.9031841489176046, 0.9084913013799265, 0.9084913013799265, 0.9084913013799265, 0.9351724809214208, 0.9351724809214208, 0.9351724809214208, 0.9562857116652864, 0.9562857116652864, 0.9562857116652864, 0.9761914220224442, 0.9761914220224442, 0.9761914220224442, 0.9828186854561223, 0.9828186854561223, 0.9828186854561223, 0.9933861544503486, 0.9933861544503486, 0.9933861544503486]",0.0019580699039884373,9.85533232002344e-06,0.003139320359572027,0.006860272685473222,0.011678229546810451,,,145987.49544027617,382.08310017622625,27.039800013881177,1.6899875008675735,9,"[0.06684616208076477, 0.12241873145103455, 0.24608992040157318, 0.4022185206413269, 0.4842507839202881, 0.6346184015274048, 0.753662645816803, 0.8289318680763245, 0.8977617621421814]",0.0025853751782115774,0.05084658472514725,1e-05,tolerance_polyline_fallback_pass,True,True,measured mean squared Euclidean error on the supplied normalized ordered reference points; not a continuous-curve or global-minimality guarantee,False,False,,,334,,764,28,9,9,321,False,False,False,True,True,112,9.855332320023467e-06,114,4,True,False,False,False,334,3,77,76,0,0.0,704.7840000013821
natural_earth_10m_coastline_66f5dfcb5c11_w000_66f5dfcb,natural_earth_10m_coastline,natural_earth_10m_coastline:tile:lon-005.000:lat+60.000:size5deg,test,768,192,certified,57,"[0.025812101170194775, 0.025812101170194775, 0.025812101170194775, 0.22043116009204233, 0.22043116009204233, 0.22043116009204233, 0.24002774590506515, 0.24002774590506515, 0.24002774590506515, 0.30009582826265685, 0.30009582826265685, 0.30009582826265685, 0.31547207506169617, 0.31547207506169617, 0.31547207506169617, 0.3507368513750668, 0.3507368513750668, 0.3507368513750668, 0.37802038531785576, 0.37802038531785576, 0.37802038531785576, 0.40284273380455254, 0.40284273380455254, 0.40284273380455254, 0.43412806256988085, 0.43412806256988085, 0.43412806256988085, 0.47201480171931354, 0.47201480171931354, 0.47201480171931354, 0.5294518398994723, 0.5294518398994723, 0.5294518398994723, 0.5777647877212854, 0.5777647877212854, 0.5777647877212854, 0.6339055296929199, 0.6339055296929199, 0.6339055296929199, 0.6809373386226476, 0.6809373386226476, 0.6809373386226476, 0.7056550295252455, 0.7056550295252455, 0.7056550295252455, 0.7212395464065061, 0.7212395464065061, 0.7212395464065061, 0.7570959096565573, 0.7570959096565573, 0.7570959096565573, 0.8028212811803062, 0.8028212811803062, 0.8028212811803062, 0.8706625232133698, 0.8706625232133698, 0.8706625232133698]",9.886190028038084e-05,4.475692115881369e-06,0.00211558316212844,0.004173218405155767,0.014608352771273203,,,147.37581836677293,12.139844248044245,27.039800013881177,1.6899875008675735,26,"[0.04824711009860039, 0.07025082409381866, 0.08961374312639236, 0.1381603330373764, 0.19535550475120544, 0.23895515501499176, 0.2903750240802765, 0.33407485485076904, 0.3700907826423645, 0.40265440940856934, 0.4358280599117279, 0.46779555082321167, 0.49537819623947144, 0.5369238257408142, 0.5803951621055603, 0.6219522356987, 0.6532754898071289, 0.6745424866676331, 0.6952632069587708, 0.7471091151237488, 0.7968235611915588, 0.82832932472229, 0.8384678363800049, 0.8475759625434875, 0.8694878816604614, 0.9070724844932556]",0.00010766615068280247,0.010376230080467687,1e-05,tolerance_polyline_fallback_pass,True,True,measured mean squared Euclidean error on the supplied normalized ordered reference points; not a continuous-curve or global-minimality guarantee,False,False,,,61,,764,28,26,26,31,False,False,False,True,True,21,4.4756921158813705e-06,19,0,True,False,False,False,61,3,9,8,0,0.0,101.47880000295117
natural_earth_10m_coastline_efdf84e94ff9_w000_efdf84e9,natural_earth_10m_coastline,natural_earth_10m_coastline:tile:lon-055.000:lat+65.000:size5deg,test,768,192,certified,99,"[0.019583337711682216, 0.019583337711682216, 0.019583337711682216, 0.040492606037720105, 0.040492606037720105, 0.040492606037720105, 0.06793730585724016, 0.06793730585724016, 0.06793730585724016, 0.11347616002434747, 0.11347616002434747, 0.11347616002434747, 0.13568608439744217, 0.13568608439744217, 0.13568608439744217, 0.14481214535390902, 0.14481214535390902, 0.14481214535390902, 0.17330649104277035, 0.17330649104277035, 0.17330649104277035, 0.19029606988048903, 0.19029606988048903, 0.19029606988048903, 0.2700080656899325, 0.2700080656899325, 0.2700080656899325, 0.2908996869533073, 0.2908996869533073, 0.2908996869533073, 0.34051699392425894, 0.34051699392425894, 0.34051699392425894, 0.3653398766214408, 0.3653398766214408, 0.3653398766214408, 0.3901707973006047, 0.3901707973006047, 0.3901707973006047, 0.41887661912827745, 0.41887661912827745, 0.41887661912827745, 0.4502299797868067, 0.4502299797868067, 0.4502299797868067, 0.47375400817846725, 0.47375400817846725, 0.47375400817846725, 0.49203095714716316, 0.49203095714716316, 0.49203095714716316, 0.5049606787070536, 0.5049606787070536, 0.5049606787070536, 0.5190044458420332, 0.5190044458420332, 0.5190044458420332, 0.538369568862436, 0.538369568862436, 0.538369568862436, 0.6128615712975629, 0.6128615712975629, 0.6128615712975629, 0.6389162584750371, 0.6389162584750371, 0.6389162584750371, 0.6637148596421912, 0.6637148596421912, 0.6637148596421912, 0.6793975471116293, 0.6793975471116293, 0.6793975471116293, 0.7027966881410107, 0.7027966881410107, 0.7027966881410107, 0.7288909573824137, 0.7288909573824137, 0.7288909573824137, 0.7951085871940614, 0.7951085871940614, 0.7951085871940614, 0.8223354378498658, 0.8223354378498658, 0.8223354378498658, 0.8458492450217608, 0.8458492450217608, 0.8458492450217608, 0.8758977430103857, 0.8758977430103857, 0.8758977430103857, 0.9020355529402473, 0.9020355529402473, 0.9020355529402473, 0.9255285307933303, 0.9255285307933303, 0.9255285307933303, 0.9764759691962042, 0.9764759691962042, 0.9764759691962042]",0.00041720309981797186,8.95255322259127e-06,0.002992081753995246,0.007758501586841928,0.01277383583872019,,,593.6588942906224,24.3651163405928,27.039800013881177,1.6899875008675735,18,"[0.07411812990903854, 0.11310164630413055, 0.15677019953727722, 0.21064534783363342, 0.2533452808856964, 0.3159198462963104, 0.3617095947265625, 0.4107414186000824, 0.4592822790145874, 0.5009176731109619, 0.530809760093689, 0.6004779934883118, 0.6424221396446228, 0.7038682103157043, 0.7833775877952576, 0.8230702877044678, 0.8407224416732788, 0.8774124383926392]",0.0004567639713300498,0.02137203713570725,1e-05,tolerance_polyline_fallback_pass,True,True,measured mean squared Euclidean error on the supplied normalized ordered reference points; not a continuous-curve or global-minimality guarantee,False,False,,,103,,764,28,18,18,81,False,False,False,True,True,35,8.952553222591259e-06,33,0,True,False,False,False,103,3,41,40,0,0.0,252.81839998206124
natural_earth_10m_coastline_70de29e11cd0_w000_70de29e1,natural_earth_10m_coastline,natural_earth_10m_coastline:tile:lon+115.000:lat+25.000:size5deg,test,768,192,certified,26,"[0.06927467924967991, 0.08470638576204342, 0.10847472270726964, 0.14905507667206502, 0.19847149952250717, 0.20724723769504663, 0.26427349461096344, 0.31628888033535685, 0.32463833549953697, 0.36123181941607907, 0.381613894072675, 0.40295615472892043, 0.4349379836166797, 0.4484688493267336, 0.47810221298284195, 0.5484690344560662, 0.5773789073954605, 0.59443920086325, 0.651590073815469, 0.7470856907890054, 0.7509687935754265, 0.7880537004350027, 0.8005442947506375, 0.8256106229174401, 0.8587703799927443, 0.9023146499736642]",3.623710906235249e-05,8.756156209807482e-06,0.0029590802979654815,0.006116926986500784,0.013106301046738678,,,194.81117839099446,13.957477508167244,27.039800013881177,1.6899875008675735,21,"[0.10491008311510086, 0.14656102657318115, 0.1973317563533783, 0.20634868741035461, 0.26494699716567993, 0.31754550337791443, 0.3596550226211548, 0.38070592284202576, 0.4019649922847748, 0.43439963459968567, 0.4793902635574341, 0.5512329936027527, 0.5809342861175537, 0.5982924103736877, 0.6550816297531128, 0.7491336464881897, 0.7879030704498291, 0.8005608916282654, 0.8259628415107727, 0.8586347699165344, 0.90110182762146]",3.6535722242802906e-05,0.00604447865765137,1e-05,adaptive_insertion_pass,True,True,measured mean squared Euclidean error on the supplied normalized ordered reference points; not a continuous-curve or global-minimality guarantee,False,False,,True,30,30,764,28,21,21,5,False,False,False,False,False,,,0,0,False,False,False,False,30,1,21,20,0,0.0,113.97479998413473
natural_earth_10m_coastline_fae143c4f851_w000_fae143c4,natural_earth_10m_coastline,natural_earth_10m_coastline:tile:lon+090.000:lat+15.000:size5deg,test,768,192,certified,22,"[0.04743389062864319, 0.11694590585434518, 0.15420850094571714, 0.1975568995095557, 0.24721079662254863, 0.2717477551723374, 0.3007148618464829, 0.33704217817507576, 0.40285534002805307, 0.44859876709870644, 0.4788067768028349, 0.49348209389270253, 0.5017694141505639, 0.5267469347174718, 0.6093417333322285, 0.6680647379118578, 0.713368038589378, 0.7400079880286697, 0.7687004779533148, 0.810633453324717, 0.8525106848494375, 0.8998687580879637]",1.996657142285474e-05,9.666334956092045e-06,0.0031090730059122195,0.006269402183846867,0.017043399694258818,,,1610.9387979913624,40.136502064721114,27.039800013881177,1.6899875008675735,20,"[0.11791772395372391, 0.1564808040857315, 0.20134948194026947, 0.2527543604373932, 0.27816030383110046, 0.30515459179878235, 0.34140241146087646, 0.40568655729293823, 0.4533502161502838, 0.49494996666908264, 0.506930410861969, 0.5313853621482849, 0.6154488325119019, 0.6708642840385437, 0.7184057235717773, 0.7459089159965515, 0.77557772397995, 0.8170585036277771, 0.8561750054359436, 0.9004991054534912]",2.3810143168097824e-05,0.004879563829698083,1e-05,adaptive_insertion_pass,True,True,measured mean squared Euclidean error on the supplied normalized ordered reference points; not a continuous-curve or global-minimality guarantee,False,False,,True,26,26,764,28,20,20,2,False,False,False,False,False,,,0,0,False,False,False,False,26,1,9,8,0,0.0,69.8955999687314
natural_earth_10m_coastline_73125499529f_w000_73125499,natural_earth_10m_coastline,natural_earth_10m_coastline:tile:lon+105.000:lat+20.000:size5deg,test,768,192,certified,60,"[0.04049920160147327, 0.04049920160147327, 0.04049920160147327, 0.0704964512071609, 0.0704964512071609, 0.0704964512071609, 0.10185067197238308, 0.10185067197238308, 0.10185067197238308, 0.1331725099238298, 0.1331725099238298, 0.1331725099238298, 0.14754319441543506, 0.14754319441543506, 0.14754319441543506, 0.18741812256085544, 0.18741812256085544, 0.18741812256085544, 0.2284983273323856, 0.2284983273323856, 0.2284983273323856, 0.2794320733422163, 0.2794320733422163, 0.2794320733422163, 0.37349474320040166, 0.37349474320040166, 0.37349474320040166, 0.4112778407567303, 0.4112778407567303, 0.4112778407567303, 0.4308710534764466, 0.4308710534764466, 0.4308710534764466, 0.4661445537399771, 0.4661445537399771, 0.4661445537399771, 0.4961199813246378, 0.4961199813246378, 0.4961199813246378, 0.5521497486353482, 0.5521497486353482, 0.5521497486353482, 0.6736337200778617, 0.6736337200778617, 0.6736337200778617, 0.7049848125069905, 0.7049848125069905, 0.7049848125069905, 0.7545930986057663, 0.7545930986057663, 0.7545930986057663, 0.7898666043951118, 0.7898666043951118, 0.7898666043951118, 0.8760623191264387, 0.8760623191264387, 0.8760623191264387, 0.9372915490696858, 0.9372915490696858, 0.9372915490696858]",0.0004748451420647495,9.286111131051551e-06,0.003047312115791809,0.0064316313470768275,0.02099387359398237,,,828.8580462085274,28.789894862755705,27.039800013881177,1.6899875008675735,16,"[0.1564164161682129, 0.2121846079826355, 0.3063759207725525, 0.3786984384059906, 0.4571456015110016, 0.507782518863678, 0.5564427971839905, 0.6082245111465454, 0.6653451323509216, 0.7198161482810974, 0.7669429779052734, 0.7972292304039001, 0.8211170434951782, 0.8379877805709839, 0.8653449416160583, 0.9055460095405579]",0.000523455748803115,0.022879155334127068,1e-05,tolerance_polyline_fallback_pass,True,True,measured mean squared Euclidean error on the supplied normalized ordered reference points; not a continuous-curve or global-minimality guarantee,False,False,,,64,,764,28,16,16,44,False,False,False,True,True,22,9.286111131051551e-06,21,1,True,False,False,False,64,3,49,48,0,0.0,296.99050000635907
natural_earth_10m_coastline_bd8809462216_w000_bd880946,natural_earth_10m_coastline,natural_earth_10m_coastline:tile:lon-080.000:lat+20.000:size5deg,test,768,192,certified,21,"[0.11202680397337349, 0.11202680397337349, 0.11202680397337349, 0.22814304248859416, 0.22814304248859416, 0.22814304248859416, 0.4460495342531394, 0.4460495342531394, 0.4460495342531394, 0.49774042995527046, 0.49774042995527046, 0.49774042995527046, 0.5642867231992227, 0.5642867231992227, 0.5642867231992227, 0.7104254513769731, 0.7104254513769731, 0.7104254513769731, 0.8630711351928604, 0.8630711351928604, 0.8630711351928604]",0.00011430057904084888,2.679663913142202e-07,0.0005176547027838347,0.001329134633202267,0.0018376372032703372,,,2.522187404313196,1.5881396047933558,27.039800013881177,1.6899875008675735,18,"[0.09222394973039627, 0.1670299470424652, 0.22290271520614624, 0.260638564825058, 0.2929938733577728, 0.3245446979999542, 0.3367456793785095, 0.3824016749858856, 0.4500507712364197, 0.5338507890701294, 0.5682243704795837, 0.6314899325370789, 0.6594866514205933, 0.6830865740776062, 0.7109766006469727, 0.7434507608413696, 0.7764938473701477, 0.8433929681777954]",0.00011375087741825108,0.010665405637773516,1e-05,tolerance_polyline_fallback_pass,True,True,measured mean squared Euclidean error on the supplied normalized ordered reference points; not a continuous-curve or global-minimality guarantee,False,False,,,25,,764,28,18,18,3,False,False,False,True,True,9,2.6796639131422055e-07,7,0,False,False,False,False,25,3,41,40,0,0.0,219.0413000062108
natural_earth_10m_coastline_9d44eb568484_w000_9d44eb56,natural_earth_10m_coastline,natural_earth_10m_coastline:tile:lon-070.000:lat-80.000:size5deg,test,768,192,certified,21,"[0.05984380885007962, 0.05984380885007962, 0.05984380885007962, 0.4689173540858932, 0.4689173540858932, 0.4689173540858932, 0.5333071529759507, 0.5333071529759507, 0.5333071529759507, 0.5441567875390035, 0.5441567875390035, 0.5441567875390035, 0.5871342457328226, 0.5871342457328226, 0.5871342457328226, 0.617100841171659, 0.617100841171659, 0.617100841171659, 0.8287903035200196, 0.8287903035200196, 0.8287903035200196]",0.00036845304169724654,1.7381758667242945e-06,0.00131839897858133,0.002633946034886271,0.005054943101021531,,,80.24260864270859,8.957823878750272,30.855100019834936,1.9284437512396835,13,"[0.20069894194602966, 0.2444324940443039, 0.3188531696796417, 0.3885970115661621, 0.4655902683734894, 0.5878339409828186, 0.6029257774353027, 0.6350677609443665, 0.6685049533843994, 0.7074938416481018, 0.7361689209938049, 0.7740665674209595, 0.8072729706764221]",0.0003663459450954081,0.01914016575412575,1e-05,tolerance_polyline_fallback_pass,True,True,measured mean squared Euclidean error on the supplied normalized ordered reference points; not a continuous-curve or global-minimality guarantee,False,False,,,25,,764,28,13,13,8,False,False,False,True,True,9,1.7381758667243108e-06,7,0,False,False,False,False,25,3,61,60,0,1.2412670766236366e-16,318.1363000185229
natural_earth_10m_coastline_72196008a130_w000_72196008,natural_earth_10m_coastline,natural_earth_10m_coastline:tile:lon+125.000:lat-20.000:size5deg,test,768,192,certified,45,"[0.03628988303310312, 0.03628988303310312, 0.03628988303310312, 0.10414739272596742, 0.10414739272596742, 0.10414739272596742, 0.1994231830176485, 0.1994231830176485, 0.1994231830176485, 0.23073836728694547, 0.23073836728694547, 0.23073836728694547, 0.301145211115744, 0.301145211115744, 0.301145211115744, 0.3572665660870456, 0.3572665660870456, 0.3572665660870456, 0.42773351098726803, 0.42773351098726803, 0.42773351098726803, 0.4916627779658562, 0.4916627779658562, 0.4916627779658562, 0.5386480914017382, 0.5386480914017382, 0.5386480914017382, 0.5941715192332103, 0.5941715192332103, 0.5941715192332103, 0.628093487440808, 0.628093487440808, 0.628093487440808, 0.6620108484252933, 0.6620108484252933, 0.6620108484252933, 0.7246579406142097, 0.7246579406142097, 0.7246579406142097, 0.7638039407233811, 0.7638039407233811, 0.7638039407233811, 0.8068381278558838, 0.8068381278558838, 0.8068381278558838]",0.00017408623017406603,6.1232266735615055e-06,0.0024745154421747916,0.006322882098491131,0.013655614452499893,,,495.8651217383685,22.268029139067707,30.855100019834936,1.9284437512396835,15,"[0.12108573317527771, 0.1604805439710617, 0.21956028044223785, 0.2622860372066498, 0.33532601594924927, 0.39943039417266846, 0.43906062841415405, 0.4845074415206909, 0.5783097743988037, 0.6176602244377136, 0.6687002182006836, 0.7062326669692993, 0.7879862189292908, 0.8568724989891052, 0.9070819616317749]",0.00017494105399211836,0.013226528417998366,1e-05,tolerance_polyline_fallback_pass,True,True,measured mean squared Euclidean error on the supplied normalized ordered reference points; not a continuous-curve or global-minimality guarantee,False,False,,,49,,764,28,15,15,30,False,False,False,True,True,17,6.123226673561495e-06,15,0,True,False,False,False,49,3,53,52,0,0.0,277.732000045944
natural_earth_10m_coastline_d01047f6b032_w000_d01047f6,natural_earth_10m_coastline,natural_earth_10m_coastline:tile:lon+095.000:lat+05.000:size5deg,test,768,192,certified,135,"[0.0261670268517963, 0.0261670268517963, 0.0261670268517963, 0.04555485723214972, 0.04555485723214972, 0.04555485723214972, 0.07172031486787471, 0.07172031486787471, 0.07172031486787471, 0.1279673946339042, 0.1279673946339042, 0.1279673946339042, 0.16198595438938287, 0.16198595438938287, 0.16198595438938287, 0.18030432090150234, 0.18030432090150234, 0.18030432090150234, 0.23103684285717177, 0.23103684285717177, 0.23103684285717177, 0.2570877940153826, 0.2570877940153826, 0.2570877940153826, 0.27670241149714503, 0.27670241149714503, 0.27670241149714503, 0.28975989063441077, 0.28975989063441077, 0.28975989063441077, 0.3290292212763316, 0.3290292212763316, 0.3290292212763316, 0.3341120726350664, 0.3341120726350664, 0.3341120726350664, 0.3457923245488123, 0.3457923245488123, 0.3457923245488123, 0.3929048033657961, 0.3929048033657961, 0.3929048033657961, 0.4042441227365009, 0.4042441227365009, 0.4042441227365009, 0.41337143840641655, 0.41337143840641655, 0.41337143840641655, 0.4224029313918778, 0.4224029313918778, 0.4224029313918778, 0.43417589641970433, 0.43417589641970433, 0.43417589641970433, 0.44855472603035523, 0.44855472603035523, 0.44855472603035523, 0.4838771792230183, 0.4838771792230183, 0.4838771792230183, 0.511352507376495, 0.511352507376495, 0.511352507376495, 0.5295651336021436, 0.5295651336021436, 0.5295651336021436, 0.5504871577289627, 0.5504871577289627, 0.5504871577289627, 0.5674911485244203, 0.5674911485244203, 0.5674911485244203, 0.5962865782936569, 0.5962865782936569, 0.5962865782936569, 0.6124302626519066, 0.6124302626519066, 0.6124302626519066, 0.6267982088242866, 0.6267982088242866, 0.6267982088242866, 0.6385790068755725, 0.6385790068755725, 0.6385790068755725, 0.6503090201303614, 0.6503090201303614, 0.6503090201303614, 0.6789352180637424, 0.6789352180637424, 0.6789352180637424, 0.6906941875193987, 0.6906941875193987, 0.6906941875193987, 0.7194916875950113, 0.7194916875950113, 0.7194916875950113, 0.7521594670703338, 0.7521594670703338, 0.7521594670703338, 0.766558218580322, 0.766558218580322, 0.766558218580322, 0.7859471051680581, 0.7859471051680581, 0.7859471051680581, 0.8068907384359237, 0.8068907384359237, 0.8068907384359237, 0.821285337376304, 0.821285337376304, 0.821285337376304, 0.8330053950022642, 0.8330053950022642, 0.8330053950022642, 0.848663904571264, 0.848663904571264, 0.848663904571264, 0.8616756292115793, 0.8616756292115793, 0.8616756292115793, 0.9153213283775895, 0.9153213283775895, 0.9153213283775895, 0.9362615285616541, 0.9362615285616541, 0.9362615285616541, 0.9454108154887406, 0.9454108154887406, 0.9454108154887406, 0.9635825949366452, 0.9635825949366452, 0.9635825949366452, 0.9752271031694345, 0.9752271031694345, 0.9752271031694345]",0.0009186202654092954,9.783723437757182e-06,0.0031278944096240174,0.007002477572077636,0.016747509383122073,,,6026.774763103445,77.6323048936681,30.855100019834936,1.9284437512396835,16,"[0.12260998040437698, 0.17576390504837036, 0.2466372698545456, 0.2956787943840027, 0.367129385471344, 0.4086308777332306, 0.45655179023742676, 0.5007073879241943, 0.5482837557792664, 0.5855894088745117, 0.6854215264320374, 0.7659034132957458, 0.8075172901153564, 0.8265122771263123, 0.8535856604576111, 0.8853980302810669]",0.0009347132672496848,0.030573080761507904,1e-05,tolerance_polyline_fallback_pass,True,True,measured mean squared Euclidean error on the supplied normalized ordered reference points; not a continuous-curve or global-minimality guarantee,False,False,,,139,,764,28,16,16,119,False,False,False,True,True,47,9.78372343775719e-06,46,1,True,False,False,False,139,3,49,48,0,0.0,322.4618999520317
natural_earth_10m_coastline_116425bfb69a_w000_116425bf,natural_earth_10m_coastline,natural_earth_10m_coastline:tile:lon+090.000:lat+10.000:size5deg,test,768,192,certified,90,"[0.09277868327743284, 0.09277868327743284, 0.09277868327743284, 0.1279370436999645, 0.1279370436999645, 0.1279370436999645, 0.14618285916087342, 0.14618285916087342, 0.14618285916087342, 0.19583306295545386, 0.19583306295545386, 0.19583306295545386, 0.2337204800810435, 0.2337204800810435, 0.2337204800810435, 0.24546602890703176, 0.24546602890703176, 0.24546602890703176, 0.2660985323787343, 0.2660985323787343, 0.2660985323787343, 0.285700159377383, 0.285700159377383, 0.285700159377383, 0.30522074235083485, 0.30522074235083485, 0.30522074235083485, 0.34696338891158623, 0.34696338891158623, 0.34696338891158623, 0.3782093099029875, 0.3782093099029875, 0.3782093099029875, 0.4030031474599664, 0.4030031474599664, 0.4030031474599664, 0.42521832884047545, 0.42521832884047545, 0.42521832884047545, 0.4631092943952139, 0.4631092943952139, 0.4631092943952139, 0.49400679927742025, 0.49400679927742025, 0.49400679927742025, 0.5200171453219735, 0.5200171453219735, 0.5200171453219735, 0.5930543024803249, 0.5930543024803249, 0.5930543024803249, 0.6204965824504914, 0.6204965824504914, 0.6204965824504914, 0.6466231009405358, 0.6466231009405358, 0.6466231009405358, 0.6962523319972498, 0.6962523319972498, 0.6962523319972498, 0.7223597729441865, 0.7223597729441865, 0.7223597729441865, 0.7524156109748423, 0.7524156109748423, 0.7524156109748423, 0.7798270958226656, 0.7798270958226656, 0.7798270958226656, 0.8059626045007462, 0.8059626045007462, 0.8059626045007462, 0.8476179965694185, 0.8476179965694185, 0.8476179965694185, 0.9038093290577824, 0.9038093290577824, 0.9038093290577824, 0.9533494032363862, 0.9533494032363862, 0.9533494032363862, 0.9637806364710814, 0.9637806364710814, 0.9637806364710814, 0.9833822649564499, 0.9833822649564499, 0.9833822649564499, 0.9921593484250222, 0.9921593484250222, 0.9921593484250222]",0.0001863493041052732,9.65777659231474e-06,0.003107696348151592,0.007576083334471522,0.012973411591990018,,,5288.771848940319,72.72394274886585,30.855100019834936,1.9284437512396835,21,"[0.04791262745857239, 0.0959910899400711, 0.14715011417865753, 0.18539737164974213, 0.22093872725963593, 0.2523379623889923, 0.270962119102478, 0.3164772391319275, 0.3669274151325226, 0.4243541359901428, 0.45335766673088074, 0.5361974239349365, 0.5723655223846436, 0.6270433664321899, 0.6762369275093079, 0.7366174459457397, 0.7791247367858887, 0.8225285410881042, 0.8296064734458923, 0.8567734956741333, 0.8908065557479858]",0.0002025072848091733,0.014230505430559145,1e-05,tolerance_polyline_fallback_pass,True,True,measured mean squared Euclidean error on the supplied normalized ordered reference points; not a continuous-curve or global-minimality guarantee,False,False,,,94,,764,28,21,21,69,False,False,False,True,True,32,9.657776592314728e-06,30,0,True,False,False,False,94,3,29,28,0,0.0,202.76479999301955
natural_earth_10m_coastline_b93752a79440_w000_b93752a7,natural_earth_10m_coastline,natural_earth_10m_coastline:tile:lon-080.000:lat+25.000:size5deg,test,768,192,certified,60,"[0.032461437309546134, 0.032461437309546134, 0.032461437309546134, 0.0611471128417865, 0.0611471128417865, 0.0611471128417865, 0.10033555225328906, 0.10033555225328906, 0.10033555225328906, 0.1551630026393895, 0.1551630026393895, 0.1551630026393895, 0.21003151361833214, 0.21003151361833214, 0.21003151361833214, 0.274019125357573, 0.274019125357573, 0.274019125357573, 0.3288591648593055, 0.3288591648593055, 0.3288591648593055, 0.35757561898728446, 0.35757561898728446, 0.35757561898728446, 0.3653161328866402, 0.3653161328866402, 0.3653161328866402, 0.4039573221938477, 0.4039573221938477, 0.4039573221938477, 0.41675117573312, 0.41675117573312, 0.41675117573312, 0.44152494974520307, 0.44152494974520307, 0.44152494974520307, 0.45562663154448685, 0.45562663154448685, 0.45562663154448685, 0.5431437744548412, 0.5431437744548412, 0.5431437744548412, 0.6304916795311827, 0.6304916795311827, 0.6304916795311827, 0.6775218386312163, 0.6775218386312163, 0.6775218386312163, 0.7309946003951424, 0.7309946003951424, 0.7309946003951424, 0.7950078620662859, 0.7950078620662859, 0.7950078620662859, 0.8824347467856155, 0.8824347467856155, 0.8824347467856155, 0.9451416176804206, 0.9451416176804206, 0.9451416176804206]",0.00128833909337502,6.772521621531621e-06,0.002602406890079186,0.006735045278713223,0.013858158156749572,,,45.385746542791864,6.736894428651221,30.855100019834936,1.9284437512396835,11,"[0.11389924585819244, 0.16645310819149017, 0.23298735916614532, 0.36056840419769287, 0.5339634418487549, 0.6240787506103516, 0.7225884199142456, 0.7825983762741089, 0.8341646194458008, 0.8671960234642029, 0.9054369330406189]",0.0013244491863603212,0.03639298265270822,1e-05,tolerance_polyline_fallback_pass,True,True,measured mean squared Euclidean error on the supplied normalized ordered reference points; not a continuous-curve or global-minimality guarantee,False,False,,,64,,764,28,11,11,49,False,False,False,True,True,22,6.7725216215315915e-06,21,1,True,False,False,False,64,3,69,68,0,0.0,380.32619998557493
natural_earth_10m_coastline_fbb84b7d2fe2_w000_fbb84b7d,natural_earth_10m_coastline,natural_earth_10m_coastline:tile:lon+175.000:lat-20.000:size5deg,test,768,192,certified,69,"[0.020888289404185162, 0.020888289404185162, 0.020888289404185162, 0.03260041501754905, 0.03260041501754905, 0.03260041501754905, 0.0782939906900323, 0.0782939906900323, 0.0782939906900323, 0.12259296510317733, 0.12259296510317733, 0.12259296510317733, 0.15262017799357167, 0.15262017799357167, 0.15262017799357167, 0.31317159743023765, 0.31317159743023765, 0.31317159743023765, 0.40716879356056945, 0.40716879356056945, 0.40716879356056945, 0.47895450106212994, 0.47895450106212994, 0.47895450106212994, 0.5359052250958711, 0.5359052250958711, 0.5359052250958711, 0.5633014575026335, 0.5633014575026335, 0.5633014575026335, 0.6141916011888383, 0.6141916011888383, 0.6141916011888383, 0.6363856245680242, 0.6363856245680242, 0.6363856245680242, 0.6885949155630992, 0.6885949155630992, 0.6885949155630992, 0.7120864759684682, 0.7120864759684682, 0.7120864759684682, 0.7421136841905916, 0.7421136841905916, 0.7421136841905916, 0.762627708110618, 0.762627708110618, 0.762627708110618, 0.7978770411325079, 0.7978770411325079, 0.7978770411325079, 0.8109120502541721, 0.8109120502541721, 0.8109120502541721, 0.8264217239717893, 0.8264217239717893, 0.8264217239717893, 0.8407720986109526, 0.8407720986109526, 0.8407720986109526, 0.8903822699846039, 0.8903822699846039, 0.8903822699846039, 0.9425708031319117, 0.9425708031319117, 0.9425708031319117, 0.9817343660009864, 0.9817343660009864, 0.9817343660009864]",0.0001546480411912495,8.588040289574192e-06,0.0029305358365961324,0.008128294804760117,0.013654684613530501,,,1305.2816474325514,36.12868178376498,30.855100019834936,1.9284437512396835,21,"[0.11925870925188065, 0.1692086160182953, 0.21430779993534088, 0.23656079173088074, 0.33660078048706055, 0.35469335317611694, 0.4062880873680115, 0.4382299780845642, 0.45367008447647095, 0.4956818222999573, 0.5256878137588501, 0.5851492285728455, 0.6618786454200745, 0.6782826781272888, 0.7254846096038818, 0.7700958251953125, 0.7960178852081299, 0.8157802820205688, 0.840953528881073, 0.8728072047233582, 0.9105284214019775]",0.0001775361800430439,0.013324270338110223,1e-05,tolerance_polyline_fallback_pass,True,True,measured mean squared Euclidean error on the supplied normalized ordered reference points; not a continuous-curve or global-minimality guarantee,False,False,,,73,,764,28,21,21,48,False,False,False,True,True,25,8.588040289574192e-06,24,1,True,False,False,False,73,3,29,28,0,0.0,294.77540001971647
natural_earth_10m_coastline_0bf1c01a08ca_w000_0bf1c01a,natural_earth_10m_coastline,natural_earth_10m_coastline:tile:lon+125.000:lat+10.000:size5deg,test,768,192,certified,26,"[0.016180458057298047, 0.07475730243442563, 0.10769268519475209, 0.11197661782784644, 0.15089939732232913, 0.1552203660762822, 0.21261446245177287, 0.3152659835127707, 0.3542901722626425, 0.3912881611805026, 0.4438159657752301, 0.4564690828161247, 0.4824399476684541, 0.4973699909342636, 0.5239390854007575, 0.5516052414451031, 0.5915333780949524, 0.621768648491347, 0.6484229317256266, 0.6735219453922903, 0.8131273535912336, 0.8318633557275622, 0.8379327571347112, 0.8662970521605379, 0.9096163859074309, 0.9869556214282709]",7.621896310716891e-05,9.897010305988165e-06,0.003145951415071149,0.006437116068395697,0.01131706506963341,,,2578.6133877403527,50.780049111244004,30.855100019834936,1.9284437512396835,18,"[0.10728397965431213, 0.14820502698421478, 0.21069012582302094, 0.31564563512802124, 0.35321155190467834, 0.44072794914245605, 0.48955631256103516, 0.5163023471832275, 0.5454733967781067, 0.5853392481803894, 0.6158251166343689, 0.6419102549552917, 0.6666163206100464, 0.8077802062034607, 0.8278953433036804, 0.8341748714447021, 0.8624742031097412, 0.9046648740768433]",7.523503488116548e-05,0.008673813168449358,1e-05,adaptive_insertion_pass,True,True,measured mean squared Euclidean error on the supplied normalized ordered reference points; not a continuous-curve or global-minimality guarantee,False,False,,True,30,30,764,28,18,18,8,False,False,False,False,False,,,0,0,False,False,False,False,30,1,33,32,0,0.0,152.7135000214912
natural_earth_10m_coastline_12ba1b4ea351_w000_12ba1b4e,natural_earth_10m_coastline,natural_earth_10m_coastline:tile:lon+100.000:lat-05.000:size5deg,test,768,192,certified,45,"[0.0598869874912181, 0.0598869874912181, 0.0598869874912181, 0.13031290752743616, 0.13031290752743616, 0.13031290752743616, 0.3729068449839722, 0.3729068449839722, 0.3729068449839722, 0.4080484803473894, 0.4080484803473894, 0.4080484803473894, 0.4458581082847565, 0.4458581082847565, 0.4458581082847565, 0.48496398012089176, 0.48496398012089176, 0.48496398012089176, 0.5201541329368976, 0.5201541329368976, 0.5201541329368976, 0.565749096431337, 0.565749096431337, 0.565749096431337, 0.5918197701264997, 0.5918197701264997, 0.5918197701264997, 0.6244205924766162, 0.6244205924766162, 0.6244205924766162, 0.6622443817993141, 0.6622443817993141, 0.6622443817993141, 0.7235338609761968, 0.7235338609761968, 0.7235338609761968, 0.7652704520299983, 0.7652704520299983, 0.7652704520299983, 0.8813202500904661, 0.8813202500904661, 0.8813202500904661, 0.9360908440234293, 0.9360908440234293, 0.9360908440234293]",5.083563802023486e-05,3.4685160558792775e-07,0.0005889410883848467,0.0013892608360840954,0.0021175218728768466,,,10.11006130345166,3.1796322591538257,30.855100019834936,1.9284437512396835,24,"[0.11910809576511383, 0.16289980709552765, 0.2021850347518921, 0.23704564571380615, 0.27010563015937805, 0.30192476511001587, 0.3335919678211212, 0.3605753183364868, 0.391833633184433, 0.42090582847595215, 0.4442131519317627, 0.4968705475330353, 0.5239938497543335, 0.5565723776817322, 0.5727967619895935, 0.6006481051445007, 0.636044442653656, 0.658033013343811, 0.6870227456092834, 0.7203149199485779, 0.7541186809539795, 0.7842484712600708, 0.8128312230110168, 0.8520761132240295]",5.0387986623092514e-05,0.007098449592910589,1e-05,tolerance_polyline_fallback_pass,True,True,measured mean squared Euclidean error on the supplied normalized ordered reference points; not a continuous-curve or global-minimality guarantee,False,False,,,49,,764,28,24,24,21,False,False,False,True,True,17,3.468516055879297e-07,15,0,True,False,False,False,49,3,17,16,0,2.0816681711721685e-17,126.80969998473302
natural_earth_10m_coastline_2d34e63e37d6_w000_2d34e63e,natural_earth_10m_coastline,natural_earth_10m_coastline:tile:lon+035.000:lat+25.000:size5deg,test,768,192,certified,72,"[0.06534059294686712, 0.06534059294686712, 0.06534059294686712, 0.10847801443411477, 0.10847801443411477, 0.10847801443411477, 0.14502770203053267, 0.14502770203053267, 0.14502770203053267, 0.18555073570184452, 0.18555073570184452, 0.18555073570184452, 0.22606557045211118, 0.22606557045211118, 0.22606557045211118, 0.29643752733353484, 0.29643752733353484, 0.29643752733353484, 0.3147382564441385, 0.3147382564441385, 0.3147382564441385, 0.33900365500270574, 0.33900365500270574, 0.33900365500270574, 0.35988736641743285, 0.35988736641743285, 0.35988736641743285, 0.4683190985245273, 0.4683190985245273, 0.4683190985245273, 0.5284487738600816, 0.5284487738600816, 0.5284487738600816, 0.5724326630425057, 0.5724326630425057, 0.5724326630425057, 0.5867325662814248, 0.5867325662814248, 0.5867325662814248, 0.6100154953035306, 0.6100154953035306, 0.6100154953035306, 0.6335449972442461, 0.6335449972442461, 0.6335449972442461, 0.7028198966000972, 0.7028198966000972, 0.7028198966000972, 0.7407031709924228, 0.7407031709924228, 0.7407031709924228, 0.7640115579128022, 0.7640115579128022, 0.7640115579128022, 0.7927555463237977, 0.7927555463237977, 0.7927555463237977, 0.8304431307522, 0.8304431307522, 0.8304431307522, 0.8644129622880373, 0.8644129622880373, 0.8644129622880373, 0.9101647792390424, 0.9101647792390424, 0.9101647792390424, 0.9373466587172852, 0.9373466587172852, 0.9373466587172852, 0.9765624978425749, 0.9765624978425749, 0.9765624978425749]",0.0014846080922164522,6.365073889619183e-06,0.0025229098060809037,0.00410341753737742,0.02364598765886393,,,221.84222311081268,14.894368838954295,30.855100019834936,1.9284437512396835,19,"[0.15652278065681458, 0.1959628164768219, 0.2269107848405838, 0.2505909204483032, 0.2835353910923004, 0.363568514585495, 0.38711121678352356, 0.4166707396507263, 0.434283047914505, 0.4558304250240326, 0.5032752752304077, 0.5636628270149231, 0.5945549011230469, 0.6559924483299255, 0.7111071348190308, 0.7395824790000916, 0.7651181817054749, 0.7955151200294495, 0.8404350280761719]",0.0015355521052360561,0.03918612133442217,1e-05,tolerance_polyline_fallback_pass,True,True,measured mean squared Euclidean error on the supplied normalized ordered reference points; not a continuous-curve or global-minimality guarantee,False,False,,,76,,764,28,19,19,53,False,False,False,True,True,26,6.365073889619209e-06,25,1,True,False,False,False,76,3,37,36,0,0.0,250.24969998048618
natural_earth_10m_coastline_58b3d62347a8_w000_58b3d623,natural_earth_10m_coastline,natural_earth_10m_coastline:tile:lon+040.000:lat-15.000:size5deg,test,768,192,certified,78,"[0.018243789204286088, 0.018243789204286088, 0.018243789204286088, 0.05477478626653303, 0.05477478626653303, 0.05477478626653303, 0.07561145630207118, 0.07561145630207118, 0.07561145630207118, 0.10039784933089119, 0.10039784933089119, 0.10039784933089119, 0.1173471723954382, 0.1173471723954382, 0.1173471723954382, 0.14734312062875266, 0.14734312062875266, 0.14734312062875266, 0.15778223041241812, 0.15778223041241812, 0.15778223041241812, 0.20996432971938278, 0.20996432971938278, 0.20996432971938278, 0.22680872643017164, 0.22680872643017164, 0.22680872643017164, 0.24377050816593449, 0.24377050816593449, 0.24377050816593449, 0.2568020513092584, 0.2568020513092584, 0.2568020513092584, 0.2945204683396924, 0.2945204683396924, 0.2945204683396924, 0.3636162005417449, 0.3636162005417449, 0.3636162005417449, 0.3936173311705077, 0.3936173311705077, 0.3936173311705077, 0.42362079256623086, 0.42362079256623086, 0.42362079256623086, 0.47581634064669803, 0.47581634064669803, 0.47581634064669803, 0.504498880563346, 0.504498880563346, 0.504498880563346, 0.6362769484570591, 0.6362769484570591, 0.6362769484570591, 0.6506006164135266, 0.6506006164135266, 0.6506006164135266, 0.6766537493301915, 0.6766537493301915, 0.6766537493301915, 0.6897026339660193, 0.6897026339660193, 0.6897026339660193, 0.7457936286878617, 0.7457936286878617, 0.7457936286878617, 0.7927298021327301, 0.7927298021327301, 0.7927298021327301, 0.8095459096991765, 0.8095459096991765, 0.8095459096991765, 0.9335042818226291, 0.9335042818226291, 0.9335042818226291, 0.9569729286959694, 0.9569729286959694, 0.9569729286959694]",4.6325761247914024e-05,9.617351285106767e-06,0.003101185464480763,0.007641947204729648,0.011827431697297806,,,10522.44913918498,102.57898975513933,30.855100019834936,1.9284437512396835,23,"[0.051114436239004135, 0.1017620638012886, 0.15086299180984497, 0.1874839961528778, 0.2301184982061386, 0.26187995076179504, 0.2957714796066284, 0.3303665220737457, 0.3706779479980469, 0.40011921525001526, 0.43062514066696167, 0.46120673418045044, 0.49361589550971985, 0.5404548645019531, 0.5961800217628479, 0.6296674013137817, 0.6742250919342041, 0.7057268619537354, 0.7549746632575989, 0.7889657616615295, 0.8224509954452515, 0.8388132452964783, 0.8623515367507935]",4.756105901970395e-05,0.006896452640285725,1e-05,tolerance_polyline_fallback_pass,True,True,measured mean squared Euclidean error on the supplied normalized ordered reference points; not a continuous-curve or global-minimality guarantee,False,False,,,82,,764,28,23,23,55,False,False,False,True,True,28,9.617351285106789e-06,27,1,True,False,False,False,82,3,21,20,0,0.0,141.32539997808635
natural_earth_10m_coastline_88f31c4b1f99_w000_88f31c4b,natural_earth_10m_coastline,natural_earth_10m_coastline:tile:lon-010.000:lat+55.000:size5deg,test,768,192,certified,21,"[0.10695471420285078, 0.10695471420285078, 0.10695471420285078, 0.2504332564814948, 0.2504332564814948, 0.2504332564814948, 0.37174239658143393, 0.37174239658143393, 0.37174239658143393, 0.49938617011324116, 0.49938617011324116, 0.49938617011324116, 0.5672056728171299, 0.5672056728171299, 0.5672056728171299, 0.7573919153741064, 0.7573919153741064, 0.7573919153741064, 0.8617405148793107, 0.8617405148793107, 0.8617405148793107]",2.3896789180320112e-05,3.5383080186939206e-07,0.0005948367859080271,0.0014862975332403875,0.002458196664397076,,,3.465268374134231,1.8615231328496111,30.855100019834936,1.9284437512396835,18,"[0.10014564543962479, 0.14857754111289978, 0.18563708662986755, 0.23960018157958984, 0.3218804895877838, 0.3680973947048187, 0.40259280800819397, 0.4206690192222595, 0.4825130105018616, 0.5290062427520752, 0.5740147829055786, 0.5892783999443054, 0.6367122530937195, 0.6746395230293274, 0.7322506904602051, 0.7622243762016296, 0.807392954826355, 0.8933018445968628]",2.6456998531921623e-05,0.0051436367029487635,1e-05,tolerance_polyline_fallback_pass,True,True,measured mean squared Euclidean error on the supplied normalized ordered reference points; not a continuous-curve or global-minimality guarantee,False,False,,,25,,764,28,18,18,3,False,False,False,True,True,9,3.5383080186938846e-07,7,0,False,False,False,False,25,3,41,40,0,0.0,177.2188000031747
natural_earth_10m_coastline_3e747664fba5_w000_3e747664,natural_earth_10m_coastline,natural_earth_10m_coastline:tile:lon+020.000:lat+70.000:size5deg,test,768,192,certified,23,"[0.1390232566264107, 0.17483864296643084, 0.22618569647457049, 0.2979957961419736, 0.2987434831807287, 0.3129175004491957, 0.3542395830640772, 0.3676562730670706, 0.38182566383078015, 0.38587484101154806, 0.41690078305394934, 0.46862699409518227, 0.5278968827852574, 0.5539735005583516, 0.621093751410726, 0.69562226523868, 0.7545576286439559, 0.7825629852298688, 0.8004139789247966, 0.8249258006440549, 0.863865371064777, 0.897094043435688, 0.9086688379692067]",6.226825445162044e-05,9.48364828644752e-06,0.0030795532608557884,0.006264288662252885,0.011280627932113499,,,489.9850659671256,22.13560629319029,30.855100019834936,1.9284437512396835,17,"[0.14372092485427856, 0.18096767365932465, 0.2336568832397461, 0.3049785792827606, 0.3583080768585205, 0.38593605160713196, 0.41607236862182617, 0.466129869222641, 0.5528265833854675, 0.6201328039169312, 0.6952685713768005, 0.756190836429596, 0.7848032116889954, 0.8021274209022522, 0.8272696137428284, 0.8653952479362488, 0.909564197063446]",6.286286241379952e-05,0.007928610370916175,1e-05,adaptive_insertion_pass,True,True,measured mean squared Euclidean error on the supplied normalized ordered reference points; not a continuous-curve or global-minimality guarantee,False,False,,True,27,27,764,28,17,17,6,False,False,False,False,False,,,0,0,False,False,False,False,27,1,25,24,0,0.0,131.5572999883443
natural_earth_10m_coastline_c2674d80ffde_w000_c2674d80,natural_earth_10m_coastline,natural_earth_10m_coastline:tile:lon+110.000:lat+10.000:size5deg,test,768,192,certified,21,"[0.09394068642486512, 0.09394068642486512, 0.09394068642486512, 0.22821664207924394, 0.22821664207924394, 0.22821664207924394, 0.4340142009636279, 0.4340142009636279, 0.4340142009636279, 0.5331410678098368, 0.5331410678098368, 0.5331410678098368, 0.6662237060550411, 0.6662237060550411, 0.6662237060550411, 0.7431205155800432, 0.7431205155800432, 0.7431205155800432, 0.8904814439783132, 0.8904814439783132, 0.8904814439783132]",0.00010169479793078867,3.692106884651701e-06,0.0019214855931418537,0.00420885413267049,0.004745791356875558,,,2.0505461868657746,1.4319728303518104,30.855100019834936,1.9284437512396835,18,"[0.14184728264808655, 0.1740281730890274, 0.20419372618198395, 0.24546568095684052, 0.2699851393699646, 0.3039027452468872, 0.33712244033813477, 0.395247220993042, 0.4600832462310791, 0.48903441429138184, 0.5190785527229309, 0.5604238510131836, 0.619942843914032, 0.6661662459373474, 0.6988832354545593, 0.7439324855804443, 0.7882784008979797, 0.8896094560623169]",0.00010130821082737823,0.01006519800239311,1e-05,tolerance_polyline_fallback_pass,True,True,measured mean squared Euclidean error on the supplied normalized ordered reference points; not a continuous-curve or global-minimality guarantee,False,False,,,25,,764,28,18,18,3,False,False,False,True,True,9,3.6921068846516777e-06,7,0,False,False,False,False,25,3,41,40,0,0.0,182.42570001166314
natural_earth_10m_coastline_11f1dd21fc71_w000_11f1dd21,natural_earth_10m_coastline,natural_earth_10m_coastline:tile:lon+095.000:lat+05.000:size5deg,test,768,192,certified,27,"[0.07775421460204683, 0.09269379665977052, 0.12702771008468516, 0.13141963968111864, 0.16938839253628635, 0.1773274969778117, 0.2148328085682999, 0.2550042375064833, 0.26068373874643735, 0.299949152572142, 0.30274323917060103, 0.3051053581064024, 0.34692246614524086, 0.39306292500536893, 0.44125097777197153, 0.49775233792881646, 0.5621859998570884, 0.6505450866169558, 0.6816954841958095, 0.7211575456909083, 0.7655047297129195, 0.7928843490955221, 0.8143178043607663, 0.8298429942602381, 0.8491117870197875, 0.8772502317964075, 0.9129761091690716]",0.0002706727533010104,9.98110081275596e-06,0.003159288023076712,0.006081493120570292,0.013211362088110808,,,1741.4543461581131,41.73073622832592,30.855100019834936,1.9284437512396835,18,"[0.07643982023000717, 0.1258186399936676, 0.16850760579109192, 0.21270686388015747, 0.2526756227016449, 0.2993885576725006, 0.3420220911502838, 0.389884352684021, 0.43748384714126587, 0.4942498505115509, 0.559271514415741, 0.6483668684959412, 0.6805449724197388, 0.8123165369033813, 0.8273255825042725, 0.8449999094009399, 0.8742420673370361, 0.9106370210647583]",0.0002699599549287929,0.01643045814725788,1e-05,adaptive_insertion_pass,True,True,measured mean squared Euclidean error on the supplied normalized ordered reference points; not a continuous-curve or global-minimality guarantee,False,False,,True,31,31,764,28,18,18,9,False,False,False,False,False,,,0,0,False,False,False,False,31,1,37,36,0,0.0,152.62260002782568
natural_earth_10m_coastline_b32d6f2a7716_w000_b32d6f2a,natural_earth_10m_coastline,natural_earth_10m_coastline:tile:lon+175.000:lat-20.000:size5deg,test,768,192,certified,42,"[0.07698479922922262, 0.07698479922922262, 0.07698479922922262, 0.15657207667060596, 0.15657207667060596, 0.15657207667060596, 0.22442058372183724, 0.22442058372183724, 0.22442058372183724, 0.3287748326504387, 0.3287748326504387, 0.3287748326504387, 0.3705293008077019, 0.3705293008077019, 0.3705293008077019, 0.43963901777993464, 0.43963901777993464, 0.43963901777993464, 0.48661279943707925, 0.48661279943707925, 0.48661279943707925, 0.5440071136414226, 0.5440071136414226, 0.5440071136414226, 0.6391937564627294, 0.6391937564627294, 0.6391937564627294, 0.6822503272884205, 0.6822503272884205, 0.6822503272884205, 0.7004874424988139, 0.7004874424988139, 0.7004874424988139, 0.7251294787819704, 0.7251294787819704, 0.7251294787819704, 0.8203818616415517, 0.8203818616415517, 0.8203818616415517, 0.923458023811268, 0.923458023811268, 0.923458023811268]",0.00011806197856740043,4.379575473672736e-06,0.0020927435279251816,0.005171697656319675,0.011197289028143268,,,79.44828698368265,8.913376856370578,30.855100019834936,1.9284437512396835,20,"[0.0670057162642479, 0.11436636000871658, 0.15319979190826416, 0.19930145144462585, 0.2568909823894501, 0.3242236375808716, 0.39756694436073303, 0.43694227933883667, 0.4941751956939697, 0.5402221083641052, 0.5705723762512207, 0.590742826461792, 0.6163787841796875, 0.6608287692070007, 0.7415593266487122, 0.7820802927017212, 0.8217869400978088, 0.840832531452179, 0.8632822036743164, 0.9019638299942017]",0.00012659890813939204,0.011251618023173024,1e-05,tolerance_polyline_fallback_pass,True,True,measured mean squared Euclidean error on the supplied normalized ordered reference points; not a continuous-curve or global-minimality guarantee,False,False,,,46,,764,28,20,20,22,False,False,False,True,True,16,4.379575473672729e-06,14,0,True,False,False,False,46,3,33,32,0,0.0,168.61579997930676
natural_earth_10m_coastline_0b1a51dd9a19_w000_0b1a51dd,natural_earth_10m_coastline,natural_earth_10m_coastline:tile:lon+020.000:lat+65.000:size5deg,test,768,192,certified,72,"[0.10073782018425254, 0.10073782018425254, 0.10073782018425254, 0.12952470568586147, 0.12952470568586147, 0.12952470568586147, 0.17325192235948578, 0.17325192235948578, 0.17325192235948578, 0.19631558269219493, 0.19631558269219493, 0.19631558269219493, 0.21855999298702017, 0.21855999298702017, 0.21855999298702017, 0.2735112099764985, 0.2735112099764985, 0.2735112099764985, 0.2860609717111794, 0.2860609717111794, 0.2860609717111794, 0.31876069844968674, 0.31876069844968674, 0.31876069844968674, 0.34493059137583865, 0.34493059137583865, 0.34493059137583865, 0.36846362022537565, 0.36846362022537565, 0.36846362022537565, 0.394545496097377, 0.394545496097377, 0.394545496097377, 0.4269795936479073, 0.4269795936479073, 0.4269795936479073, 0.44006372723713244, 0.44006372723713244, 0.44006372723713244, 0.46443997304127044, 0.46443997304127044, 0.46443997304127044, 0.5128512493045856, 0.5128512493045856, 0.5128512493045856, 0.5228446328046552, 0.5228446328046552, 0.5228446328046552, 0.5424634956346425, 0.5424634956346425, 0.5424634956346425, 0.5712379921454512, 0.5712379921454512, 0.5712379921454512, 0.6131083417940344, 0.6131083417940344, 0.6131083417940344, 0.6850559595729379, 0.6850559595729379, 0.6850559595729379, 0.699374840053306, 0.699374840053306, 0.699374840053306, 0.7386222020305602, 0.7386222020305602, 0.7386222020305602, 0.8341423050029179, 0.8341423050029179, 0.8341423050029179, 0.9241302942346568, 0.9241302942346568, 0.9241302942346568]",0.001188257787807323,7.046998437699515e-06,0.0026546183224146393,0.006681090286791918,0.013179101788775495,,,99.48166912539497,9.974049785588347,30.855100019834936,1.9284437512396835,18,"[0.07268474996089935, 0.10971422493457794, 0.1665676087141037, 0.2406732439994812, 0.3019917905330658, 0.35033148527145386, 0.3705967366695404, 0.418091744184494, 0.4800688326358795, 0.5533900260925293, 0.5636274814605713, 0.6221398115158081, 0.6779782176017761, 0.7548124194145203, 0.7924605011940002, 0.8148317933082581, 0.8402622938156128, 0.8702648282051086]",0.001196074582186849,0.03458431121457892,1e-05,tolerance_polyline_fallback_pass,True,True,measured mean squared Euclidean error on the supplied normalized ordered reference points; not a continuous-curve or global-minimality guarantee,False,False,,,76,,764,28,18,18,54,False,False,False,True,True,26,7.046998437699492e-06,24,0,True,False,False,False,76,3,41,40,0,0.0,256.0351000283845
natural_earth_10m_coastline_ba2d8d5f26c7_w000_ba2d8d5f,natural_earth_10m_coastline,natural_earth_10m_coastline:tile:lon+055.000:lat+15.000:size5deg,test,768,192,certified,24,"[0.09097172382619725, 0.09097172382619725, 0.09097172382619725, 0.1679991399763913, 0.1679991399763913, 0.1679991399763913, 0.38208464442165074, 0.38208464442165074, 0.38208464442165074, 0.5073686306358913, 0.5073686306358913, 0.5073686306358913, 0.5666714421010637, 0.5666714421010637, 0.5666714421010637, 0.7337817691242353, 0.7337817691242353, 0.7337817691242353, 0.8382159322263106, 0.8382159322263106, 0.8382159322263106, 0.9296043974169488, 0.9296043974169488, 0.9296043974169488]",5.495702344928958e-05,8.221010065790862e-07,0.0009066978584837875,0.0018914197988756777,0.00406440080166173,,,9.298069473465553,3.0492735976729857,33.359199995175004,8.339799998793751,19,"[0.09826233237981796, 0.14127588272094727, 0.190351203083992, 0.2630413770675659, 0.33765318989753723, 0.3507082760334015, 0.40138304233551025, 0.4675008952617645, 0.49924933910369873, 0.5507524609565735, 0.5744811296463013, 0.6134703755378723, 0.644990861415863, 0.6781322956085205, 0.7134292721748352, 0.7629648447036743, 0.8138977289199829, 0.8599606156349182, 0.9005187749862671]",5.6806490777558795e-05,0.00753700807864492,1e-05,tolerance_polyline_fallback_pass,True,True,measured mean squared Euclidean error on the supplied normalized ordered reference points; not a continuous-curve or global-minimality guarantee,False,False,,,28,,764,28,19,19,5,False,False,False,True,True,10,8.221010065790856e-07,8,0,False,False,False,False,28,3,37,36,0,1.3877787807814457e-17,177.82789998454973
natural_earth_10m_coastline_4e111a379ee6_w000_4e111a37,natural_earth_10m_coastline,natural_earth_10m_coastline:tile:lon+075.000:lat+70.000:size5deg,test,768,192,certified,36,"[0.03513299611502205, 0.03513299611502205, 0.03513299611502205, 0.12647280697236032, 0.12647280697236032, 0.12647280697236032, 0.2987705057397065, 0.2987705057397065, 0.2987705057397065, 0.36664752163940895, 0.36664752163940895, 0.36664752163940895, 0.4345183282589009, 0.4345183282589009, 0.4345183282589009, 0.4560130835941231, 0.4560130835941231, 0.4560130835941231, 0.4951513192883467, 0.4951513192883467, 0.4951513192883467, 0.5369217843776208, 0.5369217843776208, 0.5369217843776208, 0.6843929763702318, 0.6843929763702318, 0.6843929763702318, 0.737902976071285, 0.737902976071285, 0.737902976071285, 0.8592853366182042, 0.8592853366182042, 0.8592853366182042, 0.9112377486175126, 0.9112377486175126, 0.9112377486175126]",0.00025439027909239964,4.0057944428322796e-07,0.0006329134571829137,0.001535174912044927,0.0027682210287664263,,,66.84232930673654,8.17571582839916,33.359199995175004,8.339799998793751,14,"[0.09666972607374191, 0.1631213277578354, 0.22001782059669495, 0.2828717827796936, 0.38434576988220215, 0.49816882610321045, 0.5468037128448486, 0.6079230904579163, 0.640171468257904, 0.719071626663208, 0.7833434343338013, 0.7953193187713623, 0.8318113684654236, 0.8605668544769287]",0.0002552800936478515,0.015977487088020177,1e-05,tolerance_polyline_fallback_pass,True,True,measured mean squared Euclidean error on the supplied normalized ordered reference points; not a continuous-curve or global-minimality guarantee,False,False,,,40,,764,28,14,14,22,False,False,False,True,True,14,4.0057944428322786e-07,12,0,True,False,False,False,40,3,57,56,0,2.7755575615628914e-17,229.138900001999
natural_earth_10m_coastline_01e14569ef44_w000_01e14569,natural_earth_10m_coastline,natural_earth_10m_coastline:tile:lon+175.000:lat-20.000:size5deg,test,768,192,certified,30,"[0.0326284750651094, 0.0326284750651094, 0.0326284750651094, 0.08481968145640333, 0.08481968145640333, 0.08481968145640333, 0.14743501115516758, 0.14743501115516758, 0.14743501115516758, 0.29100028450315824, 0.29100028450315824, 0.29100028450315824, 0.4054750828510925, 0.4054750828510925, 0.4054750828510925, 0.47202029524574307, 0.47202029524574307, 0.47202029524574307, 0.4952806670297422, 0.4952806670297422, 0.4952806670297422, 0.6323202443278393, 0.6323202443278393, 0.6323202443278393, 0.7298674136700493, 0.7298674136700493, 0.7298674136700493, 0.805534316540083, 0.805534316540083, 0.805534316540083]",0.00012171146047941924,6.740407271131728e-07,0.0008209998338082492,0.0019039098483879734,0.003592293313502184,,,9.777963244219709,3.1269734959253666,33.359199995175004,8.339799998793751,19,"[0.07806515693664551, 0.11771485209465027, 0.16478849947452545, 0.23067019879817963, 0.3238155245780945, 0.35770875215530396, 0.4375658333301544, 0.4592004120349884, 0.48436662554740906, 0.5116246342658997, 0.5259532332420349, 0.5642926096916199, 0.6278029084205627, 0.6874219179153442, 0.7264536023139954, 0.77727210521698, 0.8309412002563477, 0.8700998425483704, 0.9082557559013367]",0.00012590041845693598,0.011220535569077619,1e-05,tolerance_polyline_fallback_pass,True,True,measured mean squared Euclidean error on the supplied normalized ordered reference points; not a continuous-curve or global-minimality guarantee,False,False,,,34,,764,28,19,19,11,False,False,False,True,True,12,6.740407271131707e-07,10,0,True,False,False,False,34,3,37,36,0,1.1102230246251565e-16,162.18210000079125
natural_earth_10m_coastline_90aa0ad0bf68_w000_90aa0ad0,natural_earth_10m_coastline,natural_earth_10m_coastline:tile:lon-010.000:lat+55.000:size5deg,test,768,192,certified,183,"[0.011783892935493943, 0.011783892935493943, 0.011783892935493943, 0.04184458439733599, 0.04184458439733599, 0.04184458439733599, 0.05728685610217895, 0.05728685610217895, 0.05728685610217895, 0.06905226867308971, 0.06905226867308971, 0.06905226867308971, 0.09393044755006744, 0.09393044755006744, 0.09393044755006744, 0.10044246612269586, 0.10044246612269586, 0.10044246612269586, 0.11746159154372247, 0.11746159154372247, 0.11746159154372247, 0.13970246774368922, 0.13970246774368922, 0.13970246774368922, 0.1514458400215272, 0.1514458400215272, 0.1514458400215272, 0.1566845531299596, 0.1566845531299596, 0.1566845531299596, 0.1618929193500627, 0.1618929193500627, 0.1618929193500627, 0.18545976967681213, 0.18545976967681213, 0.18545976967681213, 0.19854377877398324, 0.19854377877398324, 0.19854377877398324, 0.207629100553315, 0.207629100553315, 0.207629100553315, 0.22549157593402716, 0.22549157593402716, 0.22549157593402716, 0.24249144196610736, 0.24249144196610736, 0.24249144196610736, 0.25951726862985475, 0.25951726862985475, 0.25951726862985475, 0.27522498157510117, 0.27522498157510117, 0.27522498157510117, 0.29094113096641994, 0.29094113096641994, 0.29094113096641994, 0.307935636330545, 0.307935636330545, 0.307935636330545, 0.32086390109776347, 0.32086390109776347, 0.32086390109776347, 0.3247678901652076, 0.3247678901652076, 0.3247678901652076, 0.3325872854396257, 0.3325872854396257, 0.3325872854396257, 0.4190103955115305, 0.4190103955115305, 0.4190103955115305, 0.43340283613756797, 0.43340283613756797, 0.43340283613756797, 0.44900447085523615, 0.44900447085523615, 0.44900447085523615, 0.46471707528950396, 0.46471707528950396, 0.46471707528950396, 0.4791060013085787, 0.4791060013085787, 0.4791060013085787, 0.4948137704165459, 0.4948137704165459, 0.4948137704165459, 0.5105059020439526, 0.5105059020439526, 0.5105059020439526, 0.5207871526470845, 0.5207871526470845, 0.5207871526470845, 0.5312513135449917, 0.5312513135449917, 0.5312513135449917, 0.5368181183738534, 0.5368181183738534, 0.5368181183738534, 0.548599684276352, 0.548599684276352, 0.548599684276352, 0.5708591259247855, 0.5708591259247855, 0.5708591259247855, 0.5826399276776721, 0.5826399276776721, 0.5826399276776721, 0.5983479542638023, 0.5983479542638023, 0.5983479542638023, 0.6035170449941354, 0.6035170449941354, 0.6035170449941354, 0.6217169398383348, 0.6217169398383348, 0.6217169398383348, 0.6387416434999053, 0.6387416434999053, 0.6387416434999053, 0.6492010051644047, 0.6492010051644047, 0.6492010051644047, 0.6594914094295699, 0.6594914094295699, 0.6594914094295699, 0.6751763717181748, 0.6751763717181748, 0.6751763717181748, 0.6895828395834271, 0.6895828395834271, 0.6895828395834271, 0.7026290440981997, 0.7026290440981997, 0.7026290440981997, 0.7262024581883638, 0.7262024581883638, 0.7262024581883638, 0.7510597863231783, 0.7510597863231783, 0.7510597863231783, 0.7576016115862282, 0.7576016115862282, 0.7576016115862282, 0.7782841485925466, 0.7782841485925466, 0.7782841485925466, 0.7900712581386684, 0.7900712581386684, 0.7900712581386684, 0.8302828666186832, 0.8302828666186832, 0.8302828666186832, 0.8486077711148926, 0.8486077711148926, 0.8486077711148926, 0.8603464074439184, 0.8603464074439184, 0.8603464074439184, 0.8707835392694251, 0.8707835392694251, 0.8707835392694251, 0.9074159373620166, 0.9074159373620166, 0.9074159373620166, 0.9218142937840615, 0.9218142937840615, 0.9218142937840615, 0.9506073824022871, 0.9506073824022871, 0.9506073824022871, 0.9610848143060087, 0.9610848143060087, 0.9610848143060087, 0.9701483517450104, 0.9701483517450104, 0.9701483517450104, 0.9806061060999872, 0.9806061060999872, 0.9806061060999872, 0.9923932137180015, 0.9923932137180015, 0.9923932137180015]",0.004767834097526315,9.812483824632905e-06,0.0031324884396646867,0.006795084734781086,0.01284996634005904,,,4715.97162362363,68.67293224862055,33.359199995175004,8.339799998793751,14,"[0.07871260493993759, 0.18915404379367828, 0.2687590718269348, 0.38820499181747437, 0.4511502981185913, 0.5438621640205383, 0.5716909766197205, 0.6027216911315918, 0.6357601284980774, 0.6828685402870178, 0.8101043701171875, 0.8246289491653442, 0.855095386505127, 0.8878272175788879]",0.004993405977896673,0.07066403595816384,1e-05,tolerance_polyline_fallback_pass,True,True,measured mean squared Euclidean error on the supplied normalized ordered reference points; not a continuous-curve or global-minimality guarantee,False,False,,,187,,764,28,14,14,169,False,False,False,True,True,63,9.81248382463292e-06,62,1,True,False,False,False,187,3,57,56,0,0.0,330.87039995007217
