
[benchmark_six_methods] /home/feng/anaconda3/bin/python scripts/benchmark_v16_datasets.py --checkpoint /home/feng/HouCode/SplineFitting_1070_overnight/outputs/checkpoints/universal_m16_m32_3090_r1_m16.pt --output-dir /home/feng/HouCode/SplineFitting_1070_overnight/outputs/comparisons/universal_m16_m32_3090_r1_m16 --method-set published --samples-per-knot-count 2 --min-knot-count 4 --max-knot-count 24 --synthetic-source-max-knots 24 --real-samples-per-dataset 20 --mse-tolerance 5e-5 --manifest UJI=/home/feng/HouCode/SplineSurpervisedFitting/data/splits/uji_pen_v2.jsonl --manifest NaturalEarth=/home/feng/HouCode/SplineSurpervisedFitting/data/processed/natural_earth/v5.1.2_10m_coastline/manifest.jsonl --manifest USGS=/home/feng/HouCode/SplineSurpervisedFitting/data/processed/usgs_contours/large_scale/manifest.jsonl --manifest IndustrialOffset=/home/feng/HouCode/SplineSurpervisedFitting/data/processed/industrial_offsets/v1/manifest.jsonl --max-internal-knots 16 --paper-initial-knots 16 --liang-dense-knots 16 --gradient-steps 12 --paper-admm-iterations 400 --paper-lambda-bisections 8 --paper-relocation-iterations 8 --liang-feature-samples 1025 --dung-scan-intervals 10 --dung-optimization-iterations 10 --luo-de-population 10 --luo-de-iterations 50 --published-feasibility-safeguard --network-warmups 3 --network-repeats 100 --end-to-end-repeats 3 --torch-num-threads 4 --device cuda --allow-unqualified-diagnostic
DIAGNOSTIC NOT FINAL — certified synthetic count MAE exceeds the formal limit 2; certified synthetic knot-match F1 is below the formal minimum 0.6; certified synthetic matched-knot MAE exceeds the formal limit 0.005; observed worst-source deployment pass rate 9.375% is below the required 90.000%; observed worst-source dense proposal pass rate 9.375% is below the required 90.000%; proposal feasibility gate was not satisfied; infeasible-proposal ablation was enabled
Preparing fixed paired test samples...
Warming numerical solvers (excluded from timing)...
122 curves x 6 methods; device=cuda; MSE tolerance=5e-05
[1/122] Synthetic seed20000_sample2679 ours: K=12 MSE=2.3019099877465935e-05 MaxSqErr=0.00019217484018801165 time=14.8 ms ok
[1/122] Synthetic seed20000_sample2679 park_dominant_point_2007_adaptation: K=16 MSE=0.0003665811027147828 MaxSqErr=0.0044504599580569085 time=19.3 ms ok
[1/122] Synthetic seed20000_sample2679 liang_feature_iki_2017_adaptation: K=13 MSE=4.98300266848981e-05 MaxSqErr=0.00034402506895414467 time=12.4 ms ok
[1/122] Synthetic seed20000_sample2679 dung_direct_knot_2017_adaptation: K=8 MSE=4.0370522316726106e-05 MaxSqErr=0.0002482969646462185 time=116.5 ms ok
[1/122] Synthetic seed20000_sample2679 kang_sparse_2015_adaptation: K=16 MSE=9.432955522650656e-06 MaxSqErr=4.6663493374163766e-05 time=392.1 ms ok
[1/122] Synthetic seed20000_sample2679 luo_linf_de_2022_adaptation: K=10 MSE=3.271163838502727e-05 MaxSqErr=0.00021801655155255465 time=2395.8 ms ok
[2/122] Synthetic seed20000_sample2057 ours: K=10 MSE=0.00011769580323566127 MaxSqErr=0.0009066294544226927 time=14.6 ms ok
[2/122] Synthetic seed20000_sample2057 park_dominant_point_2007_adaptation: K=16 MSE=0.0002303349962577283 MaxSqErr=0.0028121062414307512 time=19.3 ms ok
[2/122] Synthetic seed20000_sample2057 liang_feature_iki_2017_adaptation: K=11 MSE=3.334114589773966e-05 MaxSqErr=0.00016429854400037137 time=10.4 ms ok
[2/122] Synthetic seed20000_sample2057 dung_direct_knot_2017_adaptation: K=9 MSE=2.4798292254366187e-05 MaxSqErr=0.00011765505912931566 time=99.4 ms ok
[2/122] Synthetic seed20000_sample2057 kang_sparse_2015_adaptation: K=16 MSE=6.093999315512423e-06 MaxSqErr=4.484264120603363e-05 time=392.2 ms ok
[2/122] Synthetic seed20000_sample2057 luo_linf_de_2022_adaptation: K=10 MSE=4.3766652283756665e-05 MaxSqErr=0.00024776645433980147 time=2373.4 ms ok
[3/122] Synthetic seed20000_sample2344 ours: K=13 MSE=9.587278616177292e-06 MaxSqErr=3.9985972836237814e-05 time=14.5 ms ok
[3/122] Synthetic seed20000_sample2344 park_dominant_point_2007_adaptation: K=16 MSE=0.00014486196731236495 MaxSqErr=0.0008701726493834786 time=19.1 ms ok
[3/122] Synthetic seed20000_sample2344 liang_feature_iki_2017_adaptation: K=16 MSE=4.974334864197745e-05 MaxSqErr=0.00032617270020876495 time=15.2 ms ok
[3/122] Synthetic seed20000_sample2344 dung_direct_knot_2017_adaptation: K=11 MSE=3.133378208997923e-05 MaxSqErr=0.00015826216865446347 time=133.0 ms ok
[3/122] Synthetic seed20000_sample2344 kang_sparse_2015_adaptation: K=16 MSE=2.0166562385076052e-05 MaxSqErr=8.71639928432545e-05 time=391.3 ms ok
[3/122] Synthetic seed20000_sample2344 luo_linf_de_2022_adaptation: K=13 MSE=3.7874774752248e-05 MaxSqErr=0.00020651811448855459 time=2129.7 ms ok
[4/122] Synthetic seed20000_sample3595 ours: K=13 MSE=2.5420808274254124e-05 MaxSqErr=0.00016279499683086125 time=14.5 ms ok
[4/122] Synthetic seed20000_sample3595 park_dominant_point_2007_adaptation: K=16 MSE=0.0005003594421549479 MaxSqErr=0.0037942332650653153 time=19.1 ms ok
[4/122] Synthetic seed20000_sample3595 liang_feature_iki_2017_adaptation: K=15 MSE=2.9105475636853928e-05 MaxSqErr=0.0002054739383105928 time=14.1 ms ok
[4/122] Synthetic seed20000_sample3595 dung_direct_knot_2017_adaptation: K=12 MSE=4.668855246172833e-05 MaxSqErr=0.0002504248226980314 time=138.1 ms ok
[4/122] Synthetic seed20000_sample3595 kang_sparse_2015_adaptation: K=16 MSE=2.4378047307975218e-05 MaxSqErr=0.00011452109250095213 time=392.5 ms ok
[4/122] Synthetic seed20000_sample3595 luo_linf_de_2022_adaptation: K=13 MSE=4.6305368095100724e-05 MaxSqErr=0.00023924897043519814 time=2187.6 ms ok
[5/122] Synthetic seed20000_sample3602 ours: K=12 MSE=6.262410431085852e-05 MaxSqErr=0.0005046466199405625 time=14.4 ms ok
[5/122] Synthetic seed20000_sample3602 park_dominant_point_2007_adaptation: K=16 MSE=0.0001751629497296021 MaxSqErr=0.0022361705452973914 time=19.1 ms ok
[5/122] Synthetic seed20000_sample3602 liang_feature_iki_2017_adaptation: K=16 MSE=0.00010578513949078308 MaxSqErr=0.00047844311830849825 time=15.2 ms ok
[5/122] Synthetic seed20000_sample3602 dung_direct_knot_2017_adaptation: K=13 MSE=3.71801391733937e-05 MaxSqErr=0.0001915653328564868 time=140.6 ms ok
[5/122] Synthetic seed20000_sample3602 kang_sparse_2015_adaptation: K=16 MSE=3.1239949727689176e-05 MaxSqErr=0.00010868438376843876 time=390.2 ms ok
[5/122] Synthetic seed20000_sample3602 luo_linf_de_2022_adaptation: K=13 MSE=3.9478965368213195e-05 MaxSqErr=0.00015565796263099815 time=1829.3 ms ok
[6/122] Synthetic seed20000_sample617 ours: K=14 MSE=1.7613454827917495e-05 MaxSqErr=0.00013939632052504882 time=14.5 ms ok
[6/122] Synthetic seed20000_sample617 park_dominant_point_2007_adaptation: K=16 MSE=4.843726423846945e-05 MaxSqErr=0.00021672901403105773 time=19.2 ms ok
[6/122] Synthetic seed20000_sample617 liang_feature_iki_2017_adaptation: K=14 MSE=4.281845843633777e-05 MaxSqErr=0.00020039553132661616 time=13.1 ms ok
[6/122] Synthetic seed20000_sample617 dung_direct_knot_2017_adaptation: K=10 MSE=4.145824252284534e-05 MaxSqErr=0.00012864209294665115 time=160.7 ms ok
[6/122] Synthetic seed20000_sample617 kang_sparse_2015_adaptation: K=16 MSE=3.480711429335408e-05 MaxSqErr=0.00020968385276615606 time=392.0 ms ok
[6/122] Synthetic seed20000_sample617 luo_linf_de_2022_adaptation: K=14 MSE=4.47857879735284e-05 MaxSqErr=0.0003353047700731656 time=1249.0 ms ok
[7/122] Synthetic seed20000_sample3494 ours: K=15 MSE=1.2037459081187465e-05 MaxSqErr=0.00011690893245245675 time=14.4 ms ok
[7/122] Synthetic seed20000_sample3494 park_dominant_point_2007_adaptation: K=16 MSE=0.0001862163212290635 MaxSqErr=0.001668240963162051 time=19.1 ms ok
[7/122] Synthetic seed20000_sample3494 liang_feature_iki_2017_adaptation: K=16 MSE=9.379480699641864e-05 MaxSqErr=0.0003553172032687716 time=15.2 ms ok
[7/122] Synthetic seed20000_sample3494 dung_direct_knot_2017_adaptation: K=16 MSE=4.2669624813690886e-05 MaxSqErr=0.00013998254305095482 time=204.7 ms ok
[7/122] Synthetic seed20000_sample3494 kang_sparse_2015_adaptation: K=16 MSE=8.547696752744426e-05 MaxSqErr=0.0004226308430124934 time=5.6 ms ok
[7/122] Synthetic seed20000_sample3494 luo_linf_de_2022_adaptation: K=16 MSE=8.305314411782964e-05 MaxSqErr=0.00042017331198868774 time=598.8 ms ok
[8/122] Synthetic seed20000_sample1758 ours: K=15 MSE=1.0502549423950448e-05 MaxSqErr=4.760938880101095e-05 time=14.5 ms ok
[8/122] Synthetic seed20000_sample1758 park_dominant_point_2007_adaptation: K=16 MSE=0.0003986252338448587 MaxSqErr=0.009624917795004151 time=19.1 ms ok
[8/122] Synthetic seed20000_sample1758 liang_feature_iki_2017_adaptation: K=16 MSE=6.738899294640764e-05 MaxSqErr=0.00033024194651255193 time=15.2 ms ok
[8/122] Synthetic seed20000_sample1758 dung_direct_knot_2017_adaptation: K=15 MSE=4.909383349263432e-05 MaxSqErr=0.00016792649011762608 time=187.4 ms ok
[8/122] Synthetic seed20000_sample1758 kang_sparse_2015_adaptation: K=16 MSE=4.7964720623227306e-05 MaxSqErr=0.0001820758586662604 time=393.2 ms ok
[8/122] Synthetic seed20000_sample1758 luo_linf_de_2022_adaptation: K=14 MSE=4.7804253405158034e-05 MaxSqErr=0.00019007247114922711 time=1058.0 ms ok
[9/122] Synthetic seed20000_sample1236 ours: K=15 MSE=5.9264892998327195e-05 MaxSqErr=0.0007573411277163003 time=14.5 ms ok
[9/122] Synthetic seed20000_sample1236 park_dominant_point_2007_adaptation: K=16 MSE=0.0008569033609268261 MaxSqErr=0.008720434140275471 time=19.1 ms ok
[9/122] Synthetic seed20000_sample1236 liang_feature_iki_2017_adaptation: K=16 MSE=0.00023810917572136142 MaxSqErr=0.0010494968757476133 time=15.2 ms ok
[9/122] Synthetic seed20000_sample1236 dung_direct_knot_2017_adaptation: K=16 MSE=5.5626575872622286e-05 MaxSqErr=0.00019107458239615366 time=202.6 ms ok
[9/122] Synthetic seed20000_sample1236 kang_sparse_2015_adaptation: K=16 MSE=8.897361588044604e-05 MaxSqErr=0.00034029224072014446 time=5.6 ms ok
[9/122] Synthetic seed20000_sample1236 luo_linf_de_2022_adaptation: K=16 MSE=4.698497799343601e-05 MaxSqErr=0.0002141370201758686 time=620.2 ms ok
[10/122] Synthetic seed20000_sample194 ours: K=15 MSE=8.449604415991855e-05 MaxSqErr=0.000713511857899371 time=14.5 ms ok
[10/122] Synthetic seed20000_sample194 park_dominant_point_2007_adaptation: K=16 MSE=0.00092958169780127 MaxSqErr=0.008304142551560272 time=19.1 ms ok
[10/122] Synthetic seed20000_sample194 liang_feature_iki_2017_adaptation: K=16 MSE=0.0001220894784201766 MaxSqErr=0.0005462251578709801 time=15.2 ms ok
[10/122] Synthetic seed20000_sample194 dung_direct_knot_2017_adaptation: K=15 MSE=4.325324445401724e-05 MaxSqErr=0.00017279894912931997 time=155.8 ms ok
[10/122] Synthetic seed20000_sample194 kang_sparse_2015_adaptation: K=16 MSE=5.2285116342844137e-05 MaxSqErr=0.00021201413267399078 time=5.6 ms ok
[10/122] Synthetic seed20000_sample194 luo_linf_de_2022_adaptation: K=15 MSE=4.903703472875903e-05 MaxSqErr=0.00016936268063827173 time=615.7 ms ok
[11/122] Synthetic seed20000_sample365 ours: K=15 MSE=4.958432059853045e-05 MaxSqErr=0.0005420990743141934 time=14.5 ms ok
[11/122] Synthetic seed20000_sample365 park_dominant_point_2007_adaptation: K=16 MSE=0.0003882724082859169 MaxSqErr=0.00430501193597845 time=19.1 ms ok
[11/122] Synthetic seed20000_sample365 liang_feature_iki_2017_adaptation: K=16 MSE=0.00016328462458542765 MaxSqErr=0.0007804972288465396 time=15.2 ms ok
[11/122] Synthetic seed20000_sample365 dung_direct_knot_2017_adaptation: K=16 MSE=6.732891242131295e-05 MaxSqErr=0.0003666733493573639 time=217.2 ms ok
[11/122] Synthetic seed20000_sample365 kang_sparse_2015_adaptation: K=16 MSE=7.042025704524637e-05 MaxSqErr=0.00033699258413754025 time=5.6 ms ok
[11/122] Synthetic seed20000_sample365 luo_linf_de_2022_adaptation: K=16 MSE=7.042025704524637e-05 MaxSqErr=0.00033699258413754025 time=619.7 ms ok
[12/122] Synthetic seed20000_sample3465 ours: K=15 MSE=0.00010840959548377446 MaxSqErr=0.001390701013231233 time=14.4 ms ok
[12/122] Synthetic seed20000_sample3465 park_dominant_point_2007_adaptation: K=16 MSE=0.0010686580137604952 MaxSqErr=0.011533344975525958 time=19.1 ms ok
[12/122] Synthetic seed20000_sample3465 liang_feature_iki_2017_adaptation: K=16 MSE=0.00037727035499073063 MaxSqErr=0.0025158811165231915 time=15.2 ms ok
[12/122] Synthetic seed20000_sample3465 dung_direct_knot_2017_adaptation: K=16 MSE=5.272882022458371e-05 MaxSqErr=0.0002324815144693865 time=222.5 ms ok
[12/122] Synthetic seed20000_sample3465 kang_sparse_2015_adaptation: K=16 MSE=0.00011418947990495089 MaxSqErr=0.00048666867826133067 time=5.6 ms ok
[12/122] Synthetic seed20000_sample3465 luo_linf_de_2022_adaptation: K=16 MSE=0.00011418947990495089 MaxSqErr=0.00048666867826133067 time=621.3 ms ok
[13/122] Synthetic seed20000_sample2797 ours: K=16 MSE=0.00011006216893135732 MaxSqErr=0.000599388125605291 time=14.4 ms ok
[13/122] Synthetic seed20000_sample2797 park_dominant_point_2007_adaptation: K=16 MSE=0.0020351253075651973 MaxSqErr=0.011658472972082421 time=19.1 ms ok
[13/122] Synthetic seed20000_sample2797 liang_feature_iki_2017_adaptation: K=16 MSE=0.0006740094322526287 MaxSqErr=0.008694692802165966 time=15.2 ms ok
[13/122] Synthetic seed20000_sample2797 dung_direct_knot_2017_adaptation: K=16 MSE=5.5870784954796365e-05 MaxSqErr=0.00018688149758534526 time=245.1 ms ok
[13/122] Synthetic seed20000_sample2797 kang_sparse_2015_adaptation: K=16 MSE=0.0001789547045731184 MaxSqErr=0.000824745061364452 time=5.6 ms ok
[13/122] Synthetic seed20000_sample2797 luo_linf_de_2022_adaptation: K=16 MSE=0.00011033137989115128 MaxSqErr=0.0005066742943672417 time=600.2 ms ok
[14/122] Synthetic seed20000_sample1930 ours: K=16 MSE=0.00011501835778578454 MaxSqErr=0.0005827019906965358 time=14.5 ms ok
[14/122] Synthetic seed20000_sample1930 park_dominant_point_2007_adaptation: K=16 MSE=0.000582059507302897 MaxSqErr=0.0055779507272201104 time=19.1 ms ok
[14/122] Synthetic seed20000_sample1930 liang_feature_iki_2017_adaptation: K=16 MSE=0.00019994908732902917 MaxSqErr=0.0010320159522793691 time=15.2 ms ok
[14/122] Synthetic seed20000_sample1930 dung_direct_knot_2017_adaptation: K=16 MSE=5.9254016004743624e-05 MaxSqErr=0.00020973298620028497 time=241.7 ms ok
[14/122] Synthetic seed20000_sample1930 kang_sparse_2015_adaptation: K=16 MSE=0.00028328802384850203 MaxSqErr=0.0014531531899314022 time=5.6 ms ok
[14/122] Synthetic seed20000_sample1930 luo_linf_de_2022_adaptation: K=16 MSE=0.00016872205703175684 MaxSqErr=0.0015911234756336478 time=580.0 ms ok
[15/122] Synthetic seed20000_sample2097 ours: K=16 MSE=9.75831175279059e-05 MaxSqErr=0.0008062664714042631 time=14.5 ms ok
[15/122] Synthetic seed20000_sample2097 park_dominant_point_2007_adaptation: K=16 MSE=0.0008312236464516222 MaxSqErr=0.00701706918594153 time=19.1 ms ok
[15/122] Synthetic seed20000_sample2097 liang_feature_iki_2017_adaptation: K=16 MSE=0.0012494056826064396 MaxSqErr=0.0039619629561656305 time=15.2 ms ok
[15/122] Synthetic seed20000_sample2097 dung_direct_knot_2017_adaptation: K=16 MSE=0.00011174889903736009 MaxSqErr=0.0011854689824487487 time=268.6 ms ok
[15/122] Synthetic seed20000_sample2097 kang_sparse_2015_adaptation: K=16 MSE=0.00044922727112044333 MaxSqErr=0.002189054536366296 time=5.6 ms ok
[15/122] Synthetic seed20000_sample2097 luo_linf_de_2022_adaptation: K=16 MSE=0.0003441423350129151 MaxSqErr=0.0018274297715019404 time=580.1 ms ok
[16/122] Synthetic seed20000_sample4016 ours: K=16 MSE=8.668514853974244e-05 MaxSqErr=0.0004750719249524165 time=14.4 ms ok
[16/122] Synthetic seed20000_sample4016 park_dominant_point_2007_adaptation: K=16 MSE=0.0008328954419703516 MaxSqErr=0.005860888802404359 time=19.1 ms ok
[16/122] Synthetic seed20000_sample4016 liang_feature_iki_2017_adaptation: K=16 MSE=0.0004554176289300643 MaxSqErr=0.003004485155032384 time=15.2 ms ok
[16/122] Synthetic seed20000_sample4016 dung_direct_knot_2017_adaptation: K=16 MSE=9.154010031144727e-05 MaxSqErr=0.00039832091103704146 time=305.2 ms ok
[16/122] Synthetic seed20000_sample4016 kang_sparse_2015_adaptation: K=16 MSE=0.0005987529569679784 MaxSqErr=0.004128660482042594 time=5.6 ms ok
[16/122] Synthetic seed20000_sample4016 luo_linf_de_2022_adaptation: K=16 MSE=0.0003569793624810124 MaxSqErr=0.001999862127375224 time=579.8 ms ok
[17/122] Synthetic seed20000_sample1601 ours: K=16 MSE=0.00018043110554296867 MaxSqErr=0.0010593899935334849 time=14.4 ms ok
[17/122] Synthetic seed20000_sample1601 park_dominant_point_2007_adaptation: K=16 MSE=0.0016450050285533116 MaxSqErr=0.009583964579599456 time=19.2 ms ok
[17/122] Synthetic seed20000_sample1601 liang_feature_iki_2017_adaptation: K=16 MSE=0.00044856212624518375 MaxSqErr=0.004108329928420254 time=15.2 ms ok
[17/122] Synthetic seed20000_sample1601 dung_direct_knot_2017_adaptation: K=16 MSE=6.973695202440272e-05 MaxSqErr=0.00033545364425380296 time=318.9 ms ok
[17/122] Synthetic seed20000_sample1601 kang_sparse_2015_adaptation: K=16 MSE=0.001427459078589364 MaxSqErr=0.005555332313841464 time=5.6 ms ok
[17/122] Synthetic seed20000_sample1601 luo_linf_de_2022_adaptation: K=16 MSE=0.0011893872466885913 MaxSqErr=0.005069712367814892 time=537.3 ms ok
[18/122] Synthetic seed20000_sample764 ours: K=16 MSE=9.845519817845541e-05 MaxSqErr=0.0006445934623428622 time=14.5 ms ok
[18/122] Synthetic seed20000_sample764 park_dominant_point_2007_adaptation: K=16 MSE=0.0005856847275847848 MaxSqErr=0.0070584589510379325 time=19.1 ms ok
[18/122] Synthetic seed20000_sample764 liang_feature_iki_2017_adaptation: K=16 MSE=0.00034803306966134606 MaxSqErr=0.0021702199190677357 time=15.2 ms ok
[18/122] Synthetic seed20000_sample764 dung_direct_knot_2017_adaptation: K=16 MSE=0.00017224619945068983 MaxSqErr=0.0011385511239749625 time=309.2 ms ok
[18/122] Synthetic seed20000_sample764 kang_sparse_2015_adaptation: K=16 MSE=0.0012133735066405472 MaxSqErr=0.0041021292314155754 time=5.6 ms ok
[18/122] Synthetic seed20000_sample764 luo_linf_de_2022_adaptation: K=16 MSE=0.0012118999663892785 MaxSqErr=0.004048937789021596 time=537.3 ms ok
[19/122] Synthetic seed20000_sample3366 ours: K=16 MSE=0.00018825492766280186 MaxSqErr=0.0007494383906125384 time=14.5 ms ok
[19/122] Synthetic seed20000_sample3366 park_dominant_point_2007_adaptation: K=16 MSE=0.00114448089298574 MaxSqErr=0.009163208156199677 time=19.1 ms ok
[19/122] Synthetic seed20000_sample3366 liang_feature_iki_2017_adaptation: K=16 MSE=0.0008255955602752663 MaxSqErr=0.0054311347457364385 time=15.2 ms ok
[19/122] Synthetic seed20000_sample3366 dung_direct_knot_2017_adaptation: K=16 MSE=0.00012707485346815566 MaxSqErr=0.0012017620152552256 time=332.1 ms ok
[19/122] Synthetic seed20000_sample3366 kang_sparse_2015_adaptation: K=16 MSE=0.0004883310491512337 MaxSqErr=0.0036296085547735456 time=5.6 ms ok
[19/122] Synthetic seed20000_sample3366 luo_linf_de_2022_adaptation: K=16 MSE=0.00037759802204193234 MaxSqErr=0.003627238193208965 time=580.3 ms ok
[20/122] Synthetic seed20000_sample2996 ours: K=16 MSE=0.0001872635745957496 MaxSqErr=0.0015148199258631495 time=14.5 ms ok
[20/122] Synthetic seed20000_sample2996 park_dominant_point_2007_adaptation: K=16 MSE=0.0009473319268097621 MaxSqErr=0.007754015164311744 time=19.1 ms ok
[20/122] Synthetic seed20000_sample2996 liang_feature_iki_2017_adaptation: K=16 MSE=0.0005201386650249538 MaxSqErr=0.005865735825969275 time=15.2 ms ok
[20/122] Synthetic seed20000_sample2996 dung_direct_knot_2017_adaptation: K=16 MSE=8.277591207493104e-05 MaxSqErr=0.0005370614912639513 time=364.7 ms ok
[20/122] Synthetic seed20000_sample2996 kang_sparse_2015_adaptation: K=16 MSE=0.0014479110374110953 MaxSqErr=0.0054467883862191506 time=5.6 ms ok
[20/122] Synthetic seed20000_sample2996 luo_linf_de_2022_adaptation: K=16 MSE=0.0012919472383861386 MaxSqErr=0.0056940143936154465 time=539.8 ms ok
[21/122] Synthetic seed20000_sample2204 ours: K=16 MSE=0.0003883383439375735 MaxSqErr=0.004030407429660389 time=14.5 ms ok
[21/122] Synthetic seed20000_sample2204 park_dominant_point_2007_adaptation: K=16 MSE=0.0007664029648131371 MaxSqErr=0.007423701174593338 time=19.1 ms ok
[21/122] Synthetic seed20000_sample2204 liang_feature_iki_2017_adaptation: K=16 MSE=0.0011985581787180633 MaxSqErr=0.00594104661933338 time=15.2 ms ok
[21/122] Synthetic seed20000_sample2204 dung_direct_knot_2017_adaptation: K=16 MSE=0.00012735437645666035 MaxSqErr=0.0011401367887489073 time=333.6 ms ok
[21/122] Synthetic seed20000_sample2204 kang_sparse_2015_adaptation: K=16 MSE=0.0020369877081076967 MaxSqErr=0.007482523252957717 time=5.6 ms ok
[21/122] Synthetic seed20000_sample2204 luo_linf_de_2022_adaptation: K=16 MSE=0.0019979812535831933 MaxSqErr=0.007324145967770811 time=540.7 ms ok
[22/122] Synthetic seed20000_sample3084 ours: K=16 MSE=0.000630054033160024 MaxSqErr=0.0023423323356202754 time=14.5 ms ok
[22/122] Synthetic seed20000_sample3084 park_dominant_point_2007_adaptation: K=16 MSE=0.0010033184996922143 MaxSqErr=0.01004871305714543 time=19.1 ms ok
[22/122] Synthetic seed20000_sample3084 liang_feature_iki_2017_adaptation: K=16 MSE=0.0011401013862340137 MaxSqErr=0.007153549420221001 time=15.2 ms ok
[22/122] Synthetic seed20000_sample3084 dung_direct_knot_2017_adaptation: K=16 MSE=0.00011384950866415123 MaxSqErr=0.0018904076190956816 time=363.6 ms ok
[22/122] Synthetic seed20000_sample3084 kang_sparse_2015_adaptation: K=16 MSE=0.0011698351517803838 MaxSqErr=0.006504236954345278 time=5.6 ms ok
[22/122] Synthetic seed20000_sample3084 luo_linf_de_2022_adaptation: K=16 MSE=0.0011698351517803838 MaxSqErr=0.006504236954345278 time=540.4 ms ok
[23/122] Synthetic seed20000_sample961 ours: K=16 MSE=0.0027788448762734526 MaxSqErr=0.008970623868058964 time=14.4 ms ok
[23/122] Synthetic seed20000_sample961 park_dominant_point_2007_adaptation: K=16 MSE=0.0006034959263460538 MaxSqErr=0.010321967729575738 time=19.1 ms ok
[23/122] Synthetic seed20000_sample961 liang_feature_iki_2017_adaptation: K=16 MSE=0.001715370291163476 MaxSqErr=0.008017728704562365 time=15.2 ms ok
[23/122] Synthetic seed20000_sample961 dung_direct_knot_2017_adaptation: K=16 MSE=0.0007897772831599329 MaxSqErr=0.012365795847588623 time=434.6 ms ok
[23/122] Synthetic seed20000_sample961 kang_sparse_2015_adaptation: K=16 MSE=0.0017762570103497244 MaxSqErr=0.0109365158431993 time=5.7 ms ok
[23/122] Synthetic seed20000_sample961 luo_linf_de_2022_adaptation: K=16 MSE=0.0016896028387303607 MaxSqErr=0.00906585841708702 time=538.3 ms ok
[24/122] Synthetic seed20000_sample3684 ours: K=16 MSE=0.0027055811387863664 MaxSqErr=0.010317350075409584 time=14.5 ms ok
[24/122] Synthetic seed20000_sample3684 park_dominant_point_2007_adaptation: K=16 MSE=0.0021405872719878435 MaxSqErr=0.015657860184401004 time=19.1 ms ok
[24/122] Synthetic seed20000_sample3684 liang_feature_iki_2017_adaptation: K=16 MSE=0.0011869831194042198 MaxSqErr=0.00536541583778482 time=15.2 ms ok
[24/122] Synthetic seed20000_sample3684 dung_direct_knot_2017_adaptation: K=16 MSE=0.00048448997313734615 MaxSqErr=0.005817104736082056 time=443.7 ms ok
[24/122] Synthetic seed20000_sample3684 kang_sparse_2015_adaptation: K=16 MSE=0.002704638630715499 MaxSqErr=0.012547330980159742 time=5.7 ms ok
[24/122] Synthetic seed20000_sample3684 luo_linf_de_2022_adaptation: K=16 MSE=0.0016956983089306571 MaxSqErr=0.00862495337082997 time=538.0 ms ok
[25/122] Synthetic seed20000_sample3248 ours: K=16 MSE=0.002781561662025168 MaxSqErr=0.011603020336643035 time=14.4 ms ok
[25/122] Synthetic seed20000_sample3248 park_dominant_point_2007_adaptation: K=16 MSE=0.000678194122375417 MaxSqErr=0.012977311608975969 time=19.1 ms ok
[25/122] Synthetic seed20000_sample3248 liang_feature_iki_2017_adaptation: K=16 MSE=0.0014946334440332735 MaxSqErr=0.006324757615293811 time=15.2 ms ok
[25/122] Synthetic seed20000_sample3248 dung_direct_knot_2017_adaptation: K=16 MSE=0.0021159489247765005 MaxSqErr=0.019981466176557862 time=458.4 ms ok
[25/122] Synthetic seed20000_sample3248 kang_sparse_2015_adaptation: K=16 MSE=0.002731083105624397 MaxSqErr=0.013215779971876465 time=5.6 ms ok
[25/122] Synthetic seed20000_sample3248 luo_linf_de_2022_adaptation: K=16 MSE=0.0021230909707541574 MaxSqErr=0.011676494542055209 time=579.9 ms ok
[26/122] Synthetic seed20000_sample278 ours: K=16 MSE=0.003177118249696209 MaxSqErr=0.009058713433331478 time=14.5 ms ok
[26/122] Synthetic seed20000_sample278 park_dominant_point_2007_adaptation: K=16 MSE=0.0008944239535905401 MaxSqErr=0.009029521607279156 time=19.1 ms ok
[26/122] Synthetic seed20000_sample278 liang_feature_iki_2017_adaptation: K=16 MSE=0.001670867753473914 MaxSqErr=0.008368159451987467 time=15.2 ms ok
[26/122] Synthetic seed20000_sample278 dung_direct_knot_2017_adaptation: K=16 MSE=0.0017694623266481613 MaxSqErr=0.01205897628887902 time=446.2 ms ok
[26/122] Synthetic seed20000_sample278 kang_sparse_2015_adaptation: K=16 MSE=0.00284059177254681 MaxSqErr=0.012169979190041829 time=5.7 ms ok
[26/122] Synthetic seed20000_sample278 luo_linf_de_2022_adaptation: K=16 MSE=0.002047061351202671 MaxSqErr=0.009837484877817685 time=539.3 ms ok
[27/122] Synthetic seed20000_sample2753 ours: K=16 MSE=0.002213881255486985 MaxSqErr=0.010261981516171236 time=14.4 ms ok
[27/122] Synthetic seed20000_sample2753 park_dominant_point_2007_adaptation: K=16 MSE=0.0015596943423559397 MaxSqErr=0.010481875059034359 time=19.1 ms ok
[27/122] Synthetic seed20000_sample2753 liang_feature_iki_2017_adaptation: K=16 MSE=0.0015889099891213856 MaxSqErr=0.006830009296877514 time=15.3 ms ok
[27/122] Synthetic seed20000_sample2753 dung_direct_knot_2017_adaptation: K=16 MSE=0.002574365197218178 MaxSqErr=0.012206520760677426 time=397.5 ms ok
[27/122] Synthetic seed20000_sample2753 kang_sparse_2015_adaptation: K=16 MSE=0.0028710336515593055 MaxSqErr=0.009890217386662759 time=5.6 ms ok
[27/122] Synthetic seed20000_sample2753 luo_linf_de_2022_adaptation: K=16 MSE=0.0026322169365837634 MaxSqErr=0.01171938171673237 time=539.2 ms ok
[28/122] Synthetic seed20000_sample2138 ours: K=16 MSE=0.0020733725427486403 MaxSqErr=0.008991005553174005 time=14.5 ms ok
[28/122] Synthetic seed20000_sample2138 park_dominant_point_2007_adaptation: K=16 MSE=0.001643374656752362 MaxSqErr=0.011504109773969734 time=19.0 ms ok
[28/122] Synthetic seed20000_sample2138 liang_feature_iki_2017_adaptation: K=16 MSE=0.0013342610701702472 MaxSqErr=0.0071004724774243804 time=15.2 ms ok
[28/122] Synthetic seed20000_sample2138 dung_direct_knot_2017_adaptation: K=16 MSE=0.00213356526853025 MaxSqErr=0.010121153290099489 time=415.4 ms ok
[28/122] Synthetic seed20000_sample2138 kang_sparse_2015_adaptation: K=16 MSE=0.0026865425006462732 MaxSqErr=0.009646512630852313 time=5.6 ms ok
[28/122] Synthetic seed20000_sample2138 luo_linf_de_2022_adaptation: K=16 MSE=0.0018324237714036236 MaxSqErr=0.009965207060274341 time=580.3 ms ok
[29/122] Synthetic seed20000_sample731 ours: K=16 MSE=0.003537819490981409 MaxSqErr=0.012425096858458188 time=14.4 ms ok
[29/122] Synthetic seed20000_sample731 park_dominant_point_2007_adaptation: K=16 MSE=0.0010729105583821893 MaxSqErr=0.013661343383292775 time=19.1 ms ok
[29/122] Synthetic seed20000_sample731 liang_feature_iki_2017_adaptation: K=16 MSE=0.0020647077662145946 MaxSqErr=0.011530077750028593 time=15.3 ms ok
[29/122] Synthetic seed20000_sample731 dung_direct_knot_2017_adaptation: K=16 MSE=0.003344290355991346 MaxSqErr=0.013601351295834709 time=480.9 ms ok
[29/122] Synthetic seed20000_sample731 kang_sparse_2015_adaptation: K=16 MSE=0.0035913747277542493 MaxSqErr=0.010197614874845171 time=5.6 ms ok
[29/122] Synthetic seed20000_sample731 luo_linf_de_2022_adaptation: K=16 MSE=0.0033907074479896716 MaxSqErr=0.010357646257081457 time=537.5 ms ok
[30/122] Synthetic seed20000_sample1405 ours: K=16 MSE=0.003926835996389737 MaxSqErr=0.013980719601129715 time=14.5 ms ok
[30/122] Synthetic seed20000_sample1405 park_dominant_point_2007_adaptation: K=16 MSE=0.0011447038271572517 MaxSqErr=0.009801941371929782 time=19.1 ms ok
[30/122] Synthetic seed20000_sample1405 liang_feature_iki_2017_adaptation: K=16 MSE=0.0021377904930957358 MaxSqErr=0.007878906283656667 time=15.2 ms ok
[30/122] Synthetic seed20000_sample1405 dung_direct_knot_2017_adaptation: K=16 MSE=0.0032852781540989883 MaxSqErr=0.015769390479003297 time=453.4 ms ok
[30/122] Synthetic seed20000_sample1405 kang_sparse_2015_adaptation: K=16 MSE=0.0034265143243231828 MaxSqErr=0.016934657336393336 time=5.6 ms ok
[30/122] Synthetic seed20000_sample1405 luo_linf_de_2022_adaptation: K=16 MSE=0.0023740941712904677 MaxSqErr=0.009394679151994049 time=581.2 ms ok
[31/122] Synthetic seed20000_sample937 ours: K=16 MSE=0.003073422721013347 MaxSqErr=0.009665335591123756 time=14.5 ms ok
[31/122] Synthetic seed20000_sample937 park_dominant_point_2007_adaptation: K=16 MSE=0.0015008165903604206 MaxSqErr=0.013017646390945943 time=19.1 ms ok
[31/122] Synthetic seed20000_sample937 liang_feature_iki_2017_adaptation: K=16 MSE=0.0013953244031193561 MaxSqErr=0.006946901733911683 time=15.2 ms ok
[31/122] Synthetic seed20000_sample937 dung_direct_knot_2017_adaptation: K=16 MSE=0.00272704408193831 MaxSqErr=0.01181841765143855 time=434.5 ms ok
[31/122] Synthetic seed20000_sample937 kang_sparse_2015_adaptation: K=16 MSE=0.0028815042873390462 MaxSqErr=0.009195678090913451 time=5.7 ms ok
[31/122] Synthetic seed20000_sample937 luo_linf_de_2022_adaptation: K=16 MSE=0.0028791649437008688 MaxSqErr=0.009300854308862141 time=536.2 ms ok
[32/122] Synthetic seed20000_sample3396 ours: K=16 MSE=0.0036240693478712324 MaxSqErr=0.011851281784845211 time=14.5 ms ok
[32/122] Synthetic seed20000_sample3396 park_dominant_point_2007_adaptation: K=16 MSE=0.002853765919510953 MaxSqErr=0.02351220567726163 time=19.0 ms ok
[32/122] Synthetic seed20000_sample3396 liang_feature_iki_2017_adaptation: K=16 MSE=0.0019904276115599007 MaxSqErr=0.00879753194226422 time=15.2 ms ok
[32/122] Synthetic seed20000_sample3396 dung_direct_knot_2017_adaptation: K=16 MSE=0.0037675661422446587 MaxSqErr=0.01705853824794993 time=467.5 ms ok
[32/122] Synthetic seed20000_sample3396 kang_sparse_2015_adaptation: K=16 MSE=0.003838238136744942 MaxSqErr=0.01710382454991362 time=5.6 ms ok
[32/122] Synthetic seed20000_sample3396 luo_linf_de_2022_adaptation: K=16 MSE=0.0037590204657755393 MaxSqErr=0.019269629271825735 time=537.2 ms ok
[33/122] Synthetic seed20000_sample496 ours: K=16 MSE=0.003268860395665081 MaxSqErr=0.010486855962871479 time=14.5 ms ok
[33/122] Synthetic seed20000_sample496 park_dominant_point_2007_adaptation: K=16 MSE=0.0013711014142369353 MaxSqErr=0.011264758051438886 time=19.1 ms ok
[33/122] Synthetic seed20000_sample496 liang_feature_iki_2017_adaptation: K=16 MSE=0.002419906133365276 MaxSqErr=0.010308405980962422 time=15.3 ms ok
[33/122] Synthetic seed20000_sample496 dung_direct_knot_2017_adaptation: K=16 MSE=0.0033139794695919438 MaxSqErr=0.009912677375312852 time=485.9 ms ok
[33/122] Synthetic seed20000_sample496 kang_sparse_2015_adaptation: K=16 MSE=0.003362906880664443 MaxSqErr=0.009796265908462599 time=5.7 ms ok
[33/122] Synthetic seed20000_sample496 luo_linf_de_2022_adaptation: K=16 MSE=0.0033496036735937676 MaxSqErr=0.00981478672717768 time=581.1 ms ok
[34/122] Synthetic seed20000_sample981 ours: K=16 MSE=0.0030151354653282845 MaxSqErr=0.01288287630042423 time=14.5 ms ok
[34/122] Synthetic seed20000_sample981 park_dominant_point_2007_adaptation: K=16 MSE=0.0025149521781874 MaxSqErr=0.014141335672488091 time=19.0 ms ok
[34/122] Synthetic seed20000_sample981 liang_feature_iki_2017_adaptation: K=16 MSE=0.0019107126324274615 MaxSqErr=0.009301526101346986 time=15.2 ms ok
[34/122] Synthetic seed20000_sample981 dung_direct_knot_2017_adaptation: K=16 MSE=0.002994045334420181 MaxSqErr=0.011355860255784377 time=499.9 ms ok
[34/122] Synthetic seed20000_sample981 kang_sparse_2015_adaptation: K=16 MSE=0.002994045334420181 MaxSqErr=0.011355860255784377 time=5.6 ms ok
[34/122] Synthetic seed20000_sample981 luo_linf_de_2022_adaptation: K=16 MSE=0.002994045334420181 MaxSqErr=0.011355860255784377 time=535.3 ms ok
[35/122] Synthetic seed20000_sample3769 ours: K=16 MSE=0.00365917175976754 MaxSqErr=0.011264197544951213 time=14.5 ms ok
[35/122] Synthetic seed20000_sample3769 park_dominant_point_2007_adaptation: K=16 MSE=0.003316098859602594 MaxSqErr=0.013702252625539955 time=19.0 ms ok
[35/122] Synthetic seed20000_sample3769 liang_feature_iki_2017_adaptation: K=16 MSE=0.0018580292811848484 MaxSqErr=0.0119436479747221 time=15.2 ms ok
[35/122] Synthetic seed20000_sample3769 dung_direct_knot_2017_adaptation: K=16 MSE=0.0035431378869388553 MaxSqErr=0.011939783720011745 time=498.5 ms ok
[35/122] Synthetic seed20000_sample3769 kang_sparse_2015_adaptation: K=16 MSE=0.0035431378869388553 MaxSqErr=0.011939783720011745 time=5.6 ms ok
[35/122] Synthetic seed20000_sample3769 luo_linf_de_2022_adaptation: K=16 MSE=0.0034995216725725703 MaxSqErr=0.011951046696567855 time=534.6 ms ok
[36/122] Synthetic seed20000_sample1922 ours: K=16 MSE=0.003638289803431841 MaxSqErr=0.012880956113370668 time=14.5 ms ok
[36/122] Synthetic seed20000_sample1922 park_dominant_point_2007_adaptation: K=16 MSE=0.002167908835299534 MaxSqErr=0.01219659616373453 time=19.0 ms ok
[36/122] Synthetic seed20000_sample1922 liang_feature_iki_2017_adaptation: K=16 MSE=0.0029022549506146516 MaxSqErr=0.011151472476249284 time=15.2 ms ok
[36/122] Synthetic seed20000_sample1922 dung_direct_knot_2017_adaptation: K=16 MSE=0.00353129172190466 MaxSqErr=0.013269514321566471 time=462.5 ms ok
[36/122] Synthetic seed20000_sample1922 kang_sparse_2015_adaptation: K=16 MSE=0.003722535491341075 MaxSqErr=0.011148615879406942 time=5.6 ms ok
[36/122] Synthetic seed20000_sample1922 luo_linf_de_2022_adaptation: K=16 MSE=0.0036044262902138794 MaxSqErr=0.01114358270488416 time=538.8 ms ok
[37/122] Synthetic seed20000_sample1306 ours: K=16 MSE=0.004168898282418522 MaxSqErr=0.013410167351924367 time=14.5 ms ok
[37/122] Synthetic seed20000_sample1306 park_dominant_point_2007_adaptation: K=16 MSE=0.0032266168315627855 MaxSqErr=0.015343762837149303 time=19.0 ms ok
[37/122] Synthetic seed20000_sample1306 liang_feature_iki_2017_adaptation: K=16 MSE=0.003205807839417552 MaxSqErr=0.012473204573433372 time=15.2 ms ok
[37/122] Synthetic seed20000_sample1306 dung_direct_knot_2017_adaptation: K=16 MSE=0.00395571238873628 MaxSqErr=0.014055090352521019 time=493.7 ms ok
[37/122] Synthetic seed20000_sample1306 kang_sparse_2015_adaptation: K=16 MSE=0.0041356295648082905 MaxSqErr=0.01441350948233846 time=5.6 ms ok
[37/122] Synthetic seed20000_sample1306 luo_linf_de_2022_adaptation: K=16 MSE=0.0040491525761036035 MaxSqErr=0.013809558372382437 time=580.1 ms ok
[38/122] Synthetic seed20000_sample2647 ours: K=16 MSE=0.003343522724109704 MaxSqErr=0.012106169561097259 time=14.5 ms ok
[38/122] Synthetic seed20000_sample2647 park_dominant_point_2007_adaptation: K=16 MSE=0.0027127357789027994 MaxSqErr=0.012959461268069891 time=19.1 ms ok
[38/122] Synthetic seed20000_sample2647 liang_feature_iki_2017_adaptation: K=16 MSE=0.0019139693673019542 MaxSqErr=0.009801287285243725 time=15.3 ms ok
[38/122] Synthetic seed20000_sample2647 dung_direct_knot_2017_adaptation: K=16 MSE=0.003631682897209459 MaxSqErr=0.013257261961005934 time=494.9 ms ok
[38/122] Synthetic seed20000_sample2647 kang_sparse_2015_adaptation: K=16 MSE=0.003707811642643235 MaxSqErr=0.013098249332033688 time=5.5 ms ok
[38/122] Synthetic seed20000_sample2647 luo_linf_de_2022_adaptation: K=16 MSE=0.0037001046194616596 MaxSqErr=0.012639687531145732 time=541.9 ms ok
[39/122] Synthetic seed20000_sample2880 ours: K=16 MSE=0.0037213787346216183 MaxSqErr=0.012258368227505173 time=14.4 ms ok
[39/122] Synthetic seed20000_sample2880 park_dominant_point_2007_adaptation: K=16 MSE=0.002666207888290036 MaxSqErr=0.02089496757224496 time=19.1 ms ok
[39/122] Synthetic seed20000_sample2880 liang_feature_iki_2017_adaptation: K=16 MSE=0.002830088080200504 MaxSqErr=0.010298892172687946 time=15.2 ms ok
[39/122] Synthetic seed20000_sample2880 dung_direct_knot_2017_adaptation: K=16 MSE=0.003750353677938178 MaxSqErr=0.013732189256071711 time=521.5 ms ok
[39/122] Synthetic seed20000_sample2880 kang_sparse_2015_adaptation: K=16 MSE=0.003807981202725985 MaxSqErr=0.015192750062656739 time=5.7 ms ok
[39/122] Synthetic seed20000_sample2880 luo_linf_de_2022_adaptation: K=16 MSE=0.0037749119017272017 MaxSqErr=0.014994801103763541 time=538.2 ms ok
[40/122] Synthetic seed20000_sample1149 ours: K=16 MSE=0.004048036299040336 MaxSqErr=0.019426614461946476 time=14.5 ms ok
[40/122] Synthetic seed20000_sample1149 park_dominant_point_2007_adaptation: K=16 MSE=0.003407364335866804 MaxSqErr=0.022001493530559843 time=19.1 ms ok
[40/122] Synthetic seed20000_sample1149 liang_feature_iki_2017_adaptation: K=16 MSE=0.0023013694305347374 MaxSqErr=0.010554237543019878 time=15.2 ms ok
[40/122] Synthetic seed20000_sample1149 dung_direct_knot_2017_adaptation: K=16 MSE=0.0040705824506214764 MaxSqErr=0.013984878916493854 time=508.8 ms ok
[40/122] Synthetic seed20000_sample1149 kang_sparse_2015_adaptation: K=16 MSE=0.0040705824506214764 MaxSqErr=0.013984878916493854 time=5.6 ms ok
[40/122] Synthetic seed20000_sample1149 luo_linf_de_2022_adaptation: K=16 MSE=0.0038100219382970744 MaxSqErr=0.016191485418284773 time=580.5 ms ok
[41/122] Synthetic seed20000_sample650 ours: K=16 MSE=0.003900588272223248 MaxSqErr=0.011674803458699616 time=14.4 ms ok
[41/122] Synthetic seed20000_sample650 park_dominant_point_2007_adaptation: K=16 MSE=0.0026106373955727367 MaxSqErr=0.011374488284293683 time=19.0 ms ok
[41/122] Synthetic seed20000_sample650 liang_feature_iki_2017_adaptation: K=16 MSE=0.002799666961692673 MaxSqErr=0.009946776694792932 time=15.2 ms ok
[41/122] Synthetic seed20000_sample650 dung_direct_knot_2017_adaptation: K=16 MSE=0.003742264649576062 MaxSqErr=0.011818362589886739 time=477.2 ms ok
[41/122] Synthetic seed20000_sample650 kang_sparse_2015_adaptation: K=16 MSE=0.003742264649576062 MaxSqErr=0.011818362589886739 time=5.6 ms ok
[41/122] Synthetic seed20000_sample650 luo_linf_de_2022_adaptation: K=16 MSE=0.003662692212749717 MaxSqErr=0.012568719308102654 time=537.1 ms ok
[42/122] Synthetic seed20000_sample2103 ours: K=16 MSE=0.0038527150642023987 MaxSqErr=0.012875655571211437 time=14.6 ms ok
[42/122] Synthetic seed20000_sample2103 park_dominant_point_2007_adaptation: K=16 MSE=0.0029907281198214308 MaxSqErr=0.011429614882996068 time=19.1 ms ok
[42/122] Synthetic seed20000_sample2103 liang_feature_iki_2017_adaptation: K=16 MSE=0.002622855847962759 MaxSqErr=0.011547986103823198 time=15.2 ms ok
[42/122] Synthetic seed20000_sample2103 dung_direct_knot_2017_adaptation: K=16 MSE=0.0037349095920224482 MaxSqErr=0.011779361279455166 time=513.2 ms ok
[42/122] Synthetic seed20000_sample2103 kang_sparse_2015_adaptation: K=16 MSE=0.0038904291195088737 MaxSqErr=0.013467543829827129 time=5.6 ms ok
[42/122] Synthetic seed20000_sample2103 luo_linf_de_2022_adaptation: K=16 MSE=0.0035378674252187423 MaxSqErr=0.013052368499574307 time=540.7 ms ok
[43/122] UJI uji2_07539_stroke_00 ours: K=14 MSE=9.825722952683304e-06 MaxSqErr=0.00012147072371658723 time=14.5 ms ok
[43/122] UJI uji2_07539_stroke_00 park_dominant_point_2007_adaptation: K=5 MSE=2.6974689862313013e-05 MaxSqErr=0.00030998493360027924 time=7.0 ms ok
[43/122] UJI uji2_07539_stroke_00 liang_feature_iki_2017_adaptation: K=4 MSE=2.6575135599592043e-05 MaxSqErr=0.0005131295838404991 time=3.3 ms ok
[43/122] UJI uji2_07539_stroke_00 dung_direct_knot_2017_adaptation: K=4 MSE=4.7671917673322854e-05 MaxSqErr=0.0003981237440585957 time=73.6 ms ok
[43/122] UJI uji2_07539_stroke_00 kang_sparse_2015_adaptation: K=16 MSE=1.1183201887314388e-05 MaxSqErr=0.0003333547777413463 time=394.9 ms ok
[43/122] UJI uji2_07539_stroke_00 luo_linf_de_2022_adaptation: K=4 MSE=3.526665898804888e-05 MaxSqErr=0.00031142864178508963 time=2250.8 ms ok
[44/122] UJI uji2_08691_stroke_00 ours: K=14 MSE=1.776694111235019e-05 MaxSqErr=0.00034251539355222217 time=14.5 ms ok
[44/122] UJI uji2_08691_stroke_00 park_dominant_point_2007_adaptation: K=13 MSE=4.088330288546689e-05 MaxSqErr=0.000911834542301537 time=15.6 ms ok
[44/122] UJI uji2_08691_stroke_00 liang_feature_iki_2017_adaptation: K=7 MSE=2.949910161241566e-05 MaxSqErr=0.00026619066825423106 time=6.2 ms ok
[44/122] UJI uji2_08691_stroke_00 dung_direct_knot_2017_adaptation: K=8 MSE=1.7296978528509555e-05 MaxSqErr=0.0001480064642446609 time=128.1 ms ok
[44/122] UJI uji2_08691_stroke_00 kang_sparse_2015_adaptation: K=16 MSE=4.115748237235853e-05 MaxSqErr=0.0006296638459768315 time=391.6 ms ok
[44/122] UJI uji2_08691_stroke_00 luo_linf_de_2022_adaptation: K=7 MSE=4.70406936781619e-05 MaxSqErr=0.0004866747867722207 time=2093.4 ms ok
[45/122] UJI uji2_05687_stroke_00 ours: K=16 MSE=8.103019362231232e-05 MaxSqErr=0.0006477605564819671 time=14.5 ms ok
[45/122] UJI uji2_05687_stroke_00 park_dominant_point_2007_adaptation: K=16 MSE=4.634629259918171e-05 MaxSqErr=0.0012064793643138982 time=19.0 ms ok
[45/122] UJI uji2_05687_stroke_00 liang_feature_iki_2017_adaptation: K=12 MSE=3.601865526557043e-05 MaxSqErr=0.00039630979740915115 time=11.1 ms ok
[45/122] UJI uji2_05687_stroke_00 dung_direct_knot_2017_adaptation: K=11 MSE=4.8684979088455876e-05 MaxSqErr=0.0004874997718645747 time=184.9 ms ok
[45/122] UJI uji2_05687_stroke_00 kang_sparse_2015_adaptation: K=16 MSE=4.8556771378618946e-05 MaxSqErr=0.0015276762934719776 time=394.2 ms ok
[45/122] UJI uji2_05687_stroke_00 luo_linf_de_2022_adaptation: K=15 MSE=4.968285870308117e-05 MaxSqErr=0.0015269948482437865 time=1565.6 ms ok
[46/122] UJI uji2_09129_stroke_00 ours: K=16 MSE=1.545237477375377e-05 MaxSqErr=0.00044005382843285507 time=14.5 ms ok
[46/122] UJI uji2_09129_stroke_00 park_dominant_point_2007_adaptation: K=16 MSE=0.00015371599771915527 MaxSqErr=0.003728893142446347 time=19.1 ms ok
[46/122] UJI uji2_09129_stroke_00 liang_feature_iki_2017_adaptation: K=16 MSE=3.9524495112967473e-05 MaxSqErr=0.00034012253984001237 time=15.2 ms ok
[46/122] UJI uji2_09129_stroke_00 dung_direct_knot_2017_adaptation: K=10 MSE=4.352515515091881e-05 MaxSqErr=0.0009857798705518947 time=116.6 ms ok
[46/122] UJI uji2_09129_stroke_00 kang_sparse_2015_adaptation: K=16 MSE=0.00011531638628461609 MaxSqErr=0.00264836257429687 time=5.6 ms ok
[46/122] UJI uji2_09129_stroke_00 luo_linf_de_2022_adaptation: K=16 MSE=0.00010620269418563532 MaxSqErr=0.002399821914136472 time=600.6 ms ok
[47/122] UJI uji2_02841_stroke_01 ours: K=15 MSE=1.993821509945402e-05 MaxSqErr=0.0001405426688387872 time=14.4 ms ok
[47/122] UJI uji2_02841_stroke_01 park_dominant_point_2007_adaptation: K=3 MSE=3.966383149143293e-05 MaxSqErr=0.0003855726271006757 time=5.1 ms ok
[47/122] UJI uji2_02841_stroke_01 liang_feature_iki_2017_adaptation: K=4 MSE=2.2983756002729297e-05 MaxSqErr=0.00021155618117363648 time=3.3 ms ok
[47/122] UJI uji2_02841_stroke_01 dung_direct_knot_2017_adaptation: K=3 MSE=2.1114262825344873e-05 MaxSqErr=0.00012152940424252426 time=70.2 ms ok
[47/122] UJI uji2_02841_stroke_01 kang_sparse_2015_adaptation: K=1 MSE=4.7175762685979464e-05 MaxSqErr=0.0004806055046497473 time=720.6 ms ok
[47/122] UJI uji2_02841_stroke_01 luo_linf_de_2022_adaptation: K=5 MSE=1.3309876038210504e-05 MaxSqErr=5.610786709921952e-05 time=2436.1 ms ok
[48/122] UJI uji2_05191_stroke_01 ours: K=13 MSE=1.497482550110415e-05 MaxSqErr=0.00013093613765148085 time=14.4 ms ok
[48/122] UJI uji2_05191_stroke_01 park_dominant_point_2007_adaptation: K=3 MSE=2.6430742760420612e-05 MaxSqErr=0.0002938417169346078 time=5.0 ms ok
[48/122] UJI uji2_05191_stroke_01 liang_feature_iki_2017_adaptation: K=4 MSE=2.436113225797275e-05 MaxSqErr=0.00015357398710050255 time=3.3 ms ok
[48/122] UJI uji2_05191_stroke_01 dung_direct_knot_2017_adaptation: K=3 MSE=2.0522469492194204e-05 MaxSqErr=0.00013993413039334606 time=68.5 ms ok
[48/122] UJI uji2_05191_stroke_01 kang_sparse_2015_adaptation: K=2 MSE=4.4835741417899616e-05 MaxSqErr=0.00033765262191884555 time=666.7 ms ok
[48/122] UJI uji2_05191_stroke_01 luo_linf_de_2022_adaptation: K=3 MSE=1.4916648855845988e-05 MaxSqErr=7.37854662063638e-05 time=2436.3 ms ok
[49/122] UJI uji2_10314_stroke_01 ours: K=16 MSE=7.09342003539371e-05 MaxSqErr=0.00035536711391277503 time=14.5 ms ok
[49/122] UJI uji2_10314_stroke_01 park_dominant_point_2007_adaptation: K=8 MSE=4.219221705969716e-05 MaxSqErr=0.00019229538882759056 time=10.2 ms ok
[49/122] UJI uji2_10314_stroke_01 liang_feature_iki_2017_adaptation: K=7 MSE=3.2660134556043346e-05 MaxSqErr=0.00028199645931663357 time=6.2 ms ok
[49/122] UJI uji2_10314_stroke_01 dung_direct_knot_2017_adaptation: K=7 MSE=3.871019931770915e-05 MaxSqErr=0.0002603343747965672 time=66.6 ms ok
[49/122] UJI uji2_10314_stroke_01 kang_sparse_2015_adaptation: K=13 MSE=2.7224373267880955e-05 MaxSqErr=0.00042739905347845806 time=695.5 ms ok
[49/122] UJI uji2_10314_stroke_01 luo_linf_de_2022_adaptation: K=6 MSE=3.82233119686712e-05 MaxSqErr=0.00020836130559985218 time=2496.5 ms ok
[50/122] UJI uji2_02399_stroke_00 ours: K=13 MSE=3.577488811017379e-05 MaxSqErr=0.00018964565551495168 time=14.5 ms ok
[50/122] UJI uji2_02399_stroke_00 park_dominant_point_2007_adaptation: K=4 MSE=3.57489294964973e-05 MaxSqErr=0.00020392477740762273 time=6.0 ms ok
[50/122] UJI uji2_02399_stroke_00 liang_feature_iki_2017_adaptation: K=4 MSE=1.4987468986810615e-05 MaxSqErr=9.598254508787871e-05 time=3.3 ms ok
[50/122] UJI uji2_02399_stroke_00 dung_direct_knot_2017_adaptation: K=3 MSE=2.1381182174102034e-05 MaxSqErr=0.00012721996808425754 time=57.3 ms ok
[50/122] UJI uji2_02399_stroke_00 kang_sparse_2015_adaptation: K=3 MSE=2.532773794798357e-05 MaxSqErr=0.00012736212987192442 time=897.3 ms ok
[50/122] UJI uji2_02399_stroke_00 luo_linf_de_2022_adaptation: K=3 MSE=4.5627821753969635e-05 MaxSqErr=0.00018619528345682033 time=2353.6 ms ok
[51/122] UJI uji2_07973_stroke_00 ours: K=15 MSE=6.658430246875344e-06 MaxSqErr=9.900806542152306e-05 time=14.4 ms ok
[51/122] UJI uji2_07973_stroke_00 park_dominant_point_2007_adaptation: K=5 MSE=3.3407601788218684e-05 MaxSqErr=0.00023237760394572348 time=7.1 ms ok
[51/122] UJI uji2_07973_stroke_00 liang_feature_iki_2017_adaptation: K=7 MSE=3.0950152234338796e-05 MaxSqErr=0.00014002163816549126 time=6.2 ms ok
[51/122] UJI uji2_07973_stroke_00 dung_direct_knot_2017_adaptation: K=6 MSE=3.7806845965058926e-05 MaxSqErr=0.00013431076796881499 time=85.1 ms ok
[51/122] UJI uji2_07973_stroke_00 kang_sparse_2015_adaptation: K=11 MSE=3.5070527890673016e-05 MaxSqErr=0.0017458977830112216 time=774.5 ms ok
[51/122] UJI uji2_07973_stroke_00 luo_linf_de_2022_adaptation: K=7 MSE=2.5911565701520837e-05 MaxSqErr=0.0004930551803847258 time=2251.9 ms ok
[52/122] UJI uji2_02662_stroke_01 ours: K=6 MSE=1.2815921020844191e-05 MaxSqErr=9.256730564777217e-05 time=14.5 ms ok
[52/122] UJI uji2_02662_stroke_01 park_dominant_point_2007_adaptation: K=0 MSE=4.8463634853681e-05 MaxSqErr=0.0002781134164502807 time=2.2 ms ok
[52/122] UJI uji2_02662_stroke_01 liang_feature_iki_2017_adaptation: K=4 MSE=3.748121876210247e-06 MaxSqErr=3.624549103572008e-05 time=3.3 ms ok
[52/122] UJI uji2_02662_stroke_01 dung_direct_knot_2017_adaptation: K=1 MSE=1.9325447389977172e-05 MaxSqErr=0.00017070010642263365 time=20.3 ms ok
[52/122] UJI uji2_02662_stroke_01 kang_sparse_2015_adaptation: K=0 MSE=4.8463634853681e-05 MaxSqErr=0.0002781134164502807 time=3.0 ms ok
[52/122] UJI uji2_02662_stroke_01 luo_linf_de_2022_adaptation: K=5 MSE=1.4992332033737419e-06 MaxSqErr=8.084946321465778e-06 time=2595.6 ms ok
[53/122] UJI uji2_02219_stroke_00 ours: K=16 MSE=5.977213828885021e-05 MaxSqErr=0.0014293500080338403 time=14.4 ms ok
[53/122] UJI uji2_02219_stroke_00 park_dominant_point_2007_adaptation: K=16 MSE=0.00039477296769350356 MaxSqErr=0.007061921569230257 time=19.1 ms ok
[53/122] UJI uji2_02219_stroke_00 liang_feature_iki_2017_adaptation: K=16 MSE=0.00013915161785473825 MaxSqErr=0.001049677232479287 time=15.2 ms ok
[53/122] UJI uji2_02219_stroke_00 dung_direct_knot_2017_adaptation: K=16 MSE=3.080942825342601e-05 MaxSqErr=0.0004244568830747376 time=206.1 ms ok
[53/122] UJI uji2_02219_stroke_00 kang_sparse_2015_adaptation: K=16 MSE=0.0001894266038354608 MaxSqErr=0.0027158079116421444 time=5.6 ms ok
[53/122] UJI uji2_02219_stroke_00 luo_linf_de_2022_adaptation: K=16 MSE=0.00016406195309253202 MaxSqErr=0.002717033482276427 time=580.9 ms ok
[54/122] UJI uji2_09722_stroke_00 ours: K=13 MSE=2.628787830461212e-05 MaxSqErr=0.0007578686239093549 time=14.5 ms ok
[54/122] UJI uji2_09722_stroke_00 park_dominant_point_2007_adaptation: K=11 MSE=1.5965256187282844e-05 MaxSqErr=0.000267154657086591 time=13.4 ms ok
[54/122] UJI uji2_09722_stroke_00 liang_feature_iki_2017_adaptation: K=8 MSE=3.0769222139661385e-05 MaxSqErr=0.0003698191650343773 time=7.2 ms ok
[54/122] UJI uji2_09722_stroke_00 dung_direct_knot_2017_adaptation: K=7 MSE=2.9960071013057554e-05 MaxSqErr=0.00024192202007003647 time=114.4 ms ok
[54/122] UJI uji2_09722_stroke_00 kang_sparse_2015_adaptation: K=16 MSE=1.7699163905241235e-05 MaxSqErr=0.0004868016890143645 time=395.4 ms ok
[54/122] UJI uji2_09722_stroke_00 luo_linf_de_2022_adaptation: K=9 MSE=2.9670634647114208e-05 MaxSqErr=0.0005774746903878571 time=2215.1 ms ok
[55/122] UJI uji2_03341_stroke_00 ours: K=16 MSE=4.310646499139543e-05 MaxSqErr=0.0014611876226483396 time=14.5 ms ok
[55/122] UJI uji2_03341_stroke_00 park_dominant_point_2007_adaptation: K=16 MSE=0.00040883199703780487 MaxSqErr=0.007567152137805932 time=19.1 ms ok
[55/122] UJI uji2_03341_stroke_00 liang_feature_iki_2017_adaptation: K=16 MSE=9.287827439558716e-05 MaxSqErr=0.0011479814885589177 time=15.3 ms ok
[55/122] UJI uji2_03341_stroke_00 dung_direct_knot_2017_adaptation: K=14 MSE=4.8177554300072255e-05 MaxSqErr=0.000979865522397815 time=170.6 ms ok
[55/122] UJI uji2_03341_stroke_00 kang_sparse_2015_adaptation: K=16 MSE=0.000258164144986408 MaxSqErr=0.00486609733674036 time=5.6 ms ok
[55/122] UJI uji2_03341_stroke_00 luo_linf_de_2022_adaptation: K=16 MSE=0.00024079007287005242 MaxSqErr=0.004264742693293596 time=581.8 ms ok
[56/122] UJI uji2_11617_stroke_00 ours: K=15 MSE=5.972626629794379e-06 MaxSqErr=7.475033097041614e-05 time=14.5 ms ok
[56/122] UJI uji2_11617_stroke_00 park_dominant_point_2007_adaptation: K=7 MSE=4.301565596041847e-05 MaxSqErr=0.000762895461750065 time=9.0 ms ok
[56/122] UJI uji2_11617_stroke_00 liang_feature_iki_2017_adaptation: K=4 MSE=2.5140484484960556e-05 MaxSqErr=0.0005366468635824674 time=3.3 ms ok
[56/122] UJI uji2_11617_stroke_00 dung_direct_knot_2017_adaptation: K=3 MSE=2.3097501951932855e-05 MaxSqErr=0.00019870131371681118 time=41.8 ms ok
[56/122] UJI uji2_11617_stroke_00 kang_sparse_2015_adaptation: K=13 MSE=9.852840235077958e-06 MaxSqErr=0.00022919186364626465 time=655.6 ms ok
[56/122] UJI uji2_11617_stroke_00 luo_linf_de_2022_adaptation: K=4 MSE=4.5192507536762485e-05 MaxSqErr=0.000809852155721324 time=2388.4 ms ok
[57/122] UJI uji2_06383_stroke_00 ours: K=16 MSE=7.214097249102829e-06 MaxSqErr=0.00016671107884603397 time=14.5 ms ok
[57/122] UJI uji2_06383_stroke_00 park_dominant_point_2007_adaptation: K=10 MSE=1.857168773480835e-05 MaxSqErr=0.0006583519813575527 time=12.2 ms ok
[57/122] UJI uji2_06383_stroke_00 liang_feature_iki_2017_adaptation: K=5 MSE=3.425243638969027e-05 MaxSqErr=0.0008377952701857632 time=4.3 ms ok
[57/122] UJI uji2_06383_stroke_00 dung_direct_knot_2017_adaptation: K=4 MSE=3.207316513226921e-05 MaxSqErr=0.00040222449294775663 time=90.9 ms ok
[57/122] UJI uji2_06383_stroke_00 kang_sparse_2015_adaptation: K=16 MSE=1.0419093475487094e-05 MaxSqErr=0.0003790280061968527 time=394.5 ms ok
[57/122] UJI uji2_06383_stroke_00 luo_linf_de_2022_adaptation: K=5 MSE=2.7441032176949402e-05 MaxSqErr=0.0005685191718258234 time=2322.7 ms ok
[58/122] UJI uji2_10965_stroke_00 ours: K=16 MSE=8.690293711522428e-05 MaxSqErr=0.0007477883183845894 time=14.5 ms ok
[58/122] UJI uji2_10965_stroke_00 park_dominant_point_2007_adaptation: K=9 MSE=1.619160369293103e-05 MaxSqErr=9.588395529089186e-05 time=11.2 ms ok
[58/122] UJI uji2_10965_stroke_00 liang_feature_iki_2017_adaptation: K=7 MSE=3.998767949635915e-05 MaxSqErr=0.00025904213075834167 time=6.2 ms ok
[58/122] UJI uji2_10965_stroke_00 dung_direct_knot_2017_adaptation: K=7 MSE=3.8689971071251556e-05 MaxSqErr=0.00026381675607519355 time=98.1 ms ok
[58/122] UJI uji2_10965_stroke_00 kang_sparse_2015_adaptation: K=12 MSE=1.482611476030404e-05 MaxSqErr=0.00019086159017363453 time=743.3 ms ok
[58/122] UJI uji2_10965_stroke_00 luo_linf_de_2022_adaptation: K=6 MSE=3.6390924414896114e-05 MaxSqErr=0.00026672633138611035 time=2401.8 ms ok
[59/122] UJI uji2_03067_stroke_00 ours: K=13 MSE=1.7161611847959962e-05 MaxSqErr=0.00018220524051283467 time=14.4 ms ok
[59/122] UJI uji2_03067_stroke_00 park_dominant_point_2007_adaptation: K=6 MSE=4.949626556708831e-05 MaxSqErr=0.0005490414307514226 time=13.1 ms ok
[59/122] UJI uji2_03067_stroke_00 liang_feature_iki_2017_adaptation: K=7 MSE=4.064008818993028e-05 MaxSqErr=0.0004977513607460995 time=6.2 ms ok
[59/122] UJI uji2_03067_stroke_00 dung_direct_knot_2017_adaptation: K=7 MSE=1.9434088766924198e-05 MaxSqErr=0.0003039305250567368 time=79.1 ms ok
[59/122] UJI uji2_03067_stroke_00 kang_sparse_2015_adaptation: K=16 MSE=2.4605183128402063e-05 MaxSqErr=0.0006314146591285415 time=394.3 ms ok
[59/122] UJI uji2_03067_stroke_00 luo_linf_de_2022_adaptation: K=6 MSE=3.3708752178669356e-05 MaxSqErr=0.00040377308165749225 time=2187.3 ms ok
[60/122] UJI uji2_06861_stroke_00 ours: K=13 MSE=3.151059004280487e-05 MaxSqErr=0.0002557299325315884 time=14.4 ms ok
[60/122] UJI uji2_06861_stroke_00 park_dominant_point_2007_adaptation: K=4 MSE=2.1669762340995007e-05 MaxSqErr=0.00012286929310752968 time=6.1 ms ok
[60/122] UJI uji2_06861_stroke_00 liang_feature_iki_2017_adaptation: K=4 MSE=2.085122618278736e-05 MaxSqErr=0.00016696209586178007 time=3.3 ms ok
[60/122] UJI uji2_06861_stroke_00 dung_direct_knot_2017_adaptation: K=3 MSE=4.914754486261358e-05 MaxSqErr=0.00026414495384561427 time=43.8 ms ok
[60/122] UJI uji2_06861_stroke_00 kang_sparse_2015_adaptation: K=3 MSE=4.78666662143729e-05 MaxSqErr=0.0002662259614764709 time=946.6 ms ok
[60/122] UJI uji2_06861_stroke_00 luo_linf_de_2022_adaptation: K=4 MSE=8.563093127524981e-06 MaxSqErr=4.374690900557107e-05 time=2349.9 ms ok
[61/122] UJI uji2_03949_stroke_01 ours: K=15 MSE=9.35035701607388e-05 MaxSqErr=0.0027425957087773467 time=14.5 ms ok
[61/122] UJI uji2_03949_stroke_01 park_dominant_point_2007_adaptation: K=16 MSE=0.00020096829292620244 MaxSqErr=0.005883272089819889 time=19.1 ms ok
[61/122] UJI uji2_03949_stroke_01 liang_feature_iki_2017_adaptation: K=15 MSE=3.396168493497774e-05 MaxSqErr=0.00021243787622649492 time=14.2 ms ok
[61/122] UJI uji2_03949_stroke_01 dung_direct_knot_2017_adaptation: K=11 MSE=4.683409046921393e-05 MaxSqErr=0.0003551631258745438 time=106.4 ms ok
[61/122] UJI uji2_03949_stroke_01 kang_sparse_2015_adaptation: K=16 MSE=5.0676971102425694e-05 MaxSqErr=0.0015681042304216313 time=398.4 ms ok
[61/122] UJI uji2_03949_stroke_01 luo_linf_de_2022_adaptation: K=16 MSE=5.0676971102425694e-05 MaxSqErr=0.0015681042304216313 time=858.2 ms ok
[62/122] UJI uji2_04638_stroke_02 ours: K=15 MSE=0.00044409470644931926 MaxSqErr=0.0018270690371172014 time=14.4 ms ok
[62/122] UJI uji2_04638_stroke_02 park_dominant_point_2007_adaptation: K=16 MSE=8.738344140680211e-05 MaxSqErr=0.000645377347917709 time=25.7 ms ok
[62/122] UJI uji2_04638_stroke_02 liang_feature_iki_2017_adaptation: K=16 MSE=7.242236285235043e-05 MaxSqErr=0.0007763243013018536 time=15.2 ms ok
[62/122] UJI uji2_04638_stroke_02 dung_direct_knot_2017_adaptation: K=16 MSE=6.233235867762522e-05 MaxSqErr=0.0005527754685389491 time=285.8 ms ok
[62/122] UJI uji2_04638_stroke_02 kang_sparse_2015_adaptation: K=16 MSE=0.00011002943792652623 MaxSqErr=0.001045680290081096 time=5.6 ms ok
[62/122] UJI uji2_04638_stroke_02 luo_linf_de_2022_adaptation: K=16 MSE=8.608873163611895e-05 MaxSqErr=0.0007701760630632128 time=601.5 ms ok
[63/122] NaturalEarth natural_earth_10m_coastline_625e1d04cc46_w000_625e1d04 ours: K=16 MSE=0.0003149676802990758 MaxSqErr=0.001641706907766725 time=14.5 ms ok
[63/122] NaturalEarth natural_earth_10m_coastline_625e1d04cc46_w000_625e1d04 park_dominant_point_2007_adaptation: K=16 MSE=0.0001507436939905691 MaxSqErr=0.0011444166202536287 time=24.8 ms ok
[63/122] NaturalEarth natural_earth_10m_coastline_625e1d04cc46_w000_625e1d04 liang_feature_iki_2017_adaptation: K=16 MSE=0.00011017870458592426 MaxSqErr=0.0008736443971000147 time=15.2 ms ok
[63/122] NaturalEarth natural_earth_10m_coastline_625e1d04cc46_w000_625e1d04 dung_direct_knot_2017_adaptation: K=16 MSE=9.473023473360706e-05 MaxSqErr=0.0011473899270395293 time=269.9 ms ok
[63/122] NaturalEarth natural_earth_10m_coastline_625e1d04cc46_w000_625e1d04 kang_sparse_2015_adaptation: K=16 MSE=0.00019745575795993418 MaxSqErr=0.002128190715481272 time=5.6 ms ok
[63/122] NaturalEarth natural_earth_10m_coastline_625e1d04cc46_w000_625e1d04 luo_linf_de_2022_adaptation: K=16 MSE=0.00015108042749784086 MaxSqErr=0.0015469317348589516 time=539.4 ms ok
[64/122] NaturalEarth natural_earth_10m_coastline_fc0054f439fb_w000_fc0054f4 ours: K=16 MSE=7.806395656564137e-05 MaxSqErr=0.0005573814117811124 time=14.5 ms ok
[64/122] NaturalEarth natural_earth_10m_coastline_fc0054f439fb_w000_fc0054f4 park_dominant_point_2007_adaptation: K=15 MSE=4.2341309451365235e-05 MaxSqErr=0.0007698840114770515 time=20.0 ms ok
[64/122] NaturalEarth natural_earth_10m_coastline_fc0054f439fb_w000_fc0054f4 liang_feature_iki_2017_adaptation: K=16 MSE=4.758850923624908e-05 MaxSqErr=0.00032148994037807993 time=15.2 ms ok
[64/122] NaturalEarth natural_earth_10m_coastline_fc0054f439fb_w000_fc0054f4 dung_direct_knot_2017_adaptation: K=15 MSE=3.246865443836456e-05 MaxSqErr=0.0004187109306486836 time=256.2 ms ok
[64/122] NaturalEarth natural_earth_10m_coastline_fc0054f439fb_w000_fc0054f4 kang_sparse_2015_adaptation: K=16 MSE=0.00015071409480853223 MaxSqErr=0.0024679216065150943 time=5.6 ms ok
[64/122] NaturalEarth natural_earth_10m_coastline_fc0054f439fb_w000_fc0054f4 luo_linf_de_2022_adaptation: K=16 MSE=0.00011843015853675588 MaxSqErr=0.002173044393443967 time=582.4 ms ok
[65/122] NaturalEarth natural_earth_10m_coastline_9689932c41e1_w000_9689932c ours: K=15 MSE=9.76762774170512e-05 MaxSqErr=0.0015377024362079725 time=14.5 ms ok
[65/122] NaturalEarth natural_earth_10m_coastline_9689932c41e1_w000_9689932c park_dominant_point_2007_adaptation: K=16 MSE=5.8242731051043874e-05 MaxSqErr=0.000831489275215513 time=19.0 ms ok
[65/122] NaturalEarth natural_earth_10m_coastline_9689932c41e1_w000_9689932c liang_feature_iki_2017_adaptation: K=13 MSE=4.761342341882811e-05 MaxSqErr=0.0007618727511331608 time=12.1 ms ok
[65/122] NaturalEarth natural_earth_10m_coastline_9689932c41e1_w000_9689932c dung_direct_knot_2017_adaptation: K=12 MSE=4.790250370999285e-05 MaxSqErr=0.0005736760581952362 time=176.4 ms ok
[65/122] NaturalEarth natural_earth_10m_coastline_9689932c41e1_w000_9689932c kang_sparse_2015_adaptation: K=16 MSE=0.00011362686606275568 MaxSqErr=0.0018368181934060315 time=5.6 ms ok
[65/122] NaturalEarth natural_earth_10m_coastline_9689932c41e1_w000_9689932c luo_linf_de_2022_adaptation: K=16 MSE=6.445313859399015e-05 MaxSqErr=0.0018435156978173575 time=581.2 ms ok
[66/122] NaturalEarth natural_earth_10m_coastline_e860de78f1fa_w000_e860de78 ours: K=15 MSE=4.206397501253986e-05 MaxSqErr=0.0004290549694415747 time=14.5 ms ok
[66/122] NaturalEarth natural_earth_10m_coastline_e860de78f1fa_w000_e860de78 park_dominant_point_2007_adaptation: K=12 MSE=4.385155827657058e-05 MaxSqErr=0.0007189001437000905 time=23.5 ms ok
[66/122] NaturalEarth natural_earth_10m_coastline_e860de78f1fa_w000_e860de78 liang_feature_iki_2017_adaptation: K=10 MSE=4.499456088984747e-05 MaxSqErr=0.0004251658053261844 time=9.1 ms ok
[66/122] NaturalEarth natural_earth_10m_coastline_e860de78f1fa_w000_e860de78 dung_direct_knot_2017_adaptation: K=11 MSE=4.2548495479620765e-05 MaxSqErr=0.0007815442546801636 time=173.2 ms ok
[66/122] NaturalEarth natural_earth_10m_coastline_e860de78f1fa_w000_e860de78 kang_sparse_2015_adaptation: K=16 MSE=7.934275527012559e-05 MaxSqErr=0.0014749282064524922 time=5.6 ms ok
[66/122] NaturalEarth natural_earth_10m_coastline_e860de78f1fa_w000_e860de78 luo_linf_de_2022_adaptation: K=15 MSE=4.968655532213416e-05 MaxSqErr=0.0013180249433232022 time=578.4 ms ok
[67/122] NaturalEarth natural_earth_10m_coastline_9d44eb568484_w000_9d44eb56 ours: K=15 MSE=7.378998493874223e-05 MaxSqErr=0.000932961672359237 time=14.5 ms ok
[67/122] NaturalEarth natural_earth_10m_coastline_9d44eb568484_w000_9d44eb56 park_dominant_point_2007_adaptation: K=15 MSE=4.027208372166189e-05 MaxSqErr=0.0006278600151445968 time=29.5 ms ok
[67/122] NaturalEarth natural_earth_10m_coastline_9d44eb568484_w000_9d44eb56 liang_feature_iki_2017_adaptation: K=16 MSE=7.100803705581696e-05 MaxSqErr=0.0008783119417704125 time=15.2 ms ok
[67/122] NaturalEarth natural_earth_10m_coastline_9d44eb568484_w000_9d44eb56 dung_direct_knot_2017_adaptation: K=11 MSE=4.9937570768325533e-05 MaxSqErr=0.0005712298276473298 time=169.4 ms ok
[67/122] NaturalEarth natural_earth_10m_coastline_9d44eb568484_w000_9d44eb56 kang_sparse_2015_adaptation: K=16 MSE=0.00013390738887360436 MaxSqErr=0.0023584195446688175 time=5.6 ms ok
[67/122] NaturalEarth natural_earth_10m_coastline_9d44eb568484_w000_9d44eb56 luo_linf_de_2022_adaptation: K=16 MSE=9.793711114963186e-05 MaxSqErr=0.001429849600967637 time=536.8 ms ok
[68/122] NaturalEarth natural_earth_10m_coastline_f00df2e1331e_w000_f00df2e1 ours: K=16 MSE=0.0002619612979023392 MaxSqErr=0.0019360115570503345 time=14.5 ms ok
[68/122] NaturalEarth natural_earth_10m_coastline_f00df2e1331e_w000_f00df2e1 park_dominant_point_2007_adaptation: K=16 MSE=0.00029883171539292806 MaxSqErr=0.0029467011898068997 time=19.1 ms ok
[68/122] NaturalEarth natural_earth_10m_coastline_f00df2e1331e_w000_f00df2e1 liang_feature_iki_2017_adaptation: K=16 MSE=0.0003418291136001638 MaxSqErr=0.002388311411144875 time=15.2 ms ok
[68/122] NaturalEarth natural_earth_10m_coastline_f00df2e1331e_w000_f00df2e1 dung_direct_knot_2017_adaptation: K=16 MSE=0.0001987718116027592 MaxSqErr=0.00150850659166348 time=278.8 ms ok
[68/122] NaturalEarth natural_earth_10m_coastline_f00df2e1331e_w000_f00df2e1 kang_sparse_2015_adaptation: K=16 MSE=0.00046746720092606203 MaxSqErr=0.00437973038796478 time=5.5 ms ok
[68/122] NaturalEarth natural_earth_10m_coastline_f00df2e1331e_w000_f00df2e1 luo_linf_de_2022_adaptation: K=16 MSE=0.0004346311528175344 MaxSqErr=0.004109494750819547 time=582.8 ms ok
[69/122] NaturalEarth natural_earth_10m_coastline_556f5c329f0f_w000_556f5c32 ours: K=16 MSE=0.0019885964816951725 MaxSqErr=0.011521528721933528 time=14.5 ms ok
[69/122] NaturalEarth natural_earth_10m_coastline_556f5c329f0f_w000_556f5c32 park_dominant_point_2007_adaptation: K=16 MSE=0.0019146665656348677 MaxSqErr=0.018032079982631198 time=19.2 ms ok
[69/122] NaturalEarth natural_earth_10m_coastline_556f5c329f0f_w000_556f5c32 liang_feature_iki_2017_adaptation: K=16 MSE=0.0007499647739927819 MaxSqErr=0.0044613157084651585 time=15.2 ms ok
[69/122] NaturalEarth natural_earth_10m_coastline_556f5c329f0f_w000_556f5c32 dung_direct_knot_2017_adaptation: K=16 MSE=0.001121996689043079 MaxSqErr=0.008300676348880206 time=471.0 ms ok
[69/122] NaturalEarth natural_earth_10m_coastline_556f5c329f0f_w000_556f5c32 kang_sparse_2015_adaptation: K=16 MSE=0.001121996689043079 MaxSqErr=0.008300676348880206 time=5.6 ms ok
[69/122] NaturalEarth natural_earth_10m_coastline_556f5c329f0f_w000_556f5c32 luo_linf_de_2022_adaptation: K=16 MSE=0.0011189440705017394 MaxSqErr=0.007081588374334483 time=583.0 ms ok
[70/122] NaturalEarth natural_earth_10m_coastline_728b0ed8c15a_w000_de37144e ours: K=16 MSE=0.00010404320740702278 MaxSqErr=0.0008530336246513645 time=14.5 ms ok
[70/122] NaturalEarth natural_earth_10m_coastline_728b0ed8c15a_w000_de37144e park_dominant_point_2007_adaptation: K=16 MSE=0.00018096980688479816 MaxSqErr=0.001218639795408061 time=19.1 ms ok
[70/122] NaturalEarth natural_earth_10m_coastline_728b0ed8c15a_w000_de37144e liang_feature_iki_2017_adaptation: K=16 MSE=8.419730044128698e-05 MaxSqErr=0.0004046682589769767 time=15.2 ms ok
[70/122] NaturalEarth natural_earth_10m_coastline_728b0ed8c15a_w000_de37144e dung_direct_knot_2017_adaptation: K=16 MSE=7.415006541952543e-05 MaxSqErr=0.0005640040281065895 time=330.0 ms ok
[70/122] NaturalEarth natural_earth_10m_coastline_728b0ed8c15a_w000_de37144e kang_sparse_2015_adaptation: K=16 MSE=9.050239974070149e-05 MaxSqErr=0.0006514632621745666 time=5.6 ms ok
[70/122] NaturalEarth natural_earth_10m_coastline_728b0ed8c15a_w000_de37144e luo_linf_de_2022_adaptation: K=16 MSE=8.934792182446062e-05 MaxSqErr=0.0006631036469084617 time=539.5 ms ok
[71/122] NaturalEarth natural_earth_10m_coastline_89e3d1a22eea_w000_89e3d1a2 ours: K=16 MSE=0.00025977725264960625 MaxSqErr=0.0018273176603283083 time=14.5 ms ok
[71/122] NaturalEarth natural_earth_10m_coastline_89e3d1a22eea_w000_89e3d1a2 park_dominant_point_2007_adaptation: K=16 MSE=0.00020724287475075358 MaxSqErr=0.0015795826683318828 time=19.1 ms ok
[71/122] NaturalEarth natural_earth_10m_coastline_89e3d1a22eea_w000_89e3d1a2 liang_feature_iki_2017_adaptation: K=16 MSE=4.900647682875748e-05 MaxSqErr=0.0004912396410517405 time=15.2 ms ok
[71/122] NaturalEarth natural_earth_10m_coastline_89e3d1a22eea_w000_89e3d1a2 dung_direct_knot_2017_adaptation: K=16 MSE=4.3115012562891363e-05 MaxSqErr=0.0003095901265112612 time=260.3 ms ok
[71/122] NaturalEarth natural_earth_10m_coastline_89e3d1a22eea_w000_89e3d1a2 kang_sparse_2015_adaptation: K=16 MSE=0.00011139712976554636 MaxSqErr=0.000999204041004939 time=5.5 ms ok
[71/122] NaturalEarth natural_earth_10m_coastline_89e3d1a22eea_w000_89e3d1a2 luo_linf_de_2022_adaptation: K=16 MSE=0.00010903103058067573 MaxSqErr=0.0009360698673750443 time=581.0 ms ok
[72/122] NaturalEarth natural_earth_10m_coastline_461fdd148407_w000_461fdd14 ours: K=16 MSE=0.0002962172168663266 MaxSqErr=0.001598373470211518 time=14.5 ms ok
[72/122] NaturalEarth natural_earth_10m_coastline_461fdd148407_w000_461fdd14 park_dominant_point_2007_adaptation: K=16 MSE=7.740457686301319e-05 MaxSqErr=0.0007847961369934616 time=21.3 ms ok
[72/122] NaturalEarth natural_earth_10m_coastline_461fdd148407_w000_461fdd14 liang_feature_iki_2017_adaptation: K=16 MSE=6.225953105700684e-05 MaxSqErr=0.0008258026638394044 time=15.2 ms ok
[72/122] NaturalEarth natural_earth_10m_coastline_461fdd148407_w000_461fdd14 dung_direct_knot_2017_adaptation: K=16 MSE=6.316288396664153e-05 MaxSqErr=0.00093675738069173 time=268.7 ms ok
[72/122] NaturalEarth natural_earth_10m_coastline_461fdd148407_w000_461fdd14 kang_sparse_2015_adaptation: K=16 MSE=0.00016679324898653832 MaxSqErr=0.0028321446213917757 time=5.6 ms ok
[72/122] NaturalEarth natural_earth_10m_coastline_461fdd148407_w000_461fdd14 luo_linf_de_2022_adaptation: K=16 MSE=9.758452014434763e-05 MaxSqErr=0.001173016111830335 time=602.0 ms ok
[73/122] NaturalEarth natural_earth_10m_coastline_d78a18ec5a9e_w000_d78a18ec ours: K=16 MSE=0.0002994929886078677 MaxSqErr=0.0015612225370217271 time=14.5 ms ok
[73/122] NaturalEarth natural_earth_10m_coastline_d78a18ec5a9e_w000_d78a18ec park_dominant_point_2007_adaptation: K=15 MSE=4.8084175074459625e-05 MaxSqErr=0.00045663116342670537 time=21.4 ms ok
[73/122] NaturalEarth natural_earth_10m_coastline_d78a18ec5a9e_w000_d78a18ec liang_feature_iki_2017_adaptation: K=16 MSE=5.404594238225241e-05 MaxSqErr=0.000403521583544288 time=15.2 ms ok
[73/122] NaturalEarth natural_earth_10m_coastline_d78a18ec5a9e_w000_d78a18ec dung_direct_knot_2017_adaptation: K=14 MSE=3.963700371274244e-05 MaxSqErr=0.00036899228566034163 time=247.4 ms ok
[73/122] NaturalEarth natural_earth_10m_coastline_d78a18ec5a9e_w000_d78a18ec kang_sparse_2015_adaptation: K=16 MSE=6.518659069621183e-05 MaxSqErr=0.0007076764236791233 time=5.6 ms ok
[73/122] NaturalEarth natural_earth_10m_coastline_d78a18ec5a9e_w000_d78a18ec luo_linf_de_2022_adaptation: K=16 MSE=6.070019111892644e-05 MaxSqErr=0.0007178566967858395 time=538.3 ms ok
[74/122] NaturalEarth natural_earth_10m_coastline_345ef8543edb_w000_345ef854 ours: K=15 MSE=0.0001206536114290804 MaxSqErr=0.0010258369973266419 time=14.5 ms ok
[74/122] NaturalEarth natural_earth_10m_coastline_345ef8543edb_w000_345ef854 park_dominant_point_2007_adaptation: K=16 MSE=6.400571180643463e-05 MaxSqErr=0.0005747372744862905 time=19.1 ms ok
[74/122] NaturalEarth natural_earth_10m_coastline_345ef8543edb_w000_345ef854 liang_feature_iki_2017_adaptation: K=14 MSE=4.761159490766323e-05 MaxSqErr=0.0003953451192940154 time=13.1 ms ok
[74/122] NaturalEarth natural_earth_10m_coastline_345ef8543edb_w000_345ef854 dung_direct_knot_2017_adaptation: K=12 MSE=4.570660316535663e-05 MaxSqErr=0.00039045098889954047 time=232.5 ms ok
[74/122] NaturalEarth natural_earth_10m_coastline_345ef8543edb_w000_345ef854 kang_sparse_2015_adaptation: K=16 MSE=6.723921178437838e-05 MaxSqErr=0.0008470305269707778 time=5.5 ms ok
[74/122] NaturalEarth natural_earth_10m_coastline_345ef8543edb_w000_345ef854 luo_linf_de_2022_adaptation: K=15 MSE=4.6430080601740744e-05 MaxSqErr=0.0005565183431015129 time=533.4 ms ok
[75/122] NaturalEarth natural_earth_10m_coastline_0492a6ef404e_w000_0492a6ef ours: K=16 MSE=0.006875161458531804 MaxSqErr=0.030012261680331706 time=14.5 ms ok
[75/122] NaturalEarth natural_earth_10m_coastline_0492a6ef404e_w000_0492a6ef park_dominant_point_2007_adaptation: K=16 MSE=0.005963132554611832 MaxSqErr=0.029744011833126208 time=19.1 ms ok
[75/122] NaturalEarth natural_earth_10m_coastline_0492a6ef404e_w000_0492a6ef liang_feature_iki_2017_adaptation: K=16 MSE=0.0043533329881042205 MaxSqErr=0.016431361457768356 time=15.2 ms ok
[75/122] NaturalEarth natural_earth_10m_coastline_0492a6ef404e_w000_0492a6ef dung_direct_knot_2017_adaptation: K=16 MSE=0.00486817478848194 MaxSqErr=0.03837961498575173 time=522.6 ms ok
[75/122] NaturalEarth natural_earth_10m_coastline_0492a6ef404e_w000_0492a6ef kang_sparse_2015_adaptation: K=16 MSE=0.00486817478848194 MaxSqErr=0.03837961498575173 time=5.5 ms ok
[75/122] NaturalEarth natural_earth_10m_coastline_0492a6ef404e_w000_0492a6ef luo_linf_de_2022_adaptation: K=16 MSE=0.004716758905834856 MaxSqErr=0.03842505618777617 time=536.2 ms ok
[76/122] NaturalEarth natural_earth_10m_coastline_4afd28bfd483_w000_4afd28bf ours: K=15 MSE=0.0015883437603150165 MaxSqErr=0.008934109545876388 time=14.6 ms ok
[76/122] NaturalEarth natural_earth_10m_coastline_4afd28bfd483_w000_4afd28bf park_dominant_point_2007_adaptation: K=16 MSE=0.004161991152387423 MaxSqErr=0.03758795189650254 time=19.1 ms ok
[76/122] NaturalEarth natural_earth_10m_coastline_4afd28bfd483_w000_4afd28bf liang_feature_iki_2017_adaptation: K=16 MSE=0.0009360646085116818 MaxSqErr=0.006892646601003952 time=15.2 ms ok
[76/122] NaturalEarth natural_earth_10m_coastline_4afd28bfd483_w000_4afd28bf dung_direct_knot_2017_adaptation: K=16 MSE=0.0013112303936634263 MaxSqErr=0.007713736463663198 time=490.1 ms ok
[76/122] NaturalEarth natural_earth_10m_coastline_4afd28bfd483_w000_4afd28bf kang_sparse_2015_adaptation: K=16 MSE=0.0013112303936634263 MaxSqErr=0.007713736463663198 time=5.6 ms ok
[76/122] NaturalEarth natural_earth_10m_coastline_4afd28bfd483_w000_4afd28bf luo_linf_de_2022_adaptation: K=16 MSE=0.0011809320457900703 MaxSqErr=0.007821018091785613 time=539.9 ms ok
[77/122] NaturalEarth natural_earth_10m_coastline_b459c0ddb5d3_w000_b459c0dd ours: K=16 MSE=0.0001496263323803454 MaxSqErr=0.0011000096238532812 time=14.4 ms ok
[77/122] NaturalEarth natural_earth_10m_coastline_b459c0ddb5d3_w000_b459c0dd park_dominant_point_2007_adaptation: K=16 MSE=9.929656866953156e-05 MaxSqErr=0.0008411475972800691 time=19.1 ms ok
[77/122] NaturalEarth natural_earth_10m_coastline_b459c0ddb5d3_w000_b459c0dd liang_feature_iki_2017_adaptation: K=16 MSE=6.795136617108141e-05 MaxSqErr=0.0003609040502666721 time=15.2 ms ok
[77/122] NaturalEarth natural_earth_10m_coastline_b459c0ddb5d3_w000_b459c0dd dung_direct_knot_2017_adaptation: K=16 MSE=6.619731199958784e-05 MaxSqErr=0.0003256893341240395 time=295.5 ms ok
[77/122] NaturalEarth natural_earth_10m_coastline_b459c0ddb5d3_w000_b459c0dd kang_sparse_2015_adaptation: K=16 MSE=8.277449669033093e-05 MaxSqErr=0.0009300158646459534 time=5.6 ms ok
[77/122] NaturalEarth natural_earth_10m_coastline_b459c0ddb5d3_w000_b459c0dd luo_linf_de_2022_adaptation: K=16 MSE=8.121491718328251e-05 MaxSqErr=0.000846846081920934 time=582.0 ms ok
[78/122] NaturalEarth natural_earth_10m_coastline_933eab98f709_w000_933eab98 ours: K=16 MSE=4.971155931963913e-05 MaxSqErr=0.000539487023601353 time=14.5 ms ok
[78/122] NaturalEarth natural_earth_10m_coastline_933eab98f709_w000_933eab98 park_dominant_point_2007_adaptation: K=16 MSE=0.0002195779077457769 MaxSqErr=0.0028925967290245533 time=19.1 ms ok
[78/122] NaturalEarth natural_earth_10m_coastline_933eab98f709_w000_933eab98 liang_feature_iki_2017_adaptation: K=13 MSE=4.337496209162048e-05 MaxSqErr=0.0004244062358400373 time=12.1 ms ok
[78/122] NaturalEarth natural_earth_10m_coastline_933eab98f709_w000_933eab98 dung_direct_knot_2017_adaptation: K=14 MSE=3.843718909777733e-05 MaxSqErr=0.00037410007160980184 time=227.2 ms ok
[78/122] NaturalEarth natural_earth_10m_coastline_933eab98f709_w000_933eab98 kang_sparse_2015_adaptation: K=16 MSE=5.537216794704884e-05 MaxSqErr=0.0009823190973356944 time=5.6 ms ok
[78/122] NaturalEarth natural_earth_10m_coastline_933eab98f709_w000_933eab98 luo_linf_de_2022_adaptation: K=15 MSE=4.8468953553325734e-05 MaxSqErr=0.00038719465965706784 time=597.8 ms ok
[79/122] NaturalEarth natural_earth_10m_coastline_d70e572292c0_w000_d70e5722 ours: K=16 MSE=0.00019392219849030223 MaxSqErr=0.0026105555502990256 time=14.5 ms ok
[79/122] NaturalEarth natural_earth_10m_coastline_d70e572292c0_w000_d70e5722 park_dominant_point_2007_adaptation: K=16 MSE=0.0002590845815733276 MaxSqErr=0.0027974195923135443 time=19.1 ms ok
[79/122] NaturalEarth natural_earth_10m_coastline_d70e572292c0_w000_d70e5722 liang_feature_iki_2017_adaptation: K=16 MSE=0.0001792115792372215 MaxSqErr=0.0012442997261944977 time=15.2 ms ok
[79/122] NaturalEarth natural_earth_10m_coastline_d70e572292c0_w000_d70e5722 dung_direct_knot_2017_adaptation: K=16 MSE=0.00015025985200629416 MaxSqErr=0.000957406017176497 time=235.7 ms ok
[79/122] NaturalEarth natural_earth_10m_coastline_d70e572292c0_w000_d70e5722 kang_sparse_2015_adaptation: K=16 MSE=0.00017853471210101804 MaxSqErr=0.0023709683680610957 time=5.6 ms ok
[79/122] NaturalEarth natural_earth_10m_coastline_d70e572292c0_w000_d70e5722 luo_linf_de_2022_adaptation: K=16 MSE=0.00015055554677929786 MaxSqErr=0.00184757307547405 time=581.8 ms ok
[80/122] NaturalEarth natural_earth_10m_coastline_fb9c133936ee_w000_fb9c1339 ours: K=16 MSE=0.0002448101537605164 MaxSqErr=0.0018349344720171555 time=14.5 ms ok
[80/122] NaturalEarth natural_earth_10m_coastline_fb9c133936ee_w000_fb9c1339 park_dominant_point_2007_adaptation: K=16 MSE=0.00019926693228078816 MaxSqErr=0.0016252475915028116 time=19.1 ms ok
[80/122] NaturalEarth natural_earth_10m_coastline_fb9c133936ee_w000_fb9c1339 liang_feature_iki_2017_adaptation: K=16 MSE=0.0001163870336280769 MaxSqErr=0.0007299770317788363 time=15.2 ms ok
[80/122] NaturalEarth natural_earth_10m_coastline_fb9c133936ee_w000_fb9c1339 dung_direct_knot_2017_adaptation: K=16 MSE=0.00018632177041576952 MaxSqErr=0.0013122870573290867 time=420.2 ms ok
[80/122] NaturalEarth natural_earth_10m_coastline_fb9c133936ee_w000_fb9c1339 kang_sparse_2015_adaptation: K=16 MSE=0.00018632177041576952 MaxSqErr=0.0013122870573290867 time=5.6 ms ok
[80/122] NaturalEarth natural_earth_10m_coastline_fb9c133936ee_w000_fb9c1339 luo_linf_de_2022_adaptation: K=16 MSE=0.0001722716405649796 MaxSqErr=0.0013625826000012188 time=538.8 ms ok
[81/122] NaturalEarth natural_earth_10m_coastline_d37b2a27a2ea_w000_d37b2a27 ours: K=15 MSE=0.00028430728341306534 MaxSqErr=0.0013687846053543865 time=14.5 ms ok
[81/122] NaturalEarth natural_earth_10m_coastline_d37b2a27a2ea_w000_d37b2a27 park_dominant_point_2007_adaptation: K=13 MSE=2.567499173418513e-05 MaxSqErr=0.00027604941116950036 time=17.3 ms ok
[81/122] NaturalEarth natural_earth_10m_coastline_d37b2a27a2ea_w000_d37b2a27 liang_feature_iki_2017_adaptation: K=13 MSE=4.597875843011768e-05 MaxSqErr=0.0004085371281670866 time=12.1 ms ok
[81/122] NaturalEarth natural_earth_10m_coastline_d37b2a27a2ea_w000_d37b2a27 dung_direct_knot_2017_adaptation: K=10 MSE=3.252355939824488e-05 MaxSqErr=0.0002498451083008734 time=165.4 ms ok
[81/122] NaturalEarth natural_earth_10m_coastline_d37b2a27a2ea_w000_d37b2a27 kang_sparse_2015_adaptation: K=16 MSE=5.070400700076427e-05 MaxSqErr=0.0011476394318724113 time=5.6 ms ok
[81/122] NaturalEarth natural_earth_10m_coastline_d37b2a27a2ea_w000_d37b2a27 luo_linf_de_2022_adaptation: K=12 MSE=4.1194691105400954e-05 MaxSqErr=0.00044718569930758255 time=568.6 ms ok
[82/122] NaturalEarth natural_earth_10m_coastline_27c5a5273c6d_w000_27c5a527 ours: K=16 MSE=0.0001459762340305634 MaxSqErr=0.0010386788028183807 time=14.5 ms ok
[82/122] NaturalEarth natural_earth_10m_coastline_27c5a5273c6d_w000_27c5a527 park_dominant_point_2007_adaptation: K=16 MSE=0.0001495764336586574 MaxSqErr=0.0024594850513772245 time=19.1 ms ok
[82/122] NaturalEarth natural_earth_10m_coastline_27c5a5273c6d_w000_27c5a527 liang_feature_iki_2017_adaptation: K=16 MSE=6.96238316097815e-05 MaxSqErr=0.0004844923805998684 time=15.2 ms ok
[82/122] NaturalEarth natural_earth_10m_coastline_27c5a5273c6d_w000_27c5a527 dung_direct_knot_2017_adaptation: K=16 MSE=4.559808056863134e-05 MaxSqErr=0.0003053190252029665 time=298.7 ms ok
[82/122] NaturalEarth natural_earth_10m_coastline_27c5a5273c6d_w000_27c5a527 kang_sparse_2015_adaptation: K=16 MSE=0.0001146541012091276 MaxSqErr=0.001756371872528167 time=5.6 ms ok
[82/122] NaturalEarth natural_earth_10m_coastline_27c5a5273c6d_w000_27c5a527 luo_linf_de_2022_adaptation: K=16 MSE=8.586094655806563e-05 MaxSqErr=0.0009360669587477969 time=600.5 ms ok
[83/122] USGS usgs_tnm_contours_large_scale_5e1190c07064_w000_5e1190c0 ours: K=16 MSE=0.0002789310650584127 MaxSqErr=0.0021719841143740025 time=14.5 ms ok
[83/122] USGS usgs_tnm_contours_large_scale_5e1190c07064_w000_5e1190c0 park_dominant_point_2007_adaptation: K=16 MSE=0.0005910153452830116 MaxSqErr=0.00422749441999331 time=19.1 ms ok
[83/122] USGS usgs_tnm_contours_large_scale_5e1190c07064_w000_5e1190c0 liang_feature_iki_2017_adaptation: K=16 MSE=0.0002654370323073899 MaxSqErr=0.0016408889510003983 time=15.2 ms ok
[83/122] USGS usgs_tnm_contours_large_scale_5e1190c07064_w000_5e1190c0 dung_direct_knot_2017_adaptation: K=16 MSE=0.00022755003822622937 MaxSqErr=0.0013409294494630148 time=364.1 ms ok
[83/122] USGS usgs_tnm_contours_large_scale_5e1190c07064_w000_5e1190c0 kang_sparse_2015_adaptation: K=16 MSE=0.00031067320155715657 MaxSqErr=0.0021960471319273137 time=5.6 ms ok
[83/122] USGS usgs_tnm_contours_large_scale_5e1190c07064_w000_5e1190c0 luo_linf_de_2022_adaptation: K=16 MSE=0.00028018605835372336 MaxSqErr=0.00222058831512917 time=581.0 ms ok
[84/122] USGS usgs_tnm_contours_large_scale_73f76a177c8e_w000_73f76a17 ours: K=16 MSE=0.0005196555652467205 MaxSqErr=0.0024110084641956507 time=14.5 ms ok
[84/122] USGS usgs_tnm_contours_large_scale_73f76a177c8e_w000_73f76a17 park_dominant_point_2007_adaptation: K=16 MSE=0.0005784689796705281 MaxSqErr=0.003920602555403904 time=19.2 ms ok
[84/122] USGS usgs_tnm_contours_large_scale_73f76a177c8e_w000_73f76a17 liang_feature_iki_2017_adaptation: K=16 MSE=0.0003496653832484203 MaxSqErr=0.00157340871702226 time=15.2 ms ok
[84/122] USGS usgs_tnm_contours_large_scale_73f76a177c8e_w000_73f76a17 dung_direct_knot_2017_adaptation: K=16 MSE=0.0004017317912210488 MaxSqErr=0.0021681387255653756 time=405.0 ms ok
[84/122] USGS usgs_tnm_contours_large_scale_73f76a177c8e_w000_73f76a17 kang_sparse_2015_adaptation: K=16 MSE=0.0004211974405824714 MaxSqErr=0.002239510676677696 time=5.6 ms ok
[84/122] USGS usgs_tnm_contours_large_scale_73f76a177c8e_w000_73f76a17 luo_linf_de_2022_adaptation: K=16 MSE=0.0004190688816699993 MaxSqErr=0.002241595232713406 time=539.0 ms ok
[85/122] USGS usgs_tnm_contours_large_scale_9b1b39144146_w000_9b1b3914 ours: K=16 MSE=4.306053882323927e-05 MaxSqErr=0.00032307545848563317 time=14.5 ms ok
[85/122] USGS usgs_tnm_contours_large_scale_9b1b39144146_w000_9b1b3914 park_dominant_point_2007_adaptation: K=16 MSE=6.672579413015573e-05 MaxSqErr=0.00048945012524103 time=19.1 ms ok
[85/122] USGS usgs_tnm_contours_large_scale_9b1b39144146_w000_9b1b3914 liang_feature_iki_2017_adaptation: K=13 MSE=3.7632038115889176e-05 MaxSqErr=0.00046137697509253384 time=12.2 ms ok
[85/122] USGS usgs_tnm_contours_large_scale_9b1b39144146_w000_9b1b3914 dung_direct_knot_2017_adaptation: K=11 MSE=4.931725860442662e-05 MaxSqErr=0.0002323379992759911 time=174.5 ms ok
[85/122] USGS usgs_tnm_contours_large_scale_9b1b39144146_w000_9b1b3914 kang_sparse_2015_adaptation: K=16 MSE=3.763066611426753e-05 MaxSqErr=0.00041552599880459364 time=393.5 ms ok
[85/122] USGS usgs_tnm_contours_large_scale_9b1b39144146_w000_9b1b3914 luo_linf_de_2022_adaptation: K=16 MSE=3.790787765212531e-05 MaxSqErr=0.00043505482216398407 time=1175.5 ms ok
[86/122] USGS usgs_tnm_contours_large_scale_3b46bf5b4fe5_w000_3b46bf5b ours: K=16 MSE=0.0003142825055650746 MaxSqErr=0.0013016769264479109 time=14.4 ms ok
[86/122] USGS usgs_tnm_contours_large_scale_3b46bf5b4fe5_w000_3b46bf5b park_dominant_point_2007_adaptation: K=7 MSE=3.488361289342298e-05 MaxSqErr=0.0002455269277810494 time=9.1 ms ok
[86/122] USGS usgs_tnm_contours_large_scale_3b46bf5b4fe5_w000_3b46bf5b liang_feature_iki_2017_adaptation: K=7 MSE=4.068777518163771e-05 MaxSqErr=0.00035288981266384844 time=6.2 ms ok
[86/122] USGS usgs_tnm_contours_large_scale_3b46bf5b4fe5_w000_3b46bf5b dung_direct_knot_2017_adaptation: K=9 MSE=2.8411419564203577e-05 MaxSqErr=0.00020695825175317582 time=180.3 ms ok
[86/122] USGS usgs_tnm_contours_large_scale_3b46bf5b4fe5_w000_3b46bf5b kang_sparse_2015_adaptation: K=13 MSE=2.682776011591051e-05 MaxSqErr=0.0002032759908591412 time=781.4 ms ok
[86/122] USGS usgs_tnm_contours_large_scale_3b46bf5b4fe5_w000_3b46bf5b luo_linf_de_2022_adaptation: K=7 MSE=3.99648516502345e-05 MaxSqErr=0.00036233359827383634 time=2532.9 ms ok
[87/122] USGS usgs_tnm_contours_large_scale_227a63ff8969_w001_b391c2df ours: K=16 MSE=0.0009538210673903886 MaxSqErr=0.006832180280656296 time=14.5 ms ok
[87/122] USGS usgs_tnm_contours_large_scale_227a63ff8969_w001_b391c2df park_dominant_point_2007_adaptation: K=16 MSE=0.000801749576245985 MaxSqErr=0.005048615612831972 time=19.2 ms ok
[87/122] USGS usgs_tnm_contours_large_scale_227a63ff8969_w001_b391c2df liang_feature_iki_2017_adaptation: K=16 MSE=0.000341251846373816 MaxSqErr=0.00156282705519253 time=15.2 ms ok
[87/122] USGS usgs_tnm_contours_large_scale_227a63ff8969_w001_b391c2df dung_direct_knot_2017_adaptation: K=16 MSE=0.00045974639130556724 MaxSqErr=0.0033711653544571986 time=470.0 ms ok
[87/122] USGS usgs_tnm_contours_large_scale_227a63ff8969_w001_b391c2df kang_sparse_2015_adaptation: K=16 MSE=0.00045974639130556724 MaxSqErr=0.0033711653544571986 time=5.5 ms ok
[87/122] USGS usgs_tnm_contours_large_scale_227a63ff8969_w001_b391c2df luo_linf_de_2022_adaptation: K=16 MSE=0.00044744477858841175 MaxSqErr=0.003406204385598715 time=581.9 ms ok
[88/122] USGS usgs_tnm_contours_large_scale_f1b5188eb877_w000_f1b5188e ours: K=16 MSE=0.0012108570125340353 MaxSqErr=0.009872936937079874 time=14.5 ms ok
[88/122] USGS usgs_tnm_contours_large_scale_f1b5188eb877_w000_f1b5188e park_dominant_point_2007_adaptation: K=16 MSE=0.0014177817090288928 MaxSqErr=0.0112776278133389 time=19.2 ms ok
[88/122] USGS usgs_tnm_contours_large_scale_f1b5188eb877_w000_f1b5188e liang_feature_iki_2017_adaptation: K=16 MSE=0.0005441699654590305 MaxSqErr=0.002832265781114795 time=15.2 ms ok
[88/122] USGS usgs_tnm_contours_large_scale_f1b5188eb877_w000_f1b5188e dung_direct_knot_2017_adaptation: K=16 MSE=0.000613789397816541 MaxSqErr=0.0031622419168225303 time=513.8 ms ok
[88/122] USGS usgs_tnm_contours_large_scale_f1b5188eb877_w000_f1b5188e kang_sparse_2015_adaptation: K=16 MSE=0.000613789397816541 MaxSqErr=0.0031622419168225303 time=5.6 ms ok
[88/122] USGS usgs_tnm_contours_large_scale_f1b5188eb877_w000_f1b5188e luo_linf_de_2022_adaptation: K=16 MSE=0.0005639769415730265 MaxSqErr=0.00272184689456293 time=582.1 ms ok
[89/122] USGS usgs_tnm_contours_large_scale_d04688485103_w000_d0468848 ours: K=16 MSE=0.0006143765693930319 MaxSqErr=0.0030301472767674965 time=14.5 ms ok
[89/122] USGS usgs_tnm_contours_large_scale_d04688485103_w000_d0468848 park_dominant_point_2007_adaptation: K=16 MSE=0.0006279191493929349 MaxSqErr=0.005198882517928051 time=19.1 ms ok
[89/122] USGS usgs_tnm_contours_large_scale_d04688485103_w000_d0468848 liang_feature_iki_2017_adaptation: K=16 MSE=0.0006061724229375441 MaxSqErr=0.0028801725130144316 time=15.3 ms ok
[89/122] USGS usgs_tnm_contours_large_scale_d04688485103_w000_d0468848 dung_direct_knot_2017_adaptation: K=16 MSE=0.0004163634045307949 MaxSqErr=0.002134812861269773 time=497.8 ms ok
[89/122] USGS usgs_tnm_contours_large_scale_d04688485103_w000_d0468848 kang_sparse_2015_adaptation: K=16 MSE=0.00043741157769752406 MaxSqErr=0.004119956491056122 time=5.5 ms ok
[89/122] USGS usgs_tnm_contours_large_scale_d04688485103_w000_d0468848 luo_linf_de_2022_adaptation: K=16 MSE=0.00043741157769752406 MaxSqErr=0.004119956491056122 time=540.0 ms ok
[90/122] USGS usgs_tnm_contours_large_scale_320c043cef50_w000_320c043c ours: K=10 MSE=2.7498407532169805e-05 MaxSqErr=0.00014821926226711105 time=14.5 ms ok
[90/122] USGS usgs_tnm_contours_large_scale_320c043cef50_w000_320c043c park_dominant_point_2007_adaptation: K=2 MSE=4.796422053022918e-05 MaxSqErr=0.00020715571245082814 time=4.1 ms ok
[90/122] USGS usgs_tnm_contours_large_scale_320c043cef50_w000_320c043c liang_feature_iki_2017_adaptation: K=4 MSE=4.638314696525777e-06 MaxSqErr=1.9983086554060714e-05 time=3.3 ms ok
[90/122] USGS usgs_tnm_contours_large_scale_320c043cef50_w000_320c043c dung_direct_knot_2017_adaptation: K=3 MSE=2.1395118042143884e-05 MaxSqErr=0.00012027992458791802 time=41.4 ms ok
[90/122] USGS usgs_tnm_contours_large_scale_320c043cef50_w000_320c043c kang_sparse_2015_adaptation: K=2 MSE=2.6631336786415304e-05 MaxSqErr=0.00017127011217593573 time=747.6 ms ok
[90/122] USGS usgs_tnm_contours_large_scale_320c043cef50_w000_320c043c luo_linf_de_2022_adaptation: K=3 MSE=1.2436486884785352e-05 MaxSqErr=4.368716110025602e-05 time=2477.5 ms ok
[91/122] USGS usgs_tnm_contours_large_scale_51d72a531676_w000_51d72a53 ours: K=16 MSE=0.002743948601481592 MaxSqErr=0.012456253694192822 time=14.5 ms ok
[91/122] USGS usgs_tnm_contours_large_scale_51d72a531676_w000_51d72a53 park_dominant_point_2007_adaptation: K=16 MSE=0.002328738462018339 MaxSqErr=0.014002211390884325 time=19.1 ms ok
[91/122] USGS usgs_tnm_contours_large_scale_51d72a531676_w000_51d72a53 liang_feature_iki_2017_adaptation: K=16 MSE=0.0016872290887766806 MaxSqErr=0.008754643704476858 time=15.2 ms ok
[91/122] USGS usgs_tnm_contours_large_scale_51d72a531676_w000_51d72a53 dung_direct_knot_2017_adaptation: K=16 MSE=0.002085462487885376 MaxSqErr=0.012412648257505507 time=519.5 ms ok
[91/122] USGS usgs_tnm_contours_large_scale_51d72a531676_w000_51d72a53 kang_sparse_2015_adaptation: K=16 MSE=0.002292123352719789 MaxSqErr=0.0126390125417135 time=5.6 ms ok
[91/122] USGS usgs_tnm_contours_large_scale_51d72a531676_w000_51d72a53 luo_linf_de_2022_adaptation: K=16 MSE=0.002292123352719789 MaxSqErr=0.0126390125417135 time=537.2 ms ok
[92/122] USGS usgs_tnm_contours_large_scale_db64a638d518_w000_db64a638 ours: K=16 MSE=9.069410880447049e-05 MaxSqErr=0.0003859271962060644 time=14.5 ms ok
[92/122] USGS usgs_tnm_contours_large_scale_db64a638d518_w000_db64a638 park_dominant_point_2007_adaptation: K=16 MSE=6.970651520865228e-05 MaxSqErr=0.0003745087824134542 time=19.1 ms ok
[92/122] USGS usgs_tnm_contours_large_scale_db64a638d518_w000_db64a638 liang_feature_iki_2017_adaptation: K=16 MSE=4.172832519936944e-05 MaxSqErr=0.00015775981720464637 time=15.3 ms ok
[92/122] USGS usgs_tnm_contours_large_scale_db64a638d518_w000_db64a638 dung_direct_knot_2017_adaptation: K=14 MSE=4.226091598852745e-05 MaxSqErr=0.00021573472196408208 time=178.1 ms ok
[92/122] USGS usgs_tnm_contours_large_scale_db64a638d518_w000_db64a638 kang_sparse_2015_adaptation: K=16 MSE=6.688125475063484e-05 MaxSqErr=0.0005117181913469665 time=5.6 ms ok
[92/122] USGS usgs_tnm_contours_large_scale_db64a638d518_w000_db64a638 luo_linf_de_2022_adaptation: K=14 MSE=4.3272198069580263e-05 MaxSqErr=0.0002349502589891443 time=616.1 ms ok
[93/122] USGS usgs_tnm_contours_large_scale_be34ae13ca44_w000_be34ae13 ours: K=16 MSE=9.738891804727401e-05 MaxSqErr=0.0004996760429000718 time=14.5 ms ok
[93/122] USGS usgs_tnm_contours_large_scale_be34ae13ca44_w000_be34ae13 park_dominant_point_2007_adaptation: K=16 MSE=0.00010204346619496905 MaxSqErr=0.000773731023013811 time=19.1 ms ok
[93/122] USGS usgs_tnm_contours_large_scale_be34ae13ca44_w000_be34ae13 liang_feature_iki_2017_adaptation: K=16 MSE=8.37081592968488e-05 MaxSqErr=0.00048151878683048733 time=15.3 ms ok
[93/122] USGS usgs_tnm_contours_large_scale_be34ae13ca44_w000_be34ae13 dung_direct_knot_2017_adaptation: K=16 MSE=4.60318667593002e-05 MaxSqErr=0.0002502047208422097 time=245.7 ms ok
[93/122] USGS usgs_tnm_contours_large_scale_be34ae13ca44_w000_be34ae13 kang_sparse_2015_adaptation: K=16 MSE=0.00011578535901875081 MaxSqErr=0.0007180798921658888 time=5.5 ms ok
[93/122] USGS usgs_tnm_contours_large_scale_be34ae13ca44_w000_be34ae13 luo_linf_de_2022_adaptation: K=16 MSE=9.035057439718643e-05 MaxSqErr=0.0003790800238794914 time=582.2 ms ok
[94/122] USGS usgs_tnm_contours_large_scale_ee9c42f92d53_w000_ee9c42f9 ours: K=16 MSE=0.0007281754238668776 MaxSqErr=0.005546390739785999 time=14.5 ms ok
[94/122] USGS usgs_tnm_contours_large_scale_ee9c42f92d53_w000_ee9c42f9 park_dominant_point_2007_adaptation: K=16 MSE=0.0011718965477784526 MaxSqErr=0.009878785477714428 time=19.2 ms ok
[94/122] USGS usgs_tnm_contours_large_scale_ee9c42f92d53_w000_ee9c42f9 liang_feature_iki_2017_adaptation: K=16 MSE=0.0007387964703625957 MaxSqErr=0.003495161712842561 time=15.2 ms ok
[94/122] USGS usgs_tnm_contours_large_scale_ee9c42f92d53_w000_ee9c42f9 dung_direct_knot_2017_adaptation: K=16 MSE=0.0008553196361930109 MaxSqErr=0.005547403004309953 time=498.0 ms ok
[94/122] USGS usgs_tnm_contours_large_scale_ee9c42f92d53_w000_ee9c42f9 kang_sparse_2015_adaptation: K=16 MSE=0.0011108431344269813 MaxSqErr=0.007185048734407837 time=5.5 ms ok
[94/122] USGS usgs_tnm_contours_large_scale_ee9c42f92d53_w000_ee9c42f9 luo_linf_de_2022_adaptation: K=16 MSE=0.000852763131805971 MaxSqErr=0.005177435310552179 time=538.6 ms ok
[95/122] USGS usgs_tnm_contours_large_scale_b1ec14b77227_w000_b1ec14b7 ours: K=16 MSE=7.23299769153804e-05 MaxSqErr=0.0004047785300101481 time=14.5 ms ok
[95/122] USGS usgs_tnm_contours_large_scale_b1ec14b77227_w000_b1ec14b7 park_dominant_point_2007_adaptation: K=16 MSE=0.00013027427019963818 MaxSqErr=0.0011325752921847907 time=19.1 ms ok
[95/122] USGS usgs_tnm_contours_large_scale_b1ec14b77227_w000_b1ec14b7 liang_feature_iki_2017_adaptation: K=16 MSE=6.428804515502233e-05 MaxSqErr=0.00025731680089611755 time=15.2 ms ok
[95/122] USGS usgs_tnm_contours_large_scale_b1ec14b77227_w000_b1ec14b7 dung_direct_knot_2017_adaptation: K=14 MSE=4.757002279255043e-05 MaxSqErr=0.00019015614080619887 time=207.5 ms ok
[95/122] USGS usgs_tnm_contours_large_scale_b1ec14b77227_w000_b1ec14b7 kang_sparse_2015_adaptation: K=16 MSE=3.303316717729017e-05 MaxSqErr=0.00020813100873621882 time=392.8 ms ok
[95/122] USGS usgs_tnm_contours_large_scale_b1ec14b77227_w000_b1ec14b7 luo_linf_de_2022_adaptation: K=16 MSE=3.061419295460102e-05 MaxSqErr=0.00020640266165992244 time=1296.6 ms ok
[96/122] USGS usgs_tnm_contours_large_scale_93d1979f7d07_w000_93d1979f ours: K=16 MSE=0.0006905141496115769 MaxSqErr=0.0040958510469795316 time=14.4 ms ok
[96/122] USGS usgs_tnm_contours_large_scale_93d1979f7d07_w000_93d1979f park_dominant_point_2007_adaptation: K=16 MSE=0.0007027361688641577 MaxSqErr=0.0055536018408202156 time=19.2 ms ok
[96/122] USGS usgs_tnm_contours_large_scale_93d1979f7d07_w000_93d1979f liang_feature_iki_2017_adaptation: K=16 MSE=0.0005713370518533562 MaxSqErr=0.0032128036159477418 time=15.2 ms ok
[96/122] USGS usgs_tnm_contours_large_scale_93d1979f7d07_w000_93d1979f dung_direct_knot_2017_adaptation: K=16 MSE=0.0006834037295300877 MaxSqErr=0.003043267606563126 time=482.7 ms ok
[96/122] USGS usgs_tnm_contours_large_scale_93d1979f7d07_w000_93d1979f kang_sparse_2015_adaptation: K=16 MSE=0.000737534884032857 MaxSqErr=0.004374605474318825 time=5.7 ms ok
[96/122] USGS usgs_tnm_contours_large_scale_93d1979f7d07_w000_93d1979f luo_linf_de_2022_adaptation: K=16 MSE=0.0006275276198213739 MaxSqErr=0.00353105949374845 time=581.5 ms ok
[97/122] USGS usgs_tnm_contours_large_scale_c593477f1f71_w000_c593477f ours: K=16 MSE=0.0008247787486290445 MaxSqErr=0.004873142426614139 time=14.4 ms ok
[97/122] USGS usgs_tnm_contours_large_scale_c593477f1f71_w000_c593477f park_dominant_point_2007_adaptation: K=16 MSE=0.0010593008506669492 MaxSqErr=0.007901352796005373 time=19.1 ms ok
[97/122] USGS usgs_tnm_contours_large_scale_c593477f1f71_w000_c593477f liang_feature_iki_2017_adaptation: K=16 MSE=0.0005566224139518343 MaxSqErr=0.0029190426942546283 time=15.2 ms ok
[97/122] USGS usgs_tnm_contours_large_scale_c593477f1f71_w000_c593477f dung_direct_knot_2017_adaptation: K=16 MSE=0.000691484410382119 MaxSqErr=0.004077914171526488 time=533.2 ms ok
[97/122] USGS usgs_tnm_contours_large_scale_c593477f1f71_w000_c593477f kang_sparse_2015_adaptation: K=16 MSE=0.000691484410382119 MaxSqErr=0.004077914171526488 time=5.6 ms ok
[97/122] USGS usgs_tnm_contours_large_scale_c593477f1f71_w000_c593477f luo_linf_de_2022_adaptation: K=16 MSE=0.0006398807362116211 MaxSqErr=0.00391961533642659 time=600.5 ms ok
[98/122] USGS usgs_tnm_contours_large_scale_2c338fda54bb_w000_2c338fda ours: K=16 MSE=0.0030120724388812484 MaxSqErr=0.01808538048713448 time=14.5 ms ok
[98/122] USGS usgs_tnm_contours_large_scale_2c338fda54bb_w000_2c338fda park_dominant_point_2007_adaptation: K=16 MSE=0.004083093566191908 MaxSqErr=0.02145776665604382 time=19.1 ms ok
[98/122] USGS usgs_tnm_contours_large_scale_2c338fda54bb_w000_2c338fda liang_feature_iki_2017_adaptation: K=16 MSE=0.002843777930618774 MaxSqErr=0.011192620835717081 time=15.2 ms ok
[98/122] USGS usgs_tnm_contours_large_scale_2c338fda54bb_w000_2c338fda dung_direct_knot_2017_adaptation: K=16 MSE=0.00226064430342909 MaxSqErr=0.012309256724141657 time=523.5 ms ok
[98/122] USGS usgs_tnm_contours_large_scale_2c338fda54bb_w000_2c338fda kang_sparse_2015_adaptation: K=16 MSE=0.00226064430342909 MaxSqErr=0.012309256724141657 time=5.6 ms ok
[98/122] USGS usgs_tnm_contours_large_scale_2c338fda54bb_w000_2c338fda luo_linf_de_2022_adaptation: K=16 MSE=0.002230370326561018 MaxSqErr=0.012469398949292585 time=600.7 ms ok
[99/122] USGS usgs_tnm_contours_large_scale_72be136e0833_w000_72be136e ours: K=13 MSE=2.0476283584752057e-05 MaxSqErr=0.00012257806721492536 time=14.5 ms ok
[99/122] USGS usgs_tnm_contours_large_scale_72be136e0833_w000_72be136e park_dominant_point_2007_adaptation: K=6 MSE=4.16904921284974e-05 MaxSqErr=0.0002752835212516904 time=8.0 ms ok
[99/122] USGS usgs_tnm_contours_large_scale_72be136e0833_w000_72be136e liang_feature_iki_2017_adaptation: K=7 MSE=2.9938419326912196e-05 MaxSqErr=0.00015353301471607173 time=6.2 ms ok
[99/122] USGS usgs_tnm_contours_large_scale_72be136e0833_w000_72be136e dung_direct_knot_2017_adaptation: K=6 MSE=1.693947786365434e-05 MaxSqErr=0.00020384887883871872 time=62.4 ms ok
[99/122] USGS usgs_tnm_contours_large_scale_72be136e0833_w000_72be136e kang_sparse_2015_adaptation: K=13 MSE=7.942169667509684e-06 MaxSqErr=0.00018785208493095026 time=697.2 ms ok
[99/122] USGS usgs_tnm_contours_large_scale_72be136e0833_w000_72be136e luo_linf_de_2022_adaptation: K=5 MSE=3.0384638959069807e-05 MaxSqErr=0.00026284914666759154 time=2337.6 ms ok
[100/122] USGS usgs_tnm_contours_large_scale_a8a9331aa35d_w000_a8a9331a ours: K=16 MSE=0.0020735691162409382 MaxSqErr=0.012006365370413183 time=14.4 ms ok
[100/122] USGS usgs_tnm_contours_large_scale_a8a9331aa35d_w000_a8a9331a park_dominant_point_2007_adaptation: K=16 MSE=0.0033284418918046415 MaxSqErr=0.02373083010153272 time=19.1 ms ok
[100/122] USGS usgs_tnm_contours_large_scale_a8a9331aa35d_w000_a8a9331a liang_feature_iki_2017_adaptation: K=16 MSE=0.0014057586179971671 MaxSqErr=0.009149898073990786 time=15.2 ms ok
[100/122] USGS usgs_tnm_contours_large_scale_a8a9331aa35d_w000_a8a9331a dung_direct_knot_2017_adaptation: K=16 MSE=0.0015842179024684792 MaxSqErr=0.0143038156214456 time=490.3 ms ok
[100/122] USGS usgs_tnm_contours_large_scale_a8a9331aa35d_w000_a8a9331a kang_sparse_2015_adaptation: K=16 MSE=0.0018950883838344413 MaxSqErr=0.01184216881032001 time=5.6 ms ok
[100/122] USGS usgs_tnm_contours_large_scale_a8a9331aa35d_w000_a8a9331a luo_linf_de_2022_adaptation: K=16 MSE=0.0018472891049051172 MaxSqErr=0.010003171848447068 time=580.8 ms ok
[101/122] USGS usgs_tnm_contours_large_scale_8a4ccdb902fb_w000_8a4ccdb9 ours: K=16 MSE=0.0016706311993368269 MaxSqErr=0.006787958104299027 time=14.6 ms ok
[101/122] USGS usgs_tnm_contours_large_scale_8a4ccdb902fb_w000_8a4ccdb9 park_dominant_point_2007_adaptation: K=16 MSE=0.001457459705264603 MaxSqErr=0.008888063985978835 time=19.1 ms ok
[101/122] USGS usgs_tnm_contours_large_scale_8a4ccdb902fb_w000_8a4ccdb9 liang_feature_iki_2017_adaptation: K=16 MSE=0.0011033815209025343 MaxSqErr=0.005599307198773373 time=15.2 ms ok
[101/122] USGS usgs_tnm_contours_large_scale_8a4ccdb902fb_w000_8a4ccdb9 dung_direct_knot_2017_adaptation: K=16 MSE=0.0010718967966746116 MaxSqErr=0.007962943456231024 time=461.5 ms ok
[101/122] USGS usgs_tnm_contours_large_scale_8a4ccdb902fb_w000_8a4ccdb9 kang_sparse_2015_adaptation: K=16 MSE=0.0010718967966746116 MaxSqErr=0.007962943456231024 time=5.6 ms ok
[101/122] USGS usgs_tnm_contours_large_scale_8a4ccdb902fb_w000_8a4ccdb9 luo_linf_de_2022_adaptation: K=16 MSE=0.0010718967966746116 MaxSqErr=0.007962943456231024 time=537.9 ms ok
[102/122] USGS usgs_tnm_contours_large_scale_4a981cd4356c_w000_4a981cd4 ours: K=14 MSE=5.475455666735763e-05 MaxSqErr=0.0004978890409213274 time=14.5 ms ok
[102/122] USGS usgs_tnm_contours_large_scale_4a981cd4356c_w000_4a981cd4 park_dominant_point_2007_adaptation: K=16 MSE=0.00011605207632437674 MaxSqErr=0.0007381968776391532 time=19.2 ms ok
[102/122] USGS usgs_tnm_contours_large_scale_4a981cd4356c_w000_4a981cd4 liang_feature_iki_2017_adaptation: K=16 MSE=0.00010952666706253746 MaxSqErr=0.0006679856129816062 time=15.2 ms ok
[102/122] USGS usgs_tnm_contours_large_scale_4a981cd4356c_w000_4a981cd4 dung_direct_knot_2017_adaptation: K=11 MSE=4.9445974383058896e-05 MaxSqErr=0.0004970328360580565 time=198.7 ms ok
[102/122] USGS usgs_tnm_contours_large_scale_4a981cd4356c_w000_4a981cd4 kang_sparse_2015_adaptation: K=16 MSE=0.00010328072105600573 MaxSqErr=0.0017416600590129696 time=5.6 ms ok
[102/122] USGS usgs_tnm_contours_large_scale_4a981cd4356c_w000_4a981cd4 luo_linf_de_2022_adaptation: K=14 MSE=4.576612756977869e-05 MaxSqErr=0.0007020119313557321 time=574.8 ms ok
[103/122] IndustrialOffset industrial_offset_naca_airfoil_v011_o04_p0p0400 ours: K=14 MSE=5.056741731606577e-06 MaxSqErr=0.0001277591733514941 time=14.5 ms ok
[103/122] IndustrialOffset industrial_offset_naca_airfoil_v011_o04_p0p0400 park_dominant_point_2007_adaptation: K=10 MSE=2.3815720465553307e-05 MaxSqErr=0.000591138330115389 time=18.9 ms ok
[103/122] IndustrialOffset industrial_offset_naca_airfoil_v011_o04_p0p0400 liang_feature_iki_2017_adaptation: K=7 MSE=2.3837200664194996e-05 MaxSqErr=0.00040109804523100917 time=6.2 ms ok
[103/122] IndustrialOffset industrial_offset_naca_airfoil_v011_o04_p0p0400 dung_direct_knot_2017_adaptation: K=6 MSE=1.8702383309005184e-05 MaxSqErr=0.0004704039238650839 time=78.9 ms ok
[103/122] IndustrialOffset industrial_offset_naca_airfoil_v011_o04_p0p0400 kang_sparse_2015_adaptation: K=16 MSE=6.752700319657353e-05 MaxSqErr=0.0012861092640372887 time=5.5 ms ok
[103/122] IndustrialOffset industrial_offset_naca_airfoil_v011_o04_p0p0400 luo_linf_de_2022_adaptation: K=16 MSE=4.772467128817556e-05 MaxSqErr=0.0010132270942686404 time=580.7 ms ok
[104/122] IndustrialOffset industrial_offset_keyway_bore_v007_o01_m0p0400 ours: K=16 MSE=5.820845953857163e-05 MaxSqErr=0.0009455743602929682 time=14.4 ms ok
[104/122] IndustrialOffset industrial_offset_keyway_bore_v007_o01_m0p0400 park_dominant_point_2007_adaptation: K=16 MSE=0.0006661790150422137 MaxSqErr=0.010885634395870356 time=19.1 ms ok
[104/122] IndustrialOffset industrial_offset_keyway_bore_v007_o01_m0p0400 liang_feature_iki_2017_adaptation: K=16 MSE=5.076093707974091e-05 MaxSqErr=0.0003083833876754908 time=15.2 ms ok
[104/122] IndustrialOffset industrial_offset_keyway_bore_v007_o01_m0p0400 dung_direct_knot_2017_adaptation: K=16 MSE=4.9942862523658735e-05 MaxSqErr=0.0004258873811119637 time=186.3 ms ok
[104/122] IndustrialOffset industrial_offset_keyway_bore_v007_o01_m0p0400 kang_sparse_2015_adaptation: K=16 MSE=0.0002763090293693992 MaxSqErr=0.003831768714723495 time=5.6 ms ok
[104/122] IndustrialOffset industrial_offset_keyway_bore_v007_o01_m0p0400 luo_linf_de_2022_adaptation: K=16 MSE=0.0002760437499053887 MaxSqErr=0.0038318500515924624 time=537.6 ms ok
[105/122] IndustrialOffset industrial_offset_naca_airfoil_v001_o04_p0p0400 ours: K=14 MSE=8.732451488071e-06 MaxSqErr=0.00011863703223016337 time=14.4 ms ok
[105/122] IndustrialOffset industrial_offset_naca_airfoil_v001_o04_p0p0400 park_dominant_point_2007_adaptation: K=9 MSE=2.723956694063955e-05 MaxSqErr=0.0006994703122763923 time=16.0 ms ok
[105/122] IndustrialOffset industrial_offset_naca_airfoil_v001_o04_p0p0400 liang_feature_iki_2017_adaptation: K=7 MSE=3.075361828949241e-05 MaxSqErr=0.0005545374399821559 time=6.2 ms ok
[105/122] IndustrialOffset industrial_offset_naca_airfoil_v001_o04_p0p0400 dung_direct_knot_2017_adaptation: K=6 MSE=1.354583309287746e-05 MaxSqErr=0.0003652118434171145 time=96.9 ms ok
[105/122] IndustrialOffset industrial_offset_naca_airfoil_v001_o04_p0p0400 kang_sparse_2015_adaptation: K=16 MSE=7.092619787215776e-05 MaxSqErr=0.001450469002278794 time=5.6 ms ok
[105/122] IndustrialOffset industrial_offset_naca_airfoil_v001_o04_p0p0400 luo_linf_de_2022_adaptation: K=16 MSE=5.381726740925061e-05 MaxSqErr=0.0010171591261331674 time=581.5 ms ok
[106/122] IndustrialOffset industrial_offset_capsule_slot_v008_o01_m0p0400 ours: K=13 MSE=1.458627865507319e-05 MaxSqErr=8.420655971805999e-05 time=14.4 ms ok
[106/122] IndustrialOffset industrial_offset_capsule_slot_v008_o01_m0p0400 park_dominant_point_2007_adaptation: K=8 MSE=4.79733088285451e-05 MaxSqErr=0.000297869860741926 time=10.2 ms ok
[106/122] IndustrialOffset industrial_offset_capsule_slot_v008_o01_m0p0400 liang_feature_iki_2017_adaptation: K=8 MSE=4.531019788131254e-05 MaxSqErr=0.0002413008828209866 time=7.2 ms ok
[106/122] IndustrialOffset industrial_offset_capsule_slot_v008_o01_m0p0400 dung_direct_knot_2017_adaptation: K=9 MSE=3.400489951667072e-05 MaxSqErr=0.00036006412774609197 time=101.0 ms ok
[106/122] IndustrialOffset industrial_offset_capsule_slot_v008_o01_m0p0400 kang_sparse_2015_adaptation: K=16 MSE=2.8632664378129673e-06 MaxSqErr=1.6974768558939256e-05 time=394.0 ms ok
[106/122] IndustrialOffset industrial_offset_capsule_slot_v008_o01_m0p0400 luo_linf_de_2022_adaptation: K=9 MSE=4.853360189967493e-05 MaxSqErr=0.00022328988114408797 time=2257.4 ms ok
[107/122] IndustrialOffset industrial_offset_capsule_slot_v000_o04_p0p0400 ours: K=13 MSE=1.3064766626243067e-05 MaxSqErr=8.733118677791722e-05 time=14.5 ms ok
[107/122] IndustrialOffset industrial_offset_capsule_slot_v000_o04_p0p0400 park_dominant_point_2007_adaptation: K=16 MSE=0.0035459408699472176 MaxSqErr=0.010732029298678551 time=19.1 ms ok
[107/122] IndustrialOffset industrial_offset_capsule_slot_v000_o04_p0p0400 liang_feature_iki_2017_adaptation: K=9 MSE=3.62637858876282e-05 MaxSqErr=0.0002064503015316228 time=8.2 ms ok
[107/122] IndustrialOffset industrial_offset_capsule_slot_v000_o04_p0p0400 dung_direct_knot_2017_adaptation: K=9 MSE=2.244865651709484e-05 MaxSqErr=0.00024321821598348935 time=97.0 ms ok
[107/122] IndustrialOffset industrial_offset_capsule_slot_v000_o04_p0p0400 kang_sparse_2015_adaptation: K=16 MSE=3.328761122101787e-06 MaxSqErr=2.159953881800996e-05 time=394.2 ms ok
[107/122] IndustrialOffset industrial_offset_capsule_slot_v000_o04_p0p0400 luo_linf_de_2022_adaptation: K=8 MSE=3.9843704526879e-05 MaxSqErr=0.00028826924699707027 time=2302.4 ms ok
[108/122] IndustrialOffset industrial_offset_lobed_rotor_v001_o00_m0p0800 ours: K=15 MSE=0.000289370899819558 MaxSqErr=0.0026726938388000757 time=14.5 ms ok
[108/122] IndustrialOffset industrial_offset_lobed_rotor_v001_o00_m0p0800 park_dominant_point_2007_adaptation: K=16 MSE=9.564689436571865e-05 MaxSqErr=0.00041087650901925276 time=21.1 ms ok
[108/122] IndustrialOffset industrial_offset_lobed_rotor_v001_o00_m0p0800 liang_feature_iki_2017_adaptation: K=16 MSE=0.00020592960133191288 MaxSqErr=0.0009422816857137608 time=15.2 ms ok
[108/122] IndustrialOffset industrial_offset_lobed_rotor_v001_o00_m0p0800 dung_direct_knot_2017_adaptation: K=16 MSE=0.00011727201154458445 MaxSqErr=0.00044230503043927365 time=219.6 ms ok
[108/122] IndustrialOffset industrial_offset_lobed_rotor_v001_o00_m0p0800 kang_sparse_2015_adaptation: K=16 MSE=0.00028136386445278574 MaxSqErr=0.0010128483901538318 time=5.7 ms ok
[108/122] IndustrialOffset industrial_offset_lobed_rotor_v001_o00_m0p0800 luo_linf_de_2022_adaptation: K=16 MSE=0.000273246114229589 MaxSqErr=0.00137021185028853 time=581.9 ms ok
[109/122] IndustrialOffset industrial_offset_naca_airfoil_v005_o05_p0p0800 ours: K=15 MSE=1.1541506362751268e-05 MaxSqErr=0.00018446479502266886 time=14.5 ms ok
[109/122] IndustrialOffset industrial_offset_naca_airfoil_v005_o05_p0p0800 park_dominant_point_2007_adaptation: K=16 MSE=2.877198168040046e-05 MaxSqErr=0.0007799222495231972 time=26.8 ms ok
[109/122] IndustrialOffset industrial_offset_naca_airfoil_v005_o05_p0p0800 liang_feature_iki_2017_adaptation: K=7 MSE=2.7546962417157294e-05 MaxSqErr=0.00038173575800718004 time=6.2 ms ok
[109/122] IndustrialOffset industrial_offset_naca_airfoil_v005_o05_p0p0800 dung_direct_knot_2017_adaptation: K=6 MSE=1.6744138322537666e-05 MaxSqErr=0.00036003333141346644 time=93.1 ms ok
[109/122] IndustrialOffset industrial_offset_naca_airfoil_v005_o05_p0p0800 kang_sparse_2015_adaptation: K=16 MSE=4.239104100656697e-05 MaxSqErr=0.001182368228556701 time=396.4 ms ok
[109/122] IndustrialOffset industrial_offset_naca_airfoil_v005_o05_p0p0800 luo_linf_de_2022_adaptation: K=7 MSE=4.106313575588017e-05 MaxSqErr=0.0008013819522605642 time=1884.8 ms ok
[110/122] IndustrialOffset industrial_offset_lobed_rotor_v004_o00_m0p0800 ours: K=16 MSE=0.001058164345384896 MaxSqErr=0.0034341583180969157 time=14.4 ms ok
[110/122] IndustrialOffset industrial_offset_lobed_rotor_v004_o00_m0p0800 park_dominant_point_2007_adaptation: K=16 MSE=0.0006433437436167846 MaxSqErr=0.005164872099130071 time=19.0 ms ok
[110/122] IndustrialOffset industrial_offset_lobed_rotor_v004_o00_m0p0800 liang_feature_iki_2017_adaptation: K=16 MSE=0.0006786268127897923 MaxSqErr=0.002876165640574008 time=15.2 ms ok
[110/122] IndustrialOffset industrial_offset_lobed_rotor_v004_o00_m0p0800 dung_direct_knot_2017_adaptation: K=16 MSE=0.0005919862870505265 MaxSqErr=0.0052987605942983376 time=280.4 ms ok
[110/122] IndustrialOffset industrial_offset_lobed_rotor_v004_o00_m0p0800 kang_sparse_2015_adaptation: K=16 MSE=0.0011684002183666032 MaxSqErr=0.004553259767930997 time=5.6 ms ok
[110/122] IndustrialOffset industrial_offset_lobed_rotor_v004_o00_m0p0800 luo_linf_de_2022_adaptation: K=16 MSE=0.0009608671737462073 MaxSqErr=0.004428128738676151 time=582.6 ms ok
[111/122] IndustrialOffset industrial_offset_radial_cam_v010_o04_p0p0400 ours: K=12 MSE=2.3862939526042157e-06 MaxSqErr=1.7527059910976953e-05 time=14.5 ms ok
[111/122] IndustrialOffset industrial_offset_radial_cam_v010_o04_p0p0400 park_dominant_point_2007_adaptation: K=8 MSE=1.4147016968522121e-05 MaxSqErr=6.110507613929357e-05 time=10.1 ms ok
[111/122] IndustrialOffset industrial_offset_radial_cam_v010_o04_p0p0400 liang_feature_iki_2017_adaptation: K=5 MSE=1.9264827010689054e-05 MaxSqErr=7.68782793566729e-05 time=4.3 ms ok
[111/122] IndustrialOffset industrial_offset_radial_cam_v010_o04_p0p0400 dung_direct_knot_2017_adaptation: K=5 MSE=3.7806803400365315e-05 MaxSqErr=0.00018657883638856812 time=62.4 ms ok
[111/122] IndustrialOffset industrial_offset_radial_cam_v010_o04_p0p0400 kang_sparse_2015_adaptation: K=8 MSE=5.653662474831084e-06 MaxSqErr=4.1673517842935856e-05 time=865.2 ms ok
[111/122] IndustrialOffset industrial_offset_radial_cam_v010_o04_p0p0400 luo_linf_de_2022_adaptation: K=5 MSE=1.8678225013208498e-05 MaxSqErr=7.390672984941709e-05 time=2825.4 ms ok
[112/122] IndustrialOffset industrial_offset_elliptic_bore_v001_o00_m0p0800 ours: K=13 MSE=5.491824986848083e-07 MaxSqErr=4.785101437428467e-06 time=14.5 ms ok
[112/122] IndustrialOffset industrial_offset_elliptic_bore_v001_o00_m0p0800 park_dominant_point_2007_adaptation: K=5 MSE=3.9367119688234405e-05 MaxSqErr=0.0002567821615685781 time=7.1 ms ok
[112/122] IndustrialOffset industrial_offset_elliptic_bore_v001_o00_m0p0800 liang_feature_iki_2017_adaptation: K=5 MSE=2.4632536650193773e-05 MaxSqErr=7.989207015645954e-05 time=4.3 ms ok
[112/122] IndustrialOffset industrial_offset_elliptic_bore_v001_o00_m0p0800 dung_direct_knot_2017_adaptation: K=5 MSE=3.481822139123793e-05 MaxSqErr=0.00017171099353173293 time=67.8 ms ok
[112/122] IndustrialOffset industrial_offset_elliptic_bore_v001_o00_m0p0800 kang_sparse_2015_adaptation: K=10 MSE=1.767213773321813e-06 MaxSqErr=1.2350585776729212e-05 time=826.6 ms ok
[112/122] IndustrialOffset industrial_offset_elliptic_bore_v001_o00_m0p0800 luo_linf_de_2022_adaptation: K=4 MSE=3.6363926222111985e-05 MaxSqErr=0.000231013479353633 time=2751.1 ms ok
[113/122] IndustrialOffset industrial_offset_keyway_bore_v008_o03_p0p0200 ours: K=15 MSE=5.7980011245280623e-05 MaxSqErr=0.0007270275397429665 time=14.4 ms ok
[113/122] IndustrialOffset industrial_offset_keyway_bore_v008_o03_p0p0200 park_dominant_point_2007_adaptation: K=16 MSE=0.00011166248537801422 MaxSqErr=0.0017911705919745951 time=19.1 ms ok
[113/122] IndustrialOffset industrial_offset_keyway_bore_v008_o03_p0p0200 liang_feature_iki_2017_adaptation: K=13 MSE=4.39763181294163e-05 MaxSqErr=0.00021558151761044095 time=12.1 ms ok
[113/122] IndustrialOffset industrial_offset_keyway_bore_v008_o03_p0p0200 dung_direct_knot_2017_adaptation: K=15 MSE=2.733483499992258e-05 MaxSqErr=0.0003005260799237349 time=192.6 ms ok
[113/122] IndustrialOffset industrial_offset_keyway_bore_v008_o03_p0p0200 kang_sparse_2015_adaptation: K=16 MSE=0.0003503235439665027 MaxSqErr=0.005716114261207399 time=5.6 ms ok
[113/122] IndustrialOffset industrial_offset_keyway_bore_v008_o03_p0p0200 luo_linf_de_2022_adaptation: K=16 MSE=0.00027417007673646534 MaxSqErr=0.005312607904019019 time=580.6 ms ok
[114/122] IndustrialOffset industrial_offset_rounded_plate_v002_o05_p0p0800 ours: K=13 MSE=6.697151928715915e-06 MaxSqErr=7.738803301791093e-05 time=14.4 ms ok
[114/122] IndustrialOffset industrial_offset_rounded_plate_v002_o05_p0p0800 park_dominant_point_2007_adaptation: K=11 MSE=3.3764014139753486e-05 MaxSqErr=0.00016790382614661494 time=24.2 ms ok
[114/122] IndustrialOffset industrial_offset_rounded_plate_v002_o05_p0p0800 liang_feature_iki_2017_adaptation: K=11 MSE=2.1495760231735474e-05 MaxSqErr=8.665026951666556e-05 time=10.1 ms ok
[114/122] IndustrialOffset industrial_offset_rounded_plate_v002_o05_p0p0800 dung_direct_knot_2017_adaptation: K=10 MSE=4.309476406600597e-05 MaxSqErr=0.00019155346995982498 time=118.6 ms ok
[114/122] IndustrialOffset industrial_offset_rounded_plate_v002_o05_p0p0800 kang_sparse_2015_adaptation: K=16 MSE=1.143117323517352e-05 MaxSqErr=7.152976588434473e-05 time=392.7 ms ok
[114/122] IndustrialOffset industrial_offset_rounded_plate_v002_o05_p0p0800 luo_linf_de_2022_adaptation: K=12 MSE=3.1684438899745395e-05 MaxSqErr=0.00012535597208729435 time=1928.5 ms ok
[115/122] IndustrialOffset industrial_offset_elliptic_bore_v008_o02_m0p0200 ours: K=13 MSE=8.432459921965656e-07 MaxSqErr=3.3461092786677584e-06 time=14.5 ms ok
[115/122] IndustrialOffset industrial_offset_elliptic_bore_v008_o02_m0p0200 park_dominant_point_2007_adaptation: K=8 MSE=2.6674515224341963e-05 MaxSqErr=0.00015818351512015462 time=10.2 ms ok
[115/122] IndustrialOffset industrial_offset_elliptic_bore_v008_o02_m0p0200 liang_feature_iki_2017_adaptation: K=6 MSE=3.516644675921079e-05 MaxSqErr=0.00015391382505670738 time=5.2 ms ok
[115/122] IndustrialOffset industrial_offset_elliptic_bore_v008_o02_m0p0200 dung_direct_knot_2017_adaptation: K=6 MSE=4.0886118618603744e-05 MaxSqErr=0.00016189560589801 time=82.9 ms ok
[115/122] IndustrialOffset industrial_offset_elliptic_bore_v008_o02_m0p0200 kang_sparse_2015_adaptation: K=12 MSE=3.4936712531002636e-06 MaxSqErr=2.3696035373682063e-05 time=780.6 ms ok
[115/122] IndustrialOffset industrial_offset_elliptic_bore_v008_o02_m0p0200 luo_linf_de_2022_adaptation: K=6 MSE=4.761776373670375e-05 MaxSqErr=0.00042608808839317806 time=2544.8 ms ok
[116/122] IndustrialOffset industrial_offset_naca_airfoil_v011_o05_p0p0800 ours: K=15 MSE=1.113124806489052e-05 MaxSqErr=0.00017463000975745773 time=14.5 ms ok
[116/122] IndustrialOffset industrial_offset_naca_airfoil_v011_o05_p0p0800 park_dominant_point_2007_adaptation: K=11 MSE=2.3590024271787867e-05 MaxSqErr=0.0005866006059929867 time=20.3 ms ok
[116/122] IndustrialOffset industrial_offset_naca_airfoil_v011_o05_p0p0800 liang_feature_iki_2017_adaptation: K=7 MSE=2.7848548960967272e-05 MaxSqErr=0.0004440087739473276 time=6.2 ms ok
[116/122] IndustrialOffset industrial_offset_naca_airfoil_v011_o05_p0p0800 dung_direct_knot_2017_adaptation: K=6 MSE=1.960806256157253e-05 MaxSqErr=0.0005348864064048493 time=92.2 ms ok
[116/122] IndustrialOffset industrial_offset_naca_airfoil_v011_o05_p0p0800 kang_sparse_2015_adaptation: K=16 MSE=4.3321834277168325e-05 MaxSqErr=0.001110331079598759 time=393.2 ms ok
[116/122] IndustrialOffset industrial_offset_naca_airfoil_v011_o05_p0p0800 luo_linf_de_2022_adaptation: K=7 MSE=3.613922944335327e-05 MaxSqErr=0.0008751730568878393 time=1846.2 ms ok
[117/122] IndustrialOffset industrial_offset_keyway_bore_v007_o05_p0p0800 ours: K=14 MSE=4.038281423829226e-05 MaxSqErr=0.0008804326440566584 time=14.5 ms ok
[117/122] IndustrialOffset industrial_offset_keyway_bore_v007_o05_p0p0800 park_dominant_point_2007_adaptation: K=16 MSE=4.768768854217682e-05 MaxSqErr=0.0011749963672257667 time=19.1 ms ok
[117/122] IndustrialOffset industrial_offset_keyway_bore_v007_o05_p0p0800 liang_feature_iki_2017_adaptation: K=11 MSE=4.7441622219867984e-05 MaxSqErr=0.0003588967888027953 time=10.1 ms ok
[117/122] IndustrialOffset industrial_offset_keyway_bore_v007_o05_p0p0800 dung_direct_knot_2017_adaptation: K=14 MSE=2.9622165346101145e-05 MaxSqErr=0.00027886230118722897 time=180.4 ms ok
[117/122] IndustrialOffset industrial_offset_keyway_bore_v007_o05_p0p0800 kang_sparse_2015_adaptation: K=16 MSE=0.0005741302741028879 MaxSqErr=0.007779159660187256 time=5.6 ms ok
[117/122] IndustrialOffset industrial_offset_keyway_bore_v007_o05_p0p0800 luo_linf_de_2022_adaptation: K=16 MSE=0.0005732113203938912 MaxSqErr=0.0077769786087921195 time=582.0 ms ok
[118/122] IndustrialOffset industrial_offset_naca_airfoil_v001_o05_p0p0800 ours: K=15 MSE=1.0574407465956916e-05 MaxSqErr=0.00017280637930071485 time=14.5 ms ok
[118/122] IndustrialOffset industrial_offset_naca_airfoil_v001_o05_p0p0800 park_dominant_point_2007_adaptation: K=10 MSE=2.6927272588951104e-05 MaxSqErr=0.0007824818702652986 time=25.3 ms ok
[118/122] IndustrialOffset industrial_offset_naca_airfoil_v001_o05_p0p0800 liang_feature_iki_2017_adaptation: K=7 MSE=4.25133824534039e-05 MaxSqErr=0.0007058139124993033 time=6.2 ms ok
[118/122] IndustrialOffset industrial_offset_naca_airfoil_v001_o05_p0p0800 dung_direct_knot_2017_adaptation: K=6 MSE=1.8784954462319264e-05 MaxSqErr=0.00045215330402824144 time=92.1 ms ok
[118/122] IndustrialOffset industrial_offset_naca_airfoil_v001_o05_p0p0800 kang_sparse_2015_adaptation: K=16 MSE=4.561200194083283e-05 MaxSqErr=0.0008698079043266392 time=396.4 ms ok
[118/122] IndustrialOffset industrial_offset_naca_airfoil_v001_o05_p0p0800 luo_linf_de_2022_adaptation: K=8 MSE=3.422639483717557e-05 MaxSqErr=0.0007186991244065746 time=1714.9 ms ok
[119/122] IndustrialOffset industrial_offset_capsule_slot_v008_o03_p0p0200 ours: K=13 MSE=1.5367303894965853e-05 MaxSqErr=9.529376611106135e-05 time=14.4 ms ok
[119/122] IndustrialOffset industrial_offset_capsule_slot_v008_o03_p0p0200 park_dominant_point_2007_adaptation: K=9 MSE=4.5637035344593724e-05 MaxSqErr=0.0002789851283151617 time=11.2 ms ok
[119/122] IndustrialOffset industrial_offset_capsule_slot_v008_o03_p0p0200 liang_feature_iki_2017_adaptation: K=9 MSE=1.9373038512215795e-05 MaxSqErr=8.337583066545198e-05 time=8.1 ms ok
[119/122] IndustrialOffset industrial_offset_capsule_slot_v008_o03_p0p0200 dung_direct_knot_2017_adaptation: K=8 MSE=3.86193985366301e-05 MaxSqErr=0.00026115068613571143 time=101.2 ms ok
[119/122] IndustrialOffset industrial_offset_capsule_slot_v008_o03_p0p0200 kang_sparse_2015_adaptation: K=14 MSE=4.496140939870096e-06 MaxSqErr=2.83449728590624e-05 time=740.1 ms ok
[119/122] IndustrialOffset industrial_offset_capsule_slot_v008_o03_p0p0200 luo_linf_de_2022_adaptation: K=8 MSE=3.59328290560967e-05 MaxSqErr=0.00023132732331282812 time=2244.4 ms ok
[120/122] IndustrialOffset industrial_offset_capsule_slot_v000_o01_m0p0400 ours: K=13 MSE=9.77310163615607e-06 MaxSqErr=7.55764311321092e-05 time=14.4 ms ok
[120/122] IndustrialOffset industrial_offset_capsule_slot_v000_o01_m0p0400 park_dominant_point_2007_adaptation: K=11 MSE=4.961029385855736e-05 MaxSqErr=0.00016905097397799436 time=13.3 ms ok
[120/122] IndustrialOffset industrial_offset_capsule_slot_v000_o01_m0p0400 liang_feature_iki_2017_adaptation: K=9 MSE=3.8790710781448035e-05 MaxSqErr=0.00022065679745052712 time=8.1 ms ok
[120/122] IndustrialOffset industrial_offset_capsule_slot_v000_o01_m0p0400 dung_direct_knot_2017_adaptation: K=8 MSE=3.876388111894651e-05 MaxSqErr=0.0003248376905941733 time=111.6 ms ok
[120/122] IndustrialOffset industrial_offset_capsule_slot_v000_o01_m0p0400 kang_sparse_2015_adaptation: K=16 MSE=4.3905808942399215e-06 MaxSqErr=2.7451527689900255e-05 time=395.0 ms ok
[120/122] IndustrialOffset industrial_offset_capsule_slot_v000_o01_m0p0400 luo_linf_de_2022_adaptation: K=9 MSE=3.593733718436071e-05 MaxSqErr=0.00016135850000402634 time=2257.1 ms ok
[121/122] IndustrialOffset industrial_offset_lobed_rotor_v001_o02_m0p0200 ours: K=15 MSE=0.0002836615241148769 MaxSqErr=0.0027209501072635043 time=14.5 ms ok
[121/122] IndustrialOffset industrial_offset_lobed_rotor_v001_o02_m0p0200 park_dominant_point_2007_adaptation: K=16 MSE=9.443062783411368e-05 MaxSqErr=0.00032235031262498076 time=21.1 ms ok
[121/122] IndustrialOffset industrial_offset_lobed_rotor_v001_o02_m0p0200 liang_feature_iki_2017_adaptation: K=16 MSE=0.00014483393332170933 MaxSqErr=0.0006258900963777945 time=15.3 ms ok
[121/122] IndustrialOffset industrial_offset_lobed_rotor_v001_o02_m0p0200 dung_direct_knot_2017_adaptation: K=16 MSE=0.00010598271915495312 MaxSqErr=0.0003570412059721077 time=243.7 ms ok
[121/122] IndustrialOffset industrial_offset_lobed_rotor_v001_o02_m0p0200 kang_sparse_2015_adaptation: K=16 MSE=0.00025910835433568343 MaxSqErr=0.0010061421469937347 time=5.6 ms ok
[121/122] IndustrialOffset industrial_offset_lobed_rotor_v001_o02_m0p0200 luo_linf_de_2022_adaptation: K=16 MSE=0.00019560271530763917 MaxSqErr=0.0009117613043708357 time=583.0 ms ok
[122/122] IndustrialOffset industrial_offset_naca_airfoil_v005_o03_p0p0200 ours: K=15 MSE=5.364244481932224e-06 MaxSqErr=0.0002046949053317557 time=14.5 ms ok
[122/122] IndustrialOffset industrial_offset_naca_airfoil_v005_o03_p0p0200 park_dominant_point_2007_adaptation: K=15 MSE=4.732676392306075e-05 MaxSqErr=0.0010757263161478424 time=25.2 ms ok
[122/122] IndustrialOffset industrial_offset_naca_airfoil_v005_o03_p0p0200 liang_feature_iki_2017_adaptation: K=6 MSE=3.732204781583152e-05 MaxSqErr=0.0003999145629714466 time=5.2 ms ok
[122/122] IndustrialOffset industrial_offset_naca_airfoil_v005_o03_p0p0200 dung_direct_knot_2017_adaptation: K=5 MSE=4.932217230227505e-05 MaxSqErr=0.0006722345283341972 time=91.0 ms ok
[122/122] IndustrialOffset industrial_offset_naca_airfoil_v005_o03_p0p0200 kang_sparse_2015_adaptation: K=16 MSE=7.012984069341213e-05 MaxSqErr=0.001984462094783872 time=5.6 ms ok
[122/122] IndustrialOffset industrial_offset_naca_airfoil_v005_o03_p0p0200 luo_linf_de_2022_adaptation: K=16 MSE=4.996601256953238e-05 MaxSqErr=0.0014998486573271157 time=581.4 ms ok
Saved /home/feng/HouCode/SplineFitting_1070_overnight/outputs/comparisons/universal_m16_m32_3090_r1_m16/report.md
