dataset,sample_id,group_id,source_k,canonical_k,method,has_reference,status,mse,fit_pass,reference_mse,reference_pass,final_k,total_ms,network_ms,knots,diagnostics,error
Synthetic,seed20000_sample2679,independent_2679,4,4,ours,False,ok,9.389687415936347e-06,True,,,11,15.036,11.0241,"[0.18129727244377136, 0.2508080303668976, 0.30528026819229126, 0.3636929988861084, 0.44969937205314636, 0.5143045783042908, 0.53969407081604, 0.6111973524093628, 0.701707124710083, 0.7713908553123474, 0.8132123351097107]","{'network_latency': {'p50_ms': 11.0241, 'median_ms': 11.0241, 'mean_ms': 11.0241, 'p95_ms': 11.0241, 'minimum_ms': 11.0241, 'maximum_ms': 11.0241, 'repeat_ms': [11.0241]}, 'end_to_end_latency': {'p50_ms': 15.036, 'median_ms': 15.036, 'mean_ms': 15.036, 'p95_ms': 15.036, 'minimum_ms': 15.036, 'maximum_ms': 15.036, 'repeat_ms': [15.036]}, 'postprocessing': 'none', 'tolerance_conditioned_network': True, 'network_mse_tolerance': 5e-05}",
Synthetic,seed20000_sample2679,independent_2679,4,4,park_dominant_point_2007_adaptation,False,ok,1.6183826934606213e-05,True,,,26,83.27140001347288,,"[0.20198037434198768, 0.22908120292776743, 0.25248036012092956, 0.26849287881081657, 0.283313265120352, 0.2971408013924761, 0.3095580420189868, 0.3266011595481065, 0.35070144828880917, 0.3816163308807723, 0.4083805528310617, 0.4247526844255338, 0.44420577430197855, 0.4653752616762499, 0.4899924210508972, 0.5105703296940693, 0.5309768921160659, 0.5464121391666672, 0.554276147556185, 0.5641715207189559, 0.5760141265170037, 0.5969297570826749, 0.6232793622681237, 0.6492753258351561, 0.6904481354736198, 0.7352658836888214]","{'network_used': False, 'parameterization': 'chord_length', 'reported_refit': 'unregularized standard B-spline least squares with exact endpoint interpolation', 'timing_scope': 'complete numerical method: chord parameterization, knot selection/relocation, and final endpoint-constrained refit', 'mse_tolerance': 5e-05, 'smoothness_weight': 0.0, 'control_ridge': 0.0, 'interpolate_endpoints': True, 'declared_max_internal_knots': 64, 'declared_paper_initial_knots': 64, 'method': 'park_lee_dom_2007_adaptation', 'reference_doi': '10.1016/j.cad.2006.12.006', 'knot_placement': 'Park-Lee Eq. (4): each interior knot averages degree consecutive dominant-point parameters', 'lcm_lower_bound': 5.3029334802554295, 'lcm_seed_count': 52, 'shape_weight_r': 0.8, 'shape_index': 'r*K_s,e/K_0,m + (1-r)*L_s,e/L_0,m', 'curvature_integral': 'trapezoidal in chord parameter', 'curvature_source': 'generalized local Menger curvature; no optional smoothed base curve', 'refinement_region': 'segment containing largest sampled parameter-correspondence residual', 'refinement_point': 'argmin_w |lambda_s,w - lambda_w,e|', 'stopping_metric': 'mean squared Euclidean parameter-correspondence error', 'distance_metric_deviation': ""comparison adaptation stops on common MSE; it does not reproduce the paper's maximum-distance or iterative orthogonal-distance criterion"", 'seed_completion_deviation': 'shape-index splits complete degree+1 dominant points when too few LCM seeds exist', 'effective_max_internal_knots': 64, 'requested_max_internal_knots': 64, 'selected_sources': ('endpoint', 'endpoint', 'lcm_seed', 'lcm_seed', 'lcm_seed', 'lcm_seed', 'lcm_seed', 'lcm_seed', 'lcm_seed', 'lcm_seed', 'lcm_seed', 'lcm_seed', 'lcm_seed', 'lcm_seed', 'lcm_seed', 'lcm_seed', 'lcm_seed', 'lcm_seed', 'lcm_seed', 'lcm_seed', 'lcm_seed', 'lcm_seed', 'lcm_seed', 'lcm_seed', 'lcm_seed', 'lcm_seed', 'lcm_seed', 'lcm_seed', 'lcm_seed', 'lcm_seed'), 'boundary_knot_clamp_count': 0, 'threshold_satisfied': True, 'scanned_counts': (0, 1, 2, 3, 4, 5, 6, 7, 8, 9, 10, 11, 12, 13, 14, 15, 16, 17, 18, 19, 20, 21, 22, 23, 24, 25, 26), 'scanned_mse': (0.003493785775931518, 0.0033985564802011584, 0.002170528720184429, 0.00197887751964388, 0.0019303062790098707, 0.0017017912380718652, 0.0010833991284491418, 0.000549566383708129, 0.0004530410226400851, 0.0004422491137491047, 0.00044481142020482176, 0.0003918894245542328, 0.00039024632670722303, 0.0003822284366657212, 0.00037741351124690527, 0.00036699353271562994, 0.00036658114035992105, 0.0003659320690279014, 0.000362334241469884, 0.0003610771450644513, 0.0003609364438495709, 0.00026702555075260595, 6.996506896148298e-05, 6.993965988873472e-05, 6.978726808843875e-05, 6.951965928068637e-05, 1.6183826934606213e-05), 'scanned_max_parameter_residual': (0.10529390808370973, 0.09718938789667776, 0.0889360556091815, 0.09222594994696204, 0.09686162616866452, 0.09351628491852587, 0.0676669848401248, 0.0808750936418166, 0.08034072195726548, 0.0804661949520208, 0.07913778929606355, 0.06937882658690965, 0.06934517015536316, 0.06753680027284727, 0.0667439977965879, 0.06674543749733729, 0.0667117789481804, 0.06672906673695853, 0.06608263346697552, 0.06608267520444065, 0.06608366488808841, 0.04979025162485042, 0.026319437020377805, 0.026320111154468643, 0.02631979527972854, 0.026319795450560693, 0.011760457205645822), 'exact_refit_count': 27, 'method_fidelity': 'core DOM equations with a common-MSE stopping wrapper', 'repeated_complete_timing': {'repeats': 1, 'samples_ms': [83.27140001347288], 'p50_ms': 83.27140001347288, 'mean_ms': 83.27140001347288}}",
Synthetic,seed20000_sample2679,independent_2679,4,4,liang_feature_iki_2017_adaptation,False,ok,3.9520651152389015e-05,True,,,14,37.36710001248866,,"[0.06618102913322525, 0.1323620582664505, 0.19854308739967574, 0.264724116532901, 0.4278021717879622, 0.5093411994154928, 0.5908802270430235, 0.6302869557865809, 0.6696936845301384, 0.7485071420172533, 0.7879138707608108, 0.8273205995043682, 0.9061340569914831, 0.9829606401482147]","{'network_used': False, 'parameterization': 'chord_length', 'reported_refit': 'unregularized standard B-spline least squares with exact endpoint interpolation', 'timing_scope': 'complete numerical method: chord parameterization, knot selection/relocation, and final endpoint-constrained refit', 'mse_tolerance': 5e-05, 'smoothness_weight': 0.0, 'control_ridge': 0.0, 'interpolate_endpoints': True, 'declared_max_internal_knots': 64, 'declared_paper_initial_knots': 64, 'reference_doi': '10.1088/1361-6501/aa6a05', 'variant': 'feature_integral_plus_iki_disclosed_adaptation', 'dense_internal_knot_count': 64, 'initial_internal_knot_count': 4, 'inserted_internal_knot_count': 10, 'curvature_weight': 0.5, 'feature_sample_count': 1025, 'scanned_counts': (4, 5, 6, 7, 8, 9, 10, 11, 12, 13, 14), 'scanned_mse': (0.002488176909706308, 0.002171798890648916, 0.00138649442885822, 0.0010237368512581357, 0.0006731377471768943, 0.0004271474779693936, 0.0001873785174237034, 0.00015028795310526502, 9.262371092145544e-05, 5.353351570770653e-05, 3.9520651152389015e-05), 'scanned_max_parameter_residual': (0.09309872119914331, 0.08708867765265332, 0.07966573908674493, 0.06113511744634091, 0.05790936179292927, 0.04591311237715104, 0.029699174105286164, 0.02278471266898533, 0.02400611874316233, 0.017919433703102304, 0.013466687147889315), 'exact_refit_count': 12, 'paper_native_objective': 'error-bounded feature-integral initialization plus iterative knot insertion', 'comparison_wrapper': 'explicit 0.5 arc/curvature feature blend by default, worst-residual span midpoint insertion, and common-MSE stopping', 'method_fidelity': ""Liang-inspired adaptation; the access-controlled article's exact feature equation and constants are not claimed"", 'threshold_satisfied': True, 'repeated_complete_timing': {'repeats': 1, 'samples_ms': [37.36710001248866], 'p50_ms': 37.36710001248866, 'mean_ms': 37.36710001248866}}",
Synthetic,seed20000_sample2679,independent_2679,4,4,dung_direct_knot_2017_adaptation,False,ok,4.095534412096115e-05,True,,,9,324.21219995012507,,"[0.20869824403733092, 0.3230769230769231, 0.36923076923076925, 0.3835762603980104, 0.4307692307692308, 0.49387308198155067, 0.5990232553929521, 0.6615384615384615, 0.7857100180108885]","{'network_used': False, 'parameterization': 'chord_length', 'reported_refit': 'unregularized endpoint-constrained standard B-spline least squares', 'timing_scope': 'complete numerical method: chord parameterization, knot selection/relocation, and final endpoint-constrained refit', 'mse_tolerance': 5e-05, 'smoothness_weight': 0.0, 'control_ridge': 0.0, 'interpolate_endpoints': True, 'declared_max_internal_knots': 64, 'declared_paper_initial_knots': 64, 'paper': 'Dung and Tjahjowidodo, PLOS ONE 2017, doi:10.1371/journal.pone.0173857', 'variant': 'serial_bisection_simple_knot_adaptation', 'native_control_norm': 'maximum Euclidean point residual', 'native_max_error_tolerance': 0.007071067811865475, 'native_final_max_error': 0.08904775608518938, 'native_final_mse': 0.002081461071227265, 'common_final_max_error': 0.07265346046645484, 'common_final_mse': 0.002194033184454713, 'all_local_segments_native_feasible': False, 'local_piecewise_feasible_global_common_refit_failed': False, 'native_global_max_error_threshold_satisfied': False, 'native_global_common_mse_threshold_satisfied': False, 'native_global_internal_knot_count': 5, 'common_final_metrics_scope': 'native adaptation before any optional comparison feasibility safeguard', 'segments': ((0, 36), (37, 74), (75, 105), (106, 138), (139, 170), (171, 191)), 'segment_max_errors': (0.006383010294852127, 0.006822855164367121, 0.00683583704680389, 0.00662613757072067, 0.006902224688290846, 0.009283575254973404), 'coarse_break_indices': (36, 74, 105, 138, 170), 'proposed_internal_knot_count': 5, 'retained_internal_knot_count': 5, 'scan_evaluations': 55, 'optimization_evaluations': 27, 'single_piece_evaluations': 53, 'exact_refit_count': 137, 'gauss_newton_fallback_count': 0, 'capacity_exceeded': False, 'capacity_handling': 'none', 'adaptation_limits': ('serial bisection only; parallel split/join/shift is not implemented', 'simple interior knots only; multiplicity and continuity classification are omitted', 'default native max-error epsilon is sqrt(mse_tolerance), which is a unit conversion rather than an equivalent constraint', 'capacity overflow is handled by deterministic uniform coarse-break subsampling before relocation', 'guarded float64 least squares and finite-difference Gauss-Newton replace MATLAB numerical edge behavior'), 'method_fidelity': 'serial simple-knot adaptation; parallel operations and knot multiplicity classification are not reproduced', 'threshold_satisfied_native_max_error': False, 'threshold_satisfied_common_max_error_before_safeguard': False, 'native_common_refit_mse': 0.002194033184454713, 'native_common_refit_k': 5, 'native_common_refit_threshold_satisfied': False, 'comparison_method_capacity': 64, 'comparison_feasibility_safeguard_version': 'bounded_common_mse_v1', 'comparison_feasibility_safeguard_enabled': True, 'comparison_feasibility_safeguard_used': True, 'comparison_feasibility_safeguard_attempted': True, 'comparison_feasibility_safeguard_role': 'repository comparison wrapper; not part of the cited method', 'comparison_feasibility_native_mse': 0.002194033184454713, 'comparison_feasibility_native_k': 5, 'comparison_feasibility_native_threshold_satisfied': False, 'comparison_feasibility_native_knots': (0.20869824403733092, 0.3835762603980104, 0.49387308198155067, 0.5990232553929521, 0.7857100180108885), 'comparison_feasibility_added_knots': (0.4307692307692308, 0.6615384615384615, 0.36923076923076925, 0.3230769230769231), 'comparison_feasibility_added_knots_scope': 'residual-guided path; final_knots are authoritative after any uniform fallback', 'comparison_feasibility_refit_count': 12, 'comparison_feasibility_final_source': 'residual_guided_augmentation', 'comparison_feasibility_final_mse': 4.095534412096115e-05, 'comparison_feasibility_final_k': 9, 'comparison_feasibility_final_knots': (0.20869824403733092, 0.3230769230769231, 0.36923076923076925, 0.3835762603980104, 0.4307692307692308, 0.49387308198155067, 0.5990232553929521, 0.6615384615384615, 0.7857100180108885), 'comparison_feasibility_threshold_satisfied': True, 'comparison_feasibility_status': 'repaired_feasible', 'comparison_feasibility_dense_capacity_mse': None, 'comparison_feasibility_dense_capacity_threshold_satisfied': None, 'comparison_feasibility_capacity': 64, 'comparison_method_label': 'threshold-safe adaptation', 'threshold_satisfied': True, 'repeated_complete_timing': {'repeats': 1, 'samples_ms': [324.21219995012507], 'p50_ms': 324.21219995012507, 'mean_ms': 324.21219995012507}}",
Synthetic,seed20000_sample2679,independent_2679,4,4,kang_sparse_2015_adaptation,False,ok,2.9680286000714485e-05,True,,,8,1214.4143999903463,,"[0.16947115384615385, 0.2924278846153846, 0.4, 0.4155048076923077, 0.538701923076923, 0.6617788461538461, 0.7997596153846154, 0.8615384615384616]","{'network_used': False, 'parameterization': 'chord_length', 'reported_refit': 'unregularized standard B-spline least squares with exact endpoint interpolation', 'timing_scope': 'complete numerical method: chord parameterization, knot selection/relocation, and final endpoint-constrained refit', 'mse_tolerance': 5e-05, 'smoothness_weight': 0.0, 'control_ridge': 0.0, 'interpolate_endpoints': True, 'declared_max_internal_knots': 64, 'declared_paper_initial_knots': 64, 'initial_internal_knot_count': 64, 'dense_initial_fit_mse': 5.58559006499997e-07, 'dense_initial_threshold_satisfied': True, 'active_internal_knot_count': 12, 'cluster_sizes': (2, 2, 2, 2, 2, 2), 'active_cluster_count': 6, 'relocated_internal_knot_count': 6, 'relocated_unique_knot_count': 6, 'relocated_knot_multiplicities': (1, 1, 1, 1, 1, 1), 'active_to_relocated_compression_ratio': 0.5, 'sparse_stage_mse': 4.9895088488083644e-05, 'sparse_stage_threshold_satisfied': True, 'native_sparse_feasible_final_common_refit_failed': True, 'sparse_and_final_mse_are_directly_comparable': False, 'sparse_iterations': 2600, 'sparse_solver_seconds': 0.9269180000410415, 'relocation_seconds': 0.20046660001389682, 'non_paper_feasibility_repair_enabled': False, 'paper_feasibility_repair_used': False, 'paper_feasibility_repair_added_count': 0, 'local_refit_count': 76, 'method_note': ""Vector-valued group-L1 ADMM adaptation of Kang et al. (2015) equation (12), followed by Algorithms 4-5 only for clear short active clusters; long general-data runs retain their active knots because Algorithm 1 is not reproduced; not the paper's scalar CVX implementation."", 'relocation_method': ""Algorithms 4-5 adaptation: classify adjacent active uniform knots by spacing, retain each cluster's boundary pair, narrow it by exact least-squares comparisons, then apply the 2*E_double < E_single single/double-knot decision."", 'algorithm4_cluster_relocation_applied': True, 'absolute_jump_threshold': 1e-07, 'relative_jump_threshold': 0.001, 'effective_jump_threshold': 1.1783831973981176, 'native_final_fit_mse_without_endpoint_constraint': 7.585045616164376e-05, 'native_endpoint_constrained_mse': 7.99491891224512e-05, 'endpoint_constraint_fallback': 'disabled', 'native_common_refit_mse': 7.99491891224512e-05, 'native_common_refit_k': 6, 'native_common_refit_threshold_satisfied': False, 'comparison_method_capacity': 64, 'comparison_feasibility_safeguard_version': 'bounded_common_mse_v1', 'comparison_feasibility_safeguard_enabled': True, 'comparison_feasibility_safeguard_used': True, 'comparison_feasibility_safeguard_attempted': True, 'comparison_feasibility_safeguard_role': 'repository comparison wrapper; not part of the cited method', 'comparison_feasibility_native_mse': 7.99491891224512e-05, 'comparison_feasibility_native_k': 6, 'comparison_feasibility_native_threshold_satisfied': False, 'comparison_feasibility_native_knots': (0.16947115384615385, 0.2924278846153846, 0.4155048076923077, 0.538701923076923, 0.6617788461538461, 0.7997596153846154), 'comparison_feasibility_added_knots': (0.8615384615384616, 0.4), 'comparison_feasibility_added_knots_scope': 'residual-guided path; final_knots are authoritative after any uniform fallback', 'comparison_feasibility_refit_count': 6, 'comparison_feasibility_final_source': 'residual_guided_augmentation', 'comparison_feasibility_final_mse': 2.9680286000714485e-05, 'comparison_feasibility_final_k': 8, 'comparison_feasibility_final_knots': (0.16947115384615385, 0.2924278846153846, 0.4, 0.4155048076923077, 0.538701923076923, 0.6617788461538461, 0.7997596153846154, 0.8615384615384616), 'comparison_feasibility_threshold_satisfied': True, 'comparison_feasibility_status': 'repaired_feasible', 'comparison_feasibility_dense_capacity_mse': None, 'comparison_feasibility_dense_capacity_threshold_satisfied': None, 'comparison_feasibility_capacity': 64, 'comparison_method_label': 'threshold-safe adaptation', 'threshold_satisfied': True, 'repeated_complete_timing': {'repeats': 1, 'samples_ms': [1214.4143999903463], 'p50_ms': 1214.4143999903463, 'mean_ms': 1214.4143999903463}}",
Synthetic,seed20000_sample2679,independent_2679,4,4,luo_linf_de_2022_adaptation,False,ok,3.4687552030484524e-05,True,,,17,2284.2229999951087,,"[0.046153846153846156, 0.06153846153846154, 0.07692307692307693, 0.09230769230769231, 0.12307692307692308, 0.16923076923076924, 0.23634416430603591, 0.24615384615384617, 0.418253539352822, 0.4383011609333367, 0.5384615384615384, 0.6372091335178616, 0.676923076923077, 0.8461538461538461, 0.8615384615384616, 0.9076923076923077, 0.9538461538461538]","{'network_used': False, 'parameterization': 'chord_length', 'reported_refit': 'unregularized standard B-spline least squares with exact endpoint interpolation', 'timing_scope': 'complete numerical method: chord parameterization, knot selection/relocation, and final endpoint-constrained refit', 'mse_tolerance': 5e-05, 'smoothness_weight': 0.0, 'control_ridge': 0.0, 'interpolate_endpoints': True, 'declared_max_internal_knots': 64, 'declared_paper_initial_knots': 64, 'reference_doi': '10.4208/jcm.2012-m2020-0203', 'variant': 'linf1_jump_sparsity_plus_differential_evolution', 'initial_internal_knot_count': 64, 'dense_initial_fit_mse': 5.58559006499997e-07, 'dense_initial_threshold_satisfied': True, 'selected_regularization': 2.7017693521729193e-05, 'sparse_stage_mse': 7.492150827950706e-07, 'sparse_stage_threshold_satisfied': True, 'jump_local_maximum_eta': 0.5, 'candidate_internal_knot_count': 4, 'initial_to_candidate_compression_ratio': 0.0625, 'candidate_refit_mse_before_de': 0.0015738596610366026, 'candidate_refit_threshold_satisfied_before_de': False, 'candidate_selection_lost_sparse_feasibility': True, 'de_population': 10, 'de_iterations': 10, 'de_evaluations': 110, 'de_initial_max_error': 0.07164588597787373, 'de_final_max_error': 0.06905134154533264, 'de_restored_common_mse_feasibility': False, 'paper_native_objective': 'nonsquared Frobenius data term plus l-infinity,1 derivative-jump penalty; DE minimizes maximum Euclidean error', 'comparison_wrapper': 'regularization is selected against the common MSE budget and the final fit uses the common endpoint-constrained refit', 'method_fidelity': 'defining mixed-norm, local-maximum selection, and DE stages are reproduced; hyperparameter selection is adapted', 'native_common_refit_mse': 0.001963683892286746, 'native_common_refit_k': 4, 'native_common_refit_threshold_satisfied': False, 'comparison_method_capacity': 64, 'comparison_feasibility_safeguard_version': 'bounded_common_mse_v1', 'comparison_feasibility_safeguard_enabled': True, 'comparison_feasibility_safeguard_used': True, 'comparison_feasibility_safeguard_attempted': True, 'comparison_feasibility_safeguard_role': 'repository comparison wrapper; not part of the cited method', 'comparison_feasibility_native_mse': 0.001963683892286746, 'comparison_feasibility_native_k': 4, 'comparison_feasibility_native_threshold_satisfied': False, 'comparison_feasibility_native_knots': (0.23634416430603591, 0.418253539352822, 0.4383011609333367, 0.6372091335178616), 'comparison_feasibility_added_knots': (0.07692307692307693, 0.046153846153846156, 0.5384615384615384, 0.9076923076923077, 0.9538461538461538, 0.8461538461538461, 0.06153846153846154, 0.09230769230769231, 0.12307692307692308, 0.16923076923076924, 0.24615384615384617, 0.8615384615384616, 0.676923076923077), 'comparison_feasibility_added_knots_scope': 'residual-guided path; final_knots are authoritative after any uniform fallback', 'comparison_feasibility_refit_count': 39, 'comparison_feasibility_final_source': 'residual_guided_augmentation', 'comparison_feasibility_final_mse': 3.4687552030484524e-05, 'comparison_feasibility_final_k': 17, 'comparison_feasibility_final_knots': (0.046153846153846156, 0.06153846153846154, 0.07692307692307693, 0.09230769230769231, 0.12307692307692308, 0.16923076923076924, 0.23634416430603591, 0.24615384615384617, 0.418253539352822, 0.4383011609333367, 0.5384615384615384, 0.6372091335178616, 0.676923076923077, 0.8461538461538461, 0.8615384615384616, 0.9076923076923077, 0.9538461538461538), 'comparison_feasibility_threshold_satisfied': True, 'comparison_feasibility_status': 'repaired_feasible', 'comparison_feasibility_dense_capacity_mse': None, 'comparison_feasibility_dense_capacity_threshold_satisfied': None, 'comparison_feasibility_capacity': 64, 'comparison_method_label': 'threshold-safe adaptation', 'threshold_satisfied': True, 'repeated_complete_timing': {'repeats': 1, 'samples_ms': [2284.2229999951087], 'p50_ms': 2284.2229999951087, 'mean_ms': 2284.2229999951087}}",
Synthetic,seed20000_sample2344,independent_2344,5,5,ours,False,ok,2.347791439080223e-05,True,,,11,17.701,15.1053,"[0.17391377687454224, 0.24387572705745697, 0.30276402831077576, 0.3553681969642639, 0.45475664734840393, 0.49783793091773987, 0.5365140438079834, 0.6207622289657593, 0.6880581378936768, 0.763451099395752, 0.8294237852096558]","{'network_latency': {'p50_ms': 15.1053, 'median_ms': 15.1053, 'mean_ms': 15.1053, 'p95_ms': 15.1053, 'minimum_ms': 15.1053, 'maximum_ms': 15.1053, 'repeat_ms': [15.1053]}, 'end_to_end_latency': {'p50_ms': 17.701, 'median_ms': 17.701, 'mean_ms': 17.701, 'p95_ms': 17.701, 'minimum_ms': 17.701, 'maximum_ms': 17.701, 'repeat_ms': [17.701]}, 'postprocessing': 'none', 'tolerance_conditioned_network': True, 'network_mse_tolerance': 5e-05}",
Synthetic,seed20000_sample2344,independent_2344,5,5,park_dominant_point_2007_adaptation,False,ok,4.3824752996796846e-05,True,,,23,68.2708999956958,,"[0.23584966619127556, 0.2629541435430555, 0.2716600832448182, 0.30739587335161683, 0.3421118463894009, 0.37595252089513576, 0.4143210394081065, 0.4558655114235606, 0.5003223134357678, 0.515365756643631, 0.5357597878048747, 0.565859475599002, 0.5930723152970422, 0.6113305740918067, 0.6162664852369503, 0.6218889159214017, 0.6398672959204635, 0.6610506896553203, 0.6816103689659222, 0.6922883602042701, 0.7010147416874624, 0.7158019133406689, 0.7489786110203588]","{'network_used': False, 'parameterization': 'chord_length', 'reported_refit': 'unregularized standard B-spline least squares with exact endpoint interpolation', 'timing_scope': 'complete numerical method: chord parameterization, knot selection/relocation, and final endpoint-constrained refit', 'mse_tolerance': 5e-05, 'smoothness_weight': 0.0, 'control_ridge': 0.0, 'interpolate_endpoints': True, 'declared_max_internal_knots': 64, 'declared_paper_initial_knots': 64, 'method': 'park_lee_dom_2007_adaptation', 'reference_doi': '10.1016/j.cad.2006.12.006', 'knot_placement': 'Park-Lee Eq. (4): each interior knot averages degree consecutive dominant-point parameters', 'lcm_lower_bound': 5.195180270418039, 'lcm_seed_count': 57, 'shape_weight_r': 0.8, 'shape_index': 'r*K_s,e/K_0,m + (1-r)*L_s,e/L_0,m', 'curvature_integral': 'trapezoidal in chord parameter', 'curvature_source': 'generalized local Menger curvature; no optional smoothed base curve', 'refinement_region': 'segment containing largest sampled parameter-correspondence residual', 'refinement_point': 'argmin_w |lambda_s,w - lambda_w,e|', 'stopping_metric': 'mean squared Euclidean parameter-correspondence error', 'distance_metric_deviation': ""comparison adaptation stops on common MSE; it does not reproduce the paper's maximum-distance or iterative orthogonal-distance criterion"", 'seed_completion_deviation': 'shape-index splits complete degree+1 dominant points when too few LCM seeds exist', 'effective_max_internal_knots': 64, 'requested_max_internal_knots': 64, 'selected_sources': ('endpoint', 'endpoint', 'lcm_seed', 'lcm_seed', 'lcm_seed', 'lcm_seed', 'lcm_seed', 'lcm_seed', 'lcm_seed', 'lcm_seed', 'lcm_seed', 'lcm_seed', 'lcm_seed', 'lcm_seed', 'lcm_seed', 'lcm_seed', 'lcm_seed', 'lcm_seed', 'lcm_seed', 'lcm_seed', 'lcm_seed', 'lcm_seed', 'lcm_seed', 'lcm_seed', 'lcm_seed', 'lcm_seed', 'lcm_seed'), 'boundary_knot_clamp_count': 0, 'threshold_satisfied': True, 'scanned_counts': (0, 1, 2, 3, 4, 5, 6, 7, 8, 9, 10, 11, 12, 13, 14, 15, 16, 17, 18, 19, 20, 21, 22, 23), 'scanned_mse': (0.008497913843790403, 0.0038682299932706814, 0.003747519616243028, 0.003336461484141419, 0.0033273768736792456, 0.0027411042650096183, 0.0026369652264196727, 0.002566548509211437, 0.0006491668060477097, 0.0004206881981547712, 0.00043781040937355124, 0.0004188779059973574, 0.0001687162177060358, 0.0001655489447287718, 0.00016366030611920717, 0.00015545460388499962, 0.00014486195036713775, 0.00014460630270536458, 0.00013878573590803912, 7.411172679656442e-05, 7.360112135923988e-05, 7.312584593516973e-05, 5.465634677637825e-05, 4.3824752996796846e-05), 'scanned_max_parameter_residual': (0.18189781535541363, 0.11486710632729007, 0.11652034218673998, 0.11870680633683525, 0.11861296483373987, 0.12674121667808275, 0.11432909821939116, 0.11498868080601657, 0.07372298189296166, 0.07333157690877556, 0.0735705449512521, 0.0734830196569182, 0.02995797272641433, 0.029927798889170607, 0.02985876140820693, 0.029855112109173822, 0.029498680171205067, 0.029494602133822073, 0.028667466995082512, 0.02037417667211579, 0.020374856456860053, 0.020375607622520022, 0.020363834371694835, 0.017743419364476064), 'exact_refit_count': 24, 'method_fidelity': 'core DOM equations with a common-MSE stopping wrapper', 'repeated_complete_timing': {'repeats': 1, 'samples_ms': [68.2708999956958], 'p50_ms': 68.2708999956958, 'mean_ms': 68.2708999956958}}",
Synthetic,seed20000_sample2344,independent_2344,5,5,liang_feature_iki_2017_adaptation,False,ok,4.678775791833964e-05,True,,,17,44.57999998703599,,"[0.06323747144545588, 0.12647494289091177, 0.18971241433636765, 0.25294988578182354, 0.3794248286727353, 0.5058997715636471, 0.6157836161501894, 0.7256674607367317, 0.8355513053232742, 0.8424190456099331, 0.849286785896592, 0.8630222664699098, 0.8767577470432275, 0.8904932276165454, 0.9454351499098165, 0.9702872138887652, 0.9826694006376068]","{'network_used': False, 'parameterization': 'chord_length', 'reported_refit': 'unregularized standard B-spline least squares with exact endpoint interpolation', 'timing_scope': 'complete numerical method: chord parameterization, knot selection/relocation, and final endpoint-constrained refit', 'mse_tolerance': 5e-05, 'smoothness_weight': 0.0, 'control_ridge': 0.0, 'interpolate_endpoints': True, 'declared_max_internal_knots': 64, 'declared_paper_initial_knots': 64, 'reference_doi': '10.1088/1361-6501/aa6a05', 'variant': 'feature_integral_plus_iki_disclosed_adaptation', 'dense_internal_knot_count': 64, 'initial_internal_knot_count': 4, 'inserted_internal_knot_count': 13, 'curvature_weight': 0.5, 'feature_sample_count': 1025, 'scanned_counts': (4, 5, 6, 7, 8, 9, 10, 11, 12, 13, 14, 15, 16, 17), 'scanned_mse': (0.003775669538251494, 0.003588589235942867, 0.0024464141122172785, 0.002410807532538507, 0.0008960162659946734, 0.00038821577147934414, 0.00014990821098482656, 0.00011927077078574071, 0.00010282235681246546, 7.453120378275782e-05, 5.803952758127196e-05, 5.5515777312311177e-05, 5.030397364725659e-05, 4.678775791833964e-05), 'scanned_max_parameter_residual': (0.11828738200193097, 0.11108726180840794, 0.09396624189545302, 0.0929417200503357, 0.08855811674959325, 0.07769464272896157, 0.035488118141965445, 0.029602213877754007, 0.022364847152638312, 0.022180222281397273, 0.017709745499634954, 0.017126729462288087, 0.015211495571858503, 0.016802911282077233), 'exact_refit_count': 15, 'paper_native_objective': 'error-bounded feature-integral initialization plus iterative knot insertion', 'comparison_wrapper': 'explicit 0.5 arc/curvature feature blend by default, worst-residual span midpoint insertion, and common-MSE stopping', 'method_fidelity': ""Liang-inspired adaptation; the access-controlled article's exact feature equation and constants are not claimed"", 'threshold_satisfied': True, 'repeated_complete_timing': {'repeats': 1, 'samples_ms': [44.57999998703599], 'p50_ms': 44.57999998703599, 'mean_ms': 44.57999998703599}}",
Synthetic,seed20000_sample2344,independent_2344,5,5,dung_direct_knot_2017_adaptation,False,ok,4.932516479107081e-05,True,,,11,362.04040003940463,,"[0.17178783904887032, 0.27692307692307694, 0.2790862312798157, 0.38461538461538464, 0.3895377172911827, 0.5204318396098536, 0.6307692307692307, 0.6487145103228386, 0.6923076923076923, 0.7935711793140519, 0.9384615384615385]","{'network_used': False, 'parameterization': 'chord_length', 'reported_refit': 'unregularized endpoint-constrained standard B-spline least squares', 'timing_scope': 'complete numerical method: chord parameterization, knot selection/relocation, and final endpoint-constrained refit', 'mse_tolerance': 5e-05, 'smoothness_weight': 0.0, 'control_ridge': 0.0, 'interpolate_endpoints': True, 'declared_max_internal_knots': 64, 'declared_paper_initial_knots': 64, 'paper': 'Dung and Tjahjowidodo, PLOS ONE 2017, doi:10.1371/journal.pone.0173857', 'variant': 'serial_bisection_simple_knot_adaptation', 'native_control_norm': 'maximum Euclidean point residual', 'native_max_error_tolerance': 0.007071067811865475, 'native_final_max_error': 0.08471335242987699, 'native_final_mse': 0.0019648472837281465, 'common_final_max_error': 0.07970452216667202, 'common_final_mse': 0.0020223581398780555, 'all_local_segments_native_feasible': False, 'local_piecewise_feasible_global_common_refit_failed': False, 'native_global_max_error_threshold_satisfied': False, 'native_global_common_mse_threshold_satisfied': False, 'native_global_internal_knot_count': 6, 'common_final_metrics_scope': 'native adaptation before any optional comparison feasibility safeguard', 'segments': ((0, 20), (21, 41), (42, 67), (68, 100), (101, 131), (132, 165), (166, 191)), 'segment_max_errors': (0.00692277557156338, 0.006721391457224853, 0.0058822472675243535, 0.005658393732251754, 0.004778860885482978, 0.0055597486994723765, 0.011919705739621029), 'coarse_break_indices': (20, 41, 67, 100, 131, 165), 'proposed_internal_knot_count': 6, 'retained_internal_knot_count': 6, 'scan_evaluations': 66, 'optimization_evaluations': 26, 'single_piece_evaluations': 61, 'exact_refit_count': 155, 'gauss_newton_fallback_count': 0, 'capacity_exceeded': False, 'capacity_handling': 'none', 'adaptation_limits': ('serial bisection only; parallel split/join/shift is not implemented', 'simple interior knots only; multiplicity and continuity classification are omitted', 'default native max-error epsilon is sqrt(mse_tolerance), which is a unit conversion rather than an equivalent constraint', 'capacity overflow is handled by deterministic uniform coarse-break subsampling before relocation', 'guarded float64 least squares and finite-difference Gauss-Newton replace MATLAB numerical edge behavior'), 'method_fidelity': 'serial simple-knot adaptation; parallel operations and knot multiplicity classification are not reproduced', 'threshold_satisfied_native_max_error': False, 'threshold_satisfied_common_max_error_before_safeguard': False, 'native_common_refit_mse': 0.0020223581398780555, 'native_common_refit_k': 6, 'native_common_refit_threshold_satisfied': False, 'comparison_method_capacity': 64, 'comparison_feasibility_safeguard_version': 'bounded_common_mse_v1', 'comparison_feasibility_safeguard_enabled': True, 'comparison_feasibility_safeguard_used': True, 'comparison_feasibility_safeguard_attempted': True, 'comparison_feasibility_safeguard_role': 'repository comparison wrapper; not part of the cited method', 'comparison_feasibility_native_mse': 0.0020223581398780555, 'comparison_feasibility_native_k': 6, 'comparison_feasibility_native_threshold_satisfied': False, 'comparison_feasibility_native_knots': (0.17178783904887032, 0.2790862312798157, 0.3895377172911827, 0.5204318396098536, 0.6487145103228386, 0.7935711793140519), 'comparison_feasibility_added_knots': (0.6923076923076923, 0.6307692307692307, 0.27692307692307694, 0.38461538461538464, 0.9384615384615385), 'comparison_feasibility_added_knots_scope': 'residual-guided path; final_knots are authoritative after any uniform fallback', 'comparison_feasibility_refit_count': 15, 'comparison_feasibility_final_source': 'residual_guided_augmentation', 'comparison_feasibility_final_mse': 4.932516479107081e-05, 'comparison_feasibility_final_k': 11, 'comparison_feasibility_final_knots': (0.17178783904887032, 0.27692307692307694, 0.2790862312798157, 0.38461538461538464, 0.3895377172911827, 0.5204318396098536, 0.6307692307692307, 0.6487145103228386, 0.6923076923076923, 0.7935711793140519, 0.9384615384615385), 'comparison_feasibility_threshold_satisfied': True, 'comparison_feasibility_status': 'repaired_feasible', 'comparison_feasibility_dense_capacity_mse': None, 'comparison_feasibility_dense_capacity_threshold_satisfied': None, 'comparison_feasibility_capacity': 64, 'comparison_method_label': 'threshold-safe adaptation', 'threshold_satisfied': True, 'repeated_complete_timing': {'repeats': 1, 'samples_ms': [362.04040003940463], 'p50_ms': 362.04040003940463, 'mean_ms': 362.04040003940463}}",
Synthetic,seed20000_sample2344,independent_2344,5,5,kang_sparse_2015_adaptation,False,ok,4.491391450614171e-05,True,,,9,1156.4874000032432,,"[0.15408653846153847, 0.26165865384615383, 0.36923076923076925, 0.38449519230769236, 0.5213942307692307, 0.6036057692307693, 0.713701923076923, 0.7987980769230769, 0.8617788461538463]","{'network_used': False, 'parameterization': 'chord_length', 'reported_refit': 'unregularized standard B-spline least squares with exact endpoint interpolation', 'timing_scope': 'complete numerical method: chord parameterization, knot selection/relocation, and final endpoint-constrained refit', 'mse_tolerance': 5e-05, 'smoothness_weight': 0.0, 'control_ridge': 0.0, 'interpolate_endpoints': True, 'declared_max_internal_knots': 64, 'declared_paper_initial_knots': 64, 'initial_internal_knot_count': 64, 'dense_initial_fit_mse': 6.161966374947273e-07, 'dense_initial_threshold_satisfied': True, 'active_internal_knot_count': 13, 'cluster_sizes': (2, 2, 2, 2, 2, 1, 1, 1), 'active_cluster_count': 8, 'relocated_internal_knot_count': 8, 'relocated_unique_knot_count': 8, 'relocated_knot_multiplicities': (1, 1, 1, 1, 1, 1, 1, 1), 'active_to_relocated_compression_ratio': 0.6153846153846154, 'sparse_stage_mse': 4.999198884325231e-05, 'sparse_stage_threshold_satisfied': True, 'native_sparse_feasible_final_common_refit_failed': True, 'sparse_and_final_mse_are_directly_comparable': False, 'sparse_iterations': 2400, 'sparse_solver_seconds': 0.8252120999968611, 'relocation_seconds': 0.26286570000229403, 'non_paper_feasibility_repair_enabled': False, 'paper_feasibility_repair_used': False, 'paper_feasibility_repair_added_count': 0, 'local_refit_count': 100, 'method_note': ""Vector-valued group-L1 ADMM adaptation of Kang et al. (2015) equation (12), followed by Algorithms 4-5 only for clear short active clusters; long general-data runs retain their active knots because Algorithm 1 is not reproduced; not the paper's scalar CVX implementation."", 'relocation_method': ""Algorithms 4-5 adaptation: classify adjacent active uniform knots by spacing, retain each cluster's boundary pair, narrow it by exact least-squares comparisons, then apply the 2*E_double < E_single single/double-knot decision."", 'algorithm4_cluster_relocation_applied': True, 'absolute_jump_threshold': 1e-07, 'relative_jump_threshold': 0.001, 'effective_jump_threshold': 2.9702792436353858, 'native_final_fit_mse_without_endpoint_constraint': 5.911046053226019e-05, 'native_endpoint_constrained_mse': 6.000451239877343e-05, 'endpoint_constraint_fallback': 'disabled', 'native_common_refit_mse': 6.000451239877343e-05, 'native_common_refit_k': 8, 'native_common_refit_threshold_satisfied': False, 'comparison_method_capacity': 64, 'comparison_feasibility_safeguard_version': 'bounded_common_mse_v1', 'comparison_feasibility_safeguard_enabled': True, 'comparison_feasibility_safeguard_used': True, 'comparison_feasibility_safeguard_attempted': True, 'comparison_feasibility_safeguard_role': 'repository comparison wrapper; not part of the cited method', 'comparison_feasibility_native_mse': 6.000451239877343e-05, 'comparison_feasibility_native_k': 8, 'comparison_feasibility_native_threshold_satisfied': False, 'comparison_feasibility_native_knots': (0.15408653846153847, 0.26165865384615383, 0.38449519230769236, 0.5213942307692307, 0.6036057692307693, 0.713701923076923, 0.7987980769230769, 0.8617788461538463), 'comparison_feasibility_added_knots': (0.36923076923076925,), 'comparison_feasibility_added_knots_scope': 'residual-guided path; final_knots are authoritative after any uniform fallback', 'comparison_feasibility_refit_count': 3, 'comparison_feasibility_final_source': 'residual_guided_augmentation', 'comparison_feasibility_final_mse': 4.491391450614171e-05, 'comparison_feasibility_final_k': 9, 'comparison_feasibility_final_knots': (0.15408653846153847, 0.26165865384615383, 0.36923076923076925, 0.38449519230769236, 0.5213942307692307, 0.6036057692307693, 0.713701923076923, 0.7987980769230769, 0.8617788461538463), 'comparison_feasibility_threshold_satisfied': True, 'comparison_feasibility_status': 'repaired_feasible', 'comparison_feasibility_dense_capacity_mse': None, 'comparison_feasibility_dense_capacity_threshold_satisfied': None, 'comparison_feasibility_capacity': 64, 'comparison_method_label': 'threshold-safe adaptation', 'threshold_satisfied': True, 'repeated_complete_timing': {'repeats': 1, 'samples_ms': [1156.4874000032432], 'p50_ms': 1156.4874000032432, 'mean_ms': 1156.4874000032432}}",
Synthetic,seed20000_sample2344,independent_2344,5,5,luo_linf_de_2022_adaptation,False,ok,4.111009402121146e-05,True,,,13,2285.248700005468,,"[0.19346650699334683, 0.23423186377274252, 0.2852055614353043, 0.3618597768785422, 0.47692307692307695, 0.5012995296482899, 0.5538461538461539, 0.5827735147306111, 0.7384615384615385, 0.7537764575596274, 0.7775701291119645, 0.9384615384615385, 0.9538461538461538]","{'network_used': False, 'parameterization': 'chord_length', 'reported_refit': 'unregularized standard B-spline least squares with exact endpoint interpolation', 'timing_scope': 'complete numerical method: chord parameterization, knot selection/relocation, and final endpoint-constrained refit', 'mse_tolerance': 5e-05, 'smoothness_weight': 0.0, 'control_ridge': 0.0, 'interpolate_endpoints': True, 'declared_max_internal_knots': 64, 'declared_paper_initial_knots': 64, 'reference_doi': '10.4208/jcm.2012-m2020-0203', 'variant': 'linf1_jump_sparsity_plus_differential_evolution', 'initial_internal_knot_count': 64, 'dense_initial_fit_mse': 6.161966374947273e-07, 'dense_initial_threshold_satisfied': True, 'selected_regularization': 2.8351996856479602e-05, 'sparse_stage_mse': 1.0457584808921978e-06, 'sparse_stage_threshold_satisfied': True, 'jump_local_maximum_eta': 0.5, 'candidate_internal_knot_count': 8, 'initial_to_candidate_compression_ratio': 0.125, 'candidate_refit_mse_before_de': 0.0008058103708384335, 'candidate_refit_threshold_satisfied_before_de': False, 'candidate_selection_lost_sparse_feasibility': True, 'de_population': 10, 'de_iterations': 10, 'de_evaluations': 110, 'de_initial_max_error': 0.05766934707982854, 'de_final_max_error': 0.02223914636566903, 'de_restored_common_mse_feasibility': False, 'paper_native_objective': 'nonsquared Frobenius data term plus l-infinity,1 derivative-jump penalty; DE minimizes maximum Euclidean error', 'comparison_wrapper': 'regularization is selected against the common MSE budget and the final fit uses the common endpoint-constrained refit', 'method_fidelity': 'defining mixed-norm, local-maximum selection, and DE stages are reproduced; hyperparameter selection is adapted', 'native_common_refit_mse': 0.00013551747678807529, 'native_common_refit_k': 8, 'native_common_refit_threshold_satisfied': False, 'comparison_method_capacity': 64, 'comparison_feasibility_safeguard_version': 'bounded_common_mse_v1', 'comparison_feasibility_safeguard_enabled': True, 'comparison_feasibility_safeguard_used': True, 'comparison_feasibility_safeguard_attempted': True, 'comparison_feasibility_safeguard_role': 'repository comparison wrapper; not part of the cited method', 'comparison_feasibility_native_mse': 0.00013551747678807529, 'comparison_feasibility_native_k': 8, 'comparison_feasibility_native_threshold_satisfied': False, 'comparison_feasibility_native_knots': (0.19346650699334683, 0.23423186377274252, 0.2852055614353043, 0.3618597768785422, 0.5012995296482899, 0.5827735147306111, 0.7537764575596274, 0.7775701291119645), 'comparison_feasibility_added_knots': (0.47692307692307695, 0.9384615384615385, 0.9538461538461538, 0.5538461538461539, 0.7384615384615385), 'comparison_feasibility_added_knots_scope': 'residual-guided path; final_knots are authoritative after any uniform fallback', 'comparison_feasibility_refit_count': 15, 'comparison_feasibility_final_source': 'residual_guided_augmentation', 'comparison_feasibility_final_mse': 4.111009402121146e-05, 'comparison_feasibility_final_k': 13, 'comparison_feasibility_final_knots': (0.19346650699334683, 0.23423186377274252, 0.2852055614353043, 0.3618597768785422, 0.47692307692307695, 0.5012995296482899, 0.5538461538461539, 0.5827735147306111, 0.7384615384615385, 0.7537764575596274, 0.7775701291119645, 0.9384615384615385, 0.9538461538461538), 'comparison_feasibility_threshold_satisfied': True, 'comparison_feasibility_status': 'repaired_feasible', 'comparison_feasibility_dense_capacity_mse': None, 'comparison_feasibility_dense_capacity_threshold_satisfied': None, 'comparison_feasibility_capacity': 64, 'comparison_method_label': 'threshold-safe adaptation', 'threshold_satisfied': True, 'repeated_complete_timing': {'repeats': 1, 'samples_ms': [2285.248700005468], 'p50_ms': 2285.248700005468, 'mean_ms': 2285.248700005468}}",
Synthetic,seed20000_sample3602,independent_3602,6,6,ours,False,ok,5.055180696723784e-05,False,,,10,19.7547,17.3619,"[0.18273837864398956, 0.23913279175758362, 0.3185492753982544, 0.3828868269920349, 0.5015504956245422, 0.5465875864028931, 0.6191962957382202, 0.6978954672813416, 0.7644672393798828, 0.834958553314209]","{'network_latency': {'p50_ms': 17.3619, 'median_ms': 17.3619, 'mean_ms': 17.3619, 'p95_ms': 17.3619, 'minimum_ms': 17.3619, 'maximum_ms': 17.3619, 'repeat_ms': [17.3619]}, 'end_to_end_latency': {'p50_ms': 19.7547, 'median_ms': 19.7547, 'mean_ms': 19.7547, 'p95_ms': 19.7547, 'minimum_ms': 19.7547, 'maximum_ms': 19.7547, 'repeat_ms': [19.7547]}, 'postprocessing': 'none', 'tolerance_conditioned_network': True, 'network_mse_tolerance': 5e-05}",
Synthetic,seed20000_sample3602,independent_3602,6,6,park_dominant_point_2007_adaptation,False,ok,4.147229870272867e-05,True,,,25,90.66159999929368,,"[0.1912889369575224, 0.22178399353156344, 0.25630746635859764, 0.2757817826663192, 0.3014795862232417, 0.32279637979908193, 0.3380866338137052, 0.34723738871628856, 0.3556501460444517, 0.38024497657120193, 0.4103084874193212, 0.4429742570742534, 0.47203533092682654, 0.49983269921505036, 0.5250932464508712, 0.5488492903930676, 0.5694597751562253, 0.6021053235710894, 0.6248164365594387, 0.6449296559500466, 0.6528764726539764, 0.6824405002591366, 0.7129690993228102, 0.7438146756151728, 0.7826034691324041]","{'network_used': False, 'parameterization': 'chord_length', 'reported_refit': 'unregularized standard B-spline least squares with exact endpoint interpolation', 'timing_scope': 'complete numerical method: chord parameterization, knot selection/relocation, and final endpoint-constrained refit', 'mse_tolerance': 5e-05, 'smoothness_weight': 0.0, 'control_ridge': 0.0, 'interpolate_endpoints': True, 'declared_max_internal_knots': 64, 'declared_paper_initial_knots': 64, 'method': 'park_lee_dom_2007_adaptation', 'reference_doi': '10.1016/j.cad.2006.12.006', 'knot_placement': 'Park-Lee Eq. (4): each interior knot averages degree consecutive dominant-point parameters', 'lcm_lower_bound': 4.645208891537628, 'lcm_seed_count': 57, 'shape_weight_r': 0.8, 'shape_index': 'r*K_s,e/K_0,m + (1-r)*L_s,e/L_0,m', 'curvature_integral': 'trapezoidal in chord parameter', 'curvature_source': 'generalized local Menger curvature; no optional smoothed base curve', 'refinement_region': 'segment containing largest sampled parameter-correspondence residual', 'refinement_point': 'argmin_w |lambda_s,w - lambda_w,e|', 'stopping_metric': 'mean squared Euclidean parameter-correspondence error', 'distance_metric_deviation': ""comparison adaptation stops on common MSE; it does not reproduce the paper's maximum-distance or iterative orthogonal-distance criterion"", 'seed_completion_deviation': 'shape-index splits complete degree+1 dominant points when too few LCM seeds exist', 'effective_max_internal_knots': 64, 'requested_max_internal_knots': 64, 'selected_sources': ('endpoint', 'endpoint', 'lcm_seed', 'lcm_seed', 'lcm_seed', 'lcm_seed', 'lcm_seed', 'lcm_seed', 'lcm_seed', 'lcm_seed', 'lcm_seed', 'lcm_seed', 'lcm_seed', 'lcm_seed', 'lcm_seed', 'lcm_seed', 'lcm_seed', 'lcm_seed', 'lcm_seed', 'lcm_seed', 'lcm_seed', 'lcm_seed', 'lcm_seed', 'lcm_seed', 'lcm_seed', 'lcm_seed', 'lcm_seed', 'lcm_seed', 'lcm_seed'), 'boundary_knot_clamp_count': 0, 'threshold_satisfied': True, 'scanned_counts': (0, 1, 2, 3, 4, 5, 6, 7, 8, 9, 10, 11, 12, 13, 14, 15, 16, 17, 18, 19, 20, 21, 22, 23, 24, 25), 'scanned_mse': (0.003960011866965316, 0.0039122122645584645, 0.0034727482452239777, 0.003387732666773453, 0.003144258545652267, 0.002418035631015355, 0.0017495761719852423, 0.0016569506489051778, 0.0015781848710115412, 0.0015178839521428004, 0.0015302902738689279, 0.00152989492577295, 0.0006347128656641843, 0.00037144105195449775, 0.00030717922901244793, 0.00017804111599699197, 0.0001751629234013286, 0.00017498334988331948, 0.00017142800564309957, 0.00017128308921109036, 0.0001639978214652231, 0.00016216839981920633, 0.00016228623585370897, 0.00016024008896278776, 0.0001600320879628685, 4.147229870272867e-05), 'scanned_max_parameter_residual': (0.1101766328520287, 0.11885644295926612, 0.10292760267956907, 0.10736980889366182, 0.10224855131208489, 0.09479369694836616, 0.09975581316716974, 0.09913449771653132, 0.10075753150133339, 0.10063815707293494, 0.10328499591052306, 0.10329628959314632, 0.05243291873802178, 0.0792713446273245, 0.07428529266215365, 0.04740183096886307, 0.047288170407319134, 0.047287530786184494, 0.047449558242801046, 0.04745261402000171, 0.04588146650035458, 0.04551619572846462, 0.04545792812762289, 0.04538676279228628, 0.04539043223105916, 0.018993697792204164), 'exact_refit_count': 26, 'method_fidelity': 'core DOM equations with a common-MSE stopping wrapper', 'repeated_complete_timing': {'repeats': 1, 'samples_ms': [90.66159999929368], 'p50_ms': 90.66159999929368, 'mean_ms': 90.66159999929368}}",
Synthetic,seed20000_sample3602,independent_3602,6,6,liang_feature_iki_2017_adaptation,False,ok,3.592219699517099e-05,True,,,22,53.745899989735335,,"[0.010638684550483507, 0.032746624984800736, 0.06872029474482082, 0.08670712962483085, 0.09570054706483587, 0.10019725578483837, 0.10244561014483963, 0.10469396450484089, 0.16318621790074012, 0.2216784712966393, 0.3386629780884377, 0.3679091047863873, 0.3971552314843369, 0.4556474848802361, 0.5726319916720345, 0.679473993754026, 0.7328949947950216, 0.7863159958360173, 0.8130264963565151, 0.839736996877013, 0.8931579979180087, 0.9465789989590043]","{'network_used': False, 'parameterization': 'chord_length', 'reported_refit': 'unregularized standard B-spline least squares with exact endpoint interpolation', 'timing_scope': 'complete numerical method: chord parameterization, knot selection/relocation, and final endpoint-constrained refit', 'mse_tolerance': 5e-05, 'smoothness_weight': 0.0, 'control_ridge': 0.0, 'interpolate_endpoints': True, 'declared_max_internal_knots': 64, 'declared_paper_initial_knots': 64, 'reference_doi': '10.1088/1361-6501/aa6a05', 'variant': 'feature_integral_plus_iki_disclosed_adaptation', 'dense_internal_knot_count': 64, 'initial_internal_knot_count': 4, 'inserted_internal_knot_count': 18, 'curvature_weight': 0.5, 'feature_sample_count': 1025, 'scanned_counts': (4, 5, 6, 7, 8, 9, 10, 11, 12, 13, 14, 15, 16, 17, 18, 19, 20, 21, 22), 'scanned_mse': (0.003355061568803747, 0.002785095878261755, 0.0027192676552466473, 0.0025687500418626807, 0.0024857383459008496, 0.002411761673783783, 0.0023638623463269636, 0.0023035069012465065, 0.002217704827048718, 0.0017153162785867766, 0.0009395253016196986, 0.0004340706381139057, 0.00036263804956831975, 0.00021584520619657605, 0.00016126577435968484, 0.00012436280722361462, 6.252117794757618e-05, 5.360604234982478e-05, 3.592219699517099e-05), 'scanned_max_parameter_residual': (0.1045795190983456, 0.09633689950504168, 0.0882353438677308, 0.08956036515786386, 0.09372522007756613, 0.0899864221455793, 0.0934677239724841, 0.10945631856467082, 0.12089556053673908, 0.09411601356121574, 0.09197165296140175, 0.04724274514162082, 0.04507944797361359, 0.03810414104056613, 0.03705600990134369, 0.02916289086443077, 0.01777879382593952, 0.017440749932993604, 0.015893700003346226), 'exact_refit_count': 20, 'paper_native_objective': 'error-bounded feature-integral initialization plus iterative knot insertion', 'comparison_wrapper': 'explicit 0.5 arc/curvature feature blend by default, worst-residual span midpoint insertion, and common-MSE stopping', 'method_fidelity': ""Liang-inspired adaptation; the access-controlled article's exact feature equation and constants are not claimed"", 'threshold_satisfied': True, 'repeated_complete_timing': {'repeats': 1, 'samples_ms': [53.745899989735335], 'p50_ms': 53.745899989735335, 'mean_ms': 53.745899989735335}}",
Synthetic,seed20000_sample3602,independent_3602,6,6,dung_direct_knot_2017_adaptation,False,ok,4.1916218438485416e-05,True,,,12,356.6694000037387,,"[0.16903862024604885, 0.26153846153846155, 0.29369049019008014, 0.36923076923076925, 0.38966280716346025, 0.4726571216696376, 0.5778601211332157, 0.676923076923077, 0.6923076923076923, 0.7077509534876305, 0.7384615384615385, 0.8392468822116605]","{'network_used': False, 'parameterization': 'chord_length', 'reported_refit': 'unregularized endpoint-constrained standard B-spline least squares', 'timing_scope': 'complete numerical method: chord parameterization, knot selection/relocation, and final endpoint-constrained refit', 'mse_tolerance': 5e-05, 'smoothness_weight': 0.0, 'control_ridge': 0.0, 'interpolate_endpoints': True, 'declared_max_internal_knots': 64, 'declared_paper_initial_knots': 64, 'paper': 'Dung and Tjahjowidodo, PLOS ONE 2017, doi:10.1371/journal.pone.0173857', 'variant': 'serial_bisection_simple_knot_adaptation', 'native_control_norm': 'maximum Euclidean point residual', 'native_max_error_tolerance': 0.007071067811865475, 'native_final_max_error': 0.08682337182627699, 'native_final_mse': 0.0021653106017548835, 'common_final_max_error': 0.08859616813807794, 'common_final_mse': 0.0022443774470411438, 'all_local_segments_native_feasible': False, 'local_piecewise_feasible_global_common_refit_failed': False, 'native_global_max_error_threshold_satisfied': False, 'native_global_common_mse_threshold_satisfied': False, 'native_global_internal_knot_count': 7, 'common_final_metrics_scope': 'native adaptation before any optional comparison feasibility safeguard', 'segments': ((0, 25), (26, 49), (50, 71), (72, 96), (97, 123), (124, 147), (148, 168), (169, 191)), 'segment_max_errors': (0.0063232264664718945, 0.006966285547418763, 0.006292222669819093, 0.006053124249793349, 0.005785117125388411, 0.005251431600809029, 0.0067237695074912375, 0.009968012662549363), 'coarse_break_indices': (25, 49, 71, 96, 123, 147, 168), 'proposed_internal_knot_count': 7, 'retained_internal_knot_count': 7, 'scan_evaluations': 77, 'optimization_evaluations': 12, 'single_piece_evaluations': 71, 'exact_refit_count': 162, 'gauss_newton_fallback_count': 0, 'capacity_exceeded': False, 'capacity_handling': 'none', 'adaptation_limits': ('serial bisection only; parallel split/join/shift is not implemented', 'simple interior knots only; multiplicity and continuity classification are omitted', 'default native max-error epsilon is sqrt(mse_tolerance), which is a unit conversion rather than an equivalent constraint', 'capacity overflow is handled by deterministic uniform coarse-break subsampling before relocation', 'guarded float64 least squares and finite-difference Gauss-Newton replace MATLAB numerical edge behavior'), 'method_fidelity': 'serial simple-knot adaptation; parallel operations and knot multiplicity classification are not reproduced', 'threshold_satisfied_native_max_error': False, 'threshold_satisfied_common_max_error_before_safeguard': False, 'native_common_refit_mse': 0.0022443774470411438, 'native_common_refit_k': 7, 'native_common_refit_threshold_satisfied': False, 'comparison_method_capacity': 64, 'comparison_feasibility_safeguard_version': 'bounded_common_mse_v1', 'comparison_feasibility_safeguard_enabled': True, 'comparison_feasibility_safeguard_used': True, 'comparison_feasibility_safeguard_attempted': True, 'comparison_feasibility_safeguard_role': 'repository comparison wrapper; not part of the cited method', 'comparison_feasibility_native_mse': 0.0022443774470411438, 'comparison_feasibility_native_k': 7, 'comparison_feasibility_native_threshold_satisfied': False, 'comparison_feasibility_native_knots': (0.16903862024604885, 0.29369049019008014, 0.38966280716346025, 0.4726571216696376, 0.5778601211332157, 0.7077509534876305, 0.8392468822116605), 'comparison_feasibility_added_knots': (0.7384615384615385, 0.26153846153846155, 0.6923076923076923, 0.36923076923076925, 0.676923076923077), 'comparison_feasibility_added_knots_scope': 'residual-guided path; final_knots are authoritative after any uniform fallback', 'comparison_feasibility_refit_count': 15, 'comparison_feasibility_final_source': 'residual_guided_augmentation', 'comparison_feasibility_final_mse': 4.1916218438485416e-05, 'comparison_feasibility_final_k': 12, 'comparison_feasibility_final_knots': (0.16903862024604885, 0.26153846153846155, 0.29369049019008014, 0.36923076923076925, 0.38966280716346025, 0.4726571216696376, 0.5778601211332157, 0.676923076923077, 0.6923076923076923, 0.7077509534876305, 0.7384615384615385, 0.8392468822116605), 'comparison_feasibility_threshold_satisfied': True, 'comparison_feasibility_status': 'repaired_feasible', 'comparison_feasibility_dense_capacity_mse': None, 'comparison_feasibility_dense_capacity_threshold_satisfied': None, 'comparison_feasibility_capacity': 64, 'comparison_method_label': 'threshold-safe adaptation', 'threshold_satisfied': True, 'repeated_complete_timing': {'repeats': 1, 'samples_ms': [356.6694000037387], 'p50_ms': 356.6694000037387, 'mean_ms': 356.6694000037387}}",
Synthetic,seed20000_sample3602,independent_3602,6,6,kang_sparse_2015_adaptation,False,ok,4.8944007434135e-05,True,,,9,1147.2290999954566,,"[0.046153846153846156, 0.15408653846153847, 0.25216346153846153, 0.3537259615384616, 0.46129807692307695, 0.5608173076923078, 0.6646634615384617, 0.7536057692307692, 0.8463942307692307]","{'network_used': False, 'parameterization': 'chord_length', 'reported_refit': 'unregularized standard B-spline least squares with exact endpoint interpolation', 'timing_scope': 'complete numerical method: chord parameterization, knot selection/relocation, and final endpoint-constrained refit', 'mse_tolerance': 5e-05, 'smoothness_weight': 0.0, 'control_ridge': 0.0, 'interpolate_endpoints': True, 'declared_max_internal_knots': 64, 'declared_paper_initial_knots': 64, 'initial_internal_knot_count': 64, 'dense_initial_fit_mse': 6.555176736462742e-07, 'dense_initial_threshold_satisfied': True, 'active_internal_knot_count': 14, 'cluster_sizes': (2, 1, 2, 2, 2, 1, 2, 2), 'active_cluster_count': 8, 'relocated_internal_knot_count': 8, 'relocated_unique_knot_count': 8, 'relocated_knot_multiplicities': (1, 1, 1, 1, 1, 1, 1, 1), 'active_to_relocated_compression_ratio': 0.5714285714285714, 'sparse_stage_mse': 4.995806877670947e-05, 'sparse_stage_threshold_satisfied': True, 'native_sparse_feasible_final_common_refit_failed': True, 'sparse_and_final_mse_are_directly_comparable': False, 'sparse_iterations': 2400, 'sparse_solver_seconds': 0.868780099961441, 'relocation_seconds': 0.21707940002670512, 'non_paper_feasibility_repair_enabled': False, 'paper_feasibility_repair_used': False, 'paper_feasibility_repair_added_count': 0, 'local_refit_count': 98, 'method_note': ""Vector-valued group-L1 ADMM adaptation of Kang et al. (2015) equation (12), followed by Algorithms 4-5 only for clear short active clusters; long general-data runs retain their active knots because Algorithm 1 is not reproduced; not the paper's scalar CVX implementation."", 'relocation_method': ""Algorithms 4-5 adaptation: classify adjacent active uniform knots by spacing, retain each cluster's boundary pair, narrow it by exact least-squares comparisons, then apply the 2*E_double < E_single single/double-knot decision."", 'algorithm4_cluster_relocation_applied': True, 'absolute_jump_threshold': 1e-07, 'relative_jump_threshold': 0.001, 'effective_jump_threshold': 3.7097570658424655, 'native_final_fit_mse_without_endpoint_constraint': 5.1046934680499616e-05, 'native_endpoint_constrained_mse': 5.379615844904956e-05, 'endpoint_constraint_fallback': 'disabled', 'native_common_refit_mse': 5.379615844904956e-05, 'native_common_refit_k': 8, 'native_common_refit_threshold_satisfied': False, 'comparison_method_capacity': 64, 'comparison_feasibility_safeguard_version': 'bounded_common_mse_v1', 'comparison_feasibility_safeguard_enabled': True, 'comparison_feasibility_safeguard_used': True, 'comparison_feasibility_safeguard_attempted': True, 'comparison_feasibility_safeguard_role': 'repository comparison wrapper; not part of the cited method', 'comparison_feasibility_native_mse': 5.379615844904956e-05, 'comparison_feasibility_native_k': 8, 'comparison_feasibility_native_threshold_satisfied': False, 'comparison_feasibility_native_knots': (0.15408653846153847, 0.25216346153846153, 0.3537259615384616, 0.46129807692307695, 0.5608173076923078, 0.6646634615384617, 0.7536057692307692, 0.8463942307692307), 'comparison_feasibility_added_knots': (0.046153846153846156,), 'comparison_feasibility_added_knots_scope': 'residual-guided path; final_knots are authoritative after any uniform fallback', 'comparison_feasibility_refit_count': 3, 'comparison_feasibility_final_source': 'residual_guided_augmentation', 'comparison_feasibility_final_mse': 4.8944007434135e-05, 'comparison_feasibility_final_k': 9, 'comparison_feasibility_final_knots': (0.046153846153846156, 0.15408653846153847, 0.25216346153846153, 0.3537259615384616, 0.46129807692307695, 0.5608173076923078, 0.6646634615384617, 0.7536057692307692, 0.8463942307692307), 'comparison_feasibility_threshold_satisfied': True, 'comparison_feasibility_status': 'repaired_feasible', 'comparison_feasibility_dense_capacity_mse': None, 'comparison_feasibility_dense_capacity_threshold_satisfied': None, 'comparison_feasibility_capacity': 64, 'comparison_method_label': 'threshold-safe adaptation', 'threshold_satisfied': True, 'repeated_complete_timing': {'repeats': 1, 'samples_ms': [1147.2290999954566], 'p50_ms': 1147.2290999954566, 'mean_ms': 1147.2290999954566}}",
Synthetic,seed20000_sample3602,independent_3602,6,6,luo_linf_de_2022_adaptation,False,ok,4.8411085306704864e-05,True,,,15,2303.8705999497324,,"[0.12081098548130022, 0.12468691276881541, 0.23473304228937514, 0.24930998755841613, 0.3256792522891727, 0.33859916963792225, 0.47692307692307695, 0.4870524427781349, 0.5366099639723607, 0.6982365294426395, 0.7204682345794095, 0.7982596760047863, 0.8923076923076922, 0.9538461538461538, 0.98128999159163]","{'network_used': False, 'parameterization': 'chord_length', 'reported_refit': 'unregularized standard B-spline least squares with exact endpoint interpolation', 'timing_scope': 'complete numerical method: chord parameterization, knot selection/relocation, and final endpoint-constrained refit', 'mse_tolerance': 5e-05, 'smoothness_weight': 0.0, 'control_ridge': 0.0, 'interpolate_endpoints': True, 'declared_max_internal_knots': 64, 'declared_paper_initial_knots': 64, 'reference_doi': '10.4208/jcm.2012-m2020-0203', 'variant': 'linf1_jump_sparsity_plus_differential_evolution', 'initial_internal_knot_count': 64, 'dense_initial_fit_mse': 6.555176736462742e-07, 'dense_initial_threshold_satisfied': True, 'selected_regularization': 3.048535569154421e-05, 'sparse_stage_mse': 1.5871886990054985e-06, 'sparse_stage_threshold_satisfied': True, 'jump_local_maximum_eta': 0.5, 'candidate_internal_knot_count': 12, 'initial_to_candidate_compression_ratio': 0.1875, 'candidate_refit_mse_before_de': 0.00022325969053431488, 'candidate_refit_threshold_satisfied_before_de': False, 'candidate_selection_lost_sparse_feasibility': True, 'de_population': 10, 'de_iterations': 10, 'de_evaluations': 110, 'de_initial_max_error': 0.04590930443561908, 'de_final_max_error': 0.019868266705205306, 'de_restored_common_mse_feasibility': False, 'paper_native_objective': 'nonsquared Frobenius data term plus l-infinity,1 derivative-jump penalty; DE minimizes maximum Euclidean error', 'comparison_wrapper': 'regularization is selected against the common MSE budget and the final fit uses the common endpoint-constrained refit', 'method_fidelity': 'defining mixed-norm, local-maximum selection, and DE stages are reproduced; hyperparameter selection is adapted', 'native_common_refit_mse': 7.708415283668886e-05, 'native_common_refit_k': 12, 'native_common_refit_threshold_satisfied': False, 'comparison_method_capacity': 64, 'comparison_feasibility_safeguard_version': 'bounded_common_mse_v1', 'comparison_feasibility_safeguard_enabled': True, 'comparison_feasibility_safeguard_used': True, 'comparison_feasibility_safeguard_attempted': True, 'comparison_feasibility_safeguard_role': 'repository comparison wrapper; not part of the cited method', 'comparison_feasibility_native_mse': 7.708415283668886e-05, 'comparison_feasibility_native_k': 12, 'comparison_feasibility_native_threshold_satisfied': False, 'comparison_feasibility_native_knots': (0.12081098548130022, 0.12468691276881541, 0.23473304228937514, 0.24930998755841613, 0.3256792522891727, 0.33859916963792225, 0.4870524427781349, 0.5366099639723607, 0.6982365294426395, 0.7204682345794095, 0.7982596760047863, 0.98128999159163), 'comparison_feasibility_added_knots': (0.9538461538461538, 0.47692307692307695, 0.8923076923076922), 'comparison_feasibility_added_knots_scope': 'residual-guided path; final_knots are authoritative after any uniform fallback', 'comparison_feasibility_refit_count': 9, 'comparison_feasibility_final_source': 'residual_guided_augmentation', 'comparison_feasibility_final_mse': 4.8411085306704864e-05, 'comparison_feasibility_final_k': 15, 'comparison_feasibility_final_knots': (0.12081098548130022, 0.12468691276881541, 0.23473304228937514, 0.24930998755841613, 0.3256792522891727, 0.33859916963792225, 0.47692307692307695, 0.4870524427781349, 0.5366099639723607, 0.6982365294426395, 0.7204682345794095, 0.7982596760047863, 0.8923076923076922, 0.9538461538461538, 0.98128999159163), 'comparison_feasibility_threshold_satisfied': True, 'comparison_feasibility_status': 'repaired_feasible', 'comparison_feasibility_dense_capacity_mse': None, 'comparison_feasibility_dense_capacity_threshold_satisfied': None, 'comparison_feasibility_capacity': 64, 'comparison_method_label': 'threshold-safe adaptation', 'threshold_satisfied': True, 'repeated_complete_timing': {'repeats': 1, 'samples_ms': [2303.8705999497324], 'p50_ms': 2303.8705999497324, 'mean_ms': 2303.8705999497324}}",
Synthetic,seed20000_sample3494,independent_3494,7,7,ours,False,ok,3.645473611786703e-05,True,,,15,18.7332,20.372,"[0.13641749322414398, 0.19710004329681396, 0.23030485212802887, 0.2666131258010864, 0.3304465711116791, 0.36427685618400574, 0.4538407623767853, 0.4933984577655792, 0.5298089385032654, 0.5717065930366516, 0.6334543228149414, 0.6883795857429504, 0.7685012817382812, 0.7929372191429138, 0.8673766255378723]","{'network_latency': {'p50_ms': 20.372, 'median_ms': 20.372, 'mean_ms': 20.372, 'p95_ms': 20.372, 'minimum_ms': 20.372, 'maximum_ms': 20.372, 'repeat_ms': [20.372]}, 'end_to_end_latency': {'p50_ms': 18.7332, 'median_ms': 18.7332, 'mean_ms': 18.7332, 'p95_ms': 18.7332, 'minimum_ms': 18.7332, 'maximum_ms': 18.7332, 'repeat_ms': [18.7332]}, 'postprocessing': 'none', 'tolerance_conditioned_network': True, 'network_mse_tolerance': 5e-05}",
Synthetic,seed20000_sample3494,independent_3494,7,7,park_dominant_point_2007_adaptation,False,ok,4.5662908994430824e-05,True,,,22,81.92029997007921,,"[0.17891453468516197, 0.20641328878393397, 0.24273346184167777, 0.2648337660188736, 0.31650406220332644, 0.3580091910739747, 0.4276855331993719, 0.4651609061302806, 0.504946514200021, 0.5284227376827632, 0.5538742429108111, 0.5783363636578714, 0.5874201328883549, 0.5960798640792673, 0.6304687226168492, 0.6646928209986697, 0.7005033771982605, 0.7171557391223301, 0.7423348832604001, 0.7646270707832152, 0.7796429974101869, 0.7991185421803255]","{'network_used': False, 'parameterization': 'chord_length', 'reported_refit': 'unregularized standard B-spline least squares with exact endpoint interpolation', 'timing_scope': 'complete numerical method: chord parameterization, knot selection/relocation, and final endpoint-constrained refit', 'mse_tolerance': 5e-05, 'smoothness_weight': 0.0, 'control_ridge': 0.0, 'interpolate_endpoints': True, 'declared_max_internal_knots': 64, 'declared_paper_initial_knots': 64, 'method': 'park_lee_dom_2007_adaptation', 'reference_doi': '10.1016/j.cad.2006.12.006', 'knot_placement': 'Park-Lee Eq. (4): each interior knot averages degree consecutive dominant-point parameters', 'lcm_lower_bound': 4.4323346427910755, 'lcm_seed_count': 55, 'shape_weight_r': 0.8, 'shape_index': 'r*K_s,e/K_0,m + (1-r)*L_s,e/L_0,m', 'curvature_integral': 'trapezoidal in chord parameter', 'curvature_source': 'generalized local Menger curvature; no optional smoothed base curve', 'refinement_region': 'segment containing largest sampled parameter-correspondence residual', 'refinement_point': 'argmin_w |lambda_s,w - lambda_w,e|', 'stopping_metric': 'mean squared Euclidean parameter-correspondence error', 'distance_metric_deviation': ""comparison adaptation stops on common MSE; it does not reproduce the paper's maximum-distance or iterative orthogonal-distance criterion"", 'seed_completion_deviation': 'shape-index splits complete degree+1 dominant points when too few LCM seeds exist', 'effective_max_internal_knots': 64, 'requested_max_internal_knots': 64, 'selected_sources': ('endpoint', 'endpoint', 'lcm_seed', 'lcm_seed', 'lcm_seed', 'lcm_seed', 'lcm_seed', 'lcm_seed', 'lcm_seed', 'lcm_seed', 'lcm_seed', 'lcm_seed', 'lcm_seed', 'lcm_seed', 'lcm_seed', 'lcm_seed', 'lcm_seed', 'lcm_seed', 'lcm_seed', 'lcm_seed', 'lcm_seed', 'lcm_seed', 'lcm_seed', 'lcm_seed', 'lcm_seed', 'lcm_seed'), 'boundary_knot_clamp_count': 0, 'threshold_satisfied': True, 'scanned_counts': (0, 1, 2, 3, 4, 5, 6, 7, 8, 9, 10, 11, 12, 13, 14, 15, 16, 17, 18, 19, 20, 21, 22), 'scanned_mse': (0.015015690876221866, 0.006433735890329099, 0.0056707907373590985, 0.004309975827529713, 0.00338535658623699, 0.002959165234206027, 0.0022691200957350574, 0.0015124097881647196, 0.0014509856063488352, 0.0012338946858405895, 0.00029982979974674267, 0.00030515319473998565, 0.0002967437654258275, 0.00021335568265476036, 0.00019920830913483707, 0.00019073126356770258, 0.00018621627821551484, 0.00018029528512196336, 0.00017718456477324235, 8.480362046353216e-05, 8.442689025076712e-05, 8.270591075952182e-05, 4.5662908994430824e-05), 'scanned_max_parameter_residual': (0.2352762550423942, 0.19192631895788298, 0.1761055434423534, 0.1351237234339472, 0.11659218351694037, 0.09276858124859455, 0.09454955799785342, 0.07107153410799524, 0.08805120402940665, 0.06980343638329763, 0.056633579579801224, 0.056505151952548946, 0.056412820096399786, 0.040731700537405297, 0.04083780916326005, 0.04083556440805749, 0.040844120359423676, 0.04084411773561629, 0.04093094036629248, 0.02781646682124283, 0.027788780296014396, 0.0277884371974963, 0.016602733283514845), 'exact_refit_count': 23, 'method_fidelity': 'core DOM equations with a common-MSE stopping wrapper', 'repeated_complete_timing': {'repeats': 1, 'samples_ms': [81.92029997007921], 'p50_ms': 81.92029997007921, 'mean_ms': 81.92029997007921}}",
Synthetic,seed20000_sample3494,independent_3494,7,7,liang_feature_iki_2017_adaptation,False,ok,4.621593359759228e-05,True,,,21,73.01439996808767,,"[0.005092553367578554, 0.01497184998295247, 0.03676877293798743, 0.04766723441550491, 0.05856569589302239, 0.13744738552737218, 0.21632907516172195, 0.2952107647960717, 0.3346516096132466, 0.35437203202183404, 0.3740924544304215, 0.45297414406477127, 0.531855833699121, 0.6107375233334709, 0.6304579457420583, 0.6501783681506457, 0.6896192129678206, 0.7672144097258655, 0.8448096064839103, 0.8836072048629328, 0.9224048032419552]","{'network_used': False, 'parameterization': 'chord_length', 'reported_refit': 'unregularized standard B-spline least squares with exact endpoint interpolation', 'timing_scope': 'complete numerical method: chord parameterization, knot selection/relocation, and final endpoint-constrained refit', 'mse_tolerance': 5e-05, 'smoothness_weight': 0.0, 'control_ridge': 0.0, 'interpolate_endpoints': True, 'declared_max_internal_knots': 64, 'declared_paper_initial_knots': 64, 'reference_doi': '10.1088/1361-6501/aa6a05', 'variant': 'feature_integral_plus_iki_disclosed_adaptation', 'dense_internal_knot_count': 64, 'initial_internal_knot_count': 4, 'inserted_internal_knot_count': 17, 'curvature_weight': 0.5, 'feature_sample_count': 1025, 'scanned_counts': (4, 5, 6, 7, 8, 9, 10, 11, 12, 13, 14, 15, 16, 17, 18, 19, 20, 21), 'scanned_mse': (0.005215832353532159, 0.004961626647895712, 0.004621039195893396, 0.003791680450549414, 0.0034436150850722332, 0.00265983389591287, 0.0024885735675931153, 0.002261202423649577, 0.0013670820073032012, 0.00024330399672407385, 0.00018753832298772893, 0.0001666342645769379, 0.00013613687081090732, 9.263218710859125e-05, 8.773365118163942e-05, 8.145541377079365e-05, 5.056297461708532e-05, 4.621593359759228e-05), 'scanned_max_parameter_residual': (0.19866478757078201, 0.23021381889313172, 0.2053557501368331, 0.1260115285813025, 0.11450598543784694, 0.09363813153142393, 0.08801312933082237, 0.08677425687787763, 0.08477731126794581, 0.044458688574548384, 0.0313850707437765, 0.030757049152595174, 0.024596839403132547, 0.020687336805104713, 0.023855393767460334, 0.0219670719742023, 0.01615103205992347, 0.015428561159993946), 'exact_refit_count': 19, 'paper_native_objective': 'error-bounded feature-integral initialization plus iterative knot insertion', 'comparison_wrapper': 'explicit 0.5 arc/curvature feature blend by default, worst-residual span midpoint insertion, and common-MSE stopping', 'method_fidelity': ""Liang-inspired adaptation; the access-controlled article's exact feature equation and constants are not claimed"", 'threshold_satisfied': True, 'repeated_complete_timing': {'repeats': 1, 'samples_ms': [73.01439996808767], 'p50_ms': 73.01439996808767, 'mean_ms': 73.01439996808767}}",
Synthetic,seed20000_sample3494,independent_3494,7,7,dung_direct_knot_2017_adaptation,False,ok,4.742731068886672e-05,True,,,15,631.4293000032194,,"[0.1773466187618573, 0.23056181916364682, 0.23076923076923078, 0.26153846153846155, 0.38461538461538464, 0.3936138866892196, 0.4153846153846154, 0.5126466378114567, 0.5997104862085769, 0.7076923076923076, 0.7230769230769231, 0.7402478804005107, 0.7538461538461538, 0.837685809651387, 0.8923076923076922]","{'network_used': False, 'parameterization': 'chord_length', 'reported_refit': 'unregularized endpoint-constrained standard B-spline least squares', 'timing_scope': 'complete numerical method: chord parameterization, knot selection/relocation, and final endpoint-constrained refit', 'mse_tolerance': 5e-05, 'smoothness_weight': 0.0, 'control_ridge': 0.0, 'interpolate_endpoints': True, 'declared_max_internal_knots': 64, 'declared_paper_initial_knots': 64, 'paper': 'Dung and Tjahjowidodo, PLOS ONE 2017, doi:10.1371/journal.pone.0173857', 'variant': 'serial_bisection_simple_knot_adaptation', 'native_control_norm': 'maximum Euclidean point residual', 'native_max_error_tolerance': 0.007071067811865475, 'native_final_max_error': 0.08220191305537226, 'native_final_mse': 0.0022376222414561553, 'common_final_max_error': 0.08317331744825296, 'common_final_mse': 0.002271749151480942, 'all_local_segments_native_feasible': False, 'local_piecewise_feasible_global_common_refit_failed': False, 'native_global_max_error_threshold_satisfied': False, 'native_global_common_mse_threshold_satisfied': False, 'native_global_internal_knot_count': 7, 'common_final_metrics_scope': 'native adaptation before any optional comparison feasibility safeguard', 'segments': ((0, 14), (15, 40), (41, 74), (75, 97), (98, 128), (129, 153), (154, 177), (178, 191)), 'segment_max_errors': (0.0047645633609736315, 0.006970579698205644, 0.0069728700745241585, 0.005126582136773984, 0.006929788208716221, 0.006738943353941238, 0.006752772154373267, 0.012742662246125226), 'coarse_break_indices': (14, 40, 74, 97, 128, 153, 177), 'proposed_internal_knot_count': 7, 'retained_internal_knot_count': 7, 'scan_evaluations': 77, 'optimization_evaluations': 85, 'single_piece_evaluations': 71, 'exact_refit_count': 235, 'gauss_newton_fallback_count': 0, 'capacity_exceeded': False, 'capacity_handling': 'none', 'adaptation_limits': ('serial bisection only; parallel split/join/shift is not implemented', 'simple interior knots only; multiplicity and continuity classification are omitted', 'default native max-error epsilon is sqrt(mse_tolerance), which is a unit conversion rather than an equivalent constraint', 'capacity overflow is handled by deterministic uniform coarse-break subsampling before relocation', 'guarded float64 least squares and finite-difference Gauss-Newton replace MATLAB numerical edge behavior'), 'method_fidelity': 'serial simple-knot adaptation; parallel operations and knot multiplicity classification are not reproduced', 'threshold_satisfied_native_max_error': False, 'threshold_satisfied_common_max_error_before_safeguard': False, 'native_common_refit_mse': 0.002271749151480942, 'native_common_refit_k': 7, 'native_common_refit_threshold_satisfied': False, 'comparison_method_capacity': 64, 'comparison_feasibility_safeguard_version': 'bounded_common_mse_v1', 'comparison_feasibility_safeguard_enabled': True, 'comparison_feasibility_safeguard_used': True, 'comparison_feasibility_safeguard_attempted': True, 'comparison_feasibility_safeguard_role': 'repository comparison wrapper; not part of the cited method', 'comparison_feasibility_native_mse': 0.002271749151480942, 'comparison_feasibility_native_k': 7, 'comparison_feasibility_native_threshold_satisfied': False, 'comparison_feasibility_native_knots': (0.1773466187618573, 0.23056181916364682, 0.3936138866892196, 0.5126466378114567, 0.5997104862085769, 0.7402478804005107, 0.837685809651387), 'comparison_feasibility_added_knots': (0.7538461538461538, 0.23076923076923078, 0.7230769230769231, 0.26153846153846155, 0.8923076923076922, 0.7076923076923076, 0.38461538461538464, 0.4153846153846154), 'comparison_feasibility_added_knots_scope': 'residual-guided path; final_knots are authoritative after any uniform fallback', 'comparison_feasibility_refit_count': 24, 'comparison_feasibility_final_source': 'residual_guided_augmentation', 'comparison_feasibility_final_mse': 4.742731068886672e-05, 'comparison_feasibility_final_k': 15, 'comparison_feasibility_final_knots': (0.1773466187618573, 0.23056181916364682, 0.23076923076923078, 0.26153846153846155, 0.38461538461538464, 0.3936138866892196, 0.4153846153846154, 0.5126466378114567, 0.5997104862085769, 0.7076923076923076, 0.7230769230769231, 0.7402478804005107, 0.7538461538461538, 0.837685809651387, 0.8923076923076922), 'comparison_feasibility_threshold_satisfied': True, 'comparison_feasibility_status': 'repaired_feasible', 'comparison_feasibility_dense_capacity_mse': None, 'comparison_feasibility_dense_capacity_threshold_satisfied': None, 'comparison_feasibility_capacity': 64, 'comparison_method_label': 'threshold-safe adaptation', 'threshold_satisfied': True, 'repeated_complete_timing': {'repeats': 1, 'samples_ms': [631.4293000032194], 'p50_ms': 631.4293000032194, 'mean_ms': 631.4293000032194}}",
Synthetic,seed20000_sample3494,independent_3494,7,7,kang_sparse_2015_adaptation,False,ok,4.9897220637990334e-05,True,,,14,1392.357099975925,,"[0.10745192307692308, 0.15408653846153847, 0.23052884615384617, 0.27716346153846155, 0.4087139423076923, 0.4153846153846154, 0.506310096153846, 0.6055288461538462, 0.6153846153846154, 0.6920673076923076, 0.780528846153846, 0.8459134615384616, 0.8461538461538461, 0.8925480769230769]","{'network_used': False, 'parameterization': 'chord_length', 'reported_refit': 'unregularized standard B-spline least squares with exact endpoint interpolation', 'timing_scope': 'complete numerical method: chord parameterization, knot selection/relocation, and final endpoint-constrained refit', 'mse_tolerance': 5e-05, 'smoothness_weight': 0.0, 'control_ridge': 0.0, 'interpolate_endpoints': True, 'declared_max_internal_knots': 64, 'declared_paper_initial_knots': 64, 'initial_internal_knot_count': 64, 'dense_initial_fit_mse': 9.035345773688704e-07, 'dense_initial_threshold_satisfied': True, 'active_internal_knot_count': 29, 'cluster_sizes': (2, 2, 2, 2, 4, 4, 3, 3, 3, 2, 2), 'active_cluster_count': 11, 'relocated_internal_knot_count': 11, 'relocated_unique_knot_count': 11, 'relocated_knot_multiplicities': (1, 1, 1, 1, 1, 1, 1, 1, 1, 1, 1), 'active_to_relocated_compression_ratio': 0.3793103448275862, 'sparse_stage_mse': 4.9961622968042086e-05, 'sparse_stage_threshold_satisfied': True, 'native_sparse_feasible_final_common_refit_failed': True, 'sparse_and_final_mse_are_directly_comparable': False, 'sparse_iterations': 2100, 'sparse_solver_seconds': 0.9264128999784589, 'relocation_seconds': 0.35559240001020953, 'non_paper_feasibility_repair_enabled': False, 'paper_feasibility_repair_used': False, 'paper_feasibility_repair_added_count': 0, 'local_refit_count': 146, 'method_note': ""Vector-valued group-L1 ADMM adaptation of Kang et al. (2015) equation (12), followed by Algorithms 4-5 only for clear short active clusters; long general-data runs retain their active knots because Algorithm 1 is not reproduced; not the paper's scalar CVX implementation."", 'relocation_method': ""Algorithms 4-5 adaptation: classify adjacent active uniform knots by spacing, retain each cluster's boundary pair, narrow it by exact least-squares comparisons, then apply the 2*E_double < E_single single/double-knot decision."", 'algorithm4_cluster_relocation_applied': True, 'absolute_jump_threshold': 1e-07, 'relative_jump_threshold': 0.001, 'effective_jump_threshold': 5.256059598922837, 'native_final_fit_mse_without_endpoint_constraint': 9.998921399116174e-05, 'native_endpoint_constrained_mse': 0.00010020761388613072, 'endpoint_constraint_fallback': 'disabled', 'native_common_refit_mse': 0.00010020761388613072, 'native_common_refit_k': 11, 'native_common_refit_threshold_satisfied': False, 'comparison_method_capacity': 64, 'comparison_feasibility_safeguard_version': 'bounded_common_mse_v1', 'comparison_feasibility_safeguard_enabled': True, 'comparison_feasibility_safeguard_used': True, 'comparison_feasibility_safeguard_attempted': True, 'comparison_feasibility_safeguard_role': 'repository comparison wrapper; not part of the cited method', 'comparison_feasibility_native_mse': 0.00010020761388613072, 'comparison_feasibility_native_k': 11, 'comparison_feasibility_native_threshold_satisfied': False, 'comparison_feasibility_native_knots': (0.10745192307692308, 0.15408653846153847, 0.23052884615384617, 0.27716346153846155, 0.4087139423076923, 0.506310096153846, 0.6055288461538462, 0.6920673076923076, 0.780528846153846, 0.8459134615384616, 0.8925480769230769), 'comparison_feasibility_added_knots': (0.4153846153846154, 0.8461538461538461, 0.6153846153846154), 'comparison_feasibility_added_knots_scope': 'residual-guided path; final_knots are authoritative after any uniform fallback', 'comparison_feasibility_refit_count': 9, 'comparison_feasibility_final_source': 'residual_guided_augmentation', 'comparison_feasibility_final_mse': 4.9897220637990334e-05, 'comparison_feasibility_final_k': 14, 'comparison_feasibility_final_knots': (0.10745192307692308, 0.15408653846153847, 0.23052884615384617, 0.27716346153846155, 0.4087139423076923, 0.4153846153846154, 0.506310096153846, 0.6055288461538462, 0.6153846153846154, 0.6920673076923076, 0.780528846153846, 0.8459134615384616, 0.8461538461538461, 0.8925480769230769), 'comparison_feasibility_threshold_satisfied': True, 'comparison_feasibility_status': 'repaired_feasible', 'comparison_feasibility_dense_capacity_mse': None, 'comparison_feasibility_dense_capacity_threshold_satisfied': None, 'comparison_feasibility_capacity': 64, 'comparison_method_label': 'threshold-safe adaptation', 'threshold_satisfied': True, 'repeated_complete_timing': {'repeats': 1, 'samples_ms': [1392.357099975925], 'p50_ms': 1392.357099975925, 'mean_ms': 1392.357099975925}}",
Synthetic,seed20000_sample3494,independent_3494,7,7,luo_linf_de_2022_adaptation,False,ok,4.225474549781054e-05,True,,,21,2376.771599985659,,"[0.06733763960653488, 0.1355562085080492, 0.19186512216121598, 0.236062655386562, 0.24378224004378407, 0.3611832111052963, 0.3825636719611392, 0.39767619768969603, 0.4010609814707505, 0.5076923076923077, 0.5329608705242969, 0.5521022602479821, 0.6094037265756973, 0.711575135181691, 0.7189752680462871, 0.7606046366174508, 0.8349995223548079, 0.8733162075471105, 0.9464229007797885, 0.9799149879179603, 0.99999]","{'network_used': False, 'parameterization': 'chord_length', 'reported_refit': 'unregularized standard B-spline least squares with exact endpoint interpolation', 'timing_scope': 'complete numerical method: chord parameterization, knot selection/relocation, and final endpoint-constrained refit', 'mse_tolerance': 5e-05, 'smoothness_weight': 0.0, 'control_ridge': 0.0, 'interpolate_endpoints': True, 'declared_max_internal_knots': 64, 'declared_paper_initial_knots': 64, 'reference_doi': '10.4208/jcm.2012-m2020-0203', 'variant': 'linf1_jump_sparsity_plus_differential_evolution', 'initial_internal_knot_count': 64, 'dense_initial_fit_mse': 9.035345773688704e-07, 'dense_initial_threshold_satisfied': True, 'selected_regularization': 3.1493930144660585e-05, 'sparse_stage_mse': 4.560255632031593e-06, 'sparse_stage_threshold_satisfied': True, 'jump_local_maximum_eta': 0.5, 'candidate_internal_knot_count': 20, 'initial_to_candidate_compression_ratio': 0.3125, 'candidate_refit_mse_before_de': 3.654993982916046e-05, 'candidate_refit_threshold_satisfied_before_de': True, 'candidate_selection_lost_sparse_feasibility': False, 'de_population': 10, 'de_iterations': 10, 'de_evaluations': 110, 'de_initial_max_error': 0.022494716202395473, 'de_final_max_error': 0.013185912630065712, 'de_restored_common_mse_feasibility': False, 'paper_native_objective': 'nonsquared Frobenius data term plus l-infinity,1 derivative-jump penalty; DE minimizes maximum Euclidean error', 'comparison_wrapper': 'regularization is selected against the common MSE budget and the final fit uses the common endpoint-constrained refit', 'method_fidelity': 'defining mixed-norm, local-maximum selection, and DE stages are reproduced; hyperparameter selection is adapted', 'native_common_refit_mse': 5.3137337089120936e-05, 'native_common_refit_k': 20, 'native_common_refit_threshold_satisfied': False, 'comparison_method_capacity': 64, 'comparison_feasibility_safeguard_version': 'bounded_common_mse_v1', 'comparison_feasibility_safeguard_enabled': True, 'comparison_feasibility_safeguard_used': True, 'comparison_feasibility_safeguard_attempted': True, 'comparison_feasibility_safeguard_role': 'repository comparison wrapper; not part of the cited method', 'comparison_feasibility_native_mse': 5.3137337089120936e-05, 'comparison_feasibility_native_k': 20, 'comparison_feasibility_native_threshold_satisfied': False, 'comparison_feasibility_native_knots': (0.06733763960653488, 0.1355562085080492, 0.19186512216121598, 0.236062655386562, 0.24378224004378407, 0.3611832111052963, 0.3825636719611392, 0.39767619768969603, 0.4010609814707505, 0.5329608705242969, 0.5521022602479821, 0.6094037265756973, 0.711575135181691, 0.7189752680462871, 0.7606046366174508, 0.8349995223548079, 0.8733162075471105, 0.9464229007797885, 0.9799149879179603, 0.99999), 'comparison_feasibility_added_knots': (0.5076923076923077,), 'comparison_feasibility_added_knots_scope': 'residual-guided path; final_knots are authoritative after any uniform fallback', 'comparison_feasibility_refit_count': 3, 'comparison_feasibility_final_source': 'residual_guided_augmentation', 'comparison_feasibility_final_mse': 4.225474549781054e-05, 'comparison_feasibility_final_k': 21, 'comparison_feasibility_final_knots': (0.06733763960653488, 0.1355562085080492, 0.19186512216121598, 0.236062655386562, 0.24378224004378407, 0.3611832111052963, 0.3825636719611392, 0.39767619768969603, 0.4010609814707505, 0.5076923076923077, 0.5329608705242969, 0.5521022602479821, 0.6094037265756973, 0.711575135181691, 0.7189752680462871, 0.7606046366174508, 0.8349995223548079, 0.8733162075471105, 0.9464229007797885, 0.9799149879179603, 0.99999), 'comparison_feasibility_threshold_satisfied': True, 'comparison_feasibility_status': 'repaired_feasible', 'comparison_feasibility_dense_capacity_mse': None, 'comparison_feasibility_dense_capacity_threshold_satisfied': None, 'comparison_feasibility_capacity': 64, 'comparison_method_label': 'threshold-safe adaptation', 'threshold_satisfied': True, 'repeated_complete_timing': {'repeats': 1, 'samples_ms': [2376.771599985659], 'p50_ms': 2376.771599985659, 'mean_ms': 2376.771599985659}}",
Synthetic,seed20000_sample1236,independent_1236,8,8,ours,False,ok,8.424992878044379e-05,False,,,15,16.9248,12.8024,"[0.120753213763237, 0.18725576996803284, 0.23600885272026062, 0.2642737627029419, 0.31845250725746155, 0.3596285879611969, 0.4449182152748108, 0.5162112712860107, 0.5383586883544922, 0.5952200293540955, 0.6583268642425537, 0.7445018887519836, 0.7789871692657471, 0.806218683719635, 0.8674932718276978]","{'network_latency': {'p50_ms': 12.8024, 'median_ms': 12.8024, 'mean_ms': 12.8024, 'p95_ms': 12.8024, 'minimum_ms': 12.8024, 'maximum_ms': 12.8024, 'repeat_ms': [12.8024]}, 'end_to_end_latency': {'p50_ms': 16.9248, 'median_ms': 16.9248, 'mean_ms': 16.9248, 'p95_ms': 16.9248, 'minimum_ms': 16.9248, 'maximum_ms': 16.9248, 'repeat_ms': [16.9248]}, 'postprocessing': 'none', 'tolerance_conditioned_network': True, 'network_mse_tolerance': 5e-05}",
Synthetic,seed20000_sample1236,independent_1236,8,8,park_dominant_point_2007_adaptation,False,ok,3.672233198103458e-05,True,,,32,107.30999999213964,,"[0.15903565990092866, 0.18929422010255428, 0.215287950795621, 0.24243277287569223, 0.2660244731129335, 0.27359340351613864, 0.29706112986001204, 0.320460790298742, 0.3445056983301738, 0.3515634677398627, 0.37122402009464556, 0.3930089870774928, 0.4152279545739437, 0.4253269382259246, 0.46385314857735627, 0.5022913083912762, 0.5409162113619438, 0.5592926506790739, 0.5853419266927463, 0.6106615373214698, 0.6248315745815748, 0.6315140955411801, 0.6401180085194006, 0.6550528773206029, 0.6711586600618359, 0.6865382067418054, 0.6987878812040167, 0.7169117659592615, 0.7361228578497779, 0.7553377500211229, 0.7688395928749979, 0.7983167692016536]","{'network_used': False, 'parameterization': 'chord_length', 'reported_refit': 'unregularized standard B-spline least squares with exact endpoint interpolation', 'timing_scope': 'complete numerical method: chord parameterization, knot selection/relocation, and final endpoint-constrained refit', 'mse_tolerance': 5e-05, 'smoothness_weight': 0.0, 'control_ridge': 0.0, 'interpolate_endpoints': True, 'declared_max_internal_knots': 64, 'declared_paper_initial_knots': 64, 'method': 'park_lee_dom_2007_adaptation', 'reference_doi': '10.1016/j.cad.2006.12.006', 'knot_placement': 'Park-Lee Eq. (4): each interior knot averages degree consecutive dominant-point parameters', 'lcm_lower_bound': 3.7863783960937027, 'lcm_seed_count': 57, 'shape_weight_r': 0.8, 'shape_index': 'r*K_s,e/K_0,m + (1-r)*L_s,e/L_0,m', 'curvature_integral': 'trapezoidal in chord parameter', 'curvature_source': 'generalized local Menger curvature; no optional smoothed base curve', 'refinement_region': 'segment containing largest sampled parameter-correspondence residual', 'refinement_point': 'argmin_w |lambda_s,w - lambda_w,e|', 'stopping_metric': 'mean squared Euclidean parameter-correspondence error', 'distance_metric_deviation': ""comparison adaptation stops on common MSE; it does not reproduce the paper's maximum-distance or iterative orthogonal-distance criterion"", 'seed_completion_deviation': 'shape-index splits complete degree+1 dominant points when too few LCM seeds exist', 'effective_max_internal_knots': 64, 'requested_max_internal_knots': 64, 'selected_sources': ('endpoint', 'endpoint', 'lcm_seed', 'lcm_seed', 'lcm_seed', 'lcm_seed', 'lcm_seed', 'lcm_seed', 'lcm_seed', 'lcm_seed', 'lcm_seed', 'lcm_seed', 'lcm_seed', 'lcm_seed', 'lcm_seed', 'lcm_seed', 'lcm_seed', 'lcm_seed', 'lcm_seed', 'lcm_seed', 'lcm_seed', 'lcm_seed', 'lcm_seed', 'lcm_seed', 'lcm_seed', 'lcm_seed', 'lcm_seed', 'lcm_seed', 'lcm_seed', 'lcm_seed', 'lcm_seed', 'lcm_seed', 'lcm_seed', 'lcm_seed', 'lcm_seed', 'lcm_seed'), 'boundary_knot_clamp_count': 0, 'threshold_satisfied': True, 'scanned_counts': (0, 1, 2, 3, 4, 5, 6, 7, 8, 9, 10, 11, 12, 13, 14, 15, 16, 17, 18, 19, 20, 21, 22, 23, 24, 25, 26, 27, 28, 29, 30, 31, 32), 'scanned_mse': (0.005435796004726733, 0.005154471208349815, 0.00424369735672865, 0.00411154705762952, 0.0036197719319462176, 0.0027659030128707822, 0.002748854073472982, 0.002708795988007279, 0.002083381171304969, 0.002064658811826722, 0.0016300742252788845, 0.0016284082341120687, 0.0014928591475299867, 0.0011935753310128555, 0.0011946879157182764, 0.0011844743825155637, 0.0008569034462834255, 0.0006653200753694032, 0.0006563685857199769, 0.0006545321470562568, 0.0006495741425469064, 0.0006146516017341716, 0.0006107375246183986, 0.0006054092025269204, 0.0005258561227572044, 0.00023038625747879971, 0.0001888666570901495, 0.00018800628008378248, 0.00018768359283837695, 0.00018738254099763584, 0.0001873792266338006, 7.259951658477276e-05, 3.672233198103458e-05), 'scanned_max_parameter_residual': (0.15835760027053516, 0.14709582223599915, 0.1263741593912804, 0.12518279787749845, 0.1028934452184273, 0.0994906366847643, 0.09746632195639983, 0.09562312362504341, 0.10257687705770209, 0.10195931531304178, 0.10293019022865299, 0.10185785449888125, 0.09525860410604345, 0.09341154848164601, 0.0933938350304632, 0.09337794672009017, 0.09338326491030631, 0.09338126315124944, 0.09366867944403788, 0.09366864764960699, 0.09366860071820457, 0.10728657159333102, 0.10728242025283052, 0.10731827112446363, 0.08320919814515951, 0.05760155477734446, 0.057601550541360166, 0.05760155227929148, 0.05760162446645461, 0.05760162454080086, 0.05760162488153673, 0.02441281008893027, 0.019801469525292333), 'exact_refit_count': 33, 'method_fidelity': 'core DOM equations with a common-MSE stopping wrapper', 'repeated_complete_timing': {'repeats': 1, 'samples_ms': [107.30999999213964], 'p50_ms': 107.30999999213964, 'mean_ms': 107.30999999213964}}",
Synthetic,seed20000_sample1236,independent_1236,8,8,liang_feature_iki_2017_adaptation,False,ok,4.97391723508276e-05,True,,,23,63.235700014047325,,"[0.03573702604416458, 0.07147405208832916, 0.12221842325590522, 0.17296279442348128, 0.27445153675863343, 0.3251959079262095, 0.3759402790937856, 0.40131246467757364, 0.42668465026136165, 0.4774290214289377, 0.5281733925965137, 0.5789177637640899, 0.629662134931666, 0.680406506099242, 0.7818952484343942, 0.8072674340181822, 0.8326396196019703, 0.8833839907695463, 0.8906333516607852, 0.8978827125520239, 0.9123814343345015, 0.9413788778994566, 0.9604164086079806]","{'network_used': False, 'parameterization': 'chord_length', 'reported_refit': 'unregularized standard B-spline least squares with exact endpoint interpolation', 'timing_scope': 'complete numerical method: chord parameterization, knot selection/relocation, and final endpoint-constrained refit', 'mse_tolerance': 5e-05, 'smoothness_weight': 0.0, 'control_ridge': 0.0, 'interpolate_endpoints': True, 'declared_max_internal_knots': 64, 'declared_paper_initial_knots': 64, 'reference_doi': '10.1088/1361-6501/aa6a05', 'variant': 'feature_integral_plus_iki_disclosed_adaptation', 'dense_internal_knot_count': 64, 'initial_internal_knot_count': 4, 'inserted_internal_knot_count': 19, 'curvature_weight': 0.5, 'feature_sample_count': 1025, 'scanned_counts': (4, 5, 6, 7, 8, 9, 10, 11, 12, 13, 14, 15, 16, 17, 18, 19, 20, 21, 22, 23), 'scanned_mse': (0.004468618814496735, 0.004224305135231953, 0.004096916082916925, 0.0033694992225026684, 0.0027539182015633734, 0.002555676201632214, 0.0019394281854172174, 0.001849250696200334, 0.001754373242063621, 0.0016328181473597252, 0.0013347493261008732, 0.0007021413643364848, 0.0004774592678787381, 0.0004513672371604526, 0.00018051592120785727, 0.00012959214871209764, 7.644366052151788e-05, 6.48722507675662e-05, 5.5781628086662805e-05, 4.97391723508276e-05), 'scanned_max_parameter_residual': (0.15175605833760508, 0.13568164748643427, 0.1345104001704357, 0.09447239879145757, 0.10940243229255182, 0.10327762765752709, 0.10017598072743365, 0.1075651088875618, 0.11902837072902082, 0.10301152480799015, 0.0856675605062248, 0.06041921327434924, 0.04555134522042456, 0.0430391040432534, 0.037957301912759554, 0.02902175965816894, 0.021967163263828325, 0.02023571724691907, 0.017750487159528854, 0.012817244850026166), 'exact_refit_count': 21, 'paper_native_objective': 'error-bounded feature-integral initialization plus iterative knot insertion', 'comparison_wrapper': 'explicit 0.5 arc/curvature feature blend by default, worst-residual span midpoint insertion, and common-MSE stopping', 'method_fidelity': ""Liang-inspired adaptation; the access-controlled article's exact feature equation and constants are not claimed"", 'threshold_satisfied': True, 'repeated_complete_timing': {'repeats': 1, 'samples_ms': [63.235700014047325], 'p50_ms': 63.235700014047325, 'mean_ms': 63.235700014047325}}",
Synthetic,seed20000_sample1236,independent_1236,8,8,dung_direct_knot_2017_adaptation,False,ok,4.952112952761158e-05,True,,,17,509.3596000224352,,"[0.046153846153846156, 0.11355983783866355, 0.19326560613715305, 0.2, 0.27668656681165743, 0.3520189139973582, 0.4278868042940094, 0.4461538461538462, 0.523076923076923, 0.5424974396797964, 0.6461538461538461, 0.6677542206037097, 0.676923076923077, 0.7578276771849207, 0.8185153020500262, 0.8307692307692307, 0.9538461538461538]","{'network_used': False, 'parameterization': 'chord_length', 'reported_refit': 'unregularized endpoint-constrained standard B-spline least squares', 'timing_scope': 'complete numerical method: chord parameterization, knot selection/relocation, and final endpoint-constrained refit', 'mse_tolerance': 5e-05, 'smoothness_weight': 0.0, 'control_ridge': 0.0, 'interpolate_endpoints': True, 'declared_max_internal_knots': 64, 'declared_paper_initial_knots': 64, 'paper': 'Dung and Tjahjowidodo, PLOS ONE 2017, doi:10.1371/journal.pone.0173857', 'variant': 'serial_bisection_simple_knot_adaptation', 'native_control_norm': 'maximum Euclidean point residual', 'native_max_error_tolerance': 0.007071067811865475, 'native_final_max_error': 0.09620935716286186, 'native_final_mse': 0.001909114019295605, 'common_final_max_error': 0.09653525880165414, 'common_final_mse': 0.0019182000092344304, 'all_local_segments_native_feasible': False, 'local_piecewise_feasible_global_common_refit_failed': False, 'native_global_max_error_threshold_satisfied': False, 'native_global_common_mse_threshold_satisfied': False, 'native_global_internal_knot_count': 9, 'common_final_metrics_scope': 'native adaptation before any optional comparison feasibility safeguard', 'segments': ((0, 13), (14, 30), (31, 49), (50, 68), (69, 88), (89, 112), (113, 138), (139, 160), (161, 179), (180, 191)), 'segment_max_errors': (0.006350032240594885, 0.006996980563159654, 0.0062213327959545865, 0.005593439515323339, 0.006820420744834388, 0.00697971732127472, 0.006011822494428292, 0.00669321947040656, 0.005906401695817189, 0.009330388466991841), 'coarse_break_indices': (13, 30, 49, 68, 88, 112, 138, 160, 179), 'proposed_internal_knot_count': 9, 'retained_internal_knot_count': 9, 'scan_evaluations': 99, 'optimization_evaluations': 48, 'single_piece_evaluations': 91, 'exact_refit_count': 240, 'gauss_newton_fallback_count': 0, 'capacity_exceeded': False, 'capacity_handling': 'none', 'adaptation_limits': ('serial bisection only; parallel split/join/shift is not implemented', 'simple interior knots only; multiplicity and continuity classification are omitted', 'default native max-error epsilon is sqrt(mse_tolerance), which is a unit conversion rather than an equivalent constraint', 'capacity overflow is handled by deterministic uniform coarse-break subsampling before relocation', 'guarded float64 least squares and finite-difference Gauss-Newton replace MATLAB numerical edge behavior'), 'method_fidelity': 'serial simple-knot adaptation; parallel operations and knot multiplicity classification are not reproduced', 'threshold_satisfied_native_max_error': False, 'threshold_satisfied_common_max_error_before_safeguard': False, 'native_common_refit_mse': 0.0019182000092344304, 'native_common_refit_k': 9, 'native_common_refit_threshold_satisfied': False, 'comparison_method_capacity': 64, 'comparison_feasibility_safeguard_version': 'bounded_common_mse_v1', 'comparison_feasibility_safeguard_enabled': True, 'comparison_feasibility_safeguard_used': True, 'comparison_feasibility_safeguard_attempted': True, 'comparison_feasibility_safeguard_role': 'repository comparison wrapper; not part of the cited method', 'comparison_feasibility_native_mse': 0.0019182000092344304, 'comparison_feasibility_native_k': 9, 'comparison_feasibility_native_threshold_satisfied': False, 'comparison_feasibility_native_knots': (0.11355983783866355, 0.19326560613715305, 0.27668656681165743, 0.3520189139973582, 0.4278868042940094, 0.5424974396797964, 0.6677542206037097, 0.7578276771849207, 0.8185153020500262), 'comparison_feasibility_added_knots': (0.676923076923077, 0.6461538461538461, 0.4461538461538462, 0.8307692307692307, 0.9538461538461538, 0.523076923076923, 0.2, 0.046153846153846156), 'comparison_feasibility_added_knots_scope': 'residual-guided path; final_knots are authoritative after any uniform fallback', 'comparison_feasibility_refit_count': 24, 'comparison_feasibility_final_source': 'residual_guided_augmentation', 'comparison_feasibility_final_mse': 4.952112952761158e-05, 'comparison_feasibility_final_k': 17, 'comparison_feasibility_final_knots': (0.046153846153846156, 0.11355983783866355, 0.19326560613715305, 0.2, 0.27668656681165743, 0.3520189139973582, 0.4278868042940094, 0.4461538461538462, 0.523076923076923, 0.5424974396797964, 0.6461538461538461, 0.6677542206037097, 0.676923076923077, 0.7578276771849207, 0.8185153020500262, 0.8307692307692307, 0.9538461538461538), 'comparison_feasibility_threshold_satisfied': True, 'comparison_feasibility_status': 'repaired_feasible', 'comparison_feasibility_dense_capacity_mse': None, 'comparison_feasibility_dense_capacity_threshold_satisfied': None, 'comparison_feasibility_capacity': 64, 'comparison_method_label': 'threshold-safe adaptation', 'threshold_satisfied': True, 'repeated_complete_timing': {'repeats': 1, 'samples_ms': [509.3596000224352], 'p50_ms': 509.3596000224352, 'mean_ms': 509.3596000224352}}",
Synthetic,seed20000_sample1236,independent_1236,8,8,kang_sparse_2015_adaptation,False,ok,4.76322380445879e-05,True,,,15,1392.663199978415,,"[0.046153846153846156, 0.11081730769230769, 0.19879807692307694, 0.2, 0.2800480769230769, 0.34783653846153845, 0.43082932692307696, 0.4461538461538462, 0.49230769230769234, 0.5421274038461539, 0.6228365384615384, 0.703125, 0.7665865384615385, 0.815625, 0.8925480769230769]","{'network_used': False, 'parameterization': 'chord_length', 'reported_refit': 'unregularized standard B-spline least squares with exact endpoint interpolation', 'timing_scope': 'complete numerical method: chord parameterization, knot selection/relocation, and final endpoint-constrained refit', 'mse_tolerance': 5e-05, 'smoothness_weight': 0.0, 'control_ridge': 0.0, 'interpolate_endpoints': True, 'declared_max_internal_knots': 64, 'declared_paper_initial_knots': 64, 'initial_internal_knot_count': 64, 'dense_initial_fit_mse': 1.0822885418588258e-06, 'dense_initial_threshold_satisfied': True, 'active_internal_knot_count': 31, 'cluster_sizes': (3, 2, 3, 2, 4, 4, 3, 3, 2, 3, 2), 'active_cluster_count': 11, 'relocated_internal_knot_count': 11, 'relocated_unique_knot_count': 11, 'relocated_knot_multiplicities': (1, 1, 1, 1, 1, 1, 1, 1, 1, 1, 1), 'active_to_relocated_compression_ratio': 0.3548387096774194, 'sparse_stage_mse': 4.99606059325549e-05, 'sparse_stage_threshold_satisfied': True, 'native_sparse_feasible_final_common_refit_failed': True, 'sparse_and_final_mse_are_directly_comparable': False, 'sparse_iterations': 2100, 'sparse_solver_seconds': 0.8799653999740258, 'relocation_seconds': 0.4043455999926664, 'non_paper_feasibility_repair_enabled': False, 'paper_feasibility_repair_used': False, 'paper_feasibility_repair_added_count': 0, 'local_refit_count': 150, 'method_note': ""Vector-valued group-L1 ADMM adaptation of Kang et al. (2015) equation (12), followed by Algorithms 4-5 only for clear short active clusters; long general-data runs retain their active knots because Algorithm 1 is not reproduced; not the paper's scalar CVX implementation."", 'relocation_method': ""Algorithms 4-5 adaptation: classify adjacent active uniform knots by spacing, retain each cluster's boundary pair, narrow it by exact least-squares comparisons, then apply the 2*E_double < E_single single/double-knot decision."", 'algorithm4_cluster_relocation_applied': True, 'absolute_jump_threshold': 1e-07, 'relative_jump_threshold': 0.001, 'effective_jump_threshold': 6.149890573804836, 'native_final_fit_mse_without_endpoint_constraint': 0.00011109715162044952, 'native_endpoint_constrained_mse': 0.00011130846856602323, 'endpoint_constraint_fallback': 'disabled', 'native_common_refit_mse': 0.00011130846856602323, 'native_common_refit_k': 11, 'native_common_refit_threshold_satisfied': False, 'comparison_method_capacity': 64, 'comparison_feasibility_safeguard_version': 'bounded_common_mse_v1', 'comparison_feasibility_safeguard_enabled': True, 'comparison_feasibility_safeguard_used': True, 'comparison_feasibility_safeguard_attempted': True, 'comparison_feasibility_safeguard_role': 'repository comparison wrapper; not part of the cited method', 'comparison_feasibility_native_mse': 0.00011130846856602323, 'comparison_feasibility_native_k': 11, 'comparison_feasibility_native_threshold_satisfied': False, 'comparison_feasibility_native_knots': (0.11081730769230769, 0.19879807692307694, 0.2800480769230769, 0.34783653846153845, 0.43082932692307696, 0.5421274038461539, 0.6228365384615384, 0.703125, 0.7665865384615385, 0.815625, 0.8925480769230769), 'comparison_feasibility_added_knots': (0.4461538461538462, 0.2, 0.046153846153846156, 0.49230769230769234), 'comparison_feasibility_added_knots_scope': 'residual-guided path; final_knots are authoritative after any uniform fallback', 'comparison_feasibility_refit_count': 12, 'comparison_feasibility_final_source': 'residual_guided_augmentation', 'comparison_feasibility_final_mse': 4.76322380445879e-05, 'comparison_feasibility_final_k': 15, 'comparison_feasibility_final_knots': (0.046153846153846156, 0.11081730769230769, 0.19879807692307694, 0.2, 0.2800480769230769, 0.34783653846153845, 0.43082932692307696, 0.4461538461538462, 0.49230769230769234, 0.5421274038461539, 0.6228365384615384, 0.703125, 0.7665865384615385, 0.815625, 0.8925480769230769), 'comparison_feasibility_threshold_satisfied': True, 'comparison_feasibility_status': 'repaired_feasible', 'comparison_feasibility_dense_capacity_mse': None, 'comparison_feasibility_dense_capacity_threshold_satisfied': None, 'comparison_feasibility_capacity': 64, 'comparison_method_label': 'threshold-safe adaptation', 'threshold_satisfied': True, 'repeated_complete_timing': {'repeats': 1, 'samples_ms': [1392.663199978415], 'p50_ms': 1392.663199978415, 'mean_ms': 1392.663199978415}}",
Synthetic,seed20000_sample1236,independent_1236,8,8,luo_linf_de_2022_adaptation,False,ok,4.5499254680058055e-05,True,,,20,2251.854500034824,,"[0.0592905025042377, 0.1047630273334007, 0.1437166236410529, 0.1647009036033656, 0.18207238827546218, 0.26791119573235417, 0.27927362369509534, 0.3467553760733715, 0.37374407114662944, 0.4330824200000528, 0.4461538461538462, 0.5338502266867288, 0.550571407910676, 0.6426256312385272, 0.6705511777790196, 0.7350661556158972, 0.7839872869850643, 0.8308846035281323, 0.9178816209061673, 0.9951016524701052]","{'network_used': False, 'parameterization': 'chord_length', 'reported_refit': 'unregularized standard B-spline least squares with exact endpoint interpolation', 'timing_scope': 'complete numerical method: chord parameterization, knot selection/relocation, and final endpoint-constrained refit', 'mse_tolerance': 5e-05, 'smoothness_weight': 0.0, 'control_ridge': 0.0, 'interpolate_endpoints': True, 'declared_max_internal_knots': 64, 'declared_paper_initial_knots': 64, 'reference_doi': '10.4208/jcm.2012-m2020-0203', 'variant': 'linf1_jump_sparsity_plus_differential_evolution', 'initial_internal_knot_count': 64, 'dense_initial_fit_mse': 1.0822885418588258e-06, 'dense_initial_threshold_satisfied': True, 'selected_regularization': 2.977956189150786e-05, 'sparse_stage_mse': 1.0735177092516193e-05, 'sparse_stage_threshold_satisfied': True, 'jump_local_maximum_eta': 0.5, 'candidate_internal_knot_count': 19, 'initial_to_candidate_compression_ratio': 0.296875, 'candidate_refit_mse_before_de': 4.812126881448658e-05, 'candidate_refit_threshold_satisfied_before_de': True, 'candidate_selection_lost_sparse_feasibility': False, 'de_population': 10, 'de_iterations': 10, 'de_evaluations': 110, 'de_initial_max_error': 0.026257485609039986, 'de_final_max_error': 0.013351964399553388, 'de_restored_common_mse_feasibility': False, 'paper_native_objective': 'nonsquared Frobenius data term plus l-infinity,1 derivative-jump penalty; DE minimizes maximum Euclidean error', 'comparison_wrapper': 'regularization is selected against the common MSE budget and the final fit uses the common endpoint-constrained refit', 'method_fidelity': 'defining mixed-norm, local-maximum selection, and DE stages are reproduced; hyperparameter selection is adapted', 'native_common_refit_mse': 5.149541158729154e-05, 'native_common_refit_k': 19, 'native_common_refit_threshold_satisfied': False, 'comparison_method_capacity': 64, 'comparison_feasibility_safeguard_version': 'bounded_common_mse_v1', 'comparison_feasibility_safeguard_enabled': True, 'comparison_feasibility_safeguard_used': True, 'comparison_feasibility_safeguard_attempted': True, 'comparison_feasibility_safeguard_role': 'repository comparison wrapper; not part of the cited method', 'comparison_feasibility_native_mse': 5.149541158729154e-05, 'comparison_feasibility_native_k': 19, 'comparison_feasibility_native_threshold_satisfied': False, 'comparison_feasibility_native_knots': (0.0592905025042377, 0.1047630273334007, 0.1437166236410529, 0.1647009036033656, 0.18207238827546218, 0.26791119573235417, 0.27927362369509534, 0.3467553760733715, 0.37374407114662944, 0.4330824200000528, 0.5338502266867288, 0.550571407910676, 0.6426256312385272, 0.6705511777790196, 0.7350661556158972, 0.7839872869850643, 0.8308846035281323, 0.9178816209061673, 0.9951016524701052), 'comparison_feasibility_added_knots': (0.4461538461538462,), 'comparison_feasibility_added_knots_scope': 'residual-guided path; final_knots are authoritative after any uniform fallback', 'comparison_feasibility_refit_count': 3, 'comparison_feasibility_final_source': 'residual_guided_augmentation', 'comparison_feasibility_final_mse': 4.5499254680058055e-05, 'comparison_feasibility_final_k': 20, 'comparison_feasibility_final_knots': (0.0592905025042377, 0.1047630273334007, 0.1437166236410529, 0.1647009036033656, 0.18207238827546218, 0.26791119573235417, 0.27927362369509534, 0.3467553760733715, 0.37374407114662944, 0.4330824200000528, 0.4461538461538462, 0.5338502266867288, 0.550571407910676, 0.6426256312385272, 0.6705511777790196, 0.7350661556158972, 0.7839872869850643, 0.8308846035281323, 0.9178816209061673, 0.9951016524701052), 'comparison_feasibility_threshold_satisfied': True, 'comparison_feasibility_status': 'repaired_feasible', 'comparison_feasibility_dense_capacity_mse': None, 'comparison_feasibility_dense_capacity_threshold_satisfied': None, 'comparison_feasibility_capacity': 64, 'comparison_method_label': 'threshold-safe adaptation', 'threshold_satisfied': True, 'repeated_complete_timing': {'repeats': 1, 'samples_ms': [2251.854500034824], 'p50_ms': 2251.854500034824, 'mean_ms': 2251.854500034824}}",
Synthetic,seed20000_sample365,independent_365,9,9,ours,False,ok,2.7862457817319752e-05,True,,,17,15.4985,12.8168,"[0.12338238209486008, 0.20066916942596436, 0.23179905116558075, 0.25898557901382446, 0.3212573528289795, 0.35059240460395813, 0.4312809407711029, 0.47013306617736816, 0.524305522441864, 0.5962942242622375, 0.621989369392395, 0.6848496198654175, 0.7392573356628418, 0.7994205355644226, 0.8281471729278564, 0.8421257734298706, 0.8858095407485962]","{'network_latency': {'p50_ms': 12.8168, 'median_ms': 12.8168, 'mean_ms': 12.8168, 'p95_ms': 12.8168, 'minimum_ms': 12.8168, 'maximum_ms': 12.8168, 'repeat_ms': [12.8168]}, 'end_to_end_latency': {'p50_ms': 15.4985, 'median_ms': 15.4985, 'mean_ms': 15.4985, 'p95_ms': 15.4985, 'minimum_ms': 15.4985, 'maximum_ms': 15.4985, 'repeat_ms': [15.4985]}, 'postprocessing': 'none', 'tolerance_conditioned_network': True, 'network_mse_tolerance': 5e-05}",
Synthetic,seed20000_sample365,independent_365,9,9,park_dominant_point_2007_adaptation,False,ok,4.181495806023598e-05,True,,,28,85.06140002282336,,"[0.15806827114106753, 0.1740910035233091, 0.19076131978704, 0.21074603409454717, 0.23054486889748257, 0.2436614919621768, 0.2803108994391404, 0.3165484974243025, 0.3767932260592681, 0.40777072436144524, 0.4390660536595514, 0.46331421006148504, 0.4887763627759467, 0.513769661646063, 0.5212902623371382, 0.5420427057308346, 0.5638850708401032, 0.5851157831360579, 0.60527158250564, 0.6283530417421136, 0.6523929578305699, 0.663226820352291, 0.694235788937834, 0.7247083076098045, 0.7547314661678719, 0.7809848944409096, 0.8174580931921652, 0.8607327779927724]","{'network_used': False, 'parameterization': 'chord_length', 'reported_refit': 'unregularized standard B-spline least squares with exact endpoint interpolation', 'timing_scope': 'complete numerical method: chord parameterization, knot selection/relocation, and final endpoint-constrained refit', 'mse_tolerance': 5e-05, 'smoothness_weight': 0.0, 'control_ridge': 0.0, 'interpolate_endpoints': True, 'declared_max_internal_knots': 64, 'declared_paper_initial_knots': 64, 'method': 'park_lee_dom_2007_adaptation', 'reference_doi': '10.1016/j.cad.2006.12.006', 'knot_placement': 'Park-Lee Eq. (4): each interior knot averages degree consecutive dominant-point parameters', 'lcm_lower_bound': 4.141602671665512, 'lcm_seed_count': 61, 'shape_weight_r': 0.8, 'shape_index': 'r*K_s,e/K_0,m + (1-r)*L_s,e/L_0,m', 'curvature_integral': 'trapezoidal in chord parameter', 'curvature_source': 'generalized local Menger curvature; no optional smoothed base curve', 'refinement_region': 'segment containing largest sampled parameter-correspondence residual', 'refinement_point': 'argmin_w |lambda_s,w - lambda_w,e|', 'stopping_metric': 'mean squared Euclidean parameter-correspondence error', 'distance_metric_deviation': ""comparison adaptation stops on common MSE; it does not reproduce the paper's maximum-distance or iterative orthogonal-distance criterion"", 'seed_completion_deviation': 'shape-index splits complete degree+1 dominant points when too few LCM seeds exist', 'effective_max_internal_knots': 64, 'requested_max_internal_knots': 64, 'selected_sources': ('endpoint', 'endpoint', 'lcm_seed', 'lcm_seed', 'lcm_seed', 'lcm_seed', 'lcm_seed', 'lcm_seed', 'lcm_seed', 'lcm_seed', 'lcm_seed', 'lcm_seed', 'lcm_seed', 'lcm_seed', 'lcm_seed', 'lcm_seed', 'lcm_seed', 'lcm_seed', 'lcm_seed', 'lcm_seed', 'lcm_seed', 'lcm_seed', 'lcm_seed', 'lcm_seed', 'lcm_seed', 'lcm_seed', 'lcm_seed', 'lcm_seed', 'lcm_seed', 'lcm_seed', 'lcm_seed', 'lcm_seed'), 'boundary_knot_clamp_count': 0, 'threshold_satisfied': True, 'scanned_counts': (0, 1, 2, 3, 4, 5, 6, 7, 8, 9, 10, 11, 12, 13, 14, 15, 16, 17, 18, 19, 20, 21, 22, 23, 24, 25, 26, 27, 28), 'scanned_mse': (0.010462566654537554, 0.004940190307158226, 0.003937169874169813, 0.0038309044717493653, 0.003209911889404117, 0.0029876030671934883, 0.002775126333689293, 0.0023700096014424477, 0.0009996552190824732, 0.0009750684637929774, 0.0009006484066833095, 0.0008816423830867211, 0.0008495568530247563, 0.0005015825638912487, 0.0004987868869804471, 0.0004659288085333145, 0.00038827247315366566, 0.00037440115246235666, 0.00030181197945290683, 0.00021582633423119826, 0.00021332397079771835, 0.00021227634024869807, 0.00020339700268560043, 0.00015694051538607136, 0.00015703035206023479, 0.0001560863249647811, 0.0001543172373681755, 0.0001410958472039823, 4.181495806023598e-05), 'scanned_max_parameter_residual': (0.1996548569093061, 0.16150070605041678, 0.1453003551129883, 0.14483065249781085, 0.12195879971125562, 0.10230862480894261, 0.09421781555438706, 0.10190133087779506, 0.07501955112128283, 0.0769102935730177, 0.07537960716070632, 0.0753692293365937, 0.0731570145514691, 0.0506305472117423, 0.05063225598645921, 0.05063178544424451, 0.06561259744609359, 0.055884033145734806, 0.05588231000578248, 0.05047864514661396, 0.050477974968572675, 0.050507978005099874, 0.0425857288428577, 0.04258567888730794, 0.042571393483672997, 0.04257187259989562, 0.04259307089746934, 0.0425930689403453, 0.017595146169712937), 'exact_refit_count': 29, 'method_fidelity': 'core DOM equations with a common-MSE stopping wrapper', 'repeated_complete_timing': {'repeats': 1, 'samples_ms': [85.06140002282336], 'p50_ms': 85.06140002282336, 'mean_ms': 85.06140002282336}}",
Synthetic,seed20000_sample365,independent_365,9,9,liang_feature_iki_2017_adaptation,False,ok,4.41238305095272e-05,True,,,25,63.955800025723875,,"[0.017496664552483103, 0.02970272780308893, 0.05456755385086976, 0.10094511579931606, 0.12413389677353921, 0.14732267774776237, 0.19370023969620864, 0.24007780164465495, 0.28645536359310125, 0.30964414456732436, 0.33283292554154753, 0.37921048748999386, 0.40239926846421703, 0.42558804943844014, 0.4614887963485377, 0.49738954325863516, 0.5691910370788301, 0.6050917839889276, 0.6409925308990251, 0.71279402471922, 0.7486947716293175, 0.7845955185394151, 0.8563970123596101, 0.8922977592697076, 0.928198506179805]","{'network_used': False, 'parameterization': 'chord_length', 'reported_refit': 'unregularized standard B-spline least squares with exact endpoint interpolation', 'timing_scope': 'complete numerical method: chord parameterization, knot selection/relocation, and final endpoint-constrained refit', 'mse_tolerance': 5e-05, 'smoothness_weight': 0.0, 'control_ridge': 0.0, 'interpolate_endpoints': True, 'declared_max_internal_knots': 64, 'declared_paper_initial_knots': 64, 'reference_doi': '10.1088/1361-6501/aa6a05', 'variant': 'feature_integral_plus_iki_disclosed_adaptation', 'dense_internal_knot_count': 64, 'initial_internal_knot_count': 4, 'inserted_internal_knot_count': 21, 'curvature_weight': 0.5, 'feature_sample_count': 1025, 'scanned_counts': (4, 5, 6, 7, 8, 9, 10, 11, 12, 13, 14, 15, 16, 17, 18, 19, 20, 21, 22, 23, 24, 25), 'scanned_mse': (0.003629707991998452, 0.0035152217431262335, 0.0034838712420365904, 0.003168114767299613, 0.0030219682229776245, 0.002323012618999799, 0.002011113720724368, 0.0019212153089603534, 0.001919124171061817, 0.0007325450963323729, 0.000616181396812456, 0.0005613037185938781, 0.0004342062351403478, 0.00034657070913505524, 0.0002546273528303337, 0.0001592614259355118, 0.00014516600804894328, 0.00010911724045888007, 8.900129562392551e-05, 7.302358568627413e-05, 5.499658689835456e-05, 4.41238305095272e-05), 'scanned_max_parameter_residual': (0.12481376358990519, 0.12116060039484944, 0.11670295689125276, 0.11598564550688893, 0.11182610649791765, 0.09457623171539144, 0.09120307987927019, 0.0914720018237309, 0.09157152271025415, 0.06796520253320026, 0.05201499101984586, 0.048382209405668855, 0.047058879606310035, 0.03781708510384076, 0.033488558455362756, 0.02548125435267021, 0.025049299100533228, 0.024920066409223274, 0.021882105767953804, 0.020947285296563804, 0.017355932181328842, 0.015596044779678348), 'exact_refit_count': 23, 'paper_native_objective': 'error-bounded feature-integral initialization plus iterative knot insertion', 'comparison_wrapper': 'explicit 0.5 arc/curvature feature blend by default, worst-residual span midpoint insertion, and common-MSE stopping', 'method_fidelity': ""Liang-inspired adaptation; the access-controlled article's exact feature equation and constants are not claimed"", 'threshold_satisfied': True, 'repeated_complete_timing': {'repeats': 1, 'samples_ms': [63.955800025723875], 'p50_ms': 63.955800025723875, 'mean_ms': 63.955800025723875}}",
Synthetic,seed20000_sample365,independent_365,9,9,dung_direct_knot_2017_adaptation,False,ok,4.4199988157102214e-05,True,,,21,622.759899997618,,"[0.13628234990060484, 0.13846153846153847, 0.16923076923076924, 0.22669732980722462, 0.23076923076923078, 0.30180822716855193, 0.34937991256383644, 0.43869297900365417, 0.5384615384615384, 0.5414797756334996, 0.5846153846153845, 0.6130326557033685, 0.6615384615384615, 0.7001080731247903, 0.7576860282240329, 0.8461538461538461, 0.8615384615384616, 0.887582743466049, 0.8923076923076922, 0.9230769230769231, 0.9538461538461538]","{'network_used': False, 'parameterization': 'chord_length', 'reported_refit': 'unregularized endpoint-constrained standard B-spline least squares', 'timing_scope': 'complete numerical method: chord parameterization, knot selection/relocation, and final endpoint-constrained refit', 'mse_tolerance': 5e-05, 'smoothness_weight': 0.0, 'control_ridge': 0.0, 'interpolate_endpoints': True, 'declared_max_internal_knots': 64, 'declared_paper_initial_knots': 64, 'paper': 'Dung and Tjahjowidodo, PLOS ONE 2017, doi:10.1371/journal.pone.0173857', 'variant': 'serial_bisection_simple_knot_adaptation', 'native_control_norm': 'maximum Euclidean point residual', 'native_max_error_tolerance': 0.007071067811865475, 'native_final_max_error': 0.07424253307674075, 'native_final_mse': 0.0017984870800171315, 'common_final_max_error': 0.07734266332680567, 'common_final_mse': 0.0018452605168658486, 'all_local_segments_native_feasible': True, 'local_piecewise_feasible_global_common_refit_failed': True, 'native_global_max_error_threshold_satisfied': False, 'native_global_common_mse_threshold_satisfied': False, 'native_global_internal_knot_count': 10, 'common_final_metrics_scope': 'native adaptation before any optional comparison feasibility safeguard', 'segments': ((0, 10), (11, 28), (29, 46), (47, 60), (61, 77), (78, 95), (96, 114), (115, 133), (134, 153), (154, 172), (173, 191)), 'segment_max_errors': (0.006983630719182994, 0.0063758595786403615, 0.006783262877580735, 0.005792425207269587, 0.0057169678840565084, 0.005965242290002955, 0.005806824462012906, 0.006824278349516, 0.006988854524351106, 0.0060479675331433095, 0.0055010822687311806), 'coarse_break_indices': (10, 28, 46, 60, 77, 95, 114, 133, 153, 172), 'proposed_internal_knot_count': 10, 'retained_internal_knot_count': 10, 'scan_evaluations': 110, 'optimization_evaluations': 54, 'single_piece_evaluations': 99, 'exact_refit_count': 265, 'gauss_newton_fallback_count': 0, 'capacity_exceeded': False, 'capacity_handling': 'none', 'adaptation_limits': ('serial bisection only; parallel split/join/shift is not implemented', 'simple interior knots only; multiplicity and continuity classification are omitted', 'default native max-error epsilon is sqrt(mse_tolerance), which is a unit conversion rather than an equivalent constraint', 'capacity overflow is handled by deterministic uniform coarse-break subsampling before relocation', 'guarded float64 least squares and finite-difference Gauss-Newton replace MATLAB numerical edge behavior'), 'method_fidelity': 'serial simple-knot adaptation; parallel operations and knot multiplicity classification are not reproduced', 'threshold_satisfied_native_max_error': False, 'threshold_satisfied_common_max_error_before_safeguard': False, 'native_common_refit_mse': 0.0018452605168658486, 'native_common_refit_k': 10, 'native_common_refit_threshold_satisfied': False, 'comparison_method_capacity': 64, 'comparison_feasibility_safeguard_version': 'bounded_common_mse_v1', 'comparison_feasibility_safeguard_enabled': True, 'comparison_feasibility_safeguard_used': True, 'comparison_feasibility_safeguard_attempted': True, 'comparison_feasibility_safeguard_role': 'repository comparison wrapper; not part of the cited method', 'comparison_feasibility_native_mse': 0.0018452605168658486, 'comparison_feasibility_native_k': 10, 'comparison_feasibility_native_threshold_satisfied': False, 'comparison_feasibility_native_knots': (0.13628234990060484, 0.22669732980722462, 0.30180822716855193, 0.34937991256383644, 0.43869297900365417, 0.5414797756334996, 0.6130326557033685, 0.7001080731247903, 0.7576860282240329, 0.887582743466049), 'comparison_feasibility_added_knots': (0.9538461538461538, 0.9230769230769231, 0.8923076923076922, 0.5846153846153845, 0.13846153846153847, 0.8615384615384616, 0.16923076923076924, 0.5384615384615384, 0.6615384615384615, 0.8461538461538461, 0.23076923076923078), 'comparison_feasibility_added_knots_scope': 'residual-guided path; final_knots are authoritative after any uniform fallback', 'comparison_feasibility_refit_count': 33, 'comparison_feasibility_final_source': 'residual_guided_augmentation', 'comparison_feasibility_final_mse': 4.4199988157102214e-05, 'comparison_feasibility_final_k': 21, 'comparison_feasibility_final_knots': (0.13628234990060484, 0.13846153846153847, 0.16923076923076924, 0.22669732980722462, 0.23076923076923078, 0.30180822716855193, 0.34937991256383644, 0.43869297900365417, 0.5384615384615384, 0.5414797756334996, 0.5846153846153845, 0.6130326557033685, 0.6615384615384615, 0.7001080731247903, 0.7576860282240329, 0.8461538461538461, 0.8615384615384616, 0.887582743466049, 0.8923076923076922, 0.9230769230769231, 0.9538461538461538), 'comparison_feasibility_threshold_satisfied': True, 'comparison_feasibility_status': 'repaired_feasible', 'comparison_feasibility_dense_capacity_mse': None, 'comparison_feasibility_dense_capacity_threshold_satisfied': None, 'comparison_feasibility_capacity': 64, 'comparison_method_label': 'threshold-safe adaptation', 'threshold_satisfied': True, 'repeated_complete_timing': {'repeats': 1, 'samples_ms': [622.759899997618], 'p50_ms': 622.759899997618, 'mean_ms': 622.759899997618}}",
Synthetic,seed20000_sample365,independent_365,9,9,kang_sparse_2015_adaptation,False,ok,4.482372092138413e-05,True,,,15,1435.372100037057,,"[0.0920673076923077, 0.12620192307692307, 0.18629807692307693, 0.25216346153846153, 0.35384615384615387, 0.35534855769230766, 0.44495192307692305, 0.5189903846153845, 0.5843749999999999, 0.6623798076923078, 0.676923076923077, 0.7384615384615385, 0.7632211538461537, 0.8165865384615385, 0.8771634615384616]","{'network_used': False, 'parameterization': 'chord_length', 'reported_refit': 'unregularized standard B-spline least squares with exact endpoint interpolation', 'timing_scope': 'complete numerical method: chord parameterization, knot selection/relocation, and final endpoint-constrained refit', 'mse_tolerance': 5e-05, 'smoothness_weight': 0.0, 'control_ridge': 0.0, 'interpolate_endpoints': True, 'declared_max_internal_knots': 64, 'declared_paper_initial_knots': 64, 'initial_internal_knot_count': 64, 'dense_initial_fit_mse': 1.0754380675212614e-06, 'dense_initial_threshold_satisfied': True, 'active_internal_knot_count': 32, 'cluster_sizes': (1, 2, 3, 3, 4, 3, 2, 3, 3, 3, 3, 2), 'active_cluster_count': 12, 'relocated_internal_knot_count': 12, 'relocated_unique_knot_count': 12, 'relocated_knot_multiplicities': (1, 1, 1, 1, 1, 1, 1, 1, 1, 1, 1, 1), 'active_to_relocated_compression_ratio': 0.375, 'sparse_stage_mse': 4.9959890853207724e-05, 'sparse_stage_threshold_satisfied': True, 'native_sparse_feasible_final_common_refit_failed': True, 'sparse_and_final_mse_are_directly_comparable': False, 'sparse_iterations': 2100, 'sparse_solver_seconds': 0.7955194000387564, 'relocation_seconds': 0.5193792000063695, 'non_paper_feasibility_repair_enabled': False, 'paper_feasibility_repair_used': False, 'paper_feasibility_repair_added_count': 0, 'local_refit_count': 164, 'method_note': ""Vector-valued group-L1 ADMM adaptation of Kang et al. (2015) equation (12), followed by Algorithms 4-5 only for clear short active clusters; long general-data runs retain their active knots because Algorithm 1 is not reproduced; not the paper's scalar CVX implementation."", 'relocation_method': ""Algorithms 4-5 adaptation: classify adjacent active uniform knots by spacing, retain each cluster's boundary pair, narrow it by exact least-squares comparisons, then apply the 2*E_double < E_single single/double-knot decision."", 'algorithm4_cluster_relocation_applied': True, 'absolute_jump_threshold': 1e-07, 'relative_jump_threshold': 0.001, 'effective_jump_threshold': 5.832183174812487, 'native_final_fit_mse_without_endpoint_constraint': 8.856247071512123e-05, 'native_endpoint_constrained_mse': 8.886862410448328e-05, 'endpoint_constraint_fallback': 'disabled', 'native_common_refit_mse': 8.886862410448328e-05, 'native_common_refit_k': 12, 'native_common_refit_threshold_satisfied': False, 'comparison_method_capacity': 64, 'comparison_feasibility_safeguard_version': 'bounded_common_mse_v1', 'comparison_feasibility_safeguard_enabled': True, 'comparison_feasibility_safeguard_used': True, 'comparison_feasibility_safeguard_attempted': True, 'comparison_feasibility_safeguard_role': 'repository comparison wrapper; not part of the cited method', 'comparison_feasibility_native_mse': 8.886862410448328e-05, 'comparison_feasibility_native_k': 12, 'comparison_feasibility_native_threshold_satisfied': False, 'comparison_feasibility_native_knots': (0.0920673076923077, 0.12620192307692307, 0.18629807692307693, 0.25216346153846153, 0.35534855769230766, 0.44495192307692305, 0.5189903846153845, 0.5843749999999999, 0.6623798076923078, 0.7632211538461537, 0.8165865384615385, 0.8771634615384616), 'comparison_feasibility_added_knots': (0.35384615384615387, 0.676923076923077, 0.7384615384615385), 'comparison_feasibility_added_knots_scope': 'residual-guided path; final_knots are authoritative after any uniform fallback', 'comparison_feasibility_refit_count': 9, 'comparison_feasibility_final_source': 'residual_guided_augmentation', 'comparison_feasibility_final_mse': 4.482372092138413e-05, 'comparison_feasibility_final_k': 15, 'comparison_feasibility_final_knots': (0.0920673076923077, 0.12620192307692307, 0.18629807692307693, 0.25216346153846153, 0.35384615384615387, 0.35534855769230766, 0.44495192307692305, 0.5189903846153845, 0.5843749999999999, 0.6623798076923078, 0.676923076923077, 0.7384615384615385, 0.7632211538461537, 0.8165865384615385, 0.8771634615384616), 'comparison_feasibility_threshold_satisfied': True, 'comparison_feasibility_status': 'repaired_feasible', 'comparison_feasibility_dense_capacity_mse': None, 'comparison_feasibility_dense_capacity_threshold_satisfied': None, 'comparison_feasibility_capacity': 64, 'comparison_method_label': 'threshold-safe adaptation', 'threshold_satisfied': True, 'repeated_complete_timing': {'repeats': 1, 'samples_ms': [1435.372100037057], 'p50_ms': 1435.372100037057, 'mean_ms': 1435.372100037057}}",
Synthetic,seed20000_sample365,independent_365,9,9,luo_linf_de_2022_adaptation,False,ok,4.5783312821448173e-05,True,,,21,2311.7103000404313,,"[0.046153846153846156, 0.12299140754200748, 0.16990386341039626, 0.17646123693163018, 0.28290621071579114, 0.2852107304654177, 0.30700685806985406, 0.33626519721073345, 0.42016160033917166, 0.4307692307692308, 0.49363209618957626, 0.5253331928519729, 0.5726133825627341, 0.6108505225169056, 0.6680144848983334, 0.676923076923077, 0.7211388034498447, 0.7507366307656869, 0.7855034284857452, 0.8504949556062319, 0.8931757445726167]","{'network_used': False, 'parameterization': 'chord_length', 'reported_refit': 'unregularized standard B-spline least squares with exact endpoint interpolation', 'timing_scope': 'complete numerical method: chord parameterization, knot selection/relocation, and final endpoint-constrained refit', 'mse_tolerance': 5e-05, 'smoothness_weight': 0.0, 'control_ridge': 0.0, 'interpolate_endpoints': True, 'declared_max_internal_knots': 64, 'declared_paper_initial_knots': 64, 'reference_doi': '10.4208/jcm.2012-m2020-0203', 'variant': 'linf1_jump_sparsity_plus_differential_evolution', 'initial_internal_knot_count': 64, 'dense_initial_fit_mse': 1.0754380675212614e-06, 'dense_initial_threshold_satisfied': True, 'selected_regularization': 3.186396774005832e-05, 'sparse_stage_mse': 1.2709635779872139e-05, 'sparse_stage_threshold_satisfied': True, 'jump_local_maximum_eta': 0.5, 'candidate_internal_knot_count': 18, 'initial_to_candidate_compression_ratio': 0.28125, 'candidate_refit_mse_before_de': 4.343137411162532e-05, 'candidate_refit_threshold_satisfied_before_de': True, 'candidate_selection_lost_sparse_feasibility': False, 'de_population': 10, 'de_iterations': 10, 'de_evaluations': 110, 'de_initial_max_error': 0.017878340935264445, 'de_final_max_error': 0.017435164586171403, 'de_restored_common_mse_feasibility': False, 'paper_native_objective': 'nonsquared Frobenius data term plus l-infinity,1 derivative-jump penalty; DE minimizes maximum Euclidean error', 'comparison_wrapper': 'regularization is selected against the common MSE budget and the final fit uses the common endpoint-constrained refit', 'method_fidelity': 'defining mixed-norm, local-maximum selection, and DE stages are reproduced; hyperparameter selection is adapted', 'native_common_refit_mse': 7.569801375233313e-05, 'native_common_refit_k': 18, 'native_common_refit_threshold_satisfied': False, 'comparison_method_capacity': 64, 'comparison_feasibility_safeguard_version': 'bounded_common_mse_v1', 'comparison_feasibility_safeguard_enabled': True, 'comparison_feasibility_safeguard_used': True, 'comparison_feasibility_safeguard_attempted': True, 'comparison_feasibility_safeguard_role': 'repository comparison wrapper; not part of the cited method', 'comparison_feasibility_native_mse': 7.569801375233313e-05, 'comparison_feasibility_native_k': 18, 'comparison_feasibility_native_threshold_satisfied': False, 'comparison_feasibility_native_knots': (0.12299140754200748, 0.16990386341039626, 0.17646123693163018, 0.28290621071579114, 0.2852107304654177, 0.30700685806985406, 0.33626519721073345, 0.42016160033917166, 0.49363209618957626, 0.5253331928519729, 0.5726133825627341, 0.6108505225169056, 0.6680144848983334, 0.7211388034498447, 0.7507366307656869, 0.7855034284857452, 0.8504949556062319, 0.8931757445726167), 'comparison_feasibility_added_knots': (0.046153846153846156, 0.4307692307692308, 0.676923076923077), 'comparison_feasibility_added_knots_scope': 'residual-guided path; final_knots are authoritative after any uniform fallback', 'comparison_feasibility_refit_count': 9, 'comparison_feasibility_final_source': 'residual_guided_augmentation', 'comparison_feasibility_final_mse': 4.5783312821448173e-05, 'comparison_feasibility_final_k': 21, 'comparison_feasibility_final_knots': (0.046153846153846156, 0.12299140754200748, 0.16990386341039626, 0.17646123693163018, 0.28290621071579114, 0.2852107304654177, 0.30700685806985406, 0.33626519721073345, 0.42016160033917166, 0.4307692307692308, 0.49363209618957626, 0.5253331928519729, 0.5726133825627341, 0.6108505225169056, 0.6680144848983334, 0.676923076923077, 0.7211388034498447, 0.7507366307656869, 0.7855034284857452, 0.8504949556062319, 0.8931757445726167), 'comparison_feasibility_threshold_satisfied': True, 'comparison_feasibility_status': 'repaired_feasible', 'comparison_feasibility_dense_capacity_mse': None, 'comparison_feasibility_dense_capacity_threshold_satisfied': None, 'comparison_feasibility_capacity': 64, 'comparison_method_label': 'threshold-safe adaptation', 'threshold_satisfied': True, 'repeated_complete_timing': {'repeats': 1, 'samples_ms': [2311.7103000404313], 'p50_ms': 2311.7103000404313, 'mean_ms': 2311.7103000404313}}",
Synthetic,seed20000_sample2797,independent_2797,10,10,ours,False,ok,2.7276056600747443e-05,True,,,19,14.0863,12.0106,"[0.10171830654144287, 0.1819234937429428, 0.2100907862186432, 0.25296902656555176, 0.3044487237930298, 0.3434261977672577, 0.38839343190193176, 0.42793649435043335, 0.5056982636451721, 0.5361576676368713, 0.5609863996505737, 0.6169275045394897, 0.6418542861938477, 0.7115365862846375, 0.7490816116333008, 0.7899653911590576, 0.8247357606887817, 0.8462380766868591, 0.8881769180297852]","{'network_latency': {'p50_ms': 12.0106, 'median_ms': 12.0106, 'mean_ms': 12.0106, 'p95_ms': 12.0106, 'minimum_ms': 12.0106, 'maximum_ms': 12.0106, 'repeat_ms': [12.0106]}, 'end_to_end_latency': {'p50_ms': 14.0863, 'median_ms': 14.0863, 'mean_ms': 14.0863, 'p95_ms': 14.0863, 'minimum_ms': 14.0863, 'maximum_ms': 14.0863, 'repeat_ms': [14.0863]}, 'postprocessing': 'none', 'tolerance_conditioned_network': True, 'network_mse_tolerance': 5e-05}",
Synthetic,seed20000_sample2797,independent_2797,10,10,park_dominant_point_2007_adaptation,False,ok,3.230990412262508e-05,True,,,48,173.57240000274032,,"[0.13012675744089983, 0.14949750952400598, 0.1661090806253639, 0.20013058903166972, 0.22725532465276368, 0.25363901598618815, 0.2604362753533806, 0.2807148776850621, 0.3013368732332189, 0.32147934912761406, 0.3279410350051153, 0.33500472553291444, 0.3457139345669283, 0.3574787111024438, 0.3693328561413005, 0.37757077586732396, 0.38566169477674633, 0.39199914041664136, 0.39935725571531727, 0.40770078381639396, 0.4159663323056575, 0.42505931321306667, 0.4323129011662827, 0.43978766358959476, 0.44574691264201666, 0.4514077865222375, 0.45689978758998945, 0.46416060505987716, 0.4842352667700735, 0.5067429305385124, 0.5267935733015201, 0.5333848424247295, 0.5456269048438863, 0.564860531161732, 0.5859851919509742, 0.599330984321976, 0.6059677018285501, 0.6123617969181058, 0.6276197615979208, 0.6455614241232221, 0.6647608319477211, 0.675798628850572, 0.7049075471335433, 0.7328571658565659, 0.7621974174094349, 0.7932436634503577, 0.8250773506975012, 0.8657533418432167]","{'network_used': False, 'parameterization': 'chord_length', 'reported_refit': 'unregularized standard B-spline least squares with exact endpoint interpolation', 'timing_scope': 'complete numerical method: chord parameterization, knot selection/relocation, and final endpoint-constrained refit', 'mse_tolerance': 5e-05, 'smoothness_weight': 0.0, 'control_ridge': 0.0, 'interpolate_endpoints': True, 'declared_max_internal_knots': 64, 'declared_paper_initial_knots': 64, 'method': 'park_lee_dom_2007_adaptation', 'reference_doi': '10.1016/j.cad.2006.12.006', 'knot_placement': 'Park-Lee Eq. (4): each interior knot averages degree consecutive dominant-point parameters', 'lcm_lower_bound': 5.179068871085865, 'lcm_seed_count': 53, 'shape_weight_r': 0.8, 'shape_index': 'r*K_s,e/K_0,m + (1-r)*L_s,e/L_0,m', 'curvature_integral': 'trapezoidal in chord parameter', 'curvature_source': 'generalized local Menger curvature; no optional smoothed base curve', 'refinement_region': 'segment containing largest sampled parameter-correspondence residual', 'refinement_point': 'argmin_w |lambda_s,w - lambda_w,e|', 'stopping_metric': 'mean squared Euclidean parameter-correspondence error', 'distance_metric_deviation': ""comparison adaptation stops on common MSE; it does not reproduce the paper's maximum-distance or iterative orthogonal-distance criterion"", 'seed_completion_deviation': 'shape-index splits complete degree+1 dominant points when too few LCM seeds exist', 'effective_max_internal_knots': 64, 'requested_max_internal_knots': 64, 'selected_sources': ('endpoint', 'endpoint', 'lcm_seed', 'lcm_seed', 'lcm_seed', 'lcm_seed', 'lcm_seed', 'lcm_seed', 'lcm_seed', 'lcm_seed', 'lcm_seed', 'lcm_seed', 'lcm_seed', 'lcm_seed', 'lcm_seed', 'lcm_seed', 'lcm_seed', 'lcm_seed', 'lcm_seed', 'lcm_seed', 'lcm_seed', 'lcm_seed', 'lcm_seed', 'lcm_seed', 'lcm_seed', 'lcm_seed', 'lcm_seed', 'lcm_seed', 'lcm_seed', 'lcm_seed', 'lcm_seed', 'lcm_seed', 'lcm_seed', 'lcm_seed', 'lcm_seed', 'lcm_seed', 'lcm_seed', 'lcm_seed', 'lcm_seed', 'lcm_seed', 'lcm_seed', 'lcm_seed', 'lcm_seed', 'lcm_seed', 'lcm_seed', 'lcm_seed', 'lcm_seed', 'lcm_seed', 'lcm_seed', 'lcm_seed', 'lcm_seed', 'lcm_seed'), 'boundary_knot_clamp_count': 0, 'threshold_satisfied': True, 'scanned_counts': (0, 1, 2, 3, 4, 5, 6, 7, 8, 9, 10, 11, 12, 13, 14, 15, 16, 17, 18, 19, 20, 21, 22, 23, 24, 25, 26, 27, 28, 29, 30, 31, 32, 33, 34, 35, 36, 37, 38, 39, 40, 41, 42, 43, 44, 45, 46, 47, 48), 'scanned_mse': (0.004464996376270029, 0.004132822209958292, 0.0037288326893215647, 0.003558997828433889, 0.003521964343077612, 0.0033356732867510113, 0.0029492219864396974, 0.0025268493663401477, 0.002173162224416821, 0.0020596864054578637, 0.002045164040821934, 0.002037949570228435, 0.0020316521555936357, 0.0020304117416191643, 0.0020296534041376138, 0.002029586985443224, 0.0020351253278812586, 0.001842421293165169, 0.0017458009458863758, 0.0013095776359691245, 0.0010745683293253453, 0.001074385662757151, 0.0010693917840473327, 0.0010314888256679113, 0.001031105267664894, 0.001006757565723542, 0.0006944795971601053, 0.0006944661552522849, 0.0005710456186119711, 0.000557212493422072, 0.0005514994526780651, 0.0005513759338861497, 0.0005497785157870331, 0.000221140525634038, 0.00018638442627258306, 0.00018635842101382544, 0.00018497102969163189, 0.0001849515553064432, 0.00012997361016397525, 0.00012888957469587266, 0.00012879880926663085, 0.0001285295272225513, 0.0001285113066575566, 0.00012839700748173508, 0.0001273320279983504, 0.000127313711874348, 0.00012717860348324052, 9.210719630217592e-05, 3.230990412262508e-05), 'scanned_max_parameter_residual': (0.12048766956993366, 0.11591697605782074, 0.11594182212397558, 0.10372781835444621, 0.10153838856948198, 0.09907448403630442, 0.10757740409472417, 0.11177956194439762, 0.11113129391905711, 0.11718856820694461, 0.11730155738268722, 0.11749371944218444, 0.1176722812298438, 0.11770339501391663, 0.1177021840613193, 0.1176997312899424, 0.1079743644898831, 0.10797218386514423, 0.10797426542398535, 0.107973426728549, 0.09703093581754582, 0.09703219553184442, 0.09703216660803529, 0.10186999378222217, 0.1018699666751154, 0.10186997061104267, 0.0812872752824481, 0.08128731268640596, 0.08128731400470796, 0.08015696208166896, 0.08015696212539095, 0.08015481084894445, 0.08015481098579998, 0.048536702522670616, 0.07257636169342004, 0.07257635891365413, 0.07285352478035768, 0.07285350789308594, 0.07285350788851098, 0.07285350788858408, 0.07285927252420164, 0.07285988397298673, 0.07285988398355493, 0.07285657844861049, 0.07254376423430589, 0.07254376423421116, 0.07252200247808559, 0.05880759839227543, 0.023335705822885706), 'exact_refit_count': 49, 'method_fidelity': 'core DOM equations with a common-MSE stopping wrapper', 'repeated_complete_timing': {'repeats': 1, 'samples_ms': [173.57240000274032], 'p50_ms': 173.57240000274032, 'mean_ms': 173.57240000274032}}",
Synthetic,seed20000_sample2797,independent_2797,10,10,liang_feature_iki_2017_adaptation,False,ok,4.747688260088083e-05,True,,,25,75.1093000289984,,"[0.01524726098817867, 0.028401457157643847, 0.051036787006421926, 0.06235445193081096, 0.0736721168552, 0.11103760108121762, 0.14840308530723523, 0.18576856953325283, 0.22313405375927042, 0.260499537985288, 0.2978650222113056, 0.3352305064373232, 0.3725959906633408, 0.4099614748893584, 0.447326959115376, 0.4846924433413936, 0.5220579275674112, 0.5594234117934288, 0.5967888960194464, 0.6715198644714816, 0.7125798814125464, 0.7536398983536112, 0.8357599322357407, 0.9178799661178704, 0.9589399830589351]","{'network_used': False, 'parameterization': 'chord_length', 'reported_refit': 'unregularized standard B-spline least squares with exact endpoint interpolation', 'timing_scope': 'complete numerical method: chord parameterization, knot selection/relocation, and final endpoint-constrained refit', 'mse_tolerance': 5e-05, 'smoothness_weight': 0.0, 'control_ridge': 0.0, 'interpolate_endpoints': True, 'declared_max_internal_knots': 64, 'declared_paper_initial_knots': 64, 'reference_doi': '10.1088/1361-6501/aa6a05', 'variant': 'feature_integral_plus_iki_disclosed_adaptation', 'dense_internal_knot_count': 64, 'initial_internal_knot_count': 4, 'inserted_internal_knot_count': 21, 'curvature_weight': 0.5, 'feature_sample_count': 1025, 'scanned_counts': (4, 5, 6, 7, 8, 9, 10, 11, 12, 13, 14, 15, 16, 17, 18, 19, 20, 21, 22, 23, 24, 25), 'scanned_mse': (0.0037467270446117844, 0.0035306984288504422, 0.00342789008792181, 0.0033890208202955216, 0.003132431868077288, 0.0031043215942860186, 0.0025454565012535974, 0.002447156183397342, 0.0023359526258506977, 0.002074960029824087, 0.0018971828247234172, 0.00043099468235596256, 0.0003338240497213411, 0.00029021625112804266, 0.0002808386936872333, 0.00019082722930373135, 0.0001301941434836555, 0.00011290899880615956, 8.574280792614137e-05, 7.989312779034217e-05, 5.856656684177968e-05, 4.747688260088083e-05), 'scanned_max_parameter_residual': (0.1256673320421413, 0.10723655615884489, 0.10577926635104518, 0.10330954212744413, 0.10497596004257102, 0.1032448985911099, 0.10097811165179287, 0.1069797953402103, 0.0948904017713332, 0.09366072294234977, 0.09277732092410737, 0.08104410611994624, 0.03993946618087069, 0.03339269864901238, 0.03705390579060905, 0.036880973827658994, 0.023741337842980444, 0.023333674796147428, 0.02089131440995988, 0.019242609916405955, 0.017110594705231748, 0.013603321611959292), 'exact_refit_count': 23, 'paper_native_objective': 'error-bounded feature-integral initialization plus iterative knot insertion', 'comparison_wrapper': 'explicit 0.5 arc/curvature feature blend by default, worst-residual span midpoint insertion, and common-MSE stopping', 'method_fidelity': ""Liang-inspired adaptation; the access-controlled article's exact feature equation and constants are not claimed"", 'threshold_satisfied': True, 'repeated_complete_timing': {'repeats': 1, 'samples_ms': [75.1093000289984], 'p50_ms': 75.1093000289984, 'mean_ms': 75.1093000289984}}",
Synthetic,seed20000_sample2797,independent_2797,10,10,dung_direct_knot_2017_adaptation,False,ok,4.851633779570622e-05,True,,,20,622.5410000188276,,"[0.13936354862083492, 0.175789636510513, 0.18461538461538463, 0.2540716003464217, 0.26153846153846155, 0.3402719043622247, 0.4, 0.42425336210854026, 0.4264427560380325, 0.46472570211469866, 0.5354627859787237, 0.6057663647472532, 0.6804142846597151, 0.7526949826339515, 0.7538461538461538, 0.8615384615384616, 0.8923076923076922, 0.908974554345298, 0.9230769230769231, 0.9538461538461538]","{'network_used': False, 'parameterization': 'chord_length', 'reported_refit': 'unregularized endpoint-constrained standard B-spline least squares', 'timing_scope': 'complete numerical method: chord parameterization, knot selection/relocation, and final endpoint-constrained refit', 'mse_tolerance': 5e-05, 'smoothness_weight': 0.0, 'control_ridge': 0.0, 'interpolate_endpoints': True, 'declared_max_internal_knots': 64, 'declared_paper_initial_knots': 64, 'paper': 'Dung and Tjahjowidodo, PLOS ONE 2017, doi:10.1371/journal.pone.0173857', 'variant': 'serial_bisection_simple_knot_adaptation', 'native_control_norm': 'maximum Euclidean point residual', 'native_max_error_tolerance': 0.007071067811865475, 'native_final_max_error': 0.1182762002016078, 'native_final_mse': 0.0008340858652664505, 'common_final_max_error': 0.1254533113624109, 'common_final_mse': 0.000843299299940072, 'all_local_segments_native_feasible': False, 'local_piecewise_feasible_global_common_refit_failed': False, 'native_global_max_error_threshold_satisfied': False, 'native_global_common_mse_threshold_satisfied': False, 'native_global_internal_knot_count': 11, 'common_final_metrics_scope': 'native adaptation before any optional comparison feasibility safeguard', 'segments': ((0, 10), (11, 27), (28, 43), (44, 65), (66, 89), (90, 109), (110, 126), (127, 143), (144, 157), (158, 170), (171, 181), (182, 191)), 'segment_max_errors': (0.005183451328934376, 0.004796984033172212, 0.005462216392772589, 0.0069210500173889685, 0.006598384389698485, 0.00683526348721604, 0.005073497657270567, 0.005836081296220381, 0.004150156123438659, 0.006566029270919574, 0.004142789654515661, 0.008618781200882757), 'coarse_break_indices': (10, 27, 43, 65, 89, 109, 126, 143, 157, 170, 181), 'proposed_internal_knot_count': 11, 'retained_internal_knot_count': 11, 'scan_evaluations': 121, 'optimization_evaluations': 75, 'single_piece_evaluations': 108, 'exact_refit_count': 306, 'gauss_newton_fallback_count': 0, 'capacity_exceeded': False, 'capacity_handling': 'none', 'adaptation_limits': ('serial bisection only; parallel split/join/shift is not implemented', 'simple interior knots only; multiplicity and continuity classification are omitted', 'default native max-error epsilon is sqrt(mse_tolerance), which is a unit conversion rather than an equivalent constraint', 'capacity overflow is handled by deterministic uniform coarse-break subsampling before relocation', 'guarded float64 least squares and finite-difference Gauss-Newton replace MATLAB numerical edge behavior'), 'method_fidelity': 'serial simple-knot adaptation; parallel operations and knot multiplicity classification are not reproduced', 'threshold_satisfied_native_max_error': False, 'threshold_satisfied_common_max_error_before_safeguard': False, 'native_common_refit_mse': 0.000843299299940072, 'native_common_refit_k': 11, 'native_common_refit_threshold_satisfied': False, 'comparison_method_capacity': 64, 'comparison_feasibility_safeguard_version': 'bounded_common_mse_v1', 'comparison_feasibility_safeguard_enabled': True, 'comparison_feasibility_safeguard_used': True, 'comparison_feasibility_safeguard_attempted': True, 'comparison_feasibility_safeguard_role': 'repository comparison wrapper; not part of the cited method', 'comparison_feasibility_native_mse': 0.000843299299940072, 'comparison_feasibility_native_k': 11, 'comparison_feasibility_native_threshold_satisfied': False, 'comparison_feasibility_native_knots': (0.13936354862083492, 0.175789636510513, 0.2540716003464217, 0.3402719043622247, 0.4264427560380325, 0.46472570211469866, 0.5354627859787237, 0.6057663647472532, 0.6804142846597151, 0.7526949826339515, 0.908974554345298), 'comparison_feasibility_added_knots': (0.9538461538461538, 0.9230769230769231, 0.8923076923076922, 0.8615384615384616, 0.42425336210854026, 0.4, 0.26153846153846155, 0.18461538461538463, 0.7538461538461538), 'comparison_feasibility_added_knots_scope': 'residual-guided path; final_knots are authoritative after any uniform fallback', 'comparison_feasibility_refit_count': 27, 'comparison_feasibility_final_source': 'residual_guided_augmentation', 'comparison_feasibility_final_mse': 4.851633779570622e-05, 'comparison_feasibility_final_k': 20, 'comparison_feasibility_final_knots': (0.13936354862083492, 0.175789636510513, 0.18461538461538463, 0.2540716003464217, 0.26153846153846155, 0.3402719043622247, 0.4, 0.42425336210854026, 0.4264427560380325, 0.46472570211469866, 0.5354627859787237, 0.6057663647472532, 0.6804142846597151, 0.7526949826339515, 0.7538461538461538, 0.8615384615384616, 0.8923076923076922, 0.908974554345298, 0.9230769230769231, 0.9538461538461538), 'comparison_feasibility_threshold_satisfied': True, 'comparison_feasibility_status': 'repaired_feasible', 'comparison_feasibility_dense_capacity_mse': None, 'comparison_feasibility_dense_capacity_threshold_satisfied': None, 'comparison_feasibility_capacity': 64, 'comparison_method_label': 'threshold-safe adaptation', 'threshold_satisfied': True, 'repeated_complete_timing': {'repeats': 1, 'samples_ms': [622.5410000188276], 'p50_ms': 622.5410000188276, 'mean_ms': 622.5410000188276}}",
Synthetic,seed20000_sample2797,independent_2797,10,10,kang_sparse_2015_adaptation,False,ok,4.4943033266034783e-05,True,,,18,1325.27749997098,,"[0.07668269230769231, 0.11033653846153846, 0.17956730769230772, 0.25835336538461534, 0.26153846153846155, 0.33822115384615387, 0.3992788461538462, 0.4603365384615385, 0.46153846153846156, 0.5370793269230769, 0.609375, 0.6153846153846154, 0.6766826923076923, 0.7692307692307692, 0.7721754807692307, 0.830528846153846, 0.9074519230769231, 0.9538461538461538]","{'network_used': False, 'parameterization': 'chord_length', 'reported_refit': 'unregularized standard B-spline least squares with exact endpoint interpolation', 'timing_scope': 'complete numerical method: chord parameterization, knot selection/relocation, and final endpoint-constrained refit', 'mse_tolerance': 5e-05, 'smoothness_weight': 0.0, 'control_ridge': 0.0, 'interpolate_endpoints': True, 'declared_max_internal_knots': 64, 'declared_paper_initial_knots': 64, 'initial_internal_knot_count': 64, 'dense_initial_fit_mse': 1.946257083198631e-06, 'dense_initial_threshold_satisfied': True, 'active_internal_knot_count': 41, 'cluster_sizes': (2, 3, 3, 4, 3, 3, 3, 4, 3, 3, 4, 3, 3), 'active_cluster_count': 13, 'relocated_internal_knot_count': 13, 'relocated_unique_knot_count': 13, 'relocated_knot_multiplicities': (1, 1, 1, 1, 1, 1, 1, 1, 1, 1, 1, 1, 1), 'active_to_relocated_compression_ratio': 0.3170731707317073, 'sparse_stage_mse': 4.9991991537990266e-05, 'sparse_stage_threshold_satisfied': True, 'native_sparse_feasible_final_common_refit_failed': True, 'sparse_and_final_mse_are_directly_comparable': False, 'sparse_iterations': 2000, 'sparse_solver_seconds': 0.724373499979265, 'relocation_seconds': 0.4977068000007421, 'non_paper_feasibility_repair_enabled': False, 'paper_feasibility_repair_used': False, 'paper_feasibility_repair_added_count': 0, 'local_refit_count': 186, 'method_note': ""Vector-valued group-L1 ADMM adaptation of Kang et al. (2015) equation (12), followed by Algorithms 4-5 only for clear short active clusters; long general-data runs retain their active knots because Algorithm 1 is not reproduced; not the paper's scalar CVX implementation."", 'relocation_method': ""Algorithms 4-5 adaptation: classify adjacent active uniform knots by spacing, retain each cluster's boundary pair, narrow it by exact least-squares comparisons, then apply the 2*E_double < E_single single/double-knot decision."", 'algorithm4_cluster_relocation_applied': True, 'absolute_jump_threshold': 1e-07, 'relative_jump_threshold': 0.001, 'effective_jump_threshold': 6.863217960731429, 'native_final_fit_mse_without_endpoint_constraint': 0.00010679511010728718, 'native_endpoint_constrained_mse': 0.00010705578382775288, 'endpoint_constraint_fallback': 'disabled', 'native_common_refit_mse': 0.00010705578382775288, 'native_common_refit_k': 13, 'native_common_refit_threshold_satisfied': False, 'comparison_method_capacity': 64, 'comparison_feasibility_safeguard_version': 'bounded_common_mse_v1', 'comparison_feasibility_safeguard_enabled': True, 'comparison_feasibility_safeguard_used': True, 'comparison_feasibility_safeguard_attempted': True, 'comparison_feasibility_safeguard_role': 'repository comparison wrapper; not part of the cited method', 'comparison_feasibility_native_mse': 0.00010705578382775288, 'comparison_feasibility_native_k': 13, 'comparison_feasibility_native_threshold_satisfied': False, 'comparison_feasibility_native_knots': (0.07668269230769231, 0.11033653846153846, 0.17956730769230772, 0.25835336538461534, 0.33822115384615387, 0.3992788461538462, 0.4603365384615385, 0.5370793269230769, 0.609375, 0.6766826923076923, 0.7721754807692307, 0.830528846153846, 0.9074519230769231), 'comparison_feasibility_added_knots': (0.9538461538461538, 0.7692307692307692, 0.26153846153846155, 0.6153846153846154, 0.46153846153846156), 'comparison_feasibility_added_knots_scope': 'residual-guided path; final_knots are authoritative after any uniform fallback', 'comparison_feasibility_refit_count': 15, 'comparison_feasibility_final_source': 'residual_guided_augmentation', 'comparison_feasibility_final_mse': 4.4943033266034783e-05, 'comparison_feasibility_final_k': 18, 'comparison_feasibility_final_knots': (0.07668269230769231, 0.11033653846153846, 0.17956730769230772, 0.25835336538461534, 0.26153846153846155, 0.33822115384615387, 0.3992788461538462, 0.4603365384615385, 0.46153846153846156, 0.5370793269230769, 0.609375, 0.6153846153846154, 0.6766826923076923, 0.7692307692307692, 0.7721754807692307, 0.830528846153846, 0.9074519230769231, 0.9538461538461538), 'comparison_feasibility_threshold_satisfied': True, 'comparison_feasibility_status': 'repaired_feasible', 'comparison_feasibility_dense_capacity_mse': None, 'comparison_feasibility_dense_capacity_threshold_satisfied': None, 'comparison_feasibility_capacity': 64, 'comparison_method_label': 'threshold-safe adaptation', 'threshold_satisfied': True, 'repeated_complete_timing': {'repeats': 1, 'samples_ms': [1325.27749997098], 'p50_ms': 1325.27749997098, 'mean_ms': 1325.27749997098}}",
Synthetic,seed20000_sample2797,independent_2797,10,10,luo_linf_de_2022_adaptation,False,ok,4.688324418880233e-05,True,,,20,2383.0225000274368,,"[0.09895352758327751, 0.12274238030503018, 0.16887423294872103, 0.2476494081109501, 0.30492391156630705, 0.3447250017844151, 0.38637425937286063, 0.41675420953050524, 0.43805948896189206, 0.47224911785209034, 0.5311666423127606, 0.579323879588027, 0.5986285398836605, 0.6613682112669848, 0.6946522129547281, 0.7240850207071969, 0.7510874466745132, 0.8401214290505559, 0.8859588738076851, 0.9182356519536817]","{'network_used': False, 'parameterization': 'chord_length', 'reported_refit': 'unregularized standard B-spline least squares with exact endpoint interpolation', 'timing_scope': 'complete numerical method: chord parameterization, knot selection/relocation, and final endpoint-constrained refit', 'mse_tolerance': 5e-05, 'smoothness_weight': 0.0, 'control_ridge': 0.0, 'interpolate_endpoints': True, 'declared_max_internal_knots': 64, 'declared_paper_initial_knots': 64, 'reference_doi': '10.4208/jcm.2012-m2020-0203', 'variant': 'linf1_jump_sparsity_plus_differential_evolution', 'initial_internal_knot_count': 64, 'dense_initial_fit_mse': 1.946257083198631e-06, 'dense_initial_threshold_satisfied': True, 'selected_regularization': 2.6431465388397837e-05, 'sparse_stage_mse': 2.387904544294104e-05, 'sparse_stage_threshold_satisfied': True, 'jump_local_maximum_eta': 0.5, 'candidate_internal_knot_count': 20, 'initial_to_candidate_compression_ratio': 0.3125, 'candidate_refit_mse_before_de': 4.03011868856133e-05, 'candidate_refit_threshold_satisfied_before_de': True, 'candidate_selection_lost_sparse_feasibility': False, 'de_population': 10, 'de_iterations': 10, 'de_evaluations': 110, 'de_initial_max_error': 0.020926723649691146, 'de_final_max_error': 0.014912408667779504, 'de_restored_common_mse_feasibility': False, 'paper_native_objective': 'nonsquared Frobenius data term plus l-infinity,1 derivative-jump penalty; DE minimizes maximum Euclidean error', 'comparison_wrapper': 'regularization is selected against the common MSE budget and the final fit uses the common endpoint-constrained refit', 'method_fidelity': 'defining mixed-norm, local-maximum selection, and DE stages are reproduced; hyperparameter selection is adapted', 'native_common_refit_mse': 4.688324418880233e-05, 'native_common_refit_k': 20, 'native_common_refit_threshold_satisfied': True, 'comparison_method_capacity': 64, 'comparison_feasibility_safeguard_version': 'bounded_common_mse_v1', 'comparison_feasibility_safeguard_enabled': True, 'comparison_feasibility_safeguard_used': False, 'comparison_feasibility_safeguard_attempted': False, 'comparison_feasibility_safeguard_role': 'repository comparison wrapper; not part of the cited method', 'comparison_feasibility_native_mse': 4.688324418880233e-05, 'comparison_feasibility_native_k': 20, 'comparison_feasibility_native_threshold_satisfied': True, 'comparison_feasibility_native_knots': (0.09895352758327751, 0.12274238030503018, 0.16887423294872103, 0.2476494081109501, 0.30492391156630705, 0.3447250017844151, 0.38637425937286063, 0.41675420953050524, 0.43805948896189206, 0.47224911785209034, 0.5311666423127606, 0.579323879588027, 0.5986285398836605, 0.6613682112669848, 0.6946522129547281, 0.7240850207071969, 0.7510874466745132, 0.8401214290505559, 0.8859588738076851, 0.9182356519536817), 'comparison_feasibility_added_knots': (), 'comparison_feasibility_added_knots_scope': 'residual-guided path; final_knots are authoritative after any uniform fallback', 'comparison_feasibility_refit_count': 0, 'comparison_feasibility_final_source': 'native', 'comparison_feasibility_final_mse': 4.688324418880233e-05, 'comparison_feasibility_final_k': 20, 'comparison_feasibility_final_knots': (0.09895352758327751, 0.12274238030503018, 0.16887423294872103, 0.2476494081109501, 0.30492391156630705, 0.3447250017844151, 0.38637425937286063, 0.41675420953050524, 0.43805948896189206, 0.47224911785209034, 0.5311666423127606, 0.579323879588027, 0.5986285398836605, 0.6613682112669848, 0.6946522129547281, 0.7240850207071969, 0.7510874466745132, 0.8401214290505559, 0.8859588738076851, 0.9182356519536817), 'comparison_feasibility_threshold_satisfied': True, 'comparison_feasibility_status': 'native_feasible', 'comparison_feasibility_dense_capacity_mse': None, 'comparison_feasibility_dense_capacity_threshold_satisfied': None, 'comparison_feasibility_capacity': 64, 'comparison_method_label': 'threshold-safe adaptation', 'threshold_satisfied': True, 'repeated_complete_timing': {'repeats': 1, 'samples_ms': [2383.0225000274368], 'p50_ms': 2383.0225000274368, 'mean_ms': 2383.0225000274368}}",
Synthetic,seed20000_sample2097,independent_2097,11,11,ours,False,ok,1.965227849636798e-05,True,,,25,16.7797,16.9568,"[0.07924579083919525, 0.13314548134803772, 0.15033483505249023, 0.17172376811504364, 0.2061247080564499, 0.2506512701511383, 0.2893912196159363, 0.33969348669052124, 0.34860602021217346, 0.3993017375469208, 0.43726542592048645, 0.4685084819793701, 0.49091872572898865, 0.5359101295471191, 0.5722562074661255, 0.608951210975647, 0.6370657682418823, 0.6968121528625488, 0.7317667603492737, 0.7661792039871216, 0.8027198314666748, 0.8389813899993896, 0.8583032488822937, 0.8709719181060791, 0.9104012846946716]","{'network_latency': {'p50_ms': 16.9568, 'median_ms': 16.9568, 'mean_ms': 16.9568, 'p95_ms': 16.9568, 'minimum_ms': 16.9568, 'maximum_ms': 16.9568, 'repeat_ms': [16.9568]}, 'end_to_end_latency': {'p50_ms': 16.7797, 'median_ms': 16.7797, 'mean_ms': 16.7797, 'p95_ms': 16.7797, 'minimum_ms': 16.7797, 'maximum_ms': 16.7797, 'repeat_ms': [16.7797]}, 'postprocessing': 'none', 'tolerance_conditioned_network': True, 'network_mse_tolerance': 5e-05}",
Synthetic,seed20000_sample2097,independent_2097,11,11,park_dominant_point_2007_adaptation,False,ok,4.7120948391268326e-05,True,,,35,132.32889998471364,,"[0.12924276981086188, 0.16366451077781216, 0.2195775508568746, 0.2691179420223701, 0.3178167705088635, 0.3416010663712065, 0.3879776681087778, 0.417389880083427, 0.4471127045929278, 0.4537709424215894, 0.4709496970058727, 0.4873945743479364, 0.5029938385956921, 0.5076360630317662, 0.5129118907990445, 0.5185301003945252, 0.5329242902063497, 0.5470384712899466, 0.5610476486275732, 0.5903311648421451, 0.6208879813738791, 0.658820923718923, 0.6833742299059408, 0.7070780807058169, 0.7283922271251148, 0.7466364881183091, 0.7654667743901099, 0.7804220457006776, 0.8060992076907866, 0.8316121810573892, 0.8560613283095782, 0.8635856515850052, 0.871408320779861, 0.8821997270205005, 0.8936885583711319]","{'network_used': False, 'parameterization': 'chord_length', 'reported_refit': 'unregularized standard B-spline least squares with exact endpoint interpolation', 'timing_scope': 'complete numerical method: chord parameterization, knot selection/relocation, and final endpoint-constrained refit', 'mse_tolerance': 5e-05, 'smoothness_weight': 0.0, 'control_ridge': 0.0, 'interpolate_endpoints': True, 'declared_max_internal_knots': 64, 'declared_paper_initial_knots': 64, 'method': 'park_lee_dom_2007_adaptation', 'reference_doi': '10.1016/j.cad.2006.12.006', 'knot_placement': 'Park-Lee Eq. (4): each interior knot averages degree consecutive dominant-point parameters', 'lcm_lower_bound': 4.281392408065563, 'lcm_seed_count': 54, 'shape_weight_r': 0.8, 'shape_index': 'r*K_s,e/K_0,m + (1-r)*L_s,e/L_0,m', 'curvature_integral': 'trapezoidal in chord parameter', 'curvature_source': 'generalized local Menger curvature; no optional smoothed base curve', 'refinement_region': 'segment containing largest sampled parameter-correspondence residual', 'refinement_point': 'argmin_w |lambda_s,w - lambda_w,e|', 'stopping_metric': 'mean squared Euclidean parameter-correspondence error', 'distance_metric_deviation': ""comparison adaptation stops on common MSE; it does not reproduce the paper's maximum-distance or iterative orthogonal-distance criterion"", 'seed_completion_deviation': 'shape-index splits complete degree+1 dominant points when too few LCM seeds exist', 'effective_max_internal_knots': 64, 'requested_max_internal_knots': 64, 'selected_sources': ('endpoint', 'endpoint', 'lcm_seed', 'lcm_seed', 'lcm_seed', 'lcm_seed', 'lcm_seed', 'lcm_seed', 'lcm_seed', 'lcm_seed', 'lcm_seed', 'lcm_seed', 'lcm_seed', 'lcm_seed', 'lcm_seed', 'lcm_seed', 'lcm_seed', 'lcm_seed', 'lcm_seed', 'lcm_seed', 'lcm_seed', 'lcm_seed', 'lcm_seed', 'lcm_seed', 'lcm_seed', 'lcm_seed', 'lcm_seed', 'lcm_seed', 'lcm_seed', 'lcm_seed', 'lcm_seed', 'lcm_seed', 'lcm_seed', 'lcm_seed', 'lcm_seed', 'lcm_seed', 'lcm_seed', 'lcm_seed', 'lcm_seed'), 'boundary_knot_clamp_count': 0, 'threshold_satisfied': True, 'scanned_counts': (0, 1, 2, 3, 4, 5, 6, 7, 8, 9, 10, 11, 12, 13, 14, 15, 16, 17, 18, 19, 20, 21, 22, 23, 24, 25, 26, 27, 28, 29, 30, 31, 32, 33, 34, 35), 'scanned_mse': (0.013273246134531359, 0.005280046623595728, 0.004529235802016804, 0.003715237990623805, 0.0036774045773857356, 0.003452924757647446, 0.0033158627132657665, 0.0032951281571366414, 0.002821073255973557, 0.002027379572290937, 0.0013545109600589546, 0.0008560790795815626, 0.0008694887141946593, 0.0008592312846411135, 0.0008576144992226571, 0.0008370855090622733, 0.0008312237373061001, 0.0008258195691172972, 0.0008062912692439641, 0.000574167921267746, 0.0005020810511045744, 0.0004998069204763916, 0.0004938353653281307, 0.0004931403725505213, 0.0004557965355720941, 0.00018232604021792663, 0.0001818492322588143, 0.00017925726050562537, 0.0001756380094889603, 0.00017538883993066816, 0.00016160065902836934, 5.608497577470157e-05, 5.4455748748292825e-05, 5.430972935673202e-05, 5.4200261609564614e-05, 4.7120948391268326e-05), 'scanned_max_parameter_residual': (0.224519238583175, 0.1698610845378146, 0.14573273218217914, 0.12463068612072782, 0.12686447750117064, 0.1129705974083208, 0.13066059411362993, 0.13301250072623105, 0.13172917453611213, 0.1311236284863488, 0.11296838983431895, 0.08444125948107577, 0.08448381801541509, 0.08389381594329508, 0.08389224372372676, 0.08388057200544254, 0.08376795524889061, 0.08376713087556077, 0.083768291059417, 0.0836134431770828, 0.08361327321935746, 0.08360702954144945, 0.08310959825635625, 0.08316965736960782, 0.08316964713423752, 0.07014834920304018, 0.07013113707165669, 0.07013113926422863, 0.07013145645957798, 0.07013258750979068, 0.06630861386780125, 0.02315647297904127, 0.023156472913831962, 0.023156472915672133, 0.023156403665195637, 0.02315642377534528), 'exact_refit_count': 36, 'method_fidelity': 'core DOM equations with a common-MSE stopping wrapper', 'repeated_complete_timing': {'repeats': 1, 'samples_ms': [132.32889998471364], 'p50_ms': 132.32889998471364, 'mean_ms': 132.32889998471364}}",
Synthetic,seed20000_sample2097,independent_2097,11,11,liang_feature_iki_2017_adaptation,False,ok,4.96034498421211e-05,True,,,29,82.95579999685287,,"[0.04021559423254165, 0.06445432554417424, 0.08869305685580682, 0.1129317881674394, 0.137170519479072, 0.18564798210233718, 0.23412544472560234, 0.24548407563095032, 0.25684270653629826, 0.27955996834699415, 0.3249944919683859, 0.3704290155897777, 0.3931462774004736, 0.41586353921116953, 0.46129806283256136, 0.5067325864539531, 0.5521671100753449, 0.5976016336967367, 0.6414513306425795, 0.663376179115501, 0.6853010275884224, 0.7291507245342652, 0.7510755730071866, 0.7730004214801081, 0.8606998153717937, 0.9045495123176366, 0.9483992092634794, 0.9612994069476095, 0.9741996046317397]","{'network_used': False, 'parameterization': 'chord_length', 'reported_refit': 'unregularized standard B-spline least squares with exact endpoint interpolation', 'timing_scope': 'complete numerical method: chord parameterization, knot selection/relocation, and final endpoint-constrained refit', 'mse_tolerance': 5e-05, 'smoothness_weight': 0.0, 'control_ridge': 0.0, 'interpolate_endpoints': True, 'declared_max_internal_knots': 64, 'declared_paper_initial_knots': 64, 'reference_doi': '10.1088/1361-6501/aa6a05', 'variant': 'feature_integral_plus_iki_disclosed_adaptation', 'dense_internal_knot_count': 64, 'initial_internal_knot_count': 4, 'inserted_internal_knot_count': 25, 'curvature_weight': 0.5, 'feature_sample_count': 1025, 'scanned_counts': (4, 5, 6, 7, 8, 9, 10, 11, 12, 13, 14, 15, 16, 17, 18, 19, 20, 21, 22, 23, 24, 25, 26, 27, 28, 29), 'scanned_mse': (0.004012693960947211, 0.0038706909445143617, 0.0037334803047366625, 0.0036603594920343, 0.0036277238800900887, 0.002876530648761167, 0.002435546138132401, 0.0014437321468742184, 0.0013634222518430987, 0.0012613492571074403, 0.0011030547345101706, 0.0007730610770252004, 0.0004575253203799282, 0.0003771110249365256, 0.0002990014533979119, 0.00023994256357443984, 0.00014908721276450188, 0.0001294058838062129, 9.829217042627193e-05, 8.728529625979343e-05, 8.567221483940996e-05, 7.72866883756836e-05, 7.07393072563752e-05, 6.347772366694857e-05, 5.7623056386044915e-05, 4.96034498421211e-05), 'scanned_max_parameter_residual': (0.13787970273606012, 0.13085552898405106, 0.10867854676185261, 0.1127667587416172, 0.11680465100874814, 0.10455424498636412, 0.10498093202272872, 0.08710711738215005, 0.09613616979565835, 0.0947709128740003, 0.07981798430189486, 0.06179493911290128, 0.04910390784768809, 0.04966319296584203, 0.04757687757848711, 0.04284935727167248, 0.03704473624029261, 0.030546161637397623, 0.028647425614340617, 0.02390185519857822, 0.021663880289933928, 0.023486419742701454, 0.0188960911579593, 0.01702533255817521, 0.015739752150214573, 0.013840213722785185), 'exact_refit_count': 27, 'paper_native_objective': 'error-bounded feature-integral initialization plus iterative knot insertion', 'comparison_wrapper': 'explicit 0.5 arc/curvature feature blend by default, worst-residual span midpoint insertion, and common-MSE stopping', 'method_fidelity': ""Liang-inspired adaptation; the access-controlled article's exact feature equation and constants are not claimed"", 'threshold_satisfied': True, 'repeated_complete_timing': {'repeats': 1, 'samples_ms': [82.95579999685287], 'p50_ms': 82.95579999685287, 'mean_ms': 82.95579999685287}}",
Synthetic,seed20000_sample2097,independent_2097,11,11,dung_direct_knot_2017_adaptation,False,ok,4.789160463877702e-05,True,,,24,705.2673999569379,,"[0.06153846153846154, 0.09230769230769231, 0.11219812302104065, 0.12204625638738409, 0.13846153846153847, 0.2153846153846154, 0.21556667866901888, 0.29603726486893156, 0.3607868075043993, 0.36923076923076925, 0.44386551039845207, 0.523076923076923, 0.5293179781837998, 0.5692307692307692, 0.5797204937014643, 0.5846153846153845, 0.6481369331778499, 0.7241741474178937, 0.7849987982243052, 0.8615384615384616, 0.8923076923076922, 0.9060538148398884, 0.9076923076923077, 0.9538461538461538]","{'network_used': False, 'parameterization': 'chord_length', 'reported_refit': 'unregularized endpoint-constrained standard B-spline least squares', 'timing_scope': 'complete numerical method: chord parameterization, knot selection/relocation, and final endpoint-constrained refit', 'mse_tolerance': 5e-05, 'smoothness_weight': 0.0, 'control_ridge': 0.0, 'interpolate_endpoints': True, 'declared_max_internal_knots': 64, 'declared_paper_initial_knots': 64, 'paper': 'Dung and Tjahjowidodo, PLOS ONE 2017, doi:10.1371/journal.pone.0173857', 'variant': 'serial_bisection_simple_knot_adaptation', 'native_control_norm': 'maximum Euclidean point residual', 'native_max_error_tolerance': 0.007071067811865475, 'native_final_max_error': 0.08913848915231043, 'native_final_mse': 0.0010760334067239125, 'common_final_max_error': 0.09777828459861884, 'common_final_mse': 0.00108755220057459, 'all_local_segments_native_feasible': False, 'local_piecewise_feasible_global_common_refit_failed': False, 'native_global_max_error_threshold_satisfied': False, 'native_global_common_mse_threshold_satisfied': False, 'native_global_internal_knot_count': 11, 'common_final_metrics_scope': 'native adaptation before any optional comparison feasibility safeguard', 'segments': ((0, 8), (9, 20), (21, 33), (34, 56), (57, 75), (76, 94), (95, 111), (112, 123), (124, 144), (145, 162), (163, 178), (179, 191)), 'segment_max_errors': (0.00598525517370047, 0.007011224566705245, 0.006244071470813693, 0.006789359523604881, 0.005747110165250966, 0.005942469914702774, 0.006314819379960617, 0.005564159871357485, 0.006106672033600255, 0.006047139489033663, 0.006695532953300122, 0.0071981930836350055), 'coarse_break_indices': (8, 20, 33, 56, 75, 94, 111, 123, 144, 162, 178), 'proposed_internal_knot_count': 11, 'retained_internal_knot_count': 11, 'scan_evaluations': 121, 'optimization_evaluations': 106, 'single_piece_evaluations': 109, 'exact_refit_count': 338, 'gauss_newton_fallback_count': 0, 'capacity_exceeded': False, 'capacity_handling': 'none', 'adaptation_limits': ('serial bisection only; parallel split/join/shift is not implemented', 'simple interior knots only; multiplicity and continuity classification are omitted', 'default native max-error epsilon is sqrt(mse_tolerance), which is a unit conversion rather than an equivalent constraint', 'capacity overflow is handled by deterministic uniform coarse-break subsampling before relocation', 'guarded float64 least squares and finite-difference Gauss-Newton replace MATLAB numerical edge behavior'), 'method_fidelity': 'serial simple-knot adaptation; parallel operations and knot multiplicity classification are not reproduced', 'threshold_satisfied_native_max_error': False, 'threshold_satisfied_common_max_error_before_safeguard': False, 'native_common_refit_mse': 0.00108755220057459, 'native_common_refit_k': 11, 'native_common_refit_threshold_satisfied': False, 'comparison_method_capacity': 64, 'comparison_feasibility_safeguard_version': 'bounded_common_mse_v1', 'comparison_feasibility_safeguard_enabled': True, 'comparison_feasibility_safeguard_used': True, 'comparison_feasibility_safeguard_attempted': True, 'comparison_feasibility_safeguard_role': 'repository comparison wrapper; not part of the cited method', 'comparison_feasibility_native_mse': 0.00108755220057459, 'comparison_feasibility_native_k': 11, 'comparison_feasibility_native_threshold_satisfied': False, 'comparison_feasibility_native_knots': (0.11219812302104065, 0.21556667866901888, 0.29603726486893156, 0.3607868075043993, 0.44386551039845207, 0.5293179781837998, 0.5797204937014643, 0.6481369331778499, 0.7241741474178937, 0.7849987982243052, 0.9060538148398884), 'comparison_feasibility_added_knots': (0.9538461538461538, 0.9076923076923077, 0.06153846153846154, 0.09230769230769231, 0.5846153846153845, 0.12204625638738409, 0.8923076923076922, 0.5692307692307692, 0.8615384615384616, 0.523076923076923, 0.13846153846153847, 0.36923076923076925, 0.2153846153846154), 'comparison_feasibility_added_knots_scope': 'residual-guided path; final_knots are authoritative after any uniform fallback', 'comparison_feasibility_refit_count': 39, 'comparison_feasibility_final_source': 'residual_guided_augmentation', 'comparison_feasibility_final_mse': 4.789160463877702e-05, 'comparison_feasibility_final_k': 24, 'comparison_feasibility_final_knots': (0.06153846153846154, 0.09230769230769231, 0.11219812302104065, 0.12204625638738409, 0.13846153846153847, 0.2153846153846154, 0.21556667866901888, 0.29603726486893156, 0.3607868075043993, 0.36923076923076925, 0.44386551039845207, 0.523076923076923, 0.5293179781837998, 0.5692307692307692, 0.5797204937014643, 0.5846153846153845, 0.6481369331778499, 0.7241741474178937, 0.7849987982243052, 0.8615384615384616, 0.8923076923076922, 0.9060538148398884, 0.9076923076923077, 0.9538461538461538), 'comparison_feasibility_threshold_satisfied': True, 'comparison_feasibility_status': 'repaired_feasible', 'comparison_feasibility_dense_capacity_mse': None, 'comparison_feasibility_dense_capacity_threshold_satisfied': None, 'comparison_feasibility_capacity': 64, 'comparison_method_label': 'threshold-safe adaptation', 'threshold_satisfied': True, 'repeated_complete_timing': {'repeats': 1, 'samples_ms': [705.2673999569379], 'p50_ms': 705.2673999569379, 'mean_ms': 705.2673999569379}}",
Synthetic,seed20000_sample2097,independent_2097,11,11,kang_sparse_2015_adaptation,False,ok,2.8089757143734373e-06,True,,,63,392.64730003196746,,"[0.015384615384615385, 0.03076923076923077, 0.046153846153846156, 0.06153846153846154, 0.07692307692307693, 0.09230769230769231, 0.1076923076923077, 0.12307692307692308, 0.13846153846153847, 0.15384615384615385, 0.16923076923076924, 0.18461538461538463, 0.2, 0.2153846153846154, 0.23076923076923078, 0.24615384615384617, 0.26153846153846155, 0.27692307692307694, 0.2923076923076923, 0.3076923076923077, 0.3230769230769231, 0.3384615384615385, 0.35384615384615387, 0.36923076923076925, 0.38461538461538464, 0.4, 0.4153846153846154, 0.4307692307692308, 0.4461538461538462, 0.46153846153846156, 0.47692307692307695, 0.49230769230769234, 0.5076923076923077, 0.523076923076923, 0.5384615384615384, 0.5538461538461539, 0.5692307692307692, 0.5846153846153845, 0.6, 0.6153846153846154, 0.6307692307692307, 0.6461538461538461, 0.6615384615384615, 0.676923076923077, 0.6923076923076923, 0.7076923076923076, 0.7230769230769231, 0.7384615384615385, 0.7692307692307692, 0.7846153846153846, 0.8, 0.8153846153846154, 0.8307692307692307, 0.8461538461538461, 0.8615384615384616, 0.8769230769230769, 0.8923076923076922, 0.9076923076923077, 0.9230769230769231, 0.9384615384615385, 0.9538461538461538, 0.9692307692307692, 0.9846153846153847]","{'network_used': False, 'parameterization': 'chord_length', 'reported_refit': 'unregularized standard B-spline least squares with exact endpoint interpolation', 'timing_scope': 'complete numerical method: chord parameterization, knot selection/relocation, and final endpoint-constrained refit', 'mse_tolerance': 5e-05, 'smoothness_weight': 0.0, 'control_ridge': 0.0, 'interpolate_endpoints': True, 'declared_max_internal_knots': 64, 'declared_paper_initial_knots': 64, 'initial_internal_knot_count': 64, 'dense_initial_fit_mse': 2.8067296896025832e-06, 'dense_initial_threshold_satisfied': True, 'active_internal_knot_count': 63, 'cluster_sizes': (48, 15), 'active_cluster_count': 2, 'relocated_internal_knot_count': 63, 'relocated_unique_knot_count': 63, 'relocated_knot_multiplicities': (1, 1, 1, 1, 1, 1, 1, 1, 1, 1, 1, 1, 1, 1, 1, 1, 1, 1, 1, 1, 1, 1, 1, 1, 1, 1, 1, 1, 1, 1, 1, 1, 1, 1, 1, 1, 1, 1, 1, 1, 1, 1, 1, 1, 1, 1, 1, 1, 1, 1, 1, 1, 1, 1, 1, 1, 1, 1, 1, 1, 1, 1, 1), 'active_to_relocated_compression_ratio': 1.0, 'sparse_stage_mse': 2.8067296896025832e-06, 'sparse_stage_threshold_satisfied': True, 'native_sparse_feasible_final_common_refit_failed': False, 'sparse_and_final_mse_are_directly_comparable': False, 'sparse_iterations': 900, 'sparse_solver_seconds': 0.3765840000123717, 'relocation_seconds': 4.2599975131452084e-05, 'non_paper_feasibility_repair_enabled': False, 'paper_feasibility_repair_used': False, 'paper_feasibility_repair_added_count': 0, 'local_refit_count': 0, 'method_note': ""Vector-valued group-L1 ADMM adaptation of Kang et al. (2015) equation (12), followed by Algorithms 4-5 only for clear short active clusters; long general-data runs retain their active knots because Algorithm 1 is not reproduced; not the paper's scalar CVX implementation."", 'relocation_method': 'Algorithms 4-5 skipped: the active knots do not form clear short groups; retain the sparse-stage active vector instead of applying Algorithm 4 outside the regime recommended by Kang et al. Algorithm 1 is not reproduced by this adaptation.', 'algorithm4_cluster_relocation_applied': False, 'absolute_jump_threshold': 1e-07, 'relative_jump_threshold': 0.001, 'effective_jump_threshold': 3713.6063343663122, 'native_final_fit_mse_without_endpoint_constraint': 2.8089757143734313e-06, 'native_endpoint_constrained_mse': 2.8089757143734373e-06, 'endpoint_constraint_fallback': 'disabled', 'native_common_refit_mse': 2.8089757143734373e-06, 'native_common_refit_k': 63, 'native_common_refit_threshold_satisfied': True, 'comparison_method_capacity': 64, 'comparison_feasibility_safeguard_version': 'bounded_common_mse_v1', 'comparison_feasibility_safeguard_enabled': True, 'comparison_feasibility_safeguard_used': False, 'comparison_feasibility_safeguard_attempted': False, 'comparison_feasibility_safeguard_role': 'repository comparison wrapper; not part of the cited method', 'comparison_feasibility_native_mse': 2.8089757143734373e-06, 'comparison_feasibility_native_k': 63, 'comparison_feasibility_native_threshold_satisfied': True, 'comparison_feasibility_native_knots': (0.015384615384615385, 0.03076923076923077, 0.046153846153846156, 0.06153846153846154, 0.07692307692307693, 0.09230769230769231, 0.1076923076923077, 0.12307692307692308, 0.13846153846153847, 0.15384615384615385, 0.16923076923076924, 0.18461538461538463, 0.2, 0.2153846153846154, 0.23076923076923078, 0.24615384615384617, 0.26153846153846155, 0.27692307692307694, 0.2923076923076923, 0.3076923076923077, 0.3230769230769231, 0.3384615384615385, 0.35384615384615387, 0.36923076923076925, 0.38461538461538464, 0.4, 0.4153846153846154, 0.4307692307692308, 0.4461538461538462, 0.46153846153846156, 0.47692307692307695, 0.49230769230769234, 0.5076923076923077, 0.523076923076923, 0.5384615384615384, 0.5538461538461539, 0.5692307692307692, 0.5846153846153845, 0.6, 0.6153846153846154, 0.6307692307692307, 0.6461538461538461, 0.6615384615384615, 0.676923076923077, 0.6923076923076923, 0.7076923076923076, 0.7230769230769231, 0.7384615384615385, 0.7692307692307692, 0.7846153846153846, 0.8, 0.8153846153846154, 0.8307692307692307, 0.8461538461538461, 0.8615384615384616, 0.8769230769230769, 0.8923076923076922, 0.9076923076923077, 0.9230769230769231, 0.9384615384615385, 0.9538461538461538, 0.9692307692307692, 0.9846153846153847), 'comparison_feasibility_added_knots': (), 'comparison_feasibility_added_knots_scope': 'residual-guided path; final_knots are authoritative after any uniform fallback', 'comparison_feasibility_refit_count': 0, 'comparison_feasibility_final_source': 'native', 'comparison_feasibility_final_mse': 2.8089757143734373e-06, 'comparison_feasibility_final_k': 63, 'comparison_feasibility_final_knots': (0.015384615384615385, 0.03076923076923077, 0.046153846153846156, 0.06153846153846154, 0.07692307692307693, 0.09230769230769231, 0.1076923076923077, 0.12307692307692308, 0.13846153846153847, 0.15384615384615385, 0.16923076923076924, 0.18461538461538463, 0.2, 0.2153846153846154, 0.23076923076923078, 0.24615384615384617, 0.26153846153846155, 0.27692307692307694, 0.2923076923076923, 0.3076923076923077, 0.3230769230769231, 0.3384615384615385, 0.35384615384615387, 0.36923076923076925, 0.38461538461538464, 0.4, 0.4153846153846154, 0.4307692307692308, 0.4461538461538462, 0.46153846153846156, 0.47692307692307695, 0.49230769230769234, 0.5076923076923077, 0.523076923076923, 0.5384615384615384, 0.5538461538461539, 0.5692307692307692, 0.5846153846153845, 0.6, 0.6153846153846154, 0.6307692307692307, 0.6461538461538461, 0.6615384615384615, 0.676923076923077, 0.6923076923076923, 0.7076923076923076, 0.7230769230769231, 0.7384615384615385, 0.7692307692307692, 0.7846153846153846, 0.8, 0.8153846153846154, 0.8307692307692307, 0.8461538461538461, 0.8615384615384616, 0.8769230769230769, 0.8923076923076922, 0.9076923076923077, 0.9230769230769231, 0.9384615384615385, 0.9538461538461538, 0.9692307692307692, 0.9846153846153847), 'comparison_feasibility_threshold_satisfied': True, 'comparison_feasibility_status': 'native_feasible', 'comparison_feasibility_dense_capacity_mse': None, 'comparison_feasibility_dense_capacity_threshold_satisfied': None, 'comparison_feasibility_capacity': 64, 'comparison_method_label': 'threshold-safe adaptation', 'threshold_satisfied': True, 'repeated_complete_timing': {'repeats': 1, 'samples_ms': [392.64730003196746], 'p50_ms': 392.64730003196746, 'mean_ms': 392.64730003196746}}",
Synthetic,seed20000_sample2097,independent_2097,11,11,luo_linf_de_2022_adaptation,False,ok,4.998837491950282e-05,True,,,27,2509.7859000088647,,"[0.06153846153846154, 0.09230769230769231, 0.1076923076923077, 0.16923076923076924, 0.20215361749546754, 0.23012560532723572, 0.3076923076923077, 0.3126698920004528, 0.35384615384615387, 0.41663357784783905, 0.4307692307692308, 0.46636359553106765, 0.505160705106851, 0.5056393159199777, 0.5076923076923077, 0.5538461538461539, 0.6432157634250232, 0.6615384615384615, 0.6845555207680418, 0.7468045012393665, 0.7692307692307692, 0.7846153846153846, 0.8769230769230769, 0.8923076923076922, 0.9076923076923077, 0.9230769230769231, 0.9824989652724994]","{'network_used': False, 'parameterization': 'chord_length', 'reported_refit': 'unregularized standard B-spline least squares with exact endpoint interpolation', 'timing_scope': 'complete numerical method: chord parameterization, knot selection/relocation, and final endpoint-constrained refit', 'mse_tolerance': 5e-05, 'smoothness_weight': 0.0, 'control_ridge': 0.0, 'interpolate_endpoints': True, 'declared_max_internal_knots': 64, 'declared_paper_initial_knots': 64, 'reference_doi': '10.4208/jcm.2012-m2020-0203', 'variant': 'linf1_jump_sparsity_plus_differential_evolution', 'initial_internal_knot_count': 64, 'dense_initial_fit_mse': 2.8067296896025832e-06, 'dense_initial_threshold_satisfied': True, 'selected_regularization': 2.9132823461341007e-05, 'sparse_stage_mse': 3.3872669356107003e-05, 'sparse_stage_threshold_satisfied': True, 'jump_local_maximum_eta': 0.5, 'candidate_internal_knot_count': 11, 'initial_to_candidate_compression_ratio': 0.171875, 'candidate_refit_mse_before_de': 0.0019036916540946006, 'candidate_refit_threshold_satisfied_before_de': False, 'candidate_selection_lost_sparse_feasibility': True, 'de_population': 10, 'de_iterations': 10, 'de_evaluations': 110, 'de_initial_max_error': 0.11262860968608107, 'de_final_max_error': 0.0733987913287557, 'de_restored_common_mse_feasibility': False, 'paper_native_objective': 'nonsquared Frobenius data term plus l-infinity,1 derivative-jump penalty; DE minimizes maximum Euclidean error', 'comparison_wrapper': 'regularization is selected against the common MSE budget and the final fit uses the common endpoint-constrained refit', 'method_fidelity': 'defining mixed-norm, local-maximum selection, and DE stages are reproduced; hyperparameter selection is adapted', 'native_common_refit_mse': 0.0017194643342357378, 'native_common_refit_k': 11, 'native_common_refit_threshold_satisfied': False, 'comparison_method_capacity': 64, 'comparison_feasibility_safeguard_version': 'bounded_common_mse_v1', 'comparison_feasibility_safeguard_enabled': True, 'comparison_feasibility_safeguard_used': True, 'comparison_feasibility_safeguard_attempted': True, 'comparison_feasibility_safeguard_role': 'repository comparison wrapper; not part of the cited method', 'comparison_feasibility_native_mse': 0.0017194643342357378, 'comparison_feasibility_native_k': 11, 'comparison_feasibility_native_threshold_satisfied': False, 'comparison_feasibility_native_knots': (0.20215361749546754, 0.23012560532723572, 0.3126698920004528, 0.41663357784783905, 0.46636359553106765, 0.505160705106851, 0.5056393159199777, 0.6432157634250232, 0.6845555207680418, 0.7468045012393665, 0.9824989652724994), 'comparison_feasibility_added_knots': (0.8769230769230769, 0.7692307692307692, 0.3076923076923077, 0.9230769230769231, 0.16923076923076924, 0.06153846153846154, 0.5076923076923077, 0.5538461538461539, 0.9076923076923077, 0.09230769230769231, 0.35384615384615387, 0.6615384615384615, 0.8923076923076922, 0.1076923076923077, 0.4307692307692308, 0.7846153846153846), 'comparison_feasibility_added_knots_scope': 'residual-guided path; final_knots are authoritative after any uniform fallback', 'comparison_feasibility_refit_count': 48, 'comparison_feasibility_final_source': 'residual_guided_augmentation', 'comparison_feasibility_final_mse': 4.998837491950282e-05, 'comparison_feasibility_final_k': 27, 'comparison_feasibility_final_knots': (0.06153846153846154, 0.09230769230769231, 0.1076923076923077, 0.16923076923076924, 0.20215361749546754, 0.23012560532723572, 0.3076923076923077, 0.3126698920004528, 0.35384615384615387, 0.41663357784783905, 0.4307692307692308, 0.46636359553106765, 0.505160705106851, 0.5056393159199777, 0.5076923076923077, 0.5538461538461539, 0.6432157634250232, 0.6615384615384615, 0.6845555207680418, 0.7468045012393665, 0.7692307692307692, 0.7846153846153846, 0.8769230769230769, 0.8923076923076922, 0.9076923076923077, 0.9230769230769231, 0.9824989652724994), 'comparison_feasibility_threshold_satisfied': True, 'comparison_feasibility_status': 'repaired_feasible', 'comparison_feasibility_dense_capacity_mse': None, 'comparison_feasibility_dense_capacity_threshold_satisfied': None, 'comparison_feasibility_capacity': 64, 'comparison_method_label': 'threshold-safe adaptation', 'threshold_satisfied': True, 'repeated_complete_timing': {'repeats': 1, 'samples_ms': [2509.7859000088647], 'p50_ms': 2509.7859000088647, 'mean_ms': 2509.7859000088647}}",
Synthetic,seed20000_sample1601,independent_1601,12,12,ours,False,ok,1.9970602100676737e-05,True,,,24,14.9543,13.3094,"[0.08550805598497391, 0.13961176574230194, 0.15633341670036316, 0.20992082357406616, 0.25004833936691284, 0.2767997682094574, 0.3366923928260803, 0.362997829914093, 0.3892228603363037, 0.44728007912635803, 0.4661336839199066, 0.5243514776229858, 0.5671616196632385, 0.6129720211029053, 0.6326779723167419, 0.6814755797386169, 0.6911040544509888, 0.72089022397995, 0.7841363549232483, 0.8058130741119385, 0.8384387493133545, 0.8614987134933472, 0.8730292320251465, 0.9131555557250977]","{'network_latency': {'p50_ms': 13.3094, 'median_ms': 13.3094, 'mean_ms': 13.3094, 'p95_ms': 13.3094, 'minimum_ms': 13.3094, 'maximum_ms': 13.3094, 'repeat_ms': [13.3094]}, 'end_to_end_latency': {'p50_ms': 14.9543, 'median_ms': 14.9543, 'mean_ms': 14.9543, 'p95_ms': 14.9543, 'minimum_ms': 14.9543, 'maximum_ms': 14.9543, 'repeat_ms': [14.9543]}, 'postprocessing': 'none', 'tolerance_conditioned_network': True, 'network_mse_tolerance': 5e-05}",
Synthetic,seed20000_sample1601,independent_1601,12,12,park_dominant_point_2007_adaptation,False,ok,3.9910654113142715e-05,True,,,45,152.77420001802966,,"[0.13255399491270917, 0.15411706729878516, 0.17212884169175457, 0.19101926447097237, 0.20624685685684752, 0.2137825048852031, 0.22868382033537293, 0.24427071569999506, 0.26128757385301676, 0.2693440151070226, 0.2793482345498769, 0.29160805722320854, 0.30721464560661005, 0.32007473873375164, 0.3285629048663649, 0.33398125371218007, 0.34329724359286046, 0.35669956474074604, 0.3701285885133346, 0.38225915594562015, 0.3901273843756936, 0.4045212816357644, 0.42016232825263594, 0.43672261946797386, 0.4463800368751228, 0.45405863051732737, 0.4683340069948763, 0.48522591262634956, 0.5013681467505328, 0.5110629467101774, 0.5406747982017891, 0.5940211287591894, 0.6497771597540644, 0.7001219500076092, 0.7421178576278713, 0.7819652505829707, 0.8044889399825141, 0.812772704322433, 0.8235866789619447, 0.8367585712922211, 0.8479229826998625, 0.8556048867538203, 0.868356758076185, 0.883558941028533, 0.899611978393243]","{'network_used': False, 'parameterization': 'chord_length', 'reported_refit': 'unregularized standard B-spline least squares with exact endpoint interpolation', 'timing_scope': 'complete numerical method: chord parameterization, knot selection/relocation, and final endpoint-constrained refit', 'mse_tolerance': 5e-05, 'smoothness_weight': 0.0, 'control_ridge': 0.0, 'interpolate_endpoints': True, 'declared_max_internal_knots': 64, 'declared_paper_initial_knots': 64, 'method': 'park_lee_dom_2007_adaptation', 'reference_doi': '10.1016/j.cad.2006.12.006', 'knot_placement': 'Park-Lee Eq. (4): each interior knot averages degree consecutive dominant-point parameters', 'lcm_lower_bound': 4.578567508546356, 'lcm_seed_count': 51, 'shape_weight_r': 0.8, 'shape_index': 'r*K_s,e/K_0,m + (1-r)*L_s,e/L_0,m', 'curvature_integral': 'trapezoidal in chord parameter', 'curvature_source': 'generalized local Menger curvature; no optional smoothed base curve', 'refinement_region': 'segment containing largest sampled parameter-correspondence residual', 'refinement_point': 'argmin_w |lambda_s,w - lambda_w,e|', 'stopping_metric': 'mean squared Euclidean parameter-correspondence error', 'distance_metric_deviation': ""comparison adaptation stops on common MSE; it does not reproduce the paper's maximum-distance or iterative orthogonal-distance criterion"", 'seed_completion_deviation': 'shape-index splits complete degree+1 dominant points when too few LCM seeds exist', 'effective_max_internal_knots': 64, 'requested_max_internal_knots': 64, 'selected_sources': ('endpoint', 'endpoint', 'lcm_seed', 'lcm_seed', 'lcm_seed', 'lcm_seed', 'lcm_seed', 'lcm_seed', 'lcm_seed', 'lcm_seed', 'lcm_seed', 'lcm_seed', 'lcm_seed', 'lcm_seed', 'lcm_seed', 'lcm_seed', 'lcm_seed', 'lcm_seed', 'lcm_seed', 'lcm_seed', 'lcm_seed', 'lcm_seed', 'lcm_seed', 'lcm_seed', 'lcm_seed', 'lcm_seed', 'lcm_seed', 'lcm_seed', 'lcm_seed', 'lcm_seed', 'lcm_seed', 'lcm_seed', 'lcm_seed', 'lcm_seed', 'lcm_seed', 'lcm_seed', 'lcm_seed', 'lcm_seed', 'lcm_seed', 'lcm_seed', 'lcm_seed', 'lcm_seed', 'lcm_seed', 'lcm_seed', 'lcm_seed', 'lcm_seed', 'lcm_seed', 'lcm_seed', 'lcm_seed'), 'boundary_knot_clamp_count': 0, 'threshold_satisfied': True, 'scanned_counts': (0, 1, 2, 3, 4, 5, 6, 7, 8, 9, 10, 11, 12, 13, 14, 15, 16, 17, 18, 19, 20, 21, 22, 23, 24, 25, 26, 27, 28, 29, 30, 31, 32, 33, 34, 35, 36, 37, 38, 39, 40, 41, 42, 43, 44, 45), 'scanned_mse': (0.005935995822674681, 0.005522761592992598, 0.005164201234756797, 0.004798065663695609, 0.0044595651188706845, 0.0038506310352899413, 0.003559317728841134, 0.0035997000018378124, 0.0028627314107914897, 0.00219564776022007, 0.002150474187376724, 0.0019453269972139213, 0.0017461180078225513, 0.001746718476334278, 0.001662217229357224, 0.0016562520880309157, 0.0016450048489645489, 0.0016432645379434623, 0.0016377114599578876, 0.0007827469226789652, 0.0007107987641136448, 0.00024967507767932064, 0.00024191332997966324, 0.00023018305874723157, 0.00012361752028878741, 0.00012298500864135398, 9.744104703565118e-05, 9.350919225395141e-05, 9.196161279610567e-05, 9.180815519366563e-05, 8.950553628660894e-05, 8.774882704267477e-05, 8.734643063320554e-05, 7.935997778059931e-05, 7.766892521803997e-05, 7.395074481652529e-05, 6.695369866542489e-05, 6.666996348560075e-05, 6.638932887905086e-05, 6.62008626849734e-05, 6.507124054141417e-05, 6.49828835457748e-05, 6.307791346366759e-05, 6.280008246583315e-05, 6.229153927410523e-05, 3.9910654113142715e-05), 'scanned_max_parameter_residual': (0.16997383354573167, 0.17936868281677545, 0.1594708715046433, 0.13895688650274643, 0.1259504168632923, 0.15605557652803798, 0.15840153213647087, 0.15849029120737315, 0.1510566580364132, 0.09581778786957708, 0.0904054957423335, 0.0926343219273876, 0.09747075509231067, 0.0974688380846723, 0.09746584126097307, 0.09748744801221812, 0.09789771092410664, 0.09805581040649708, 0.0966199933084478, 0.09661511697889212, 0.09661549066820835, 0.06034227444954656, 0.060342274022784886, 0.0748240815346357, 0.03611665938003039, 0.03611254705182496, 0.036112543049187255, 0.03611254115833009, 0.03611254139126696, 0.03610310004764794, 0.0358022697250997, 0.03580078035256345, 0.03580148806363965, 0.032288443707760114, 0.031614165560650456, 0.031316793052091195, 0.03131679030624881, 0.031316790576507304, 0.03132227930174159, 0.03132227930031764, 0.03132227553003012, 0.03132513871311349, 0.03132513841732659, 0.03132513841727474, 0.03132513841299673, 0.022537408307063064), 'exact_refit_count': 46, 'method_fidelity': 'core DOM equations with a common-MSE stopping wrapper', 'repeated_complete_timing': {'repeats': 1, 'samples_ms': [152.77420001802966], 'p50_ms': 152.77420001802966, 'mean_ms': 152.77420001802966}}",
Synthetic,seed20000_sample1601,independent_1601,12,12,liang_feature_iki_2017_adaptation,False,ok,4.6995168736091844e-05,True,,,30,78.43650004360825,,"[0.03370620112285256, 0.06741240224570512, 0.10111860336855769, 0.13482480449141024, 0.20432050240994332, 0.27381620032847637, 0.3433118982470095, 0.3519988604868261, 0.36068582272664274, 0.378059747206276, 0.4128075961655425, 0.44755544512480905, 0.48230329408407563, 0.5170511430433422, 0.5344250675229755, 0.5517989920026087, 0.5865468409618753, 0.6212946899211418, 0.638668614400775, 0.6560425388804083, 0.6907903878396748, 0.7569032318947557, 0.7899596539222962, 0.8230160759498366, 0.8395442869636068, 0.8560724979773771, 0.8891289200049175, 0.9221853420324579, 0.9552417640599983, 0.9755157870135881]","{'network_used': False, 'parameterization': 'chord_length', 'reported_refit': 'unregularized standard B-spline least squares with exact endpoint interpolation', 'timing_scope': 'complete numerical method: chord parameterization, knot selection/relocation, and final endpoint-constrained refit', 'mse_tolerance': 5e-05, 'smoothness_weight': 0.0, 'control_ridge': 0.0, 'interpolate_endpoints': True, 'declared_max_internal_knots': 64, 'declared_paper_initial_knots': 64, 'reference_doi': '10.1088/1361-6501/aa6a05', 'variant': 'feature_integral_plus_iki_disclosed_adaptation', 'dense_internal_knot_count': 64, 'initial_internal_knot_count': 4, 'inserted_internal_knot_count': 26, 'curvature_weight': 0.5, 'feature_sample_count': 1025, 'scanned_counts': (4, 5, 6, 7, 8, 9, 10, 11, 12, 13, 14, 15, 16, 17, 18, 19, 20, 21, 22, 23, 24, 25, 26, 27, 28, 29, 30), 'scanned_mse': (0.00402090022239234, 0.0038496556407336766, 0.00377525974877391, 0.0036499543042297976, 0.002683392591011568, 0.0026455746297920843, 0.00264067208050449, 0.002094042660808433, 0.0012818940857252834, 0.0010538931086129391, 0.000978482151786536, 0.0007377078584182946, 0.0006600069351546419, 0.0005989913223193259, 0.0005193668173661745, 0.0004756691714248869, 0.0004391885080981708, 0.0004095369938757843, 0.00022120295242878093, 0.00022004664783928967, 0.00015204128327423057, 0.00012677612272606555, 9.168009731658059e-05, 7.536058197436122e-05, 7.055293147864736e-05, 5.9370074504149075e-05, 4.6995168736091844e-05), 'scanned_max_parameter_residual': (0.1520504641153122, 0.13971040783449237, 0.14565616744912646, 0.13898287232061418, 0.09376523221159737, 0.0897357675535889, 0.09034724862384448, 0.10060800237481353, 0.10460574047253154, 0.0874203290392328, 0.0749312310972608, 0.06824229953454629, 0.0661085381889784, 0.05855288278654493, 0.05143838286977543, 0.051505336127691544, 0.046104382552396635, 0.05097744123670095, 0.0412889837862286, 0.0436661013964925, 0.028897438124776107, 0.024298678241873935, 0.023492855760012643, 0.01972346724678415, 0.018798839158775976, 0.016295728124143045, 0.015218338828432407), 'exact_refit_count': 28, 'paper_native_objective': 'error-bounded feature-integral initialization plus iterative knot insertion', 'comparison_wrapper': 'explicit 0.5 arc/curvature feature blend by default, worst-residual span midpoint insertion, and common-MSE stopping', 'method_fidelity': ""Liang-inspired adaptation; the access-controlled article's exact feature equation and constants are not claimed"", 'threshold_satisfied': True, 'repeated_complete_timing': {'repeats': 1, 'samples_ms': [78.43650004360825], 'p50_ms': 78.43650004360825, 'mean_ms': 78.43650004360825}}",
Synthetic,seed20000_sample1601,independent_1601,12,12,dung_direct_knot_2017_adaptation,False,ok,4.8708871669271636e-05,True,,,21,796.4267000206746,,"[0.06153846153846154, 0.11189532523456015, 0.1366257800961672, 0.21287946616059725, 0.27257199960348455, 0.3298665214752253, 0.39531037692049464, 0.44645725584915574, 0.5038626699166685, 0.5225333948937777, 0.5846153846153845, 0.5875192175568249, 0.6615384615384615, 0.6673709274084129, 0.7479318120969894, 0.8061700475889491, 0.8615384615384616, 0.8740156038652913, 0.8962893041856449, 0.9076923076923077, 0.9384615384615385]","{'network_used': False, 'parameterization': 'chord_length', 'reported_refit': 'unregularized endpoint-constrained standard B-spline least squares', 'timing_scope': 'complete numerical method: chord parameterization, knot selection/relocation, and final endpoint-constrained refit', 'mse_tolerance': 5e-05, 'smoothness_weight': 0.0, 'control_ridge': 0.0, 'interpolate_endpoints': True, 'declared_max_internal_knots': 64, 'declared_paper_initial_knots': 64, 'paper': 'Dung and Tjahjowidodo, PLOS ONE 2017, doi:10.1371/journal.pone.0173857', 'variant': 'serial_bisection_simple_knot_adaptation', 'native_control_norm': 'maximum Euclidean point residual', 'native_max_error_tolerance': 0.007071067811865475, 'native_final_max_error': 0.08908146668358499, 'native_final_mse': 0.0005771691590530706, 'common_final_max_error': 0.08490854348613179, 'common_final_mse': 0.0005924476946733523, 'all_local_segments_native_feasible': False, 'local_piecewise_feasible_global_common_refit_failed': False, 'native_global_max_error_threshold_satisfied': False, 'native_global_common_mse_threshold_satisfied': False, 'native_global_internal_knot_count': 13, 'common_final_metrics_scope': 'native adaptation before any optional comparison feasibility safeguard', 'segments': ((0, 5), (6, 15), (16, 31), (32, 48), (49, 65), (66, 86), (87, 103), (104, 117), (118, 127), (128, 136), (137, 148), (149, 164), (165, 177), (178, 191)), 'segment_max_errors': (0.0052279601895925155, 0.005921080551569663, 0.007021135839845384, 0.006097211594560016, 0.005518558481341663, 0.005785791623305446, 0.00661069839013975, 0.0037015948974812043, 0.0070063430226789715, 0.00647347429916649, 0.0044804933012462436, 0.005952474668604015, 0.0037318872788469543, 0.013027128295844336), 'coarse_break_indices': (5, 15, 31, 48, 65, 86, 103, 117, 127, 136, 148, 164, 177), 'proposed_internal_knot_count': 13, 'retained_internal_knot_count': 13, 'scan_evaluations': 143, 'optimization_evaluations': 146, 'single_piece_evaluations': 126, 'exact_refit_count': 417, 'gauss_newton_fallback_count': 0, 'capacity_exceeded': False, 'capacity_handling': 'none', 'adaptation_limits': ('serial bisection only; parallel split/join/shift is not implemented', 'simple interior knots only; multiplicity and continuity classification are omitted', 'default native max-error epsilon is sqrt(mse_tolerance), which is a unit conversion rather than an equivalent constraint', 'capacity overflow is handled by deterministic uniform coarse-break subsampling before relocation', 'guarded float64 least squares and finite-difference Gauss-Newton replace MATLAB numerical edge behavior'), 'method_fidelity': 'serial simple-knot adaptation; parallel operations and knot multiplicity classification are not reproduced', 'threshold_satisfied_native_max_error': False, 'threshold_satisfied_common_max_error_before_safeguard': False, 'native_common_refit_mse': 0.0005924476946733523, 'native_common_refit_k': 13, 'native_common_refit_threshold_satisfied': False, 'comparison_method_capacity': 64, 'comparison_feasibility_safeguard_version': 'bounded_common_mse_v1', 'comparison_feasibility_safeguard_enabled': True, 'comparison_feasibility_safeguard_used': True, 'comparison_feasibility_safeguard_attempted': True, 'comparison_feasibility_safeguard_role': 'repository comparison wrapper; not part of the cited method', 'comparison_feasibility_native_mse': 0.0005924476946733523, 'comparison_feasibility_native_k': 13, 'comparison_feasibility_native_threshold_satisfied': False, 'comparison_feasibility_native_knots': (0.11189532523456015, 0.1366257800961672, 0.21287946616059725, 0.27257199960348455, 0.3298665214752253, 0.39531037692049464, 0.44645725584915574, 0.5038626699166685, 0.5875192175568249, 0.6673709274084129, 0.7479318120969894, 0.8061700475889491, 0.8962893041856449), 'comparison_feasibility_added_knots': (0.9384615384615385, 0.9076923076923077, 0.8740156038652913, 0.8615384615384616, 0.5846153846153845, 0.5225333948937777, 0.6615384615384615, 0.06153846153846154), 'comparison_feasibility_added_knots_scope': 'residual-guided path; final_knots are authoritative after any uniform fallback', 'comparison_feasibility_refit_count': 24, 'comparison_feasibility_final_source': 'residual_guided_augmentation', 'comparison_feasibility_final_mse': 4.8708871669271636e-05, 'comparison_feasibility_final_k': 21, 'comparison_feasibility_final_knots': (0.06153846153846154, 0.11189532523456015, 0.1366257800961672, 0.21287946616059725, 0.27257199960348455, 0.3298665214752253, 0.39531037692049464, 0.44645725584915574, 0.5038626699166685, 0.5225333948937777, 0.5846153846153845, 0.5875192175568249, 0.6615384615384615, 0.6673709274084129, 0.7479318120969894, 0.8061700475889491, 0.8615384615384616, 0.8740156038652913, 0.8962893041856449, 0.9076923076923077, 0.9384615384615385), 'comparison_feasibility_threshold_satisfied': True, 'comparison_feasibility_status': 'repaired_feasible', 'comparison_feasibility_dense_capacity_mse': None, 'comparison_feasibility_dense_capacity_threshold_satisfied': None, 'comparison_feasibility_capacity': 64, 'comparison_method_label': 'threshold-safe adaptation', 'threshold_satisfied': True, 'repeated_complete_timing': {'repeats': 1, 'samples_ms': [796.4267000206746], 'p50_ms': 796.4267000206746, 'mean_ms': 796.4267000206746}}",
Synthetic,seed20000_sample1601,independent_1601,12,12,kang_sparse_2015_adaptation,False,ok,4.266158582931019e-05,True,,,35,546.5907000470906,,"[0.015384615384615385, 0.03076923076923077, 0.046153846153846156, 0.06153846153846154, 0.07692307692307693, 0.09230769230769231, 0.1076923076923077, 0.15384615384615385, 0.2, 0.23076923076923078, 0.26153846153846155, 0.3076923076923077, 0.3230769230769231, 0.38461538461538464, 0.46153846153846156, 0.47692307692307695, 0.49230769230769234, 0.5076923076923077, 0.523076923076923, 0.5692307692307692, 0.5846153846153845, 0.6153846153846154, 0.6461538461538461, 0.676923076923077, 0.7230769230769231, 0.7384615384615385, 0.8153846153846154, 0.8461538461538461, 0.8615384615384616, 0.9076923076923077, 0.9230769230769231, 0.9384615384615385, 0.9538461538461538, 0.9692307692307692, 0.9846153846153847]","{'network_used': False, 'parameterization': 'chord_length', 'reported_refit': 'unregularized standard B-spline least squares with exact endpoint interpolation', 'timing_scope': 'complete numerical method: chord parameterization, knot selection/relocation, and final endpoint-constrained refit', 'mse_tolerance': 5e-05, 'smoothness_weight': 0.0, 'control_ridge': 0.0, 'interpolate_endpoints': True, 'declared_max_internal_knots': 64, 'declared_paper_initial_knots': 64, 'initial_internal_knot_count': 64, 'dense_initial_fit_mse': 4.617581012918908e-06, 'dense_initial_threshold_satisfied': True, 'active_internal_knot_count': 13, 'cluster_sizes': (7, 6), 'active_cluster_count': 2, 'relocated_internal_knot_count': 13, 'relocated_unique_knot_count': 13, 'relocated_knot_multiplicities': (1, 1, 1, 1, 1, 1, 1, 1, 1, 1, 1, 1, 1), 'active_to_relocated_compression_ratio': 1.0, 'sparse_stage_mse': 4.617581012918908e-06, 'sparse_stage_threshold_satisfied': True, 'native_sparse_feasible_final_common_refit_failed': True, 'sparse_and_final_mse_are_directly_comparable': False, 'sparse_iterations': 900, 'sparse_solver_seconds': 0.3322059999918565, 'relocation_seconds': 2.0099978428333998e-05, 'non_paper_feasibility_repair_enabled': False, 'paper_feasibility_repair_used': False, 'paper_feasibility_repair_added_count': 0, 'local_refit_count': 0, 'method_note': ""Vector-valued group-L1 ADMM adaptation of Kang et al. (2015) equation (12), followed by Algorithms 4-5 only for clear short active clusters; long general-data runs retain their active knots because Algorithm 1 is not reproduced; not the paper's scalar CVX implementation."", 'relocation_method': 'Algorithms 4-5 skipped: the active knots do not form clear short groups; retain the sparse-stage active vector instead of applying Algorithm 4 outside the regime recommended by Kang et al. Algorithm 1 is not reproduced by this adaptation.', 'algorithm4_cluster_relocation_applied': False, 'absolute_jump_threshold': 1e-07, 'relative_jump_threshold': 0.001, 'effective_jump_threshold': 72638.2666218469, 'native_final_fit_mse_without_endpoint_constraint': 0.0041096431251741675, 'native_endpoint_constrained_mse': 0.004109643125174168, 'endpoint_constraint_fallback': 'disabled', 'native_common_refit_mse': 0.004109643125174168, 'native_common_refit_k': 13, 'native_common_refit_threshold_satisfied': False, 'comparison_method_capacity': 64, 'comparison_feasibility_safeguard_version': 'bounded_common_mse_v1', 'comparison_feasibility_safeguard_enabled': True, 'comparison_feasibility_safeguard_used': True, 'comparison_feasibility_safeguard_attempted': True, 'comparison_feasibility_safeguard_role': 'repository comparison wrapper; not part of the cited method', 'comparison_feasibility_native_mse': 0.004109643125174168, 'comparison_feasibility_native_k': 13, 'comparison_feasibility_native_threshold_satisfied': False, 'comparison_feasibility_native_knots': (0.015384615384615385, 0.03076923076923077, 0.046153846153846156, 0.06153846153846154, 0.07692307692307693, 0.09230769230769231, 0.1076923076923077, 0.9076923076923077, 0.9230769230769231, 0.9384615384615385, 0.9538461538461538, 0.9692307692307692, 0.9846153846153847), 'comparison_feasibility_added_knots': (0.5846153846153845, 0.5692307692307692, 0.6153846153846154, 0.49230769230769234, 0.7230769230769231, 0.23076923076923078, 0.2, 0.3076923076923077, 0.38461538461538464, 0.8153846153846154, 0.523076923076923, 0.6461538461538461, 0.8615384615384616, 0.15384615384615385, 0.5076923076923077, 0.26153846153846155, 0.676923076923077, 0.46153846153846156, 0.3230769230769231, 0.7384615384615385, 0.47692307692307695, 0.8461538461538461), 'comparison_feasibility_added_knots_scope': 'residual-guided path; final_knots are authoritative after any uniform fallback', 'comparison_feasibility_refit_count': 66, 'comparison_feasibility_final_source': 'residual_guided_augmentation', 'comparison_feasibility_final_mse': 4.266158582931019e-05, 'comparison_feasibility_final_k': 35, 'comparison_feasibility_final_knots': (0.015384615384615385, 0.03076923076923077, 0.046153846153846156, 0.06153846153846154, 0.07692307692307693, 0.09230769230769231, 0.1076923076923077, 0.15384615384615385, 0.2, 0.23076923076923078, 0.26153846153846155, 0.3076923076923077, 0.3230769230769231, 0.38461538461538464, 0.46153846153846156, 0.47692307692307695, 0.49230769230769234, 0.5076923076923077, 0.523076923076923, 0.5692307692307692, 0.5846153846153845, 0.6153846153846154, 0.6461538461538461, 0.676923076923077, 0.7230769230769231, 0.7384615384615385, 0.8153846153846154, 0.8461538461538461, 0.8615384615384616, 0.9076923076923077, 0.9230769230769231, 0.9384615384615385, 0.9538461538461538, 0.9692307692307692, 0.9846153846153847), 'comparison_feasibility_threshold_satisfied': True, 'comparison_feasibility_status': 'repaired_feasible', 'comparison_feasibility_dense_capacity_mse': None, 'comparison_feasibility_dense_capacity_threshold_satisfied': None, 'comparison_feasibility_capacity': 64, 'comparison_method_label': 'threshold-safe adaptation', 'threshold_satisfied': True, 'repeated_complete_timing': {'repeats': 1, 'samples_ms': [546.5907000470906], 'p50_ms': 546.5907000470906, 'mean_ms': 546.5907000470906}}",
Synthetic,seed20000_sample1601,independent_1601,12,12,luo_linf_de_2022_adaptation,False,ok,4.939681862502866e-05,True,,,27,2424.766800017096,,"[0.022995826748663458, 0.07692307692307693, 0.09230769230769231, 0.1076923076923077, 0.13846153846153847, 0.2153846153846154, 0.2790300691208671, 0.3076923076923077, 0.36923076923076925, 0.38461538461538464, 0.4461538461538462, 0.46434702555338203, 0.5076923076923077, 0.5384615384615384, 0.5594757378180781, 0.6, 0.6153846153846154, 0.6203407875009563, 0.6753738870462977, 0.7232548343557403, 0.7384615384615385, 0.7801270955424019, 0.8, 0.8609113396691532, 0.9076923076923077, 0.9384615384615385, 0.956725440712295]","{'network_used': False, 'parameterization': 'chord_length', 'reported_refit': 'unregularized standard B-spline least squares with exact endpoint interpolation', 'timing_scope': 'complete numerical method: chord parameterization, knot selection/relocation, and final endpoint-constrained refit', 'mse_tolerance': 5e-05, 'smoothness_weight': 0.0, 'control_ridge': 0.0, 'interpolate_endpoints': True, 'declared_max_internal_knots': 64, 'declared_paper_initial_knots': 64, 'reference_doi': '10.4208/jcm.2012-m2020-0203', 'variant': 'linf1_jump_sparsity_plus_differential_evolution', 'initial_internal_knot_count': 64, 'dense_initial_fit_mse': 4.617581012918908e-06, 'dense_initial_threshold_satisfied': True, 'selected_regularization': 3.237940207159138e-05, 'sparse_stage_mse': 4.629785926147076e-05, 'sparse_stage_threshold_satisfied': True, 'jump_local_maximum_eta': 0.5, 'candidate_internal_knot_count': 10, 'initial_to_candidate_compression_ratio': 0.15625, 'candidate_refit_mse_before_de': 0.00271075555607365, 'candidate_refit_threshold_satisfied_before_de': False, 'candidate_selection_lost_sparse_feasibility': True, 'de_population': 10, 'de_iterations': 10, 'de_evaluations': 110, 'de_initial_max_error': 0.13397066026151985, 'de_final_max_error': 0.08545969687047643, 'de_restored_common_mse_feasibility': False, 'paper_native_objective': 'nonsquared Frobenius data term plus l-infinity,1 derivative-jump penalty; DE minimizes maximum Euclidean error', 'comparison_wrapper': 'regularization is selected against the common MSE budget and the final fit uses the common endpoint-constrained refit', 'method_fidelity': 'defining mixed-norm, local-maximum selection, and DE stages are reproduced; hyperparameter selection is adapted', 'native_common_refit_mse': 0.0021495205909676583, 'native_common_refit_k': 10, 'native_common_refit_threshold_satisfied': False, 'comparison_method_capacity': 64, 'comparison_feasibility_safeguard_version': 'bounded_common_mse_v1', 'comparison_feasibility_safeguard_enabled': True, 'comparison_feasibility_safeguard_used': True, 'comparison_feasibility_safeguard_attempted': True, 'comparison_feasibility_safeguard_role': 'repository comparison wrapper; not part of the cited method', 'comparison_feasibility_native_mse': 0.0021495205909676583, 'comparison_feasibility_native_k': 10, 'comparison_feasibility_native_threshold_satisfied': False, 'comparison_feasibility_native_knots': (0.022995826748663458, 0.2790300691208671, 0.46434702555338203, 0.5594757378180781, 0.6203407875009563, 0.6753738870462977, 0.7232548343557403, 0.7801270955424019, 0.8609113396691532, 0.956725440712295), 'comparison_feasibility_added_knots': (0.2153846153846154, 0.3076923076923077, 0.1076923076923077, 0.36923076923076925, 0.07692307692307693, 0.6153846153846154, 0.09230769230769231, 0.5384615384615384, 0.9384615384615385, 0.13846153846153847, 0.5076923076923077, 0.7384615384615385, 0.9076923076923077, 0.38461538461538464, 0.8, 0.4461538461538462, 0.6), 'comparison_feasibility_added_knots_scope': 'residual-guided path; final_knots are authoritative after any uniform fallback', 'comparison_feasibility_refit_count': 51, 'comparison_feasibility_final_source': 'residual_guided_augmentation', 'comparison_feasibility_final_mse': 4.939681862502866e-05, 'comparison_feasibility_final_k': 27, 'comparison_feasibility_final_knots': (0.022995826748663458, 0.07692307692307693, 0.09230769230769231, 0.1076923076923077, 0.13846153846153847, 0.2153846153846154, 0.2790300691208671, 0.3076923076923077, 0.36923076923076925, 0.38461538461538464, 0.4461538461538462, 0.46434702555338203, 0.5076923076923077, 0.5384615384615384, 0.5594757378180781, 0.6, 0.6153846153846154, 0.6203407875009563, 0.6753738870462977, 0.7232548343557403, 0.7384615384615385, 0.7801270955424019, 0.8, 0.8609113396691532, 0.9076923076923077, 0.9384615384615385, 0.956725440712295), 'comparison_feasibility_threshold_satisfied': True, 'comparison_feasibility_status': 'repaired_feasible', 'comparison_feasibility_dense_capacity_mse': None, 'comparison_feasibility_dense_capacity_threshold_satisfied': None, 'comparison_feasibility_capacity': 64, 'comparison_method_label': 'threshold-safe adaptation', 'threshold_satisfied': True, 'repeated_complete_timing': {'repeats': 1, 'samples_ms': [2424.766800017096], 'p50_ms': 2424.766800017096, 'mean_ms': 2424.766800017096}}",
Synthetic,seed20000_sample3366,independent_3366,13,13,ours,False,ok,1.6190764035914643e-05,True,,,27,25.5732,20.599,"[0.068606436252594, 0.11780194938182831, 0.1330338716506958, 0.15847288072109222, 0.18988366425037384, 0.21018418669700623, 0.252454549074173, 0.28598183393478394, 0.33101174235343933, 0.34958308935165405, 0.34968310594558716, 0.41270965337753296, 0.47679027915000916, 0.5055133700370789, 0.5274175405502319, 0.5670065879821777, 0.5907347202301025, 0.6432908177375793, 0.6575011610984802, 0.7118040323257446, 0.7479055523872375, 0.7795102596282959, 0.8011488914489746, 0.8358217477798462, 0.857808530330658, 0.8605988621711731, 0.908564567565918]","{'network_latency': {'p50_ms': 20.599, 'median_ms': 20.599, 'mean_ms': 20.599, 'p95_ms': 20.599, 'minimum_ms': 20.599, 'maximum_ms': 20.599, 'repeat_ms': [20.599]}, 'end_to_end_latency': {'p50_ms': 25.5732, 'median_ms': 25.5732, 'mean_ms': 25.5732, 'p95_ms': 25.5732, 'minimum_ms': 25.5732, 'maximum_ms': 25.5732, 'repeat_ms': [25.5732]}, 'postprocessing': 'none', 'tolerance_conditioned_network': True, 'network_mse_tolerance': 5e-05}",
Synthetic,seed20000_sample3366,independent_3366,13,13,park_dominant_point_2007_adaptation,False,ok,4.690888805729564e-05,True,,,35,168.79379999591038,,"[0.10675443403022984, 0.13851783789797792, 0.16799548570843037, 0.1877059098941204, 0.20518020942008475, 0.22412558345215813, 0.24918119217034698, 0.2653822352040584, 0.2802606083737431, 0.3027267300550676, 0.32418825203358953, 0.3447568679774025, 0.3633444497017127, 0.38352328969108135, 0.4042005775353703, 0.4220716148476062, 0.4389789933453357, 0.4561129506880075, 0.4741448921623757, 0.49268173081792715, 0.5112338873808303, 0.5209024435790689, 0.5348765748154612, 0.5508089360793714, 0.5670813191144394, 0.5772048556884034, 0.5848929858293707, 0.60401435650652, 0.6215118507978478, 0.663673291670745, 0.717601773908818, 0.77169712085754, 0.8157628429044305, 0.8373514708360456, 0.86562373079693]","{'network_used': False, 'parameterization': 'chord_length', 'reported_refit': 'unregularized standard B-spline least squares with exact endpoint interpolation', 'timing_scope': 'complete numerical method: chord parameterization, knot selection/relocation, and final endpoint-constrained refit', 'mse_tolerance': 5e-05, 'smoothness_weight': 0.0, 'control_ridge': 0.0, 'interpolate_endpoints': True, 'declared_max_internal_knots': 64, 'declared_paper_initial_knots': 64, 'method': 'park_lee_dom_2007_adaptation', 'reference_doi': '10.1016/j.cad.2006.12.006', 'knot_placement': 'Park-Lee Eq. (4): each interior knot averages degree consecutive dominant-point parameters', 'lcm_lower_bound': 4.496678074894656, 'lcm_seed_count': 53, 'shape_weight_r': 0.8, 'shape_index': 'r*K_s,e/K_0,m + (1-r)*L_s,e/L_0,m', 'curvature_integral': 'trapezoidal in chord parameter', 'curvature_source': 'generalized local Menger curvature; no optional smoothed base curve', 'refinement_region': 'segment containing largest sampled parameter-correspondence residual', 'refinement_point': 'argmin_w |lambda_s,w - lambda_w,e|', 'stopping_metric': 'mean squared Euclidean parameter-correspondence error', 'distance_metric_deviation': ""comparison adaptation stops on common MSE; it does not reproduce the paper's maximum-distance or iterative orthogonal-distance criterion"", 'seed_completion_deviation': 'shape-index splits complete degree+1 dominant points when too few LCM seeds exist', 'effective_max_internal_knots': 64, 'requested_max_internal_knots': 64, 'selected_sources': ('endpoint', 'endpoint', 'lcm_seed', 'lcm_seed', 'lcm_seed', 'lcm_seed', 'lcm_seed', 'lcm_seed', 'lcm_seed', 'lcm_seed', 'lcm_seed', 'lcm_seed', 'lcm_seed', 'lcm_seed', 'lcm_seed', 'lcm_seed', 'lcm_seed', 'lcm_seed', 'lcm_seed', 'lcm_seed', 'lcm_seed', 'lcm_seed', 'lcm_seed', 'lcm_seed', 'lcm_seed', 'lcm_seed', 'lcm_seed', 'lcm_seed', 'lcm_seed', 'lcm_seed', 'lcm_seed', 'lcm_seed', 'lcm_seed', 'lcm_seed', 'lcm_seed', 'lcm_seed', 'lcm_seed', 'lcm_seed', 'lcm_seed'), 'boundary_knot_clamp_count': 0, 'threshold_satisfied': True, 'scanned_counts': (0, 1, 2, 3, 4, 5, 6, 7, 8, 9, 10, 11, 12, 13, 14, 15, 16, 17, 18, 19, 20, 21, 22, 23, 24, 25, 26, 27, 28, 29, 30, 31, 32, 33, 34, 35), 'scanned_mse': (0.010112848008013963, 0.005570999964440021, 0.005417598504858009, 0.004584631148117537, 0.0037928701553799605, 0.0037247747871668895, 0.003179285548527275, 0.0030517991581737454, 0.0025876291337557458, 0.002528377801081973, 0.0023187550516356563, 0.0015176076796757532, 0.0015090348604002372, 0.0012978494734312096, 0.001136871302681137, 0.001141351619278476, 0.0011444809584396356, 0.0006874529908485353, 0.0006676294131156232, 0.0006645155079249466, 0.00038651542807793837, 0.00038459117767303497, 0.0003787460297760141, 0.000375131084533829, 0.0003735584484644754, 0.0003366144852963344, 0.0003345316392919227, 0.00031410295949400115, 0.00031082477663698667, 0.00030904523014755665, 0.00022282272737648263, 0.0002222293105674631, 0.00021910993754909098, 0.00021769607493025978, 0.0002173117413860823, 4.690888805729564e-05), 'scanned_max_parameter_residual': (0.2435652916617952, 0.20160946896936016, 0.20177116540234988, 0.1791232256670741, 0.1391554843425362, 0.13463626059738137, 0.1140107381293464, 0.11484930547695431, 0.1077062874809146, 0.10112582820962691, 0.10079252799616358, 0.09127996186072691, 0.09407063558447488, 0.09409372197073164, 0.10289930026902448, 0.10275771317168055, 0.09572466939787563, 0.09008677659867519, 0.09008731751403354, 0.09002558710214387, 0.0955958564982451, 0.09556780696053248, 0.0955576622004389, 0.09555764971799283, 0.09556808428659792, 0.09556803147776372, 0.09557243345757381, 0.07200006935971862, 0.07189505370826961, 0.07190640261875662, 0.07190640383346156, 0.07190640036551586, 0.07190644119417586, 0.0719063421043433, 0.07191508144048117, 0.017913848839357278), 'exact_refit_count': 36, 'method_fidelity': 'core DOM equations with a common-MSE stopping wrapper', 'repeated_complete_timing': {'repeats': 1, 'samples_ms': [168.79379999591038], 'p50_ms': 168.79379999591038, 'mean_ms': 168.79379999591038}}",
Synthetic,seed20000_sample3366,independent_3366,13,13,liang_feature_iki_2017_adaptation,False,ok,4.7611174514564565e-05,True,,,33,129.25290002021939,,"[0.0036481976918931887, 0.014448137223922427, 0.04246504834031809, 0.05647350389851592, 0.06347773167761483, 0.07048195945671376, 0.1367281424670837, 0.20297432547745364, 0.21953587123004614, 0.2360974169826386, 0.2692205084878236, 0.3023435999930085, 0.3354666914981935, 0.3685897830033785, 0.40171287450856347, 0.4679590575189334, 0.4845206032715259, 0.5010821490241184, 0.5342052405293034, 0.5507667862818959, 0.5673283320344884, 0.6004514235396733, 0.6254232095684438, 0.6503949955972141, 0.6628808886115993, 0.6753667816259845, 0.7003385676547549, 0.7502821397122957, 0.8002257117698366, 0.8501692838273774, 0.9001128558849183, 0.9250846419136887, 0.9500564279424591]","{'network_used': False, 'parameterization': 'chord_length', 'reported_refit': 'unregularized standard B-spline least squares with exact endpoint interpolation', 'timing_scope': 'complete numerical method: chord parameterization, knot selection/relocation, and final endpoint-constrained refit', 'mse_tolerance': 5e-05, 'smoothness_weight': 0.0, 'control_ridge': 0.0, 'interpolate_endpoints': True, 'declared_max_internal_knots': 64, 'declared_paper_initial_knots': 64, 'reference_doi': '10.1088/1361-6501/aa6a05', 'variant': 'feature_integral_plus_iki_disclosed_adaptation', 'dense_internal_knot_count': 64, 'initial_internal_knot_count': 4, 'inserted_internal_knot_count': 29, 'curvature_weight': 0.5, 'feature_sample_count': 1025, 'scanned_counts': (4, 5, 6, 7, 8, 9, 10, 11, 12, 13, 14, 15, 16, 17, 18, 19, 20, 21, 22, 23, 24, 25, 26, 27, 28, 29, 30, 31, 32, 33), 'scanned_mse': (0.0050231553584825115, 0.004217527033631691, 0.004101346216874704, 0.003777078600596426, 0.003437975175013984, 0.003285423555858097, 0.0032476871622729836, 0.0027394425386772538, 0.0019973964220123238, 0.0017061346656524368, 0.0015447253246360561, 0.0010520298146236456, 0.0009471554026910179, 0.0008351861025529126, 0.0007197345361962018, 0.0005909647532016236, 0.000585296121465994, 0.00035687985100598204, 0.0003211509233686345, 0.0002822259612841791, 0.0002308709339738453, 0.00020083851275182999, 0.0001330798489053177, 9.300120801244158e-05, 8.678352260146883e-05, 7.554054741836052e-05, 6.259796356948555e-05, 5.196463465582355e-05, 5.091447807248831e-05, 4.7611174514564565e-05), 'scanned_max_parameter_residual': (0.19461906625384226, 0.14403458180498513, 0.13526387642640428, 0.12272357127839194, 0.10279326084850166, 0.09815863070395318, 0.09554791663106627, 0.10702729755421066, 0.0979983996770284, 0.09092119546035057, 0.08460649515926731, 0.10059550197703239, 0.1050613144194324, 0.10368749893900411, 0.08099747310686566, 0.06678636395482315, 0.06577250629807535, 0.04276793680492249, 0.044020228615401946, 0.037993301297629116, 0.03174640422265979, 0.031034279105078742, 0.02812147616947449, 0.024736526570229223, 0.02313312183560649, 0.023083751846165387, 0.01816569325882485, 0.016269117500403097, 0.014657639538140898, 0.014528213048403748), 'exact_refit_count': 31, 'paper_native_objective': 'error-bounded feature-integral initialization plus iterative knot insertion', 'comparison_wrapper': 'explicit 0.5 arc/curvature feature blend by default, worst-residual span midpoint insertion, and common-MSE stopping', 'method_fidelity': ""Liang-inspired adaptation; the access-controlled article's exact feature equation and constants are not claimed"", 'threshold_satisfied': True, 'repeated_complete_timing': {'repeats': 1, 'samples_ms': [129.25290002021939], 'p50_ms': 129.25290002021939, 'mean_ms': 129.25290002021939}}",
Synthetic,seed20000_sample3366,independent_3366,13,13,dung_direct_knot_2017_adaptation,False,ok,4.848023518486629e-05,True,,,19,1196.4585999958217,,"[0.10953103603810621, 0.12826375111134453, 0.18842244181225618, 0.24615384615384617, 0.28450514713644587, 0.3500983189191066, 0.41292880608128024, 0.45976780313448196, 0.5206897364985608, 0.588519071257235, 0.6461538461538461, 0.6541696266212936, 0.6923076923076923, 0.705725393816812, 0.8021103455178923, 0.8461538461538461, 0.8769230769230769, 0.8976416429721631, 0.9076923076923077]","{'network_used': False, 'parameterization': 'chord_length', 'reported_refit': 'unregularized endpoint-constrained standard B-spline least squares', 'timing_scope': 'complete numerical method: chord parameterization, knot selection/relocation, and final endpoint-constrained refit', 'mse_tolerance': 5e-05, 'smoothness_weight': 0.0, 'control_ridge': 0.0, 'interpolate_endpoints': True, 'declared_max_internal_knots': 64, 'declared_paper_initial_knots': 64, 'paper': 'Dung and Tjahjowidodo, PLOS ONE 2017, doi:10.1371/journal.pone.0173857', 'variant': 'serial_bisection_simple_knot_adaptation', 'native_control_norm': 'maximum Euclidean point residual', 'native_max_error_tolerance': 0.007071067811865475, 'native_final_max_error': 0.08884190501225546, 'native_final_mse': 0.001427445317627813, 'common_final_max_error': 0.0889671035226673, 'common_final_mse': 0.0014300725850564064, 'all_local_segments_native_feasible': False, 'local_piecewise_feasible_global_common_refit_failed': False, 'native_global_max_error_threshold_satisfied': False, 'native_global_common_mse_threshold_satisfied': False, 'native_global_internal_knot_count': 13, 'common_final_metrics_scope': 'native adaptation before any optional comparison feasibility safeguard', 'segments': ((0, 8), (9, 17), (18, 29), (30, 45), (46, 65), (66, 85), (86, 98), (99, 114), (115, 134), (135, 147), (148, 158), (159, 169), (170, 183), (184, 191)), 'segment_max_errors': (0.006943921615929474, 0.004090495238418884, 0.004248768005646672, 0.00683325524113594, 0.0069756824691650345, 0.006938332655703961, 0.0061737018893178374, 0.0049840114963190995, 0.0069637317443434505, 0.006711539218840939, 0.0031568988160357385, 0.005398584079668852, 0.007007112747873767, 0.015903003832514875), 'coarse_break_indices': (8, 17, 29, 45, 65, 85, 98, 114, 134, 147, 158, 169, 183), 'proposed_internal_knot_count': 13, 'retained_internal_knot_count': 13, 'scan_evaluations': 143, 'optimization_evaluations': 164, 'single_piece_evaluations': 126, 'exact_refit_count': 435, 'gauss_newton_fallback_count': 0, 'capacity_exceeded': False, 'capacity_handling': 'none', 'adaptation_limits': ('serial bisection only; parallel split/join/shift is not implemented', 'simple interior knots only; multiplicity and continuity classification are omitted', 'default native max-error epsilon is sqrt(mse_tolerance), which is a unit conversion rather than an equivalent constraint', 'capacity overflow is handled by deterministic uniform coarse-break subsampling before relocation', 'guarded float64 least squares and finite-difference Gauss-Newton replace MATLAB numerical edge behavior'), 'method_fidelity': 'serial simple-knot adaptation; parallel operations and knot multiplicity classification are not reproduced', 'threshold_satisfied_native_max_error': False, 'threshold_satisfied_common_max_error_before_safeguard': False, 'native_common_refit_mse': 0.0014300725850564064, 'native_common_refit_k': 13, 'native_common_refit_threshold_satisfied': False, 'comparison_method_capacity': 64, 'comparison_feasibility_safeguard_version': 'bounded_common_mse_v1', 'comparison_feasibility_safeguard_enabled': True, 'comparison_feasibility_safeguard_used': True, 'comparison_feasibility_safeguard_attempted': True, 'comparison_feasibility_safeguard_role': 'repository comparison wrapper; not part of the cited method', 'comparison_feasibility_native_mse': 0.0014300725850564064, 'comparison_feasibility_native_k': 13, 'comparison_feasibility_native_threshold_satisfied': False, 'comparison_feasibility_native_knots': (0.10953103603810621, 0.12826375111134453, 0.18842244181225618, 0.28450514713644587, 0.3500983189191066, 0.41292880608128024, 0.45976780313448196, 0.5206897364985608, 0.588519071257235, 0.6541696266212936, 0.705725393816812, 0.8021103455178923, 0.8976416429721631), 'comparison_feasibility_added_knots': (0.8769230769230769, 0.24615384615384617, 0.9076923076923077, 0.8461538461538461, 0.6461538461538461, 0.6923076923076923), 'comparison_feasibility_added_knots_scope': 'residual-guided path; final_knots are authoritative after any uniform fallback', 'comparison_feasibility_refit_count': 18, 'comparison_feasibility_final_source': 'residual_guided_augmentation', 'comparison_feasibility_final_mse': 4.848023518486629e-05, 'comparison_feasibility_final_k': 19, 'comparison_feasibility_final_knots': (0.10953103603810621, 0.12826375111134453, 0.18842244181225618, 0.24615384615384617, 0.28450514713644587, 0.3500983189191066, 0.41292880608128024, 0.45976780313448196, 0.5206897364985608, 0.588519071257235, 0.6461538461538461, 0.6541696266212936, 0.6923076923076923, 0.705725393816812, 0.8021103455178923, 0.8461538461538461, 0.8769230769230769, 0.8976416429721631, 0.9076923076923077), 'comparison_feasibility_threshold_satisfied': True, 'comparison_feasibility_status': 'repaired_feasible', 'comparison_feasibility_dense_capacity_mse': None, 'comparison_feasibility_dense_capacity_threshold_satisfied': None, 'comparison_feasibility_capacity': 64, 'comparison_method_label': 'threshold-safe adaptation', 'threshold_satisfied': True, 'repeated_complete_timing': {'repeats': 1, 'samples_ms': [1196.4585999958217], 'p50_ms': 1196.4585999958217, 'mean_ms': 1196.4585999958217}}",
Synthetic,seed20000_sample3366,independent_3366,13,13,kang_sparse_2015_adaptation,False,ok,4.926167373015929e-05,True,,,29,724.8889000038616,,"[0.02716346153846154, 0.046153846153846156, 0.07692307692307693, 0.15384615384615385, 0.16923076923076924, 0.2153846153846154, 0.23076923076923078, 0.2923076923076923, 0.3230769230769231, 0.3384615384615385, 0.38461538461538464, 0.4153846153846154, 0.46153846153846156, 0.47692307692307695, 0.5384615384615384, 0.5692307692307692, 0.6, 0.6307692307692307, 0.6615384615384615, 0.6923076923076923, 0.7230769230769231, 0.7384615384615385, 0.7692307692307692, 0.7846153846153846, 0.8615384615384616, 0.8769230769230769, 0.8923076923076922, 0.9076923076923077, 0.9384615384615385]","{'network_used': False, 'parameterization': 'chord_length', 'reported_refit': 'unregularized standard B-spline least squares with exact endpoint interpolation', 'timing_scope': 'complete numerical method: chord parameterization, knot selection/relocation, and final endpoint-constrained refit', 'mse_tolerance': 5e-05, 'smoothness_weight': 0.0, 'control_ridge': 0.0, 'interpolate_endpoints': True, 'declared_max_internal_knots': 64, 'declared_paper_initial_knots': 64, 'initial_internal_knot_count': 64, 'dense_initial_fit_mse': 5.773248495318226e-06, 'dense_initial_threshold_satisfied': True, 'active_internal_knot_count': 2, 'cluster_sizes': (2,), 'active_cluster_count': 1, 'relocated_internal_knot_count': 1, 'relocated_unique_knot_count': 1, 'relocated_knot_multiplicities': (1,), 'active_to_relocated_compression_ratio': 0.5, 'sparse_stage_mse': 5.773248495318226e-06, 'sparse_stage_threshold_satisfied': True, 'native_sparse_feasible_final_common_refit_failed': True, 'sparse_and_final_mse_are_directly_comparable': False, 'sparse_iterations': 900, 'sparse_solver_seconds': 0.3284869000199251, 'relocation_seconds': 0.02265979995718226, 'non_paper_feasibility_repair_enabled': False, 'paper_feasibility_repair_used': False, 'paper_feasibility_repair_added_count': 0, 'local_refit_count': 12, 'method_note': ""Vector-valued group-L1 ADMM adaptation of Kang et al. (2015) equation (12), followed by Algorithms 4-5 only for clear short active clusters; long general-data runs retain their active knots because Algorithm 1 is not reproduced; not the paper's scalar CVX implementation."", 'relocation_method': ""Algorithms 4-5 adaptation: classify adjacent active uniform knots by spacing, retain each cluster's boundary pair, narrow it by exact least-squares comparisons, then apply the 2*E_double < E_single single/double-knot decision."", 'algorithm4_cluster_relocation_applied': True, 'absolute_jump_threshold': 1e-07, 'relative_jump_threshold': 0.001, 'effective_jump_threshold': 509544926651.2307, 'native_final_fit_mse_without_endpoint_constraint': 0.005171797193827205, 'native_endpoint_constrained_mse': 0.00665244630542611, 'endpoint_constraint_fallback': 'disabled', 'native_common_refit_mse': 0.00665244630542611, 'native_common_refit_k': 1, 'native_common_refit_threshold_satisfied': False, 'comparison_method_capacity': 64, 'comparison_feasibility_safeguard_version': 'bounded_common_mse_v1', 'comparison_feasibility_safeguard_enabled': True, 'comparison_feasibility_safeguard_used': True, 'comparison_feasibility_safeguard_attempted': True, 'comparison_feasibility_safeguard_role': 'repository comparison wrapper; not part of the cited method', 'comparison_feasibility_native_mse': 0.00665244630542611, 'comparison_feasibility_native_k': 1, 'comparison_feasibility_native_threshold_satisfied': False, 'comparison_feasibility_native_knots': (0.02716346153846154,), 'comparison_feasibility_added_knots': (0.046153846153846156, 0.8769230769230769, 0.7384615384615385, 0.6923076923076923, 0.3384615384615385, 0.7846153846153846, 0.15384615384615385, 0.6, 0.5384615384615384, 0.9384615384615385, 0.8923076923076922, 0.47692307692307695, 0.3230769230769231, 0.38461538461538464, 0.7230769230769231, 0.16923076923076924, 0.23076923076923078, 0.6615384615384615, 0.6307692307692307, 0.46153846153846156, 0.4153846153846154, 0.2923076923076923, 0.9076923076923077, 0.07692307692307693, 0.2153846153846154, 0.8615384615384616, 0.7692307692307692, 0.5692307692307692), 'comparison_feasibility_added_knots_scope': 'residual-guided path; final_knots are authoritative after any uniform fallback', 'comparison_feasibility_refit_count': 84, 'comparison_feasibility_final_source': 'residual_guided_augmentation', 'comparison_feasibility_final_mse': 4.926167373015929e-05, 'comparison_feasibility_final_k': 29, 'comparison_feasibility_final_knots': (0.02716346153846154, 0.046153846153846156, 0.07692307692307693, 0.15384615384615385, 0.16923076923076924, 0.2153846153846154, 0.23076923076923078, 0.2923076923076923, 0.3230769230769231, 0.3384615384615385, 0.38461538461538464, 0.4153846153846154, 0.46153846153846156, 0.47692307692307695, 0.5384615384615384, 0.5692307692307692, 0.6, 0.6307692307692307, 0.6615384615384615, 0.6923076923076923, 0.7230769230769231, 0.7384615384615385, 0.7692307692307692, 0.7846153846153846, 0.8615384615384616, 0.8769230769230769, 0.8923076923076922, 0.9076923076923077, 0.9384615384615385), 'comparison_feasibility_threshold_satisfied': True, 'comparison_feasibility_status': 'repaired_feasible', 'comparison_feasibility_dense_capacity_mse': None, 'comparison_feasibility_dense_capacity_threshold_satisfied': None, 'comparison_feasibility_capacity': 64, 'comparison_method_label': 'threshold-safe adaptation', 'threshold_satisfied': True, 'repeated_complete_timing': {'repeats': 1, 'samples_ms': [724.8889000038616], 'p50_ms': 724.8889000038616, 'mean_ms': 724.8889000038616}}",
Synthetic,seed20000_sample3366,independent_3366,13,13,luo_linf_de_2022_adaptation,False,ok,4.550493443787175e-05,True,,,28,2846.977499953937,,"[0.046153846153846156, 0.07692307692307693, 0.12307692307692308, 0.16923076923076924, 0.18461538461538463, 0.23076923076923078, 0.2923076923076923, 0.3230769230769231, 0.35384615384615387, 0.36923076923076925, 0.38461538461538464, 0.4, 0.4461538461538462, 0.44750997835036654, 0.523076923076923, 0.5384615384615384, 0.5846153846153845, 0.5976495748528561, 0.6461538461538461, 0.6615384615384615, 0.7076923076923076, 0.710899844650795, 0.7384615384615385, 0.7692307692307692, 0.7846153846153846, 0.8461538461538461, 0.8923076923076922, 0.9384615384615385]","{'network_used': False, 'parameterization': 'chord_length', 'reported_refit': 'unregularized standard B-spline least squares with exact endpoint interpolation', 'timing_scope': 'complete numerical method: chord parameterization, knot selection/relocation, and final endpoint-constrained refit', 'mse_tolerance': 5e-05, 'smoothness_weight': 0.0, 'control_ridge': 0.0, 'interpolate_endpoints': True, 'declared_max_internal_knots': 64, 'declared_paper_initial_knots': 64, 'reference_doi': '10.4208/jcm.2012-m2020-0203', 'variant': 'linf1_jump_sparsity_plus_differential_evolution', 'initial_internal_knot_count': 64, 'dense_initial_fit_mse': 5.773248495318226e-06, 'dense_initial_threshold_satisfied': True, 'selected_regularization': 3.4098140019356283e-07, 'sparse_stage_mse': 4.997398097645801e-05, 'sparse_stage_threshold_satisfied': True, 'jump_local_maximum_eta': 0.5, 'candidate_internal_knot_count': 3, 'initial_to_candidate_compression_ratio': 0.046875, 'candidate_refit_mse_before_de': 0.004287404973283923, 'candidate_refit_threshold_satisfied_before_de': False, 'candidate_selection_lost_sparse_feasibility': True, 'de_population': 10, 'de_iterations': 10, 'de_evaluations': 110, 'de_initial_max_error': 0.15665268717186442, 'de_final_max_error': 0.10474354346590045, 'de_restored_common_mse_feasibility': False, 'paper_native_objective': 'nonsquared Frobenius data term plus l-infinity,1 derivative-jump penalty; DE minimizes maximum Euclidean error', 'comparison_wrapper': 'regularization is selected against the common MSE budget and the final fit uses the common endpoint-constrained refit', 'method_fidelity': 'defining mixed-norm, local-maximum selection, and DE stages are reproduced; hyperparameter selection is adapted', 'native_common_refit_mse': 0.003846635147511655, 'native_common_refit_k': 3, 'native_common_refit_threshold_satisfied': False, 'comparison_method_capacity': 64, 'comparison_feasibility_safeguard_version': 'bounded_common_mse_v1', 'comparison_feasibility_safeguard_enabled': True, 'comparison_feasibility_safeguard_used': True, 'comparison_feasibility_safeguard_attempted': True, 'comparison_feasibility_safeguard_role': 'repository comparison wrapper; not part of the cited method', 'comparison_feasibility_native_mse': 0.003846635147511655, 'comparison_feasibility_native_k': 3, 'comparison_feasibility_native_threshold_satisfied': False, 'comparison_feasibility_native_knots': (0.44750997835036654, 0.5976495748528561, 0.710899844650795), 'comparison_feasibility_added_knots': (0.36923076923076925, 0.7384615384615385, 0.6615384615384615, 0.5384615384615384, 0.12307692307692308, 0.35384615384615387, 0.38461538461538464, 0.8461538461538461, 0.16923076923076924, 0.23076923076923078, 0.046153846153846156, 0.9384615384615385, 0.3230769230769231, 0.07692307692307693, 0.7846153846153846, 0.8923076923076922, 0.6461538461538461, 0.18461538461538463, 0.2923076923076923, 0.4, 0.5846153846153845, 0.7692307692307692, 0.523076923076923, 0.7076923076923076, 0.4461538461538462), 'comparison_feasibility_added_knots_scope': 'residual-guided path; final_knots are authoritative after any uniform fallback', 'comparison_feasibility_refit_count': 75, 'comparison_feasibility_final_source': 'residual_guided_augmentation', 'comparison_feasibility_final_mse': 4.550493443787175e-05, 'comparison_feasibility_final_k': 28, 'comparison_feasibility_final_knots': (0.046153846153846156, 0.07692307692307693, 0.12307692307692308, 0.16923076923076924, 0.18461538461538463, 0.23076923076923078, 0.2923076923076923, 0.3230769230769231, 0.35384615384615387, 0.36923076923076925, 0.38461538461538464, 0.4, 0.4461538461538462, 0.44750997835036654, 0.523076923076923, 0.5384615384615384, 0.5846153846153845, 0.5976495748528561, 0.6461538461538461, 0.6615384615384615, 0.7076923076923076, 0.710899844650795, 0.7384615384615385, 0.7692307692307692, 0.7846153846153846, 0.8461538461538461, 0.8923076923076922, 0.9384615384615385), 'comparison_feasibility_threshold_satisfied': True, 'comparison_feasibility_status': 'repaired_feasible', 'comparison_feasibility_dense_capacity_mse': None, 'comparison_feasibility_dense_capacity_threshold_satisfied': None, 'comparison_feasibility_capacity': 64, 'comparison_method_label': 'threshold-safe adaptation', 'threshold_satisfied': True, 'repeated_complete_timing': {'repeats': 1, 'samples_ms': [2846.977499953937], 'p50_ms': 2846.977499953937, 'mean_ms': 2846.977499953937}}",
Synthetic,seed20000_sample2204,independent_2204,14,14,ours,False,ok,2.5695808745747367e-05,True,,,27,24.5853,13.9714,"[0.0716889426112175, 0.12386714667081833, 0.13775084912776947, 0.1766982227563858, 0.20358401536941528, 0.23606263101100922, 0.27404382824897766, 0.331462562084198, 0.37151288986206055, 0.37161287665367126, 0.41851118206977844, 0.44555559754371643, 0.4670259952545166, 0.5229601860046387, 0.5335274338722229, 0.5542575716972351, 0.6126680374145508, 0.634041428565979, 0.6978423595428467, 0.7213016152381897, 0.7454853057861328, 0.7922244071960449, 0.834835946559906, 0.8399055004119873, 0.8581339716911316, 0.8898095488548279, 0.9134593605995178]","{'network_latency': {'p50_ms': 13.9714, 'median_ms': 13.9714, 'mean_ms': 13.9714, 'p95_ms': 13.9714, 'minimum_ms': 13.9714, 'maximum_ms': 13.9714, 'repeat_ms': [13.9714]}, 'end_to_end_latency': {'p50_ms': 24.5853, 'median_ms': 24.5853, 'mean_ms': 24.5853, 'p95_ms': 24.5853, 'minimum_ms': 24.5853, 'maximum_ms': 24.5853, 'repeat_ms': [24.5853]}, 'postprocessing': 'none', 'tolerance_conditioned_network': True, 'network_mse_tolerance': 5e-05}",
Synthetic,seed20000_sample2204,independent_2204,14,14,park_dominant_point_2007_adaptation,False,ok,4.691020683406707e-05,True,,,33,125.32619998091832,,"[0.13999608617209472, 0.16145094562462078, 0.17655788338822043, 0.19221833407420622, 0.20907433539785938, 0.2189126502921086, 0.23061708327920805, 0.2420222475334267, 0.27055356692819205, 0.296733065461178, 0.32430309476477, 0.33777402674352414, 0.35359651344502235, 0.3699855852156517, 0.380762988279116, 0.398885753301919, 0.41331334189986685, 0.4271383885010844, 0.4418585628605836, 0.45845211266693814, 0.47628312199989503, 0.49848105353406186, 0.5409146281273475, 0.6037326306207366, 0.6530622773612498, 0.6948335620589683, 0.7291922269289032, 0.761874649833936, 0.7952506809278054, 0.8144127437471731, 0.8464956892503818, 0.8730959871537568, 0.9018072672216811]","{'network_used': False, 'parameterization': 'chord_length', 'reported_refit': 'unregularized standard B-spline least squares with exact endpoint interpolation', 'timing_scope': 'complete numerical method: chord parameterization, knot selection/relocation, and final endpoint-constrained refit', 'mse_tolerance': 5e-05, 'smoothness_weight': 0.0, 'control_ridge': 0.0, 'interpolate_endpoints': True, 'declared_max_internal_knots': 64, 'declared_paper_initial_knots': 64, 'method': 'park_lee_dom_2007_adaptation', 'reference_doi': '10.1016/j.cad.2006.12.006', 'knot_placement': 'Park-Lee Eq. (4): each interior knot averages degree consecutive dominant-point parameters', 'lcm_lower_bound': 5.24738356664347, 'lcm_seed_count': 49, 'shape_weight_r': 0.8, 'shape_index': 'r*K_s,e/K_0,m + (1-r)*L_s,e/L_0,m', 'curvature_integral': 'trapezoidal in chord parameter', 'curvature_source': 'generalized local Menger curvature; no optional smoothed base curve', 'refinement_region': 'segment containing largest sampled parameter-correspondence residual', 'refinement_point': 'argmin_w |lambda_s,w - lambda_w,e|', 'stopping_metric': 'mean squared Euclidean parameter-correspondence error', 'distance_metric_deviation': ""comparison adaptation stops on common MSE; it does not reproduce the paper's maximum-distance or iterative orthogonal-distance criterion"", 'seed_completion_deviation': 'shape-index splits complete degree+1 dominant points when too few LCM seeds exist', 'effective_max_internal_knots': 64, 'requested_max_internal_knots': 64, 'selected_sources': ('endpoint', 'endpoint', 'lcm_seed', 'lcm_seed', 'lcm_seed', 'lcm_seed', 'lcm_seed', 'lcm_seed', 'lcm_seed', 'lcm_seed', 'lcm_seed', 'lcm_seed', 'lcm_seed', 'lcm_seed', 'lcm_seed', 'lcm_seed', 'lcm_seed', 'lcm_seed', 'lcm_seed', 'lcm_seed', 'lcm_seed', 'lcm_seed', 'lcm_seed', 'lcm_seed', 'lcm_seed', 'lcm_seed', 'lcm_seed', 'lcm_seed', 'lcm_seed', 'lcm_seed', 'lcm_seed', 'lcm_seed', 'lcm_seed', 'lcm_seed', 'lcm_seed', 'lcm_seed', 'lcm_seed'), 'boundary_knot_clamp_count': 0, 'threshold_satisfied': True, 'scanned_counts': (0, 1, 2, 3, 4, 5, 6, 7, 8, 9, 10, 11, 12, 13, 14, 15, 16, 17, 18, 19, 20, 21, 22, 23, 24, 25, 26, 27, 28, 29, 30, 31, 32, 33), 'scanned_mse': (0.005659278277436547, 0.005465723669720093, 0.004677329838718867, 0.004415461236025747, 0.0034459793158103658, 0.00342119657319523, 0.0031777553166307646, 0.0028363886154972166, 0.0024627360851867627, 0.0022399422298580852, 0.0022193760337958133, 0.0017095450410408435, 0.0016870499396189908, 0.0017594153797353311, 0.0015917715037191804, 0.0007679176711003913, 0.0007664029174001837, 0.0007463855697384131, 0.0006421602032712199, 0.0006275366608557905, 0.0006260403497527105, 0.0005029668173302747, 0.00038729411548286686, 0.0003863514564220324, 0.00038168521885955736, 0.00035309544435912056, 0.0002148054214678891, 0.00020993277651467965, 0.000205504958938403, 0.0001598451228132617, 0.00015647970422277203, 5.069389881813302e-05, 5.0528372482879184e-05, 4.691020683406707e-05), 'scanned_max_parameter_residual': (0.1826072397558363, 0.18831250782679607, 0.14343676471708405, 0.12505383037280263, 0.15468055988423415, 0.15498436863971607, 0.1498298135625825, 0.14927255008182339, 0.14257994317159087, 0.11007705630779893, 0.11598758546019186, 0.10885190578707206, 0.10888801122105718, 0.10888042468701573, 0.1020261234448993, 0.08614674994039934, 0.08616090362483877, 0.08616110909445931, 0.08054092432353573, 0.07070976429015945, 0.0707123383541457, 0.07071187214383806, 0.07071199275071956, 0.0707115826778057, 0.0707116383131154, 0.07071162853822131, 0.062014636458219516, 0.062014221092705525, 0.06203269218642126, 0.04600793850587888, 0.046007931645462054, 0.02511193816801618, 0.025111416597037955, 0.025111417096887526), 'exact_refit_count': 34, 'method_fidelity': 'core DOM equations with a common-MSE stopping wrapper', 'repeated_complete_timing': {'repeats': 1, 'samples_ms': [125.32619998091832], 'p50_ms': 125.32619998091832, 'mean_ms': 125.32619998091832}}",
Synthetic,seed20000_sample2204,independent_2204,14,14,liang_feature_iki_2017_adaptation,False,ok,4.8978258195705346e-05,True,,,31,97.37879998283461,,"[0.040281319104060014, 0.08056263820812003, 0.10070329776015002, 0.12084395731218003, 0.14098461686421004, 0.16112527641624005, 0.20140659552030005, 0.24168791462436007, 0.3222505528324801, 0.35944051166150315, 0.37803549107601464, 0.39663047049052613, 0.4338204293195491, 0.4710103881485721, 0.5082003469775951, 0.5453903058066181, 0.5639852852211296, 0.582580264635641, 0.6011752440501525, 0.619770223464664, 0.656960182293687, 0.69415014112271, 0.7127451205372215, 0.731340099951733, 0.768530058780756, 0.8429099764388019, 0.8800999352678249, 0.917289894096848, 0.9513952168804662, 0.9855005396640844, 0.9961674457051367]","{'network_used': False, 'parameterization': 'chord_length', 'reported_refit': 'unregularized standard B-spline least squares with exact endpoint interpolation', 'timing_scope': 'complete numerical method: chord parameterization, knot selection/relocation, and final endpoint-constrained refit', 'mse_tolerance': 5e-05, 'smoothness_weight': 0.0, 'control_ridge': 0.0, 'interpolate_endpoints': True, 'declared_max_internal_knots': 64, 'declared_paper_initial_knots': 64, 'reference_doi': '10.1088/1361-6501/aa6a05', 'variant': 'feature_integral_plus_iki_disclosed_adaptation', 'dense_internal_knot_count': 64, 'initial_internal_knot_count': 4, 'inserted_internal_knot_count': 27, 'curvature_weight': 0.5, 'feature_sample_count': 1025, 'scanned_counts': (4, 5, 6, 7, 8, 9, 10, 11, 12, 13, 14, 15, 16, 17, 18, 19, 20, 21, 22, 23, 24, 25, 26, 27, 28, 29, 30, 31), 'scanned_mse': (0.004135187262484692, 0.0035096622100351527, 0.0033861915304327105, 0.0032080448417372274, 0.003140740223655465, 0.002658788335863813, 0.0025151527230888567, 0.002501162225746896, 0.0024886623704417003, 0.0024885624456080645, 0.002164971688234013, 0.0016252333308074008, 0.0012499096026992742, 0.0010524792841845258, 0.0007915223351239339, 0.00048537806179902576, 0.00023444512745308328, 0.00019088868545222033, 0.0001532943044133236, 9.350237128583269e-05, 8.744433771369326e-05, 8.139515098335943e-05, 7.001678022875887e-05, 6.327360270423799e-05, 6.204997720100496e-05, 5.824464818256659e-05, 5.7501010371639336e-05, 4.8978258195705346e-05), 'scanned_max_parameter_residual': (0.16450331899364326, 0.13164290759682687, 0.11593760241066595, 0.1304715174780282, 0.13540505701524852, 0.0971904556808051, 0.09688040008424957, 0.09369906755619906, 0.08777273592564454, 0.08845184309394637, 0.08786440037956089, 0.10308907255118285, 0.08387044567280257, 0.08069336897056938, 0.06940746472106016, 0.061203400137738714, 0.0567246550355092, 0.046526553380170824, 0.041314326803564595, 0.02322655027007313, 0.02306966698364008, 0.023663643453017615, 0.02008017514041251, 0.014969334805247602, 0.014300402494210725, 0.014195979337166625, 0.014223494425668063, 0.01378781694629736), 'exact_refit_count': 29, 'paper_native_objective': 'error-bounded feature-integral initialization plus iterative knot insertion', 'comparison_wrapper': 'explicit 0.5 arc/curvature feature blend by default, worst-residual span midpoint insertion, and common-MSE stopping', 'method_fidelity': ""Liang-inspired adaptation; the access-controlled article's exact feature equation and constants are not claimed"", 'threshold_satisfied': True, 'repeated_complete_timing': {'repeats': 1, 'samples_ms': [97.37879998283461], 'p50_ms': 97.37879998283461, 'mean_ms': 97.37879998283461}}",
Synthetic,seed20000_sample2204,independent_2204,14,14,dung_direct_knot_2017_adaptation,False,ok,4.710643587666469e-05,True,,,23,1190.8404999994673,,"[0.046153846153846156, 0.10585894143652504, 0.11832750174304651, 0.16118506646050584, 0.18092196090253285, 0.2, 0.2540464301285335, 0.26153846153846155, 0.3203249822044145, 0.3848230441667776, 0.426886552390336, 0.4735735399687137, 0.523076923076923, 0.5234625899378345, 0.5996231397587832, 0.6, 0.6744673007270418, 0.7314355452362958, 0.7758976749501358, 0.8324329666681969, 0.8769230769230769, 0.9048559447872402, 0.9538461538461538]","{'network_used': False, 'parameterization': 'chord_length', 'reported_refit': 'unregularized endpoint-constrained standard B-spline least squares', 'timing_scope': 'complete numerical method: chord parameterization, knot selection/relocation, and final endpoint-constrained refit', 'mse_tolerance': 5e-05, 'smoothness_weight': 0.0, 'control_ridge': 0.0, 'interpolate_endpoints': True, 'declared_max_internal_knots': 64, 'declared_paper_initial_knots': 64, 'paper': 'Dung and Tjahjowidodo, PLOS ONE 2017, doi:10.1371/journal.pone.0173857', 'variant': 'serial_bisection_simple_knot_adaptation', 'native_control_norm': 'maximum Euclidean point residual', 'native_max_error_tolerance': 0.007071067811865475, 'native_final_max_error': 0.0838976008874888, 'native_final_mse': 0.0011693623731517206, 'common_final_max_error': 0.08404924014264623, 'common_final_mse': 0.0011801830698633508, 'all_local_segments_native_feasible': False, 'local_piecewise_feasible_global_common_refit_failed': False, 'native_global_max_error_threshold_satisfied': False, 'native_global_common_mse_threshold_satisfied': False, 'native_global_internal_knot_count': 14, 'common_final_metrics_scope': 'native adaptation before any optional comparison feasibility safeguard', 'segments': ((0, 6), (7, 21), (22, 39), (40, 53), (54, 72), (73, 92), (93, 105), (106, 116), (117, 124), (125, 134), (135, 144), (145, 157), (158, 170), (171, 179), (180, 191)), 'segment_max_errors': (0.00523697036051402, 0.006907005367196017, 0.006652809232500043, 0.006345311161186526, 0.006873793335373206, 0.0069493382828162325, 0.0066998377108333455, 0.0036769401646257246, 0.0013954128785677287, 0.003781743350216516, 0.005115405233269982, 0.0053337073767621935, 0.005278543387890885, 0.005750711588833241, 0.011074708687088614), 'coarse_break_indices': (6, 21, 39, 53, 72, 92, 105, 116, 124, 134, 144, 157, 170, 179), 'proposed_internal_knot_count': 14, 'retained_internal_knot_count': 14, 'scan_evaluations': 154, 'optimization_evaluations': 149, 'single_piece_evaluations': 135, 'exact_refit_count': 440, 'gauss_newton_fallback_count': 0, 'capacity_exceeded': False, 'capacity_handling': 'none', 'adaptation_limits': ('serial bisection only; parallel split/join/shift is not implemented', 'simple interior knots only; multiplicity and continuity classification are omitted', 'default native max-error epsilon is sqrt(mse_tolerance), which is a unit conversion rather than an equivalent constraint', 'capacity overflow is handled by deterministic uniform coarse-break subsampling before relocation', 'guarded float64 least squares and finite-difference Gauss-Newton replace MATLAB numerical edge behavior'), 'method_fidelity': 'serial simple-knot adaptation; parallel operations and knot multiplicity classification are not reproduced', 'threshold_satisfied_native_max_error': False, 'threshold_satisfied_common_max_error_before_safeguard': False, 'native_common_refit_mse': 0.0011801830698633508, 'native_common_refit_k': 14, 'native_common_refit_threshold_satisfied': False, 'comparison_method_capacity': 64, 'comparison_feasibility_safeguard_version': 'bounded_common_mse_v1', 'comparison_feasibility_safeguard_enabled': True, 'comparison_feasibility_safeguard_used': True, 'comparison_feasibility_safeguard_attempted': True, 'comparison_feasibility_safeguard_role': 'repository comparison wrapper; not part of the cited method', 'comparison_feasibility_native_mse': 0.0011801830698633508, 'comparison_feasibility_native_k': 14, 'comparison_feasibility_native_threshold_satisfied': False, 'comparison_feasibility_native_knots': (0.11832750174304651, 0.16118506646050584, 0.2540464301285335, 0.3203249822044145, 0.3848230441667776, 0.426886552390336, 0.4735735399687137, 0.5234625899378345, 0.5996231397587832, 0.6744673007270418, 0.7314355452362958, 0.7758976749501358, 0.8324329666681969, 0.9048559447872402), 'comparison_feasibility_added_knots': (0.18092196090253285, 0.8769230769230769, 0.2, 0.046153846153846156, 0.523076923076923, 0.6, 0.9538461538461538, 0.10585894143652504, 0.26153846153846155), 'comparison_feasibility_added_knots_scope': 'residual-guided path; final_knots are authoritative after any uniform fallback', 'comparison_feasibility_refit_count': 27, 'comparison_feasibility_final_source': 'residual_guided_augmentation', 'comparison_feasibility_final_mse': 4.710643587666469e-05, 'comparison_feasibility_final_k': 23, 'comparison_feasibility_final_knots': (0.046153846153846156, 0.10585894143652504, 0.11832750174304651, 0.16118506646050584, 0.18092196090253285, 0.2, 0.2540464301285335, 0.26153846153846155, 0.3203249822044145, 0.3848230441667776, 0.426886552390336, 0.4735735399687137, 0.523076923076923, 0.5234625899378345, 0.5996231397587832, 0.6, 0.6744673007270418, 0.7314355452362958, 0.7758976749501358, 0.8324329666681969, 0.8769230769230769, 0.9048559447872402, 0.9538461538461538), 'comparison_feasibility_threshold_satisfied': True, 'comparison_feasibility_status': 'repaired_feasible', 'comparison_feasibility_dense_capacity_mse': None, 'comparison_feasibility_dense_capacity_threshold_satisfied': None, 'comparison_feasibility_capacity': 64, 'comparison_method_label': 'threshold-safe adaptation', 'threshold_satisfied': True, 'repeated_complete_timing': {'repeats': 1, 'samples_ms': [1190.8404999994673], 'p50_ms': 1190.8404999994673, 'mean_ms': 1190.8404999994673}}",
Synthetic,seed20000_sample2204,independent_2204,14,14,kang_sparse_2015_adaptation,False,ok,4.7880540968290924e-05,True,,,30,729.1531999944709,,"[0.03052884615385397, 0.06153846153846154, 0.07692307692307693, 0.09230769230769231, 0.12307692307692308, 0.15384615384615385, 0.2153846153846154, 0.24615384615384617, 0.26153846153846155, 0.3076923076923077, 0.3230769230769231, 0.36923076923076925, 0.38461538461538464, 0.4153846153846154, 0.47692307692307695, 0.49230769230769234, 0.523076923076923, 0.5846153846153845, 0.6, 0.6307692307692307, 0.676923076923077, 0.7076923076923076, 0.7384615384615385, 0.7538461538461538, 0.7846153846153846, 0.8461538461538461, 0.8615384615384616, 0.9230769230769231, 0.9538461538461538, 0.9540865384615385]","{'network_used': False, 'parameterization': 'chord_length', 'reported_refit': 'unregularized standard B-spline least squares with exact endpoint interpolation', 'timing_scope': 'complete numerical method: chord parameterization, knot selection/relocation, and final endpoint-constrained refit', 'mse_tolerance': 5e-05, 'smoothness_weight': 0.0, 'control_ridge': 0.0, 'interpolate_endpoints': True, 'declared_max_internal_knots': 64, 'declared_paper_initial_knots': 64, 'initial_internal_knot_count': 64, 'dense_initial_fit_mse': 7.011023131990055e-06, 'dense_initial_threshold_satisfied': True, 'active_internal_knot_count': 4, 'cluster_sizes': (1, 3), 'active_cluster_count': 2, 'relocated_internal_knot_count': 2, 'relocated_unique_knot_count': 2, 'relocated_knot_multiplicities': (1, 1), 'active_to_relocated_compression_ratio': 0.5, 'sparse_stage_mse': 7.011023131990055e-06, 'sparse_stage_threshold_satisfied': True, 'native_sparse_feasible_final_common_refit_failed': True, 'sparse_and_final_mse_are_directly_comparable': False, 'sparse_iterations': 900, 'sparse_solver_seconds': 0.37705010001081973, 'relocation_seconds': 0.05905580002581701, 'non_paper_feasibility_repair_enabled': False, 'paper_feasibility_repair_used': False, 'paper_feasibility_repair_added_count': 0, 'local_refit_count': 26, 'method_note': ""Vector-valued group-L1 ADMM adaptation of Kang et al. (2015) equation (12), followed by Algorithms 4-5 only for clear short active clusters; long general-data runs retain their active knots because Algorithm 1 is not reproduced; not the paper's scalar CVX implementation."", 'relocation_method': ""Algorithms 4-5 adaptation: classify adjacent active uniform knots by spacing, retain each cluster's boundary pair, narrow it by exact least-squares comparisons, then apply the 2*E_double < E_single single/double-knot decision."", 'algorithm4_cluster_relocation_applied': True, 'absolute_jump_threshold': 1e-07, 'relative_jump_threshold': 0.001, 'effective_jump_threshold': 819623047.6675193, 'native_final_fit_mse_without_endpoint_constraint': 0.003957973061400888, 'native_endpoint_constrained_mse': 0.003959680139456621, 'endpoint_constraint_fallback': 'disabled', 'native_common_refit_mse': 0.003959680139456621, 'native_common_refit_k': 2, 'native_common_refit_threshold_satisfied': False, 'comparison_method_capacity': 64, 'comparison_feasibility_safeguard_version': 'bounded_common_mse_v1', 'comparison_feasibility_safeguard_enabled': True, 'comparison_feasibility_safeguard_used': True, 'comparison_feasibility_safeguard_attempted': True, 'comparison_feasibility_safeguard_role': 'repository comparison wrapper; not part of the cited method', 'comparison_feasibility_native_mse': 0.003959680139456621, 'comparison_feasibility_native_k': 2, 'comparison_feasibility_native_threshold_satisfied': False, 'comparison_feasibility_native_knots': (0.03052884615385397, 0.9540865384615385), 'comparison_feasibility_added_knots': (0.09230769230769231, 0.5846153846153845, 0.6, 0.6307692307692307, 0.3076923076923077, 0.523076923076923, 0.06153846153846154, 0.7076923076923076, 0.26153846153846155, 0.36923076923076925, 0.7538461538461538, 0.2153846153846154, 0.07692307692307693, 0.12307692307692308, 0.4153846153846154, 0.49230769230769234, 0.8615384615384616, 0.8461538461538461, 0.7384615384615385, 0.15384615384615385, 0.9538461538461538, 0.3230769230769231, 0.24615384615384617, 0.9230769230769231, 0.7846153846153846, 0.676923076923077, 0.38461538461538464, 0.47692307692307695), 'comparison_feasibility_added_knots_scope': 'residual-guided path; final_knots are authoritative after any uniform fallback', 'comparison_feasibility_refit_count': 84, 'comparison_feasibility_final_source': 'residual_guided_augmentation', 'comparison_feasibility_final_mse': 4.7880540968290924e-05, 'comparison_feasibility_final_k': 30, 'comparison_feasibility_final_knots': (0.03052884615385397, 0.06153846153846154, 0.07692307692307693, 0.09230769230769231, 0.12307692307692308, 0.15384615384615385, 0.2153846153846154, 0.24615384615384617, 0.26153846153846155, 0.3076923076923077, 0.3230769230769231, 0.36923076923076925, 0.38461538461538464, 0.4153846153846154, 0.47692307692307695, 0.49230769230769234, 0.523076923076923, 0.5846153846153845, 0.6, 0.6307692307692307, 0.676923076923077, 0.7076923076923076, 0.7384615384615385, 0.7538461538461538, 0.7846153846153846, 0.8461538461538461, 0.8615384615384616, 0.9230769230769231, 0.9538461538461538, 0.9540865384615385), 'comparison_feasibility_threshold_satisfied': True, 'comparison_feasibility_status': 'repaired_feasible', 'comparison_feasibility_dense_capacity_mse': None, 'comparison_feasibility_dense_capacity_threshold_satisfied': None, 'comparison_feasibility_capacity': 64, 'comparison_method_label': 'threshold-safe adaptation', 'threshold_satisfied': True, 'repeated_complete_timing': {'repeats': 1, 'samples_ms': [729.1531999944709], 'p50_ms': 729.1531999944709, 'mean_ms': 729.1531999944709}}",
Synthetic,seed20000_sample2204,independent_2204,14,14,luo_linf_de_2022_adaptation,False,ok,4.818816088120342e-05,True,,,30,2754.2689999681897,,"[0.046153846153846156, 0.09230769230769231, 0.1076923076923077, 0.1618801431760234, 0.16923076923076924, 0.2, 0.26153846153846155, 0.27692307692307694, 0.2970550204540374, 0.33111796742151417, 0.36923076923076925, 0.4307692307692308, 0.4470792847961344, 0.46153846153846156, 0.49230769230769234, 0.5100034569394511, 0.5384615384615384, 0.5846153846153845, 0.5890640112933502, 0.6114885698363155, 0.676923076923077, 0.6923076923076923, 0.7076923076923076, 0.7384615384615385, 0.7538461538461538, 0.7846153846153846, 0.8153846153846154, 0.8461538461538461, 0.8769230769230769, 0.8923076923076922]","{'network_used': False, 'parameterization': 'chord_length', 'reported_refit': 'unregularized standard B-spline least squares with exact endpoint interpolation', 'timing_scope': 'complete numerical method: chord parameterization, knot selection/relocation, and final endpoint-constrained refit', 'mse_tolerance': 5e-05, 'smoothness_weight': 0.0, 'control_ridge': 0.0, 'interpolate_endpoints': True, 'declared_max_internal_knots': 64, 'declared_paper_initial_knots': 64, 'reference_doi': '10.4208/jcm.2012-m2020-0203', 'variant': 'linf1_jump_sparsity_plus_differential_evolution', 'initial_internal_knot_count': 64, 'dense_initial_fit_mse': 7.011023131990055e-06, 'dense_initial_threshold_satisfied': True, 'selected_regularization': 3.496951712490658e-07, 'sparse_stage_mse': 4.980697142535079e-05, 'sparse_stage_threshold_satisfied': True, 'jump_local_maximum_eta': 0.5, 'candidate_internal_knot_count': 7, 'initial_to_candidate_compression_ratio': 0.109375, 'candidate_refit_mse_before_de': 0.0031897579825169164, 'candidate_refit_threshold_satisfied_before_de': False, 'candidate_selection_lost_sparse_feasibility': True, 'de_population': 10, 'de_iterations': 10, 'de_evaluations': 110, 'de_initial_max_error': 0.12781197987381634, 'de_final_max_error': 0.09128560995877393, 'de_restored_common_mse_feasibility': False, 'paper_native_objective': 'nonsquared Frobenius data term plus l-infinity,1 derivative-jump penalty; DE minimizes maximum Euclidean error', 'comparison_wrapper': 'regularization is selected against the common MSE budget and the final fit uses the common endpoint-constrained refit', 'method_fidelity': 'defining mixed-norm, local-maximum selection, and DE stages are reproduced; hyperparameter selection is adapted', 'native_common_refit_mse': 0.002958327581897635, 'native_common_refit_k': 7, 'native_common_refit_threshold_satisfied': False, 'comparison_method_capacity': 64, 'comparison_feasibility_safeguard_version': 'bounded_common_mse_v1', 'comparison_feasibility_safeguard_enabled': True, 'comparison_feasibility_safeguard_used': True, 'comparison_feasibility_safeguard_attempted': True, 'comparison_feasibility_safeguard_role': 'repository comparison wrapper; not part of the cited method', 'comparison_feasibility_native_mse': 0.002958327581897635, 'comparison_feasibility_native_k': 7, 'comparison_feasibility_native_threshold_satisfied': False, 'comparison_feasibility_native_knots': (0.1618801431760234, 0.2970550204540374, 0.33111796742151417, 0.4470792847961344, 0.5100034569394511, 0.5890640112933502, 0.6114885698363155), 'comparison_feasibility_added_knots': (0.5846153846153845, 0.7076923076923076, 0.7538461538461538, 0.36923076923076925, 0.16923076923076924, 0.046153846153846156, 0.5384615384615384, 0.09230769230769231, 0.6923076923076923, 0.8153846153846154, 0.8769230769230769, 0.49230769230769234, 0.8923076923076922, 0.7384615384615385, 0.26153846153846155, 0.2, 0.7846153846153846, 0.46153846153846156, 0.8461538461538461, 0.1076923076923077, 0.27692307692307694, 0.676923076923077, 0.4307692307692308), 'comparison_feasibility_added_knots_scope': 'residual-guided path; final_knots are authoritative after any uniform fallback', 'comparison_feasibility_refit_count': 69, 'comparison_feasibility_final_source': 'residual_guided_augmentation', 'comparison_feasibility_final_mse': 4.818816088120342e-05, 'comparison_feasibility_final_k': 30, 'comparison_feasibility_final_knots': (0.046153846153846156, 0.09230769230769231, 0.1076923076923077, 0.1618801431760234, 0.16923076923076924, 0.2, 0.26153846153846155, 0.27692307692307694, 0.2970550204540374, 0.33111796742151417, 0.36923076923076925, 0.4307692307692308, 0.4470792847961344, 0.46153846153846156, 0.49230769230769234, 0.5100034569394511, 0.5384615384615384, 0.5846153846153845, 0.5890640112933502, 0.6114885698363155, 0.676923076923077, 0.6923076923076923, 0.7076923076923076, 0.7384615384615385, 0.7538461538461538, 0.7846153846153846, 0.8153846153846154, 0.8461538461538461, 0.8769230769230769, 0.8923076923076922), 'comparison_feasibility_threshold_satisfied': True, 'comparison_feasibility_status': 'repaired_feasible', 'comparison_feasibility_dense_capacity_mse': None, 'comparison_feasibility_dense_capacity_threshold_satisfied': None, 'comparison_feasibility_capacity': 64, 'comparison_method_label': 'threshold-safe adaptation', 'threshold_satisfied': True, 'repeated_complete_timing': {'repeats': 1, 'samples_ms': [2754.2689999681897], 'p50_ms': 2754.2689999681897, 'mean_ms': 2754.2689999681897}}",
Synthetic,seed20000_sample961,independent_961,15,15,ours,False,ok,2.691780527865428e-05,True,,,30,17.0043,14.911,"[0.059825651347637177, 0.10644668340682983, 0.13077636063098907, 0.1494387537240982, 0.1695447862148285, 0.20792566239833832, 0.24066969752311707, 0.2505424916744232, 0.3173424005508423, 0.351011723279953, 0.3511117100715637, 0.4096333086490631, 0.4411331117153168, 0.4554685056209564, 0.5128800272941589, 0.540643572807312, 0.5529472827911377, 0.5866683125495911, 0.6367697715759277, 0.6442065238952637, 0.6924191117286682, 0.7121241092681885, 0.7388319969177246, 0.7747409343719482, 0.7976847887039185, 0.8176650404930115, 0.8523108959197998, 0.8579221367835999, 0.8746519088745117, 0.9132423996925354]","{'network_latency': {'p50_ms': 14.911, 'median_ms': 14.911, 'mean_ms': 14.911, 'p95_ms': 14.911, 'minimum_ms': 14.911, 'maximum_ms': 14.911, 'repeat_ms': [14.911]}, 'end_to_end_latency': {'p50_ms': 17.0043, 'median_ms': 17.0043, 'mean_ms': 17.0043, 'p95_ms': 17.0043, 'minimum_ms': 17.0043, 'maximum_ms': 17.0043, 'repeat_ms': [17.0043]}, 'postprocessing': 'none', 'tolerance_conditioned_network': True, 'network_mse_tolerance': 5e-05}",
Synthetic,seed20000_sample961,independent_961,15,15,park_dominant_point_2007_adaptation,False,ok,4.671473609456302e-05,True,,,47,337.36229996429756,,"[0.10032860532065417, 0.11447778897034917, 0.1291079755671828, 0.14354766466142602, 0.17068181446267103, 0.19167700100630733, 0.21184403439971633, 0.22579866379861183, 0.2423843139829297, 0.25807206469555616, 0.26603170854701447, 0.27392276563785173, 0.2850423104499636, 0.29506759319005055, 0.3021900922307971, 0.30646670044305474, 0.3116101377259399, 0.32217900814407247, 0.3342653967401976, 0.3633764956816896, 0.3983879883037196, 0.4393757073030529, 0.47497478293828205, 0.5053981593302017, 0.5422483312756471, 0.5677059658652829, 0.5869777369444434, 0.604386735741476, 0.6251458657182899, 0.6463860200822283, 0.6580678413259208, 0.6677519537733678, 0.6830777692907306, 0.6953692589081769, 0.7073368342674607, 0.7143395139308896, 0.7244441271424925, 0.7354990592448903, 0.7464782248785008, 0.7582265344762259, 0.7718466995513834, 0.7877790946806428, 0.8002729418163557, 0.812619433692789, 0.8270925389832694, 0.8591895927815706, 0.8925684261690487]","{'network_used': False, 'parameterization': 'chord_length', 'reported_refit': 'unregularized standard B-spline least squares with exact endpoint interpolation', 'timing_scope': 'complete numerical method: chord parameterization, knot selection/relocation, and final endpoint-constrained refit', 'mse_tolerance': 5e-05, 'smoothness_weight': 0.0, 'control_ridge': 0.0, 'interpolate_endpoints': True, 'declared_max_internal_knots': 64, 'declared_paper_initial_knots': 64, 'method': 'park_lee_dom_2007_adaptation', 'reference_doi': '10.1016/j.cad.2006.12.006', 'knot_placement': 'Park-Lee Eq. (4): each interior knot averages degree consecutive dominant-point parameters', 'lcm_lower_bound': 4.785784845487986, 'lcm_seed_count': 47, 'shape_weight_r': 0.8, 'shape_index': 'r*K_s,e/K_0,m + (1-r)*L_s,e/L_0,m', 'curvature_integral': 'trapezoidal in chord parameter', 'curvature_source': 'generalized local Menger curvature; no optional smoothed base curve', 'refinement_region': 'segment containing largest sampled parameter-correspondence residual', 'refinement_point': 'argmin_w |lambda_s,w - lambda_w,e|', 'stopping_metric': 'mean squared Euclidean parameter-correspondence error', 'distance_metric_deviation': ""comparison adaptation stops on common MSE; it does not reproduce the paper's maximum-distance or iterative orthogonal-distance criterion"", 'seed_completion_deviation': 'shape-index splits complete degree+1 dominant points when too few LCM seeds exist', 'effective_max_internal_knots': 64, 'requested_max_internal_knots': 64, 'selected_sources': ('endpoint', 'endpoint', 'lcm_seed', 'lcm_seed', 'lcm_seed', 'lcm_seed', 'lcm_seed', 'lcm_seed', 'lcm_seed', 'lcm_seed', 'lcm_seed', 'lcm_seed', 'lcm_seed', 'lcm_seed', 'lcm_seed', 'lcm_seed', 'lcm_seed', 'lcm_seed', 'lcm_seed', 'lcm_seed', 'lcm_seed', 'lcm_seed', 'lcm_seed', 'lcm_seed', 'lcm_seed', 'lcm_seed', 'lcm_seed', 'lcm_seed', 'lcm_seed', 'lcm_seed', 'lcm_seed', 'lcm_seed', 'lcm_seed', 'lcm_seed', 'lcm_seed', 'lcm_seed', 'lcm_seed', 'lcm_seed', 'lcm_seed', 'lcm_seed', 'lcm_seed', 'lcm_seed', 'lcm_seed', 'lcm_seed', 'lcm_seed', 'lcm_seed', 'lcm_seed', 'lcm_seed', 'lcm_seed', 'adaptive_shape_split', 'adaptive_shape_split'), 'boundary_knot_clamp_count': 0, 'threshold_satisfied': True, 'scanned_counts': (0, 1, 2, 3, 4, 5, 6, 7, 8, 9, 10, 11, 12, 13, 14, 15, 16, 17, 18, 19, 20, 21, 22, 23, 24, 25, 26, 27, 28, 29, 30, 31, 32, 33, 34, 35, 36, 37, 38, 39, 40, 41, 42, 43, 44, 45, 46, 47), 'scanned_mse': (0.01013502150203363, 0.006063607004908232, 0.005684587626654562, 0.004839244584094522, 0.004797036373411661, 0.004475442554133905, 0.0044374454329580626, 0.004278278685815034, 0.004141032246024429, 0.0037548990698222564, 0.0036668107166625188, 0.003386685249940593, 0.0025499986917992875, 0.0020687184869254784, 0.0019114004083552183, 0.002083908426805223, 0.0006034958178157303, 0.0005950947295293304, 0.0005931410326254837, 0.0005852252491764411, 0.0005645372770385261, 0.000430057922329707, 0.00042589304855205116, 0.00042355535000116384, 0.00042223028271602073, 0.000269878549366864, 0.0002625778053699361, 0.0002617592534796117, 0.0002591874287139111, 0.00022593294359367174, 0.0002244436089323459, 0.00021714384961453437, 0.00021675202639957, 0.00021610245223992175, 0.00021580341032090625, 0.00021075944443361839, 0.000210490069676569, 0.0002055788109230457, 0.00020193965524132208, 0.000204390143972023, 0.00020277136191308145, 0.000202648720552688, 0.00020222832989916063, 0.00020221191962447173, 0.00013953579414326874, 0.0001385131981767671, 7.479889674093731e-05, 4.671473609456302e-05), 'scanned_max_parameter_residual': (0.29791682432311284, 0.2272963300299647, 0.20856679024699706, 0.14512397966351936, 0.14813479555476186, 0.14344399698660681, 0.14088558285856526, 0.13451398028465755, 0.12419032536972811, 0.14031819979547738, 0.14283464911460844, 0.12545501037433576, 0.10840068725788922, 0.10092109747551084, 0.10448518118087721, 0.12644202722185396, 0.10159711517055782, 0.10159550601940358, 0.10159133018469127, 0.10361194078821698, 0.10361173651500649, 0.10361202410512996, 0.0920875587733494, 0.09208703767319158, 0.09199795589442504, 0.0697504811726638, 0.06985646289422649, 0.06988215469081077, 0.06988216122505589, 0.04838078700811445, 0.04838078099603993, 0.04838077818801897, 0.04838076869955811, 0.04835321179665769, 0.04846734906042636, 0.04846739233040998, 0.048482046766817735, 0.04848201881443786, 0.04848201882997343, 0.04848215025893478, 0.048482150259304885, 0.04848215026742208, 0.048482304358885675, 0.048489272288832694, 0.041883087778289745, 0.041883087815924175, 0.03256227916624872, 0.016308044379432705), 'exact_refit_count': 48, 'method_fidelity': 'core DOM equations with a common-MSE stopping wrapper', 'repeated_complete_timing': {'repeats': 1, 'samples_ms': [337.36229996429756], 'p50_ms': 337.36229996429756, 'mean_ms': 337.36229996429756}}",
Synthetic,seed20000_sample961,independent_961,15,15,liang_feature_iki_2017_adaptation,False,ok,4.882537874477237e-05,True,,,40,133.47310002427548,,"[0.03263233975195073, 0.06526467950390145, 0.08158084937987681, 0.09789701925585217, 0.1305293590078029, 0.16316169875975362, 0.17947786863572898, 0.19579403851170435, 0.22842637826365508, 0.2610587180156058, 0.2934503687457596, 0.3258420194759134, 0.3420378448409903, 0.3582336702060672, 0.37442949557114413, 0.39062532093622104, 0.42301697166637486, 0.4392127970314518, 0.45540862239652863, 0.4878002731266824, 0.5039960984917593, 0.5201919238568362, 0.5363877492219131, 0.5444856619044516, 0.55258357458699, 0.5849752253171439, 0.6497585267774515, 0.7145418282377591, 0.7226397409202976, 0.730737653602836, 0.746933478967913, 0.7793251296980667, 0.8014056876852287, 0.8234862456723907, 0.8455668036595527, 0.8676473616467147, 0.8897279196338768, 0.9118084776210388, 0.9559695935953628, 0.9738427202680716]","{'network_used': False, 'parameterization': 'chord_length', 'reported_refit': 'unregularized standard B-spline least squares with exact endpoint interpolation', 'timing_scope': 'complete numerical method: chord parameterization, knot selection/relocation, and final endpoint-constrained refit', 'mse_tolerance': 5e-05, 'smoothness_weight': 0.0, 'control_ridge': 0.0, 'interpolate_endpoints': True, 'declared_max_internal_knots': 64, 'declared_paper_initial_knots': 64, 'reference_doi': '10.1088/1361-6501/aa6a05', 'variant': 'feature_integral_plus_iki_disclosed_adaptation', 'dense_internal_knot_count': 64, 'initial_internal_knot_count': 4, 'inserted_internal_knot_count': 36, 'curvature_weight': 0.5, 'feature_sample_count': 1025, 'scanned_counts': (4, 5, 6, 7, 8, 9, 10, 11, 12, 13, 14, 15, 16, 17, 18, 19, 20, 21, 22, 23, 24, 25, 26, 27, 28, 29, 30, 31, 32, 33, 34, 35, 36, 37, 38, 39, 40), 'scanned_mse': (0.004450783781676275, 0.0043642338987295685, 0.004354964221485994, 0.004337178608037688, 0.00400573288714132, 0.0037882764477759957, 0.003021622316445515, 0.002532959082366948, 0.0025137644244544, 0.0019992464384322732, 0.0019551828168414376, 0.0017917667508361111, 0.0017322259142840003, 0.001555286514314624, 0.0015153017850202436, 0.0012356289047803658, 0.0011403445777140588, 0.000983957331388491, 0.0009673362167320817, 0.0006439908109876516, 0.000596816777243636, 0.00043642241233481956, 0.0002938233635567979, 0.0002724086437993135, 0.00019950736865087903, 0.00015334426683937324, 0.000108654599001982, 9.456303972602963e-05, 8.920974883430508e-05, 8.056840762458429e-05, 7.44655474582634e-05, 6.541025308492934e-05, 6.275056073421537e-05, 6.130115924343856e-05, 5.5308688520400206e-05, 5.512476679506649e-05, 4.882537874477237e-05), 'scanned_max_parameter_residual': (0.12409679359571273, 0.12657111191232293, 0.12829501558420767, 0.12823069052788946, 0.1271201330208807, 0.12821866576476568, 0.11202438752201811, 0.10285841833354932, 0.10098470705062876, 0.09790875084762121, 0.09455089117586188, 0.09394203123763813, 0.08833856887513071, 0.0887656211836025, 0.08594587219213351, 0.07182725770717727, 0.07502225862250014, 0.06515467692602424, 0.06608236011784742, 0.0655713369595118, 0.05357970570400474, 0.05189859958278365, 0.047501968480434725, 0.047208369501009456, 0.038380327892653304, 0.03413502629746187, 0.029482653946084913, 0.02297272779867603, 0.021569662680555508, 0.020548813637104386, 0.01924130160587247, 0.017831925954607065, 0.015134254167916182, 0.015371979444610325, 0.014999289223968804, 0.014833340984236866, 0.015697218072437943), 'exact_refit_count': 38, 'paper_native_objective': 'error-bounded feature-integral initialization plus iterative knot insertion', 'comparison_wrapper': 'explicit 0.5 arc/curvature feature blend by default, worst-residual span midpoint insertion, and common-MSE stopping', 'method_fidelity': ""Liang-inspired adaptation; the access-controlled article's exact feature equation and constants are not claimed"", 'threshold_satisfied': True, 'repeated_complete_timing': {'repeats': 1, 'samples_ms': [133.47310002427548], 'p50_ms': 133.47310002427548, 'mean_ms': 133.47310002427548}}",
Synthetic,seed20000_sample961,independent_961,15,15,dung_direct_knot_2017_adaptation,False,ok,4.9924503989695286e-05,True,,,28,1526.1563999811187,,"[0.09115784289131154, 0.11470641905461301, 0.16923076923076924, 0.17002771142792286, 0.17178412169374419, 0.2030911402999239, 0.2631523318022743, 0.3046581237325756, 0.35384615384615387, 0.35770360411925856, 0.39803944314120016, 0.4, 0.46579423237365036, 0.47286399737759865, 0.5326301477129068, 0.534963840270297, 0.5876327369017282, 0.6461538461538461, 0.6523900365858695, 0.6991414551106455, 0.7063432598682224, 0.7535153813388605, 0.8084146754177637, 0.8461538461538461, 0.8769230769230769, 0.8985921198262051, 0.9076923076923077, 0.9384615384615385]","{'network_used': False, 'parameterization': 'chord_length', 'reported_refit': 'unregularized endpoint-constrained standard B-spline least squares', 'timing_scope': 'complete numerical method: chord parameterization, knot selection/relocation, and final endpoint-constrained refit', 'mse_tolerance': 5e-05, 'smoothness_weight': 0.0, 'control_ridge': 0.0, 'interpolate_endpoints': True, 'declared_max_internal_knots': 64, 'declared_paper_initial_knots': 64, 'paper': 'Dung and Tjahjowidodo, PLOS ONE 2017, doi:10.1371/journal.pone.0173857', 'variant': 'serial_bisection_simple_knot_adaptation', 'native_control_norm': 'maximum Euclidean point residual', 'native_max_error_tolerance': 0.007071067811865475, 'native_final_max_error': 0.11075601638724031, 'native_final_mse': 0.0007889585744347734, 'common_final_max_error': 0.11120163213835096, 'common_final_mse': 0.0007897771603849671, 'all_local_segments_native_feasible': False, 'local_piecewise_feasible_global_common_refit_failed': False, 'native_global_max_error_threshold_satisfied': False, 'native_global_common_mse_threshold_satisfied': False, 'native_global_internal_knot_count': 16, 'common_final_metrics_scope': 'native adaptation before any optional comparison feasibility safeguard', 'segments': ((0, 5), (6, 13), (14, 21), (22, 32), (33, 46), (47, 59), (60, 70), (71, 80), (81, 88), (89, 99), (100, 112), (113, 125), (126, 140), (141, 156), (157, 171), (172, 181), (182, 191)), 'segment_max_errors': (0.003880064598254252, 0.00575217496428973, 0.0030800831804515634, 0.0046807248020276394, 0.006859103433867573, 0.0047381255565427, 0.0029126422279576805, 0.006453346252611471, 0.0032283860195233233, 0.003957123912461228, 0.003881387702880642, 0.0053167992791080965, 0.005117512057026192, 0.0028335519248910506, 0.006829641180885226, 0.0034418050626559673, 0.02120538557906989), 'coarse_break_indices': (5, 13, 21, 32, 46, 59, 70, 80, 88, 99, 112, 125, 140, 156, 171, 181), 'proposed_internal_knot_count': 16, 'retained_internal_knot_count': 16, 'scan_evaluations': 176, 'optimization_evaluations': 251, 'single_piece_evaluations': 156, 'exact_refit_count': 585, 'gauss_newton_fallback_count': 0, 'capacity_exceeded': False, 'capacity_handling': 'none', 'adaptation_limits': ('serial bisection only; parallel split/join/shift is not implemented', 'simple interior knots only; multiplicity and continuity classification are omitted', 'default native max-error epsilon is sqrt(mse_tolerance), which is a unit conversion rather than an equivalent constraint', 'capacity overflow is handled by deterministic uniform coarse-break subsampling before relocation', 'guarded float64 least squares and finite-difference Gauss-Newton replace MATLAB numerical edge behavior'), 'method_fidelity': 'serial simple-knot adaptation; parallel operations and knot multiplicity classification are not reproduced', 'threshold_satisfied_native_max_error': False, 'threshold_satisfied_common_max_error_before_safeguard': False, 'native_common_refit_mse': 0.0007897771603849671, 'native_common_refit_k': 16, 'native_common_refit_threshold_satisfied': False, 'comparison_method_capacity': 64, 'comparison_feasibility_safeguard_version': 'bounded_common_mse_v1', 'comparison_feasibility_safeguard_enabled': True, 'comparison_feasibility_safeguard_used': True, 'comparison_feasibility_safeguard_attempted': True, 'comparison_feasibility_safeguard_role': 'repository comparison wrapper; not part of the cited method', 'comparison_feasibility_native_mse': 0.0007897771603849671, 'comparison_feasibility_native_k': 16, 'comparison_feasibility_native_threshold_satisfied': False, 'comparison_feasibility_native_knots': (0.09115784289131154, 0.11470641905461301, 0.17002771142792286, 0.2030911402999239, 0.2631523318022743, 0.3046581237325756, 0.35770360411925856, 0.39803944314120016, 0.46579423237365036, 0.5326301477129068, 0.5876327369017282, 0.6523900365858695, 0.6991414551106455, 0.7535153813388605, 0.8084146754177637, 0.8985921198262051), 'comparison_feasibility_added_knots': (0.9384615384615385, 0.9076923076923077, 0.8769230769230769, 0.8461538461538461, 0.35384615384615387, 0.16923076923076924, 0.4, 0.17178412169374419, 0.534963840270297, 0.6461538461538461, 0.47286399737759865, 0.7063432598682224), 'comparison_feasibility_added_knots_scope': 'residual-guided path; final_knots are authoritative after any uniform fallback', 'comparison_feasibility_refit_count': 36, 'comparison_feasibility_final_source': 'residual_guided_augmentation', 'comparison_feasibility_final_mse': 4.9924503989695286e-05, 'comparison_feasibility_final_k': 28, 'comparison_feasibility_final_knots': (0.09115784289131154, 0.11470641905461301, 0.16923076923076924, 0.17002771142792286, 0.17178412169374419, 0.2030911402999239, 0.2631523318022743, 0.3046581237325756, 0.35384615384615387, 0.35770360411925856, 0.39803944314120016, 0.4, 0.46579423237365036, 0.47286399737759865, 0.5326301477129068, 0.534963840270297, 0.5876327369017282, 0.6461538461538461, 0.6523900365858695, 0.6991414551106455, 0.7063432598682224, 0.7535153813388605, 0.8084146754177637, 0.8461538461538461, 0.8769230769230769, 0.8985921198262051, 0.9076923076923077, 0.9384615384615385), 'comparison_feasibility_threshold_satisfied': True, 'comparison_feasibility_status': 'repaired_feasible', 'comparison_feasibility_dense_capacity_mse': None, 'comparison_feasibility_dense_capacity_threshold_satisfied': None, 'comparison_feasibility_capacity': 64, 'comparison_method_label': 'threshold-safe adaptation', 'threshold_satisfied': True, 'repeated_complete_timing': {'repeats': 1, 'samples_ms': [1526.1563999811187], 'p50_ms': 1526.1563999811187, 'mean_ms': 1526.1563999811187}}",
Synthetic,seed20000_sample961,independent_961,15,15,kang_sparse_2015_adaptation,False,ok,4.708353293848261e-05,True,,,37,668.8400999992155,,"[0.015384615384615385, 0.03076923076923077, 0.046153846153846156, 0.06153846153846154, 0.1076923076923077, 0.15384615384615385, 0.16923076923076924, 0.2, 0.24615384615384617, 0.26153846153846155, 0.3076923076923077, 0.35384615384615387, 0.36923076923076925, 0.38461538461538464, 0.4, 0.4153846153846154, 0.4307692307692308, 0.46153846153846156, 0.47692307692307695, 0.523076923076923, 0.5538461538461539, 0.5846153846153845, 0.6153846153846154, 0.6307692307692307, 0.6461538461538461, 0.676923076923077, 0.7076923076923076, 0.7538461538461538, 0.7846153846153846, 0.8, 0.8461538461538461, 0.8769230769230769, 0.9230769230769231, 0.9384615384615385, 0.9538461538461538, 0.9692307692307692, 0.9846153846153847]","{'network_used': False, 'parameterization': 'chord_length', 'reported_refit': 'unregularized standard B-spline least squares with exact endpoint interpolation', 'timing_scope': 'complete numerical method: chord parameterization, knot selection/relocation, and final endpoint-constrained refit', 'mse_tolerance': 5e-05, 'smoothness_weight': 0.0, 'control_ridge': 0.0, 'interpolate_endpoints': True, 'declared_max_internal_knots': 64, 'declared_paper_initial_knots': 64, 'initial_internal_knot_count': 64, 'dense_initial_fit_mse': 1.0715400458098243e-05, 'dense_initial_threshold_satisfied': True, 'active_internal_knot_count': 9, 'cluster_sizes': (4, 5), 'active_cluster_count': 2, 'relocated_internal_knot_count': 9, 'relocated_unique_knot_count': 9, 'relocated_knot_multiplicities': (1, 1, 1, 1, 1, 1, 1, 1, 1), 'active_to_relocated_compression_ratio': 1.0, 'sparse_stage_mse': 1.0715400458098243e-05, 'sparse_stage_threshold_satisfied': True, 'native_sparse_feasible_final_common_refit_failed': True, 'sparse_and_final_mse_are_directly_comparable': False, 'sparse_iterations': 900, 'sparse_solver_seconds': 0.36151899996912107, 'relocation_seconds': 1.8199963960796595e-05, 'non_paper_feasibility_repair_enabled': False, 'paper_feasibility_repair_used': False, 'paper_feasibility_repair_added_count': 0, 'local_refit_count': 0, 'method_note': ""Vector-valued group-L1 ADMM adaptation of Kang et al. (2015) equation (12), followed by Algorithms 4-5 only for clear short active clusters; long general-data runs retain their active knots because Algorithm 1 is not reproduced; not the paper's scalar CVX implementation."", 'relocation_method': 'Algorithms 4-5 skipped: the active knots do not form clear short groups; retain the sparse-stage active vector instead of applying Algorithm 4 outside the regime recommended by Kang et al. Algorithm 1 is not reproduced by this adaptation.', 'algorithm4_cluster_relocation_applied': False, 'absolute_jump_threshold': 1e-07, 'relative_jump_threshold': 0.001, 'effective_jump_threshold': 28519260.718924373, 'native_final_fit_mse_without_endpoint_constraint': 0.004229608522388905, 'native_endpoint_constrained_mse': 0.004229608522388906, 'endpoint_constraint_fallback': 'disabled', 'native_common_refit_mse': 0.004229608522388906, 'native_common_refit_k': 9, 'native_common_refit_threshold_satisfied': False, 'comparison_method_capacity': 64, 'comparison_feasibility_safeguard_version': 'bounded_common_mse_v1', 'comparison_feasibility_safeguard_enabled': True, 'comparison_feasibility_safeguard_used': True, 'comparison_feasibility_safeguard_attempted': True, 'comparison_feasibility_safeguard_role': 'repository comparison wrapper; not part of the cited method', 'comparison_feasibility_native_mse': 0.004229608522388906, 'comparison_feasibility_native_k': 9, 'comparison_feasibility_native_threshold_satisfied': False, 'comparison_feasibility_native_knots': (0.015384615384615385, 0.03076923076923077, 0.046153846153846156, 0.06153846153846154, 0.9230769230769231, 0.9384615384615385, 0.9538461538461538, 0.9692307692307692, 0.9846153846153847), 'comparison_feasibility_added_knots': (0.4153846153846154, 0.4307692307692308, 0.38461538461538464, 0.523076923076923, 0.5538461538461539, 0.6307692307692307, 0.16923076923076924, 0.676923076923077, 0.15384615384615385, 0.24615384615384617, 0.3076923076923077, 0.7538461538461538, 0.8, 0.8769230769230769, 0.6461538461538461, 0.2, 0.35384615384615387, 0.47692307692307695, 0.7076923076923076, 0.8461538461538461, 0.1076923076923077, 0.26153846153846155, 0.5846153846153845, 0.36923076923076925, 0.4, 0.46153846153846156, 0.7846153846153846, 0.6153846153846154), 'comparison_feasibility_added_knots_scope': 'residual-guided path; final_knots are authoritative after any uniform fallback', 'comparison_feasibility_refit_count': 84, 'comparison_feasibility_final_source': 'residual_guided_augmentation', 'comparison_feasibility_final_mse': 4.708353293848261e-05, 'comparison_feasibility_final_k': 37, 'comparison_feasibility_final_knots': (0.015384615384615385, 0.03076923076923077, 0.046153846153846156, 0.06153846153846154, 0.1076923076923077, 0.15384615384615385, 0.16923076923076924, 0.2, 0.24615384615384617, 0.26153846153846155, 0.3076923076923077, 0.35384615384615387, 0.36923076923076925, 0.38461538461538464, 0.4, 0.4153846153846154, 0.4307692307692308, 0.46153846153846156, 0.47692307692307695, 0.523076923076923, 0.5538461538461539, 0.5846153846153845, 0.6153846153846154, 0.6307692307692307, 0.6461538461538461, 0.676923076923077, 0.7076923076923076, 0.7538461538461538, 0.7846153846153846, 0.8, 0.8461538461538461, 0.8769230769230769, 0.9230769230769231, 0.9384615384615385, 0.9538461538461538, 0.9692307692307692, 0.9846153846153847), 'comparison_feasibility_threshold_satisfied': True, 'comparison_feasibility_status': 'repaired_feasible', 'comparison_feasibility_dense_capacity_mse': None, 'comparison_feasibility_dense_capacity_threshold_satisfied': None, 'comparison_feasibility_capacity': 64, 'comparison_method_label': 'threshold-safe adaptation', 'threshold_satisfied': True, 'repeated_complete_timing': {'repeats': 1, 'samples_ms': [668.8400999992155], 'p50_ms': 668.8400999992155, 'mean_ms': 668.8400999992155}}",
Synthetic,seed20000_sample961,independent_961,15,15,luo_linf_de_2022_adaptation,False,ok,4.999928110114285e-05,True,,,35,2437.2521999757737,,"[0.037789992245948395, 0.03911262469773707, 0.06153846153846154, 0.11046907941750453, 0.15384615384615385, 0.17951248351634475, 0.2, 0.26153846153846155, 0.27692307692307694, 0.2923076923076923, 0.3076923076923077, 0.35384615384615387, 0.36923076923076925, 0.4, 0.40838783175657317, 0.4153846153846154, 0.4415448138942176, 0.44256513746216775, 0.49754979094367535, 0.5039189622962855, 0.523076923076923, 0.5759019118216366, 0.5929262710889615, 0.6307692307692307, 0.6461538461538461, 0.7076923076923076, 0.7200702647687571, 0.7538461538461538, 0.7846153846153846, 0.8032700615349897, 0.8307692307692307, 0.8461538461538461, 0.9230769230769231, 0.9384615384615385, 0.9616542397282486]","{'network_used': False, 'parameterization': 'chord_length', 'reported_refit': 'unregularized standard B-spline least squares with exact endpoint interpolation', 'timing_scope': 'complete numerical method: chord parameterization, knot selection/relocation, and final endpoint-constrained refit', 'mse_tolerance': 5e-05, 'smoothness_weight': 0.0, 'control_ridge': 0.0, 'interpolate_endpoints': True, 'declared_max_internal_knots': 64, 'declared_paper_initial_knots': 64, 'reference_doi': '10.4208/jcm.2012-m2020-0203', 'variant': 'linf1_jump_sparsity_plus_differential_evolution', 'initial_internal_knot_count': 64, 'dense_initial_fit_mse': 1.0715400458098243e-05, 'dense_initial_threshold_satisfied': True, 'selected_regularization': 6.550682531831957e-08, 'sparse_stage_mse': 4.999091454196998e-05, 'sparse_stage_threshold_satisfied': True, 'jump_local_maximum_eta': 0.5, 'candidate_internal_knot_count': 14, 'initial_to_candidate_compression_ratio': 0.21875, 'candidate_refit_mse_before_de': 0.0029133195897975976, 'candidate_refit_threshold_satisfied_before_de': False, 'candidate_selection_lost_sparse_feasibility': True, 'de_population': 10, 'de_iterations': 10, 'de_evaluations': 110, 'de_initial_max_error': 0.12890139180606563, 'de_final_max_error': 0.0905151870983764, 'de_restored_common_mse_feasibility': False, 'paper_native_objective': 'nonsquared Frobenius data term plus l-infinity,1 derivative-jump penalty; DE minimizes maximum Euclidean error', 'comparison_wrapper': 'regularization is selected against the common MSE budget and the final fit uses the common endpoint-constrained refit', 'method_fidelity': 'defining mixed-norm, local-maximum selection, and DE stages are reproduced; hyperparameter selection is adapted', 'native_common_refit_mse': 0.002779698881670283, 'native_common_refit_k': 14, 'native_common_refit_threshold_satisfied': False, 'comparison_method_capacity': 64, 'comparison_feasibility_safeguard_version': 'bounded_common_mse_v1', 'comparison_feasibility_safeguard_enabled': True, 'comparison_feasibility_safeguard_used': True, 'comparison_feasibility_safeguard_attempted': True, 'comparison_feasibility_safeguard_role': 'repository comparison wrapper; not part of the cited method', 'comparison_feasibility_native_mse': 0.002779698881670283, 'comparison_feasibility_native_k': 14, 'comparison_feasibility_native_threshold_satisfied': False, 'comparison_feasibility_native_knots': (0.037789992245948395, 0.03911262469773707, 0.11046907941750453, 0.17951248351634475, 0.40838783175657317, 0.4415448138942176, 0.44256513746216775, 0.49754979094367535, 0.5039189622962855, 0.5759019118216366, 0.5929262710889615, 0.7200702647687571, 0.8032700615349897, 0.9616542397282486), 'comparison_feasibility_added_knots': (0.7846153846153846, 0.8307692307692307, 0.26153846153846155, 0.15384615384615385, 0.2923076923076923, 0.6307692307692307, 0.4153846153846154, 0.4, 0.7538461538461538, 0.2, 0.35384615384615387, 0.9384615384615385, 0.6461538461538461, 0.523076923076923, 0.7076923076923076, 0.27692307692307694, 0.06153846153846154, 0.36923076923076925, 0.3076923076923077, 0.8461538461538461, 0.9230769230769231), 'comparison_feasibility_added_knots_scope': 'residual-guided path; final_knots are authoritative after any uniform fallback', 'comparison_feasibility_refit_count': 63, 'comparison_feasibility_final_source': 'residual_guided_augmentation', 'comparison_feasibility_final_mse': 4.999928110114285e-05, 'comparison_feasibility_final_k': 35, 'comparison_feasibility_final_knots': (0.037789992245948395, 0.03911262469773707, 0.06153846153846154, 0.11046907941750453, 0.15384615384615385, 0.17951248351634475, 0.2, 0.26153846153846155, 0.27692307692307694, 0.2923076923076923, 0.3076923076923077, 0.35384615384615387, 0.36923076923076925, 0.4, 0.40838783175657317, 0.4153846153846154, 0.4415448138942176, 0.44256513746216775, 0.49754979094367535, 0.5039189622962855, 0.523076923076923, 0.5759019118216366, 0.5929262710889615, 0.6307692307692307, 0.6461538461538461, 0.7076923076923076, 0.7200702647687571, 0.7538461538461538, 0.7846153846153846, 0.8032700615349897, 0.8307692307692307, 0.8461538461538461, 0.9230769230769231, 0.9384615384615385, 0.9616542397282486), 'comparison_feasibility_threshold_satisfied': True, 'comparison_feasibility_status': 'repaired_feasible', 'comparison_feasibility_dense_capacity_mse': None, 'comparison_feasibility_dense_capacity_threshold_satisfied': None, 'comparison_feasibility_capacity': 64, 'comparison_method_label': 'threshold-safe adaptation', 'threshold_satisfied': True, 'repeated_complete_timing': {'repeats': 1, 'samples_ms': [2437.2521999757737], 'p50_ms': 2437.2521999757737, 'mean_ms': 2437.2521999757737}}",
Synthetic,seed20000_sample3248,independent_3248,16,16,ours,False,ok,2.939200927276037e-05,True,,,33,17.9886,16.9089,"[0.05399233475327492, 0.09736239910125732, 0.11363288760185242, 0.13674196600914001, 0.1615951657295227, 0.1774929165840149, 0.21114739775657654, 0.254511296749115, 0.2622373700141907, 0.28666549921035767, 0.34016153216362, 0.36966124176979065, 0.36976122856140137, 0.42235028743743896, 0.4529510736465454, 0.47205230593681335, 0.506310760974884, 0.5472114086151123, 0.5553420186042786, 0.5860576033592224, 0.6373359560966492, 0.646366536617279, 0.6902183294296265, 0.7087023854255676, 0.7374249696731567, 0.771503210067749, 0.7889508605003357, 0.8119981288909912, 0.8462803959846497, 0.8569180965423584, 0.8741956949234009, 0.9003168344497681, 0.9271629452705383]","{'network_latency': {'p50_ms': 16.9089, 'median_ms': 16.9089, 'mean_ms': 16.9089, 'p95_ms': 16.9089, 'minimum_ms': 16.9089, 'maximum_ms': 16.9089, 'repeat_ms': [16.9089]}, 'end_to_end_latency': {'p50_ms': 17.9886, 'median_ms': 17.9886, 'mean_ms': 17.9886, 'p95_ms': 17.9886, 'minimum_ms': 17.9886, 'maximum_ms': 17.9886, 'repeat_ms': [17.9886]}, 'postprocessing': 'none', 'tolerance_conditioned_network': True, 'network_mse_tolerance': 5e-05}",
Synthetic,seed20000_sample3248,independent_3248,16,16,park_dominant_point_2007_adaptation,False,ok,4.920329111612818e-05,True,,,40,194.19799995375797,,"[0.10868256521467916, 0.12659201919711466, 0.14404575108730489, 0.1574059887247969, 0.16821333913924688, 0.18884050929345195, 0.22170263697708728, 0.27041526561500434, 0.30513384170506147, 0.32903012802650594, 0.34047937683550167, 0.354502891494934, 0.3690204771883427, 0.3832280608577017, 0.3968070602339225, 0.408197326794779, 0.43613607823531225, 0.46453176266356894, 0.5021116617181511, 0.5220706369007506, 0.5400750725999243, 0.5477784024534585, 0.5548669842145714, 0.56504036552733, 0.5770526494026514, 0.5891205945811681, 0.6074521704038259, 0.6401368518833844, 0.6734846650576652, 0.7004677709082846, 0.72100542996956, 0.7395314616003876, 0.764897409105391, 0.7830669144766196, 0.815512564464791, 0.843692364999526, 0.8720766501530198, 0.8863649385087372, 0.8945490708429681, 0.9029850777202418]","{'network_used': False, 'parameterization': 'chord_length', 'reported_refit': 'unregularized standard B-spline least squares with exact endpoint interpolation', 'timing_scope': 'complete numerical method: chord parameterization, knot selection/relocation, and final endpoint-constrained refit', 'mse_tolerance': 5e-05, 'smoothness_weight': 0.0, 'control_ridge': 0.0, 'interpolate_endpoints': True, 'declared_max_internal_knots': 64, 'declared_paper_initial_knots': 64, 'method': 'park_lee_dom_2007_adaptation', 'reference_doi': '10.1016/j.cad.2006.12.006', 'knot_placement': 'Park-Lee Eq. (4): each interior knot averages degree consecutive dominant-point parameters', 'lcm_lower_bound': 4.697893747236641, 'lcm_seed_count': 45, 'shape_weight_r': 0.8, 'shape_index': 'r*K_s,e/K_0,m + (1-r)*L_s,e/L_0,m', 'curvature_integral': 'trapezoidal in chord parameter', 'curvature_source': 'generalized local Menger curvature; no optional smoothed base curve', 'refinement_region': 'segment containing largest sampled parameter-correspondence residual', 'refinement_point': 'argmin_w |lambda_s,w - lambda_w,e|', 'stopping_metric': 'mean squared Euclidean parameter-correspondence error', 'distance_metric_deviation': ""comparison adaptation stops on common MSE; it does not reproduce the paper's maximum-distance or iterative orthogonal-distance criterion"", 'seed_completion_deviation': 'shape-index splits complete degree+1 dominant points when too few LCM seeds exist', 'effective_max_internal_knots': 64, 'requested_max_internal_knots': 64, 'selected_sources': ('endpoint', 'endpoint', 'lcm_seed', 'lcm_seed', 'lcm_seed', 'lcm_seed', 'lcm_seed', 'lcm_seed', 'lcm_seed', 'lcm_seed', 'lcm_seed', 'lcm_seed', 'lcm_seed', 'lcm_seed', 'lcm_seed', 'lcm_seed', 'lcm_seed', 'lcm_seed', 'lcm_seed', 'lcm_seed', 'lcm_seed', 'lcm_seed', 'lcm_seed', 'lcm_seed', 'lcm_seed', 'lcm_seed', 'lcm_seed', 'lcm_seed', 'lcm_seed', 'lcm_seed', 'lcm_seed', 'lcm_seed', 'lcm_seed', 'lcm_seed', 'lcm_seed', 'lcm_seed', 'lcm_seed', 'lcm_seed', 'lcm_seed', 'lcm_seed', 'lcm_seed', 'lcm_seed', 'lcm_seed', 'lcm_seed'), 'boundary_knot_clamp_count': 0, 'threshold_satisfied': True, 'scanned_counts': (0, 1, 2, 3, 4, 5, 6, 7, 8, 9, 10, 11, 12, 13, 14, 15, 16, 17, 18, 19, 20, 21, 22, 23, 24, 25, 26, 27, 28, 29, 30, 31, 32, 33, 34, 35, 36, 37, 38, 39, 40), 'scanned_mse': (0.007152982959326384, 0.0069968646149766766, 0.005239797451525159, 0.005212204108650386, 0.00516950923140668, 0.005136798573029935, 0.003582297358912512, 0.0034880507680190662, 0.003424703080401993, 0.003347997532355887, 0.0033372260408208432, 0.0025057479636066663, 0.002424891943162272, 0.0017672934048908002, 0.0010776124138282414, 0.0010751937367105924, 0.0006781940565009021, 0.0006721300022256811, 0.0004773891809240136, 0.00047001858957118164, 0.00046621028264944524, 0.00035154856474962736, 0.0003653351489385914, 0.0003248256883355062, 0.0003195377200017681, 0.0003127819747997213, 0.00021943912775326458, 0.00021330628249611406, 0.00018741945544057214, 0.00018591506733540083, 0.00018277065839586814, 0.00018299840080112775, 0.00018008068586082177, 0.0001764434449726818, 0.00017548527257191693, 0.00017211725020225502, 0.00016951926080277288, 9.9636324253405e-05, 9.91411048305991e-05, 9.539983284763505e-05, 4.920329111612818e-05), 'scanned_max_parameter_residual': (0.19142036099064008, 0.17175118372945206, 0.15162078026237327, 0.15413402630974873, 0.1511362562192764, 0.15307676952079718, 0.10709522433255615, 0.10918458923292944, 0.11049531838951271, 0.11146914628761707, 0.11139640672823156, 0.11453387862283379, 0.11280551695986889, 0.11301928832160636, 0.09726245077733163, 0.09723884308471709, 0.11391800688552267, 0.11391287783907558, 0.11391467200683669, 0.11387770410011054, 0.11388844331324229, 0.11388865256474348, 0.11473734709794457, 0.09239551935579322, 0.09239345472808819, 0.09283049306632868, 0.059701750229619786, 0.059707922024155466, 0.05970791919267783, 0.05976327863357762, 0.05974642621659791, 0.059749218940827103, 0.0597492177814257, 0.05974922074897127, 0.05975353295251382, 0.05975382537417698, 0.0597538250780709, 0.03686097794854949, 0.03686097794833625, 0.03686926136279663, 0.017887013738808234), 'exact_refit_count': 41, 'method_fidelity': 'core DOM equations with a common-MSE stopping wrapper', 'repeated_complete_timing': {'repeats': 1, 'samples_ms': [194.19799995375797], 'p50_ms': 194.19799995375797, 'mean_ms': 194.19799995375797}}",
Synthetic,seed20000_sample3248,independent_3248,16,16,liang_feature_iki_2017_adaptation,False,ok,4.578175589162149e-05,True,,,44,154.39270000206307,,"[0.012867277252745645, 0.027524667000094115, 0.05698167048676356, 0.07171017223009829, 0.07907442310176566, 0.08643867397343301, 0.1197690912959414, 0.1530995086184498, 0.169764717279704, 0.1864299259409582, 0.2030951346022124, 0.21976034326346658, 0.2239266454287801, 0.22809294759409365, 0.23642555192472076, 0.24475815625534786, 0.25309076058597496, 0.28642117790848337, 0.3197515952309917, 0.35308201255350014, 0.36974722121475434, 0.38641242987600855, 0.41974284719851696, 0.45307326452102537, 0.46973847318227957, 0.4780710775129067, 0.4864036818435337, 0.5197340991660421, 0.5530645164885505, 0.5863949338110589, 0.6030601424723131, 0.6197253511335673, 0.6672596822418715, 0.6910268477960235, 0.7147940133501756, 0.7266775961272516, 0.7385611789043276, 0.7623283444584796, 0.7742119272355557, 0.7860955100126317, 0.8098626755667837, 0.8573970066750878, 0.8811641722292398, 0.9049313377833919]","{'network_used': False, 'parameterization': 'chord_length', 'reported_refit': 'unregularized standard B-spline least squares with exact endpoint interpolation', 'timing_scope': 'complete numerical method: chord parameterization, knot selection/relocation, and final endpoint-constrained refit', 'mse_tolerance': 5e-05, 'smoothness_weight': 0.0, 'control_ridge': 0.0, 'interpolate_endpoints': True, 'declared_max_internal_knots': 64, 'declared_paper_initial_knots': 64, 'reference_doi': '10.1088/1361-6501/aa6a05', 'variant': 'feature_integral_plus_iki_disclosed_adaptation', 'dense_internal_knot_count': 64, 'initial_internal_knot_count': 4, 'inserted_internal_knot_count': 40, 'curvature_weight': 0.5, 'feature_sample_count': 1025, 'scanned_counts': (4, 5, 6, 7, 8, 9, 10, 11, 12, 13, 14, 15, 16, 17, 18, 19, 20, 21, 22, 23, 24, 25, 26, 27, 28, 29, 30, 31, 32, 33, 34, 35, 36, 37, 38, 39, 40, 41, 42, 43, 44), 'scanned_mse': (0.005033535486561693, 0.005025932924650145, 0.005022623419830474, 0.004880996165863702, 0.0043786991307826605, 0.003817669657249155, 0.0037408124509166157, 0.0035522743378944067, 0.0029426109559240695, 0.0028607478090078124, 0.002719253578921108, 0.0027075117981525862, 0.0019089047590654348, 0.0012487651914150127, 0.0012435183730712025, 0.0007515296712171498, 0.0006868422843741822, 0.0006511028897226516, 0.0006378781056939035, 0.00043859453028450933, 0.00043353954288172903, 0.00040639610621296106, 0.00031326310074707137, 0.0002993511860973432, 0.00027844657109338754, 0.00024744713108103663, 0.00018608241704901377, 0.00011993856583835251, 0.0001092638406537967, 0.00010061708967483157, 8.408365184831608e-05, 8.069576272873066e-05, 7.439685741344325e-05, 7.405871467950687e-05, 6.93273759590413e-05, 6.479002485872979e-05, 6.379135987971132e-05, 6.042034663880757e-05, 5.3979796532899615e-05, 5.159582929095986e-05, 4.578175589162149e-05), 'scanned_max_parameter_residual': (0.15233680645998113, 0.15272344335440916, 0.1547591200151074, 0.1561973430562125, 0.12351186895893516, 0.12088173561036915, 0.11448365810298683, 0.10248457947667394, 0.10486851345148152, 0.10727473647784827, 0.09751735036438111, 0.09602655392687567, 0.10318872588102866, 0.0935402339392461, 0.09193128719845278, 0.07556452638653105, 0.06883088211602768, 0.055830219075167595, 0.05638531978899051, 0.05492106844591239, 0.05502148830607482, 0.05976814858959568, 0.04903864277824911, 0.04860851195734871, 0.04554715230864487, 0.03897231393254555, 0.03775170188468292, 0.0298602349825672, 0.024510414610526637, 0.0220855701793246, 0.02089384794166709, 0.01916971191077141, 0.016929659602870142, 0.01642522447417282, 0.01565608697959823, 0.015655230740553538, 0.015585749795729294, 0.01592643868309554, 0.015367774691112881, 0.01697682529366445, 0.013375504576376289), 'exact_refit_count': 42, 'paper_native_objective': 'error-bounded feature-integral initialization plus iterative knot insertion', 'comparison_wrapper': 'explicit 0.5 arc/curvature feature blend by default, worst-residual span midpoint insertion, and common-MSE stopping', 'method_fidelity': ""Liang-inspired adaptation; the access-controlled article's exact feature equation and constants are not claimed"", 'threshold_satisfied': True, 'repeated_complete_timing': {'repeats': 1, 'samples_ms': [154.39270000206307], 'p50_ms': 154.39270000206307, 'mean_ms': 154.39270000206307}}",
Synthetic,seed20000_sample3248,independent_3248,16,16,dung_direct_knot_2017_adaptation,False,ok,4.869271886928623e-05,True,,,32,1443.656099960208,,"[0.046153846153846156, 0.09230769230769231, 0.10239845698643273, 0.12472210500241364, 0.16458890819169697, 0.2153846153846154, 0.21821300806134783, 0.26153846153846155, 0.26196073700603917, 0.31737798034497355, 0.36916676483090205, 0.4082988091361554, 0.4153846153846154, 0.476572349494242, 0.47692307692307695, 0.48270257276830325, 0.523076923076923, 0.5569740080970726, 0.589332330890609, 0.631647720734302, 0.6465002379248721, 0.6923076923076923, 0.6947468538994384, 0.7523092189213045, 0.7538461538461538, 0.8057765936111086, 0.8457395363453415, 0.9055726993186475, 0.9076923076923077, 0.9115648154916126, 0.9384615384615385, 0.9538461538461538]","{'network_used': False, 'parameterization': 'chord_length', 'reported_refit': 'unregularized endpoint-constrained standard B-spline least squares', 'timing_scope': 'complete numerical method: chord parameterization, knot selection/relocation, and final endpoint-constrained refit', 'mse_tolerance': 5e-05, 'smoothness_weight': 0.0, 'control_ridge': 0.0, 'interpolate_endpoints': True, 'declared_max_internal_knots': 64, 'declared_paper_initial_knots': 64, 'paper': 'Dung and Tjahjowidodo, PLOS ONE 2017, doi:10.1371/journal.pone.0173857', 'variant': 'serial_bisection_simple_knot_adaptation', 'native_control_norm': 'maximum Euclidean point residual', 'native_max_error_tolerance': 0.007071067811865475, 'native_final_max_error': 0.061201711448777896, 'native_final_mse': 0.0003455079578638612, 'common_final_max_error': 0.06359020081839442, 'common_final_mse': 0.0003497444030376943, 'all_local_segments_native_feasible': False, 'local_piecewise_feasible_global_common_refit_failed': False, 'native_global_max_error_threshold_satisfied': False, 'native_global_common_mse_threshold_satisfied': False, 'native_global_internal_knot_count': 17, 'common_final_metrics_scope': 'native adaptation before any optional comparison feasibility safeguard', 'segments': ((0, 6), (7, 16), (17, 27), (28, 37), (38, 45), (46, 54), (55, 66), (67, 75), (76, 84), (85, 97), (98, 116), (117, 127), (128, 136), (137, 147), (148, 159), (160, 170), (171, 181), (182, 191)), 'segment_max_errors': (0.006639460668331522, 0.0038741187973027193, 0.005961862831991078, 0.006633385944218287, 0.0032335797793084913, 0.006099961692727748, 0.006375313699846529, 0.004787103711754605, 0.0019764540655115193, 0.0029950061178211874, 0.006285025634458754, 0.0038283713708003116, 0.003525406073851583, 0.005600141743877727, 0.007060582891027767, 0.005169503037137206, 0.00687057790870978, 0.01050488136323896), 'coarse_break_indices': (6, 16, 27, 37, 45, 54, 66, 75, 84, 97, 116, 127, 136, 147, 159, 170, 181), 'proposed_internal_knot_count': 17, 'retained_internal_knot_count': 17, 'scan_evaluations': 187, 'optimization_evaluations': 298, 'single_piece_evaluations': 165, 'exact_refit_count': 652, 'gauss_newton_fallback_count': 0, 'capacity_exceeded': False, 'capacity_handling': 'none', 'adaptation_limits': ('serial bisection only; parallel split/join/shift is not implemented', 'simple interior knots only; multiplicity and continuity classification are omitted', 'default native max-error epsilon is sqrt(mse_tolerance), which is a unit conversion rather than an equivalent constraint', 'capacity overflow is handled by deterministic uniform coarse-break subsampling before relocation', 'guarded float64 least squares and finite-difference Gauss-Newton replace MATLAB numerical edge behavior'), 'method_fidelity': 'serial simple-knot adaptation; parallel operations and knot multiplicity classification are not reproduced', 'threshold_satisfied_native_max_error': False, 'threshold_satisfied_common_max_error_before_safeguard': False, 'native_common_refit_mse': 0.0003497444030376943, 'native_common_refit_k': 17, 'native_common_refit_threshold_satisfied': False, 'comparison_method_capacity': 64, 'comparison_feasibility_safeguard_version': 'bounded_common_mse_v1', 'comparison_feasibility_safeguard_enabled': True, 'comparison_feasibility_safeguard_used': True, 'comparison_feasibility_safeguard_attempted': True, 'comparison_feasibility_safeguard_role': 'repository comparison wrapper; not part of the cited method', 'comparison_feasibility_native_mse': 0.0003497444030376943, 'comparison_feasibility_native_k': 17, 'comparison_feasibility_native_threshold_satisfied': False, 'comparison_feasibility_native_knots': (0.10239845698643273, 0.12472210500241364, 0.16458890819169697, 0.21821300806134783, 0.26196073700603917, 0.31737798034497355, 0.36916676483090205, 0.4082988091361554, 0.476572349494242, 0.5569740080970726, 0.589332330890609, 0.631647720734302, 0.6947468538994384, 0.7523092189213045, 0.8057765936111086, 0.8457395363453415, 0.9115648154916126), 'comparison_feasibility_added_knots': (0.9538461538461538, 0.9384615384615385, 0.9076923076923077, 0.26153846153846155, 0.4153846153846154, 0.6923076923076923, 0.9055726993186475, 0.046153846153846156, 0.47692307692307695, 0.2153846153846154, 0.6465002379248721, 0.48270257276830325, 0.7538461538461538, 0.09230769230769231, 0.523076923076923), 'comparison_feasibility_added_knots_scope': 'residual-guided path; final_knots are authoritative after any uniform fallback', 'comparison_feasibility_refit_count': 45, 'comparison_feasibility_final_source': 'residual_guided_augmentation', 'comparison_feasibility_final_mse': 4.869271886928623e-05, 'comparison_feasibility_final_k': 32, 'comparison_feasibility_final_knots': (0.046153846153846156, 0.09230769230769231, 0.10239845698643273, 0.12472210500241364, 0.16458890819169697, 0.2153846153846154, 0.21821300806134783, 0.26153846153846155, 0.26196073700603917, 0.31737798034497355, 0.36916676483090205, 0.4082988091361554, 0.4153846153846154, 0.476572349494242, 0.47692307692307695, 0.48270257276830325, 0.523076923076923, 0.5569740080970726, 0.589332330890609, 0.631647720734302, 0.6465002379248721, 0.6923076923076923, 0.6947468538994384, 0.7523092189213045, 0.7538461538461538, 0.8057765936111086, 0.8457395363453415, 0.9055726993186475, 0.9076923076923077, 0.9115648154916126, 0.9384615384615385, 0.9538461538461538), 'comparison_feasibility_threshold_satisfied': True, 'comparison_feasibility_status': 'repaired_feasible', 'comparison_feasibility_dense_capacity_mse': None, 'comparison_feasibility_dense_capacity_threshold_satisfied': None, 'comparison_feasibility_capacity': 64, 'comparison_method_label': 'threshold-safe adaptation', 'threshold_satisfied': True, 'repeated_complete_timing': {'repeats': 1, 'samples_ms': [1443.656099960208], 'p50_ms': 1443.656099960208, 'mean_ms': 1443.656099960208}}",
Synthetic,seed20000_sample3248,independent_3248,16,16,kang_sparse_2015_adaptation,False,ok,4.675093150959713e-05,True,,,36,735.6485999771394,,"[0.046153846153846156, 0.06135817307692308, 0.07692307692307693, 0.1076923076923077, 0.12307692307692308, 0.16923076923076924, 0.18461538461538463, 0.2153846153846154, 0.23076923076923078, 0.26153846153846155, 0.27692307692307694, 0.3076923076923077, 0.3384615384615385, 0.35384615384615387, 0.38461538461538464, 0.4, 0.4153846153846154, 0.46153846153846156, 0.49230769230769234, 0.5076923076923077, 0.523076923076923, 0.5384615384615384, 0.5846153846153845, 0.6, 0.6307692307692307, 0.6461538461538461, 0.6923076923076923, 0.7076923076923076, 0.7538461538461538, 0.7692307692307692, 0.8, 0.8307692307692307, 0.8461538461538461, 0.8923076923076922, 0.9076923076923077, 0.9538461538461538]","{'network_used': False, 'parameterization': 'chord_length', 'reported_refit': 'unregularized standard B-spline least squares with exact endpoint interpolation', 'timing_scope': 'complete numerical method: chord parameterization, knot selection/relocation, and final endpoint-constrained refit', 'mse_tolerance': 5e-05, 'smoothness_weight': 0.0, 'control_ridge': 0.0, 'interpolate_endpoints': True, 'declared_max_internal_knots': 64, 'declared_paper_initial_knots': 64, 'initial_internal_knot_count': 64, 'dense_initial_fit_mse': 1.4359088246234316e-05, 'dense_initial_threshold_satisfied': True, 'active_internal_knot_count': 4, 'cluster_sizes': (4,), 'active_cluster_count': 1, 'relocated_internal_knot_count': 1, 'relocated_unique_knot_count': 1, 'relocated_knot_multiplicities': (1,), 'active_to_relocated_compression_ratio': 0.25, 'sparse_stage_mse': 1.4359088246234316e-05, 'sparse_stage_threshold_satisfied': True, 'native_sparse_feasible_final_common_refit_failed': True, 'sparse_and_final_mse_are_directly_comparable': False, 'sparse_iterations': 900, 'sparse_solver_seconds': 0.32048989995382726, 'relocation_seconds': 0.030247499991673976, 'non_paper_feasibility_repair_enabled': False, 'paper_feasibility_repair_used': False, 'paper_feasibility_repair_added_count': 0, 'local_refit_count': 16, 'method_note': ""Vector-valued group-L1 ADMM adaptation of Kang et al. (2015) equation (12), followed by Algorithms 4-5 only for clear short active clusters; long general-data runs retain their active knots because Algorithm 1 is not reproduced; not the paper's scalar CVX implementation."", 'relocation_method': ""Algorithms 4-5 adaptation: classify adjacent active uniform knots by spacing, retain each cluster's boundary pair, narrow it by exact least-squares comparisons, then apply the 2*E_double < E_single single/double-knot decision."", 'algorithm4_cluster_relocation_applied': True, 'absolute_jump_threshold': 1e-07, 'relative_jump_threshold': 0.001, 'effective_jump_threshold': 695881074.9117385, 'native_final_fit_mse_without_endpoint_constraint': 0.004961375666145818, 'native_endpoint_constrained_mse': 0.0063589353714893805, 'endpoint_constraint_fallback': 'disabled', 'native_common_refit_mse': 0.0063589353714893805, 'native_common_refit_k': 1, 'native_common_refit_threshold_satisfied': False, 'comparison_method_capacity': 64, 'comparison_feasibility_safeguard_version': 'bounded_common_mse_v1', 'comparison_feasibility_safeguard_enabled': True, 'comparison_feasibility_safeguard_used': True, 'comparison_feasibility_safeguard_attempted': True, 'comparison_feasibility_safeguard_role': 'repository comparison wrapper; not part of the cited method', 'comparison_feasibility_native_mse': 0.0063589353714893805, 'comparison_feasibility_native_k': 1, 'comparison_feasibility_native_threshold_satisfied': False, 'comparison_feasibility_native_knots': (0.06135817307692308,), 'comparison_feasibility_added_knots': (0.49230769230769234, 0.046153846153846156, 0.7076923076923076, 0.5076923076923077, 0.46153846153846156, 0.7692307692307692, 0.7538461538461538, 0.6461538461538461, 0.6, 0.4, 0.3384615384615385, 0.27692307692307694, 0.23076923076923078, 0.8307692307692307, 0.18461538461538463, 0.07692307692307693, 0.35384615384615387, 0.1076923076923077, 0.8923076923076922, 0.9076923076923077, 0.8, 0.5384615384615384, 0.3076923076923077, 0.6307692307692307, 0.38461538461538464, 0.8461538461538461, 0.2153846153846154, 0.12307692307692308, 0.16923076923076924, 0.523076923076923, 0.9538461538461538, 0.4153846153846154, 0.5846153846153845, 0.6923076923076923, 0.26153846153846155), 'comparison_feasibility_added_knots_scope': 'residual-guided path; final_knots are authoritative after any uniform fallback', 'comparison_feasibility_refit_count': 105, 'comparison_feasibility_final_source': 'residual_guided_augmentation', 'comparison_feasibility_final_mse': 4.675093150959713e-05, 'comparison_feasibility_final_k': 36, 'comparison_feasibility_final_knots': (0.046153846153846156, 0.06135817307692308, 0.07692307692307693, 0.1076923076923077, 0.12307692307692308, 0.16923076923076924, 0.18461538461538463, 0.2153846153846154, 0.23076923076923078, 0.26153846153846155, 0.27692307692307694, 0.3076923076923077, 0.3384615384615385, 0.35384615384615387, 0.38461538461538464, 0.4, 0.4153846153846154, 0.46153846153846156, 0.49230769230769234, 0.5076923076923077, 0.523076923076923, 0.5384615384615384, 0.5846153846153845, 0.6, 0.6307692307692307, 0.6461538461538461, 0.6923076923076923, 0.7076923076923076, 0.7538461538461538, 0.7692307692307692, 0.8, 0.8307692307692307, 0.8461538461538461, 0.8923076923076922, 0.9076923076923077, 0.9538461538461538), 'comparison_feasibility_threshold_satisfied': True, 'comparison_feasibility_status': 'repaired_feasible', 'comparison_feasibility_dense_capacity_mse': None, 'comparison_feasibility_dense_capacity_threshold_satisfied': None, 'comparison_feasibility_capacity': 64, 'comparison_method_label': 'threshold-safe adaptation', 'threshold_satisfied': True, 'repeated_complete_timing': {'repeats': 1, 'samples_ms': [735.6485999771394], 'p50_ms': 735.6485999771394, 'mean_ms': 735.6485999771394}}",
Synthetic,seed20000_sample3248,independent_3248,16,16,luo_linf_de_2022_adaptation,False,ok,4.92063613187082e-05,True,,,36,2370.1504999771714,,"[0.03076923076923077, 0.046153846153846156, 0.06153846153846154, 0.12307692307692308, 0.13846153846153847, 0.16923076923076924, 0.18461538461538463, 0.23076923076923078, 0.26153846153846155, 0.27692307692307694, 0.296196178530947, 0.3076923076923077, 0.36923076923076925, 0.38461538461538464, 0.4, 0.4307692307692308, 0.43740776594736674, 0.49230769230769234, 0.5076923076923077, 0.523076923076923, 0.5384615384615384, 0.5846153846153845, 0.6, 0.6307692307692307, 0.6435251163606756, 0.6461538461538461, 0.676923076923077, 0.7076923076923076, 0.7384615384615385, 0.7538461538461538, 0.8, 0.8153846153846154, 0.8461538461538461, 0.8923076923076922, 0.9076923076923077, 0.9538461538461538]","{'network_used': False, 'parameterization': 'chord_length', 'reported_refit': 'unregularized standard B-spline least squares with exact endpoint interpolation', 'timing_scope': 'complete numerical method: chord parameterization, knot selection/relocation, and final endpoint-constrained refit', 'mse_tolerance': 5e-05, 'smoothness_weight': 0.0, 'control_ridge': 0.0, 'interpolate_endpoints': True, 'declared_max_internal_knots': 64, 'declared_paper_initial_knots': 64, 'reference_doi': '10.4208/jcm.2012-m2020-0203', 'variant': 'linf1_jump_sparsity_plus_differential_evolution', 'initial_internal_knot_count': 64, 'dense_initial_fit_mse': 1.4359088246234316e-05, 'dense_initial_threshold_satisfied': True, 'selected_regularization': 6.678328122641832e-08, 'sparse_stage_mse': 4.995405421384357e-05, 'sparse_stage_threshold_satisfied': True, 'jump_local_maximum_eta': 0.5, 'candidate_internal_knot_count': 3, 'initial_to_candidate_compression_ratio': 0.046875, 'candidate_refit_mse_before_de': 0.004509601006416568, 'candidate_refit_threshold_satisfied_before_de': False, 'candidate_selection_lost_sparse_feasibility': True, 'de_population': 10, 'de_iterations': 10, 'de_evaluations': 110, 'de_initial_max_error': 0.16585404060961603, 'de_final_max_error': 0.14357204445086094, 'de_restored_common_mse_feasibility': False, 'paper_native_objective': 'nonsquared Frobenius data term plus l-infinity,1 derivative-jump penalty; DE minimizes maximum Euclidean error', 'comparison_wrapper': 'regularization is selected against the common MSE budget and the final fit uses the common endpoint-constrained refit', 'method_fidelity': 'defining mixed-norm, local-maximum selection, and DE stages are reproduced; hyperparameter selection is adapted', 'native_common_refit_mse': 0.005171905845236957, 'native_common_refit_k': 3, 'native_common_refit_threshold_satisfied': False, 'comparison_method_capacity': 64, 'comparison_feasibility_safeguard_version': 'bounded_common_mse_v1', 'comparison_feasibility_safeguard_enabled': True, 'comparison_feasibility_safeguard_used': True, 'comparison_feasibility_safeguard_attempted': True, 'comparison_feasibility_safeguard_role': 'repository comparison wrapper; not part of the cited method', 'comparison_feasibility_native_mse': 0.005171905845236957, 'comparison_feasibility_native_k': 3, 'comparison_feasibility_native_threshold_satisfied': False, 'comparison_feasibility_native_knots': (0.296196178530947, 0.43740776594736674, 0.6435251163606756), 'comparison_feasibility_added_knots': (0.49230769230769234, 0.5076923076923077, 0.6461538461538461, 0.4, 0.8153846153846154, 0.676923076923077, 0.7384615384615385, 0.27692307692307694, 0.26153846153846155, 0.8, 0.18461538461538463, 0.13846153846153847, 0.6307692307692307, 0.046153846153846156, 0.8923076923076922, 0.4307692307692308, 0.23076923076923078, 0.7076923076923076, 0.03076923076923077, 0.9076923076923077, 0.8461538461538461, 0.523076923076923, 0.6, 0.16923076923076924, 0.38461538461538464, 0.5384615384615384, 0.3076923076923077, 0.06153846153846154, 0.9538461538461538, 0.7538461538461538, 0.36923076923076925, 0.12307692307692308, 0.5846153846153845), 'comparison_feasibility_added_knots_scope': 'residual-guided path; final_knots are authoritative after any uniform fallback', 'comparison_feasibility_refit_count': 99, 'comparison_feasibility_final_source': 'residual_guided_augmentation', 'comparison_feasibility_final_mse': 4.92063613187082e-05, 'comparison_feasibility_final_k': 36, 'comparison_feasibility_final_knots': (0.03076923076923077, 0.046153846153846156, 0.06153846153846154, 0.12307692307692308, 0.13846153846153847, 0.16923076923076924, 0.18461538461538463, 0.23076923076923078, 0.26153846153846155, 0.27692307692307694, 0.296196178530947, 0.3076923076923077, 0.36923076923076925, 0.38461538461538464, 0.4, 0.4307692307692308, 0.43740776594736674, 0.49230769230769234, 0.5076923076923077, 0.523076923076923, 0.5384615384615384, 0.5846153846153845, 0.6, 0.6307692307692307, 0.6435251163606756, 0.6461538461538461, 0.676923076923077, 0.7076923076923076, 0.7384615384615385, 0.7538461538461538, 0.8, 0.8153846153846154, 0.8461538461538461, 0.8923076923076922, 0.9076923076923077, 0.9538461538461538), 'comparison_feasibility_threshold_satisfied': True, 'comparison_feasibility_status': 'repaired_feasible', 'comparison_feasibility_dense_capacity_mse': None, 'comparison_feasibility_dense_capacity_threshold_satisfied': None, 'comparison_feasibility_capacity': 64, 'comparison_method_label': 'threshold-safe adaptation', 'threshold_satisfied': True, 'repeated_complete_timing': {'repeats': 1, 'samples_ms': [2370.1504999771714], 'p50_ms': 2370.1504999771714, 'mean_ms': 2370.1504999771714}}",
Synthetic,seed20000_sample2753,independent_2753,17,17,ours,False,ok,3.9405385788380604e-05,True,,,33,18.6502,15.1112,"[0.044934291392564774, 0.08594350516796112, 0.10111882537603378, 0.12663742899894714, 0.1549455225467682, 0.16838409006595612, 0.19863076508045197, 0.23413972556591034, 0.24619652330875397, 0.24629652500152588, 0.3163421154022217, 0.35622137784957886, 0.35632139444351196, 0.4184100031852722, 0.46710655093193054, 0.47790253162384033, 0.5139662027359009, 0.5563570857048035, 0.5594176650047302, 0.5854098796844482, 0.6379417777061462, 0.648593008518219, 0.6951573491096497, 0.7128786444664001, 0.7446629405021667, 0.7676090598106384, 0.7871989607810974, 0.8232192993164062, 0.8408926725387573, 0.8549219965934753, 0.8837072253227234, 0.8942427039146423, 0.9291889071464539]","{'network_latency': {'p50_ms': 15.1112, 'median_ms': 15.1112, 'mean_ms': 15.1112, 'p95_ms': 15.1112, 'minimum_ms': 15.1112, 'maximum_ms': 15.1112, 'repeat_ms': [15.1112]}, 'end_to_end_latency': {'p50_ms': 18.6502, 'median_ms': 18.6502, 'mean_ms': 18.6502, 'p95_ms': 18.6502, 'minimum_ms': 18.6502, 'maximum_ms': 18.6502, 'repeat_ms': [18.6502]}, 'postprocessing': 'none', 'tolerance_conditioned_network': True, 'network_mse_tolerance': 5e-05}",
Synthetic,seed20000_sample2753,independent_2753,17,17,park_dominant_point_2007_adaptation,False,ok,4.7820407121301365e-05,True,,,44,156.270100036636,,"[0.08261235586253146, 0.11222598666824946, 0.1443751508316142, 0.1771704413237828, 0.19953086135176543, 0.2201607680315628, 0.2346315665418801, 0.2473292649391197, 0.2698832870087671, 0.28975800283001524, 0.32436854503867935, 0.3481331454867503, 0.37753476209736275, 0.3906569680299217, 0.40137995561551104, 0.41188594551456686, 0.4253345421691322, 0.44812091051908554, 0.4693001228725015, 0.49945150320810905, 0.5206134911548929, 0.555184204099247, 0.5975517465898171, 0.6477521572962949, 0.6828005541648833, 0.6986755109726612, 0.7097205220056835, 0.7205739244431566, 0.7339879629490226, 0.7426806405229273, 0.7510736496842383, 0.7612015557663768, 0.7739962127599357, 0.7856994851761415, 0.7929471567422316, 0.8047310209060837, 0.8164086271918681, 0.8280508857748842, 0.8352940756232513, 0.8494479686074752, 0.8647731933035018, 0.8792917146224651, 0.89517658753478, 0.9104651947474829]","{'network_used': False, 'parameterization': 'chord_length', 'reported_refit': 'unregularized standard B-spline least squares with exact endpoint interpolation', 'timing_scope': 'complete numerical method: chord parameterization, knot selection/relocation, and final endpoint-constrained refit', 'mse_tolerance': 5e-05, 'smoothness_weight': 0.0, 'control_ridge': 0.0, 'interpolate_endpoints': True, 'declared_max_internal_knots': 64, 'declared_paper_initial_knots': 64, 'method': 'park_lee_dom_2007_adaptation', 'reference_doi': '10.1016/j.cad.2006.12.006', 'knot_placement': 'Park-Lee Eq. (4): each interior knot averages degree consecutive dominant-point parameters', 'lcm_lower_bound': 4.968481219816645, 'lcm_seed_count': 43, 'shape_weight_r': 0.8, 'shape_index': 'r*K_s,e/K_0,m + (1-r)*L_s,e/L_0,m', 'curvature_integral': 'trapezoidal in chord parameter', 'curvature_source': 'generalized local Menger curvature; no optional smoothed base curve', 'refinement_region': 'segment containing largest sampled parameter-correspondence residual', 'refinement_point': 'argmin_w |lambda_s,w - lambda_w,e|', 'stopping_metric': 'mean squared Euclidean parameter-correspondence error', 'distance_metric_deviation': ""comparison adaptation stops on common MSE; it does not reproduce the paper's maximum-distance or iterative orthogonal-distance criterion"", 'seed_completion_deviation': 'shape-index splits complete degree+1 dominant points when too few LCM seeds exist', 'effective_max_internal_knots': 64, 'requested_max_internal_knots': 64, 'selected_sources': ('endpoint', 'endpoint', 'lcm_seed', 'lcm_seed', 'lcm_seed', 'lcm_seed', 'lcm_seed', 'lcm_seed', 'lcm_seed', 'lcm_seed', 'lcm_seed', 'lcm_seed', 'lcm_seed', 'lcm_seed', 'lcm_seed', 'lcm_seed', 'lcm_seed', 'lcm_seed', 'lcm_seed', 'lcm_seed', 'lcm_seed', 'lcm_seed', 'lcm_seed', 'lcm_seed', 'lcm_seed', 'lcm_seed', 'lcm_seed', 'lcm_seed', 'lcm_seed', 'lcm_seed', 'lcm_seed', 'lcm_seed', 'lcm_seed', 'lcm_seed', 'lcm_seed', 'lcm_seed', 'lcm_seed', 'lcm_seed', 'lcm_seed', 'lcm_seed', 'lcm_seed', 'lcm_seed', 'lcm_seed', 'lcm_seed', 'lcm_seed', 'adaptive_shape_split', 'adaptive_shape_split', 'adaptive_shape_split'), 'boundary_knot_clamp_count': 0, 'threshold_satisfied': True, 'scanned_counts': (0, 1, 2, 3, 4, 5, 6, 7, 8, 9, 10, 11, 12, 13, 14, 15, 16, 17, 18, 19, 20, 21, 22, 23, 24, 25, 26, 27, 28, 29, 30, 31, 32, 33, 34, 35, 36, 37, 38, 39, 40, 41, 42, 43, 44), 'scanned_mse': (0.010130916692170125, 0.005507987406435465, 0.005251998673089844, 0.004860198298979956, 0.004858821662760978, 0.0048062147469332015, 0.0038922920022447936, 0.003547096822944395, 0.003537058910387363, 0.003487971820089, 0.003455078244947691, 0.0033698039584103092, 0.0024439611727495292, 0.002254784420992485, 0.0017946853387411001, 0.0018534422634638662, 0.0015596943869825134, 0.0009494042101819694, 0.0006695784941204618, 0.0006513030219863886, 0.00038239205532518373, 0.00037101602387046333, 0.0003668345997188422, 0.0003422743953808698, 0.0003388652597151847, 0.0002550925182080932, 0.0002459318822551709, 0.0002432469600459613, 0.00024267639519949272, 0.0002482562901237719, 0.0002445202027869923, 0.00024469099370327715, 0.00019310997100958297, 0.00019279723704517578, 0.0001744848651794376, 0.00017437295487736774, 0.0001737348841445981, 0.0001719882781545833, 0.00017181941213163603, 0.000171797564691427, 0.00017109834214804802, 0.00016866739827969747, 5.729221077020249e-05, 5.4024458514061635e-05, 4.7820407121301365e-05), 'scanned_max_parameter_residual': (0.24097559127281096, 0.1723264495487995, 0.16878628897462636, 0.16299393358521955, 0.16321731970193945, 0.16096162719507226, 0.12097910625063923, 0.11581913627624933, 0.11797855437585952, 0.12232339264804336, 0.12153614902378176, 0.1139565089801267, 0.09949815299556228, 0.09940536873977608, 0.10604137222987607, 0.10479345425428918, 0.1023810383405563, 0.10238534984235895, 0.0895557336437319, 0.08816410242707823, 0.0769115281862825, 0.09452066193071122, 0.09521746849740184, 0.0881579295588223, 0.08813580035564095, 0.07351190782694496, 0.07364945127735086, 0.0736494369198175, 0.07364943796122134, 0.07181941370533859, 0.0718193434102211, 0.07182533973083771, 0.07182534000654751, 0.07182533964172924, 0.06879545072038884, 0.06880426665719322, 0.06880341079695666, 0.06880341079072405, 0.06880341093460819, 0.0688034155479202, 0.06880872405647144, 0.06880851372067892, 0.020999603374564843, 0.01918540543125034, 0.017109347330292214), 'exact_refit_count': 45, 'method_fidelity': 'core DOM equations with a common-MSE stopping wrapper', 'repeated_complete_timing': {'repeats': 1, 'samples_ms': [156.270100036636], 'p50_ms': 156.270100036636, 'mean_ms': 156.270100036636}}",
Synthetic,seed20000_sample2753,independent_2753,17,17,liang_feature_iki_2017_adaptation,False,ok,4.9237103880904404e-05,True,,,34,88.51370000047609,,"[0.03821084841349843, 0.07642169682699686, 0.11463254524049529, 0.15284339365399371, 0.17194881786074295, 0.19105424206749216, 0.21015966627424137, 0.22926509048099059, 0.267475938894489, 0.30568678730798743, 0.365914686199988, 0.3960286356459883, 0.4110856103689884, 0.42614258509198855, 0.4562565345379888, 0.4863704839839891, 0.5465983828759896, 0.5616553575989898, 0.5767123323219898, 0.6068262817679901, 0.6218832564909903, 0.6369402312139905, 0.6670541806599908, 0.6821111553829909, 0.6896396427444911, 0.6971681301059911, 0.7272820795519913, 0.7573960289979915, 0.7875099784439918, 0.8331510537770793, 0.8787921291101668, 0.9244332044432544, 0.9700742797763419, 0.9845818965500325]","{'network_used': False, 'parameterization': 'chord_length', 'reported_refit': 'unregularized standard B-spline least squares with exact endpoint interpolation', 'timing_scope': 'complete numerical method: chord parameterization, knot selection/relocation, and final endpoint-constrained refit', 'mse_tolerance': 5e-05, 'smoothness_weight': 0.0, 'control_ridge': 0.0, 'interpolate_endpoints': True, 'declared_max_internal_knots': 64, 'declared_paper_initial_knots': 64, 'reference_doi': '10.1088/1361-6501/aa6a05', 'variant': 'feature_integral_plus_iki_disclosed_adaptation', 'dense_internal_knot_count': 64, 'initial_internal_knot_count': 4, 'inserted_internal_knot_count': 30, 'curvature_weight': 0.5, 'feature_sample_count': 1025, 'scanned_counts': (4, 5, 6, 7, 8, 9, 10, 11, 12, 13, 14, 15, 16, 17, 18, 19, 20, 21, 22, 23, 24, 25, 26, 27, 28, 29, 30, 31, 32, 33, 34), 'scanned_mse': (0.004035781462465464, 0.003930746243351847, 0.0039035158064418887, 0.003557335773230483, 0.0034652016497689632, 0.003328721342313224, 0.0032741874090440773, 0.003239600006192141, 0.0030843144611831072, 0.002565512248684862, 0.0025499369566182217, 0.0019118047515406826, 0.0018283930483203542, 0.0016697540414870808, 0.0015012943984603286, 0.0012522684989711617, 0.0008779000666575143, 0.00037291585016131345, 0.00033911525259442137, 0.0003034532605023419, 0.00023175654332460745, 0.00019247112051827686, 0.0001097396213613405, 9.81919487184126e-05, 8.441658949151012e-05, 7.103413500568881e-05, 6.674642013578474e-05, 6.096443865252351e-05, 5.747940958020324e-05, 5.5553211944714595e-05, 4.9237103880904404e-05), 'scanned_max_parameter_residual': (0.12887879352706372, 0.13927830960842882, 0.134950766269036, 0.10867485780757526, 0.10924662462901823, 0.10071732879467252, 0.10123491020390596, 0.10116091600381917, 0.1013841580216439, 0.09364761364959795, 0.09393632676721067, 0.09402476831940061, 0.09186582318576164, 0.08724234531106588, 0.09114956336202917, 0.07725978715224233, 0.07297346438332664, 0.05713855699049324, 0.055861370867922214, 0.05252935759889467, 0.0412806518492274, 0.03994300256239808, 0.026713710650048992, 0.02616548527454251, 0.024937231922731937, 0.020223653093741988, 0.019500587942803033, 0.017186126306358504, 0.015045824008556297, 0.014176162028662119, 0.013726895147210753), 'exact_refit_count': 32, 'paper_native_objective': 'error-bounded feature-integral initialization plus iterative knot insertion', 'comparison_wrapper': 'explicit 0.5 arc/curvature feature blend by default, worst-residual span midpoint insertion, and common-MSE stopping', 'method_fidelity': ""Liang-inspired adaptation; the access-controlled article's exact feature equation and constants are not claimed"", 'threshold_satisfied': True, 'repeated_complete_timing': {'repeats': 1, 'samples_ms': [88.51370000047609], 'p50_ms': 88.51370000047609, 'mean_ms': 88.51370000047609}}",
Synthetic,seed20000_sample2753,independent_2753,17,17,dung_direct_knot_2017_adaptation,False,ok,4.837314999062886e-05,True,,,30,1325.6733000162058,,"[0.06153846153846154, 0.08164377490263437, 0.1076923076923077, 0.11882681581196657, 0.15384615384615385, 0.16121799596294212, 0.18461538461538463, 0.2020468937868918, 0.245861336667696, 0.2923076923076923, 0.29957519313274794, 0.35384615384615387, 0.3606319381472438, 0.39665406797016306, 0.4332430015995769, 0.49109056366324627, 0.5306473637899328, 0.5384615384615384, 0.5884428526831468, 0.6461538461538461, 0.6584607328055125, 0.7071748705456553, 0.7473429617494906, 0.7954250488069026, 0.83291295108974, 0.8769230769230769, 0.8923076923076922, 0.9205146230153606, 0.9230769230769231, 0.9538461538461538]","{'network_used': False, 'parameterization': 'chord_length', 'reported_refit': 'unregularized endpoint-constrained standard B-spline least squares', 'timing_scope': 'complete numerical method: chord parameterization, knot selection/relocation, and final endpoint-constrained refit', 'mse_tolerance': 5e-05, 'smoothness_weight': 0.0, 'control_ridge': 0.0, 'interpolate_endpoints': True, 'declared_max_internal_knots': 64, 'declared_paper_initial_knots': 64, 'paper': 'Dung and Tjahjowidodo, PLOS ONE 2017, doi:10.1371/journal.pone.0173857', 'variant': 'serial_bisection_simple_knot_adaptation', 'native_control_norm': 'maximum Euclidean point residual', 'native_max_error_tolerance': 0.007071067811865475, 'native_final_max_error': 0.12879705322534402, 'native_final_mse': 0.0007266058659029001, 'common_final_max_error': 0.13162120484890608, 'common_final_mse': 0.0007313015440889399, 'all_local_segments_native_feasible': False, 'local_piecewise_feasible_global_common_refit_failed': False, 'native_global_max_error_threshold_satisfied': False, 'native_global_common_mse_threshold_satisfied': False, 'native_global_internal_knot_count': 18, 'common_final_metrics_scope': 'native adaptation before any optional comparison feasibility safeguard', 'segments': ((0, 6), (7, 15), (16, 22), (23, 31), (32, 40), (41, 49), (50, 59), (60, 69), (70, 78), (79, 89), (90, 97), (98, 106), (107, 115), (116, 130), (131, 143), (144, 158), (159, 172), (173, 183), (184, 191)), 'segment_max_errors': (0.005625313505541808, 0.007022124521212821, 0.004782343788610518, 0.006845101748097135, 0.006798556363716378, 0.005338526053994564, 0.006621878736475691, 0.005090414766847264, 0.006560064171122059, 0.005940909392354862, 0.006004284054244316, 0.006983709509973127, 0.0028800818407645943, 0.0069052925244173415, 0.0047387362671371695, 0.007042240871734313, 0.006778034659483029, 0.005958395155327251, 0.01373452154963156), 'coarse_break_indices': (6, 15, 22, 31, 40, 49, 59, 69, 78, 89, 97, 106, 115, 130, 143, 158, 172, 183), 'proposed_internal_knot_count': 18, 'retained_internal_knot_count': 18, 'scan_evaluations': 198, 'optimization_evaluations': 229, 'single_piece_evaluations': 174, 'exact_refit_count': 603, 'gauss_newton_fallback_count': 0, 'capacity_exceeded': False, 'capacity_handling': 'none', 'adaptation_limits': ('serial bisection only; parallel split/join/shift is not implemented', 'simple interior knots only; multiplicity and continuity classification are omitted', 'default native max-error epsilon is sqrt(mse_tolerance), which is a unit conversion rather than an equivalent constraint', 'capacity overflow is handled by deterministic uniform coarse-break subsampling before relocation', 'guarded float64 least squares and finite-difference Gauss-Newton replace MATLAB numerical edge behavior'), 'method_fidelity': 'serial simple-knot adaptation; parallel operations and knot multiplicity classification are not reproduced', 'threshold_satisfied_native_max_error': False, 'threshold_satisfied_common_max_error_before_safeguard': False, 'native_common_refit_mse': 0.0007313015440889399, 'native_common_refit_k': 18, 'native_common_refit_threshold_satisfied': False, 'comparison_method_capacity': 64, 'comparison_feasibility_safeguard_version': 'bounded_common_mse_v1', 'comparison_feasibility_safeguard_enabled': True, 'comparison_feasibility_safeguard_used': True, 'comparison_feasibility_safeguard_attempted': True, 'comparison_feasibility_safeguard_role': 'repository comparison wrapper; not part of the cited method', 'comparison_feasibility_native_mse': 0.0007313015440889399, 'comparison_feasibility_native_k': 18, 'comparison_feasibility_native_threshold_satisfied': False, 'comparison_feasibility_native_knots': (0.08164377490263437, 0.11882681581196657, 0.16121799596294212, 0.2020468937868918, 0.245861336667696, 0.29957519313274794, 0.3606319381472438, 0.39665406797016306, 0.4332430015995769, 0.49109056366324627, 0.5306473637899328, 0.5884428526831468, 0.6584607328055125, 0.7071748705456553, 0.7473429617494906, 0.7954250488069026, 0.83291295108974, 0.9205146230153606), 'comparison_feasibility_added_knots': (0.9538461538461538, 0.9230769230769231, 0.8923076923076922, 0.15384615384615385, 0.2923076923076923, 0.5384615384615384, 0.8769230769230769, 0.18461538461538463, 0.6461538461538461, 0.1076923076923077, 0.35384615384615387, 0.06153846153846154), 'comparison_feasibility_added_knots_scope': 'residual-guided path; final_knots are authoritative after any uniform fallback', 'comparison_feasibility_refit_count': 36, 'comparison_feasibility_final_source': 'residual_guided_augmentation', 'comparison_feasibility_final_mse': 4.837314999062886e-05, 'comparison_feasibility_final_k': 30, 'comparison_feasibility_final_knots': (0.06153846153846154, 0.08164377490263437, 0.1076923076923077, 0.11882681581196657, 0.15384615384615385, 0.16121799596294212, 0.18461538461538463, 0.2020468937868918, 0.245861336667696, 0.2923076923076923, 0.29957519313274794, 0.35384615384615387, 0.3606319381472438, 0.39665406797016306, 0.4332430015995769, 0.49109056366324627, 0.5306473637899328, 0.5384615384615384, 0.5884428526831468, 0.6461538461538461, 0.6584607328055125, 0.7071748705456553, 0.7473429617494906, 0.7954250488069026, 0.83291295108974, 0.8769230769230769, 0.8923076923076922, 0.9205146230153606, 0.9230769230769231, 0.9538461538461538), 'comparison_feasibility_threshold_satisfied': True, 'comparison_feasibility_status': 'repaired_feasible', 'comparison_feasibility_dense_capacity_mse': None, 'comparison_feasibility_dense_capacity_threshold_satisfied': None, 'comparison_feasibility_capacity': 64, 'comparison_method_label': 'threshold-safe adaptation', 'threshold_satisfied': True, 'repeated_complete_timing': {'repeats': 1, 'samples_ms': [1325.6733000162058], 'p50_ms': 1325.6733000162058, 'mean_ms': 1325.6733000162058}}",
Synthetic,seed20000_sample2753,independent_2753,17,17,kang_sparse_2015_adaptation,False,ok,4.7452088306757054e-05,True,,,39,816.1193000269122,,"[0.046153846153846156, 0.06135817307692308, 0.07692307692307693, 0.09230769230769231, 0.1076923076923077, 0.15384615384615385, 0.16923076923076924, 0.2153846153846154, 0.23076923076923078, 0.26153846153846155, 0.2923076923076923, 0.3230769230769231, 0.3384615384615385, 0.36923076923076925, 0.38461538461538464, 0.4, 0.4461538461538462, 0.46153846153846156, 0.49230769230769234, 0.5076923076923077, 0.5384615384615384, 0.5846153846153845, 0.6, 0.6153846153846154, 0.6615384615384615, 0.676923076923077, 0.7076923076923076, 0.7384615384615385, 0.7538461538461538, 0.7846153846153846, 0.8, 0.8307692307692307, 0.8461538461538461, 0.8615384615384616, 0.8769230769230769, 0.9076923076923077, 0.9230769230769231, 0.96171875, 0.9692307692307692]","{'network_used': False, 'parameterization': 'chord_length', 'reported_refit': 'unregularized standard B-spline least squares with exact endpoint interpolation', 'timing_scope': 'complete numerical method: chord parameterization, knot selection/relocation, and final endpoint-constrained refit', 'mse_tolerance': 5e-05, 'smoothness_weight': 0.0, 'control_ridge': 0.0, 'interpolate_endpoints': True, 'declared_max_internal_knots': 64, 'declared_paper_initial_knots': 64, 'initial_internal_knot_count': 64, 'dense_initial_fit_mse': 1.3964662314397218e-05, 'dense_initial_threshold_satisfied': True, 'active_internal_knot_count': 8, 'cluster_sizes': (4, 4), 'active_cluster_count': 2, 'relocated_internal_knot_count': 2, 'relocated_unique_knot_count': 2, 'relocated_knot_multiplicities': (1, 1), 'active_to_relocated_compression_ratio': 0.25, 'sparse_stage_mse': 1.3964662314397218e-05, 'sparse_stage_threshold_satisfied': True, 'native_sparse_feasible_final_common_refit_failed': True, 'sparse_and_final_mse_are_directly_comparable': False, 'sparse_iterations': 900, 'sparse_solver_seconds': 0.3738335000234656, 'relocation_seconds': 0.06895250000525266, 'non_paper_feasibility_repair_enabled': False, 'paper_feasibility_repair_used': False, 'paper_feasibility_repair_added_count': 0, 'local_refit_count': 32, 'method_note': ""Vector-valued group-L1 ADMM adaptation of Kang et al. (2015) equation (12), followed by Algorithms 4-5 only for clear short active clusters; long general-data runs retain their active knots because Algorithm 1 is not reproduced; not the paper's scalar CVX implementation."", 'relocation_method': ""Algorithms 4-5 adaptation: classify adjacent active uniform knots by spacing, retain each cluster's boundary pair, narrow it by exact least-squares comparisons, then apply the 2*E_double < E_single single/double-knot decision."", 'algorithm4_cluster_relocation_applied': True, 'absolute_jump_threshold': 1e-07, 'relative_jump_threshold': 0.001, 'effective_jump_threshold': 171597.3940195701, 'native_final_fit_mse_without_endpoint_constraint': 0.0041754958623494, 'native_endpoint_constrained_mse': 0.004177688360911553, 'endpoint_constraint_fallback': 'disabled', 'native_common_refit_mse': 0.004177688360911553, 'native_common_refit_k': 2, 'native_common_refit_threshold_satisfied': False, 'comparison_method_capacity': 64, 'comparison_feasibility_safeguard_version': 'bounded_common_mse_v1', 'comparison_feasibility_safeguard_enabled': True, 'comparison_feasibility_safeguard_used': True, 'comparison_feasibility_safeguard_attempted': True, 'comparison_feasibility_safeguard_role': 'repository comparison wrapper; not part of the cited method', 'comparison_feasibility_native_mse': 0.004177688360911553, 'comparison_feasibility_native_k': 2, 'comparison_feasibility_native_threshold_satisfied': False, 'comparison_feasibility_native_knots': (0.06135817307692308, 0.96171875), 'comparison_feasibility_added_knots': (0.046153846153846156, 0.2923076923076923, 0.3384615384615385, 0.5846153846153845, 0.6153846153846154, 0.6, 0.9692307692307692, 0.5076923076923077, 0.26153846153846155, 0.2153846153846154, 0.6615384615384615, 0.16923076923076924, 0.46153846153846156, 0.38461538461538464, 0.8615384615384616, 0.7384615384615385, 0.7846153846153846, 0.9230769230769231, 0.9076923076923077, 0.676923076923077, 0.07692307692307693, 0.5384615384615384, 0.8769230769230769, 0.7076923076923076, 0.09230769230769231, 0.3230769230769231, 0.4461538461538462, 0.36923076923076925, 0.8461538461538461, 0.23076923076923078, 0.15384615384615385, 0.7538461538461538, 0.8307692307692307, 0.4, 0.49230769230769234, 0.1076923076923077, 0.8), 'comparison_feasibility_added_knots_scope': 'residual-guided path; final_knots are authoritative after any uniform fallback', 'comparison_feasibility_refit_count': 111, 'comparison_feasibility_final_source': 'residual_guided_augmentation', 'comparison_feasibility_final_mse': 4.7452088306757054e-05, 'comparison_feasibility_final_k': 39, 'comparison_feasibility_final_knots': (0.046153846153846156, 0.06135817307692308, 0.07692307692307693, 0.09230769230769231, 0.1076923076923077, 0.15384615384615385, 0.16923076923076924, 0.2153846153846154, 0.23076923076923078, 0.26153846153846155, 0.2923076923076923, 0.3230769230769231, 0.3384615384615385, 0.36923076923076925, 0.38461538461538464, 0.4, 0.4461538461538462, 0.46153846153846156, 0.49230769230769234, 0.5076923076923077, 0.5384615384615384, 0.5846153846153845, 0.6, 0.6153846153846154, 0.6615384615384615, 0.676923076923077, 0.7076923076923076, 0.7384615384615385, 0.7538461538461538, 0.7846153846153846, 0.8, 0.8307692307692307, 0.8461538461538461, 0.8615384615384616, 0.8769230769230769, 0.9076923076923077, 0.9230769230769231, 0.96171875, 0.9692307692307692), 'comparison_feasibility_threshold_satisfied': True, 'comparison_feasibility_status': 'repaired_feasible', 'comparison_feasibility_dense_capacity_mse': None, 'comparison_feasibility_dense_capacity_threshold_satisfied': None, 'comparison_feasibility_capacity': 64, 'comparison_method_label': 'threshold-safe adaptation', 'threshold_satisfied': True, 'repeated_complete_timing': {'repeats': 1, 'samples_ms': [816.1193000269122], 'p50_ms': 816.1193000269122, 'mean_ms': 816.1193000269122}}",
Synthetic,seed20000_sample2753,independent_2753,17,17,luo_linf_de_2022_adaptation,False,ok,4.660402091099939e-05,True,,,39,2529.2884999653324,,"[0.046153846153846156, 0.06153846153846154, 0.07692307692307693, 0.1076923076923077, 0.12307692307692308, 0.15384615384615385, 0.16923076923076924, 0.18046679117438214, 0.2153846153846154, 0.23884516056827354, 0.3038959174053153, 0.3058097038803229, 0.3159957996265008, 0.3384615384615385, 0.36718980545634167, 0.36923076923076925, 0.38461538461538464, 0.4461538461538462, 0.44833990742771657, 0.49230769230769234, 0.5108374182035378, 0.5538461538461539, 0.5576960738419096, 0.5604287811256443, 0.5874919131099341, 0.6063069378179646, 0.6476191210814739, 0.6615384615384615, 0.7033111556249274, 0.7076923076923076, 0.7384615384615385, 0.7692307692307692, 0.7846153846153846, 0.8307692307692307, 0.8923076923076922, 0.9076923076923077, 0.9230769230769231, 0.9384615384615385, 0.995261371501763]","{'network_used': False, 'parameterization': 'chord_length', 'reported_refit': 'unregularized standard B-spline least squares with exact endpoint interpolation', 'timing_scope': 'complete numerical method: chord parameterization, knot selection/relocation, and final endpoint-constrained refit', 'mse_tolerance': 5e-05, 'smoothness_weight': 0.0, 'control_ridge': 0.0, 'interpolate_endpoints': True, 'declared_max_internal_knots': 64, 'declared_paper_initial_knots': 64, 'reference_doi': '10.4208/jcm.2012-m2020-0203', 'variant': 'linf1_jump_sparsity_plus_differential_evolution', 'initial_internal_knot_count': 64, 'dense_initial_fit_mse': 1.3964662314397218e-05, 'dense_initial_threshold_satisfied': True, 'selected_regularization': 9.807269761297451e-08, 'sparse_stage_mse': 4.998621118024262e-05, 'sparse_stage_threshold_satisfied': True, 'jump_local_maximum_eta': 0.5, 'candidate_internal_knot_count': 15, 'initial_to_candidate_compression_ratio': 0.234375, 'candidate_refit_mse_before_de': 0.0025535722219384212, 'candidate_refit_threshold_satisfied_before_de': False, 'candidate_selection_lost_sparse_feasibility': True, 'de_population': 10, 'de_iterations': 10, 'de_evaluations': 110, 'de_initial_max_error': 0.1282373757103258, 'de_final_max_error': 0.08668436257078777, 'de_restored_common_mse_feasibility': False, 'paper_native_objective': 'nonsquared Frobenius data term plus l-infinity,1 derivative-jump penalty; DE minimizes maximum Euclidean error', 'comparison_wrapper': 'regularization is selected against the common MSE budget and the final fit uses the common endpoint-constrained refit', 'method_fidelity': 'defining mixed-norm, local-maximum selection, and DE stages are reproduced; hyperparameter selection is adapted', 'native_common_refit_mse': 0.0021698936002917946, 'native_common_refit_k': 15, 'native_common_refit_threshold_satisfied': False, 'comparison_method_capacity': 64, 'comparison_feasibility_safeguard_version': 'bounded_common_mse_v1', 'comparison_feasibility_safeguard_enabled': True, 'comparison_feasibility_safeguard_used': True, 'comparison_feasibility_safeguard_attempted': True, 'comparison_feasibility_safeguard_role': 'repository comparison wrapper; not part of the cited method', 'comparison_feasibility_native_mse': 0.0021698936002917946, 'comparison_feasibility_native_k': 15, 'comparison_feasibility_native_threshold_satisfied': False, 'comparison_feasibility_native_knots': (0.18046679117438214, 0.23884516056827354, 0.3038959174053153, 0.3058097038803229, 0.3159957996265008, 0.36718980545634167, 0.44833990742771657, 0.5108374182035378, 0.5576960738419096, 0.5604287811256443, 0.5874919131099341, 0.6063069378179646, 0.6476191210814739, 0.7033111556249274, 0.995261371501763), 'comparison_feasibility_added_knots': (0.9384615384615385, 0.7076923076923076, 0.7846153846153846, 0.8307692307692307, 0.9230769230769231, 0.16923076923076924, 0.12307692307692308, 0.9076923076923077, 0.046153846153846156, 0.3384615384615385, 0.36923076923076925, 0.7384615384615385, 0.2153846153846154, 0.49230769230769234, 0.8923076923076922, 0.15384615384615385, 0.06153846153846154, 0.38461538461538464, 0.7692307692307692, 0.6615384615384615, 0.1076923076923077, 0.07692307692307693, 0.5538461538461539, 0.4461538461538462), 'comparison_feasibility_added_knots_scope': 'residual-guided path; final_knots are authoritative after any uniform fallback', 'comparison_feasibility_refit_count': 72, 'comparison_feasibility_final_source': 'residual_guided_augmentation', 'comparison_feasibility_final_mse': 4.660402091099939e-05, 'comparison_feasibility_final_k': 39, 'comparison_feasibility_final_knots': (0.046153846153846156, 0.06153846153846154, 0.07692307692307693, 0.1076923076923077, 0.12307692307692308, 0.15384615384615385, 0.16923076923076924, 0.18046679117438214, 0.2153846153846154, 0.23884516056827354, 0.3038959174053153, 0.3058097038803229, 0.3159957996265008, 0.3384615384615385, 0.36718980545634167, 0.36923076923076925, 0.38461538461538464, 0.4461538461538462, 0.44833990742771657, 0.49230769230769234, 0.5108374182035378, 0.5538461538461539, 0.5576960738419096, 0.5604287811256443, 0.5874919131099341, 0.6063069378179646, 0.6476191210814739, 0.6615384615384615, 0.7033111556249274, 0.7076923076923076, 0.7384615384615385, 0.7692307692307692, 0.7846153846153846, 0.8307692307692307, 0.8923076923076922, 0.9076923076923077, 0.9230769230769231, 0.9384615384615385, 0.995261371501763), 'comparison_feasibility_threshold_satisfied': True, 'comparison_feasibility_status': 'repaired_feasible', 'comparison_feasibility_dense_capacity_mse': None, 'comparison_feasibility_dense_capacity_threshold_satisfied': None, 'comparison_feasibility_capacity': 64, 'comparison_method_label': 'threshold-safe adaptation', 'threshold_satisfied': True, 'repeated_complete_timing': {'repeats': 1, 'samples_ms': [2529.2884999653324], 'p50_ms': 2529.2884999653324, 'mean_ms': 2529.2884999653324}}",
Synthetic,seed20000_sample731,independent_731,18,18,ours,False,ok,2.6362793294155127e-05,True,,,37,16.0247,12.9846,"[0.04066901281476021, 0.07622905820608139, 0.09759600460529327, 0.12227451801300049, 0.1357448846101761, 0.16579267382621765, 0.1853828728199005, 0.19939324259757996, 0.24117876589298248, 0.27371108531951904, 0.27381107211112976, 0.33620667457580566, 0.3773998022079468, 0.3774997889995575, 0.41870519518852234, 0.4451850354671478, 0.45820796489715576, 0.4955396354198456, 0.5092867612838745, 0.5261397361755371, 0.5736461877822876, 0.5807158350944519, 0.6036587953567505, 0.6539624333381653, 0.6604151129722595, 0.699070155620575, 0.7158859968185425, 0.7450752854347229, 0.7734567523002625, 0.7859840393066406, 0.8169500231742859, 0.8353612422943115, 0.8512171506881714, 0.8769301772117615, 0.8858016133308411, 0.9081411361694336, 0.9378296136856079]","{'network_latency': {'p50_ms': 12.9846, 'median_ms': 12.9846, 'mean_ms': 12.9846, 'p95_ms': 12.9846, 'minimum_ms': 12.9846, 'maximum_ms': 12.9846, 'repeat_ms': [12.9846]}, 'end_to_end_latency': {'p50_ms': 16.0247, 'median_ms': 16.0247, 'mean_ms': 16.0247, 'p95_ms': 16.0247, 'minimum_ms': 16.0247, 'maximum_ms': 16.0247, 'repeat_ms': [16.0247]}, 'postprocessing': 'none', 'tolerance_conditioned_network': True, 'network_mse_tolerance': 5e-05}",
Synthetic,seed20000_sample731,independent_731,18,18,park_dominant_point_2007_adaptation,False,ok,4.8735377354804976e-05,True,,,44,231.95119999581948,,"[0.07862807906451343, 0.09075721551093718, 0.10420246280408385, 0.11873222486529073, 0.1345991804556723, 0.15481187326040696, 0.1722735240471609, 0.19002414179004548, 0.2081606472283376, 0.2265434736829991, 0.2432355275226974, 0.25805963628198963, 0.2698002834061259, 0.28370696396235867, 0.30094348010251254, 0.3330004336647028, 0.36290479484501875, 0.39359671603638907, 0.41168872687348296, 0.4384986314127362, 0.4580680464863655, 0.48489101332133827, 0.502518597528664, 0.526635674755766, 0.5448359250116277, 0.5651978830354633, 0.5853532002246264, 0.6034365712470431, 0.6237804089301741, 0.6368401567608786, 0.6516666148061981, 0.6653063831376747, 0.67909403048307, 0.6938172010722958, 0.713247596128134, 0.7309726629656632, 0.7453995100110841, 0.7644550276153111, 0.7861097431094474, 0.8147318719032318, 0.8312925519921518, 0.8522932731524944, 0.87954580030495, 0.9113603482248919]","{'network_used': False, 'parameterization': 'chord_length', 'reported_refit': 'unregularized standard B-spline least squares with exact endpoint interpolation', 'timing_scope': 'complete numerical method: chord parameterization, knot selection/relocation, and final endpoint-constrained refit', 'mse_tolerance': 5e-05, 'smoothness_weight': 0.0, 'control_ridge': 0.0, 'interpolate_endpoints': True, 'declared_max_internal_knots': 64, 'declared_paper_initial_knots': 64, 'method': 'park_lee_dom_2007_adaptation', 'reference_doi': '10.1016/j.cad.2006.12.006', 'knot_placement': 'Park-Lee Eq. (4): each interior knot averages degree consecutive dominant-point parameters', 'lcm_lower_bound': 4.842253073147641, 'lcm_seed_count': 43, 'shape_weight_r': 0.8, 'shape_index': 'r*K_s,e/K_0,m + (1-r)*L_s,e/L_0,m', 'curvature_integral': 'trapezoidal in chord parameter', 'curvature_source': 'generalized local Menger curvature; no optional smoothed base curve', 'refinement_region': 'segment containing largest sampled parameter-correspondence residual', 'refinement_point': 'argmin_w |lambda_s,w - lambda_w,e|', 'stopping_metric': 'mean squared Euclidean parameter-correspondence error', 'distance_metric_deviation': ""comparison adaptation stops on common MSE; it does not reproduce the paper's maximum-distance or iterative orthogonal-distance criterion"", 'seed_completion_deviation': 'shape-index splits complete degree+1 dominant points when too few LCM seeds exist', 'effective_max_internal_knots': 64, 'requested_max_internal_knots': 64, 'selected_sources': ('endpoint', 'endpoint', 'lcm_seed', 'lcm_seed', 'lcm_seed', 'lcm_seed', 'lcm_seed', 'lcm_seed', 'lcm_seed', 'lcm_seed', 'lcm_seed', 'lcm_seed', 'lcm_seed', 'lcm_seed', 'lcm_seed', 'lcm_seed', 'lcm_seed', 'lcm_seed', 'lcm_seed', 'lcm_seed', 'lcm_seed', 'lcm_seed', 'lcm_seed', 'lcm_seed', 'lcm_seed', 'lcm_seed', 'lcm_seed', 'lcm_seed', 'lcm_seed', 'lcm_seed', 'lcm_seed', 'lcm_seed', 'lcm_seed', 'lcm_seed', 'lcm_seed', 'lcm_seed', 'lcm_seed', 'lcm_seed', 'lcm_seed', 'lcm_seed', 'lcm_seed', 'lcm_seed', 'lcm_seed', 'lcm_seed', 'lcm_seed', 'adaptive_shape_split', 'adaptive_shape_split', 'adaptive_shape_split'), 'boundary_knot_clamp_count': 0, 'threshold_satisfied': True, 'scanned_counts': (0, 1, 2, 3, 4, 5, 6, 7, 8, 9, 10, 11, 12, 13, 14, 15, 16, 17, 18, 19, 20, 21, 22, 23, 24, 25, 26, 27, 28, 29, 30, 31, 32, 33, 34, 35, 36, 37, 38, 39, 40, 41, 42, 43, 44), 'scanned_mse': (0.006755964932851781, 0.0063805295385367805, 0.0051995788444193485, 0.005033919765281322, 0.004734531322624036, 0.004679313953022218, 0.004572592123552866, 0.004235201728860096, 0.004232836095091701, 0.003942074536884503, 0.0034295736227975293, 0.0031705550620375195, 0.0029782495542191034, 0.0026933969874277726, 0.0020991576892341415, 0.0012752738524407033, 0.0010729103758467821, 0.0006822874057570049, 0.0006371325783641521, 0.0004151776956557777, 0.00042268717437063413, 0.00041749122729964485, 0.0004229683911657312, 0.00042509231879978335, 0.0004226094344124274, 0.0004160739331639591, 0.00041343223774900547, 0.0004111475673719988, 0.0004083008128609976, 0.000402903522290675, 0.0003960514741454468, 0.00033713384696265576, 0.0002997833041419445, 0.00022450525804034601, 0.00022227714122954713, 0.00022087770216737488, 0.000219826130245917, 0.0002186867810595424, 0.0002176151915310771, 0.00021369505083544723, 0.00016889325035195925, 0.00016665480385305963, 7.467986678843308e-05, 5.297220081685726e-05, 4.8735377354804976e-05), 'scanned_max_parameter_residual': (0.20289369765487195, 0.2223649149796512, 0.16608304201053212, 0.16844708141466244, 0.15970758031992086, 0.14921075725404417, 0.13304017843706406, 0.12990038531281858, 0.12986883347606987, 0.1211662638851307, 0.10326773411464339, 0.10975509801157862, 0.11229713771692017, 0.11370479974052382, 0.10536506731442492, 0.09933351761766954, 0.11688173144502038, 0.11688307517600934, 0.11052296345817493, 0.09886438733589123, 0.09872739528263448, 0.09874987059937955, 0.09874974118768552, 0.09874524283355476, 0.0979131347393647, 0.09776745553494456, 0.09776590522460421, 0.09776103968290262, 0.0977592831431152, 0.09775929128245972, 0.09775928929496298, 0.09775928991231449, 0.0977592895980001, 0.06333928050786329, 0.06333927998160828, 0.06333927992448665, 0.06334099993722778, 0.06334099827092181, 0.06334099827524298, 0.06334097236433299, 0.056100344296379064, 0.05607607111140702, 0.0244728752984881, 0.017598188790299892, 0.017598189325814983), 'exact_refit_count': 45, 'method_fidelity': 'core DOM equations with a common-MSE stopping wrapper', 'repeated_complete_timing': {'repeats': 1, 'samples_ms': [231.95119999581948], 'p50_ms': 231.95119999581948, 'mean_ms': 231.95119999581948}}",
Synthetic,seed20000_sample731,independent_731,18,18,liang_feature_iki_2017_adaptation,False,ok,4.839456195142802e-05,True,,,42,123.20779997389764,,"[0.003664122347984545, 0.014564691505805387, 0.054606924258501, 0.0746280406348488, 0.09464915701119661, 0.12744501843530764, 0.1602408798594187, 0.19303674128352977, 0.22583260270764083, 0.2586284641317519, 0.2750263948438074, 0.29142432555586295, 0.3078222562679185, 0.324220186979974, 0.34061811769202954, 0.3570160484040851, 0.38981190982819613, 0.4226077712523072, 0.45540363267641826, 0.4718015633884738, 0.4881994941005293, 0.5209953555246404, 0.5373932862366959, 0.5455922515927236, 0.5537912169487514, 0.5865870783728625, 0.6193829397969736, 0.6431715060596628, 0.6669600723223519, 0.690748638585041, 0.7145372048477301, 0.7383257711104192, 0.7621143373731084, 0.7859029036357976, 0.8096914698984867, 0.8334800361611758, 0.857268602423865, 0.8810571686865543, 0.8870043102522265, 0.8929514518178988, 0.9048457349492434, 0.9524228674746217]","{'network_used': False, 'parameterization': 'chord_length', 'reported_refit': 'unregularized standard B-spline least squares with exact endpoint interpolation', 'timing_scope': 'complete numerical method: chord parameterization, knot selection/relocation, and final endpoint-constrained refit', 'mse_tolerance': 5e-05, 'smoothness_weight': 0.0, 'control_ridge': 0.0, 'interpolate_endpoints': True, 'declared_max_internal_knots': 64, 'declared_paper_initial_knots': 64, 'reference_doi': '10.1088/1361-6501/aa6a05', 'variant': 'feature_integral_plus_iki_disclosed_adaptation', 'dense_internal_knot_count': 64, 'initial_internal_knot_count': 4, 'inserted_internal_knot_count': 38, 'curvature_weight': 0.5, 'feature_sample_count': 1025, 'scanned_counts': (4, 5, 6, 7, 8, 9, 10, 11, 12, 13, 14, 15, 16, 17, 18, 19, 20, 21, 22, 23, 24, 25, 26, 27, 28, 29, 30, 31, 32, 33, 34, 35, 36, 37, 38, 39, 40, 41, 42), 'scanned_mse': (0.00478919252850981, 0.00443818741415583, 0.00430465102354351, 0.0042695721597000415, 0.004263114611836822, 0.0041727300695712085, 0.003931700577377289, 0.0038438082842448835, 0.003336475430520534, 0.0032901322300657155, 0.0025523208095950523, 0.0023792906190350342, 0.0023240698184108727, 0.0018946664454408176, 0.0018833626379491872, 0.0017967643787836982, 0.001323701292092279, 0.0012015739261383577, 0.0008364569687138701, 0.0006457461302578535, 0.00042595983344233674, 0.0002951680713115954, 0.000250444006388517, 0.00022305200086232413, 0.00017910115539053297, 0.00010466650267412776, 0.0001046151050297592, 9.177484093810907e-05, 8.141789831125912e-05, 7.333697156385732e-05, 6.626314930553084e-05, 6.199621027964403e-05, 6.04104587155345e-05, 6.032915815458278e-05, 5.8086991667456884e-05, 5.657495908221498e-05, 5.5258745351094916e-05, 5.2561220253244984e-05, 4.839456195142802e-05), 'scanned_max_parameter_residual': (0.18258793807902193, 0.12588240656993793, 0.12439674800562507, 0.13130322709943365, 0.1318093180624517, 0.11322467506410344, 0.11487599569561263, 0.11622172314475548, 0.11521657934586915, 0.10808062507279019, 0.10272819992989896, 0.1145070296580137, 0.11212791400489755, 0.09248302564110912, 0.09685413989575334, 0.10590279391595674, 0.09350613463603799, 0.07383588902087568, 0.07153582030096049, 0.06020763821560804, 0.05368590393047806, 0.041340656056082316, 0.03741436229343843, 0.04807878552406674, 0.03434526208905501, 0.023378496007024713, 0.022814832659087243, 0.020517368268389336, 0.019938704480820822, 0.017967781187824845, 0.015270924296800959, 0.015204442912285968, 0.014856087419010391, 0.015166453827936976, 0.01585883655710539, 0.014182573587597655, 0.013806018846310036, 0.013847816960901474, 0.013130973412743115), 'exact_refit_count': 40, 'paper_native_objective': 'error-bounded feature-integral initialization plus iterative knot insertion', 'comparison_wrapper': 'explicit 0.5 arc/curvature feature blend by default, worst-residual span midpoint insertion, and common-MSE stopping', 'method_fidelity': ""Liang-inspired adaptation; the access-controlled article's exact feature equation and constants are not claimed"", 'threshold_satisfied': True, 'repeated_complete_timing': {'repeats': 1, 'samples_ms': [123.20779997389764], 'p50_ms': 123.20779997389764, 'mean_ms': 123.20779997389764}}",
Synthetic,seed20000_sample731,independent_731,18,18,dung_direct_knot_2017_adaptation,False,ok,4.770148235184915e-05,True,,,34,1516.13320002798,,"[0.08073558742853246, 0.08471414104936242, 0.12307692307692308, 0.12488286952301841, 0.1898874621597218, 0.22783550453625062, 0.26153846153846155, 0.2681565984568149, 0.2923076923076923, 0.319917872441651, 0.3230769230769231, 0.3384615384615385, 0.36923076923076925, 0.3862419103838788, 0.4307324061297759, 0.4534325219355274, 0.46153846153846156, 0.5044090808633303, 0.5076923076923077, 0.5643395988680882, 0.6, 0.6065248529670572, 0.6436832757186894, 0.6872447208462831, 0.7384615384615385, 0.7393031452901024, 0.7538461538461538, 0.7846153846153846, 0.7993213199135036, 0.8354663891730525, 0.8615384615384616, 0.8769230769230769, 0.916063139513843, 0.9538461538461538]","{'network_used': False, 'parameterization': 'chord_length', 'reported_refit': 'unregularized endpoint-constrained standard B-spline least squares', 'timing_scope': 'complete numerical method: chord parameterization, knot selection/relocation, and final endpoint-constrained refit', 'mse_tolerance': 5e-05, 'smoothness_weight': 0.0, 'control_ridge': 0.0, 'interpolate_endpoints': True, 'declared_max_internal_knots': 64, 'declared_paper_initial_knots': 64, 'paper': 'Dung and Tjahjowidodo, PLOS ONE 2017, doi:10.1371/journal.pone.0173857', 'variant': 'serial_bisection_simple_knot_adaptation', 'native_control_norm': 'maximum Euclidean point residual', 'native_max_error_tolerance': 0.007071067811865475, 'native_final_max_error': 0.1009568394729804, 'native_final_mse': 0.000579187605777729, 'common_final_max_error': 0.10109866050788635, 'common_final_mse': 0.0005801141539649202, 'all_local_segments_native_feasible': False, 'local_piecewise_feasible_global_common_refit_failed': False, 'native_global_max_error_threshold_satisfied': False, 'native_global_common_mse_threshold_satisfied': False, 'native_global_internal_knot_count': 19, 'common_final_metrics_scope': 'native adaptation before any optional comparison feasibility safeguard', 'segments': ((0, 7), (8, 15), (16, 24), (25, 34), (35, 45), (46, 55), (56, 65), (66, 74), (75, 84), (85, 91), (92, 101), (102, 114), (115, 124), (125, 134), (135, 145), (146, 157), (158, 167), (168, 178), (179, 184), (185, 191)), 'segment_max_errors': (0.005792077890972453, 0.00502274722259613, 0.004024240052079879, 0.006960457740357653, 0.006829449637484985, 0.0040776773305336725, 0.006980183791714678, 0.006890625748380201, 0.006898765740646607, 0.003851772444562026, 0.005501689058135882, 0.006913861972952332, 0.005335904534525928, 0.0049020629799842175, 0.004668731851757909, 0.005802682897149212, 0.004748680450547564, 0.006411691732992575, 0.003269134769125605, 0.015435491088808945), 'coarse_break_indices': (7, 15, 24, 34, 45, 55, 65, 74, 84, 91, 101, 114, 124, 134, 145, 157, 167, 178, 184), 'proposed_internal_knot_count': 19, 'retained_internal_knot_count': 19, 'scan_evaluations': 209, 'optimization_evaluations': 340, 'single_piece_evaluations': 177, 'exact_refit_count': 728, 'gauss_newton_fallback_count': 0, 'capacity_exceeded': False, 'capacity_handling': 'none', 'adaptation_limits': ('serial bisection only; parallel split/join/shift is not implemented', 'simple interior knots only; multiplicity and continuity classification are omitted', 'default native max-error epsilon is sqrt(mse_tolerance), which is a unit conversion rather than an equivalent constraint', 'capacity overflow is handled by deterministic uniform coarse-break subsampling before relocation', 'guarded float64 least squares and finite-difference Gauss-Newton replace MATLAB numerical edge behavior'), 'method_fidelity': 'serial simple-knot adaptation; parallel operations and knot multiplicity classification are not reproduced', 'threshold_satisfied_native_max_error': False, 'threshold_satisfied_common_max_error_before_safeguard': False, 'native_common_refit_mse': 0.0005801141539649202, 'native_common_refit_k': 19, 'native_common_refit_threshold_satisfied': False, 'comparison_method_capacity': 64, 'comparison_feasibility_safeguard_version': 'bounded_common_mse_v1', 'comparison_feasibility_safeguard_enabled': True, 'comparison_feasibility_safeguard_used': True, 'comparison_feasibility_safeguard_attempted': True, 'comparison_feasibility_safeguard_role': 'repository comparison wrapper; not part of the cited method', 'comparison_feasibility_native_mse': 0.0005801141539649202, 'comparison_feasibility_native_k': 19, 'comparison_feasibility_native_threshold_satisfied': False, 'comparison_feasibility_native_knots': (0.08073558742853246, 0.08471414104936242, 0.12488286952301841, 0.1898874621597218, 0.22783550453625062, 0.2681565984568149, 0.319917872441651, 0.3862419103838788, 0.4307324061297759, 0.4534325219355274, 0.5044090808633303, 0.5643395988680882, 0.6065248529670572, 0.6436832757186894, 0.6872447208462831, 0.7393031452901024, 0.7993213199135036, 0.8354663891730525, 0.916063139513843), 'comparison_feasibility_added_knots': (0.8769230769230769, 0.46153846153846156, 0.12307692307692308, 0.2923076923076923, 0.6, 0.9538461538461538, 0.7846153846153846, 0.8615384615384616, 0.5076923076923077, 0.3230769230769231, 0.7538461538461538, 0.7384615384615385, 0.26153846153846155, 0.3384615384615385, 0.36923076923076925), 'comparison_feasibility_added_knots_scope': 'residual-guided path; final_knots are authoritative after any uniform fallback', 'comparison_feasibility_refit_count': 45, 'comparison_feasibility_final_source': 'residual_guided_augmentation', 'comparison_feasibility_final_mse': 4.770148235184915e-05, 'comparison_feasibility_final_k': 34, 'comparison_feasibility_final_knots': (0.08073558742853246, 0.08471414104936242, 0.12307692307692308, 0.12488286952301841, 0.1898874621597218, 0.22783550453625062, 0.26153846153846155, 0.2681565984568149, 0.2923076923076923, 0.319917872441651, 0.3230769230769231, 0.3384615384615385, 0.36923076923076925, 0.3862419103838788, 0.4307324061297759, 0.4534325219355274, 0.46153846153846156, 0.5044090808633303, 0.5076923076923077, 0.5643395988680882, 0.6, 0.6065248529670572, 0.6436832757186894, 0.6872447208462831, 0.7384615384615385, 0.7393031452901024, 0.7538461538461538, 0.7846153846153846, 0.7993213199135036, 0.8354663891730525, 0.8615384615384616, 0.8769230769230769, 0.916063139513843, 0.9538461538461538), 'comparison_feasibility_threshold_satisfied': True, 'comparison_feasibility_status': 'repaired_feasible', 'comparison_feasibility_dense_capacity_mse': None, 'comparison_feasibility_dense_capacity_threshold_satisfied': None, 'comparison_feasibility_capacity': 64, 'comparison_method_label': 'threshold-safe adaptation', 'threshold_satisfied': True, 'repeated_complete_timing': {'repeats': 1, 'samples_ms': [1516.13320002798], 'p50_ms': 1516.13320002798, 'mean_ms': 1516.13320002798}}",
Synthetic,seed20000_sample731,independent_731,18,18,kang_sparse_2015_adaptation,False,ok,4.8631011527965034e-05,True,,,41,744.3187999888323,,"[0.04591346153846154, 0.06153846153846154, 0.07692307692307693, 0.09230769230769231, 0.13846153846153847, 0.15384615384615385, 0.2, 0.2153846153846154, 0.24615384615384617, 0.26153846153846155, 0.3076923076923077, 0.3230769230769231, 0.3384615384615385, 0.38461538461538464, 0.4, 0.4153846153846154, 0.4307692307692308, 0.46153846153846156, 0.47692307692307695, 0.49230769230769234, 0.523076923076923, 0.5538461538461539, 0.5846153846153845, 0.6, 0.6153846153846154, 0.6307692307692307, 0.6461538461538461, 0.6923076923076923, 0.7076923076923076, 0.7230769230769231, 0.7384615384615385, 0.7538461538461538, 0.7692307692307692, 0.7846153846153846, 0.8, 0.8461538461538461, 0.8615384615384616, 0.8769230769230769, 0.9076923076923077, 0.9230769230769231, 0.9384615384615385]","{'network_used': False, 'parameterization': 'chord_length', 'reported_refit': 'unregularized standard B-spline least squares with exact endpoint interpolation', 'timing_scope': 'complete numerical method: chord parameterization, knot selection/relocation, and final endpoint-constrained refit', 'mse_tolerance': 5e-05, 'smoothness_weight': 0.0, 'control_ridge': 0.0, 'interpolate_endpoints': True, 'declared_max_internal_knots': 64, 'declared_paper_initial_knots': 64, 'initial_internal_knot_count': 64, 'dense_initial_fit_mse': 1.7307678112847035e-05, 'dense_initial_threshold_satisfied': True, 'active_internal_knot_count': 3, 'cluster_sizes': (3,), 'active_cluster_count': 1, 'relocated_internal_knot_count': 1, 'relocated_unique_knot_count': 1, 'relocated_knot_multiplicities': (1,), 'active_to_relocated_compression_ratio': 0.3333333333333333, 'sparse_stage_mse': 1.7307678112847035e-05, 'sparse_stage_threshold_satisfied': True, 'native_sparse_feasible_final_common_refit_failed': True, 'sparse_and_final_mse_are_directly_comparable': False, 'sparse_iterations': 900, 'sparse_solver_seconds': 0.3285188000299968, 'relocation_seconds': 0.027223900018725544, 'non_paper_feasibility_repair_enabled': False, 'paper_feasibility_repair_used': False, 'paper_feasibility_repair_added_count': 0, 'local_refit_count': 14, 'method_note': ""Vector-valued group-L1 ADMM adaptation of Kang et al. (2015) equation (12), followed by Algorithms 4-5 only for clear short active clusters; long general-data runs retain their active knots because Algorithm 1 is not reproduced; not the paper's scalar CVX implementation."", 'relocation_method': ""Algorithms 4-5 adaptation: classify adjacent active uniform knots by spacing, retain each cluster's boundary pair, narrow it by exact least-squares comparisons, then apply the 2*E_double < E_single single/double-knot decision."", 'algorithm4_cluster_relocation_applied': True, 'absolute_jump_threshold': 1e-07, 'relative_jump_threshold': 0.001, 'effective_jump_threshold': 389047291.07837856, 'native_final_fit_mse_without_endpoint_constraint': 0.0046652288309817665, 'native_endpoint_constrained_mse': 0.005429784156776299, 'endpoint_constraint_fallback': 'disabled', 'native_common_refit_mse': 0.005429784156776299, 'native_common_refit_k': 1, 'native_common_refit_threshold_satisfied': False, 'comparison_method_capacity': 64, 'comparison_feasibility_safeguard_version': 'bounded_common_mse_v1', 'comparison_feasibility_safeguard_enabled': True, 'comparison_feasibility_safeguard_used': True, 'comparison_feasibility_safeguard_attempted': True, 'comparison_feasibility_safeguard_role': 'repository comparison wrapper; not part of the cited method', 'comparison_feasibility_native_mse': 0.005429784156776299, 'comparison_feasibility_native_k': 1, 'comparison_feasibility_native_threshold_satisfied': False, 'comparison_feasibility_native_knots': (0.04591346153846154,), 'comparison_feasibility_added_knots': (0.9076923076923077, 0.3076923076923077, 0.3230769230769231, 0.3384615384615385, 0.4, 0.7538461538461538, 0.5538461538461539, 0.7230769230769231, 0.7692307692307692, 0.523076923076923, 0.24615384615384617, 0.2, 0.8615384615384616, 0.47692307692307695, 0.6, 0.8769230769230769, 0.6307692307692307, 0.15384615384615385, 0.07692307692307693, 0.26153846153846155, 0.4153846153846154, 0.7076923076923076, 0.06153846153846154, 0.5846153846153845, 0.2153846153846154, 0.7846153846153846, 0.8461538461538461, 0.6153846153846154, 0.49230769230769234, 0.13846153846153847, 0.09230769230769231, 0.7384615384615385, 0.6923076923076923, 0.6461538461538461, 0.38461538461538464, 0.4307692307692308, 0.46153846153846156, 0.8, 0.9230769230769231, 0.9384615384615385), 'comparison_feasibility_added_knots_scope': 'residual-guided path; final_knots are authoritative after any uniform fallback', 'comparison_feasibility_refit_count': 120, 'comparison_feasibility_final_source': 'residual_guided_augmentation', 'comparison_feasibility_final_mse': 4.8631011527965034e-05, 'comparison_feasibility_final_k': 41, 'comparison_feasibility_final_knots': (0.04591346153846154, 0.06153846153846154, 0.07692307692307693, 0.09230769230769231, 0.13846153846153847, 0.15384615384615385, 0.2, 0.2153846153846154, 0.24615384615384617, 0.26153846153846155, 0.3076923076923077, 0.3230769230769231, 0.3384615384615385, 0.38461538461538464, 0.4, 0.4153846153846154, 0.4307692307692308, 0.46153846153846156, 0.47692307692307695, 0.49230769230769234, 0.523076923076923, 0.5538461538461539, 0.5846153846153845, 0.6, 0.6153846153846154, 0.6307692307692307, 0.6461538461538461, 0.6923076923076923, 0.7076923076923076, 0.7230769230769231, 0.7384615384615385, 0.7538461538461538, 0.7692307692307692, 0.7846153846153846, 0.8, 0.8461538461538461, 0.8615384615384616, 0.8769230769230769, 0.9076923076923077, 0.9230769230769231, 0.9384615384615385), 'comparison_feasibility_threshold_satisfied': True, 'comparison_feasibility_status': 'repaired_feasible', 'comparison_feasibility_dense_capacity_mse': None, 'comparison_feasibility_dense_capacity_threshold_satisfied': None, 'comparison_feasibility_capacity': 64, 'comparison_method_label': 'threshold-safe adaptation', 'threshold_satisfied': True, 'repeated_complete_timing': {'repeats': 1, 'samples_ms': [744.3187999888323], 'p50_ms': 744.3187999888323, 'mean_ms': 744.3187999888323}}",
Synthetic,seed20000_sample731,independent_731,18,18,luo_linf_de_2022_adaptation,False,ok,4.994067718985297e-05,True,,,38,2297.539599996526,,"[0.046153846153846156, 0.06153846153846154, 0.09854819678753138, 0.1076923076923077, 0.13846153846153847, 0.16923076923076924, 0.18400533497167004, 0.2, 0.23076923076923078, 0.26153846153846155, 0.2923076923076923, 0.3231897857389922, 0.36165222808547315, 0.36923076923076925, 0.38461538461538464, 0.4153846153846154, 0.4461538461538462, 0.46153846153846156, 0.49230769230769234, 0.5076923076923077, 0.523076923076923, 0.5538461538461539, 0.5692307692307692, 0.6, 0.6008567354916556, 0.6153846153846154, 0.6307692307692307, 0.6461538461538461, 0.6923076923076923, 0.7076923076923076, 0.7384615384615385, 0.7392515904505566, 0.7538461538461538, 0.8, 0.8461538461538461, 0.8615384615384616, 0.9384615384615385, 0.99999]","{'network_used': False, 'parameterization': 'chord_length', 'reported_refit': 'unregularized standard B-spline least squares with exact endpoint interpolation', 'timing_scope': 'complete numerical method: chord parameterization, knot selection/relocation, and final endpoint-constrained refit', 'mse_tolerance': 5e-05, 'smoothness_weight': 0.0, 'control_ridge': 0.0, 'interpolate_endpoints': True, 'declared_max_internal_knots': 64, 'declared_paper_initial_knots': 64, 'reference_doi': '10.4208/jcm.2012-m2020-0203', 'variant': 'linf1_jump_sparsity_plus_differential_evolution', 'initial_internal_knot_count': 64, 'dense_initial_fit_mse': 1.7307678112847035e-05, 'dense_initial_threshold_satisfied': True, 'selected_regularization': 5.0870903037673125e-08, 'sparse_stage_mse': 4.9988616947725596e-05, 'sparse_stage_threshold_satisfied': True, 'jump_local_maximum_eta': 0.5, 'candidate_internal_knot_count': 7, 'initial_to_candidate_compression_ratio': 0.109375, 'candidate_refit_mse_before_de': 0.00434911386011995, 'candidate_refit_threshold_satisfied_before_de': False, 'candidate_selection_lost_sparse_feasibility': True, 'de_population': 10, 'de_iterations': 10, 'de_evaluations': 110, 'de_initial_max_error': 0.13133972039897496, 'de_final_max_error': 0.10987250336229476, 'de_restored_common_mse_feasibility': False, 'paper_native_objective': 'nonsquared Frobenius data term plus l-infinity,1 derivative-jump penalty; DE minimizes maximum Euclidean error', 'comparison_wrapper': 'regularization is selected against the common MSE budget and the final fit uses the common endpoint-constrained refit', 'method_fidelity': 'defining mixed-norm, local-maximum selection, and DE stages are reproduced; hyperparameter selection is adapted', 'native_common_refit_mse': 0.004163038712991879, 'native_common_refit_k': 7, 'native_common_refit_threshold_satisfied': False, 'comparison_method_capacity': 64, 'comparison_feasibility_safeguard_version': 'bounded_common_mse_v1', 'comparison_feasibility_safeguard_enabled': True, 'comparison_feasibility_safeguard_used': True, 'comparison_feasibility_safeguard_attempted': True, 'comparison_feasibility_safeguard_role': 'repository comparison wrapper; not part of the cited method', 'comparison_feasibility_native_mse': 0.004163038712991879, 'comparison_feasibility_native_k': 7, 'comparison_feasibility_native_threshold_satisfied': False, 'comparison_feasibility_native_knots': (0.09854819678753138, 0.18400533497167004, 0.3231897857389922, 0.36165222808547315, 0.6008567354916556, 0.7392515904505566, 0.99999), 'comparison_feasibility_added_knots': (0.7538461538461538, 0.5538461538461539, 0.7384615384615385, 0.2923076923076923, 0.6, 0.6153846153846154, 0.2, 0.8615384615384616, 0.8461538461538461, 0.16923076923076924, 0.4153846153846154, 0.4461538461538462, 0.49230769230769234, 0.046153846153846156, 0.46153846153846156, 0.8, 0.9384615384615385, 0.7076923076923076, 0.23076923076923078, 0.13846153846153847, 0.6307692307692307, 0.26153846153846155, 0.06153846153846154, 0.523076923076923, 0.36923076923076925, 0.6923076923076923, 0.38461538461538464, 0.6461538461538461, 0.1076923076923077, 0.5692307692307692, 0.5076923076923077), 'comparison_feasibility_added_knots_scope': 'residual-guided path; final_knots are authoritative after any uniform fallback', 'comparison_feasibility_refit_count': 93, 'comparison_feasibility_final_source': 'residual_guided_augmentation', 'comparison_feasibility_final_mse': 4.994067718985297e-05, 'comparison_feasibility_final_k': 38, 'comparison_feasibility_final_knots': (0.046153846153846156, 0.06153846153846154, 0.09854819678753138, 0.1076923076923077, 0.13846153846153847, 0.16923076923076924, 0.18400533497167004, 0.2, 0.23076923076923078, 0.26153846153846155, 0.2923076923076923, 0.3231897857389922, 0.36165222808547315, 0.36923076923076925, 0.38461538461538464, 0.4153846153846154, 0.4461538461538462, 0.46153846153846156, 0.49230769230769234, 0.5076923076923077, 0.523076923076923, 0.5538461538461539, 0.5692307692307692, 0.6, 0.6008567354916556, 0.6153846153846154, 0.6307692307692307, 0.6461538461538461, 0.6923076923076923, 0.7076923076923076, 0.7384615384615385, 0.7392515904505566, 0.7538461538461538, 0.8, 0.8461538461538461, 0.8615384615384616, 0.9384615384615385, 0.99999), 'comparison_feasibility_threshold_satisfied': True, 'comparison_feasibility_status': 'repaired_feasible', 'comparison_feasibility_dense_capacity_mse': None, 'comparison_feasibility_dense_capacity_threshold_satisfied': None, 'comparison_feasibility_capacity': 64, 'comparison_method_label': 'threshold-safe adaptation', 'threshold_satisfied': True, 'repeated_complete_timing': {'repeats': 1, 'samples_ms': [2297.539599996526], 'p50_ms': 2297.539599996526, 'mean_ms': 2297.539599996526}}",
Synthetic,seed20000_sample937,independent_937,19,19,ours,False,ok,1.3879608739235506e-05,True,,,39,18.7405,12.0626,"[0.04239913821220398, 0.07739724218845367, 0.0987435057759285, 0.12187469005584717, 0.13594621419906616, 0.16381694376468658, 0.19121286273002625, 0.20367348194122314, 0.23160499334335327, 0.2641664445400238, 0.31390514969825745, 0.32819226384162903, 0.3690084218978882, 0.3691084086894989, 0.40193796157836914, 0.4232725203037262, 0.440216988325119, 0.479481041431427, 0.48484739661216736, 0.5329077243804932, 0.5516146421432495, 0.566808819770813, 0.6056525707244873, 0.6224614381790161, 0.6443868279457092, 0.6772949695587158, 0.6868412494659424, 0.7118824124336243, 0.7310407161712646, 0.7551982402801514, 0.7789798378944397, 0.7961373329162598, 0.8263493776321411, 0.8436191082000732, 0.869526743888855, 0.8837592005729675, 0.9081242680549622, 0.928673267364502, 0.9463621377944946]","{'network_latency': {'p50_ms': 12.0626, 'median_ms': 12.0626, 'mean_ms': 12.0626, 'p95_ms': 12.0626, 'minimum_ms': 12.0626, 'maximum_ms': 12.0626, 'repeat_ms': [12.0626]}, 'end_to_end_latency': {'p50_ms': 18.7405, 'median_ms': 18.7405, 'mean_ms': 18.7405, 'p95_ms': 18.7405, 'minimum_ms': 18.7405, 'maximum_ms': 18.7405, 'repeat_ms': [18.7405]}, 'postprocessing': 'none', 'tolerance_conditioned_network': True, 'network_mse_tolerance': 5e-05}",
Synthetic,seed20000_sample937,independent_937,19,19,park_dominant_point_2007_adaptation,False,ok,4.854316961456875e-05,True,,,44,179.09380001947284,,"[0.07722505612293203, 0.09708418259399952, 0.11488767469224496, 0.13358826183354483, 0.15945599072000397, 0.1920785384736222, 0.23348243503813593, 0.2691074032415354, 0.30199898971979366, 0.3264282377075591, 0.34300727292226424, 0.35014787299185884, 0.359171588502299, 0.37035605942441346, 0.38119733299534814, 0.3876132880805024, 0.39691856926141256, 0.4067736194046439, 0.42611451344510015, 0.44202437009898704, 0.4587661897989758, 0.46687423628148, 0.48569950422490926, 0.5027902147575126, 0.5229547435416307, 0.5328989454842045, 0.5435036084858385, 0.5497895044391603, 0.5666042006551661, 0.5828900719127638, 0.6079930367673883, 0.6215748481124572, 0.6476685675505518, 0.6768622445644344, 0.7066795139749464, 0.7369771765253743, 0.758758757485931, 0.7885802672720642, 0.8056513254807408, 0.8290157599482857, 0.8444166416932187, 0.8643489312050298, 0.8868088737357466, 0.9120022063440208]","{'network_used': False, 'parameterization': 'chord_length', 'reported_refit': 'unregularized standard B-spline least squares with exact endpoint interpolation', 'timing_scope': 'complete numerical method: chord parameterization, knot selection/relocation, and final endpoint-constrained refit', 'mse_tolerance': 5e-05, 'smoothness_weight': 0.0, 'control_ridge': 0.0, 'interpolate_endpoints': True, 'declared_max_internal_knots': 64, 'declared_paper_initial_knots': 64, 'method': 'park_lee_dom_2007_adaptation', 'reference_doi': '10.1016/j.cad.2006.12.006', 'knot_placement': 'Park-Lee Eq. (4): each interior knot averages degree consecutive dominant-point parameters', 'lcm_lower_bound': 5.154405962335435, 'lcm_seed_count': 42, 'shape_weight_r': 0.8, 'shape_index': 'r*K_s,e/K_0,m + (1-r)*L_s,e/L_0,m', 'curvature_integral': 'trapezoidal in chord parameter', 'curvature_source': 'generalized local Menger curvature; no optional smoothed base curve', 'refinement_region': 'segment containing largest sampled parameter-correspondence residual', 'refinement_point': 'argmin_w |lambda_s,w - lambda_w,e|', 'stopping_metric': 'mean squared Euclidean parameter-correspondence error', 'distance_metric_deviation': ""comparison adaptation stops on common MSE; it does not reproduce the paper's maximum-distance or iterative orthogonal-distance criterion"", 'seed_completion_deviation': 'shape-index splits complete degree+1 dominant points when too few LCM seeds exist', 'effective_max_internal_knots': 64, 'requested_max_internal_knots': 64, 'selected_sources': ('endpoint', 'endpoint', 'lcm_seed', 'lcm_seed', 'lcm_seed', 'lcm_seed', 'lcm_seed', 'lcm_seed', 'lcm_seed', 'lcm_seed', 'lcm_seed', 'lcm_seed', 'lcm_seed', 'lcm_seed', 'lcm_seed', 'lcm_seed', 'lcm_seed', 'lcm_seed', 'lcm_seed', 'lcm_seed', 'lcm_seed', 'lcm_seed', 'lcm_seed', 'lcm_seed', 'lcm_seed', 'lcm_seed', 'lcm_seed', 'lcm_seed', 'lcm_seed', 'lcm_seed', 'lcm_seed', 'lcm_seed', 'lcm_seed', 'lcm_seed', 'lcm_seed', 'lcm_seed', 'lcm_seed', 'lcm_seed', 'lcm_seed', 'lcm_seed', 'lcm_seed', 'lcm_seed', 'lcm_seed', 'lcm_seed', 'adaptive_shape_split', 'adaptive_shape_split', 'adaptive_shape_split', 'adaptive_shape_split'), 'boundary_knot_clamp_count': 0, 'threshold_satisfied': True, 'scanned_counts': (0, 1, 2, 3, 4, 5, 6, 7, 8, 9, 10, 11, 12, 13, 14, 15, 16, 17, 18, 19, 20, 21, 22, 23, 24, 25, 26, 27, 28, 29, 30, 31, 32, 33, 34, 35, 36, 37, 38, 39, 40, 41, 42, 43, 44), 'scanned_mse': (0.015169789722215443, 0.005276234500163267, 0.005016180414563383, 0.004823375458881587, 0.004789516783809175, 0.004210383351699195, 0.0041001136411727, 0.0038106271855656766, 0.0035559019895923874, 0.0034624859380759133, 0.003167008313069567, 0.0031776589991682415, 0.003056486327971626, 0.002644031989662237, 0.001678067822003218, 0.0015021423807320105, 0.0015008164510630989, 0.001489981339677213, 0.0014737965654132272, 0.0006730521619825553, 0.0005204272919430301, 0.0004141501120958147, 0.0004190334560185037, 0.0004170662875737372, 0.0004139041436423756, 0.0004179930230904174, 0.00041679411228686043, 0.0004117597598514232, 0.0004046696154398366, 0.0003009450156016877, 0.0002971557486246734, 0.00029599932417690545, 0.0002933987910763746, 0.00029239569699789737, 0.0002915607373550958, 0.00025499327929396986, 0.0002553436364843783, 0.000254320865649194, 0.0002514374200920974, 0.0002482724064094284, 0.000247254078553348, 0.00017362052126664374, 6.775140306235459e-05, 5.692994205007208e-05, 4.854316961456875e-05), 'scanned_max_parameter_residual': (0.2872385573867542, 0.1813541694619033, 0.1966419418932221, 0.18135274623673447, 0.17401038922249262, 0.16876609735975345, 0.16833906576602448, 0.1415833559263801, 0.11836839176879646, 0.11839890649321687, 0.11828238901948891, 0.12247389959986096, 0.11263114104222098, 0.11267755901190876, 0.111825489665142, 0.11395831113692481, 0.11409489790951106, 0.11591283251385118, 0.11572643233847472, 0.0810254397045173, 0.08102556763992337, 0.10105720622357643, 0.10110287757511409, 0.10110294221993281, 0.10108738065898654, 0.10107218708110818, 0.10108079742381582, 0.09220347805779593, 0.09227318476645796, 0.06542775662917616, 0.06539999488992572, 0.06536809057978815, 0.0653681528532925, 0.06536528850789819, 0.06536577924710359, 0.04873488139800888, 0.04890663503020822, 0.0489075624239644, 0.04890851375213421, 0.04890851372089857, 0.04853158312005402, 0.046521703658619885, 0.03458382448438901, 0.023048685766673998, 0.023048685766701653), 'exact_refit_count': 45, 'method_fidelity': 'core DOM equations with a common-MSE stopping wrapper', 'repeated_complete_timing': {'repeats': 1, 'samples_ms': [179.09380001947284], 'p50_ms': 179.09380001947284, 'mean_ms': 179.09380001947284}}",
Synthetic,seed20000_sample937,independent_937,19,19,liang_feature_iki_2017_adaptation,False,ok,4.3797635831692426e-05,True,,,42,133.62499995855615,,"[0.01218665286434326, 0.027533419157405564, 0.04909026430481811, 0.07064710945223066, 0.0922039545996432, 0.11376079974705575, 0.14598511307327605, 0.1620972697363862, 0.17015334806794125, 0.17820942639949633, 0.24265805305193694, 0.25877020971504705, 0.2748823663781572, 0.2909945230412674, 0.30710667970437755, 0.3232188363674877, 0.3393309930305979, 0.35544314969370805, 0.37155530635681816, 0.38766746301992827, 0.40377961968303844, 0.43600393300925877, 0.46822824633547905, 0.5004525596616993, 0.5165647163248095, 0.5326768729879197, 0.56490118631414, 0.5729572646456951, 0.5810133429772502, 0.5971254996403603, 0.6293498129665805, 0.6756810863457581, 0.7220123597249355, 0.7451779964145242, 0.7683436331041129, 0.8146749064832903, 0.8610061798624677, 0.8725889982072621, 0.8841718165520565, 0.8957546348968508, 0.9073374532416452, 0.9536687266208226]","{'network_used': False, 'parameterization': 'chord_length', 'reported_refit': 'unregularized standard B-spline least squares with exact endpoint interpolation', 'timing_scope': 'complete numerical method: chord parameterization, knot selection/relocation, and final endpoint-constrained refit', 'mse_tolerance': 5e-05, 'smoothness_weight': 0.0, 'control_ridge': 0.0, 'interpolate_endpoints': True, 'declared_max_internal_knots': 64, 'declared_paper_initial_knots': 64, 'reference_doi': '10.1088/1361-6501/aa6a05', 'variant': 'feature_integral_plus_iki_disclosed_adaptation', 'dense_internal_knot_count': 64, 'initial_internal_knot_count': 4, 'inserted_internal_knot_count': 38, 'curvature_weight': 0.5, 'feature_sample_count': 1025, 'scanned_counts': (4, 5, 6, 7, 8, 9, 10, 11, 12, 13, 14, 15, 16, 17, 18, 19, 20, 21, 22, 23, 24, 25, 26, 27, 28, 29, 30, 31, 32, 33, 34, 35, 36, 37, 38, 39, 40, 41, 42), 'scanned_mse': (0.004478864572896215, 0.004126362568166783, 0.0037703742221823345, 0.003752829191753973, 0.003746359776201098, 0.003559469191789086, 0.003274367970527089, 0.003118180967717553, 0.003062747691249816, 0.0028803410176664684, 0.0028216719630049787, 0.002820955142979323, 0.0027850837866873336, 0.0023178516977453846, 0.002262347406139109, 0.0017490940546656339, 0.0014265317558949612, 0.0014063912049634695, 0.001354249696300263, 0.0010524193684519941, 0.0009522669676284191, 0.0008605228188097756, 0.0005812495377021115, 0.0004987107904082484, 0.0004938644155148665, 0.0002479818895753009, 0.0001579442731579005, 0.00013650752328703636, 0.00011933519991312542, 0.00010992857699215361, 9.746203188959862e-05, 9.172608063931887e-05, 7.60250998787186e-05, 7.309898292641216e-05, 6.804211176912268e-05, 5.857081564798407e-05, 5.722895626318139e-05, 5.015544904305073e-05, 4.3797635831692426e-05), 'scanned_max_parameter_residual': (0.17692356020496963, 0.1354405471372432, 0.12750338063831, 0.12693167475286649, 0.12758564861244986, 0.10749080196510709, 0.10539914122171955, 0.10965954607780302, 0.10686721129027407, 0.09851620020058915, 0.09936173606671668, 0.09943766874460037, 0.09158247668141732, 0.08884052013319808, 0.09049638258143597, 0.09766612732590879, 0.07483733177871839, 0.07590937547559924, 0.07724150013952046, 0.06988214276736616, 0.06435659069489202, 0.06166084222072546, 0.05956126011463826, 0.05312036957997127, 0.05821141149643643, 0.03468907676702703, 0.033942060825410465, 0.031842912514233684, 0.02821009826896612, 0.027340053704212365, 0.022847722824946577, 0.02207110677954856, 0.02175076850153592, 0.020741057229377906, 0.01933806337786969, 0.017807209903592025, 0.017404430040996698, 0.015394713328694888, 0.015041936507827324), 'exact_refit_count': 40, 'paper_native_objective': 'error-bounded feature-integral initialization plus iterative knot insertion', 'comparison_wrapper': 'explicit 0.5 arc/curvature feature blend by default, worst-residual span midpoint insertion, and common-MSE stopping', 'method_fidelity': ""Liang-inspired adaptation; the access-controlled article's exact feature equation and constants are not claimed"", 'threshold_satisfied': True, 'repeated_complete_timing': {'repeats': 1, 'samples_ms': [133.62499995855615], 'p50_ms': 133.62499995855615, 'mean_ms': 133.62499995855615}}",
Synthetic,seed20000_sample937,independent_937,19,19,dung_direct_knot_2017_adaptation,False,ok,4.785063099181486e-05,True,,,31,1372.1770000411198,,"[0.06153846153846154, 0.10070006338057799, 0.1076923076923077, 0.14328092448815372, 0.14576421071308746, 0.18962455406079465, 0.23076923076923078, 0.25685831496111844, 0.28442164812382514, 0.2948806106602397, 0.3485653846046936, 0.3825349706004692, 0.4307692307692308, 0.4349717917871315, 0.4435051601913789, 0.4648697913605064, 0.5126460942948989, 0.5487356721112527, 0.5990074258144072, 0.6, 0.6295100444737104, 0.6621246378113557, 0.676923076923077, 0.723167519386523, 0.76794577392281, 0.810673974430137, 0.8482514236925379, 0.8615384615384616, 0.8660285000663666, 0.9384615384615385, 0.9538461538461538]","{'network_used': False, 'parameterization': 'chord_length', 'reported_refit': 'unregularized endpoint-constrained standard B-spline least squares', 'timing_scope': 'complete numerical method: chord parameterization, knot selection/relocation, and final endpoint-constrained refit', 'mse_tolerance': 5e-05, 'smoothness_weight': 0.0, 'control_ridge': 0.0, 'interpolate_endpoints': True, 'declared_max_internal_knots': 64, 'declared_paper_initial_knots': 64, 'paper': 'Dung and Tjahjowidodo, PLOS ONE 2017, doi:10.1371/journal.pone.0173857', 'variant': 'serial_bisection_simple_knot_adaptation', 'native_control_norm': 'maximum Euclidean point residual', 'native_max_error_tolerance': 0.007071067811865475, 'native_final_max_error': 0.07940100002668758, 'native_final_mse': 0.0008268166325703352, 'common_final_max_error': 0.0794216338029142, 'common_final_mse': 0.0008270796745902411, 'all_local_segments_native_feasible': False, 'local_piecewise_feasible_global_common_refit_failed': False, 'native_global_max_error_threshold_satisfied': False, 'native_global_common_mse_threshold_satisfied': False, 'native_global_internal_knot_count': 19, 'common_final_metrics_scope': 'native adaptation before any optional comparison feasibility safeguard', 'segments': ((0, 7), (8, 17), (18, 26), (27, 35), (36, 42), (43, 49), (50, 59), (60, 74), (75, 84), (85, 96), (97, 107), (108, 117), (118, 127), (128, 136), (137, 142), (143, 148), (149, 156), (157, 167), (168, 177), (178, 191)), 'segment_max_errors': (0.006085160540228413, 0.006384147410329801, 0.00693593873960572, 0.006605957806735905, 0.006334679692174971, 0.006437455429758194, 0.006013392940735405, 0.006707725965871267, 0.006412979040072254, 0.005878852068333275, 0.0056674010663649264, 0.004535504191720586, 0.005938896400471156, 0.005507962224540774, 0.004585815884234297, 0.0008340903105388168, 0.005555637460179656, 0.006525206617501287, 0.004990480183928908, 0.054050580930119246), 'coarse_break_indices': (7, 17, 26, 35, 42, 49, 59, 74, 84, 96, 107, 117, 127, 136, 142, 148, 156, 167, 177), 'proposed_internal_knot_count': 19, 'retained_internal_knot_count': 19, 'scan_evaluations': 209, 'optimization_evaluations': 251, 'single_piece_evaluations': 180, 'exact_refit_count': 642, 'gauss_newton_fallback_count': 0, 'capacity_exceeded': False, 'capacity_handling': 'none', 'adaptation_limits': ('serial bisection only; parallel split/join/shift is not implemented', 'simple interior knots only; multiplicity and continuity classification are omitted', 'default native max-error epsilon is sqrt(mse_tolerance), which is a unit conversion rather than an equivalent constraint', 'capacity overflow is handled by deterministic uniform coarse-break subsampling before relocation', 'guarded float64 least squares and finite-difference Gauss-Newton replace MATLAB numerical edge behavior'), 'method_fidelity': 'serial simple-knot adaptation; parallel operations and knot multiplicity classification are not reproduced', 'threshold_satisfied_native_max_error': False, 'threshold_satisfied_common_max_error_before_safeguard': False, 'native_common_refit_mse': 0.0008270796745902411, 'native_common_refit_k': 19, 'native_common_refit_threshold_satisfied': False, 'comparison_method_capacity': 64, 'comparison_feasibility_safeguard_version': 'bounded_common_mse_v1', 'comparison_feasibility_safeguard_enabled': True, 'comparison_feasibility_safeguard_used': True, 'comparison_feasibility_safeguard_attempted': True, 'comparison_feasibility_safeguard_role': 'repository comparison wrapper; not part of the cited method', 'comparison_feasibility_native_mse': 0.0008270796745902411, 'comparison_feasibility_native_k': 19, 'comparison_feasibility_native_threshold_satisfied': False, 'comparison_feasibility_native_knots': (0.10070006338057799, 0.14328092448815372, 0.14576421071308746, 0.18962455406079465, 0.28442164812382514, 0.2948806106602397, 0.3485653846046936, 0.3825349706004692, 0.4435051601913789, 0.4648697913605064, 0.5126460942948989, 0.5487356721112527, 0.5990074258144072, 0.6295100444737104, 0.6621246378113557, 0.723167519386523, 0.76794577392281, 0.810673974430137, 0.8482514236925379), 'comparison_feasibility_added_knots': (0.25685831496111844, 0.8660285000663666, 0.9538461538461538, 0.23076923076923078, 0.4307692307692308, 0.9384615384615385, 0.676923076923077, 0.1076923076923077, 0.4349717917871315, 0.8615384615384616, 0.06153846153846154, 0.6), 'comparison_feasibility_added_knots_scope': 'residual-guided path; final_knots are authoritative after any uniform fallback', 'comparison_feasibility_refit_count': 36, 'comparison_feasibility_final_source': 'residual_guided_augmentation', 'comparison_feasibility_final_mse': 4.785063099181486e-05, 'comparison_feasibility_final_k': 31, 'comparison_feasibility_final_knots': (0.06153846153846154, 0.10070006338057799, 0.1076923076923077, 0.14328092448815372, 0.14576421071308746, 0.18962455406079465, 0.23076923076923078, 0.25685831496111844, 0.28442164812382514, 0.2948806106602397, 0.3485653846046936, 0.3825349706004692, 0.4307692307692308, 0.4349717917871315, 0.4435051601913789, 0.4648697913605064, 0.5126460942948989, 0.5487356721112527, 0.5990074258144072, 0.6, 0.6295100444737104, 0.6621246378113557, 0.676923076923077, 0.723167519386523, 0.76794577392281, 0.810673974430137, 0.8482514236925379, 0.8615384615384616, 0.8660285000663666, 0.9384615384615385, 0.9538461538461538), 'comparison_feasibility_threshold_satisfied': True, 'comparison_feasibility_status': 'repaired_feasible', 'comparison_feasibility_dense_capacity_mse': None, 'comparison_feasibility_dense_capacity_threshold_satisfied': None, 'comparison_feasibility_capacity': 64, 'comparison_method_label': 'threshold-safe adaptation', 'threshold_satisfied': True, 'repeated_complete_timing': {'repeats': 1, 'samples_ms': [1372.1770000411198], 'p50_ms': 1372.1770000411198, 'mean_ms': 1372.1770000411198}}",
Synthetic,seed20000_sample937,independent_937,19,19,kang_sparse_2015_adaptation,False,ok,4.8564353106059906e-05,True,,,42,849.096100020688,,"[0.046153846153846156, 0.06135817307692308, 0.07692307692307693, 0.09230769230769231, 0.1076923076923077, 0.15384615384615385, 0.18461538461538463, 0.2153846153846154, 0.23076923076923078, 0.24615384615384617, 0.26153846153846155, 0.3076923076923077, 0.3230769230769231, 0.3384615384615385, 0.35384615384615387, 0.38461538461538464, 0.4153846153846154, 0.4307692307692308, 0.4461538461538462, 0.46153846153846156, 0.49230769230769234, 0.5076923076923077, 0.5384615384615384, 0.5538461538461539, 0.6, 0.6153846153846154, 0.6307692307692307, 0.6461538461538461, 0.6615384615384615, 0.6923076923076923, 0.7076923076923076, 0.7384615384615385, 0.7538461538461538, 0.7846153846153846, 0.8, 0.8153846153846154, 0.8461538461538461, 0.8769230769230769, 0.8923076923076922, 0.9076923076923077, 0.9230769230769231, 0.9538461538461538]","{'network_used': False, 'parameterization': 'chord_length', 'reported_refit': 'unregularized standard B-spline least squares with exact endpoint interpolation', 'timing_scope': 'complete numerical method: chord parameterization, knot selection/relocation, and final endpoint-constrained refit', 'mse_tolerance': 5e-05, 'smoothness_weight': 0.0, 'control_ridge': 0.0, 'interpolate_endpoints': True, 'declared_max_internal_knots': 64, 'declared_paper_initial_knots': 64, 'initial_internal_knot_count': 64, 'dense_initial_fit_mse': 2.272587785932559e-05, 'dense_initial_threshold_satisfied': True, 'active_internal_knot_count': 4, 'cluster_sizes': (4,), 'active_cluster_count': 1, 'relocated_internal_knot_count': 1, 'relocated_unique_knot_count': 1, 'relocated_knot_multiplicities': (1,), 'active_to_relocated_compression_ratio': 0.25, 'sparse_stage_mse': 2.272587785932559e-05, 'sparse_stage_threshold_satisfied': True, 'native_sparse_feasible_final_common_refit_failed': True, 'sparse_and_final_mse_are_directly_comparable': False, 'sparse_iterations': 900, 'sparse_solver_seconds': 0.4054418999585323, 'relocation_seconds': 0.03456120000919327, 'non_paper_feasibility_repair_enabled': False, 'paper_feasibility_repair_used': False, 'paper_feasibility_repair_added_count': 0, 'local_refit_count': 16, 'method_note': ""Vector-valued group-L1 ADMM adaptation of Kang et al. (2015) equation (12), followed by Algorithms 4-5 only for clear short active clusters; long general-data runs retain their active knots because Algorithm 1 is not reproduced; not the paper's scalar CVX implementation."", 'relocation_method': ""Algorithms 4-5 adaptation: classify adjacent active uniform knots by spacing, retain each cluster's boundary pair, narrow it by exact least-squares comparisons, then apply the 2*E_double < E_single single/double-knot decision."", 'algorithm4_cluster_relocation_applied': True, 'absolute_jump_threshold': 1e-07, 'relative_jump_threshold': 0.001, 'effective_jump_threshold': 3493457.7486362914, 'native_final_fit_mse_without_endpoint_constraint': 0.004749612164168732, 'native_endpoint_constrained_mse': 0.006141911914293548, 'endpoint_constraint_fallback': 'disabled', 'native_common_refit_mse': 0.006141911914293548, 'native_common_refit_k': 1, 'native_common_refit_threshold_satisfied': False, 'comparison_method_capacity': 64, 'comparison_feasibility_safeguard_version': 'bounded_common_mse_v1', 'comparison_feasibility_safeguard_enabled': True, 'comparison_feasibility_safeguard_used': True, 'comparison_feasibility_safeguard_attempted': True, 'comparison_feasibility_safeguard_role': 'repository comparison wrapper; not part of the cited method', 'comparison_feasibility_native_mse': 0.006141911914293548, 'comparison_feasibility_native_k': 1, 'comparison_feasibility_native_threshold_satisfied': False, 'comparison_feasibility_native_knots': (0.06135817307692308,), 'comparison_feasibility_added_knots': (0.046153846153846156, 0.9076923076923077, 0.07692307692307693, 0.2153846153846154, 0.3076923076923077, 0.3230769230769231, 0.6923076923076923, 0.26153846153846155, 0.4461538461538462, 0.9538461538461538, 0.7076923076923076, 0.7538461538461538, 0.49230769230769234, 0.5384615384615384, 0.4307692307692308, 0.38461538461538464, 0.6461538461538461, 0.6153846153846154, 0.8, 0.15384615384615385, 0.24615384615384617, 0.8461538461538461, 0.09230769230769231, 0.23076923076923078, 0.9230769230769231, 0.5076923076923077, 0.7384615384615385, 0.6615384615384615, 0.1076923076923077, 0.3384615384615385, 0.18461538461538463, 0.7846153846153846, 0.8923076923076922, 0.8153846153846154, 0.6307692307692307, 0.4153846153846154, 0.5538461538461539, 0.6, 0.8769230769230769, 0.46153846153846156, 0.35384615384615387), 'comparison_feasibility_added_knots_scope': 'residual-guided path; final_knots are authoritative after any uniform fallback', 'comparison_feasibility_refit_count': 123, 'comparison_feasibility_final_source': 'residual_guided_augmentation', 'comparison_feasibility_final_mse': 4.8564353106059906e-05, 'comparison_feasibility_final_k': 42, 'comparison_feasibility_final_knots': (0.046153846153846156, 0.06135817307692308, 0.07692307692307693, 0.09230769230769231, 0.1076923076923077, 0.15384615384615385, 0.18461538461538463, 0.2153846153846154, 0.23076923076923078, 0.24615384615384617, 0.26153846153846155, 0.3076923076923077, 0.3230769230769231, 0.3384615384615385, 0.35384615384615387, 0.38461538461538464, 0.4153846153846154, 0.4307692307692308, 0.4461538461538462, 0.46153846153846156, 0.49230769230769234, 0.5076923076923077, 0.5384615384615384, 0.5538461538461539, 0.6, 0.6153846153846154, 0.6307692307692307, 0.6461538461538461, 0.6615384615384615, 0.6923076923076923, 0.7076923076923076, 0.7384615384615385, 0.7538461538461538, 0.7846153846153846, 0.8, 0.8153846153846154, 0.8461538461538461, 0.8769230769230769, 0.8923076923076922, 0.9076923076923077, 0.9230769230769231, 0.9538461538461538), 'comparison_feasibility_threshold_satisfied': True, 'comparison_feasibility_status': 'repaired_feasible', 'comparison_feasibility_dense_capacity_mse': None, 'comparison_feasibility_dense_capacity_threshold_satisfied': None, 'comparison_feasibility_capacity': 64, 'comparison_method_label': 'threshold-safe adaptation', 'threshold_satisfied': True, 'repeated_complete_timing': {'repeats': 1, 'samples_ms': [849.096100020688], 'p50_ms': 849.096100020688, 'mean_ms': 849.096100020688}}",
Synthetic,seed20000_sample937,independent_937,19,19,luo_linf_de_2022_adaptation,False,ok,4.629019571374146e-05,True,,,40,2312.314100039657,,"[0.046153846153846156, 0.07692307692307693, 0.09230769230769231, 0.11718825331626066, 0.13846153846153847, 0.20225286153935929, 0.23076923076923078, 0.24615384615384617, 0.27001886266252245, 0.31688847948780396, 0.326884977972387, 0.3308658111102998, 0.3384615384615385, 0.35384615384615387, 0.36923076923076925, 0.38461538461538464, 0.4153846153846154, 0.4307692307692308, 0.46153846153846156, 0.4921742020105463, 0.49230769230769234, 0.523076923076923, 0.5384615384615384, 0.5538461538461539, 0.6, 0.6153846153846154, 0.6307692307692307, 0.6387020308897635, 0.6615384615384615, 0.6923076923076923, 0.7230769230769231, 0.7692307692307692, 0.7846153846153846, 0.8, 0.8153846153846154, 0.8615384615384616, 0.8769230769230769, 0.8956159685858981, 0.9230769230769231, 0.9463250358951956]","{'network_used': False, 'parameterization': 'chord_length', 'reported_refit': 'unregularized standard B-spline least squares with exact endpoint interpolation', 'timing_scope': 'complete numerical method: chord parameterization, knot selection/relocation, and final endpoint-constrained refit', 'mse_tolerance': 5e-05, 'smoothness_weight': 0.0, 'control_ridge': 0.0, 'interpolate_endpoints': True, 'declared_max_internal_knots': 64, 'declared_paper_initial_knots': 64, 'reference_doi': '10.4208/jcm.2012-m2020-0203', 'variant': 'linf1_jump_sparsity_plus_differential_evolution', 'initial_internal_knot_count': 64, 'dense_initial_fit_mse': 2.272587785932559e-05, 'dense_initial_threshold_satisfied': True, 'selected_regularization': 5.3257675216617835e-08, 'sparse_stage_mse': 4.9989476309638736e-05, 'sparse_stage_threshold_satisfied': True, 'jump_local_maximum_eta': 0.5, 'candidate_internal_knot_count': 10, 'initial_to_candidate_compression_ratio': 0.15625, 'candidate_refit_mse_before_de': 0.0033806577455225864, 'candidate_refit_threshold_satisfied_before_de': False, 'candidate_selection_lost_sparse_feasibility': True, 'de_population': 10, 'de_iterations': 10, 'de_evaluations': 110, 'de_initial_max_error': 0.1232794863108234, 'de_final_max_error': 0.09734024044844507, 'de_restored_common_mse_feasibility': False, 'paper_native_objective': 'nonsquared Frobenius data term plus l-infinity,1 derivative-jump penalty; DE minimizes maximum Euclidean error', 'comparison_wrapper': 'regularization is selected against the common MSE budget and the final fit uses the common endpoint-constrained refit', 'method_fidelity': 'defining mixed-norm, local-maximum selection, and DE stages are reproduced; hyperparameter selection is adapted', 'native_common_refit_mse': 0.0026675597532815863, 'native_common_refit_k': 10, 'native_common_refit_threshold_satisfied': False, 'comparison_method_capacity': 64, 'comparison_feasibility_safeguard_version': 'bounded_common_mse_v1', 'comparison_feasibility_safeguard_enabled': True, 'comparison_feasibility_safeguard_used': True, 'comparison_feasibility_safeguard_attempted': True, 'comparison_feasibility_safeguard_role': 'repository comparison wrapper; not part of the cited method', 'comparison_feasibility_native_mse': 0.0026675597532815863, 'comparison_feasibility_native_k': 10, 'comparison_feasibility_native_threshold_satisfied': False, 'comparison_feasibility_native_knots': (0.11718825331626066, 0.20225286153935929, 0.27001886266252245, 0.31688847948780396, 0.326884977972387, 0.3308658111102998, 0.4921742020105463, 0.6387020308897635, 0.8956159685858981, 0.9463250358951956), 'comparison_feasibility_added_knots': (0.7846153846153846, 0.7230769230769231, 0.49230769230769234, 0.4307692307692308, 0.5384615384615384, 0.3384615384615385, 0.6153846153846154, 0.6615384615384615, 0.7692307692307692, 0.35384615384615387, 0.13846153846153847, 0.8615384615384616, 0.24615384615384617, 0.046153846153846156, 0.9230769230769231, 0.07692307692307693, 0.23076923076923078, 0.6923076923076923, 0.8, 0.523076923076923, 0.46153846153846156, 0.36923076923076925, 0.8769230769230769, 0.09230769230769231, 0.4153846153846154, 0.6307692307692307, 0.8153846153846154, 0.38461538461538464, 0.6, 0.5538461538461539), 'comparison_feasibility_added_knots_scope': 'residual-guided path; final_knots are authoritative after any uniform fallback', 'comparison_feasibility_refit_count': 90, 'comparison_feasibility_final_source': 'residual_guided_augmentation', 'comparison_feasibility_final_mse': 4.629019571374146e-05, 'comparison_feasibility_final_k': 40, 'comparison_feasibility_final_knots': (0.046153846153846156, 0.07692307692307693, 0.09230769230769231, 0.11718825331626066, 0.13846153846153847, 0.20225286153935929, 0.23076923076923078, 0.24615384615384617, 0.27001886266252245, 0.31688847948780396, 0.326884977972387, 0.3308658111102998, 0.3384615384615385, 0.35384615384615387, 0.36923076923076925, 0.38461538461538464, 0.4153846153846154, 0.4307692307692308, 0.46153846153846156, 0.4921742020105463, 0.49230769230769234, 0.523076923076923, 0.5384615384615384, 0.5538461538461539, 0.6, 0.6153846153846154, 0.6307692307692307, 0.6387020308897635, 0.6615384615384615, 0.6923076923076923, 0.7230769230769231, 0.7692307692307692, 0.7846153846153846, 0.8, 0.8153846153846154, 0.8615384615384616, 0.8769230769230769, 0.8956159685858981, 0.9230769230769231, 0.9463250358951956), 'comparison_feasibility_threshold_satisfied': True, 'comparison_feasibility_status': 'repaired_feasible', 'comparison_feasibility_dense_capacity_mse': None, 'comparison_feasibility_dense_capacity_threshold_satisfied': None, 'comparison_feasibility_capacity': 64, 'comparison_method_label': 'threshold-safe adaptation', 'threshold_satisfied': True, 'repeated_complete_timing': {'repeats': 1, 'samples_ms': [2312.314100039657], 'p50_ms': 2312.314100039657, 'mean_ms': 2312.314100039657}}",
Synthetic,seed20000_sample496,independent_496,20,20,ours,False,ok,4.7766279831401875e-05,True,,,39,13.5476,12.6199,"[0.04158303514122963, 0.07885070145130157, 0.09492501616477966, 0.12107378989458084, 0.1369888037443161, 0.15136659145355225, 0.1857515275478363, 0.21090084314346313, 0.23366256058216095, 0.2743785083293915, 0.2744784951210022, 0.3153226971626282, 0.3214224874973297, 0.347799688577652, 0.37221023440361023, 0.37231022119522095, 0.4295201003551483, 0.46927347779273987, 0.4786289632320404, 0.5177223086357117, 0.5442453026771545, 0.5494007468223572, 0.5912273526191711, 0.607406497001648, 0.6289258003234863, 0.650597870349884, 0.693311333656311, 0.7091310620307922, 0.7410398125648499, 0.7578270435333252, 0.7818008661270142, 0.8099985122680664, 0.8210130929946899, 0.8514304161071777, 0.8679039478302002, 0.879500687122345, 0.9131472110748291, 0.9224258661270142, 0.9496915340423584]","{'network_latency': {'p50_ms': 12.6199, 'median_ms': 12.6199, 'mean_ms': 12.6199, 'p95_ms': 12.6199, 'minimum_ms': 12.6199, 'maximum_ms': 12.6199, 'repeat_ms': [12.6199]}, 'end_to_end_latency': {'p50_ms': 13.5476, 'median_ms': 13.5476, 'mean_ms': 13.5476, 'p95_ms': 13.5476, 'minimum_ms': 13.5476, 'maximum_ms': 13.5476, 'repeat_ms': [13.5476]}, 'postprocessing': 'none', 'tolerance_conditioned_network': True, 'network_mse_tolerance': 5e-05}",
Synthetic,seed20000_sample496,independent_496,20,20,park_dominant_point_2007_adaptation,False,ok,4.961606208024115e-05,True,,,40,156.16720000980422,,"[0.05810954888041342, 0.08837360656123276, 0.11931078720458736, 0.15060916346071815, 0.17956151944102436, 0.2031105051551616, 0.22596360286021833, 0.25174804558328406, 0.2780849910838314, 0.3041791665235809, 0.3307360411189118, 0.3539114729223964, 0.3821954854577543, 0.4002752797372368, 0.42686326573131517, 0.44176150328617864, 0.46673250988129295, 0.48178470427884407, 0.5075533639118843, 0.5241913350880308, 0.5393750124128128, 0.5558938654839883, 0.5723016983752724, 0.5905667218615758, 0.6047050388066607, 0.6238745908138039, 0.644584587686088, 0.662801051097221, 0.6812734340352268, 0.7035204782831467, 0.7268438517691281, 0.7568265079028927, 0.7825066033419611, 0.8089626960530228, 0.8344311370364524, 0.8601356419266057, 0.8839493083614863, 0.9041755427554655, 0.9259774647802447, 0.9512140525095149]","{'network_used': False, 'parameterization': 'chord_length', 'reported_refit': 'unregularized standard B-spline least squares with exact endpoint interpolation', 'timing_scope': 'complete numerical method: chord parameterization, knot selection/relocation, and final endpoint-constrained refit', 'mse_tolerance': 5e-05, 'smoothness_weight': 0.0, 'control_ridge': 0.0, 'interpolate_endpoints': True, 'declared_max_internal_knots': 64, 'declared_paper_initial_knots': 64, 'method': 'park_lee_dom_2007_adaptation', 'reference_doi': '10.1016/j.cad.2006.12.006', 'knot_placement': 'Park-Lee Eq. (4): each interior knot averages degree consecutive dominant-point parameters', 'lcm_lower_bound': 5.248507772848934, 'lcm_seed_count': 32, 'shape_weight_r': 0.8, 'shape_index': 'r*K_s,e/K_0,m + (1-r)*L_s,e/L_0,m', 'curvature_integral': 'trapezoidal in chord parameter', 'curvature_source': 'generalized local Menger curvature; no optional smoothed base curve', 'refinement_region': 'segment containing largest sampled parameter-correspondence residual', 'refinement_point': 'argmin_w |lambda_s,w - lambda_w,e|', 'stopping_metric': 'mean squared Euclidean parameter-correspondence error', 'distance_metric_deviation': ""comparison adaptation stops on common MSE; it does not reproduce the paper's maximum-distance or iterative orthogonal-distance criterion"", 'seed_completion_deviation': 'shape-index splits complete degree+1 dominant points when too few LCM seeds exist', 'effective_max_internal_knots': 64, 'requested_max_internal_knots': 64, 'selected_sources': ('endpoint', 'endpoint', 'lcm_seed', 'lcm_seed', 'lcm_seed', 'lcm_seed', 'lcm_seed', 'lcm_seed', 'lcm_seed', 'lcm_seed', 'lcm_seed', 'lcm_seed', 'lcm_seed', 'lcm_seed', 'lcm_seed', 'lcm_seed', 'lcm_seed', 'lcm_seed', 'lcm_seed', 'lcm_seed', 'lcm_seed', 'lcm_seed', 'lcm_seed', 'lcm_seed', 'lcm_seed', 'lcm_seed', 'lcm_seed', 'lcm_seed', 'lcm_seed', 'lcm_seed', 'lcm_seed', 'lcm_seed', 'lcm_seed', 'lcm_seed', 'adaptive_shape_split', 'adaptive_shape_split', 'adaptive_shape_split', 'adaptive_shape_split', 'adaptive_shape_split', 'adaptive_shape_split', 'adaptive_shape_split', 'adaptive_shape_split', 'adaptive_shape_split', 'adaptive_shape_split'), 'boundary_knot_clamp_count': 0, 'threshold_satisfied': True, 'scanned_counts': (0, 1, 2, 3, 4, 5, 6, 7, 8, 9, 10, 11, 12, 13, 14, 15, 16, 17, 18, 19, 20, 21, 22, 23, 24, 25, 26, 27, 28, 29, 30, 31, 32, 33, 34, 35, 36, 37, 38, 39, 40), 'scanned_mse': (0.006312021580530131, 0.006153245803362024, 0.0052021574515693746, 0.005190589208059776, 0.0047609352850109836, 0.004685606280405697, 0.004285472155041374, 0.0042388692391835785, 0.0035589846557264222, 0.0034407479263534857, 0.003419246376964637, 0.0030516595979882244, 0.003005325848473944, 0.002977556168647365, 0.0024603835296537397, 0.0022803222838741178, 0.0013711016257031041, 0.001204106880730653, 0.000924746312048063, 0.0006963780273349313, 0.0004603327507483512, 0.00046871558056624344, 0.0004668513894004602, 0.00046016392805866635, 0.00045694935637164975, 0.0004562002807383383, 0.00046446515276610197, 0.000463170964087823, 0.0004622106464261891, 0.00039702085250284294, 0.00038408265322665706, 0.0001803599978944759, 9.20657204276765e-05, 8.082046285356319e-05, 7.506783784792135e-05, 6.98884915611185e-05, 6.406571050387995e-05, 6.0090050483547575e-05, 5.645496575837838e-05, 5.4886046161699716e-05, 4.961606208024115e-05), 'scanned_max_parameter_residual': (0.21916003543702275, 0.20060126565706277, 0.16377748971721812, 0.1637079386452715, 0.159265197023228, 0.16057612489513637, 0.14722599754701632, 0.14719771433114018, 0.14595535072161506, 0.13155695005281226, 0.13152356812648427, 0.09902510672561823, 0.0992289036960679, 0.10327554223786849, 0.10600967746994462, 0.10608622798561254, 0.10613557220900172, 0.10459884569529337, 0.09912929281247396, 0.09892237840873319, 0.09892267349583934, 0.09900321755639824, 0.09900238567183921, 0.09892543996220451, 0.09892411563007704, 0.09892976270537147, 0.09892974274715152, 0.09892989355320257, 0.09903158830509338, 0.09903159151270371, 0.09393135270877548, 0.05302961313109857, 0.03549996736340815, 0.019909940923139892, 0.019874536071267466, 0.019248739913394222, 0.017934750454190705, 0.016904080593089756, 0.01670348441224108, 0.01679368333430413, 0.012531855005613381), 'exact_refit_count': 41, 'method_fidelity': 'core DOM equations with a common-MSE stopping wrapper', 'repeated_complete_timing': {'repeats': 1, 'samples_ms': [156.16720000980422], 'p50_ms': 156.16720000980422, 'mean_ms': 156.16720000980422}}",
Synthetic,seed20000_sample496,independent_496,20,20,liang_feature_iki_2017_adaptation,False,ok,4.5859884870202274e-05,True,,,49,150.04159999080002,,"[0.049517882992859974, 0.07427682448928996, 0.08665629523750495, 0.09903576598571995, 0.12379470748214993, 0.14855364897857992, 0.1733125904750099, 0.1856920612232249, 0.1980715319714399, 0.22283047346786988, 0.23520994421608488, 0.24758941496429987, 0.27234835646072986, 0.29710729795715984, 0.30948676870537484, 0.32186623945358983, 0.3466251809500198, 0.3713841224464498, 0.3961430639428798, 0.4264800446237083, 0.45681702530453683, 0.47198551564495106, 0.48715400598536535, 0.5174909866661939, 0.5326594770066081, 0.5402437221768153, 0.5478279673470223, 0.5781649480278509, 0.5933334383682651, 0.6085019287086795, 0.6388389093895079, 0.6691758900703364, 0.6767601352405436, 0.6843443804107507, 0.699512870751165, 0.760186832112822, 0.7677710772830291, 0.7753553224532362, 0.7905238127936505, 0.8208607934744789, 0.8360292838148932, 0.8511977741553074, 0.8663662644957217, 0.8739505096659288, 0.881534754836136, 0.9074967290334521, 0.9334587032307684, 0.9853826516254008, 0.9962527762512128]","{'network_used': False, 'parameterization': 'chord_length', 'reported_refit': 'unregularized standard B-spline least squares with exact endpoint interpolation', 'timing_scope': 'complete numerical method: chord parameterization, knot selection/relocation, and final endpoint-constrained refit', 'mse_tolerance': 5e-05, 'smoothness_weight': 0.0, 'control_ridge': 0.0, 'interpolate_endpoints': True, 'declared_max_internal_knots': 64, 'declared_paper_initial_knots': 64, 'reference_doi': '10.1088/1361-6501/aa6a05', 'variant': 'feature_integral_plus_iki_disclosed_adaptation', 'dense_internal_knot_count': 64, 'initial_internal_knot_count': 4, 'inserted_internal_knot_count': 45, 'curvature_weight': 0.5, 'feature_sample_count': 1025, 'scanned_counts': (4, 5, 6, 7, 8, 9, 10, 11, 12, 13, 14, 15, 16, 17, 18, 19, 20, 21, 22, 23, 24, 25, 26, 27, 28, 29, 30, 31, 32, 33, 34, 35, 36, 37, 38, 39, 40, 41, 42, 43, 44, 45, 46, 47, 48, 49), 'scanned_mse': (0.004632200444789931, 0.004084043535397826, 0.003881712800858951, 0.003748172212320046, 0.0037202461884465257, 0.003644053487106409, 0.0036313224296493345, 0.0032292216176303522, 0.0031887128867694376, 0.003079330431264574, 0.003071648243685946, 0.0024858485424422636, 0.0024853911458492506, 0.0022024037305968217, 0.0020754528299325556, 0.002040216858417356, 0.0013526462395374304, 0.0012145283749446876, 0.0010058172091952481, 0.0008690511849559545, 0.000704682744832937, 0.0005633408761490243, 0.00045868033873797527, 0.00039034280076070455, 0.0003513974564226963, 0.0002875314107032585, 0.00028594866824481827, 0.00022554012382227092, 0.0001958732434835641, 0.00017461473695730854, 0.0001446982108522829, 0.0001360041826363317, 0.00011712706521988882, 0.00010830966651465125, 9.951553237822668e-05, 9.43213689629402e-05, 9.11995366674596e-05, 8.332333070677359e-05, 8.236609895257124e-05, 6.838648886658348e-05, 6.533368198945138e-05, 6.286950524032195e-05, 5.810468534880996e-05, 5.5132636688848867e-05, 5.0394815763135826e-05, 4.5859884870202274e-05), 'scanned_max_parameter_residual': (0.1667383219489878, 0.14178428166108964, 0.1312252650404538, 0.1137898084436786, 0.1113721207012158, 0.1180404555330497, 0.11906500569665071, 0.10025351961074477, 0.09846659589221798, 0.09638029896415427, 0.09639299078233221, 0.09731384501916866, 0.09756852700329857, 0.11021847755273019, 0.10770054993671538, 0.10585279080899522, 0.09737291137810863, 0.0991990182525926, 0.08720129613498084, 0.09956442415542718, 0.0654410253992031, 0.05747563140326132, 0.0531478548013645, 0.05279608661147009, 0.04401929026777689, 0.0431558580020454, 0.04432122236094619, 0.038021503788066006, 0.03377748860545729, 0.03298054369213334, 0.03173974097062897, 0.02936482438651954, 0.02521379433246877, 0.025208708002200424, 0.022121460952942713, 0.02368110283665262, 0.02054745569817523, 0.020271583086672595, 0.022243395126796395, 0.018658087592569258, 0.018657118482698264, 0.01702822126848858, 0.016737885285086764, 0.016343163331773096, 0.01423304632425735, 0.014234243467615053), 'exact_refit_count': 47, 'paper_native_objective': 'error-bounded feature-integral initialization plus iterative knot insertion', 'comparison_wrapper': 'explicit 0.5 arc/curvature feature blend by default, worst-residual span midpoint insertion, and common-MSE stopping', 'method_fidelity': ""Liang-inspired adaptation; the access-controlled article's exact feature equation and constants are not claimed"", 'threshold_satisfied': True, 'repeated_complete_timing': {'repeats': 1, 'samples_ms': [150.04159999080002], 'p50_ms': 150.04159999080002, 'mean_ms': 150.04159999080002}}",
Synthetic,seed20000_sample496,independent_496,20,20,dung_direct_knot_2017_adaptation,False,ok,4.918808100207245e-05,True,,,35,1459.8941000294872,,"[0.06153846153846154, 0.09230769230769231, 0.11072086125951816, 0.1166697672466128, 0.15384615384615385, 0.1658199706450435, 0.1734877902001777, 0.20009578361525188, 0.2536514995732772, 0.2847969595254516, 0.2923076923076923, 0.3211563016396901, 0.3379280947850142, 0.36923076923076925, 0.3692319589822761, 0.40912410557806733, 0.4461538461538462, 0.4483630264416018, 0.483580986157362, 0.5367511680605002, 0.5384615384615384, 0.5930239897502052, 0.6261064613046403, 0.6584447434229479, 0.6979864845622232, 0.7384615384615385, 0.7499481191920191, 0.7907753372315309, 0.8153846153846154, 0.8227505660602221, 0.868824536833375, 0.9076923076923077, 0.9161410941746961, 0.9290805782904589, 0.9384615384615385]","{'network_used': False, 'parameterization': 'chord_length', 'reported_refit': 'unregularized endpoint-constrained standard B-spline least squares', 'timing_scope': 'complete numerical method: chord parameterization, knot selection/relocation, and final endpoint-constrained refit', 'mse_tolerance': 5e-05, 'smoothness_weight': 0.0, 'control_ridge': 0.0, 'interpolate_endpoints': True, 'declared_max_internal_knots': 64, 'declared_paper_initial_knots': 64, 'paper': 'Dung and Tjahjowidodo, PLOS ONE 2017, doi:10.1371/journal.pone.0173857', 'variant': 'serial_bisection_simple_knot_adaptation', 'native_control_norm': 'maximum Euclidean point residual', 'native_max_error_tolerance': 0.007071067811865475, 'native_final_max_error': 0.08702561191791489, 'native_final_mse': 0.00045954571025574284, 'common_final_max_error': 0.08754110535151581, 'common_final_mse': 0.00046237266207458256, 'all_local_segments_native_feasible': False, 'local_piecewise_feasible_global_common_refit_failed': False, 'native_global_max_error_threshold_satisfied': False, 'native_global_common_mse_threshold_satisfied': False, 'native_global_internal_knot_count': 21, 'common_final_metrics_scope': 'native adaptation before any optional comparison feasibility safeguard', 'segments': ((0, 4), (5, 12), (13, 19), (20, 26), (27, 36), (37, 44), (45, 53), (54, 65), (66, 74), (75, 84), (85, 93), (94, 102), (103, 112), (113, 124), (125, 132), (133, 141), (142, 150), (151, 159), (160, 166), (167, 176), (177, 184), (185, 191)), 'segment_max_errors': (0.0018509790095559125, 0.0067559893307698, 0.004256431316413399, 0.005868422638647581, 0.007031109969353358, 0.006233074006957126, 0.005689289270802241, 0.006937367590218106, 0.00479009178682035, 0.0067241593501484115, 0.0038992019986455267, 0.006172635599093836, 0.003714656621106233, 0.006464778548885249, 0.002518259167266705, 0.006059633880140204, 0.005911922640562418, 0.0056787362117490855, 0.004735070971063705, 0.004151693759786691, 0.004098866502392753, 0.012677976524537215), 'coarse_break_indices': (4, 12, 19, 26, 36, 44, 53, 65, 74, 84, 93, 102, 112, 124, 132, 141, 150, 159, 166, 176, 184), 'proposed_internal_knot_count': 21, 'retained_internal_knot_count': 21, 'scan_evaluations': 231, 'optimization_evaluations': 372, 'single_piece_evaluations': 194, 'exact_refit_count': 799, 'gauss_newton_fallback_count': 0, 'capacity_exceeded': False, 'capacity_handling': 'none', 'adaptation_limits': ('serial bisection only; parallel split/join/shift is not implemented', 'simple interior knots only; multiplicity and continuity classification are omitted', 'default native max-error epsilon is sqrt(mse_tolerance), which is a unit conversion rather than an equivalent constraint', 'capacity overflow is handled by deterministic uniform coarse-break subsampling before relocation', 'guarded float64 least squares and finite-difference Gauss-Newton replace MATLAB numerical edge behavior'), 'method_fidelity': 'serial simple-knot adaptation; parallel operations and knot multiplicity classification are not reproduced', 'threshold_satisfied_native_max_error': False, 'threshold_satisfied_common_max_error_before_safeguard': False, 'native_common_refit_mse': 0.00046237266207458256, 'native_common_refit_k': 21, 'native_common_refit_threshold_satisfied': False, 'comparison_method_capacity': 64, 'comparison_feasibility_safeguard_version': 'bounded_common_mse_v1', 'comparison_feasibility_safeguard_enabled': True, 'comparison_feasibility_safeguard_used': True, 'comparison_feasibility_safeguard_attempted': True, 'comparison_feasibility_safeguard_role': 'repository comparison wrapper; not part of the cited method', 'comparison_feasibility_native_mse': 0.00046237266207458256, 'comparison_feasibility_native_k': 21, 'comparison_feasibility_native_threshold_satisfied': False, 'comparison_feasibility_native_knots': (0.11072086125951816, 0.1166697672466128, 0.1734877902001777, 0.20009578361525188, 0.2536514995732772, 0.2847969595254516, 0.3211563016396901, 0.3692319589822761, 0.40912410557806733, 0.4483630264416018, 0.483580986157362, 0.5367511680605002, 0.5930239897502052, 0.6261064613046403, 0.6584447434229479, 0.6979864845622232, 0.7499481191920191, 0.7907753372315309, 0.8227505660602221, 0.868824536833375, 0.9290805782904589), 'comparison_feasibility_added_knots': (0.9161410941746961, 0.1658199706450435, 0.9384615384615385, 0.15384615384615385, 0.3379280947850142, 0.4461538461538462, 0.09230769230769231, 0.06153846153846154, 0.8153846153846154, 0.9076923076923077, 0.5384615384615384, 0.2923076923076923, 0.7384615384615385, 0.36923076923076925), 'comparison_feasibility_added_knots_scope': 'residual-guided path; final_knots are authoritative after any uniform fallback', 'comparison_feasibility_refit_count': 42, 'comparison_feasibility_final_source': 'residual_guided_augmentation', 'comparison_feasibility_final_mse': 4.918808100207245e-05, 'comparison_feasibility_final_k': 35, 'comparison_feasibility_final_knots': (0.06153846153846154, 0.09230769230769231, 0.11072086125951816, 0.1166697672466128, 0.15384615384615385, 0.1658199706450435, 0.1734877902001777, 0.20009578361525188, 0.2536514995732772, 0.2847969595254516, 0.2923076923076923, 0.3211563016396901, 0.3379280947850142, 0.36923076923076925, 0.3692319589822761, 0.40912410557806733, 0.4461538461538462, 0.4483630264416018, 0.483580986157362, 0.5367511680605002, 0.5384615384615384, 0.5930239897502052, 0.6261064613046403, 0.6584447434229479, 0.6979864845622232, 0.7384615384615385, 0.7499481191920191, 0.7907753372315309, 0.8153846153846154, 0.8227505660602221, 0.868824536833375, 0.9076923076923077, 0.9161410941746961, 0.9290805782904589, 0.9384615384615385), 'comparison_feasibility_threshold_satisfied': True, 'comparison_feasibility_status': 'repaired_feasible', 'comparison_feasibility_dense_capacity_mse': None, 'comparison_feasibility_dense_capacity_threshold_satisfied': None, 'comparison_feasibility_capacity': 64, 'comparison_method_label': 'threshold-safe adaptation', 'threshold_satisfied': True, 'repeated_complete_timing': {'repeats': 1, 'samples_ms': [1459.8941000294872], 'p50_ms': 1459.8941000294872, 'mean_ms': 1459.8941000294872}}",
Synthetic,seed20000_sample496,independent_496,20,20,kang_sparse_2015_adaptation,False,ok,4.829764374173202e-05,True,,,45,969.1466999938712,,"[0.046153846153846156, 0.07692307692307693, 0.09230769230769231, 0.1076923076923077, 0.15384615384615385, 0.16923076923076924, 0.2, 0.2153846153846154, 0.23076923076923078, 0.24615384615384617, 0.27692307692307694, 0.2923076923076923, 0.3230769230769231, 0.3384615384615385, 0.35384615384615387, 0.38461538461538464, 0.4, 0.4153846153846154, 0.4461538461538462, 0.46153846153846156, 0.47692307692307695, 0.49230769230769234, 0.523076923076923, 0.5384615384615384, 0.5538461538461539, 0.5692307692307692, 0.6, 0.6153846153846154, 0.6307692307692307, 0.6615384615384615, 0.676923076923077, 0.6923076923076923, 0.7076923076923076, 0.7230769230769231, 0.7538461538461538, 0.7846153846153846, 0.8, 0.8153846153846154, 0.8461538461538461, 0.8615384615384616, 0.8769230769230769, 0.9076923076923077, 0.9230769230769231, 0.9384615384615385, 0.9540865384615385]","{'network_used': False, 'parameterization': 'chord_length', 'reported_refit': 'unregularized standard B-spline least squares with exact endpoint interpolation', 'timing_scope': 'complete numerical method: chord parameterization, knot selection/relocation, and final endpoint-constrained refit', 'mse_tolerance': 5e-05, 'smoothness_weight': 0.0, 'control_ridge': 0.0, 'interpolate_endpoints': True, 'declared_max_internal_knots': 64, 'declared_paper_initial_knots': 64, 'initial_internal_knot_count': 64, 'dense_initial_fit_mse': 2.6804984550890108e-05, 'dense_initial_threshold_satisfied': True, 'active_internal_knot_count': 3, 'cluster_sizes': (3,), 'active_cluster_count': 1, 'relocated_internal_knot_count': 1, 'relocated_unique_knot_count': 1, 'relocated_knot_multiplicities': (1,), 'active_to_relocated_compression_ratio': 0.3333333333333333, 'sparse_stage_mse': 2.6804984550890108e-05, 'sparse_stage_threshold_satisfied': True, 'native_sparse_feasible_final_common_refit_failed': True, 'sparse_and_final_mse_are_directly_comparable': False, 'sparse_iterations': 900, 'sparse_solver_seconds': 0.41862170002423227, 'relocation_seconds': 0.03133640001760796, 'non_paper_feasibility_repair_enabled': False, 'paper_feasibility_repair_used': False, 'paper_feasibility_repair_added_count': 0, 'local_refit_count': 14, 'method_note': ""Vector-valued group-L1 ADMM adaptation of Kang et al. (2015) equation (12), followed by Algorithms 4-5 only for clear short active clusters; long general-data runs retain their active knots because Algorithm 1 is not reproduced; not the paper's scalar CVX implementation."", 'relocation_method': ""Algorithms 4-5 adaptation: classify adjacent active uniform knots by spacing, retain each cluster's boundary pair, narrow it by exact least-squares comparisons, then apply the 2*E_double < E_single single/double-knot decision."", 'algorithm4_cluster_relocation_applied': True, 'absolute_jump_threshold': 1e-07, 'relative_jump_threshold': 0.001, 'effective_jump_threshold': 12971354.275960835, 'native_final_fit_mse_without_endpoint_constraint': 0.004530214101882034, 'native_endpoint_constrained_mse': 0.0059769577374837795, 'endpoint_constraint_fallback': 'disabled', 'native_common_refit_mse': 0.0059769577374837795, 'native_common_refit_k': 1, 'native_common_refit_threshold_satisfied': False, 'comparison_method_capacity': 64, 'comparison_feasibility_safeguard_version': 'bounded_common_mse_v1', 'comparison_feasibility_safeguard_enabled': True, 'comparison_feasibility_safeguard_used': True, 'comparison_feasibility_safeguard_attempted': True, 'comparison_feasibility_safeguard_role': 'repository comparison wrapper; not part of the cited method', 'comparison_feasibility_native_mse': 0.0059769577374837795, 'comparison_feasibility_native_k': 1, 'comparison_feasibility_native_threshold_satisfied': False, 'comparison_feasibility_native_knots': (0.9540865384615385,), 'comparison_feasibility_added_knots': (0.1076923076923077, 0.2153846153846154, 0.5538461538461539, 0.23076923076923078, 0.5692307692307692, 0.523076923076923, 0.6923076923076923, 0.7230769230769231, 0.38461538461538464, 0.3384615384615385, 0.46153846153846156, 0.6153846153846154, 0.676923076923077, 0.7846153846153846, 0.8153846153846154, 0.4, 0.2923076923076923, 0.16923076923076924, 0.046153846153846156, 0.07692307692307693, 0.8461538461538461, 0.9076923076923077, 0.49230769230769234, 0.8, 0.6, 0.8615384615384616, 0.9384615384615385, 0.35384615384615387, 0.15384615384615385, 0.09230769230769231, 0.7538461538461538, 0.6615384615384615, 0.24615384615384617, 0.27692307692307694, 0.47692307692307695, 0.4153846153846154, 0.5384615384615384, 0.2, 0.4461538461538462, 0.6307692307692307, 0.9230769230769231, 0.3230769230769231, 0.8769230769230769, 0.7076923076923076), 'comparison_feasibility_added_knots_scope': 'residual-guided path; final_knots are authoritative after any uniform fallback', 'comparison_feasibility_refit_count': 132, 'comparison_feasibility_final_source': 'residual_guided_augmentation', 'comparison_feasibility_final_mse': 4.829764374173202e-05, 'comparison_feasibility_final_k': 45, 'comparison_feasibility_final_knots': (0.046153846153846156, 0.07692307692307693, 0.09230769230769231, 0.1076923076923077, 0.15384615384615385, 0.16923076923076924, 0.2, 0.2153846153846154, 0.23076923076923078, 0.24615384615384617, 0.27692307692307694, 0.2923076923076923, 0.3230769230769231, 0.3384615384615385, 0.35384615384615387, 0.38461538461538464, 0.4, 0.4153846153846154, 0.4461538461538462, 0.46153846153846156, 0.47692307692307695, 0.49230769230769234, 0.523076923076923, 0.5384615384615384, 0.5538461538461539, 0.5692307692307692, 0.6, 0.6153846153846154, 0.6307692307692307, 0.6615384615384615, 0.676923076923077, 0.6923076923076923, 0.7076923076923076, 0.7230769230769231, 0.7538461538461538, 0.7846153846153846, 0.8, 0.8153846153846154, 0.8461538461538461, 0.8615384615384616, 0.8769230769230769, 0.9076923076923077, 0.9230769230769231, 0.9384615384615385, 0.9540865384615385), 'comparison_feasibility_threshold_satisfied': True, 'comparison_feasibility_status': 'repaired_feasible', 'comparison_feasibility_dense_capacity_mse': None, 'comparison_feasibility_dense_capacity_threshold_satisfied': None, 'comparison_feasibility_capacity': 64, 'comparison_method_label': 'threshold-safe adaptation', 'threshold_satisfied': True, 'repeated_complete_timing': {'repeats': 1, 'samples_ms': [969.1466999938712], 'p50_ms': 969.1466999938712, 'mean_ms': 969.1466999938712}}",
Synthetic,seed20000_sample496,independent_496,20,20,luo_linf_de_2022_adaptation,False,ok,4.9030744173483554e-05,True,,,41,2369.8590000276454,,"[0.05202920819724388, 0.07049331679893571, 0.09230769230769231, 0.1076923076923077, 0.15384615384615385, 0.16923076923076924, 0.18866378352828211, 0.20784084184430057, 0.26153846153846155, 0.2713507391184338, 0.3076923076923077, 0.3230769230769231, 0.3384615384615385, 0.3641546161987026, 0.36923076923076925, 0.4153846153846154, 0.41790499856092495, 0.4461538461538462, 0.46153846153846156, 0.4796341305475882, 0.5514273111425756, 0.5538461538461539, 0.5846153846153845, 0.6101749749541217, 0.6153846153846154, 0.6461538461538461, 0.6615384615384615, 0.7076923076923076, 0.7230769230769231, 0.7384615384615385, 0.7538461538461538, 0.7695115645187918, 0.7765179956482395, 0.7906095242418968, 0.8093468625025626, 0.8307692307692307, 0.859911633551501, 0.8769230769230769, 0.8923076923076922, 0.9384615384615385, 0.9538461538461538]","{'network_used': False, 'parameterization': 'chord_length', 'reported_refit': 'unregularized standard B-spline least squares with exact endpoint interpolation', 'timing_scope': 'complete numerical method: chord parameterization, knot selection/relocation, and final endpoint-constrained refit', 'mse_tolerance': 5e-05, 'smoothness_weight': 0.0, 'control_ridge': 0.0, 'interpolate_endpoints': True, 'declared_max_internal_knots': 64, 'declared_paper_initial_knots': 64, 'reference_doi': '10.4208/jcm.2012-m2020-0203', 'variant': 'linf1_jump_sparsity_plus_differential_evolution', 'initial_internal_knot_count': 64, 'dense_initial_fit_mse': 2.6804984550890108e-05, 'dense_initial_threshold_satisfied': True, 'selected_regularization': 4.950925982974312e-08, 'sparse_stage_mse': 4.998676703906024e-05, 'sparse_stage_threshold_satisfied': True, 'jump_local_maximum_eta': 0.5, 'candidate_internal_knot_count': 15, 'initial_to_candidate_compression_ratio': 0.234375, 'candidate_refit_mse_before_de': 0.0033509237246542186, 'candidate_refit_threshold_satisfied_before_de': False, 'candidate_selection_lost_sparse_feasibility': True, 'de_population': 10, 'de_iterations': 10, 'de_evaluations': 110, 'de_initial_max_error': 0.10839319639856265, 'de_final_max_error': 0.09561355887968903, 'de_restored_common_mse_feasibility': False, 'paper_native_objective': 'nonsquared Frobenius data term plus l-infinity,1 derivative-jump penalty; DE minimizes maximum Euclidean error', 'comparison_wrapper': 'regularization is selected against the common MSE budget and the final fit uses the common endpoint-constrained refit', 'method_fidelity': 'defining mixed-norm, local-maximum selection, and DE stages are reproduced; hyperparameter selection is adapted', 'native_common_refit_mse': 0.0031475604919917223, 'native_common_refit_k': 15, 'native_common_refit_threshold_satisfied': False, 'comparison_method_capacity': 64, 'comparison_feasibility_safeguard_version': 'bounded_common_mse_v1', 'comparison_feasibility_safeguard_enabled': True, 'comparison_feasibility_safeguard_used': True, 'comparison_feasibility_safeguard_attempted': True, 'comparison_feasibility_safeguard_role': 'repository comparison wrapper; not part of the cited method', 'comparison_feasibility_native_mse': 0.0031475604919917223, 'comparison_feasibility_native_k': 15, 'comparison_feasibility_native_threshold_satisfied': False, 'comparison_feasibility_native_knots': (0.05202920819724388, 0.07049331679893571, 0.18866378352828211, 0.20784084184430057, 0.2713507391184338, 0.3641546161987026, 0.41790499856092495, 0.4796341305475882, 0.5514273111425756, 0.6101749749541217, 0.7695115645187918, 0.7765179956482395, 0.7906095242418968, 0.8093468625025626, 0.859911633551501), 'comparison_feasibility_added_knots': (0.26153846153846155, 0.3076923076923077, 0.4461538461538462, 0.7538461538461538, 0.6153846153846154, 0.6461538461538461, 0.7384615384615385, 0.8923076923076922, 0.09230769230769231, 0.9384615384615385, 0.7076923076923076, 0.3384615384615385, 0.8307692307692307, 0.16923076923076924, 0.1076923076923077, 0.15384615384615385, 0.5846153846153845, 0.6615384615384615, 0.8769230769230769, 0.9538461538461538, 0.46153846153846156, 0.5538461538461539, 0.36923076923076925, 0.7230769230769231, 0.3230769230769231, 0.4153846153846154), 'comparison_feasibility_added_knots_scope': 'residual-guided path; final_knots are authoritative after any uniform fallback', 'comparison_feasibility_refit_count': 78, 'comparison_feasibility_final_source': 'residual_guided_augmentation', 'comparison_feasibility_final_mse': 4.9030744173483554e-05, 'comparison_feasibility_final_k': 41, 'comparison_feasibility_final_knots': (0.05202920819724388, 0.07049331679893571, 0.09230769230769231, 0.1076923076923077, 0.15384615384615385, 0.16923076923076924, 0.18866378352828211, 0.20784084184430057, 0.26153846153846155, 0.2713507391184338, 0.3076923076923077, 0.3230769230769231, 0.3384615384615385, 0.3641546161987026, 0.36923076923076925, 0.4153846153846154, 0.41790499856092495, 0.4461538461538462, 0.46153846153846156, 0.4796341305475882, 0.5514273111425756, 0.5538461538461539, 0.5846153846153845, 0.6101749749541217, 0.6153846153846154, 0.6461538461538461, 0.6615384615384615, 0.7076923076923076, 0.7230769230769231, 0.7384615384615385, 0.7538461538461538, 0.7695115645187918, 0.7765179956482395, 0.7906095242418968, 0.8093468625025626, 0.8307692307692307, 0.859911633551501, 0.8769230769230769, 0.8923076923076922, 0.9384615384615385, 0.9538461538461538), 'comparison_feasibility_threshold_satisfied': True, 'comparison_feasibility_status': 'repaired_feasible', 'comparison_feasibility_dense_capacity_mse': None, 'comparison_feasibility_dense_capacity_threshold_satisfied': None, 'comparison_feasibility_capacity': 64, 'comparison_method_label': 'threshold-safe adaptation', 'threshold_satisfied': True, 'repeated_complete_timing': {'repeats': 1, 'samples_ms': [2369.8590000276454], 'p50_ms': 2369.8590000276454, 'mean_ms': 2369.8590000276454}}",
Synthetic,seed20000_sample3769,independent_3769,21,21,ours,False,ok,4.414609863834156e-05,True,,,42,16.8078,12.1878,"[0.03886280208826065, 0.0711699053645134, 0.08332430571317673, 0.10935378819704056, 0.12372886389493942, 0.15070821344852448, 0.1654108464717865, 0.19463978707790375, 0.21275323629379272, 0.22637991607189178, 0.2773476541042328, 0.2774476706981659, 0.31404995918273926, 0.3207559287548065, 0.3527812659740448, 0.3559441864490509, 0.3711771070957184, 0.4217844605445862, 0.45440685749053955, 0.46203938126564026, 0.51036137342453, 0.5168573260307312, 0.5604313611984253, 0.5849394798278809, 0.5909606218338013, 0.6224614381790161, 0.6342272162437439, 0.6504152417182922, 0.6858533024787903, 0.6999683976173401, 0.724269688129425, 0.7520169019699097, 0.7659109830856323, 0.7916801571846008, 0.808122992515564, 0.8332744240760803, 0.8457285165786743, 0.8787336349487305, 0.8864549398422241, 0.9103987216949463, 0.9304409623146057, 0.9507431983947754]","{'network_latency': {'p50_ms': 12.1878, 'median_ms': 12.1878, 'mean_ms': 12.1878, 'p95_ms': 12.1878, 'minimum_ms': 12.1878, 'maximum_ms': 12.1878, 'repeat_ms': [12.1878]}, 'end_to_end_latency': {'p50_ms': 16.8078, 'median_ms': 16.8078, 'mean_ms': 16.8078, 'p95_ms': 16.8078, 'minimum_ms': 16.8078, 'maximum_ms': 16.8078, 'repeat_ms': [16.8078]}, 'postprocessing': 'none', 'tolerance_conditioned_network': True, 'network_mse_tolerance': 5e-05}",
Synthetic,seed20000_sample3769,independent_3769,21,21,park_dominant_point_2007_adaptation,False,ok,4.905499537846261e-05,True,,,50,204.10470000933856,,"[0.08091770009423224, 0.09008351662749514, 0.09961482580844788, 0.11155576836137394, 0.12501662435804708, 0.13673239496471637, 0.15174132400183518, 0.16543214608796758, 0.18712862459847632, 0.20614468528704702, 0.22799938987297783, 0.24171037511191742, 0.26071085637453134, 0.27539951322218026, 0.2966429056388374, 0.315452256306236, 0.3403075865814769, 0.3647316327302752, 0.38851156614076654, 0.40246717207070076, 0.42245245935290154, 0.43963332425882956, 0.4590723791950117, 0.4749171094069407, 0.4895370479792474, 0.5087884512493274, 0.5256911270424737, 0.5477955569293412, 0.5687787471718607, 0.5888654539158308, 0.6028900681064747, 0.6183054636105683, 0.6322110396107509, 0.6540335832683205, 0.6709789588575586, 0.6932694380799392, 0.7121679995417295, 0.7286940942165999, 0.7441951159748997, 0.7607150566353962, 0.7783781096544522, 0.7934601672918989, 0.8064532235610612, 0.8268979507258577, 0.8424385717084136, 0.8616566767742427, 0.8756517783074288, 0.8959608541424823, 0.9138675555511978, 0.9366272857221217]","{'network_used': False, 'parameterization': 'chord_length', 'reported_refit': 'unregularized standard B-spline least squares with exact endpoint interpolation', 'timing_scope': 'complete numerical method: chord parameterization, knot selection/relocation, and final endpoint-constrained refit', 'mse_tolerance': 5e-05, 'smoothness_weight': 0.0, 'control_ridge': 0.0, 'interpolate_endpoints': True, 'declared_max_internal_knots': 64, 'declared_paper_initial_knots': 64, 'method': 'park_lee_dom_2007_adaptation', 'reference_doi': '10.1016/j.cad.2006.12.006', 'knot_placement': 'Park-Lee Eq. (4): each interior knot averages degree consecutive dominant-point parameters', 'lcm_lower_bound': 5.264393336146112, 'lcm_seed_count': 32, 'shape_weight_r': 0.8, 'shape_index': 'r*K_s,e/K_0,m + (1-r)*L_s,e/L_0,m', 'curvature_integral': 'trapezoidal in chord parameter', 'curvature_source': 'generalized local Menger curvature; no optional smoothed base curve', 'refinement_region': 'segment containing largest sampled parameter-correspondence residual', 'refinement_point': 'argmin_w |lambda_s,w - lambda_w,e|', 'stopping_metric': 'mean squared Euclidean parameter-correspondence error', 'distance_metric_deviation': ""comparison adaptation stops on common MSE; it does not reproduce the paper's maximum-distance or iterative orthogonal-distance criterion"", 'seed_completion_deviation': 'shape-index splits complete degree+1 dominant points when too few LCM seeds exist', 'effective_max_internal_knots': 64, 'requested_max_internal_knots': 64, 'selected_sources': ('endpoint', 'endpoint', 'lcm_seed', 'lcm_seed', 'lcm_seed', 'lcm_seed', 'lcm_seed', 'lcm_seed', 'lcm_seed', 'lcm_seed', 'lcm_seed', 'lcm_seed', 'lcm_seed', 'lcm_seed', 'lcm_seed', 'lcm_seed', 'lcm_seed', 'lcm_seed', 'lcm_seed', 'lcm_seed', 'lcm_seed', 'lcm_seed', 'lcm_seed', 'lcm_seed', 'lcm_seed', 'lcm_seed', 'lcm_seed', 'lcm_seed', 'lcm_seed', 'lcm_seed', 'lcm_seed', 'lcm_seed', 'lcm_seed', 'lcm_seed', 'adaptive_shape_split', 'adaptive_shape_split', 'adaptive_shape_split', 'adaptive_shape_split', 'adaptive_shape_split', 'adaptive_shape_split', 'adaptive_shape_split', 'adaptive_shape_split', 'adaptive_shape_split', 'adaptive_shape_split', 'adaptive_shape_split', 'adaptive_shape_split', 'adaptive_shape_split', 'adaptive_shape_split', 'adaptive_shape_split', 'adaptive_shape_split', 'adaptive_shape_split', 'adaptive_shape_split', 'adaptive_shape_split', 'adaptive_shape_split'), 'boundary_knot_clamp_count': 0, 'threshold_satisfied': True, 'scanned_counts': (0, 1, 2, 3, 4, 5, 6, 7, 8, 9, 10, 11, 12, 13, 14, 15, 16, 17, 18, 19, 20, 21, 22, 23, 24, 25, 26, 27, 28, 29, 30, 31, 32, 33, 34, 35, 36, 37, 38, 39, 40, 41, 42, 43, 44, 45, 46, 47, 48, 49, 50), 'scanned_mse': (0.016679444592843814, 0.008766318638879401, 0.008123168958837267, 0.004564856450879435, 0.0043751740197926995, 0.004285909779611992, 0.004127447363382983, 0.004101196664696706, 0.004036256352422787, 0.003996300825071232, 0.003896268108795334, 0.003655742094611109, 0.003611048520908292, 0.0035402291940403083, 0.0034928544811710194, 0.0034059895600587298, 0.0033160980218261936, 0.0031373683912582703, 0.0029789596242344434, 0.0018673882162879999, 0.0009626074589639288, 0.0007222525317235507, 0.0006097879883814671, 0.0006180200260783311, 0.00042694752613486165, 0.0004279212240521011, 0.00041748882298443276, 0.0003515472862003868, 0.00035094562011083776, 0.0003539075222885238, 0.0003504183995882969, 0.00021190508927504243, 0.00010910434979283369, 0.00010056131286994407, 0.00010026698804038796, 9.376044439127288e-05, 8.449379039775829e-05, 8.144716664143428e-05, 8.005400248855913e-05, 7.730861152169434e-05, 6.736315487014019e-05, 6.396366641620466e-05, 6.044685302297596e-05, 5.866845014641318e-05, 5.564852532921813e-05, 5.497036718602052e-05, 5.3395731865323003e-05, 5.224279901586356e-05, 5.093513439157496e-05, 5.004166172552455e-05, 4.905499537846261e-05), 'scanned_max_parameter_residual': (0.308177308234442, 0.23106273522593113, 0.20613763791596362, 0.12763925282309652, 0.13197903189530144, 0.13482455637376278, 0.13016889552771121, 0.13023254528554642, 0.13026864537199115, 0.12962840607718681, 0.12905311623259108, 0.1169299138336208, 0.11064450297404059, 0.11093202032151118, 0.11058644762510542, 0.115351583578204, 0.11705660140454933, 0.1209499561105931, 0.12395264335499907, 0.12499169609775602, 0.12195342882994008, 0.1219535617765635, 0.08306300826568823, 0.08306598851291816, 0.07361737718313299, 0.07355855799371912, 0.07355345288682825, 0.06087128433369178, 0.06057575437100326, 0.06057577144316809, 0.060611540393788015, 0.04646272894745976, 0.03446573106371439, 0.03446576273578235, 0.03446576273686727, 0.03446574430532852, 0.034465744310740946, 0.034465744675039614, 0.034465744642283004, 0.034397490516682394, 0.018916800995288172, 0.018916793076422897, 0.019117000326226267, 0.019101358351177655, 0.01909976073915848, 0.01952405588515785, 0.01926413517685906, 0.01926413507514357, 0.019264133912889805, 0.016327430203538714, 0.017965471201017942), 'exact_refit_count': 51, 'method_fidelity': 'core DOM equations with a common-MSE stopping wrapper', 'repeated_complete_timing': {'repeats': 1, 'samples_ms': [204.10470000933856], 'p50_ms': 204.10470000933856, 'mean_ms': 204.10470000933856}}",
Synthetic,seed20000_sample3769,independent_3769,21,21,liang_feature_iki_2017_adaptation,False,ok,4.88636468206648e-05,True,,,48,123.27250000089407,,"[0.025648515081606732, 0.051297030163213464, 0.06412128770401683, 0.0769455452448202, 0.10259406032642693, 0.1538910904896404, 0.16030321926004207, 0.16671534803044374, 0.17953960557124712, 0.20518812065285386, 0.2165122812643709, 0.22217436157012943, 0.22783644187588795, 0.25048476309892204, 0.2957814055449902, 0.34107804799105834, 0.3524022086025754, 0.35806428890833386, 0.3637263692140924, 0.3863746904371265, 0.40902301166016064, 0.4316713328831947, 0.44299549349471173, 0.45431965410622877, 0.4769679753292628, 0.4996162965522969, 0.522264617775331, 0.5675612602213992, 0.6112173381318828, 0.6330453770871247, 0.6548734160423666, 0.6767014549976085, 0.6876154744752294, 0.6985294939528504, 0.7094435134304713, 0.7203575329080922, 0.7421855718633341, 0.753099591340955, 0.764013610818576, 0.7749276302961969, 0.7858416497738179, 0.8294977276843015, 0.8513257666395433, 0.8731538055947852, 0.8840678250724061, 0.894981844550027, 0.9168098835052689, 0.9626553504182755]","{'network_used': False, 'parameterization': 'chord_length', 'reported_refit': 'unregularized standard B-spline least squares with exact endpoint interpolation', 'timing_scope': 'complete numerical method: chord parameterization, knot selection/relocation, and final endpoint-constrained refit', 'mse_tolerance': 5e-05, 'smoothness_weight': 0.0, 'control_ridge': 0.0, 'interpolate_endpoints': True, 'declared_max_internal_knots': 64, 'declared_paper_initial_knots': 64, 'reference_doi': '10.1088/1361-6501/aa6a05', 'variant': 'feature_integral_plus_iki_disclosed_adaptation', 'dense_internal_knot_count': 64, 'initial_internal_knot_count': 4, 'inserted_internal_knot_count': 44, 'curvature_weight': 0.5, 'feature_sample_count': 1025, 'scanned_counts': (4, 5, 6, 7, 8, 9, 10, 11, 12, 13, 14, 15, 16, 17, 18, 19, 20, 21, 22, 23, 24, 25, 26, 27, 28, 29, 30, 31, 32, 33, 34, 35, 36, 37, 38, 39, 40, 41, 42, 43, 44, 45, 46, 47, 48), 'scanned_mse': (0.004253807760137732, 0.004173003808856255, 0.00413935168487336, 0.00400750976151245, 0.0039744488038059855, 0.0038420610795017033, 0.003782013781197873, 0.0036256540609540563, 0.0034693570440630685, 0.00345434055262407, 0.002996070701247264, 0.002983699485060604, 0.00246651275453547, 0.0024554159119296658, 0.0017474718242929729, 0.0017000893699711816, 0.001473729966665673, 0.0014552308980906054, 0.0013285626237778665, 0.000989831226612094, 0.0008351196690183938, 0.0007273178019357554, 0.000592956339403137, 0.000455827180340694, 0.0003680124755307546, 0.00031488245198242284, 0.000280916694173159, 0.00025542080484150374, 0.00020261113202253117, 0.00017250760954699469, 0.00017102637058722804, 0.00015123237730670257, 0.00012523002628676488, 0.00011390265203347427, 9.420896521736051e-05, 8.711122802232915e-05, 8.566242941515036e-05, 8.384274595062484e-05, 7.697870298231705e-05, 6.89280440684113e-05, 6.492832684126653e-05, 5.8996260911444646e-05, 5.4668387627100806e-05, 5.078879258854167e-05, 4.88636468206648e-05), 'scanned_max_parameter_residual': (0.1340216587007994, 0.125822433135638, 0.12618372555785612, 0.12141032563729902, 0.12316005122988839, 0.12258014673591847, 0.11757318288568024, 0.11158712888723797, 0.1121814246465193, 0.11501430857183699, 0.10434434686565691, 0.10445074456047086, 0.11569811140535577, 0.11783021980316899, 0.0890935092509848, 0.08597735041548311, 0.08758532789052827, 0.08637156112355386, 0.0832063211318908, 0.07520738000735393, 0.07238119239081311, 0.05786052610136557, 0.057364913440208616, 0.0581444799172288, 0.04933711707216725, 0.04480904358820303, 0.04251371757647423, 0.040151483621194264, 0.036735489975024106, 0.035418982169770866, 0.03463619700826325, 0.03098471964872785, 0.02819045888174532, 0.026024695368812804, 0.024203072606939102, 0.025398352116793376, 0.024072784105168506, 0.023250636137412385, 0.022747341419032348, 0.019794348206898273, 0.018363888241644685, 0.018072441237838344, 0.017665449736775318, 0.015768209932751735, 0.014399430104191042), 'exact_refit_count': 46, 'paper_native_objective': 'error-bounded feature-integral initialization plus iterative knot insertion', 'comparison_wrapper': 'explicit 0.5 arc/curvature feature blend by default, worst-residual span midpoint insertion, and common-MSE stopping', 'method_fidelity': ""Liang-inspired adaptation; the access-controlled article's exact feature equation and constants are not claimed"", 'threshold_satisfied': True, 'repeated_complete_timing': {'repeats': 1, 'samples_ms': [123.27250000089407], 'p50_ms': 123.27250000089407, 'mean_ms': 123.27250000089407}}",
Synthetic,seed20000_sample3769,independent_3769,21,21,dung_direct_knot_2017_adaptation,False,ok,4.7694480576996534e-05,True,,,44,1803.359899960924,,"[0.046153846153846156, 0.0871168562314949, 0.10212177391602967, 0.10620732020680626, 0.13770935021439318, 0.18797667615714342, 0.2, 0.20240358711169035, 0.24615384615384617, 0.2474481381470253, 0.28676966053922714, 0.2923076923076923, 0.3322099632450369, 0.3384615384615385, 0.3657607065595811, 0.36923076923076925, 0.3974392428590602, 0.4461538461538462, 0.4621203128680484, 0.4954912970069849, 0.5250897700392297, 0.5601757593829423, 0.5692307692307692, 0.6, 0.6042802220273883, 0.6307692307692307, 0.6360720463019158, 0.6461538461538461, 0.676923076923077, 0.6798821273597629, 0.6923076923076923, 0.7331207957132817, 0.7350203396323435, 0.7384615384615385, 0.7692307692307692, 0.7844918414987864, 0.7846153846153846, 0.8236052132661627, 0.8500628096269641, 0.8769230769230769, 0.8958223193670969, 0.9076923076923077, 0.9230769230769231, 0.9384615384615385]","{'network_used': False, 'parameterization': 'chord_length', 'reported_refit': 'unregularized endpoint-constrained standard B-spline least squares', 'timing_scope': 'complete numerical method: chord parameterization, knot selection/relocation, and final endpoint-constrained refit', 'mse_tolerance': 5e-05, 'smoothness_weight': 0.0, 'control_ridge': 0.0, 'interpolate_endpoints': True, 'declared_max_internal_knots': 64, 'declared_paper_initial_knots': 64, 'paper': 'Dung and Tjahjowidodo, PLOS ONE 2017, doi:10.1371/journal.pone.0173857', 'variant': 'serial_bisection_simple_knot_adaptation', 'native_control_norm': 'maximum Euclidean point residual', 'native_max_error_tolerance': 0.007071067811865475, 'native_final_max_error': 0.10570993401212087, 'native_final_mse': 0.0006720290851766414, 'common_final_max_error': 0.10736723948163432, 'common_final_mse': 0.000675546204024216, 'all_local_segments_native_feasible': False, 'local_piecewise_feasible_global_common_refit_failed': False, 'native_global_max_error_threshold_satisfied': False, 'native_global_common_mse_threshold_satisfied': False, 'native_global_internal_knot_count': 22, 'common_final_metrics_scope': 'native adaptation before any optional comparison feasibility safeguard', 'segments': ((0, 7), (8, 16), (17, 26), (27, 35), (36, 43), (44, 51), (52, 59), (60, 66), (67, 74), (75, 82), (83, 89), (90, 97), (98, 108), (109, 115), (116, 124), (125, 131), (132, 137), (138, 147), (148, 155), (156, 165), (166, 176), (177, 183), (184, 191)), 'segment_max_errors': (0.006333870264005569, 0.003913350339388169, 0.004531265963766339, 0.005890585376649104, 0.0043720900790850175, 0.005752814934809118, 0.006117751029242665, 0.004922846797528649, 0.0047451689295768505, 0.004889661407138733, 0.005559115162847153, 0.006460352293253711, 0.0070303257143410226, 0.003994739152018025, 0.00698938499125348, 0.00611230233648417, 0.0009310898464444255, 0.003194291497489467, 0.0015734523164902727, 0.006532344187918326, 0.00490503540774822, 0.003968473593928324, 0.02424344882310836), 'coarse_break_indices': (7, 16, 26, 35, 43, 51, 59, 66, 74, 82, 89, 97, 108, 115, 124, 131, 137, 147, 155, 165, 176, 183), 'proposed_internal_knot_count': 22, 'retained_internal_knot_count': 22, 'scan_evaluations': 242, 'optimization_evaluations': 381, 'single_piece_evaluations': 207, 'exact_refit_count': 832, 'gauss_newton_fallback_count': 0, 'capacity_exceeded': False, 'capacity_handling': 'none', 'adaptation_limits': ('serial bisection only; parallel split/join/shift is not implemented', 'simple interior knots only; multiplicity and continuity classification are omitted', 'default native max-error epsilon is sqrt(mse_tolerance), which is a unit conversion rather than an equivalent constraint', 'capacity overflow is handled by deterministic uniform coarse-break subsampling before relocation', 'guarded float64 least squares and finite-difference Gauss-Newton replace MATLAB numerical edge behavior'), 'method_fidelity': 'serial simple-knot adaptation; parallel operations and knot multiplicity classification are not reproduced', 'threshold_satisfied_native_max_error': False, 'threshold_satisfied_common_max_error_before_safeguard': False, 'native_common_refit_mse': 0.000675546204024216, 'native_common_refit_k': 22, 'native_common_refit_threshold_satisfied': False, 'comparison_method_capacity': 64, 'comparison_feasibility_safeguard_version': 'bounded_common_mse_v1', 'comparison_feasibility_safeguard_enabled': True, 'comparison_feasibility_safeguard_used': True, 'comparison_feasibility_safeguard_attempted': True, 'comparison_feasibility_safeguard_role': 'repository comparison wrapper; not part of the cited method', 'comparison_feasibility_native_mse': 0.000675546204024216, 'comparison_feasibility_native_k': 22, 'comparison_feasibility_native_threshold_satisfied': False, 'comparison_feasibility_native_knots': (0.10212177391602967, 0.10620732020680626, 0.13770935021439318, 0.18797667615714342, 0.20240358711169035, 0.2474481381470253, 0.28676966053922714, 0.3322099632450369, 0.3657607065595811, 0.3974392428590602, 0.4621203128680484, 0.4954912970069849, 0.5250897700392297, 0.5601757593829423, 0.6042802220273883, 0.6360720463019158, 0.6798821273597629, 0.7331207957132817, 0.7844918414987864, 0.8236052132661627, 0.8500628096269641, 0.8958223193670969), 'comparison_feasibility_added_knots': (0.9384615384615385, 0.9076923076923077, 0.6307692307692307, 0.2923076923076923, 0.8769230769230769, 0.6, 0.6461538461538461, 0.3384615384615385, 0.046153846153846156, 0.4461538461538462, 0.24615384615384617, 0.5692307692307692, 0.0871168562314949, 0.676923076923077, 0.36923076923076925, 0.2, 0.9230769230769231, 0.7846153846153846, 0.7384615384615385, 0.7350203396323435, 0.6923076923076923, 0.7692307692307692), 'comparison_feasibility_added_knots_scope': 'residual-guided path; final_knots are authoritative after any uniform fallback', 'comparison_feasibility_refit_count': 66, 'comparison_feasibility_final_source': 'residual_guided_augmentation', 'comparison_feasibility_final_mse': 4.7694480576996534e-05, 'comparison_feasibility_final_k': 44, 'comparison_feasibility_final_knots': (0.046153846153846156, 0.0871168562314949, 0.10212177391602967, 0.10620732020680626, 0.13770935021439318, 0.18797667615714342, 0.2, 0.20240358711169035, 0.24615384615384617, 0.2474481381470253, 0.28676966053922714, 0.2923076923076923, 0.3322099632450369, 0.3384615384615385, 0.3657607065595811, 0.36923076923076925, 0.3974392428590602, 0.4461538461538462, 0.4621203128680484, 0.4954912970069849, 0.5250897700392297, 0.5601757593829423, 0.5692307692307692, 0.6, 0.6042802220273883, 0.6307692307692307, 0.6360720463019158, 0.6461538461538461, 0.676923076923077, 0.6798821273597629, 0.6923076923076923, 0.7331207957132817, 0.7350203396323435, 0.7384615384615385, 0.7692307692307692, 0.7844918414987864, 0.7846153846153846, 0.8236052132661627, 0.8500628096269641, 0.8769230769230769, 0.8958223193670969, 0.9076923076923077, 0.9230769230769231, 0.9384615384615385), 'comparison_feasibility_threshold_satisfied': True, 'comparison_feasibility_status': 'repaired_feasible', 'comparison_feasibility_dense_capacity_mse': None, 'comparison_feasibility_dense_capacity_threshold_satisfied': None, 'comparison_feasibility_capacity': 64, 'comparison_method_label': 'threshold-safe adaptation', 'threshold_satisfied': True, 'repeated_complete_timing': {'repeats': 1, 'samples_ms': [1803.359899960924], 'p50_ms': 1803.359899960924, 'mean_ms': 1803.359899960924}}",
Synthetic,seed20000_sample3769,independent_3769,21,21,kang_sparse_2015_adaptation,False,ok,3.7327394170559044e-05,True,,,64,441.77570001920685,,"[0.015384615384615385, 0.03076923076923077, 0.046153846153846156, 0.06153846153846154, 0.07692307692307693, 0.09230769230769231, 0.1076923076923077, 0.12307692307692308, 0.13846153846153847, 0.15384615384615385, 0.16923076923076924, 0.18461538461538463, 0.2, 0.2153846153846154, 0.23076923076923078, 0.24615384615384617, 0.26153846153846155, 0.27692307692307694, 0.2923076923076923, 0.3076923076923077, 0.3230769230769231, 0.3384615384615385, 0.35384615384615387, 0.36923076923076925, 0.38461538461538464, 0.4, 0.4153846153846154, 0.4307692307692308, 0.4461538461538462, 0.46153846153846156, 0.47692307692307695, 0.49230769230769234, 0.5076923076923077, 0.523076923076923, 0.5384615384615384, 0.5538461538461539, 0.5692307692307692, 0.5846153846153845, 0.6, 0.6153846153846154, 0.6307692307692307, 0.6461538461538461, 0.6615384615384615, 0.676923076923077, 0.6923076923076923, 0.7076923076923076, 0.7230769230769231, 0.7384615384615385, 0.7538461538461538, 0.7692307692307692, 0.7846153846153846, 0.8, 0.8153846153846154, 0.8307692307692307, 0.8461538461538461, 0.8615384615384616, 0.8769230769230769, 0.8923076923076922, 0.9076923076923077, 0.9230769230769231, 0.9384615384615385, 0.9538461538461538, 0.9692307692307692, 0.9846153846153847]","{'network_used': False, 'parameterization': 'chord_length', 'reported_refit': 'unregularized standard B-spline least squares with exact endpoint interpolation', 'timing_scope': 'complete numerical method: chord parameterization, knot selection/relocation, and final endpoint-constrained refit', 'mse_tolerance': 5e-05, 'smoothness_weight': 0.0, 'control_ridge': 0.0, 'interpolate_endpoints': True, 'declared_max_internal_knots': 64, 'declared_paper_initial_knots': 64, 'initial_internal_knot_count': 64, 'dense_initial_fit_mse': 3.732739417055905e-05, 'dense_initial_threshold_satisfied': True, 'active_internal_knot_count': 64, 'cluster_sizes': (64,), 'active_cluster_count': 1, 'relocated_internal_knot_count': 64, 'relocated_unique_knot_count': 64, 'relocated_knot_multiplicities': (1, 1, 1, 1, 1, 1, 1, 1, 1, 1, 1, 1, 1, 1, 1, 1, 1, 1, 1, 1, 1, 1, 1, 1, 1, 1, 1, 1, 1, 1, 1, 1, 1, 1, 1, 1, 1, 1, 1, 1, 1, 1, 1, 1, 1, 1, 1, 1, 1, 1, 1, 1, 1, 1, 1, 1, 1, 1, 1, 1, 1, 1, 1, 1), 'active_to_relocated_compression_ratio': 1.0, 'sparse_stage_mse': 3.732739417055905e-05, 'sparse_stage_threshold_satisfied': True, 'native_sparse_feasible_final_common_refit_failed': False, 'sparse_and_final_mse_are_directly_comparable': False, 'sparse_iterations': 900, 'sparse_solver_seconds': 0.42366869997931644, 'relocation_seconds': 2.47000134550035e-05, 'non_paper_feasibility_repair_enabled': False, 'paper_feasibility_repair_used': False, 'paper_feasibility_repair_added_count': 0, 'local_refit_count': 0, 'method_note': ""Vector-valued group-L1 ADMM adaptation of Kang et al. (2015) equation (12), followed by Algorithms 4-5 only for clear short active clusters; long general-data runs retain their active knots because Algorithm 1 is not reproduced; not the paper's scalar CVX implementation."", 'relocation_method': 'Algorithms 4-5 skipped: the active knots do not form clear short groups; retain the sparse-stage active vector instead of applying Algorithm 4 outside the regime recommended by Kang et al. Algorithm 1 is not reproduced by this adaptation.', 'algorithm4_cluster_relocation_applied': False, 'absolute_jump_threshold': 1e-07, 'relative_jump_threshold': 0.001, 'effective_jump_threshold': 13068.64149973123, 'native_final_fit_mse_without_endpoint_constraint': 3.732739417055905e-05, 'native_endpoint_constrained_mse': 3.7327394170559044e-05, 'endpoint_constraint_fallback': 'disabled', 'native_common_refit_mse': 3.7327394170559044e-05, 'native_common_refit_k': 64, 'native_common_refit_threshold_satisfied': True, 'comparison_method_capacity': 64, 'comparison_feasibility_safeguard_version': 'bounded_common_mse_v1', 'comparison_feasibility_safeguard_enabled': True, 'comparison_feasibility_safeguard_used': False, 'comparison_feasibility_safeguard_attempted': False, 'comparison_feasibility_safeguard_role': 'repository comparison wrapper; not part of the cited method', 'comparison_feasibility_native_mse': 3.7327394170559044e-05, 'comparison_feasibility_native_k': 64, 'comparison_feasibility_native_threshold_satisfied': True, 'comparison_feasibility_native_knots': (0.015384615384615385, 0.03076923076923077, 0.046153846153846156, 0.06153846153846154, 0.07692307692307693, 0.09230769230769231, 0.1076923076923077, 0.12307692307692308, 0.13846153846153847, 0.15384615384615385, 0.16923076923076924, 0.18461538461538463, 0.2, 0.2153846153846154, 0.23076923076923078, 0.24615384615384617, 0.26153846153846155, 0.27692307692307694, 0.2923076923076923, 0.3076923076923077, 0.3230769230769231, 0.3384615384615385, 0.35384615384615387, 0.36923076923076925, 0.38461538461538464, 0.4, 0.4153846153846154, 0.4307692307692308, 0.4461538461538462, 0.46153846153846156, 0.47692307692307695, 0.49230769230769234, 0.5076923076923077, 0.523076923076923, 0.5384615384615384, 0.5538461538461539, 0.5692307692307692, 0.5846153846153845, 0.6, 0.6153846153846154, 0.6307692307692307, 0.6461538461538461, 0.6615384615384615, 0.676923076923077, 0.6923076923076923, 0.7076923076923076, 0.7230769230769231, 0.7384615384615385, 0.7538461538461538, 0.7692307692307692, 0.7846153846153846, 0.8, 0.8153846153846154, 0.8307692307692307, 0.8461538461538461, 0.8615384615384616, 0.8769230769230769, 0.8923076923076922, 0.9076923076923077, 0.9230769230769231, 0.9384615384615385, 0.9538461538461538, 0.9692307692307692, 0.9846153846153847), 'comparison_feasibility_added_knots': (), 'comparison_feasibility_added_knots_scope': 'residual-guided path; final_knots are authoritative after any uniform fallback', 'comparison_feasibility_refit_count': 0, 'comparison_feasibility_final_source': 'native', 'comparison_feasibility_final_mse': 3.7327394170559044e-05, 'comparison_feasibility_final_k': 64, 'comparison_feasibility_final_knots': (0.015384615384615385, 0.03076923076923077, 0.046153846153846156, 0.06153846153846154, 0.07692307692307693, 0.09230769230769231, 0.1076923076923077, 0.12307692307692308, 0.13846153846153847, 0.15384615384615385, 0.16923076923076924, 0.18461538461538463, 0.2, 0.2153846153846154, 0.23076923076923078, 0.24615384615384617, 0.26153846153846155, 0.27692307692307694, 0.2923076923076923, 0.3076923076923077, 0.3230769230769231, 0.3384615384615385, 0.35384615384615387, 0.36923076923076925, 0.38461538461538464, 0.4, 0.4153846153846154, 0.4307692307692308, 0.4461538461538462, 0.46153846153846156, 0.47692307692307695, 0.49230769230769234, 0.5076923076923077, 0.523076923076923, 0.5384615384615384, 0.5538461538461539, 0.5692307692307692, 0.5846153846153845, 0.6, 0.6153846153846154, 0.6307692307692307, 0.6461538461538461, 0.6615384615384615, 0.676923076923077, 0.6923076923076923, 0.7076923076923076, 0.7230769230769231, 0.7384615384615385, 0.7538461538461538, 0.7692307692307692, 0.7846153846153846, 0.8, 0.8153846153846154, 0.8307692307692307, 0.8461538461538461, 0.8615384615384616, 0.8769230769230769, 0.8923076923076922, 0.9076923076923077, 0.9230769230769231, 0.9384615384615385, 0.9538461538461538, 0.9692307692307692, 0.9846153846153847), 'comparison_feasibility_threshold_satisfied': True, 'comparison_feasibility_status': 'native_feasible', 'comparison_feasibility_dense_capacity_mse': None, 'comparison_feasibility_dense_capacity_threshold_satisfied': None, 'comparison_feasibility_capacity': 64, 'comparison_method_label': 'threshold-safe adaptation', 'threshold_satisfied': True, 'repeated_complete_timing': {'repeats': 1, 'samples_ms': [441.77570001920685], 'p50_ms': 441.77570001920685, 'mean_ms': 441.77570001920685}}",
Synthetic,seed20000_sample3769,independent_3769,21,21,luo_linf_de_2022_adaptation,False,ok,4.893933684160392e-05,True,,,50,2537.410299992189,,"[1e-05, 0.046153846153846156, 0.06153846153846154, 0.07692307692307693, 0.1076923076923077, 0.12307692307692308, 0.13027949069029807, 0.13846153846153847, 0.16278482162143443, 0.16923076923076924, 0.18461538461538463, 0.2, 0.2153846153846154, 0.23076923076923078, 0.24615384615384617, 0.2923076923076923, 0.3076923076923077, 0.3230769230769231, 0.35384615384615387, 0.3579057253339274, 0.38754057103624784, 0.4, 0.42649466554716164, 0.4461538461538462, 0.46153846153846156, 0.49230769230769234, 0.5076923076923077, 0.523076923076923, 0.5384615384615384, 0.5692307692307692, 0.5846153846153845, 0.6, 0.6153846153846154, 0.6461538461538461, 0.6615384615384615, 0.6899196255745843, 0.6923076923076923, 0.7384615384615385, 0.7538461538461538, 0.7846153846153846, 0.8, 0.8153846153846154, 0.8307692307692307, 0.8461538461538461, 0.8615384615384616, 0.8769230769230769, 0.9076923076923077, 0.9538461538461538, 0.9769497853376811, 0.9895556552982225]","{'network_used': False, 'parameterization': 'chord_length', 'reported_refit': 'unregularized standard B-spline least squares with exact endpoint interpolation', 'timing_scope': 'complete numerical method: chord parameterization, knot selection/relocation, and final endpoint-constrained refit', 'mse_tolerance': 5e-05, 'smoothness_weight': 0.0, 'control_ridge': 0.0, 'interpolate_endpoints': True, 'declared_max_internal_knots': 64, 'declared_paper_initial_knots': 64, 'reference_doi': '10.4208/jcm.2012-m2020-0203', 'variant': 'linf1_jump_sparsity_plus_differential_evolution', 'initial_internal_knot_count': 64, 'dense_initial_fit_mse': 3.732739417055905e-05, 'dense_initial_threshold_satisfied': True, 'selected_regularization': 1.58132331974678e-08, 'sparse_stage_mse': 4.998110016644186e-05, 'sparse_stage_threshold_satisfied': True, 'jump_local_maximum_eta': 0.5, 'candidate_internal_knot_count': 9, 'initial_to_candidate_compression_ratio': 0.140625, 'candidate_refit_mse_before_de': 0.003724957479852155, 'candidate_refit_threshold_satisfied_before_de': False, 'candidate_selection_lost_sparse_feasibility': True, 'de_population': 10, 'de_iterations': 10, 'de_evaluations': 110, 'de_initial_max_error': 0.13021617421032244, 'de_final_max_error': 0.11554723637929216, 'de_restored_common_mse_feasibility': False, 'paper_native_objective': 'nonsquared Frobenius data term plus l-infinity,1 derivative-jump penalty; DE minimizes maximum Euclidean error', 'comparison_wrapper': 'regularization is selected against the common MSE budget and the final fit uses the common endpoint-constrained refit', 'method_fidelity': 'defining mixed-norm, local-maximum selection, and DE stages are reproduced; hyperparameter selection is adapted', 'native_common_refit_mse': 0.004035034086657923, 'native_common_refit_k': 9, 'native_common_refit_threshold_satisfied': False, 'comparison_method_capacity': 64, 'comparison_feasibility_safeguard_version': 'bounded_common_mse_v1', 'comparison_feasibility_safeguard_enabled': True, 'comparison_feasibility_safeguard_used': True, 'comparison_feasibility_safeguard_attempted': True, 'comparison_feasibility_safeguard_role': 'repository comparison wrapper; not part of the cited method', 'comparison_feasibility_native_mse': 0.004035034086657923, 'comparison_feasibility_native_k': 9, 'comparison_feasibility_native_threshold_satisfied': False, 'comparison_feasibility_native_knots': (1e-05, 0.13027949069029807, 0.16278482162143443, 0.3579057253339274, 0.38754057103624784, 0.42649466554716164, 0.6899196255745843, 0.9769497853376811, 0.9895556552982225), 'comparison_feasibility_added_knots': (0.7538461538461538, 0.7384615384615385, 0.5846153846153845, 0.9538461538461538, 0.23076923076923078, 0.35384615384615387, 0.6615384615384615, 0.6153846153846154, 0.3076923076923077, 0.9076923076923077, 0.8, 0.5076923076923077, 0.523076923076923, 0.2153846153846154, 0.16923076923076924, 0.8615384615384616, 0.4, 0.06153846153846154, 0.7846153846153846, 0.8769230769230769, 0.4461538461538462, 0.6, 0.13846153846153847, 0.046153846153846156, 0.3230769230769231, 0.8153846153846154, 0.18461538461538463, 0.5384615384615384, 0.46153846153846156, 0.24615384615384617, 0.12307692307692308, 0.6461538461538461, 0.07692307692307693, 0.1076923076923077, 0.2923076923076923, 0.5692307692307692, 0.49230769230769234, 0.6923076923076923, 0.8461538461538461, 0.2, 0.8307692307692307), 'comparison_feasibility_added_knots_scope': 'residual-guided path; final_knots are authoritative after any uniform fallback', 'comparison_feasibility_refit_count': 123, 'comparison_feasibility_final_source': 'residual_guided_augmentation', 'comparison_feasibility_final_mse': 4.893933684160392e-05, 'comparison_feasibility_final_k': 50, 'comparison_feasibility_final_knots': (1e-05, 0.046153846153846156, 0.06153846153846154, 0.07692307692307693, 0.1076923076923077, 0.12307692307692308, 0.13027949069029807, 0.13846153846153847, 0.16278482162143443, 0.16923076923076924, 0.18461538461538463, 0.2, 0.2153846153846154, 0.23076923076923078, 0.24615384615384617, 0.2923076923076923, 0.3076923076923077, 0.3230769230769231, 0.35384615384615387, 0.3579057253339274, 0.38754057103624784, 0.4, 0.42649466554716164, 0.4461538461538462, 0.46153846153846156, 0.49230769230769234, 0.5076923076923077, 0.523076923076923, 0.5384615384615384, 0.5692307692307692, 0.5846153846153845, 0.6, 0.6153846153846154, 0.6461538461538461, 0.6615384615384615, 0.6899196255745843, 0.6923076923076923, 0.7384615384615385, 0.7538461538461538, 0.7846153846153846, 0.8, 0.8153846153846154, 0.8307692307692307, 0.8461538461538461, 0.8615384615384616, 0.8769230769230769, 0.9076923076923077, 0.9538461538461538, 0.9769497853376811, 0.9895556552982225), 'comparison_feasibility_threshold_satisfied': True, 'comparison_feasibility_status': 'repaired_feasible', 'comparison_feasibility_dense_capacity_mse': None, 'comparison_feasibility_dense_capacity_threshold_satisfied': None, 'comparison_feasibility_capacity': 64, 'comparison_method_label': 'threshold-safe adaptation', 'threshold_satisfied': True, 'repeated_complete_timing': {'repeats': 1, 'samples_ms': [2537.410299992189], 'p50_ms': 2537.410299992189, 'mean_ms': 2537.410299992189}}",
Synthetic,seed20000_sample1306,independent_1306,22,22,ours,False,ok,3.1604881789762205e-05,True,,,43,13.9127,13.9533,"[0.037891488522291183, 0.06721385568380356, 0.08479258418083191, 0.10884374380111694, 0.12163934111595154, 0.14445585012435913, 0.16883012652397156, 0.18044188618659973, 0.21418365836143494, 0.23147550225257874, 0.24738512933254242, 0.28376561403274536, 0.3103748559951782, 0.31790074706077576, 0.33536675572395325, 0.3675137162208557, 0.36761370301246643, 0.4130150079727173, 0.44868430495262146, 0.46100741624832153, 0.4911929666996002, 0.5049118399620056, 0.5177517533302307, 0.5649095773696899, 0.5693198442459106, 0.5968036651611328, 0.6232680082321167, 0.6405706405639648, 0.6565463542938232, 0.6953319907188416, 0.711496889591217, 0.7428357005119324, 0.7565343379974365, 0.7811203598976135, 0.8077548742294312, 0.8173444867134094, 0.8410133123397827, 0.8693537712097168, 0.8759822249412537, 0.9172682166099548, 0.919978141784668, 0.9420824646949768, 0.9625722169876099]","{'network_latency': {'p50_ms': 13.9533, 'median_ms': 13.9533, 'mean_ms': 13.9533, 'p95_ms': 13.9533, 'minimum_ms': 13.9533, 'maximum_ms': 13.9533, 'repeat_ms': [13.9533]}, 'end_to_end_latency': {'p50_ms': 13.9127, 'median_ms': 13.9127, 'mean_ms': 13.9127, 'p95_ms': 13.9127, 'minimum_ms': 13.9127, 'maximum_ms': 13.9127, 'repeat_ms': [13.9127]}, 'postprocessing': 'none', 'tolerance_conditioned_network': True, 'network_mse_tolerance': 5e-05}",
Synthetic,seed20000_sample1306,independent_1306,22,22,park_dominant_point_2007_adaptation,False,ok,4.887702524170969e-05,True,,,53,284.70100002596155,,"[0.05161828833362214, 0.07079085303651154, 0.08581661413357568, 0.09527150534228641, 0.10948012466385265, 0.11881126758325904, 0.1321378621908714, 0.1504577801824216, 0.1675514004042258, 0.18582603376458026, 0.20091704344848504, 0.21516228672750035, 0.22823360089831557, 0.24115444684917883, 0.2561790618640522, 0.2777492381666884, 0.30407795348731326, 0.3287802481690787, 0.3443488729131659, 0.35458263864147993, 0.3679600855186529, 0.3847160723042655, 0.40000031281974513, 0.4209659633203293, 0.44343472684512353, 0.46384043830379884, 0.48630533563229594, 0.505716552180894, 0.5317811142567826, 0.5468323030118699, 0.5634674743770226, 0.5793132627230615, 0.6049654306027162, 0.6371503003073163, 0.6686223656263227, 0.6927356382289634, 0.7060865068931368, 0.7155079897127267, 0.725839791724291, 0.7356247041823206, 0.7457451260035746, 0.7610846492344073, 0.7863772489101702, 0.810895435583579, 0.8271927143970853, 0.8416934663624404, 0.8572003419817799, 0.8756294637820323, 0.8889020474946498, 0.8984520026426327, 0.9063253558473047, 0.9156825483228448, 0.9271406889810981]","{'network_used': False, 'parameterization': 'chord_length', 'reported_refit': 'unregularized standard B-spline least squares with exact endpoint interpolation', 'timing_scope': 'complete numerical method: chord parameterization, knot selection/relocation, and final endpoint-constrained refit', 'mse_tolerance': 5e-05, 'smoothness_weight': 0.0, 'control_ridge': 0.0, 'interpolate_endpoints': True, 'declared_max_internal_knots': 64, 'declared_paper_initial_knots': 64, 'method': 'park_lee_dom_2007_adaptation', 'reference_doi': '10.1016/j.cad.2006.12.006', 'knot_placement': 'Park-Lee Eq. (4): each interior knot averages degree consecutive dominant-point parameters', 'lcm_lower_bound': 5.043516566500287, 'lcm_seed_count': 29, 'shape_weight_r': 0.8, 'shape_index': 'r*K_s,e/K_0,m + (1-r)*L_s,e/L_0,m', 'curvature_integral': 'trapezoidal in chord parameter', 'curvature_source': 'generalized local Menger curvature; no optional smoothed base curve', 'refinement_region': 'segment containing largest sampled parameter-correspondence residual', 'refinement_point': 'argmin_w |lambda_s,w - lambda_w,e|', 'stopping_metric': 'mean squared Euclidean parameter-correspondence error', 'distance_metric_deviation': ""comparison adaptation stops on common MSE; it does not reproduce the paper's maximum-distance or iterative orthogonal-distance criterion"", 'seed_completion_deviation': 'shape-index splits complete degree+1 dominant points when too few LCM seeds exist', 'effective_max_internal_knots': 64, 'requested_max_internal_knots': 64, 'selected_sources': ('endpoint', 'endpoint', 'lcm_seed', 'lcm_seed', 'lcm_seed', 'lcm_seed', 'lcm_seed', 'lcm_seed', 'lcm_seed', 'lcm_seed', 'lcm_seed', 'lcm_seed', 'lcm_seed', 'lcm_seed', 'lcm_seed', 'lcm_seed', 'lcm_seed', 'lcm_seed', 'lcm_seed', 'lcm_seed', 'lcm_seed', 'lcm_seed', 'lcm_seed', 'lcm_seed', 'lcm_seed', 'lcm_seed', 'lcm_seed', 'lcm_seed', 'lcm_seed', 'lcm_seed', 'lcm_seed', 'adaptive_shape_split', 'adaptive_shape_split', 'adaptive_shape_split', 'adaptive_shape_split', 'adaptive_shape_split', 'adaptive_shape_split', 'adaptive_shape_split', 'adaptive_shape_split', 'adaptive_shape_split', 'adaptive_shape_split', 'adaptive_shape_split', 'adaptive_shape_split', 'adaptive_shape_split', 'adaptive_shape_split', 'adaptive_shape_split', 'adaptive_shape_split', 'adaptive_shape_split', 'adaptive_shape_split', 'adaptive_shape_split', 'adaptive_shape_split', 'adaptive_shape_split', 'adaptive_shape_split', 'adaptive_shape_split', 'adaptive_shape_split', 'adaptive_shape_split', 'adaptive_shape_split'), 'boundary_knot_clamp_count': 0, 'threshold_satisfied': True, 'scanned_counts': (0, 1, 2, 3, 4, 5, 6, 7, 8, 9, 10, 11, 12, 13, 14, 15, 16, 17, 18, 19, 20, 21, 22, 23, 24, 25, 26, 27, 28, 29, 30, 31, 32, 33, 34, 35, 36, 37, 38, 39, 40, 41, 42, 43, 44, 45, 46, 47, 48, 49, 50, 51, 52, 53), 'scanned_mse': (0.010477406208695597, 0.010111590564768583, 0.007445149669607363, 0.0073755784512435545, 0.007221416276680842, 0.007126444662582408, 0.005279213704535338, 0.004637498016977296, 0.004348375736705676, 0.004184833037563531, 0.004136490044868771, 0.004123262923848975, 0.0037349157520956398, 0.003635965615137118, 0.0035626113791801853, 0.0033576255207199593, 0.0032266164706677633, 0.0032249020415046456, 0.003060477401963234, 0.002355683004043318, 0.0018199403463688183, 0.0007247108936161956, 0.0004943487260266633, 0.0004087050064539146, 0.0003329975271770514, 0.0003369335944111836, 0.00034132482350052764, 0.0002721943749682053, 0.00013624316951620977, 0.00012929935166284745, 0.00012116621647356172, 0.00011079955960830319, 0.00010605436774821624, 0.0001047318398480058, 0.00010000517456487636, 8.886203053160679e-05, 8.261553025084061e-05, 7.513803254248316e-05, 7.277161172854434e-05, 7.218105717201202e-05, 7.162948605481166e-05, 7.070152739992606e-05, 6.706232486757767e-05, 6.748234874915823e-05, 6.846757592402868e-05, 6.5104864970746e-05, 6.365472644746953e-05, 6.020833963885187e-05, 5.838796136458867e-05, 5.515641211456558e-05, 5.563975003378542e-05, 5.1820414661173435e-05, 5.261250779704205e-05, 4.887702524170969e-05), 'scanned_max_parameter_residual': (0.23543414729154863, 0.2494291124610201, 0.1978552313163775, 0.19839201871362439, 0.19016430382110228, 0.18408761737119628, 0.17400340353757876, 0.14705002187634694, 0.1464682403925074, 0.14626233810400313, 0.1352317472161635, 0.13485849297949268, 0.13538285261979796, 0.11877411552967317, 0.11366280305986415, 0.1232788832658512, 0.12386993718734782, 0.12387008459174705, 0.12819871092269505, 0.12034460396444013, 0.12368150647761944, 0.09121786244328085, 0.10016814148186722, 0.07303055783475867, 0.06109227121157144, 0.06080082858014031, 0.060800883776701585, 0.06080088717823963, 0.02571942544790757, 0.023968970580640854, 0.022255784643472405, 0.0213752070202007, 0.021418467281397364, 0.02613057518121718, 0.02612956387861934, 0.019420496492440317, 0.018385697797463747, 0.01769291859410598, 0.017446146920948744, 0.017477664082538792, 0.0210384623089371, 0.021038459597835044, 0.02116232585207742, 0.021152519470025898, 0.021186699305636377, 0.021150573568533147, 0.021150610265992728, 0.01750379450654478, 0.01750378863552536, 0.017536600606131512, 0.017449836920722092, 0.016754665280246217, 0.016776162523824183, 0.01653822641807304), 'exact_refit_count': 54, 'method_fidelity': 'core DOM equations with a common-MSE stopping wrapper', 'repeated_complete_timing': {'repeats': 1, 'samples_ms': [284.70100002596155], 'p50_ms': 284.70100002596155, 'mean_ms': 284.70100002596155}}",
Synthetic,seed20000_sample1306,independent_1306,22,22,liang_feature_iki_2017_adaptation,False,ok,4.7823749827785995e-05,True,,,55,199.8918000026606,,"[0.003907696902629111, 0.015033620271186097, 0.03805264431540309, 0.06107166835962008, 0.08409069240383707, 0.10710971644805406, 0.12272433159133747, 0.13833894673462088, 0.14224260052044174, 0.1461462543062626, 0.1539535618779043, 0.16176086944954599, 0.1695681770211877, 0.20079740730775453, 0.21641202245103797, 0.23202663759432138, 0.2476412527376048, 0.26325586788088823, 0.2788704830241716, 0.29448509816745505, 0.3100997133107385, 0.3257143284540219, 0.34132894359730526, 0.3569435587405887, 0.3881727890271555, 0.41940201931372234, 0.4506312496002892, 0.45843855717193094, 0.46624586474357266, 0.48186047988685604, 0.5130897101734229, 0.5287043253167063, 0.5443189404599897, 0.5599335556032732, 0.5755481707465566, 0.6067774010331234, 0.6313538134685532, 0.655930225903983, 0.6682184321216978, 0.6805066383394127, 0.7050830507748425, 0.7296594632102722, 0.7419476694279872, 0.754235875645702, 0.7788122880811319, 0.7911004942988468, 0.8033887005165616, 0.8156769067342765, 0.8279651129519914, 0.8525415253874212, 0.8648297316051361, 0.8771179378228511, 0.9016943502582808, 0.9262707626937106, 0.9508471751291404]","{'network_used': False, 'parameterization': 'chord_length', 'reported_refit': 'unregularized standard B-spline least squares with exact endpoint interpolation', 'timing_scope': 'complete numerical method: chord parameterization, knot selection/relocation, and final endpoint-constrained refit', 'mse_tolerance': 5e-05, 'smoothness_weight': 0.0, 'control_ridge': 0.0, 'interpolate_endpoints': True, 'declared_max_internal_knots': 64, 'declared_paper_initial_knots': 64, 'reference_doi': '10.1088/1361-6501/aa6a05', 'variant': 'feature_integral_plus_iki_disclosed_adaptation', 'dense_internal_knot_count': 64, 'initial_internal_knot_count': 4, 'inserted_internal_knot_count': 51, 'curvature_weight': 0.5, 'feature_sample_count': 1025, 'scanned_counts': (4, 5, 6, 7, 8, 9, 10, 11, 12, 13, 14, 15, 16, 17, 18, 19, 20, 21, 22, 23, 24, 25, 26, 27, 28, 29, 30, 31, 32, 33, 34, 35, 36, 37, 38, 39, 40, 41, 42, 43, 44, 45, 46, 47, 48, 49, 50, 51, 52, 53, 54, 55), 'scanned_mse': (0.006115002026123084, 0.0051567833829609605, 0.004735657583840734, 0.004734867833602397, 0.004642322786166737, 0.0041406199054655115, 0.004111629738669697, 0.0038820626398206417, 0.003702280795255236, 0.003527642687247021, 0.00346870087420768, 0.0034677228417353775, 0.00295502606816095, 0.002787181972306369, 0.0026707214963051424, 0.002620937997582657, 0.0019448591172300884, 0.0019384066073167064, 0.001530225530181485, 0.0015062373334650218, 0.0013364334034212703, 0.0011855228860936182, 0.0010910203753858895, 0.0009963640267551756, 0.0008375087099613783, 0.0006150655146494472, 0.00045367830803127096, 0.00037115388882172183, 0.00034770940976625785, 0.0002592653926691444, 0.00019601679394895243, 0.00018303446593950597, 0.0001535848761824417, 0.00014950295260658916, 0.00013495184687399976, 0.0001231817440994072, 0.00010711366206839496, 0.00010270331406966833, 9.833019280752362e-05, 8.505114546747252e-05, 8.088969341352985e-05, 7.664966710866328e-05, 7.012189490805292e-05, 6.752249501913145e-05, 6.373614768176919e-05, 6.081816345467634e-05, 5.99636981850461e-05, 5.742482378703535e-05, 5.419542156653916e-05, 5.1422840624922316e-05, 5.052390950447078e-05, 4.7823749827785995e-05), 'scanned_max_parameter_residual': (0.17791712157799416, 0.15116230965652727, 0.1310478368059584, 0.13232644664305157, 0.12603932951790595, 0.12899069746137592, 0.1265791937130565, 0.1297138032754516, 0.12225480266306904, 0.12653796249607333, 0.11880555781036314, 0.11799813689123999, 0.12084506672872604, 0.1185658687341196, 0.12260431703043848, 0.11859477146373221, 0.10067797528830495, 0.1013381771256482, 0.10070920196982684, 0.10039999300467443, 0.09362989869829791, 0.082985566000664, 0.06968134381270875, 0.09881357821175897, 0.06809091445814834, 0.08386373614514607, 0.06275650942039815, 0.050461022981491875, 0.05046049810494007, 0.05064532370840886, 0.03618556260438776, 0.04084859538409142, 0.028512225196243295, 0.03302706027700702, 0.028321148496011934, 0.02762855232443385, 0.021807976272885367, 0.021072819224251502, 0.020877640166150752, 0.019902287329197584, 0.01932007165459947, 0.017197770081876892, 0.016941320349937634, 0.017920327323043533, 0.016914118859189486, 0.015777576093148542, 0.01450389052183794, 0.01527385629943429, 0.014270340778533674, 0.014015176176145288, 0.013818725163861388, 0.013734004151734503), 'exact_refit_count': 53, 'paper_native_objective': 'error-bounded feature-integral initialization plus iterative knot insertion', 'comparison_wrapper': 'explicit 0.5 arc/curvature feature blend by default, worst-residual span midpoint insertion, and common-MSE stopping', 'method_fidelity': ""Liang-inspired adaptation; the access-controlled article's exact feature equation and constants are not claimed"", 'threshold_satisfied': True, 'repeated_complete_timing': {'repeats': 1, 'samples_ms': [199.8918000026606], 'p50_ms': 199.8918000026606, 'mean_ms': 199.8918000026606}}",
Synthetic,seed20000_sample1306,independent_1306,22,22,dung_direct_knot_2017_adaptation,False,ok,4.954672093912807e-05,True,,,43,1887.6169999712147,,"[0.06153846153846154, 0.09230769230769231, 0.09896946768379164, 0.10207806776942054, 0.12693717050591705, 0.15384615384615385, 0.17973747221211345, 0.18279812614337304, 0.18461538461538463, 0.2, 0.22456781729301728, 0.258271906942614, 0.301516139008983, 0.30453132579271364, 0.33478176508662205, 0.38566573009672245, 0.41850995910820094, 0.4383252102033211, 0.46748558015538916, 0.47692307692307695, 0.49230769230769234, 0.4984623310317729, 0.5076923076923077, 0.523076923076923, 0.5553304860860117, 0.5618643944291004, 0.5692307692307692, 0.6, 0.6026795303811355, 0.6331920104323657, 0.6615384615384615, 0.6688278194109748, 0.7052562104470232, 0.7341263623965989, 0.7384615384615385, 0.7831506933356187, 0.7846153846153846, 0.8281742419915101, 0.8307692307692307, 0.8801551174094807, 0.9076923076923077, 0.9359695441052447, 0.9384615384615385]","{'network_used': False, 'parameterization': 'chord_length', 'reported_refit': 'unregularized endpoint-constrained standard B-spline least squares', 'timing_scope': 'complete numerical method: chord parameterization, knot selection/relocation, and final endpoint-constrained refit', 'mse_tolerance': 5e-05, 'smoothness_weight': 0.0, 'control_ridge': 0.0, 'interpolate_endpoints': True, 'declared_max_internal_knots': 64, 'declared_paper_initial_knots': 64, 'paper': 'Dung and Tjahjowidodo, PLOS ONE 2017, doi:10.1371/journal.pone.0173857', 'variant': 'serial_bisection_simple_knot_adaptation', 'native_control_norm': 'maximum Euclidean point residual', 'native_max_error_tolerance': 0.007071067811865475, 'native_final_max_error': 0.08208365842729816, 'native_final_mse': 0.0006463880494558025, 'common_final_max_error': 0.08222411614914095, 'common_final_mse': 0.0006471666336930407, 'all_local_segments_native_feasible': False, 'local_piecewise_feasible_global_common_refit_failed': False, 'native_global_max_error_threshold_satisfied': False, 'native_global_common_mse_threshold_satisfied': False, 'native_global_internal_knot_count': 23, 'common_final_metrics_scope': 'native adaptation before any optional comparison feasibility safeguard', 'segments': ((0, 6), (7, 14), (15, 23), (24, 30), (31, 40), (41, 50), (51, 55), (56, 62), (63, 70), (71, 81), (82, 88), (89, 94), (95, 100), (101, 107), (108, 117), (118, 127), (128, 133), (134, 140), (141, 149), (150, 158), (159, 167), (168, 175), (176, 184), (185, 191)), 'segment_max_errors': (0.0027609171026026042, 0.0037352557936435517, 0.004462712670621803, 0.0014300820088853858, 0.0041627218643236754, 0.0069411883271490275, 0.0011913414869891145, 0.0029645152768050962, 0.003414334132473047, 0.00675059684711487, 0.006853714444660208, 0.003377683294703599, 0.005802160263892645, 0.004026299246148844, 0.004933229336032841, 0.006670965375508293, 0.004773382790604978, 0.003798627159986251, 0.005596086023662363, 0.004507914542613869, 0.006203544451420614, 0.0029401118334383513, 0.006010149405747384, 0.017266161708739486), 'coarse_break_indices': (6, 14, 23, 30, 40, 50, 55, 62, 70, 81, 88, 94, 100, 107, 117, 127, 133, 140, 149, 158, 167, 175, 184), 'proposed_internal_knot_count': 23, 'retained_internal_knot_count': 23, 'scan_evaluations': 253, 'optimization_evaluations': 391, 'single_piece_evaluations': 212, 'exact_refit_count': 858, 'gauss_newton_fallback_count': 2, 'capacity_exceeded': False, 'capacity_handling': 'none', 'adaptation_limits': ('serial bisection only; parallel split/join/shift is not implemented', 'simple interior knots only; multiplicity and continuity classification are omitted', 'default native max-error epsilon is sqrt(mse_tolerance), which is a unit conversion rather than an equivalent constraint', 'capacity overflow is handled by deterministic uniform coarse-break subsampling before relocation', 'guarded float64 least squares and finite-difference Gauss-Newton replace MATLAB numerical edge behavior'), 'method_fidelity': 'serial simple-knot adaptation; parallel operations and knot multiplicity classification are not reproduced', 'threshold_satisfied_native_max_error': False, 'threshold_satisfied_common_max_error_before_safeguard': False, 'native_common_refit_mse': 0.0006471666336930407, 'native_common_refit_k': 23, 'native_common_refit_threshold_satisfied': False, 'comparison_method_capacity': 64, 'comparison_feasibility_safeguard_version': 'bounded_common_mse_v1', 'comparison_feasibility_safeguard_enabled': True, 'comparison_feasibility_safeguard_used': True, 'comparison_feasibility_safeguard_attempted': True, 'comparison_feasibility_safeguard_role': 'repository comparison wrapper; not part of the cited method', 'comparison_feasibility_native_mse': 0.0006471666336930407, 'comparison_feasibility_native_k': 23, 'comparison_feasibility_native_threshold_satisfied': False, 'comparison_feasibility_native_knots': (0.09896946768379164, 0.10207806776942054, 0.12693717050591705, 0.17973747221211345, 0.22456781729301728, 0.258271906942614, 0.301516139008983, 0.33478176508662205, 0.38566573009672245, 0.41850995910820094, 0.4383252102033211, 0.46748558015538916, 0.4984623310317729, 0.5553304860860117, 0.6026795303811355, 0.6331920104323657, 0.6688278194109748, 0.7052562104470232, 0.7341263623965989, 0.7831506933356187, 0.8281742419915101, 0.8801551174094807, 0.9359695441052447), 'comparison_feasibility_added_knots': (0.9076923076923077, 0.49230769230769234, 0.9384615384615385, 0.5618643944291004, 0.6615384615384615, 0.30453132579271364, 0.7384615384615385, 0.09230769230769231, 0.06153846153846154, 0.18279812614337304, 0.7846153846153846, 0.2, 0.15384615384615385, 0.18461538461538463, 0.47692307692307695, 0.5076923076923077, 0.8307692307692307, 0.6, 0.5692307692307692, 0.523076923076923), 'comparison_feasibility_added_knots_scope': 'residual-guided path; final_knots are authoritative after any uniform fallback', 'comparison_feasibility_refit_count': 60, 'comparison_feasibility_final_source': 'residual_guided_augmentation', 'comparison_feasibility_final_mse': 4.954672093912807e-05, 'comparison_feasibility_final_k': 43, 'comparison_feasibility_final_knots': (0.06153846153846154, 0.09230769230769231, 0.09896946768379164, 0.10207806776942054, 0.12693717050591705, 0.15384615384615385, 0.17973747221211345, 0.18279812614337304, 0.18461538461538463, 0.2, 0.22456781729301728, 0.258271906942614, 0.301516139008983, 0.30453132579271364, 0.33478176508662205, 0.38566573009672245, 0.41850995910820094, 0.4383252102033211, 0.46748558015538916, 0.47692307692307695, 0.49230769230769234, 0.4984623310317729, 0.5076923076923077, 0.523076923076923, 0.5553304860860117, 0.5618643944291004, 0.5692307692307692, 0.6, 0.6026795303811355, 0.6331920104323657, 0.6615384615384615, 0.6688278194109748, 0.7052562104470232, 0.7341263623965989, 0.7384615384615385, 0.7831506933356187, 0.7846153846153846, 0.8281742419915101, 0.8307692307692307, 0.8801551174094807, 0.9076923076923077, 0.9359695441052447, 0.9384615384615385), 'comparison_feasibility_threshold_satisfied': True, 'comparison_feasibility_status': 'repaired_feasible', 'comparison_feasibility_dense_capacity_mse': None, 'comparison_feasibility_dense_capacity_threshold_satisfied': None, 'comparison_feasibility_capacity': 64, 'comparison_method_label': 'threshold-safe adaptation', 'threshold_satisfied': True, 'repeated_complete_timing': {'repeats': 1, 'samples_ms': [1887.6169999712147], 'p50_ms': 1887.6169999712147, 'mean_ms': 1887.6169999712147}}",
Synthetic,seed20000_sample1306,independent_1306,22,22,kang_sparse_2015_adaptation,False,ok,4.899680862269107e-05,True,,,54,1179.6558000496589,,"[0.03076923076923077, 0.04591346153846154, 0.046153846153846156, 0.06153846153846154, 0.07692307692307693, 0.09230769230769231, 0.1076923076923077, 0.12307692307692308, 0.13846153846153847, 0.15384615384615385, 0.16923076923076924, 0.18461538461538463, 0.2, 0.2153846153846154, 0.23076923076923078, 0.24615384615384617, 0.26153846153846155, 0.27692307692307694, 0.2923076923076923, 0.3076923076923077, 0.3230769230769231, 0.3384615384615385, 0.35384615384615387, 0.36923076923076925, 0.38461538461538464, 0.4, 0.4153846153846154, 0.4307692307692308, 0.4461538461538462, 0.47692307692307695, 0.49230769230769234, 0.5076923076923077, 0.523076923076923, 0.5384615384615384, 0.5538461538461539, 0.5692307692307692, 0.6, 0.6153846153846154, 0.6307692307692307, 0.676923076923077, 0.6923076923076923, 0.7230769230769231, 0.7384615384615385, 0.7538461538461538, 0.7692307692307692, 0.7846153846153846, 0.8153846153846154, 0.8307692307692307, 0.8615384615384616, 0.8769230769230769, 0.9076923076923077, 0.9230769230769231, 0.9545673076923076, 0.9692307692307692]","{'network_used': False, 'parameterization': 'chord_length', 'reported_refit': 'unregularized standard B-spline least squares with exact endpoint interpolation', 'timing_scope': 'complete numerical method: chord parameterization, knot selection/relocation, and final endpoint-constrained refit', 'mse_tolerance': 5e-05, 'smoothness_weight': 0.0, 'control_ridge': 0.0, 'interpolate_endpoints': True, 'declared_max_internal_knots': 64, 'declared_paper_initial_knots': 64, 'initial_internal_knot_count': 64, 'dense_initial_fit_mse': 3.95966706761444e-05, 'dense_initial_threshold_satisfied': True, 'active_internal_knot_count': 6, 'cluster_sizes': (3, 3), 'active_cluster_count': 2, 'relocated_internal_knot_count': 2, 'relocated_unique_knot_count': 2, 'relocated_knot_multiplicities': (1, 1), 'active_to_relocated_compression_ratio': 0.3333333333333333, 'sparse_stage_mse': 3.95966706761444e-05, 'sparse_stage_threshold_satisfied': True, 'native_sparse_feasible_final_common_refit_failed': True, 'sparse_and_final_mse_are_directly_comparable': False, 'sparse_iterations': 900, 'sparse_solver_seconds': 0.4801022000028752, 'relocation_seconds': 0.06587639998178929, 'non_paper_feasibility_repair_enabled': False, 'paper_feasibility_repair_used': False, 'paper_feasibility_repair_added_count': 0, 'local_refit_count': 28, 'method_note': ""Vector-valued group-L1 ADMM adaptation of Kang et al. (2015) equation (12), followed by Algorithms 4-5 only for clear short active clusters; long general-data runs retain their active knots because Algorithm 1 is not reproduced; not the paper's scalar CVX implementation."", 'relocation_method': ""Algorithms 4-5 adaptation: classify adjacent active uniform knots by spacing, retain each cluster's boundary pair, narrow it by exact least-squares comparisons, then apply the 2*E_double < E_single single/double-knot decision."", 'algorithm4_cluster_relocation_applied': True, 'absolute_jump_threshold': 1e-07, 'relative_jump_threshold': 0.001, 'effective_jump_threshold': 702544264.3104714, 'native_final_fit_mse_without_endpoint_constraint': 0.005478278672918001, 'native_endpoint_constrained_mse': 0.005482605965996598, 'endpoint_constraint_fallback': 'disabled', 'native_common_refit_mse': 0.005482605965996598, 'native_common_refit_k': 2, 'native_common_refit_threshold_satisfied': False, 'comparison_method_capacity': 64, 'comparison_feasibility_safeguard_version': 'bounded_common_mse_v1', 'comparison_feasibility_safeguard_enabled': True, 'comparison_feasibility_safeguard_used': True, 'comparison_feasibility_safeguard_attempted': True, 'comparison_feasibility_safeguard_role': 'repository comparison wrapper; not part of the cited method', 'comparison_feasibility_native_mse': 0.005482605965996598, 'comparison_feasibility_native_k': 2, 'comparison_feasibility_native_threshold_satisfied': False, 'comparison_feasibility_native_knots': (0.04591346153846154, 0.9545673076923076), 'comparison_feasibility_added_knots': (0.046153846153846156, 0.9692307692307692, 0.5692307692307692, 0.16923076923076924, 0.2, 0.5384615384615384, 0.5538461538461539, 0.8153846153846154, 0.8307692307692307, 0.5076923076923077, 0.7538461538461538, 0.8615384615384616, 0.4, 0.3384615384615385, 0.3230769230769231, 0.15384615384615385, 0.27692307692307694, 0.7230769230769231, 0.6153846153846154, 0.676923076923077, 0.4153846153846154, 0.4307692307692308, 0.1076923076923077, 0.9230769230769231, 0.7846153846153846, 0.49230769230769234, 0.6307692307692307, 0.7384615384615385, 0.3076923076923077, 0.2153846153846154, 0.13846153846153847, 0.07692307692307693, 0.6923076923076923, 0.26153846153846155, 0.8769230769230769, 0.9076923076923077, 0.38461538461538464, 0.12307692307692308, 0.523076923076923, 0.4461538461538462, 0.47692307692307695, 0.23076923076923078, 0.18461538461538463, 0.6, 0.7692307692307692, 0.03076923076923077, 0.2923076923076923, 0.09230769230769231, 0.06153846153846154, 0.24615384615384617, 0.36923076923076925, 0.35384615384615387), 'comparison_feasibility_added_knots_scope': 'residual-guided path; final_knots are authoritative after any uniform fallback', 'comparison_feasibility_refit_count': 156, 'comparison_feasibility_final_source': 'residual_guided_augmentation', 'comparison_feasibility_final_mse': 4.899680862269107e-05, 'comparison_feasibility_final_k': 54, 'comparison_feasibility_final_knots': (0.03076923076923077, 0.04591346153846154, 0.046153846153846156, 0.06153846153846154, 0.07692307692307693, 0.09230769230769231, 0.1076923076923077, 0.12307692307692308, 0.13846153846153847, 0.15384615384615385, 0.16923076923076924, 0.18461538461538463, 0.2, 0.2153846153846154, 0.23076923076923078, 0.24615384615384617, 0.26153846153846155, 0.27692307692307694, 0.2923076923076923, 0.3076923076923077, 0.3230769230769231, 0.3384615384615385, 0.35384615384615387, 0.36923076923076925, 0.38461538461538464, 0.4, 0.4153846153846154, 0.4307692307692308, 0.4461538461538462, 0.47692307692307695, 0.49230769230769234, 0.5076923076923077, 0.523076923076923, 0.5384615384615384, 0.5538461538461539, 0.5692307692307692, 0.6, 0.6153846153846154, 0.6307692307692307, 0.676923076923077, 0.6923076923076923, 0.7230769230769231, 0.7384615384615385, 0.7538461538461538, 0.7692307692307692, 0.7846153846153846, 0.8153846153846154, 0.8307692307692307, 0.8615384615384616, 0.8769230769230769, 0.9076923076923077, 0.9230769230769231, 0.9545673076923076, 0.9692307692307692), 'comparison_feasibility_threshold_satisfied': True, 'comparison_feasibility_status': 'repaired_feasible', 'comparison_feasibility_dense_capacity_mse': None, 'comparison_feasibility_dense_capacity_threshold_satisfied': None, 'comparison_feasibility_capacity': 64, 'comparison_method_label': 'threshold-safe adaptation', 'threshold_satisfied': True, 'repeated_complete_timing': {'repeats': 1, 'samples_ms': [1179.6558000496589], 'p50_ms': 1179.6558000496589, 'mean_ms': 1179.6558000496589}}",
Synthetic,seed20000_sample1306,independent_1306,22,22,luo_linf_de_2022_adaptation,False,ok,4.887642439504447e-05,True,,,54,2458.07460002834,,"[0.05442268499410552, 0.06153846153846154, 0.07692307692307693, 0.1076923076923077, 0.12307692307692308, 0.13846153846153847, 0.15384615384615385, 0.16422593219162096, 0.16923076923076924, 0.18461538461538463, 0.2, 0.2153846153846154, 0.23076923076923078, 0.26153846153846155, 0.27692307692307694, 0.2853339715385502, 0.2923076923076923, 0.3076923076923077, 0.3230769230769231, 0.3384615384615385, 0.35384615384615387, 0.36923076923076925, 0.38461538461538464, 0.4153846153846154, 0.4307692307692308, 0.43699095608438965, 0.4461538461538462, 0.47692307692307695, 0.49230769230769234, 0.5076923076923077, 0.523076923076923, 0.5538461538461539, 0.5692307692307692, 0.5846153846153845, 0.6, 0.6153846153846154, 0.6307692307692307, 0.6461538461538461, 0.6615384615384615, 0.6736800877173726, 0.6776849224782306, 0.6817358813675913, 0.7076923076923076, 0.7384615384615385, 0.7846153846153846, 0.8, 0.8153846153846154, 0.8307692307692307, 0.8461538461538461, 0.8870232539828786, 0.8923076923076922, 0.9076923076923077, 0.9538461538461538, 0.9692307692307692]","{'network_used': False, 'parameterization': 'chord_length', 'reported_refit': 'unregularized standard B-spline least squares with exact endpoint interpolation', 'timing_scope': 'complete numerical method: chord parameterization, knot selection/relocation, and final endpoint-constrained refit', 'mse_tolerance': 5e-05, 'smoothness_weight': 0.0, 'control_ridge': 0.0, 'interpolate_endpoints': True, 'declared_max_internal_knots': 64, 'declared_paper_initial_knots': 64, 'reference_doi': '10.4208/jcm.2012-m2020-0203', 'variant': 'linf1_jump_sparsity_plus_differential_evolution', 'initial_internal_knot_count': 64, 'dense_initial_fit_mse': 3.95966706761444e-05, 'dense_initial_threshold_satisfied': True, 'selected_regularization': 9.863350661910931e-09, 'sparse_stage_mse': 4.999034337512805e-05, 'sparse_stage_threshold_satisfied': True, 'jump_local_maximum_eta': 0.5, 'candidate_internal_knot_count': 8, 'initial_to_candidate_compression_ratio': 0.125, 'candidate_refit_mse_before_de': 0.004537390818039276, 'candidate_refit_threshold_satisfied_before_de': False, 'candidate_selection_lost_sparse_feasibility': True, 'de_population': 10, 'de_iterations': 10, 'de_evaluations': 110, 'de_initial_max_error': 0.1290141175180916, 'de_final_max_error': 0.11460976925759568, 'de_restored_common_mse_feasibility': False, 'paper_native_objective': 'nonsquared Frobenius data term plus l-infinity,1 derivative-jump penalty; DE minimizes maximum Euclidean error', 'comparison_wrapper': 'regularization is selected against the common MSE budget and the final fit uses the common endpoint-constrained refit', 'method_fidelity': 'defining mixed-norm, local-maximum selection, and DE stages are reproduced; hyperparameter selection is adapted', 'native_common_refit_mse': 0.004355805389047016, 'native_common_refit_k': 8, 'native_common_refit_threshold_satisfied': False, 'comparison_method_capacity': 64, 'comparison_feasibility_safeguard_version': 'bounded_common_mse_v1', 'comparison_feasibility_safeguard_enabled': True, 'comparison_feasibility_safeguard_used': True, 'comparison_feasibility_safeguard_attempted': True, 'comparison_feasibility_safeguard_role': 'repository comparison wrapper; not part of the cited method', 'comparison_feasibility_native_mse': 0.004355805389047016, 'comparison_feasibility_native_k': 8, 'comparison_feasibility_native_threshold_satisfied': False, 'comparison_feasibility_native_knots': (0.05442268499410552, 0.16422593219162096, 0.2853339715385502, 0.43699095608438965, 0.6736800877173726, 0.6776849224782306, 0.6817358813675913, 0.8870232539828786), 'comparison_feasibility_added_knots': (0.8, 0.8153846153846154, 0.5538461538461539, 0.523076923076923, 0.16923076923076924, 0.2, 0.49230769230769234, 0.2923076923076923, 0.3230769230769231, 0.5846153846153845, 0.7384615384615385, 0.36923076923076925, 0.8923076923076922, 0.9538461538461538, 0.4307692307692308, 0.1076923076923077, 0.6615384615384615, 0.5076923076923077, 0.35384615384615387, 0.18461538461538463, 0.12307692307692308, 0.07692307692307693, 0.9692307692307692, 0.7076923076923076, 0.5692307692307692, 0.6461538461538461, 0.27692307692307694, 0.2153846153846154, 0.6, 0.8461538461538461, 0.47692307692307695, 0.3076923076923077, 0.38461538461538464, 0.7846153846153846, 0.6307692307692307, 0.26153846153846155, 0.4153846153846154, 0.9076923076923077, 0.8307692307692307, 0.23076923076923078, 0.06153846153846154, 0.3384615384615385, 0.15384615384615385, 0.6153846153846154, 0.13846153846153847, 0.4461538461538462), 'comparison_feasibility_added_knots_scope': 'residual-guided path; final_knots are authoritative after any uniform fallback', 'comparison_feasibility_refit_count': 138, 'comparison_feasibility_final_source': 'residual_guided_augmentation', 'comparison_feasibility_final_mse': 4.887642439504447e-05, 'comparison_feasibility_final_k': 54, 'comparison_feasibility_final_knots': (0.05442268499410552, 0.06153846153846154, 0.07692307692307693, 0.1076923076923077, 0.12307692307692308, 0.13846153846153847, 0.15384615384615385, 0.16422593219162096, 0.16923076923076924, 0.18461538461538463, 0.2, 0.2153846153846154, 0.23076923076923078, 0.26153846153846155, 0.27692307692307694, 0.2853339715385502, 0.2923076923076923, 0.3076923076923077, 0.3230769230769231, 0.3384615384615385, 0.35384615384615387, 0.36923076923076925, 0.38461538461538464, 0.4153846153846154, 0.4307692307692308, 0.43699095608438965, 0.4461538461538462, 0.47692307692307695, 0.49230769230769234, 0.5076923076923077, 0.523076923076923, 0.5538461538461539, 0.5692307692307692, 0.5846153846153845, 0.6, 0.6153846153846154, 0.6307692307692307, 0.6461538461538461, 0.6615384615384615, 0.6736800877173726, 0.6776849224782306, 0.6817358813675913, 0.7076923076923076, 0.7384615384615385, 0.7846153846153846, 0.8, 0.8153846153846154, 0.8307692307692307, 0.8461538461538461, 0.8870232539828786, 0.8923076923076922, 0.9076923076923077, 0.9538461538461538, 0.9692307692307692), 'comparison_feasibility_threshold_satisfied': True, 'comparison_feasibility_status': 'repaired_feasible', 'comparison_feasibility_dense_capacity_mse': None, 'comparison_feasibility_dense_capacity_threshold_satisfied': None, 'comparison_feasibility_capacity': 64, 'comparison_method_label': 'threshold-safe adaptation', 'threshold_satisfied': True, 'repeated_complete_timing': {'repeats': 1, 'samples_ms': [2458.07460002834], 'p50_ms': 2458.07460002834, 'mean_ms': 2458.07460002834}}",
Synthetic,seed20000_sample2880,independent_2880,23,23,ours,False,ok,3.183822940070713e-05,True,,,45,17.8514,14.0107,"[0.03839092329144478, 0.0670977234840393, 0.08726365864276886, 0.10184486210346222, 0.12361731380224228, 0.14817605912685394, 0.1582244634628296, 0.1896081119775772, 0.2074136584997177, 0.21719180047512054, 0.2689248025417328, 0.28130075335502625, 0.30502012372016907, 0.3129364550113678, 0.3478682041168213, 0.34947454929351807, 0.38476160168647766, 0.38486161828041077, 0.41868025064468384, 0.44146934151649475, 0.4677426815032959, 0.4788295328617096, 0.508192777633667, 0.5248236656188965, 0.539276123046875, 0.5779226422309875, 0.5857491493225098, 0.6208059191703796, 0.6358478665351868, 0.6590935587882996, 0.6883686184883118, 0.7067633867263794, 0.7196167707443237, 0.747616171836853, 0.7666078805923462, 0.779427170753479, 0.8096243143081665, 0.8241545557975769, 0.835450291633606, 0.8733064532279968, 0.8791110515594482, 0.9064899682998657, 0.9208619594573975, 0.9393715858459473, 0.961749792098999]","{'network_latency': {'p50_ms': 14.0107, 'median_ms': 14.0107, 'mean_ms': 14.0107, 'p95_ms': 14.0107, 'minimum_ms': 14.0107, 'maximum_ms': 14.0107, 'repeat_ms': [14.0107]}, 'end_to_end_latency': {'p50_ms': 17.8514, 'median_ms': 17.8514, 'mean_ms': 17.8514, 'p95_ms': 17.8514, 'minimum_ms': 17.8514, 'maximum_ms': 17.8514, 'repeat_ms': [17.8514]}, 'postprocessing': 'none', 'tolerance_conditioned_network': True, 'network_mse_tolerance': 5e-05}",
Synthetic,seed20000_sample2880,independent_2880,23,23,park_dominant_point_2007_adaptation,False,ok,4.805303243730324e-05,True,,,52,281.3775999820791,,"[0.08804027962306116, 0.09656669635138994, 0.10564500611883697, 0.11660324995690946, 0.13606612214639813, 0.16192714949207657, 0.18512561292742466, 0.19793508657026013, 0.20777454173815416, 0.2222410216378786, 0.23642379737969235, 0.2448120526344034, 0.2526897414630394, 0.2686618829682517, 0.2950179992080779, 0.3255523215021558, 0.3593015015533136, 0.3901268808131355, 0.4132557137352198, 0.42609789834298634, 0.43887507012711996, 0.45042942018186166, 0.4641664749946603, 0.47868813507742125, 0.4961468300480521, 0.5164991719950662, 0.532585725362114, 0.5520716433948499, 0.570032155052033, 0.5903122223542591, 0.6132545318518874, 0.6349145852652246, 0.6579247378356742, 0.6713592317103249, 0.6878077358007793, 0.6995901273901676, 0.7176765123734814, 0.7341896844234705, 0.7530556597582132, 0.7708566422908311, 0.783963673608432, 0.7949794742830338, 0.8094946350850168, 0.8238620228101564, 0.8364601990232409, 0.84203283868681, 0.8579723644978712, 0.8729450906975168, 0.8913407925754976, 0.9015653474121971, 0.9151600993741287, 0.9258792571115139]","{'network_used': False, 'parameterization': 'chord_length', 'reported_refit': 'unregularized standard B-spline least squares with exact endpoint interpolation', 'timing_scope': 'complete numerical method: chord parameterization, knot selection/relocation, and final endpoint-constrained refit', 'mse_tolerance': 5e-05, 'smoothness_weight': 0.0, 'control_ridge': 0.0, 'interpolate_endpoints': True, 'declared_max_internal_knots': 64, 'declared_paper_initial_knots': 64, 'method': 'park_lee_dom_2007_adaptation', 'reference_doi': '10.1016/j.cad.2006.12.006', 'knot_placement': 'Park-Lee Eq. (4): each interior knot averages degree consecutive dominant-point parameters', 'lcm_lower_bound': 5.285529874752265, 'lcm_seed_count': 32, 'shape_weight_r': 0.8, 'shape_index': 'r*K_s,e/K_0,m + (1-r)*L_s,e/L_0,m', 'curvature_integral': 'trapezoidal in chord parameter', 'curvature_source': 'generalized local Menger curvature; no optional smoothed base curve', 'refinement_region': 'segment containing largest sampled parameter-correspondence residual', 'refinement_point': 'argmin_w |lambda_s,w - lambda_w,e|', 'stopping_metric': 'mean squared Euclidean parameter-correspondence error', 'distance_metric_deviation': ""comparison adaptation stops on common MSE; it does not reproduce the paper's maximum-distance or iterative orthogonal-distance criterion"", 'seed_completion_deviation': 'shape-index splits complete degree+1 dominant points when too few LCM seeds exist', 'effective_max_internal_knots': 64, 'requested_max_internal_knots': 64, 'selected_sources': ('endpoint', 'endpoint', 'lcm_seed', 'lcm_seed', 'lcm_seed', 'lcm_seed', 'lcm_seed', 'lcm_seed', 'lcm_seed', 'lcm_seed', 'lcm_seed', 'lcm_seed', 'lcm_seed', 'lcm_seed', 'lcm_seed', 'lcm_seed', 'lcm_seed', 'lcm_seed', 'lcm_seed', 'lcm_seed', 'lcm_seed', 'lcm_seed', 'lcm_seed', 'lcm_seed', 'lcm_seed', 'lcm_seed', 'lcm_seed', 'lcm_seed', 'lcm_seed', 'lcm_seed', 'lcm_seed', 'lcm_seed', 'lcm_seed', 'lcm_seed', 'adaptive_shape_split', 'adaptive_shape_split', 'adaptive_shape_split', 'adaptive_shape_split', 'adaptive_shape_split', 'adaptive_shape_split', 'adaptive_shape_split', 'adaptive_shape_split', 'adaptive_shape_split', 'adaptive_shape_split', 'adaptive_shape_split', 'adaptive_shape_split', 'adaptive_shape_split', 'adaptive_shape_split', 'adaptive_shape_split', 'adaptive_shape_split', 'adaptive_shape_split', 'adaptive_shape_split', 'adaptive_shape_split', 'adaptive_shape_split', 'adaptive_shape_split', 'adaptive_shape_split'), 'boundary_knot_clamp_count': 0, 'threshold_satisfied': True, 'scanned_counts': (0, 1, 2, 3, 4, 5, 6, 7, 8, 9, 10, 11, 12, 13, 14, 15, 16, 17, 18, 19, 20, 21, 22, 23, 24, 25, 26, 27, 28, 29, 30, 31, 32, 33, 34, 35, 36, 37, 38, 39, 40, 41, 42, 43, 44, 45, 46, 47, 48, 49, 50, 51, 52), 'scanned_mse': (0.013442194713575039, 0.008575403486090887, 0.007906080603304408, 0.005764829048083671, 0.005662995448572211, 0.005234771857825044, 0.004752651900565824, 0.004422179276098435, 0.004389549513480862, 0.0043791148237054085, 0.004369385380368871, 0.004326148519298673, 0.0039014773758501097, 0.0038006472278086984, 0.0037640925249791094, 0.0034498534028080522, 0.0026662084170616684, 0.0025956551108939478, 0.002412669261600908, 0.0022504117866837246, 0.0020581862434560145, 0.0012654067991560922, 0.0004902501447158657, 0.00033210166813841933, 0.0003120016416839283, 0.0003155348543468683, 0.0003148147066487327, 0.00026615438917563323, 0.00027507163056387796, 0.0002607244373292633, 0.0002618317260105378, 0.0001590075598358574, 9.729709946717007e-05, 8.812038548591724e-05, 8.158391068695786e-05, 7.897609031281103e-05, 7.567161831032883e-05, 7.317381515912573e-05, 6.909865534876558e-05, 6.869554270782081e-05, 7.002237397779939e-05, 6.852313880892625e-05, 6.692468661879155e-05, 6.587193974071773e-05, 6.297860971310847e-05, 6.21430896548799e-05, 6.13641979611926e-05, 6.0817092525958186e-05, 5.865678878561126e-05, 5.692979495697585e-05, 5.5824293760306844e-05, 5.225265648535202e-05, 4.805303243730324e-05), 'scanned_max_parameter_residual': (0.2914619561377227, 0.21157403080813475, 0.2264389450596769, 0.17747707955554184, 0.17178424268638154, 0.16207320885749518, 0.164482478353533, 0.13590694710847454, 0.1359472221626091, 0.1358794701967492, 0.13603100995620537, 0.1362285663602403, 0.13273354021106407, 0.1401390861710876, 0.1401284039152663, 0.14011276018832197, 0.1445509672625553, 0.13034082558338575, 0.13034407729023129, 0.13034363579111163, 0.11730478979136102, 0.10528787405631516, 0.09098774019615082, 0.08491743662914698, 0.08491744588742575, 0.08493003853814131, 0.08492326062561562, 0.05713402965062321, 0.05705878395295754, 0.05705878314380584, 0.057061936043555, 0.04200459532318975, 0.02685371880707358, 0.02616120412507935, 0.019562133459230878, 0.01849269869099358, 0.017698708049663368, 0.01754052054523374, 0.017494143007081395, 0.01749417261002299, 0.01740622282708832, 0.01740625878768378, 0.017464032250552788, 0.017464032502941547, 0.01745473715864887, 0.01770261714177123, 0.01619488665159697, 0.016181273928466248, 0.01587220101791987, 0.015863365077721885, 0.015854557073262825, 0.01599319345169874, 0.015993193451640835), 'exact_refit_count': 53, 'method_fidelity': 'core DOM equations with a common-MSE stopping wrapper', 'repeated_complete_timing': {'repeats': 1, 'samples_ms': [281.3775999820791], 'p50_ms': 281.3775999820791, 'mean_ms': 281.3775999820791}}",
Synthetic,seed20000_sample2880,independent_2880,23,23,liang_feature_iki_2017_adaptation,False,ok,4.928703798199629e-05,True,,,61,172.32650000369176,,"[0.02412410718433439, 0.04241634985117195, 0.07566349418440527, 0.09228706635102193, 0.10059885243433025, 0.10891063851763859, 0.12553421068425524, 0.1421577828508719, 0.15878135501748858, 0.17540492718410522, 0.18913762511447235, 0.20287032304483948, 0.21660302097520662, 0.22346936994039018, 0.23033571890557372, 0.25780111476630796, 0.2715338126966751, 0.2852665106270422, 0.29899920855740936, 0.3127319064877765, 0.34019730234851076, 0.367662698209245, 0.3745290471744286, 0.37796222165702037, 0.38139539613961215, 0.3882617451047957, 0.3951280940699793, 0.42259348993071355, 0.4363261878610807, 0.44319253682626425, 0.4500588857914478, 0.4775242816521821, 0.5049896775129163, 0.5324550733736506, 0.5461877713040177, 0.5530541202692013, 0.5599204692343849, 0.5873858650951191, 0.6148512609558533, 0.6389230571461124, 0.650958955241242, 0.6629948533363716, 0.6870666495266308, 0.7111384457168899, 0.7592820380974082, 0.7713179361925377, 0.7833538342876674, 0.795389732382797, 0.8014076814303618, 0.8074256304779266, 0.8314974266681858, 0.8555692228584449, 0.8676051209535744, 0.8796410190487041, 0.9037128152389633, 0.9067217897627458, 0.9097307642865281, 0.9157487133340929, 0.9217666623816577, 0.9277846114292225, 0.9518564076194816]","{'network_used': False, 'parameterization': 'chord_length', 'reported_refit': 'unregularized standard B-spline least squares with exact endpoint interpolation', 'timing_scope': 'complete numerical method: chord parameterization, knot selection/relocation, and final endpoint-constrained refit', 'mse_tolerance': 5e-05, 'smoothness_weight': 0.0, 'control_ridge': 0.0, 'interpolate_endpoints': True, 'declared_max_internal_knots': 64, 'declared_paper_initial_knots': 64, 'reference_doi': '10.1088/1361-6501/aa6a05', 'variant': 'feature_integral_plus_iki_disclosed_adaptation', 'dense_internal_knot_count': 64, 'initial_internal_knot_count': 4, 'inserted_internal_knot_count': 57, 'curvature_weight': 0.5, 'feature_sample_count': 1025, 'scanned_counts': (4, 5, 6, 7, 8, 9, 10, 11, 12, 13, 14, 15, 16, 17, 18, 19, 20, 21, 22, 23, 24, 25, 26, 27, 28, 29, 30, 31, 32, 33, 34, 35, 36, 37, 38, 39, 40, 41, 42, 43, 44, 45, 46, 47, 48, 49, 50, 51, 52, 53, 54, 55, 56, 57, 58, 59, 60, 61), 'scanned_mse': (0.006943816583935516, 0.004366398713865407, 0.004260275425013509, 0.00408161730726557, 0.004059212028331002, 0.003949486254055063, 0.003871205419785157, 0.0038467870649841404, 0.003355500838604579, 0.0033151559873885465, 0.0032476999710890422, 0.0032361953893238708, 0.0031196890866995648, 0.0028122933251904683, 0.0026664064267271008, 0.0026584201556328437, 0.0023797987044199176, 0.0023714591828575683, 0.0017962348073310144, 0.001303229183914862, 0.0012568874263591129, 0.0011458244752187655, 0.001103459278014361, 0.0010298070833156382, 0.0009881278153827618, 0.0009830007929792427, 0.0007841281517298378, 0.0006266968697438616, 0.0006117800675580405, 0.0004862837375370613, 0.0004051316500946178, 0.00035959052491281733, 0.000316572759581625, 0.00027810343071209086, 0.0002495277591982159, 0.0002402061657759046, 0.00019817669921073144, 0.00017612684939535836, 0.00016057720956689104, 0.00014902891910641958, 0.00013121547213789528, 0.00012986814461842845, 0.00012220714799524154, 0.00011777783321330884, 0.00011328346917174702, 9.746615785687286e-05, 9.177835559881542e-05, 8.410637263231868e-05, 7.958875850303006e-05, 7.202519926151735e-05, 7.075325029213784e-05, 6.478234998536155e-05, 6.419741855702253e-05, 6.046678018635475e-05, 5.8783641540064564e-05, 5.509312000464342e-05, 5.359861610614114e-05, 4.928703798199629e-05), 'scanned_max_parameter_residual': (0.19698004775090322, 0.14557441182925296, 0.13249364409166495, 0.1362283991188051, 0.12813906527675106, 0.12832639452220582, 0.1252329281533311, 0.12439969365977832, 0.10922258186071092, 0.10136908030763045, 0.09851555409990505, 0.10042347278085091, 0.0974712723268363, 0.10313573068730669, 0.1015340531076132, 0.10050448706223691, 0.10709436415419961, 0.10333246676547533, 0.09759640678592117, 0.0901255089580484, 0.09152227097430732, 0.08906375602419761, 0.08020146635921377, 0.08609542212554688, 0.07279286839420776, 0.07259383842083764, 0.07122164398406937, 0.0710670751233412, 0.0698062038396995, 0.06389550254864308, 0.0523075460836754, 0.05121052156701957, 0.04478238208355434, 0.05063945027324615, 0.044236824424463105, 0.036190322017172344, 0.03313499529825394, 0.032887893581834186, 0.03222503957991938, 0.03215356566614617, 0.02925608503127691, 0.02899453542067234, 0.027560501227578738, 0.025851421393686822, 0.02553299122021826, 0.024931637324821523, 0.022635572808616184, 0.022241206852322493, 0.021547717520249834, 0.019395651243276506, 0.018775242251903267, 0.017607124991892913, 0.017024327826567397, 0.016339058501147464, 0.01490905350957276, 0.014229945241211746, 0.01587473320755909, 0.014213723154054107), 'exact_refit_count': 59, 'paper_native_objective': 'error-bounded feature-integral initialization plus iterative knot insertion', 'comparison_wrapper': 'explicit 0.5 arc/curvature feature blend by default, worst-residual span midpoint insertion, and common-MSE stopping', 'method_fidelity': ""Liang-inspired adaptation; the access-controlled article's exact feature equation and constants are not claimed"", 'threshold_satisfied': True, 'repeated_complete_timing': {'repeats': 1, 'samples_ms': [172.32650000369176], 'p50_ms': 172.32650000369176, 'mean_ms': 172.32650000369176}}",
Synthetic,seed20000_sample2880,independent_2880,23,23,dung_direct_knot_2017_adaptation,False,ok,4.841491592446558e-05,True,,,44,1790.0866999989375,,"[0.08649425156007175, 0.09230769230769231, 0.09744535838099415, 0.13021998081820055, 0.16272891018293284, 0.1862441931120595, 0.2, 0.2153846153846154, 0.2349184007362257, 0.24615384615384617, 0.26153846153846155, 0.27692307692307694, 0.2973664744983779, 0.32150071733803653, 0.35482205305555825, 0.38461538461538464, 0.38975096288421796, 0.4153846153846154, 0.41782498777698235, 0.45836517671164867, 0.46153846153846156, 0.49860677962673033, 0.5066670053049335, 0.5322116664229641, 0.5692307692307692, 0.5696887841138848, 0.6090598785784782, 0.6153846153846154, 0.632000767793887, 0.6461538461538461, 0.6514332757196739, 0.6615384615384615, 0.6836566625345328, 0.7226128149404999, 0.7230769230769231, 0.7324590584815588, 0.7498352542655752, 0.7898550987069511, 0.8336751663005343, 0.8461538461538461, 0.8892676558749577, 0.9076923076923077, 0.9270218613749305, 0.9384615384615385]","{'network_used': False, 'parameterization': 'chord_length', 'reported_refit': 'unregularized endpoint-constrained standard B-spline least squares', 'timing_scope': 'complete numerical method: chord parameterization, knot selection/relocation, and final endpoint-constrained refit', 'mse_tolerance': 5e-05, 'smoothness_weight': 0.0, 'control_ridge': 0.0, 'interpolate_endpoints': True, 'declared_max_internal_knots': 64, 'declared_paper_initial_knots': 64, 'paper': 'Dung and Tjahjowidodo, PLOS ONE 2017, doi:10.1371/journal.pone.0173857', 'variant': 'serial_bisection_simple_knot_adaptation', 'native_control_norm': 'maximum Euclidean point residual', 'native_max_error_tolerance': 0.007071067811865475, 'native_final_max_error': 0.08093023400251811, 'native_final_mse': 0.0005712866909308667, 'common_final_max_error': 0.08097996177910459, 'common_final_mse': 0.0005714807445638619, 'all_local_segments_native_feasible': False, 'local_piecewise_feasible_global_common_refit_failed': False, 'native_global_max_error_threshold_satisfied': False, 'native_global_common_mse_threshold_satisfied': False, 'native_global_internal_knot_count': 24, 'common_final_metrics_scope': 'native adaptation before any optional comparison feasibility safeguard', 'segments': ((0, 4), (5, 10), (11, 16), (17, 26), (27, 33), (34, 40), (41, 48), (49, 56), (57, 63), (64, 70), (71, 78), (79, 87), (88, 94), (95, 102), (103, 109), (110, 117), (118, 125), (126, 135), (136, 143), (144, 151), (152, 158), (159, 166), (167, 174), (175, 183), (184, 191)), 'segment_max_errors': (0.004967758234568443, 0.006728136329352291, 0.0028165682201953665, 0.0056744264883865775, 0.006044241295032121, 0.0053617352055429085, 0.006392329439173455, 0.005890951261178364, 0.0054248043902695355, 0.0041384516124202035, 0.00445680902414178, 0.006033659198118464, 0.006668837449299818, 0.007015404658333996, 0.006537833812843171, 0.006689245803017312, 0.006789232914574389, 0.006596483395576737, 0.004245986572392257, 0.004937853912295989, 0.0013181844037941193, 0.003096935822042528, 0.003983976819007827, 0.005965680443329786, 0.014038760580604697), 'coarse_break_indices': (4, 10, 16, 26, 33, 40, 48, 56, 63, 70, 78, 87, 94, 102, 109, 117, 125, 135, 143, 151, 158, 166, 174, 183), 'proposed_internal_knot_count': 24, 'retained_internal_knot_count': 24, 'scan_evaluations': 264, 'optimization_evaluations': 426, 'single_piece_evaluations': 226, 'exact_refit_count': 918, 'gauss_newton_fallback_count': 0, 'capacity_exceeded': False, 'capacity_handling': 'none', 'adaptation_limits': ('serial bisection only; parallel split/join/shift is not implemented', 'simple interior knots only; multiplicity and continuity classification are omitted', 'default native max-error epsilon is sqrt(mse_tolerance), which is a unit conversion rather than an equivalent constraint', 'capacity overflow is handled by deterministic uniform coarse-break subsampling before relocation', 'guarded float64 least squares and finite-difference Gauss-Newton replace MATLAB numerical edge behavior'), 'method_fidelity': 'serial simple-knot adaptation; parallel operations and knot multiplicity classification are not reproduced', 'threshold_satisfied_native_max_error': False, 'threshold_satisfied_common_max_error_before_safeguard': False, 'native_common_refit_mse': 0.0005714807445638619, 'native_common_refit_k': 24, 'native_common_refit_threshold_satisfied': False, 'comparison_method_capacity': 64, 'comparison_feasibility_safeguard_version': 'bounded_common_mse_v1', 'comparison_feasibility_safeguard_enabled': True, 'comparison_feasibility_safeguard_used': True, 'comparison_feasibility_safeguard_attempted': True, 'comparison_feasibility_safeguard_role': 'repository comparison wrapper; not part of the cited method', 'comparison_feasibility_native_mse': 0.0005714807445638619, 'comparison_feasibility_native_k': 24, 'comparison_feasibility_native_threshold_satisfied': False, 'comparison_feasibility_native_knots': (0.08649425156007175, 0.09744535838099415, 0.13021998081820055, 0.16272891018293284, 0.1862441931120595, 0.2349184007362257, 0.2973664744983779, 0.32150071733803653, 0.35482205305555825, 0.38975096288421796, 0.41782498777698235, 0.45836517671164867, 0.49860677962673033, 0.5322116664229641, 0.5696887841138848, 0.6090598785784782, 0.632000767793887, 0.6836566625345328, 0.7324590584815588, 0.7498352542655752, 0.7898550987069511, 0.8336751663005343, 0.8892676558749577, 0.9270218613749305), 'comparison_feasibility_added_knots': (0.9076923076923077, 0.2, 0.7226128149404999, 0.4153846153846154, 0.24615384615384617, 0.9384615384615385, 0.6153846153846154, 0.7230769230769231, 0.38461538461538464, 0.46153846153846156, 0.6461538461538461, 0.09230769230769231, 0.27692307692307694, 0.26153846153846155, 0.5066670053049335, 0.5692307692307692, 0.6615384615384615, 0.6514332757196739, 0.8461538461538461, 0.2153846153846154), 'comparison_feasibility_added_knots_scope': 'residual-guided path; final_knots are authoritative after any uniform fallback', 'comparison_feasibility_refit_count': 60, 'comparison_feasibility_final_source': 'residual_guided_augmentation', 'comparison_feasibility_final_mse': 4.841491592446558e-05, 'comparison_feasibility_final_k': 44, 'comparison_feasibility_final_knots': (0.08649425156007175, 0.09230769230769231, 0.09744535838099415, 0.13021998081820055, 0.16272891018293284, 0.1862441931120595, 0.2, 0.2153846153846154, 0.2349184007362257, 0.24615384615384617, 0.26153846153846155, 0.27692307692307694, 0.2973664744983779, 0.32150071733803653, 0.35482205305555825, 0.38461538461538464, 0.38975096288421796, 0.4153846153846154, 0.41782498777698235, 0.45836517671164867, 0.46153846153846156, 0.49860677962673033, 0.5066670053049335, 0.5322116664229641, 0.5692307692307692, 0.5696887841138848, 0.6090598785784782, 0.6153846153846154, 0.632000767793887, 0.6461538461538461, 0.6514332757196739, 0.6615384615384615, 0.6836566625345328, 0.7226128149404999, 0.7230769230769231, 0.7324590584815588, 0.7498352542655752, 0.7898550987069511, 0.8336751663005343, 0.8461538461538461, 0.8892676558749577, 0.9076923076923077, 0.9270218613749305, 0.9384615384615385), 'comparison_feasibility_threshold_satisfied': True, 'comparison_feasibility_status': 'repaired_feasible', 'comparison_feasibility_dense_capacity_mse': None, 'comparison_feasibility_dense_capacity_threshold_satisfied': None, 'comparison_feasibility_capacity': 64, 'comparison_method_label': 'threshold-safe adaptation', 'threshold_satisfied': True, 'repeated_complete_timing': {'repeats': 1, 'samples_ms': [1790.0866999989375], 'p50_ms': 1790.0866999989375, 'mean_ms': 1790.0866999989375}}",
Synthetic,seed20000_sample2880,independent_2880,23,23,kang_sparse_2015_adaptation,False,ok,4.7961908616830664e-05,True,,,57,913.9266000129282,,"[0.015384615384615385, 0.03076923076923077, 0.046153846153846156, 0.06153846153846154, 0.07692307692307693, 0.1076923076923077, 0.12307692307692308, 0.16923076923076924, 0.18461538461538463, 0.2, 0.2153846153846154, 0.24615384615384617, 0.26153846153846155, 0.27692307692307694, 0.2923076923076923, 0.3076923076923077, 0.3230769230769231, 0.3384615384615385, 0.35384615384615387, 0.36923076923076925, 0.38461538461538464, 0.4, 0.4153846153846154, 0.4307692307692308, 0.46153846153846156, 0.47692307692307695, 0.49230769230769234, 0.5076923076923077, 0.523076923076923, 0.5384615384615384, 0.5538461538461539, 0.5692307692307692, 0.5846153846153845, 0.6, 0.6153846153846154, 0.6307692307692307, 0.6461538461538461, 0.676923076923077, 0.6923076923076923, 0.7076923076923076, 0.7230769230769231, 0.7384615384615385, 0.7538461538461538, 0.7692307692307692, 0.7846153846153846, 0.8, 0.8153846153846154, 0.8307692307692307, 0.8461538461538461, 0.8615384615384616, 0.8769230769230769, 0.8923076923076922, 0.9076923076923077, 0.9230769230769231, 0.9538461538461538, 0.9692307692307692, 0.9846153846153847]","{'network_used': False, 'parameterization': 'chord_length', 'reported_refit': 'unregularized standard B-spline least squares with exact endpoint interpolation', 'timing_scope': 'complete numerical method: chord parameterization, knot selection/relocation, and final endpoint-constrained refit', 'mse_tolerance': 5e-05, 'smoothness_weight': 0.0, 'control_ridge': 0.0, 'interpolate_endpoints': True, 'declared_max_internal_knots': 64, 'declared_paper_initial_knots': 64, 'initial_internal_knot_count': 64, 'dense_initial_fit_mse': 4.372894439135972e-05, 'dense_initial_threshold_satisfied': True, 'active_internal_knot_count': 12, 'cluster_sizes': (5, 1, 1, 2, 3), 'active_cluster_count': 5, 'relocated_internal_knot_count': 12, 'relocated_unique_knot_count': 12, 'relocated_knot_multiplicities': (1, 1, 1, 1, 1, 1, 1, 1, 1, 1, 1, 1), 'active_to_relocated_compression_ratio': 1.0, 'sparse_stage_mse': 4.372894439135972e-05, 'sparse_stage_threshold_satisfied': True, 'native_sparse_feasible_final_common_refit_failed': True, 'sparse_and_final_mse_are_directly_comparable': False, 'sparse_iterations': 900, 'sparse_solver_seconds': 0.3860041999723762, 'relocation_seconds': 2.4800014216452837e-05, 'non_paper_feasibility_repair_enabled': False, 'paper_feasibility_repair_used': False, 'paper_feasibility_repair_added_count': 0, 'local_refit_count': 0, 'method_note': ""Vector-valued group-L1 ADMM adaptation of Kang et al. (2015) equation (12), followed by Algorithms 4-5 only for clear short active clusters; long general-data runs retain their active knots because Algorithm 1 is not reproduced; not the paper's scalar CVX implementation."", 'relocation_method': 'Algorithms 4-5 skipped: the active knots do not form clear short groups; retain the sparse-stage active vector instead of applying Algorithm 4 outside the regime recommended by Kang et al. Algorithm 1 is not reproduced by this adaptation.', 'algorithm4_cluster_relocation_applied': False, 'absolute_jump_threshold': 1e-07, 'relative_jump_threshold': 0.001, 'effective_jump_threshold': 166929.69872733002, 'native_final_fit_mse_without_endpoint_constraint': 0.004499590248078306, 'native_endpoint_constrained_mse': 0.004499590248078306, 'endpoint_constraint_fallback': 'disabled', 'native_common_refit_mse': 0.004499590248078306, 'native_common_refit_k': 12, 'native_common_refit_threshold_satisfied': False, 'comparison_method_capacity': 64, 'comparison_feasibility_safeguard_version': 'bounded_common_mse_v1', 'comparison_feasibility_safeguard_enabled': True, 'comparison_feasibility_safeguard_used': True, 'comparison_feasibility_safeguard_attempted': True, 'comparison_feasibility_safeguard_role': 'repository comparison wrapper; not part of the cited method', 'comparison_feasibility_native_mse': 0.004499590248078306, 'comparison_feasibility_native_k': 12, 'comparison_feasibility_native_threshold_satisfied': False, 'comparison_feasibility_native_knots': (0.015384615384615385, 0.03076923076923077, 0.046153846153846156, 0.06153846153846154, 0.07692307692307693, 0.1076923076923077, 0.24615384615384617, 0.9076923076923077, 0.9230769230769231, 0.9538461538461538, 0.9692307692307692, 0.9846153846153847), 'comparison_feasibility_added_knots': (0.8153846153846154, 0.26153846153846155, 0.8307692307692307, 0.7846153846153846, 0.7384615384615385, 0.2153846153846154, 0.3076923076923077, 0.5846153846153845, 0.16923076923076924, 0.3384615384615385, 0.38461538461538464, 0.5384615384615384, 0.5076923076923077, 0.47692307692307695, 0.5538461538461539, 0.6307692307692307, 0.4153846153846154, 0.7230769230769231, 0.6923076923076923, 0.35384615384615387, 0.12307692307692308, 0.8923076923076922, 0.6153846153846154, 0.18461538461538463, 0.2923076923076923, 0.4, 0.49230769230769234, 0.7692307692307692, 0.7076923076923076, 0.46153846153846156, 0.4307692307692308, 0.27692307692307694, 0.3230769230769231, 0.6461538461538461, 0.5692307692307692, 0.7538461538461538, 0.2, 0.676923076923077, 0.8, 0.6, 0.523076923076923, 0.8461538461538461, 0.8615384615384616, 0.8769230769230769, 0.36923076923076925), 'comparison_feasibility_added_knots_scope': 'residual-guided path; final_knots are authoritative after any uniform fallback', 'comparison_feasibility_refit_count': 135, 'comparison_feasibility_final_source': 'residual_guided_augmentation', 'comparison_feasibility_final_mse': 4.7961908616830664e-05, 'comparison_feasibility_final_k': 57, 'comparison_feasibility_final_knots': (0.015384615384615385, 0.03076923076923077, 0.046153846153846156, 0.06153846153846154, 0.07692307692307693, 0.1076923076923077, 0.12307692307692308, 0.16923076923076924, 0.18461538461538463, 0.2, 0.2153846153846154, 0.24615384615384617, 0.26153846153846155, 0.27692307692307694, 0.2923076923076923, 0.3076923076923077, 0.3230769230769231, 0.3384615384615385, 0.35384615384615387, 0.36923076923076925, 0.38461538461538464, 0.4, 0.4153846153846154, 0.4307692307692308, 0.46153846153846156, 0.47692307692307695, 0.49230769230769234, 0.5076923076923077, 0.523076923076923, 0.5384615384615384, 0.5538461538461539, 0.5692307692307692, 0.5846153846153845, 0.6, 0.6153846153846154, 0.6307692307692307, 0.6461538461538461, 0.676923076923077, 0.6923076923076923, 0.7076923076923076, 0.7230769230769231, 0.7384615384615385, 0.7538461538461538, 0.7692307692307692, 0.7846153846153846, 0.8, 0.8153846153846154, 0.8307692307692307, 0.8461538461538461, 0.8615384615384616, 0.8769230769230769, 0.8923076923076922, 0.9076923076923077, 0.9230769230769231, 0.9538461538461538, 0.9692307692307692, 0.9846153846153847), 'comparison_feasibility_threshold_satisfied': True, 'comparison_feasibility_status': 'repaired_feasible', 'comparison_feasibility_dense_capacity_mse': None, 'comparison_feasibility_dense_capacity_threshold_satisfied': None, 'comparison_feasibility_capacity': 64, 'comparison_method_label': 'threshold-safe adaptation', 'threshold_satisfied': True, 'repeated_complete_timing': {'repeats': 1, 'samples_ms': [913.9266000129282], 'p50_ms': 913.9266000129282, 'mean_ms': 913.9266000129282}}",
Synthetic,seed20000_sample2880,independent_2880,23,23,luo_linf_de_2022_adaptation,False,ok,4.985727855632772e-05,True,,,51,2520.6968000275083,,"[0.046153846153846156, 0.06153846153846154, 0.1076923076923077, 0.12307692307692308, 0.13846153846153847, 0.16923076923076924, 0.18461538461538463, 0.2060727722550744, 0.23076923076923078, 0.24615384615384617, 0.27692307692307694, 0.28064961897779334, 0.2923076923076923, 0.3076923076923077, 0.3230769230769231, 0.3384615384615385, 0.35384615384615387, 0.36923076923076925, 0.38461538461538464, 0.4, 0.4153846153846154, 0.4307692307692308, 0.46153846153846156, 0.47692307692307695, 0.49230769230769234, 0.5076923076923077, 0.523076923076923, 0.5538461538461539, 0.5692307692307692, 0.5846153846153845, 0.6, 0.6153846153846154, 0.6307692307692307, 0.6461538461538461, 0.6801227782037993, 0.6923076923076923, 0.7076923076923076, 0.7538461538461538, 0.7692307692307692, 0.7846153846153846, 0.8153846153846154, 0.8307692307692307, 0.8461538461538461, 0.8615384615384616, 0.8731426252411381, 0.8769230769230769, 0.8923076923076922, 0.9076923076923077, 0.9230769230769231, 0.9384615384615385, 0.9538461538461538]","{'network_used': False, 'parameterization': 'chord_length', 'reported_refit': 'unregularized standard B-spline least squares with exact endpoint interpolation', 'timing_scope': 'complete numerical method: chord parameterization, knot selection/relocation, and final endpoint-constrained refit', 'mse_tolerance': 5e-05, 'smoothness_weight': 0.0, 'control_ridge': 0.0, 'interpolate_endpoints': True, 'declared_max_internal_knots': 64, 'declared_paper_initial_knots': 64, 'reference_doi': '10.4208/jcm.2012-m2020-0203', 'variant': 'linf1_jump_sparsity_plus_differential_evolution', 'initial_internal_knot_count': 64, 'dense_initial_fit_mse': 4.372894439135972e-05, 'dense_initial_threshold_satisfied': True, 'selected_regularization': 8.024977922830852e-09, 'sparse_stage_mse': 4.999078103173855e-05, 'sparse_stage_threshold_satisfied': True, 'jump_local_maximum_eta': 0.5, 'candidate_internal_knot_count': 4, 'initial_to_candidate_compression_ratio': 0.0625, 'candidate_refit_mse_before_de': 0.004551098991509876, 'candidate_refit_threshold_satisfied_before_de': False, 'candidate_selection_lost_sparse_feasibility': True, 'de_population': 10, 'de_iterations': 10, 'de_evaluations': 110, 'de_initial_max_error': 0.14549991740313076, 'de_final_max_error': 0.11812170842081653, 'de_restored_common_mse_feasibility': False, 'paper_native_objective': 'nonsquared Frobenius data term plus l-infinity,1 derivative-jump penalty; DE minimizes maximum Euclidean error', 'comparison_wrapper': 'regularization is selected against the common MSE budget and the final fit uses the common endpoint-constrained refit', 'method_fidelity': 'defining mixed-norm, local-maximum selection, and DE stages are reproduced; hyperparameter selection is adapted', 'native_common_refit_mse': 0.004247833406058713, 'native_common_refit_k': 4, 'native_common_refit_threshold_satisfied': False, 'comparison_method_capacity': 64, 'comparison_feasibility_safeguard_version': 'bounded_common_mse_v1', 'comparison_feasibility_safeguard_enabled': True, 'comparison_feasibility_safeguard_used': True, 'comparison_feasibility_safeguard_attempted': True, 'comparison_feasibility_safeguard_role': 'repository comparison wrapper; not part of the cited method', 'comparison_feasibility_native_mse': 0.004247833406058713, 'comparison_feasibility_native_k': 4, 'comparison_feasibility_native_threshold_satisfied': False, 'comparison_feasibility_native_knots': (0.2060727722550744, 0.28064961897779334, 0.6801227782037993, 0.8731426252411381), 'comparison_feasibility_added_knots': (0.8461538461538461, 0.8153846153846154, 0.7692307692307692, 0.18461538461538463, 0.23076923076923078, 0.3076923076923077, 0.3384615384615385, 0.38461538461538464, 0.5692307692307692, 0.5538461538461539, 0.5076923076923077, 0.6, 0.6307692307692307, 0.47692307692307695, 0.7076923076923076, 0.4153846153846154, 0.13846153846153847, 0.8923076923076922, 0.1076923076923077, 0.35384615384615387, 0.8307692307692307, 0.7846153846153846, 0.046153846153846156, 0.9384615384615385, 0.6461538461538461, 0.523076923076923, 0.16923076923076924, 0.2923076923076923, 0.8769230769230769, 0.4, 0.49230769230769234, 0.7538461538461538, 0.46153846153846156, 0.8615384615384616, 0.9538461538461538, 0.12307692307692308, 0.06153846153846154, 0.9076923076923077, 0.9230769230769231, 0.24615384615384617, 0.4307692307692308, 0.6923076923076923, 0.6153846153846154, 0.27692307692307694, 0.36923076923076925, 0.3230769230769231, 0.5846153846153845), 'comparison_feasibility_added_knots_scope': 'residual-guided path; final_knots are authoritative after any uniform fallback', 'comparison_feasibility_refit_count': 141, 'comparison_feasibility_final_source': 'residual_guided_augmentation', 'comparison_feasibility_final_mse': 4.985727855632772e-05, 'comparison_feasibility_final_k': 51, 'comparison_feasibility_final_knots': (0.046153846153846156, 0.06153846153846154, 0.1076923076923077, 0.12307692307692308, 0.13846153846153847, 0.16923076923076924, 0.18461538461538463, 0.2060727722550744, 0.23076923076923078, 0.24615384615384617, 0.27692307692307694, 0.28064961897779334, 0.2923076923076923, 0.3076923076923077, 0.3230769230769231, 0.3384615384615385, 0.35384615384615387, 0.36923076923076925, 0.38461538461538464, 0.4, 0.4153846153846154, 0.4307692307692308, 0.46153846153846156, 0.47692307692307695, 0.49230769230769234, 0.5076923076923077, 0.523076923076923, 0.5538461538461539, 0.5692307692307692, 0.5846153846153845, 0.6, 0.6153846153846154, 0.6307692307692307, 0.6461538461538461, 0.6801227782037993, 0.6923076923076923, 0.7076923076923076, 0.7538461538461538, 0.7692307692307692, 0.7846153846153846, 0.8153846153846154, 0.8307692307692307, 0.8461538461538461, 0.8615384615384616, 0.8731426252411381, 0.8769230769230769, 0.8923076923076922, 0.9076923076923077, 0.9230769230769231, 0.9384615384615385, 0.9538461538461538), 'comparison_feasibility_threshold_satisfied': True, 'comparison_feasibility_status': 'repaired_feasible', 'comparison_feasibility_dense_capacity_mse': None, 'comparison_feasibility_dense_capacity_threshold_satisfied': None, 'comparison_feasibility_capacity': 64, 'comparison_method_label': 'threshold-safe adaptation', 'threshold_satisfied': True, 'repeated_complete_timing': {'repeats': 1, 'samples_ms': [2520.6968000275083], 'p50_ms': 2520.6968000275083, 'mean_ms': 2520.6968000275083}}",
Synthetic,seed20000_sample650,independent_650,24,24,ours,False,ok,6.764743302878791e-05,False,,,45,17.1727,13.4441,"[0.03377561271190643, 0.07198835909366608, 0.08262063562870026, 0.10593759268522263, 0.12591737508773804, 0.13909633457660675, 0.16819307208061218, 0.1800675094127655, 0.21008309721946716, 0.23901574313640594, 0.24979783594608307, 0.2845260202884674, 0.310896098613739, 0.3149110972881317, 0.34853413701057434, 0.35213524103164673, 0.37684366106987, 0.40610378980636597, 0.4317922592163086, 0.4565841257572174, 0.46214595437049866, 0.5007839798927307, 0.5322892069816589, 0.5397835373878479, 0.5839593410491943, 0.597104549407959, 0.6099146008491516, 0.6364456415176392, 0.6453694701194763, 0.6579667925834656, 0.6870161890983582, 0.6991194486618042, 0.7269248366355896, 0.7456269860267639, 0.7664058208465576, 0.7808099985122681, 0.8102309703826904, 0.8249929547309875, 0.8363190293312073, 0.8764854073524475, 0.8806220293045044, 0.9127476811408997, 0.9233317971229553, 0.9395121932029724, 0.9593891501426697]","{'network_latency': {'p50_ms': 13.4441, 'median_ms': 13.4441, 'mean_ms': 13.4441, 'p95_ms': 13.4441, 'minimum_ms': 13.4441, 'maximum_ms': 13.4441, 'repeat_ms': [13.4441]}, 'end_to_end_latency': {'p50_ms': 17.1727, 'median_ms': 17.1727, 'mean_ms': 17.1727, 'p95_ms': 17.1727, 'minimum_ms': 17.1727, 'maximum_ms': 17.1727, 'repeat_ms': [17.1727]}, 'postprocessing': 'none', 'tolerance_conditioned_network': True, 'network_mse_tolerance': 5e-05}",
Synthetic,seed20000_sample650,independent_650,24,24,park_dominant_point_2007_adaptation,False,ok,4.8916377271699365e-05,True,,,50,271.0141999996267,,"[0.06660686972730921, 0.07893347257544436, 0.0957981645174348, 0.10998980550940234, 0.12896722288660561, 0.15203462701541728, 0.17686921275908143, 0.2012936716917534, 0.214566831097487, 0.22533606733262324, 0.23722824305182388, 0.24954415802238802, 0.26289249277923643, 0.2756274879407485, 0.2973497534212725, 0.32614353714900984, 0.3507167051439852, 0.3744383524649129, 0.39283094414963965, 0.41592465430614256, 0.43984965476023224, 0.4633966520147776, 0.4812620521040973, 0.49291782455724015, 0.507744507417159, 0.5203002538020293, 0.5320464469470559, 0.5474247774190254, 0.5637947552151428, 0.5780403310033781, 0.5871149910349299, 0.5980007727688483, 0.6194413333991006, 0.6407189431331907, 0.6652930598543457, 0.6791824186164407, 0.6912057026141917, 0.705914151474128, 0.72079013689582, 0.7345749813639587, 0.7447430916894632, 0.7573258327410338, 0.7669975294518584, 0.7795578028421272, 0.800932886210228, 0.8277338488039939, 0.8529127306048777, 0.8761611694248576, 0.9005483201196743, 0.9267465680901078]","{'network_used': False, 'parameterization': 'chord_length', 'reported_refit': 'unregularized standard B-spline least squares with exact endpoint interpolation', 'timing_scope': 'complete numerical method: chord parameterization, knot selection/relocation, and final endpoint-constrained refit', 'mse_tolerance': 5e-05, 'smoothness_weight': 0.0, 'control_ridge': 0.0, 'interpolate_endpoints': True, 'declared_max_internal_knots': 64, 'declared_paper_initial_knots': 64, 'method': 'park_lee_dom_2007_adaptation', 'reference_doi': '10.1016/j.cad.2006.12.006', 'knot_placement': 'Park-Lee Eq. (4): each interior knot averages degree consecutive dominant-point parameters', 'lcm_lower_bound': 5.5453499017113765, 'lcm_seed_count': 29, 'shape_weight_r': 0.8, 'shape_index': 'r*K_s,e/K_0,m + (1-r)*L_s,e/L_0,m', 'curvature_integral': 'trapezoidal in chord parameter', 'curvature_source': 'generalized local Menger curvature; no optional smoothed base curve', 'refinement_region': 'segment containing largest sampled parameter-correspondence residual', 'refinement_point': 'argmin_w |lambda_s,w - lambda_w,e|', 'stopping_metric': 'mean squared Euclidean parameter-correspondence error', 'distance_metric_deviation': ""comparison adaptation stops on common MSE; it does not reproduce the paper's maximum-distance or iterative orthogonal-distance criterion"", 'seed_completion_deviation': 'shape-index splits complete degree+1 dominant points when too few LCM seeds exist', 'effective_max_internal_knots': 64, 'requested_max_internal_knots': 64, 'selected_sources': ('endpoint', 'endpoint', 'lcm_seed', 'lcm_seed', 'lcm_seed', 'lcm_seed', 'lcm_seed', 'lcm_seed', 'lcm_seed', 'lcm_seed', 'lcm_seed', 'lcm_seed', 'lcm_seed', 'lcm_seed', 'lcm_seed', 'lcm_seed', 'lcm_seed', 'lcm_seed', 'lcm_seed', 'lcm_seed', 'lcm_seed', 'lcm_seed', 'lcm_seed', 'lcm_seed', 'lcm_seed', 'lcm_seed', 'lcm_seed', 'lcm_seed', 'lcm_seed', 'lcm_seed', 'lcm_seed', 'adaptive_shape_split', 'adaptive_shape_split', 'adaptive_shape_split', 'adaptive_shape_split', 'adaptive_shape_split', 'adaptive_shape_split', 'adaptive_shape_split', 'adaptive_shape_split', 'adaptive_shape_split', 'adaptive_shape_split', 'adaptive_shape_split', 'adaptive_shape_split', 'adaptive_shape_split', 'adaptive_shape_split', 'adaptive_shape_split', 'adaptive_shape_split', 'adaptive_shape_split', 'adaptive_shape_split', 'adaptive_shape_split', 'adaptive_shape_split', 'adaptive_shape_split', 'adaptive_shape_split', 'adaptive_shape_split'), 'boundary_knot_clamp_count': 0, 'threshold_satisfied': True, 'scanned_counts': (0, 1, 2, 3, 4, 5, 6, 7, 8, 9, 10, 11, 12, 13, 14, 15, 16, 17, 18, 19, 20, 21, 22, 23, 24, 25, 26, 27, 28, 29, 30, 31, 32, 33, 34, 35, 36, 37, 38, 39, 40, 41, 42, 43, 44, 45, 46, 47, 48, 49, 50), 'scanned_mse': (0.007552170833455603, 0.007540516661265542, 0.006150722536855177, 0.005621481216210425, 0.00527327014481373, 0.005251334054171993, 0.005202304169019131, 0.005174216966697517, 0.005090121349234218, 0.005091322641436841, 0.004215361489188538, 0.00410994772959183, 0.004056546332194846, 0.003836519275718471, 0.003577167930237979, 0.0034609694790264807, 0.0026106367720981137, 0.0024017067007406113, 0.0021674103669532727, 0.0020373984576987, 0.0018489028288891226, 0.0009790671571683538, 0.0007411429543537828, 0.0005444407692703388, 0.00029282426701403736, 0.0003020439767730476, 0.0002887711057571948, 0.0002991207460227067, 0.00019695453489839267, 0.00011360615017671817, 0.00010561237578765126, 8.96054590656281e-05, 8.451345461139533e-05, 7.926126012571357e-05, 7.79259869863144e-05, 7.468547430474852e-05, 7.233409418745847e-05, 6.91171886057577e-05, 6.660397105213312e-05, 6.630927716056867e-05, 6.457804408372638e-05, 6.259779398670284e-05, 6.0610736853055166e-05, 5.943901947681865e-05, 5.8670000436880274e-05, 5.4538682415952575e-05, 5.300240193622627e-05, 5.2856014249507604e-05, 5.1867506019552855e-05, 5.1702538401953216e-05, 4.8916377271699365e-05), 'scanned_max_parameter_residual': (0.22476868240100856, 0.22057403625043087, 0.17127011907352335, 0.18891553093016675, 0.1812534802409324, 0.1822694218792663, 0.18116325256386467, 0.18152801568375362, 0.18228895474435733, 0.18058599319161817, 0.1427171516497714, 0.14497603340101684, 0.1456433459544255, 0.11485154618807511, 0.11482949965690152, 0.11905858901117665, 0.10665122262231336, 0.11335038703509019, 0.11482999125842364, 0.11485790451659217, 0.11486973465818884, 0.10984214474646137, 0.09788230673320206, 0.09788231591099944, 0.07517055047655774, 0.07517026513101341, 0.0751769583116013, 0.07518940521810345, 0.07013611489125962, 0.024749301454949954, 0.023321500723452328, 0.02264084538447105, 0.02129094495895844, 0.020363000125759534, 0.018005070415555283, 0.01800506601456376, 0.01719354514418348, 0.01719361482046236, 0.017193614976462428, 0.01720496296992426, 0.018519358379084652, 0.018638232224339673, 0.0186382322288314, 0.018638233393105635, 0.01863823339913238, 0.018638233392741427, 0.01863823342885352, 0.01683209491643747, 0.01684108245946375, 0.016844811781522386, 0.016859895903094235), 'exact_refit_count': 51, 'method_fidelity': 'core DOM equations with a common-MSE stopping wrapper', 'repeated_complete_timing': {'repeats': 1, 'samples_ms': [271.0141999996267], 'p50_ms': 271.0141999996267, 'mean_ms': 271.0141999996267}}",
Synthetic,seed20000_sample650,independent_650,24,24,liang_feature_iki_2017_adaptation,False,ok,4.978494175494927e-05,True,,,55,156.26820002216846,,"[0.03364376038517166, 0.05191032961714348, 0.07017689884911531, 0.08844346808108713, 0.10671003731305896, 0.12497660654503079, 0.1432431757770026, 0.17977631424094626, 0.1980428834729181, 0.2163094527048899, 0.23457602193686172, 0.24370930655284764, 0.25284259116883356, 0.2711091604008054, 0.2802424450167913, 0.28937572963277725, 0.32590886809672087, 0.3487532744728695, 0.3715976808490181, 0.3830198840370924, 0.385875434834111, 0.3887309856311296, 0.39444208722516677, 0.4172864936013154, 0.4401308999774641, 0.4458420015715012, 0.4515531031655384, 0.4629753063536127, 0.4858197127297614, 0.50866411910591, 0.5315085254820586, 0.5543529318582073, 0.5657751350462816, 0.577197338234356, 0.6000417446105046, 0.6114639477985789, 0.6228861509866532, 0.6457305573628019, 0.6914193701150992, 0.7080631700288036, 0.7247069699425079, 0.7330288698993601, 0.7413507698562123, 0.7579945697699166, 0.774638369683621, 0.7912821695973253, 0.8245697694247339, 0.8412135693384382, 0.8495354692952903, 0.8578573692521425, 0.8745011691658469, 0.8911449690795512, 0.9077887689932556, 0.9244325689069599, 0.9577201687343686]","{'network_used': False, 'parameterization': 'chord_length', 'reported_refit': 'unregularized standard B-spline least squares with exact endpoint interpolation', 'timing_scope': 'complete numerical method: chord parameterization, knot selection/relocation, and final endpoint-constrained refit', 'mse_tolerance': 5e-05, 'smoothness_weight': 0.0, 'control_ridge': 0.0, 'interpolate_endpoints': True, 'declared_max_internal_knots': 64, 'declared_paper_initial_knots': 64, 'reference_doi': '10.1088/1361-6501/aa6a05', 'variant': 'feature_integral_plus_iki_disclosed_adaptation', 'dense_internal_knot_count': 64, 'initial_internal_knot_count': 4, 'inserted_internal_knot_count': 51, 'curvature_weight': 0.5, 'feature_sample_count': 1025, 'scanned_counts': (4, 5, 6, 7, 8, 9, 10, 11, 12, 13, 14, 15, 16, 17, 18, 19, 20, 21, 22, 23, 24, 25, 26, 27, 28, 29, 30, 31, 32, 33, 34, 35, 36, 37, 38, 39, 40, 41, 42, 43, 44, 45, 46, 47, 48, 49, 50, 51, 52, 53, 54, 55), 'scanned_mse': (0.004654487234019378, 0.0044796102511302895, 0.004434303059865585, 0.00430440042598192, 0.004300535406210479, 0.0040693098442124475, 0.004052759741389691, 0.004008618949092101, 0.003975073786740481, 0.0035813529817198316, 0.0034492044102456642, 0.0031992838028428432, 0.00315757989014597, 0.002443774702755884, 0.002180671813641388, 0.00208874497202228, 0.0020817242208289403, 0.002066572892745934, 0.0017510304966663873, 0.0013019568346123403, 0.001084290149466531, 0.0008725676656091691, 0.0006338142710082392, 0.0005668402077025461, 0.0005525728234739488, 0.00045296673580885933, 0.0004010768472070641, 0.0003482783688850615, 0.0003048766520294354, 0.00025895202210518114, 0.0002000674424252861, 0.0001796613342634477, 0.00017534058950263872, 0.00015937405589194732, 0.00014657153196333036, 0.00013199846543419374, 0.00012470457947015847, 0.00010565859116029267, 0.00010295811729379695, 9.494615760285534e-05, 9.254516011908387e-05, 8.499744449773701e-05, 7.77757265441893e-05, 7.187499894744505e-05, 7.04508110239506e-05, 6.696977136909321e-05, 6.513393065821189e-05, 6.156995107179187e-05, 5.775093995335506e-05, 5.578436211062156e-05, 5.3327329041735474e-05, 4.978494175494927e-05), 'scanned_max_parameter_residual': (0.15051035686235645, 0.13147476885641965, 0.1325490314316635, 0.13198487205940873, 0.13047603387866807, 0.12000339395019755, 0.11108829606698693, 0.11462840604460652, 0.11272282827960871, 0.10743547152440774, 0.11556710594792889, 0.10663184333485741, 0.10338749999875588, 0.0992877676080126, 0.10207811693777612, 0.0979897121351565, 0.10091379725981012, 0.10072603960129589, 0.10111043941230906, 0.09457349482084089, 0.0892385452229098, 0.0853135389618386, 0.060964997446429386, 0.05884646251580563, 0.0583939317663183, 0.05476642636085899, 0.0511104335229958, 0.049140722541966365, 0.04498261727862915, 0.04001277229482648, 0.035113899652069416, 0.03176542774807738, 0.03027889239967978, 0.0311940815468718, 0.02900197258418649, 0.02810089425031065, 0.02518775029032109, 0.02440634037641925, 0.025161661116403482, 0.02199758556708944, 0.020777413327119847, 0.020775707924492615, 0.01812320041409595, 0.01784163731913997, 0.01740780325844547, 0.016433377473854583, 0.016325103693224704, 0.015506833696329367, 0.015355561929275967, 0.016655658700558004, 0.014851533944705557, 0.014009550828037608), 'exact_refit_count': 53, 'paper_native_objective': 'error-bounded feature-integral initialization plus iterative knot insertion', 'comparison_wrapper': 'explicit 0.5 arc/curvature feature blend by default, worst-residual span midpoint insertion, and common-MSE stopping', 'method_fidelity': ""Liang-inspired adaptation; the access-controlled article's exact feature equation and constants are not claimed"", 'threshold_satisfied': True, 'repeated_complete_timing': {'repeats': 1, 'samples_ms': [156.26820002216846], 'p50_ms': 156.26820002216846, 'mean_ms': 156.26820002216846}}",
Synthetic,seed20000_sample650,independent_650,24,24,dung_direct_knot_2017_adaptation,False,ok,4.888889629479589e-05,True,,,45,1771.862699999474,,"[0.046153846153846156, 0.0697557892737058, 0.07838171539097427, 0.10722214595404275, 0.1076923076923077, 0.15165546205948452, 0.15384615384615385, 0.1775070295555857, 0.18461538461538463, 0.19466718130627705, 0.2153846153846154, 0.2182338922140624, 0.25916846365756724, 0.2917649755436553, 0.2923076923076923, 0.3228889569166231, 0.3495188437142252, 0.35384615384615387, 0.395090923250709, 0.4307692307692308, 0.4345811514206893, 0.4602175563436984, 0.4785737003846213, 0.49230769230769234, 0.5057930408070359, 0.5076923076923077, 0.5259567827807319, 0.5296810459836349, 0.5692307692307692, 0.581351466410993, 0.6090857575675054, 0.6390300354196177, 0.6461538461538461, 0.684627975978521, 0.6899916783145367, 0.7293089372068134, 0.7733488407986937, 0.7936545013049546, 0.8410406762038085, 0.8414534580656137, 0.8615384615384616, 0.8711477374374988, 0.9076923076923077, 0.9230769230769231, 0.9516125617782877]","{'network_used': False, 'parameterization': 'chord_length', 'reported_refit': 'unregularized endpoint-constrained standard B-spline least squares', 'timing_scope': 'complete numerical method: chord parameterization, knot selection/relocation, and final endpoint-constrained refit', 'mse_tolerance': 5e-05, 'smoothness_weight': 0.0, 'control_ridge': 0.0, 'interpolate_endpoints': True, 'declared_max_internal_knots': 64, 'declared_paper_initial_knots': 64, 'paper': 'Dung and Tjahjowidodo, PLOS ONE 2017, doi:10.1371/journal.pone.0173857', 'variant': 'serial_bisection_simple_knot_adaptation', 'native_control_norm': 'maximum Euclidean point residual', 'native_max_error_tolerance': 0.007071067811865475, 'native_final_max_error': 0.10609726570888217, 'native_final_mse': 0.0005702385589677027, 'common_final_max_error': 0.1060972657085856, 'common_final_mse': 0.000570240517504398, 'all_local_segments_native_feasible': False, 'local_piecewise_feasible_global_common_refit_failed': False, 'native_global_max_error_threshold_satisfied': False, 'native_global_common_mse_threshold_satisfied': False, 'native_global_internal_knot_count': 25, 'common_final_metrics_scope': 'native adaptation before any optional comparison feasibility safeguard', 'segments': ((0, 3), (4, 8), (9, 15), (16, 22), (23, 30), (31, 37), (38, 44), (45, 53), (54, 60), (61, 66), (67, 74), (75, 81), (82, 89), (90, 97), (98, 106), (107, 114), (115, 123), (124, 131), (132, 140), (141, 148), (149, 156), (157, 166), (167, 173), (174, 179), (180, 185), (186, 191)), 'segment_max_errors': (8.671119018262734e-16, 0.005271428660201142, 0.006111947760649766, 0.005429143227145813, 0.006175142346859877, 0.00542678547166355, 0.005803967459373497, 0.005765195340002713, 0.006389455666457887, 0.005118344653674314, 0.0063038072558790565, 0.005274336524600295, 0.004771833660119852, 0.006144465573923792, 0.0061839062305346516, 0.006636125303292064, 0.006030016601549952, 0.004813064898579459, 0.004949494455711747, 0.0010145447792545522, 0.006119805180365509, 0.0069649404720334845, 0.003957035833202994, 0.005897038579390047, 0.0008730082884323403, 0.015411695480959128), 'coarse_break_indices': (3, 8, 15, 22, 30, 37, 44, 53, 60, 66, 74, 81, 89, 97, 106, 114, 123, 131, 140, 148, 156, 166, 173, 179, 185), 'proposed_internal_knot_count': 25, 'retained_internal_knot_count': 25, 'scan_evaluations': 275, 'optimization_evaluations': 393, 'single_piece_evaluations': 230, 'exact_refit_count': 900, 'gauss_newton_fallback_count': 1, 'capacity_exceeded': False, 'capacity_handling': 'none', 'adaptation_limits': ('serial bisection only; parallel split/join/shift is not implemented', 'simple interior knots only; multiplicity and continuity classification are omitted', 'default native max-error epsilon is sqrt(mse_tolerance), which is a unit conversion rather than an equivalent constraint', 'capacity overflow is handled by deterministic uniform coarse-break subsampling before relocation', 'guarded float64 least squares and finite-difference Gauss-Newton replace MATLAB numerical edge behavior'), 'method_fidelity': 'serial simple-knot adaptation; parallel operations and knot multiplicity classification are not reproduced', 'threshold_satisfied_native_max_error': False, 'threshold_satisfied_common_max_error_before_safeguard': False, 'native_common_refit_mse': 0.000570240517504398, 'native_common_refit_k': 25, 'native_common_refit_threshold_satisfied': False, 'comparison_method_capacity': 64, 'comparison_feasibility_safeguard_version': 'bounded_common_mse_v1', 'comparison_feasibility_safeguard_enabled': True, 'comparison_feasibility_safeguard_used': True, 'comparison_feasibility_safeguard_attempted': True, 'comparison_feasibility_safeguard_role': 'repository comparison wrapper; not part of the cited method', 'comparison_feasibility_native_mse': 0.000570240517504398, 'comparison_feasibility_native_k': 25, 'comparison_feasibility_native_threshold_satisfied': False, 'comparison_feasibility_native_knots': (0.0697557892737058, 0.07838171539097427, 0.10722214595404275, 0.15165546205948452, 0.1775070295555857, 0.2182338922140624, 0.25916846365756724, 0.2917649755436553, 0.3228889569166231, 0.3495188437142252, 0.395090923250709, 0.4345811514206893, 0.4602175563436984, 0.5259567827807319, 0.5296810459836349, 0.581351466410993, 0.6090857575675054, 0.6390300354196177, 0.684627975978521, 0.7293089372068134, 0.7733488407986937, 0.7936545013049546, 0.8414534580656137, 0.8711477374374988, 0.9516125617782877), 'comparison_feasibility_added_knots': (0.9076923076923077, 0.5057930408070359, 0.2153846153846154, 0.4307692307692308, 0.5076923076923077, 0.8410406762038085, 0.2923076923076923, 0.6461538461538461, 0.35384615384615387, 0.046153846153846156, 0.4785737003846213, 0.49230769230769234, 0.1076923076923077, 0.9230769230769231, 0.6899916783145367, 0.8615384615384616, 0.5692307692307692, 0.19466718130627705, 0.18461538461538463, 0.15384615384615385), 'comparison_feasibility_added_knots_scope': 'residual-guided path; final_knots are authoritative after any uniform fallback', 'comparison_feasibility_refit_count': 60, 'comparison_feasibility_final_source': 'residual_guided_augmentation', 'comparison_feasibility_final_mse': 4.888889629479589e-05, 'comparison_feasibility_final_k': 45, 'comparison_feasibility_final_knots': (0.046153846153846156, 0.0697557892737058, 0.07838171539097427, 0.10722214595404275, 0.1076923076923077, 0.15165546205948452, 0.15384615384615385, 0.1775070295555857, 0.18461538461538463, 0.19466718130627705, 0.2153846153846154, 0.2182338922140624, 0.25916846365756724, 0.2917649755436553, 0.2923076923076923, 0.3228889569166231, 0.3495188437142252, 0.35384615384615387, 0.395090923250709, 0.4307692307692308, 0.4345811514206893, 0.4602175563436984, 0.4785737003846213, 0.49230769230769234, 0.5057930408070359, 0.5076923076923077, 0.5259567827807319, 0.5296810459836349, 0.5692307692307692, 0.581351466410993, 0.6090857575675054, 0.6390300354196177, 0.6461538461538461, 0.684627975978521, 0.6899916783145367, 0.7293089372068134, 0.7733488407986937, 0.7936545013049546, 0.8410406762038085, 0.8414534580656137, 0.8615384615384616, 0.8711477374374988, 0.9076923076923077, 0.9230769230769231, 0.9516125617782877), 'comparison_feasibility_threshold_satisfied': True, 'comparison_feasibility_status': 'repaired_feasible', 'comparison_feasibility_dense_capacity_mse': None, 'comparison_feasibility_dense_capacity_threshold_satisfied': None, 'comparison_feasibility_capacity': 64, 'comparison_method_label': 'threshold-safe adaptation', 'threshold_satisfied': True, 'repeated_complete_timing': {'repeats': 1, 'samples_ms': [1771.862699999474], 'p50_ms': 1771.862699999474, 'mean_ms': 1771.862699999474}}",
Synthetic,seed20000_sample650,independent_650,24,24,kang_sparse_2015_adaptation,False,ok,4.8104339766436705e-05,True,,,61,373.5001999884844,,"[0.015384615384615385, 0.03076923076923077, 0.046153846153846156, 0.06153846153846154, 0.07692307692307693, 0.09230769230769231, 0.1076923076923077, 0.12307692307692308, 0.13846153846153847, 0.15384615384615385, 0.16923076923076924, 0.18461538461538463, 0.2, 0.2153846153846154, 0.23076923076923078, 0.24615384615384617, 0.26153846153846155, 0.2923076923076923, 0.3076923076923077, 0.3230769230769231, 0.3384615384615385, 0.35384615384615387, 0.36923076923076925, 0.38461538461538464, 0.4, 0.4153846153846154, 0.4307692307692308, 0.4461538461538462, 0.46153846153846156, 0.47692307692307695, 0.49230769230769234, 0.5076923076923077, 0.523076923076923, 0.5384615384615384, 0.5538461538461539, 0.5692307692307692, 0.5846153846153845, 0.6, 0.6153846153846154, 0.6307692307692307, 0.6461538461538461, 0.6615384615384615, 0.676923076923077, 0.6923076923076923, 0.7230769230769231, 0.7384615384615385, 0.7538461538461538, 0.7692307692307692, 0.7846153846153846, 0.8, 0.8307692307692307, 0.8461538461538461, 0.8615384615384616, 0.8769230769230769, 0.8923076923076922, 0.9076923076923077, 0.9230769230769231, 0.9384615384615385, 0.9538461538461538, 0.9692307692307692, 0.9846153846153847]","{'network_used': False, 'parameterization': 'chord_length', 'reported_refit': 'unregularized standard B-spline least squares with exact endpoint interpolation', 'timing_scope': 'complete numerical method: chord parameterization, knot selection/relocation, and final endpoint-constrained refit', 'mse_tolerance': 5e-05, 'smoothness_weight': 0.0, 'control_ridge': 0.0, 'interpolate_endpoints': True, 'declared_max_internal_knots': 64, 'declared_paper_initial_knots': 64, 'initial_internal_knot_count': 64, 'dense_initial_fit_mse': 4.780260233541291e-05, 'dense_initial_threshold_satisfied': True, 'active_internal_knot_count': 61, 'cluster_sizes': (17, 27, 6, 11), 'active_cluster_count': 4, 'relocated_internal_knot_count': 61, 'relocated_unique_knot_count': 61, 'relocated_knot_multiplicities': (1, 1, 1, 1, 1, 1, 1, 1, 1, 1, 1, 1, 1, 1, 1, 1, 1, 1, 1, 1, 1, 1, 1, 1, 1, 1, 1, 1, 1, 1, 1, 1, 1, 1, 1, 1, 1, 1, 1, 1, 1, 1, 1, 1, 1, 1, 1, 1, 1, 1, 1, 1, 1, 1, 1, 1, 1, 1, 1, 1, 1), 'active_to_relocated_compression_ratio': 1.0, 'sparse_stage_mse': 4.780260233541291e-05, 'sparse_stage_threshold_satisfied': True, 'native_sparse_feasible_final_common_refit_failed': False, 'sparse_and_final_mse_are_directly_comparable': False, 'sparse_iterations': 900, 'sparse_solver_seconds': 0.3607334999833256, 'relocation_seconds': 3.260001540184021e-05, 'non_paper_feasibility_repair_enabled': False, 'paper_feasibility_repair_used': False, 'paper_feasibility_repair_added_count': 0, 'local_refit_count': 0, 'method_note': ""Vector-valued group-L1 ADMM adaptation of Kang et al. (2015) equation (12), followed by Algorithms 4-5 only for clear short active clusters; long general-data runs retain their active knots because Algorithm 1 is not reproduced; not the paper's scalar CVX implementation."", 'relocation_method': 'Algorithms 4-5 skipped: the active knots do not form clear short groups; retain the sparse-stage active vector instead of applying Algorithm 4 outside the regime recommended by Kang et al. Algorithm 1 is not reproduced by this adaptation.', 'algorithm4_cluster_relocation_applied': False, 'absolute_jump_threshold': 1e-07, 'relative_jump_threshold': 0.001, 'effective_jump_threshold': 22503.252048685645, 'native_final_fit_mse_without_endpoint_constraint': 4.810433976643674e-05, 'native_endpoint_constrained_mse': 4.8104339766436705e-05, 'endpoint_constraint_fallback': 'disabled', 'native_common_refit_mse': 4.8104339766436705e-05, 'native_common_refit_k': 61, 'native_common_refit_threshold_satisfied': True, 'comparison_method_capacity': 64, 'comparison_feasibility_safeguard_version': 'bounded_common_mse_v1', 'comparison_feasibility_safeguard_enabled': True, 'comparison_feasibility_safeguard_used': False, 'comparison_feasibility_safeguard_attempted': False, 'comparison_feasibility_safeguard_role': 'repository comparison wrapper; not part of the cited method', 'comparison_feasibility_native_mse': 4.8104339766436705e-05, 'comparison_feasibility_native_k': 61, 'comparison_feasibility_native_threshold_satisfied': True, 'comparison_feasibility_native_knots': (0.015384615384615385, 0.03076923076923077, 0.046153846153846156, 0.06153846153846154, 0.07692307692307693, 0.09230769230769231, 0.1076923076923077, 0.12307692307692308, 0.13846153846153847, 0.15384615384615385, 0.16923076923076924, 0.18461538461538463, 0.2, 0.2153846153846154, 0.23076923076923078, 0.24615384615384617, 0.26153846153846155, 0.2923076923076923, 0.3076923076923077, 0.3230769230769231, 0.3384615384615385, 0.35384615384615387, 0.36923076923076925, 0.38461538461538464, 0.4, 0.4153846153846154, 0.4307692307692308, 0.4461538461538462, 0.46153846153846156, 0.47692307692307695, 0.49230769230769234, 0.5076923076923077, 0.523076923076923, 0.5384615384615384, 0.5538461538461539, 0.5692307692307692, 0.5846153846153845, 0.6, 0.6153846153846154, 0.6307692307692307, 0.6461538461538461, 0.6615384615384615, 0.676923076923077, 0.6923076923076923, 0.7230769230769231, 0.7384615384615385, 0.7538461538461538, 0.7692307692307692, 0.7846153846153846, 0.8, 0.8307692307692307, 0.8461538461538461, 0.8615384615384616, 0.8769230769230769, 0.8923076923076922, 0.9076923076923077, 0.9230769230769231, 0.9384615384615385, 0.9538461538461538, 0.9692307692307692, 0.9846153846153847), 'comparison_feasibility_added_knots': (), 'comparison_feasibility_added_knots_scope': 'residual-guided path; final_knots are authoritative after any uniform fallback', 'comparison_feasibility_refit_count': 0, 'comparison_feasibility_final_source': 'native', 'comparison_feasibility_final_mse': 4.8104339766436705e-05, 'comparison_feasibility_final_k': 61, 'comparison_feasibility_final_knots': (0.015384615384615385, 0.03076923076923077, 0.046153846153846156, 0.06153846153846154, 0.07692307692307693, 0.09230769230769231, 0.1076923076923077, 0.12307692307692308, 0.13846153846153847, 0.15384615384615385, 0.16923076923076924, 0.18461538461538463, 0.2, 0.2153846153846154, 0.23076923076923078, 0.24615384615384617, 0.26153846153846155, 0.2923076923076923, 0.3076923076923077, 0.3230769230769231, 0.3384615384615385, 0.35384615384615387, 0.36923076923076925, 0.38461538461538464, 0.4, 0.4153846153846154, 0.4307692307692308, 0.4461538461538462, 0.46153846153846156, 0.47692307692307695, 0.49230769230769234, 0.5076923076923077, 0.523076923076923, 0.5384615384615384, 0.5538461538461539, 0.5692307692307692, 0.5846153846153845, 0.6, 0.6153846153846154, 0.6307692307692307, 0.6461538461538461, 0.6615384615384615, 0.676923076923077, 0.6923076923076923, 0.7230769230769231, 0.7384615384615385, 0.7538461538461538, 0.7692307692307692, 0.7846153846153846, 0.8, 0.8307692307692307, 0.8461538461538461, 0.8615384615384616, 0.8769230769230769, 0.8923076923076922, 0.9076923076923077, 0.9230769230769231, 0.9384615384615385, 0.9538461538461538, 0.9692307692307692, 0.9846153846153847), 'comparison_feasibility_threshold_satisfied': True, 'comparison_feasibility_status': 'native_feasible', 'comparison_feasibility_dense_capacity_mse': None, 'comparison_feasibility_dense_capacity_threshold_satisfied': None, 'comparison_feasibility_capacity': 64, 'comparison_method_label': 'threshold-safe adaptation', 'threshold_satisfied': True, 'repeated_complete_timing': {'repeats': 1, 'samples_ms': [373.5001999884844], 'p50_ms': 373.5001999884844, 'mean_ms': 373.5001999884844}}",
Synthetic,seed20000_sample650,independent_650,24,24,luo_linf_de_2022_adaptation,False,ok,4.781234047013228e-05,True,,,61,2530.581900035031,,"[0.0070191941106998185, 0.046153846153846156, 0.07692307692307693, 0.09230769230769231, 0.1076923076923077, 0.12307692307692308, 0.13846153846153847, 0.15384615384615385, 0.16923076923076924, 0.18461538461538463, 0.2, 0.2153846153846154, 0.23076923076923078, 0.24615384615384617, 0.26153846153846155, 0.27692307692307694, 0.2923076923076923, 0.3076923076923077, 0.3230769230769231, 0.3384615384615385, 0.35384615384615387, 0.36923076923076925, 0.38461538461538464, 0.4, 0.4153846153846154, 0.4307692307692308, 0.4461538461538462, 0.46153846153846156, 0.47692307692307695, 0.49230769230769234, 0.5076923076923077, 0.523076923076923, 0.5384615384615384, 0.5538461538461539, 0.5692307692307692, 0.5846153846153845, 0.6, 0.6153846153846154, 0.6307692307692307, 0.6461538461538461, 0.6615384615384615, 0.676923076923077, 0.6923076923076923, 0.7076923076923076, 0.7230769230769231, 0.7384615384615385, 0.7538461538461538, 0.7692307692307692, 0.7846153846153846, 0.8, 0.8153846153846154, 0.8307692307692307, 0.8461538461538461, 0.8615384615384616, 0.8769230769230769, 0.8923076923076922, 0.9076923076923077, 0.9230769230769231, 0.9384615384615385, 0.9846153846153847, 0.9969304191710674]","{'network_used': False, 'parameterization': 'chord_length', 'reported_refit': 'unregularized standard B-spline least squares with exact endpoint interpolation', 'timing_scope': 'complete numerical method: chord parameterization, knot selection/relocation, and final endpoint-constrained refit', 'mse_tolerance': 5e-05, 'smoothness_weight': 0.0, 'control_ridge': 0.0, 'interpolate_endpoints': True, 'declared_max_internal_knots': 64, 'declared_paper_initial_knots': 64, 'reference_doi': '10.4208/jcm.2012-m2020-0203', 'variant': 'linf1_jump_sparsity_plus_differential_evolution', 'initial_internal_knot_count': 64, 'dense_initial_fit_mse': 4.780260233541291e-05, 'dense_initial_threshold_satisfied': True, 'selected_regularization': 3.983834104778544e-09, 'sparse_stage_mse': 4.999957791701501e-05, 'sparse_stage_threshold_satisfied': True, 'jump_local_maximum_eta': 0.5, 'candidate_internal_knot_count': 2, 'initial_to_candidate_compression_ratio': 0.03125, 'candidate_refit_mse_before_de': 0.005607572534422176, 'candidate_refit_threshold_satisfied_before_de': False, 'candidate_selection_lost_sparse_feasibility': True, 'de_population': 10, 'de_iterations': 10, 'de_evaluations': 110, 'de_initial_max_error': 0.2142462960845554, 'de_final_max_error': 0.14473504244791932, 'de_restored_common_mse_feasibility': False, 'paper_native_objective': 'nonsquared Frobenius data term plus l-infinity,1 derivative-jump penalty; DE minimizes maximum Euclidean error', 'comparison_wrapper': 'regularization is selected against the common MSE budget and the final fit uses the common endpoint-constrained refit', 'method_fidelity': 'defining mixed-norm, local-maximum selection, and DE stages are reproduced; hyperparameter selection is adapted', 'native_common_refit_mse': 0.004728086552937688, 'native_common_refit_k': 2, 'native_common_refit_threshold_satisfied': False, 'comparison_method_capacity': 64, 'comparison_feasibility_safeguard_version': 'bounded_common_mse_v1', 'comparison_feasibility_safeguard_enabled': True, 'comparison_feasibility_safeguard_used': True, 'comparison_feasibility_safeguard_attempted': True, 'comparison_feasibility_safeguard_role': 'repository comparison wrapper; not part of the cited method', 'comparison_feasibility_native_mse': 0.004728086552937688, 'comparison_feasibility_native_k': 2, 'comparison_feasibility_native_threshold_satisfied': False, 'comparison_feasibility_native_knots': (0.0070191941106998185, 0.9969304191710674), 'comparison_feasibility_added_knots': (0.5384615384615384, 0.5538461538461539, 0.5076923076923077, 0.676923076923077, 0.7076923076923076, 0.4153846153846154, 0.36923076923076925, 0.7538461538461538, 0.6615384615384615, 0.6153846153846154, 0.2, 0.24615384615384617, 0.18461538461538463, 0.16923076923076924, 0.4307692307692308, 0.27692307692307694, 0.7846153846153846, 0.8307692307692307, 0.8615384615384616, 0.09230769230769231, 0.3230769230769231, 0.46153846153846156, 0.1076923076923077, 0.9230769230769231, 0.7692307692307692, 0.23076923076923078, 0.2923076923076923, 0.38461538461538464, 0.5692307692307692, 0.15384615384615385, 0.6461538461538461, 0.523076923076923, 0.8153846153846154, 0.9384615384615385, 0.046153846153846156, 0.8769230769230769, 0.9076923076923077, 0.6923076923076923, 0.4461538461538462, 0.49230769230769234, 0.35384615384615387, 0.5846153846153845, 0.8, 0.7384615384615385, 0.07692307692307693, 0.4, 0.47692307692307695, 0.6, 0.8461538461538461, 0.8923076923076922, 0.7230769230769231, 0.6307692307692307, 0.9846153846153847, 0.3384615384615385, 0.3076923076923077, 0.26153846153846155, 0.2153846153846154, 0.13846153846153847, 0.12307692307692308), 'comparison_feasibility_added_knots_scope': 'residual-guided path; final_knots are authoritative after any uniform fallback', 'comparison_feasibility_refit_count': 177, 'comparison_feasibility_final_source': 'residual_guided_augmentation', 'comparison_feasibility_final_mse': 4.781234047013228e-05, 'comparison_feasibility_final_k': 61, 'comparison_feasibility_final_knots': (0.0070191941106998185, 0.046153846153846156, 0.07692307692307693, 0.09230769230769231, 0.1076923076923077, 0.12307692307692308, 0.13846153846153847, 0.15384615384615385, 0.16923076923076924, 0.18461538461538463, 0.2, 0.2153846153846154, 0.23076923076923078, 0.24615384615384617, 0.26153846153846155, 0.27692307692307694, 0.2923076923076923, 0.3076923076923077, 0.3230769230769231, 0.3384615384615385, 0.35384615384615387, 0.36923076923076925, 0.38461538461538464, 0.4, 0.4153846153846154, 0.4307692307692308, 0.4461538461538462, 0.46153846153846156, 0.47692307692307695, 0.49230769230769234, 0.5076923076923077, 0.523076923076923, 0.5384615384615384, 0.5538461538461539, 0.5692307692307692, 0.5846153846153845, 0.6, 0.6153846153846154, 0.6307692307692307, 0.6461538461538461, 0.6615384615384615, 0.676923076923077, 0.6923076923076923, 0.7076923076923076, 0.7230769230769231, 0.7384615384615385, 0.7538461538461538, 0.7692307692307692, 0.7846153846153846, 0.8, 0.8153846153846154, 0.8307692307692307, 0.8461538461538461, 0.8615384615384616, 0.8769230769230769, 0.8923076923076922, 0.9076923076923077, 0.9230769230769231, 0.9384615384615385, 0.9846153846153847, 0.9969304191710674), 'comparison_feasibility_threshold_satisfied': True, 'comparison_feasibility_status': 'repaired_feasible', 'comparison_feasibility_dense_capacity_mse': None, 'comparison_feasibility_dense_capacity_threshold_satisfied': None, 'comparison_feasibility_capacity': 64, 'comparison_method_label': 'threshold-safe adaptation', 'threshold_satisfied': True, 'repeated_complete_timing': {'repeats': 1, 'samples_ms': [2530.581900035031], 'p50_ms': 2530.581900035031, 'mean_ms': 2530.581900035031}}",
UJI,uji2_07539_stroke_00,tst_UPV_W39,,,ours,True,ok,6.444295551238364e-06,True,1.8650984849642592e-05,True,19,17.3826,13.5949,"[0.12163407355546951, 0.1887623369693756, 0.22834397852420807, 0.2663608491420746, 0.31022191047668457, 0.3543999195098877, 0.40326112508773804, 0.4460344612598419, 0.48364996910095215, 0.5326946377754211, 0.6088247299194336, 0.638484001159668, 0.7020425200462341, 0.761427104473114, 0.8055790066719055, 0.8219643235206604, 0.8407050967216492, 0.8572595715522766, 0.9092296957969666]","{'network_latency': {'p50_ms': 13.5949, 'median_ms': 13.5949, 'mean_ms': 13.5949, 'p95_ms': 13.5949, 'minimum_ms': 13.5949, 'maximum_ms': 13.5949, 'repeat_ms': [13.5949]}, 'end_to_end_latency': {'p50_ms': 17.3826, 'median_ms': 17.3826, 'mean_ms': 17.3826, 'p95_ms': 17.3826, 'minimum_ms': 17.3826, 'maximum_ms': 17.3826, 'repeat_ms': [17.3826]}, 'postprocessing': 'none', 'tolerance_conditioned_network': True, 'network_mse_tolerance': 5e-05}",
UJI,uji2_07539_stroke_00,tst_UPV_W39,,,park_dominant_point_2007_adaptation,True,ok,2.6974677916307257e-05,True,5.455640898577016e-05,False,5,19.680499972309917,,"[0.08949688238202957, 0.14296193545620495, 0.32483722478337335, 0.5190088272423466, 0.7201813679218457]","{'network_used': False, 'parameterization': 'chord_length', 'reported_refit': 'unregularized standard B-spline least squares with exact endpoint interpolation', 'timing_scope': 'complete numerical method: chord parameterization, knot selection/relocation, and final endpoint-constrained refit', 'mse_tolerance': 5e-05, 'smoothness_weight': 0.0, 'control_ridge': 0.0, 'interpolate_endpoints': True, 'declared_max_internal_knots': 64, 'declared_paper_initial_knots': 64, 'method': 'park_lee_dom_2007_adaptation', 'reference_doi': '10.1016/j.cad.2006.12.006', 'knot_placement': 'Park-Lee Eq. (4): each interior knot averages degree consecutive dominant-point parameters', 'lcm_lower_bound': 0.5796651557349285, 'lcm_seed_count': 18, 'shape_weight_r': 0.8, 'shape_index': 'r*K_s,e/K_0,m + (1-r)*L_s,e/L_0,m', 'curvature_integral': 'trapezoidal in chord parameter', 'curvature_source': 'generalized local Menger curvature; no optional smoothed base curve', 'refinement_region': 'segment containing largest sampled parameter-correspondence residual', 'refinement_point': 'argmin_w |lambda_s,w - lambda_w,e|', 'stopping_metric': 'mean squared Euclidean parameter-correspondence error', 'distance_metric_deviation': ""comparison adaptation stops on common MSE; it does not reproduce the paper's maximum-distance or iterative orthogonal-distance criterion"", 'seed_completion_deviation': 'shape-index splits complete degree+1 dominant points when too few LCM seeds exist', 'effective_max_internal_knots': 64, 'requested_max_internal_knots': 64, 'selected_sources': ('endpoint', 'endpoint', 'lcm_seed', 'lcm_seed', 'lcm_seed', 'lcm_seed', 'lcm_seed', 'lcm_seed', 'lcm_seed'), 'boundary_knot_clamp_count': 0, 'threshold_satisfied': True, 'scanned_counts': (0, 1, 2, 3, 4, 5), 'scanned_mse': (0.003434005448875114, 0.0005116940766454102, 0.0003044069323943585, 7.494501932671638e-05, 5.487311027555921e-05, 2.6974677916307257e-05), 'scanned_max_parameter_residual': (0.1691484990658073, 0.07367104694651606, 0.05716106915657286, 0.018875076085351123, 0.018726892442782927, 0.017606383684237944), 'exact_refit_count': 6, 'method_fidelity': 'core DOM equations with a common-MSE stopping wrapper', 'repeated_complete_timing': {'repeats': 1, 'samples_ms': [19.680499972309917], 'p50_ms': 19.680499972309917, 'mean_ms': 19.680499972309917}}",
UJI,uji2_07539_stroke_00,tst_UPV_W39,,,liang_feature_iki_2017_adaptation,True,ok,4.13237503376755e-05,True,8.669015469984449e-05,False,4,11.181500041857362,,"[0.09479649884070986, 0.198623312063502, 0.5002836886170007, 0.8005121216256634]","{'network_used': False, 'parameterization': 'chord_length', 'reported_refit': 'unregularized standard B-spline least squares with exact endpoint interpolation', 'timing_scope': 'complete numerical method: chord parameterization, knot selection/relocation, and final endpoint-constrained refit', 'mse_tolerance': 5e-05, 'smoothness_weight': 0.0, 'control_ridge': 0.0, 'interpolate_endpoints': True, 'declared_max_internal_knots': 64, 'declared_paper_initial_knots': 64, 'reference_doi': '10.1088/1361-6501/aa6a05', 'variant': 'feature_integral_plus_iki_disclosed_adaptation', 'dense_internal_knot_count': 64, 'initial_internal_knot_count': 4, 'inserted_internal_knot_count': 0, 'curvature_weight': 0.5, 'feature_sample_count': 1025, 'scanned_counts': (4,), 'scanned_mse': (4.13237503376755e-05,), 'scanned_max_parameter_residual': (0.029209549155791777,), 'exact_refit_count': 2, 'paper_native_objective': 'error-bounded feature-integral initialization plus iterative knot insertion', 'comparison_wrapper': 'explicit 0.5 arc/curvature feature blend by default, worst-residual span midpoint insertion, and common-MSE stopping', 'method_fidelity': ""Liang-inspired adaptation; the access-controlled article's exact feature equation and constants are not claimed"", 'threshold_satisfied': True, 'repeated_complete_timing': {'repeats': 1, 'samples_ms': [11.181500041857362], 'p50_ms': 11.181500041857362, 'mean_ms': 11.181500041857362}}",
UJI,uji2_07539_stroke_00,tst_UPV_W39,,,dung_direct_knot_2017_adaptation,True,ok,2.8642073674056752e-05,True,4.3827287903854036e-05,True,5,240.01719994703308,,"[0.07692307692307693, 0.08214956163229785, 0.1076923076923077, 0.25801129041377446, 0.8583201231426897]","{'network_used': False, 'parameterization': 'chord_length', 'reported_refit': 'unregularized endpoint-constrained standard B-spline least squares', 'timing_scope': 'complete numerical method: chord parameterization, knot selection/relocation, and final endpoint-constrained refit', 'mse_tolerance': 5e-05, 'smoothness_weight': 0.0, 'control_ridge': 0.0, 'interpolate_endpoints': True, 'declared_max_internal_knots': 64, 'declared_paper_initial_knots': 64, 'paper': 'Dung and Tjahjowidodo, PLOS ONE 2017, doi:10.1371/journal.pone.0173857', 'variant': 'serial_bisection_simple_knot_adaptation', 'native_control_norm': 'maximum Euclidean point residual', 'native_max_error_tolerance': 0.007071067811865475, 'native_final_max_error': 0.04833209872359747, 'native_final_mse': 0.000157057377905768, 'common_final_max_error': 0.04989215946338405, 'common_final_mse': 0.00016794934274973577, 'all_local_segments_native_feasible': True, 'local_piecewise_feasible_global_common_refit_failed': True, 'native_global_max_error_threshold_satisfied': False, 'native_global_common_mse_threshold_satisfied': False, 'native_global_internal_knot_count': 3, 'common_final_metrics_scope': 'native adaptation before any optional comparison feasibility safeguard', 'segments': ((0, 19), (20, 48), (49, 158), (159, 191)), 'segment_max_errors': (0.003257049848732743, 0.006965948893177059, 0.006232929952121724, 0.0027185626183727357), 'coarse_break_indices': (19, 48, 158), 'proposed_internal_knot_count': 3, 'retained_internal_knot_count': 3, 'scan_evaluations': 33, 'optimization_evaluations': 23, 'single_piece_evaluations': 32, 'exact_refit_count': 90, 'gauss_newton_fallback_count': 0, 'capacity_exceeded': False, 'capacity_handling': 'none', 'adaptation_limits': ('serial bisection only; parallel split/join/shift is not implemented', 'simple interior knots only; multiplicity and continuity classification are omitted', 'default native max-error epsilon is sqrt(mse_tolerance), which is a unit conversion rather than an equivalent constraint', 'capacity overflow is handled by deterministic uniform coarse-break subsampling before relocation', 'guarded float64 least squares and finite-difference Gauss-Newton replace MATLAB numerical edge behavior'), 'method_fidelity': 'serial simple-knot adaptation; parallel operations and knot multiplicity classification are not reproduced', 'threshold_satisfied_native_max_error': False, 'threshold_satisfied_common_max_error_before_safeguard': False, 'native_common_refit_mse': 0.00016794934274973577, 'native_common_refit_k': 3, 'native_common_refit_threshold_satisfied': False, 'comparison_method_capacity': 64, 'comparison_feasibility_safeguard_version': 'bounded_common_mse_v1', 'comparison_feasibility_safeguard_enabled': True, 'comparison_feasibility_safeguard_used': True, 'comparison_feasibility_safeguard_attempted': True, 'comparison_feasibility_safeguard_role': 'repository comparison wrapper; not part of the cited method', 'comparison_feasibility_native_mse': 0.00016794934274973577, 'comparison_feasibility_native_k': 3, 'comparison_feasibility_native_threshold_satisfied': False, 'comparison_feasibility_native_knots': (0.08214956163229785, 0.25801129041377446, 0.8583201231426897), 'comparison_feasibility_added_knots': (0.1076923076923077, 0.07692307692307693), 'comparison_feasibility_added_knots_scope': 'residual-guided path; final_knots are authoritative after any uniform fallback', 'comparison_feasibility_refit_count': 6, 'comparison_feasibility_final_source': 'residual_guided_augmentation', 'comparison_feasibility_final_mse': 2.8642073674056752e-05, 'comparison_feasibility_final_k': 5, 'comparison_feasibility_final_knots': (0.07692307692307693, 0.08214956163229785, 0.1076923076923077, 0.25801129041377446, 0.8583201231426897), 'comparison_feasibility_threshold_satisfied': True, 'comparison_feasibility_status': 'repaired_feasible', 'comparison_feasibility_dense_capacity_mse': None, 'comparison_feasibility_dense_capacity_threshold_satisfied': None, 'comparison_feasibility_capacity': 64, 'comparison_method_label': 'threshold-safe adaptation', 'threshold_satisfied': True, 'repeated_complete_timing': {'repeats': 1, 'samples_ms': [240.01719994703308], 'p50_ms': 240.01719994703308, 'mean_ms': 240.01719994703308}}",
UJI,uji2_07539_stroke_00,tst_UPV_W39,,,kang_sparse_2015_adaptation,True,ok,3.67765658839345e-06,True,1.5536642170277933e-05,True,53,1014.2145999707282,,"[0.1076923076923077, 0.12307692307692308, 0.13846153846153847, 0.15384615384615385, 0.2, 0.2153846153846154, 0.23076923076923078, 0.24615384615384617, 0.26153846153846155, 0.27692307692307694, 0.2923076923076923, 0.3076923076923077, 0.3230769230769231, 0.3384615384615385, 0.35384615384615387, 0.36923076923076925, 0.38461538461538464, 0.4, 0.4153846153846154, 0.4307692307692308, 0.4461538461538462, 0.46153846153846156, 0.47692307692307695, 0.49230769230769234, 0.5076923076923077, 0.523076923076923, 0.5384615384615384, 0.5538461538461539, 0.5692307692307692, 0.5846153846153845, 0.6, 0.6153846153846154, 0.6307692307692307, 0.6461538461538461, 0.6615384615384615, 0.676923076923077, 0.6923076923076923, 0.7076923076923076, 0.7230769230769231, 0.7384615384615385, 0.7538461538461538, 0.7692307692307692, 0.7846153846153846, 0.8, 0.8153846153846154, 0.8307692307692307, 0.8461538461538461, 0.8615384615384616, 0.8769230769230769, 0.8923076923076922, 0.9076923076923077, 0.9230769230769231, 0.9384615384615385]","{'network_used': False, 'parameterization': 'chord_length', 'reported_refit': 'unregularized standard B-spline least squares with exact endpoint interpolation', 'timing_scope': 'complete numerical method: chord parameterization, knot selection/relocation, and final endpoint-constrained refit', 'mse_tolerance': 5e-05, 'smoothness_weight': 0.0, 'control_ridge': 0.0, 'interpolate_endpoints': True, 'declared_max_internal_knots': 64, 'declared_paper_initial_knots': 64, 'initial_internal_knot_count': 64, 'dense_initial_fit_mse': 2.5324270524038544e-07, 'dense_initial_threshold_satisfied': True, 'active_internal_knot_count': 53, 'cluster_sizes': (4, 49), 'active_cluster_count': 2, 'relocated_internal_knot_count': 53, 'relocated_unique_knot_count': 53, 'relocated_knot_multiplicities': (1, 1, 1, 1, 1, 1, 1, 1, 1, 1, 1, 1, 1, 1, 1, 1, 1, 1, 1, 1, 1, 1, 1, 1, 1, 1, 1, 1, 1, 1, 1, 1, 1, 1, 1, 1, 1, 1, 1, 1, 1, 1, 1, 1, 1, 1, 1, 1, 1, 1, 1, 1, 1), 'active_to_relocated_compression_ratio': 1.0, 'sparse_stage_mse': 4.9967534555006696e-05, 'sparse_stage_threshold_satisfied': True, 'native_sparse_feasible_final_common_refit_failed': False, 'sparse_and_final_mse_are_directly_comparable': False, 'sparse_iterations': 2500, 'sparse_solver_seconds': 0.9991924000205472, 'relocation_seconds': 2.789997961372137e-05, 'non_paper_feasibility_repair_enabled': False, 'paper_feasibility_repair_used': False, 'paper_feasibility_repair_added_count': 0, 'local_refit_count': 0, 'method_note': ""Vector-valued group-L1 ADMM adaptation of Kang et al. (2015) equation (12), followed by Algorithms 4-5 only for clear short active clusters; long general-data runs retain their active knots because Algorithm 1 is not reproduced; not the paper's scalar CVX implementation."", 'relocation_method': 'Algorithms 4-5 skipped: the active knots do not form clear short groups; retain the sparse-stage active vector instead of applying Algorithm 4 outside the regime recommended by Kang et al. Algorithm 1 is not reproduced by this adaptation.', 'algorithm4_cluster_relocation_applied': False, 'absolute_jump_threshold': 1e-07, 'relative_jump_threshold': 0.001, 'effective_jump_threshold': 0.5456887218138402, 'native_final_fit_mse_without_endpoint_constraint': 3.278797203198108e-06, 'native_endpoint_constrained_mse': 3.67765658839345e-06, 'endpoint_constraint_fallback': 'disabled', 'native_common_refit_mse': 3.67765658839345e-06, 'native_common_refit_k': 53, 'native_common_refit_threshold_satisfied': True, 'comparison_method_capacity': 64, 'comparison_feasibility_safeguard_version': 'bounded_common_mse_v1', 'comparison_feasibility_safeguard_enabled': True, 'comparison_feasibility_safeguard_used': False, 'comparison_feasibility_safeguard_attempted': False, 'comparison_feasibility_safeguard_role': 'repository comparison wrapper; not part of the cited method', 'comparison_feasibility_native_mse': 3.67765658839345e-06, 'comparison_feasibility_native_k': 53, 'comparison_feasibility_native_threshold_satisfied': True, 'comparison_feasibility_native_knots': (0.1076923076923077, 0.12307692307692308, 0.13846153846153847, 0.15384615384615385, 0.2, 0.2153846153846154, 0.23076923076923078, 0.24615384615384617, 0.26153846153846155, 0.27692307692307694, 0.2923076923076923, 0.3076923076923077, 0.3230769230769231, 0.3384615384615385, 0.35384615384615387, 0.36923076923076925, 0.38461538461538464, 0.4, 0.4153846153846154, 0.4307692307692308, 0.4461538461538462, 0.46153846153846156, 0.47692307692307695, 0.49230769230769234, 0.5076923076923077, 0.523076923076923, 0.5384615384615384, 0.5538461538461539, 0.5692307692307692, 0.5846153846153845, 0.6, 0.6153846153846154, 0.6307692307692307, 0.6461538461538461, 0.6615384615384615, 0.676923076923077, 0.6923076923076923, 0.7076923076923076, 0.7230769230769231, 0.7384615384615385, 0.7538461538461538, 0.7692307692307692, 0.7846153846153846, 0.8, 0.8153846153846154, 0.8307692307692307, 0.8461538461538461, 0.8615384615384616, 0.8769230769230769, 0.8923076923076922, 0.9076923076923077, 0.9230769230769231, 0.9384615384615385), 'comparison_feasibility_added_knots': (), 'comparison_feasibility_added_knots_scope': 'residual-guided path; final_knots are authoritative after any uniform fallback', 'comparison_feasibility_refit_count': 0, 'comparison_feasibility_final_source': 'native', 'comparison_feasibility_final_mse': 3.67765658839345e-06, 'comparison_feasibility_final_k': 53, 'comparison_feasibility_final_knots': (0.1076923076923077, 0.12307692307692308, 0.13846153846153847, 0.15384615384615385, 0.2, 0.2153846153846154, 0.23076923076923078, 0.24615384615384617, 0.26153846153846155, 0.27692307692307694, 0.2923076923076923, 0.3076923076923077, 0.3230769230769231, 0.3384615384615385, 0.35384615384615387, 0.36923076923076925, 0.38461538461538464, 0.4, 0.4153846153846154, 0.4307692307692308, 0.4461538461538462, 0.46153846153846156, 0.47692307692307695, 0.49230769230769234, 0.5076923076923077, 0.523076923076923, 0.5384615384615384, 0.5538461538461539, 0.5692307692307692, 0.5846153846153845, 0.6, 0.6153846153846154, 0.6307692307692307, 0.6461538461538461, 0.6615384615384615, 0.676923076923077, 0.6923076923076923, 0.7076923076923076, 0.7230769230769231, 0.7384615384615385, 0.7538461538461538, 0.7692307692307692, 0.7846153846153846, 0.8, 0.8153846153846154, 0.8307692307692307, 0.8461538461538461, 0.8615384615384616, 0.8769230769230769, 0.8923076923076922, 0.9076923076923077, 0.9230769230769231, 0.9384615384615385), 'comparison_feasibility_threshold_satisfied': True, 'comparison_feasibility_status': 'native_feasible', 'comparison_feasibility_dense_capacity_mse': None, 'comparison_feasibility_dense_capacity_threshold_satisfied': None, 'comparison_feasibility_capacity': 64, 'comparison_method_label': 'threshold-safe adaptation', 'threshold_satisfied': True, 'repeated_complete_timing': {'repeats': 1, 'samples_ms': [1014.2145999707282], 'p50_ms': 1014.2145999707282, 'mean_ms': 1014.2145999707282}}",
UJI,uji2_07539_stroke_00,tst_UPV_W39,,,luo_linf_de_2022_adaptation,True,ok,4.204360870219401e-05,True,6.042243165980799e-05,False,5,2317.1886000200175,,"[0.1076923076923077, 0.11244188466758431, 0.12113749886111247, 0.13846153846153847, 0.8307692307692307]","{'network_used': False, 'parameterization': 'chord_length', 'reported_refit': 'unregularized standard B-spline least squares with exact endpoint interpolation', 'timing_scope': 'complete numerical method: chord parameterization, knot selection/relocation, and final endpoint-constrained refit', 'mse_tolerance': 5e-05, 'smoothness_weight': 0.0, 'control_ridge': 0.0, 'interpolate_endpoints': True, 'declared_max_internal_knots': 64, 'declared_paper_initial_knots': 64, 'reference_doi': '10.4208/jcm.2012-m2020-0203', 'variant': 'linf1_jump_sparsity_plus_differential_evolution', 'initial_internal_knot_count': 64, 'dense_initial_fit_mse': 2.5324270524038544e-07, 'dense_initial_threshold_satisfied': True, 'selected_regularization': 3.643696775965191e-05, 'sparse_stage_mse': 1.1315395554333487e-06, 'sparse_stage_threshold_satisfied': True, 'jump_local_maximum_eta': 0.5, 'candidate_internal_knot_count': 2, 'initial_to_candidate_compression_ratio': 0.03125, 'candidate_refit_mse_before_de': 0.0003345710306516938, 'candidate_refit_threshold_satisfied_before_de': False, 'candidate_selection_lost_sparse_feasibility': True, 'de_population': 10, 'de_iterations': 10, 'de_evaluations': 110, 'de_initial_max_error': 0.0682272464188645, 'de_final_max_error': 0.02468498268570909, 'de_restored_common_mse_feasibility': False, 'paper_native_objective': 'nonsquared Frobenius data term plus l-infinity,1 derivative-jump penalty; DE minimizes maximum Euclidean error', 'comparison_wrapper': 'regularization is selected against the common MSE budget and the final fit uses the common endpoint-constrained refit', 'method_fidelity': 'defining mixed-norm, local-maximum selection, and DE stages are reproduced; hyperparameter selection is adapted', 'native_common_refit_mse': 9.684908582853617e-05, 'native_common_refit_k': 2, 'native_common_refit_threshold_satisfied': False, 'comparison_method_capacity': 64, 'comparison_feasibility_safeguard_version': 'bounded_common_mse_v1', 'comparison_feasibility_safeguard_enabled': True, 'comparison_feasibility_safeguard_used': True, 'comparison_feasibility_safeguard_attempted': True, 'comparison_feasibility_safeguard_role': 'repository comparison wrapper; not part of the cited method', 'comparison_feasibility_native_mse': 9.684908582853617e-05, 'comparison_feasibility_native_k': 2, 'comparison_feasibility_native_threshold_satisfied': False, 'comparison_feasibility_native_knots': (0.11244188466758431, 0.12113749886111247), 'comparison_feasibility_added_knots': (0.1076923076923077, 0.8307692307692307, 0.13846153846153847), 'comparison_feasibility_added_knots_scope': 'residual-guided path; final_knots are authoritative after any uniform fallback', 'comparison_feasibility_refit_count': 9, 'comparison_feasibility_final_source': 'residual_guided_augmentation', 'comparison_feasibility_final_mse': 4.204360870219401e-05, 'comparison_feasibility_final_k': 5, 'comparison_feasibility_final_knots': (0.1076923076923077, 0.11244188466758431, 0.12113749886111247, 0.13846153846153847, 0.8307692307692307), 'comparison_feasibility_threshold_satisfied': True, 'comparison_feasibility_status': 'repaired_feasible', 'comparison_feasibility_dense_capacity_mse': None, 'comparison_feasibility_dense_capacity_threshold_satisfied': None, 'comparison_feasibility_capacity': 64, 'comparison_method_label': 'threshold-safe adaptation', 'threshold_satisfied': True, 'repeated_complete_timing': {'repeats': 1, 'samples_ms': [2317.1886000200175], 'p50_ms': 2317.1886000200175, 'mean_ms': 2317.1886000200175}}",
NaturalEarth,natural_earth_10m_coastline_625e1d04cc46_w000_625e1d04,natural_earth_10m_coastline:tile:lon-115.000:lat+20.000:size5deg,,,ours,True,ok,9.130278269905988e-05,False,9.121129215187468e-05,False,21,19.6236,14.6834,"[0.09331509470939636, 0.14506174623966217, 0.18087957799434662, 0.2220371514558792, 0.25598278641700745, 0.31656232476234436, 0.3564196825027466, 0.39436644315719604, 0.4296906292438507, 0.48962825536727905, 0.5537638068199158, 0.5672908425331116, 0.6134441494941711, 0.6299915909767151, 0.7084652185440063, 0.7342525720596313, 0.7809824347496033, 0.8302732706069946, 0.8452185392379761, 0.8588414192199707, 0.9141708612442017]","{'network_latency': {'p50_ms': 14.6834, 'median_ms': 14.6834, 'mean_ms': 14.6834, 'p95_ms': 14.6834, 'minimum_ms': 14.6834, 'maximum_ms': 14.6834, 'repeat_ms': [14.6834]}, 'end_to_end_latency': {'p50_ms': 19.6236, 'median_ms': 19.6236, 'mean_ms': 19.6236, 'p95_ms': 19.6236, 'minimum_ms': 19.6236, 'maximum_ms': 19.6236, 'repeat_ms': [19.6236]}, 'postprocessing': 'none', 'tolerance_conditioned_network': True, 'network_mse_tolerance': 5e-05}",
NaturalEarth,natural_earth_10m_coastline_625e1d04cc46_w000_625e1d04,natural_earth_10m_coastline:tile:lon-115.000:lat+20.000:size5deg,,,park_dominant_point_2007_adaptation,True,ok,3.522310160465074e-05,True,3.655733730003317e-05,True,25,133.27779999235645,,"[0.09998768823470011, 0.17192563452118204, 0.24192167098530823, 0.25750065900790237, 0.2730796290490179, 0.29047826517567005, 0.3148983843699427, 0.3568724013748925, 0.39724629139812634, 0.4305016978220326, 0.449714001132103, 0.4934972823854489, 0.5548910992916979, 0.6018380183565545, 0.6242139517935795, 0.6431194459403676, 0.6641841189180183, 0.6847815787958957, 0.694846716681648, 0.7189549669189325, 0.7435304161380802, 0.7641976436129188, 0.7866131640774361, 0.8283379823196345, 0.8703405867213748]","{'network_used': False, 'parameterization': 'chord_length', 'reported_refit': 'unregularized standard B-spline least squares with exact endpoint interpolation', 'timing_scope': 'complete numerical method: chord parameterization, knot selection/relocation, and final endpoint-constrained refit', 'mse_tolerance': 5e-05, 'smoothness_weight': 0.0, 'control_ridge': 0.0, 'interpolate_endpoints': True, 'declared_max_internal_knots': 64, 'declared_paper_initial_knots': 64, 'method': 'park_lee_dom_2007_adaptation', 'reference_doi': '10.1016/j.cad.2006.12.006', 'knot_placement': 'Park-Lee Eq. (4): each interior knot averages degree consecutive dominant-point parameters', 'lcm_lower_bound': 0.5088870932072961, 'lcm_seed_count': 11, 'shape_weight_r': 0.8, 'shape_index': 'r*K_s,e/K_0,m + (1-r)*L_s,e/L_0,m', 'curvature_integral': 'trapezoidal in chord parameter', 'curvature_source': 'generalized local Menger curvature; no optional smoothed base curve', 'refinement_region': 'segment containing largest sampled parameter-correspondence residual', 'refinement_point': 'argmin_w |lambda_s,w - lambda_w,e|', 'stopping_metric': 'mean squared Euclidean parameter-correspondence error', 'distance_metric_deviation': ""comparison adaptation stops on common MSE; it does not reproduce the paper's maximum-distance or iterative orthogonal-distance criterion"", 'seed_completion_deviation': 'shape-index splits complete degree+1 dominant points when too few LCM seeds exist', 'effective_max_internal_knots': 64, 'requested_max_internal_knots': 64, 'selected_sources': ('endpoint', 'endpoint', 'lcm_seed', 'lcm_seed', 'lcm_seed', 'lcm_seed', 'lcm_seed', 'lcm_seed', 'lcm_seed', 'lcm_seed', 'lcm_seed', 'lcm_seed', 'lcm_seed', 'adaptive_shape_split', 'adaptive_shape_split', 'adaptive_shape_split', 'adaptive_shape_split', 'adaptive_shape_split', 'adaptive_shape_split', 'adaptive_shape_split', 'adaptive_shape_split', 'adaptive_shape_split', 'adaptive_shape_split', 'adaptive_shape_split', 'adaptive_shape_split', 'adaptive_shape_split', 'adaptive_shape_split', 'adaptive_shape_split', 'adaptive_shape_split'), 'boundary_knot_clamp_count': 0, 'threshold_satisfied': True, 'scanned_counts': (0, 1, 2, 3, 4, 5, 6, 7, 8, 9, 10, 11, 12, 13, 14, 15, 16, 17, 18, 19, 20, 21, 22, 23, 24, 25), 'scanned_mse': (0.04475939187152158, 0.02668367187907869, 0.02429188863273699, 0.0117488645850194, 0.009696916222384678, 0.0056400316583495825, 0.0027745692134345454, 0.001908293670201001, 0.0009799601097790311, 0.0008078628051997805, 0.0003359873232125808, 0.00020186510789286738, 0.00020140585486617415, 0.00017252176418627746, 0.00015579423168240225, 0.00014693640434885598, 0.0001507436318623331, 0.00012903996713699807, 0.00012655229965813909, 0.0001092932321978432, 8.089455711064992e-05, 6.55641944326371e-05, 5.910451165881829e-05, 5.0188824950559844e-05, 5.1090224293670436e-05, 3.522310160465074e-05), 'scanned_max_parameter_residual': (0.3981832446483494, 0.2919014707641886, 0.27828666922767714, 0.20211753529689058, 0.2031757531984966, 0.15213118910153955, 0.10902992882895292, 0.10560945442380476, 0.09742013541517837, 0.08991158188921768, 0.06462694672676216, 0.03624084731936956, 0.03734795728318113, 0.037832046868821405, 0.038143030048804795, 0.036277475016382045, 0.03382921791909162, 0.032509322696822614, 0.03226879037997598, 0.032269346349934246, 0.02874596059857313, 0.028782956621672365, 0.02844246804266388, 0.028431472445318302, 0.028431523950888292, 0.02843202920475466), 'exact_refit_count': 26, 'method_fidelity': 'core DOM equations with a common-MSE stopping wrapper', 'repeated_complete_timing': {'repeats': 1, 'samples_ms': [133.27779999235645], 'p50_ms': 133.27779999235645, 'mean_ms': 133.27779999235645}}",
NaturalEarth,natural_earth_10m_coastline_625e1d04cc46_w000_625e1d04,natural_earth_10m_coastline:tile:lon-115.000:lat+20.000:size5deg,,,liang_feature_iki_2017_adaptation,True,ok,4.81075951809369e-05,True,4.990229916545145e-05,True,24,62.48770002275705,,"[0.06338993475053305, 0.1267798695010661, 0.2535597390021322, 0.26466933049756236, 0.2757789219929926, 0.297998104983853, 0.3424364709655738, 0.3868748369472946, 0.409094019938155, 0.43131320292901537, 0.5289349061244347, 0.5777457577221443, 0.6021511835209992, 0.6143538964204266, 0.626556609319854, 0.6994200726492907, 0.735851804314009, 0.7540676701463682, 0.7631756030625478, 0.7722835359787273, 0.8861417679893637, 0.9003740469906932, 0.9146063259920227, 0.9430708839946819]","{'network_used': False, 'parameterization': 'chord_length', 'reported_refit': 'unregularized standard B-spline least squares with exact endpoint interpolation', 'timing_scope': 'complete numerical method: chord parameterization, knot selection/relocation, and final endpoint-constrained refit', 'mse_tolerance': 5e-05, 'smoothness_weight': 0.0, 'control_ridge': 0.0, 'interpolate_endpoints': True, 'declared_max_internal_knots': 64, 'declared_paper_initial_knots': 64, 'reference_doi': '10.1088/1361-6501/aa6a05', 'variant': 'feature_integral_plus_iki_disclosed_adaptation', 'dense_internal_knot_count': 64, 'initial_internal_knot_count': 4, 'inserted_internal_knot_count': 20, 'curvature_weight': 0.5, 'feature_sample_count': 1025, 'scanned_counts': (4, 5, 6, 7, 8, 9, 10, 11, 12, 13, 14, 15, 16, 17, 18, 19, 20, 21, 22, 23, 24), 'scanned_mse': (0.005843278778208488, 0.0033767743109548603, 0.0026458676358827875, 0.0015494971559230515, 0.0010012705367010153, 0.0005928578447468546, 0.00043811579293512445, 0.0002839298737819102, 0.00018325027454794358, 0.00015765980186765465, 0.00015000868275431443, 0.0001211673063592143, 0.00011978980437212579, 0.00011194229762987964, 0.00010538759086434092, 8.791317330489692e-05, 7.605582098787849e-05, 6.054195177859761e-05, 5.8530283608383066e-05, 5.1874843528001956e-05, 4.81075951809369e-05), 'scanned_max_parameter_residual': (0.1982791799924676, 0.10974464944500713, 0.10364918505609223, 0.09108757618479901, 0.08210169633500121, 0.06846205899134188, 0.06685916726369796, 0.04744625833904944, 0.04135464629391566, 0.03505225244165318, 0.03443952251309491, 0.03319608649834362, 0.03289752597328064, 0.03222232915860627, 0.03039811151823104, 0.029312849599916896, 0.02831940761211897, 0.02547531315730711, 0.024195328441605875, 0.02159582293897349, 0.021223553840789368), 'exact_refit_count': 22, 'paper_native_objective': 'error-bounded feature-integral initialization plus iterative knot insertion', 'comparison_wrapper': 'explicit 0.5 arc/curvature feature blend by default, worst-residual span midpoint insertion, and common-MSE stopping', 'method_fidelity': ""Liang-inspired adaptation; the access-controlled article's exact feature equation and constants are not claimed"", 'threshold_satisfied': True, 'repeated_complete_timing': {'repeats': 1, 'samples_ms': [62.48770002275705], 'p50_ms': 62.48770002275705, 'mean_ms': 62.48770002275705}}",
NaturalEarth,natural_earth_10m_coastline_625e1d04cc46_w000_625e1d04,natural_earth_10m_coastline:tile:lon-115.000:lat+20.000:size5deg,,,dung_direct_knot_2017_adaptation,True,ok,4.7749138554959315e-05,True,4.992708378044461e-05,True,19,722.5994000327773,,"[0.07259111511880247, 0.2316088478806709, 0.24615384615384617, 0.31211001592349885, 0.3410738507938419, 0.42732262720212205, 0.4307692307692308, 0.4330862962130949, 0.5871293065365167, 0.6136484402107828, 0.6153846153846154, 0.676923076923077, 0.682897375914575, 0.7538461538461538, 0.7548775262187597, 0.7846153846153846, 0.8769230769230769, 0.8922231041149784, 0.9076923076923077]","{'network_used': False, 'parameterization': 'chord_length', 'reported_refit': 'unregularized endpoint-constrained standard B-spline least squares', 'timing_scope': 'complete numerical method: chord parameterization, knot selection/relocation, and final endpoint-constrained refit', 'mse_tolerance': 5e-05, 'smoothness_weight': 0.0, 'control_ridge': 0.0, 'interpolate_endpoints': True, 'declared_max_internal_knots': 64, 'declared_paper_initial_knots': 64, 'paper': 'Dung and Tjahjowidodo, PLOS ONE 2017, doi:10.1371/journal.pone.0173857', 'variant': 'serial_bisection_simple_knot_adaptation', 'native_control_norm': 'maximum Euclidean point residual', 'native_max_error_tolerance': 0.007071067811865475, 'native_final_max_error': 0.07218170504521768, 'native_final_mse': 0.0005963145178945506, 'common_final_max_error': 0.07321743153463259, 'common_final_mse': 0.000610255862111269, 'all_local_segments_native_feasible': True, 'local_piecewise_feasible_global_common_refit_failed': True, 'native_global_max_error_threshold_satisfied': False, 'native_global_common_mse_threshold_satisfied': False, 'native_global_internal_knot_count': 9, 'common_final_metrics_scope': 'native adaptation before any optional comparison feasibility safeguard', 'segments': ((0, 10), (11, 49), (50, 59), (60, 82), (83, 108), (109, 118), (119, 132), (133, 147), (148, 170), (171, 191)), 'segment_max_errors': (0.0057706086655814216, 0.005319569284866896, 0.0018260833556861375, 3.575552931494889e-08, 0.0045844719630850905, 4.2078571428915794e-08, 0.006359452048521351, 0.004251938206354444, 0.006344284300494821, 6.683325449760146e-08), 'coarse_break_indices': (10, 49, 59, 82, 108, 118, 132, 147, 170), 'proposed_internal_knot_count': 9, 'retained_internal_knot_count': 9, 'scan_evaluations': 99, 'optimization_evaluations': 139, 'single_piece_evaluations': 88, 'exact_refit_count': 328, 'gauss_newton_fallback_count': 0, 'capacity_exceeded': False, 'capacity_handling': 'none', 'adaptation_limits': ('serial bisection only; parallel split/join/shift is not implemented', 'simple interior knots only; multiplicity and continuity classification are omitted', 'default native max-error epsilon is sqrt(mse_tolerance), which is a unit conversion rather than an equivalent constraint', 'capacity overflow is handled by deterministic uniform coarse-break subsampling before relocation', 'guarded float64 least squares and finite-difference Gauss-Newton replace MATLAB numerical edge behavior'), 'method_fidelity': 'serial simple-knot adaptation; parallel operations and knot multiplicity classification are not reproduced', 'threshold_satisfied_native_max_error': False, 'threshold_satisfied_common_max_error_before_safeguard': False, 'native_common_refit_mse': 0.000610255862111269, 'native_common_refit_k': 9, 'native_common_refit_threshold_satisfied': False, 'comparison_method_capacity': 64, 'comparison_feasibility_safeguard_version': 'bounded_common_mse_v1', 'comparison_feasibility_safeguard_enabled': True, 'comparison_feasibility_safeguard_used': True, 'comparison_feasibility_safeguard_attempted': True, 'comparison_feasibility_safeguard_role': 'repository comparison wrapper; not part of the cited method', 'comparison_feasibility_native_mse': 0.000610255862111269, 'comparison_feasibility_native_k': 9, 'comparison_feasibility_native_threshold_satisfied': False, 'comparison_feasibility_native_knots': (0.07259111511880247, 0.2316088478806709, 0.3410738507938419, 0.42732262720212205, 0.5871293065365167, 0.6136484402107828, 0.682897375914575, 0.7548775262187597, 0.8922231041149784), 'comparison_feasibility_added_knots': (0.24615384615384617, 0.31211001592349885, 0.8769230769230769, 0.7538461538461538, 0.676923076923077, 0.9076923076923077, 0.7846153846153846, 0.4330862962130949, 0.4307692307692308, 0.6153846153846154), 'comparison_feasibility_added_knots_scope': 'residual-guided path; final_knots are authoritative after any uniform fallback', 'comparison_feasibility_refit_count': 30, 'comparison_feasibility_final_source': 'residual_guided_augmentation', 'comparison_feasibility_final_mse': 4.7749138554959315e-05, 'comparison_feasibility_final_k': 19, 'comparison_feasibility_final_knots': (0.07259111511880247, 0.2316088478806709, 0.24615384615384617, 0.31211001592349885, 0.3410738507938419, 0.42732262720212205, 0.4307692307692308, 0.4330862962130949, 0.5871293065365167, 0.6136484402107828, 0.6153846153846154, 0.676923076923077, 0.682897375914575, 0.7538461538461538, 0.7548775262187597, 0.7846153846153846, 0.8769230769230769, 0.8922231041149784, 0.9076923076923077), 'comparison_feasibility_threshold_satisfied': True, 'comparison_feasibility_status': 'repaired_feasible', 'comparison_feasibility_dense_capacity_mse': None, 'comparison_feasibility_dense_capacity_threshold_satisfied': None, 'comparison_feasibility_capacity': 64, 'comparison_method_label': 'threshold-safe adaptation', 'threshold_satisfied': True, 'repeated_complete_timing': {'repeats': 1, 'samples_ms': [722.5994000327773], 'p50_ms': 722.5994000327773, 'mean_ms': 722.5994000327773}}",
NaturalEarth,natural_earth_10m_coastline_625e1d04cc46_w000_625e1d04,natural_earth_10m_coastline:tile:lon-115.000:lat+20.000:size5deg,,,kang_sparse_2015_adaptation,True,ok,4.4204995873725706e-06,True,5.326639924379336e-06,True,64,435.05810003262013,,"[0.015384615384615385, 0.03076923076923077, 0.046153846153846156, 0.06153846153846154, 0.07692307692307693, 0.09230769230769231, 0.1076923076923077, 0.12307692307692308, 0.13846153846153847, 0.15384615384615385, 0.16923076923076924, 0.18461538461538463, 0.2, 0.2153846153846154, 0.23076923076923078, 0.24615384615384617, 0.26153846153846155, 0.27692307692307694, 0.2923076923076923, 0.3076923076923077, 0.3230769230769231, 0.3384615384615385, 0.35384615384615387, 0.36923076923076925, 0.38461538461538464, 0.4, 0.4153846153846154, 0.4307692307692308, 0.4461538461538462, 0.46153846153846156, 0.47692307692307695, 0.49230769230769234, 0.5076923076923077, 0.523076923076923, 0.5384615384615384, 0.5538461538461539, 0.5692307692307692, 0.5846153846153845, 0.6, 0.6153846153846154, 0.6307692307692307, 0.6461538461538461, 0.6615384615384615, 0.676923076923077, 0.6923076923076923, 0.7076923076923076, 0.7230769230769231, 0.7384615384615385, 0.7538461538461538, 0.7692307692307692, 0.7846153846153846, 0.8, 0.8153846153846154, 0.8307692307692307, 0.8461538461538461, 0.8615384615384616, 0.8769230769230769, 0.8923076923076922, 0.9076923076923077, 0.9230769230769231, 0.9384615384615385, 0.9538461538461538, 0.9692307692307692, 0.9846153846153847]","{'network_used': False, 'parameterization': 'chord_length', 'reported_refit': 'unregularized standard B-spline least squares with exact endpoint interpolation', 'timing_scope': 'complete numerical method: chord parameterization, knot selection/relocation, and final endpoint-constrained refit', 'mse_tolerance': 5e-05, 'smoothness_weight': 0.0, 'control_ridge': 0.0, 'interpolate_endpoints': True, 'declared_max_internal_knots': 64, 'declared_paper_initial_knots': 64, 'initial_internal_knot_count': 64, 'dense_initial_fit_mse': 4.41980235305579e-06, 'dense_initial_threshold_satisfied': True, 'active_internal_knot_count': 64, 'cluster_sizes': (64,), 'active_cluster_count': 1, 'relocated_internal_knot_count': 64, 'relocated_unique_knot_count': 64, 'relocated_knot_multiplicities': (1, 1, 1, 1, 1, 1, 1, 1, 1, 1, 1, 1, 1, 1, 1, 1, 1, 1, 1, 1, 1, 1, 1, 1, 1, 1, 1, 1, 1, 1, 1, 1, 1, 1, 1, 1, 1, 1, 1, 1, 1, 1, 1, 1, 1, 1, 1, 1, 1, 1, 1, 1, 1, 1, 1, 1, 1, 1, 1, 1, 1, 1, 1, 1), 'active_to_relocated_compression_ratio': 1.0, 'sparse_stage_mse': 4.41980235305579e-06, 'sparse_stage_threshold_satisfied': True, 'native_sparse_feasible_final_common_refit_failed': False, 'sparse_and_final_mse_are_directly_comparable': False, 'sparse_iterations': 900, 'sparse_solver_seconds': 0.4166576000279747, 'relocation_seconds': 2.400000812485814e-05, 'non_paper_feasibility_repair_enabled': False, 'paper_feasibility_repair_used': False, 'paper_feasibility_repair_added_count': 0, 'local_refit_count': 0, 'method_note': ""Vector-valued group-L1 ADMM adaptation of Kang et al. (2015) equation (12), followed by Algorithms 4-5 only for clear short active clusters; long general-data runs retain their active knots because Algorithm 1 is not reproduced; not the paper's scalar CVX implementation."", 'relocation_method': 'Algorithms 4-5 skipped: the active knots do not form clear short groups; retain the sparse-stage active vector instead of applying Algorithm 4 outside the regime recommended by Kang et al. Algorithm 1 is not reproduced by this adaptation.', 'algorithm4_cluster_relocation_applied': False, 'absolute_jump_threshold': 1e-07, 'relative_jump_threshold': 0.001, 'effective_jump_threshold': 107.73642615744018, 'native_final_fit_mse_without_endpoint_constraint': 4.41980235305579e-06, 'native_endpoint_constrained_mse': 4.4204995873725706e-06, 'endpoint_constraint_fallback': 'disabled', 'native_common_refit_mse': 4.4204995873725706e-06, 'native_common_refit_k': 64, 'native_common_refit_threshold_satisfied': True, 'comparison_method_capacity': 64, 'comparison_feasibility_safeguard_version': 'bounded_common_mse_v1', 'comparison_feasibility_safeguard_enabled': True, 'comparison_feasibility_safeguard_used': False, 'comparison_feasibility_safeguard_attempted': False, 'comparison_feasibility_safeguard_role': 'repository comparison wrapper; not part of the cited method', 'comparison_feasibility_native_mse': 4.4204995873725706e-06, 'comparison_feasibility_native_k': 64, 'comparison_feasibility_native_threshold_satisfied': True, 'comparison_feasibility_native_knots': (0.015384615384615385, 0.03076923076923077, 0.046153846153846156, 0.06153846153846154, 0.07692307692307693, 0.09230769230769231, 0.1076923076923077, 0.12307692307692308, 0.13846153846153847, 0.15384615384615385, 0.16923076923076924, 0.18461538461538463, 0.2, 0.2153846153846154, 0.23076923076923078, 0.24615384615384617, 0.26153846153846155, 0.27692307692307694, 0.2923076923076923, 0.3076923076923077, 0.3230769230769231, 0.3384615384615385, 0.35384615384615387, 0.36923076923076925, 0.38461538461538464, 0.4, 0.4153846153846154, 0.4307692307692308, 0.4461538461538462, 0.46153846153846156, 0.47692307692307695, 0.49230769230769234, 0.5076923076923077, 0.523076923076923, 0.5384615384615384, 0.5538461538461539, 0.5692307692307692, 0.5846153846153845, 0.6, 0.6153846153846154, 0.6307692307692307, 0.6461538461538461, 0.6615384615384615, 0.676923076923077, 0.6923076923076923, 0.7076923076923076, 0.7230769230769231, 0.7384615384615385, 0.7538461538461538, 0.7692307692307692, 0.7846153846153846, 0.8, 0.8153846153846154, 0.8307692307692307, 0.8461538461538461, 0.8615384615384616, 0.8769230769230769, 0.8923076923076922, 0.9076923076923077, 0.9230769230769231, 0.9384615384615385, 0.9538461538461538, 0.9692307692307692, 0.9846153846153847), 'comparison_feasibility_added_knots': (), 'comparison_feasibility_added_knots_scope': 'residual-guided path; final_knots are authoritative after any uniform fallback', 'comparison_feasibility_refit_count': 0, 'comparison_feasibility_final_source': 'native', 'comparison_feasibility_final_mse': 4.4204995873725706e-06, 'comparison_feasibility_final_k': 64, 'comparison_feasibility_final_knots': (0.015384615384615385, 0.03076923076923077, 0.046153846153846156, 0.06153846153846154, 0.07692307692307693, 0.09230769230769231, 0.1076923076923077, 0.12307692307692308, 0.13846153846153847, 0.15384615384615385, 0.16923076923076924, 0.18461538461538463, 0.2, 0.2153846153846154, 0.23076923076923078, 0.24615384615384617, 0.26153846153846155, 0.27692307692307694, 0.2923076923076923, 0.3076923076923077, 0.3230769230769231, 0.3384615384615385, 0.35384615384615387, 0.36923076923076925, 0.38461538461538464, 0.4, 0.4153846153846154, 0.4307692307692308, 0.4461538461538462, 0.46153846153846156, 0.47692307692307695, 0.49230769230769234, 0.5076923076923077, 0.523076923076923, 0.5384615384615384, 0.5538461538461539, 0.5692307692307692, 0.5846153846153845, 0.6, 0.6153846153846154, 0.6307692307692307, 0.6461538461538461, 0.6615384615384615, 0.676923076923077, 0.6923076923076923, 0.7076923076923076, 0.7230769230769231, 0.7384615384615385, 0.7538461538461538, 0.7692307692307692, 0.7846153846153846, 0.8, 0.8153846153846154, 0.8307692307692307, 0.8461538461538461, 0.8615384615384616, 0.8769230769230769, 0.8923076923076922, 0.9076923076923077, 0.9230769230769231, 0.9384615384615385, 0.9538461538461538, 0.9692307692307692, 0.9846153846153847), 'comparison_feasibility_threshold_satisfied': True, 'comparison_feasibility_status': 'native_feasible', 'comparison_feasibility_dense_capacity_mse': None, 'comparison_feasibility_dense_capacity_threshold_satisfied': None, 'comparison_feasibility_capacity': 64, 'comparison_method_label': 'threshold-safe adaptation', 'threshold_satisfied': True, 'repeated_complete_timing': {'repeats': 1, 'samples_ms': [435.05810003262013], 'p50_ms': 435.05810003262013, 'mean_ms': 435.05810003262013}}",
NaturalEarth,natural_earth_10m_coastline_625e1d04cc46_w000_625e1d04,natural_earth_10m_coastline:tile:lon-115.000:lat+20.000:size5deg,,,luo_linf_de_2022_adaptation,True,ok,4.332324015276308e-05,True,4.5147780147902104e-05,True,21,2524.6993000037037,,"[0.046153846153846156, 0.19335417812516115, 0.24615384615384617, 0.25050230913625027, 0.27692307692307694, 0.31572803837041374, 0.3285007355462094, 0.39089991369288524, 0.412184236759997, 0.4469439653057584, 0.5980126696165953, 0.6049616286311518, 0.6153846153846154, 0.6491230073098313, 0.6834520839806079, 0.7702409796306451, 0.7846153846153846, 0.8365374359288917, 0.865450737179043, 0.8803595776210202, 0.9076923076923077]","{'network_used': False, 'parameterization': 'chord_length', 'reported_refit': 'unregularized standard B-spline least squares with exact endpoint interpolation', 'timing_scope': 'complete numerical method: chord parameterization, knot selection/relocation, and final endpoint-constrained refit', 'mse_tolerance': 5e-05, 'smoothness_weight': 0.0, 'control_ridge': 0.0, 'interpolate_endpoints': True, 'declared_max_internal_knots': 64, 'declared_paper_initial_knots': 64, 'reference_doi': '10.4208/jcm.2012-m2020-0203', 'variant': 'linf1_jump_sparsity_plus_differential_evolution', 'initial_internal_knot_count': 64, 'dense_initial_fit_mse': 4.41980235305579e-06, 'dense_initial_threshold_satisfied': True, 'selected_regularization': 4.429421372962298e-05, 'sparse_stage_mse': 4.383634853814295e-05, 'sparse_stage_threshold_satisfied': True, 'jump_local_maximum_eta': 0.5, 'candidate_internal_knot_count': 15, 'initial_to_candidate_compression_ratio': 0.234375, 'candidate_refit_mse_before_de': 0.0001128213950068236, 'candidate_refit_threshold_satisfied_before_de': False, 'candidate_selection_lost_sparse_feasibility': True, 'de_population': 10, 'de_iterations': 10, 'de_evaluations': 110, 'de_initial_max_error': 0.03481900452957518, 'de_final_max_error': 0.031182801304760175, 'de_restored_common_mse_feasibility': False, 'paper_native_objective': 'nonsquared Frobenius data term plus l-infinity,1 derivative-jump penalty; DE minimizes maximum Euclidean error', 'comparison_wrapper': 'regularization is selected against the common MSE budget and the final fit uses the common endpoint-constrained refit', 'method_fidelity': 'defining mixed-norm, local-maximum selection, and DE stages are reproduced; hyperparameter selection is adapted', 'native_common_refit_mse': 0.000122110140395601, 'native_common_refit_k': 15, 'native_common_refit_threshold_satisfied': False, 'comparison_method_capacity': 64, 'comparison_feasibility_safeguard_version': 'bounded_common_mse_v1', 'comparison_feasibility_safeguard_enabled': True, 'comparison_feasibility_safeguard_used': True, 'comparison_feasibility_safeguard_attempted': True, 'comparison_feasibility_safeguard_role': 'repository comparison wrapper; not part of the cited method', 'comparison_feasibility_native_mse': 0.000122110140395601, 'comparison_feasibility_native_k': 15, 'comparison_feasibility_native_threshold_satisfied': False, 'comparison_feasibility_native_knots': (0.19335417812516115, 0.25050230913625027, 0.31572803837041374, 0.3285007355462094, 0.39089991369288524, 0.412184236759997, 0.4469439653057584, 0.5980126696165953, 0.6049616286311518, 0.6491230073098313, 0.6834520839806079, 0.7702409796306451, 0.8365374359288917, 0.865450737179043, 0.8803595776210202), 'comparison_feasibility_added_knots': (0.24615384615384617, 0.046153846153846156, 0.9076923076923077, 0.6153846153846154, 0.27692307692307694, 0.7846153846153846), 'comparison_feasibility_added_knots_scope': 'residual-guided path; final_knots are authoritative after any uniform fallback', 'comparison_feasibility_refit_count': 18, 'comparison_feasibility_final_source': 'residual_guided_augmentation', 'comparison_feasibility_final_mse': 4.332324015276308e-05, 'comparison_feasibility_final_k': 21, 'comparison_feasibility_final_knots': (0.046153846153846156, 0.19335417812516115, 0.24615384615384617, 0.25050230913625027, 0.27692307692307694, 0.31572803837041374, 0.3285007355462094, 0.39089991369288524, 0.412184236759997, 0.4469439653057584, 0.5980126696165953, 0.6049616286311518, 0.6153846153846154, 0.6491230073098313, 0.6834520839806079, 0.7702409796306451, 0.7846153846153846, 0.8365374359288917, 0.865450737179043, 0.8803595776210202, 0.9076923076923077), 'comparison_feasibility_threshold_satisfied': True, 'comparison_feasibility_status': 'repaired_feasible', 'comparison_feasibility_dense_capacity_mse': None, 'comparison_feasibility_dense_capacity_threshold_satisfied': None, 'comparison_feasibility_capacity': 64, 'comparison_method_label': 'threshold-safe adaptation', 'threshold_satisfied': True, 'repeated_complete_timing': {'repeats': 1, 'samples_ms': [2524.6993000037037], 'p50_ms': 2524.6993000037037, 'mean_ms': 2524.6993000037037}}",
USGS,usgs_tnm_contours_large_scale_9f99fb041980_w000_9f99fb04,usgs_tnm_contours_large_scale:tile:lon-105.500:lat+39.750:size0.25deg,,,ours,True,ok,2.9828478615115127e-05,True,2.8062635265102566e-05,True,25,16.776,14.042,"[0.07204683870077133, 0.12250098586082458, 0.14207302033901215, 0.17049865424633026, 0.2213796079158783, 0.2591053545475006, 0.2810934782028198, 0.3484763205051422, 0.38023510575294495, 0.40473172068595886, 0.44314417243003845, 0.46972179412841797, 0.5192579627037048, 0.5651211738586426, 0.6036782264709473, 0.623480498790741, 0.682890772819519, 0.700364887714386, 0.748638391494751, 0.7764134407043457, 0.8015115857124329, 0.8238455653190613, 0.8548027873039246, 0.8676914572715759, 0.9220608472824097]","{'network_latency': {'p50_ms': 14.042, 'median_ms': 14.042, 'mean_ms': 14.042, 'p95_ms': 14.042, 'minimum_ms': 14.042, 'maximum_ms': 14.042, 'repeat_ms': [14.042]}, 'end_to_end_latency': {'p50_ms': 16.776, 'median_ms': 16.776, 'mean_ms': 16.776, 'p95_ms': 16.776, 'minimum_ms': 16.776, 'maximum_ms': 16.776, 'repeat_ms': [16.776]}, 'postprocessing': 'none', 'tolerance_conditioned_network': True, 'network_mse_tolerance': 5e-05}",
USGS,usgs_tnm_contours_large_scale_9f99fb041980_w000_9f99fb04,usgs_tnm_contours_large_scale:tile:lon-105.500:lat+39.750:size0.25deg,,,park_dominant_point_2007_adaptation,True,ok,4.0762246163773244e-05,True,4.092962385238111e-05,True,9,33.190400048624724,,"[0.1483938806365606, 0.25489356875217517, 0.35439676149324467, 0.3805370198900901, 0.4031724949302384, 0.5323559254829766, 0.6650471217221551, 0.7994631927097253, 0.827334455996152]","{'network_used': False, 'parameterization': 'chord_length', 'reported_refit': 'unregularized standard B-spline least squares with exact endpoint interpolation', 'timing_scope': 'complete numerical method: chord parameterization, knot selection/relocation, and final endpoint-constrained refit', 'mse_tolerance': 5e-05, 'smoothness_weight': 0.0, 'control_ridge': 0.0, 'interpolate_endpoints': True, 'declared_max_internal_knots': 64, 'declared_paper_initial_knots': 64, 'method': 'park_lee_dom_2007_adaptation', 'reference_doi': '10.1016/j.cad.2006.12.006', 'knot_placement': 'Park-Lee Eq. (4): each interior knot averages degree consecutive dominant-point parameters', 'lcm_lower_bound': 0.3318772852615473, 'lcm_seed_count': 21, 'shape_weight_r': 0.8, 'shape_index': 'r*K_s,e/K_0,m + (1-r)*L_s,e/L_0,m', 'curvature_integral': 'trapezoidal in chord parameter', 'curvature_source': 'generalized local Menger curvature; no optional smoothed base curve', 'refinement_region': 'segment containing largest sampled parameter-correspondence residual', 'refinement_point': 'argmin_w |lambda_s,w - lambda_w,e|', 'stopping_metric': 'mean squared Euclidean parameter-correspondence error', 'distance_metric_deviation': ""comparison adaptation stops on common MSE; it does not reproduce the paper's maximum-distance or iterative orthogonal-distance criterion"", 'seed_completion_deviation': 'shape-index splits complete degree+1 dominant points when too few LCM seeds exist', 'effective_max_internal_knots': 64, 'requested_max_internal_knots': 64, 'selected_sources': ('endpoint', 'endpoint', 'lcm_seed', 'lcm_seed', 'lcm_seed', 'lcm_seed', 'lcm_seed', 'lcm_seed', 'lcm_seed', 'lcm_seed', 'lcm_seed', 'lcm_seed', 'lcm_seed'), 'boundary_knot_clamp_count': 0, 'threshold_satisfied': True, 'scanned_counts': (0, 1, 2, 3, 4, 5, 6, 7, 8, 9), 'scanned_mse': (0.051442829164613624, 0.010494940261461605, 0.006201395328417681, 0.004389353788925985, 0.0025784065675116823, 0.0020514565159527706, 0.0003600451105727135, 0.00016148197906731983, 7.992891759291339e-05, 4.0762246163773244e-05), 'scanned_max_parameter_residual': (0.37155889010160903, 0.21437814913735517, 0.14936706294216873, 0.13369112748360362, 0.11964928952176075, 0.1137757953402113, 0.047131192540926486, 0.03191196549494725, 0.024742332932324036, 0.01833035432495613), 'exact_refit_count': 10, 'method_fidelity': 'core DOM equations with a common-MSE stopping wrapper', 'repeated_complete_timing': {'repeats': 1, 'samples_ms': [33.190400048624724], 'p50_ms': 33.190400048624724, 'mean_ms': 33.190400048624724}}",
USGS,usgs_tnm_contours_large_scale_9f99fb041980_w000_9f99fb04,usgs_tnm_contours_large_scale:tile:lon-105.500:lat+39.750:size0.25deg,,,liang_feature_iki_2017_adaptation,True,ok,4.660108317310237e-05,True,4.6755665709191e-05,True,11,36.88189998501912,,"[0.23541061997991616, 0.3179001974494249, 0.3591449861841792, 0.40038977491893357, 0.5147082653142756, 0.6290267557096176, 0.7265145489901245, 0.8240023422706313, 0.8460020494868024, 0.8680017567029734, 0.9120011711353156]","{'network_used': False, 'parameterization': 'chord_length', 'reported_refit': 'unregularized standard B-spline least squares with exact endpoint interpolation', 'timing_scope': 'complete numerical method: chord parameterization, knot selection/relocation, and final endpoint-constrained refit', 'mse_tolerance': 5e-05, 'smoothness_weight': 0.0, 'control_ridge': 0.0, 'interpolate_endpoints': True, 'declared_max_internal_knots': 64, 'declared_paper_initial_knots': 64, 'reference_doi': '10.1088/1361-6501/aa6a05', 'variant': 'feature_integral_plus_iki_disclosed_adaptation', 'dense_internal_knot_count': 64, 'initial_internal_knot_count': 4, 'inserted_internal_knot_count': 7, 'curvature_weight': 0.5, 'feature_sample_count': 1025, 'scanned_counts': (4, 5, 6, 7, 8, 9, 10, 11), 'scanned_mse': (0.002190846400445059, 0.0010398290934825983, 0.0002491885063601941, 0.00016585168799793798, 0.000114144774728923, 9.419812471719818e-05, 6.710746673246585e-05, 4.660108317310237e-05), 'scanned_max_parameter_residual': (0.08653027918615465, 0.07218246245978135, 0.03455385737260565, 0.03192732409990228, 0.02393768873137139, 0.02339463019489729, 0.019496541271218727, 0.01964157744380325), 'exact_refit_count': 9, 'paper_native_objective': 'error-bounded feature-integral initialization plus iterative knot insertion', 'comparison_wrapper': 'explicit 0.5 arc/curvature feature blend by default, worst-residual span midpoint insertion, and common-MSE stopping', 'method_fidelity': ""Liang-inspired adaptation; the access-controlled article's exact feature equation and constants are not claimed"", 'threshold_satisfied': True, 'repeated_complete_timing': {'repeats': 1, 'samples_ms': [36.88189998501912], 'p50_ms': 36.88189998501912, 'mean_ms': 36.88189998501912}}",
USGS,usgs_tnm_contours_large_scale_9f99fb041980_w000_9f99fb04,usgs_tnm_contours_large_scale:tile:lon-105.500:lat+39.750:size0.25deg,,,dung_direct_knot_2017_adaptation,True,ok,2.7834054219123103e-05,True,2.8028981008014033e-05,True,9,389.09790001343936,,"[0.18330699070482462, 0.36923076923076925, 0.3848948521337029, 0.39065384096620004, 0.47121913146380756, 0.7090525234940042, 0.8, 0.833075984218976, 0.8461538461538461]","{'network_used': False, 'parameterization': 'chord_length', 'reported_refit': 'unregularized endpoint-constrained standard B-spline least squares', 'timing_scope': 'complete numerical method: chord parameterization, knot selection/relocation, and final endpoint-constrained refit', 'mse_tolerance': 5e-05, 'smoothness_weight': 0.0, 'control_ridge': 0.0, 'interpolate_endpoints': True, 'declared_max_internal_knots': 64, 'declared_paper_initial_knots': 64, 'paper': 'Dung and Tjahjowidodo, PLOS ONE 2017, doi:10.1371/journal.pone.0173857', 'variant': 'serial_bisection_simple_knot_adaptation', 'native_control_norm': 'maximum Euclidean point residual', 'native_max_error_tolerance': 0.007071067811865475, 'native_final_max_error': 0.055339674657186734, 'native_final_mse': 0.0008048775907811425, 'common_final_max_error': 0.057588548834156476, 'common_final_mse': 0.0008910612101059198, 'all_local_segments_native_feasible': True, 'local_piecewise_feasible_global_common_refit_failed': True, 'native_global_max_error_threshold_satisfied': False, 'native_global_common_mse_threshold_satisfied': False, 'native_global_internal_knot_count': 5, 'common_final_metrics_scope': 'native adaptation before any optional comparison feasibility safeguard', 'segments': ((0, 40), (41, 73), (74, 95), (96, 136), (137, 163), (164, 191)), 'segment_max_errors': (0.006930094741888784, 0.004956186534827764, 0.006844916626185992, 0.006754967782722844, 0.006590902173984463, 0.00486595321014341), 'coarse_break_indices': (40, 73, 95, 136, 163), 'proposed_internal_knot_count': 5, 'retained_internal_knot_count': 5, 'scan_evaluations': 55, 'optimization_evaluations': 42, 'single_piece_evaluations': 49, 'exact_refit_count': 148, 'gauss_newton_fallback_count': 0, 'capacity_exceeded': False, 'capacity_handling': 'none', 'adaptation_limits': ('serial bisection only; parallel split/join/shift is not implemented', 'simple interior knots only; multiplicity and continuity classification are omitted', 'default native max-error epsilon is sqrt(mse_tolerance), which is a unit conversion rather than an equivalent constraint', 'capacity overflow is handled by deterministic uniform coarse-break subsampling before relocation', 'guarded float64 least squares and finite-difference Gauss-Newton replace MATLAB numerical edge behavior'), 'method_fidelity': 'serial simple-knot adaptation; parallel operations and knot multiplicity classification are not reproduced', 'threshold_satisfied_native_max_error': False, 'threshold_satisfied_common_max_error_before_safeguard': False, 'native_common_refit_mse': 0.0008910612101059198, 'native_common_refit_k': 5, 'native_common_refit_threshold_satisfied': False, 'comparison_method_capacity': 64, 'comparison_feasibility_safeguard_version': 'bounded_common_mse_v1', 'comparison_feasibility_safeguard_enabled': True, 'comparison_feasibility_safeguard_used': True, 'comparison_feasibility_safeguard_attempted': True, 'comparison_feasibility_safeguard_role': 'repository comparison wrapper; not part of the cited method', 'comparison_feasibility_native_mse': 0.0008910612101059198, 'comparison_feasibility_native_k': 5, 'comparison_feasibility_native_threshold_satisfied': False, 'comparison_feasibility_native_knots': (0.18330699070482462, 0.39065384096620004, 0.47121913146380756, 0.7090525234940042, 0.833075984218976), 'comparison_feasibility_added_knots': (0.3848948521337029, 0.8461538461538461, 0.36923076923076925, 0.8), 'comparison_feasibility_added_knots_scope': 'residual-guided path; final_knots are authoritative after any uniform fallback', 'comparison_feasibility_refit_count': 12, 'comparison_feasibility_final_source': 'residual_guided_augmentation', 'comparison_feasibility_final_mse': 2.7834054219123103e-05, 'comparison_feasibility_final_k': 9, 'comparison_feasibility_final_knots': (0.18330699070482462, 0.36923076923076925, 0.3848948521337029, 0.39065384096620004, 0.47121913146380756, 0.7090525234940042, 0.8, 0.833075984218976, 0.8461538461538461), 'comparison_feasibility_threshold_satisfied': True, 'comparison_feasibility_status': 'repaired_feasible', 'comparison_feasibility_dense_capacity_mse': None, 'comparison_feasibility_dense_capacity_threshold_satisfied': None, 'comparison_feasibility_capacity': 64, 'comparison_method_label': 'threshold-safe adaptation', 'threshold_satisfied': True, 'repeated_complete_timing': {'repeats': 1, 'samples_ms': [389.09790001343936], 'p50_ms': 389.09790001343936, 'mean_ms': 389.09790001343936}}",
USGS,usgs_tnm_contours_large_scale_9f99fb041980_w000_9f99fb04,usgs_tnm_contours_large_scale:tile:lon-105.500:lat+39.750:size0.25deg,,,kang_sparse_2015_adaptation,True,ok,5.3241583422995435e-06,True,5.364489081004664e-06,True,24,937.4400999513455,,"[0.15384615384615385, 0.26153846153846155, 0.3076923076923077, 0.3230769230769231, 0.3384615384615385, 0.38461538461538464, 0.4, 0.46153846153846156, 0.47692307692307695, 0.49230769230769234, 0.523076923076923, 0.6461538461538461, 0.6615384615384615, 0.7076923076923076, 0.7230769230769231, 0.7384615384615385, 0.7538461538461538, 0.7692307692307692, 0.7846153846153846, 0.8, 0.8153846153846154, 0.8307692307692307, 0.8615384615384616, 0.8769230769230769]","{'network_used': False, 'parameterization': 'chord_length', 'reported_refit': 'unregularized standard B-spline least squares with exact endpoint interpolation', 'timing_scope': 'complete numerical method: chord parameterization, knot selection/relocation, and final endpoint-constrained refit', 'mse_tolerance': 5e-05, 'smoothness_weight': 0.0, 'control_ridge': 0.0, 'interpolate_endpoints': True, 'declared_max_internal_knots': 64, 'declared_paper_initial_knots': 64, 'initial_internal_knot_count': 64, 'dense_initial_fit_mse': 6.380196636448502e-07, 'dense_initial_threshold_satisfied': True, 'active_internal_knot_count': 24, 'cluster_sizes': (1, 1, 3, 2, 3, 1, 2, 9, 2), 'active_cluster_count': 9, 'relocated_internal_knot_count': 24, 'relocated_unique_knot_count': 24, 'relocated_knot_multiplicities': (1, 1, 1, 1, 1, 1, 1, 1, 1, 1, 1, 1, 1, 1, 1, 1, 1, 1, 1, 1, 1, 1, 1, 1), 'active_to_relocated_compression_ratio': 1.0, 'sparse_stage_mse': 4.9992459400604884e-05, 'sparse_stage_threshold_satisfied': True, 'native_sparse_feasible_final_common_refit_failed': False, 'sparse_and_final_mse_are_directly_comparable': False, 'sparse_iterations': 2400, 'sparse_solver_seconds': 0.9276968999765813, 'relocation_seconds': 1.8799968529492617e-05, 'non_paper_feasibility_repair_enabled': False, 'paper_feasibility_repair_used': False, 'paper_feasibility_repair_added_count': 0, 'local_refit_count': 0, 'method_note': ""Vector-valued group-L1 ADMM adaptation of Kang et al. (2015) equation (12), followed by Algorithms 4-5 only for clear short active clusters; long general-data runs retain their active knots because Algorithm 1 is not reproduced; not the paper's scalar CVX implementation."", 'relocation_method': 'Algorithms 4-5 skipped: the active knots do not form clear short groups; retain the sparse-stage active vector instead of applying Algorithm 4 outside the regime recommended by Kang et al. Algorithm 1 is not reproduced by this adaptation.', 'algorithm4_cluster_relocation_applied': False, 'absolute_jump_threshold': 1e-07, 'relative_jump_threshold': 0.001, 'effective_jump_threshold': 1.2195590463878938, 'native_final_fit_mse_without_endpoint_constraint': 5.122998680343379e-06, 'native_endpoint_constrained_mse': 5.3241583422995435e-06, 'endpoint_constraint_fallback': 'disabled', 'native_common_refit_mse': 5.3241583422995435e-06, 'native_common_refit_k': 24, 'native_common_refit_threshold_satisfied': True, 'comparison_method_capacity': 64, 'comparison_feasibility_safeguard_version': 'bounded_common_mse_v1', 'comparison_feasibility_safeguard_enabled': True, 'comparison_feasibility_safeguard_used': False, 'comparison_feasibility_safeguard_attempted': False, 'comparison_feasibility_safeguard_role': 'repository comparison wrapper; not part of the cited method', 'comparison_feasibility_native_mse': 5.3241583422995435e-06, 'comparison_feasibility_native_k': 24, 'comparison_feasibility_native_threshold_satisfied': True, 'comparison_feasibility_native_knots': (0.15384615384615385, 0.26153846153846155, 0.3076923076923077, 0.3230769230769231, 0.3384615384615385, 0.38461538461538464, 0.4, 0.46153846153846156, 0.47692307692307695, 0.49230769230769234, 0.523076923076923, 0.6461538461538461, 0.6615384615384615, 0.7076923076923076, 0.7230769230769231, 0.7384615384615385, 0.7538461538461538, 0.7692307692307692, 0.7846153846153846, 0.8, 0.8153846153846154, 0.8307692307692307, 0.8615384615384616, 0.8769230769230769), 'comparison_feasibility_added_knots': (), 'comparison_feasibility_added_knots_scope': 'residual-guided path; final_knots are authoritative after any uniform fallback', 'comparison_feasibility_refit_count': 0, 'comparison_feasibility_final_source': 'native', 'comparison_feasibility_final_mse': 5.3241583422995435e-06, 'comparison_feasibility_final_k': 24, 'comparison_feasibility_final_knots': (0.15384615384615385, 0.26153846153846155, 0.3076923076923077, 0.3230769230769231, 0.3384615384615385, 0.38461538461538464, 0.4, 0.46153846153846156, 0.47692307692307695, 0.49230769230769234, 0.523076923076923, 0.6461538461538461, 0.6615384615384615, 0.7076923076923076, 0.7230769230769231, 0.7384615384615385, 0.7538461538461538, 0.7692307692307692, 0.7846153846153846, 0.8, 0.8153846153846154, 0.8307692307692307, 0.8615384615384616, 0.8769230769230769), 'comparison_feasibility_threshold_satisfied': True, 'comparison_feasibility_status': 'native_feasible', 'comparison_feasibility_dense_capacity_mse': None, 'comparison_feasibility_dense_capacity_threshold_satisfied': None, 'comparison_feasibility_capacity': 64, 'comparison_method_label': 'threshold-safe adaptation', 'threshold_satisfied': True, 'repeated_complete_timing': {'repeats': 1, 'samples_ms': [937.4400999513455], 'p50_ms': 937.4400999513455, 'mean_ms': 937.4400999513455}}",
USGS,usgs_tnm_contours_large_scale_9f99fb041980_w000_9f99fb04,usgs_tnm_contours_large_scale:tile:lon-105.500:lat+39.750:size0.25deg,,,luo_linf_de_2022_adaptation,True,ok,4.252622208161141e-05,True,4.272844188158599e-05,True,8,2192.874700005632,,"[0.13988154023701432, 0.1477206377668773, 0.3465191958734881, 0.39663590588141306, 0.4394471262590795, 0.7193682383879614, 0.750521435474329, 0.807514026847577]","{'network_used': False, 'parameterization': 'chord_length', 'reported_refit': 'unregularized standard B-spline least squares with exact endpoint interpolation', 'timing_scope': 'complete numerical method: chord parameterization, knot selection/relocation, and final endpoint-constrained refit', 'mse_tolerance': 5e-05, 'smoothness_weight': 0.0, 'control_ridge': 0.0, 'interpolate_endpoints': True, 'declared_max_internal_knots': 64, 'declared_paper_initial_knots': 64, 'reference_doi': '10.4208/jcm.2012-m2020-0203', 'variant': 'linf1_jump_sparsity_plus_differential_evolution', 'initial_internal_knot_count': 64, 'dense_initial_fit_mse': 6.380196636448502e-07, 'dense_initial_threshold_satisfied': True, 'selected_regularization': 4.543209480778199e-05, 'sparse_stage_mse': 1.967366782494781e-06, 'sparse_stage_threshold_satisfied': True, 'jump_local_maximum_eta': 0.5, 'candidate_internal_knot_count': 8, 'initial_to_candidate_compression_ratio': 0.125, 'candidate_refit_mse_before_de': 0.002265867519283419, 'candidate_refit_threshold_satisfied_before_de': False, 'candidate_selection_lost_sparse_feasibility': True, 'de_population': 10, 'de_iterations': 10, 'de_evaluations': 110, 'de_initial_max_error': 0.08953307248194982, 'de_final_max_error': 0.01571445058430405, 'de_restored_common_mse_feasibility': True, 'paper_native_objective': 'nonsquared Frobenius data term plus l-infinity,1 derivative-jump penalty; DE minimizes maximum Euclidean error', 'comparison_wrapper': 'regularization is selected against the common MSE budget and the final fit uses the common endpoint-constrained refit', 'method_fidelity': 'defining mixed-norm, local-maximum selection, and DE stages are reproduced; hyperparameter selection is adapted', 'native_common_refit_mse': 4.252622208161141e-05, 'native_common_refit_k': 8, 'native_common_refit_threshold_satisfied': True, 'comparison_method_capacity': 64, 'comparison_feasibility_safeguard_version': 'bounded_common_mse_v1', 'comparison_feasibility_safeguard_enabled': True, 'comparison_feasibility_safeguard_used': False, 'comparison_feasibility_safeguard_attempted': False, 'comparison_feasibility_safeguard_role': 'repository comparison wrapper; not part of the cited method', 'comparison_feasibility_native_mse': 4.252622208161141e-05, 'comparison_feasibility_native_k': 8, 'comparison_feasibility_native_threshold_satisfied': True, 'comparison_feasibility_native_knots': (0.13988154023701432, 0.1477206377668773, 0.3465191958734881, 0.39663590588141306, 0.4394471262590795, 0.7193682383879614, 0.750521435474329, 0.807514026847577), 'comparison_feasibility_added_knots': (), 'comparison_feasibility_added_knots_scope': 'residual-guided path; final_knots are authoritative after any uniform fallback', 'comparison_feasibility_refit_count': 0, 'comparison_feasibility_final_source': 'native', 'comparison_feasibility_final_mse': 4.252622208161141e-05, 'comparison_feasibility_final_k': 8, 'comparison_feasibility_final_knots': (0.13988154023701432, 0.1477206377668773, 0.3465191958734881, 0.39663590588141306, 0.4394471262590795, 0.7193682383879614, 0.750521435474329, 0.807514026847577), 'comparison_feasibility_threshold_satisfied': True, 'comparison_feasibility_status': 'native_feasible', 'comparison_feasibility_dense_capacity_mse': None, 'comparison_feasibility_dense_capacity_threshold_satisfied': None, 'comparison_feasibility_capacity': 64, 'comparison_method_label': 'threshold-safe adaptation', 'threshold_satisfied': True, 'repeated_complete_timing': {'repeats': 1, 'samples_ms': [2192.874700005632], 'p50_ms': 2192.874700005632, 'mean_ms': 2192.874700005632}}",
IndustrialOffset,industrial_offset_naca_airfoil_v011_o04_p0p0400,industrial_model_offset_curves:naca_airfoil:variant-011:seed-20260914,,,ours,True,ok,8.055157790393241e-06,True,8.223381220840618e-06,True,20,20.6926,19.0476,"[0.10932734608650208, 0.17823703587055206, 0.22278422117233276, 0.2621942162513733, 0.3134138584136963, 0.3441203832626343, 0.39482495188713074, 0.42966896295547485, 0.4628347158432007, 0.5184476971626282, 0.5661986470222473, 0.6119861602783203, 0.6330921649932861, 0.6918708682060242, 0.7459608912467957, 0.7986786961555481, 0.8245989680290222, 0.8401829600334167, 0.854512631893158, 0.909954845905304]","{'network_latency': {'p50_ms': 19.0476, 'median_ms': 19.0476, 'mean_ms': 19.0476, 'p95_ms': 19.0476, 'minimum_ms': 19.0476, 'maximum_ms': 19.0476, 'repeat_ms': [19.0476]}, 'end_to_end_latency': {'p50_ms': 20.6926, 'median_ms': 20.6926, 'mean_ms': 20.6926, 'p95_ms': 20.6926, 'minimum_ms': 20.6926, 'maximum_ms': 20.6926, 'repeat_ms': [20.6926]}, 'postprocessing': 'none', 'tolerance_conditioned_network': True, 'network_mse_tolerance': 5e-05}",
IndustrialOffset,industrial_offset_naca_airfoil_v011_o04_p0p0400,industrial_model_offset_curves:naca_airfoil:variant-011:seed-20260914,,,park_dominant_point_2007_adaptation,True,ok,2.381573674028621e-05,True,2.4177675601122053e-05,True,10,62.18250002712011,,"[0.04015817288972863, 0.20091293481082584, 0.35809703539428434, 0.4925656863773882, 0.4977226683491544, 0.5043835184238147, 0.61764751495435, 0.7326590765358724, 0.8532428751423522, 0.9056610750152844]","{'network_used': False, 'parameterization': 'chord_length', 'reported_refit': 'unregularized standard B-spline least squares with exact endpoint interpolation', 'timing_scope': 'complete numerical method: chord parameterization, knot selection/relocation, and final endpoint-constrained refit', 'mse_tolerance': 5e-05, 'smoothness_weight': 0.0, 'control_ridge': 0.0, 'interpolate_endpoints': True, 'declared_max_internal_knots': 64, 'declared_paper_initial_knots': 64, 'method': 'park_lee_dom_2007_adaptation', 'reference_doi': '10.1016/j.cad.2006.12.006', 'knot_placement': 'Park-Lee Eq. (4): each interior knot averages degree consecutive dominant-point parameters', 'lcm_lower_bound': 0.36428917447738707, 'lcm_seed_count': 7, 'shape_weight_r': 0.8, 'shape_index': 'r*K_s,e/K_0,m + (1-r)*L_s,e/L_0,m', 'curvature_integral': 'trapezoidal in chord parameter', 'curvature_source': 'generalized local Menger curvature; no optional smoothed base curve', 'refinement_region': 'segment containing largest sampled parameter-correspondence residual', 'refinement_point': 'argmin_w |lambda_s,w - lambda_w,e|', 'stopping_metric': 'mean squared Euclidean parameter-correspondence error', 'distance_metric_deviation': ""comparison adaptation stops on common MSE; it does not reproduce the paper's maximum-distance or iterative orthogonal-distance criterion"", 'seed_completion_deviation': 'shape-index splits complete degree+1 dominant points when too few LCM seeds exist', 'effective_max_internal_knots': 64, 'requested_max_internal_knots': 64, 'selected_sources': ('endpoint', 'endpoint', 'lcm_seed', 'lcm_seed', 'lcm_seed', 'lcm_seed', 'lcm_seed', 'lcm_seed', 'lcm_seed', 'adaptive_shape_split', 'adaptive_shape_split', 'adaptive_shape_split', 'adaptive_shape_split', 'adaptive_shape_split'), 'boundary_knot_clamp_count': 0, 'threshold_satisfied': True, 'scanned_counts': (0, 1, 2, 3, 4, 5, 6, 7, 8, 9, 10), 'scanned_mse': (0.03948767656021522, 0.009599610480917415, 0.0065749361942673236, 0.004148334386593266, 0.0028750063919423543, 0.0024273975438182187, 0.000776661224427409, 0.0004446650966476742, 0.00024664170140681894, 6.310585427945181e-05, 2.381573674028621e-05), 'scanned_max_parameter_residual': (0.4324509651035456, 0.24936837940548146, 0.22856053081067, 0.18863230243427942, 0.16281900712031666, 0.15051555887253562, 0.09000386541883053, 0.07496097775453672, 0.06096703501923795, 0.02871807318114111, 0.024313349709653154), 'exact_refit_count': 11, 'method_fidelity': 'core DOM equations with a common-MSE stopping wrapper', 'repeated_complete_timing': {'repeats': 1, 'samples_ms': [62.18250002712011], 'p50_ms': 62.18250002712011, 'mean_ms': 62.18250002712011}}",
IndustrialOffset,industrial_offset_naca_airfoil_v011_o04_p0p0400,industrial_model_offset_curves:naca_airfoil:variant-011:seed-20260914,,,liang_feature_iki_2017_adaptation,True,ok,2.35161557874335e-05,True,2.3651393549525943e-05,True,7,35.845400008838624,,"[0.08807975933224171, 0.17615951866448343, 0.4849109471828526, 0.49312327643418175, 0.5013356056855109, 0.5177602641881692, 0.819719606063443]","{'network_used': False, 'parameterization': 'chord_length', 'reported_refit': 'unregularized standard B-spline least squares with exact endpoint interpolation', 'timing_scope': 'complete numerical method: chord parameterization, knot selection/relocation, and final endpoint-constrained refit', 'mse_tolerance': 5e-05, 'smoothness_weight': 0.0, 'control_ridge': 0.0, 'interpolate_endpoints': True, 'declared_max_internal_knots': 64, 'declared_paper_initial_knots': 64, 'reference_doi': '10.1088/1361-6501/aa6a05', 'variant': 'feature_integral_plus_iki_disclosed_adaptation', 'dense_internal_knot_count': 64, 'initial_internal_knot_count': 4, 'inserted_internal_knot_count': 3, 'curvature_weight': 0.5, 'feature_sample_count': 1025, 'scanned_counts': (4, 5, 6, 7), 'scanned_mse': (0.002135754739040078, 0.00010320054485298664, 5.633365291439203e-05, 2.35161557874335e-05), 'scanned_max_parameter_residual': (0.14216261872393599, 0.03290969023265477, 0.027880697388213797, 0.02051907897252403), 'exact_refit_count': 5, 'paper_native_objective': 'error-bounded feature-integral initialization plus iterative knot insertion', 'comparison_wrapper': 'explicit 0.5 arc/curvature feature blend by default, worst-residual span midpoint insertion, and common-MSE stopping', 'method_fidelity': ""Liang-inspired adaptation; the access-controlled article's exact feature equation and constants are not claimed"", 'threshold_satisfied': True, 'repeated_complete_timing': {'repeats': 1, 'samples_ms': [35.845400008838624], 'p50_ms': 35.845400008838624, 'mean_ms': 35.845400008838624}}",
IndustrialOffset,industrial_offset_naca_airfoil_v011_o04_p0p0400,industrial_model_offset_curves:naca_airfoil:variant-011:seed-20260914,,,dung_direct_knot_2017_adaptation,True,ok,1.3833026362229033e-05,True,1.4116036903017094e-05,True,6,276.3993000262417,,"[0.08383118575377413, 0.46131131528503444, 0.49230769230769234, 0.5076923076923077, 0.5281907651760323, 0.9329310993286786]","{'network_used': False, 'parameterization': 'chord_length', 'reported_refit': 'unregularized endpoint-constrained standard B-spline least squares', 'timing_scope': 'complete numerical method: chord parameterization, knot selection/relocation, and final endpoint-constrained refit', 'mse_tolerance': 5e-05, 'smoothness_weight': 0.0, 'control_ridge': 0.0, 'interpolate_endpoints': True, 'declared_max_internal_knots': 64, 'declared_paper_initial_knots': 64, 'paper': 'Dung and Tjahjowidodo, PLOS ONE 2017, doi:10.1371/journal.pone.0173857', 'variant': 'serial_bisection_simple_knot_adaptation', 'native_control_norm': 'maximum Euclidean point residual', 'native_max_error_tolerance': 0.007071067811865475, 'native_final_max_error': 0.16330994708847718, 'native_final_mse': 0.002909539336368084, 'common_final_max_error': 0.16482288215413596, 'common_final_mse': 0.0029907863327323044, 'all_local_segments_native_feasible': True, 'local_piecewise_feasible_global_common_refit_failed': True, 'native_global_max_error_threshold_satisfied': False, 'native_global_common_mse_threshold_satisfied': False, 'native_global_internal_knot_count': 4, 'common_final_metrics_scope': 'native adaptation before any optional comparison feasibility safeguard', 'segments': ((0, 21), (22, 93), (94, 106), (107, 181), (182, 191)), 'segment_max_errors': (0.006431775802808829, 0.0015412393909332268, 0.006657094280886294, 0.007052873457263668, 0.0005554497174158839), 'coarse_break_indices': (21, 93, 106, 181), 'proposed_internal_knot_count': 4, 'retained_internal_knot_count': 4, 'scan_evaluations': 44, 'optimization_evaluations': 5, 'single_piece_evaluations': 43, 'exact_refit_count': 94, 'gauss_newton_fallback_count': 0, 'capacity_exceeded': False, 'capacity_handling': 'none', 'adaptation_limits': ('serial bisection only; parallel split/join/shift is not implemented', 'simple interior knots only; multiplicity and continuity classification are omitted', 'default native max-error epsilon is sqrt(mse_tolerance), which is a unit conversion rather than an equivalent constraint', 'capacity overflow is handled by deterministic uniform coarse-break subsampling before relocation', 'guarded float64 least squares and finite-difference Gauss-Newton replace MATLAB numerical edge behavior'), 'method_fidelity': 'serial simple-knot adaptation; parallel operations and knot multiplicity classification are not reproduced', 'threshold_satisfied_native_max_error': False, 'threshold_satisfied_common_max_error_before_safeguard': False, 'native_common_refit_mse': 0.0029907863327323044, 'native_common_refit_k': 4, 'native_common_refit_threshold_satisfied': False, 'comparison_method_capacity': 64, 'comparison_feasibility_safeguard_version': 'bounded_common_mse_v1', 'comparison_feasibility_safeguard_enabled': True, 'comparison_feasibility_safeguard_used': True, 'comparison_feasibility_safeguard_attempted': True, 'comparison_feasibility_safeguard_role': 'repository comparison wrapper; not part of the cited method', 'comparison_feasibility_native_mse': 0.0029907863327323044, 'comparison_feasibility_native_k': 4, 'comparison_feasibility_native_threshold_satisfied': False, 'comparison_feasibility_native_knots': (0.08383118575377413, 0.46131131528503444, 0.5281907651760323, 0.9329310993286786), 'comparison_feasibility_added_knots': (0.49230769230769234, 0.5076923076923077), 'comparison_feasibility_added_knots_scope': 'residual-guided path; final_knots are authoritative after any uniform fallback', 'comparison_feasibility_refit_count': 6, 'comparison_feasibility_final_source': 'residual_guided_augmentation', 'comparison_feasibility_final_mse': 1.3833026362229033e-05, 'comparison_feasibility_final_k': 6, 'comparison_feasibility_final_knots': (0.08383118575377413, 0.46131131528503444, 0.49230769230769234, 0.5076923076923077, 0.5281907651760323, 0.9329310993286786), 'comparison_feasibility_threshold_satisfied': True, 'comparison_feasibility_status': 'repaired_feasible', 'comparison_feasibility_dense_capacity_mse': None, 'comparison_feasibility_dense_capacity_threshold_satisfied': None, 'comparison_feasibility_capacity': 64, 'comparison_method_label': 'threshold-safe adaptation', 'threshold_satisfied': True, 'repeated_complete_timing': {'repeats': 1, 'samples_ms': [276.3993000262417], 'p50_ms': 276.3993000262417, 'mean_ms': 276.3993000262417}}",
IndustrialOffset,industrial_offset_naca_airfoil_v011_o04_p0p0400,industrial_model_offset_curves:naca_airfoil:variant-011:seed-20260914,,,kang_sparse_2015_adaptation,True,ok,3.829787151704658e-05,True,3.895423637665775e-05,True,10,1210.5187000124715,,"[0.09254807692307693, 0.20024038461538463, 0.26165865384615383, 0.38449519230769236, 0.4460336538461539, 0.4954326923076923, 0.5540865384615385, 0.6310096153846154, 0.8002403846153847, 0.9074519230769231]","{'network_used': False, 'parameterization': 'chord_length', 'reported_refit': 'unregularized standard B-spline least squares with exact endpoint interpolation', 'timing_scope': 'complete numerical method: chord parameterization, knot selection/relocation, and final endpoint-constrained refit', 'mse_tolerance': 5e-05, 'smoothness_weight': 0.0, 'control_ridge': 0.0, 'interpolate_endpoints': True, 'declared_max_internal_knots': 64, 'declared_paper_initial_knots': 64, 'initial_internal_knot_count': 64, 'dense_initial_fit_mse': 6.611691652837881e-07, 'dense_initial_threshold_satisfied': True, 'active_internal_knot_count': 19, 'cluster_sizes': (2, 1, 1, 3, 3, 2, 2, 2, 1, 2), 'active_cluster_count': 10, 'relocated_internal_knot_count': 10, 'relocated_unique_knot_count': 10, 'relocated_knot_multiplicities': (1, 1, 1, 1, 1, 1, 1, 1, 1, 1), 'active_to_relocated_compression_ratio': 0.5263157894736842, 'sparse_stage_mse': 4.995577846019465e-05, 'sparse_stage_threshold_satisfied': True, 'native_sparse_feasible_final_common_refit_failed': False, 'sparse_and_final_mse_are_directly_comparable': False, 'sparse_iterations': 2200, 'sparse_solver_seconds': 0.9079002999933437, 'relocation_seconds': 0.29009140003472567, 'non_paper_feasibility_repair_enabled': False, 'paper_feasibility_repair_used': False, 'paper_feasibility_repair_added_count': 0, 'local_refit_count': 130, 'method_note': ""Vector-valued group-L1 ADMM adaptation of Kang et al. (2015) equation (12), followed by Algorithms 4-5 only for clear short active clusters; long general-data runs retain their active knots because Algorithm 1 is not reproduced; not the paper's scalar CVX implementation."", 'relocation_method': ""Algorithms 4-5 adaptation: classify adjacent active uniform knots by spacing, retain each cluster's boundary pair, narrow it by exact least-squares comparisons, then apply the 2*E_double < E_single single/double-knot decision."", 'algorithm4_cluster_relocation_applied': True, 'absolute_jump_threshold': 1e-07, 'relative_jump_threshold': 0.001, 'effective_jump_threshold': 3.948281243129069, 'native_final_fit_mse_without_endpoint_constraint': 3.629096699724892e-05, 'native_endpoint_constrained_mse': 3.829787151704658e-05, 'endpoint_constraint_fallback': 'disabled', 'native_common_refit_mse': 3.829787151704658e-05, 'native_common_refit_k': 10, 'native_common_refit_threshold_satisfied': True, 'comparison_method_capacity': 64, 'comparison_feasibility_safeguard_version': 'bounded_common_mse_v1', 'comparison_feasibility_safeguard_enabled': True, 'comparison_feasibility_safeguard_used': False, 'comparison_feasibility_safeguard_attempted': False, 'comparison_feasibility_safeguard_role': 'repository comparison wrapper; not part of the cited method', 'comparison_feasibility_native_mse': 3.829787151704658e-05, 'comparison_feasibility_native_k': 10, 'comparison_feasibility_native_threshold_satisfied': True, 'comparison_feasibility_native_knots': (0.09254807692307693, 0.20024038461538463, 0.26165865384615383, 0.38449519230769236, 0.4460336538461539, 0.4954326923076923, 0.5540865384615385, 0.6310096153846154, 0.8002403846153847, 0.9074519230769231), 'comparison_feasibility_added_knots': (), 'comparison_feasibility_added_knots_scope': 'residual-guided path; final_knots are authoritative after any uniform fallback', 'comparison_feasibility_refit_count': 0, 'comparison_feasibility_final_source': 'native', 'comparison_feasibility_final_mse': 3.829787151704658e-05, 'comparison_feasibility_final_k': 10, 'comparison_feasibility_final_knots': (0.09254807692307693, 0.20024038461538463, 0.26165865384615383, 0.38449519230769236, 0.4460336538461539, 0.4954326923076923, 0.5540865384615385, 0.6310096153846154, 0.8002403846153847, 0.9074519230769231), 'comparison_feasibility_threshold_satisfied': True, 'comparison_feasibility_status': 'native_feasible', 'comparison_feasibility_dense_capacity_mse': None, 'comparison_feasibility_dense_capacity_threshold_satisfied': None, 'comparison_feasibility_capacity': 64, 'comparison_method_label': 'threshold-safe adaptation', 'threshold_satisfied': True, 'repeated_complete_timing': {'repeats': 1, 'samples_ms': [1210.5187000124715], 'p50_ms': 1210.5187000124715, 'mean_ms': 1210.5187000124715}}",
IndustrialOffset,industrial_offset_naca_airfoil_v011_o04_p0p0400,industrial_model_offset_curves:naca_airfoil:variant-011:seed-20260914,,,luo_linf_de_2022_adaptation,True,ok,3.9215082594342176e-05,True,3.957574777552898e-05,True,7,2206.7641000030562,,"[0.046153846153846156, 0.3892154751712572, 0.3960047783099494, 0.49230769230769234, 0.5076923076923077, 0.523076923076923, 0.9538461538461538]","{'network_used': False, 'parameterization': 'chord_length', 'reported_refit': 'unregularized standard B-spline least squares with exact endpoint interpolation', 'timing_scope': 'complete numerical method: chord parameterization, knot selection/relocation, and final endpoint-constrained refit', 'mse_tolerance': 5e-05, 'smoothness_weight': 0.0, 'control_ridge': 0.0, 'interpolate_endpoints': True, 'declared_max_internal_knots': 64, 'declared_paper_initial_knots': 64, 'reference_doi': '10.4208/jcm.2012-m2020-0203', 'variant': 'linf1_jump_sparsity_plus_differential_evolution', 'initial_internal_knot_count': 64, 'dense_initial_fit_mse': 6.611691652837881e-07, 'dense_initial_threshold_satisfied': True, 'selected_regularization': 3.857677398724743e-05, 'sparse_stage_mse': 4.808142148271621e-06, 'sparse_stage_threshold_satisfied': True, 'jump_local_maximum_eta': 0.5, 'candidate_internal_knot_count': 2, 'initial_to_candidate_compression_ratio': 0.03125, 'candidate_refit_mse_before_de': 0.003775221586628424, 'candidate_refit_threshold_satisfied_before_de': False, 'candidate_selection_lost_sparse_feasibility': True, 'de_population': 10, 'de_iterations': 10, 'de_evaluations': 110, 'de_initial_max_error': 0.17875412154280226, 'de_final_max_error': 0.15480095623314746, 'de_restored_common_mse_feasibility': False, 'paper_native_objective': 'nonsquared Frobenius data term plus l-infinity,1 derivative-jump penalty; DE minimizes maximum Euclidean error', 'comparison_wrapper': 'regularization is selected against the common MSE budget and the final fit uses the common endpoint-constrained refit', 'method_fidelity': 'defining mixed-norm, local-maximum selection, and DE stages are reproduced; hyperparameter selection is adapted', 'native_common_refit_mse': 0.002579483541000364, 'native_common_refit_k': 2, 'native_common_refit_threshold_satisfied': False, 'comparison_method_capacity': 64, 'comparison_feasibility_safeguard_version': 'bounded_common_mse_v1', 'comparison_feasibility_safeguard_enabled': True, 'comparison_feasibility_safeguard_used': True, 'comparison_feasibility_safeguard_attempted': True, 'comparison_feasibility_safeguard_role': 'repository comparison wrapper; not part of the cited method', 'comparison_feasibility_native_mse': 0.002579483541000364, 'comparison_feasibility_native_k': 2, 'comparison_feasibility_native_threshold_satisfied': False, 'comparison_feasibility_native_knots': (0.3892154751712572, 0.3960047783099494), 'comparison_feasibility_added_knots': (0.523076923076923, 0.5076923076923077, 0.49230769230769234, 0.046153846153846156, 0.9538461538461538), 'comparison_feasibility_added_knots_scope': 'residual-guided path; final_knots are authoritative after any uniform fallback', 'comparison_feasibility_refit_count': 15, 'comparison_feasibility_final_source': 'residual_guided_augmentation', 'comparison_feasibility_final_mse': 3.9215082594342176e-05, 'comparison_feasibility_final_k': 7, 'comparison_feasibility_final_knots': (0.046153846153846156, 0.3892154751712572, 0.3960047783099494, 0.49230769230769234, 0.5076923076923077, 0.523076923076923, 0.9538461538461538), 'comparison_feasibility_threshold_satisfied': True, 'comparison_feasibility_status': 'repaired_feasible', 'comparison_feasibility_dense_capacity_mse': None, 'comparison_feasibility_dense_capacity_threshold_satisfied': None, 'comparison_feasibility_capacity': 64, 'comparison_method_label': 'threshold-safe adaptation', 'threshold_satisfied': True, 'repeated_complete_timing': {'repeats': 1, 'samples_ms': [2206.7641000030562], 'p50_ms': 2206.7641000030562, 'mean_ms': 2206.7641000030562}}",
