Checking real manifests and train/val/test group separation...
  Reading manifest: /home/feng/HouCode/SplineSurpervisedFitting/data/splits/uji_pen_v2.jsonl
  Checking groups/files: 2000/18219
  Checking groups/files: 4000/18219
  Checking groups/files: 6000/18219
  Checking groups/files: 8000/18219
  Checking groups/files: 10000/18219
  Checking groups/files: 12000/18219
  Checking groups/files: 14000/18219
  Checking groups/files: 16000/18219
  Checking groups/files: 18000/18219
  Checking groups/files: 18219/18219
  Ready uji_pen_characters_v2: train=9670, val=2456 (test excluded from training)
  Reading manifest: /home/feng/HouCode/SplineSurpervisedFitting/data/processed/natural_earth/v5.1.2_10m_coastline/manifest.jsonl
  Checking groups/files: 2000/3908
  Checking groups/files: 3908/3908
  Ready natural_earth_10m_coastline: train=2625, val=750 (test excluded from training)
  Reading manifest: /home/feng/HouCode/SplineSurpervisedFitting/data/processed/usgs_contours/large_scale/manifest.jsonl
  Checking groups/files: 2000/6654
  Checking groups/files: 4000/6654
  Checking groups/files: 6000/6654
  Checking groups/files: 6654/6654
  Ready usgs_tnm_contours_large_scale: train=4024, val=1210 (test excluded from training)
  Reading manifest: /home/feng/HouCode/SplineSurpervisedFitting/data/processed/industrial_offsets/v1/manifest.jsonl
  Checking groups/files: 453/453
  Ready industrial_model_offset_curves: train=293, val=93 (test excluded from training)
v16 adaptive mass_topk: cuda, Kc=24 internal (full cubic knot vector at all-keep=32), MSE tolerance=5e-05; 600 train draws, 240 validation curves; real sources=4
Synthetic source contract: clean source-subset threshold-minimal certificate at RMS=0.00707107, margin=20%, audit_points=512
Joint supervision: certified synthetic geometry labels plus one offline Hard-RMS feasible-subset Teacher on the frozen Proposal parameter/candidate frame. Source K is a reference only. The Teacher mask/count/risk supervise Selector and subset decoder; no subset search runs in Joint steps. Proposal and ParameterHead remain frozen for cache validity. Raw deployment is one-shot; MSE verification/repair is a separate numerical method.
Checkpoint selection minimizes mean per-curve subset cost: feasible curves trade K against a bounded MSE tie-break; infeasible curves use a logarithmic MSE penalty. Aggregate pass rates and the explicit K=20 boundary audit (n=16) are reported but never gate training. Labelled Joint performs only dense, deployed-mask and labelled-mask fits per batch.
Proposal-stage synthetic stratification: disabled (original full-range distribution). Joint-stage synthetic stratification: disabled (original full-range distribution). Fixed high-K validation rows: 0 at K>=20.
Optimizer budget: 19 updates/epoch (ceil(600/32)); remaining Proposal=1216, Joint=1216. Increasing batch size without extending epochs reduces optimization steps.
Epoch 001/128 proposal [=.......................] 1/19 MSE=1.225e-04 pass=46.9% K=24.0 denseK=24.0 countMAE=0.00 lr=group_0:2.0e-04
Epoch 001/128 proposal [============............] 10/19 MSE=2.329e-04 pass=25.0% K=24.0 denseK=24.0 countMAE=0.00 lr=group_0:2.0e-04
Epoch 001/128 proposal [========================] 19/19 MSE=1.355e-04 pass=50.0% K=24.0 denseK=24.0 countMAE=0.00 lr=group_0:2.0e-04
  validation [===.....................] 1/8 
  validation [========================] 8/8 
Epoch 001 phase=proposal lr=group_0:2.0e-04 val dense=53.3% deployment=53.3% worst-source=40.6% qualification=0.0% MSE=2.030e-04 K=24.00 mass=11.82 beta=0.03 soft_cost=2.1810 selection_score=-2.1810 complexity=0.00->0.00 safety=0+0.03sigma scale=1.00->1.00 pass_reference_only=0.0%
  Proposal train geometry: coverage_MAE=1.2880e-02, ordered_assignment_MAE=1.3056e-02, matched_K=11.63, R@.005/.01/.02=0.190/0.392/0.806, parameter_bias=2.145e-02
  Synthetic K=20: n=21, dense=0.0%, deployment=0.0%
  Synthetic: dense=40.6%, deployment=40.6%, MSE=2.775e-04, K=24.00, targetK=12.60, count_MAE=11.40, bias=+11.40, knot_F1@0.01=0.273, param_RMSE=5.533e-02
  uji_pen_characters_v2: dense=100.0%, deployment=100.0%, MSE=5.844e-06, K=24.00
  natural_earth_10m_coastline: dense=55.0%, deployment=55.0%, MSE=1.253e-04, K=24.00
  usgs_tnm_contours_large_scale: dense=80.0%, deployment=80.0%, MSE=5.736e-05, K=24.00
  industrial_model_offset_curves: dense=80.0%, deployment=80.0%, MSE=2.720e-05, K=24.00
Epoch 002/128 proposal [=.......................] 1/19 MSE=1.754e-04 pass=43.8% K=24.0 denseK=24.0 countMAE=0.00 lr=group_0:2.0e-04
Epoch 002/128 proposal [============............] 10/19 MSE=2.421e-04 pass=46.9% K=24.0 denseK=24.0 countMAE=0.00 lr=group_0:2.0e-04
Epoch 002/128 proposal [========================] 19/19 MSE=5.320e-05 pass=70.8% K=24.0 denseK=24.0 countMAE=0.00 lr=group_0:2.0e-04
  validation [===.....................] 1/8 
  validation [========================] 8/8 
Epoch 002 phase=proposal lr=group_0:2.0e-04 val dense=62.1% deployment=62.1% worst-source=50.0% qualification=0.0% MSE=1.473e-04 K=24.00 mass=11.84 beta=0.03 soft_cost=1.9458 selection_score=-1.9458 complexity=0.00->0.00 safety=0+0.03sigma scale=1.00->1.00 pass_reference_only=0.0%
  Proposal train geometry: coverage_MAE=1.1923e-02, ordered_assignment_MAE=1.2048e-02, matched_K=11.64, R@.005/.01/.02=0.206/0.429/0.853, parameter_bias=2.010e-02
  Synthetic K=20: n=21, dense=0.0%, deployment=0.0%
  Synthetic: dense=50.0%, deployment=50.0%, MSE=1.939e-04, K=24.00, targetK=12.60, count_MAE=11.40, bias=+11.40, knot_F1@0.01=0.319, param_RMSE=4.655e-02
  uji_pen_characters_v2: dense=100.0%, deployment=100.0%, MSE=4.622e-06, K=24.00
  natural_earth_10m_coastline: dense=70.0%, deployment=70.0%, MSE=1.375e-04, K=24.00
  usgs_tnm_contours_large_scale: dense=80.0%, deployment=80.0%, MSE=5.879e-05, K=24.00
  industrial_model_offset_curves: dense=95.0%, deployment=95.0%, MSE=1.463e-05, K=24.00
Epoch 003/128 proposal [=.......................] 1/19 MSE=6.102e-05 pass=62.5% K=24.0 denseK=24.0 countMAE=0.00 lr=group_0:2.0e-04
Epoch 003/128 proposal [============............] 10/19 MSE=1.368e-04 pass=68.8% K=24.0 denseK=24.0 countMAE=0.00 lr=group_0:2.0e-04
Epoch 003/128 proposal [========================] 19/19 MSE=9.619e-05 pass=62.5% K=24.0 denseK=24.0 countMAE=0.00 lr=group_0:2.0e-04
  validation [===.....................] 1/8 
  validation [========================] 8/8 
Epoch 003 phase=proposal lr=group_0:2.0e-04 val dense=63.3% deployment=63.3% worst-source=55.0% qualification=0.0% MSE=1.423e-04 K=24.00 mass=11.80 beta=0.03 soft_cost=1.9061 selection_score=-1.9061 complexity=0.00->0.00 safety=0+0.03sigma scale=1.00->1.00 pass_reference_only=0.0%
  Proposal train geometry: coverage_MAE=1.0683e-02, ordered_assignment_MAE=1.0771e-02, matched_K=11.63, R@.005/.01/.02=0.236/0.485/0.912, parameter_bias=1.795e-02
  Synthetic K=20: n=21, dense=0.0%, deployment=0.0%
  Synthetic: dense=55.6%, deployment=55.6%, MSE=1.813e-04, K=24.00, targetK=12.60, count_MAE=11.40, bias=+11.40, knot_F1@0.01=0.333, param_RMSE=4.106e-02
  uji_pen_characters_v2: dense=95.0%, deployment=95.0%, MSE=8.223e-06, K=24.00
  natural_earth_10m_coastline: dense=55.0%, deployment=55.0%, MSE=1.507e-04, K=24.00
  usgs_tnm_contours_large_scale: dense=80.0%, deployment=80.0%, MSE=7.266e-05, K=24.00
  industrial_model_offset_curves: dense=85.0%, deployment=85.0%, MSE=2.627e-05, K=24.00
Epoch 004/128 proposal [=.......................] 1/19 MSE=8.555e-05 pass=62.5% K=24.0 denseK=24.0 countMAE=0.00 lr=group_0:2.0e-04
Epoch 004/128 proposal [============............] 10/19 MSE=1.237e-04 pass=53.1% K=24.0 denseK=24.0 countMAE=0.00 lr=group_0:2.0e-04
Epoch 004/128 proposal [========================] 19/19 MSE=1.249e-04 pass=62.5% K=24.0 denseK=24.0 countMAE=0.00 lr=group_0:2.0e-04
  validation [===.....................] 1/8 
  validation [========================] 8/8 
Epoch 004 phase=proposal lr=group_0:2.0e-04 val dense=66.7% deployment=66.7% worst-source=55.0% qualification=0.0% MSE=1.296e-04 K=24.00 mass=11.86 beta=0.02 soft_cost=1.8422 selection_score=-1.8422 complexity=0.00->0.00 safety=0+0.03sigma scale=1.00->1.00 pass_reference_only=0.0%
  Proposal train geometry: coverage_MAE=1.0128e-02, ordered_assignment_MAE=1.0181e-02, matched_K=11.63, R@.005/.01/.02=0.250/0.511/0.935, parameter_bias=1.769e-02
  Synthetic K=20: n=21, dense=0.0%, deployment=0.0%
  Synthetic: dense=61.3%, deployment=61.3%, MSE=1.610e-04, K=24.00, targetK=12.60, count_MAE=11.40, bias=+11.40, knot_F1@0.01=0.332, param_RMSE=4.056e-02
  uji_pen_characters_v2: dense=95.0%, deployment=95.0%, MSE=9.489e-06, K=24.00
  natural_earth_10m_coastline: dense=55.0%, deployment=55.0%, MSE=1.566e-04, K=24.00
  usgs_tnm_contours_large_scale: dense=75.0%, deployment=75.0%, MSE=7.194e-05, K=24.00
  industrial_model_offset_curves: dense=85.0%, deployment=85.0%, MSE=3.001e-05, K=24.00
Epoch 005/128 proposal [=.......................] 1/19 MSE=7.990e-05 pass=75.0% K=24.0 denseK=24.0 countMAE=0.00 lr=group_0:2.0e-04
Epoch 005/128 proposal [============............] 10/19 MSE=8.476e-05 pass=65.6% K=24.0 denseK=24.0 countMAE=0.00 lr=group_0:2.0e-04
Epoch 005/128 proposal [========================] 19/19 MSE=1.152e-04 pass=70.8% K=24.0 denseK=24.0 countMAE=0.00 lr=group_0:2.0e-04
  validation [===.....................] 1/8 
  validation [========================] 8/8 
Epoch 005 phase=proposal lr=group_0:2.0e-04 val dense=68.3% deployment=68.3% worst-source=55.0% qualification=0.0% MSE=1.201e-04 K=24.00 mass=11.87 beta=0.02 soft_cost=1.7972 selection_score=-1.7972 complexity=0.00->0.00 safety=0+0.03sigma scale=1.00->1.00 pass_reference_only=0.0%
  Proposal train geometry: coverage_MAE=9.9985e-03, ordered_assignment_MAE=1.0036e-02, matched_K=11.64, R@.005/.01/.02=0.253/0.523/0.940, parameter_bias=1.790e-02
  Synthetic K=20: n=21, dense=0.0%, deployment=0.0%
  Synthetic: dense=63.1%, deployment=63.1%, MSE=1.493e-04, K=24.00, targetK=12.60, count_MAE=11.40, bias=+11.40, knot_F1@0.01=0.324, param_RMSE=4.255e-02
  uji_pen_characters_v2: dense=100.0%, deployment=100.0%, MSE=8.299e-06, K=24.00
  natural_earth_10m_coastline: dense=55.0%, deployment=55.0%, MSE=1.484e-04, K=24.00
  usgs_tnm_contours_large_scale: dense=75.0%, deployment=75.0%, MSE=6.444e-05, K=24.00
  industrial_model_offset_curves: dense=85.0%, deployment=85.0%, MSE=2.553e-05, K=24.00
Epoch 006/128 proposal [=.......................] 1/19 MSE=9.034e-05 pass=59.4% K=24.0 denseK=24.0 countMAE=0.00 lr=group_0:2.0e-04
Epoch 006/128 proposal [============............] 10/19 MSE=1.255e-04 pass=59.4% K=24.0 denseK=24.0 countMAE=0.00 lr=group_0:2.0e-04
Epoch 006/128 proposal [========================] 19/19 MSE=1.674e-04 pass=54.2% K=24.0 denseK=24.0 countMAE=0.00 lr=group_0:2.0e-04
  validation [===.....................] 1/8 
  validation [========================] 8/8 
Epoch 006 phase=proposal lr=group_0:2.0e-04 val dense=67.5% deployment=67.5% worst-source=55.0% qualification=0.0% MSE=1.224e-04 K=24.00 mass=11.80 beta=0.03 soft_cost=1.8211 selection_score=-1.8211 complexity=0.00->0.00 safety=0+0.03sigma scale=1.00->1.00 pass_reference_only=0.0%
  Proposal train geometry: coverage_MAE=9.9871e-03, ordered_assignment_MAE=1.0023e-02, matched_K=11.63, R@.005/.01/.02=0.259/0.517/0.941, parameter_bias=1.805e-02
  Synthetic K=20: n=21, dense=0.0%, deployment=0.0%
  Synthetic: dense=62.5%, deployment=62.5%, MSE=1.480e-04, K=24.00, targetK=12.60, count_MAE=11.40, bias=+11.40, knot_F1@0.01=0.347, param_RMSE=4.065e-02
  uji_pen_characters_v2: dense=95.0%, deployment=95.0%, MSE=1.147e-05, K=24.00
  natural_earth_10m_coastline: dense=55.0%, deployment=55.0%, MSE=1.647e-04, K=24.00
  usgs_tnm_contours_large_scale: dense=75.0%, deployment=75.0%, MSE=7.676e-05, K=24.00
  industrial_model_offset_curves: dense=85.0%, deployment=85.0%, MSE=3.182e-05, K=24.00
Epoch 007/128 proposal [=.......................] 1/19 MSE=8.695e-05 pass=59.4% K=24.0 denseK=24.0 countMAE=0.00 lr=group_0:2.0e-04
Epoch 007/128 proposal [============............] 10/19 MSE=5.546e-05 pass=71.9% K=24.0 denseK=24.0 countMAE=0.00 lr=group_0:2.0e-04
Epoch 007/128 proposal [========================] 19/19 MSE=4.697e-05 pass=83.3% K=24.0 denseK=24.0 countMAE=0.00 lr=group_0:2.0e-04
  validation [===.....................] 1/8 
  validation [========================] 8/8 
Epoch 007 phase=proposal lr=group_0:2.0e-04 val dense=67.5% deployment=67.5% worst-source=35.0% qualification=0.0% MSE=1.158e-04 K=24.00 mass=11.80 beta=0.03 soft_cost=1.8001 selection_score=-1.8001 complexity=0.00->0.00 safety=0+0.03sigma scale=1.00->1.00 pass_reference_only=0.0%
  Proposal train geometry: coverage_MAE=9.9240e-03, ordered_assignment_MAE=9.9502e-03, matched_K=11.63, R@.005/.01/.02=0.258/0.522/0.942, parameter_bias=1.782e-02
  Synthetic K=20: n=21, dense=0.0%, deployment=0.0%
  Synthetic: dense=65.0%, deployment=65.0%, MSE=1.386e-04, K=24.00, targetK=12.60, count_MAE=11.40, bias=+11.40, knot_F1@0.01=0.344, param_RMSE=4.060e-02
  uji_pen_characters_v2: dense=95.0%, deployment=95.0%, MSE=1.191e-05, K=24.00
  natural_earth_10m_coastline: dense=35.0%, deployment=35.0%, MSE=1.650e-04, K=24.00
  usgs_tnm_contours_large_scale: dense=75.0%, deployment=75.0%, MSE=7.356e-05, K=24.00
  industrial_model_offset_curves: dense=85.0%, deployment=85.0%, MSE=3.103e-05, K=24.00
Epoch 008/128 proposal [=.......................] 1/19 MSE=8.235e-05 pass=68.8% K=24.0 denseK=24.0 countMAE=0.00 lr=group_0:2.0e-04
Epoch 008/128 proposal [============............] 10/19 MSE=5.287e-05 pass=87.5% K=24.0 denseK=24.0 countMAE=0.00 lr=group_0:2.0e-04
Epoch 008/128 proposal [========================] 19/19 MSE=8.592e-05 pass=66.7% K=24.0 denseK=24.0 countMAE=0.00 lr=group_0:2.0e-04
  validation [===.....................] 1/8 
  validation [========================] 8/8 
Epoch 008 phase=proposal lr=group_0:2.0e-04 val dense=67.1% deployment=67.1% worst-source=30.0% qualification=0.0% MSE=1.124e-04 K=24.00 mass=11.75 beta=0.04 soft_cost=1.7965 selection_score=-1.7965 complexity=0.00->0.00 safety=0+0.03sigma scale=1.00->1.00 pass_reference_only=0.0%
  Proposal train geometry: coverage_MAE=9.8748e-03, ordered_assignment_MAE=9.9056e-03, matched_K=11.63, R@.005/.01/.02=0.259/0.522/0.942, parameter_bias=1.791e-02
  Synthetic K=20: n=21, dense=0.0%, deployment=0.0%
  Synthetic: dense=65.6%, deployment=65.6%, MSE=1.320e-04, K=24.00, targetK=12.60, count_MAE=11.40, bias=+11.40, knot_F1@0.01=0.351, param_RMSE=4.040e-02
  uji_pen_characters_v2: dense=95.0%, deployment=95.0%, MSE=1.325e-05, K=24.00
  natural_earth_10m_coastline: dense=30.0%, deployment=30.0%, MSE=1.686e-04, K=24.00
  usgs_tnm_contours_large_scale: dense=70.0%, deployment=70.0%, MSE=7.765e-05, K=24.00
  industrial_model_offset_curves: dense=85.0%, deployment=85.0%, MSE=3.320e-05, K=24.00
Epoch 009/128 proposal [=.......................] 1/19 MSE=6.124e-05 pass=68.8% K=24.0 denseK=24.0 countMAE=0.00 lr=group_0:2.0e-04
Epoch 009/128 proposal [============............] 10/19 MSE=6.745e-05 pass=75.0% K=24.0 denseK=24.0 countMAE=0.00 lr=group_0:2.0e-04
Epoch 009/128 proposal [========================] 19/19 MSE=1.013e-04 pass=50.0% K=24.0 denseK=24.0 countMAE=0.00 lr=group_0:2.0e-04
  validation [===.....................] 1/8 
  validation [========================] 8/8 
Epoch 009 phase=proposal lr=group_0:2.0e-04 val dense=65.8% deployment=65.8% worst-source=30.0% qualification=0.0% MSE=1.075e-04 K=24.00 mass=11.74 beta=0.04 soft_cost=1.7991 selection_score=-1.7991 complexity=0.00->0.00 safety=0+0.03sigma scale=1.00->1.00 pass_reference_only=0.0%
  Proposal train geometry: coverage_MAE=9.6795e-03, ordered_assignment_MAE=9.7015e-03, matched_K=11.63, R@.005/.01/.02=0.270/0.540/0.949, parameter_bias=1.758e-02
  Synthetic K=20: n=21, dense=0.0%, deployment=0.0%
  Synthetic: dense=63.7%, deployment=63.7%, MSE=1.246e-04, K=24.00, targetK=12.60, count_MAE=11.40, bias=+11.40, knot_F1@0.01=0.362, param_RMSE=4.022e-02
  uji_pen_characters_v2: dense=95.0%, deployment=95.0%, MSE=1.436e-05, K=24.00
  natural_earth_10m_coastline: dense=30.0%, deployment=30.0%, MSE=1.691e-04, K=24.00
  usgs_tnm_contours_large_scale: dense=70.0%, deployment=70.0%, MSE=7.502e-05, K=24.00
  industrial_model_offset_curves: dense=85.0%, deployment=85.0%, MSE=3.464e-05, K=24.00
Epoch 010/128 proposal [=.......................] 1/19 MSE=7.858e-05 pass=71.9% K=24.0 denseK=24.0 countMAE=0.00 lr=group_0:2.0e-04
Epoch 010/128 proposal [============............] 10/19 MSE=5.758e-05 pass=71.9% K=24.0 denseK=24.0 countMAE=0.00 lr=group_0:2.0e-04
Epoch 010/128 proposal [========================] 19/19 MSE=3.368e-05 pass=83.3% K=24.0 denseK=24.0 countMAE=0.00 lr=group_0:2.0e-04
  validation [===.....................] 1/8 
  validation [========================] 8/8 
Epoch 010 phase=proposal lr=group_0:2.0e-04 val dense=65.8% deployment=65.8% worst-source=25.0% qualification=0.0% MSE=1.061e-04 K=24.00 mass=11.73 beta=0.05 soft_cost=1.7938 selection_score=-1.7938 complexity=0.00->0.00 safety=0+0.03sigma scale=1.00->1.00 pass_reference_only=0.0%
  Proposal train geometry: coverage_MAE=9.6754e-03, ordered_assignment_MAE=9.6980e-03, matched_K=11.63, R@.005/.01/.02=0.266/0.537/0.954, parameter_bias=1.746e-02
  Synthetic K=20: n=21, dense=0.0%, deployment=0.0%
  Synthetic: dense=64.4%, deployment=64.4%, MSE=1.233e-04, K=24.00, targetK=12.60, count_MAE=11.40, bias=+11.40, knot_F1@0.01=0.356, param_RMSE=4.032e-02
  uji_pen_characters_v2: dense=95.0%, deployment=95.0%, MSE=1.400e-05, K=24.00
  natural_earth_10m_coastline: dense=25.0%, deployment=25.0%, MSE=1.664e-04, K=24.00
  usgs_tnm_contours_large_scale: dense=70.0%, deployment=70.0%, MSE=7.501e-05, K=24.00
  industrial_model_offset_curves: dense=85.0%, deployment=85.0%, MSE=3.197e-05, K=24.00
Epoch 011/128 proposal [=.......................] 1/19 MSE=6.345e-05 pass=62.5% K=24.0 denseK=24.0 countMAE=0.00 lr=group_0:2.0e-04
Epoch 011/128 proposal [============............] 10/19 MSE=2.891e-05 pass=87.5% K=24.0 denseK=24.0 countMAE=0.00 lr=group_0:2.0e-04
Epoch 011/128 proposal [========================] 19/19 MSE=4.710e-05 pass=75.0% K=24.0 denseK=24.0 countMAE=0.00 lr=group_0:2.0e-04
  validation [===.....................] 1/8 
  validation [========================] 8/8 
Epoch 011 phase=proposal lr=group_0:2.0e-04 val dense=66.2% deployment=66.2% worst-source=25.0% qualification=0.0% MSE=1.042e-04 K=24.00 mass=11.75 beta=0.04 soft_cost=1.7840 selection_score=-1.7840 complexity=0.00->0.00 safety=0+0.03sigma scale=1.00->1.00 pass_reference_only=0.0%
  Proposal train geometry: coverage_MAE=9.6298e-03, ordered_assignment_MAE=9.6510e-03, matched_K=11.64, R@.005/.01/.02=0.266/0.539/0.958, parameter_bias=1.745e-02
  Synthetic K=20: n=21, dense=0.0%, deployment=0.0%
  Synthetic: dense=65.0%, deployment=65.0%, MSE=1.187e-04, K=24.00, targetK=12.60, count_MAE=11.40, bias=+11.40, knot_F1@0.01=0.360, param_RMSE=3.979e-02
  uji_pen_characters_v2: dense=95.0%, deployment=95.0%, MSE=1.594e-05, K=24.00
  natural_earth_10m_coastline: dense=25.0%, deployment=25.0%, MSE=1.735e-04, K=24.00
  usgs_tnm_contours_large_scale: dense=70.0%, deployment=70.0%, MSE=7.769e-05, K=24.00
  industrial_model_offset_curves: dense=85.0%, deployment=85.0%, MSE=3.357e-05, K=24.00
Epoch 012/128 proposal [=.......................] 1/19 MSE=5.233e-05 pass=68.8% K=24.0 denseK=24.0 countMAE=0.00 lr=group_0:2.0e-04
Epoch 012/128 proposal [============............] 10/19 MSE=6.162e-05 pass=62.5% K=24.0 denseK=24.0 countMAE=0.00 lr=group_0:2.0e-04
Epoch 012/128 proposal [========================] 19/19 MSE=5.188e-05 pass=70.8% K=24.0 denseK=24.0 countMAE=0.00 lr=group_0:2.0e-04
  validation [===.....................] 1/8 
  validation [========================] 8/8 
Epoch 012 phase=proposal lr=group_0:2.0e-04 val dense=67.1% deployment=67.1% worst-source=25.0% qualification=0.0% MSE=9.543e-05 K=24.00 mass=11.72 beta=0.05 soft_cost=1.7554 selection_score=-1.7554 complexity=0.00->0.00 safety=0+0.03sigma scale=1.00->1.00 pass_reference_only=0.0%
  Proposal train geometry: coverage_MAE=9.5434e-03, ordered_assignment_MAE=9.5623e-03, matched_K=11.63, R@.005/.01/.02=0.273/0.544/0.958, parameter_bias=1.730e-02
  Synthetic K=20: n=21, dense=0.0%, deployment=0.0%
  Synthetic: dense=66.2%, deployment=66.2%, MSE=1.063e-04, K=24.00, targetK=12.60, count_MAE=11.40, bias=+11.40, knot_F1@0.01=0.369, param_RMSE=4.029e-02
  uji_pen_characters_v2: dense=95.0%, deployment=95.0%, MSE=1.541e-05, K=24.00
  natural_earth_10m_coastline: dense=25.0%, deployment=25.0%, MSE=1.709e-04, K=24.00
  usgs_tnm_contours_large_scale: dense=70.0%, deployment=70.0%, MSE=7.579e-05, K=24.00
  industrial_model_offset_curves: dense=85.0%, deployment=85.0%, MSE=3.301e-05, K=24.00
Epoch 013/128 proposal [=.......................] 1/19 MSE=7.666e-05 pass=65.6% K=24.0 denseK=24.0 countMAE=0.00 lr=group_0:2.0e-04
Epoch 013/128 proposal [============............] 10/19 MSE=5.354e-05 pass=71.9% K=24.0 denseK=24.0 countMAE=0.00 lr=group_0:2.0e-04
Epoch 013/128 proposal [========================] 19/19 MSE=4.060e-05 pass=79.2% K=24.0 denseK=24.0 countMAE=0.00 lr=group_0:2.0e-04
  validation [===.....................] 1/8 
  validation [========================] 8/8 
Epoch 013 phase=proposal lr=group_0:2.0e-04 val dense=67.1% deployment=67.1% worst-source=30.0% qualification=0.0% MSE=9.877e-05 K=24.00 mass=11.75 beta=0.04 soft_cost=1.7589 selection_score=-1.7589 complexity=0.00->0.00 safety=0+0.03sigma scale=1.00->1.00 pass_reference_only=0.0%
  Proposal train geometry: coverage_MAE=9.4430e-03, ordered_assignment_MAE=9.4661e-03, matched_K=11.63, R@.005/.01/.02=0.279/0.555/0.959, parameter_bias=1.733e-02
  Synthetic K=20: n=21, dense=0.0%, deployment=0.0%
  Synthetic: dense=65.6%, deployment=65.6%, MSE=1.100e-04, K=24.00, targetK=12.60, count_MAE=11.40, bias=+11.40, knot_F1@0.01=0.377, param_RMSE=3.938e-02
  uji_pen_characters_v2: dense=95.0%, deployment=95.0%, MSE=1.586e-05, K=24.00
  natural_earth_10m_coastline: dense=30.0%, deployment=30.0%, MSE=1.752e-04, K=24.00
  usgs_tnm_contours_large_scale: dense=70.0%, deployment=70.0%, MSE=7.916e-05, K=24.00
  industrial_model_offset_curves: dense=85.0%, deployment=85.0%, MSE=3.506e-05, K=24.00
Epoch 014/128 proposal [=.......................] 1/19 MSE=2.931e-05 pass=81.2% K=24.0 denseK=24.0 countMAE=0.00 lr=group_0:2.0e-04
Epoch 014/128 proposal [============............] 10/19 MSE=4.649e-05 pass=75.0% K=24.0 denseK=24.0 countMAE=0.00 lr=group_0:2.0e-04
Epoch 014/128 proposal [========================] 19/19 MSE=5.297e-05 pass=79.2% K=24.0 denseK=24.0 countMAE=0.00 lr=group_0:2.0e-04
  validation [===.....................] 1/8 
  validation [========================] 8/8 
Epoch 014 phase=proposal lr=group_0:2.0e-04 val dense=67.9% deployment=67.9% worst-source=25.0% qualification=0.0% MSE=8.554e-05 K=24.00 mass=11.73 beta=0.05 soft_cost=1.7092 selection_score=-1.7092 complexity=0.00->0.00 safety=0+0.03sigma scale=1.00->1.00 pass_reference_only=0.0%
  Proposal train geometry: coverage_MAE=9.3402e-03, ordered_assignment_MAE=9.3613e-03, matched_K=11.64, R@.005/.01/.02=0.287/0.559/0.961, parameter_bias=1.732e-02
  Synthetic K=20: n=21, dense=0.0%, deployment=0.0%
  Synthetic: dense=67.5%, deployment=67.5%, MSE=9.195e-05, K=24.00, targetK=12.60, count_MAE=11.40, bias=+11.40, knot_F1@0.01=0.377, param_RMSE=4.045e-02
  uji_pen_characters_v2: dense=95.0%, deployment=95.0%, MSE=1.523e-05, K=24.00
  natural_earth_10m_coastline: dense=25.0%, deployment=25.0%, MSE=1.695e-04, K=24.00
  usgs_tnm_contours_large_scale: dense=70.0%, deployment=70.0%, MSE=7.256e-05, K=24.00
  industrial_model_offset_curves: dense=85.0%, deployment=85.0%, MSE=3.364e-05, K=24.00
Epoch 015/128 proposal [=.......................] 1/19 MSE=4.787e-05 pass=78.1% K=24.0 denseK=24.0 countMAE=0.00 lr=group_0:2.0e-04
Epoch 015/128 proposal [============............] 10/19 MSE=4.119e-05 pass=75.0% K=24.0 denseK=24.0 countMAE=0.00 lr=group_0:2.0e-04
Epoch 015/128 proposal [========================] 19/19 MSE=2.390e-05 pass=83.3% K=24.0 denseK=24.0 countMAE=0.00 lr=group_0:2.0e-04
  validation [===.....................] 1/8 
  validation [========================] 8/8 
Epoch 015 phase=proposal lr=group_0:2.0e-04 val dense=66.2% deployment=66.2% worst-source=25.0% qualification=0.0% MSE=8.890e-05 K=24.00 mass=11.72 beta=0.05 soft_cost=1.7334 selection_score=-1.7334 complexity=0.00->0.00 safety=0+0.03sigma scale=1.00->1.00 pass_reference_only=0.0%
  Proposal train geometry: coverage_MAE=9.2679e-03, ordered_assignment_MAE=9.2918e-03, matched_K=11.64, R@.005/.01/.02=0.286/0.564/0.962, parameter_bias=1.735e-02
  Synthetic K=20: n=21, dense=0.0%, deployment=0.0%
  Synthetic: dense=65.6%, deployment=65.6%, MSE=9.427e-05, K=24.00, targetK=12.60, count_MAE=11.40, bias=+11.40, knot_F1@0.01=0.397, param_RMSE=3.980e-02
  uji_pen_characters_v2: dense=95.0%, deployment=95.0%, MSE=1.609e-05, K=24.00
  natural_earth_10m_coastline: dense=25.0%, deployment=25.0%, MSE=1.814e-04, K=24.00
  usgs_tnm_contours_large_scale: dense=65.0%, deployment=65.0%, MSE=7.897e-05, K=24.00
  industrial_model_offset_curves: dense=85.0%, deployment=85.0%, MSE=3.624e-05, K=24.00
Epoch 016/128 proposal [=.......................] 1/19 MSE=5.502e-05 pass=59.4% K=24.0 denseK=24.0 countMAE=0.00 lr=group_0:2.0e-04
Epoch 016/128 proposal [============............] 10/19 MSE=4.789e-05 pass=65.6% K=24.0 denseK=24.0 countMAE=0.00 lr=group_0:2.0e-04
Epoch 016/128 proposal [========================] 19/19 MSE=4.212e-05 pass=70.8% K=24.0 denseK=24.0 countMAE=0.00 lr=group_0:2.0e-04
  validation [===.....................] 1/8 
  validation [========================] 8/8 
Epoch 016 phase=proposal lr=group_0:2.0e-04 val dense=65.8% deployment=65.8% worst-source=25.0% qualification=0.0% MSE=7.739e-05 K=24.00 mass=11.69 beta=0.05 soft_cost=1.6934 selection_score=-1.6934 complexity=0.00->0.00 safety=0+0.03sigma scale=1.00->1.00 pass_reference_only=0.0%
  Proposal train geometry: coverage_MAE=9.0843e-03, ordered_assignment_MAE=9.1004e-03, matched_K=11.63, R@.005/.01/.02=0.299/0.580/0.963, parameter_bias=1.723e-02
  Synthetic K=20: n=21, dense=0.0%, deployment=0.0%
  Synthetic: dense=64.4%, deployment=64.4%, MSE=7.875e-05, K=24.00, targetK=12.60, count_MAE=11.40, bias=+11.40, knot_F1@0.01=0.418, param_RMSE=4.040e-02
  uji_pen_characters_v2: dense=95.0%, deployment=95.0%, MSE=1.515e-05, K=24.00
  natural_earth_10m_coastline: dense=25.0%, deployment=25.0%, MSE=1.722e-04, K=24.00
  usgs_tnm_contours_large_scale: dense=70.0%, deployment=70.0%, MSE=7.600e-05, K=24.00
  industrial_model_offset_curves: dense=85.0%, deployment=85.0%, MSE=3.530e-05, K=24.00
Epoch 017/128 proposal [=.......................] 1/19 MSE=3.708e-05 pass=81.2% K=24.0 denseK=24.0 countMAE=0.00 lr=group_0:2.0e-04
Epoch 017/128 proposal [============............] 10/19 MSE=3.219e-05 pass=84.4% K=24.0 denseK=24.0 countMAE=0.00 lr=group_0:2.0e-04
Epoch 017/128 proposal [========================] 19/19 MSE=4.171e-05 pass=70.8% K=24.0 denseK=24.0 countMAE=0.00 lr=group_0:2.0e-04
  validation [===.....................] 1/8 
  validation [========================] 8/8 
Epoch 017 phase=proposal lr=group_0:2.0e-04 val dense=66.7% deployment=66.7% worst-source=25.0% qualification=0.0% MSE=8.070e-05 K=24.00 mass=11.74 beta=0.04 soft_cost=1.6914 selection_score=-1.6914 complexity=0.00->0.00 safety=0+0.03sigma scale=1.00->1.00 pass_reference_only=0.0%
  Proposal train geometry: coverage_MAE=9.0614e-03, ordered_assignment_MAE=9.0795e-03, matched_K=11.64, R@.005/.01/.02=0.295/0.583/0.966, parameter_bias=1.729e-02
  Synthetic K=20: n=21, dense=0.0%, deployment=0.0%
  Synthetic: dense=65.6%, deployment=65.6%, MSE=8.258e-05, K=24.00, targetK=12.60, count_MAE=11.40, bias=+11.40, knot_F1@0.01=0.401, param_RMSE=3.994e-02
  uji_pen_characters_v2: dense=95.0%, deployment=95.0%, MSE=1.571e-05, K=24.00
  natural_earth_10m_coastline: dense=25.0%, deployment=25.0%, MSE=1.773e-04, K=24.00
  usgs_tnm_contours_large_scale: dense=70.0%, deployment=70.0%, MSE=7.842e-05, K=24.00
  industrial_model_offset_curves: dense=85.0%, deployment=85.0%, MSE=3.640e-05, K=24.00
Epoch 018/128 proposal [=.......................] 1/19 MSE=5.367e-05 pass=68.8% K=24.0 denseK=24.0 countMAE=0.00 lr=group_0:2.0e-04
Epoch 018/128 proposal [============............] 10/19 MSE=3.431e-05 pass=81.2% K=24.0 denseK=24.0 countMAE=0.00 lr=group_0:2.0e-04
Epoch 018/128 proposal [========================] 19/19 MSE=4.536e-05 pass=79.2% K=24.0 denseK=24.0 countMAE=0.00 lr=group_0:2.0e-04
  validation [===.....................] 1/8 
  validation [========================] 8/8 
Epoch 018 phase=proposal lr=group_0:2.0e-04 val dense=67.1% deployment=67.1% worst-source=20.0% qualification=0.0% MSE=7.493e-05 K=24.00 mass=11.73 beta=0.05 soft_cost=1.6672 selection_score=-1.6672 complexity=0.00->0.00 safety=0+0.03sigma scale=1.00->1.00 pass_reference_only=0.0%
  Proposal train geometry: coverage_MAE=8.9964e-03, ordered_assignment_MAE=9.0132e-03, matched_K=11.64, R@.005/.01/.02=0.310/0.590/0.959, parameter_bias=1.713e-02
  Synthetic K=20: n=21, dense=0.0%, deployment=0.0%
  Synthetic: dense=66.9%, deployment=66.9%, MSE=7.345e-05, K=24.00, targetK=12.60, count_MAE=11.40, bias=+11.40, knot_F1@0.01=0.421, param_RMSE=3.984e-02
  uji_pen_characters_v2: dense=95.0%, deployment=95.0%, MSE=1.644e-05, K=24.00
  natural_earth_10m_coastline: dense=20.0%, deployment=20.0%, MSE=1.800e-04, K=24.00
  usgs_tnm_contours_large_scale: dense=70.0%, deployment=70.0%, MSE=7.812e-05, K=24.00
  industrial_model_offset_curves: dense=85.0%, deployment=85.0%, MSE=3.702e-05, K=24.00
Epoch 019/128 proposal [=.......................] 1/19 MSE=3.909e-05 pass=78.1% K=24.0 denseK=24.0 countMAE=0.00 lr=group_0:2.0e-04
Epoch 019/128 proposal [============............] 10/19 MSE=2.977e-05 pass=78.1% K=24.0 denseK=24.0 countMAE=0.00 lr=group_0:2.0e-04
Epoch 019/128 proposal [========================] 19/19 MSE=3.681e-05 pass=75.0% K=24.0 denseK=24.0 countMAE=0.00 lr=group_0:2.0e-04
  validation [===.....................] 1/8 
  validation [========================] 8/8 
Epoch 019 phase=proposal lr=group_0:2.0e-04 val dense=67.9% deployment=67.9% worst-source=20.0% qualification=4.8% MSE=7.565e-05 K=24.00 mass=11.74 beta=0.04 soft_cost=1.6451 selection_score=-1.6451 complexity=0.00->0.00 safety=0+0.03sigma scale=1.00->1.00 pass_reference_only=4.8%
  Proposal train geometry: coverage_MAE=8.9008e-03, ordered_assignment_MAE=8.9142e-03, matched_K=11.63, R@.005/.01/.02=0.311/0.594/0.964, parameter_bias=1.708e-02
  Synthetic K=20: n=21, dense=4.8%, deployment=4.8%
  Synthetic: dense=68.1%, deployment=68.1%, MSE=7.489e-05, K=24.00, targetK=12.60, count_MAE=11.40, bias=+11.40, knot_F1@0.01=0.427, param_RMSE=3.962e-02
  uji_pen_characters_v2: dense=95.0%, deployment=95.0%, MSE=1.618e-05, K=24.00
  natural_earth_10m_coastline: dense=20.0%, deployment=20.0%, MSE=1.770e-04, K=24.00
  usgs_tnm_contours_large_scale: dense=70.0%, deployment=70.0%, MSE=7.755e-05, K=24.00
  industrial_model_offset_curves: dense=85.0%, deployment=85.0%, MSE=3.799e-05, K=24.00
Epoch 020/128 proposal [=.......................] 1/19 MSE=3.162e-05 pass=75.0% K=24.0 denseK=24.0 countMAE=0.00 lr=group_0:2.0e-04
Epoch 020/128 proposal [============............] 10/19 MSE=4.207e-05 pass=75.0% K=24.0 denseK=24.0 countMAE=0.00 lr=group_0:2.0e-04
Epoch 020/128 proposal [========================] 19/19 MSE=3.199e-05 pass=83.3% K=24.0 denseK=24.0 countMAE=0.00 lr=group_0:2.0e-04
  validation [===.....................] 1/8 
  validation [========================] 8/8 
Epoch 020 phase=proposal lr=group_0:2.0e-04 val dense=67.9% deployment=67.9% worst-source=20.0% qualification=0.0% MSE=7.165e-05 K=24.00 mass=11.75 beta=0.04 soft_cost=1.6342 selection_score=-1.6342 complexity=0.00->0.00 safety=0+0.03sigma scale=1.00->1.00 pass_reference_only=0.0%
  Proposal train geometry: coverage_MAE=8.8297e-03, ordered_assignment_MAE=8.8433e-03, matched_K=11.63, R@.005/.01/.02=0.317/0.595/0.966, parameter_bias=1.706e-02
  Synthetic K=20: n=21, dense=0.0%, deployment=0.0%
  Synthetic: dense=68.8%, deployment=68.8%, MSE=6.750e-05, K=24.00, targetK=12.60, count_MAE=11.40, bias=+11.40, knot_F1@0.01=0.425, param_RMSE=3.930e-02
  uji_pen_characters_v2: dense=95.0%, deployment=95.0%, MSE=1.781e-05, K=24.00
  natural_earth_10m_coastline: dense=20.0%, deployment=20.0%, MSE=1.833e-04, K=24.00
  usgs_tnm_contours_large_scale: dense=65.0%, deployment=65.0%, MSE=7.899e-05, K=24.00
  industrial_model_offset_curves: dense=85.0%, deployment=85.0%, MSE=3.966e-05, K=24.00
Epoch 021/128 proposal [=.......................] 1/19 MSE=3.702e-05 pass=81.2% K=24.0 denseK=24.0 countMAE=0.00 lr=group_0:2.0e-04
Epoch 021/128 proposal [============............] 10/19 MSE=2.179e-05 pass=84.4% K=24.0 denseK=24.0 countMAE=0.00 lr=group_0:2.0e-04
Epoch 021/128 proposal [========================] 19/19 MSE=5.820e-05 pass=75.0% K=24.0 denseK=24.0 countMAE=0.00 lr=group_0:2.0e-04
  validation [===.....................] 1/8 
  validation [========================] 8/8 
Epoch 021 phase=proposal lr=group_0:2.0e-04 val dense=69.2% deployment=69.2% worst-source=20.0% qualification=0.0% MSE=7.226e-05 K=24.00 mass=11.75 beta=0.04 soft_cost=1.6249 selection_score=-1.6249 complexity=0.00->0.00 safety=0+0.03sigma scale=1.00->1.00 pass_reference_only=0.0%
  Proposal train geometry: coverage_MAE=8.8991e-03, ordered_assignment_MAE=8.9115e-03, matched_K=11.64, R@.005/.01/.02=0.310/0.600/0.964, parameter_bias=1.702e-02
  Synthetic K=20: n=21, dense=0.0%, deployment=0.0%
  Synthetic: dense=70.0%, deployment=70.0%, MSE=7.082e-05, K=24.00, targetK=12.60, count_MAE=11.40, bias=+11.40, knot_F1@0.01=0.417, param_RMSE=4.015e-02
  uji_pen_characters_v2: dense=95.0%, deployment=95.0%, MSE=1.551e-05, K=24.00
  natural_earth_10m_coastline: dense=20.0%, deployment=20.0%, MSE=1.751e-04, K=24.00
  usgs_tnm_contours_large_scale: dense=70.0%, deployment=70.0%, MSE=7.383e-05, K=24.00
  industrial_model_offset_curves: dense=85.0%, deployment=85.0%, MSE=3.614e-05, K=24.00
Epoch 022/128 proposal [=.......................] 1/19 MSE=2.789e-05 pass=78.1% K=24.0 denseK=24.0 countMAE=0.00 lr=group_0:2.0e-04
Epoch 022/128 proposal [============............] 10/19 MSE=2.149e-05 pass=96.9% K=24.0 denseK=24.0 countMAE=0.00 lr=group_0:2.0e-04
Epoch 022/128 proposal [========================] 19/19 MSE=3.128e-05 pass=91.7% K=24.0 denseK=24.0 countMAE=0.00 lr=group_0:2.0e-04
  validation [===.....................] 1/8 
  validation [========================] 8/8 
Epoch 022 phase=proposal lr=group_0:2.0e-04 val dense=68.8% deployment=68.8% worst-source=20.0% qualification=0.0% MSE=6.763e-05 K=24.00 mass=11.76 beta=0.04 soft_cost=1.6060 selection_score=-1.6060 complexity=0.00->0.00 safety=0+0.03sigma scale=1.00->1.00 pass_reference_only=0.0%
  Proposal train geometry: coverage_MAE=8.7996e-03, ordered_assignment_MAE=8.8141e-03, matched_K=11.64, R@.005/.01/.02=0.319/0.601/0.964, parameter_bias=1.715e-02
  Synthetic K=20: n=21, dense=0.0%, deployment=0.0%
  Synthetic: dense=69.4%, deployment=69.4%, MSE=6.240e-05, K=24.00, targetK=12.60, count_MAE=11.40, bias=+11.40, knot_F1@0.01=0.435, param_RMSE=3.941e-02
  uji_pen_characters_v2: dense=95.0%, deployment=95.0%, MSE=1.706e-05, K=24.00
  natural_earth_10m_coastline: dense=20.0%, deployment=20.0%, MSE=1.791e-04, K=24.00
  usgs_tnm_contours_large_scale: dense=70.0%, deployment=70.0%, MSE=7.834e-05, K=24.00
  industrial_model_offset_curves: dense=85.0%, deployment=85.0%, MSE=3.775e-05, K=24.00
Epoch 023/128 proposal [=.......................] 1/19 MSE=3.266e-05 pass=78.1% K=24.0 denseK=24.0 countMAE=0.00 lr=group_0:2.0e-04
Epoch 023/128 proposal [============............] 10/19 MSE=3.122e-05 pass=84.4% K=24.0 denseK=24.0 countMAE=0.00 lr=group_0:2.0e-04
Epoch 023/128 proposal [========================] 19/19 MSE=2.276e-05 pass=83.3% K=24.0 denseK=24.0 countMAE=0.00 lr=group_0:2.0e-04
  validation [===.....................] 1/8 
  validation [========================] 8/8 
Epoch 023 phase=proposal lr=group_0:2.0e-04 val dense=69.2% deployment=69.2% worst-source=20.0% qualification=0.0% MSE=6.468e-05 K=24.00 mass=11.75 beta=0.04 soft_cost=1.5852 selection_score=-1.5852 complexity=0.00->0.00 safety=0+0.03sigma scale=1.00->1.00 pass_reference_only=0.0%
  Proposal train geometry: coverage_MAE=8.7272e-03, ordered_assignment_MAE=8.7402e-03, matched_K=11.63, R@.005/.01/.02=0.318/0.608/0.966, parameter_bias=1.703e-02
  Synthetic K=20: n=21, dense=0.0%, deployment=0.0%
  Synthetic: dense=70.0%, deployment=70.0%, MSE=5.822e-05, K=24.00, targetK=12.60, count_MAE=11.40, bias=+11.40, knot_F1@0.01=0.441, param_RMSE=3.972e-02
  uji_pen_characters_v2: dense=95.0%, deployment=95.0%, MSE=1.677e-05, K=24.00
  natural_earth_10m_coastline: dense=20.0%, deployment=20.0%, MSE=1.789e-04, K=24.00
  usgs_tnm_contours_large_scale: dense=70.0%, deployment=70.0%, MSE=7.787e-05, K=24.00
  industrial_model_offset_curves: dense=85.0%, deployment=85.0%, MSE=3.685e-05, K=24.00
Epoch 024/128 proposal [=.......................] 1/19 MSE=1.677e-05 pass=96.9% K=24.0 denseK=24.0 countMAE=0.00 lr=group_0:2.0e-04
Epoch 024/128 proposal [============............] 10/19 MSE=2.806e-05 pass=84.4% K=24.0 denseK=24.0 countMAE=0.00 lr=group_0:2.0e-04
Epoch 024/128 proposal [========================] 19/19 MSE=2.105e-05 pass=95.8% K=24.0 denseK=24.0 countMAE=0.00 lr=group_0:2.0e-04
  validation [===.....................] 1/8 
  validation [========================] 8/8 
Epoch 024 phase=proposal lr=group_0:2.0e-04 val dense=68.8% deployment=68.8% worst-source=20.0% qualification=0.0% MSE=6.399e-05 K=24.00 mass=11.76 beta=0.04 soft_cost=1.5903 selection_score=-1.5903 complexity=0.00->0.00 safety=0+0.03sigma scale=1.00->1.00 pass_reference_only=0.0%
  Proposal train geometry: coverage_MAE=8.6466e-03, ordered_assignment_MAE=8.6601e-03, matched_K=11.63, R@.005/.01/.02=0.328/0.610/0.967, parameter_bias=1.698e-02
  Synthetic K=20: n=21, dense=0.0%, deployment=0.0%
  Synthetic: dense=70.0%, deployment=70.0%, MSE=5.680e-05, K=24.00, targetK=12.60, count_MAE=11.40, bias=+11.40, knot_F1@0.01=0.444, param_RMSE=3.951e-02
  uji_pen_characters_v2: dense=95.0%, deployment=95.0%, MSE=1.727e-05, K=24.00
  natural_earth_10m_coastline: dense=20.0%, deployment=20.0%, MSE=1.801e-04, K=24.00
  usgs_tnm_contours_large_scale: dense=65.0%, deployment=65.0%, MSE=7.795e-05, K=24.00
  industrial_model_offset_curves: dense=85.0%, deployment=85.0%, MSE=3.809e-05, K=24.00
Epoch 025/128 proposal [=.......................] 1/19 MSE=2.093e-05 pass=93.8% K=24.0 denseK=24.0 countMAE=0.00 lr=group_0:2.0e-04
Epoch 025/128 proposal [============............] 10/19 MSE=1.934e-05 pass=93.8% K=24.0 denseK=24.0 countMAE=0.00 lr=group_0:2.0e-04
Epoch 025/128 proposal [========================] 19/19 MSE=1.816e-05 pass=91.7% K=24.0 denseK=24.0 countMAE=0.00 lr=group_0:2.0e-04
  validation [===.....................] 1/8 
  validation [========================] 8/8 
Epoch 025 phase=proposal lr=group_0:2.0e-04 val dense=68.8% deployment=68.8% worst-source=20.0% qualification=0.0% MSE=6.251e-05 K=24.00 mass=11.75 beta=0.04 soft_cost=1.5798 selection_score=-1.5798 complexity=0.00->0.00 safety=0+0.03sigma scale=1.00->1.00 pass_reference_only=0.0%
  Proposal train geometry: coverage_MAE=8.6263e-03, ordered_assignment_MAE=8.6377e-03, matched_K=11.63, R@.005/.01/.02=0.335/0.612/0.967, parameter_bias=1.698e-02
  Synthetic K=20: n=21, dense=0.0%, deployment=0.0%
  Synthetic: dense=70.0%, deployment=70.0%, MSE=5.430e-05, K=24.00, targetK=12.60, count_MAE=11.40, bias=+11.40, knot_F1@0.01=0.445, param_RMSE=3.944e-02
  uji_pen_characters_v2: dense=95.0%, deployment=95.0%, MSE=1.774e-05, K=24.00
  natural_earth_10m_coastline: dense=20.0%, deployment=20.0%, MSE=1.801e-04, K=24.00
  usgs_tnm_contours_large_scale: dense=65.0%, deployment=65.0%, MSE=7.873e-05, K=24.00
  industrial_model_offset_curves: dense=85.0%, deployment=85.0%, MSE=3.919e-05, K=24.00
Epoch 026/128 proposal [=.......................] 1/19 MSE=2.329e-05 pass=90.6% K=24.0 denseK=24.0 countMAE=0.00 lr=group_0:2.0e-04
Epoch 026/128 proposal [============............] 10/19 MSE=3.981e-05 pass=81.2% K=24.0 denseK=24.0 countMAE=0.00 lr=group_0:2.0e-04
Epoch 026/128 proposal [========================] 19/19 MSE=1.992e-05 pass=83.3% K=24.0 denseK=24.0 countMAE=0.00 lr=group_0:2.0e-04
  validation [===.....................] 1/8 
  validation [========================] 8/8 
Epoch 026 phase=proposal lr=group_0:2.0e-04 val dense=70.0% deployment=70.0% worst-source=20.0% qualification=4.8% MSE=6.133e-05 K=24.00 mass=11.76 beta=0.04 soft_cost=1.5570 selection_score=-1.5570 complexity=0.00->0.00 safety=0+0.03sigma scale=1.00->1.00 pass_reference_only=4.8%
  Proposal train geometry: coverage_MAE=8.6016e-03, ordered_assignment_MAE=8.6128e-03, matched_K=11.63, R@.005/.01/.02=0.329/0.614/0.968, parameter_bias=1.714e-02
  Synthetic K=20: n=21, dense=4.8%, deployment=4.8%
  Synthetic: dense=71.2%, deployment=71.2%, MSE=5.380e-05, K=24.00, targetK=12.60, count_MAE=11.40, bias=+11.40, knot_F1@0.01=0.447, param_RMSE=3.984e-02
  uji_pen_characters_v2: dense=95.0%, deployment=95.0%, MSE=1.644e-05, K=24.00
  natural_earth_10m_coastline: dense=20.0%, deployment=20.0%, MSE=1.762e-04, K=24.00
  usgs_tnm_contours_large_scale: dense=70.0%, deployment=70.0%, MSE=7.549e-05, K=24.00
  industrial_model_offset_curves: dense=85.0%, deployment=85.0%, MSE=3.738e-05, K=24.00
Epoch 027/128 proposal [=.......................] 1/19 MSE=2.457e-05 pass=87.5% K=24.0 denseK=24.0 countMAE=0.00 lr=group_0:2.0e-04
Epoch 027/128 proposal [============............] 10/19 MSE=1.456e-05 pass=100.0% K=24.0 denseK=24.0 countMAE=0.00 lr=group_0:2.0e-04
Epoch 027/128 proposal [========================] 19/19 MSE=2.439e-05 pass=87.5% K=24.0 denseK=24.0 countMAE=0.00 lr=group_0:2.0e-04
  validation [===.....................] 1/8 
  validation [========================] 8/8 
Epoch 027 phase=proposal lr=group_0:2.0e-04 val dense=69.6% deployment=69.6% worst-source=20.0% qualification=0.0% MSE=6.152e-05 K=24.00 mass=11.77 beta=0.04 soft_cost=1.5660 selection_score=-1.5660 complexity=0.00->0.00 safety=0+0.03sigma scale=1.00->1.00 pass_reference_only=0.0%
  Proposal train geometry: coverage_MAE=8.5969e-03, ordered_assignment_MAE=8.6074e-03, matched_K=11.64, R@.005/.01/.02=0.328/0.610/0.966, parameter_bias=1.703e-02
  Synthetic K=20: n=21, dense=0.0%, deployment=0.0%
  Synthetic: dense=70.6%, deployment=70.6%, MSE=5.503e-05, K=24.00, targetK=12.60, count_MAE=11.40, bias=+11.40, knot_F1@0.01=0.444, param_RMSE=3.993e-02
  uji_pen_characters_v2: dense=95.0%, deployment=95.0%, MSE=1.590e-05, K=24.00
  natural_earth_10m_coastline: dense=20.0%, deployment=20.0%, MSE=1.733e-04, K=24.00
  usgs_tnm_contours_large_scale: dense=70.0%, deployment=70.0%, MSE=7.398e-05, K=24.00
  industrial_model_offset_curves: dense=85.0%, deployment=85.0%, MSE=3.489e-05, K=24.00
Epoch 028/128 proposal [=.......................] 1/19 MSE=2.015e-05 pass=93.8% K=24.0 denseK=24.0 countMAE=0.00 lr=group_0:2.0e-04
Epoch 028/128 proposal [============............] 10/19 MSE=2.510e-05 pass=84.4% K=24.0 denseK=24.0 countMAE=0.00 lr=group_0:2.0e-04
Epoch 028/128 proposal [========================] 19/19 MSE=2.199e-05 pass=95.8% K=24.0 denseK=24.0 countMAE=0.00 lr=group_0:2.0e-04
  validation [===.....................] 1/8 
  validation [========================] 8/8 
Epoch 028 phase=proposal lr=group_0:2.0e-04 val dense=70.8% deployment=70.8% worst-source=20.0% qualification=0.0% MSE=5.898e-05 K=24.00 mass=11.75 beta=0.04 soft_cost=1.5307 selection_score=-1.5307 complexity=0.00->0.00 safety=0+0.03sigma scale=1.00->1.00 pass_reference_only=0.0%
  Proposal train geometry: coverage_MAE=8.5917e-03, ordered_assignment_MAE=8.6048e-03, matched_K=11.63, R@.005/.01/.02=0.328/0.615/0.967, parameter_bias=1.698e-02
  Synthetic K=20: n=21, dense=0.0%, deployment=0.0%
  Synthetic: dense=72.5%, deployment=72.5%, MSE=4.969e-05, K=24.00, targetK=12.60, count_MAE=11.40, bias=+11.40, knot_F1@0.01=0.449, param_RMSE=3.934e-02
  uji_pen_characters_v2: dense=95.0%, deployment=95.0%, MSE=1.688e-05, K=24.00
  natural_earth_10m_coastline: dense=20.0%, deployment=20.0%, MSE=1.797e-04, K=24.00
  usgs_tnm_contours_large_scale: dense=70.0%, deployment=70.0%, MSE=7.744e-05, K=24.00
  industrial_model_offset_curves: dense=85.0%, deployment=85.0%, MSE=3.626e-05, K=24.00
Epoch 029/128 proposal [=.......................] 1/19 MSE=1.531e-05 pass=96.9% K=24.0 denseK=24.0 countMAE=0.00 lr=group_0:2.0e-04
Epoch 029/128 proposal [============............] 10/19 MSE=2.026e-05 pass=93.8% K=24.0 denseK=24.0 countMAE=0.00 lr=group_0:2.0e-04
Epoch 029/128 proposal [========================] 19/19 MSE=2.683e-05 pass=87.5% K=24.0 denseK=24.0 countMAE=0.00 lr=group_0:2.0e-04
  validation [===.....................] 1/8 
  validation [========================] 8/8 
Epoch 029 phase=proposal lr=group_0:2.0e-04 val dense=69.2% deployment=69.2% worst-source=25.0% qualification=0.0% MSE=5.710e-05 K=24.00 mass=11.73 beta=0.04 soft_cost=1.5525 selection_score=-1.5525 complexity=0.00->0.00 safety=0+0.03sigma scale=1.00->1.00 pass_reference_only=0.0%
  Proposal train geometry: coverage_MAE=8.5578e-03, ordered_assignment_MAE=8.5700e-03, matched_K=11.63, R@.005/.01/.02=0.334/0.618/0.967, parameter_bias=1.709e-02
  Synthetic K=20: n=21, dense=0.0%, deployment=0.0%
  Synthetic: dense=69.4%, deployment=69.4%, MSE=4.914e-05, K=24.00, targetK=12.60, count_MAE=11.40, bias=+11.40, knot_F1@0.01=0.441, param_RMSE=4.005e-02
  uji_pen_characters_v2: dense=95.0%, deployment=95.0%, MSE=1.533e-05, K=24.00
  natural_earth_10m_coastline: dense=25.0%, deployment=25.0%, MSE=1.706e-04, K=24.00
  usgs_tnm_contours_large_scale: dense=70.0%, deployment=70.0%, MSE=7.291e-05, K=24.00
  industrial_model_offset_curves: dense=85.0%, deployment=85.0%, MSE=3.325e-05, K=24.00
Epoch 030/128 proposal [=.......................] 1/19 MSE=1.466e-05 pass=100.0% K=24.0 denseK=24.0 countMAE=0.00 lr=group_0:2.0e-04
Epoch 030/128 proposal [============............] 10/19 MSE=2.221e-05 pass=96.9% K=24.0 denseK=24.0 countMAE=0.00 lr=group_0:2.0e-04
Epoch 030/128 proposal [========================] 19/19 MSE=2.207e-05 pass=87.5% K=24.0 denseK=24.0 countMAE=0.00 lr=group_0:2.0e-04
  validation [===.....................] 1/8 
  validation [========================] 8/8 
Epoch 030 phase=proposal lr=group_0:2.0e-04 val dense=69.6% deployment=69.6% worst-source=20.0% qualification=0.0% MSE=6.020e-05 K=24.00 mass=11.75 beta=0.04 soft_cost=1.5570 selection_score=-1.5570 complexity=0.00->0.00 safety=0+0.03sigma scale=1.00->1.00 pass_reference_only=0.0%
  Proposal train geometry: coverage_MAE=8.4658e-03, ordered_assignment_MAE=8.4765e-03, matched_K=11.64, R@.005/.01/.02=0.337/0.628/0.968, parameter_bias=1.698e-02
  Synthetic K=20: n=21, dense=0.0%, deployment=0.0%
  Synthetic: dense=70.6%, deployment=70.6%, MSE=5.136e-05, K=24.00, targetK=12.60, count_MAE=11.40, bias=+11.40, knot_F1@0.01=0.448, param_RMSE=3.921e-02
  uji_pen_characters_v2: dense=95.0%, deployment=95.0%, MSE=1.737e-05, K=24.00
  natural_earth_10m_coastline: dense=20.0%, deployment=20.0%, MSE=1.787e-04, K=24.00
  usgs_tnm_contours_large_scale: dense=70.0%, deployment=70.0%, MSE=7.835e-05, K=24.00
  industrial_model_offset_curves: dense=85.0%, deployment=85.0%, MSE=3.718e-05, K=24.00
Epoch 031/128 proposal [=.......................] 1/19 MSE=2.261e-05 pass=93.8% K=24.0 denseK=24.0 countMAE=0.00 lr=group_0:2.0e-04
Epoch 031/128 proposal [============............] 10/19 MSE=3.097e-05 pass=87.5% K=24.0 denseK=24.0 countMAE=0.00 lr=group_0:2.0e-04
Epoch 031/128 proposal [========================] 19/19 MSE=2.220e-05 pass=91.7% K=24.0 denseK=24.0 countMAE=0.00 lr=group_0:2.0e-04
  validation [===.....................] 1/8 
  validation [========================] 8/8 
Epoch 031 phase=proposal lr=group_0:2.0e-04 val dense=71.2% deployment=71.2% worst-source=20.0% qualification=4.8% MSE=5.446e-05 K=24.00 mass=11.76 beta=0.04 soft_cost=1.4991 selection_score=-1.4991 complexity=0.00->0.00 safety=0+0.03sigma scale=1.00->1.00 pass_reference_only=4.8%
  Proposal train geometry: coverage_MAE=8.4977e-03, ordered_assignment_MAE=8.5096e-03, matched_K=11.63, R@.005/.01/.02=0.339/0.622/0.967, parameter_bias=1.692e-02
  Synthetic K=20: n=21, dense=4.8%, deployment=4.8%
  Synthetic: dense=73.1%, deployment=73.1%, MSE=4.520e-05, K=24.00, targetK=12.60, count_MAE=11.40, bias=+11.40, knot_F1@0.01=0.450, param_RMSE=3.978e-02
  uji_pen_characters_v2: dense=95.0%, deployment=95.0%, MSE=1.485e-05, K=24.00
  natural_earth_10m_coastline: dense=20.0%, deployment=20.0%, MSE=1.698e-04, K=24.00
  usgs_tnm_contours_large_scale: dense=70.0%, deployment=70.0%, MSE=7.314e-05, K=24.00
  industrial_model_offset_curves: dense=85.0%, deployment=85.0%, MSE=3.411e-05, K=24.00
Epoch 032/128 proposal [=.......................] 1/19 MSE=2.611e-05 pass=84.4% K=24.0 denseK=24.0 countMAE=0.00 lr=group_0:2.0e-04
Epoch 032/128 proposal [============............] 10/19 MSE=1.934e-05 pass=90.6% K=24.0 denseK=24.0 countMAE=0.00 lr=group_0:2.0e-04
Epoch 032/128 proposal [========================] 19/19 MSE=2.991e-05 pass=75.0% K=24.0 denseK=24.0 countMAE=0.00 lr=group_0:2.0e-04
  validation [===.....................] 1/8 
  validation [========================] 8/8 
Epoch 032 phase=proposal lr=group_0:2.0e-04 val dense=67.9% deployment=67.9% worst-source=20.0% qualification=0.0% MSE=5.700e-05 K=24.00 mass=11.73 beta=0.05 soft_cost=1.5587 selection_score=-1.5587 complexity=0.00->0.00 safety=0+0.03sigma scale=1.00->1.00 pass_reference_only=0.0%
  Proposal train geometry: coverage_MAE=8.5237e-03, ordered_assignment_MAE=8.5351e-03, matched_K=11.64, R@.005/.01/.02=0.334/0.624/0.966, parameter_bias=1.687e-02
  Synthetic K=20: n=21, dense=0.0%, deployment=0.0%
  Synthetic: dense=68.1%, deployment=68.1%, MSE=4.703e-05, K=24.00, targetK=12.60, count_MAE=11.40, bias=+11.40, knot_F1@0.01=0.457, param_RMSE=3.906e-02
  uji_pen_characters_v2: dense=95.0%, deployment=95.0%, MSE=1.715e-05, K=24.00
  natural_earth_10m_coastline: dense=20.0%, deployment=20.0%, MSE=1.781e-04, K=24.00
  usgs_tnm_contours_large_scale: dense=70.0%, deployment=70.0%, MSE=7.598e-05, K=24.00
  industrial_model_offset_curves: dense=85.0%, deployment=85.0%, MSE=3.652e-05, K=24.00
Epoch 033/128 proposal [=.......................] 1/19 MSE=3.155e-05 pass=84.4% K=24.0 denseK=24.0 countMAE=0.00 lr=group_0:2.0e-04
Epoch 033/128 proposal [============............] 10/19 MSE=2.161e-05 pass=93.8% K=24.0 denseK=24.0 countMAE=0.00 lr=group_0:2.0e-04
Epoch 033/128 proposal [========================] 19/19 MSE=2.016e-05 pass=91.7% K=24.0 denseK=24.0 countMAE=0.00 lr=group_0:2.0e-04
  validation [===.....................] 1/8 
  validation [========================] 8/8 
Epoch 033 phase=proposal lr=group_0:2.0e-04 val dense=70.8% deployment=70.8% worst-source=25.0% qualification=0.0% MSE=5.257e-05 K=24.00 mass=11.75 beta=0.04 soft_cost=1.5070 selection_score=-1.5070 complexity=0.00->0.00 safety=0+0.03sigma scale=1.00->1.00 pass_reference_only=0.0%
  Proposal train geometry: coverage_MAE=8.4341e-03, ordered_assignment_MAE=8.4423e-03, matched_K=11.63, R@.005/.01/.02=0.343/0.632/0.967, parameter_bias=1.679e-02
  Synthetic K=20: n=21, dense=0.0%, deployment=0.0%
  Synthetic: dense=71.9%, deployment=71.9%, MSE=4.416e-05, K=24.00, targetK=12.60, count_MAE=11.40, bias=+11.40, knot_F1@0.01=0.445, param_RMSE=4.033e-02
  uji_pen_characters_v2: dense=95.0%, deployment=95.0%, MSE=1.429e-05, K=24.00
  natural_earth_10m_coastline: dense=25.0%, deployment=25.0%, MSE=1.629e-04, K=24.00
  usgs_tnm_contours_large_scale: dense=70.0%, deployment=70.0%, MSE=6.806e-05, K=24.00
  industrial_model_offset_curves: dense=85.0%, deployment=85.0%, MSE=3.234e-05, K=24.00
Epoch 034/128 proposal [=.......................] 1/19 MSE=2.378e-05 pass=90.6% K=24.0 denseK=24.0 countMAE=0.00 lr=group_0:2.0e-04
Epoch 034/128 proposal [============............] 10/19 MSE=2.070e-05 pass=96.9% K=24.0 denseK=24.0 countMAE=0.00 lr=group_0:2.0e-04
Epoch 034/128 proposal [========================] 19/19 MSE=1.871e-05 pass=91.7% K=24.0 denseK=24.0 countMAE=0.00 lr=group_0:2.0e-04
  validation [===.....................] 1/8 
  validation [========================] 8/8 
Epoch 034 phase=proposal lr=group_0:2.0e-04 val dense=72.1% deployment=72.1% worst-source=25.0% qualification=0.0% MSE=5.410e-05 K=24.00 mass=11.77 beta=0.04 soft_cost=1.4912 selection_score=-1.4912 complexity=0.00->0.00 safety=0+0.03sigma scale=1.00->1.00 pass_reference_only=0.0%
  Proposal train geometry: coverage_MAE=8.3966e-03, ordered_assignment_MAE=8.4062e-03, matched_K=11.64, R@.005/.01/.02=0.346/0.626/0.970, parameter_bias=1.685e-02
  Synthetic K=20: n=21, dense=0.0%, deployment=0.0%
  Synthetic: dense=73.8%, deployment=73.8%, MSE=4.460e-05, K=24.00, targetK=12.60, count_MAE=11.40, bias=+11.40, knot_F1@0.01=0.446, param_RMSE=3.928e-02
  uji_pen_characters_v2: dense=95.0%, deployment=95.0%, MSE=1.566e-05, K=24.00
  natural_earth_10m_coastline: dense=25.0%, deployment=25.0%, MSE=1.716e-04, K=24.00
  usgs_tnm_contours_large_scale: dense=70.0%, deployment=70.0%, MSE=7.199e-05, K=24.00
  industrial_model_offset_curves: dense=85.0%, deployment=85.0%, MSE=3.319e-05, K=24.00
Epoch 035/128 proposal [=.......................] 1/19 MSE=1.894e-05 pass=96.9% K=24.0 denseK=24.0 countMAE=0.00 lr=group_0:2.0e-04
Epoch 035/128 proposal [============............] 10/19 MSE=2.137e-05 pass=90.6% K=24.0 denseK=24.0 countMAE=0.00 lr=group_0:2.0e-04
Epoch 035/128 proposal [========================] 19/19 MSE=1.902e-05 pass=91.7% K=24.0 denseK=24.0 countMAE=0.00 lr=group_0:2.0e-04
  validation [===.....................] 1/8 
  validation [========================] 8/8 
Epoch 035 phase=proposal lr=group_0:2.0e-04 val dense=70.8% deployment=70.8% worst-source=20.0% qualification=4.8% MSE=5.479e-05 K=24.00 mass=11.74 beta=0.04 soft_cost=1.5058 selection_score=-1.5058 complexity=0.00->0.00 safety=0+0.03sigma scale=1.00->1.00 pass_reference_only=4.8%
  Proposal train geometry: coverage_MAE=8.3710e-03, ordered_assignment_MAE=8.3797e-03, matched_K=11.63, R@.005/.01/.02=0.341/0.632/0.967, parameter_bias=1.673e-02
  Synthetic K=20: n=21, dense=4.8%, deployment=4.8%
  Synthetic: dense=72.5%, deployment=72.5%, MSE=4.448e-05, K=24.00, targetK=12.60, count_MAE=11.40, bias=+11.40, knot_F1@0.01=0.448, param_RMSE=3.923e-02
  uji_pen_characters_v2: dense=95.0%, deployment=95.0%, MSE=1.631e-05, K=24.00
  natural_earth_10m_coastline: dense=20.0%, deployment=20.0%, MSE=1.755e-04, K=24.00
  usgs_tnm_contours_large_scale: dense=70.0%, deployment=70.0%, MSE=7.585e-05, K=24.00
  industrial_model_offset_curves: dense=85.0%, deployment=85.0%, MSE=3.388e-05, K=24.00
Epoch 036/128 proposal [=.......................] 1/19 MSE=2.085e-05 pass=100.0% K=24.0 denseK=24.0 countMAE=0.00 lr=group_0:2.0e-04
Epoch 036/128 proposal [============............] 10/19 MSE=2.198e-05 pass=90.6% K=24.0 denseK=24.0 countMAE=0.00 lr=group_0:2.0e-04
Epoch 036/128 proposal [========================] 19/19 MSE=1.608e-05 pass=95.8% K=24.0 denseK=24.0 countMAE=0.00 lr=group_0:2.0e-04
  validation [===.....................] 1/8 
  validation [========================] 8/8 
Epoch 036 phase=proposal lr=group_0:2.0e-04 val dense=70.4% deployment=70.4% worst-source=20.0% qualification=0.0% MSE=5.392e-05 K=24.00 mass=11.73 beta=0.04 soft_cost=1.5077 selection_score=-1.5077 complexity=0.00->0.00 safety=0+0.03sigma scale=1.00->1.00 pass_reference_only=0.0%
  Proposal train geometry: coverage_MAE=8.2755e-03, ordered_assignment_MAE=8.2848e-03, matched_K=11.64, R@.005/.01/.02=0.353/0.634/0.969, parameter_bias=1.671e-02
  Synthetic K=20: n=21, dense=0.0%, deployment=0.0%
  Synthetic: dense=71.9%, deployment=71.9%, MSE=4.344e-05, K=24.00, targetK=12.60, count_MAE=11.40, bias=+11.40, knot_F1@0.01=0.457, param_RMSE=3.921e-02
  uji_pen_characters_v2: dense=95.0%, deployment=95.0%, MSE=1.638e-05, K=24.00
  natural_earth_10m_coastline: dense=20.0%, deployment=20.0%, MSE=1.746e-04, K=24.00
  usgs_tnm_contours_large_scale: dense=70.0%, deployment=70.0%, MSE=7.473e-05, K=24.00
  industrial_model_offset_curves: dense=85.0%, deployment=85.0%, MSE=3.376e-05, K=24.00
Epoch 037/128 proposal [=.......................] 1/19 MSE=1.506e-05 pass=100.0% K=24.0 denseK=24.0 countMAE=0.00 lr=group_0:2.0e-04
Epoch 037/128 proposal [============............] 10/19 MSE=1.658e-05 pass=96.9% K=24.0 denseK=24.0 countMAE=0.00 lr=group_0:2.0e-04
Epoch 037/128 proposal [========================] 19/19 MSE=1.920e-05 pass=95.8% K=24.0 denseK=24.0 countMAE=0.00 lr=group_0:2.0e-04
  validation [===.....................] 1/8 
  validation [========================] 8/8 
Epoch 037 phase=proposal lr=group_0:2.0e-04 val dense=70.4% deployment=70.4% worst-source=25.0% qualification=4.8% MSE=5.429e-05 K=24.00 mass=11.74 beta=0.04 soft_cost=1.5137 selection_score=-1.5137 complexity=0.00->0.00 safety=0+0.03sigma scale=1.00->1.00 pass_reference_only=4.8%
  Proposal train geometry: coverage_MAE=8.2987e-03, ordered_assignment_MAE=8.3075e-03, matched_K=11.63, R@.005/.01/.02=0.349/0.637/0.968, parameter_bias=1.668e-02
  Synthetic K=20: n=21, dense=4.8%, deployment=4.8%
  Synthetic: dense=71.9%, deployment=71.9%, MSE=4.314e-05, K=24.00, targetK=12.60, count_MAE=11.40, bias=+11.40, knot_F1@0.01=0.456, param_RMSE=3.889e-02
  uji_pen_characters_v2: dense=95.0%, deployment=95.0%, MSE=1.735e-05, K=24.00
  natural_earth_10m_coastline: dense=25.0%, deployment=25.0%, MSE=1.788e-04, K=24.00
  usgs_tnm_contours_large_scale: dense=65.0%, deployment=65.0%, MSE=7.586e-05, K=24.00
  industrial_model_offset_curves: dense=85.0%, deployment=85.0%, MSE=3.437e-05, K=24.00
Epoch 038/128 proposal [=.......................] 1/19 MSE=1.933e-05 pass=96.9% K=24.0 denseK=24.0 countMAE=0.00 lr=group_0:2.0e-04
Epoch 038/128 proposal [============............] 10/19 MSE=2.019e-05 pass=93.8% K=24.0 denseK=24.0 countMAE=0.00 lr=group_0:2.0e-04
Epoch 038/128 proposal [========================] 19/19 MSE=1.546e-05 pass=100.0% K=24.0 denseK=24.0 countMAE=0.00 lr=group_0:2.0e-04
  validation [===.....................] 1/8 
  validation [========================] 8/8 
Epoch 038 phase=proposal lr=group_0:2.0e-04 val dense=70.4% deployment=70.4% worst-source=25.0% qualification=4.8% MSE=5.355e-05 K=24.00 mass=11.73 beta=0.05 soft_cost=1.5059 selection_score=-1.5059 complexity=0.00->0.00 safety=0+0.03sigma scale=1.00->1.00 pass_reference_only=4.8%
  Proposal train geometry: coverage_MAE=8.2961e-03, ordered_assignment_MAE=8.3057e-03, matched_K=11.64, R@.005/.01/.02=0.350/0.634/0.968, parameter_bias=1.657e-02
  Synthetic K=20: n=21, dense=4.8%, deployment=4.8%
  Synthetic: dense=70.6%, deployment=70.6%, MSE=4.376e-05, K=24.00, targetK=12.60, count_MAE=11.40, bias=+11.40, knot_F1@0.01=0.458, param_RMSE=3.884e-02
  uji_pen_characters_v2: dense=95.0%, deployment=95.0%, MSE=1.531e-05, K=24.00
  natural_earth_10m_coastline: dense=25.0%, deployment=25.0%, MSE=1.729e-04, K=24.00
  usgs_tnm_contours_large_scale: dense=75.0%, deployment=75.0%, MSE=7.262e-05, K=24.00
  industrial_model_offset_curves: dense=85.0%, deployment=85.0%, MSE=3.166e-05, K=24.00
Epoch 039/128 proposal [=.......................] 1/19 MSE=2.138e-05 pass=93.8% K=24.0 denseK=24.0 countMAE=0.00 lr=group_0:2.0e-04
Epoch 039/128 proposal [============............] 10/19 MSE=2.220e-05 pass=96.9% K=24.0 denseK=24.0 countMAE=0.00 lr=group_0:2.0e-04
Epoch 039/128 proposal [========================] 19/19 MSE=1.703e-05 pass=95.8% K=24.0 denseK=24.0 countMAE=0.00 lr=group_0:2.0e-04
  validation [===.....................] 1/8 
  validation [========================] 8/8 
Epoch 039 phase=proposal lr=group_0:2.0e-04 val dense=71.7% deployment=71.7% worst-source=25.0% qualification=4.8% MSE=5.207e-05 K=24.00 mass=11.73 beta=0.05 soft_cost=1.4865 selection_score=-1.4865 complexity=0.00->0.00 safety=0+0.03sigma scale=1.00->1.00 pass_reference_only=4.8%
  Proposal train geometry: coverage_MAE=8.2501e-03, ordered_assignment_MAE=8.2579e-03, matched_K=11.64, R@.005/.01/.02=0.349/0.639/0.967, parameter_bias=1.662e-02
  Synthetic K=20: n=21, dense=4.8%, deployment=4.8%
  Synthetic: dense=72.5%, deployment=72.5%, MSE=4.196e-05, K=24.00, targetK=12.60, count_MAE=11.40, bias=+11.40, knot_F1@0.01=0.462, param_RMSE=3.914e-02
  uji_pen_characters_v2: dense=95.0%, deployment=95.0%, MSE=1.562e-05, K=24.00
  natural_earth_10m_coastline: dense=25.0%, deployment=25.0%, MSE=1.708e-04, K=24.00
  usgs_tnm_contours_large_scale: dense=75.0%, deployment=75.0%, MSE=7.144e-05, K=24.00
  industrial_model_offset_curves: dense=85.0%, deployment=85.0%, MSE=3.131e-05, K=24.00
Epoch 040/128 proposal [=.......................] 1/19 MSE=1.648e-05 pass=96.9% K=24.0 denseK=24.0 countMAE=0.00 lr=group_0:2.0e-04
Epoch 040/128 proposal [============............] 10/19 MSE=1.472e-05 pass=100.0% K=24.0 denseK=24.0 countMAE=0.00 lr=group_0:2.0e-04
Epoch 040/128 proposal [========================] 19/19 MSE=1.635e-05 pass=95.8% K=24.0 denseK=24.0 countMAE=0.00 lr=group_0:2.0e-04
  validation [===.....................] 1/8 
  validation [========================] 8/8 
Epoch 040 phase=proposal lr=group_0:2.0e-04 val dense=74.2% deployment=74.2% worst-source=25.0% qualification=4.8% MSE=5.006e-05 K=24.00 mass=11.72 beta=0.05 soft_cost=1.4396 selection_score=-1.4396 complexity=0.00->0.00 safety=0+0.03sigma scale=1.00->1.00 pass_reference_only=4.8%
  Proposal train geometry: coverage_MAE=8.2619e-03, ordered_assignment_MAE=8.2694e-03, matched_K=11.63, R@.005/.01/.02=0.356/0.640/0.970, parameter_bias=1.636e-02
  Synthetic K=20: n=21, dense=4.8%, deployment=4.8%
  Synthetic: dense=76.2%, deployment=76.2%, MSE=4.032e-05, K=24.00, targetK=12.60, count_MAE=11.40, bias=+11.40, knot_F1@0.01=0.461, param_RMSE=3.962e-02
  uji_pen_characters_v2: dense=95.0%, deployment=95.0%, MSE=1.477e-05, K=24.00
  natural_earth_10m_coastline: dense=25.0%, deployment=25.0%, MSE=1.662e-04, K=24.00
  usgs_tnm_contours_large_scale: dense=75.0%, deployment=75.0%, MSE=6.805e-05, K=24.00
  industrial_model_offset_curves: dense=85.0%, deployment=85.0%, MSE=2.919e-05, K=24.00
Epoch 041/128 proposal [=.......................] 1/19 MSE=1.536e-05 pass=93.8% K=24.0 denseK=24.0 countMAE=0.00 lr=group_0:2.0e-04
Epoch 041/128 proposal [============............] 10/19 MSE=1.255e-05 pass=100.0% K=24.0 denseK=24.0 countMAE=0.00 lr=group_0:2.0e-04
Epoch 041/128 proposal [========================] 19/19 MSE=1.834e-05 pass=95.8% K=24.0 denseK=24.0 countMAE=0.00 lr=group_0:2.0e-04
  validation [===.....................] 1/8 
  validation [========================] 8/8 
Epoch 041 phase=proposal lr=group_0:2.0e-04 val dense=71.2% deployment=71.2% worst-source=15.0% qualification=9.5% MSE=5.055e-05 K=24.00 mass=11.74 beta=0.04 soft_cost=1.4775 selection_score=-1.4775 complexity=0.00->0.00 safety=0+0.03sigma scale=1.00->1.00 pass_reference_only=9.5%
  Proposal train geometry: coverage_MAE=8.2230e-03, ordered_assignment_MAE=8.2335e-03, matched_K=11.63, R@.005/.01/.02=0.356/0.645/0.970, parameter_bias=1.649e-02
  Synthetic K=20: n=21, dense=9.5%, deployment=9.5%
  Synthetic: dense=73.1%, deployment=73.1%, MSE=3.840e-05, K=24.00, targetK=12.60, count_MAE=11.40, bias=+11.40, knot_F1@0.01=0.461, param_RMSE=3.884e-02
  uji_pen_characters_v2: dense=95.0%, deployment=95.0%, MSE=1.619e-05, K=24.00
  natural_earth_10m_coastline: dense=15.0%, deployment=15.0%, MSE=1.758e-04, K=24.00
  usgs_tnm_contours_large_scale: dense=75.0%, deployment=75.0%, MSE=7.340e-05, K=24.00
  industrial_model_offset_curves: dense=85.0%, deployment=85.0%, MSE=3.405e-05, K=24.00
Epoch 042/128 proposal [=.......................] 1/19 MSE=1.415e-05 pass=100.0% K=24.0 denseK=24.0 countMAE=0.00 lr=group_0:2.0e-04
Epoch 042/128 proposal [============............] 10/19 MSE=1.774e-05 pass=96.9% K=24.0 denseK=24.0 countMAE=0.00 lr=group_0:2.0e-04
Epoch 042/128 proposal [========================] 19/19 MSE=1.431e-05 pass=95.8% K=24.0 denseK=24.0 countMAE=0.00 lr=group_0:2.0e-04
  validation [===.....................] 1/8 
  validation [========================] 8/8 
Epoch 042 phase=proposal lr=group_0:2.0e-04 val dense=72.5% deployment=72.5% worst-source=20.0% qualification=4.8% MSE=5.159e-05 K=24.00 mass=11.74 beta=0.04 soft_cost=1.4706 selection_score=-1.4706 complexity=0.00->0.00 safety=0+0.03sigma scale=1.00->1.00 pass_reference_only=4.8%
  Proposal train geometry: coverage_MAE=8.1926e-03, ordered_assignment_MAE=8.1995e-03, matched_K=11.63, R@.005/.01/.02=0.355/0.642/0.971, parameter_bias=1.641e-02
  Synthetic K=20: n=21, dense=4.8%, deployment=4.8%
  Synthetic: dense=74.4%, deployment=74.4%, MSE=4.013e-05, K=24.00, targetK=12.60, count_MAE=11.40, bias=+11.40, knot_F1@0.01=0.468, param_RMSE=3.837e-02
  uji_pen_characters_v2: dense=95.0%, deployment=95.0%, MSE=1.579e-05, K=24.00
  natural_earth_10m_coastline: dense=20.0%, deployment=20.0%, MSE=1.765e-04, K=24.00
  usgs_tnm_contours_large_scale: dense=75.0%, deployment=75.0%, MSE=7.395e-05, K=24.00
  industrial_model_offset_curves: dense=85.0%, deployment=85.0%, MSE=3.185e-05, K=24.00
Epoch 043/128 proposal [=.......................] 1/19 MSE=1.681e-05 pass=96.9% K=24.0 denseK=24.0 countMAE=0.00 lr=group_0:2.0e-04
Epoch 043/128 proposal [============............] 10/19 MSE=1.357e-05 pass=100.0% K=24.0 denseK=24.0 countMAE=0.00 lr=group_0:2.0e-04
Epoch 043/128 proposal [========================] 19/19 MSE=2.178e-05 pass=87.5% K=24.0 denseK=24.0 countMAE=0.00 lr=group_0:2.0e-04
  validation [===.....................] 1/8 
  validation [========================] 8/8 
Epoch 043 phase=proposal lr=group_0:2.0e-04 val dense=71.7% deployment=71.7% worst-source=15.0% qualification=4.8% MSE=5.590e-05 K=24.00 mass=11.75 beta=0.04 soft_cost=1.4983 selection_score=-1.4983 complexity=0.00->0.00 safety=0+0.03sigma scale=1.00->1.00 pass_reference_only=4.8%
  Proposal train geometry: coverage_MAE=8.2129e-03, ordered_assignment_MAE=8.2206e-03, matched_K=11.63, R@.005/.01/.02=0.351/0.645/0.967, parameter_bias=1.642e-02
  Synthetic K=20: n=21, dense=4.8%, deployment=4.8%
  Synthetic: dense=73.8%, deployment=73.8%, MSE=4.675e-05, K=24.00, targetK=12.60, count_MAE=11.40, bias=+11.40, knot_F1@0.01=0.456, param_RMSE=3.869e-02
  uji_pen_characters_v2: dense=95.0%, deployment=95.0%, MSE=1.605e-05, K=24.00
  natural_earth_10m_coastline: dense=15.0%, deployment=15.0%, MSE=1.762e-04, K=24.00
  usgs_tnm_contours_large_scale: dense=75.0%, deployment=75.0%, MSE=7.468e-05, K=24.00
  industrial_model_offset_curves: dense=85.0%, deployment=85.0%, MSE=2.986e-05, K=24.00
Epoch 044/128 proposal [=.......................] 1/19 MSE=1.759e-05 pass=93.8% K=24.0 denseK=24.0 countMAE=0.00 lr=group_0:2.0e-04
Epoch 044/128 proposal [============............] 10/19 MSE=1.344e-05 pass=100.0% K=24.0 denseK=24.0 countMAE=0.00 lr=group_0:2.0e-04
Epoch 044/128 proposal [========================] 19/19 MSE=1.615e-05 pass=100.0% K=24.0 denseK=24.0 countMAE=0.00 lr=group_0:2.0e-04
  validation [===.....................] 1/8 
  validation [========================] 8/8 
Epoch 044 phase=proposal lr=group_0:2.0e-04 val dense=74.6% deployment=74.6% worst-source=15.0% qualification=9.5% MSE=5.081e-05 K=24.00 mass=11.73 beta=0.04 soft_cost=1.4433 selection_score=-1.4433 complexity=0.00->0.00 safety=0+0.03sigma scale=1.00->1.00 pass_reference_only=9.5%
  Proposal train geometry: coverage_MAE=8.1986e-03, ordered_assignment_MAE=8.2077e-03, matched_K=11.63, R@.005/.01/.02=0.351/0.646/0.970, parameter_bias=1.618e-02
  Synthetic K=20: n=21, dense=9.5%, deployment=9.5%
  Synthetic: dense=78.1%, deployment=78.1%, MSE=3.869e-05, K=24.00, targetK=12.60, count_MAE=11.40, bias=+11.40, knot_F1@0.01=0.466, param_RMSE=3.824e-02
  uji_pen_characters_v2: dense=95.0%, deployment=95.0%, MSE=1.670e-05, K=24.00
  natural_earth_10m_coastline: dense=15.0%, deployment=15.0%, MSE=1.773e-04, K=24.00
  usgs_tnm_contours_large_scale: dense=75.0%, deployment=75.0%, MSE=7.433e-05, K=24.00
  industrial_model_offset_curves: dense=85.0%, deployment=85.0%, MSE=3.187e-05, K=24.00
Epoch 045/128 proposal [=.......................] 1/19 MSE=2.000e-05 pass=93.8% K=24.0 denseK=24.0 countMAE=0.00 lr=group_0:2.0e-04
Epoch 045/128 proposal [============............] 10/19 MSE=1.708e-05 pass=100.0% K=24.0 denseK=24.0 countMAE=0.00 lr=group_0:2.0e-04
Epoch 045/128 proposal [========================] 19/19 MSE=1.871e-05 pass=100.0% K=24.0 denseK=24.0 countMAE=0.00 lr=group_0:2.0e-04
  validation [===.....................] 1/8 
  validation [========================] 8/8 
Epoch 045 phase=proposal lr=group_0:2.0e-04 val dense=73.8% deployment=73.8% worst-source=15.0% qualification=9.5% MSE=5.191e-05 K=24.00 mass=11.72 beta=0.05 soft_cost=1.4532 selection_score=-1.4532 complexity=0.00->0.00 safety=0+0.03sigma scale=1.00->1.00 pass_reference_only=9.5%
  Proposal train geometry: coverage_MAE=8.1466e-03, ordered_assignment_MAE=8.1553e-03, matched_K=11.64, R@.005/.01/.02=0.360/0.646/0.971, parameter_bias=1.629e-02
  Synthetic K=20: n=21, dense=9.5%, deployment=9.5%
  Synthetic: dense=77.5%, deployment=77.5%, MSE=3.889e-05, K=24.00, targetK=12.60, count_MAE=11.40, bias=+11.40, knot_F1@0.01=0.469, param_RMSE=3.818e-02
  uji_pen_characters_v2: dense=95.0%, deployment=95.0%, MSE=1.854e-05, K=24.00
  natural_earth_10m_coastline: dense=15.0%, deployment=15.0%, MSE=1.815e-04, K=24.00
  usgs_tnm_contours_large_scale: dense=70.0%, deployment=70.0%, MSE=7.805e-05, K=24.00
  industrial_model_offset_curves: dense=85.0%, deployment=85.0%, MSE=3.376e-05, K=24.00
Epoch 046/128 proposal [=.......................] 1/19 MSE=1.576e-05 pass=100.0% K=24.0 denseK=24.0 countMAE=0.00 lr=group_0:2.0e-04
Epoch 046/128 proposal [============............] 10/19 MSE=1.739e-05 pass=100.0% K=24.0 denseK=24.0 countMAE=0.00 lr=group_0:2.0e-04
Epoch 046/128 proposal [========================] 19/19 MSE=1.590e-05 pass=100.0% K=24.0 denseK=24.0 countMAE=0.00 lr=group_0:2.0e-04
  validation [===.....................] 1/8 
  validation [========================] 8/8 
Epoch 046 phase=proposal lr=group_0:2.0e-04 val dense=72.1% deployment=72.1% worst-source=15.0% qualification=0.0% MSE=5.294e-05 K=24.00 mass=11.74 beta=0.04 soft_cost=1.4847 selection_score=-1.4847 complexity=0.00->0.00 safety=0+0.03sigma scale=1.00->1.00 pass_reference_only=0.0%
  Proposal train geometry: coverage_MAE=8.1238e-03, ordered_assignment_MAE=8.1296e-03, matched_K=11.64, R@.005/.01/.02=0.363/0.647/0.972, parameter_bias=1.625e-02
  Synthetic K=20: n=21, dense=0.0%, deployment=0.0%
  Synthetic: dense=74.4%, deployment=74.4%, MSE=4.032e-05, K=24.00, targetK=12.60, count_MAE=11.40, bias=+11.40, knot_F1@0.01=0.469, param_RMSE=3.817e-02
  uji_pen_characters_v2: dense=95.0%, deployment=95.0%, MSE=1.697e-05, K=24.00
  natural_earth_10m_coastline: dense=15.0%, deployment=15.0%, MSE=1.837e-04, K=24.00
  usgs_tnm_contours_large_scale: dense=75.0%, deployment=75.0%, MSE=7.667e-05, K=24.00
  industrial_model_offset_curves: dense=85.0%, deployment=85.0%, MSE=3.530e-05, K=24.00
Epoch 047/128 proposal [=.......................] 1/19 MSE=1.655e-05 pass=100.0% K=24.0 denseK=24.0 countMAE=0.00 lr=group_0:2.0e-04
Epoch 047/128 proposal [============............] 10/19 MSE=1.571e-05 pass=96.9% K=24.0 denseK=24.0 countMAE=0.00 lr=group_0:2.0e-04
Epoch 047/128 proposal [========================] 19/19 MSE=1.337e-05 pass=91.7% K=24.0 denseK=24.0 countMAE=0.00 lr=group_0:2.0e-04
  validation [===.....................] 1/8 
  validation [========================] 8/8 
Epoch 047 phase=proposal lr=group_0:2.0e-04 val dense=73.3% deployment=73.3% worst-source=15.0% qualification=9.5% MSE=5.244e-05 K=24.00 mass=11.76 beta=0.04 soft_cost=1.4664 selection_score=-1.4664 complexity=0.00->0.00 safety=0+0.03sigma scale=1.00->1.00 pass_reference_only=9.5%
  Proposal train geometry: coverage_MAE=8.1871e-03, ordered_assignment_MAE=8.1912e-03, matched_K=11.63, R@.005/.01/.02=0.354/0.643/0.969, parameter_bias=1.618e-02
  Synthetic K=20: n=21, dense=9.5%, deployment=9.5%
  Synthetic: dense=76.2%, deployment=76.2%, MSE=4.240e-05, K=24.00, targetK=12.60, count_MAE=11.40, bias=+11.40, knot_F1@0.01=0.453, param_RMSE=3.840e-02
  uji_pen_characters_v2: dense=95.0%, deployment=95.0%, MSE=1.599e-05, K=24.00
  natural_earth_10m_coastline: dense=15.0%, deployment=15.0%, MSE=1.735e-04, K=24.00
  usgs_tnm_contours_large_scale: dense=75.0%, deployment=75.0%, MSE=6.994e-05, K=24.00
  industrial_model_offset_curves: dense=85.0%, deployment=85.0%, MSE=3.061e-05, K=24.00
Epoch 048/128 proposal [=.......................] 1/19 MSE=1.628e-05 pass=93.8% K=24.0 denseK=24.0 countMAE=0.00 lr=group_0:2.0e-04
Epoch 048/128 proposal [============............] 10/19 MSE=1.774e-05 pass=100.0% K=24.0 denseK=24.0 countMAE=0.00 lr=group_0:2.0e-04
Epoch 048/128 proposal [========================] 19/19 MSE=1.286e-05 pass=100.0% K=24.0 denseK=24.0 countMAE=0.00 lr=group_0:2.0e-04
  validation [===.....................] 1/8 
  validation [========================] 8/8 
Epoch 048 phase=proposal lr=group_0:2.0e-04 val dense=75.0% deployment=75.0% worst-source=20.0% qualification=4.8% MSE=5.033e-05 K=24.00 mass=11.73 beta=0.04 soft_cost=1.4381 selection_score=-1.4381 complexity=0.00->0.00 safety=0+0.03sigma scale=1.00->1.00 pass_reference_only=4.8%
  Proposal train geometry: coverage_MAE=8.1245e-03, ordered_assignment_MAE=8.1329e-03, matched_K=11.63, R@.005/.01/.02=0.362/0.647/0.973, parameter_bias=1.615e-02
  Synthetic K=20: n=21, dense=4.8%, deployment=4.8%
  Synthetic: dense=78.1%, deployment=78.1%, MSE=3.860e-05, K=24.00, targetK=12.60, count_MAE=11.40, bias=+11.40, knot_F1@0.01=0.463, param_RMSE=3.813e-02
  uji_pen_characters_v2: dense=95.0%, deployment=95.0%, MSE=1.661e-05, K=24.00
  natural_earth_10m_coastline: dense=20.0%, deployment=20.0%, MSE=1.763e-04, K=24.00
  usgs_tnm_contours_large_scale: dense=75.0%, deployment=75.0%, MSE=7.114e-05, K=24.00
  industrial_model_offset_curves: dense=85.0%, deployment=85.0%, MSE=3.106e-05, K=24.00
Epoch 049/128 proposal [=.......................] 1/19 MSE=1.476e-05 pass=100.0% K=24.0 denseK=24.0 countMAE=0.00 lr=group_0:2.0e-04
Epoch 049/128 proposal [============............] 10/19 MSE=1.875e-05 pass=96.9% K=24.0 denseK=24.0 countMAE=0.00 lr=group_0:2.0e-04
Epoch 049/128 proposal [========================] 19/19 MSE=1.594e-05 pass=100.0% K=24.0 denseK=24.0 countMAE=0.00 lr=group_0:2.0e-04
  validation [===.....................] 1/8 
  validation [========================] 8/8 
Epoch 049 phase=proposal lr=group_0:2.0e-04 val dense=75.0% deployment=75.0% worst-source=15.0% qualification=9.5% MSE=4.878e-05 K=24.00 mass=11.74 beta=0.04 soft_cost=1.4303 selection_score=-1.4303 complexity=0.00->0.00 safety=0+0.03sigma scale=1.00->1.00 pass_reference_only=9.5%
  Proposal train geometry: coverage_MAE=8.0143e-03, ordered_assignment_MAE=8.0195e-03, matched_K=11.63, R@.005/.01/.02=0.369/0.657/0.972, parameter_bias=1.591e-02
  Synthetic K=20: n=21, dense=9.5%, deployment=9.5%
  Synthetic: dense=78.8%, deployment=78.8%, MSE=3.715e-05, K=24.00, targetK=12.60, count_MAE=11.40, bias=+11.40, knot_F1@0.01=0.466, param_RMSE=3.802e-02
  uji_pen_characters_v2: dense=95.0%, deployment=95.0%, MSE=1.552e-05, K=24.00
  natural_earth_10m_coastline: dense=15.0%, deployment=15.0%, MSE=1.725e-04, K=24.00
  usgs_tnm_contours_large_scale: dense=75.0%, deployment=75.0%, MSE=6.934e-05, K=24.00
  industrial_model_offset_curves: dense=85.0%, deployment=85.0%, MSE=3.078e-05, K=24.00
Epoch 050/128 proposal [=.......................] 1/19 MSE=1.638e-05 pass=100.0% K=24.0 denseK=24.0 countMAE=0.00 lr=group_0:2.0e-04
Epoch 050/128 proposal [============............] 10/19 MSE=1.519e-05 pass=96.9% K=24.0 denseK=24.0 countMAE=0.00 lr=group_0:2.0e-04
Epoch 050/128 proposal [========================] 19/19 MSE=1.853e-05 pass=100.0% K=24.0 denseK=24.0 countMAE=0.00 lr=group_0:2.0e-04
  validation [===.....................] 1/8 
  validation [========================] 8/8 
Epoch 050 phase=proposal lr=group_0:2.0e-04 val dense=73.3% deployment=73.3% worst-source=15.0% qualification=4.8% MSE=5.107e-05 K=24.00 mass=11.73 beta=0.04 soft_cost=1.4583 selection_score=-1.4583 complexity=0.00->0.00 safety=0+0.03sigma scale=1.00->1.00 pass_reference_only=4.8%
  Proposal train geometry: coverage_MAE=7.9305e-03, ordered_assignment_MAE=7.9346e-03, matched_K=11.63, R@.005/.01/.02=0.372/0.663/0.973, parameter_bias=1.588e-02
  Synthetic K=20: n=21, dense=4.8%, deployment=4.8%
  Synthetic: dense=76.9%, deployment=76.9%, MSE=3.769e-05, K=24.00, targetK=12.60, count_MAE=11.40, bias=+11.40, knot_F1@0.01=0.477, param_RMSE=3.730e-02
  uji_pen_characters_v2: dense=95.0%, deployment=95.0%, MSE=1.797e-05, K=24.00
  natural_earth_10m_coastline: dense=15.0%, deployment=15.0%, MSE=1.822e-04, K=24.00
  usgs_tnm_contours_large_scale: dense=70.0%, deployment=70.0%, MSE=7.687e-05, K=24.00
  industrial_model_offset_curves: dense=85.0%, deployment=85.0%, MSE=3.427e-05, K=24.00
Epoch 051/128 proposal [=.......................] 1/19 MSE=2.000e-05 pass=93.8% K=24.0 denseK=24.0 countMAE=0.00 lr=group_0:2.0e-04
Epoch 051/128 proposal [============............] 10/19 MSE=1.404e-05 pass=100.0% K=24.0 denseK=24.0 countMAE=0.00 lr=group_0:2.0e-04
Epoch 051/128 proposal [========================] 19/19 MSE=1.643e-05 pass=100.0% K=24.0 denseK=24.0 countMAE=0.00 lr=group_0:2.0e-04
  validation [===.....................] 1/8 
  validation [========================] 8/8 
Epoch 051 phase=proposal lr=group_0:2.0e-04 val dense=75.0% deployment=75.0% worst-source=15.0% qualification=9.5% MSE=4.858e-05 K=24.00 mass=11.75 beta=0.04 soft_cost=1.4291 selection_score=-1.4291 complexity=0.00->0.00 safety=0+0.03sigma scale=1.00->1.00 pass_reference_only=9.5%
  Proposal train geometry: coverage_MAE=7.9018e-03, ordered_assignment_MAE=7.9067e-03, matched_K=11.64, R@.005/.01/.02=0.372/0.669/0.976, parameter_bias=1.570e-02
  Synthetic K=20: n=21, dense=9.5%, deployment=9.5%
  Synthetic: dense=78.8%, deployment=78.8%, MSE=3.660e-05, K=24.00, targetK=12.60, count_MAE=11.40, bias=+11.40, knot_F1@0.01=0.472, param_RMSE=3.770e-02
  uji_pen_characters_v2: dense=95.0%, deployment=95.0%, MSE=1.549e-05, K=24.00
  natural_earth_10m_coastline: dense=15.0%, deployment=15.0%, MSE=1.726e-04, K=24.00
  usgs_tnm_contours_large_scale: dense=75.0%, deployment=75.0%, MSE=7.185e-05, K=24.00
  industrial_model_offset_curves: dense=85.0%, deployment=85.0%, MSE=3.018e-05, K=24.00
Epoch 052/128 proposal [=.......................] 1/19 MSE=1.312e-05 pass=100.0% K=24.0 denseK=24.0 countMAE=0.00 lr=group_0:2.0e-04
Epoch 052/128 proposal [============............] 10/19 MSE=1.681e-05 pass=96.9% K=24.0 denseK=24.0 countMAE=0.00 lr=group_0:2.0e-04
Epoch 052/128 proposal [========================] 19/19 MSE=1.449e-05 pass=100.0% K=24.0 denseK=24.0 countMAE=0.00 lr=group_0:2.0e-04
  validation [===.....................] 1/8 
  validation [========================] 8/8 
Epoch 052 phase=proposal lr=group_0:2.0e-04 val dense=74.6% deployment=74.6% worst-source=20.0% qualification=4.8% MSE=4.707e-05 K=24.00 mass=11.74 beta=0.04 soft_cost=1.4221 selection_score=-1.4221 complexity=0.00->0.00 safety=0+0.03sigma scale=1.00->1.00 pass_reference_only=4.8%
  Proposal train geometry: coverage_MAE=7.8670e-03, ordered_assignment_MAE=7.8733e-03, matched_K=11.63, R@.005/.01/.02=0.372/0.670/0.977, parameter_bias=1.567e-02
  Synthetic K=20: n=21, dense=4.8%, deployment=4.8%
  Synthetic: dense=77.5%, deployment=77.5%, MSE=3.481e-05, K=24.00, targetK=12.60, count_MAE=11.40, bias=+11.40, knot_F1@0.01=0.469, param_RMSE=3.769e-02
  uji_pen_characters_v2: dense=95.0%, deployment=95.0%, MSE=1.539e-05, K=24.00
  natural_earth_10m_coastline: dense=20.0%, deployment=20.0%, MSE=1.715e-04, K=24.00
  usgs_tnm_contours_large_scale: dense=75.0%, deployment=75.0%, MSE=6.980e-05, K=24.00
  industrial_model_offset_curves: dense=85.0%, deployment=85.0%, MSE=2.968e-05, K=24.00
Epoch 053/128 proposal [=.......................] 1/19 MSE=1.407e-05 pass=100.0% K=24.0 denseK=24.0 countMAE=0.00 lr=group_0:2.0e-04
Epoch 053/128 proposal [============............] 10/19 MSE=1.671e-05 pass=100.0% K=24.0 denseK=24.0 countMAE=0.00 lr=group_0:2.0e-04
Epoch 053/128 proposal [========================] 19/19 MSE=1.055e-05 pass=95.8% K=24.0 denseK=24.0 countMAE=0.00 lr=group_0:2.0e-04
  validation [===.....................] 1/8 
  validation [========================] 8/8 
Epoch 053 phase=proposal lr=group_0:2.0e-04 val dense=75.0% deployment=75.0% worst-source=15.0% qualification=9.5% MSE=4.798e-05 K=24.00 mass=11.75 beta=0.04 soft_cost=1.4261 selection_score=-1.4261 complexity=0.00->0.00 safety=0+0.03sigma scale=1.00->1.00 pass_reference_only=9.5%
  Proposal train geometry: coverage_MAE=7.8952e-03, ordered_assignment_MAE=7.8972e-03, matched_K=11.63, R@.005/.01/.02=0.375/0.669/0.973, parameter_bias=1.545e-02
  Synthetic K=20: n=21, dense=9.5%, deployment=9.5%
  Synthetic: dense=78.8%, deployment=78.8%, MSE=3.610e-05, K=24.00, targetK=12.60, count_MAE=11.40, bias=+11.40, knot_F1@0.01=0.475, param_RMSE=3.769e-02
  uji_pen_characters_v2: dense=95.0%, deployment=95.0%, MSE=1.525e-05, K=24.00
  natural_earth_10m_coastline: dense=15.0%, deployment=15.0%, MSE=1.704e-04, K=24.00
  usgs_tnm_contours_large_scale: dense=75.0%, deployment=75.0%, MSE=7.053e-05, K=24.00
  industrial_model_offset_curves: dense=85.0%, deployment=85.0%, MSE=3.079e-05, K=24.00
Epoch 054/128 proposal [=.......................] 1/19 MSE=1.531e-05 pass=96.9% K=24.0 denseK=24.0 countMAE=0.00 lr=group_0:2.0e-04
Epoch 054/128 proposal [============............] 10/19 MSE=1.292e-05 pass=96.9% K=24.0 denseK=24.0 countMAE=0.00 lr=group_0:2.0e-04
Epoch 054/128 proposal [========================] 19/19 MSE=1.992e-05 pass=91.7% K=24.0 denseK=24.0 countMAE=0.00 lr=group_0:2.0e-04
  validation [===.....................] 1/8 
  validation [========================] 8/8 
Epoch 054 phase=proposal lr=group_0:2.0e-04 val dense=76.2% deployment=76.2% worst-source=15.0% qualification=14.3% MSE=4.705e-05 K=24.00 mass=11.76 beta=0.04 soft_cost=1.3968 selection_score=-1.3968 complexity=0.00->0.00 safety=0+0.03sigma scale=1.00->1.00 pass_reference_only=14.3%
  Proposal train geometry: coverage_MAE=7.7563e-03, ordered_assignment_MAE=7.7624e-03, matched_K=11.63, R@.005/.01/.02=0.386/0.677/0.978, parameter_bias=1.559e-02
  Synthetic K=20: n=21, dense=14.3%, deployment=14.3%
  Synthetic: dense=80.6%, deployment=80.6%, MSE=3.277e-05, K=24.00, targetK=12.60, count_MAE=11.40, bias=+11.40, knot_F1@0.01=0.480, param_RMSE=3.724e-02
  uji_pen_characters_v2: dense=95.0%, deployment=95.0%, MSE=1.732e-05, K=24.00
  natural_earth_10m_coastline: dense=15.0%, deployment=15.0%, MSE=1.788e-04, K=24.00
  usgs_tnm_contours_large_scale: dense=75.0%, deployment=75.0%, MSE=7.380e-05, K=24.00
  industrial_model_offset_curves: dense=85.0%, deployment=85.0%, MSE=3.251e-05, K=24.00
Epoch 055/128 proposal [=.......................] 1/19 MSE=1.488e-05 pass=100.0% K=24.0 denseK=24.0 countMAE=0.00 lr=group_0:2.0e-04
Epoch 055/128 proposal [============............] 10/19 MSE=1.751e-05 pass=93.8% K=24.0 denseK=24.0 countMAE=0.00 lr=group_0:2.0e-04
Epoch 055/128 proposal [========================] 19/19 MSE=2.047e-05 pass=91.7% K=24.0 denseK=24.0 countMAE=0.00 lr=group_0:2.0e-04
  validation [===.....................] 1/8 
  validation [========================] 8/8 
Epoch 055 phase=proposal lr=group_0:2.0e-04 val dense=75.4% deployment=75.4% worst-source=20.0% qualification=0.0% MSE=4.732e-05 K=24.00 mass=11.76 beta=0.04 soft_cost=1.4108 selection_score=-1.4108 complexity=0.00->0.00 safety=0+0.03sigma scale=1.00->1.00 pass_reference_only=0.0%
  Proposal train geometry: coverage_MAE=7.7348e-03, ordered_assignment_MAE=7.7435e-03, matched_K=11.63, R@.005/.01/.02=0.386/0.677/0.975, parameter_bias=1.550e-02
  Synthetic K=20: n=21, dense=0.0%, deployment=0.0%
  Synthetic: dense=79.4%, deployment=79.4%, MSE=3.370e-05, K=24.00, targetK=12.60, count_MAE=11.40, bias=+11.40, knot_F1@0.01=0.478, param_RMSE=3.715e-02
  uji_pen_characters_v2: dense=95.0%, deployment=95.0%, MSE=1.598e-05, K=24.00
  natural_earth_10m_coastline: dense=20.0%, deployment=20.0%, MSE=1.754e-04, K=24.00
  usgs_tnm_contours_large_scale: dense=70.0%, deployment=70.0%, MSE=7.368e-05, K=24.00
  industrial_model_offset_curves: dense=85.0%, deployment=85.0%, MSE=3.329e-05, K=24.00
Epoch 056/128 proposal [=.......................] 1/19 MSE=1.279e-05 pass=100.0% K=24.0 denseK=24.0 countMAE=0.00 lr=group_0:2.0e-04
Epoch 056/128 proposal [============............] 10/19 MSE=1.410e-05 pass=100.0% K=24.0 denseK=24.0 countMAE=0.00 lr=group_0:2.0e-04
Epoch 056/128 proposal [========================] 19/19 MSE=1.285e-05 pass=100.0% K=24.0 denseK=24.0 countMAE=0.00 lr=group_0:2.0e-04
  validation [===.....................] 1/8 
  validation [========================] 8/8 
Epoch 056 phase=proposal lr=group_0:2.0e-04 val dense=75.0% deployment=75.0% worst-source=15.0% qualification=9.5% MSE=4.715e-05 K=24.00 mass=11.75 beta=0.04 soft_cost=1.4175 selection_score=-1.4175 complexity=0.00->0.00 safety=0+0.03sigma scale=1.00->1.00 pass_reference_only=9.5%
  Proposal train geometry: coverage_MAE=7.7663e-03, ordered_assignment_MAE=7.7694e-03, matched_K=11.63, R@.005/.01/.02=0.383/0.673/0.977, parameter_bias=1.536e-02
  Synthetic K=20: n=21, dense=9.5%, deployment=9.5%
  Synthetic: dense=78.8%, deployment=78.8%, MSE=3.331e-05, K=24.00, targetK=12.60, count_MAE=11.40, bias=+11.40, knot_F1@0.01=0.483, param_RMSE=3.744e-02
  uji_pen_characters_v2: dense=95.0%, deployment=95.0%, MSE=1.706e-05, K=24.00
  natural_earth_10m_coastline: dense=15.0%, deployment=15.0%, MSE=1.764e-04, K=24.00
  usgs_tnm_contours_large_scale: dense=75.0%, deployment=75.0%, MSE=7.259e-05, K=24.00
  industrial_model_offset_curves: dense=85.0%, deployment=85.0%, MSE=3.318e-05, K=24.00
Epoch 057/128 proposal [=.......................] 1/19 MSE=1.469e-05 pass=96.9% K=24.0 denseK=24.0 countMAE=0.00 lr=group_0:2.0e-04
Epoch 057/128 proposal [============............] 10/19 MSE=1.385e-05 pass=100.0% K=24.0 denseK=24.0 countMAE=0.00 lr=group_0:2.0e-04
Epoch 057/128 proposal [========================] 19/19 MSE=1.798e-05 pass=95.8% K=24.0 denseK=24.0 countMAE=0.00 lr=group_0:2.0e-04
  validation [===.....................] 1/8 
  validation [========================] 8/8 
Epoch 057 phase=proposal lr=group_0:2.0e-04 val dense=74.2% deployment=74.2% worst-source=15.0% qualification=4.8% MSE=5.093e-05 K=24.00 mass=11.72 beta=0.05 soft_cost=1.4463 selection_score=-1.4463 complexity=0.00->0.00 safety=0+0.03sigma scale=1.00->1.00 pass_reference_only=4.8%
  Proposal train geometry: coverage_MAE=7.7826e-03, ordered_assignment_MAE=7.7868e-03, matched_K=11.63, R@.005/.01/.02=0.377/0.679/0.976, parameter_bias=1.541e-02
  Synthetic K=20: n=21, dense=4.8%, deployment=4.8%
  Synthetic: dense=78.1%, deployment=78.1%, MSE=3.832e-05, K=24.00, targetK=12.60, count_MAE=11.40, bias=+11.40, knot_F1@0.01=0.478, param_RMSE=3.716e-02
  uji_pen_characters_v2: dense=95.0%, deployment=95.0%, MSE=1.838e-05, K=24.00
  natural_earth_10m_coastline: dense=15.0%, deployment=15.0%, MSE=1.794e-04, K=24.00
  usgs_tnm_contours_large_scale: dense=70.0%, deployment=70.0%, MSE=7.505e-05, K=24.00
  industrial_model_offset_curves: dense=85.0%, deployment=85.0%, MSE=3.173e-05, K=24.00
Epoch 058/128 proposal [=.......................] 1/19 MSE=1.448e-05 pass=96.9% K=24.0 denseK=24.0 countMAE=0.00 lr=group_0:2.0e-04
Epoch 058/128 proposal [============............] 10/19 MSE=1.629e-05 pass=96.9% K=24.0 denseK=24.0 countMAE=0.00 lr=group_0:2.0e-04
Epoch 058/128 proposal [========================] 19/19 MSE=1.826e-05 pass=95.8% K=24.0 denseK=24.0 countMAE=0.00 lr=group_0:2.0e-04
  validation [===.....................] 1/8 
  validation [========================] 8/8 
Epoch 058 phase=proposal lr=group_0:2.0e-04 val dense=75.4% deployment=75.4% worst-source=20.0% qualification=4.8% MSE=5.037e-05 K=24.00 mass=11.74 beta=0.04 soft_cost=1.4209 selection_score=-1.4209 complexity=0.00->0.00 safety=0+0.03sigma scale=1.00->1.00 pass_reference_only=4.8%
  Proposal train geometry: coverage_MAE=7.7408e-03, ordered_assignment_MAE=7.7453e-03, matched_K=11.63, R@.005/.01/.02=0.386/0.676/0.978, parameter_bias=1.538e-02
  Synthetic K=20: n=21, dense=4.8%, deployment=4.8%
  Synthetic: dense=79.4%, deployment=79.4%, MSE=3.685e-05, K=24.00, targetK=12.60, count_MAE=11.40, bias=+11.40, knot_F1@0.01=0.481, param_RMSE=3.578e-02
  uji_pen_characters_v2: dense=95.0%, deployment=95.0%, MSE=1.787e-05, K=24.00
  natural_earth_10m_coastline: dense=20.0%, deployment=20.0%, MSE=1.791e-04, K=24.00
  usgs_tnm_contours_large_scale: dense=70.0%, deployment=70.0%, MSE=7.767e-05, K=24.00
  industrial_model_offset_curves: dense=85.0%, deployment=85.0%, MSE=3.500e-05, K=24.00
Epoch 059/128 proposal [=.......................] 1/19 MSE=1.613e-05 pass=96.9% K=24.0 denseK=24.0 countMAE=0.00 lr=group_0:2.0e-04
Epoch 059/128 proposal [============............] 10/19 MSE=1.429e-05 pass=96.9% K=24.0 denseK=24.0 countMAE=0.00 lr=group_0:2.0e-04
Epoch 059/128 proposal [========================] 19/19 MSE=1.473e-05 pass=100.0% K=24.0 denseK=24.0 countMAE=0.00 lr=group_0:2.0e-04
  validation [===.....................] 1/8 
  validation [========================] 8/8 
Epoch 059 phase=proposal lr=group_0:2.0e-04 val dense=75.8% deployment=75.8% worst-source=20.0% qualification=4.8% MSE=4.939e-05 K=24.00 mass=11.74 beta=0.04 soft_cost=1.4242 selection_score=-1.4242 complexity=0.00->0.00 safety=0+0.03sigma scale=1.00->1.00 pass_reference_only=4.8%
  Proposal train geometry: coverage_MAE=7.6272e-03, ordered_assignment_MAE=7.6308e-03, matched_K=11.63, R@.005/.01/.02=0.386/0.690/0.975, parameter_bias=1.525e-02
  Synthetic K=20: n=21, dense=4.8%, deployment=4.8%
  Synthetic: dense=79.4%, deployment=79.4%, MSE=3.649e-05, K=24.00, targetK=12.60, count_MAE=11.40, bias=+11.40, knot_F1@0.01=0.471, param_RMSE=3.743e-02
  uji_pen_characters_v2: dense=95.0%, deployment=95.0%, MSE=1.761e-05, K=24.00
  natural_earth_10m_coastline: dense=20.0%, deployment=20.0%, MSE=1.779e-04, K=24.00
  usgs_tnm_contours_large_scale: dense=75.0%, deployment=75.0%, MSE=7.312e-05, K=24.00
  industrial_model_offset_curves: dense=85.0%, deployment=85.0%, MSE=3.219e-05, K=24.00
Epoch 060/128 proposal [=.......................] 1/19 MSE=1.636e-05 pass=100.0% K=24.0 denseK=24.0 countMAE=0.00 lr=group_0:2.0e-04
Epoch 060/128 proposal [============............] 10/19 MSE=1.241e-05 pass=100.0% K=24.0 denseK=24.0 countMAE=0.00 lr=group_0:2.0e-04
Epoch 060/128 proposal [========================] 19/19 MSE=1.513e-05 pass=100.0% K=24.0 denseK=24.0 countMAE=0.00 lr=group_0:2.0e-04
  validation [===.....................] 1/8 
  validation [========================] 8/8 
Epoch 060 phase=proposal lr=group_0:2.0e-04 val dense=76.2% deployment=76.2% worst-source=20.0% qualification=9.5% MSE=4.981e-05 K=24.00 mass=11.73 beta=0.04 soft_cost=1.4258 selection_score=-1.4258 complexity=0.00->0.00 safety=0+0.03sigma scale=1.00->1.00 pass_reference_only=9.5%
  Proposal train geometry: coverage_MAE=7.7894e-03, ordered_assignment_MAE=7.7928e-03, matched_K=11.64, R@.005/.01/.02=0.377/0.676/0.978, parameter_bias=1.532e-02
  Synthetic K=20: n=21, dense=9.5%, deployment=9.5%
  Synthetic: dense=80.0%, deployment=80.0%, MSE=3.711e-05, K=24.00, targetK=12.60, count_MAE=11.40, bias=+11.40, knot_F1@0.01=0.473, param_RMSE=3.689e-02
  uji_pen_characters_v2: dense=95.0%, deployment=95.0%, MSE=1.759e-05, K=24.00
  natural_earth_10m_coastline: dense=20.0%, deployment=20.0%, MSE=1.750e-04, K=24.00
  usgs_tnm_contours_large_scale: dense=75.0%, deployment=75.0%, MSE=7.448e-05, K=24.00
  industrial_model_offset_curves: dense=85.0%, deployment=85.0%, MSE=3.377e-05, K=24.00
Epoch 061/128 proposal [=.......................] 1/19 MSE=1.296e-05 pass=100.0% K=24.0 denseK=24.0 countMAE=0.00 lr=group_0:2.0e-04
Epoch 061/128 proposal [============............] 10/19 MSE=1.637e-05 pass=100.0% K=24.0 denseK=24.0 countMAE=0.00 lr=group_0:2.0e-04
Epoch 061/128 proposal [========================] 19/19 MSE=1.540e-05 pass=100.0% K=24.0 denseK=24.0 countMAE=0.00 lr=group_0:2.0e-04
  validation [===.....................] 1/8 
  validation [========================] 8/8 
Epoch 061 phase=proposal lr=group_0:2.0e-04 val dense=77.1% deployment=77.1% worst-source=20.0% qualification=9.5% MSE=4.690e-05 K=24.00 mass=11.73 beta=0.05 soft_cost=1.3886 selection_score=-1.3886 complexity=0.00->0.00 safety=0+0.03sigma scale=1.00->1.00 pass_reference_only=9.5%
  Proposal train geometry: coverage_MAE=7.6500e-03, ordered_assignment_MAE=7.6534e-03, matched_K=11.63, R@.005/.01/.02=0.387/0.689/0.978, parameter_bias=1.499e-02
  Synthetic K=20: n=21, dense=9.5%, deployment=9.5%
  Synthetic: dense=81.9%, deployment=81.9%, MSE=3.176e-05, K=24.00, targetK=12.60, count_MAE=11.40, bias=+11.40, knot_F1@0.01=0.489, param_RMSE=3.673e-02
  uji_pen_characters_v2: dense=95.0%, deployment=95.0%, MSE=1.778e-05, K=24.00
  natural_earth_10m_coastline: dense=20.0%, deployment=20.0%, MSE=1.796e-04, K=24.00
  usgs_tnm_contours_large_scale: dense=70.0%, deployment=70.0%, MSE=7.679e-05, K=24.00
  industrial_model_offset_curves: dense=85.0%, deployment=85.0%, MSE=3.451e-05, K=24.00
Epoch 062/128 proposal [=.......................] 1/19 MSE=1.801e-05 pass=96.9% K=24.0 denseK=24.0 countMAE=0.00 lr=group_0:2.0e-04
Epoch 062/128 proposal [============............] 10/19 MSE=1.543e-05 pass=100.0% K=24.0 denseK=24.0 countMAE=0.00 lr=group_0:2.0e-04
Epoch 062/128 proposal [========================] 19/19 MSE=1.394e-05 pass=100.0% K=24.0 denseK=24.0 countMAE=0.00 lr=group_0:2.0e-04
  validation [===.....................] 1/8 
  validation [========================] 8/8 
Epoch 062 phase=proposal lr=group_0:2.0e-04 val dense=76.7% deployment=76.7% worst-source=20.0% qualification=9.5% MSE=4.754e-05 K=24.00 mass=11.75 beta=0.04 soft_cost=1.3978 selection_score=-1.3978 complexity=0.00->0.00 safety=0+0.03sigma scale=1.00->1.00 pass_reference_only=9.5%
  Proposal train geometry: coverage_MAE=7.5038e-03, ordered_assignment_MAE=7.5073e-03, matched_K=11.63, R@.005/.01/.02=0.400/0.695/0.978, parameter_bias=1.504e-02
  Synthetic K=20: n=21, dense=9.5%, deployment=9.5%
  Synthetic: dense=81.2%, deployment=81.2%, MSE=3.245e-05, K=24.00, targetK=12.60, count_MAE=11.40, bias=+11.40, knot_F1@0.01=0.488, param_RMSE=3.580e-02
  uji_pen_characters_v2: dense=95.0%, deployment=95.0%, MSE=1.775e-05, K=24.00
  natural_earth_10m_coastline: dense=20.0%, deployment=20.0%, MSE=1.806e-04, K=24.00
  usgs_tnm_contours_large_scale: dense=70.0%, deployment=70.0%, MSE=7.680e-05, K=24.00
  industrial_model_offset_curves: dense=85.0%, deployment=85.0%, MSE=3.575e-05, K=24.00
Epoch 063/128 proposal [=.......................] 1/19 MSE=1.387e-05 pass=96.9% K=24.0 denseK=24.0 countMAE=0.00 lr=group_0:2.0e-04
Epoch 063/128 proposal [============............] 10/19 MSE=1.388e-05 pass=96.9% K=24.0 denseK=24.0 countMAE=0.00 lr=group_0:2.0e-04
Epoch 063/128 proposal [========================] 19/19 MSE=1.625e-05 pass=95.8% K=24.0 denseK=24.0 countMAE=0.00 lr=group_0:2.0e-04
  validation [===.....................] 1/8 
  validation [========================] 8/8 
Epoch 063 phase=proposal lr=group_0:2.0e-04 val dense=76.2% deployment=76.2% worst-source=25.0% qualification=9.5% MSE=4.536e-05 K=24.00 mass=11.75 beta=0.04 soft_cost=1.3954 selection_score=-1.3954 complexity=0.00->0.00 safety=0+0.03sigma scale=1.00->1.00 pass_reference_only=9.5%
  Proposal train geometry: coverage_MAE=7.4970e-03, ordered_assignment_MAE=7.4996e-03, matched_K=11.63, R@.005/.01/.02=0.400/0.700/0.978, parameter_bias=1.502e-02
  Synthetic K=20: n=21, dense=9.5%, deployment=9.5%
  Synthetic: dense=80.0%, deployment=80.0%, MSE=3.268e-05, K=24.00, targetK=12.60, count_MAE=11.40, bias=+11.40, knot_F1@0.01=0.488, param_RMSE=3.739e-02
  uji_pen_characters_v2: dense=95.0%, deployment=95.0%, MSE=1.468e-05, K=24.00
  natural_earth_10m_coastline: dense=25.0%, deployment=25.0%, MSE=1.669e-04, K=24.00
  usgs_tnm_contours_large_scale: dense=70.0%, deployment=70.0%, MSE=6.991e-05, K=24.00
  industrial_model_offset_curves: dense=85.0%, deployment=85.0%, MSE=3.141e-05, K=24.00
Epoch 064/128 proposal [=.......................] 1/19 MSE=1.268e-05 pass=100.0% K=24.0 denseK=24.0 countMAE=0.00 lr=group_0:2.0e-04
Epoch 064/128 proposal [============............] 10/19 MSE=1.482e-05 pass=96.9% K=24.0 denseK=24.0 countMAE=0.00 lr=group_0:2.0e-04
Epoch 064/128 proposal [========================] 19/19 MSE=1.224e-05 pass=95.8% K=24.0 denseK=24.0 countMAE=0.00 lr=group_0:2.0e-04
  validation [===.....................] 1/8 
  validation [========================] 8/8 
Epoch 064 phase=proposal lr=group_0:2.0e-04 val dense=77.5% deployment=77.5% worst-source=20.0% qualification=19.0% MSE=4.665e-05 K=24.00 mass=11.72 beta=0.05 soft_cost=1.3819 selection_score=-1.3819 complexity=0.00->1.00 safety=0+0.03sigma scale=1.00->0.00 pass_reference_only=19.0%
  Proposal train geometry: coverage_MAE=7.3792e-03, ordered_assignment_MAE=7.3830e-03, matched_K=11.63, R@.005/.01/.02=0.405/0.705/0.979, parameter_bias=1.494e-02
  Synthetic K=20: n=21, dense=19.0%, deployment=19.0%
  Synthetic: dense=82.5%, deployment=82.5%, MSE=3.117e-05, K=24.00, targetK=12.60, count_MAE=11.40, bias=+11.40, knot_F1@0.01=0.499, param_RMSE=3.679e-02
  uji_pen_characters_v2: dense=95.0%, deployment=95.0%, MSE=1.826e-05, K=24.00
  natural_earth_10m_coastline: dense=20.0%, deployment=20.0%, MSE=1.797e-04, K=24.00
  usgs_tnm_contours_large_scale: dense=70.0%, deployment=70.0%, MSE=7.714e-05, K=24.00
  industrial_model_offset_curves: dense=85.0%, deployment=85.0%, MSE=3.532e-05, K=24.00
Proposal schedule complete; loading the validation-ranked best dense initializer from epoch 64 (worst-source pass=20.0%, reporting reference=90.0%). Joint training starts unconditionally in selector_warmup.
Building/checking fixed-Proposal feasible-subset labels at /home/feng/HouCode/SplineSurpervisedFitting/outputs/teachers/candidate_selection_v16_mse5e-5_small_medium_sourcek20_kc24_p64_j64_linux_r1/train.pt; this is offline work, not Joint per-step search.
offline feasible Teacher [........................] 8/600 
offline feasible Teacher [........................] 16/600 
offline feasible Teacher [........................] 24/600 
offline feasible Teacher [=.......................] 32/600 
offline feasible Teacher [=.......................] 40/600 
offline feasible Teacher [=.......................] 48/600 
offline feasible Teacher [==......................] 56/600 
offline feasible Teacher [==......................] 64/600 
offline feasible Teacher [==......................] 72/600 
offline feasible Teacher [===.....................] 80/600 
offline feasible Teacher [===.....................] 88/600 
offline feasible Teacher [===.....................] 96/600 
offline feasible Teacher [====....................] 104/600 
offline feasible Teacher [====....................] 112/600 
offline feasible Teacher [====....................] 120/600 
offline feasible Teacher [=====...................] 128/600 
offline feasible Teacher [=====...................] 136/600 
offline feasible Teacher [=====...................] 144/600 
offline feasible Teacher [======..................] 152/600 
offline feasible Teacher [======..................] 160/600 
offline feasible Teacher [======..................] 168/600 
offline feasible Teacher [=======.................] 176/600 
offline feasible Teacher [=======.................] 184/600 
offline feasible Teacher [=======.................] 192/600 
offline feasible Teacher [========................] 200/600 
offline feasible Teacher [========................] 208/600 
offline feasible Teacher [========................] 216/600 
offline feasible Teacher [========................] 224/600 
offline feasible Teacher [=========...............] 232/600 
offline feasible Teacher [=========...............] 240/600 
offline feasible Teacher [=========...............] 248/600 
offline feasible Teacher [==========..............] 256/600 
offline feasible Teacher [==========..............] 264/600 
offline feasible Teacher [==========..............] 272/600 
offline feasible Teacher [===========.............] 280/600 
offline feasible Teacher [===========.............] 288/600 
offline feasible Teacher [===========.............] 296/600 
offline feasible Teacher [============............] 304/600 
offline feasible Teacher [============............] 312/600 
offline feasible Teacher [============............] 320/600 
offline feasible Teacher [=============...........] 328/600 
offline feasible Teacher [=============...........] 336/600 
offline feasible Teacher [=============...........] 344/600 
offline feasible Teacher [==============..........] 352/600 
offline feasible Teacher [==============..........] 360/600 
offline feasible Teacher [==============..........] 368/600 
offline feasible Teacher [===============.........] 376/600 
offline feasible Teacher [===============.........] 384/600 
offline feasible Teacher [===============.........] 392/600 
offline feasible Teacher [================........] 400/600 
offline feasible Teacher [================........] 408/600 
offline feasible Teacher [================........] 416/600 
offline feasible Teacher [================........] 424/600 
offline feasible Teacher [=================.......] 432/600 
offline feasible Teacher [=================.......] 440/600 
offline feasible Teacher [=================.......] 448/600 
offline feasible Teacher [==================......] 456/600 
offline feasible Teacher [==================......] 464/600 
offline feasible Teacher [==================......] 472/600 
offline feasible Teacher [===================.....] 480/600 
offline feasible Teacher [===================.....] 488/600 
offline feasible Teacher [===================.....] 496/600 
offline feasible Teacher [====================....] 504/600 
offline feasible Teacher [====================....] 512/600 
offline feasible Teacher [====================....] 520/600 
offline feasible Teacher [=====================...] 528/600 
offline feasible Teacher [=====================...] 536/600 
offline feasible Teacher [=====================...] 544/600 
offline feasible Teacher [======================..] 552/600 
offline feasible Teacher [======================..] 560/600 
offline feasible Teacher [======================..] 568/600 
offline feasible Teacher [=======================.] 576/600 
offline feasible Teacher [=======================.] 584/600 
offline feasible Teacher [=======================.] 592/600 
offline feasible Teacher [========================] 600/600 
Epoch 065/128 selector_warmup [=.......................] 1/19 MSE=1.720e-03 pass=0.0% K=12.1 feasibleK=14.8 countMAE=4.31 lr=proposal:0.0e+00/parameter:0.0e+00/selector:5.0e-05/decoder:1.0e-05
Epoch 065/128 selector_warmup [============............] 10/19 MSE=1.741e-03 pass=0.0% K=12.8 feasibleK=15.4 countMAE=4.34 lr=proposal:0.0e+00/parameter:0.0e+00/selector:5.0e-05/decoder:1.0e-05
Epoch 065/128 selector_warmup [========================] 19/19 MSE=2.082e-03 pass=0.0% K=13.0 feasibleK=14.3 countMAE=3.50 lr=proposal:0.0e+00/parameter:0.0e+00/selector:5.0e-05/decoder:1.0e-05
  validation [===.....................] 1/8 
  validation [========================] 8/8 
Epoch 065 phase=selector_warmup lr=proposal:0.0e+00/parameter:0.0e+00/selector:5.0e-05/decoder:1.0e-05 val dense=77.5% deployment=5.4% worst-source=0.0% qualification=0.0% MSE=1.849e-03 K=13.00 mass=12.33 beta=-0.05 soft_cost=4.9645 selection_score=-4.9645 complexity=1.00->1.00 safety=0+0.03sigma scale=0.00->0.00 pass_reference_only=0.0%
  Joint train structure: Keep P/R/F1=0.625/0.516/0.565, critical_false_delete=0.473, proposal R@.005/.01/.02=0.405/0.711/0.981, parameter_bias=1.498e-02, count-cal loss=6.196e-02, score/target/bias/MAE=12.07/15.04/-2.97/4.61, fine-risk mean/std/range=0.968/0.092/0.488, fine-loss/rank=7.666e-01/2.112e+00
  Counterfactual Keep: feasible-swap=8.5%, swap-equivalent recall=0.525, OR loss=2.879e-01
  Feasibility chain: numerical Teacher pass/MSE=99.2%/4.295e-05, student teacher-mask pass/MSE=82.8%/4.356e-05, student one-shot pass/MSE=0.7%/1.825e-03, teacher-source |K gap|=3.65; teacher-K topK recall/exact=0.684/0.002, boundary-rank loss=1.342e+00, teacher-frame parameter displacement=2.733e-05
  Synthetic K=20: n=21, dense=19.0%, deployment=0.0%
  Synthetic: dense=82.5%, deployment=0.6%, MSE=2.436e-03, K=13.00, targetK=12.60, count_MAE=4.51, bias=+0.40, knot_F1@0.01=0.354, param_RMSE=3.675e-02
  uji_pen_characters_v2: dense=95.0%, deployment=35.0%, MSE=1.883e-04, K=13.00
  natural_earth_10m_coastline: dense=20.0%, deployment=0.0%, MSE=1.189e-03, K=13.00
  usgs_tnm_contours_large_scale: dense=70.0%, deployment=0.0%, MSE=6.872e-04, K=13.00
  industrial_model_offset_curves: dense=85.0%, deployment=25.0%, MSE=6.413e-04, K=13.00
Epoch 066/128 selector_warmup [=.......................] 1/19 MSE=1.893e-03 pass=0.0% K=13.0 feasibleK=13.5 countMAE=4.03 lr=proposal:0.0e+00/parameter:0.0e+00/selector:5.0e-05/decoder:1.0e-05
Epoch 066/128 selector_warmup [============............] 10/19 MSE=1.926e-03 pass=0.0% K=13.0 feasibleK=14.4 countMAE=4.09 lr=proposal:0.0e+00/parameter:0.0e+00/selector:5.0e-05/decoder:1.0e-05
Epoch 066/128 selector_warmup [========================] 19/19 MSE=1.897e-03 pass=0.0% K=13.6 feasibleK=16.0 countMAE=3.96 lr=proposal:0.0e+00/parameter:0.0e+00/selector:5.0e-05/decoder:1.0e-05
  validation [===.....................] 1/8 
  validation [========================] 8/8 
Epoch 066 phase=selector_warmup lr=proposal:0.0e+00/parameter:0.0e+00/selector:5.0e-05/decoder:1.0e-05 val dense=77.5% deployment=6.7% worst-source=0.0% qualification=0.0% MSE=1.469e-03 K=13.57 mass=12.95 beta=-0.16 soft_cost=4.6475 selection_score=-4.6475 complexity=1.00->1.00 safety=0+0.03sigma scale=0.00->0.00 pass_reference_only=0.0%
  Joint train structure: Keep P/R/F1=0.649/0.557/0.599, critical_false_delete=0.451, proposal R@.005/.01/.02=0.406/0.711/0.981, parameter_bias=1.498e-02, count-cal loss=5.288e-02, score/target/bias/MAE=12.69/15.04/-2.35/4.33, fine-risk mean/std/range=0.968/0.092/0.488, fine-loss/rank=7.066e-01/2.111e+00
  Counterfactual Keep: feasible-swap=8.5%, swap-equivalent recall=0.566, OR loss=2.580e-01
  Feasibility chain: numerical Teacher pass/MSE=99.2%/4.295e-05, student teacher-mask pass/MSE=85.2%/4.307e-05, student one-shot pass/MSE=0.5%/2.022e-03, teacher-source |K gap|=3.65; teacher-K topK recall/exact=0.695/0.002, boundary-rank loss=1.320e+00, teacher-frame parameter displacement=8.646e-05
  Synthetic K=20: n=21, dense=19.0%, deployment=0.0%
  Synthetic: dense=82.5%, deployment=1.2%, MSE=1.893e-03, K=13.59, targetK=12.60, count_MAE=4.23, bias=+0.99, knot_F1@0.01=0.391, param_RMSE=3.670e-02
  uji_pen_characters_v2: dense=95.0%, deployment=35.0%, MSE=1.750e-04, K=13.20
  natural_earth_10m_coastline: dense=20.0%, deployment=0.0%, MSE=1.243e-03, K=13.40
  usgs_tnm_contours_large_scale: dense=70.0%, deployment=5.0%, MSE=5.382e-04, K=13.70
  industrial_model_offset_curves: dense=85.0%, deployment=30.0%, MSE=5.324e-04, K=13.85
Epoch 067/128 selector_warmup [=.......................] 1/19 MSE=1.952e-03 pass=0.0% K=13.7 feasibleK=16.6 countMAE=4.47 lr=proposal:0.0e+00/parameter:0.0e+00/selector:5.0e-05/decoder:1.0e-05
Epoch 067/128 selector_warmup [============............] 10/19 MSE=1.888e-03 pass=0.0% K=13.7 feasibleK=14.7 countMAE=3.72 lr=proposal:0.0e+00/parameter:0.0e+00/selector:5.0e-05/decoder:1.0e-05
Epoch 067/128 selector_warmup [========================] 19/19 MSE=1.584e-03 pass=0.0% K=13.6 feasibleK=14.9 countMAE=3.67 lr=proposal:0.0e+00/parameter:0.0e+00/selector:5.0e-05/decoder:1.0e-05
  validation [===.....................] 1/8 
  validation [========================] 8/8 
Epoch 067 phase=selector_warmup lr=proposal:0.0e+00/parameter:0.0e+00/selector:5.0e-05/decoder:1.0e-05 val dense=77.5% deployment=6.2% worst-source=0.0% qualification=0.0% MSE=1.515e-03 K=13.79 mass=13.29 beta=-0.22 soft_cost=4.7568 selection_score=-4.7568 complexity=1.00->1.00 safety=0+0.03sigma scale=0.00->0.00 pass_reference_only=0.0%
  Joint train structure: Keep P/R/F1=0.665/0.596/0.628, critical_false_delete=0.409, proposal R@.005/.01/.02=0.405/0.710/0.981, parameter_bias=1.498e-02, count-cal loss=4.625e-02, score/target/bias/MAE=13.18/15.04/-1.86/4.08, fine-risk mean/std/range=0.968/0.092/0.488, fine-loss/rank=6.599e-01/2.111e+00
  Counterfactual Keep: feasible-swap=8.6%, swap-equivalent recall=0.604, OR loss=2.403e-01
  Feasibility chain: numerical Teacher pass/MSE=99.2%/4.295e-05, student teacher-mask pass/MSE=87.3%/4.260e-05, student one-shot pass/MSE=0.7%/1.865e-03, teacher-source |K gap|=3.65; teacher-K topK recall/exact=0.710/0.003, boundary-rank loss=1.318e+00, teacher-frame parameter displacement=1.481e-04
  Synthetic K=20: n=21, dense=19.0%, deployment=0.0%
  Synthetic: dense=82.5%, deployment=0.0%, MSE=1.955e-03, K=13.73, targetK=12.60, count_MAE=4.34, bias=+1.13, knot_F1@0.01=0.395, param_RMSE=3.668e-02
  uji_pen_characters_v2: dense=95.0%, deployment=40.0%, MSE=1.633e-04, K=13.65
  natural_earth_10m_coastline: dense=20.0%, deployment=0.0%, MSE=1.245e-03, K=13.85
  usgs_tnm_contours_large_scale: dense=70.0%, deployment=10.0%, MSE=5.285e-04, K=14.00
  industrial_model_offset_curves: dense=85.0%, deployment=25.0%, MSE=6.071e-04, K=14.10
Epoch 068/128 selector_warmup [=.......................] 1/19 MSE=1.706e-03 pass=0.0% K=13.5 feasibleK=14.9 countMAE=4.12 lr=proposal:0.0e+00/parameter:0.0e+00/selector:5.0e-05/decoder:1.0e-05
Epoch 068/128 selector_warmup [============............] 10/19 MSE=2.058e-03 pass=0.0% K=13.9 feasibleK=16.0 countMAE=3.56 lr=proposal:0.0e+00/parameter:0.0e+00/selector:5.0e-05/decoder:1.0e-05
Epoch 068/128 selector_warmup [========================] 19/19 MSE=1.478e-03 pass=4.2% K=13.8 feasibleK=14.0 countMAE=3.42 lr=proposal:0.0e+00/parameter:0.0e+00/selector:5.0e-05/decoder:1.0e-05
  validation [===.....................] 1/8 
  validation [========================] 8/8 
Epoch 068 phase=selector_warmup lr=proposal:0.0e+00/parameter:0.0e+00/selector:5.0e-05/decoder:1.0e-05 val dense=77.5% deployment=7.1% worst-source=0.0% qualification=0.0% MSE=1.579e-03 K=14.07 mass=13.47 beta=-0.25 soft_cost=4.8099 selection_score=-4.8099 complexity=1.00->1.00 safety=0+0.03sigma scale=0.00->0.00 pass_reference_only=0.0%
  Joint train structure: Keep P/R/F1=0.672/0.609/0.638, critical_false_delete=0.393, proposal R@.005/.01/.02=0.405/0.711/0.981, parameter_bias=1.498e-02, count-cal loss=4.027e-02, score/target/bias/MAE=13.37/15.04/-1.67/3.81, fine-risk mean/std/range=0.968/0.092/0.486, fine-loss/rank=6.372e-01/2.111e+00
  Counterfactual Keep: feasible-swap=8.6%, swap-equivalent recall=0.618, OR loss=2.423e-01
  Feasibility chain: numerical Teacher pass/MSE=99.2%/4.295e-05, student teacher-mask pass/MSE=86.7%/4.220e-05, student one-shot pass/MSE=1.2%/1.808e-03, teacher-source |K gap|=3.65; teacher-K topK recall/exact=0.709/0.005, boundary-rank loss=1.317e+00, teacher-frame parameter displacement=2.121e-04
  Synthetic K=20: n=21, dense=19.0%, deployment=0.0%
  Synthetic: dense=82.5%, deployment=0.0%, MSE=2.024e-03, K=14.02, targetK=12.60, count_MAE=4.01, bias=+1.42, knot_F1@0.01=0.408, param_RMSE=3.666e-02
  uji_pen_characters_v2: dense=95.0%, deployment=35.0%, MSE=1.688e-04, K=13.85
  natural_earth_10m_coastline: dense=20.0%, deployment=0.0%, MSE=1.346e-03, K=13.85
  usgs_tnm_contours_large_scale: dense=70.0%, deployment=15.0%, MSE=5.060e-04, K=14.35
  industrial_model_offset_curves: dense=85.0%, deployment=35.0%, MSE=7.353e-04, K=14.70
Epoch 069/128 joint_finetune [=.......................] 1/19 MSE=1.818e-03 pass=3.1% K=13.9 feasibleK=15.1 countMAE=3.97 lr=proposal:0.0e+00/parameter:0.0e+00/selector:5.0e-05/decoder:1.0e-05
Epoch 069/128 joint_finetune [============............] 10/19 MSE=1.684e-03 pass=0.0% K=13.8 feasibleK=15.3 countMAE=3.03 lr=proposal:0.0e+00/parameter:0.0e+00/selector:5.0e-05/decoder:1.0e-05
Epoch 069/128 joint_finetune [========================] 19/19 MSE=1.820e-03 pass=0.0% K=14.0 feasibleK=15.5 countMAE=3.46 lr=proposal:0.0e+00/parameter:0.0e+00/selector:5.0e-05/decoder:1.0e-05
  validation [===.....................] 1/8 
  validation [========================] 8/8 
Epoch 069 phase=joint_finetune lr=proposal:0.0e+00/parameter:0.0e+00/selector:5.0e-05/decoder:1.0e-05 val dense=77.5% deployment=7.5% worst-source=0.0% qualification=0.0% MSE=1.453e-03 K=14.10 mass=13.54 beta=-0.26 soft_cost=4.7149 selection_score=-4.7149 complexity=1.00->1.00 safety=0+0.03sigma scale=0.00->0.00 pass_reference_only=0.0%
  Joint train structure: Keep P/R/F1=0.679/0.615/0.645, critical_false_delete=0.383, proposal R@.005/.01/.02=0.406/0.710/0.981, parameter_bias=1.499e-02, count-cal loss=3.414e-02, score/target/bias/MAE=13.32/15.04/-1.72/3.51, fine-risk mean/std/range=0.968/0.092/0.488, fine-loss/rank=6.322e-01/2.111e+00
  Counterfactual Keep: feasible-swap=8.5%, swap-equivalent recall=0.625, OR loss=2.615e-01
  Feasibility chain: numerical Teacher pass/MSE=99.2%/4.295e-05, student teacher-mask pass/MSE=87.3%/4.194e-05, student one-shot pass/MSE=0.7%/1.788e-03, teacher-source |K gap|=3.65; teacher-K topK recall/exact=0.712/0.003, boundary-rank loss=1.317e+00, teacher-frame parameter displacement=2.538e-04
  Synthetic K=20: n=21, dense=19.0%, deployment=0.0%
  Synthetic: dense=82.5%, deployment=0.0%, MSE=1.903e-03, K=13.92, targetK=12.60, count_MAE=3.83, bias=+1.32, knot_F1@0.01=0.413, param_RMSE=3.666e-02
  uji_pen_characters_v2: dense=95.0%, deployment=45.0%, MSE=1.405e-04, K=14.10
  natural_earth_10m_coastline: dense=20.0%, deployment=0.0%, MSE=1.192e-03, K=14.00
  usgs_tnm_contours_large_scale: dense=70.0%, deployment=10.0%, MSE=4.203e-04, K=14.60
  industrial_model_offset_curves: dense=85.0%, deployment=35.0%, MSE=4.566e-04, K=15.10
Epoch 070/128 joint_finetune [=.......................] 1/19 MSE=1.327e-03 pass=0.0% K=13.3 feasibleK=13.7 countMAE=2.88 lr=proposal:0.0e+00/parameter:0.0e+00/selector:5.0e-05/decoder:1.0e-05
Epoch 070/128 joint_finetune [============............] 10/19 MSE=1.786e-03 pass=0.0% K=13.8 feasibleK=15.3 countMAE=2.94 lr=proposal:0.0e+00/parameter:0.0e+00/selector:5.0e-05/decoder:1.0e-05
Epoch 070/128 joint_finetune [========================] 19/19 MSE=1.813e-03 pass=0.0% K=14.0 feasibleK=15.4 countMAE=2.38 lr=proposal:0.0e+00/parameter:0.0e+00/selector:5.0e-05/decoder:1.0e-05
  validation [===.....................] 1/8 
  validation [========================] 8/8 
Epoch 070 phase=joint_finetune lr=proposal:0.0e+00/parameter:0.0e+00/selector:5.0e-05/decoder:1.0e-05 val dense=77.5% deployment=7.5% worst-source=0.0% qualification=0.0% MSE=1.579e-03 K=14.45 mass=13.87 beta=-0.32 soft_cost=4.8356 selection_score=-4.8356 complexity=1.00->1.00 safety=0+0.03sigma scale=0.00->0.00 pass_reference_only=0.0%
  Joint train structure: Keep P/R/F1=0.682/0.620/0.649, critical_false_delete=0.375, proposal R@.005/.01/.02=0.406/0.710/0.981, parameter_bias=1.499e-02, count-cal loss=2.630e-02, score/target/bias/MAE=13.37/15.04/-1.67/3.10, fine-risk mean/std/range=0.968/0.092/0.487, fine-loss/rank=6.163e-01/2.111e+00
  Counterfactual Keep: feasible-swap=8.6%, swap-equivalent recall=0.629, OR loss=2.846e-01
  Feasibility chain: numerical Teacher pass/MSE=99.2%/4.295e-05, student teacher-mask pass/MSE=88.0%/4.169e-05, student one-shot pass/MSE=0.0%/1.778e-03, teacher-source |K gap|=3.65; teacher-K topK recall/exact=0.711/0.003, boundary-rank loss=1.317e+00, teacher-frame parameter displacement=2.788e-04
  Synthetic K=20: n=21, dense=19.0%, deployment=0.0%
  Synthetic: dense=82.5%, deployment=0.0%, MSE=2.019e-03, K=14.22, targetK=12.60, count_MAE=3.50, bias=+1.62, knot_F1@0.01=0.411, param_RMSE=3.667e-02
  uji_pen_characters_v2: dense=95.0%, deployment=45.0%, MSE=1.413e-04, K=14.50
  natural_earth_10m_coastline: dense=20.0%, deployment=0.0%, MSE=1.670e-03, K=14.20
  usgs_tnm_contours_large_scale: dense=70.0%, deployment=10.0%, MSE=4.838e-04, K=15.10
  industrial_model_offset_curves: dense=85.0%, deployment=35.0%, MSE=4.963e-04, K=15.75
Epoch 071/128 joint_finetune [=.......................] 1/19 MSE=1.653e-03 pass=0.0% K=14.1 feasibleK=15.1 countMAE=2.22 lr=proposal:0.0e+00/parameter:0.0e+00/selector:5.0e-05/decoder:1.0e-05
Epoch 071/128 joint_finetune [============............] 10/19 MSE=1.780e-03 pass=0.0% K=14.3 feasibleK=16.3 countMAE=2.69 lr=proposal:0.0e+00/parameter:0.0e+00/selector:5.0e-05/decoder:1.0e-05
Epoch 071/128 joint_finetune [========================] 19/19 MSE=1.798e-03 pass=0.0% K=15.0 feasibleK=16.3 countMAE=2.42 lr=proposal:0.0e+00/parameter:0.0e+00/selector:5.0e-05/decoder:1.0e-05
  validation [===.....................] 1/8 
  validation [========================] 8/8 
Epoch 071 phase=joint_finetune lr=proposal:0.0e+00/parameter:0.0e+00/selector:5.0e-05/decoder:1.0e-05 val dense=77.5% deployment=7.5% worst-source=0.0% qualification=0.0% MSE=1.403e-03 K=14.76 mass=14.20 beta=-0.38 soft_cost=4.6861 selection_score=-4.6861 complexity=1.00->1.00 safety=0+0.03sigma scale=0.00->0.00 pass_reference_only=0.0%
  Joint train structure: Keep P/R/F1=0.692/0.636/0.663, critical_false_delete=0.357, proposal R@.005/.01/.02=0.405/0.710/0.981, parameter_bias=1.499e-02, count-cal loss=1.812e-02, score/target/bias/MAE=13.55/15.04/-1.48/2.59, fine-risk mean/std/range=0.968/0.092/0.488, fine-loss/rank=5.904e-01/2.111e+00
  Counterfactual Keep: feasible-swap=8.6%, swap-equivalent recall=0.646, OR loss=3.132e-01
  Feasibility chain: numerical Teacher pass/MSE=99.2%/4.295e-05, student teacher-mask pass/MSE=87.8%/4.148e-05, student one-shot pass/MSE=0.0%/1.751e-03, teacher-source |K gap|=3.65; teacher-K topK recall/exact=0.713/0.002, boundary-rank loss=1.317e+00, teacher-frame parameter displacement=2.596e-04
  Synthetic K=20: n=21, dense=19.0%, deployment=0.0%
  Synthetic: dense=82.5%, deployment=0.0%, MSE=1.801e-03, K=14.44, targetK=12.60, count_MAE=3.08, bias=+1.84, knot_F1@0.01=0.431, param_RMSE=3.669e-02
  uji_pen_characters_v2: dense=95.0%, deployment=45.0%, MSE=1.293e-04, K=14.85
  natural_earth_10m_coastline: dense=20.0%, deployment=0.0%, MSE=1.612e-03, K=14.65
  usgs_tnm_contours_large_scale: dense=70.0%, deployment=10.0%, MSE=3.438e-04, K=15.55
  industrial_model_offset_curves: dense=85.0%, deployment=35.0%, MSE=3.476e-04, K=16.50
Epoch 072/128 joint_finetune [=.......................] 1/19 MSE=1.685e-03 pass=0.0% K=13.9 feasibleK=15.0 countMAE=2.38 lr=proposal:0.0e+00/parameter:0.0e+00/selector:5.0e-05/decoder:1.0e-05
Epoch 072/128 joint_finetune [============............] 10/19 MSE=1.770e-03 pass=0.0% K=14.4 feasibleK=15.1 countMAE=2.22 lr=proposal:0.0e+00/parameter:0.0e+00/selector:5.0e-05/decoder:1.0e-05
Epoch 072/128 joint_finetune [========================] 19/19 MSE=1.671e-03 pass=0.0% K=14.2 feasibleK=14.5 countMAE=1.58 lr=proposal:0.0e+00/parameter:0.0e+00/selector:5.0e-05/decoder:1.0e-05
  validation [===.....................] 1/8 
  validation [========================] 8/8 
Epoch 072 phase=joint_finetune lr=proposal:0.0e+00/parameter:0.0e+00/selector:5.0e-05/decoder:1.0e-05 val dense=77.5% deployment=8.3% worst-source=0.0% qualification=0.0% MSE=1.390e-03 K=15.18 mass=14.59 beta=-0.46 soft_cost=4.6764 selection_score=-4.6764 complexity=1.00->1.00 safety=0+0.03sigma scale=0.00->0.00 pass_reference_only=0.0%
  Joint train structure: Keep P/R/F1=0.699/0.655/0.676, critical_false_delete=0.332, proposal R@.005/.01/.02=0.405/0.710/0.981, parameter_bias=1.499e-02, count-cal loss=1.317e-02, score/target/bias/MAE=13.83/15.04/-1.21/2.22, fine-risk mean/std/range=0.968/0.092/0.489, fine-loss/rank=5.612e-01/2.111e+00
  Counterfactual Keep: feasible-swap=8.6%, swap-equivalent recall=0.665, OR loss=3.398e-01
  Feasibility chain: numerical Teacher pass/MSE=99.2%/4.295e-05, student teacher-mask pass/MSE=88.3%/4.141e-05, student one-shot pass/MSE=0.2%/1.664e-03, teacher-source |K gap|=3.65; teacher-K topK recall/exact=0.715/0.003, boundary-rank loss=1.317e+00, teacher-frame parameter displacement=3.467e-04
  Synthetic K=20: n=21, dense=19.0%, deployment=0.0%
  Synthetic: dense=82.5%, deployment=0.0%, MSE=1.793e-03, K=14.87, targetK=12.60, count_MAE=3.04, bias=+2.27, knot_F1@0.01=0.441, param_RMSE=3.671e-02
  uji_pen_characters_v2: dense=95.0%, deployment=60.0%, MSE=1.306e-04, K=15.35
  natural_earth_10m_coastline: dense=20.0%, deployment=0.0%, MSE=1.520e-03, K=14.90
  usgs_tnm_contours_large_scale: dense=70.0%, deployment=5.0%, MSE=3.897e-04, K=15.95
  industrial_model_offset_curves: dense=85.0%, deployment=35.0%, MSE=2.963e-04, K=17.05
Epoch 073/128 joint_finetune [=.......................] 1/19 MSE=1.582e-03 pass=0.0% K=15.1 feasibleK=16.1 countMAE=2.00 lr=proposal:0.0e+00/parameter:0.0e+00/selector:5.0e-05/decoder:1.0e-05
Epoch 073/128 joint_finetune [============............] 10/19 MSE=1.566e-03 pass=0.0% K=15.0 feasibleK=14.8 countMAE=1.81 lr=proposal:0.0e+00/parameter:0.0e+00/selector:5.0e-05/decoder:1.0e-05
Epoch 073/128 joint_finetune [========================] 19/19 MSE=1.582e-03 pass=0.0% K=13.1 feasibleK=14.1 countMAE=2.12 lr=proposal:0.0e+00/parameter:0.0e+00/selector:5.0e-05/decoder:1.0e-05
  validation [===.....................] 1/8 
  validation [========================] 8/8 
Epoch 073 phase=joint_finetune lr=proposal:0.0e+00/parameter:0.0e+00/selector:5.0e-05/decoder:1.0e-05 val dense=77.5% deployment=8.3% worst-source=0.0% qualification=0.0% MSE=1.344e-03 K=15.21 mass=14.65 beta=-0.47 soft_cost=4.6266 selection_score=-4.6266 complexity=1.00->1.00 safety=0+0.03sigma scale=0.00->0.00 pass_reference_only=0.0%
  Joint train structure: Keep P/R/F1=0.703/0.668/0.685, critical_false_delete=0.320, proposal R@.005/.01/.02=0.405/0.710/0.981, parameter_bias=1.499e-02, count-cal loss=1.132e-02, score/target/bias/MAE=14.02/15.04/-1.02/2.02, fine-risk mean/std/range=0.968/0.092/0.488, fine-loss/rank=5.419e-01/2.111e+00
  Counterfactual Keep: feasible-swap=8.6%, swap-equivalent recall=0.679, OR loss=3.485e-01
  Feasibility chain: numerical Teacher pass/MSE=99.2%/4.295e-05, student teacher-mask pass/MSE=88.5%/4.123e-05, student one-shot pass/MSE=0.0%/1.643e-03, teacher-source |K gap|=3.65; teacher-K topK recall/exact=0.718/0.003, boundary-rank loss=1.317e+00, teacher-frame parameter displacement=4.421e-04
  Synthetic K=20: n=21, dense=19.0%, deployment=0.0%
  Synthetic: dense=82.5%, deployment=0.0%, MSE=1.747e-03, K=14.81, targetK=12.60, count_MAE=2.93, bias=+2.21, knot_F1@0.01=0.441, param_RMSE=3.672e-02
  uji_pen_characters_v2: dense=95.0%, deployment=55.0%, MSE=8.301e-05, K=15.50
  natural_earth_10m_coastline: dense=20.0%, deployment=0.0%, MSE=1.440e-03, K=15.00
  usgs_tnm_contours_large_scale: dense=70.0%, deployment=10.0%, MSE=3.273e-04, K=16.20
  industrial_model_offset_curves: dense=85.0%, deployment=35.0%, MSE=3.015e-04, K=17.40
Epoch 074/128 joint_finetune [=.......................] 1/19 MSE=1.656e-03 pass=0.0% K=13.8 feasibleK=14.2 countMAE=1.81 lr=proposal:0.0e+00/parameter:0.0e+00/selector:5.0e-05/decoder:1.0e-05
Epoch 074/128 joint_finetune [============............] 10/19 MSE=1.580e-03 pass=0.0% K=14.4 feasibleK=15.2 countMAE=2.34 lr=proposal:0.0e+00/parameter:0.0e+00/selector:5.0e-05/decoder:1.0e-05
Epoch 074/128 joint_finetune [========================] 19/19 MSE=1.531e-03 pass=0.0% K=14.4 feasibleK=14.8 countMAE=1.75 lr=proposal:0.0e+00/parameter:0.0e+00/selector:5.0e-05/decoder:1.0e-05
  validation [===.....................] 1/8 
  validation [========================] 8/8 
Epoch 074 phase=joint_finetune lr=proposal:0.0e+00/parameter:0.0e+00/selector:5.0e-05/decoder:1.0e-05 val dense=77.5% deployment=8.3% worst-source=0.0% qualification=0.0% MSE=1.355e-03 K=15.57 mass=15.02 beta=-0.54 soft_cost=4.6326 selection_score=-4.6326 complexity=1.00->1.00 safety=0+0.03sigma scale=0.00->0.00 pass_reference_only=0.0%
  Joint train structure: Keep P/R/F1=0.708/0.676/0.691, critical_false_delete=0.309, proposal R@.005/.01/.02=0.406/0.711/0.981, parameter_bias=1.500e-02, count-cal loss=1.053e-02, score/target/bias/MAE=14.11/15.04/-0.92/1.93, fine-risk mean/std/range=0.968/0.092/0.491, fine-loss/rank=5.333e-01/2.111e+00
  Counterfactual Keep: feasible-swap=8.6%, swap-equivalent recall=0.687, OR loss=3.583e-01
  Feasibility chain: numerical Teacher pass/MSE=99.2%/4.295e-05, student teacher-mask pass/MSE=90.0%/4.105e-05, student one-shot pass/MSE=0.0%/1.652e-03, teacher-source |K gap|=3.65; teacher-K topK recall/exact=0.718/0.007, boundary-rank loss=1.317e+00, teacher-frame parameter displacement=5.192e-04
  Synthetic K=20: n=21, dense=19.0%, deployment=0.0%
  Synthetic: dense=82.5%, deployment=0.0%, MSE=1.770e-03, K=15.15, targetK=12.60, count_MAE=3.11, bias=+2.55, knot_F1@0.01=0.444, param_RMSE=3.674e-02
  uji_pen_characters_v2: dense=95.0%, deployment=45.0%, MSE=7.980e-05, K=15.90
  natural_earth_10m_coastline: dense=20.0%, deployment=0.0%, MSE=1.370e-03, K=15.45
  usgs_tnm_contours_large_scale: dense=70.0%, deployment=15.0%, MSE=3.684e-04, K=16.65
  industrial_model_offset_curves: dense=85.0%, deployment=40.0%, MSE=2.761e-04, K=17.65
Epoch 075/128 joint_finetune [=.......................] 1/19 MSE=1.577e-03 pass=0.0% K=15.3 feasibleK=15.9 countMAE=1.66 lr=proposal:0.0e+00/parameter:0.0e+00/selector:5.0e-05/decoder:1.0e-05
Epoch 075/128 joint_finetune [============............] 10/19 MSE=1.656e-03 pass=0.0% K=14.3 feasibleK=14.6 countMAE=1.66 lr=proposal:0.0e+00/parameter:0.0e+00/selector:5.0e-05/decoder:1.0e-05
Epoch 075/128 joint_finetune [========================] 19/19 MSE=1.695e-03 pass=0.0% K=15.8 feasibleK=16.3 countMAE=1.62 lr=proposal:0.0e+00/parameter:0.0e+00/selector:5.0e-05/decoder:1.0e-05
  validation [===.....................] 1/8 
  validation [========================] 8/8 
Epoch 075 phase=joint_finetune lr=proposal:0.0e+00/parameter:0.0e+00/selector:5.0e-05/decoder:1.0e-05 val dense=77.5% deployment=8.8% worst-source=0.0% qualification=0.0% MSE=1.286e-03 K=15.55 mass=15.00 beta=-0.54 soft_cost=4.5696 selection_score=-4.5696 complexity=1.00->1.00 safety=0+0.03sigma scale=0.00->0.00 pass_reference_only=0.0%
  Joint train structure: Keep P/R/F1=0.710/0.683/0.696, critical_false_delete=0.300, proposal R@.005/.01/.02=0.407/0.711/0.981, parameter_bias=1.500e-02, count-cal loss=9.927e-03, score/target/bias/MAE=14.18/15.04/-0.86/1.85, fine-risk mean/std/range=0.968/0.092/0.484, fine-loss/rank=5.262e-01/2.111e+00
  Counterfactual Keep: feasible-swap=8.5%, swap-equivalent recall=0.694, OR loss=3.605e-01
  Feasibility chain: numerical Teacher pass/MSE=99.2%/4.295e-05, student teacher-mask pass/MSE=89.2%/4.092e-05, student one-shot pass/MSE=0.0%/1.571e-03, teacher-source |K gap|=3.65; teacher-K topK recall/exact=0.720/0.005, boundary-rank loss=1.317e+00, teacher-frame parameter displacement=5.397e-04
  Synthetic K=20: n=21, dense=19.0%, deployment=0.0%
  Synthetic: dense=82.5%, deployment=0.0%, MSE=1.671e-03, K=15.10, targetK=12.60, count_MAE=2.91, bias=+2.50, knot_F1@0.01=0.458, param_RMSE=3.678e-02
  uji_pen_characters_v2: dense=95.0%, deployment=50.0%, MSE=7.549e-05, K=15.95
  natural_earth_10m_coastline: dense=20.0%, deployment=0.0%, MSE=1.397e-03, K=15.40
  usgs_tnm_contours_large_scale: dense=70.0%, deployment=20.0%, MSE=3.313e-04, K=16.60
  industrial_model_offset_curves: dense=85.0%, deployment=35.0%, MSE=2.611e-04, K=17.90
Epoch 076/128 joint_finetune [=.......................] 1/19 MSE=1.551e-03 pass=0.0% K=14.7 feasibleK=15.5 countMAE=1.59 lr=proposal:0.0e+00/parameter:0.0e+00/selector:5.0e-05/decoder:1.0e-05
Epoch 076/128 joint_finetune [============............] 10/19 MSE=1.802e-03 pass=0.0% K=14.7 feasibleK=15.2 countMAE=1.62 lr=proposal:0.0e+00/parameter:0.0e+00/selector:5.0e-05/decoder:1.0e-05
Epoch 076/128 joint_finetune [========================] 19/19 MSE=1.493e-03 pass=0.0% K=14.6 feasibleK=14.3 countMAE=1.25 lr=proposal:0.0e+00/parameter:0.0e+00/selector:5.0e-05/decoder:1.0e-05
  validation [===.....................] 1/8 
  validation [========================] 8/8 
Epoch 076 phase=joint_finetune lr=proposal:0.0e+00/parameter:0.0e+00/selector:5.0e-05/decoder:1.0e-05 val dense=77.5% deployment=10.0% worst-source=0.0% qualification=0.0% MSE=1.248e-03 K=15.67 mass=15.13 beta=-0.57 soft_cost=4.5079 selection_score=-4.5079 complexity=1.00->1.00 safety=0+0.03sigma scale=0.00->0.00 pass_reference_only=0.0%
  Joint train structure: Keep P/R/F1=0.712/0.688/0.700, critical_false_delete=0.295, proposal R@.005/.01/.02=0.406/0.711/0.981, parameter_bias=1.500e-02, count-cal loss=9.441e-03, score/target/bias/MAE=14.25/15.04/-0.79/1.79, fine-risk mean/std/range=0.968/0.092/0.486, fine-loss/rank=5.207e-01/2.111e+00
  Counterfactual Keep: feasible-swap=8.5%, swap-equivalent recall=0.699, OR loss=3.618e-01
  Feasibility chain: numerical Teacher pass/MSE=99.2%/4.295e-05, student teacher-mask pass/MSE=90.5%/4.077e-05, student one-shot pass/MSE=0.0%/1.571e-03, teacher-source |K gap|=3.65; teacher-K topK recall/exact=0.721/0.005, boundary-rank loss=1.316e+00, teacher-frame parameter displacement=5.307e-04
  Synthetic K=20: n=21, dense=19.0%, deployment=0.0%
  Synthetic: dense=82.5%, deployment=0.0%, MSE=1.612e-03, K=15.20, targetK=12.60, count_MAE=2.96, bias=+2.60, knot_F1@0.01=0.467, param_RMSE=3.682e-02
  uji_pen_characters_v2: dense=95.0%, deployment=55.0%, MSE=7.801e-05, K=16.15
  natural_earth_10m_coastline: dense=20.0%, deployment=0.0%, MSE=1.433e-03, K=15.50
  usgs_tnm_contours_large_scale: dense=70.0%, deployment=25.0%, MSE=3.166e-04, K=16.75
  industrial_model_offset_curves: dense=85.0%, deployment=40.0%, MSE=2.469e-04, K=18.05
Epoch 077/128 joint_finetune [=.......................] 1/19 MSE=1.419e-03 pass=0.0% K=14.9 feasibleK=15.2 countMAE=1.78 lr=proposal:0.0e+00/parameter:0.0e+00/selector:5.0e-05/decoder:1.0e-05
Epoch 077/128 joint_finetune [============............] 10/19 MSE=1.712e-03 pass=0.0% K=15.3 feasibleK=16.2 countMAE=1.56 lr=proposal:0.0e+00/parameter:0.0e+00/selector:5.0e-05/decoder:1.0e-05
Epoch 077/128 joint_finetune [========================] 19/19 MSE=1.402e-03 pass=0.0% K=13.8 feasibleK=13.6 countMAE=1.75 lr=proposal:0.0e+00/parameter:0.0e+00/selector:5.0e-05/decoder:1.0e-05
  validation [===.....................] 1/8 
  validation [========================] 8/8 
Epoch 077 phase=joint_finetune lr=proposal:0.0e+00/parameter:0.0e+00/selector:5.0e-05/decoder:1.0e-05 val dense=77.5% deployment=10.8% worst-source=0.0% qualification=0.0% MSE=1.259e-03 K=15.82 mass=15.27 beta=-0.60 soft_cost=4.5034 selection_score=-4.5034 complexity=1.00->1.00 safety=0+0.03sigma scale=0.00->0.00 pass_reference_only=0.0%
  Joint train structure: Keep P/R/F1=0.707/0.691/0.699, critical_false_delete=0.294, proposal R@.005/.01/.02=0.405/0.709/0.981, parameter_bias=1.501e-02, count-cal loss=8.970e-03, score/target/bias/MAE=14.45/15.04/-0.59/1.73, fine-risk mean/std/range=0.968/0.092/0.487, fine-loss/rank=5.072e-01/2.110e+00
  Counterfactual Keep: feasible-swap=8.6%, swap-equivalent recall=0.703, OR loss=3.492e-01
  Feasibility chain: numerical Teacher pass/MSE=99.2%/4.295e-05, student teacher-mask pass/MSE=91.7%/4.060e-05, student one-shot pass/MSE=0.0%/1.550e-03, teacher-source |K gap|=3.65; teacher-K topK recall/exact=0.716/0.005, boundary-rank loss=1.317e+00, teacher-frame parameter displacement=6.255e-04
  Synthetic K=20: n=21, dense=19.0%, deployment=0.0%
  Synthetic: dense=82.5%, deployment=0.0%, MSE=1.633e-03, K=15.35, targetK=12.60, count_MAE=3.08, bias=+2.75, knot_F1@0.01=0.471, param_RMSE=3.685e-02
  uji_pen_characters_v2: dense=95.0%, deployment=55.0%, MSE=7.751e-05, K=16.30
  natural_earth_10m_coastline: dense=20.0%, deployment=0.0%, MSE=1.381e-03, K=15.70
  usgs_tnm_contours_large_scale: dense=70.0%, deployment=30.0%, MSE=3.407e-04, K=16.85
  industrial_model_offset_curves: dense=85.0%, deployment=45.0%, MSE=2.512e-04, K=18.20
Epoch 078/128 joint_finetune [=.......................] 1/19 MSE=1.611e-03 pass=0.0% K=14.8 feasibleK=14.9 countMAE=1.97 lr=proposal:0.0e+00/parameter:0.0e+00/selector:5.0e-05/decoder:1.0e-05
Epoch 078/128 joint_finetune [============............] 10/19 MSE=1.694e-03 pass=0.0% K=15.1 feasibleK=16.2 countMAE=1.62 lr=proposal:0.0e+00/parameter:0.0e+00/selector:5.0e-05/decoder:1.0e-05
Epoch 078/128 joint_finetune [========================] 19/19 MSE=1.458e-03 pass=0.0% K=14.6 feasibleK=15.3 countMAE=1.54 lr=proposal:0.0e+00/parameter:0.0e+00/selector:5.0e-05/decoder:1.0e-05
  validation [===.....................] 1/8 
  validation [========================] 8/8 
Epoch 078 phase=joint_finetune lr=proposal:0.0e+00/parameter:0.0e+00/selector:5.0e-05/decoder:1.0e-05 val dense=77.5% deployment=10.0% worst-source=0.0% qualification=0.0% MSE=1.191e-03 K=16.05 mass=15.51 beta=-0.64 soft_cost=4.4650 selection_score=-4.4650 complexity=1.00->1.00 safety=0+0.03sigma scale=0.00->0.00 pass_reference_only=0.0%
  Joint train structure: Keep P/R/F1=0.715/0.690/0.702, critical_false_delete=0.289, proposal R@.005/.01/.02=0.406/0.712/0.981, parameter_bias=1.501e-02, count-cal loss=8.914e-03, score/target/bias/MAE=14.25/15.04/-0.79/1.72, fine-risk mean/std/range=0.968/0.092/0.487, fine-loss/rank=5.177e-01/2.111e+00
  Counterfactual Keep: feasible-swap=8.5%, swap-equivalent recall=0.702, OR loss=3.691e-01
  Feasibility chain: numerical Teacher pass/MSE=99.2%/4.295e-05, student teacher-mask pass/MSE=90.8%/4.041e-05, student one-shot pass/MSE=0.0%/1.586e-03, teacher-source |K gap|=3.65; teacher-K topK recall/exact=0.722/0.007, boundary-rank loss=1.316e+00, teacher-frame parameter displacement=5.951e-04
  Synthetic K=20: n=21, dense=19.0%, deployment=0.0%
  Synthetic: dense=82.5%, deployment=0.0%, MSE=1.499e-03, K=15.58, targetK=12.60, count_MAE=3.23, bias=+2.98, knot_F1@0.01=0.474, param_RMSE=3.688e-02
  uji_pen_characters_v2: dense=95.0%, deployment=50.0%, MSE=7.832e-05, K=16.50
  natural_earth_10m_coastline: dense=20.0%, deployment=0.0%, MSE=1.666e-03, K=16.00
  usgs_tnm_contours_large_scale: dense=70.0%, deployment=30.0%, MSE=2.994e-04, K=17.20
  industrial_model_offset_curves: dense=85.0%, deployment=40.0%, MSE=2.583e-04, K=18.30
Epoch 079/128 joint_finetune [=.......................] 1/19 MSE=1.255e-03 pass=0.0% K=15.6 feasibleK=15.9 countMAE=2.06 lr=proposal:0.0e+00/parameter:0.0e+00/selector:5.0e-05/decoder:1.0e-05
Epoch 079/128 joint_finetune [============............] 10/19 MSE=1.521e-03 pass=0.0% K=14.2 feasibleK=14.9 countMAE=1.38 lr=proposal:0.0e+00/parameter:0.0e+00/selector:5.0e-05/decoder:1.0e-05
Epoch 079/128 joint_finetune [========================] 19/19 MSE=1.539e-03 pass=0.0% K=15.2 feasibleK=15.7 countMAE=1.25 lr=proposal:0.0e+00/parameter:0.0e+00/selector:5.0e-05/decoder:1.0e-05
  validation [===.....................] 1/8 
  validation [========================] 8/8 
Epoch 079 phase=joint_finetune lr=proposal:0.0e+00/parameter:0.0e+00/selector:5.0e-05/decoder:1.0e-05 val dense=77.5% deployment=9.2% worst-source=0.0% qualification=0.0% MSE=1.253e-03 K=15.83 mass=15.30 beta=-0.60 soft_cost=4.5486 selection_score=-4.5486 complexity=1.00->1.00 safety=0+0.03sigma scale=0.00->0.00 pass_reference_only=0.0%
  Joint train structure: Keep P/R/F1=0.713/0.697/0.705, critical_false_delete=0.284, proposal R@.005/.01/.02=0.406/0.710/0.981, parameter_bias=1.501e-02, count-cal loss=8.508e-03, score/target/bias/MAE=14.45/15.04/-0.59/1.66, fine-risk mean/std/range=0.968/0.092/0.487, fine-loss/rank=5.029e-01/2.111e+00
  Counterfactual Keep: feasible-swap=8.5%, swap-equivalent recall=0.708, OR loss=3.604e-01
  Feasibility chain: numerical Teacher pass/MSE=99.2%/4.295e-05, student teacher-mask pass/MSE=91.3%/4.031e-05, student one-shot pass/MSE=0.0%/1.530e-03, teacher-source |K gap|=3.65; teacher-K topK recall/exact=0.720/0.005, boundary-rank loss=1.316e+00, teacher-frame parameter displacement=5.813e-04
  Synthetic K=20: n=21, dense=19.0%, deployment=0.0%
  Synthetic: dense=82.5%, deployment=0.0%, MSE=1.627e-03, K=15.32, targetK=12.60, count_MAE=2.98, bias=+2.72, knot_F1@0.01=0.468, param_RMSE=3.691e-02
  uji_pen_characters_v2: dense=95.0%, deployment=50.0%, MSE=8.326e-05, K=16.40
  natural_earth_10m_coastline: dense=20.0%, deployment=0.0%, MSE=1.383e-03, K=15.90
  usgs_tnm_contours_large_scale: dense=70.0%, deployment=20.0%, MSE=3.206e-04, K=16.90
  industrial_model_offset_curves: dense=85.0%, deployment=40.0%, MSE=2.375e-04, K=18.20
Epoch 080/128 joint_finetune [=.......................] 1/19 MSE=1.418e-03 pass=0.0% K=14.7 feasibleK=15.1 countMAE=1.59 lr=proposal:0.0e+00/parameter:0.0e+00/selector:5.0e-05/decoder:1.0e-05
Epoch 080/128 joint_finetune [============............] 10/19 MSE=1.568e-03 pass=0.0% K=16.3 feasibleK=16.5 countMAE=1.62 lr=proposal:0.0e+00/parameter:0.0e+00/selector:5.0e-05/decoder:1.0e-05
Epoch 080/128 joint_finetune [========================] 19/19 MSE=1.435e-03 pass=0.0% K=15.5 feasibleK=16.5 countMAE=1.71 lr=proposal:0.0e+00/parameter:0.0e+00/selector:5.0e-05/decoder:1.0e-05
  validation [===.....................] 1/8 
  validation [========================] 8/8 
Epoch 080 phase=joint_finetune lr=proposal:0.0e+00/parameter:0.0e+00/selector:5.0e-05/decoder:1.0e-05 val dense=77.5% deployment=9.6% worst-source=0.0% qualification=0.0% MSE=1.128e-03 K=15.78 mass=15.24 beta=-0.59 soft_cost=4.4590 selection_score=-4.4590 complexity=1.00->1.00 safety=0+0.03sigma scale=0.00->0.00 pass_reference_only=0.0%
  Joint train structure: Keep P/R/F1=0.713/0.702/0.707, critical_false_delete=0.280, proposal R@.005/.01/.02=0.407/0.712/0.981, parameter_bias=1.501e-02, count-cal loss=8.148e-03, score/target/bias/MAE=14.56/15.04/-0.48/1.62, fine-risk mean/std/range=0.968/0.092/0.488, fine-loss/rank=4.942e-01/2.111e+00
  Counterfactual Keep: feasible-swap=8.5%, swap-equivalent recall=0.713, OR loss=3.539e-01
  Feasibility chain: numerical Teacher pass/MSE=99.2%/4.295e-05, student teacher-mask pass/MSE=92.0%/4.017e-05, student one-shot pass/MSE=0.0%/1.506e-03, teacher-source |K gap|=3.65; teacher-K topK recall/exact=0.719/0.007, boundary-rank loss=1.316e+00, teacher-frame parameter displacement=5.870e-04
  Synthetic K=20: n=21, dense=19.0%, deployment=0.0%
  Synthetic: dense=82.5%, deployment=0.0%, MSE=1.503e-03, K=15.26, targetK=12.60, count_MAE=2.92, bias=+2.66, knot_F1@0.01=0.475, param_RMSE=3.693e-02
  uji_pen_characters_v2: dense=95.0%, deployment=50.0%, MSE=6.281e-05, K=16.45
  natural_earth_10m_coastline: dense=20.0%, deployment=0.0%, MSE=9.185e-04, K=15.75
  usgs_tnm_contours_large_scale: dense=70.0%, deployment=25.0%, MSE=2.981e-04, K=16.95
  industrial_model_offset_curves: dense=85.0%, deployment=40.0%, MSE=2.353e-04, K=18.15
Epoch 081/128 joint_finetune [=.......................] 1/19 MSE=1.330e-03 pass=0.0% K=15.2 feasibleK=15.7 countMAE=1.56 lr=proposal:0.0e+00/parameter:0.0e+00/selector:5.0e-05/decoder:1.0e-05
Epoch 081/128 joint_finetune [============............] 10/19 MSE=1.483e-03 pass=0.0% K=14.3 feasibleK=14.3 countMAE=1.44 lr=proposal:0.0e+00/parameter:0.0e+00/selector:5.0e-05/decoder:1.0e-05
Epoch 081/128 joint_finetune [========================] 19/19 MSE=1.934e-03 pass=0.0% K=13.0 feasibleK=13.2 countMAE=0.96 lr=proposal:0.0e+00/parameter:0.0e+00/selector:5.0e-05/decoder:1.0e-05
  validation [===.....................] 1/8 
  validation [========================] 8/8 
Epoch 081 phase=joint_finetune lr=proposal:0.0e+00/parameter:0.0e+00/selector:5.0e-05/decoder:1.0e-05 val dense=77.5% deployment=9.2% worst-source=0.0% qualification=0.0% MSE=1.246e-03 K=15.85 mass=15.33 beta=-0.61 soft_cost=4.5581 selection_score=-4.5581 complexity=1.00->1.00 safety=0+0.03sigma scale=0.00->0.00 pass_reference_only=0.0%
  Joint train structure: Keep P/R/F1=0.719/0.700/0.709, critical_false_delete=0.284, proposal R@.005/.01/.02=0.405/0.710/0.981, parameter_bias=1.501e-02, count-cal loss=8.033e-03, score/target/bias/MAE=14.42/15.04/-0.62/1.61, fine-risk mean/std/range=0.968/0.092/0.489, fine-loss/rank=5.066e-01/2.111e+00
  Counterfactual Keep: feasible-swap=8.6%, swap-equivalent recall=0.711, OR loss=3.599e-01
  Feasibility chain: numerical Teacher pass/MSE=99.2%/4.295e-05, student teacher-mask pass/MSE=91.7%/4.006e-05, student one-shot pass/MSE=0.0%/1.568e-03, teacher-source |K gap|=3.65; teacher-K topK recall/exact=0.723/0.007, boundary-rank loss=1.317e+00, teacher-frame parameter displacement=6.177e-04
  Synthetic K=20: n=21, dense=19.0%, deployment=0.0%
  Synthetic: dense=82.5%, deployment=0.0%, MSE=1.611e-03, K=15.33, targetK=12.60, count_MAE=2.96, bias=+2.73, knot_F1@0.01=0.476, param_RMSE=3.697e-02
  uji_pen_characters_v2: dense=95.0%, deployment=50.0%, MSE=7.801e-05, K=16.50
  natural_earth_10m_coastline: dense=20.0%, deployment=0.0%, MSE=1.362e-03, K=15.90
  usgs_tnm_contours_large_scale: dense=70.0%, deployment=20.0%, MSE=3.719e-04, K=17.00
  industrial_model_offset_curves: dense=85.0%, deployment=40.0%, MSE=2.460e-04, K=18.20
Epoch 082/128 joint_finetune [=.......................] 1/19 MSE=1.627e-03 pass=0.0% K=15.2 feasibleK=16.0 countMAE=1.59 lr=proposal:0.0e+00/parameter:0.0e+00/selector:5.0e-05/decoder:1.0e-05
Epoch 082/128 joint_finetune [============............] 10/19 MSE=1.580e-03 pass=0.0% K=13.6 feasibleK=13.4 countMAE=1.16 lr=proposal:0.0e+00/parameter:0.0e+00/selector:5.0e-05/decoder:1.0e-05
Epoch 082/128 joint_finetune [========================] 19/19 MSE=1.595e-03 pass=0.0% K=16.5 feasibleK=17.1 countMAE=1.25 lr=proposal:0.0e+00/parameter:0.0e+00/selector:5.0e-05/decoder:1.0e-05
  validation [===.....................] 1/8 
  validation [========================] 8/8 
Epoch 082 phase=joint_finetune lr=proposal:0.0e+00/parameter:0.0e+00/selector:5.0e-05/decoder:1.0e-05 val dense=77.5% deployment=8.3% worst-source=0.0% qualification=0.0% MSE=1.274e-03 K=15.94 mass=15.40 beta=-0.63 soft_cost=4.5575 selection_score=-4.5575 complexity=1.00->1.00 safety=0+0.03sigma scale=0.00->0.00 pass_reference_only=0.0%
  Joint train structure: Keep P/R/F1=0.716/0.700/0.708, critical_false_delete=0.279, proposal R@.005/.01/.02=0.406/0.711/0.981, parameter_bias=1.501e-02, count-cal loss=7.837e-03, score/target/bias/MAE=14.47/15.04/-0.57/1.58, fine-risk mean/std/range=0.968/0.092/0.490, fine-loss/rank=5.010e-01/2.110e+00
  Counterfactual Keep: feasible-swap=8.5%, swap-equivalent recall=0.714, OR loss=3.564e-01
  Feasibility chain: numerical Teacher pass/MSE=99.2%/4.295e-05, student teacher-mask pass/MSE=90.7%/4.015e-05, student one-shot pass/MSE=0.0%/1.488e-03, teacher-source |K gap|=3.65; teacher-K topK recall/exact=0.720/0.007, boundary-rank loss=1.316e+00, teacher-frame parameter displacement=6.570e-04
  Synthetic K=20: n=21, dense=19.0%, deployment=0.0%
  Synthetic: dense=82.5%, deployment=0.0%, MSE=1.633e-03, K=15.39, targetK=12.60, count_MAE=2.94, bias=+2.79, knot_F1@0.01=0.472, param_RMSE=3.700e-02
  uji_pen_characters_v2: dense=95.0%, deployment=50.0%, MSE=6.185e-05, K=16.70
  natural_earth_10m_coastline: dense=20.0%, deployment=0.0%, MSE=1.661e-03, K=16.10
  usgs_tnm_contours_large_scale: dense=70.0%, deployment=15.0%, MSE=2.610e-04, K=17.05
  industrial_model_offset_curves: dense=85.0%, deployment=35.0%, MSE=2.413e-04, K=18.30
Epoch 083/128 joint_finetune [=.......................] 1/19 MSE=1.583e-03 pass=0.0% K=15.0 feasibleK=15.5 countMAE=1.38 lr=proposal:0.0e+00/parameter:0.0e+00/selector:5.0e-05/decoder:1.0e-05
Epoch 083/128 joint_finetune [============............] 10/19 MSE=1.404e-03 pass=0.0% K=15.4 feasibleK=15.7 countMAE=1.59 lr=proposal:0.0e+00/parameter:0.0e+00/selector:5.0e-05/decoder:1.0e-05
Epoch 083/128 joint_finetune [========================] 19/19 MSE=1.544e-03 pass=0.0% K=15.5 feasibleK=16.0 countMAE=1.42 lr=proposal:0.0e+00/parameter:0.0e+00/selector:5.0e-05/decoder:1.0e-05
  validation [===.....................] 1/8 
  validation [========================] 8/8 
Epoch 083 phase=joint_finetune lr=proposal:0.0e+00/parameter:0.0e+00/selector:5.0e-05/decoder:1.0e-05 val dense=77.5% deployment=10.4% worst-source=0.0% qualification=0.0% MSE=1.205e-03 K=16.10 mass=15.51 beta=-0.65 soft_cost=4.5026 selection_score=-4.5026 complexity=1.00->1.00 safety=0+0.03sigma scale=0.00->0.00 pass_reference_only=0.0%
  Joint train structure: Keep P/R/F1=0.720/0.708/0.713, critical_false_delete=0.273, proposal R@.005/.01/.02=0.406/0.711/0.981, parameter_bias=1.502e-02, count-cal loss=7.680e-03, score/target/bias/MAE=14.53/15.04/-0.51/1.56, fine-risk mean/std/range=0.968/0.092/0.490, fine-loss/rank=4.956e-01/2.110e+00
  Counterfactual Keep: feasible-swap=8.5%, swap-equivalent recall=0.719, OR loss=3.586e-01
  Feasibility chain: numerical Teacher pass/MSE=99.2%/4.295e-05, student teacher-mask pass/MSE=92.2%/3.994e-05, student one-shot pass/MSE=0.0%/1.501e-03, teacher-source |K gap|=3.65; teacher-K topK recall/exact=0.722/0.005, boundary-rank loss=1.316e+00, teacher-frame parameter displacement=7.151e-04
  Synthetic K=20: n=21, dense=19.0%, deployment=0.0%
  Synthetic: dense=82.5%, deployment=0.0%, MSE=1.560e-03, K=15.56, targetK=12.60, count_MAE=3.04, bias=+2.96, knot_F1@0.01=0.470, param_RMSE=3.703e-02
  uji_pen_characters_v2: dense=95.0%, deployment=60.0%, MSE=6.527e-05, K=16.85
  natural_earth_10m_coastline: dense=20.0%, deployment=0.0%, MSE=1.319e-03, K=16.25
  usgs_tnm_contours_large_scale: dense=70.0%, deployment=25.0%, MSE=3.562e-04, K=17.30
  industrial_model_offset_curves: dense=85.0%, deployment=40.0%, MSE=2.435e-04, K=18.35
Epoch 084/128 joint_finetune [=.......................] 1/19 MSE=1.478e-03 pass=0.0% K=15.4 feasibleK=15.3 countMAE=1.53 lr=proposal:0.0e+00/parameter:0.0e+00/selector:5.0e-05/decoder:1.0e-05
Epoch 084/128 joint_finetune [============............] 10/19 MSE=1.587e-03 pass=0.0% K=16.1 feasibleK=16.0 countMAE=1.44 lr=proposal:0.0e+00/parameter:0.0e+00/selector:5.0e-05/decoder:1.0e-05
Epoch 084/128 joint_finetune [========================] 19/19 MSE=1.745e-03 pass=0.0% K=14.8 feasibleK=15.0 countMAE=1.21 lr=proposal:0.0e+00/parameter:0.0e+00/selector:5.0e-05/decoder:1.0e-05
  validation [===.....................] 1/8 
  validation [========================] 8/8 
Epoch 084 phase=joint_finetune lr=proposal:0.0e+00/parameter:0.0e+00/selector:5.0e-05/decoder:1.0e-05 val dense=77.5% deployment=10.0% worst-source=0.0% qualification=0.0% MSE=1.196e-03 K=16.09 mass=15.48 beta=-0.64 soft_cost=4.5052 selection_score=-4.5052 complexity=1.00->1.00 safety=0+0.03sigma scale=0.00->0.00 pass_reference_only=0.0%
  Joint train structure: Keep P/R/F1=0.716/0.705/0.711, critical_false_delete=0.277, proposal R@.005/.01/.02=0.406/0.711/0.981, parameter_bias=1.502e-02, count-cal loss=7.490e-03, score/target/bias/MAE=14.55/15.04/-0.48/1.53, fine-risk mean/std/range=0.968/0.092/0.486, fine-loss/rank=4.939e-01/2.110e+00
  Counterfactual Keep: feasible-swap=8.5%, swap-equivalent recall=0.717, OR loss=3.597e-01
  Feasibility chain: numerical Teacher pass/MSE=99.2%/4.295e-05, student teacher-mask pass/MSE=92.2%/3.977e-05, student one-shot pass/MSE=0.0%/1.512e-03, teacher-source |K gap|=3.65; teacher-K topK recall/exact=0.722/0.007, boundary-rank loss=1.316e+00, teacher-frame parameter displacement=7.811e-04
  Synthetic K=20: n=21, dense=19.0%, deployment=0.0%
  Synthetic: dense=82.5%, deployment=0.6%, MSE=1.602e-03, K=15.54, targetK=12.60, count_MAE=3.01, bias=+2.94, knot_F1@0.01=0.474, param_RMSE=3.703e-02
  uji_pen_characters_v2: dense=95.0%, deployment=60.0%, MSE=5.791e-05, K=16.90
  natural_earth_10m_coastline: dense=20.0%, deployment=0.0%, MSE=9.216e-04, K=16.25
  usgs_tnm_contours_large_scale: dense=70.0%, deployment=20.0%, MSE=2.857e-04, K=17.20
  industrial_model_offset_curves: dense=85.0%, deployment=35.0%, MSE=2.667e-04, K=18.35
Epoch 085/128 joint_finetune [=.......................] 1/19 MSE=1.636e-03 pass=0.0% K=15.3 feasibleK=15.4 countMAE=1.22 lr=proposal:0.0e+00/parameter:0.0e+00/selector:5.0e-05/decoder:1.0e-05
Epoch 085/128 joint_finetune [============............] 10/19 MSE=1.630e-03 pass=0.0% K=14.7 feasibleK=15.2 countMAE=1.34 lr=proposal:0.0e+00/parameter:0.0e+00/selector:5.0e-05/decoder:1.0e-05
Epoch 085/128 joint_finetune [========================] 19/19 MSE=1.331e-03 pass=0.0% K=16.3 feasibleK=16.2 countMAE=1.79 lr=proposal:0.0e+00/parameter:0.0e+00/selector:5.0e-05/decoder:1.0e-05
  validation [===.....................] 1/8 
  validation [========================] 8/8 
Epoch 085 phase=joint_finetune lr=proposal:0.0e+00/parameter:0.0e+00/selector:5.0e-05/decoder:1.0e-05 val dense=77.5% deployment=10.0% worst-source=0.0% qualification=0.0% MSE=1.235e-03 K=16.23 mass=15.66 beta=-0.68 soft_cost=4.4961 selection_score=-4.4961 complexity=1.00->1.00 safety=0+0.03sigma scale=0.00->0.00 pass_reference_only=0.0%
  Joint train structure: Keep P/R/F1=0.720/0.706/0.713, critical_false_delete=0.273, proposal R@.005/.01/.02=0.406/0.711/0.981, parameter_bias=1.502e-02, count-cal loss=7.417e-03, score/target/bias/MAE=14.50/15.04/-0.54/1.52, fine-risk mean/std/range=0.968/0.092/0.491, fine-loss/rank=4.983e-01/2.110e+00
  Counterfactual Keep: feasible-swap=8.6%, swap-equivalent recall=0.719, OR loss=3.604e-01
  Feasibility chain: numerical Teacher pass/MSE=99.2%/4.295e-05, student teacher-mask pass/MSE=92.5%/3.961e-05, student one-shot pass/MSE=0.0%/1.501e-03, teacher-source |K gap|=3.65; teacher-K topK recall/exact=0.721/0.007, boundary-rank loss=1.316e+00, teacher-frame parameter displacement=7.890e-04
  Synthetic K=20: n=21, dense=19.0%, deployment=0.0%
  Synthetic: dense=82.5%, deployment=0.0%, MSE=1.576e-03, K=15.71, targetK=12.60, count_MAE=3.17, bias=+3.11, knot_F1@0.01=0.473, param_RMSE=3.704e-02
  uji_pen_characters_v2: dense=95.0%, deployment=60.0%, MSE=5.866e-05, K=16.90
  natural_earth_10m_coastline: dense=20.0%, deployment=0.0%, MSE=1.665e-03, K=16.25
  usgs_tnm_contours_large_scale: dense=70.0%, deployment=20.0%, MSE=2.851e-04, K=17.35
  industrial_model_offset_curves: dense=85.0%, deployment=40.0%, MSE=2.045e-04, K=18.55
Epoch 086/128 joint_finetune [=.......................] 1/19 MSE=1.423e-03 pass=0.0% K=15.7 feasibleK=15.9 countMAE=1.78 lr=proposal:0.0e+00/parameter:0.0e+00/selector:5.0e-05/decoder:1.0e-05
Epoch 086/128 joint_finetune [============............] 10/19 MSE=1.597e-03 pass=0.0% K=13.7 feasibleK=13.7 countMAE=1.25 lr=proposal:0.0e+00/parameter:0.0e+00/selector:5.0e-05/decoder:1.0e-05
Epoch 086/128 joint_finetune [========================] 19/19 MSE=1.439e-03 pass=0.0% K=15.8 feasibleK=16.0 countMAE=1.46 lr=proposal:0.0e+00/parameter:0.0e+00/selector:5.0e-05/decoder:1.0e-05
  validation [===.....................] 1/8 
  validation [========================] 8/8 
Epoch 086 phase=joint_finetune lr=proposal:0.0e+00/parameter:0.0e+00/selector:5.0e-05/decoder:1.0e-05 val dense=77.5% deployment=10.0% worst-source=0.0% qualification=0.0% MSE=1.207e-03 K=16.06 mass=15.46 beta=-0.64 soft_cost=4.4835 selection_score=-4.4835 complexity=1.00->1.00 safety=0+0.03sigma scale=0.00->0.00 pass_reference_only=0.0%
  Joint train structure: Keep P/R/F1=0.717/0.708/0.713, critical_false_delete=0.273, proposal R@.005/.01/.02=0.405/0.710/0.981, parameter_bias=1.502e-02, count-cal loss=7.222e-03, score/target/bias/MAE=14.59/15.04/-0.45/1.50, fine-risk mean/std/range=0.968/0.092/0.490, fine-loss/rank=4.911e-01/2.111e+00
  Counterfactual Keep: feasible-swap=8.6%, swap-equivalent recall=0.722, OR loss=3.562e-01
  Feasibility chain: numerical Teacher pass/MSE=99.2%/4.295e-05, student teacher-mask pass/MSE=92.8%/3.951e-05, student one-shot pass/MSE=0.0%/1.470e-03, teacher-source |K gap|=3.65; teacher-K topK recall/exact=0.721/0.005, boundary-rank loss=1.316e+00, teacher-frame parameter displacement=8.505e-04
  Synthetic K=20: n=21, dense=19.0%, deployment=0.0%
  Synthetic: dense=82.5%, deployment=0.0%, MSE=1.530e-03, K=15.51, targetK=12.60, count_MAE=2.97, bias=+2.91, knot_F1@0.01=0.482, param_RMSE=3.706e-02
  uji_pen_characters_v2: dense=95.0%, deployment=60.0%, MSE=5.637e-05, K=16.90
  natural_earth_10m_coastline: dense=20.0%, deployment=0.0%, MSE=1.640e-03, K=16.20
  usgs_tnm_contours_large_scale: dense=70.0%, deployment=25.0%, MSE=2.973e-04, K=17.15
  industrial_model_offset_curves: dense=85.0%, deployment=35.0%, MSE=2.499e-04, K=18.40
Epoch 087/128 joint_finetune [=.......................] 1/19 MSE=1.447e-03 pass=3.1% K=15.2 feasibleK=15.2 countMAE=1.56 lr=proposal:0.0e+00/parameter:0.0e+00/selector:5.0e-05/decoder:1.0e-05
Epoch 087/128 joint_finetune [============............] 10/19 MSE=1.585e-03 pass=0.0% K=14.7 feasibleK=15.4 countMAE=1.09 lr=proposal:0.0e+00/parameter:0.0e+00/selector:5.0e-05/decoder:1.0e-05
Epoch 087/128 joint_finetune [========================] 19/19 MSE=1.477e-03 pass=0.0% K=15.0 feasibleK=15.1 countMAE=1.75 lr=proposal:0.0e+00/parameter:0.0e+00/selector:5.0e-05/decoder:1.0e-05
  validation [===.....................] 1/8 
  validation [========================] 8/8 
Epoch 087 phase=joint_finetune lr=proposal:0.0e+00/parameter:0.0e+00/selector:5.0e-05/decoder:1.0e-05 val dense=77.5% deployment=10.0% worst-source=0.0% qualification=0.0% MSE=1.151e-03 K=16.26 mass=15.69 beta=-0.69 soft_cost=4.4223 selection_score=-4.4223 complexity=1.00->1.00 safety=0+0.03sigma scale=0.00->0.00 pass_reference_only=0.0%
  Joint train structure: Keep P/R/F1=0.721/0.712/0.717, critical_false_delete=0.270, proposal R@.005/.01/.02=0.406/0.712/0.981, parameter_bias=1.502e-02, count-cal loss=7.265e-03, score/target/bias/MAE=14.60/15.04/-0.43/1.49, fine-risk mean/std/range=0.968/0.092/0.492, fine-loss/rank=4.884e-01/2.110e+00
  Counterfactual Keep: feasible-swap=8.5%, swap-equivalent recall=0.724, OR loss=3.627e-01
  Feasibility chain: numerical Teacher pass/MSE=99.2%/4.295e-05, student teacher-mask pass/MSE=93.2%/3.937e-05, student one-shot pass/MSE=0.2%/1.468e-03, teacher-source |K gap|=3.65; teacher-K topK recall/exact=0.724/0.008, boundary-rank loss=1.316e+00, teacher-frame parameter displacement=8.962e-04
  Synthetic K=20: n=21, dense=19.0%, deployment=0.0%
  Synthetic: dense=82.5%, deployment=0.0%, MSE=1.422e-03, K=15.74, targetK=12.60, count_MAE=3.21, bias=+3.14, knot_F1@0.01=0.482, param_RMSE=3.710e-02
  uji_pen_characters_v2: dense=95.0%, deployment=60.0%, MSE=5.689e-05, K=16.90
  natural_earth_10m_coastline: dense=20.0%, deployment=0.0%, MSE=1.803e-03, K=16.25
  usgs_tnm_contours_large_scale: dense=70.0%, deployment=20.0%, MSE=3.306e-04, K=17.35
  industrial_model_offset_curves: dense=85.0%, deployment=40.0%, MSE=2.534e-04, K=18.70
Epoch 088/128 joint_finetune [=.......................] 1/19 MSE=1.506e-03 pass=0.0% K=14.9 feasibleK=15.2 countMAE=1.34 lr=proposal:0.0e+00/parameter:0.0e+00/selector:5.0e-05/decoder:1.0e-05
Epoch 088/128 joint_finetune [============............] 10/19 MSE=1.622e-03 pass=0.0% K=14.7 feasibleK=15.3 countMAE=1.53 lr=proposal:0.0e+00/parameter:0.0e+00/selector:5.0e-05/decoder:1.0e-05
Epoch 088/128 joint_finetune [========================] 19/19 MSE=1.807e-03 pass=0.0% K=14.7 feasibleK=14.9 countMAE=1.92 lr=proposal:0.0e+00/parameter:0.0e+00/selector:5.0e-05/decoder:1.0e-05
  validation [===.....................] 1/8 
  validation [========================] 8/8 
Epoch 088 phase=joint_finetune lr=proposal:0.0e+00/parameter:0.0e+00/selector:5.0e-05/decoder:1.0e-05 val dense=77.5% deployment=10.0% worst-source=0.0% qualification=0.0% MSE=1.301e-03 K=16.15 mass=15.59 beta=-0.67 soft_cost=4.5579 selection_score=-4.5579 complexity=1.00->1.00 safety=0+0.03sigma scale=0.00->0.00 pass_reference_only=0.0%
  Joint train structure: Keep P/R/F1=0.722/0.711/0.716, critical_false_delete=0.269, proposal R@.005/.01/.02=0.407/0.712/0.981, parameter_bias=1.503e-02, count-cal loss=7.097e-03, score/target/bias/MAE=14.56/15.04/-0.47/1.48, fine-risk mean/std/range=0.968/0.092/0.489, fine-loss/rank=4.918e-01/2.111e+00
  Counterfactual Keep: feasible-swap=8.5%, swap-equivalent recall=0.723, OR loss=3.621e-01
  Feasibility chain: numerical Teacher pass/MSE=99.2%/4.295e-05, student teacher-mask pass/MSE=93.5%/3.924e-05, student one-shot pass/MSE=0.0%/1.492e-03, teacher-source |K gap|=3.65; teacher-K topK recall/exact=0.724/0.008, boundary-rank loss=1.316e+00, teacher-frame parameter displacement=9.357e-04
  Synthetic K=20: n=21, dense=19.0%, deployment=0.0%
  Synthetic: dense=82.5%, deployment=0.0%, MSE=1.673e-03, K=15.61, targetK=12.60, count_MAE=3.08, bias=+3.01, knot_F1@0.01=0.474, param_RMSE=3.716e-02
  uji_pen_characters_v2: dense=95.0%, deployment=55.0%, MSE=5.896e-05, K=16.90
  natural_earth_10m_coastline: dense=20.0%, deployment=0.0%, MSE=1.658e-03, K=16.25
  usgs_tnm_contours_large_scale: dense=70.0%, deployment=25.0%, MSE=2.572e-04, K=17.30
  industrial_model_offset_curves: dense=85.0%, deployment=40.0%, MSE=2.475e-04, K=18.50
Epoch 089/128 joint_finetune [=.......................] 1/19 MSE=1.747e-03 pass=0.0% K=15.0 feasibleK=15.7 countMAE=1.53 lr=proposal:0.0e+00/parameter:0.0e+00/selector:5.0e-05/decoder:1.0e-05
Epoch 089/128 joint_finetune [============............] 10/19 MSE=1.278e-03 pass=0.0% K=13.8 feasibleK=13.6 countMAE=1.12 lr=proposal:0.0e+00/parameter:0.0e+00/selector:5.0e-05/decoder:1.0e-05
Epoch 089/128 joint_finetune [========================] 19/19 MSE=1.830e-03 pass=0.0% K=15.4 feasibleK=16.4 countMAE=1.54 lr=proposal:0.0e+00/parameter:0.0e+00/selector:5.0e-05/decoder:1.0e-05
  validation [===.....................] 1/8 
  validation [========================] 8/8 
Epoch 089 phase=joint_finetune lr=proposal:0.0e+00/parameter:0.0e+00/selector:5.0e-05/decoder:1.0e-05 val dense=77.5% deployment=11.7% worst-source=0.0% qualification=0.0% MSE=1.152e-03 K=16.16 mass=15.60 beta=-0.67 soft_cost=4.4532 selection_score=-4.4532 complexity=1.00->1.00 safety=0+0.03sigma scale=0.00->0.00 pass_reference_only=0.0%
  Joint train structure: Keep P/R/F1=0.722/0.711/0.717, critical_false_delete=0.273, proposal R@.005/.01/.02=0.406/0.711/0.981, parameter_bias=1.503e-02, count-cal loss=6.982e-03, score/target/bias/MAE=14.56/15.04/-0.48/1.46, fine-risk mean/std/range=0.968/0.092/0.490, fine-loss/rank=4.927e-01/2.110e+00
  Counterfactual Keep: feasible-swap=8.6%, swap-equivalent recall=0.722, OR loss=3.582e-01
  Feasibility chain: numerical Teacher pass/MSE=99.2%/4.295e-05, student teacher-mask pass/MSE=94.0%/3.913e-05, student one-shot pass/MSE=0.0%/1.504e-03, teacher-source |K gap|=3.65; teacher-K topK recall/exact=0.727/0.008, boundary-rank loss=1.316e+00, teacher-frame parameter displacement=9.635e-04
  Synthetic K=20: n=21, dense=19.0%, deployment=0.0%
  Synthetic: dense=82.5%, deployment=0.0%, MSE=1.550e-03, K=15.62, targetK=12.60, count_MAE=3.08, bias=+3.02, knot_F1@0.01=0.474, param_RMSE=3.717e-02
  uji_pen_characters_v2: dense=95.0%, deployment=65.0%, MSE=5.529e-05, K=16.90
  natural_earth_10m_coastline: dense=20.0%, deployment=0.0%, MSE=8.302e-04, K=16.25
  usgs_tnm_contours_large_scale: dense=70.0%, deployment=30.0%, MSE=3.002e-04, K=17.25
  industrial_model_offset_curves: dense=85.0%, deployment=45.0%, MSE=2.355e-04, K=18.55
Epoch 090/128 joint_finetune [=.......................] 1/19 MSE=1.704e-03 pass=0.0% K=14.4 feasibleK=14.5 countMAE=1.28 lr=proposal:0.0e+00/parameter:0.0e+00/selector:5.0e-05/decoder:1.0e-05
Epoch 090/128 joint_finetune [============............] 10/19 MSE=1.753e-03 pass=0.0% K=14.5 feasibleK=15.1 countMAE=1.56 lr=proposal:0.0e+00/parameter:0.0e+00/selector:5.0e-05/decoder:1.0e-05
Epoch 090/128 joint_finetune [========================] 19/19 MSE=1.351e-03 pass=0.0% K=15.2 feasibleK=14.9 countMAE=1.42 lr=proposal:0.0e+00/parameter:0.0e+00/selector:5.0e-05/decoder:1.0e-05
  validation [===.....................] 1/8 
  validation [========================] 8/8 
Epoch 090 phase=joint_finetune lr=proposal:0.0e+00/parameter:0.0e+00/selector:5.0e-05/decoder:1.0e-05 val dense=77.5% deployment=11.2% worst-source=0.0% qualification=0.0% MSE=1.203e-03 K=16.18 mass=15.62 beta=-0.68 soft_cost=4.4608 selection_score=-4.4608 complexity=1.00->1.00 safety=0+0.03sigma scale=0.00->0.00 pass_reference_only=0.0%
  Joint train structure: Keep P/R/F1=0.722/0.714/0.717, critical_false_delete=0.268, proposal R@.005/.01/.02=0.406/0.711/0.981, parameter_bias=1.502e-02, count-cal loss=6.855e-03, score/target/bias/MAE=14.64/15.04/-0.40/1.45, fine-risk mean/std/range=0.968/0.091/0.488, fine-loss/rank=4.875e-01/2.110e+00
  Counterfactual Keep: feasible-swap=8.5%, swap-equivalent recall=0.725, OR loss=3.586e-01
  Feasibility chain: numerical Teacher pass/MSE=99.2%/4.295e-05, student teacher-mask pass/MSE=93.3%/3.909e-05, student one-shot pass/MSE=0.0%/1.431e-03, teacher-source |K gap|=3.65; teacher-K topK recall/exact=0.727/0.008, boundary-rank loss=1.316e+00, teacher-frame parameter displacement=1.028e-03
  Synthetic K=20: n=21, dense=19.0%, deployment=0.0%
  Synthetic: dense=82.5%, deployment=0.0%, MSE=1.519e-03, K=15.64, targetK=12.60, count_MAE=3.09, bias=+3.04, knot_F1@0.01=0.477, param_RMSE=3.719e-02
  uji_pen_characters_v2: dense=95.0%, deployment=70.0%, MSE=5.610e-05, K=16.90
  natural_earth_10m_coastline: dense=20.0%, deployment=0.0%, MSE=1.713e-03, K=16.25
  usgs_tnm_contours_large_scale: dense=70.0%, deployment=25.0%, MSE=3.146e-04, K=17.30
  industrial_model_offset_curves: dense=85.0%, deployment=40.0%, MSE=2.010e-04, K=18.55
Epoch 091/128 joint_finetune [=.......................] 1/19 MSE=1.392e-03 pass=0.0% K=15.2 feasibleK=15.1 countMAE=1.62 lr=proposal:0.0e+00/parameter:0.0e+00/selector:5.0e-05/decoder:1.0e-05
Epoch 091/128 joint_finetune [============............] 10/19 MSE=1.536e-03 pass=0.0% K=15.8 feasibleK=16.4 countMAE=1.50 lr=proposal:0.0e+00/parameter:0.0e+00/selector:5.0e-05/decoder:1.0e-05
Epoch 091/128 joint_finetune [========================] 19/19 MSE=1.240e-03 pass=4.2% K=16.4 feasibleK=16.2 countMAE=1.29 lr=proposal:0.0e+00/parameter:0.0e+00/selector:5.0e-05/decoder:1.0e-05
  validation [===.....................] 1/8 
  validation [========================] 8/8 
Epoch 091 phase=joint_finetune lr=proposal:0.0e+00/parameter:0.0e+00/selector:5.0e-05/decoder:1.0e-05 val dense=77.5% deployment=11.7% worst-source=0.0% qualification=0.0% MSE=1.024e-03 K=16.33 mass=15.81 beta=-0.71 soft_cost=4.3319 selection_score=-4.3319 complexity=1.00->1.00 safety=0+0.03sigma scale=0.00->0.00 pass_reference_only=0.0%
  Joint train structure: Keep P/R/F1=0.723/0.711/0.717, critical_false_delete=0.270, proposal R@.005/.01/.02=0.406/0.711/0.981, parameter_bias=1.502e-02, count-cal loss=6.895e-03, score/target/bias/MAE=14.55/15.04/-0.49/1.45, fine-risk mean/std/range=0.968/0.092/0.489, fine-loss/rank=4.934e-01/2.110e+00
  Counterfactual Keep: feasible-swap=8.5%, swap-equivalent recall=0.723, OR loss=3.687e-01
  Feasibility chain: numerical Teacher pass/MSE=99.2%/4.295e-05, student teacher-mask pass/MSE=94.7%/3.897e-05, student one-shot pass/MSE=0.3%/1.510e-03, teacher-source |K gap|=3.65; teacher-K topK recall/exact=0.725/0.008, boundary-rank loss=1.316e+00, teacher-frame parameter displacement=1.082e-03
  Synthetic K=20: n=21, dense=19.0%, deployment=0.0%
  Synthetic: dense=82.5%, deployment=0.0%, MSE=1.352e-03, K=15.82, targetK=12.60, count_MAE=3.25, bias=+3.23, knot_F1@0.01=0.480, param_RMSE=3.724e-02
  uji_pen_characters_v2: dense=95.0%, deployment=70.0%, MSE=6.036e-05, K=16.90
  natural_earth_10m_coastline: dense=20.0%, deployment=0.0%, MSE=9.392e-04, K=16.30
  usgs_tnm_contours_large_scale: dense=70.0%, deployment=30.0%, MSE=2.979e-04, K=17.40
  industrial_model_offset_curves: dense=85.0%, deployment=40.0%, MSE=1.781e-04, K=18.75
Epoch 092/128 joint_finetune [=.......................] 1/19 MSE=1.378e-03 pass=0.0% K=14.3 feasibleK=14.0 countMAE=1.00 lr=proposal:0.0e+00/parameter:0.0e+00/selector:5.0e-05/decoder:1.0e-05
Epoch 092/128 joint_finetune [============............] 10/19 MSE=1.540e-03 pass=0.0% K=15.7 feasibleK=16.3 countMAE=1.31 lr=proposal:0.0e+00/parameter:0.0e+00/selector:5.0e-05/decoder:1.0e-05
Epoch 092/128 joint_finetune [========================] 19/19 MSE=1.566e-03 pass=0.0% K=15.2 feasibleK=15.9 countMAE=1.42 lr=proposal:0.0e+00/parameter:0.0e+00/selector:5.0e-05/decoder:1.0e-05
  validation [===.....................] 1/8 
  validation [========================] 8/8 
Epoch 092 phase=joint_finetune lr=proposal:0.0e+00/parameter:0.0e+00/selector:5.0e-05/decoder:1.0e-05 val dense=77.5% deployment=11.2% worst-source=0.0% qualification=0.0% MSE=1.096e-03 K=16.26 mass=15.73 beta=-0.70 soft_cost=4.3895 selection_score=-4.3895 complexity=1.00->1.00 safety=0+0.03sigma scale=0.00->0.00 pass_reference_only=0.0%
  Joint train structure: Keep P/R/F1=0.722/0.709/0.715, critical_false_delete=0.273, proposal R@.005/.01/.02=0.406/0.711/0.981, parameter_bias=1.502e-02, count-cal loss=6.864e-03, score/target/bias/MAE=14.54/15.04/-0.50/1.45, fine-risk mean/std/range=0.968/0.092/0.486, fine-loss/rank=4.946e-01/2.110e+00
  Counterfactual Keep: feasible-swap=8.5%, swap-equivalent recall=0.721, OR loss=3.646e-01
  Feasibility chain: numerical Teacher pass/MSE=99.2%/4.295e-05, student teacher-mask pass/MSE=94.3%/3.885e-05, student one-shot pass/MSE=0.0%/1.507e-03, teacher-source |K gap|=3.65; teacher-K topK recall/exact=0.725/0.009, boundary-rank loss=1.316e+00, teacher-frame parameter displacement=1.123e-03
  Synthetic K=20: n=21, dense=19.0%, deployment=0.0%
  Synthetic: dense=82.5%, deployment=0.0%, MSE=1.376e-03, K=15.75, targetK=12.60, count_MAE=3.20, bias=+3.15, knot_F1@0.01=0.479, param_RMSE=3.728e-02
  uji_pen_characters_v2: dense=95.0%, deployment=65.0%, MSE=5.790e-05, K=16.90
  natural_earth_10m_coastline: dense=20.0%, deployment=0.0%, MSE=1.313e-03, K=16.25
  usgs_tnm_contours_large_scale: dense=70.0%, deployment=30.0%, MSE=5.364e-04, K=17.40
  industrial_model_offset_curves: dense=85.0%, deployment=40.0%, MSE=2.293e-04, K=18.55
Epoch 093/128 joint_finetune [=.......................] 1/19 MSE=1.410e-03 pass=0.0% K=15.6 feasibleK=15.8 countMAE=1.06 lr=proposal:0.0e+00/parameter:0.0e+00/selector:5.0e-05/decoder:1.0e-05
Epoch 093/128 joint_finetune [============............] 10/19 MSE=1.356e-03 pass=0.0% K=16.3 feasibleK=16.3 countMAE=1.31 lr=proposal:0.0e+00/parameter:0.0e+00/selector:5.0e-05/decoder:1.0e-05
Epoch 093/128 joint_finetune [========================] 19/19 MSE=1.743e-03 pass=0.0% K=13.4 feasibleK=13.1 countMAE=1.21 lr=proposal:0.0e+00/parameter:0.0e+00/selector:5.0e-05/decoder:1.0e-05
  validation [===.....................] 1/8 
  validation [========================] 8/8 
Epoch 093 phase=joint_finetune lr=proposal:0.0e+00/parameter:0.0e+00/selector:5.0e-05/decoder:1.0e-05 val dense=77.5% deployment=11.7% worst-source=0.0% qualification=0.0% MSE=1.104e-03 K=16.13 mass=15.57 beta=-0.67 soft_cost=4.4044 selection_score=-4.4044 complexity=1.00->1.00 safety=0+0.03sigma scale=0.00->0.00 pass_reference_only=0.0%
  Joint train structure: Keep P/R/F1=0.720/0.715/0.718, critical_false_delete=0.266, proposal R@.005/.01/.02=0.405/0.710/0.981, parameter_bias=1.502e-02, count-cal loss=6.582e-03, score/target/bias/MAE=14.71/15.04/-0.33/1.41, fine-risk mean/std/range=0.968/0.092/0.491, fine-loss/rank=4.837e-01/2.110e+00
  Counterfactual Keep: feasible-swap=8.6%, swap-equivalent recall=0.729, OR loss=3.546e-01
  Feasibility chain: numerical Teacher pass/MSE=99.2%/4.295e-05, student teacher-mask pass/MSE=94.0%/3.874e-05, student one-shot pass/MSE=0.0%/1.460e-03, teacher-source |K gap|=3.65; teacher-K topK recall/exact=0.726/0.007, boundary-rank loss=1.316e+00, teacher-frame parameter displacement=1.219e-03
  Synthetic K=20: n=21, dense=19.0%, deployment=0.0%
  Synthetic: dense=82.5%, deployment=0.0%, MSE=1.476e-03, K=15.59, targetK=12.60, count_MAE=3.04, bias=+2.99, knot_F1@0.01=0.482, param_RMSE=3.728e-02
  uji_pen_characters_v2: dense=95.0%, deployment=65.0%, MSE=5.654e-05, K=16.90
  natural_earth_10m_coastline: dense=20.0%, deployment=0.0%, MSE=9.145e-04, K=16.25
  usgs_tnm_contours_large_scale: dense=70.0%, deployment=30.0%, MSE=2.669e-04, K=17.20
  industrial_model_offset_curves: dense=85.0%, deployment=45.0%, MSE=2.073e-04, K=18.50
Epoch 094/128 joint_finetune [=.......................] 1/19 MSE=1.415e-03 pass=0.0% K=15.5 feasibleK=15.5 countMAE=1.44 lr=proposal:0.0e+00/parameter:0.0e+00/selector:5.0e-05/decoder:1.0e-05
Epoch 094/128 joint_finetune [============............] 10/19 MSE=1.603e-03 pass=0.0% K=14.9 feasibleK=14.7 countMAE=1.47 lr=proposal:0.0e+00/parameter:0.0e+00/selector:5.0e-05/decoder:1.0e-05
Epoch 094/128 joint_finetune [========================] 19/19 MSE=1.404e-03 pass=0.0% K=15.8 feasibleK=15.3 countMAE=1.54 lr=proposal:0.0e+00/parameter:0.0e+00/selector:5.0e-05/decoder:1.0e-05
  validation [===.....................] 1/8 
  validation [========================] 8/8 
Epoch 094 phase=joint_finetune lr=proposal:0.0e+00/parameter:0.0e+00/selector:5.0e-05/decoder:1.0e-05 val dense=77.5% deployment=11.7% worst-source=0.0% qualification=0.0% MSE=1.155e-03 K=16.30 mass=15.77 beta=-0.71 soft_cost=4.4510 selection_score=-4.4510 complexity=1.00->1.00 safety=0+0.03sigma scale=0.00->0.00 pass_reference_only=0.0%
  Joint train structure: Keep P/R/F1=0.723/0.713/0.718, critical_false_delete=0.269, proposal R@.005/.01/.02=0.406/0.711/0.981, parameter_bias=1.502e-02, count-cal loss=6.615e-03, score/target/bias/MAE=14.59/15.04/-0.45/1.41, fine-risk mean/std/range=0.968/0.092/0.486, fine-loss/rank=4.898e-01/2.110e+00
  Counterfactual Keep: feasible-swap=8.6%, swap-equivalent recall=0.724, OR loss=3.643e-01
  Feasibility chain: numerical Teacher pass/MSE=99.2%/4.295e-05, student teacher-mask pass/MSE=94.7%/3.863e-05, student one-shot pass/MSE=0.0%/1.458e-03, teacher-source |K gap|=3.65; teacher-K topK recall/exact=0.726/0.008, boundary-rank loss=1.316e+00, teacher-frame parameter displacement=1.210e-03
  Synthetic K=20: n=21, dense=19.0%, deployment=0.0%
  Synthetic: dense=82.5%, deployment=0.0%, MSE=1.544e-03, K=15.79, targetK=12.60, count_MAE=3.21, bias=+3.19, knot_F1@0.01=0.478, param_RMSE=3.733e-02
  uji_pen_characters_v2: dense=95.0%, deployment=70.0%, MSE=6.030e-05, K=16.90
  natural_earth_10m_coastline: dense=20.0%, deployment=0.0%, MSE=9.801e-04, K=16.40
  usgs_tnm_contours_large_scale: dense=70.0%, deployment=25.0%, MSE=2.760e-04, K=17.45
  industrial_model_offset_curves: dense=85.0%, deployment=45.0%, MSE=1.943e-04, K=18.60
Epoch 095/128 joint_finetune [=.......................] 1/19 MSE=1.442e-03 pass=0.0% K=14.7 feasibleK=14.6 countMAE=1.16 lr=proposal:0.0e+00/parameter:0.0e+00/selector:5.0e-05/decoder:1.0e-05
Epoch 095/128 joint_finetune [============............] 10/19 MSE=1.637e-03 pass=0.0% K=15.4 feasibleK=15.9 countMAE=1.44 lr=proposal:0.0e+00/parameter:0.0e+00/selector:5.0e-05/decoder:1.0e-05
Epoch 095/128 joint_finetune [========================] 19/19 MSE=1.531e-03 pass=0.0% K=15.7 feasibleK=16.3 countMAE=1.42 lr=proposal:0.0e+00/parameter:0.0e+00/selector:5.0e-05/decoder:1.0e-05
  validation [===.....................] 1/8 
  validation [========================] 8/8 
Epoch 095 phase=joint_finetune lr=proposal:0.0e+00/parameter:0.0e+00/selector:5.0e-05/decoder:1.0e-05 val dense=77.5% deployment=10.8% worst-source=0.0% qualification=0.0% MSE=1.254e-03 K=16.12 mass=15.56 beta=-0.67 soft_cost=4.4968 selection_score=-4.4968 complexity=1.00->1.00 safety=0+0.03sigma scale=0.00->0.00 pass_reference_only=0.0%
  Joint train structure: Keep P/R/F1=0.723/0.715/0.719, critical_false_delete=0.264, proposal R@.005/.01/.02=0.406/0.711/0.981, parameter_bias=1.502e-02, count-cal loss=6.439e-03, score/target/bias/MAE=14.66/15.04/-0.38/1.40, fine-risk mean/std/range=0.968/0.092/0.489, fine-loss/rank=4.840e-01/2.110e+00
  Counterfactual Keep: feasible-swap=8.5%, swap-equivalent recall=0.728, OR loss=3.629e-01
  Feasibility chain: numerical Teacher pass/MSE=99.2%/4.295e-05, student teacher-mask pass/MSE=95.0%/3.851e-05, student one-shot pass/MSE=0.2%/1.433e-03, teacher-source |K gap|=3.65; teacher-K topK recall/exact=0.725/0.007, boundary-rank loss=1.316e+00, teacher-frame parameter displacement=1.220e-03
  Synthetic K=20: n=21, dense=19.0%, deployment=0.0%
  Synthetic: dense=82.5%, deployment=0.0%, MSE=1.572e-03, K=15.59, targetK=12.60, count_MAE=3.04, bias=+2.99, knot_F1@0.01=0.472, param_RMSE=3.736e-02
  uji_pen_characters_v2: dense=95.0%, deployment=65.0%, MSE=5.357e-05, K=16.90
  natural_earth_10m_coastline: dense=20.0%, deployment=0.0%, MSE=1.904e-03, K=16.25
  usgs_tnm_contours_large_scale: dense=70.0%, deployment=30.0%, MSE=2.942e-04, K=17.10
  industrial_model_offset_curves: dense=85.0%, deployment=35.0%, MSE=2.257e-04, K=18.50
Epoch 096/128 joint_finetune [=.......................] 1/19 MSE=1.452e-03 pass=0.0% K=15.3 feasibleK=15.9 countMAE=1.34 lr=proposal:0.0e+00/parameter:0.0e+00/selector:5.0e-05/decoder:1.0e-05
Epoch 096/128 joint_finetune [============............] 10/19 MSE=1.517e-03 pass=0.0% K=15.0 feasibleK=15.5 countMAE=1.22 lr=proposal:0.0e+00/parameter:0.0e+00/selector:5.0e-05/decoder:1.0e-05
Epoch 096/128 joint_finetune [========================] 19/19 MSE=1.552e-03 pass=0.0% K=15.0 feasibleK=15.5 countMAE=1.50 lr=proposal:0.0e+00/parameter:0.0e+00/selector:5.0e-05/decoder:1.0e-05
  validation [===.....................] 1/8 
  validation [========================] 8/8 
Epoch 096 phase=joint_finetune lr=proposal:0.0e+00/parameter:0.0e+00/selector:5.0e-05/decoder:1.0e-05 val dense=77.5% deployment=11.7% worst-source=0.0% qualification=0.0% MSE=1.263e-03 K=16.35 mass=15.84 beta=-0.72 soft_cost=4.4875 selection_score=-4.4875 complexity=1.00->1.00 safety=0+0.03sigma scale=0.00->0.00 pass_reference_only=0.0%
  Joint train structure: Keep P/R/F1=0.723/0.712/0.718, critical_false_delete=0.268, proposal R@.005/.01/.02=0.406/0.711/0.981, parameter_bias=1.501e-02, count-cal loss=6.439e-03, score/target/bias/MAE=14.57/15.04/-0.47/1.40, fine-risk mean/std/range=0.968/0.092/0.489, fine-loss/rank=4.915e-01/2.110e+00
  Counterfactual Keep: feasible-swap=8.5%, swap-equivalent recall=0.723, OR loss=3.662e-01
  Feasibility chain: numerical Teacher pass/MSE=99.2%/4.295e-05, student teacher-mask pass/MSE=95.2%/3.842e-05, student one-shot pass/MSE=0.0%/1.432e-03, teacher-source |K gap|=3.65; teacher-K topK recall/exact=0.728/0.007, boundary-rank loss=1.316e+00, teacher-frame parameter displacement=1.278e-03
  Synthetic K=20: n=21, dense=19.0%, deployment=0.0%
  Synthetic: dense=82.5%, deployment=0.0%, MSE=1.590e-03, K=15.82, targetK=12.60, count_MAE=3.24, bias=+3.23, knot_F1@0.01=0.474, param_RMSE=3.744e-02
  uji_pen_characters_v2: dense=95.0%, deployment=65.0%, MSE=6.213e-05, K=17.00
  natural_earth_10m_coastline: dense=20.0%, deployment=0.0%, MSE=1.900e-03, K=16.45
  usgs_tnm_contours_large_scale: dense=70.0%, deployment=30.0%, MSE=2.642e-04, K=17.50
  industrial_model_offset_curves: dense=85.0%, deployment=45.0%, MSE=2.080e-04, K=18.60
Epoch 097/128 joint_finetune [=.......................] 1/19 MSE=1.600e-03 pass=0.0% K=16.0 feasibleK=16.3 countMAE=1.53 lr=proposal:0.0e+00/parameter:0.0e+00/selector:5.0e-05/decoder:1.0e-05
Epoch 097/128 joint_finetune [============............] 10/19 MSE=1.384e-03 pass=0.0% K=15.8 feasibleK=15.6 countMAE=1.22 lr=proposal:0.0e+00/parameter:0.0e+00/selector:5.0e-05/decoder:1.0e-05
Epoch 097/128 joint_finetune [========================] 19/19 MSE=1.223e-03 pass=0.0% K=13.7 feasibleK=13.7 countMAE=1.21 lr=proposal:0.0e+00/parameter:0.0e+00/selector:5.0e-05/decoder:1.0e-05
  validation [===.....................] 1/8 
  validation [========================] 8/8 
Epoch 097 phase=joint_finetune lr=proposal:0.0e+00/parameter:0.0e+00/selector:5.0e-05/decoder:1.0e-05 val dense=77.5% deployment=11.7% worst-source=0.0% qualification=0.0% MSE=1.015e-03 K=16.21 mass=15.66 beta=-0.69 soft_cost=4.3579 selection_score=-4.3579 complexity=1.00->1.00 safety=0+0.03sigma scale=0.00->0.00 pass_reference_only=0.0%
  Joint train structure: Keep P/R/F1=0.723/0.718/0.720, critical_false_delete=0.262, proposal R@.005/.01/.02=0.406/0.711/0.981, parameter_bias=1.501e-02, count-cal loss=6.263e-03, score/target/bias/MAE=14.68/15.04/-0.36/1.38, fine-risk mean/std/range=0.968/0.092/0.488, fine-loss/rank=4.838e-01/2.110e+00
  Counterfactual Keep: feasible-swap=8.6%, swap-equivalent recall=0.731, OR loss=3.582e-01
  Feasibility chain: numerical Teacher pass/MSE=99.2%/4.295e-05, student teacher-mask pass/MSE=95.5%/3.833e-05, student one-shot pass/MSE=0.0%/1.442e-03, teacher-source |K gap|=3.65; teacher-K topK recall/exact=0.726/0.007, boundary-rank loss=1.316e+00, teacher-frame parameter displacement=1.297e-03
  Synthetic K=20: n=21, dense=19.0%, deployment=0.0%
  Synthetic: dense=82.5%, deployment=0.0%, MSE=1.340e-03, K=15.67, targetK=12.60, count_MAE=3.09, bias=+3.07, knot_F1@0.01=0.484, param_RMSE=3.744e-02
  uji_pen_characters_v2: dense=95.0%, deployment=65.0%, MSE=6.075e-05, K=16.90
  natural_earth_10m_coastline: dense=20.0%, deployment=0.0%, MSE=8.453e-04, K=16.35
  usgs_tnm_contours_large_scale: dense=70.0%, deployment=35.0%, MSE=3.409e-04, K=17.40
  industrial_model_offset_curves: dense=85.0%, deployment=40.0%, MSE=2.130e-04, K=18.50
Epoch 098/128 joint_finetune [=.......................] 1/19 MSE=1.168e-03 pass=0.0% K=14.4 feasibleK=14.2 countMAE=1.44 lr=proposal:0.0e+00/parameter:0.0e+00/selector:5.0e-05/decoder:1.0e-05
Epoch 098/128 joint_finetune [============............] 10/19 MSE=1.396e-03 pass=0.0% K=14.3 feasibleK=14.6 countMAE=1.19 lr=proposal:0.0e+00/parameter:0.0e+00/selector:5.0e-05/decoder:1.0e-05
Epoch 098/128 joint_finetune [========================] 19/19 MSE=1.548e-03 pass=0.0% K=16.1 feasibleK=16.4 countMAE=1.58 lr=proposal:0.0e+00/parameter:0.0e+00/selector:5.0e-05/decoder:1.0e-05
  validation [===.....................] 1/8 
  validation [========================] 8/8 
Epoch 098 phase=joint_finetune lr=proposal:0.0e+00/parameter:0.0e+00/selector:5.0e-05/decoder:1.0e-05 val dense=77.5% deployment=10.8% worst-source=0.0% qualification=0.0% MSE=1.089e-03 K=16.31 mass=15.78 beta=-0.71 soft_cost=4.4106 selection_score=-4.4106 complexity=1.00->1.00 safety=0+0.03sigma scale=0.00->0.00 pass_reference_only=0.0%
  Joint train structure: Keep P/R/F1=0.726/0.717/0.721, critical_false_delete=0.264, proposal R@.005/.01/.02=0.405/0.710/0.981, parameter_bias=1.500e-02, count-cal loss=6.274e-03, score/target/bias/MAE=14.60/15.04/-0.44/1.37, fine-risk mean/std/range=0.968/0.092/0.485, fine-loss/rank=4.884e-01/2.110e+00
  Counterfactual Keep: feasible-swap=8.5%, swap-equivalent recall=0.727, OR loss=3.645e-01
  Feasibility chain: numerical Teacher pass/MSE=99.2%/4.295e-05, student teacher-mask pass/MSE=95.3%/3.819e-05, student one-shot pass/MSE=0.2%/1.498e-03, teacher-source |K gap|=3.65; teacher-K topK recall/exact=0.728/0.008, boundary-rank loss=1.316e+00, teacher-frame parameter displacement=1.342e-03
  Synthetic K=20: n=21, dense=19.0%, deployment=0.0%
  Synthetic: dense=82.5%, deployment=0.0%, MSE=1.444e-03, K=15.79, targetK=12.60, count_MAE=3.20, bias=+3.19, knot_F1@0.01=0.480, param_RMSE=3.748e-02
  uji_pen_characters_v2: dense=95.0%, deployment=60.0%, MSE=6.334e-05, K=16.95
  natural_earth_10m_coastline: dense=20.0%, deployment=0.0%, MSE=9.684e-04, K=16.45
  usgs_tnm_contours_large_scale: dense=70.0%, deployment=35.0%, MSE=2.799e-04, K=17.50
  industrial_model_offset_curves: dense=85.0%, deployment=35.0%, MSE=2.043e-04, K=18.55
Epoch 099/128 joint_finetune [=.......................] 1/19 MSE=1.340e-03 pass=0.0% K=15.2 feasibleK=15.3 countMAE=1.50 lr=proposal:0.0e+00/parameter:0.0e+00/selector:5.0e-05/decoder:1.0e-05
Epoch 099/128 joint_finetune [============............] 10/19 MSE=1.309e-03 pass=0.0% K=13.6 feasibleK=13.8 countMAE=1.12 lr=proposal:0.0e+00/parameter:0.0e+00/selector:5.0e-05/decoder:1.0e-05
Epoch 099/128 joint_finetune [========================] 19/19 MSE=1.623e-03 pass=0.0% K=14.0 feasibleK=14.0 countMAE=0.92 lr=proposal:0.0e+00/parameter:0.0e+00/selector:5.0e-05/decoder:1.0e-05
  validation [===.....................] 1/8 
  validation [========================] 8/8 
Epoch 099 phase=joint_finetune lr=proposal:0.0e+00/parameter:0.0e+00/selector:5.0e-05/decoder:1.0e-05 val dense=77.5% deployment=10.8% worst-source=0.0% qualification=0.0% MSE=1.204e-03 K=16.22 mass=15.69 beta=-0.69 soft_cost=4.4720 selection_score=-4.4720 complexity=1.00->1.00 safety=0+0.03sigma scale=0.00->0.00 pass_reference_only=0.0%
  Joint train structure: Keep P/R/F1=0.724/0.720/0.722, critical_false_delete=0.260, proposal R@.005/.01/.02=0.405/0.711/0.981, parameter_bias=1.501e-02, count-cal loss=6.165e-03, score/target/bias/MAE=14.71/15.04/-0.33/1.36, fine-risk mean/std/range=0.968/0.092/0.490, fine-loss/rank=4.811e-01/2.110e+00
  Counterfactual Keep: feasible-swap=8.6%, swap-equivalent recall=0.731, OR loss=3.537e-01
  Feasibility chain: numerical Teacher pass/MSE=99.2%/4.295e-05, student teacher-mask pass/MSE=95.0%/3.827e-05, student one-shot pass/MSE=0.0%/1.415e-03, teacher-source |K gap|=3.65; teacher-K topK recall/exact=0.725/0.012, boundary-rank loss=1.316e+00, teacher-frame parameter displacement=1.451e-03
  Synthetic K=20: n=21, dense=19.0%, deployment=0.0%
  Synthetic: dense=82.5%, deployment=0.0%, MSE=1.518e-03, K=15.68, targetK=12.60, count_MAE=3.11, bias=+3.08, knot_F1@0.01=0.484, param_RMSE=3.752e-02
  uji_pen_characters_v2: dense=95.0%, deployment=60.0%, MSE=6.330e-05, K=16.90
  natural_earth_10m_coastline: dense=20.0%, deployment=0.0%, MSE=1.675e-03, K=16.35
  usgs_tnm_contours_large_scale: dense=70.0%, deployment=30.0%, MSE=3.206e-04, K=17.40
  industrial_model_offset_curves: dense=85.0%, deployment=40.0%, MSE=2.364e-04, K=18.50
Epoch 100/128 joint_finetune [=.......................] 1/19 MSE=1.419e-03 pass=0.0% K=14.5 feasibleK=14.5 countMAE=1.09 lr=proposal:0.0e+00/parameter:0.0e+00/selector:5.0e-05/decoder:1.0e-05
Epoch 100/128 joint_finetune [============............] 10/19 MSE=1.457e-03 pass=0.0% K=16.0 feasibleK=16.6 countMAE=1.22 lr=proposal:0.0e+00/parameter:0.0e+00/selector:5.0e-05/decoder:1.0e-05
Epoch 100/128 joint_finetune [========================] 19/19 MSE=1.497e-03 pass=0.0% K=14.4 feasibleK=14.5 countMAE=1.75 lr=proposal:0.0e+00/parameter:0.0e+00/selector:5.0e-05/decoder:1.0e-05
  validation [===.....................] 1/8 
  validation [========================] 8/8 
Epoch 100 phase=joint_finetune lr=proposal:0.0e+00/parameter:0.0e+00/selector:5.0e-05/decoder:1.0e-05 val dense=77.5% deployment=10.4% worst-source=0.0% qualification=0.0% MSE=1.109e-03 K=16.14 mass=15.59 beta=-0.67 soft_cost=4.4296 selection_score=-4.4296 complexity=1.00->1.00 safety=0+0.03sigma scale=0.00->0.00 pass_reference_only=0.0%
  Joint train structure: Keep P/R/F1=0.721/0.714/0.717, critical_false_delete=0.267, proposal R@.005/.01/.02=0.406/0.711/0.981, parameter_bias=1.499e-02, count-cal loss=6.147e-03, score/target/bias/MAE=14.65/15.04/-0.39/1.35, fine-risk mean/std/range=0.968/0.092/0.488, fine-loss/rank=4.839e-01/2.110e+00
  Counterfactual Keep: feasible-swap=8.5%, swap-equivalent recall=0.725, OR loss=3.586e-01
  Feasibility chain: numerical Teacher pass/MSE=99.2%/4.295e-05, student teacher-mask pass/MSE=95.5%/3.813e-05, student one-shot pass/MSE=0.3%/1.472e-03, teacher-source |K gap|=3.65; teacher-K topK recall/exact=0.724/0.007, boundary-rank loss=1.316e+00, teacher-frame parameter displacement=1.454e-03
  Synthetic K=20: n=21, dense=19.0%, deployment=0.0%
  Synthetic: dense=82.5%, deployment=0.0%, MSE=1.473e-03, K=15.59, targetK=12.60, count_MAE=3.04, bias=+2.99, knot_F1@0.01=0.479, param_RMSE=3.747e-02
  uji_pen_characters_v2: dense=95.0%, deployment=60.0%, MSE=6.750e-05, K=16.90
  natural_earth_10m_coastline: dense=20.0%, deployment=0.0%, MSE=9.806e-04, K=16.35
  usgs_tnm_contours_large_scale: dense=70.0%, deployment=25.0%, MSE=2.766e-04, K=17.15
  industrial_model_offset_curves: dense=85.0%, deployment=40.0%, MSE=2.034e-04, K=18.50
Epoch 101/128 joint_finetune [=.......................] 1/19 MSE=1.388e-03 pass=0.0% K=14.7 feasibleK=15.1 countMAE=1.41 lr=proposal:0.0e+00/parameter:0.0e+00/selector:5.0e-05/decoder:1.0e-05
Epoch 101/128 joint_finetune [============............] 10/19 MSE=1.627e-03 pass=0.0% K=15.5 feasibleK=15.6 countMAE=1.47 lr=proposal:0.0e+00/parameter:0.0e+00/selector:5.0e-05/decoder:1.0e-05
Epoch 101/128 joint_finetune [========================] 19/19 MSE=1.306e-03 pass=0.0% K=14.9 feasibleK=15.2 countMAE=1.04 lr=proposal:0.0e+00/parameter:0.0e+00/selector:5.0e-05/decoder:1.0e-05
  validation [===.....................] 1/8 
  validation [========================] 8/8 
Epoch 101 phase=joint_finetune lr=proposal:0.0e+00/parameter:0.0e+00/selector:5.0e-05/decoder:1.0e-05 val dense=77.5% deployment=11.7% worst-source=0.0% qualification=0.0% MSE=1.261e-03 K=16.24 mass=15.70 beta=-0.70 soft_cost=4.4951 selection_score=-4.4951 complexity=1.00->1.00 safety=0+0.03sigma scale=0.00->0.00 pass_reference_only=0.0%
  Joint train structure: Keep P/R/F1=0.723/0.715/0.719, critical_false_delete=0.264, proposal R@.005/.01/.02=0.406/0.710/0.981, parameter_bias=1.498e-02, count-cal loss=6.151e-03, score/target/bias/MAE=14.64/15.04/-0.40/1.35, fine-risk mean/std/range=0.968/0.092/0.486, fine-loss/rank=4.861e-01/2.110e+00
  Counterfactual Keep: feasible-swap=8.6%, swap-equivalent recall=0.727, OR loss=3.611e-01
  Feasibility chain: numerical Teacher pass/MSE=99.2%/4.295e-05, student teacher-mask pass/MSE=94.7%/3.807e-05, student one-shot pass/MSE=0.2%/1.409e-03, teacher-source |K gap|=3.65; teacher-K topK recall/exact=0.725/0.013, boundary-rank loss=1.316e+00, teacher-frame parameter displacement=1.477e-03
  Synthetic K=20: n=21, dense=19.0%, deployment=0.0%
  Synthetic: dense=82.5%, deployment=0.0%, MSE=1.571e-03, K=15.69, targetK=12.60, count_MAE=3.12, bias=+3.09, knot_F1@0.01=0.476, param_RMSE=3.753e-02
  uji_pen_characters_v2: dense=95.0%, deployment=65.0%, MSE=6.767e-05, K=17.00
  natural_earth_10m_coastline: dense=20.0%, deployment=0.0%, MSE=1.831e-03, K=16.40
  usgs_tnm_contours_large_scale: dense=70.0%, deployment=35.0%, MSE=4.850e-04, K=17.40
  industrial_model_offset_curves: dense=85.0%, deployment=40.0%, MSE=1.757e-04, K=18.50
Epoch 102/128 joint_finetune [=.......................] 1/19 MSE=1.531e-03 pass=0.0% K=14.7 feasibleK=14.6 countMAE=1.00 lr=proposal:0.0e+00/parameter:0.0e+00/selector:5.0e-05/decoder:1.0e-05
Epoch 102/128 joint_finetune [============............] 10/19 MSE=1.335e-03 pass=0.0% K=14.6 feasibleK=14.3 countMAE=1.12 lr=proposal:0.0e+00/parameter:0.0e+00/selector:5.0e-05/decoder:1.0e-05
Epoch 102/128 joint_finetune [========================] 19/19 MSE=1.453e-03 pass=0.0% K=16.3 feasibleK=16.6 countMAE=1.00 lr=proposal:0.0e+00/parameter:0.0e+00/selector:5.0e-05/decoder:1.0e-05
  validation [===.....................] 1/8 
  validation [========================] 8/8 
Epoch 102 phase=joint_finetune lr=proposal:0.0e+00/parameter:0.0e+00/selector:5.0e-05/decoder:1.0e-05 val dense=77.5% deployment=10.4% worst-source=0.0% qualification=0.0% MSE=1.232e-03 K=16.20 mass=15.66 beta=-0.69 soft_cost=4.4838 selection_score=-4.4838 complexity=1.00->1.00 safety=0+0.03sigma scale=0.00->0.00 pass_reference_only=0.0%
  Joint train structure: Keep P/R/F1=0.726/0.719/0.722, critical_false_delete=0.259, proposal R@.005/.01/.02=0.405/0.710/0.981, parameter_bias=1.498e-02, count-cal loss=6.050e-03, score/target/bias/MAE=14.65/15.04/-0.39/1.34, fine-risk mean/std/range=0.968/0.092/0.486, fine-loss/rank=4.838e-01/2.110e+00
  Counterfactual Keep: feasible-swap=8.5%, swap-equivalent recall=0.732, OR loss=3.654e-01
  Feasibility chain: numerical Teacher pass/MSE=99.2%/4.295e-05, student teacher-mask pass/MSE=95.8%/3.797e-05, student one-shot pass/MSE=0.3%/1.442e-03, teacher-source |K gap|=3.65; teacher-K topK recall/exact=0.728/0.007, boundary-rank loss=1.316e+00, teacher-frame parameter displacement=1.478e-03
  Synthetic K=20: n=21, dense=19.0%, deployment=0.0%
  Synthetic: dense=82.5%, deployment=0.0%, MSE=1.540e-03, K=15.66, targetK=12.60, count_MAE=3.09, bias=+3.06, knot_F1@0.01=0.477, param_RMSE=3.758e-02
  uji_pen_characters_v2: dense=95.0%, deployment=55.0%, MSE=8.550e-05, K=16.95
  natural_earth_10m_coastline: dense=20.0%, deployment=0.0%, MSE=1.857e-03, K=16.35
  usgs_tnm_contours_large_scale: dense=70.0%, deployment=30.0%, MSE=3.149e-04, K=17.30
  industrial_model_offset_curves: dense=85.0%, deployment=40.0%, MSE=2.062e-04, K=18.50
Epoch 103/128 joint_finetune [=.......................] 1/19 MSE=1.519e-03 pass=0.0% K=13.4 feasibleK=13.4 countMAE=0.97 lr=proposal:0.0e+00/parameter:0.0e+00/selector:5.0e-05/decoder:1.0e-05
Epoch 103/128 joint_finetune [============............] 10/19 MSE=1.293e-03 pass=0.0% K=16.7 feasibleK=17.1 countMAE=1.53 lr=proposal:0.0e+00/parameter:0.0e+00/selector:5.0e-05/decoder:1.0e-05
Epoch 103/128 joint_finetune [========================] 19/19 MSE=1.151e-03 pass=0.0% K=14.9 feasibleK=15.0 countMAE=1.08 lr=proposal:0.0e+00/parameter:0.0e+00/selector:5.0e-05/decoder:1.0e-05
  validation [===.....................] 1/8 
  validation [========================] 8/8 
Epoch 103 phase=joint_finetune lr=proposal:0.0e+00/parameter:0.0e+00/selector:5.0e-05/decoder:1.0e-05 val dense=77.5% deployment=11.7% worst-source=0.0% qualification=0.0% MSE=1.037e-03 K=16.40 mass=15.86 beta=-0.73 soft_cost=4.3368 selection_score=-4.3368 complexity=1.00->1.00 safety=0+0.03sigma scale=0.00->0.00 pass_reference_only=0.0%
  Joint train structure: Keep P/R/F1=0.721/0.711/0.716, critical_false_delete=0.270, proposal R@.005/.01/.02=0.405/0.709/0.981, parameter_bias=1.498e-02, count-cal loss=6.058e-03, score/target/bias/MAE=14.58/15.04/-0.46/1.34, fine-risk mean/std/range=0.968/0.092/0.487, fine-loss/rank=4.921e-01/2.110e+00
  Counterfactual Keep: feasible-swap=8.6%, swap-equivalent recall=0.723, OR loss=3.602e-01
  Feasibility chain: numerical Teacher pass/MSE=99.2%/4.295e-05, student teacher-mask pass/MSE=95.8%/3.779e-05, student one-shot pass/MSE=0.0%/1.458e-03, teacher-source |K gap|=3.65; teacher-K topK recall/exact=0.724/0.007, boundary-rank loss=1.316e+00, teacher-frame parameter displacement=1.553e-03
  Synthetic K=20: n=21, dense=19.0%, deployment=0.0%
  Synthetic: dense=82.5%, deployment=0.0%, MSE=1.368e-03, K=15.86, targetK=12.60, count_MAE=3.26, bias=+3.26, knot_F1@0.01=0.484, param_RMSE=3.760e-02
  uji_pen_characters_v2: dense=95.0%, deployment=65.0%, MSE=6.785e-05, K=17.20
  natural_earth_10m_coastline: dense=20.0%, deployment=0.0%, MSE=9.738e-04, K=16.65
  usgs_tnm_contours_large_scale: dense=70.0%, deployment=35.0%, MSE=2.533e-04, K=17.55
  industrial_model_offset_curves: dense=85.0%, deployment=40.0%, MSE=1.984e-04, K=18.55
Epoch 104/128 joint_finetune [=.......................] 1/19 MSE=1.298e-03 pass=0.0% K=15.1 feasibleK=15.2 countMAE=0.97 lr=proposal:0.0e+00/parameter:0.0e+00/selector:5.0e-05/decoder:1.0e-05
Epoch 104/128 joint_finetune [============............] 10/19 MSE=1.527e-03 pass=0.0% K=14.3 feasibleK=14.6 countMAE=1.09 lr=proposal:0.0e+00/parameter:0.0e+00/selector:5.0e-05/decoder:1.0e-05
Epoch 104/128 joint_finetune [========================] 19/19 MSE=1.564e-03 pass=0.0% K=14.4 feasibleK=14.4 countMAE=1.38 lr=proposal:0.0e+00/parameter:0.0e+00/selector:5.0e-05/decoder:1.0e-05
  validation [===.....................] 1/8 
  validation [========================] 8/8 
Epoch 104 phase=joint_finetune lr=proposal:0.0e+00/parameter:0.0e+00/selector:5.0e-05/decoder:1.0e-05 val dense=77.5% deployment=11.2% worst-source=0.0% qualification=0.0% MSE=1.092e-03 K=16.35 mass=15.81 beta=-0.72 soft_cost=4.3709 selection_score=-4.3709 complexity=1.00->1.00 safety=0+0.03sigma scale=0.00->0.00 pass_reference_only=0.0%
  Joint train structure: Keep P/R/F1=0.723/0.719/0.721, critical_false_delete=0.262, proposal R@.005/.01/.02=0.406/0.711/0.981, parameter_bias=1.496e-02, count-cal loss=5.916e-03, score/target/bias/MAE=14.70/15.04/-0.34/1.33, fine-risk mean/std/range=0.968/0.092/0.486, fine-loss/rank=4.810e-01/2.110e+00
  Counterfactual Keep: feasible-swap=8.6%, swap-equivalent recall=0.730, OR loss=3.544e-01
  Feasibility chain: numerical Teacher pass/MSE=99.2%/4.295e-05, student teacher-mask pass/MSE=96.0%/3.766e-05, student one-shot pass/MSE=0.0%/1.447e-03, teacher-source |K gap|=3.65; teacher-K topK recall/exact=0.726/0.012, boundary-rank loss=1.316e+00, teacher-frame parameter displacement=1.611e-03
  Synthetic K=20: n=21, dense=19.0%, deployment=0.0%
  Synthetic: dense=82.5%, deployment=0.0%, MSE=1.365e-03, K=15.79, targetK=12.60, count_MAE=3.19, bias=+3.19, knot_F1@0.01=0.479, param_RMSE=3.765e-02
  uji_pen_characters_v2: dense=95.0%, deployment=60.0%, MSE=7.365e-05, K=17.25
  natural_earth_10m_coastline: dense=20.0%, deployment=0.0%, MSE=1.561e-03, K=16.60
  usgs_tnm_contours_large_scale: dense=70.0%, deployment=35.0%, MSE=3.772e-04, K=17.45
  industrial_model_offset_curves: dense=85.0%, deployment=40.0%, MSE=1.685e-04, K=18.60
Epoch 105/128 joint_finetune [=.......................] 1/19 MSE=1.382e-03 pass=0.0% K=14.9 feasibleK=14.8 countMAE=1.22 lr=proposal:0.0e+00/parameter:0.0e+00/selector:5.0e-05/decoder:1.0e-05
Epoch 105/128 joint_finetune [============............] 10/19 MSE=1.434e-03 pass=0.0% K=16.5 feasibleK=16.9 countMAE=1.19 lr=proposal:0.0e+00/parameter:0.0e+00/selector:5.0e-05/decoder:1.0e-05
Epoch 105/128 joint_finetune [========================] 19/19 MSE=1.394e-03 pass=0.0% K=15.5 feasibleK=16.0 countMAE=1.12 lr=proposal:0.0e+00/parameter:0.0e+00/selector:5.0e-05/decoder:1.0e-05
  validation [===.....................] 1/8 
  validation [========================] 8/8 
Epoch 105 phase=joint_finetune lr=proposal:0.0e+00/parameter:0.0e+00/selector:5.0e-05/decoder:1.0e-05 val dense=77.5% deployment=10.4% worst-source=0.0% qualification=0.0% MSE=1.241e-03 K=16.18 mass=15.61 beta=-0.68 soft_cost=4.4910 selection_score=-4.4910 complexity=1.00->1.00 safety=0+0.03sigma scale=0.00->0.00 pass_reference_only=0.0%
  Joint train structure: Keep P/R/F1=0.726/0.717/0.721, critical_false_delete=0.262, proposal R@.005/.01/.02=0.407/0.711/0.981, parameter_bias=1.496e-02, count-cal loss=5.969e-03, score/target/bias/MAE=14.61/15.04/-0.43/1.33, fine-risk mean/std/range=0.968/0.092/0.487, fine-loss/rank=4.868e-01/2.110e+00
  Counterfactual Keep: feasible-swap=8.5%, swap-equivalent recall=0.730, OR loss=3.627e-01
  Feasibility chain: numerical Teacher pass/MSE=99.2%/4.295e-05, student teacher-mask pass/MSE=96.2%/3.762e-05, student one-shot pass/MSE=0.0%/1.404e-03, teacher-source |K gap|=3.65; teacher-K topK recall/exact=0.728/0.010, boundary-rank loss=1.316e+00, teacher-frame parameter displacement=1.681e-03
  Synthetic K=20: n=21, dense=19.0%, deployment=0.0%
  Synthetic: dense=82.5%, deployment=0.0%, MSE=1.564e-03, K=15.62, targetK=12.60, count_MAE=3.06, bias=+3.02, knot_F1@0.01=0.479, param_RMSE=3.766e-02
  uji_pen_characters_v2: dense=95.0%, deployment=60.0%, MSE=7.321e-05, K=17.00
  natural_earth_10m_coastline: dense=20.0%, deployment=0.0%, MSE=1.728e-03, K=16.55
  usgs_tnm_contours_large_scale: dense=70.0%, deployment=30.0%, MSE=4.030e-04, K=17.15
  industrial_model_offset_curves: dense=85.0%, deployment=35.0%, MSE=1.761e-04, K=18.50
Epoch 106/128 joint_finetune [=.......................] 1/19 MSE=1.505e-03 pass=0.0% K=15.2 feasibleK=15.6 countMAE=1.31 lr=proposal:0.0e+00/parameter:0.0e+00/selector:5.0e-05/decoder:1.0e-05
Epoch 106/128 joint_finetune [============............] 10/19 MSE=1.407e-03 pass=0.0% K=15.0 feasibleK=14.9 countMAE=1.16 lr=proposal:0.0e+00/parameter:0.0e+00/selector:5.0e-05/decoder:1.0e-05
Epoch 106/128 joint_finetune [========================] 19/19 MSE=1.347e-03 pass=0.0% K=15.7 feasibleK=15.7 countMAE=0.83 lr=proposal:0.0e+00/parameter:0.0e+00/selector:5.0e-05/decoder:1.0e-05
  validation [===.....................] 1/8 
  validation [========================] 8/8 
Epoch 106 phase=joint_finetune lr=proposal:0.0e+00/parameter:0.0e+00/selector:5.0e-05/decoder:1.0e-05 val dense=77.5% deployment=12.1% worst-source=0.0% qualification=0.0% MSE=1.136e-03 K=16.33 mass=15.78 beta=-0.71 soft_cost=4.3778 selection_score=-4.3778 complexity=1.00->1.00 safety=0+0.03sigma scale=0.00->0.00 pass_reference_only=0.0%
  Joint train structure: Keep P/R/F1=0.727/0.719/0.723, critical_false_delete=0.260, proposal R@.005/.01/.02=0.405/0.711/0.981, parameter_bias=1.493e-02, count-cal loss=5.861e-03, score/target/bias/MAE=14.62/15.04/-0.42/1.31, fine-risk mean/std/range=0.968/0.092/0.488, fine-loss/rank=4.869e-01/2.110e+00
  Counterfactual Keep: feasible-swap=8.6%, swap-equivalent recall=0.733, OR loss=3.629e-01
  Feasibility chain: numerical Teacher pass/MSE=99.2%/4.295e-05, student teacher-mask pass/MSE=95.7%/3.748e-05, student one-shot pass/MSE=0.0%/1.479e-03, teacher-source |K gap|=3.65; teacher-K topK recall/exact=0.729/0.010, boundary-rank loss=1.316e+00, teacher-frame parameter displacement=1.823e-03
  Synthetic K=20: n=21, dense=19.0%, deployment=0.0%
  Synthetic: dense=82.5%, deployment=0.0%, MSE=1.431e-03, K=15.77, targetK=12.60, count_MAE=3.17, bias=+3.17, knot_F1@0.01=0.482, param_RMSE=3.762e-02
  uji_pen_characters_v2: dense=95.0%, deployment=75.0%, MSE=6.950e-05, K=17.25
  natural_earth_10m_coastline: dense=20.0%, deployment=0.0%, MSE=1.651e-03, K=16.60
  usgs_tnm_contours_large_scale: dense=70.0%, deployment=30.0%, MSE=2.899e-04, K=17.40
  industrial_model_offset_curves: dense=85.0%, deployment=40.0%, MSE=1.746e-04, K=18.60
Epoch 107/128 joint_finetune [=.......................] 1/19 MSE=1.343e-03 pass=0.0% K=13.8 feasibleK=14.5 countMAE=1.38 lr=proposal:0.0e+00/parameter:0.0e+00/selector:5.0e-05/decoder:1.0e-05
Epoch 107/128 joint_finetune [============............] 10/19 MSE=1.465e-03 pass=0.0% K=15.2 feasibleK=15.3 countMAE=1.16 lr=proposal:0.0e+00/parameter:0.0e+00/selector:5.0e-05/decoder:1.0e-05
Epoch 107/128 joint_finetune [========================] 19/19 MSE=1.327e-03 pass=0.0% K=15.0 feasibleK=14.7 countMAE=1.08 lr=proposal:0.0e+00/parameter:0.0e+00/selector:5.0e-05/decoder:1.0e-05
  validation [===.....................] 1/8 
  validation [========================] 8/8 
Epoch 107 phase=joint_finetune lr=proposal:0.0e+00/parameter:0.0e+00/selector:5.0e-05/decoder:1.0e-05 val dense=77.5% deployment=13.3% worst-source=0.0% qualification=0.0% MSE=9.375e-04 K=16.48 mass=15.93 beta=-0.75 soft_cost=4.2417 selection_score=-4.2417 complexity=1.00->1.00 safety=0+0.03sigma scale=0.00->0.00 pass_reference_only=0.0%
  Joint train structure: Keep P/R/F1=0.725/0.720/0.722, critical_false_delete=0.261, proposal R@.005/.01/.02=0.406/0.711/0.981, parameter_bias=1.494e-02, count-cal loss=5.720e-03, score/target/bias/MAE=14.70/15.04/-0.34/1.30, fine-risk mean/std/range=0.968/0.092/0.489, fine-loss/rank=4.813e-01/2.110e+00
  Counterfactual Keep: feasible-swap=8.5%, swap-equivalent recall=0.732, OR loss=3.579e-01
  Feasibility chain: numerical Teacher pass/MSE=99.2%/4.295e-05, student teacher-mask pass/MSE=96.2%/3.743e-05, student one-shot pass/MSE=0.0%/1.413e-03, teacher-source |K gap|=3.65; teacher-K topK recall/exact=0.727/0.003, boundary-rank loss=1.316e+00, teacher-frame parameter displacement=1.813e-03
  Synthetic K=20: n=21, dense=19.0%, deployment=0.0%
  Synthetic: dense=82.5%, deployment=0.0%, MSE=1.247e-03, K=15.92, targetK=12.60, count_MAE=3.32, bias=+3.32, knot_F1@0.01=0.488, param_RMSE=3.773e-02
  uji_pen_characters_v2: dense=95.0%, deployment=75.0%, MSE=6.037e-05, K=17.45
  natural_earth_10m_coastline: dense=20.0%, deployment=0.0%, MSE=7.224e-04, K=16.80
  usgs_tnm_contours_large_scale: dense=70.0%, deployment=35.0%, MSE=3.115e-04, K=17.55
  industrial_model_offset_curves: dense=85.0%, deployment=50.0%, MSE=1.768e-04, K=18.60
Epoch 108/128 joint_finetune [=.......................] 1/19 MSE=1.283e-03 pass=0.0% K=15.4 feasibleK=15.6 countMAE=1.19 lr=proposal:0.0e+00/parameter:0.0e+00/selector:5.0e-05/decoder:1.0e-05
Epoch 108/128 joint_finetune [============............] 10/19 MSE=1.396e-03 pass=0.0% K=14.7 feasibleK=14.7 countMAE=1.00 lr=proposal:0.0e+00/parameter:0.0e+00/selector:5.0e-05/decoder:1.0e-05
Epoch 108/128 joint_finetune [========================] 19/19 MSE=1.308e-03 pass=0.0% K=15.9 feasibleK=16.4 countMAE=1.00 lr=proposal:0.0e+00/parameter:0.0e+00/selector:5.0e-05/decoder:1.0e-05
  validation [===.....................] 1/8 
  validation [========================] 8/8 
Epoch 108 phase=joint_finetune lr=proposal:0.0e+00/parameter:0.0e+00/selector:5.0e-05/decoder:1.0e-05 val dense=77.5% deployment=12.1% worst-source=0.0% qualification=0.0% MSE=1.051e-03 K=16.35 mass=15.79 beta=-0.72 soft_cost=4.3620 selection_score=-4.3620 complexity=1.00->1.00 safety=0+0.03sigma scale=0.00->0.00 pass_reference_only=0.0%
  Joint train structure: Keep P/R/F1=0.726/0.721/0.723, critical_false_delete=0.257, proposal R@.005/.01/.02=0.406/0.711/0.981, parameter_bias=1.491e-02, count-cal loss=5.629e-03, score/target/bias/MAE=14.68/15.04/-0.36/1.29, fine-risk mean/std/range=0.968/0.092/0.489, fine-loss/rank=4.817e-01/2.110e+00
  Counterfactual Keep: feasible-swap=8.6%, swap-equivalent recall=0.735, OR loss=3.592e-01
  Feasibility chain: numerical Teacher pass/MSE=99.2%/4.295e-05, student teacher-mask pass/MSE=96.2%/3.729e-05, student one-shot pass/MSE=0.2%/1.400e-03, teacher-source |K gap|=3.65; teacher-K topK recall/exact=0.728/0.010, boundary-rank loss=1.316e+00, teacher-frame parameter displacement=1.886e-03
  Synthetic K=20: n=21, dense=19.0%, deployment=0.0%
  Synthetic: dense=82.5%, deployment=0.0%, MSE=1.385e-03, K=15.78, targetK=12.60, count_MAE=3.18, bias=+3.18, knot_F1@0.01=0.483, param_RMSE=3.763e-02
  uji_pen_characters_v2: dense=95.0%, deployment=75.0%, MSE=9.729e-05, K=17.35
  natural_earth_10m_coastline: dense=20.0%, deployment=0.0%, MSE=9.922e-04, K=16.65
  usgs_tnm_contours_large_scale: dense=70.0%, deployment=25.0%, MSE=2.691e-04, K=17.35
  industrial_model_offset_curves: dense=85.0%, deployment=45.0%, MSE=1.775e-04, K=18.60
Epoch 109/128 joint_finetune [=.......................] 1/19 MSE=1.365e-03 pass=0.0% K=14.5 feasibleK=14.5 countMAE=1.31 lr=proposal:0.0e+00/parameter:0.0e+00/selector:5.0e-05/decoder:1.0e-05
Epoch 109/128 joint_finetune [============............] 10/19 MSE=1.220e-03 pass=0.0% K=15.7 feasibleK=15.8 countMAE=1.19 lr=proposal:0.0e+00/parameter:0.0e+00/selector:5.0e-05/decoder:1.0e-05
Epoch 109/128 joint_finetune [========================] 19/19 MSE=1.373e-03 pass=0.0% K=15.9 feasibleK=15.9 countMAE=1.25 lr=proposal:0.0e+00/parameter:0.0e+00/selector:5.0e-05/decoder:1.0e-05
  validation [===.....................] 1/8 
  validation [========================] 8/8 
Epoch 109 phase=joint_finetune lr=proposal:0.0e+00/parameter:0.0e+00/selector:5.0e-05/decoder:1.0e-05 val dense=77.5% deployment=12.1% worst-source=0.0% qualification=0.0% MSE=1.069e-03 K=16.47 mass=15.90 beta=-0.74 soft_cost=4.3810 selection_score=-4.3810 complexity=1.00->1.00 safety=0+0.03sigma scale=0.00->0.00 pass_reference_only=0.0%
  Joint train structure: Keep P/R/F1=0.724/0.719/0.722, critical_false_delete=0.261, proposal R@.005/.01/.02=0.405/0.710/0.981, parameter_bias=1.490e-02, count-cal loss=5.596e-03, score/target/bias/MAE=14.66/15.04/-0.37/1.28, fine-risk mean/std/range=0.968/0.092/0.487, fine-loss/rank=4.841e-01/2.110e+00
  Counterfactual Keep: feasible-swap=8.6%, swap-equivalent recall=0.731, OR loss=3.559e-01
  Feasibility chain: numerical Teacher pass/MSE=99.2%/4.295e-05, student teacher-mask pass/MSE=96.7%/3.727e-05, student one-shot pass/MSE=0.0%/1.402e-03, teacher-source |K gap|=3.65; teacher-K topK recall/exact=0.727/0.005, boundary-rank loss=1.316e+00, teacher-frame parameter displacement=1.965e-03
  Synthetic K=20: n=21, dense=19.0%, deployment=0.0%
  Synthetic: dense=82.5%, deployment=0.0%, MSE=1.421e-03, K=15.88, targetK=12.60, count_MAE=3.28, bias=+3.28, knot_F1@0.01=0.489, param_RMSE=3.766e-02
  uji_pen_characters_v2: dense=95.0%, deployment=70.0%, MSE=9.797e-05, K=17.55
  natural_earth_10m_coastline: dense=20.0%, deployment=0.0%, MSE=9.189e-04, K=16.85
  usgs_tnm_contours_large_scale: dense=70.0%, deployment=35.0%, MSE=2.621e-04, K=17.55
  industrial_model_offset_curves: dense=85.0%, deployment=40.0%, MSE=1.778e-04, K=18.65
Epoch 110/128 joint_finetune [=.......................] 1/19 MSE=1.468e-03 pass=0.0% K=14.0 feasibleK=13.9 countMAE=1.25 lr=proposal:0.0e+00/parameter:0.0e+00/selector:5.0e-05/decoder:1.0e-05
Epoch 110/128 joint_finetune [============............] 10/19 MSE=1.510e-03 pass=3.1% K=14.3 feasibleK=14.8 countMAE=1.56 lr=proposal:0.0e+00/parameter:0.0e+00/selector:5.0e-05/decoder:1.0e-05
Epoch 110/128 joint_finetune [========================] 19/19 MSE=1.332e-03 pass=0.0% K=14.0 feasibleK=14.5 countMAE=1.21 lr=proposal:0.0e+00/parameter:0.0e+00/selector:5.0e-05/decoder:1.0e-05
  validation [===.....................] 1/8 
  validation [========================] 8/8 
Epoch 110 phase=joint_finetune lr=proposal:0.0e+00/parameter:0.0e+00/selector:5.0e-05/decoder:1.0e-05 val dense=77.5% deployment=10.8% worst-source=0.0% qualification=0.0% MSE=1.070e-03 K=16.37 mass=15.79 beta=-0.72 soft_cost=4.3958 selection_score=-4.3958 complexity=1.00->1.00 safety=0+0.03sigma scale=0.00->0.00 pass_reference_only=0.0%
  Joint train structure: Keep P/R/F1=0.727/0.722/0.725, critical_false_delete=0.257, proposal R@.005/.01/.02=0.406/0.711/0.981, parameter_bias=1.488e-02, count-cal loss=5.643e-03, score/target/bias/MAE=14.70/15.04/-0.34/1.29, fine-risk mean/std/range=0.968/0.092/0.487, fine-loss/rank=4.794e-01/2.110e+00
  Counterfactual Keep: feasible-swap=8.5%, swap-equivalent recall=0.736, OR loss=3.668e-01
  Feasibility chain: numerical Teacher pass/MSE=99.2%/4.295e-05, student teacher-mask pass/MSE=96.5%/3.712e-05, student one-shot pass/MSE=0.3%/1.415e-03, teacher-source |K gap|=3.65; teacher-K topK recall/exact=0.729/0.005, boundary-rank loss=1.316e+00, teacher-frame parameter displacement=2.011e-03
  Synthetic K=20: n=21, dense=19.0%, deployment=0.0%
  Synthetic: dense=82.5%, deployment=0.0%, MSE=1.423e-03, K=15.79, targetK=12.60, count_MAE=3.19, bias=+3.19, knot_F1@0.01=0.488, param_RMSE=3.770e-02
  uji_pen_characters_v2: dense=95.0%, deployment=60.0%, MSE=1.002e-04, K=17.50
  natural_earth_10m_coastline: dense=20.0%, deployment=0.0%, MSE=9.078e-04, K=16.75
  usgs_tnm_contours_large_scale: dense=70.0%, deployment=30.0%, MSE=2.687e-04, K=17.30
  industrial_model_offset_curves: dense=85.0%, deployment=40.0%, MSE=1.724e-04, K=18.60
Epoch 111/128 joint_finetune [=.......................] 1/19 MSE=1.340e-03 pass=0.0% K=14.8 feasibleK=14.9 countMAE=1.34 lr=proposal:0.0e+00/parameter:0.0e+00/selector:5.0e-05/decoder:1.0e-05
Epoch 111/128 joint_finetune [============............] 10/19 MSE=1.424e-03 pass=0.0% K=16.3 feasibleK=15.9 countMAE=1.34 lr=proposal:0.0e+00/parameter:0.0e+00/selector:5.0e-05/decoder:1.0e-05
Epoch 111/128 joint_finetune [========================] 19/19 MSE=1.267e-03 pass=0.0% K=16.6 feasibleK=16.9 countMAE=1.25 lr=proposal:0.0e+00/parameter:0.0e+00/selector:5.0e-05/decoder:1.0e-05
  validation [===.....................] 1/8 
  validation [========================] 8/8 
Epoch 111 phase=joint_finetune lr=proposal:0.0e+00/parameter:0.0e+00/selector:5.0e-05/decoder:1.0e-05 val dense=77.5% deployment=11.2% worst-source=0.0% qualification=0.0% MSE=1.158e-03 K=16.31 mass=15.73 beta=-0.71 soft_cost=4.4580 selection_score=-4.4580 complexity=1.00->1.00 safety=0+0.03sigma scale=0.00->0.00 pass_reference_only=0.0%
  Joint train structure: Keep P/R/F1=0.723/0.722/0.723, critical_false_delete=0.253, proposal R@.005/.01/.02=0.406/0.711/0.981, parameter_bias=1.485e-02, count-cal loss=5.440e-03, score/target/bias/MAE=14.76/15.04/-0.28/1.26, fine-risk mean/std/range=0.968/0.092/0.490, fine-loss/rank=4.755e-01/2.110e+00
  Counterfactual Keep: feasible-swap=8.5%, swap-equivalent recall=0.738, OR loss=3.641e-01
  Feasibility chain: numerical Teacher pass/MSE=99.2%/4.295e-05, student teacher-mask pass/MSE=96.3%/3.701e-05, student one-shot pass/MSE=0.2%/1.338e-03, teacher-source |K gap|=3.65; teacher-K topK recall/exact=0.727/0.010, boundary-rank loss=1.316e+00, teacher-frame parameter displacement=2.146e-03
  Synthetic K=20: n=21, dense=19.0%, deployment=0.0%
  Synthetic: dense=82.5%, deployment=0.0%, MSE=1.516e-03, K=15.72, targetK=12.60, count_MAE=3.13, bias=+3.12, knot_F1@0.01=0.483, param_RMSE=3.793e-02
  uji_pen_characters_v2: dense=95.0%, deployment=65.0%, MSE=9.735e-05, K=17.45
  natural_earth_10m_coastline: dense=20.0%, deployment=0.0%, MSE=1.181e-03, K=16.70
  usgs_tnm_contours_large_scale: dense=70.0%, deployment=30.0%, MSE=3.079e-04, K=17.25
  industrial_model_offset_curves: dense=85.0%, deployment=40.0%, MSE=1.862e-04, K=18.55
Epoch 112/128 joint_finetune [=.......................] 1/19 MSE=1.398e-03 pass=0.0% K=14.7 feasibleK=15.0 countMAE=0.94 lr=proposal:0.0e+00/parameter:0.0e+00/selector:5.0e-05/decoder:1.0e-05
Epoch 112/128 joint_finetune [============............] 10/19 MSE=1.202e-03 pass=0.0% K=15.9 feasibleK=15.6 countMAE=1.31 lr=proposal:0.0e+00/parameter:0.0e+00/selector:5.0e-05/decoder:1.0e-05
Epoch 112/128 joint_finetune [========================] 19/19 MSE=1.247e-03 pass=0.0% K=15.5 feasibleK=15.5 countMAE=1.08 lr=proposal:0.0e+00/parameter:0.0e+00/selector:5.0e-05/decoder:1.0e-05
  validation [===.....................] 1/8 
  validation [========================] 8/8 
Epoch 112 phase=joint_finetune lr=proposal:0.0e+00/parameter:0.0e+00/selector:5.0e-05/decoder:1.0e-05 val dense=77.5% deployment=11.7% worst-source=0.0% qualification=0.0% MSE=1.142e-03 K=16.35 mass=15.77 beta=-0.72 soft_cost=4.4328 selection_score=-4.4328 complexity=1.00->1.00 safety=0+0.03sigma scale=0.00->0.00 pass_reference_only=0.0%
  Joint train structure: Keep P/R/F1=0.726/0.721/0.723, critical_false_delete=0.259, proposal R@.005/.01/.02=0.405/0.710/0.981, parameter_bias=1.483e-02, count-cal loss=5.470e-03, score/target/bias/MAE=14.70/15.04/-0.33/1.26, fine-risk mean/std/range=0.968/0.092/0.490, fine-loss/rank=4.811e-01/2.110e+00
  Counterfactual Keep: feasible-swap=8.5%, swap-equivalent recall=0.733, OR loss=3.657e-01
  Feasibility chain: numerical Teacher pass/MSE=99.2%/4.295e-05, student teacher-mask pass/MSE=96.2%/3.700e-05, student one-shot pass/MSE=0.2%/1.414e-03, teacher-source |K gap|=3.65; teacher-K topK recall/exact=0.728/0.010, boundary-rank loss=1.316e+00, teacher-frame parameter displacement=2.239e-03
  Synthetic K=20: n=21, dense=19.0%, deployment=0.0%
  Synthetic: dense=82.5%, deployment=0.0%, MSE=1.535e-03, K=15.75, targetK=12.60, count_MAE=3.16, bias=+3.15, knot_F1@0.01=0.483, param_RMSE=3.796e-02
  uji_pen_characters_v2: dense=95.0%, deployment=65.0%, MSE=1.090e-04, K=17.55
  natural_earth_10m_coastline: dense=20.0%, deployment=0.0%, MSE=8.825e-04, K=16.75
  usgs_tnm_contours_large_scale: dense=70.0%, deployment=35.0%, MSE=2.604e-04, K=17.25
  industrial_model_offset_curves: dense=85.0%, deployment=40.0%, MSE=1.784e-04, K=18.60
Epoch 113/128 joint_finetune [=.......................] 1/19 MSE=1.411e-03 pass=0.0% K=14.9 feasibleK=14.9 countMAE=0.97 lr=proposal:0.0e+00/parameter:0.0e+00/selector:5.0e-05/decoder:1.0e-05
Epoch 113/128 joint_finetune [============............] 10/19 MSE=1.559e-03 pass=0.0% K=15.2 feasibleK=15.6 countMAE=1.03 lr=proposal:0.0e+00/parameter:0.0e+00/selector:5.0e-05/decoder:1.0e-05
Epoch 113/128 joint_finetune [========================] 19/19 MSE=1.366e-03 pass=0.0% K=16.3 feasibleK=17.1 countMAE=1.08 lr=proposal:0.0e+00/parameter:0.0e+00/selector:5.0e-05/decoder:1.0e-05
  validation [===.....................] 1/8 
  validation [========================] 8/8 
Epoch 113 phase=joint_finetune lr=proposal:0.0e+00/parameter:0.0e+00/selector:5.0e-05/decoder:1.0e-05 val dense=77.5% deployment=11.2% worst-source=0.0% qualification=0.0% MSE=1.072e-03 K=16.50 mass=15.92 beta=-0.75 soft_cost=4.3810 selection_score=-4.3810 complexity=1.00->1.00 safety=0+0.03sigma scale=0.00->0.00 pass_reference_only=0.0%
  Joint train structure: Keep P/R/F1=0.727/0.719/0.723, critical_false_delete=0.261, proposal R@.005/.01/.02=0.406/0.711/0.981, parameter_bias=1.481e-02, count-cal loss=5.401e-03, score/target/bias/MAE=14.61/15.04/-0.42/1.26, fine-risk mean/std/range=0.968/0.092/0.490, fine-loss/rank=4.859e-01/2.110e+00
  Counterfactual Keep: feasible-swap=8.5%, swap-equivalent recall=0.730, OR loss=3.701e-01
  Feasibility chain: numerical Teacher pass/MSE=99.2%/4.295e-05, student teacher-mask pass/MSE=97.0%/3.684e-05, student one-shot pass/MSE=0.2%/1.460e-03, teacher-source |K gap|=3.65; teacher-K topK recall/exact=0.730/0.012, boundary-rank loss=1.316e+00, teacher-frame parameter displacement=2.329e-03
  Synthetic K=20: n=21, dense=19.0%, deployment=0.0%
  Synthetic: dense=82.5%, deployment=0.0%, MSE=1.456e-03, K=15.90, targetK=12.60, count_MAE=3.30, bias=+3.30, knot_F1@0.01=0.488, param_RMSE=3.797e-02
  uji_pen_characters_v2: dense=95.0%, deployment=70.0%, MSE=9.640e-05, K=17.65
  natural_earth_10m_coastline: dense=20.0%, deployment=0.0%, MSE=7.459e-04, K=17.00
  usgs_tnm_contours_large_scale: dense=70.0%, deployment=25.0%, MSE=2.125e-04, K=17.50
  industrial_model_offset_curves: dense=85.0%, deployment=40.0%, MSE=1.603e-04, K=18.65
Epoch 114/128 joint_finetune [=.......................] 1/19 MSE=1.359e-03 pass=0.0% K=13.8 feasibleK=13.3 countMAE=1.19 lr=proposal:0.0e+00/parameter:0.0e+00/selector:5.0e-05/decoder:1.0e-05
Epoch 114/128 joint_finetune [============............] 10/19 MSE=1.230e-03 pass=0.0% K=15.2 feasibleK=14.5 countMAE=1.34 lr=proposal:0.0e+00/parameter:0.0e+00/selector:5.0e-05/decoder:1.0e-05
Epoch 114/128 joint_finetune [========================] 19/19 MSE=1.442e-03 pass=0.0% K=15.1 feasibleK=15.5 countMAE=1.33 lr=proposal:0.0e+00/parameter:0.0e+00/selector:5.0e-05/decoder:1.0e-05
  validation [===.....................] 1/8 
  validation [========================] 8/8 
Epoch 114 phase=joint_finetune lr=proposal:0.0e+00/parameter:0.0e+00/selector:5.0e-05/decoder:1.0e-05 val dense=77.5% deployment=10.8% worst-source=0.0% qualification=0.0% MSE=1.201e-03 K=16.41 mass=15.81 beta=-0.73 soft_cost=4.4994 selection_score=-4.4994 complexity=1.00->1.00 safety=0+0.03sigma scale=0.00->0.00 pass_reference_only=0.0%
  Joint train structure: Keep P/R/F1=0.727/0.723/0.725, critical_false_delete=0.254, proposal R@.005/.01/.02=0.406/0.711/0.981, parameter_bias=1.476e-02, count-cal loss=5.355e-03, score/target/bias/MAE=14.72/15.04/-0.32/1.25, fine-risk mean/std/range=0.968/0.092/0.488, fine-loss/rank=4.785e-01/2.110e+00
  Counterfactual Keep: feasible-swap=8.5%, swap-equivalent recall=0.737, OR loss=3.642e-01
  Feasibility chain: numerical Teacher pass/MSE=99.2%/4.295e-05, student teacher-mask pass/MSE=96.3%/3.675e-05, student one-shot pass/MSE=0.2%/1.391e-03, teacher-source |K gap|=3.65; teacher-K topK recall/exact=0.727/0.010, boundary-rank loss=1.316e+00, teacher-frame parameter displacement=2.453e-03
  Synthetic K=20: n=21, dense=19.0%, deployment=0.0%
  Synthetic: dense=82.5%, deployment=0.0%, MSE=1.631e-03, K=15.79, targetK=12.60, count_MAE=3.19, bias=+3.19, knot_F1@0.01=0.482, param_RMSE=3.809e-02
  uji_pen_characters_v2: dense=95.0%, deployment=65.0%, MSE=9.913e-05, K=17.60
  natural_earth_10m_coastline: dense=20.0%, deployment=0.0%, MSE=8.388e-04, K=16.95
  usgs_tnm_contours_large_scale: dense=70.0%, deployment=25.0%, MSE=2.752e-04, K=17.40
  industrial_model_offset_curves: dense=85.0%, deployment=40.0%, MSE=1.574e-04, K=18.65
Epoch 115/128 joint_finetune [=.......................] 1/19 MSE=1.624e-03 pass=0.0% K=15.0 feasibleK=14.9 countMAE=1.09 lr=proposal:0.0e+00/parameter:0.0e+00/selector:5.0e-05/decoder:1.0e-05
Epoch 115/128 joint_finetune [============............] 10/19 MSE=1.227e-03 pass=3.1% K=15.6 feasibleK=16.0 countMAE=1.44 lr=proposal:0.0e+00/parameter:0.0e+00/selector:5.0e-05/decoder:1.0e-05
Epoch 115/128 joint_finetune [========================] 19/19 MSE=1.345e-03 pass=0.0% K=16.7 feasibleK=17.2 countMAE=1.42 lr=proposal:0.0e+00/parameter:0.0e+00/selector:5.0e-05/decoder:1.0e-05
  validation [===.....................] 1/8 
  validation [========================] 8/8 
Epoch 115 phase=joint_finetune lr=proposal:0.0e+00/parameter:0.0e+00/selector:5.0e-05/decoder:1.0e-05 val dense=77.5% deployment=11.7% worst-source=0.0% qualification=0.0% MSE=9.960e-04 K=16.35 mass=15.79 beta=-0.72 soft_cost=4.3372 selection_score=-4.3372 complexity=1.00->1.00 safety=0+0.03sigma scale=0.00->0.00 pass_reference_only=0.0%
  Joint train structure: Keep P/R/F1=0.724/0.718/0.721, critical_false_delete=0.260, proposal R@.005/.01/.02=0.405/0.710/0.981, parameter_bias=1.474e-02, count-cal loss=5.282e-03, score/target/bias/MAE=14.66/15.04/-0.38/1.25, fine-risk mean/std/range=0.968/0.092/0.490, fine-loss/rank=4.843e-01/2.110e+00
  Counterfactual Keep: feasible-swap=8.5%, swap-equivalent recall=0.731, OR loss=3.671e-01
  Feasibility chain: numerical Teacher pass/MSE=99.2%/4.295e-05, student teacher-mask pass/MSE=97.2%/3.659e-05, student one-shot pass/MSE=0.2%/1.412e-03, teacher-source |K gap|=3.65; teacher-K topK recall/exact=0.727/0.010, boundary-rank loss=1.317e+00, teacher-frame parameter displacement=2.528e-03
  Synthetic K=20: n=21, dense=19.0%, deployment=0.0%
  Synthetic: dense=82.5%, deployment=0.0%, MSE=1.329e-03, K=15.77, targetK=12.60, count_MAE=3.17, bias=+3.17, knot_F1@0.01=0.488, param_RMSE=3.811e-02
  uji_pen_characters_v2: dense=95.0%, deployment=70.0%, MSE=9.707e-05, K=17.60
  natural_earth_10m_coastline: dense=20.0%, deployment=0.0%, MSE=6.916e-04, K=16.80
  usgs_tnm_contours_large_scale: dense=70.0%, deployment=25.0%, MSE=3.355e-04, K=17.25
  industrial_model_offset_curves: dense=85.0%, deployment=45.0%, MSE=1.993e-04, K=18.45
Epoch 116/128 joint_finetune [=.......................] 1/19 MSE=1.396e-03 pass=0.0% K=15.1 feasibleK=15.4 countMAE=1.22 lr=proposal:0.0e+00/parameter:0.0e+00/selector:5.0e-05/decoder:1.0e-05
Epoch 116/128 joint_finetune [============............] 10/19 MSE=1.125e-03 pass=0.0% K=15.6 feasibleK=15.4 countMAE=1.16 lr=proposal:0.0e+00/parameter:0.0e+00/selector:5.0e-05/decoder:1.0e-05
Epoch 116/128 joint_finetune [========================] 19/19 MSE=1.635e-03 pass=0.0% K=14.8 feasibleK=15.1 countMAE=0.92 lr=proposal:0.0e+00/parameter:0.0e+00/selector:5.0e-05/decoder:1.0e-05
  validation [===.....................] 1/8 
  validation [========================] 8/8 
Epoch 116 phase=joint_finetune lr=proposal:0.0e+00/parameter:0.0e+00/selector:5.0e-05/decoder:1.0e-05 val dense=77.5% deployment=12.9% worst-source=0.0% qualification=0.0% MSE=1.099e-03 K=16.41 mass=15.82 beta=-0.73 soft_cost=4.3866 selection_score=-4.3866 complexity=1.00->1.00 safety=0+0.03sigma scale=0.00->0.00 pass_reference_only=0.0%
  Joint train structure: Keep P/R/F1=0.726/0.726/0.726, critical_false_delete=0.251, proposal R@.005/.01/.02=0.406/0.711/0.981, parameter_bias=1.471e-02, count-cal loss=5.171e-03, score/target/bias/MAE=14.79/15.04/-0.24/1.23, fine-risk mean/std/range=0.968/0.092/0.488, fine-loss/rank=4.724e-01/2.110e+00
  Counterfactual Keep: feasible-swap=8.6%, swap-equivalent recall=0.740, OR loss=3.591e-01
  Feasibility chain: numerical Teacher pass/MSE=99.2%/4.295e-05, student teacher-mask pass/MSE=96.7%/3.656e-05, student one-shot pass/MSE=0.0%/1.406e-03, teacher-source |K gap|=3.65; teacher-K topK recall/exact=0.728/0.013, boundary-rank loss=1.317e+00, teacher-frame parameter displacement=2.694e-03
  Synthetic K=20: n=21, dense=19.0%, deployment=0.0%
  Synthetic: dense=82.5%, deployment=0.0%, MSE=1.474e-03, K=15.79, targetK=12.60, count_MAE=3.19, bias=+3.19, knot_F1@0.01=0.492, param_RMSE=3.779e-02
  uji_pen_characters_v2: dense=95.0%, deployment=70.0%, MSE=1.070e-04, K=17.65
  natural_earth_10m_coastline: dense=20.0%, deployment=0.0%, MSE=8.816e-04, K=16.90
  usgs_tnm_contours_large_scale: dense=70.0%, deployment=40.0%, MSE=2.608e-04, K=17.45
  industrial_model_offset_curves: dense=85.0%, deployment=45.0%, MSE=1.448e-04, K=18.65
Epoch 117/128 joint_finetune [=.......................] 1/19 MSE=1.524e-03 pass=0.0% K=14.1 feasibleK=13.8 countMAE=1.09 lr=proposal:0.0e+00/parameter:0.0e+00/selector:5.0e-05/decoder:1.0e-05
Epoch 117/128 joint_finetune [============............] 10/19 MSE=1.384e-03 pass=3.1% K=15.8 feasibleK=16.1 countMAE=1.31 lr=proposal:0.0e+00/parameter:0.0e+00/selector:5.0e-05/decoder:1.0e-05
Epoch 117/128 joint_finetune [========================] 19/19 MSE=1.474e-03 pass=0.0% K=15.0 feasibleK=15.3 countMAE=0.92 lr=proposal:0.0e+00/parameter:0.0e+00/selector:5.0e-05/decoder:1.0e-05
  validation [===.....................] 1/8 
  validation [========================] 8/8 
Epoch 117 phase=joint_finetune lr=proposal:0.0e+00/parameter:0.0e+00/selector:5.0e-05/decoder:1.0e-05 val dense=77.5% deployment=11.7% worst-source=0.0% qualification=0.0% MSE=1.110e-03 K=16.41 mass=15.84 beta=-0.73 soft_cost=4.3618 selection_score=-4.3618 complexity=1.00->1.00 safety=0+0.03sigma scale=0.00->0.00 pass_reference_only=0.0%
  Joint train structure: Keep P/R/F1=0.729/0.722/0.726, critical_false_delete=0.258, proposal R@.005/.01/.02=0.406/0.710/0.981, parameter_bias=1.465e-02, count-cal loss=5.243e-03, score/target/bias/MAE=14.64/15.04/-0.40/1.23, fine-risk mean/std/range=0.968/0.092/0.487, fine-loss/rank=4.839e-01/2.110e+00
  Counterfactual Keep: feasible-swap=8.6%, swap-equivalent recall=0.734, OR loss=3.746e-01
  Feasibility chain: numerical Teacher pass/MSE=99.2%/4.295e-05, student teacher-mask pass/MSE=95.8%/3.650e-05, student one-shot pass/MSE=0.2%/1.425e-03, teacher-source |K gap|=3.65; teacher-K topK recall/exact=0.730/0.010, boundary-rank loss=1.317e+00, teacher-frame parameter displacement=2.834e-03
  Synthetic K=20: n=21, dense=19.0%, deployment=0.0%
  Synthetic: dense=82.5%, deployment=0.0%, MSE=1.405e-03, K=15.80, targetK=12.60, count_MAE=3.20, bias=+3.20, knot_F1@0.01=0.496, param_RMSE=3.808e-02
  uji_pen_characters_v2: dense=95.0%, deployment=70.0%, MSE=9.688e-05, K=17.65
  natural_earth_10m_coastline: dense=20.0%, deployment=0.0%, MSE=1.461e-03, K=16.95
  usgs_tnm_contours_large_scale: dense=70.0%, deployment=30.0%, MSE=3.687e-04, K=17.40
  industrial_model_offset_curves: dense=85.0%, deployment=40.0%, MSE=1.441e-04, K=18.55
Epoch 118/128 joint_finetune [=.......................] 1/19 MSE=1.270e-03 pass=0.0% K=16.2 feasibleK=16.1 countMAE=1.12 lr=proposal:0.0e+00/parameter:0.0e+00/selector:5.0e-05/decoder:1.0e-05
Epoch 118/128 joint_finetune [============............] 10/19 MSE=1.489e-03 pass=0.0% K=15.6 feasibleK=16.0 countMAE=1.34 lr=proposal:0.0e+00/parameter:0.0e+00/selector:5.0e-05/decoder:1.0e-05
Epoch 118/128 joint_finetune [========================] 19/19 MSE=1.371e-03 pass=4.2% K=16.4 feasibleK=16.5 countMAE=1.29 lr=proposal:0.0e+00/parameter:0.0e+00/selector:5.0e-05/decoder:1.0e-05
  validation [===.....................] 1/8 
  validation [========================] 8/8 
Epoch 118 phase=joint_finetune lr=proposal:0.0e+00/parameter:0.0e+00/selector:5.0e-05/decoder:1.0e-05 val dense=77.5% deployment=12.5% worst-source=0.0% qualification=0.0% MSE=1.100e-03 K=16.54 mass=15.94 beta=-0.75 soft_cost=4.3971 selection_score=-4.3971 complexity=1.00->1.00 safety=0+0.03sigma scale=0.00->0.00 pass_reference_only=0.0%
  Joint train structure: Keep P/R/F1=0.727/0.724/0.726, critical_false_delete=0.253, proposal R@.005/.01/.02=0.406/0.711/0.981, parameter_bias=1.463e-02, count-cal loss=5.128e-03, score/target/bias/MAE=14.70/15.04/-0.34/1.23, fine-risk mean/std/range=0.968/0.092/0.489, fine-loss/rank=4.792e-01/2.110e+00
  Counterfactual Keep: feasible-swap=8.5%, swap-equivalent recall=0.737, OR loss=3.676e-01
  Feasibility chain: numerical Teacher pass/MSE=99.2%/4.295e-05, student teacher-mask pass/MSE=94.2%/3.694e-05, student one-shot pass/MSE=0.3%/1.387e-03, teacher-source |K gap|=3.65; teacher-K topK recall/exact=0.730/0.012, boundary-rank loss=1.316e+00, teacher-frame parameter displacement=2.894e-03
  Synthetic K=20: n=21, dense=19.0%, deployment=0.0%
  Synthetic: dense=82.5%, deployment=0.0%, MSE=1.485e-03, K=15.91, targetK=12.60, count_MAE=3.31, bias=+3.31, knot_F1@0.01=0.491, param_RMSE=3.817e-02
  uji_pen_characters_v2: dense=95.0%, deployment=70.0%, MSE=9.872e-05, K=17.65
  natural_earth_10m_coastline: dense=20.0%, deployment=0.0%, MSE=8.379e-04, K=17.00
  usgs_tnm_contours_large_scale: dense=70.0%, deployment=35.0%, MSE=2.394e-04, K=17.50
  industrial_model_offset_curves: dense=85.0%, deployment=45.0%, MSE=1.395e-04, K=19.00
Epoch 119/128 joint_finetune [=.......................] 1/19 MSE=1.371e-03 pass=0.0% K=15.8 feasibleK=15.8 countMAE=1.06 lr=proposal:0.0e+00/parameter:0.0e+00/selector:5.0e-05/decoder:1.0e-05
Epoch 119/128 joint_finetune [============............] 10/19 MSE=1.563e-03 pass=0.0% K=15.2 feasibleK=15.5 countMAE=1.12 lr=proposal:0.0e+00/parameter:0.0e+00/selector:5.0e-05/decoder:1.0e-05
Epoch 119/128 joint_finetune [========================] 19/19 MSE=1.592e-03 pass=0.0% K=15.9 feasibleK=16.5 countMAE=1.12 lr=proposal:0.0e+00/parameter:0.0e+00/selector:5.0e-05/decoder:1.0e-05
  validation [===.....................] 1/8 
  validation [========================] 8/8 
Epoch 119 phase=joint_finetune lr=proposal:0.0e+00/parameter:0.0e+00/selector:5.0e-05/decoder:1.0e-05 val dense=77.5% deployment=10.8% worst-source=0.0% qualification=0.0% MSE=1.287e-03 K=16.22 mass=15.67 beta=-0.70 soft_cost=4.5399 selection_score=-4.5399 complexity=1.00->1.00 safety=0+0.03sigma scale=0.00->0.00 pass_reference_only=0.0%
  Joint train structure: Keep P/R/F1=0.729/0.722/0.725, critical_false_delete=0.258, proposal R@.005/.01/.02=0.405/0.710/0.981, parameter_bias=1.456e-02, count-cal loss=5.340e-03, score/target/bias/MAE=14.63/15.04/-0.41/1.24, fine-risk mean/std/range=0.968/0.092/0.483, fine-loss/rank=4.849e-01/2.110e+00
  Counterfactual Keep: feasible-swap=8.6%, swap-equivalent recall=0.734, OR loss=3.703e-01
  Feasibility chain: numerical Teacher pass/MSE=99.2%/4.295e-05, student teacher-mask pass/MSE=97.2%/3.632e-05, student one-shot pass/MSE=0.0%/1.403e-03, teacher-source |K gap|=3.65; teacher-K topK recall/exact=0.730/0.007, boundary-rank loss=1.316e+00, teacher-frame parameter displacement=3.007e-03
  Synthetic K=20: n=21, dense=19.0%, deployment=0.0%
  Synthetic: dense=82.5%, deployment=0.0%, MSE=1.714e-03, K=15.59, targetK=12.60, count_MAE=3.00, bias=+2.99, knot_F1@0.01=0.480, param_RMSE=3.825e-02
  uji_pen_characters_v2: dense=95.0%, deployment=70.0%, MSE=1.065e-04, K=17.60
  natural_earth_10m_coastline: dense=20.0%, deployment=0.0%, MSE=1.136e-03, K=16.80
  usgs_tnm_contours_large_scale: dense=70.0%, deployment=20.0%, MSE=3.179e-04, K=17.10
  industrial_model_offset_curves: dense=85.0%, deployment=40.0%, MSE=1.730e-04, K=18.40
Epoch 120/128 joint_finetune [=.......................] 1/19 MSE=1.490e-03 pass=0.0% K=15.7 feasibleK=16.0 countMAE=1.25 lr=proposal:0.0e+00/parameter:0.0e+00/selector:5.0e-05/decoder:1.0e-05
Epoch 120/128 joint_finetune [============............] 10/19 MSE=1.171e-03 pass=3.1% K=15.4 feasibleK=15.5 countMAE=1.22 lr=proposal:0.0e+00/parameter:0.0e+00/selector:5.0e-05/decoder:1.0e-05
Epoch 120/128 joint_finetune [========================] 19/19 MSE=1.445e-03 pass=4.2% K=15.7 feasibleK=15.5 countMAE=0.88 lr=proposal:0.0e+00/parameter:0.0e+00/selector:5.0e-05/decoder:1.0e-05
  validation [===.....................] 1/8 
  validation [========================] 8/8 
Epoch 120 phase=joint_finetune lr=proposal:0.0e+00/parameter:0.0e+00/selector:5.0e-05/decoder:1.0e-05 val dense=77.5% deployment=10.4% worst-source=0.0% qualification=0.0% MSE=1.154e-03 K=16.40 mass=15.84 beta=-0.73 soft_cost=4.4711 selection_score=-4.4711 complexity=1.00->1.00 safety=0+0.03sigma scale=0.00->0.00 pass_reference_only=0.0%
  Joint train structure: Keep P/R/F1=0.726/0.722/0.724, critical_false_delete=0.256, proposal R@.005/.01/.02=0.406/0.711/0.981, parameter_bias=1.450e-02, count-cal loss=5.120e-03, score/target/bias/MAE=14.70/15.04/-0.34/1.22, fine-risk mean/std/range=0.968/0.092/0.485, fine-loss/rank=4.792e-01/2.110e+00
  Counterfactual Keep: feasible-swap=8.5%, swap-equivalent recall=0.735, OR loss=3.683e-01
  Feasibility chain: numerical Teacher pass/MSE=99.2%/4.295e-05, student teacher-mask pass/MSE=97.0%/3.624e-05, student one-shot pass/MSE=0.5%/1.369e-03, teacher-source |K gap|=3.65; teacher-K topK recall/exact=0.729/0.005, boundary-rank loss=1.316e+00, teacher-frame parameter displacement=3.172e-03
  Synthetic K=20: n=21, dense=19.0%, deployment=0.0%
  Synthetic: dense=82.5%, deployment=0.0%, MSE=1.540e-03, K=15.76, targetK=12.60, count_MAE=3.17, bias=+3.16, knot_F1@0.01=0.484, param_RMSE=3.809e-02
  uji_pen_characters_v2: dense=95.0%, deployment=70.0%, MSE=9.832e-05, K=17.75
  natural_earth_10m_coastline: dense=20.0%, deployment=0.0%, MSE=8.469e-04, K=16.95
  usgs_tnm_contours_large_scale: dense=70.0%, deployment=20.0%, MSE=4.182e-04, K=17.30
  industrial_model_offset_curves: dense=85.0%, deployment=35.0%, MSE=1.648e-04, K=18.70
Epoch 121/128 joint_finetune [=.......................] 1/19 MSE=1.528e-03 pass=0.0% K=14.4 feasibleK=14.2 countMAE=1.06 lr=proposal:0.0e+00/parameter:0.0e+00/selector:5.0e-05/decoder:1.0e-05
Epoch 121/128 joint_finetune [============............] 10/19 MSE=1.388e-03 pass=0.0% K=16.2 feasibleK=16.1 countMAE=1.19 lr=proposal:0.0e+00/parameter:0.0e+00/selector:5.0e-05/decoder:1.0e-05
Epoch 121/128 joint_finetune [========================] 19/19 MSE=1.276e-03 pass=0.0% K=15.4 feasibleK=15.5 countMAE=1.08 lr=proposal:0.0e+00/parameter:0.0e+00/selector:5.0e-05/decoder:1.0e-05
  validation [===.....................] 1/8 
  validation [========================] 8/8 
Epoch 121 phase=joint_finetune lr=proposal:0.0e+00/parameter:0.0e+00/selector:5.0e-05/decoder:1.0e-05 val dense=77.5% deployment=10.8% worst-source=0.0% qualification=0.0% MSE=1.093e-03 K=16.40 mass=15.83 beta=-0.73 soft_cost=4.4201 selection_score=-4.4201 complexity=1.00->1.00 safety=0+0.03sigma scale=0.00->0.00 pass_reference_only=0.0%
  Joint train structure: Keep P/R/F1=0.728/0.724/0.726, critical_false_delete=0.259, proposal R@.005/.01/.02=0.405/0.710/0.981, parameter_bias=1.439e-02, count-cal loss=5.063e-03, score/target/bias/MAE=14.69/15.04/-0.35/1.22, fine-risk mean/std/range=0.968/0.092/0.490, fine-loss/rank=4.803e-01/2.110e+00
  Counterfactual Keep: feasible-swap=8.6%, swap-equivalent recall=0.735, OR loss=3.649e-01
  Feasibility chain: numerical Teacher pass/MSE=99.2%/4.295e-05, student teacher-mask pass/MSE=97.7%/3.617e-05, student one-shot pass/MSE=0.0%/1.432e-03, teacher-source |K gap|=3.65; teacher-K topK recall/exact=0.730/0.013, boundary-rank loss=1.317e+00, teacher-frame parameter displacement=3.373e-03
  Synthetic K=20: n=21, dense=19.0%, deployment=0.0%
  Synthetic: dense=82.5%, deployment=0.0%, MSE=1.457e-03, K=15.78, targetK=12.60, count_MAE=3.19, bias=+3.17, knot_F1@0.01=0.489, param_RMSE=3.816e-02
  uji_pen_characters_v2: dense=95.0%, deployment=65.0%, MSE=1.062e-04, K=17.75
  natural_earth_10m_coastline: dense=20.0%, deployment=0.0%, MSE=8.573e-04, K=16.95
  usgs_tnm_contours_large_scale: dense=70.0%, deployment=20.0%, MSE=3.563e-04, K=17.25
  industrial_model_offset_curves: dense=85.0%, deployment=45.0%, MSE=1.466e-04, K=18.70
Epoch 122/128 joint_finetune [=.......................] 1/19 MSE=1.289e-03 pass=0.0% K=17.1 feasibleK=17.0 countMAE=1.00 lr=proposal:0.0e+00/parameter:0.0e+00/selector:5.0e-05/decoder:1.0e-05
Epoch 122/128 joint_finetune [============............] 10/19 MSE=1.359e-03 pass=0.0% K=16.0 feasibleK=16.0 countMAE=1.25 lr=proposal:0.0e+00/parameter:0.0e+00/selector:5.0e-05/decoder:1.0e-05
Epoch 122/128 joint_finetune [========================] 19/19 MSE=1.550e-03 pass=0.0% K=15.0 feasibleK=15.7 countMAE=1.12 lr=proposal:0.0e+00/parameter:0.0e+00/selector:5.0e-05/decoder:1.0e-05
  validation [===.....................] 1/8 
  validation [========================] 8/8 
Epoch 122 phase=joint_finetune lr=proposal:0.0e+00/parameter:0.0e+00/selector:5.0e-05/decoder:1.0e-05 val dense=77.5% deployment=10.0% worst-source=0.0% qualification=0.0% MSE=1.126e-03 K=16.32 mass=15.76 beta=-0.72 soft_cost=4.4584 selection_score=-4.4584 complexity=1.00->1.00 safety=0+0.03sigma scale=0.00->0.00 pass_reference_only=0.0%
  Joint train structure: Keep P/R/F1=0.726/0.720/0.723, critical_false_delete=0.259, proposal R@.005/.01/.02=0.406/0.711/0.981, parameter_bias=1.434e-02, count-cal loss=5.057e-03, score/target/bias/MAE=14.66/15.04/-0.38/1.22, fine-risk mean/std/range=0.968/0.092/0.489, fine-loss/rank=4.829e-01/2.110e+00
  Counterfactual Keep: feasible-swap=8.6%, swap-equivalent recall=0.733, OR loss=3.603e-01
  Feasibility chain: numerical Teacher pass/MSE=99.2%/4.295e-05, student teacher-mask pass/MSE=97.0%/3.619e-05, student one-shot pass/MSE=0.0%/1.422e-03, teacher-source |K gap|=3.65; teacher-K topK recall/exact=0.730/0.010, boundary-rank loss=1.317e+00, teacher-frame parameter displacement=3.637e-03
  Synthetic K=20: n=21, dense=19.0%, deployment=0.0%
  Synthetic: dense=82.5%, deployment=0.0%, MSE=1.485e-03, K=15.69, targetK=12.60, count_MAE=3.11, bias=+3.09, knot_F1@0.01=0.485, param_RMSE=3.816e-02
  uji_pen_characters_v2: dense=95.0%, deployment=60.0%, MSE=9.911e-05, K=17.75
  natural_earth_10m_coastline: dense=20.0%, deployment=0.0%, MSE=8.997e-04, K=16.85
  usgs_tnm_contours_large_scale: dense=70.0%, deployment=20.0%, MSE=4.363e-04, K=17.15
  industrial_model_offset_curves: dense=85.0%, deployment=40.0%, MSE=2.005e-04, K=18.50
Epoch 123/128 joint_finetune [=.......................] 1/19 MSE=1.494e-03 pass=0.0% K=15.5 feasibleK=15.4 countMAE=1.19 lr=proposal:0.0e+00/parameter:0.0e+00/selector:5.0e-05/decoder:1.0e-05
Epoch 123/128 joint_finetune [============............] 10/19 MSE=1.366e-03 pass=0.0% K=14.9 feasibleK=15.0 countMAE=1.12 lr=proposal:0.0e+00/parameter:0.0e+00/selector:5.0e-05/decoder:1.0e-05
Epoch 123/128 joint_finetune [========================] 19/19 MSE=1.453e-03 pass=0.0% K=15.6 feasibleK=15.6 countMAE=1.25 lr=proposal:0.0e+00/parameter:0.0e+00/selector:5.0e-05/decoder:1.0e-05
  validation [===.....................] 1/8 
  validation [========================] 8/8 
Epoch 123 phase=joint_finetune lr=proposal:0.0e+00/parameter:0.0e+00/selector:5.0e-05/decoder:1.0e-05 val dense=77.5% deployment=11.2% worst-source=0.0% qualification=0.0% MSE=1.103e-03 K=16.37 mass=15.81 beta=-0.73 soft_cost=4.4063 selection_score=-4.4063 complexity=1.00->1.00 safety=0+0.03sigma scale=0.00->0.00 pass_reference_only=0.0%
  Joint train structure: Keep P/R/F1=0.725/0.725/0.725, critical_false_delete=0.253, proposal R@.005/.01/.02=0.405/0.710/0.981, parameter_bias=1.420e-02, count-cal loss=4.999e-03, score/target/bias/MAE=14.76/15.04/-0.28/1.21, fine-risk mean/std/range=0.968/0.092/0.490, fine-loss/rank=4.750e-01/2.110e+00
  Counterfactual Keep: feasible-swap=8.5%, swap-equivalent recall=0.738, OR loss=3.660e-01
  Feasibility chain: numerical Teacher pass/MSE=99.2%/4.295e-05, student teacher-mask pass/MSE=97.8%/3.603e-05, student one-shot pass/MSE=0.2%/1.344e-03, teacher-source |K gap|=3.65; teacher-K topK recall/exact=0.729/0.012, boundary-rank loss=1.316e+00, teacher-frame parameter displacement=3.861e-03
  Synthetic K=20: n=21, dense=19.0%, deployment=0.0%
  Synthetic: dense=82.5%, deployment=0.0%, MSE=1.502e-03, K=15.72, targetK=12.60, count_MAE=3.13, bias=+3.12, knot_F1@0.01=0.486, param_RMSE=3.827e-02
  uji_pen_characters_v2: dense=95.0%, deployment=60.0%, MSE=8.234e-05, K=17.75
  natural_earth_10m_coastline: dense=20.0%, deployment=0.0%, MSE=7.567e-04, K=16.95
  usgs_tnm_contours_large_scale: dense=70.0%, deployment=30.0%, MSE=2.193e-04, K=17.25
  industrial_model_offset_curves: dense=85.0%, deployment=45.0%, MSE=1.659e-04, K=18.70
Epoch 124/128 joint_finetune [=.......................] 1/19 MSE=1.485e-03 pass=0.0% K=14.4 feasibleK=14.8 countMAE=0.78 lr=proposal:0.0e+00/parameter:0.0e+00/selector:5.0e-05/decoder:1.0e-05
Epoch 124/128 joint_finetune [============............] 10/19 MSE=1.283e-03 pass=0.0% K=15.4 feasibleK=15.2 countMAE=1.06 lr=proposal:0.0e+00/parameter:0.0e+00/selector:5.0e-05/decoder:1.0e-05
Epoch 124/128 joint_finetune [========================] 19/19 MSE=1.288e-03 pass=0.0% K=14.4 feasibleK=14.1 countMAE=1.29 lr=proposal:0.0e+00/parameter:0.0e+00/selector:5.0e-05/decoder:1.0e-05
  validation [===.....................] 1/8 
  validation [========================] 8/8 
Epoch 124 phase=joint_finetune lr=proposal:0.0e+00/parameter:0.0e+00/selector:5.0e-05/decoder:1.0e-05 val dense=77.5% deployment=12.1% worst-source=0.0% qualification=0.0% MSE=1.035e-03 K=16.52 mass=15.93 beta=-0.75 soft_cost=4.3391 selection_score=-4.3391 complexity=1.00->1.00 safety=0+0.03sigma scale=0.00->0.00 pass_reference_only=0.0%
  Joint train structure: Keep P/R/F1=0.727/0.726/0.726, critical_false_delete=0.254, proposal R@.005/.01/.02=0.405/0.711/0.981, parameter_bias=1.404e-02, count-cal loss=4.880e-03, score/target/bias/MAE=14.75/15.04/-0.29/1.19, fine-risk mean/std/range=0.968/0.092/0.492, fine-loss/rank=4.748e-01/2.110e+00
  Counterfactual Keep: feasible-swap=8.5%, swap-equivalent recall=0.738, OR loss=3.671e-01
  Feasibility chain: numerical Teacher pass/MSE=99.2%/4.295e-05, student teacher-mask pass/MSE=97.5%/3.596e-05, student one-shot pass/MSE=0.2%/1.382e-03, teacher-source |K gap|=3.65; teacher-K topK recall/exact=0.729/0.005, boundary-rank loss=1.317e+00, teacher-frame parameter displacement=4.210e-03
  Synthetic K=20: n=21, dense=19.0%, deployment=0.0%
  Synthetic: dense=82.5%, deployment=0.0%, MSE=1.364e-03, K=15.91, targetK=12.60, count_MAE=3.31, bias=+3.31, knot_F1@0.01=0.499, param_RMSE=3.826e-02
  uji_pen_characters_v2: dense=95.0%, deployment=70.0%, MSE=7.147e-05, K=17.75
  natural_earth_10m_coastline: dense=20.0%, deployment=0.0%, MSE=8.699e-04, K=16.95
  usgs_tnm_contours_large_scale: dense=70.0%, deployment=30.0%, MSE=4.041e-04, K=17.35
  industrial_model_offset_curves: dense=85.0%, deployment=45.0%, MSE=1.562e-04, K=18.95
Epoch 125/128 joint_finetune [=.......................] 1/19 MSE=1.329e-03 pass=0.0% K=14.9 feasibleK=15.0 countMAE=0.94 lr=proposal:0.0e+00/parameter:0.0e+00/selector:5.0e-05/decoder:1.0e-05
Epoch 125/128 joint_finetune [============............] 10/19 MSE=1.294e-03 pass=0.0% K=15.7 feasibleK=15.8 countMAE=1.12 lr=proposal:0.0e+00/parameter:0.0e+00/selector:5.0e-05/decoder:1.0e-05
Epoch 125/128 joint_finetune [========================] 19/19 MSE=1.130e-03 pass=0.0% K=14.9 feasibleK=14.5 countMAE=1.67 lr=proposal:0.0e+00/parameter:0.0e+00/selector:5.0e-05/decoder:1.0e-05
  validation [===.....................] 1/8 
  validation [========================] 8/8 
Epoch 125 phase=joint_finetune lr=proposal:0.0e+00/parameter:0.0e+00/selector:5.0e-05/decoder:1.0e-05 val dense=77.5% deployment=14.2% worst-source=0.0% qualification=0.0% MSE=9.369e-04 K=16.59 mass=16.00 beta=-0.77 soft_cost=4.2183 selection_score=-4.2183 complexity=1.00->1.00 safety=0+0.03sigma scale=0.00->0.00 pass_reference_only=0.0%
  Joint train structure: Keep P/R/F1=0.729/0.722/0.726, critical_false_delete=0.256, proposal R@.005/.01/.02=0.406/0.711/0.981, parameter_bias=1.377e-02, count-cal loss=4.943e-03, score/target/bias/MAE=14.64/15.04/-0.40/1.20, fine-risk mean/std/range=0.968/0.092/0.489, fine-loss/rank=4.829e-01/2.110e+00
  Counterfactual Keep: feasible-swap=8.5%, swap-equivalent recall=0.736, OR loss=3.675e-01
  Feasibility chain: numerical Teacher pass/MSE=99.2%/4.295e-05, student teacher-mask pass/MSE=97.2%/3.591e-05, student one-shot pass/MSE=0.2%/1.447e-03, teacher-source |K gap|=3.65; teacher-K topK recall/exact=0.732/0.005, boundary-rank loss=1.317e+00, teacher-frame parameter displacement=4.568e-03
  Synthetic K=20: n=21, dense=19.0%, deployment=0.0%
  Synthetic: dense=82.5%, deployment=0.0%, MSE=1.250e-03, K=15.99, targetK=12.60, count_MAE=3.39, bias=+3.39, knot_F1@0.01=0.502, param_RMSE=3.795e-02
  uji_pen_characters_v2: dense=95.0%, deployment=80.0%, MSE=6.224e-05, K=17.75
  natural_earth_10m_coastline: dense=20.0%, deployment=0.0%, MSE=7.488e-04, K=17.00
  usgs_tnm_contours_large_scale: dense=70.0%, deployment=35.0%, MSE=2.907e-04, K=17.45
  industrial_model_offset_curves: dense=85.0%, deployment=55.0%, MSE=1.409e-04, K=18.95
Epoch 126/128 joint_finetune [=.......................] 1/19 MSE=1.251e-03 pass=0.0% K=14.2 feasibleK=14.4 countMAE=1.25 lr=proposal:0.0e+00/parameter:0.0e+00/selector:5.0e-05/decoder:1.0e-05
Epoch 126/128 joint_finetune [============............] 10/19 MSE=1.363e-03 pass=0.0% K=15.3 feasibleK=14.9 countMAE=1.31 lr=proposal:0.0e+00/parameter:0.0e+00/selector:5.0e-05/decoder:1.0e-05
Epoch 126/128 joint_finetune [========================] 19/19 MSE=1.540e-03 pass=0.0% K=13.8 feasibleK=13.8 countMAE=1.04 lr=proposal:0.0e+00/parameter:0.0e+00/selector:5.0e-05/decoder:1.0e-05
  validation [===.....................] 1/8 
  validation [========================] 8/8 
Epoch 126 phase=joint_finetune lr=proposal:0.0e+00/parameter:0.0e+00/selector:5.0e-05/decoder:1.0e-05 val dense=77.5% deployment=14.2% worst-source=0.0% qualification=0.0% MSE=9.750e-04 K=16.41 mass=15.84 beta=-0.74 soft_cost=4.2375 selection_score=-4.2375 complexity=1.00->1.00 safety=0+0.03sigma scale=0.00->0.00 pass_reference_only=0.0%
  Joint train structure: Keep P/R/F1=0.729/0.724/0.726, critical_false_delete=0.255, proposal R@.005/.01/.02=0.406/0.711/0.981, parameter_bias=1.340e-02, count-cal loss=4.846e-03, score/target/bias/MAE=14.68/15.04/-0.36/1.18, fine-risk mean/std/range=0.968/0.092/0.489, fine-loss/rank=4.803e-01/2.110e+00
  Counterfactual Keep: feasible-swap=8.5%, swap-equivalent recall=0.738, OR loss=3.698e-01
  Feasibility chain: numerical Teacher pass/MSE=99.2%/4.295e-05, student teacher-mask pass/MSE=97.5%/3.579e-05, student one-shot pass/MSE=0.0%/1.389e-03, teacher-source |K gap|=3.65; teacher-K topK recall/exact=0.730/0.010, boundary-rank loss=1.317e+00, teacher-frame parameter displacement=5.094e-03
  Synthetic K=20: n=21, dense=19.0%, deployment=0.0%
  Synthetic: dense=82.5%, deployment=0.6%, MSE=1.308e-03, K=15.78, targetK=12.60, count_MAE=3.18, bias=+3.18, knot_F1@0.01=0.493, param_RMSE=3.829e-02
  uji_pen_characters_v2: dense=95.0%, deployment=80.0%, MSE=6.271e-05, K=17.75
  natural_earth_10m_coastline: dense=20.0%, deployment=0.0%, MSE=7.719e-04, K=16.85
  usgs_tnm_contours_large_scale: dense=70.0%, deployment=40.0%, MSE=2.553e-04, K=17.25
  industrial_model_offset_curves: dense=85.0%, deployment=45.0%, MSE=1.432e-04, K=18.85
Epoch 127/128 joint_finetune [=.......................] 1/19 MSE=1.239e-03 pass=0.0% K=15.8 feasibleK=15.8 countMAE=1.03 lr=proposal:0.0e+00/parameter:0.0e+00/selector:5.0e-05/decoder:1.0e-05
Epoch 127/128 joint_finetune [============............] 10/19 MSE=1.510e-03 pass=0.0% K=16.1 feasibleK=16.0 countMAE=1.03 lr=proposal:0.0e+00/parameter:0.0e+00/selector:5.0e-05/decoder:1.0e-05
Epoch 127/128 joint_finetune [========================] 19/19 MSE=1.540e-03 pass=0.0% K=13.7 feasibleK=13.8 countMAE=0.92 lr=proposal:0.0e+00/parameter:0.0e+00/selector:5.0e-05/decoder:1.0e-05
  validation [===.....................] 1/8 
  validation [========================] 8/8 
Epoch 127 phase=joint_finetune lr=proposal:0.0e+00/parameter:0.0e+00/selector:5.0e-05/decoder:1.0e-05 val dense=77.5% deployment=12.9% worst-source=0.0% qualification=0.0% MSE=9.960e-04 K=16.60 mass=16.00 beta=-0.77 soft_cost=4.2809 selection_score=-4.2809 complexity=1.00->1.00 safety=0+0.03sigma scale=0.00->0.00 pass_reference_only=0.0%
  Joint train structure: Keep P/R/F1=0.729/0.724/0.726, critical_false_delete=0.254, proposal R@.005/.01/.02=0.406/0.710/0.981, parameter_bias=1.318e-02, count-cal loss=4.822e-03, score/target/bias/MAE=14.66/15.04/-0.37/1.18, fine-risk mean/std/range=0.968/0.092/0.488, fine-loss/rank=4.814e-01/2.110e+00
  Counterfactual Keep: feasible-swap=8.5%, swap-equivalent recall=0.737, OR loss=3.708e-01
  Feasibility chain: numerical Teacher pass/MSE=99.2%/4.295e-05, student teacher-mask pass/MSE=96.5%/3.593e-05, student one-shot pass/MSE=0.0%/1.411e-03, teacher-source |K gap|=3.65; teacher-K topK recall/exact=0.730/0.010, boundary-rank loss=1.317e+00, teacher-frame parameter displacement=5.644e-03
  Synthetic K=20: n=21, dense=19.0%, deployment=0.0%
  Synthetic: dense=82.5%, deployment=0.0%, MSE=1.340e-03, K=15.99, targetK=12.60, count_MAE=3.39, bias=+3.39, knot_F1@0.01=0.493, param_RMSE=3.788e-02
  uji_pen_characters_v2: dense=95.0%, deployment=75.0%, MSE=5.137e-05, K=17.75
  natural_earth_10m_coastline: dense=20.0%, deployment=0.0%, MSE=7.775e-04, K=17.00
  usgs_tnm_contours_large_scale: dense=70.0%, deployment=35.0%, MSE=2.469e-04, K=17.50
  industrial_model_offset_curves: dense=85.0%, deployment=45.0%, MSE=1.556e-04, K=18.95
Epoch 128/128 joint_finetune [=.......................] 1/19 MSE=1.300e-03 pass=0.0% K=14.2 feasibleK=14.2 countMAE=1.38 lr=proposal:0.0e+00/parameter:0.0e+00/selector:5.0e-05/decoder:1.0e-05
Epoch 128/128 joint_finetune [============............] 10/19 MSE=1.313e-03 pass=0.0% K=15.9 feasibleK=16.0 countMAE=1.22 lr=proposal:0.0e+00/parameter:0.0e+00/selector:5.0e-05/decoder:1.0e-05
Epoch 128/128 joint_finetune [========================] 19/19 MSE=1.462e-03 pass=0.0% K=14.6 feasibleK=14.6 countMAE=1.21 lr=proposal:0.0e+00/parameter:0.0e+00/selector:5.0e-05/decoder:1.0e-05
  validation [===.....................] 1/8 
  validation [========================] 8/8 
Epoch 128 phase=joint_finetune lr=proposal:0.0e+00/parameter:0.0e+00/selector:5.0e-05/decoder:1.0e-05 val dense=77.5% deployment=14.2% worst-source=0.0% qualification=0.0% MSE=1.006e-03 K=16.42 mass=15.86 beta=-0.74 soft_cost=4.2802 selection_score=-4.2802 complexity=1.00->1.00 safety=0+0.03sigma scale=0.00->0.00 pass_reference_only=0.0%
  Joint train structure: Keep P/R/F1=0.726/0.724/0.725, critical_false_delete=0.255, proposal R@.005/.01/.02=0.406/0.711/0.981, parameter_bias=1.267e-02, count-cal loss=4.758e-03, score/target/bias/MAE=14.71/15.04/-0.33/1.18, fine-risk mean/std/range=0.968/0.092/0.489, fine-loss/rank=4.773e-01/2.110e+00
  Counterfactual Keep: feasible-swap=8.5%, swap-equivalent recall=0.736, OR loss=3.714e-01
  Feasibility chain: numerical Teacher pass/MSE=99.2%/4.295e-05, student teacher-mask pass/MSE=97.5%/3.580e-05, student one-shot pass/MSE=0.0%/1.403e-03, teacher-source |K gap|=3.65; teacher-K topK recall/exact=0.728/0.010, boundary-rank loss=1.317e+00, teacher-frame parameter displacement=6.255e-03
  Synthetic K=20: n=21, dense=19.0%, deployment=0.0%
  Synthetic: dense=82.5%, deployment=0.6%, MSE=1.353e-03, K=15.79, targetK=12.60, count_MAE=3.19, bias=+3.19, knot_F1@0.01=0.491, param_RMSE=3.755e-02
  uji_pen_characters_v2: dense=95.0%, deployment=75.0%, MSE=5.631e-05, K=17.75
  natural_earth_10m_coastline: dense=20.0%, deployment=0.0%, MSE=7.415e-04, K=16.80
  usgs_tnm_contours_large_scale: dense=70.0%, deployment=35.0%, MSE=2.870e-04, K=17.25
  industrial_model_offset_curves: dense=85.0%, deployment=55.0%, MSE=1.645e-04, K=18.90
Saved best v16: /home/feng/HouCode/SplineSurpervisedFitting/outputs/checkpoints/candidate_selection_v16_mse5e-5_small_medium_sourcek20_kc24_p64_j64_linux_r1.pt; quality=supervised_fit_count_selected. Last/resume: /home/feng/HouCode/SplineSurpervisedFitting/outputs/checkpoints/candidate_selection_v16_mse5e-5_small_medium_sourcek20_kc24_p64_j64_linux_r1.last.pt; Proposal best/final: /home/feng/HouCode/SplineSurpervisedFitting/outputs/checkpoints/candidate_selection_v16_mse5e-5_small_medium_sourcek20_kc24_p64_j64_linux_r1.proposal.pt / /home/feng/HouCode/SplineSurpervisedFitting/outputs/checkpoints/candidate_selection_v16_mse5e-5_small_medium_sourcek20_kc24_p64_j64_linux_r1.proposal.final.pt
