Preparing fixed paired test samples...
Warming numerical solvers (excluded from timing)...
345 curves x 6 methods; device=cuda; MSE tolerance=0.0001
[1/345] Synthetic seed20000_sample2193 ours: K=8 MSE=4.8158842404595484e-05 time=7.5 ms ok
[1/345] Synthetic seed20000_sample2193 park_dominant_point_2007_adaptation: K=23 MSE=4.839156496616356e-05 time=28.4 ms ok
[1/345] Synthetic seed20000_sample2193 liang_feature_iki_2017_adaptation: K=17 MSE=7.447407178946526e-05 time=17.3 ms ok
[1/345] Synthetic seed20000_sample2193 dung_direct_knot_2017_adaptation: K=13 MSE=7.260188797082535e-05 time=100.8 ms ok
[1/345] Synthetic seed20000_sample2193 kang_sparse_2015_adaptation: K=6 MSE=8.928370818671618e-05 time=2106.2 ms ok
[1/345] Synthetic seed20000_sample2193 luo_linf_de_2022_adaptation: K=10 MSE=3.257906424138612e-05 time=8120.7 ms ok
[2/345] Synthetic seed20000_sample1522 ours: K=9 MSE=3.416758074363616e-05 time=7.6 ms ok
[2/345] Synthetic seed20000_sample1522 park_dominant_point_2007_adaptation: K=40 MSE=3.831969216351561e-05 time=55.2 ms ok
[2/345] Synthetic seed20000_sample1522 liang_feature_iki_2017_adaptation: K=13 MSE=2.4453040273721347e-05 time=13.2 ms ok
[2/345] Synthetic seed20000_sample1522 dung_direct_knot_2017_adaptation: K=16 MSE=9.982862526355604e-05 time=109.8 ms ok
[2/345] Synthetic seed20000_sample1522 kang_sparse_2015_adaptation: K=6 MSE=5.651620969932021e-05 time=2204.8 ms ok
[2/345] Synthetic seed20000_sample1522 luo_linf_de_2022_adaptation: K=9 MSE=2.5893979990244405e-05 time=7475.2 ms ok
[3/345] Synthetic seed20000_sample1267 ours: K=8 MSE=3.7779372203128404e-05 time=7.5 ms ok
[3/345] Synthetic seed20000_sample1267 park_dominant_point_2007_adaptation: K=28 MSE=4.501921564844199e-05 time=35.7 ms ok
[3/345] Synthetic seed20000_sample1267 liang_feature_iki_2017_adaptation: K=12 MSE=7.534945432398277e-05 time=12.2 ms ok
[3/345] Synthetic seed20000_sample1267 dung_direct_knot_2017_adaptation: K=11 MSE=5.982046633701981e-05 time=126.3 ms ok
[3/345] Synthetic seed20000_sample1267 kang_sparse_2015_adaptation: K=6 MSE=4.2345686936835264e-05 time=2148.1 ms ok
[3/345] Synthetic seed20000_sample1267 luo_linf_de_2022_adaptation: K=9 MSE=1.5832571086086102e-05 time=8232.2 ms ok
[4/345] Synthetic seed20000_sample1253 ours: K=7 MSE=6.218541026308039e-05 time=7.5 ms ok
[4/345] Synthetic seed20000_sample1253 park_dominant_point_2007_adaptation: K=30 MSE=4.380796686765708e-05 time=38.6 ms ok
[4/345] Synthetic seed20000_sample1253 liang_feature_iki_2017_adaptation: K=15 MSE=3.365738137437839e-05 time=15.3 ms ok
[4/345] Synthetic seed20000_sample1253 dung_direct_knot_2017_adaptation: K=12 MSE=8.001393019342017e-05 time=115.2 ms ok
[4/345] Synthetic seed20000_sample1253 kang_sparse_2015_adaptation: K=6 MSE=6.489120079161615e-05 time=2500.2 ms ok
[4/345] Synthetic seed20000_sample1253 luo_linf_de_2022_adaptation: K=8 MSE=3.210698430222188e-05 time=8019.3 ms ok
[5/345] Synthetic seed20000_sample1751 ours: K=8 MSE=2.4566501372312924e-05 time=7.5 ms ok
[5/345] Synthetic seed20000_sample1751 park_dominant_point_2007_adaptation: K=22 MSE=7.822209287289618e-05 time=27.0 ms ok
[5/345] Synthetic seed20000_sample1751 liang_feature_iki_2017_adaptation: K=11 MSE=5.433411432639932e-05 time=11.2 ms ok
[5/345] Synthetic seed20000_sample1751 dung_direct_knot_2017_adaptation: K=11 MSE=8.423508589627007e-05 time=111.0 ms ok
[5/345] Synthetic seed20000_sample1751 kang_sparse_2015_adaptation: K=6 MSE=5.6142994984163175e-05 time=2217.0 ms ok
[5/345] Synthetic seed20000_sample1751 luo_linf_de_2022_adaptation: K=8 MSE=2.6877864771079856e-05 time=8123.0 ms ok
[6/345] Synthetic seed20000_sample963 ours: K=9 MSE=6.349408151453121e-05 time=7.5 ms ok
[6/345] Synthetic seed20000_sample963 park_dominant_point_2007_adaptation: K=40 MSE=3.3236708472687646e-05 time=55.0 ms ok
[6/345] Synthetic seed20000_sample963 liang_feature_iki_2017_adaptation: K=15 MSE=4.2482721928285365e-05 time=15.3 ms ok
[6/345] Synthetic seed20000_sample963 dung_direct_knot_2017_adaptation: K=16 MSE=7.971355621317823e-05 time=147.3 ms ok
[6/345] Synthetic seed20000_sample963 kang_sparse_2015_adaptation: K=8 MSE=8.949568985235324e-05 time=3166.3 ms ok
[6/345] Synthetic seed20000_sample963 luo_linf_de_2022_adaptation: K=12 MSE=2.6856840248746474e-05 time=8345.7 ms ok
[7/345] Synthetic seed20000_sample2083 ours: K=8 MSE=0.00016058202086823066 time=7.5 ms ok
[7/345] Synthetic seed20000_sample2083 park_dominant_point_2007_adaptation: K=17 MSE=6.846884714557095e-05 time=20.3 ms ok
[7/345] Synthetic seed20000_sample2083 liang_feature_iki_2017_adaptation: K=17 MSE=6.572796475782992e-05 time=17.2 ms ok
[7/345] Synthetic seed20000_sample2083 dung_direct_knot_2017_adaptation: K=13 MSE=6.932424643372915e-05 time=158.1 ms ok
[7/345] Synthetic seed20000_sample2083 kang_sparse_2015_adaptation: K=7 MSE=8.513433818987488e-05 time=2661.5 ms ok
[7/345] Synthetic seed20000_sample2083 luo_linf_de_2022_adaptation: K=13 MSE=2.0375006668235148e-05 time=7955.1 ms ok
[8/345] Synthetic seed20000_sample627 ours: K=8 MSE=3.0619477885813433e-05 time=7.5 ms ok
[8/345] Synthetic seed20000_sample627 park_dominant_point_2007_adaptation: K=30 MSE=6.927677878101653e-05 time=38.6 ms ok
[8/345] Synthetic seed20000_sample627 liang_feature_iki_2017_adaptation: K=16 MSE=9.820505586458435e-05 time=16.3 ms ok
[8/345] Synthetic seed20000_sample627 dung_direct_knot_2017_adaptation: K=14 MSE=2.5837827328886755e-05 time=148.5 ms ok
[8/345] Synthetic seed20000_sample627 kang_sparse_2015_adaptation: K=7 MSE=3.979693424527737e-05 time=2390.1 ms ok
[8/345] Synthetic seed20000_sample627 luo_linf_de_2022_adaptation: K=10 MSE=3.425679033542765e-05 time=7407.4 ms ok
[9/345] Synthetic seed20000_sample505 ours: K=10 MSE=2.4629143790623838e-05 time=7.5 ms ok
[9/345] Synthetic seed20000_sample505 park_dominant_point_2007_adaptation: K=22 MSE=9.72787670867202e-05 time=27.0 ms ok
[9/345] Synthetic seed20000_sample505 liang_feature_iki_2017_adaptation: K=12 MSE=9.679385091721693e-05 time=12.2 ms ok
[9/345] Synthetic seed20000_sample505 dung_direct_knot_2017_adaptation: K=9 MSE=7.712364037938136e-05 time=100.2 ms ok
[9/345] Synthetic seed20000_sample505 kang_sparse_2015_adaptation: K=7 MSE=5.280298999013573e-05 time=2484.4 ms ok
[9/345] Synthetic seed20000_sample505 luo_linf_de_2022_adaptation: K=11 MSE=4.3874872078946844e-05 time=8424.7 ms ok
[10/345] Synthetic seed20000_sample3843 ours: K=8 MSE=0.00013189981143720196 time=7.5 ms ok
[10/345] Synthetic seed20000_sample3843 park_dominant_point_2007_adaptation: K=44 MSE=2.9839245736160045e-05 time=62.4 ms ok
[10/345] Synthetic seed20000_sample3843 liang_feature_iki_2017_adaptation: K=16 MSE=8.350317672835846e-05 time=16.3 ms ok
[10/345] Synthetic seed20000_sample3843 dung_direct_knot_2017_adaptation: K=11 MSE=9.219111945792023e-05 time=122.2 ms ok
[10/345] Synthetic seed20000_sample3843 kang_sparse_2015_adaptation: K=7 MSE=7.165922675269487e-05 time=2503.2 ms ok
[10/345] Synthetic seed20000_sample3843 luo_linf_de_2022_adaptation: K=13 MSE=2.085598263590726e-05 time=7916.4 ms ok
[11/345] Synthetic seed20000_sample1261 ours: K=9 MSE=0.00015031104154324948 time=7.5 ms ok
[11/345] Synthetic seed20000_sample1261 park_dominant_point_2007_adaptation: K=30 MSE=3.647523427799892e-05 time=38.7 ms ok
[11/345] Synthetic seed20000_sample1261 liang_feature_iki_2017_adaptation: K=16 MSE=8.5932352263228e-05 time=16.2 ms ok
[11/345] Synthetic seed20000_sample1261 dung_direct_knot_2017_adaptation: K=12 MSE=8.150310467762884e-05 time=123.3 ms ok
[11/345] Synthetic seed20000_sample1261 kang_sparse_2015_adaptation: K=8 MSE=6.189037772313992e-05 time=2650.3 ms ok
[11/345] Synthetic seed20000_sample1261 luo_linf_de_2022_adaptation: K=10 MSE=4.257831194744055e-05 time=8073.7 ms ok
[12/345] Synthetic seed20000_sample3273 ours: K=10 MSE=0.00011151028943541501 time=7.5 ms ok
[12/345] Synthetic seed20000_sample3273 park_dominant_point_2007_adaptation: K=31 MSE=9.43672731108212e-05 time=40.2 ms ok
[12/345] Synthetic seed20000_sample3273 liang_feature_iki_2017_adaptation: K=16 MSE=8.85021399713311e-05 time=16.3 ms ok
[12/345] Synthetic seed20000_sample3273 dung_direct_knot_2017_adaptation: K=17 MSE=7.495403147900446e-05 time=137.6 ms ok
[12/345] Synthetic seed20000_sample3273 kang_sparse_2015_adaptation: K=8 MSE=5.718245570037613e-05 time=2294.6 ms ok
[12/345] Synthetic seed20000_sample3273 luo_linf_de_2022_adaptation: K=12 MSE=2.7913718732233206e-05 time=7490.9 ms ok
[13/345] Synthetic seed20000_sample1177 ours: K=11 MSE=4.773347288495815e-05 time=7.5 ms ok
[13/345] Synthetic seed20000_sample1177 park_dominant_point_2007_adaptation: K=30 MSE=6.023578562840869e-05 time=38.7 ms ok
[13/345] Synthetic seed20000_sample1177 liang_feature_iki_2017_adaptation: K=15 MSE=5.362715696262239e-05 time=15.3 ms ok
[13/345] Synthetic seed20000_sample1177 dung_direct_knot_2017_adaptation: K=14 MSE=7.76173590271584e-05 time=128.0 ms ok
[13/345] Synthetic seed20000_sample1177 kang_sparse_2015_adaptation: K=8 MSE=6.39203236554127e-05 time=2680.0 ms ok
[13/345] Synthetic seed20000_sample1177 luo_linf_de_2022_adaptation: K=12 MSE=3.870390703177482e-05 time=7459.0 ms ok
[14/345] Synthetic seed20000_sample4001 ours: K=8 MSE=0.0003366461395738307 time=7.5 ms ok
[14/345] Synthetic seed20000_sample4001 park_dominant_point_2007_adaptation: K=29 MSE=2.7255131044485602e-05 time=37.2 ms ok
[14/345] Synthetic seed20000_sample4001 liang_feature_iki_2017_adaptation: K=14 MSE=6.836216066379708e-05 time=14.2 ms ok
[14/345] Synthetic seed20000_sample4001 dung_direct_knot_2017_adaptation: K=15 MSE=9.087460819300794e-05 time=148.8 ms ok
[14/345] Synthetic seed20000_sample4001 kang_sparse_2015_adaptation: K=8 MSE=5.859334417828119e-05 time=2414.0 ms ok
[14/345] Synthetic seed20000_sample4001 luo_linf_de_2022_adaptation: K=13 MSE=2.0009586209519167e-05 time=7952.9 ms ok
[15/345] Synthetic seed20000_sample4080 ours: K=10 MSE=0.00011780222905209421 time=7.5 ms ok
[15/345] Synthetic seed20000_sample4080 park_dominant_point_2007_adaptation: K=34 MSE=5.326202657649116e-05 time=45.0 ms ok
[15/345] Synthetic seed20000_sample4080 liang_feature_iki_2017_adaptation: K=12 MSE=9.318641818473602e-05 time=12.2 ms ok
[15/345] Synthetic seed20000_sample4080 dung_direct_knot_2017_adaptation: K=13 MSE=6.0535631913922436e-05 time=142.2 ms ok
[15/345] Synthetic seed20000_sample4080 kang_sparse_2015_adaptation: K=8 MSE=7.717376615019282e-05 time=2620.5 ms ok
[15/345] Synthetic seed20000_sample4080 luo_linf_de_2022_adaptation: K=11 MSE=4.011971682447144e-05 time=7916.4 ms ok
[16/345] Synthetic seed20000_sample1802 ours: K=11 MSE=9.406752322085251e-05 time=7.5 ms ok
[16/345] Synthetic seed20000_sample1802 park_dominant_point_2007_adaptation: K=34 MSE=1.4173953577372555e-05 time=45.0 ms ok
[16/345] Synthetic seed20000_sample1802 liang_feature_iki_2017_adaptation: K=16 MSE=6.36160639159117e-05 time=16.1 ms ok
[16/345] Synthetic seed20000_sample1802 dung_direct_knot_2017_adaptation: K=13 MSE=8.365142300131093e-05 time=156.1 ms ok
[16/345] Synthetic seed20000_sample1802 kang_sparse_2015_adaptation: K=9 MSE=5.443889972093346e-05 time=3129.5 ms ok
[16/345] Synthetic seed20000_sample1802 luo_linf_de_2022_adaptation: K=11 MSE=4.0964180100399e-05 time=8025.0 ms ok
[17/345] Synthetic seed20000_sample1833 ours: K=11 MSE=7.822785230196255e-05 time=7.5 ms ok
[17/345] Synthetic seed20000_sample1833 park_dominant_point_2007_adaptation: K=32 MSE=6.815879101516647e-05 time=41.7 ms ok
[17/345] Synthetic seed20000_sample1833 liang_feature_iki_2017_adaptation: K=24 MSE=7.852093718741325e-05 time=25.2 ms ok
[17/345] Synthetic seed20000_sample1833 dung_direct_knot_2017_adaptation: K=18 MSE=9.223093416579259e-05 time=168.5 ms ok
[17/345] Synthetic seed20000_sample1833 kang_sparse_2015_adaptation: K=11 MSE=9.60104896182425e-05 time=3029.6 ms ok
[17/345] Synthetic seed20000_sample1833 luo_linf_de_2022_adaptation: K=9 MSE=8.862994957332243e-05 time=7612.1 ms ok
[18/345] Synthetic seed20000_sample4062 ours: K=12 MSE=4.815976968116707e-05 time=7.5 ms ok
[18/345] Synthetic seed20000_sample4062 park_dominant_point_2007_adaptation: K=31 MSE=7.420356349275798e-05 time=40.2 ms ok
[18/345] Synthetic seed20000_sample4062 liang_feature_iki_2017_adaptation: K=14 MSE=9.157629591817703e-05 time=14.2 ms ok
[18/345] Synthetic seed20000_sample4062 dung_direct_knot_2017_adaptation: K=16 MSE=9.05269531051381e-05 time=151.1 ms ok
[18/345] Synthetic seed20000_sample4062 kang_sparse_2015_adaptation: K=9 MSE=7.098221563129227e-05 time=3092.8 ms ok
[18/345] Synthetic seed20000_sample4062 luo_linf_de_2022_adaptation: K=10 MSE=4.70095232409744e-05 time=8068.3 ms ok
[19/345] Synthetic seed20000_sample1587 ours: K=9 MSE=0.0005643117470690908 time=7.5 ms ok
[19/345] Synthetic seed20000_sample1587 park_dominant_point_2007_adaptation: K=28 MSE=8.813565259460332e-05 time=35.7 ms ok
[19/345] Synthetic seed20000_sample1587 liang_feature_iki_2017_adaptation: K=18 MSE=8.195129233712482e-05 time=18.3 ms ok
[19/345] Synthetic seed20000_sample1587 dung_direct_knot_2017_adaptation: K=14 MSE=9.434791411574863e-05 time=162.3 ms ok
[19/345] Synthetic seed20000_sample1587 kang_sparse_2015_adaptation: K=9 MSE=6.384915708134414e-05 time=3094.3 ms ok
[19/345] Synthetic seed20000_sample1587 luo_linf_de_2022_adaptation: K=12 MSE=4.100573898471196e-05 time=7556.6 ms ok
[20/345] Synthetic seed20000_sample515 ours: K=12 MSE=8.114185330329082e-05 time=7.3 ms ok
[20/345] Synthetic seed20000_sample515 park_dominant_point_2007_adaptation: K=35 MSE=2.533317813683353e-05 time=45.4 ms ok
[20/345] Synthetic seed20000_sample515 liang_feature_iki_2017_adaptation: K=18 MSE=6.940604890682323e-05 time=18.0 ms ok
[20/345] Synthetic seed20000_sample515 dung_direct_knot_2017_adaptation: K=14 MSE=9.819267335823743e-05 time=160.1 ms ok
[20/345] Synthetic seed20000_sample515 kang_sparse_2015_adaptation: K=10 MSE=8.807228219204334e-05 time=2881.5 ms ok
[20/345] Synthetic seed20000_sample515 luo_linf_de_2022_adaptation: K=14 MSE=9.5748801272626e-05 time=7242.5 ms ok
[21/345] Synthetic seed20000_sample612 ours: K=15 MSE=3.370205811364735e-05 time=7.4 ms ok
[21/345] Synthetic seed20000_sample612 park_dominant_point_2007_adaptation: K=25 MSE=9.124636474908375e-05 time=30.4 ms ok
[21/345] Synthetic seed20000_sample612 liang_feature_iki_2017_adaptation: K=18 MSE=9.677907830587185e-05 time=17.9 ms ok
[21/345] Synthetic seed20000_sample612 dung_direct_knot_2017_adaptation: K=12 MSE=8.43527114187303e-05 time=175.5 ms ok
[21/345] Synthetic seed20000_sample612 kang_sparse_2015_adaptation: K=10 MSE=7.989211312146089e-05 time=3018.2 ms ok
[21/345] Synthetic seed20000_sample612 luo_linf_de_2022_adaptation: K=10 MSE=7.238809161788473e-05 time=7314.1 ms ok
[22/345] Synthetic seed20000_sample2772 ours: K=15 MSE=2.9275155403719092e-05 time=7.4 ms ok
[22/345] Synthetic seed20000_sample2772 park_dominant_point_2007_adaptation: K=26 MSE=8.285308426893799e-05 time=32.0 ms ok
[22/345] Synthetic seed20000_sample2772 liang_feature_iki_2017_adaptation: K=17 MSE=6.601321284207646e-05 time=16.8 ms ok
[22/345] Synthetic seed20000_sample2772 dung_direct_knot_2017_adaptation: K=17 MSE=7.379424053676195e-05 time=166.1 ms ok
[22/345] Synthetic seed20000_sample2772 kang_sparse_2015_adaptation: K=10 MSE=5.21505948982269e-05 time=3025.0 ms ok
[22/345] Synthetic seed20000_sample2772 luo_linf_de_2022_adaptation: K=12 MSE=3.519486679516052e-05 time=7441.6 ms ok
[23/345] Synthetic seed20000_sample2372 ours: K=14 MSE=5.785916342309261e-05 time=7.4 ms ok
[23/345] Synthetic seed20000_sample2372 park_dominant_point_2007_adaptation: K=17 MSE=8.888997686899167e-05 time=20.0 ms ok
[23/345] Synthetic seed20000_sample2372 liang_feature_iki_2017_adaptation: K=17 MSE=8.900109466001246e-05 time=17.0 ms ok
[23/345] Synthetic seed20000_sample2372 dung_direct_knot_2017_adaptation: K=13 MSE=8.534525231792747e-05 time=152.9 ms ok
[23/345] Synthetic seed20000_sample2372 kang_sparse_2015_adaptation: K=10 MSE=8.632601635141827e-05 time=2905.6 ms ok
[23/345] Synthetic seed20000_sample2372 luo_linf_de_2022_adaptation: K=10 MSE=6.190157740234964e-05 time=7922.1 ms ok
[24/345] Synthetic seed20000_sample2984 ours: K=16 MSE=1.982863132848161e-05 time=7.4 ms ok
[24/345] Synthetic seed20000_sample2984 park_dominant_point_2007_adaptation: K=31 MSE=6.887019424487826e-05 time=39.4 ms ok
[24/345] Synthetic seed20000_sample2984 liang_feature_iki_2017_adaptation: K=26 MSE=8.549701872267957e-05 time=27.1 ms ok
[24/345] Synthetic seed20000_sample2984 dung_direct_knot_2017_adaptation: K=15 MSE=9.736346508801995e-05 time=170.2 ms ok
[24/345] Synthetic seed20000_sample2984 kang_sparse_2015_adaptation: K=10 MSE=9.689616050615976e-05 time=3035.5 ms ok
[24/345] Synthetic seed20000_sample2984 luo_linf_de_2022_adaptation: K=10 MSE=6.613982524490399e-05 time=7416.6 ms ok
[25/345] Synthetic seed20000_sample1013 ours: K=13 MSE=4.461954118766163e-05 time=7.3 ms ok
[25/345] Synthetic seed20000_sample1013 park_dominant_point_2007_adaptation: K=34 MSE=6.581129524747181e-05 time=43.9 ms ok
[25/345] Synthetic seed20000_sample1013 liang_feature_iki_2017_adaptation: K=20 MSE=8.369890706381879e-05 time=20.3 ms ok
[25/345] Synthetic seed20000_sample1013 dung_direct_knot_2017_adaptation: K=16 MSE=9.039708182112496e-05 time=189.3 ms ok
[25/345] Synthetic seed20000_sample1013 kang_sparse_2015_adaptation: K=11 MSE=7.940267824849621e-05 time=2898.1 ms ok
[25/345] Synthetic seed20000_sample1013 luo_linf_de_2022_adaptation: K=10 MSE=8.063043833464457e-05 time=7342.8 ms ok
[26/345] Synthetic seed20000_sample1800 ours: K=14 MSE=0.00014642446456960106 time=7.4 ms ok
[26/345] Synthetic seed20000_sample1800 park_dominant_point_2007_adaptation: K=30 MSE=4.9369079414533395e-05 time=37.9 ms ok
[26/345] Synthetic seed20000_sample1800 liang_feature_iki_2017_adaptation: K=24 MSE=7.515298220933973e-05 time=25.0 ms ok
[26/345] Synthetic seed20000_sample1800 dung_direct_knot_2017_adaptation: K=17 MSE=9.184444399916776e-05 time=197.3 ms ok
[26/345] Synthetic seed20000_sample1800 kang_sparse_2015_adaptation: K=11 MSE=8.454995345519879e-05 time=2927.7 ms ok
[26/345] Synthetic seed20000_sample1800 luo_linf_de_2022_adaptation: K=11 MSE=7.115248420785654e-05 time=7003.0 ms ok
[27/345] Synthetic seed20000_sample1741 ours: K=15 MSE=6.175357391163525e-05 time=7.4 ms ok
[27/345] Synthetic seed20000_sample1741 park_dominant_point_2007_adaptation: K=24 MSE=7.32235155034091e-05 time=29.2 ms ok
[27/345] Synthetic seed20000_sample1741 liang_feature_iki_2017_adaptation: K=21 MSE=6.969429613987894e-05 time=21.5 ms ok
[27/345] Synthetic seed20000_sample1741 dung_direct_knot_2017_adaptation: K=19 MSE=9.319590643668127e-05 time=201.7 ms ok
[27/345] Synthetic seed20000_sample1741 kang_sparse_2015_adaptation: K=11 MSE=8.4874657560592e-05 time=2928.6 ms ok
[27/345] Synthetic seed20000_sample1741 luo_linf_de_2022_adaptation: K=18 MSE=9.681908032337817e-05 time=7278.7 ms ok
[28/345] Synthetic seed20000_sample2552 ours: K=16 MSE=9.555860796833787e-05 time=7.4 ms ok
[28/345] Synthetic seed20000_sample2552 park_dominant_point_2007_adaptation: K=23 MSE=8.940167220432872e-05 time=27.8 ms ok
[28/345] Synthetic seed20000_sample2552 liang_feature_iki_2017_adaptation: K=21 MSE=8.027768929705801e-05 time=21.5 ms ok
[28/345] Synthetic seed20000_sample2552 dung_direct_knot_2017_adaptation: K=20 MSE=9.538162891542313e-05 time=214.7 ms ok
[28/345] Synthetic seed20000_sample2552 kang_sparse_2015_adaptation: K=14 MSE=9.150135741953511e-05 time=2791.0 ms ok
[28/345] Synthetic seed20000_sample2552 luo_linf_de_2022_adaptation: K=19 MSE=9.794617105124641e-05 time=7402.7 ms ok
[29/345] Synthetic seed20000_sample1766 ours: K=13 MSE=0.0001420522327341119 time=7.4 ms ok
[29/345] Synthetic seed20000_sample1766 park_dominant_point_2007_adaptation: K=41 MSE=9.962976084012074e-05 time=55.7 ms ok
[29/345] Synthetic seed20000_sample1766 liang_feature_iki_2017_adaptation: K=14 MSE=9.356818434817745e-05 time=13.8 ms ok
[29/345] Synthetic seed20000_sample1766 dung_direct_knot_2017_adaptation: K=19 MSE=8.934709853931361e-05 time=200.6 ms ok
[29/345] Synthetic seed20000_sample1766 kang_sparse_2015_adaptation: K=11 MSE=7.929294017624073e-05 time=2909.0 ms ok
[29/345] Synthetic seed20000_sample1766 luo_linf_de_2022_adaptation: K=17 MSE=9.061932980445875e-05 time=7250.2 ms ok
[30/345] Synthetic seed20000_sample3041 ours: K=15 MSE=5.3153300082622526e-05 time=7.4 ms ok
[30/345] Synthetic seed20000_sample3041 park_dominant_point_2007_adaptation: K=35 MSE=4.1786685594128164e-05 time=45.6 ms ok
[30/345] Synthetic seed20000_sample3041 liang_feature_iki_2017_adaptation: K=19 MSE=9.238125967844615e-05 time=18.9 ms ok
[30/345] Synthetic seed20000_sample3041 dung_direct_knot_2017_adaptation: K=15 MSE=9.964556939390133e-05 time=157.8 ms ok
[30/345] Synthetic seed20000_sample3041 kang_sparse_2015_adaptation: K=11 MSE=7.071933194827366e-05 time=2934.9 ms ok
[30/345] Synthetic seed20000_sample3041 luo_linf_de_2022_adaptation: K=11 MSE=5.346444795486841e-05 time=7317.4 ms ok
[31/345] Synthetic seed20000_sample213 ours: K=20 MSE=4.7848449015338135e-05 time=7.5 ms ok
[31/345] Synthetic seed20000_sample213 park_dominant_point_2007_adaptation: K=56 MSE=0.00010098951860933182 time=84.7 ms ok
[31/345] Synthetic seed20000_sample213 liang_feature_iki_2017_adaptation: K=25 MSE=9.645863601165253e-05 time=26.1 ms ok
[31/345] Synthetic seed20000_sample213 dung_direct_knot_2017_adaptation: K=17 MSE=7.239141578408886e-05 time=229.6 ms ok
[31/345] Synthetic seed20000_sample213 kang_sparse_2015_adaptation: K=14 MSE=7.965747833934232e-05 time=2835.6 ms ok
[31/345] Synthetic seed20000_sample213 luo_linf_de_2022_adaptation: K=22 MSE=9.734202394053573e-05 time=9047.0 ms ok
[32/345] Synthetic seed20000_sample787 ours: K=17 MSE=6.206858972264012e-05 time=7.4 ms ok
[32/345] Synthetic seed20000_sample787 park_dominant_point_2007_adaptation: K=54 MSE=1.430257031079559e-05 time=81.0 ms ok
[32/345] Synthetic seed20000_sample787 liang_feature_iki_2017_adaptation: K=22 MSE=9.922097398057823e-05 time=22.4 ms ok
[32/345] Synthetic seed20000_sample787 dung_direct_knot_2017_adaptation: K=19 MSE=9.609364569497466e-05 time=201.1 ms ok
[32/345] Synthetic seed20000_sample787 kang_sparse_2015_adaptation: K=13 MSE=8.068615024398502e-05 time=2919.2 ms ok
[32/345] Synthetic seed20000_sample787 luo_linf_de_2022_adaptation: K=23 MSE=7.789480594510755e-05 time=7634.3 ms ok
[33/345] Synthetic seed20000_sample2393 ours: K=17 MSE=4.474013984047533e-05 time=7.4 ms ok
[33/345] Synthetic seed20000_sample2393 park_dominant_point_2007_adaptation: K=42 MSE=7.695198360459148e-05 time=57.4 ms ok
[33/345] Synthetic seed20000_sample2393 liang_feature_iki_2017_adaptation: K=23 MSE=9.063079102040984e-05 time=23.6 ms ok
[33/345] Synthetic seed20000_sample2393 dung_direct_knot_2017_adaptation: K=19 MSE=8.183000246002492e-05 time=227.0 ms ok
[33/345] Synthetic seed20000_sample2393 kang_sparse_2015_adaptation: K=13 MSE=9.253638363259342e-05 time=2826.6 ms ok
[33/345] Synthetic seed20000_sample2393 luo_linf_de_2022_adaptation: K=20 MSE=9.989074996608017e-05 time=8594.7 ms ok
[34/345] Synthetic seed20000_sample2814 ours: K=14 MSE=0.00020820813374143894 time=7.4 ms ok
[34/345] Synthetic seed20000_sample2814 park_dominant_point_2007_adaptation: K=31 MSE=4.73398188239084e-05 time=39.3 ms ok
[34/345] Synthetic seed20000_sample2814 liang_feature_iki_2017_adaptation: K=21 MSE=8.781722220700117e-05 time=21.4 ms ok
[34/345] Synthetic seed20000_sample2814 dung_direct_knot_2017_adaptation: K=16 MSE=8.93125916810464e-05 time=190.3 ms ok
[34/345] Synthetic seed20000_sample2814 kang_sparse_2015_adaptation: K=15 MSE=8.607626746328177e-05 time=2818.9 ms ok
[34/345] Synthetic seed20000_sample2814 luo_linf_de_2022_adaptation: K=23 MSE=8.178026690491163e-05 time=8367.9 ms ok
[35/345] Synthetic seed20000_sample2565 ours: K=15 MSE=0.00011667586757139598 time=7.4 ms ok
[35/345] Synthetic seed20000_sample2565 park_dominant_point_2007_adaptation: K=40 MSE=5.80526018961568e-05 time=54.1 ms ok
[35/345] Synthetic seed20000_sample2565 liang_feature_iki_2017_adaptation: K=25 MSE=8.363895615055444e-05 time=26.2 ms ok
[35/345] Synthetic seed20000_sample2565 dung_direct_knot_2017_adaptation: K=16 MSE=9.28396554804489e-05 time=185.7 ms ok
[35/345] Synthetic seed20000_sample2565 kang_sparse_2015_adaptation: K=13 MSE=9.66590879753969e-05 time=2851.3 ms ok
[35/345] Synthetic seed20000_sample2565 luo_linf_de_2022_adaptation: K=21 MSE=9.524683111353942e-05 time=8840.5 ms ok
[36/345] Synthetic seed20000_sample1054 ours: K=17 MSE=0.00018072477107977853 time=7.4 ms ok
[36/345] Synthetic seed20000_sample1054 park_dominant_point_2007_adaptation: K=24 MSE=8.487757368894618e-05 time=29.1 ms ok
[36/345] Synthetic seed20000_sample1054 liang_feature_iki_2017_adaptation: K=23 MSE=9.603401787856896e-05 time=23.6 ms ok
[36/345] Synthetic seed20000_sample1054 dung_direct_knot_2017_adaptation: K=18 MSE=7.669152011703043e-05 time=220.4 ms ok
[36/345] Synthetic seed20000_sample1054 kang_sparse_2015_adaptation: K=14 MSE=8.02998603681684e-05 time=2835.8 ms ok
[36/345] Synthetic seed20000_sample1054 luo_linf_de_2022_adaptation: K=26 MSE=8.807747229057368e-05 time=8898.3 ms ok
[37/345] Synthetic seed20000_sample449 ours: K=16 MSE=0.00017381115234287896 time=7.4 ms ok
[37/345] Synthetic seed20000_sample449 park_dominant_point_2007_adaptation: K=26 MSE=7.285725884153985e-05 time=32.0 ms ok
[37/345] Synthetic seed20000_sample449 liang_feature_iki_2017_adaptation: K=20 MSE=9.674965417869745e-05 time=20.1 ms ok
[37/345] Synthetic seed20000_sample449 dung_direct_knot_2017_adaptation: K=18 MSE=7.299305177162519e-05 time=215.4 ms ok
[37/345] Synthetic seed20000_sample449 kang_sparse_2015_adaptation: K=15 MSE=9.010829778651447e-05 time=2826.5 ms ok
[37/345] Synthetic seed20000_sample449 luo_linf_de_2022_adaptation: K=20 MSE=8.859626302639384e-05 time=8669.9 ms ok
[38/345] Synthetic seed20000_sample2141 ours: K=22 MSE=2.2990986314476498e-05 time=7.6 ms ok
[38/345] Synthetic seed20000_sample2141 park_dominant_point_2007_adaptation: K=25 MSE=7.640778766347745e-05 time=30.6 ms ok
[38/345] Synthetic seed20000_sample2141 liang_feature_iki_2017_adaptation: K=27 MSE=9.258345616267548e-05 time=28.5 ms ok
[38/345] Synthetic seed20000_sample2141 dung_direct_knot_2017_adaptation: K=19 MSE=6.642919904065876e-05 time=236.9 ms ok
[38/345] Synthetic seed20000_sample2141 kang_sparse_2015_adaptation: K=13 MSE=9.983462702197684e-05 time=2834.0 ms ok
[38/345] Synthetic seed20000_sample2141 luo_linf_de_2022_adaptation: K=20 MSE=9.39044219549669e-05 time=8630.1 ms ok
[39/345] Synthetic seed20000_sample1798 ours: K=20 MSE=3.483841017428554e-05 time=7.6 ms ok
[39/345] Synthetic seed20000_sample1798 park_dominant_point_2007_adaptation: K=31 MSE=9.89466182576839e-05 time=39.4 ms ok
[39/345] Synthetic seed20000_sample1798 liang_feature_iki_2017_adaptation: K=24 MSE=8.388728362198564e-05 time=24.8 ms ok
[39/345] Synthetic seed20000_sample1798 dung_direct_knot_2017_adaptation: K=19 MSE=8.150428883212429e-05 time=256.0 ms ok
[39/345] Synthetic seed20000_sample1798 kang_sparse_2015_adaptation: K=14 MSE=8.496590327536397e-05 time=2822.6 ms ok
[39/345] Synthetic seed20000_sample1798 luo_linf_de_2022_adaptation: K=21 MSE=8.630370236277156e-05 time=8802.9 ms ok
[40/345] Synthetic seed20000_sample346 ours: K=19 MSE=3.9826141988971295e-05 time=7.5 ms ok
[40/345] Synthetic seed20000_sample346 park_dominant_point_2007_adaptation: K=21 MSE=8.231066122099277e-05 time=25.0 ms ok
[40/345] Synthetic seed20000_sample346 liang_feature_iki_2017_adaptation: K=31 MSE=9.931408195306046e-05 time=33.4 ms ok
[40/345] Synthetic seed20000_sample346 dung_direct_knot_2017_adaptation: K=20 MSE=9.849578642706262e-05 time=240.5 ms ok
[40/345] Synthetic seed20000_sample346 kang_sparse_2015_adaptation: K=14 MSE=8.945318553155548e-05 time=2818.0 ms ok
[40/345] Synthetic seed20000_sample346 luo_linf_de_2022_adaptation: K=23 MSE=8.862000375315478e-05 time=9280.9 ms ok
[41/345] Synthetic seed20000_sample698 ours: K=19 MSE=9.536459394336163e-05 time=7.5 ms ok
[41/345] Synthetic seed20000_sample698 park_dominant_point_2007_adaptation: K=26 MSE=9.776693991160098e-05 time=32.0 ms ok
[41/345] Synthetic seed20000_sample698 liang_feature_iki_2017_adaptation: K=20 MSE=9.234819809616748e-05 time=20.0 ms ok
[41/345] Synthetic seed20000_sample698 dung_direct_knot_2017_adaptation: K=15 MSE=9.012026421858199e-05 time=247.7 ms ok
[41/345] Synthetic seed20000_sample698 kang_sparse_2015_adaptation: K=15 MSE=9.344002748762927e-05 time=2735.7 ms ok
[41/345] Synthetic seed20000_sample698 luo_linf_de_2022_adaptation: K=23 MSE=8.692286608693526e-05 time=8386.2 ms ok
[42/345] Synthetic seed20000_sample51 ours: K=19 MSE=4.860647448049398e-05 time=7.5 ms ok
[42/345] Synthetic seed20000_sample51 park_dominant_point_2007_adaptation: K=33 MSE=4.396181621013485e-05 time=42.5 ms ok
[42/345] Synthetic seed20000_sample51 liang_feature_iki_2017_adaptation: K=25 MSE=9.273459793272903e-05 time=26.1 ms ok
[42/345] Synthetic seed20000_sample51 dung_direct_knot_2017_adaptation: K=18 MSE=9.079643812237048e-05 time=229.6 ms ok
[42/345] Synthetic seed20000_sample51 kang_sparse_2015_adaptation: K=17 MSE=8.75007932651798e-05 time=2754.4 ms ok
[42/345] Synthetic seed20000_sample51 luo_linf_de_2022_adaptation: K=21 MSE=9.364062461651283e-05 time=8252.0 ms ok
[43/345] Synthetic seed20000_sample3440 ours: K=20 MSE=6.67569428865798e-05 time=7.5 ms ok
[43/345] Synthetic seed20000_sample3440 park_dominant_point_2007_adaptation: K=38 MSE=4.9005538977467816e-05 time=50.6 ms ok
[43/345] Synthetic seed20000_sample3440 liang_feature_iki_2017_adaptation: K=23 MSE=8.825573118381558e-05 time=23.9 ms ok
[43/345] Synthetic seed20000_sample3440 dung_direct_knot_2017_adaptation: K=19 MSE=8.666683620438816e-05 time=241.3 ms ok
[43/345] Synthetic seed20000_sample3440 kang_sparse_2015_adaptation: K=17 MSE=9.342065087135067e-05 time=2758.3 ms ok
[43/345] Synthetic seed20000_sample3440 luo_linf_de_2022_adaptation: K=24 MSE=8.992511072201254e-05 time=8732.3 ms ok
[44/345] Synthetic seed20000_sample280 ours: K=22 MSE=2.0688892656237806e-05 time=7.6 ms ok
[44/345] Synthetic seed20000_sample280 park_dominant_point_2007_adaptation: K=43 MSE=9.761131371135919e-05 time=59.3 ms ok
[44/345] Synthetic seed20000_sample280 liang_feature_iki_2017_adaptation: K=22 MSE=8.479112442547629e-05 time=22.7 ms ok
[44/345] Synthetic seed20000_sample280 dung_direct_knot_2017_adaptation: K=20 MSE=8.04454677660878e-05 time=259.8 ms ok
[44/345] Synthetic seed20000_sample280 kang_sparse_2015_adaptation: K=14 MSE=7.587839326741372e-05 time=2847.2 ms ok
[44/345] Synthetic seed20000_sample280 luo_linf_de_2022_adaptation: K=23 MSE=8.5354601270721e-05 time=9627.9 ms ok
[45/345] Synthetic seed20000_sample2234 ours: K=20 MSE=4.450486113565737e-05 time=7.5 ms ok
[45/345] Synthetic seed20000_sample2234 park_dominant_point_2007_adaptation: K=30 MSE=4.533318723212035e-05 time=37.9 ms ok
[45/345] Synthetic seed20000_sample2234 liang_feature_iki_2017_adaptation: K=25 MSE=9.281179500965953e-05 time=26.0 ms ok
[45/345] Synthetic seed20000_sample2234 dung_direct_knot_2017_adaptation: K=20 MSE=9.04878163508775e-05 time=249.7 ms ok
[45/345] Synthetic seed20000_sample2234 kang_sparse_2015_adaptation: K=14 MSE=9.219074652853721e-05 time=2852.6 ms ok
[45/345] Synthetic seed20000_sample2234 luo_linf_de_2022_adaptation: K=23 MSE=9.219264058018325e-05 time=9249.2 ms ok
[46/345] Synthetic seed20000_sample2800 ours: K=24 MSE=2.438876551825927e-05 time=7.6 ms ok
[46/345] Synthetic seed20000_sample2800 park_dominant_point_2007_adaptation: K=35 MSE=8.645765568951386e-05 time=45.6 ms ok
[46/345] Synthetic seed20000_sample2800 liang_feature_iki_2017_adaptation: K=30 MSE=9.918987668985713e-05 time=32.5 ms ok
[46/345] Synthetic seed20000_sample2800 dung_direct_knot_2017_adaptation: K=18 MSE=7.836791031127946e-05 time=246.4 ms ok
[46/345] Synthetic seed20000_sample2800 kang_sparse_2015_adaptation: K=15 MSE=8.308737555120637e-05 time=2768.3 ms ok
[46/345] Synthetic seed20000_sample2800 luo_linf_de_2022_adaptation: K=15 MSE=7.02564419723603e-05 time=8639.6 ms ok
[47/345] Synthetic seed20000_sample123 ours: K=22 MSE=3.199141791630818e-05 time=7.5 ms ok
[47/345] Synthetic seed20000_sample123 park_dominant_point_2007_adaptation: K=42 MSE=4.7811769460530516e-05 time=58.0 ms ok
[47/345] Synthetic seed20000_sample123 liang_feature_iki_2017_adaptation: K=29 MSE=8.290738354703594e-05 time=31.2 ms ok
[47/345] Synthetic seed20000_sample123 dung_direct_knot_2017_adaptation: K=20 MSE=9.449098582878166e-05 time=307.8 ms ok
[47/345] Synthetic seed20000_sample123 kang_sparse_2015_adaptation: K=21 MSE=8.753704231246095e-05 time=2792.2 ms ok
[47/345] Synthetic seed20000_sample123 luo_linf_de_2022_adaptation: K=26 MSE=8.946028155832918e-05 time=8278.2 ms ok
[48/345] Synthetic seed20000_sample462 ours: K=21 MSE=0.00014063014348439192 time=7.5 ms ok
[48/345] Synthetic seed20000_sample462 park_dominant_point_2007_adaptation: K=33 MSE=8.530843913720172e-05 time=42.4 ms ok
[48/345] Synthetic seed20000_sample462 liang_feature_iki_2017_adaptation: K=28 MSE=9.912134879425907e-05 time=29.9 ms ok
[48/345] Synthetic seed20000_sample462 dung_direct_knot_2017_adaptation: K=20 MSE=9.788177192536535e-05 time=254.3 ms ok
[48/345] Synthetic seed20000_sample462 kang_sparse_2015_adaptation: K=23 MSE=9.625092732815598e-05 time=2654.6 ms ok
[48/345] Synthetic seed20000_sample462 luo_linf_de_2022_adaptation: K=27 MSE=9.797877563146311e-05 time=8906.1 ms ok
[49/345] Synthetic seed20000_sample1915 ours: K=21 MSE=5.9590549511532296e-05 time=7.6 ms ok
[49/345] Synthetic seed20000_sample1915 park_dominant_point_2007_adaptation: K=30 MSE=7.238149306452981e-05 time=37.9 ms ok
[49/345] Synthetic seed20000_sample1915 liang_feature_iki_2017_adaptation: K=28 MSE=7.828338442441705e-05 time=29.8 ms ok
[49/345] Synthetic seed20000_sample1915 dung_direct_knot_2017_adaptation: K=17 MSE=9.641386658640592e-05 time=327.9 ms ok
[49/345] Synthetic seed20000_sample1915 kang_sparse_2015_adaptation: K=19 MSE=9.039731900174854e-05 time=2765.1 ms ok
[49/345] Synthetic seed20000_sample1915 luo_linf_de_2022_adaptation: K=29 MSE=8.121203769681169e-05 time=8191.7 ms ok
[50/345] Synthetic seed20000_sample349 ours: K=20 MSE=0.00011274867430210272 time=7.5 ms ok
[50/345] Synthetic seed20000_sample349 park_dominant_point_2007_adaptation: K=39 MSE=6.525379718156663e-05 time=52.2 ms ok
[50/345] Synthetic seed20000_sample349 liang_feature_iki_2017_adaptation: K=31 MSE=8.265356761954622e-05 time=33.5 ms ok
[50/345] Synthetic seed20000_sample349 dung_direct_knot_2017_adaptation: K=21 MSE=8.668331291750905e-05 time=261.9 ms ok
[50/345] Synthetic seed20000_sample349 kang_sparse_2015_adaptation: K=17 MSE=8.70351343119691e-05 time=2764.5 ms ok
[50/345] Synthetic seed20000_sample349 luo_linf_de_2022_adaptation: K=26 MSE=8.224475689572087e-05 time=8919.2 ms ok
[51/345] Synthetic seed20000_sample718 ours: K=22 MSE=4.478337175802962e-05 time=7.6 ms ok
[51/345] Synthetic seed20000_sample718 park_dominant_point_2007_adaptation: K=39 MSE=5.1113813876676675e-05 time=52.2 ms ok
[51/345] Synthetic seed20000_sample718 liang_feature_iki_2017_adaptation: K=32 MSE=8.574791915132958e-05 time=35.0 ms ok
[51/345] Synthetic seed20000_sample718 dung_direct_knot_2017_adaptation: K=18 MSE=9.532434115741366e-05 time=293.5 ms ok
[51/345] Synthetic seed20000_sample718 kang_sparse_2015_adaptation: K=25 MSE=9.524284986749382e-05 time=2688.7 ms ok
[51/345] Synthetic seed20000_sample718 luo_linf_de_2022_adaptation: K=25 MSE=8.33660133392316e-05 time=8931.5 ms ok
[52/345] Synthetic seed20000_sample2529 ours: K=25 MSE=3.7763457030097785e-05 time=7.6 ms ok
[52/345] Synthetic seed20000_sample2529 park_dominant_point_2007_adaptation: K=27 MSE=7.497499489450381e-05 time=33.5 ms ok
[52/345] Synthetic seed20000_sample2529 liang_feature_iki_2017_adaptation: K=25 MSE=9.472334874007311e-05 time=26.3 ms ok
[52/345] Synthetic seed20000_sample2529 dung_direct_knot_2017_adaptation: K=19 MSE=7.743232897670265e-05 time=304.0 ms ok
[52/345] Synthetic seed20000_sample2529 kang_sparse_2015_adaptation: K=18 MSE=9.804603550225945e-05 time=2778.3 ms ok
[52/345] Synthetic seed20000_sample2529 luo_linf_de_2022_adaptation: K=29 MSE=8.155227676848445e-05 time=8920.1 ms ok
[53/345] Synthetic seed20000_sample275 ours: K=23 MSE=4.243569354588472e-05 time=7.6 ms ok
[53/345] Synthetic seed20000_sample275 park_dominant_point_2007_adaptation: K=47 MSE=3.0891988998427946e-05 time=67.2 ms ok
[53/345] Synthetic seed20000_sample275 liang_feature_iki_2017_adaptation: K=35 MSE=7.683372396611389e-05 time=38.9 ms ok
[53/345] Synthetic seed20000_sample275 dung_direct_knot_2017_adaptation: K=22 MSE=9.848643545182223e-05 time=328.6 ms ok
[53/345] Synthetic seed20000_sample275 kang_sparse_2015_adaptation: K=20 MSE=9.817784550685509e-05 time=2785.5 ms ok
[53/345] Synthetic seed20000_sample275 luo_linf_de_2022_adaptation: K=27 MSE=9.124881647492591e-05 time=8880.4 ms ok
[54/345] Synthetic seed20000_sample1990 ours: K=23 MSE=8.201448644737194e-05 time=7.6 ms ok
[54/345] Synthetic seed20000_sample1990 park_dominant_point_2007_adaptation: K=41 MSE=6.470622290861743e-05 time=55.8 ms ok
[54/345] Synthetic seed20000_sample1990 liang_feature_iki_2017_adaptation: K=36 MSE=4.970697653157176e-05 time=40.1 ms ok
[54/345] Synthetic seed20000_sample1990 dung_direct_knot_2017_adaptation: K=20 MSE=8.523761049649666e-05 time=278.6 ms ok
[54/345] Synthetic seed20000_sample1990 kang_sparse_2015_adaptation: K=22 MSE=9.125669813031641e-05 time=2784.0 ms ok
[54/345] Synthetic seed20000_sample1990 luo_linf_de_2022_adaptation: K=28 MSE=9.98874905053458e-05 time=8502.7 ms ok
[55/345] Synthetic seed20000_sample3407 ours: K=23 MSE=7.628219930674548e-05 time=7.6 ms ok
[55/345] Synthetic seed20000_sample3407 park_dominant_point_2007_adaptation: K=47 MSE=3.659955681718996e-05 time=67.3 ms ok
[55/345] Synthetic seed20000_sample3407 liang_feature_iki_2017_adaptation: K=28 MSE=8.779460165774123e-05 time=30.0 ms ok
[55/345] Synthetic seed20000_sample3407 dung_direct_knot_2017_adaptation: K=19 MSE=9.780212125697135e-05 time=305.1 ms ok
[55/345] Synthetic seed20000_sample3407 kang_sparse_2015_adaptation: K=18 MSE=8.449836826417168e-05 time=2698.6 ms ok
[55/345] Synthetic seed20000_sample3407 luo_linf_de_2022_adaptation: K=26 MSE=8.613336557810107e-05 time=8359.8 ms ok
[56/345] Synthetic seed20000_sample147 ours: K=25 MSE=6.687742183665204e-05 time=7.6 ms ok
[56/345] Synthetic seed20000_sample147 park_dominant_point_2007_adaptation: K=45 MSE=3.5748004060133256e-05 time=63.3 ms ok
[56/345] Synthetic seed20000_sample147 liang_feature_iki_2017_adaptation: K=35 MSE=7.466634943303162e-05 time=38.7 ms ok
[56/345] Synthetic seed20000_sample147 dung_direct_knot_2017_adaptation: K=22 MSE=8.595369218037875e-05 time=297.9 ms ok
[56/345] Synthetic seed20000_sample147 kang_sparse_2015_adaptation: K=45 MSE=1.9693680461449644e-05 time=2317.2 ms ok
[56/345] Synthetic seed20000_sample147 luo_linf_de_2022_adaptation: K=28 MSE=9.702804772041202e-05 time=8836.8 ms ok
[57/345] Synthetic seed20000_sample2472 ours: K=24 MSE=0.00012089547220704463 time=7.6 ms ok
[57/345] Synthetic seed20000_sample2472 park_dominant_point_2007_adaptation: K=27 MSE=8.997128234096826e-05 time=33.4 ms ok
[57/345] Synthetic seed20000_sample2472 liang_feature_iki_2017_adaptation: K=29 MSE=7.560198277208158e-05 time=31.2 ms ok
[57/345] Synthetic seed20000_sample2472 dung_direct_knot_2017_adaptation: K=22 MSE=9.733557429526313e-05 time=343.6 ms ok
[57/345] Synthetic seed20000_sample2472 kang_sparse_2015_adaptation: K=48 MSE=2.367188967498854e-05 time=2312.7 ms ok
[57/345] Synthetic seed20000_sample2472 luo_linf_de_2022_adaptation: K=33 MSE=9.388521254296027e-05 time=8414.9 ms ok
[58/345] Synthetic seed20000_sample1472 ours: K=27 MSE=3.51378531190221e-05 time=7.6 ms ok
[58/345] Synthetic seed20000_sample1472 park_dominant_point_2007_adaptation: K=29 MSE=9.688223811015144e-05 time=36.4 ms ok
[58/345] Synthetic seed20000_sample1472 liang_feature_iki_2017_adaptation: K=28 MSE=9.660089936195817e-05 time=29.8 ms ok
[58/345] Synthetic seed20000_sample1472 dung_direct_knot_2017_adaptation: K=21 MSE=9.605281107520152e-05 time=294.6 ms ok
[58/345] Synthetic seed20000_sample1472 kang_sparse_2015_adaptation: K=48 MSE=2.1765058502376042e-05 time=2213.6 ms ok
[58/345] Synthetic seed20000_sample1472 luo_linf_de_2022_adaptation: K=29 MSE=8.536202277677603e-05 time=8409.3 ms ok
[59/345] Synthetic seed20000_sample900 ours: K=23 MSE=6.099991226046321e-05 time=7.6 ms ok
[59/345] Synthetic seed20000_sample900 park_dominant_point_2007_adaptation: K=50 MSE=3.8098647996655303e-05 time=73.0 ms ok
[59/345] Synthetic seed20000_sample900 liang_feature_iki_2017_adaptation: K=24 MSE=9.999268585395765e-05 time=25.0 ms ok
[59/345] Synthetic seed20000_sample900 dung_direct_knot_2017_adaptation: K=20 MSE=9.444180714264851e-05 time=316.0 ms ok
[59/345] Synthetic seed20000_sample900 kang_sparse_2015_adaptation: K=21 MSE=9.795191414084231e-05 time=2661.8 ms ok
[59/345] Synthetic seed20000_sample900 luo_linf_de_2022_adaptation: K=30 MSE=8.956211789781618e-05 time=8516.4 ms ok
[60/345] Synthetic seed20000_sample1531 ours: K=23 MSE=5.65784365573191e-05 time=7.6 ms ok
[60/345] Synthetic seed20000_sample1531 park_dominant_point_2007_adaptation: K=25 MSE=8.618614184026305e-05 time=30.5 ms ok
[60/345] Synthetic seed20000_sample1531 liang_feature_iki_2017_adaptation: K=31 MSE=8.482988670291564e-05 time=33.4 ms ok
[60/345] Synthetic seed20000_sample1531 dung_direct_knot_2017_adaptation: K=22 MSE=8.539172000469268e-05 time=333.1 ms ok
[60/345] Synthetic seed20000_sample1531 kang_sparse_2015_adaptation: K=44 MSE=2.293002857500239e-05 time=2310.8 ms ok
[60/345] Synthetic seed20000_sample1531 luo_linf_de_2022_adaptation: K=35 MSE=8.94922546026274e-05 time=8234.4 ms ok
[61/345] Synthetic seed20000_sample55 ours: K=28 MSE=5.8565575033758e-05 time=7.7 ms ok
[61/345] Synthetic seed20000_sample55 park_dominant_point_2007_adaptation: K=35 MSE=7.9055224659607e-05 time=45.5 ms ok
[61/345] Synthetic seed20000_sample55 liang_feature_iki_2017_adaptation: K=34 MSE=9.384490434344104e-05 time=37.5 ms ok
[61/345] Synthetic seed20000_sample55 dung_direct_knot_2017_adaptation: K=23 MSE=9.182294228712454e-05 time=378.2 ms ok
[61/345] Synthetic seed20000_sample55 kang_sparse_2015_adaptation: K=31 MSE=8.454403828436938e-05 time=1386.2 ms ok
[61/345] Synthetic seed20000_sample55 luo_linf_de_2022_adaptation: K=33 MSE=9.175603042520117e-05 time=8079.2 ms ok
[62/345] Synthetic seed20000_sample3713 ours: K=26 MSE=8.731744312743686e-05 time=7.7 ms ok
[62/345] Synthetic seed20000_sample3713 park_dominant_point_2007_adaptation: K=35 MSE=6.773548854348593e-05 time=45.5 ms ok
[62/345] Synthetic seed20000_sample3713 liang_feature_iki_2017_adaptation: K=30 MSE=8.822409929733908e-05 time=32.4 ms ok
[62/345] Synthetic seed20000_sample3713 dung_direct_knot_2017_adaptation: K=24 MSE=9.151927902940547e-05 time=324.2 ms ok
[62/345] Synthetic seed20000_sample3713 kang_sparse_2015_adaptation: K=30 MSE=9.734687351574455e-05 time=1382.0 ms ok
[62/345] Synthetic seed20000_sample3713 luo_linf_de_2022_adaptation: K=31 MSE=9.322792810790579e-05 time=8614.7 ms ok
[63/345] Synthetic seed20000_sample1424 ours: K=25 MSE=4.499299587499397e-05 time=7.6 ms ok
[63/345] Synthetic seed20000_sample1424 park_dominant_point_2007_adaptation: K=28 MSE=7.222334640802732e-05 time=34.9 ms ok
[63/345] Synthetic seed20000_sample1424 liang_feature_iki_2017_adaptation: K=38 MSE=9.689058347499941e-05 time=43.2 ms ok
[63/345] Synthetic seed20000_sample1424 dung_direct_knot_2017_adaptation: K=25 MSE=8.791469471032797e-05 time=364.1 ms ok
[63/345] Synthetic seed20000_sample1424 kang_sparse_2015_adaptation: K=50 MSE=2.3760858816779424e-05 time=2202.8 ms ok
[63/345] Synthetic seed20000_sample1424 luo_linf_de_2022_adaptation: K=29 MSE=9.757099572442751e-05 time=8544.5 ms ok
[64/345] Synthetic seed20000_sample639 ours: K=24 MSE=5.494486259704531e-05 time=7.6 ms ok
[64/345] Synthetic seed20000_sample639 park_dominant_point_2007_adaptation: K=40 MSE=7.648658818258333e-05 time=54.0 ms ok
[64/345] Synthetic seed20000_sample639 liang_feature_iki_2017_adaptation: K=40 MSE=9.011210592314037e-05 time=45.3 ms ok
[64/345] Synthetic seed20000_sample639 dung_direct_knot_2017_adaptation: K=21 MSE=9.450457948864417e-05 time=353.0 ms ok
[64/345] Synthetic seed20000_sample639 kang_sparse_2015_adaptation: K=45 MSE=2.106378865086222e-05 time=2319.3 ms ok
[64/345] Synthetic seed20000_sample639 luo_linf_de_2022_adaptation: K=28 MSE=8.905323151431044e-05 time=8258.4 ms ok
[65/345] Synthetic seed20000_sample2036 ours: K=26 MSE=4.3134460437892956e-05 time=7.6 ms ok
[65/345] Synthetic seed20000_sample2036 park_dominant_point_2007_adaptation: K=21 MSE=9.16082517797344e-05 time=25.0 ms ok
[65/345] Synthetic seed20000_sample2036 liang_feature_iki_2017_adaptation: K=33 MSE=9.622721683310849e-05 time=36.0 ms ok
[65/345] Synthetic seed20000_sample2036 dung_direct_knot_2017_adaptation: K=19 MSE=7.055787101326055e-05 time=308.9 ms ok
[65/345] Synthetic seed20000_sample2036 kang_sparse_2015_adaptation: K=37 MSE=3.0104809702609047e-05 time=2428.7 ms ok
[65/345] Synthetic seed20000_sample2036 luo_linf_de_2022_adaptation: K=29 MSE=9.348454064032022e-05 time=8326.3 ms ok
[66/345] Synthetic seed20000_sample3147 ours: K=29 MSE=2.074894746459204e-05 time=7.5 ms ok
[66/345] Synthetic seed20000_sample3147 park_dominant_point_2007_adaptation: K=38 MSE=6.510528950158546e-05 time=51.0 ms ok
[66/345] Synthetic seed20000_sample3147 liang_feature_iki_2017_adaptation: K=34 MSE=9.481926267854804e-05 time=37.4 ms ok
[66/345] Synthetic seed20000_sample3147 dung_direct_knot_2017_adaptation: K=23 MSE=9.456457428044801e-05 time=377.2 ms ok
[66/345] Synthetic seed20000_sample3147 kang_sparse_2015_adaptation: K=50 MSE=2.3622600096953437e-05 time=2192.9 ms ok
[66/345] Synthetic seed20000_sample3147 luo_linf_de_2022_adaptation: K=28 MSE=9.727673255054581e-05 time=8572.7 ms ok
[67/345] Synthetic seed20000_sample3469 ours: K=27 MSE=8.732427253364041e-05 time=7.6 ms ok
[67/345] Synthetic seed20000_sample3469 park_dominant_point_2007_adaptation: K=31 MSE=7.545176306423725e-05 time=39.4 ms ok
[67/345] Synthetic seed20000_sample3469 liang_feature_iki_2017_adaptation: K=41 MSE=8.884117131643677e-05 time=47.5 ms ok
[67/345] Synthetic seed20000_sample3469 dung_direct_knot_2017_adaptation: K=22 MSE=9.221345938619852e-05 time=388.9 ms ok
[67/345] Synthetic seed20000_sample3469 kang_sparse_2015_adaptation: K=56 MSE=2.1296949797114582e-05 time=1960.2 ms ok
[67/345] Synthetic seed20000_sample3469 luo_linf_de_2022_adaptation: K=36 MSE=8.417459422632404e-05 time=8514.7 ms ok
[68/345] Synthetic seed20000_sample140 ours: K=27 MSE=0.00010273346439859499 time=7.7 ms ok
[68/345] Synthetic seed20000_sample140 park_dominant_point_2007_adaptation: K=38 MSE=7.513793100387037e-05 time=50.8 ms ok
[68/345] Synthetic seed20000_sample140 liang_feature_iki_2017_adaptation: K=35 MSE=9.591204349614595e-05 time=39.1 ms ok
[68/345] Synthetic seed20000_sample140 dung_direct_knot_2017_adaptation: K=24 MSE=9.846703543583324e-05 time=330.9 ms ok
[68/345] Synthetic seed20000_sample140 kang_sparse_2015_adaptation: K=56 MSE=2.5258245145517822e-05 time=1277.8 ms ok
[68/345] Synthetic seed20000_sample140 luo_linf_de_2022_adaptation: K=32 MSE=9.485117621661928e-05 time=8087.9 ms ok
[69/345] Synthetic seed20000_sample3286 ours: K=27 MSE=7.373924037943463e-05 time=7.7 ms ok
[69/345] Synthetic seed20000_sample3286 park_dominant_point_2007_adaptation: K=38 MSE=8.478893416007505e-05 time=51.0 ms ok
[69/345] Synthetic seed20000_sample3286 liang_feature_iki_2017_adaptation: K=34 MSE=8.896109369080655e-05 time=37.8 ms ok
[69/345] Synthetic seed20000_sample3286 dung_direct_knot_2017_adaptation: K=24 MSE=9.112574987785005e-05 time=365.7 ms ok
[69/345] Synthetic seed20000_sample3286 kang_sparse_2015_adaptation: K=56 MSE=2.8382053204332457e-05 time=1257.9 ms ok
[69/345] Synthetic seed20000_sample3286 luo_linf_de_2022_adaptation: K=33 MSE=9.497867484925342e-05 time=8200.0 ms ok
[70/345] Synthetic seed20000_sample543 ours: K=27 MSE=5.917051968859833e-05 time=7.7 ms ok
[70/345] Synthetic seed20000_sample543 park_dominant_point_2007_adaptation: K=40 MSE=6.384918013292129e-05 time=54.4 ms ok
[70/345] Synthetic seed20000_sample543 liang_feature_iki_2017_adaptation: K=34 MSE=8.126465193133448e-05 time=37.6 ms ok
[70/345] Synthetic seed20000_sample543 dung_direct_knot_2017_adaptation: K=24 MSE=9.338025069436334e-05 time=388.1 ms ok
[70/345] Synthetic seed20000_sample543 kang_sparse_2015_adaptation: K=29 MSE=9.640989135714074e-05 time=1379.7 ms ok
[70/345] Synthetic seed20000_sample543 luo_linf_de_2022_adaptation: K=32 MSE=9.850160581226226e-05 time=7570.0 ms ok
[71/345] Synthetic seed20000_sample1777 ours: K=28 MSE=6.0135042786556856e-05 time=7.7 ms ok
[71/345] Synthetic seed20000_sample1777 park_dominant_point_2007_adaptation: K=34 MSE=9.254442019841084e-05 time=44.0 ms ok
[71/345] Synthetic seed20000_sample1777 liang_feature_iki_2017_adaptation: K=35 MSE=9.460524721922868e-05 time=38.7 ms ok
[71/345] Synthetic seed20000_sample1777 dung_direct_knot_2017_adaptation: K=22 MSE=8.827760924056125e-05 time=414.4 ms ok
[71/345] Synthetic seed20000_sample1777 kang_sparse_2015_adaptation: K=39 MSE=9.965133579515745e-05 time=1279.4 ms ok
[71/345] Synthetic seed20000_sample1777 luo_linf_de_2022_adaptation: K=33 MSE=9.928563323169929e-05 time=5970.8 ms ok
[72/345] Synthetic seed20000_sample594 ours: K=30 MSE=5.432639264871511e-05 time=7.6 ms ok
[72/345] Synthetic seed20000_sample594 park_dominant_point_2007_adaptation: K=42 MSE=4.8134325752517724e-05 time=58.3 ms ok
[72/345] Synthetic seed20000_sample594 liang_feature_iki_2017_adaptation: K=32 MSE=9.87177239737657e-05 time=34.8 ms ok
[72/345] Synthetic seed20000_sample594 dung_direct_knot_2017_adaptation: K=23 MSE=9.102772239560928e-05 time=375.5 ms ok
[72/345] Synthetic seed20000_sample594 kang_sparse_2015_adaptation: K=31 MSE=8.824019505987878e-05 time=1386.9 ms ok
[72/345] Synthetic seed20000_sample594 luo_linf_de_2022_adaptation: K=31 MSE=9.307868189207912e-05 time=8032.2 ms ok
[73/345] Synthetic seed20000_sample3879 ours: K=33 MSE=2.1226102837948206e-05 time=7.7 ms ok
[73/345] Synthetic seed20000_sample3879 park_dominant_point_2007_adaptation: K=37 MSE=6.556290231168825e-05 time=49.6 ms ok
[73/345] Synthetic seed20000_sample3879 liang_feature_iki_2017_adaptation: K=32 MSE=9.399907958551725e-05 time=35.4 ms ok
[73/345] Synthetic seed20000_sample3879 dung_direct_knot_2017_adaptation: K=27 MSE=9.833673842056917e-05 time=395.8 ms ok
[73/345] Synthetic seed20000_sample3879 kang_sparse_2015_adaptation: K=54 MSE=2.993922362620654e-05 time=2082.9 ms ok
[73/345] Synthetic seed20000_sample3879 luo_linf_de_2022_adaptation: K=20 MSE=8.701025532445076e-05 time=8022.1 ms ok
[74/345] Synthetic seed20000_sample641 ours: K=27 MSE=0.00010506101717295386 time=7.7 ms ok
[74/345] Synthetic seed20000_sample641 park_dominant_point_2007_adaptation: K=35 MSE=8.873389163705139e-05 time=45.9 ms ok
[74/345] Synthetic seed20000_sample641 liang_feature_iki_2017_adaptation: K=30 MSE=9.541675160392745e-05 time=32.3 ms ok
[74/345] Synthetic seed20000_sample641 dung_direct_knot_2017_adaptation: K=22 MSE=9.753341791699534e-05 time=402.4 ms ok
[74/345] Synthetic seed20000_sample641 kang_sparse_2015_adaptation: K=30 MSE=9.679248827126983e-05 time=1381.3 ms ok
[74/345] Synthetic seed20000_sample641 luo_linf_de_2022_adaptation: K=31 MSE=9.215217933454497e-05 time=8518.8 ms ok
[75/345] Synthetic seed20000_sample2010 ours: K=30 MSE=3.871820988684926e-05 time=7.6 ms ok
[75/345] Synthetic seed20000_sample2010 park_dominant_point_2007_adaptation: K=37 MSE=8.26727675939065e-05 time=49.6 ms ok
[75/345] Synthetic seed20000_sample2010 liang_feature_iki_2017_adaptation: K=33 MSE=9.737819579741691e-05 time=36.2 ms ok
[75/345] Synthetic seed20000_sample2010 dung_direct_knot_2017_adaptation: K=23 MSE=9.588540101578386e-05 time=405.5 ms ok
[75/345] Synthetic seed20000_sample2010 kang_sparse_2015_adaptation: K=51 MSE=4.2013018091250895e-05 time=2188.4 ms ok
[75/345] Synthetic seed20000_sample2010 luo_linf_de_2022_adaptation: K=37 MSE=8.953893395539735e-05 time=8026.4 ms ok
[76/345] Synthetic seed20000_sample1320 ours: K=28 MSE=0.00012247760172544723 time=7.7 ms ok
[76/345] Synthetic seed20000_sample1320 park_dominant_point_2007_adaptation: K=33 MSE=9.051192497268128e-05 time=42.7 ms ok
[76/345] Synthetic seed20000_sample1320 liang_feature_iki_2017_adaptation: K=36 MSE=9.863075369819954e-05 time=39.9 ms ok
[76/345] Synthetic seed20000_sample1320 dung_direct_knot_2017_adaptation: K=25 MSE=8.966778541837442e-05 time=456.7 ms ok
[76/345] Synthetic seed20000_sample1320 kang_sparse_2015_adaptation: K=32 MSE=9.618474703226663e-05 time=1399.3 ms ok
[76/345] Synthetic seed20000_sample1320 luo_linf_de_2022_adaptation: K=38 MSE=8.572014613263071e-05 time=7692.4 ms ok
[77/345] Synthetic seed20000_sample536 ours: K=31 MSE=4.929952747513794e-05 time=7.6 ms ok
[77/345] Synthetic seed20000_sample536 park_dominant_point_2007_adaptation: K=36 MSE=8.964706227707704e-05 time=48.5 ms ok
[77/345] Synthetic seed20000_sample536 liang_feature_iki_2017_adaptation: K=45 MSE=9.299855262424077e-05 time=53.1 ms ok
[77/345] Synthetic seed20000_sample536 dung_direct_knot_2017_adaptation: K=29 MSE=9.350276603007893e-05 time=489.5 ms ok
[77/345] Synthetic seed20000_sample536 kang_sparse_2015_adaptation: K=54 MSE=4.375831648637875e-05 time=1272.2 ms ok
[77/345] Synthetic seed20000_sample536 luo_linf_de_2022_adaptation: K=40 MSE=9.391295123052747e-05 time=8103.9 ms ok
[78/345] Synthetic seed20000_sample23 ours: K=31 MSE=6.25835696455508e-05 time=7.6 ms ok
[78/345] Synthetic seed20000_sample23 park_dominant_point_2007_adaptation: K=34 MSE=9.092989519091197e-05 time=45.3 ms ok
[78/345] Synthetic seed20000_sample23 liang_feature_iki_2017_adaptation: K=37 MSE=8.55739763192189e-05 time=41.3 ms ok
[78/345] Synthetic seed20000_sample23 dung_direct_knot_2017_adaptation: K=26 MSE=8.984451224740927e-05 time=461.6 ms ok
[78/345] Synthetic seed20000_sample23 kang_sparse_2015_adaptation: K=34 MSE=8.510612679049605e-05 time=1328.2 ms ok
[78/345] Synthetic seed20000_sample23 luo_linf_de_2022_adaptation: K=34 MSE=9.68972229183214e-05 time=7356.1 ms ok
[79/345] Synthetic seed20000_sample2442 ours: K=32 MSE=4.084859602542126e-05 time=7.7 ms ok
[79/345] Synthetic seed20000_sample2442 park_dominant_point_2007_adaptation: K=38 MSE=7.61832963214116e-05 time=51.2 ms ok
[79/345] Synthetic seed20000_sample2442 liang_feature_iki_2017_adaptation: K=41 MSE=9.977112368181834e-05 time=46.9 ms ok
[79/345] Synthetic seed20000_sample2442 dung_direct_knot_2017_adaptation: K=28 MSE=9.536462599394012e-05 time=483.4 ms ok
[79/345] Synthetic seed20000_sample2442 kang_sparse_2015_adaptation: K=35 MSE=9.504939366979224e-05 time=1408.9 ms ok
[79/345] Synthetic seed20000_sample2442 luo_linf_de_2022_adaptation: K=33 MSE=8.893979321262871e-05 time=7528.6 ms ok
[80/345] Synthetic seed20000_sample4 ours: K=30 MSE=8.078799599795915e-05 time=7.6 ms ok
[80/345] Synthetic seed20000_sample4 park_dominant_point_2007_adaptation: K=35 MSE=9.917131059334677e-05 time=46.6 ms ok
[80/345] Synthetic seed20000_sample4 liang_feature_iki_2017_adaptation: K=37 MSE=9.600491463440518e-05 time=41.8 ms ok
[80/345] Synthetic seed20000_sample4 dung_direct_knot_2017_adaptation: K=28 MSE=9.34759130787021e-05 time=463.4 ms ok
[80/345] Synthetic seed20000_sample4 kang_sparse_2015_adaptation: K=35 MSE=9.383068456905556e-05 time=1412.4 ms ok
[80/345] Synthetic seed20000_sample4 luo_linf_de_2022_adaptation: K=38 MSE=9.846000334135187e-05 time=5527.9 ms ok
[81/345] Synthetic seed20000_sample2260 ours: K=31 MSE=6.340163924179658e-05 time=7.6 ms ok
[81/345] Synthetic seed20000_sample2260 park_dominant_point_2007_adaptation: K=39 MSE=6.442771539086705e-05 time=52.5 ms ok
[81/345] Synthetic seed20000_sample2260 liang_feature_iki_2017_adaptation: K=37 MSE=9.14814325681977e-05 time=41.7 ms ok
[81/345] Synthetic seed20000_sample2260 dung_direct_knot_2017_adaptation: K=26 MSE=8.7034036793833e-05 time=436.8 ms ok
[81/345] Synthetic seed20000_sample2260 kang_sparse_2015_adaptation: K=49 MSE=3.6917841073258985e-05 time=1277.3 ms ok
[81/345] Synthetic seed20000_sample2260 luo_linf_de_2022_adaptation: K=39 MSE=9.276324252996382e-05 time=8487.0 ms ok
[82/345] Synthetic seed20000_sample651 ours: K=31 MSE=8.524831814984529e-05 time=7.6 ms ok
[82/345] Synthetic seed20000_sample651 park_dominant_point_2007_adaptation: K=37 MSE=9.015991862474687e-05 time=50.2 ms ok
[82/345] Synthetic seed20000_sample651 liang_feature_iki_2017_adaptation: K=42 MSE=9.075870960821568e-05 time=48.2 ms ok
[82/345] Synthetic seed20000_sample651 dung_direct_knot_2017_adaptation: K=29 MSE=9.339352720082047e-05 time=503.8 ms ok
[82/345] Synthetic seed20000_sample651 kang_sparse_2015_adaptation: K=37 MSE=9.541034380879435e-05 time=1419.2 ms ok
[82/345] Synthetic seed20000_sample651 luo_linf_de_2022_adaptation: K=39 MSE=8.75850458407644e-05 time=8405.7 ms ok
[83/345] Synthetic seed20000_sample2405 ours: K=32 MSE=5.8770025602923754e-05 time=7.6 ms ok
[83/345] Synthetic seed20000_sample2405 park_dominant_point_2007_adaptation: K=33 MSE=9.694779615129897e-05 time=43.3 ms ok
[83/345] Synthetic seed20000_sample2405 liang_feature_iki_2017_adaptation: K=40 MSE=9.688876888733395e-05 time=45.5 ms ok
[83/345] Synthetic seed20000_sample2405 dung_direct_knot_2017_adaptation: K=28 MSE=9.535586030751769e-05 time=474.5 ms ok
[83/345] Synthetic seed20000_sample2405 kang_sparse_2015_adaptation: K=36 MSE=9.156835198366102e-05 time=1417.5 ms ok
[83/345] Synthetic seed20000_sample2405 luo_linf_de_2022_adaptation: K=39 MSE=9.751336732247906e-05 time=7381.0 ms ok
[84/345] Synthetic seed20000_sample2868 ours: K=33 MSE=4.9243042842934064e-05 time=7.6 ms ok
[84/345] Synthetic seed20000_sample2868 park_dominant_point_2007_adaptation: K=37 MSE=7.208108609399287e-05 time=49.6 ms ok
[84/345] Synthetic seed20000_sample2868 liang_feature_iki_2017_adaptation: K=33 MSE=8.875753643694145e-05 time=36.1 ms ok
[84/345] Synthetic seed20000_sample2868 dung_direct_knot_2017_adaptation: K=31 MSE=8.107635999564235e-05 time=486.0 ms ok
[84/345] Synthetic seed20000_sample2868 kang_sparse_2015_adaptation: K=36 MSE=9.75066128193581e-05 time=1410.8 ms ok
[84/345] Synthetic seed20000_sample2868 luo_linf_de_2022_adaptation: K=37 MSE=9.923057227593027e-05 time=5829.8 ms ok
[85/345] Synthetic seed20000_sample3736 ours: K=32 MSE=3.571173945612566e-05 time=7.6 ms ok
[85/345] Synthetic seed20000_sample3736 park_dominant_point_2007_adaptation: K=36 MSE=6.657832086935538e-05 time=47.6 ms ok
[85/345] Synthetic seed20000_sample3736 liang_feature_iki_2017_adaptation: K=31 MSE=9.6827403252212e-05 time=33.8 ms ok
[85/345] Synthetic seed20000_sample3736 dung_direct_knot_2017_adaptation: K=28 MSE=9.194515435934017e-05 time=459.0 ms ok
[85/345] Synthetic seed20000_sample3736 kang_sparse_2015_adaptation: K=34 MSE=9.657872755131509e-05 time=1417.9 ms ok
[85/345] Synthetic seed20000_sample3736 luo_linf_de_2022_adaptation: K=38 MSE=8.9085024219638e-05 time=8013.0 ms ok
[86/345] Synthetic seed20000_sample1291 ours: K=34 MSE=6.413022997648233e-05 time=7.6 ms ok
[86/345] Synthetic seed20000_sample1291 park_dominant_point_2007_adaptation: K=30 MSE=9.525207613944999e-05 time=39.2 ms ok
[86/345] Synthetic seed20000_sample1291 liang_feature_iki_2017_adaptation: K=37 MSE=9.673360657938463e-05 time=41.6 ms ok
[86/345] Synthetic seed20000_sample1291 dung_direct_knot_2017_adaptation: K=26 MSE=9.960955748961998e-05 time=528.4 ms ok
[86/345] Synthetic seed20000_sample1291 kang_sparse_2015_adaptation: K=36 MSE=8.863390487225977e-05 time=1424.5 ms ok
[86/345] Synthetic seed20000_sample1291 luo_linf_de_2022_adaptation: K=41 MSE=9.474845770907689e-05 time=5677.2 ms ok
[87/345] Synthetic seed20000_sample3287 ours: K=32 MSE=0.0001062373333801363 time=7.6 ms ok
[87/345] Synthetic seed20000_sample3287 park_dominant_point_2007_adaptation: K=33 MSE=9.135284087187773e-05 time=42.8 ms ok
[87/345] Synthetic seed20000_sample3287 liang_feature_iki_2017_adaptation: K=37 MSE=9.5393995581457e-05 time=41.4 ms ok
[87/345] Synthetic seed20000_sample3287 dung_direct_knot_2017_adaptation: K=28 MSE=9.713397193984643e-05 time=563.9 ms ok
[87/345] Synthetic seed20000_sample3287 kang_sparse_2015_adaptation: K=32 MSE=9.56289735567492e-05 time=1396.3 ms ok
[87/345] Synthetic seed20000_sample3287 luo_linf_de_2022_adaptation: K=37 MSE=9.678816117070563e-05 time=5519.8 ms ok
[88/345] Synthetic seed20000_sample3401 ours: K=34 MSE=5.1759440617046555e-05 time=7.6 ms ok
[88/345] Synthetic seed20000_sample3401 park_dominant_point_2007_adaptation: K=34 MSE=9.96079732000728e-05 time=45.4 ms ok
[88/345] Synthetic seed20000_sample3401 liang_feature_iki_2017_adaptation: K=41 MSE=9.555473287328838e-05 time=46.8 ms ok
[88/345] Synthetic seed20000_sample3401 dung_direct_knot_2017_adaptation: K=28 MSE=9.713929204060897e-05 time=512.5 ms ok
[88/345] Synthetic seed20000_sample3401 kang_sparse_2015_adaptation: K=40 MSE=9.91339508270814e-05 time=1433.4 ms ok
[88/345] Synthetic seed20000_sample3401 luo_linf_de_2022_adaptation: K=36 MSE=9.755487672890658e-05 time=4365.5 ms ok
[89/345] Synthetic seed20000_sample3549 ours: K=31 MSE=0.00010106034981137569 time=7.6 ms ok
[89/345] Synthetic seed20000_sample3549 park_dominant_point_2007_adaptation: K=29 MSE=9.873469403414213e-05 time=36.4 ms ok
[89/345] Synthetic seed20000_sample3549 liang_feature_iki_2017_adaptation: K=39 MSE=8.189028753309308e-05 time=44.6 ms ok
[89/345] Synthetic seed20000_sample3549 dung_direct_knot_2017_adaptation: K=28 MSE=9.212798720303254e-05 time=519.5 ms ok
[89/345] Synthetic seed20000_sample3549 kang_sparse_2015_adaptation: K=56 MSE=4.305863351725569e-05 time=1273.3 ms ok
[89/345] Synthetic seed20000_sample3549 luo_linf_de_2022_adaptation: K=41 MSE=9.581153221671922e-05 time=7100.5 ms ok
[90/345] Synthetic seed20000_sample3553 ours: K=33 MSE=6.937220452236873e-05 time=7.6 ms ok
[90/345] Synthetic seed20000_sample3553 park_dominant_point_2007_adaptation: K=33 MSE=9.87990708624144e-05 time=43.3 ms ok
[90/345] Synthetic seed20000_sample3553 liang_feature_iki_2017_adaptation: K=38 MSE=9.182815158895164e-05 time=42.9 ms ok
[90/345] Synthetic seed20000_sample3553 dung_direct_knot_2017_adaptation: K=31 MSE=8.80042770291974e-05 time=541.3 ms ok
[90/345] Synthetic seed20000_sample3553 kang_sparse_2015_adaptation: K=37 MSE=9.3919272303128e-05 time=1410.7 ms ok
[90/345] Synthetic seed20000_sample3553 luo_linf_de_2022_adaptation: K=37 MSE=9.65784443082986e-05 time=5657.7 ms ok
[91/345] Synthetic seed20000_sample3840 ours: K=35 MSE=5.34567147175959e-05 time=7.7 ms ok
[91/345] Synthetic seed20000_sample3840 park_dominant_point_2007_adaptation: K=35 MSE=9.57540700718241e-05 time=46.9 ms ok
[91/345] Synthetic seed20000_sample3840 liang_feature_iki_2017_adaptation: K=36 MSE=9.78500240221119e-05 time=39.9 ms ok
[91/345] Synthetic seed20000_sample3840 dung_direct_knot_2017_adaptation: K=30 MSE=9.349210868154002e-05 time=549.3 ms ok
[91/345] Synthetic seed20000_sample3840 kang_sparse_2015_adaptation: K=37 MSE=9.579287390896881e-05 time=1415.0 ms ok
[91/345] Synthetic seed20000_sample3840 luo_linf_de_2022_adaptation: K=39 MSE=9.925535066467133e-05 time=7702.3 ms ok
[92/345] Synthetic seed20000_sample1146 ours: K=34 MSE=9.503282159994954e-05 time=7.6 ms ok
[92/345] Synthetic seed20000_sample1146 park_dominant_point_2007_adaptation: K=37 MSE=9.616972019430303e-05 time=50.6 ms ok
[92/345] Synthetic seed20000_sample1146 liang_feature_iki_2017_adaptation: K=41 MSE=9.526429520368661e-05 time=46.8 ms ok
[92/345] Synthetic seed20000_sample1146 dung_direct_knot_2017_adaptation: K=27 MSE=9.581269693567658e-05 time=534.5 ms ok
[92/345] Synthetic seed20000_sample1146 kang_sparse_2015_adaptation: K=39 MSE=9.325880468390278e-05 time=1431.6 ms ok
[92/345] Synthetic seed20000_sample1146 luo_linf_de_2022_adaptation: K=36 MSE=9.672679151834908e-05 time=7193.3 ms ok
[93/345] Synthetic seed20000_sample3674 ours: K=36 MSE=3.523314985423099e-05 time=7.7 ms ok
[93/345] Synthetic seed20000_sample3674 park_dominant_point_2007_adaptation: K=36 MSE=9.002544839182398e-05 time=48.9 ms ok
[93/345] Synthetic seed20000_sample3674 liang_feature_iki_2017_adaptation: K=38 MSE=9.79734274450894e-05 time=42.7 ms ok
[93/345] Synthetic seed20000_sample3674 dung_direct_knot_2017_adaptation: K=30 MSE=9.840717985041337e-05 time=533.5 ms ok
[93/345] Synthetic seed20000_sample3674 kang_sparse_2015_adaptation: K=33 MSE=9.806109886896279e-05 time=1327.0 ms ok
[93/345] Synthetic seed20000_sample3674 luo_linf_de_2022_adaptation: K=37 MSE=9.741437500552904e-05 time=4888.7 ms ok
[94/345] Synthetic seed20000_sample2259 ours: K=36 MSE=6.528880453611621e-05 time=7.7 ms ok
[94/345] Synthetic seed20000_sample2259 park_dominant_point_2007_adaptation: K=36 MSE=9.434466527657842e-05 time=48.5 ms ok
[94/345] Synthetic seed20000_sample2259 liang_feature_iki_2017_adaptation: K=41 MSE=9.94016867560424e-05 time=47.0 ms ok
[94/345] Synthetic seed20000_sample2259 dung_direct_knot_2017_adaptation: K=30 MSE=9.402674642313581e-05 time=499.4 ms ok
[94/345] Synthetic seed20000_sample2259 kang_sparse_2015_adaptation: K=35 MSE=9.946311472473811e-05 time=1400.1 ms ok
[94/345] Synthetic seed20000_sample2259 luo_linf_de_2022_adaptation: K=36 MSE=9.925198837902751e-05 time=6980.4 ms ok
[95/345] Synthetic seed20000_sample1135 ours: K=35 MSE=7.542984556843396e-05 time=7.7 ms ok
[95/345] Synthetic seed20000_sample1135 park_dominant_point_2007_adaptation: K=37 MSE=9.184926323804666e-05 time=51.1 ms ok
[95/345] Synthetic seed20000_sample1135 liang_feature_iki_2017_adaptation: K=39 MSE=9.836185213025946e-05 time=43.8 ms ok
[95/345] Synthetic seed20000_sample1135 dung_direct_knot_2017_adaptation: K=30 MSE=9.371068930508084e-05 time=511.0 ms ok
[95/345] Synthetic seed20000_sample1135 kang_sparse_2015_adaptation: K=37 MSE=9.644922623678373e-05 time=1392.2 ms ok
[95/345] Synthetic seed20000_sample1135 luo_linf_de_2022_adaptation: K=37 MSE=8.670698462967312e-05 time=6214.8 ms ok
[96/345] Synthetic seed20000_sample2947 ours: K=35 MSE=6.934300519497133e-05 time=7.7 ms ok
[96/345] Synthetic seed20000_sample2947 park_dominant_point_2007_adaptation: K=32 MSE=8.949287466474631e-05 time=41.7 ms ok
[96/345] Synthetic seed20000_sample2947 liang_feature_iki_2017_adaptation: K=44 MSE=9.550619493521135e-05 time=51.3 ms ok
[96/345] Synthetic seed20000_sample2947 dung_direct_knot_2017_adaptation: K=36 MSE=9.05511392866442e-05 time=636.7 ms ok
[96/345] Synthetic seed20000_sample2947 kang_sparse_2015_adaptation: K=36 MSE=9.768107735218163e-05 time=1413.2 ms ok
[96/345] Synthetic seed20000_sample2947 luo_linf_de_2022_adaptation: K=37 MSE=9.506464024113384e-05 time=5480.0 ms ok
[97/345] Synthetic seed20000_sample834 ours: K=35 MSE=7.337119182682795e-05 time=7.7 ms ok
[97/345] Synthetic seed20000_sample834 park_dominant_point_2007_adaptation: K=34 MSE=9.703217828222218e-05 time=45.3 ms ok
[97/345] Synthetic seed20000_sample834 liang_feature_iki_2017_adaptation: K=40 MSE=9.842717329553532e-05 time=45.4 ms ok
[97/345] Synthetic seed20000_sample834 dung_direct_knot_2017_adaptation: K=34 MSE=9.286705564407996e-05 time=564.8 ms ok
[97/345] Synthetic seed20000_sample834 kang_sparse_2015_adaptation: K=41 MSE=9.360295047681156e-05 time=1427.7 ms ok
[97/345] Synthetic seed20000_sample834 luo_linf_de_2022_adaptation: K=41 MSE=9.613383608257909e-05 time=5490.4 ms ok
[98/345] Synthetic seed20000_sample1972 ours: K=36 MSE=5.901975207579325e-05 time=7.8 ms ok
[98/345] Synthetic seed20000_sample1972 park_dominant_point_2007_adaptation: K=36 MSE=9.811083724289886e-05 time=49.5 ms ok
[98/345] Synthetic seed20000_sample1972 liang_feature_iki_2017_adaptation: K=45 MSE=9.622486591320692e-05 time=53.0 ms ok
[98/345] Synthetic seed20000_sample1972 dung_direct_knot_2017_adaptation: K=30 MSE=8.931429239801162e-05 time=566.8 ms ok
[98/345] Synthetic seed20000_sample1972 kang_sparse_2015_adaptation: K=40 MSE=9.160447345243634e-05 time=1421.6 ms ok
[98/345] Synthetic seed20000_sample1972 luo_linf_de_2022_adaptation: K=40 MSE=9.513137826237323e-05 time=5545.5 ms ok
[99/345] Synthetic seed20000_sample1398 ours: K=34 MSE=0.00011903720657958739 time=7.7 ms ok
[99/345] Synthetic seed20000_sample1398 park_dominant_point_2007_adaptation: K=34 MSE=9.329850095858615e-05 time=45.4 ms ok
[99/345] Synthetic seed20000_sample1398 liang_feature_iki_2017_adaptation: K=46 MSE=9.137647892977053e-05 time=54.6 ms ok
[99/345] Synthetic seed20000_sample1398 dung_direct_knot_2017_adaptation: K=33 MSE=9.921662602271082e-05 time=554.4 ms ok
[99/345] Synthetic seed20000_sample1398 kang_sparse_2015_adaptation: K=56 MSE=4.245992292830307e-05 time=1258.9 ms ok
[99/345] Synthetic seed20000_sample1398 luo_linf_de_2022_adaptation: K=37 MSE=9.499798147171693e-05 time=6555.2 ms ok
[100/345] Synthetic seed20000_sample2377 ours: K=36 MSE=5.663520769751227e-05 time=7.7 ms ok
[100/345] Synthetic seed20000_sample2377 park_dominant_point_2007_adaptation: K=33 MSE=9.287042504973943e-05 time=43.7 ms ok
[100/345] Synthetic seed20000_sample2377 liang_feature_iki_2017_adaptation: K=46 MSE=9.728528717747489e-05 time=54.2 ms ok
[100/345] Synthetic seed20000_sample2377 dung_direct_knot_2017_adaptation: K=35 MSE=9.179121667106538e-05 time=597.5 ms ok
[100/345] Synthetic seed20000_sample2377 kang_sparse_2015_adaptation: K=41 MSE=8.902336296510867e-05 time=1428.9 ms ok
[100/345] Synthetic seed20000_sample2377 luo_linf_de_2022_adaptation: K=41 MSE=9.513047007422495e-05 time=4740.1 ms ok
[101/345] Synthetic seed20000_sample987 ours: K=36 MSE=6.711389981778027e-05 time=7.7 ms ok
[101/345] Synthetic seed20000_sample987 park_dominant_point_2007_adaptation: K=35 MSE=9.729296607991252e-05 time=46.5 ms ok
[101/345] Synthetic seed20000_sample987 liang_feature_iki_2017_adaptation: K=41 MSE=9.242495212002839e-05 time=46.8 ms ok
[101/345] Synthetic seed20000_sample987 dung_direct_knot_2017_adaptation: K=29 MSE=9.841012684354745e-05 time=566.3 ms ok
[101/345] Synthetic seed20000_sample987 kang_sparse_2015_adaptation: K=38 MSE=8.494487473037906e-05 time=1408.9 ms ok
[101/345] Synthetic seed20000_sample987 luo_linf_de_2022_adaptation: K=42 MSE=8.715427128174105e-05 time=5903.8 ms ok
[102/345] Synthetic seed20000_sample1095 ours: K=35 MSE=8.714544158710273e-05 time=7.7 ms ok
[102/345] Synthetic seed20000_sample1095 park_dominant_point_2007_adaptation: K=31 MSE=9.708764737961839e-05 time=42.1 ms ok
[102/345] Synthetic seed20000_sample1095 liang_feature_iki_2017_adaptation: K=44 MSE=8.944874965668169e-05 time=51.1 ms ok
[102/345] Synthetic seed20000_sample1095 dung_direct_knot_2017_adaptation: K=33 MSE=9.284755486386262e-05 time=616.4 ms ok
[102/345] Synthetic seed20000_sample1095 kang_sparse_2015_adaptation: K=42 MSE=9.7314961577991e-05 time=1429.9 ms ok
[102/345] Synthetic seed20000_sample1095 luo_linf_de_2022_adaptation: K=42 MSE=9.389593276608274e-05 time=5011.4 ms ok
[103/345] Synthetic seed20000_sample3766 ours: K=38 MSE=8.102950189766931e-05 time=7.7 ms ok
[103/345] Synthetic seed20000_sample3766 park_dominant_point_2007_adaptation: K=35 MSE=9.564385338601605e-05 time=47.0 ms ok
[103/345] Synthetic seed20000_sample3766 liang_feature_iki_2017_adaptation: K=44 MSE=9.543248512445721e-05 time=51.3 ms ok
[103/345] Synthetic seed20000_sample3766 dung_direct_knot_2017_adaptation: K=33 MSE=9.72549840091589e-05 time=589.5 ms ok
[103/345] Synthetic seed20000_sample3766 kang_sparse_2015_adaptation: K=40 MSE=9.118662095462869e-05 time=1407.6 ms ok
[103/345] Synthetic seed20000_sample3766 luo_linf_de_2022_adaptation: K=40 MSE=9.884307007858096e-05 time=4586.5 ms ok
[104/345] Synthetic seed20000_sample1379 ours: K=38 MSE=7.705613089729516e-05 time=7.7 ms ok
[104/345] Synthetic seed20000_sample1379 park_dominant_point_2007_adaptation: K=37 MSE=9.677239671987139e-05 time=51.7 ms ok
[104/345] Synthetic seed20000_sample1379 liang_feature_iki_2017_adaptation: K=41 MSE=9.997116761175033e-05 time=47.3 ms ok
[104/345] Synthetic seed20000_sample1379 dung_direct_knot_2017_adaptation: K=32 MSE=9.436096256063493e-05 time=614.3 ms ok
[104/345] Synthetic seed20000_sample1379 kang_sparse_2015_adaptation: K=56 MSE=6.27888128911469e-05 time=1262.7 ms ok
[104/345] Synthetic seed20000_sample1379 luo_linf_de_2022_adaptation: K=40 MSE=9.216783215588706e-05 time=4819.1 ms ok
[105/345] Synthetic seed20000_sample2590 ours: K=37 MSE=7.95713892750598e-05 time=7.7 ms ok
[105/345] Synthetic seed20000_sample2590 park_dominant_point_2007_adaptation: K=37 MSE=9.506137619631533e-05 time=51.1 ms ok
[105/345] Synthetic seed20000_sample2590 liang_feature_iki_2017_adaptation: K=48 MSE=9.899753923786873e-05 time=57.8 ms ok
[105/345] Synthetic seed20000_sample2590 dung_direct_knot_2017_adaptation: K=33 MSE=9.471949464679064e-05 time=554.7 ms ok
[105/345] Synthetic seed20000_sample2590 kang_sparse_2015_adaptation: K=56 MSE=5.974404543691392e-05 time=1270.2 ms ok
[105/345] Synthetic seed20000_sample2590 luo_linf_de_2022_adaptation: K=42 MSE=9.464396710557776e-05 time=5199.9 ms ok
[106/345] Synthetic seed20000_sample3596 ours: K=39 MSE=7.373745391151443e-05 time=7.8 ms ok
[106/345] Synthetic seed20000_sample3596 park_dominant_point_2007_adaptation: K=35 MSE=9.711702179172317e-05 time=48.9 ms ok
[106/345] Synthetic seed20000_sample3596 liang_feature_iki_2017_adaptation: K=44 MSE=9.905354545859836e-05 time=51.0 ms ok
[106/345] Synthetic seed20000_sample3596 dung_direct_knot_2017_adaptation: K=36 MSE=9.583045602753543e-05 time=606.3 ms ok
[106/345] Synthetic seed20000_sample3596 kang_sparse_2015_adaptation: K=44 MSE=9.987487864918276e-05 time=1406.9 ms ok
[106/345] Synthetic seed20000_sample3596 luo_linf_de_2022_adaptation: K=41 MSE=9.438258601987585e-05 time=7683.9 ms ok
[107/345] Synthetic seed20000_sample1217 ours: K=40 MSE=6.993971940423003e-05 time=7.8 ms ok
[107/345] Synthetic seed20000_sample1217 park_dominant_point_2007_adaptation: K=36 MSE=9.285522327994444e-05 time=49.1 ms ok
[107/345] Synthetic seed20000_sample1217 liang_feature_iki_2017_adaptation: K=44 MSE=9.187563827520672e-05 time=51.1 ms ok
[107/345] Synthetic seed20000_sample1217 dung_direct_knot_2017_adaptation: K=34 MSE=9.345214625076048e-05 time=596.5 ms ok
[107/345] Synthetic seed20000_sample1217 kang_sparse_2015_adaptation: K=38 MSE=9.403418755185988e-05 time=1416.3 ms ok
[107/345] Synthetic seed20000_sample1217 luo_linf_de_2022_adaptation: K=42 MSE=9.562552122410575e-05 time=4087.0 ms ok
[108/345] Synthetic seed20000_sample3285 ours: K=38 MSE=8.490093905010896e-05 time=7.7 ms ok
[108/345] Synthetic seed20000_sample3285 park_dominant_point_2007_adaptation: K=37 MSE=9.815599044516391e-05 time=50.3 ms ok
[108/345] Synthetic seed20000_sample3285 liang_feature_iki_2017_adaptation: K=40 MSE=9.5138805943141e-05 time=46.1 ms ok
[108/345] Synthetic seed20000_sample3285 dung_direct_knot_2017_adaptation: K=35 MSE=9.599791589608309e-05 time=652.5 ms ok
[108/345] Synthetic seed20000_sample3285 kang_sparse_2015_adaptation: K=53 MSE=6.424689217623816e-05 time=1273.4 ms ok
[108/345] Synthetic seed20000_sample3285 luo_linf_de_2022_adaptation: K=45 MSE=9.028454804835653e-05 time=5938.0 ms ok
[109/345] Synthetic seed20000_sample252 ours: K=38 MSE=9.769257452996139e-05 time=7.7 ms ok
[109/345] Synthetic seed20000_sample252 park_dominant_point_2007_adaptation: K=36 MSE=9.932363435569297e-05 time=49.5 ms ok
[109/345] Synthetic seed20000_sample252 liang_feature_iki_2017_adaptation: K=42 MSE=9.980554399830529e-05 time=48.3 ms ok
[109/345] Synthetic seed20000_sample252 dung_direct_knot_2017_adaptation: K=33 MSE=9.976140132211937e-05 time=628.1 ms ok
[109/345] Synthetic seed20000_sample252 kang_sparse_2015_adaptation: K=37 MSE=9.229184973350815e-05 time=1414.7 ms ok
[109/345] Synthetic seed20000_sample252 luo_linf_de_2022_adaptation: K=43 MSE=9.586698386775403e-05 time=4674.3 ms ok
[110/345] Synthetic seed20000_sample2009 ours: K=37 MSE=0.00011698244515615562 time=7.7 ms ok
[110/345] Synthetic seed20000_sample2009 park_dominant_point_2007_adaptation: K=39 MSE=9.754816680988643e-05 time=56.5 ms ok
[110/345] Synthetic seed20000_sample2009 liang_feature_iki_2017_adaptation: K=47 MSE=9.720305631441115e-05 time=55.4 ms ok
[110/345] Synthetic seed20000_sample2009 dung_direct_knot_2017_adaptation: K=34 MSE=9.329643530689056e-05 time=571.2 ms ok
[110/345] Synthetic seed20000_sample2009 kang_sparse_2015_adaptation: K=38 MSE=9.83895058709286e-05 time=1421.8 ms ok
[110/345] Synthetic seed20000_sample2009 luo_linf_de_2022_adaptation: K=45 MSE=9.239567949425524e-05 time=4703.8 ms ok
[111/345] Synthetic seed20000_sample3284 ours: K=40 MSE=6.289465623830499e-05 time=7.7 ms ok
[111/345] Synthetic seed20000_sample3284 park_dominant_point_2007_adaptation: K=34 MSE=9.589153256235997e-05 time=45.3 ms ok
[111/345] Synthetic seed20000_sample3284 liang_feature_iki_2017_adaptation: K=50 MSE=9.890688773875995e-05 time=60.4 ms ok
[111/345] Synthetic seed20000_sample3284 dung_direct_knot_2017_adaptation: K=33 MSE=9.397444042753116e-05 time=599.2 ms ok
[111/345] Synthetic seed20000_sample3284 kang_sparse_2015_adaptation: K=39 MSE=8.72646470235442e-05 time=1272.5 ms ok
[111/345] Synthetic seed20000_sample3284 luo_linf_de_2022_adaptation: K=44 MSE=9.229421353511947e-05 time=5253.3 ms ok
[112/345] Synthetic seed20000_sample2598 ours: K=39 MSE=6.118523146317361e-05 time=7.8 ms ok
[112/345] Synthetic seed20000_sample2598 park_dominant_point_2007_adaptation: K=35 MSE=8.288214433426428e-05 time=46.3 ms ok
[112/345] Synthetic seed20000_sample2598 liang_feature_iki_2017_adaptation: K=43 MSE=9.089264642513763e-05 time=50.2 ms ok
[112/345] Synthetic seed20000_sample2598 dung_direct_knot_2017_adaptation: K=31 MSE=9.559681057611873e-05 time=616.0 ms ok
[112/345] Synthetic seed20000_sample2598 kang_sparse_2015_adaptation: K=56 MSE=5.377347741414919e-05 time=1270.0 ms ok
[112/345] Synthetic seed20000_sample2598 luo_linf_de_2022_adaptation: K=40 MSE=9.943750505718502e-05 time=5282.2 ms ok
[113/345] Synthetic seed20000_sample2000 ours: K=39 MSE=8.86094679070104e-05 time=7.8 ms ok
[113/345] Synthetic seed20000_sample2000 park_dominant_point_2007_adaptation: K=33 MSE=8.895958958587827e-05 time=43.8 ms ok
[113/345] Synthetic seed20000_sample2000 liang_feature_iki_2017_adaptation: K=43 MSE=9.256052159489608e-05 time=49.8 ms ok
[113/345] Synthetic seed20000_sample2000 dung_direct_knot_2017_adaptation: K=35 MSE=9.630689543953826e-05 time=611.7 ms ok
[113/345] Synthetic seed20000_sample2000 kang_sparse_2015_adaptation: K=43 MSE=9.536487577750342e-05 time=1450.5 ms ok
[113/345] Synthetic seed20000_sample2000 luo_linf_de_2022_adaptation: K=46 MSE=9.520748528627945e-05 time=6098.8 ms ok
[114/345] Synthetic seed20000_sample489 ours: K=40 MSE=6.690861436920559e-05 time=7.8 ms ok
[114/345] Synthetic seed20000_sample489 park_dominant_point_2007_adaptation: K=37 MSE=9.188953322227969e-05 time=50.9 ms ok
[114/345] Synthetic seed20000_sample489 liang_feature_iki_2017_adaptation: K=45 MSE=9.796564794497841e-05 time=52.7 ms ok
[114/345] Synthetic seed20000_sample489 dung_direct_knot_2017_adaptation: K=37 MSE=8.551333833216496e-05 time=603.0 ms ok
[114/345] Synthetic seed20000_sample489 kang_sparse_2015_adaptation: K=39 MSE=9.007485293137998e-05 time=1462.1 ms ok
[114/345] Synthetic seed20000_sample489 luo_linf_de_2022_adaptation: K=46 MSE=8.885419500277517e-05 time=5167.1 ms ok
[115/345] Synthetic seed20000_sample3756 ours: K=38 MSE=0.00013057675051716264 time=7.7 ms ok
[115/345] Synthetic seed20000_sample3756 park_dominant_point_2007_adaptation: K=41 MSE=9.597375286764488e-05 time=57.1 ms ok
[115/345] Synthetic seed20000_sample3756 liang_feature_iki_2017_adaptation: K=42 MSE=9.820313882735835e-05 time=48.6 ms ok
[115/345] Synthetic seed20000_sample3756 dung_direct_knot_2017_adaptation: K=36 MSE=9.795620865591004e-05 time=637.3 ms ok
[115/345] Synthetic seed20000_sample3756 kang_sparse_2015_adaptation: K=46 MSE=9.682270947148056e-05 time=1411.7 ms ok
[115/345] Synthetic seed20000_sample3756 luo_linf_de_2022_adaptation: K=46 MSE=9.391290629223228e-05 time=5069.3 ms ok
[116/345] Synthetic seed20000_sample945 ours: K=40 MSE=8.75268635487164e-05 time=7.7 ms ok
[116/345] Synthetic seed20000_sample945 park_dominant_point_2007_adaptation: K=37 MSE=9.981584581484597e-05 time=51.1 ms ok
[116/345] Synthetic seed20000_sample945 liang_feature_iki_2017_adaptation: K=47 MSE=9.624141921952833e-05 time=56.1 ms ok
[116/345] Synthetic seed20000_sample945 dung_direct_knot_2017_adaptation: K=39 MSE=9.791194517494564e-05 time=623.2 ms ok
[116/345] Synthetic seed20000_sample945 kang_sparse_2015_adaptation: K=55 MSE=7.375282630390252e-05 time=1281.9 ms ok
[116/345] Synthetic seed20000_sample945 luo_linf_de_2022_adaptation: K=47 MSE=9.475297252809801e-05 time=5766.2 ms ok
[117/345] Synthetic seed20000_sample465 ours: K=40 MSE=0.00014804921827922893 time=7.8 ms ok
[117/345] Synthetic seed20000_sample465 park_dominant_point_2007_adaptation: K=38 MSE=9.957276150916282e-05 time=54.2 ms ok
[117/345] Synthetic seed20000_sample465 liang_feature_iki_2017_adaptation: K=50 MSE=8.450815936974334e-05 time=60.3 ms ok
[117/345] Synthetic seed20000_sample465 dung_direct_knot_2017_adaptation: K=39 MSE=9.036856730762584e-05 time=672.5 ms ok
[117/345] Synthetic seed20000_sample465 kang_sparse_2015_adaptation: K=38 MSE=9.397916795284617e-05 time=1291.5 ms ok
[117/345] Synthetic seed20000_sample465 luo_linf_de_2022_adaptation: K=43 MSE=9.524246593810687e-05 time=4566.2 ms ok
[118/345] Synthetic seed20000_sample2395 ours: K=40 MSE=7.928999725867936e-05 time=7.8 ms ok
[118/345] Synthetic seed20000_sample2395 park_dominant_point_2007_adaptation: K=33 MSE=9.952997370525873e-05 time=43.4 ms ok
[118/345] Synthetic seed20000_sample2395 liang_feature_iki_2017_adaptation: K=44 MSE=9.995317050285486e-05 time=51.4 ms ok
[118/345] Synthetic seed20000_sample2395 dung_direct_knot_2017_adaptation: K=35 MSE=9.884395444196665e-05 time=647.8 ms ok
[118/345] Synthetic seed20000_sample2395 kang_sparse_2015_adaptation: K=42 MSE=9.641386150455572e-05 time=1503.5 ms ok
[118/345] Synthetic seed20000_sample2395 luo_linf_de_2022_adaptation: K=48 MSE=9.960094917789784e-05 time=4342.1 ms ok
[119/345] Synthetic seed20000_sample3623 ours: K=42 MSE=7.116714941141922e-05 time=7.8 ms ok
[119/345] Synthetic seed20000_sample3623 park_dominant_point_2007_adaptation: K=37 MSE=9.856376837482381e-05 time=56.4 ms ok
[119/345] Synthetic seed20000_sample3623 liang_feature_iki_2017_adaptation: K=52 MSE=9.202801273671417e-05 time=64.7 ms ok
[119/345] Synthetic seed20000_sample3623 dung_direct_knot_2017_adaptation: K=37 MSE=8.854480321101411e-05 time=689.1 ms ok
[119/345] Synthetic seed20000_sample3623 kang_sparse_2015_adaptation: K=40 MSE=9.713565339019789e-05 time=1305.7 ms ok
[119/345] Synthetic seed20000_sample3623 luo_linf_de_2022_adaptation: K=48 MSE=9.310590207862387e-05 time=4568.0 ms ok
[120/345] Synthetic seed20000_sample3993 ours: K=40 MSE=0.0001124931255980045 time=16.0 ms ok
[120/345] Synthetic seed20000_sample3993 park_dominant_point_2007_adaptation: K=39 MSE=9.608407255522657e-05 time=54.8 ms ok
[120/345] Synthetic seed20000_sample3993 liang_feature_iki_2017_adaptation: K=50 MSE=9.84775946917027e-05 time=60.9 ms ok
[120/345] Synthetic seed20000_sample3993 dung_direct_knot_2017_adaptation: K=37 MSE=9.756439131754773e-05 time=635.8 ms ok
[120/345] Synthetic seed20000_sample3993 kang_sparse_2015_adaptation: K=39 MSE=9.469780800775794e-05 time=1303.5 ms ok
[120/345] Synthetic seed20000_sample3993 luo_linf_de_2022_adaptation: K=47 MSE=9.185991949967596e-05 time=4424.3 ms ok
[121/345] Synthetic seed20000_sample3497 ours: K=40 MSE=9.75393043959375e-05 time=7.8 ms ok
[121/345] Synthetic seed20000_sample3497 park_dominant_point_2007_adaptation: K=34 MSE=8.683498102687115e-05 time=44.9 ms ok
[121/345] Synthetic seed20000_sample3497 liang_feature_iki_2017_adaptation: K=43 MSE=8.909924879109503e-05 time=49.7 ms ok
[121/345] Synthetic seed20000_sample3497 dung_direct_knot_2017_adaptation: K=40 MSE=9.202492487002017e-05 time=706.7 ms ok
[121/345] Synthetic seed20000_sample3497 kang_sparse_2015_adaptation: K=45 MSE=9.047383972282479e-05 time=1448.7 ms ok
[121/345] Synthetic seed20000_sample3497 luo_linf_de_2022_adaptation: K=43 MSE=9.988795176333903e-05 time=5478.5 ms ok
[122/345] Synthetic seed20000_sample2343 ours: K=41 MSE=9.327950969881553e-05 time=7.8 ms ok
[122/345] Synthetic seed20000_sample2343 park_dominant_point_2007_adaptation: K=34 MSE=9.713356514870059e-05 time=45.4 ms ok
[122/345] Synthetic seed20000_sample2343 liang_feature_iki_2017_adaptation: K=49 MSE=9.65688087675456e-05 time=59.0 ms ok
[122/345] Synthetic seed20000_sample2343 dung_direct_knot_2017_adaptation: K=37 MSE=9.744944758444221e-05 time=656.2 ms ok
[122/345] Synthetic seed20000_sample2343 kang_sparse_2015_adaptation: K=43 MSE=9.998128088673853e-05 time=1450.1 ms ok
[122/345] Synthetic seed20000_sample2343 luo_linf_de_2022_adaptation: K=50 MSE=9.104696738355288e-05 time=4210.0 ms ok
[123/345] Synthetic seed20000_sample1087 ours: K=41 MSE=8.92660221229299e-05 time=7.8 ms ok
[123/345] Synthetic seed20000_sample1087 park_dominant_point_2007_adaptation: K=36 MSE=9.663367488577767e-05 time=50.5 ms ok
[123/345] Synthetic seed20000_sample1087 liang_feature_iki_2017_adaptation: K=53 MSE=9.937829723996898e-05 time=65.1 ms ok
[123/345] Synthetic seed20000_sample1087 dung_direct_knot_2017_adaptation: K=39 MSE=9.473637985439517e-05 time=632.2 ms ok
[123/345] Synthetic seed20000_sample1087 kang_sparse_2015_adaptation: K=44 MSE=9.987817314384732e-05 time=1366.5 ms ok
[123/345] Synthetic seed20000_sample1087 luo_linf_de_2022_adaptation: K=46 MSE=9.701365834193677e-05 time=5044.9 ms ok
[124/345] Synthetic seed20000_sample2142 ours: K=41 MSE=7.651208413643288e-05 time=16.0 ms ok
[124/345] Synthetic seed20000_sample2142 park_dominant_point_2007_adaptation: K=36 MSE=9.787137945134851e-05 time=49.9 ms ok
[124/345] Synthetic seed20000_sample2142 liang_feature_iki_2017_adaptation: K=53 MSE=9.867020958610616e-05 time=65.2 ms ok
[124/345] Synthetic seed20000_sample2142 dung_direct_knot_2017_adaptation: K=40 MSE=9.192040132258714e-05 time=705.5 ms ok
[124/345] Synthetic seed20000_sample2142 kang_sparse_2015_adaptation: K=55 MSE=7.582974900405482e-05 time=1266.4 ms ok
[124/345] Synthetic seed20000_sample2142 luo_linf_de_2022_adaptation: K=46 MSE=9.832642799123266e-05 time=4928.8 ms ok
[125/345] Synthetic seed20000_sample3606 ours: K=42 MSE=8.983878728000684e-05 time=7.9 ms ok
[125/345] Synthetic seed20000_sample3606 park_dominant_point_2007_adaptation: K=38 MSE=9.396547141996181e-05 time=54.2 ms ok
[125/345] Synthetic seed20000_sample3606 liang_feature_iki_2017_adaptation: K=50 MSE=9.662252348611085e-05 time=60.2 ms ok
[125/345] Synthetic seed20000_sample3606 dung_direct_knot_2017_adaptation: K=35 MSE=8.304293639317308e-05 time=649.6 ms ok
[125/345] Synthetic seed20000_sample3606 kang_sparse_2015_adaptation: K=49 MSE=9.708801476566726e-05 time=1465.9 ms ok
[125/345] Synthetic seed20000_sample3606 luo_linf_de_2022_adaptation: K=44 MSE=9.17593251374075e-05 time=4623.7 ms ok
[126/345] Synthetic seed20000_sample1030 ours: K=42 MSE=8.089260084862416e-05 time=7.8 ms ok
[126/345] Synthetic seed20000_sample1030 park_dominant_point_2007_adaptation: K=31 MSE=8.56703165739529e-05 time=40.3 ms ok
[126/345] Synthetic seed20000_sample1030 liang_feature_iki_2017_adaptation: K=53 MSE=9.535533529290005e-05 time=65.1 ms ok
[126/345] Synthetic seed20000_sample1030 dung_direct_knot_2017_adaptation: K=36 MSE=9.430930288735995e-05 time=690.1 ms ok
[126/345] Synthetic seed20000_sample1030 kang_sparse_2015_adaptation: K=46 MSE=9.682481711857383e-05 time=1450.6 ms ok
[126/345] Synthetic seed20000_sample1030 luo_linf_de_2022_adaptation: K=47 MSE=8.673243299137951e-05 time=5321.5 ms ok
[127/345] Synthetic seed20000_sample685 ours: K=42 MSE=0.0001263022067509052 time=7.8 ms ok
[127/345] Synthetic seed20000_sample685 park_dominant_point_2007_adaptation: K=35 MSE=9.097855059699918e-05 time=47.4 ms ok
[127/345] Synthetic seed20000_sample685 liang_feature_iki_2017_adaptation: K=49 MSE=9.542922326116739e-05 time=58.8 ms ok
[127/345] Synthetic seed20000_sample685 dung_direct_knot_2017_adaptation: K=38 MSE=9.13357301420474e-05 time=617.0 ms ok
[127/345] Synthetic seed20000_sample685 kang_sparse_2015_adaptation: K=45 MSE=9.605373818467271e-05 time=1452.4 ms ok
[127/345] Synthetic seed20000_sample685 luo_linf_de_2022_adaptation: K=50 MSE=8.161958852034986e-05 time=4172.6 ms ok
[128/345] Synthetic seed20000_sample3994 ours: K=41 MSE=0.00010723950470813361 time=16.0 ms ok
[128/345] Synthetic seed20000_sample3994 park_dominant_point_2007_adaptation: K=34 MSE=9.55964452857345e-05 time=45.2 ms ok
[128/345] Synthetic seed20000_sample3994 liang_feature_iki_2017_adaptation: K=53 MSE=9.770007726356419e-05 time=65.9 ms ok
[128/345] Synthetic seed20000_sample3994 dung_direct_knot_2017_adaptation: K=43 MSE=9.476164151298596e-05 time=738.0 ms ok
[128/345] Synthetic seed20000_sample3994 kang_sparse_2015_adaptation: K=55 MSE=6.758207223380972e-05 time=1280.6 ms ok
[128/345] Synthetic seed20000_sample3994 luo_linf_de_2022_adaptation: K=46 MSE=9.253493139432232e-05 time=5325.0 ms ok
[129/345] Synthetic seed20000_sample2863 ours: K=42 MSE=0.00012600438185030328 time=7.8 ms ok
[129/345] Synthetic seed20000_sample2863 park_dominant_point_2007_adaptation: K=31 MSE=9.662530199547907e-05 time=40.1 ms ok
[129/345] Synthetic seed20000_sample2863 liang_feature_iki_2017_adaptation: K=45 MSE=9.116582156040952e-05 time=53.0 ms ok
[129/345] Synthetic seed20000_sample2863 dung_direct_knot_2017_adaptation: K=38 MSE=9.261678680227833e-05 time=698.4 ms ok
[129/345] Synthetic seed20000_sample2863 kang_sparse_2015_adaptation: K=55 MSE=6.740802911968034e-05 time=1265.7 ms ok
[129/345] Synthetic seed20000_sample2863 luo_linf_de_2022_adaptation: K=43 MSE=9.91438265608772e-05 time=7765.5 ms ok
[130/345] Synthetic seed20000_sample3331 ours: K=43 MSE=8.90991128645596e-05 time=7.8 ms ok
[130/345] Synthetic seed20000_sample3331 park_dominant_point_2007_adaptation: K=34 MSE=9.974704356678692e-05 time=45.9 ms ok
[130/345] Synthetic seed20000_sample3331 liang_feature_iki_2017_adaptation: K=54 MSE=9.753488153277282e-05 time=66.7 ms ok
[130/345] Synthetic seed20000_sample3331 dung_direct_knot_2017_adaptation: K=45 MSE=8.831881222731219e-05 time=687.2 ms ok
[130/345] Synthetic seed20000_sample3331 kang_sparse_2015_adaptation: K=44 MSE=9.934057795979387e-05 time=1448.9 ms ok
[130/345] Synthetic seed20000_sample3331 luo_linf_de_2022_adaptation: K=49 MSE=8.80198713286078e-05 time=3765.4 ms ok
[131/345] Synthetic seed20000_sample3246 ours: K=43 MSE=9.605936057974236e-05 time=15.6 ms ok
[131/345] Synthetic seed20000_sample3246 park_dominant_point_2007_adaptation: K=37 MSE=9.607748182093139e-05 time=51.0 ms ok
[131/345] Synthetic seed20000_sample3246 liang_feature_iki_2017_adaptation: K=55 MSE=9.741795938109878e-05 time=68.6 ms ok
[131/345] Synthetic seed20000_sample3246 dung_direct_knot_2017_adaptation: K=45 MSE=9.507907431505512e-05 time=704.1 ms ok
[131/345] Synthetic seed20000_sample3246 kang_sparse_2015_adaptation: K=56 MSE=7.057777905040813e-05 time=1274.3 ms ok
[131/345] Synthetic seed20000_sample3246 luo_linf_de_2022_adaptation: K=48 MSE=9.803925734096695e-05 time=5157.8 ms ok
[132/345] Synthetic seed20000_sample518 ours: K=42 MSE=0.00014975945250363215 time=16.1 ms ok
[132/345] Synthetic seed20000_sample518 park_dominant_point_2007_adaptation: K=35 MSE=9.834859182767583e-05 time=46.9 ms ok
[132/345] Synthetic seed20000_sample518 liang_feature_iki_2017_adaptation: K=55 MSE=9.423391853084735e-05 time=68.3 ms ok
[132/345] Synthetic seed20000_sample518 dung_direct_knot_2017_adaptation: K=37 MSE=9.763552571322998e-05 time=743.0 ms ok
[132/345] Synthetic seed20000_sample518 kang_sparse_2015_adaptation: K=46 MSE=9.692377750774423e-05 time=1451.7 ms ok
[132/345] Synthetic seed20000_sample518 luo_linf_de_2022_adaptation: K=51 MSE=9.358925207889758e-05 time=4992.7 ms ok
[133/345] Synthetic seed20000_sample3645 ours: K=43 MSE=9.551479045597531e-05 time=7.8 ms ok
[133/345] Synthetic seed20000_sample3645 park_dominant_point_2007_adaptation: K=37 MSE=9.656186192920882e-05 time=51.6 ms ok
[133/345] Synthetic seed20000_sample3645 liang_feature_iki_2017_adaptation: K=53 MSE=9.466605778008759e-05 time=65.7 ms ok
[133/345] Synthetic seed20000_sample3645 dung_direct_knot_2017_adaptation: K=42 MSE=9.656955511811955e-05 time=698.1 ms ok
[133/345] Synthetic seed20000_sample3645 kang_sparse_2015_adaptation: K=56 MSE=8.376338575888685e-05 time=1279.7 ms ok
[133/345] Synthetic seed20000_sample3645 luo_linf_de_2022_adaptation: K=46 MSE=9.492605961174739e-05 time=4958.6 ms ok
[134/345] Synthetic seed20000_sample2486 ours: K=40 MSE=0.00020164651938649617 time=7.8 ms ok
[134/345] Synthetic seed20000_sample2486 park_dominant_point_2007_adaptation: K=37 MSE=9.812760548166747e-05 time=51.2 ms ok
[134/345] Synthetic seed20000_sample2486 liang_feature_iki_2017_adaptation: K=50 MSE=9.802787899030795e-05 time=60.7 ms ok
[134/345] Synthetic seed20000_sample2486 dung_direct_knot_2017_adaptation: K=41 MSE=9.804651740798121e-05 time=727.6 ms ok
[134/345] Synthetic seed20000_sample2486 kang_sparse_2015_adaptation: K=53 MSE=8.291012034326255e-05 time=1271.6 ms ok
[134/345] Synthetic seed20000_sample2486 luo_linf_de_2022_adaptation: K=49 MSE=9.2926941477917e-05 time=4621.4 ms ok
[135/345] Synthetic seed20000_sample2794 ours: K=41 MSE=0.000156132054870037 time=15.9 ms ok
[135/345] Synthetic seed20000_sample2794 park_dominant_point_2007_adaptation: K=38 MSE=9.629004364558511e-05 time=53.2 ms ok
[135/345] Synthetic seed20000_sample2794 liang_feature_iki_2017_adaptation: K=53 MSE=9.368630136976347e-05 time=64.9 ms ok
[135/345] Synthetic seed20000_sample2794 dung_direct_knot_2017_adaptation: K=39 MSE=9.766765032523622e-05 time=701.8 ms ok
[135/345] Synthetic seed20000_sample2794 kang_sparse_2015_adaptation: K=49 MSE=9.901589372082746e-05 time=1473.3 ms ok
[135/345] Synthetic seed20000_sample2794 luo_linf_de_2022_adaptation: K=47 MSE=9.596030983262349e-05 time=3675.5 ms ok
[136/345] Synthetic seed20000_sample1537 ours: K=44 MSE=0.00011270650123391175 time=16.1 ms ok
[136/345] Synthetic seed20000_sample1537 park_dominant_point_2007_adaptation: K=38 MSE=9.799887279343004e-05 time=53.0 ms ok
[136/345] Synthetic seed20000_sample1537 liang_feature_iki_2017_adaptation: K=54 MSE=9.954472882067672e-05 time=66.4 ms ok
[136/345] Synthetic seed20000_sample1537 dung_direct_knot_2017_adaptation: K=45 MSE=9.231945109352487e-05 time=748.0 ms ok
[136/345] Synthetic seed20000_sample1537 kang_sparse_2015_adaptation: K=50 MSE=9.66264951301504e-05 time=1462.1 ms ok
[136/345] Synthetic seed20000_sample1537 luo_linf_de_2022_adaptation: K=52 MSE=9.65331047646466e-05 time=4249.8 ms ok
[137/345] Synthetic seed20000_sample1875 ours: K=44 MSE=0.00013110750117190553 time=7.8 ms ok
[137/345] Synthetic seed20000_sample1875 park_dominant_point_2007_adaptation: K=41 MSE=8.71703671550669e-05 time=60.1 ms ok
[137/345] Synthetic seed20000_sample1875 liang_feature_iki_2017_adaptation: K=56 MSE=0.00011069628648740094 time=70.0 ms ok
[137/345] Synthetic seed20000_sample1875 dung_direct_knot_2017_adaptation: K=46 MSE=9.697222772458297e-05 time=741.3 ms ok
[137/345] Synthetic seed20000_sample1875 kang_sparse_2015_adaptation: K=56 MSE=0.0001229706185203416 time=236.2 ms ok
[137/345] Synthetic seed20000_sample1875 luo_linf_de_2022_adaptation: K=56 MSE=0.00011640441069271308 time=2136.2 ms ok
[138/345] Synthetic seed20000_sample59 ours: K=44 MSE=0.00011843580642149691 time=7.8 ms ok
[138/345] Synthetic seed20000_sample59 park_dominant_point_2007_adaptation: K=34 MSE=9.678867132890968e-05 time=45.3 ms ok
[138/345] Synthetic seed20000_sample59 liang_feature_iki_2017_adaptation: K=55 MSE=9.707419525645971e-05 time=68.0 ms ok
[138/345] Synthetic seed20000_sample59 dung_direct_knot_2017_adaptation: K=41 MSE=9.991399442015106e-05 time=735.7 ms ok
[138/345] Synthetic seed20000_sample59 kang_sparse_2015_adaptation: K=48 MSE=9.487479469802e-05 time=1462.5 ms ok
[138/345] Synthetic seed20000_sample59 luo_linf_de_2022_adaptation: K=49 MSE=9.851154505102597e-05 time=3507.7 ms ok
[139/345] Synthetic seed20000_sample2509 ours: K=42 MSE=0.00018521594366413527 time=7.8 ms ok
[139/345] Synthetic seed20000_sample2509 park_dominant_point_2007_adaptation: K=42 MSE=9.62418935217386e-05 time=61.5 ms ok
[139/345] Synthetic seed20000_sample2509 liang_feature_iki_2017_adaptation: K=50 MSE=9.7358111404248e-05 time=60.8 ms ok
[139/345] Synthetic seed20000_sample2509 dung_direct_knot_2017_adaptation: K=45 MSE=9.369266143195453e-05 time=738.5 ms ok
[139/345] Synthetic seed20000_sample2509 kang_sparse_2015_adaptation: K=56 MSE=9.00313178521266e-05 time=1272.7 ms ok
[139/345] Synthetic seed20000_sample2509 luo_linf_de_2022_adaptation: K=48 MSE=9.753842794400302e-05 time=4792.7 ms ok
[140/345] Synthetic seed20000_sample1159 ours: K=43 MSE=0.00011078425312104495 time=15.8 ms ok
[140/345] Synthetic seed20000_sample1159 park_dominant_point_2007_adaptation: K=38 MSE=8.89830841254411e-05 time=53.3 ms ok
[140/345] Synthetic seed20000_sample1159 liang_feature_iki_2017_adaptation: K=56 MSE=0.00010029632962802902 time=70.4 ms ok
[140/345] Synthetic seed20000_sample1159 dung_direct_knot_2017_adaptation: K=43 MSE=9.342256796229369e-05 time=752.7 ms ok
[140/345] Synthetic seed20000_sample1159 kang_sparse_2015_adaptation: K=53 MSE=8.489344592009919e-05 time=1278.6 ms ok
[140/345] Synthetic seed20000_sample1159 luo_linf_de_2022_adaptation: K=51 MSE=9.860959272918978e-05 time=4624.2 ms ok
[141/345] Synthetic seed20000_sample679 ours: K=43 MSE=0.00021312984766469915 time=7.8 ms ok
[141/345] Synthetic seed20000_sample679 park_dominant_point_2007_adaptation: K=40 MSE=9.890833517656158e-05 time=56.6 ms ok
[141/345] Synthetic seed20000_sample679 liang_feature_iki_2017_adaptation: K=56 MSE=8.796950963179718e-05 time=69.8 ms ok
[141/345] Synthetic seed20000_sample679 dung_direct_knot_2017_adaptation: K=45 MSE=9.438891166857576e-05 time=806.6 ms ok
[141/345] Synthetic seed20000_sample679 kang_sparse_2015_adaptation: K=52 MSE=9.950376895669312e-05 time=1476.2 ms ok
[141/345] Synthetic seed20000_sample679 luo_linf_de_2022_adaptation: K=49 MSE=9.862511482027957e-05 time=5445.3 ms ok
[142/345] Synthetic seed20000_sample314 ours: K=42 MSE=0.00022730058380473982 time=7.8 ms ok
[142/345] Synthetic seed20000_sample314 park_dominant_point_2007_adaptation: K=47 MSE=9.726487367334093e-05 time=71.3 ms ok
[142/345] Synthetic seed20000_sample314 liang_feature_iki_2017_adaptation: K=56 MSE=0.00012081619687831833 time=69.8 ms ok
[142/345] Synthetic seed20000_sample314 dung_direct_knot_2017_adaptation: K=44 MSE=9.817841308232705e-05 time=793.6 ms ok
[142/345] Synthetic seed20000_sample314 kang_sparse_2015_adaptation: K=56 MSE=0.00011908691023687226 time=226.5 ms ok
[142/345] Synthetic seed20000_sample314 luo_linf_de_2022_adaptation: K=56 MSE=0.00011854832507272167 time=2149.4 ms ok
[143/345] Synthetic seed20000_sample3057 ours: K=43 MSE=0.00017376751338542057 time=8.3 ms ok
[143/345] Synthetic seed20000_sample3057 park_dominant_point_2007_adaptation: K=40 MSE=9.657235915377551e-05 time=57.1 ms ok
[143/345] Synthetic seed20000_sample3057 liang_feature_iki_2017_adaptation: K=56 MSE=0.0001019446149733025 time=70.8 ms ok
[143/345] Synthetic seed20000_sample3057 dung_direct_knot_2017_adaptation: K=44 MSE=9.051216351957995e-05 time=816.8 ms ok
[143/345] Synthetic seed20000_sample3057 kang_sparse_2015_adaptation: K=53 MSE=9.95350788585075e-05 time=1475.5 ms ok
[143/345] Synthetic seed20000_sample3057 luo_linf_de_2022_adaptation: K=53 MSE=9.606215931602068e-05 time=4536.7 ms ok
[144/345] Synthetic seed20000_sample393 ours: K=42 MSE=0.00020648421637293264 time=7.8 ms ok
[144/345] Synthetic seed20000_sample393 park_dominant_point_2007_adaptation: K=43 MSE=9.657636864816931e-05 time=63.2 ms ok
[144/345] Synthetic seed20000_sample393 liang_feature_iki_2017_adaptation: K=56 MSE=0.0001113059895216663 time=70.4 ms ok
[144/345] Synthetic seed20000_sample393 dung_direct_knot_2017_adaptation: K=50 MSE=9.005045566657601e-05 time=715.5 ms ok
[144/345] Synthetic seed20000_sample393 kang_sparse_2015_adaptation: K=56 MSE=0.00010720523207108537 time=26.7 ms ok
[144/345] Synthetic seed20000_sample393 luo_linf_de_2022_adaptation: K=56 MSE=0.00010041863758172084 time=2142.6 ms ok
[145/345] Synthetic seed20000_sample2445 ours: K=45 MSE=0.00011893335600803284 time=16.1 ms ok
[145/345] Synthetic seed20000_sample2445 park_dominant_point_2007_adaptation: K=38 MSE=9.863341392454029e-05 time=52.6 ms ok
[145/345] Synthetic seed20000_sample2445 liang_feature_iki_2017_adaptation: K=56 MSE=0.00011256279072082879 time=70.6 ms ok
[145/345] Synthetic seed20000_sample2445 dung_direct_knot_2017_adaptation: K=49 MSE=9.866241987845085e-05 time=726.3 ms ok
[145/345] Synthetic seed20000_sample2445 kang_sparse_2015_adaptation: K=54 MSE=9.075068338034217e-05 time=1275.1 ms ok
[145/345] Synthetic seed20000_sample2445 luo_linf_de_2022_adaptation: K=53 MSE=9.617222501385663e-05 time=7031.2 ms ok
[146/345] Synthetic seed20000_sample2219 ours: K=43 MSE=0.0002178650095706814 time=7.8 ms ok
[146/345] Synthetic seed20000_sample2219 park_dominant_point_2007_adaptation: K=38 MSE=9.916887893441906e-05 time=52.6 ms ok
[146/345] Synthetic seed20000_sample2219 liang_feature_iki_2017_adaptation: K=54 MSE=9.07300113560657e-05 time=67.1 ms ok
[146/345] Synthetic seed20000_sample2219 dung_direct_knot_2017_adaptation: K=47 MSE=9.185097617074997e-05 time=719.3 ms ok
[146/345] Synthetic seed20000_sample2219 kang_sparse_2015_adaptation: K=56 MSE=9.353688105846003e-05 time=1266.2 ms ok
[146/345] Synthetic seed20000_sample2219 luo_linf_de_2022_adaptation: K=51 MSE=9.770874452619727e-05 time=4878.2 ms ok
[147/345] Synthetic seed20000_sample355 ours: K=45 MSE=0.0002287753969152231 time=7.9 ms ok
[147/345] Synthetic seed20000_sample355 park_dominant_point_2007_adaptation: K=44 MSE=9.490570055006703e-05 time=65.4 ms ok
[147/345] Synthetic seed20000_sample355 liang_feature_iki_2017_adaptation: K=56 MSE=0.00013009680733558324 time=69.8 ms ok
[147/345] Synthetic seed20000_sample355 dung_direct_knot_2017_adaptation: K=43 MSE=9.553772968274881e-05 time=796.8 ms ok
[147/345] Synthetic seed20000_sample355 kang_sparse_2015_adaptation: K=56 MSE=0.00011570365032818322 time=224.9 ms ok
[147/345] Synthetic seed20000_sample355 luo_linf_de_2022_adaptation: K=56 MSE=0.00011520708476840017 time=2132.5 ms ok
[148/345] Synthetic seed20000_sample3918 ours: K=45 MSE=0.00011895140423288482 time=7.9 ms ok
[148/345] Synthetic seed20000_sample3918 park_dominant_point_2007_adaptation: K=37 MSE=9.597658899780492e-05 time=50.1 ms ok
[148/345] Synthetic seed20000_sample3918 liang_feature_iki_2017_adaptation: K=54 MSE=9.695857579327325e-05 time=66.6 ms ok
[148/345] Synthetic seed20000_sample3918 dung_direct_knot_2017_adaptation: K=47 MSE=9.551522002864859e-05 time=728.8 ms ok
[148/345] Synthetic seed20000_sample3918 kang_sparse_2015_adaptation: K=56 MSE=0.0001009388061487832 time=233.9 ms ok
[148/345] Synthetic seed20000_sample3918 luo_linf_de_2022_adaptation: K=56 MSE=0.00010054729402177662 time=2140.0 ms ok
[149/345] Synthetic seed20000_sample1511 ours: K=44 MSE=0.00020360600623102527 time=7.8 ms ok
[149/345] Synthetic seed20000_sample1511 park_dominant_point_2007_adaptation: K=39 MSE=9.880841648102297e-05 time=55.1 ms ok
[149/345] Synthetic seed20000_sample1511 liang_feature_iki_2017_adaptation: K=56 MSE=8.952912336474964e-05 time=70.1 ms ok
[149/345] Synthetic seed20000_sample1511 dung_direct_knot_2017_adaptation: K=47 MSE=9.9636808949713e-05 time=772.9 ms ok
[149/345] Synthetic seed20000_sample1511 kang_sparse_2015_adaptation: K=56 MSE=0.00010374514973797532 time=236.0 ms ok
[149/345] Synthetic seed20000_sample1511 luo_linf_de_2022_adaptation: K=56 MSE=0.00010200817210886683 time=2139.3 ms ok
[150/345] Synthetic seed20000_sample2068 ours: K=45 MSE=0.00014638602483411966 time=15.9 ms ok
[150/345] Synthetic seed20000_sample2068 park_dominant_point_2007_adaptation: K=39 MSE=9.741386826759417e-05 time=54.9 ms ok
[150/345] Synthetic seed20000_sample2068 liang_feature_iki_2017_adaptation: K=56 MSE=0.00010157214679637799 time=70.3 ms ok
[150/345] Synthetic seed20000_sample2068 dung_direct_knot_2017_adaptation: K=45 MSE=9.509719332870339e-05 time=790.6 ms ok
[150/345] Synthetic seed20000_sample2068 kang_sparse_2015_adaptation: K=55 MSE=0.00011419363279867203 time=234.7 ms ok
[150/345] Synthetic seed20000_sample2068 luo_linf_de_2022_adaptation: K=56 MSE=0.00010985214688749078 time=2142.8 ms ok
[151/345] Synthetic seed20000_sample911 ours: K=43 MSE=0.0001694076763436068 time=16.1 ms ok
[151/345] Synthetic seed20000_sample911 park_dominant_point_2007_adaptation: K=40 MSE=9.305104346778014e-05 time=57.4 ms ok
[151/345] Synthetic seed20000_sample911 liang_feature_iki_2017_adaptation: K=56 MSE=0.00013399510490088123 time=69.8 ms ok
[151/345] Synthetic seed20000_sample911 dung_direct_knot_2017_adaptation: K=42 MSE=9.674227341445983e-05 time=772.6 ms ok
[151/345] Synthetic seed20000_sample911 kang_sparse_2015_adaptation: K=54 MSE=9.580875040807845e-05 time=1359.2 ms ok
[151/345] Synthetic seed20000_sample911 luo_linf_de_2022_adaptation: K=52 MSE=9.97277521548557e-05 time=5487.8 ms ok
[152/345] Synthetic seed20000_sample2749 ours: K=45 MSE=0.000222310204608711 time=7.9 ms ok
[152/345] Synthetic seed20000_sample2749 park_dominant_point_2007_adaptation: K=39 MSE=9.85142244731583e-05 time=54.4 ms ok
[152/345] Synthetic seed20000_sample2749 liang_feature_iki_2017_adaptation: K=56 MSE=0.00010647501640445904 time=70.1 ms ok
[152/345] Synthetic seed20000_sample2749 dung_direct_knot_2017_adaptation: K=45 MSE=9.657711505327917e-05 time=768.3 ms ok
[152/345] Synthetic seed20000_sample2749 kang_sparse_2015_adaptation: K=56 MSE=0.00010245737177383002 time=238.6 ms ok
[152/345] Synthetic seed20000_sample2749 luo_linf_de_2022_adaptation: K=56 MSE=0.0001030519955511372 time=2135.8 ms ok
[153/345] Synthetic seed20000_sample2690 ours: K=46 MSE=0.00019811078669104576 time=7.9 ms ok
[153/345] Synthetic seed20000_sample2690 park_dominant_point_2007_adaptation: K=43 MSE=9.968175711884526e-05 time=62.7 ms ok
[153/345] Synthetic seed20000_sample2690 liang_feature_iki_2017_adaptation: K=56 MSE=0.00015036454067105795 time=70.1 ms ok
[153/345] Synthetic seed20000_sample2690 dung_direct_knot_2017_adaptation: K=49 MSE=9.51439432094134e-05 time=802.1 ms ok
[153/345] Synthetic seed20000_sample2690 kang_sparse_2015_adaptation: K=56 MSE=0.00013581511782483793 time=410.8 ms ok
[153/345] Synthetic seed20000_sample2690 luo_linf_de_2022_adaptation: K=56 MSE=0.00016623798300878048 time=2145.4 ms ok
[154/345] Synthetic seed20000_sample2963 ours: K=45 MSE=0.00012694690752898126 time=7.9 ms ok
[154/345] Synthetic seed20000_sample2963 park_dominant_point_2007_adaptation: K=39 MSE=9.796596003762042e-05 time=53.5 ms ok
[154/345] Synthetic seed20000_sample2963 liang_feature_iki_2017_adaptation: K=56 MSE=0.00010606199827144604 time=70.0 ms ok
[154/345] Synthetic seed20000_sample2963 dung_direct_knot_2017_adaptation: K=46 MSE=9.44890922817093e-05 time=762.5 ms ok
[154/345] Synthetic seed20000_sample2963 kang_sparse_2015_adaptation: K=55 MSE=9.929124866552544e-05 time=1303.3 ms ok
[154/345] Synthetic seed20000_sample2963 luo_linf_de_2022_adaptation: K=56 MSE=9.641411802158017e-05 time=4394.8 ms ok
[155/345] Synthetic seed20000_sample3528 ours: K=46 MSE=0.00016497057616655093 time=7.9 ms ok
[155/345] Synthetic seed20000_sample3528 park_dominant_point_2007_adaptation: K=38 MSE=9.597571896904303e-05 time=52.4 ms ok
[155/345] Synthetic seed20000_sample3528 liang_feature_iki_2017_adaptation: K=56 MSE=0.00010778632244384533 time=69.9 ms ok
[155/345] Synthetic seed20000_sample3528 dung_direct_knot_2017_adaptation: K=44 MSE=9.484617512450914e-05 time=748.4 ms ok
[155/345] Synthetic seed20000_sample3528 kang_sparse_2015_adaptation: K=48 MSE=9.925444537930225e-05 time=1638.5 ms ok
[155/345] Synthetic seed20000_sample3528 luo_linf_de_2022_adaptation: K=55 MSE=9.796818248075873e-05 time=5095.5 ms ok
[156/345] Synthetic seed20000_sample1958 ours: K=45 MSE=0.0002571029349870035 time=16.1 ms ok
[156/345] Synthetic seed20000_sample1958 park_dominant_point_2007_adaptation: K=48 MSE=9.825343008767731e-05 time=73.3 ms ok
[156/345] Synthetic seed20000_sample1958 liang_feature_iki_2017_adaptation: K=56 MSE=0.00014620280546104439 time=69.9 ms ok
[156/345] Synthetic seed20000_sample1958 dung_direct_knot_2017_adaptation: K=52 MSE=9.76512395474564e-05 time=809.3 ms ok
[156/345] Synthetic seed20000_sample1958 kang_sparse_2015_adaptation: K=56 MSE=0.00013921566516213635 time=110.9 ms ok
[156/345] Synthetic seed20000_sample1958 luo_linf_de_2022_adaptation: K=56 MSE=0.00013381799265596727 time=2144.1 ms ok
[157/345] Synthetic seed20000_sample1117 ours: K=45 MSE=0.00030383765476694243 time=7.9 ms ok
[157/345] Synthetic seed20000_sample1117 park_dominant_point_2007_adaptation: K=47 MSE=9.63473751313605e-05 time=70.5 ms ok
[157/345] Synthetic seed20000_sample1117 liang_feature_iki_2017_adaptation: K=56 MSE=0.00020416166167909564 time=70.4 ms ok
[157/345] Synthetic seed20000_sample1117 dung_direct_knot_2017_adaptation: K=55 MSE=9.532633303701371e-05 time=827.0 ms ok
[157/345] Synthetic seed20000_sample1117 kang_sparse_2015_adaptation: K=56 MSE=0.00014417055826099936 time=34.1 ms ok
[157/345] Synthetic seed20000_sample1117 luo_linf_de_2022_adaptation: K=56 MSE=0.00013681758634559246 time=2136.8 ms ok
[158/345] Synthetic seed20000_sample852 ours: K=46 MSE=0.00021797408834360696 time=7.9 ms ok
[158/345] Synthetic seed20000_sample852 park_dominant_point_2007_adaptation: K=42 MSE=9.612670846296177e-05 time=60.0 ms ok
[158/345] Synthetic seed20000_sample852 liang_feature_iki_2017_adaptation: K=54 MSE=9.927450113541435e-05 time=67.3 ms ok
[158/345] Synthetic seed20000_sample852 dung_direct_knot_2017_adaptation: K=50 MSE=9.858352651507527e-05 time=809.5 ms ok
[158/345] Synthetic seed20000_sample852 kang_sparse_2015_adaptation: K=54 MSE=9.957605509287155e-05 time=1335.7 ms ok
[158/345] Synthetic seed20000_sample852 luo_linf_de_2022_adaptation: K=51 MSE=9.936902037307386e-05 time=5467.5 ms ok
[159/345] Synthetic seed20000_sample1297 ours: K=47 MSE=0.00020113112227278086 time=8.0 ms ok
[159/345] Synthetic seed20000_sample1297 park_dominant_point_2007_adaptation: K=39 MSE=9.412461525805728e-05 time=54.0 ms ok
[159/345] Synthetic seed20000_sample1297 liang_feature_iki_2017_adaptation: K=53 MSE=9.82559348547406e-05 time=65.8 ms ok
[159/345] Synthetic seed20000_sample1297 dung_direct_knot_2017_adaptation: K=49 MSE=9.614677098487385e-05 time=771.3 ms ok
[159/345] Synthetic seed20000_sample1297 kang_sparse_2015_adaptation: K=56 MSE=0.00011903172822178922 time=25.4 ms ok
[159/345] Synthetic seed20000_sample1297 luo_linf_de_2022_adaptation: K=56 MSE=0.00011840186160092264 time=2134.7 ms ok
[160/345] Synthetic seed20000_sample3599 ours: K=45 MSE=0.0002246947394850564 time=7.9 ms ok
[160/345] Synthetic seed20000_sample3599 park_dominant_point_2007_adaptation: K=46 MSE=9.864957509454638e-05 time=69.2 ms ok
[160/345] Synthetic seed20000_sample3599 liang_feature_iki_2017_adaptation: K=56 MSE=0.00017293080297428655 time=70.0 ms ok
[160/345] Synthetic seed20000_sample3599 dung_direct_knot_2017_adaptation: K=44 MSE=9.558597693362003e-05 time=699.6 ms ok
[160/345] Synthetic seed20000_sample3599 kang_sparse_2015_adaptation: K=55 MSE=0.00013389013836125126 time=225.3 ms ok
[160/345] Synthetic seed20000_sample3599 luo_linf_de_2022_adaptation: K=56 MSE=0.00011955715599395615 time=2134.9 ms ok
[161/345] Synthetic seed20000_sample2283 ours: K=46 MSE=0.0002616597406397552 time=7.9 ms ok
[161/345] Synthetic seed20000_sample2283 park_dominant_point_2007_adaptation: K=40 MSE=9.451326929982533e-05 time=55.9 ms ok
[161/345] Synthetic seed20000_sample2283 liang_feature_iki_2017_adaptation: K=56 MSE=0.0001294657811785077 time=70.4 ms ok
[161/345] Synthetic seed20000_sample2283 dung_direct_knot_2017_adaptation: K=51 MSE=9.849025773576226e-05 time=788.3 ms ok
[161/345] Synthetic seed20000_sample2283 kang_sparse_2015_adaptation: K=55 MSE=9.640731360511692e-05 time=1270.5 ms ok
[161/345] Synthetic seed20000_sample2283 luo_linf_de_2022_adaptation: K=54 MSE=9.482344904684166e-05 time=5046.5 ms ok
[162/345] Synthetic seed20000_sample2922 ours: K=45 MSE=0.00031782197377344906 time=16.2 ms ok
[162/345] Synthetic seed20000_sample2922 park_dominant_point_2007_adaptation: K=43 MSE=9.877039528977662e-05 time=62.0 ms ok
[162/345] Synthetic seed20000_sample2922 liang_feature_iki_2017_adaptation: K=55 MSE=9.507221026215918e-05 time=69.1 ms ok
[162/345] Synthetic seed20000_sample2922 dung_direct_knot_2017_adaptation: K=51 MSE=9.825484076284903e-05 time=816.3 ms ok
[162/345] Synthetic seed20000_sample2922 kang_sparse_2015_adaptation: K=56 MSE=0.00014217536881104583 time=41.6 ms ok
[162/345] Synthetic seed20000_sample2922 luo_linf_de_2022_adaptation: K=56 MSE=0.0001314898716850665 time=2144.9 ms ok
[163/345] Synthetic seed20000_sample2350 ours: K=46 MSE=0.00029766418440914204 time=16.1 ms ok
[163/345] Synthetic seed20000_sample2350 park_dominant_point_2007_adaptation: K=41 MSE=9.962672497951164e-05 time=57.4 ms ok
[163/345] Synthetic seed20000_sample2350 liang_feature_iki_2017_adaptation: K=56 MSE=0.00010052126207831862 time=70.5 ms ok
[163/345] Synthetic seed20000_sample2350 dung_direct_knot_2017_adaptation: K=53 MSE=9.17176829496998e-05 time=765.0 ms ok
[163/345] Synthetic seed20000_sample2350 kang_sparse_2015_adaptation: K=56 MSE=0.00012097479799857322 time=46.0 ms ok
[163/345] Synthetic seed20000_sample2350 luo_linf_de_2022_adaptation: K=56 MSE=0.0001208131249866992 time=2143.0 ms ok
[164/345] Synthetic seed20000_sample2793 ours: K=46 MSE=0.00022030340183726958 time=7.9 ms ok
[164/345] Synthetic seed20000_sample2793 park_dominant_point_2007_adaptation: K=40 MSE=9.507766613194386e-05 time=55.2 ms ok
[164/345] Synthetic seed20000_sample2793 liang_feature_iki_2017_adaptation: K=56 MSE=0.0001546911302765532 time=69.9 ms ok
[164/345] Synthetic seed20000_sample2793 dung_direct_knot_2017_adaptation: K=52 MSE=9.581905634226466e-05 time=811.1 ms ok
[164/345] Synthetic seed20000_sample2793 kang_sparse_2015_adaptation: K=54 MSE=9.988809379222536e-05 time=1330.9 ms ok
[164/345] Synthetic seed20000_sample2793 luo_linf_de_2022_adaptation: K=53 MSE=9.975883653757845e-05 time=5472.7 ms ok
[165/345] Synthetic seed20000_sample461 ours: K=47 MSE=0.00023116202754777955 time=8.1 ms ok
[165/345] Synthetic seed20000_sample461 park_dominant_point_2007_adaptation: K=41 MSE=9.54699042393386e-05 time=57.8 ms ok
[165/345] Synthetic seed20000_sample461 liang_feature_iki_2017_adaptation: K=56 MSE=0.000149179979802028 time=70.6 ms ok
[165/345] Synthetic seed20000_sample461 dung_direct_knot_2017_adaptation: K=56 MSE=9.593219975285169e-05 time=805.1 ms ok
[165/345] Synthetic seed20000_sample461 kang_sparse_2015_adaptation: K=52 MSE=9.358834978938906e-05 time=1267.5 ms ok
[165/345] Synthetic seed20000_sample461 luo_linf_de_2022_adaptation: K=55 MSE=9.870204639944064e-05 time=4326.9 ms ok
[166/345] Synthetic seed20000_sample868 ours: K=45 MSE=0.0002083149918111787 time=7.8 ms ok
[166/345] Synthetic seed20000_sample868 park_dominant_point_2007_adaptation: K=41 MSE=8.869524448928627e-05 time=57.3 ms ok
[166/345] Synthetic seed20000_sample868 liang_feature_iki_2017_adaptation: K=56 MSE=0.00017723106364971107 time=70.5 ms ok
[166/345] Synthetic seed20000_sample868 dung_direct_knot_2017_adaptation: K=48 MSE=9.599859979291252e-05 time=861.9 ms ok
[166/345] Synthetic seed20000_sample868 kang_sparse_2015_adaptation: K=56 MSE=0.00010377124837737949 time=42.6 ms ok
[166/345] Synthetic seed20000_sample868 luo_linf_de_2022_adaptation: K=56 MSE=0.00010377124837737949 time=2134.5 ms ok
[167/345] Synthetic seed20000_sample1667 ours: K=47 MSE=0.0003047037064579397 time=7.9 ms ok
[167/345] Synthetic seed20000_sample1667 park_dominant_point_2007_adaptation: K=44 MSE=9.863384526498451e-05 time=63.7 ms ok
[167/345] Synthetic seed20000_sample1667 liang_feature_iki_2017_adaptation: K=56 MSE=0.00013028836400333217 time=70.6 ms ok
[167/345] Synthetic seed20000_sample1667 dung_direct_knot_2017_adaptation: K=49 MSE=9.981926807924229e-05 time=838.2 ms ok
[167/345] Synthetic seed20000_sample1667 kang_sparse_2015_adaptation: K=56 MSE=0.0001414399268494538 time=25.2 ms ok
[167/345] Synthetic seed20000_sample1667 luo_linf_de_2022_adaptation: K=56 MSE=0.00013671965606008526 time=2151.3 ms ok
[168/345] Synthetic seed20000_sample2449 ours: K=46 MSE=0.00024639176811426126 time=15.9 ms ok
[168/345] Synthetic seed20000_sample2449 park_dominant_point_2007_adaptation: K=40 MSE=8.598918657861563e-05 time=55.2 ms ok
[168/345] Synthetic seed20000_sample2449 liang_feature_iki_2017_adaptation: K=56 MSE=0.00025986005096325054 time=69.9 ms ok
[168/345] Synthetic seed20000_sample2449 dung_direct_knot_2017_adaptation: K=50 MSE=9.804018913122345e-05 time=915.5 ms ok
[168/345] Synthetic seed20000_sample2449 kang_sparse_2015_adaptation: K=56 MSE=0.0001467513833909469 time=235.5 ms ok
[168/345] Synthetic seed20000_sample2449 luo_linf_de_2022_adaptation: K=56 MSE=0.0001454543294938189 time=2138.7 ms ok
[169/345] Synthetic seed20000_sample3589 ours: K=46 MSE=0.00029690232370679627 time=16.1 ms ok
[169/345] Synthetic seed20000_sample3589 park_dominant_point_2007_adaptation: K=47 MSE=9.737846843634679e-05 time=71.0 ms ok
[169/345] Synthetic seed20000_sample3589 liang_feature_iki_2017_adaptation: K=56 MSE=0.00017112071051690364 time=70.5 ms ok
[169/345] Synthetic seed20000_sample3589 dung_direct_knot_2017_adaptation: K=53 MSE=9.477887848829889e-05 time=882.3 ms ok
[169/345] Synthetic seed20000_sample3589 kang_sparse_2015_adaptation: K=56 MSE=0.0001265088848867288 time=25.5 ms ok
[169/345] Synthetic seed20000_sample3589 luo_linf_de_2022_adaptation: K=56 MSE=0.0001265088848867288 time=2137.8 ms ok
[170/345] Synthetic seed20000_sample1535 ours: K=47 MSE=0.00037728524766021584 time=7.9 ms ok
[170/345] Synthetic seed20000_sample1535 park_dominant_point_2007_adaptation: K=41 MSE=9.912361415339541e-05 time=57.4 ms ok
[170/345] Synthetic seed20000_sample1535 liang_feature_iki_2017_adaptation: K=56 MSE=0.00021119650310523586 time=69.9 ms ok
[170/345] Synthetic seed20000_sample1535 dung_direct_knot_2017_adaptation: K=55 MSE=9.78730874252715e-05 time=828.4 ms ok
[170/345] Synthetic seed20000_sample1535 kang_sparse_2015_adaptation: K=56 MSE=0.00015547233631714222 time=225.9 ms ok
[170/345] Synthetic seed20000_sample1535 luo_linf_de_2022_adaptation: K=56 MSE=0.0001515678876361703 time=2135.7 ms ok
[171/345] Synthetic seed20000_sample1786 ours: K=47 MSE=0.00022764620970187855 time=8.0 ms ok
[171/345] Synthetic seed20000_sample1786 park_dominant_point_2007_adaptation: K=42 MSE=9.853955147503815e-05 time=58.5 ms ok
[171/345] Synthetic seed20000_sample1786 liang_feature_iki_2017_adaptation: K=56 MSE=0.00018152101322720094 time=70.0 ms ok
[171/345] Synthetic seed20000_sample1786 dung_direct_knot_2017_adaptation: K=46 MSE=9.666433812821672e-05 time=826.6 ms ok
[171/345] Synthetic seed20000_sample1786 kang_sparse_2015_adaptation: K=56 MSE=0.00012579845397324654 time=236.3 ms ok
[171/345] Synthetic seed20000_sample1786 luo_linf_de_2022_adaptation: K=56 MSE=0.00012561598463310471 time=2126.2 ms ok
[172/345] Synthetic seed20000_sample2548 ours: K=48 MSE=0.00025467368348973006 time=8.0 ms ok
[172/345] Synthetic seed20000_sample2548 park_dominant_point_2007_adaptation: K=40 MSE=9.736734316697032e-05 time=54.9 ms ok
[172/345] Synthetic seed20000_sample2548 liang_feature_iki_2017_adaptation: K=56 MSE=0.00020508322634591966 time=70.0 ms ok
[172/345] Synthetic seed20000_sample2548 dung_direct_knot_2017_adaptation: K=51 MSE=9.327463657032034e-05 time=837.3 ms ok
[172/345] Synthetic seed20000_sample2548 kang_sparse_2015_adaptation: K=56 MSE=0.00018396759008635312 time=227.3 ms ok
[172/345] Synthetic seed20000_sample2548 luo_linf_de_2022_adaptation: K=56 MSE=0.00017772729957268253 time=2131.6 ms ok
[173/345] Synthetic seed20000_sample1614 ours: K=48 MSE=0.00025736591873527906 time=8.0 ms ok
[173/345] Synthetic seed20000_sample1614 park_dominant_point_2007_adaptation: K=47 MSE=9.951053131184387e-05 time=70.2 ms ok
[173/345] Synthetic seed20000_sample1614 liang_feature_iki_2017_adaptation: K=56 MSE=0.00017424134070475423 time=70.4 ms ok
[173/345] Synthetic seed20000_sample1614 dung_direct_knot_2017_adaptation: K=55 MSE=9.360219350963392e-05 time=846.5 ms ok
[173/345] Synthetic seed20000_sample1614 kang_sparse_2015_adaptation: K=56 MSE=0.00014368495056294532 time=34.4 ms ok
[173/345] Synthetic seed20000_sample1614 luo_linf_de_2022_adaptation: K=56 MSE=0.00014293917053832296 time=2135.1 ms ok
[174/345] Synthetic seed20000_sample2727 ours: K=47 MSE=0.00032306340920537554 time=8.1 ms ok
[174/345] Synthetic seed20000_sample2727 park_dominant_point_2007_adaptation: K=44 MSE=9.397784832956535e-05 time=63.3 ms ok
[174/345] Synthetic seed20000_sample2727 liang_feature_iki_2017_adaptation: K=56 MSE=0.00014812154340058438 time=70.5 ms ok
[174/345] Synthetic seed20000_sample2727 dung_direct_knot_2017_adaptation: K=56 MSE=9.709389734685767e-05 time=863.4 ms ok
[174/345] Synthetic seed20000_sample2727 kang_sparse_2015_adaptation: K=56 MSE=0.00014402610186647186 time=25.3 ms ok
[174/345] Synthetic seed20000_sample2727 luo_linf_de_2022_adaptation: K=56 MSE=0.00014293965467957064 time=2131.9 ms ok
[175/345] Synthetic seed20000_sample692 ours: K=47 MSE=0.0004609740107647589 time=8.0 ms ok
[175/345] Synthetic seed20000_sample692 park_dominant_point_2007_adaptation: K=49 MSE=9.908744736524296e-05 time=75.2 ms ok
[175/345] Synthetic seed20000_sample692 liang_feature_iki_2017_adaptation: K=56 MSE=0.00016097684595099332 time=69.7 ms ok
[175/345] Synthetic seed20000_sample692 dung_direct_knot_2017_adaptation: K=56 MSE=0.0001021411564695458 time=839.1 ms ok
[175/345] Synthetic seed20000_sample692 kang_sparse_2015_adaptation: K=56 MSE=0.00022330769412489367 time=235.2 ms ok
[175/345] Synthetic seed20000_sample692 luo_linf_de_2022_adaptation: K=56 MSE=0.00019726086789206105 time=2141.5 ms ok
[176/345] Synthetic seed20000_sample3362 ours: K=48 MSE=0.0002885606901800138 time=16.4 ms ok
[176/345] Synthetic seed20000_sample3362 park_dominant_point_2007_adaptation: K=46 MSE=9.845871615915302e-05 time=67.1 ms ok
[176/345] Synthetic seed20000_sample3362 liang_feature_iki_2017_adaptation: K=56 MSE=0.0001771001956846312 time=69.8 ms ok
[176/345] Synthetic seed20000_sample3362 dung_direct_knot_2017_adaptation: K=56 MSE=9.611642604383773e-05 time=851.5 ms ok
[176/345] Synthetic seed20000_sample3362 kang_sparse_2015_adaptation: K=56 MSE=0.00016951506455445834 time=250.4 ms ok
[176/345] Synthetic seed20000_sample3362 luo_linf_de_2022_adaptation: K=56 MSE=0.0001685680057080124 time=2141.6 ms ok
[177/345] Synthetic seed20000_sample2582 ours: K=48 MSE=0.0005617178505511102 time=16.3 ms ok
[177/345] Synthetic seed20000_sample2582 park_dominant_point_2007_adaptation: K=45 MSE=9.463028331207207e-05 time=65.5 ms ok
[177/345] Synthetic seed20000_sample2582 liang_feature_iki_2017_adaptation: K=56 MSE=0.0002316001231560448 time=70.0 ms ok
[177/345] Synthetic seed20000_sample2582 dung_direct_knot_2017_adaptation: K=53 MSE=9.323383251675044e-05 time=888.4 ms ok
[177/345] Synthetic seed20000_sample2582 kang_sparse_2015_adaptation: K=56 MSE=0.00016315447107699362 time=64.1 ms ok
[177/345] Synthetic seed20000_sample2582 luo_linf_de_2022_adaptation: K=56 MSE=0.00014956160892570905 time=2142.7 ms ok
[178/345] Synthetic seed20000_sample3230 ours: K=47 MSE=0.00029857038639069994 time=16.1 ms ok
[178/345] Synthetic seed20000_sample3230 park_dominant_point_2007_adaptation: K=47 MSE=9.64174167399896e-05 time=69.6 ms ok
[178/345] Synthetic seed20000_sample3230 liang_feature_iki_2017_adaptation: K=56 MSE=0.00019495463687153915 time=70.5 ms ok
[178/345] Synthetic seed20000_sample3230 dung_direct_knot_2017_adaptation: K=56 MSE=0.00011278779736736223 time=895.2 ms ok
[178/345] Synthetic seed20000_sample3230 kang_sparse_2015_adaptation: K=56 MSE=0.00026644905229982006 time=30.0 ms ok
[178/345] Synthetic seed20000_sample3230 luo_linf_de_2022_adaptation: K=56 MSE=0.00026357611708546324 time=2143.1 ms ok
[179/345] Synthetic seed20000_sample1275 ours: K=47 MSE=0.00024527499698457055 time=16.2 ms ok
[179/345] Synthetic seed20000_sample1275 park_dominant_point_2007_adaptation: K=43 MSE=9.900735299189167e-05 time=61.3 ms ok
[179/345] Synthetic seed20000_sample1275 liang_feature_iki_2017_adaptation: K=56 MSE=0.00017007433857104575 time=69.9 ms ok
[179/345] Synthetic seed20000_sample1275 dung_direct_knot_2017_adaptation: K=56 MSE=0.00010348085999510945 time=851.2 ms ok
[179/345] Synthetic seed20000_sample1275 kang_sparse_2015_adaptation: K=56 MSE=0.0001756535503588518 time=132.1 ms ok
[179/345] Synthetic seed20000_sample1275 luo_linf_de_2022_adaptation: K=56 MSE=0.000174424110389992 time=2139.6 ms ok
[180/345] Synthetic seed20000_sample1749 ours: K=46 MSE=0.0005624244318016829 time=7.9 ms ok
[180/345] Synthetic seed20000_sample1749 park_dominant_point_2007_adaptation: K=44 MSE=9.953250577335623e-05 time=63.7 ms ok
[180/345] Synthetic seed20000_sample1749 liang_feature_iki_2017_adaptation: K=56 MSE=0.0001884894300867981 time=70.1 ms ok
[180/345] Synthetic seed20000_sample1749 dung_direct_knot_2017_adaptation: K=56 MSE=9.990594219278771e-05 time=900.5 ms ok
[180/345] Synthetic seed20000_sample1749 kang_sparse_2015_adaptation: K=56 MSE=0.00015813958363740168 time=401.4 ms ok
[180/345] Synthetic seed20000_sample1749 luo_linf_de_2022_adaptation: K=56 MSE=0.00017372955917800627 time=2143.0 ms ok
[181/345] Synthetic seed20000_sample176 ours: K=47 MSE=0.0003766950394684067 time=7.9 ms ok
[181/345] Synthetic seed20000_sample176 park_dominant_point_2007_adaptation: K=47 MSE=9.590384599879917e-05 time=69.6 ms ok
[181/345] Synthetic seed20000_sample176 liang_feature_iki_2017_adaptation: K=56 MSE=0.000382121456765531 time=70.6 ms ok
[181/345] Synthetic seed20000_sample176 dung_direct_knot_2017_adaptation: K=56 MSE=0.00010692949720328914 time=887.8 ms ok
[181/345] Synthetic seed20000_sample176 kang_sparse_2015_adaptation: K=56 MSE=0.000290390655897004 time=34.5 ms ok
[181/345] Synthetic seed20000_sample176 luo_linf_de_2022_adaptation: K=56 MSE=0.0002450514920636446 time=2139.9 ms ok
[182/345] Synthetic seed20000_sample3031 ours: K=48 MSE=0.000604694557327892 time=7.9 ms ok
[182/345] Synthetic seed20000_sample3031 park_dominant_point_2007_adaptation: K=43 MSE=9.709741705233285e-05 time=60.5 ms ok
[182/345] Synthetic seed20000_sample3031 liang_feature_iki_2017_adaptation: K=56 MSE=0.00013897392770553343 time=70.4 ms ok
[182/345] Synthetic seed20000_sample3031 dung_direct_knot_2017_adaptation: K=54 MSE=9.254341522753161e-05 time=913.8 ms ok
[182/345] Synthetic seed20000_sample3031 kang_sparse_2015_adaptation: K=56 MSE=0.0002155792875165672 time=309.0 ms ok
[182/345] Synthetic seed20000_sample3031 luo_linf_de_2022_adaptation: K=56 MSE=0.0002155792875165673 time=2144.7 ms ok
[183/345] Synthetic seed20000_sample2821 ours: K=48 MSE=0.0004895470155208747 time=8.0 ms ok
[183/345] Synthetic seed20000_sample2821 park_dominant_point_2007_adaptation: K=45 MSE=9.629739206998462e-05 time=65.2 ms ok
[183/345] Synthetic seed20000_sample2821 liang_feature_iki_2017_adaptation: K=56 MSE=0.00020316392324552283 time=70.1 ms ok
[183/345] Synthetic seed20000_sample2821 dung_direct_knot_2017_adaptation: K=54 MSE=9.838161030456832e-05 time=891.3 ms ok
[183/345] Synthetic seed20000_sample2821 kang_sparse_2015_adaptation: K=56 MSE=0.00017601691612311867 time=228.5 ms ok
[183/345] Synthetic seed20000_sample2821 luo_linf_de_2022_adaptation: K=56 MSE=0.0001775223183734517 time=2134.5 ms ok
[184/345] Synthetic seed20000_sample3076 ours: K=49 MSE=0.00033071482008432057 time=8.0 ms ok
[184/345] Synthetic seed20000_sample3076 park_dominant_point_2007_adaptation: K=48 MSE=9.881134350387755e-05 time=72.0 ms ok
[184/345] Synthetic seed20000_sample3076 liang_feature_iki_2017_adaptation: K=56 MSE=0.0003838483450612331 time=69.9 ms ok
[184/345] Synthetic seed20000_sample3076 dung_direct_knot_2017_adaptation: K=56 MSE=0.00012302079407960418 time=913.7 ms ok
[184/345] Synthetic seed20000_sample3076 kang_sparse_2015_adaptation: K=56 MSE=0.00016767071136590309 time=64.1 ms ok
[184/345] Synthetic seed20000_sample3076 luo_linf_de_2022_adaptation: K=56 MSE=0.00016216259341295656 time=2134.6 ms ok
[185/345] Synthetic seed20000_sample3603 ours: K=48 MSE=0.0005382583099460065 time=8.0 ms ok
[185/345] Synthetic seed20000_sample3603 park_dominant_point_2007_adaptation: K=44 MSE=9.983519205839094e-05 time=62.9 ms ok
[185/345] Synthetic seed20000_sample3603 liang_feature_iki_2017_adaptation: K=56 MSE=0.0001641026910580429 time=70.3 ms ok
[185/345] Synthetic seed20000_sample3603 dung_direct_knot_2017_adaptation: K=56 MSE=0.00012549681213751848 time=869.4 ms ok
[185/345] Synthetic seed20000_sample3603 kang_sparse_2015_adaptation: K=56 MSE=0.00024149259907186977 time=34.2 ms ok
[185/345] Synthetic seed20000_sample3603 luo_linf_de_2022_adaptation: K=56 MSE=0.00024142419481191962 time=2134.7 ms ok
[186/345] Synthetic seed20000_sample3954 ours: K=49 MSE=0.00026543188633294985 time=8.1 ms ok
[186/345] Synthetic seed20000_sample3954 park_dominant_point_2007_adaptation: K=50 MSE=9.810342775699815e-05 time=76.4 ms ok
[186/345] Synthetic seed20000_sample3954 liang_feature_iki_2017_adaptation: K=56 MSE=0.0003783495856014812 time=70.8 ms ok
[186/345] Synthetic seed20000_sample3954 dung_direct_knot_2017_adaptation: K=56 MSE=0.00013331092724553774 time=914.6 ms ok
[186/345] Synthetic seed20000_sample3954 kang_sparse_2015_adaptation: K=56 MSE=0.0002649522235502494 time=29.8 ms ok
[186/345] Synthetic seed20000_sample3954 luo_linf_de_2022_adaptation: K=56 MSE=0.0002505339488128408 time=2138.1 ms ok
[187/345] Synthetic seed20000_sample4053 ours: K=49 MSE=0.0007707574869366315 time=8.0 ms ok
[187/345] Synthetic seed20000_sample4053 park_dominant_point_2007_adaptation: K=48 MSE=9.810392452530482e-05 time=71.2 ms ok
[187/345] Synthetic seed20000_sample4053 liang_feature_iki_2017_adaptation: K=56 MSE=0.00024791076271203394 time=70.7 ms ok
[187/345] Synthetic seed20000_sample4053 dung_direct_knot_2017_adaptation: K=56 MSE=0.00011950848000244969 time=901.4 ms ok
[187/345] Synthetic seed20000_sample4053 kang_sparse_2015_adaptation: K=56 MSE=0.0003111538094896058 time=37.2 ms ok
[187/345] Synthetic seed20000_sample4053 luo_linf_de_2022_adaptation: K=56 MSE=0.0003111538094896058 time=2143.4 ms ok
[188/345] Synthetic seed20000_sample3694 ours: K=49 MSE=0.0006854368779926297 time=8.0 ms ok
[188/345] Synthetic seed20000_sample3694 park_dominant_point_2007_adaptation: K=46 MSE=9.394022704036685e-05 time=67.0 ms ok
[188/345] Synthetic seed20000_sample3694 liang_feature_iki_2017_adaptation: K=56 MSE=0.0002025331945788069 time=70.0 ms ok
[188/345] Synthetic seed20000_sample3694 dung_direct_knot_2017_adaptation: K=55 MSE=9.916545241201427e-05 time=916.2 ms ok
[188/345] Synthetic seed20000_sample3694 kang_sparse_2015_adaptation: K=56 MSE=0.00015505900445946953 time=46.6 ms ok
[188/345] Synthetic seed20000_sample3694 luo_linf_de_2022_adaptation: K=56 MSE=0.0001527212295910137 time=2138.9 ms ok
[189/345] Synthetic seed20000_sample2462 ours: K=48 MSE=0.0005919553460286192 time=8.0 ms ok
[189/345] Synthetic seed20000_sample2462 park_dominant_point_2007_adaptation: K=50 MSE=9.520350716650374e-05 time=76.7 ms ok
[189/345] Synthetic seed20000_sample2462 liang_feature_iki_2017_adaptation: K=56 MSE=0.00015447803060032085 time=70.6 ms ok
[189/345] Synthetic seed20000_sample2462 dung_direct_knot_2017_adaptation: K=55 MSE=9.691310470010338e-05 time=844.4 ms ok
[189/345] Synthetic seed20000_sample2462 kang_sparse_2015_adaptation: K=56 MSE=0.0003208570953505861 time=25.7 ms ok
[189/345] Synthetic seed20000_sample2462 luo_linf_de_2022_adaptation: K=55 MSE=0.00032075698798103553 time=2140.6 ms ok
[190/345] Synthetic seed20000_sample3146 ours: K=49 MSE=0.0003375819030908343 time=8.0 ms ok
[190/345] Synthetic seed20000_sample3146 park_dominant_point_2007_adaptation: K=55 MSE=9.59668781832104e-05 time=88.2 ms ok
[190/345] Synthetic seed20000_sample3146 liang_feature_iki_2017_adaptation: K=56 MSE=0.00023209232391472646 time=70.8 ms ok
[190/345] Synthetic seed20000_sample3146 dung_direct_knot_2017_adaptation: K=56 MSE=0.00010308322915758538 time=908.5 ms ok
[190/345] Synthetic seed20000_sample3146 kang_sparse_2015_adaptation: K=56 MSE=0.0003765667494075016 time=26.5 ms ok
[190/345] Synthetic seed20000_sample3146 luo_linf_de_2022_adaptation: K=56 MSE=0.0003322549643002353 time=2144.8 ms ok
[191/345] Synthetic seed20000_sample2706 ours: K=47 MSE=0.0008449089276812283 time=7.9 ms ok
[191/345] Synthetic seed20000_sample2706 park_dominant_point_2007_adaptation: K=47 MSE=9.97688317944519e-05 time=68.1 ms ok
[191/345] Synthetic seed20000_sample2706 liang_feature_iki_2017_adaptation: K=56 MSE=0.0002440729387214924 time=70.4 ms ok
[191/345] Synthetic seed20000_sample2706 dung_direct_knot_2017_adaptation: K=56 MSE=8.998625940928315e-05 time=938.9 ms ok
[191/345] Synthetic seed20000_sample2706 kang_sparse_2015_adaptation: K=56 MSE=0.0002480090169434522 time=29.0 ms ok
[191/345] Synthetic seed20000_sample2706 luo_linf_de_2022_adaptation: K=56 MSE=0.00024769762407579106 time=2139.1 ms ok
[192/345] Synthetic seed20000_sample2143 ours: K=49 MSE=0.0007732519455683658 time=7.9 ms ok
[192/345] Synthetic seed20000_sample2143 park_dominant_point_2007_adaptation: K=49 MSE=9.830499123868336e-05 time=73.6 ms ok
[192/345] Synthetic seed20000_sample2143 liang_feature_iki_2017_adaptation: K=56 MSE=0.0002602486725992336 time=70.4 ms ok
[192/345] Synthetic seed20000_sample2143 dung_direct_knot_2017_adaptation: K=56 MSE=0.0001225139157600274 time=887.4 ms ok
[192/345] Synthetic seed20000_sample2143 kang_sparse_2015_adaptation: K=56 MSE=0.00020455441684786492 time=34.3 ms ok
[192/345] Synthetic seed20000_sample2143 luo_linf_de_2022_adaptation: K=56 MSE=0.00020248146340442073 time=2135.6 ms ok
[193/345] Synthetic seed20000_sample98 ours: K=49 MSE=0.0006572337101093374 time=8.0 ms ok
[193/345] Synthetic seed20000_sample98 park_dominant_point_2007_adaptation: K=48 MSE=9.450759586494387e-05 time=71.3 ms ok
[193/345] Synthetic seed20000_sample98 liang_feature_iki_2017_adaptation: K=56 MSE=0.0002869986886573666 time=69.9 ms ok
[193/345] Synthetic seed20000_sample98 dung_direct_knot_2017_adaptation: K=56 MSE=0.00010200283290678697 time=945.5 ms ok
[193/345] Synthetic seed20000_sample98 kang_sparse_2015_adaptation: K=56 MSE=0.00017806845614678078 time=226.8 ms ok
[193/345] Synthetic seed20000_sample98 luo_linf_de_2022_adaptation: K=56 MSE=0.0001780684561467807 time=2134.7 ms ok
[194/345] Synthetic seed20000_sample661 ours: K=50 MSE=0.00042605133607381194 time=7.9 ms ok
[194/345] Synthetic seed20000_sample661 park_dominant_point_2007_adaptation: K=47 MSE=9.913352462090871e-05 time=68.4 ms ok
[194/345] Synthetic seed20000_sample661 liang_feature_iki_2017_adaptation: K=56 MSE=0.00023879908587563675 time=70.4 ms ok
[194/345] Synthetic seed20000_sample661 dung_direct_knot_2017_adaptation: K=56 MSE=0.00014293519641398982 time=861.3 ms ok
[194/345] Synthetic seed20000_sample661 kang_sparse_2015_adaptation: K=56 MSE=0.00023636175107491142 time=24.5 ms ok
[194/345] Synthetic seed20000_sample661 luo_linf_de_2022_adaptation: K=56 MSE=0.0002211396686390745 time=2132.7 ms ok
[195/345] Synthetic seed20000_sample3632 ours: K=50 MSE=0.0003109110797381226 time=7.9 ms ok
[195/345] Synthetic seed20000_sample3632 park_dominant_point_2007_adaptation: K=44 MSE=9.806578621428372e-05 time=62.0 ms ok
[195/345] Synthetic seed20000_sample3632 liang_feature_iki_2017_adaptation: K=56 MSE=0.0004126289288752126 time=70.0 ms ok
[195/345] Synthetic seed20000_sample3632 dung_direct_knot_2017_adaptation: K=56 MSE=0.00013726274990675185 time=880.9 ms ok
[195/345] Synthetic seed20000_sample3632 kang_sparse_2015_adaptation: K=56 MSE=0.00019590602260402228 time=357.5 ms ok
[195/345] Synthetic seed20000_sample3632 luo_linf_de_2022_adaptation: K=56 MSE=0.00021800803175386495 time=2144.2 ms ok
[196/345] Synthetic seed20000_sample1567 ours: K=48 MSE=0.0006145869063619047 time=7.9 ms ok
[196/345] Synthetic seed20000_sample1567 park_dominant_point_2007_adaptation: K=45 MSE=9.69730527274661e-05 time=64.2 ms ok
[196/345] Synthetic seed20000_sample1567 liang_feature_iki_2017_adaptation: K=56 MSE=0.00025487527782567165 time=70.4 ms ok
[196/345] Synthetic seed20000_sample1567 dung_direct_knot_2017_adaptation: K=56 MSE=0.0001317098499555494 time=895.9 ms ok
[196/345] Synthetic seed20000_sample1567 kang_sparse_2015_adaptation: K=56 MSE=0.00026694692468960077 time=25.9 ms ok
[196/345] Synthetic seed20000_sample1567 luo_linf_de_2022_adaptation: K=55 MSE=0.0002647731586627612 time=2139.0 ms ok
[197/345] Synthetic seed20000_sample175 ours: K=50 MSE=0.000461438984334307 time=7.9 ms ok
[197/345] Synthetic seed20000_sample175 park_dominant_point_2007_adaptation: K=51 MSE=9.68227073487868e-05 time=77.8 ms ok
[197/345] Synthetic seed20000_sample175 liang_feature_iki_2017_adaptation: K=56 MSE=0.000239271096408834 time=70.1 ms ok
[197/345] Synthetic seed20000_sample175 dung_direct_knot_2017_adaptation: K=56 MSE=0.0001322974763359421 time=868.3 ms ok
[197/345] Synthetic seed20000_sample175 kang_sparse_2015_adaptation: K=56 MSE=0.00045478705653782353 time=33.1 ms ok
[197/345] Synthetic seed20000_sample175 luo_linf_de_2022_adaptation: K=56 MSE=0.00045219607110496976 time=2138.8 ms ok
[198/345] Synthetic seed20000_sample15 ours: K=50 MSE=0.0005589214594025194 time=7.8 ms ok
[198/345] Synthetic seed20000_sample15 park_dominant_point_2007_adaptation: K=45 MSE=9.741808818945117e-05 time=63.9 ms ok
[198/345] Synthetic seed20000_sample15 liang_feature_iki_2017_adaptation: K=56 MSE=0.00025477041758887106 time=70.6 ms ok
[198/345] Synthetic seed20000_sample15 dung_direct_knot_2017_adaptation: K=56 MSE=0.00011812129188839356 time=929.1 ms ok
[198/345] Synthetic seed20000_sample15 kang_sparse_2015_adaptation: K=56 MSE=0.000303471820203355 time=29.9 ms ok
[198/345] Synthetic seed20000_sample15 luo_linf_de_2022_adaptation: K=56 MSE=0.0002996702580970259 time=2138.2 ms ok
[199/345] Synthetic seed20000_sample2828 ours: K=48 MSE=0.000986228190883247 time=8.0 ms ok
[199/345] Synthetic seed20000_sample2828 park_dominant_point_2007_adaptation: K=53 MSE=9.220656251363008e-05 time=82.7 ms ok
[199/345] Synthetic seed20000_sample2828 liang_feature_iki_2017_adaptation: K=56 MSE=0.00031705444158179537 time=69.9 ms ok
[199/345] Synthetic seed20000_sample2828 dung_direct_knot_2017_adaptation: K=56 MSE=0.00012752609840794592 time=947.0 ms ok
[199/345] Synthetic seed20000_sample2828 kang_sparse_2015_adaptation: K=56 MSE=0.00042879181007532017 time=235.2 ms ok
[199/345] Synthetic seed20000_sample2828 luo_linf_de_2022_adaptation: K=56 MSE=0.0004239109360000258 time=2144.3 ms ok
[200/345] Synthetic seed20000_sample1914 ours: K=49 MSE=0.0007580423880362763 time=8.0 ms ok
[200/345] Synthetic seed20000_sample1914 park_dominant_point_2007_adaptation: K=46 MSE=9.788344229919538e-05 time=66.1 ms ok
[200/345] Synthetic seed20000_sample1914 liang_feature_iki_2017_adaptation: K=56 MSE=0.0003256819638898373 time=69.9 ms ok
[200/345] Synthetic seed20000_sample1914 dung_direct_knot_2017_adaptation: K=56 MSE=0.0001342888080348128 time=944.2 ms ok
[200/345] Synthetic seed20000_sample1914 kang_sparse_2015_adaptation: K=56 MSE=0.0002942881140727309 time=38.0 ms ok
[200/345] Synthetic seed20000_sample1914 luo_linf_de_2022_adaptation: K=56 MSE=0.00028684899798541206 time=2137.3 ms ok
[201/345] Synthetic seed20000_sample2651 ours: K=51 MSE=0.0003699310814902571 time=7.9 ms ok
[201/345] Synthetic seed20000_sample2651 park_dominant_point_2007_adaptation: K=52 MSE=9.850284737302868e-05 time=79.9 ms ok
[201/345] Synthetic seed20000_sample2651 liang_feature_iki_2017_adaptation: K=56 MSE=0.00035839569984355595 time=70.3 ms ok
[201/345] Synthetic seed20000_sample2651 dung_direct_knot_2017_adaptation: K=56 MSE=0.000129624202218934 time=944.6 ms ok
[201/345] Synthetic seed20000_sample2651 kang_sparse_2015_adaptation: K=56 MSE=0.00044275946118999915 time=26.6 ms ok
[201/345] Synthetic seed20000_sample2651 luo_linf_de_2022_adaptation: K=56 MSE=0.00042945741873118786 time=2137.5 ms ok
[202/345] Synthetic seed20000_sample498 ours: K=50 MSE=0.0007526404066034126 time=7.9 ms ok
[202/345] Synthetic seed20000_sample498 park_dominant_point_2007_adaptation: K=54 MSE=9.533293824472834e-05 time=84.6 ms ok
[202/345] Synthetic seed20000_sample498 liang_feature_iki_2017_adaptation: K=56 MSE=0.0003796810321081852 time=70.5 ms ok
[202/345] Synthetic seed20000_sample498 dung_direct_knot_2017_adaptation: K=56 MSE=0.00012598917082305673 time=914.3 ms ok
[202/345] Synthetic seed20000_sample498 kang_sparse_2015_adaptation: K=56 MSE=0.0003412276220889807 time=63.9 ms ok
[202/345] Synthetic seed20000_sample498 luo_linf_de_2022_adaptation: K=56 MSE=0.0003404662329976879 time=2138.7 ms ok
[203/345] Synthetic seed20000_sample2914 ours: K=51 MSE=0.000605610207991252 time=7.9 ms ok
[203/345] Synthetic seed20000_sample2914 park_dominant_point_2007_adaptation: K=51 MSE=9.76693288483691e-05 time=77.4 ms ok
[203/345] Synthetic seed20000_sample2914 liang_feature_iki_2017_adaptation: K=56 MSE=0.00024208942856652585 time=70.4 ms ok
[203/345] Synthetic seed20000_sample2914 dung_direct_knot_2017_adaptation: K=56 MSE=0.00011157131619273109 time=930.5 ms ok
[203/345] Synthetic seed20000_sample2914 kang_sparse_2015_adaptation: K=56 MSE=0.0002841470207903356 time=24.5 ms ok
[203/345] Synthetic seed20000_sample2914 luo_linf_de_2022_adaptation: K=56 MSE=0.0002841470207903356 time=2140.6 ms ok
[204/345] Synthetic seed20000_sample2446 ours: K=50 MSE=0.0006535064000371213 time=8.0 ms ok
[204/345] Synthetic seed20000_sample2446 park_dominant_point_2007_adaptation: K=47 MSE=9.473371567102444e-05 time=68.3 ms ok
[204/345] Synthetic seed20000_sample2446 liang_feature_iki_2017_adaptation: K=56 MSE=0.00017243274664028785 time=70.5 ms ok
[204/345] Synthetic seed20000_sample2446 dung_direct_knot_2017_adaptation: K=56 MSE=0.00018071951354649862 time=846.0 ms ok
[204/345] Synthetic seed20000_sample2446 kang_sparse_2015_adaptation: K=56 MSE=0.00047000661575518607 time=28.7 ms ok
[204/345] Synthetic seed20000_sample2446 luo_linf_de_2022_adaptation: K=56 MSE=0.00047000661575518607 time=2129.7 ms ok
[205/345] Synthetic seed20000_sample2580 ours: K=50 MSE=0.0005300741712183926 time=7.9 ms ok
[205/345] Synthetic seed20000_sample2580 park_dominant_point_2007_adaptation: K=53 MSE=9.672588816062619e-05 time=81.9 ms ok
[205/345] Synthetic seed20000_sample2580 liang_feature_iki_2017_adaptation: K=56 MSE=0.00024094978096512936 time=70.1 ms ok
[205/345] Synthetic seed20000_sample2580 dung_direct_knot_2017_adaptation: K=56 MSE=0.00015349761139109517 time=908.0 ms ok
[205/345] Synthetic seed20000_sample2580 kang_sparse_2015_adaptation: K=56 MSE=0.00036636616247140273 time=287.6 ms ok
[205/345] Synthetic seed20000_sample2580 luo_linf_de_2022_adaptation: K=56 MSE=0.00037302859346764685 time=2133.1 ms ok
[206/345] Synthetic seed20000_sample534 ours: K=50 MSE=0.0007740943492625835 time=7.9 ms ok
[206/345] Synthetic seed20000_sample534 park_dominant_point_2007_adaptation: K=52 MSE=9.879985625755096e-05 time=79.5 ms ok
[206/345] Synthetic seed20000_sample534 liang_feature_iki_2017_adaptation: K=56 MSE=0.0002774997269350159 time=70.8 ms ok
[206/345] Synthetic seed20000_sample534 dung_direct_knot_2017_adaptation: K=56 MSE=0.0001376898338188591 time=906.2 ms ok
[206/345] Synthetic seed20000_sample534 kang_sparse_2015_adaptation: K=56 MSE=0.00031070575751314394 time=29.7 ms ok
[206/345] Synthetic seed20000_sample534 luo_linf_de_2022_adaptation: K=56 MSE=0.00030994941086380707 time=2130.2 ms ok
[207/345] Synthetic seed20000_sample1334 ours: K=49 MSE=0.0009194962700173791 time=8.0 ms ok
[207/345] Synthetic seed20000_sample1334 park_dominant_point_2007_adaptation: K=49 MSE=9.412563733816606e-05 time=72.4 ms ok
[207/345] Synthetic seed20000_sample1334 liang_feature_iki_2017_adaptation: K=56 MSE=0.00047315237633450426 time=70.2 ms ok
[207/345] Synthetic seed20000_sample1334 dung_direct_knot_2017_adaptation: K=56 MSE=0.0001423180758043182 time=946.2 ms ok
[207/345] Synthetic seed20000_sample1334 kang_sparse_2015_adaptation: K=56 MSE=0.0005261717640304717 time=235.4 ms ok
[207/345] Synthetic seed20000_sample1334 luo_linf_de_2022_adaptation: K=56 MSE=0.0004532136316732401 time=2133.5 ms ok
[208/345] Synthetic seed20000_sample1444 ours: K=49 MSE=0.0006450899268143471 time=8.0 ms ok
[208/345] Synthetic seed20000_sample1444 park_dominant_point_2007_adaptation: K=55 MSE=9.623383400529386e-05 time=87.1 ms ok
[208/345] Synthetic seed20000_sample1444 liang_feature_iki_2017_adaptation: K=56 MSE=0.00041762471714694454 time=69.7 ms ok
[208/345] Synthetic seed20000_sample1444 dung_direct_knot_2017_adaptation: K=56 MSE=0.00016907503856806942 time=910.8 ms ok
[208/345] Synthetic seed20000_sample1444 kang_sparse_2015_adaptation: K=56 MSE=0.0006076909036580365 time=235.3 ms ok
[208/345] Synthetic seed20000_sample1444 luo_linf_de_2022_adaptation: K=56 MSE=0.0005925646017898384 time=2138.3 ms ok
[209/345] Synthetic seed20000_sample2214 ours: K=51 MSE=0.0006437213076287716 time=7.9 ms ok
[209/345] Synthetic seed20000_sample2214 park_dominant_point_2007_adaptation: K=51 MSE=9.702947340327937e-05 time=77.2 ms ok
[209/345] Synthetic seed20000_sample2214 liang_feature_iki_2017_adaptation: K=56 MSE=0.00023648265301825304 time=70.6 ms ok
[209/345] Synthetic seed20000_sample2214 dung_direct_knot_2017_adaptation: K=56 MSE=0.0001887148899042375 time=878.4 ms ok
[209/345] Synthetic seed20000_sample2214 kang_sparse_2015_adaptation: K=56 MSE=0.0005314888751941929 time=23.8 ms ok
[209/345] Synthetic seed20000_sample2214 luo_linf_de_2022_adaptation: K=56 MSE=0.0005286587226090716 time=2135.6 ms ok
[210/345] Synthetic seed20000_sample748 ours: K=49 MSE=0.001157012856965786 time=7.9 ms ok
[210/345] Synthetic seed20000_sample748 park_dominant_point_2007_adaptation: K=55 MSE=9.50766448095083e-05 time=86.4 ms ok
[210/345] Synthetic seed20000_sample748 liang_feature_iki_2017_adaptation: K=56 MSE=0.00035627380052595823 time=70.5 ms ok
[210/345] Synthetic seed20000_sample748 dung_direct_knot_2017_adaptation: K=56 MSE=0.00019044913178418432 time=953.3 ms ok
[210/345] Synthetic seed20000_sample748 kang_sparse_2015_adaptation: K=56 MSE=0.0004969121908025685 time=27.2 ms ok
[210/345] Synthetic seed20000_sample748 luo_linf_de_2022_adaptation: K=56 MSE=0.0004969009728294907 time=2136.8 ms ok
[211/345] Synthetic seed20000_sample3779 ours: K=50 MSE=0.0008772495778505265 time=7.9 ms ok
[211/345] Synthetic seed20000_sample3779 park_dominant_point_2007_adaptation: K=53 MSE=9.798886003955938e-05 time=82.2 ms ok
[211/345] Synthetic seed20000_sample3779 liang_feature_iki_2017_adaptation: K=56 MSE=0.0003731231161090056 time=70.0 ms ok
[211/345] Synthetic seed20000_sample3779 dung_direct_knot_2017_adaptation: K=56 MSE=0.00016859930087447395 time=908.0 ms ok
[211/345] Synthetic seed20000_sample3779 kang_sparse_2015_adaptation: K=56 MSE=0.0006400335790371453 time=67.9 ms ok
[211/345] Synthetic seed20000_sample3779 luo_linf_de_2022_adaptation: K=56 MSE=0.0005619802418917546 time=2133.2 ms ok
[212/345] Synthetic seed20000_sample1729 ours: K=51 MSE=0.0005149147927867822 time=7.9 ms ok
[212/345] Synthetic seed20000_sample1729 park_dominant_point_2007_adaptation: K=51 MSE=9.311810679792964e-05 time=76.7 ms ok
[212/345] Synthetic seed20000_sample1729 liang_feature_iki_2017_adaptation: K=56 MSE=0.00039783055027388164 time=70.6 ms ok
[212/345] Synthetic seed20000_sample1729 dung_direct_knot_2017_adaptation: K=56 MSE=0.0001935971155553959 time=907.1 ms ok
[212/345] Synthetic seed20000_sample1729 kang_sparse_2015_adaptation: K=56 MSE=0.00048074351170416564 time=24.2 ms ok
[212/345] Synthetic seed20000_sample1729 luo_linf_de_2022_adaptation: K=56 MSE=0.0004802289168356218 time=2133.4 ms ok
[213/345] Synthetic seed20000_sample1598 ours: K=52 MSE=0.0003695649392159773 time=7.9 ms ok
[213/345] Synthetic seed20000_sample1598 park_dominant_point_2007_adaptation: K=54 MSE=9.770840586314343e-05 time=83.8 ms ok
[213/345] Synthetic seed20000_sample1598 liang_feature_iki_2017_adaptation: K=56 MSE=0.0006878775001040678 time=70.5 ms ok
[213/345] Synthetic seed20000_sample1598 dung_direct_knot_2017_adaptation: K=56 MSE=0.00014303279779686036 time=1002.8 ms ok
[213/345] Synthetic seed20000_sample1598 kang_sparse_2015_adaptation: K=56 MSE=0.00044755272863171154 time=24.3 ms ok
[213/345] Synthetic seed20000_sample1598 luo_linf_de_2022_adaptation: K=56 MSE=0.00041482844397479736 time=2133.9 ms ok
[214/345] Synthetic seed20000_sample693 ours: K=53 MSE=0.0006159734528651931 time=8.0 ms ok
[214/345] Synthetic seed20000_sample693 park_dominant_point_2007_adaptation: K=47 MSE=9.459453494709345e-05 time=67.3 ms ok
[214/345] Synthetic seed20000_sample693 liang_feature_iki_2017_adaptation: K=56 MSE=0.0004227517074625352 time=70.7 ms ok
[214/345] Synthetic seed20000_sample693 dung_direct_knot_2017_adaptation: K=56 MSE=0.0001355511021861372 time=934.4 ms ok
[214/345] Synthetic seed20000_sample693 kang_sparse_2015_adaptation: K=56 MSE=0.0004783474091385415 time=41.8 ms ok
[214/345] Synthetic seed20000_sample693 luo_linf_de_2022_adaptation: K=56 MSE=0.00041861492762321423 time=2142.8 ms ok
[215/345] Synthetic seed20000_sample22 ours: K=51 MSE=0.0005404291634726269 time=7.9 ms ok
[215/345] Synthetic seed20000_sample22 park_dominant_point_2007_adaptation: K=56 MSE=0.0001046640503325324 time=88.6 ms ok
[215/345] Synthetic seed20000_sample22 liang_feature_iki_2017_adaptation: K=56 MSE=0.0003857429491070094 time=70.7 ms ok
[215/345] Synthetic seed20000_sample22 dung_direct_knot_2017_adaptation: K=56 MSE=0.00022584687899358878 time=920.3 ms ok
[215/345] Synthetic seed20000_sample22 kang_sparse_2015_adaptation: K=56 MSE=0.000515733026004396 time=24.4 ms ok
[215/345] Synthetic seed20000_sample22 luo_linf_de_2022_adaptation: K=56 MSE=0.000515733026004396 time=2128.4 ms ok
[216/345] Synthetic seed20000_sample2530 ours: K=51 MSE=0.0004945534752051015 time=7.9 ms ok
[216/345] Synthetic seed20000_sample2530 park_dominant_point_2007_adaptation: K=56 MSE=9.961561647269468e-05 time=88.5 ms ok
[216/345] Synthetic seed20000_sample2530 liang_feature_iki_2017_adaptation: K=56 MSE=0.0004319872576530229 time=70.3 ms ok
[216/345] Synthetic seed20000_sample2530 dung_direct_knot_2017_adaptation: K=56 MSE=0.00019224401277717176 time=946.9 ms ok
[216/345] Synthetic seed20000_sample2530 kang_sparse_2015_adaptation: K=56 MSE=0.0006428195349321309 time=25.5 ms ok
[216/345] Synthetic seed20000_sample2530 luo_linf_de_2022_adaptation: K=56 MSE=0.0005302084837619625 time=2137.5 ms ok
[217/345] Synthetic seed20000_sample3510 ours: K=52 MSE=0.000347642143953724 time=7.9 ms ok
[217/345] Synthetic seed20000_sample3510 park_dominant_point_2007_adaptation: K=54 MSE=9.582823703646087e-05 time=83.4 ms ok
[217/345] Synthetic seed20000_sample3510 liang_feature_iki_2017_adaptation: K=56 MSE=0.0003260535079759184 time=70.7 ms ok
[217/345] Synthetic seed20000_sample3510 dung_direct_knot_2017_adaptation: K=56 MSE=0.0002453525204546677 time=849.4 ms ok
[217/345] Synthetic seed20000_sample3510 kang_sparse_2015_adaptation: K=56 MSE=0.0005771599451168198 time=34.4 ms ok
[217/345] Synthetic seed20000_sample3510 luo_linf_de_2022_adaptation: K=56 MSE=0.000493528636447769 time=2140.7 ms ok
[218/345] Synthetic seed20000_sample3473 ours: K=51 MSE=0.0005140141736960502 time=7.9 ms ok
[218/345] Synthetic seed20000_sample3473 park_dominant_point_2007_adaptation: K=56 MSE=0.00010676292392135792 time=88.6 ms ok
[218/345] Synthetic seed20000_sample3473 liang_feature_iki_2017_adaptation: K=56 MSE=0.0003834024117069315 time=70.7 ms ok
[218/345] Synthetic seed20000_sample3473 dung_direct_knot_2017_adaptation: K=56 MSE=0.00016438024476394877 time=947.0 ms ok
[218/345] Synthetic seed20000_sample3473 kang_sparse_2015_adaptation: K=56 MSE=0.0005418024604815838 time=29.6 ms ok
[218/345] Synthetic seed20000_sample3473 luo_linf_de_2022_adaptation: K=56 MSE=0.00046743157870532604 time=2137.9 ms ok
[219/345] Synthetic seed20000_sample1546 ours: K=51 MSE=0.0003437914618922492 time=7.9 ms ok
[219/345] Synthetic seed20000_sample1546 park_dominant_point_2007_adaptation: K=48 MSE=9.677048298537305e-05 time=69.3 ms ok
[219/345] Synthetic seed20000_sample1546 liang_feature_iki_2017_adaptation: K=56 MSE=0.0004902838976203058 time=70.5 ms ok
[219/345] Synthetic seed20000_sample1546 dung_direct_knot_2017_adaptation: K=56 MSE=0.00015437887650945618 time=954.6 ms ok
[219/345] Synthetic seed20000_sample1546 kang_sparse_2015_adaptation: K=56 MSE=0.0006970434472489318 time=25.4 ms ok
[219/345] Synthetic seed20000_sample1546 luo_linf_de_2022_adaptation: K=56 MSE=0.0006970300117150405 time=2142.8 ms ok
[220/345] Synthetic seed20000_sample2501 ours: K=52 MSE=0.00044361857047529944 time=7.9 ms ok
[220/345] Synthetic seed20000_sample2501 park_dominant_point_2007_adaptation: K=56 MSE=0.00010954186255375925 time=88.4 ms ok
[220/345] Synthetic seed20000_sample2501 liang_feature_iki_2017_adaptation: K=56 MSE=0.0004627423104762145 time=70.6 ms ok
[220/345] Synthetic seed20000_sample2501 dung_direct_knot_2017_adaptation: K=56 MSE=0.0001730699870370134 time=956.8 ms ok
[220/345] Synthetic seed20000_sample2501 kang_sparse_2015_adaptation: K=56 MSE=0.0008553939815060038 time=25.6 ms ok
[220/345] Synthetic seed20000_sample2501 luo_linf_de_2022_adaptation: K=56 MSE=0.0008539695994287102 time=2139.6 ms ok
[221/345] Synthetic seed20000_sample1674 ours: K=52 MSE=0.00037925176502843203 time=7.9 ms ok
[221/345] Synthetic seed20000_sample1674 park_dominant_point_2007_adaptation: K=53 MSE=9.436599254105744e-05 time=80.8 ms ok
[221/345] Synthetic seed20000_sample1674 liang_feature_iki_2017_adaptation: K=56 MSE=0.00037995626772054444 time=70.4 ms ok
[221/345] Synthetic seed20000_sample1674 dung_direct_knot_2017_adaptation: K=56 MSE=0.00015074428911091098 time=976.4 ms ok
[221/345] Synthetic seed20000_sample1674 kang_sparse_2015_adaptation: K=56 MSE=0.0006412746951507688 time=24.7 ms ok
[221/345] Synthetic seed20000_sample1674 luo_linf_de_2022_adaptation: K=56 MSE=0.0006277770754045195 time=2140.1 ms ok
[222/345] Synthetic seed20000_sample2455 ours: K=50 MSE=0.0007825391554562742 time=7.9 ms ok
[222/345] Synthetic seed20000_sample2455 park_dominant_point_2007_adaptation: K=50 MSE=9.959515453464837e-05 time=73.8 ms ok
[222/345] Synthetic seed20000_sample2455 liang_feature_iki_2017_adaptation: K=56 MSE=0.0003026056033977237 time=70.6 ms ok
[222/345] Synthetic seed20000_sample2455 dung_direct_knot_2017_adaptation: K=56 MSE=0.00016157906093480898 time=925.6 ms ok
[222/345] Synthetic seed20000_sample2455 kang_sparse_2015_adaptation: K=56 MSE=0.0006008573124474856 time=80.2 ms ok
[222/345] Synthetic seed20000_sample2455 luo_linf_de_2022_adaptation: K=56 MSE=0.0005826576196610206 time=2130.9 ms ok
[223/345] Synthetic seed20000_sample2226 ours: K=52 MSE=0.00039707335552493345 time=7.9 ms ok
[223/345] Synthetic seed20000_sample2226 park_dominant_point_2007_adaptation: K=54 MSE=9.59364233867472e-05 time=82.8 ms ok
[223/345] Synthetic seed20000_sample2226 liang_feature_iki_2017_adaptation: K=56 MSE=0.00045115002009761367 time=70.7 ms ok
[223/345] Synthetic seed20000_sample2226 dung_direct_knot_2017_adaptation: K=56 MSE=0.00022302405654810292 time=914.0 ms ok
[223/345] Synthetic seed20000_sample2226 kang_sparse_2015_adaptation: K=56 MSE=0.000654722537557476 time=25.6 ms ok
[223/345] Synthetic seed20000_sample2226 luo_linf_de_2022_adaptation: K=56 MSE=0.0006016671007597424 time=2139.0 ms ok
[224/345] Synthetic seed20000_sample3352 ours: K=50 MSE=0.0008145542666257117 time=7.9 ms ok
[224/345] Synthetic seed20000_sample3352 park_dominant_point_2007_adaptation: K=56 MSE=9.986954466207455e-05 time=88.5 ms ok
[224/345] Synthetic seed20000_sample3352 liang_feature_iki_2017_adaptation: K=56 MSE=0.0006208696270970592 time=69.9 ms ok
[224/345] Synthetic seed20000_sample3352 dung_direct_knot_2017_adaptation: K=56 MSE=0.0001902015733874031 time=911.7 ms ok
[224/345] Synthetic seed20000_sample3352 kang_sparse_2015_adaptation: K=56 MSE=0.0004605117113746316 time=41.7 ms ok
[224/345] Synthetic seed20000_sample3352 luo_linf_de_2022_adaptation: K=56 MSE=0.00041918739897164816 time=2132.6 ms ok
[225/345] Synthetic seed20000_sample2514 ours: K=49 MSE=0.0009666475548661011 time=8.0 ms ok
[225/345] Synthetic seed20000_sample2514 park_dominant_point_2007_adaptation: K=53 MSE=9.856792621989776e-05 time=80.8 ms ok
[225/345] Synthetic seed20000_sample2514 liang_feature_iki_2017_adaptation: K=56 MSE=0.00026606571620676957 time=69.9 ms ok
[225/345] Synthetic seed20000_sample2514 dung_direct_knot_2017_adaptation: K=56 MSE=0.00017150494953033509 time=924.0 ms ok
[225/345] Synthetic seed20000_sample2514 kang_sparse_2015_adaptation: K=56 MSE=0.0007148111510616623 time=226.0 ms ok
[225/345] Synthetic seed20000_sample2514 luo_linf_de_2022_adaptation: K=56 MSE=0.0006472901863103759 time=2131.5 ms ok
[226/345] Synthetic seed20000_sample1391 ours: K=51 MSE=0.0005358654395518375 time=7.9 ms ok
[226/345] Synthetic seed20000_sample1391 park_dominant_point_2007_adaptation: K=52 MSE=9.863082254231961e-05 time=77.9 ms ok
[226/345] Synthetic seed20000_sample1391 liang_feature_iki_2017_adaptation: K=56 MSE=0.0004428752716718537 time=70.1 ms ok
[226/345] Synthetic seed20000_sample1391 dung_direct_knot_2017_adaptation: K=56 MSE=0.0002933376689414936 time=963.6 ms ok
[226/345] Synthetic seed20000_sample1391 kang_sparse_2015_adaptation: K=56 MSE=0.000772342375025866 time=225.2 ms ok
[226/345] Synthetic seed20000_sample1391 luo_linf_de_2022_adaptation: K=56 MSE=0.0007575002384236831 time=2129.5 ms ok
[227/345] Synthetic seed20000_sample1719 ours: K=52 MSE=0.0005073304695554008 time=7.9 ms ok
[227/345] Synthetic seed20000_sample1719 park_dominant_point_2007_adaptation: K=50 MSE=9.818617360042428e-05 time=73.4 ms ok
[227/345] Synthetic seed20000_sample1719 liang_feature_iki_2017_adaptation: K=56 MSE=0.0004936746816790992 time=70.0 ms ok
[227/345] Synthetic seed20000_sample1719 dung_direct_knot_2017_adaptation: K=56 MSE=0.0002460967008939602 time=880.1 ms ok
[227/345] Synthetic seed20000_sample1719 kang_sparse_2015_adaptation: K=55 MSE=0.0011001827822645187 time=225.3 ms ok
[227/345] Synthetic seed20000_sample1719 luo_linf_de_2022_adaptation: K=56 MSE=0.0009751990771815789 time=2142.1 ms ok
[228/345] Synthetic seed20000_sample2491 ours: K=53 MSE=0.0006851327313842975 time=7.9 ms ok
[228/345] Synthetic seed20000_sample2491 park_dominant_point_2007_adaptation: K=56 MSE=9.714308532157886e-05 time=87.3 ms ok
[228/345] Synthetic seed20000_sample2491 liang_feature_iki_2017_adaptation: K=56 MSE=0.0004697154807040014 time=70.8 ms ok
[228/345] Synthetic seed20000_sample2491 dung_direct_knot_2017_adaptation: K=56 MSE=0.0001895993469249424 time=929.5 ms ok
[228/345] Synthetic seed20000_sample2491 kang_sparse_2015_adaptation: K=56 MSE=0.0007567976389606256 time=29.7 ms ok
[228/345] Synthetic seed20000_sample2491 luo_linf_de_2022_adaptation: K=56 MSE=0.0007386122637491607 time=2135.9 ms ok
[229/345] Synthetic seed20000_sample577 ours: K=51 MSE=0.0007583536812287564 time=7.9 ms ok
[229/345] Synthetic seed20000_sample577 park_dominant_point_2007_adaptation: K=56 MSE=0.00010430220782674383 time=87.6 ms ok
[229/345] Synthetic seed20000_sample577 liang_feature_iki_2017_adaptation: K=56 MSE=0.0005641964256428933 time=69.9 ms ok
[229/345] Synthetic seed20000_sample577 dung_direct_knot_2017_adaptation: K=56 MSE=0.00018030398188457328 time=943.8 ms ok
[229/345] Synthetic seed20000_sample577 kang_sparse_2015_adaptation: K=56 MSE=0.001129590009122633 time=72.2 ms ok
[229/345] Synthetic seed20000_sample577 luo_linf_de_2022_adaptation: K=56 MSE=0.0011205289129829592 time=2137.6 ms ok
[230/345] Synthetic seed20000_sample2875 ours: K=53 MSE=0.0006982401152776916 time=8.0 ms ok
[230/345] Synthetic seed20000_sample2875 park_dominant_point_2007_adaptation: K=56 MSE=0.00011212290394810346 time=87.3 ms ok
[230/345] Synthetic seed20000_sample2875 liang_feature_iki_2017_adaptation: K=56 MSE=0.0005605778760198464 time=70.8 ms ok
[230/345] Synthetic seed20000_sample2875 dung_direct_knot_2017_adaptation: K=56 MSE=0.00022861324317930884 time=1027.6 ms ok
[230/345] Synthetic seed20000_sample2875 kang_sparse_2015_adaptation: K=56 MSE=0.0010547366794595526 time=25.6 ms ok
[230/345] Synthetic seed20000_sample2875 luo_linf_de_2022_adaptation: K=56 MSE=0.0010512155933840438 time=2136.8 ms ok
[231/345] Synthetic seed20000_sample4041 ours: K=53 MSE=0.0004610138254790546 time=7.9 ms ok
[231/345] Synthetic seed20000_sample4041 park_dominant_point_2007_adaptation: K=56 MSE=0.00010498535231682147 time=87.0 ms ok
[231/345] Synthetic seed20000_sample4041 liang_feature_iki_2017_adaptation: K=56 MSE=0.0005185301516348511 time=70.0 ms ok
[231/345] Synthetic seed20000_sample4041 dung_direct_knot_2017_adaptation: K=56 MSE=0.0002651320198999764 time=883.3 ms ok
[231/345] Synthetic seed20000_sample4041 kang_sparse_2015_adaptation: K=56 MSE=0.0007070501689281254 time=111.9 ms ok
[231/345] Synthetic seed20000_sample4041 luo_linf_de_2022_adaptation: K=56 MSE=0.0006332848055743804 time=2138.2 ms ok
[232/345] Synthetic seed20000_sample2247 ours: K=51 MSE=0.0007466085648797058 time=7.9 ms ok
[232/345] Synthetic seed20000_sample2247 park_dominant_point_2007_adaptation: K=56 MSE=0.0001047539568032927 time=87.1 ms ok
[232/345] Synthetic seed20000_sample2247 liang_feature_iki_2017_adaptation: K=56 MSE=0.0005276240192385731 time=70.6 ms ok
[232/345] Synthetic seed20000_sample2247 dung_direct_knot_2017_adaptation: K=56 MSE=0.00035563438186320264 time=942.2 ms ok
[232/345] Synthetic seed20000_sample2247 kang_sparse_2015_adaptation: K=56 MSE=0.001629777930598191 time=25.5 ms ok
[232/345] Synthetic seed20000_sample2247 luo_linf_de_2022_adaptation: K=56 MSE=0.001629777930598191 time=2129.0 ms ok
[233/345] Synthetic seed20000_sample1194 ours: K=52 MSE=0.0008930332407420448 time=7.9 ms ok
[233/345] Synthetic seed20000_sample1194 park_dominant_point_2007_adaptation: K=56 MSE=0.00011371235625971826 time=86.9 ms ok
[233/345] Synthetic seed20000_sample1194 liang_feature_iki_2017_adaptation: K=56 MSE=0.0006230774592939812 time=69.9 ms ok
[233/345] Synthetic seed20000_sample1194 dung_direct_knot_2017_adaptation: K=56 MSE=0.0003138764539061817 time=993.6 ms ok
[233/345] Synthetic seed20000_sample1194 kang_sparse_2015_adaptation: K=56 MSE=0.0009229256479361296 time=236.5 ms ok
[233/345] Synthetic seed20000_sample1194 luo_linf_de_2022_adaptation: K=56 MSE=0.0008763400809829123 time=2136.9 ms ok
[234/345] Synthetic seed20000_sample3622 ours: K=53 MSE=0.0004081624073718108 time=8.0 ms ok
[234/345] Synthetic seed20000_sample3622 park_dominant_point_2007_adaptation: K=56 MSE=9.936317369696212e-05 time=87.2 ms ok
[234/345] Synthetic seed20000_sample3622 liang_feature_iki_2017_adaptation: K=56 MSE=0.0004204007040201693 time=70.6 ms ok
[234/345] Synthetic seed20000_sample3622 dung_direct_knot_2017_adaptation: K=56 MSE=0.00033471883031914733 time=983.0 ms ok
[234/345] Synthetic seed20000_sample3622 kang_sparse_2015_adaptation: K=56 MSE=0.001047090939661192 time=30.0 ms ok
[234/345] Synthetic seed20000_sample3622 luo_linf_de_2022_adaptation: K=56 MSE=0.001047090939661192 time=2140.0 ms ok
[235/345] Synthetic seed20000_sample712 ours: K=52 MSE=0.0007640451827210003 time=7.9 ms ok
[235/345] Synthetic seed20000_sample712 park_dominant_point_2007_adaptation: K=56 MSE=9.64604814388301e-05 time=87.0 ms ok
[235/345] Synthetic seed20000_sample712 liang_feature_iki_2017_adaptation: K=56 MSE=0.0005351534816049606 time=70.8 ms ok
[235/345] Synthetic seed20000_sample712 dung_direct_knot_2017_adaptation: K=56 MSE=0.0002864390130530821 time=934.9 ms ok
[235/345] Synthetic seed20000_sample712 kang_sparse_2015_adaptation: K=56 MSE=0.001143946391866593 time=38.8 ms ok
[235/345] Synthetic seed20000_sample712 luo_linf_de_2022_adaptation: K=56 MSE=0.0010827026392968798 time=2134.0 ms ok
[236/345] Synthetic seed20000_sample1031 ours: K=50 MSE=0.000684018381245426 time=7.9 ms ok
[236/345] Synthetic seed20000_sample1031 park_dominant_point_2007_adaptation: K=56 MSE=0.00011162872359750695 time=86.6 ms ok
[236/345] Synthetic seed20000_sample1031 liang_feature_iki_2017_adaptation: K=56 MSE=0.000687403391271235 time=70.5 ms ok
[236/345] Synthetic seed20000_sample1031 dung_direct_knot_2017_adaptation: K=56 MSE=0.0003510831375088432 time=967.2 ms ok
[236/345] Synthetic seed20000_sample1031 kang_sparse_2015_adaptation: K=56 MSE=0.0010958194486500438 time=38.8 ms ok
[236/345] Synthetic seed20000_sample1031 luo_linf_de_2022_adaptation: K=56 MSE=0.0010958194486500438 time=2137.5 ms ok
[237/345] Synthetic seed20000_sample901 ours: K=52 MSE=0.0009670942992725641 time=7.9 ms ok
[237/345] Synthetic seed20000_sample901 park_dominant_point_2007_adaptation: K=55 MSE=9.900254904286342e-05 time=84.5 ms ok
[237/345] Synthetic seed20000_sample901 liang_feature_iki_2017_adaptation: K=56 MSE=0.0009727795127958896 time=70.6 ms ok
[237/345] Synthetic seed20000_sample901 dung_direct_knot_2017_adaptation: K=56 MSE=0.00035522445555789323 time=1022.9 ms ok
[237/345] Synthetic seed20000_sample901 kang_sparse_2015_adaptation: K=56 MSE=0.001377717736693808 time=25.5 ms ok
[237/345] Synthetic seed20000_sample901 luo_linf_de_2022_adaptation: K=56 MSE=0.001377717736693808 time=2146.3 ms ok
[238/345] Synthetic seed20000_sample3157 ours: K=51 MSE=0.0009091380873360856 time=7.9 ms ok
[238/345] Synthetic seed20000_sample3157 park_dominant_point_2007_adaptation: K=56 MSE=0.00011206149371211172 time=87.0 ms ok
[238/345] Synthetic seed20000_sample3157 liang_feature_iki_2017_adaptation: K=56 MSE=0.000507726440691038 time=70.9 ms ok
[238/345] Synthetic seed20000_sample3157 dung_direct_knot_2017_adaptation: K=56 MSE=0.0002661741507396624 time=939.0 ms ok
[238/345] Synthetic seed20000_sample3157 kang_sparse_2015_adaptation: K=56 MSE=0.0016899108671430297 time=26.4 ms ok
[238/345] Synthetic seed20000_sample3157 luo_linf_de_2022_adaptation: K=56 MSE=0.0016529945875988356 time=2138.3 ms ok
[239/345] Synthetic seed20000_sample1290 ours: K=51 MSE=0.0006186668216209792 time=7.9 ms ok
[239/345] Synthetic seed20000_sample1290 park_dominant_point_2007_adaptation: K=56 MSE=0.00010674869699664169 time=87.0 ms ok
[239/345] Synthetic seed20000_sample1290 liang_feature_iki_2017_adaptation: K=56 MSE=0.0008429696604874259 time=70.4 ms ok
[239/345] Synthetic seed20000_sample1290 dung_direct_knot_2017_adaptation: K=56 MSE=0.0002551745144510405 time=1012.5 ms ok
[239/345] Synthetic seed20000_sample1290 kang_sparse_2015_adaptation: K=56 MSE=0.0014165790029768632 time=88.8 ms ok
[239/345] Synthetic seed20000_sample1290 luo_linf_de_2022_adaptation: K=56 MSE=0.001377202044226023 time=2132.3 ms ok
[240/345] Synthetic seed20000_sample3574 ours: K=52 MSE=0.0005791447951257392 time=7.9 ms ok
[240/345] Synthetic seed20000_sample3574 park_dominant_point_2007_adaptation: K=55 MSE=9.852051708435308e-05 time=84.0 ms ok
[240/345] Synthetic seed20000_sample3574 liang_feature_iki_2017_adaptation: K=56 MSE=0.00040443011230665064 time=70.8 ms ok
[240/345] Synthetic seed20000_sample3574 dung_direct_knot_2017_adaptation: K=56 MSE=0.0003173209439512139 time=984.5 ms ok
[240/345] Synthetic seed20000_sample3574 kang_sparse_2015_adaptation: K=56 MSE=0.0012674510194388559 time=25.7 ms ok
[240/345] Synthetic seed20000_sample3574 luo_linf_de_2022_adaptation: K=56 MSE=0.0012423803990257417 time=2131.4 ms ok
[241/345] Synthetic seed20000_sample1079 ours: K=53 MSE=0.0004652198699322785 time=8.0 ms ok
[241/345] Synthetic seed20000_sample1079 park_dominant_point_2007_adaptation: K=56 MSE=9.86031839551197e-05 time=86.2 ms ok
[241/345] Synthetic seed20000_sample1079 liang_feature_iki_2017_adaptation: K=56 MSE=0.0007982586461610747 time=70.7 ms ok
[241/345] Synthetic seed20000_sample1079 dung_direct_knot_2017_adaptation: K=56 MSE=0.0003688662986568762 time=874.2 ms ok
[241/345] Synthetic seed20000_sample1079 kang_sparse_2015_adaptation: K=56 MSE=0.0011295853160037713 time=25.1 ms ok
[241/345] Synthetic seed20000_sample1079 luo_linf_de_2022_adaptation: K=56 MSE=0.0010903707168939034 time=2124.6 ms ok
[242/345] Synthetic seed20000_sample2759 ours: K=52 MSE=0.0008082573306155689 time=7.9 ms ok
[242/345] Synthetic seed20000_sample2759 park_dominant_point_2007_adaptation: K=56 MSE=0.00010047934863884392 time=86.3 ms ok
[242/345] Synthetic seed20000_sample2759 liang_feature_iki_2017_adaptation: K=56 MSE=0.0007548668692195602 time=70.8 ms ok
[242/345] Synthetic seed20000_sample2759 dung_direct_knot_2017_adaptation: K=56 MSE=0.0002145933151079452 time=914.4 ms ok
[242/345] Synthetic seed20000_sample2759 kang_sparse_2015_adaptation: K=56 MSE=0.0010241285944868402 time=25.2 ms ok
[242/345] Synthetic seed20000_sample2759 luo_linf_de_2022_adaptation: K=56 MSE=0.0010241285944868402 time=2133.3 ms ok
[243/345] Synthetic seed20000_sample1409 ours: K=52 MSE=0.000767494813830063 time=8.0 ms ok
[243/345] Synthetic seed20000_sample1409 park_dominant_point_2007_adaptation: K=56 MSE=0.00010761210970179574 time=86.2 ms ok
[243/345] Synthetic seed20000_sample1409 liang_feature_iki_2017_adaptation: K=56 MSE=0.0010287792005949537 time=70.4 ms ok
[243/345] Synthetic seed20000_sample1409 dung_direct_knot_2017_adaptation: K=56 MSE=0.0002879026615947849 time=972.3 ms ok
[243/345] Synthetic seed20000_sample1409 kang_sparse_2015_adaptation: K=56 MSE=0.0005990291527286348 time=25.8 ms ok
[243/345] Synthetic seed20000_sample1409 luo_linf_de_2022_adaptation: K=56 MSE=0.0005990291527286348 time=2138.9 ms ok
[244/345] Synthetic seed20000_sample2924 ours: K=51 MSE=0.0006588505848410497 time=8.0 ms ok
[244/345] Synthetic seed20000_sample2924 park_dominant_point_2007_adaptation: K=54 MSE=9.951107394852241e-05 time=81.4 ms ok
[244/345] Synthetic seed20000_sample2924 liang_feature_iki_2017_adaptation: K=56 MSE=0.0009826846418447262 time=70.6 ms ok
[244/345] Synthetic seed20000_sample2924 dung_direct_knot_2017_adaptation: K=56 MSE=0.00036625859209195815 time=950.5 ms ok
[244/345] Synthetic seed20000_sample2924 kang_sparse_2015_adaptation: K=56 MSE=0.0011452171715183748 time=56.0 ms ok
[244/345] Synthetic seed20000_sample2924 luo_linf_de_2022_adaptation: K=56 MSE=0.0010251780018059157 time=2131.6 ms ok
[245/345] Synthetic seed20000_sample1865 ours: K=51 MSE=0.0016156952150408854 time=7.9 ms ok
[245/345] Synthetic seed20000_sample1865 park_dominant_point_2007_adaptation: K=56 MSE=0.00012870938043934592 time=86.3 ms ok
[245/345] Synthetic seed20000_sample1865 liang_feature_iki_2017_adaptation: K=56 MSE=0.0008618331459433385 time=70.6 ms ok
[245/345] Synthetic seed20000_sample1865 dung_direct_knot_2017_adaptation: K=56 MSE=0.00032333121517305174 time=975.8 ms ok
[245/345] Synthetic seed20000_sample1865 kang_sparse_2015_adaptation: K=56 MSE=0.0020896776437828606 time=55.1 ms ok
[245/345] Synthetic seed20000_sample1865 luo_linf_de_2022_adaptation: K=56 MSE=0.0018876706271988373 time=2137.5 ms ok
[246/345] Synthetic seed20000_sample664 ours: K=52 MSE=0.0005637051833853193 time=7.9 ms ok
[246/345] Synthetic seed20000_sample664 park_dominant_point_2007_adaptation: K=56 MSE=0.00011886929385892972 time=86.2 ms ok
[246/345] Synthetic seed20000_sample664 liang_feature_iki_2017_adaptation: K=56 MSE=0.0007502887988426245 time=69.9 ms ok
[246/345] Synthetic seed20000_sample664 dung_direct_knot_2017_adaptation: K=56 MSE=0.0003072694543522656 time=959.7 ms ok
[246/345] Synthetic seed20000_sample664 kang_sparse_2015_adaptation: K=56 MSE=0.0018700624682478342 time=89.1 ms ok
[246/345] Synthetic seed20000_sample664 luo_linf_de_2022_adaptation: K=56 MSE=0.0017330521126588984 time=2144.7 ms ok
[247/345] Synthetic seed20000_sample1953 ours: K=52 MSE=0.001234302281692168 time=7.9 ms ok
[247/345] Synthetic seed20000_sample1953 park_dominant_point_2007_adaptation: K=56 MSE=0.0001011566564786838 time=85.9 ms ok
[247/345] Synthetic seed20000_sample1953 liang_feature_iki_2017_adaptation: K=56 MSE=0.0007933648937450905 time=70.6 ms ok
[247/345] Synthetic seed20000_sample1953 dung_direct_knot_2017_adaptation: K=56 MSE=0.00042732075334847276 time=938.7 ms ok
[247/345] Synthetic seed20000_sample1953 kang_sparse_2015_adaptation: K=56 MSE=0.001311607539010895 time=25.2 ms ok
[247/345] Synthetic seed20000_sample1953 luo_linf_de_2022_adaptation: K=56 MSE=0.0012468536896043407 time=2133.0 ms ok
[248/345] Synthetic seed20000_sample451 ours: K=52 MSE=0.0007838510482143681 time=8.0 ms ok
[248/345] Synthetic seed20000_sample451 park_dominant_point_2007_adaptation: K=56 MSE=0.00012507808664062028 time=85.8 ms ok
[248/345] Synthetic seed20000_sample451 liang_feature_iki_2017_adaptation: K=56 MSE=0.0012594935589191607 time=70.8 ms ok
[248/345] Synthetic seed20000_sample451 dung_direct_knot_2017_adaptation: K=56 MSE=0.000359457039252359 time=948.5 ms ok
[248/345] Synthetic seed20000_sample451 kang_sparse_2015_adaptation: K=56 MSE=0.0010595151127640228 time=33.6 ms ok
[248/345] Synthetic seed20000_sample451 luo_linf_de_2022_adaptation: K=56 MSE=0.001056071885571366 time=2137.4 ms ok
[249/345] Synthetic seed20000_sample1150 ours: K=53 MSE=0.00043786154683115127 time=8.1 ms ok
[249/345] Synthetic seed20000_sample1150 park_dominant_point_2007_adaptation: K=56 MSE=0.00012845328326296302 time=87.2 ms ok
[249/345] Synthetic seed20000_sample1150 liang_feature_iki_2017_adaptation: K=56 MSE=0.0006721195706579985 time=70.9 ms ok
[249/345] Synthetic seed20000_sample1150 dung_direct_knot_2017_adaptation: K=56 MSE=0.0003479906221915449 time=956.5 ms ok
[249/345] Synthetic seed20000_sample1150 kang_sparse_2015_adaptation: K=56 MSE=0.0011689722667281414 time=26.9 ms ok
[249/345] Synthetic seed20000_sample1150 luo_linf_de_2022_adaptation: K=56 MSE=0.0010318018606094922 time=2136.0 ms ok
[250/345] Synthetic seed20000_sample2597 ours: K=53 MSE=0.0005831798729250123 time=7.9 ms ok
[250/345] Synthetic seed20000_sample2597 park_dominant_point_2007_adaptation: K=56 MSE=0.00011278693701648398 time=85.9 ms ok
[250/345] Synthetic seed20000_sample2597 liang_feature_iki_2017_adaptation: K=56 MSE=0.0008574489903612247 time=70.5 ms ok
[250/345] Synthetic seed20000_sample2597 dung_direct_knot_2017_adaptation: K=56 MSE=0.00025690831636474557 time=1003.6 ms ok
[250/345] Synthetic seed20000_sample2597 kang_sparse_2015_adaptation: K=56 MSE=0.0012703632464452729 time=25.3 ms ok
[250/345] Synthetic seed20000_sample2597 luo_linf_de_2022_adaptation: K=56 MSE=0.0012050115768305314 time=2134.3 ms ok
[251/345] Synthetic seed20000_sample3554 ours: K=53 MSE=0.0008680113831219044 time=7.9 ms ok
[251/345] Synthetic seed20000_sample3554 park_dominant_point_2007_adaptation: K=56 MSE=0.00010602525699820514 time=85.6 ms ok
[251/345] Synthetic seed20000_sample3554 liang_feature_iki_2017_adaptation: K=56 MSE=0.001024889152162375 time=70.0 ms ok
[251/345] Synthetic seed20000_sample3554 dung_direct_knot_2017_adaptation: K=56 MSE=0.0003435867095849569 time=998.6 ms ok
[251/345] Synthetic seed20000_sample3554 kang_sparse_2015_adaptation: K=56 MSE=0.0012652196517144035 time=43.1 ms ok
[251/345] Synthetic seed20000_sample3554 luo_linf_de_2022_adaptation: K=56 MSE=0.0009639354050607311 time=2127.2 ms ok
[252/345] Synthetic seed20000_sample193 ours: K=52 MSE=0.0008350248442025653 time=7.9 ms ok
[252/345] Synthetic seed20000_sample193 park_dominant_point_2007_adaptation: K=56 MSE=0.00011330616581166948 time=85.7 ms ok
[252/345] Synthetic seed20000_sample193 liang_feature_iki_2017_adaptation: K=56 MSE=0.0011332802196392254 time=70.8 ms ok
[252/345] Synthetic seed20000_sample193 dung_direct_knot_2017_adaptation: K=56 MSE=0.00043870052729323315 time=953.3 ms ok
[252/345] Synthetic seed20000_sample193 kang_sparse_2015_adaptation: K=56 MSE=0.00122487963680805 time=25.6 ms ok
[252/345] Synthetic seed20000_sample193 luo_linf_de_2022_adaptation: K=56 MSE=0.0008885700114714868 time=2139.3 ms ok
[253/345] Synthetic seed20000_sample2006 ours: K=53 MSE=0.0008065127078125432 time=7.9 ms ok
[253/345] Synthetic seed20000_sample2006 park_dominant_point_2007_adaptation: K=56 MSE=0.0001533168814324827 time=85.6 ms ok
[253/345] Synthetic seed20000_sample2006 liang_feature_iki_2017_adaptation: K=56 MSE=0.0009544057197689489 time=70.0 ms ok
[253/345] Synthetic seed20000_sample2006 dung_direct_knot_2017_adaptation: K=56 MSE=0.0005716759279945201 time=948.4 ms ok
[253/345] Synthetic seed20000_sample2006 kang_sparse_2015_adaptation: K=56 MSE=0.001906226115858843 time=42.7 ms ok
[253/345] Synthetic seed20000_sample2006 luo_linf_de_2022_adaptation: K=56 MSE=0.0018835380877819379 time=2138.0 ms ok
[254/345] Synthetic seed20000_sample957 ours: K=53 MSE=0.0013796062927459247 time=8.0 ms ok
[254/345] Synthetic seed20000_sample957 park_dominant_point_2007_adaptation: K=56 MSE=0.00013457055036684756 time=85.7 ms ok
[254/345] Synthetic seed20000_sample957 liang_feature_iki_2017_adaptation: K=56 MSE=0.0008149895149704021 time=70.6 ms ok
[254/345] Synthetic seed20000_sample957 dung_direct_knot_2017_adaptation: K=56 MSE=0.0004710024188130858 time=1001.5 ms ok
[254/345] Synthetic seed20000_sample957 kang_sparse_2015_adaptation: K=56 MSE=0.0012747870641419087 time=25.1 ms ok
[254/345] Synthetic seed20000_sample957 luo_linf_de_2022_adaptation: K=56 MSE=0.0011914177167652096 time=2126.8 ms ok
[255/345] Synthetic seed20000_sample1301 ours: K=52 MSE=0.0010371105718272608 time=7.9 ms ok
[255/345] Synthetic seed20000_sample1301 park_dominant_point_2007_adaptation: K=56 MSE=0.00012136275703620644 time=86.1 ms ok
[255/345] Synthetic seed20000_sample1301 liang_feature_iki_2017_adaptation: K=56 MSE=0.001411516154735778 time=70.1 ms ok
[255/345] Synthetic seed20000_sample1301 dung_direct_knot_2017_adaptation: K=56 MSE=0.00038012244651487156 time=959.8 ms ok
[255/345] Synthetic seed20000_sample1301 kang_sparse_2015_adaptation: K=56 MSE=0.0016469479158254029 time=179.5 ms ok
[255/345] Synthetic seed20000_sample1301 luo_linf_de_2022_adaptation: K=56 MSE=0.0016389972692396743 time=2132.8 ms ok
[256/345] Synthetic seed20000_sample695 ours: K=53 MSE=0.0006997113885634055 time=7.9 ms ok
[256/345] Synthetic seed20000_sample695 park_dominant_point_2007_adaptation: K=56 MSE=0.00015382582958664437 time=85.7 ms ok
[256/345] Synthetic seed20000_sample695 liang_feature_iki_2017_adaptation: K=56 MSE=0.0011078993530189054 time=70.6 ms ok
[256/345] Synthetic seed20000_sample695 dung_direct_knot_2017_adaptation: K=56 MSE=0.0003962304340873327 time=1001.0 ms ok
[256/345] Synthetic seed20000_sample695 kang_sparse_2015_adaptation: K=56 MSE=0.0014502024335225686 time=25.5 ms ok
[256/345] Synthetic seed20000_sample695 luo_linf_de_2022_adaptation: K=56 MSE=0.0012121132186720918 time=2134.9 ms ok
[257/345] Synthetic seed20000_sample2876 ours: K=52 MSE=0.0009704816353769602 time=7.9 ms ok
[257/345] Synthetic seed20000_sample2876 park_dominant_point_2007_adaptation: K=56 MSE=0.00013401706228345061 time=85.6 ms ok
[257/345] Synthetic seed20000_sample2876 liang_feature_iki_2017_adaptation: K=56 MSE=0.0008958084498073821 time=70.7 ms ok
[257/345] Synthetic seed20000_sample2876 dung_direct_knot_2017_adaptation: K=56 MSE=0.0003902709550630188 time=926.4 ms ok
[257/345] Synthetic seed20000_sample2876 kang_sparse_2015_adaptation: K=56 MSE=0.0016703089707168252 time=26.5 ms ok
[257/345] Synthetic seed20000_sample2876 luo_linf_de_2022_adaptation: K=56 MSE=0.0016459837565194664 time=2136.1 ms ok
[258/345] Synthetic seed20000_sample691 ours: K=53 MSE=0.0006915376445235105 time=8.0 ms ok
[258/345] Synthetic seed20000_sample691 park_dominant_point_2007_adaptation: K=56 MSE=0.00012296493596516633 time=85.5 ms ok
[258/345] Synthetic seed20000_sample691 liang_feature_iki_2017_adaptation: K=56 MSE=0.001273461411757676 time=70.3 ms ok
[258/345] Synthetic seed20000_sample691 dung_direct_knot_2017_adaptation: K=56 MSE=0.0004438569904592477 time=952.7 ms ok
[258/345] Synthetic seed20000_sample691 kang_sparse_2015_adaptation: K=56 MSE=0.001604010178483212 time=23.8 ms ok
[258/345] Synthetic seed20000_sample691 luo_linf_de_2022_adaptation: K=56 MSE=0.0013885906124091393 time=2131.4 ms ok
[259/345] Synthetic seed20000_sample988 ours: K=52 MSE=0.001318223634769196 time=7.9 ms ok
[259/345] Synthetic seed20000_sample988 park_dominant_point_2007_adaptation: K=56 MSE=0.00011881712188913076 time=85.8 ms ok
[259/345] Synthetic seed20000_sample988 liang_feature_iki_2017_adaptation: K=56 MSE=0.001018457228957986 time=70.0 ms ok
[259/345] Synthetic seed20000_sample988 dung_direct_knot_2017_adaptation: K=56 MSE=0.0006219879859776853 time=989.7 ms ok
[259/345] Synthetic seed20000_sample988 kang_sparse_2015_adaptation: K=56 MSE=0.0011978672122960816 time=237.4 ms ok
[259/345] Synthetic seed20000_sample988 luo_linf_de_2022_adaptation: K=56 MSE=0.0011978635225315965 time=2132.0 ms ok
[260/345] Synthetic seed20000_sample1723 ours: K=53 MSE=0.0006760951704589657 time=8.0 ms ok
[260/345] Synthetic seed20000_sample1723 park_dominant_point_2007_adaptation: K=56 MSE=0.0001695212207247469 time=85.2 ms ok
[260/345] Synthetic seed20000_sample1723 liang_feature_iki_2017_adaptation: K=56 MSE=0.0011661109890282342 time=70.8 ms ok
[260/345] Synthetic seed20000_sample1723 dung_direct_knot_2017_adaptation: K=56 MSE=0.0005813795521212459 time=975.3 ms ok
[260/345] Synthetic seed20000_sample1723 kang_sparse_2015_adaptation: K=56 MSE=0.001970421120784211 time=24.1 ms ok
[260/345] Synthetic seed20000_sample1723 luo_linf_de_2022_adaptation: K=56 MSE=0.0018976954857735694 time=2136.4 ms ok
[261/345] Synthetic seed20000_sample849 ours: K=53 MSE=0.0010485408092013873 time=8.0 ms ok
[261/345] Synthetic seed20000_sample849 park_dominant_point_2007_adaptation: K=56 MSE=0.00011609043922680981 time=85.0 ms ok
[261/345] Synthetic seed20000_sample849 liang_feature_iki_2017_adaptation: K=56 MSE=0.0011083138578722271 time=70.7 ms ok
[261/345] Synthetic seed20000_sample849 dung_direct_knot_2017_adaptation: K=56 MSE=0.00040581702840063687 time=990.5 ms ok
[261/345] Synthetic seed20000_sample849 kang_sparse_2015_adaptation: K=56 MSE=0.00302708762684197 time=24.2 ms ok
[261/345] Synthetic seed20000_sample849 luo_linf_de_2022_adaptation: K=56 MSE=0.002760985557190355 time=2140.0 ms ok
[262/345] Synthetic seed20000_sample703 ours: K=52 MSE=0.0019263333913400922 time=7.9 ms ok
[262/345] Synthetic seed20000_sample703 park_dominant_point_2007_adaptation: K=56 MSE=0.0001588589908189663 time=85.2 ms ok
[262/345] Synthetic seed20000_sample703 liang_feature_iki_2017_adaptation: K=56 MSE=0.0013309130587923906 time=70.5 ms ok
[262/345] Synthetic seed20000_sample703 dung_direct_knot_2017_adaptation: K=56 MSE=0.0007061664661289794 time=931.0 ms ok
[262/345] Synthetic seed20000_sample703 kang_sparse_2015_adaptation: K=56 MSE=0.001389712106419667 time=26.5 ms ok
[262/345] Synthetic seed20000_sample703 luo_linf_de_2022_adaptation: K=56 MSE=0.0013716885164326209 time=2132.8 ms ok
[263/345] Synthetic seed20000_sample831 ours: K=53 MSE=0.0011459923546017156 time=8.0 ms ok
[263/345] Synthetic seed20000_sample831 park_dominant_point_2007_adaptation: K=56 MSE=0.00015277263857498005 time=85.3 ms ok
[263/345] Synthetic seed20000_sample831 liang_feature_iki_2017_adaptation: K=56 MSE=0.0015782423063020936 time=69.9 ms ok
[263/345] Synthetic seed20000_sample831 dung_direct_knot_2017_adaptation: K=56 MSE=0.0005947341508163959 time=1031.9 ms ok
[263/345] Synthetic seed20000_sample831 kang_sparse_2015_adaptation: K=56 MSE=0.0017959818133912863 time=235.6 ms ok
[263/345] Synthetic seed20000_sample831 luo_linf_de_2022_adaptation: K=56 MSE=0.001689625321952148 time=2134.2 ms ok
[264/345] Synthetic seed20000_sample2125 ours: K=53 MSE=0.0011175165313174614 time=8.0 ms ok
[264/345] Synthetic seed20000_sample2125 park_dominant_point_2007_adaptation: K=56 MSE=0.00019317009299633104 time=85.1 ms ok
[264/345] Synthetic seed20000_sample2125 liang_feature_iki_2017_adaptation: K=56 MSE=0.0010158782804822965 time=70.6 ms ok
[264/345] Synthetic seed20000_sample2125 dung_direct_knot_2017_adaptation: K=56 MSE=0.0007840920087468133 time=886.8 ms ok
[264/345] Synthetic seed20000_sample2125 kang_sparse_2015_adaptation: K=56 MSE=0.0021313760685267146 time=25.1 ms ok
[264/345] Synthetic seed20000_sample2125 luo_linf_de_2022_adaptation: K=56 MSE=0.00212152326133311 time=2147.7 ms ok
[265/345] Synthetic seed20000_sample3656 ours: K=52 MSE=0.0012109195812823157 time=7.9 ms ok
[265/345] Synthetic seed20000_sample3656 park_dominant_point_2007_adaptation: K=56 MSE=0.00021296405767643172 time=85.5 ms ok
[265/345] Synthetic seed20000_sample3656 liang_feature_iki_2017_adaptation: K=56 MSE=0.0011695037831737545 time=70.8 ms ok
[265/345] Synthetic seed20000_sample3656 dung_direct_knot_2017_adaptation: K=56 MSE=0.0009150946637377864 time=922.5 ms ok
[265/345] Synthetic seed20000_sample3656 kang_sparse_2015_adaptation: K=56 MSE=0.002056675827976104 time=24.3 ms ok
[265/345] Synthetic seed20000_sample3656 luo_linf_de_2022_adaptation: K=56 MSE=0.0017232620765143354 time=2142.0 ms ok
[266/345] UJI uji2_07539_stroke_00 ours: K=32 MSE=5.3256909765113e-06 time=7.6 ms ok
[266/345] UJI uji2_07539_stroke_00 park_dominant_point_2007_adaptation: K=3 MSE=7.494505093740304e-05 time=5.0 ms ok
[266/345] UJI uji2_07539_stroke_00 liang_feature_iki_2017_adaptation: K=4 MSE=4.60402604068567e-05 time=4.2 ms ok
[266/345] UJI uji2_07539_stroke_00 dung_direct_knot_2017_adaptation: K=5 MSE=5.228074396949878e-05 time=78.3 ms ok
[266/345] UJI uji2_07539_stroke_00 kang_sparse_2015_adaptation: K=40 MSE=7.587332039436178e-05 time=3522.3 ms ok
[266/345] UJI uji2_07539_stroke_00 luo_linf_de_2022_adaptation: K=3 MSE=6.23666009165653e-05 time=6851.2 ms ok
[267/345] UJI uji2_08691_stroke_00 ours: K=18 MSE=4.0875773862548916e-05 time=7.5 ms ok
[267/345] UJI uji2_08691_stroke_00 park_dominant_point_2007_adaptation: K=10 MSE=9.830056202842975e-05 time=12.2 ms ok
[267/345] UJI uji2_08691_stroke_00 liang_feature_iki_2017_adaptation: K=7 MSE=8.81557398904792e-05 time=7.1 ms ok
[267/345] UJI uji2_08691_stroke_00 dung_direct_knot_2017_adaptation: K=8 MSE=3.231980976086308e-05 time=115.5 ms ok
[267/345] UJI uji2_08691_stroke_00 kang_sparse_2015_adaptation: K=14 MSE=3.906098362703209e-05 time=2945.0 ms ok
[267/345] UJI uji2_08691_stroke_00 luo_linf_de_2022_adaptation: K=5 MSE=5.9304063405798996e-05 time=6824.8 ms ok
[268/345] UJI uji2_05687_stroke_00 ours: K=31 MSE=9.13650025580961e-05 time=7.7 ms ok
[268/345] UJI uji2_05687_stroke_00 park_dominant_point_2007_adaptation: K=14 MSE=6.33348735672967e-05 time=16.4 ms ok
[268/345] UJI uji2_05687_stroke_00 liang_feature_iki_2017_adaptation: K=10 MSE=8.715031932080392e-05 time=10.2 ms ok
[268/345] UJI uji2_05687_stroke_00 dung_direct_knot_2017_adaptation: K=10 MSE=4.1906649387440965e-05 time=147.6 ms ok
[268/345] UJI uji2_05687_stroke_00 kang_sparse_2015_adaptation: K=12 MSE=6.106481958952926e-05 time=2995.5 ms ok
[268/345] UJI uji2_05687_stroke_00 luo_linf_de_2022_adaptation: K=10 MSE=7.789651131653757e-05 time=6452.8 ms ok
[269/345] UJI uji2_09129_stroke_00 ours: K=34 MSE=1.8214763656783058e-05 time=7.7 ms ok
[269/345] UJI uji2_09129_stroke_00 park_dominant_point_2007_adaptation: K=20 MSE=6.365499241014322e-05 time=23.7 ms ok
[269/345] UJI uji2_09129_stroke_00 liang_feature_iki_2017_adaptation: K=14 MSE=8.054943511999837e-05 time=14.0 ms ok
[269/345] UJI uji2_09129_stroke_00 dung_direct_knot_2017_adaptation: K=8 MSE=7.825724366698849e-05 time=112.0 ms ok
[269/345] UJI uji2_09129_stroke_00 kang_sparse_2015_adaptation: K=20 MSE=2.9803125036669192e-05 time=2699.1 ms ok
[269/345] UJI uji2_09129_stroke_00 luo_linf_de_2022_adaptation: K=9 MSE=6.872511580438121e-05 time=6825.3 ms ok
[270/345] UJI uji2_02841_stroke_01 ours: K=29 MSE=4.533800970247447e-06 time=7.6 ms ok
[270/345] UJI uji2_02841_stroke_01 park_dominant_point_2007_adaptation: K=1 MSE=8.595682365690345e-05 time=3.1 ms ok
[270/345] UJI uji2_02841_stroke_01 liang_feature_iki_2017_adaptation: K=4 MSE=2.1914255555990046e-05 time=4.2 ms ok
[270/345] UJI uji2_02841_stroke_01 dung_direct_knot_2017_adaptation: K=2 MSE=2.854372030392831e-05 time=51.3 ms ok
[270/345] UJI uji2_02841_stroke_01 kang_sparse_2015_adaptation: K=54 MSE=6.642504442629065e-08 time=2125.7 ms ok
[270/345] UJI uji2_02841_stroke_01 luo_linf_de_2022_adaptation: K=5 MSE=1.1784203340000971e-05 time=7478.2 ms ok
[271/345] UJI uji2_05191_stroke_01 ours: K=28 MSE=3.7728170358675186e-06 time=7.7 ms ok
[271/345] UJI uji2_05191_stroke_01 park_dominant_point_2007_adaptation: K=2 MSE=6.973148077680029e-05 time=4.0 ms ok
[271/345] UJI uji2_05191_stroke_01 liang_feature_iki_2017_adaptation: K=4 MSE=2.1683874783416012e-05 time=4.3 ms ok
[271/345] UJI uji2_05191_stroke_01 dung_direct_knot_2017_adaptation: K=2 MSE=5.038193693755587e-05 time=36.9 ms ok
[271/345] UJI uji2_05191_stroke_01 kang_sparse_2015_adaptation: K=1 MSE=5.6304767564498914e-05 time=18.2 ms ok
[271/345] UJI uji2_05191_stroke_01 luo_linf_de_2022_adaptation: K=7 MSE=3.257719173077139e-06 time=7713.6 ms ok
[272/345] UJI uji2_10314_stroke_01 ours: K=22 MSE=3.244187224043721e-05 time=7.6 ms ok
[272/345] UJI uji2_10314_stroke_01 park_dominant_point_2007_adaptation: K=7 MSE=5.919383093032127e-05 time=9.0 ms ok
[272/345] UJI uji2_10314_stroke_01 liang_feature_iki_2017_adaptation: K=6 MSE=7.354592604544885e-05 time=6.1 ms ok
[272/345] UJI uji2_10314_stroke_01 dung_direct_knot_2017_adaptation: K=6 MSE=4.288890009015536e-05 time=81.4 ms ok
[272/345] UJI uji2_10314_stroke_01 kang_sparse_2015_adaptation: K=6 MSE=5.483231837133446e-05 time=3187.7 ms ok
[272/345] UJI uji2_10314_stroke_01 luo_linf_de_2022_adaptation: K=5 MSE=8.006617960638906e-05 time=6853.9 ms ok
[273/345] UJI uji2_02399_stroke_00 ours: K=30 MSE=2.425170438136004e-05 time=7.6 ms ok
[273/345] UJI uji2_02399_stroke_00 park_dominant_point_2007_adaptation: K=3 MSE=7.826762564442878e-05 time=5.0 ms ok
[273/345] UJI uji2_02399_stroke_00 liang_feature_iki_2017_adaptation: K=4 MSE=1.6934802008697597e-05 time=4.2 ms ok
[273/345] UJI uji2_02399_stroke_00 dung_direct_knot_2017_adaptation: K=3 MSE=4.6019651139421e-05 time=59.3 ms ok
[273/345] UJI uji2_02399_stroke_00 kang_sparse_2015_adaptation: K=54 MSE=2.010417264345786e-07 time=2159.3 ms ok
[273/345] UJI uji2_02399_stroke_00 luo_linf_de_2022_adaptation: K=7 MSE=7.054902285573313e-06 time=7301.8 ms ok
[274/345] UJI uji2_07973_stroke_00 ours: K=30 MSE=3.81819483738089e-05 time=7.6 ms ok
[274/345] UJI uji2_07973_stroke_00 park_dominant_point_2007_adaptation: K=5 MSE=3.3407601788218684e-05 time=7.0 ms ok
[274/345] UJI uji2_07973_stroke_00 liang_feature_iki_2017_adaptation: K=6 MSE=6.0487096009290686e-05 time=6.1 ms ok
[274/345] UJI uji2_07973_stroke_00 dung_direct_knot_2017_adaptation: K=9 MSE=9.062415776756558e-05 time=92.9 ms ok
[274/345] UJI uji2_07973_stroke_00 kang_sparse_2015_adaptation: K=22 MSE=3.241584615943546e-05 time=3405.3 ms ok
[274/345] UJI uji2_07973_stroke_00 luo_linf_de_2022_adaptation: K=12 MSE=9.951761251112258e-05 time=6709.4 ms ok
[275/345] UJI uji2_02662_stroke_01 ours: K=37 MSE=1.0110756389405692e-06 time=7.7 ms ok
[275/345] UJI uji2_02662_stroke_01 park_dominant_point_2007_adaptation: K=0 MSE=4.8463634853681e-05 time=2.2 ms ok
[275/345] UJI uji2_02662_stroke_01 liang_feature_iki_2017_adaptation: K=4 MSE=3.9612787864923205e-06 time=4.2 ms ok
[275/345] UJI uji2_02662_stroke_01 dung_direct_knot_2017_adaptation: K=1 MSE=1.9045832631543528e-05 time=20.8 ms ok
[275/345] UJI uji2_02662_stroke_01 kang_sparse_2015_adaptation: K=0 MSE=4.8463634853681e-05 time=4.3 ms ok
[275/345] UJI uji2_02662_stroke_01 luo_linf_de_2022_adaptation: K=4 MSE=1.708506491829417e-06 time=8113.2 ms ok
[276/345] UJI uji2_02219_stroke_00 ours: K=30 MSE=3.0297084099928205e-05 time=7.6 ms ok
[276/345] UJI uji2_02219_stroke_00 park_dominant_point_2007_adaptation: K=26 MSE=6.693899368285486e-05 time=32.2 ms ok
[276/345] UJI uji2_02219_stroke_00 liang_feature_iki_2017_adaptation: K=15 MSE=9.195774875920431e-05 time=15.0 ms ok
[276/345] UJI uji2_02219_stroke_00 dung_direct_knot_2017_adaptation: K=13 MSE=6.787612877532764e-05 time=181.6 ms ok
[276/345] UJI uji2_02219_stroke_00 kang_sparse_2015_adaptation: K=32 MSE=2.7793460884535827e-05 time=2471.4 ms ok
[276/345] UJI uji2_02219_stroke_00 luo_linf_de_2022_adaptation: K=15 MSE=9.018558875367147e-05 time=7941.3 ms ok
[277/345] UJI uji2_09722_stroke_00 ours: K=25 MSE=2.6798634269180512e-05 time=7.6 ms ok
[277/345] UJI uji2_09722_stroke_00 park_dominant_point_2007_adaptation: K=9 MSE=8.421715726793077e-05 time=11.1 ms ok
[277/345] UJI uji2_09722_stroke_00 liang_feature_iki_2017_adaptation: K=6 MSE=7.317342353650749e-05 time=6.1 ms ok
[277/345] UJI uji2_09722_stroke_00 dung_direct_knot_2017_adaptation: K=6 MSE=5.482418417508892e-05 time=108.7 ms ok
[277/345] UJI uji2_09722_stroke_00 kang_sparse_2015_adaptation: K=9 MSE=5.356789400820831e-05 time=3169.9 ms ok
[277/345] UJI uji2_09722_stroke_00 luo_linf_de_2022_adaptation: K=6 MSE=9.894475546264373e-05 time=6940.8 ms ok
[278/345] UJI uji2_03341_stroke_00 ours: K=32 MSE=1.987882073052955e-05 time=7.7 ms ok
[278/345] UJI uji2_03341_stroke_00 park_dominant_point_2007_adaptation: K=25 MSE=9.117904984402743e-05 time=30.7 ms ok
[278/345] UJI uji2_03341_stroke_00 liang_feature_iki_2017_adaptation: K=16 MSE=8.743744678066209e-05 time=15.9 ms ok
[278/345] UJI uji2_03341_stroke_00 dung_direct_knot_2017_adaptation: K=11 MSE=7.581810681244716e-05 time=163.4 ms ok
[278/345] UJI uji2_03341_stroke_00 kang_sparse_2015_adaptation: K=31 MSE=3.748985015233067e-05 time=2583.1 ms ok
[278/345] UJI uji2_03341_stroke_00 luo_linf_de_2022_adaptation: K=11 MSE=7.584197611129667e-05 time=8272.5 ms ok
[279/345] UJI uji2_11617_stroke_00 ours: K=29 MSE=7.565365459476745e-06 time=7.6 ms ok
[279/345] UJI uji2_11617_stroke_00 park_dominant_point_2007_adaptation: K=6 MSE=9.758614925263683e-05 time=7.9 ms ok
[279/345] UJI uji2_11617_stroke_00 liang_feature_iki_2017_adaptation: K=4 MSE=2.6712787988933206e-05 time=4.2 ms ok
[279/345] UJI uji2_11617_stroke_00 dung_direct_knot_2017_adaptation: K=4 MSE=3.285970160088243e-05 time=46.5 ms ok
[279/345] UJI uji2_11617_stroke_00 kang_sparse_2015_adaptation: K=38 MSE=7.366080232997162e-05 time=3430.9 ms ok
[279/345] UJI uji2_11617_stroke_00 luo_linf_de_2022_adaptation: K=5 MSE=7.922374121745204e-06 time=7178.5 ms ok
[280/345] UJI uji2_06383_stroke_00 ours: K=28 MSE=1.613636406316728e-05 time=7.7 ms ok
[280/345] UJI uji2_06383_stroke_00 park_dominant_point_2007_adaptation: K=10 MSE=1.857168773480835e-05 time=12.1 ms ok
[280/345] UJI uji2_06383_stroke_00 liang_feature_iki_2017_adaptation: K=5 MSE=4.014988556446315e-05 time=5.2 ms ok
[280/345] UJI uji2_06383_stroke_00 dung_direct_knot_2017_adaptation: K=5 MSE=3.122448604206573e-05 time=65.1 ms ok
[280/345] UJI uji2_06383_stroke_00 kang_sparse_2015_adaptation: K=4 MSE=7.218716702553269e-05 time=3210.5 ms ok
[280/345] UJI uji2_06383_stroke_00 luo_linf_de_2022_adaptation: K=4 MSE=3.08228131449308e-05 time=6975.0 ms ok
[281/345] UJI uji2_10965_stroke_00 ours: K=36 MSE=1.9580243345155603e-05 time=7.8 ms ok
[281/345] UJI uji2_10965_stroke_00 park_dominant_point_2007_adaptation: K=7 MSE=7.112948142813167e-05 time=9.0 ms ok
[281/345] UJI uji2_10965_stroke_00 liang_feature_iki_2017_adaptation: K=6 MSE=6.091155238736405e-05 time=6.1 ms ok
[281/345] UJI uji2_10965_stroke_00 dung_direct_knot_2017_adaptation: K=7 MSE=7.092979179602958e-05 time=70.3 ms ok
[281/345] UJI uji2_10965_stroke_00 kang_sparse_2015_adaptation: K=8 MSE=3.0074351631229668e-05 time=3266.0 ms ok
[281/345] UJI uji2_10965_stroke_00 luo_linf_de_2022_adaptation: K=12 MSE=8.315092825199136e-06 time=7649.0 ms ok
[282/345] UJI uji2_03067_stroke_00 ours: K=28 MSE=5.484451839313716e-06 time=7.7 ms ok
[282/345] UJI uji2_03067_stroke_00 park_dominant_point_2007_adaptation: K=6 MSE=4.949626556708831e-05 time=12.8 ms ok
[282/345] UJI uji2_03067_stroke_00 liang_feature_iki_2017_adaptation: K=7 MSE=5.575333893609541e-05 time=7.1 ms ok
[282/345] UJI uji2_03067_stroke_00 dung_direct_knot_2017_adaptation: K=6 MSE=6.690015765983794e-05 time=64.5 ms ok
[282/345] UJI uji2_03067_stroke_00 kang_sparse_2015_adaptation: K=7 MSE=3.58350175449512e-05 time=2455.3 ms ok
[282/345] UJI uji2_03067_stroke_00 luo_linf_de_2022_adaptation: K=6 MSE=2.9718030723739517e-05 time=7313.3 ms ok
[283/345] UJI uji2_06861_stroke_00 ours: K=31 MSE=9.553978951146107e-06 time=7.7 ms ok
[283/345] UJI uji2_06861_stroke_00 park_dominant_point_2007_adaptation: K=3 MSE=5.7690543164064756e-05 time=5.0 ms ok
[283/345] UJI uji2_06861_stroke_00 liang_feature_iki_2017_adaptation: K=4 MSE=2.407167159015052e-05 time=4.2 ms ok
[283/345] UJI uji2_06861_stroke_00 dung_direct_knot_2017_adaptation: K=4 MSE=5.1774489527059353e-05 time=46.0 ms ok
[283/345] UJI uji2_06861_stroke_00 kang_sparse_2015_adaptation: K=54 MSE=1.683942953580164e-07 time=2133.5 ms ok
[283/345] UJI uji2_06861_stroke_00 luo_linf_de_2022_adaptation: K=6 MSE=3.671170304791395e-06 time=7297.3 ms ok
[284/345] UJI uji2_03949_stroke_01 ours: K=38 MSE=1.4030862170439342e-05 time=7.8 ms ok
[284/345] UJI uji2_03949_stroke_01 park_dominant_point_2007_adaptation: K=26 MSE=6.750834795206877e-05 time=32.1 ms ok
[284/345] UJI uji2_03949_stroke_01 liang_feature_iki_2017_adaptation: K=13 MSE=8.134726961576245e-05 time=12.9 ms ok
[284/345] UJI uji2_03949_stroke_01 dung_direct_knot_2017_adaptation: K=11 MSE=5.349470217737558e-05 time=110.3 ms ok
[284/345] UJI uji2_03949_stroke_01 kang_sparse_2015_adaptation: K=12 MSE=8.79849774574268e-05 time=2870.4 ms ok
[284/345] UJI uji2_03949_stroke_01 luo_linf_de_2022_adaptation: K=11 MSE=9.88766084506851e-05 time=6928.2 ms ok
[285/345] UJI uji2_04638_stroke_02 ours: K=29 MSE=3.0313197191287824e-05 time=7.6 ms ok
[285/345] UJI uji2_04638_stroke_02 park_dominant_point_2007_adaptation: K=15 MSE=9.463507307225614e-05 time=23.3 ms ok
[285/345] UJI uji2_04638_stroke_02 liang_feature_iki_2017_adaptation: K=16 MSE=9.612384422868878e-05 time=16.0 ms ok
[285/345] UJI uji2_04638_stroke_02 dung_direct_knot_2017_adaptation: K=13 MSE=8.416244444273954e-05 time=231.5 ms ok
[285/345] UJI uji2_04638_stroke_02 kang_sparse_2015_adaptation: K=16 MSE=5.56463660618679e-05 time=2793.5 ms ok
[285/345] UJI uji2_04638_stroke_02 luo_linf_de_2022_adaptation: K=15 MSE=7.224246614795803e-05 time=7710.2 ms ok
[286/345] NaturalEarth natural_earth_10m_coastline_625e1d04cc46_w000_625e1d04 ours: K=27 MSE=4.136772340971453e-05 time=7.7 ms ok
[286/345] NaturalEarth natural_earth_10m_coastline_625e1d04cc46_w000_625e1d04 park_dominant_point_2007_adaptation: K=20 MSE=8.089461493224452e-05 time=32.1 ms ok
[286/345] NaturalEarth natural_earth_10m_coastline_625e1d04cc46_w000_625e1d04 liang_feature_iki_2017_adaptation: K=19 MSE=9.305296224436615e-05 time=19.2 ms ok
[286/345] NaturalEarth natural_earth_10m_coastline_625e1d04cc46_w000_625e1d04 dung_direct_knot_2017_adaptation: K=14 MSE=9.100653995299937e-05 time=245.8 ms ok
[286/345] NaturalEarth natural_earth_10m_coastline_625e1d04cc46_w000_625e1d04 kang_sparse_2015_adaptation: K=26 MSE=3.755940407137448e-05 time=2471.7 ms ok
[286/345] NaturalEarth natural_earth_10m_coastline_625e1d04cc46_w000_625e1d04 luo_linf_de_2022_adaptation: K=18 MSE=9.933230337088679e-05 time=8332.2 ms ok
[287/345] NaturalEarth natural_earth_10m_coastline_fc0054f439fb_w000_fc0054f4 ours: K=31 MSE=1.5715422712895823e-05 time=7.7 ms ok
[287/345] NaturalEarth natural_earth_10m_coastline_fc0054f439fb_w000_fc0054f4 park_dominant_point_2007_adaptation: K=15 MSE=4.2341309451365235e-05 time=19.7 ms ok
[287/345] NaturalEarth natural_earth_10m_coastline_fc0054f439fb_w000_fc0054f4 liang_feature_iki_2017_adaptation: K=13 MSE=7.045690214214838e-05 time=13.0 ms ok
[287/345] NaturalEarth natural_earth_10m_coastline_fc0054f439fb_w000_fc0054f4 dung_direct_knot_2017_adaptation: K=12 MSE=5.3105110574083724e-05 time=219.6 ms ok
[287/345] NaturalEarth natural_earth_10m_coastline_fc0054f439fb_w000_fc0054f4 kang_sparse_2015_adaptation: K=13 MSE=7.737126746483507e-05 time=2746.9 ms ok
[287/345] NaturalEarth natural_earth_10m_coastline_fc0054f439fb_w000_fc0054f4 luo_linf_de_2022_adaptation: K=12 MSE=7.374742545583001e-05 time=8812.5 ms ok
[288/345] NaturalEarth natural_earth_10m_coastline_9689932c41e1_w000_9689932c ours: K=32 MSE=2.084921831434043e-05 time=7.7 ms ok
[288/345] NaturalEarth natural_earth_10m_coastline_9689932c41e1_w000_9689932c park_dominant_point_2007_adaptation: K=10 MSE=9.226561180015596e-05 time=12.1 ms ok
[288/345] NaturalEarth natural_earth_10m_coastline_9689932c41e1_w000_9689932c liang_feature_iki_2017_adaptation: K=11 MSE=9.106922000888155e-05 time=11.0 ms ok
[288/345] NaturalEarth natural_earth_10m_coastline_9689932c41e1_w000_9689932c dung_direct_knot_2017_adaptation: K=10 MSE=7.570982594382693e-05 time=146.0 ms ok
[288/345] NaturalEarth natural_earth_10m_coastline_9689932c41e1_w000_9689932c kang_sparse_2015_adaptation: K=12 MSE=8.182472271700269e-05 time=2896.4 ms ok
[288/345] NaturalEarth natural_earth_10m_coastline_9689932c41e1_w000_9689932c luo_linf_de_2022_adaptation: K=12 MSE=9.431647469093575e-05 time=7365.4 ms ok
[289/345] NaturalEarth natural_earth_10m_coastline_e860de78f1fa_w000_e860de78 ours: K=26 MSE=1.1873890672271726e-05 time=7.6 ms ok
[289/345] NaturalEarth natural_earth_10m_coastline_e860de78f1fa_w000_e860de78 park_dominant_point_2007_adaptation: K=10 MSE=9.796359135014669e-05 time=19.0 ms ok
[289/345] NaturalEarth natural_earth_10m_coastline_e860de78f1fa_w000_e860de78 liang_feature_iki_2017_adaptation: K=10 MSE=7.529721471813767e-05 time=10.0 ms ok
[289/345] NaturalEarth natural_earth_10m_coastline_e860de78f1fa_w000_e860de78 dung_direct_knot_2017_adaptation: K=9 MSE=6.92360366358554e-05 time=125.8 ms ok
[289/345] NaturalEarth natural_earth_10m_coastline_e860de78f1fa_w000_e860de78 kang_sparse_2015_adaptation: K=11 MSE=8.93515783812376e-05 time=2935.7 ms ok
[289/345] NaturalEarth natural_earth_10m_coastline_e860de78f1fa_w000_e860de78 luo_linf_de_2022_adaptation: K=6 MSE=8.625806706267585e-05 time=7106.6 ms ok
[290/345] NaturalEarth natural_earth_10m_coastline_9d44eb568484_w000_9d44eb56 ours: K=27 MSE=1.8066057209735108e-05 time=7.7 ms ok
[290/345] NaturalEarth natural_earth_10m_coastline_9d44eb568484_w000_9d44eb56 park_dominant_point_2007_adaptation: K=12 MSE=8.481156447441477e-05 time=23.3 ms ok
[290/345] NaturalEarth natural_earth_10m_coastline_9d44eb568484_w000_9d44eb56 liang_feature_iki_2017_adaptation: K=17 MSE=5.910579459691106e-05 time=17.0 ms ok
[290/345] NaturalEarth natural_earth_10m_coastline_9d44eb568484_w000_9d44eb56 dung_direct_knot_2017_adaptation: K=9 MSE=6.770508130018652e-05 time=153.4 ms ok
[290/345] NaturalEarth natural_earth_10m_coastline_9d44eb568484_w000_9d44eb56 kang_sparse_2015_adaptation: K=20 MSE=4.105017979714136e-05 time=2564.9 ms ok
[290/345] NaturalEarth natural_earth_10m_coastline_9d44eb568484_w000_9d44eb56 luo_linf_de_2022_adaptation: K=12 MSE=9.402562396785598e-05 time=8950.7 ms ok
[291/345] NaturalEarth natural_earth_10m_coastline_f00df2e1331e_w000_f00df2e1 ours: K=27 MSE=8.898862242264378e-05 time=7.7 ms ok
[291/345] NaturalEarth natural_earth_10m_coastline_f00df2e1331e_w000_f00df2e1 park_dominant_point_2007_adaptation: K=27 MSE=8.879744968549854e-05 time=34.5 ms ok
[291/345] NaturalEarth natural_earth_10m_coastline_f00df2e1331e_w000_f00df2e1 liang_feature_iki_2017_adaptation: K=20 MSE=9.683933604426761e-05 time=20.3 ms ok
[291/345] NaturalEarth natural_earth_10m_coastline_f00df2e1331e_w000_f00df2e1 dung_direct_knot_2017_adaptation: K=18 MSE=8.235363715403838e-05 time=256.3 ms ok
[291/345] NaturalEarth natural_earth_10m_coastline_f00df2e1331e_w000_f00df2e1 kang_sparse_2015_adaptation: K=55 MSE=1.5732483472301898e-05 time=1888.6 ms ok
[291/345] NaturalEarth natural_earth_10m_coastline_f00df2e1331e_w000_f00df2e1 luo_linf_de_2022_adaptation: K=20 MSE=8.595050387018238e-05 time=7561.0 ms ok
[292/345] NaturalEarth natural_earth_10m_coastline_556f5c329f0f_w000_556f5c32 ours: K=32 MSE=0.00030282735586476873 time=7.7 ms ok
[292/345] NaturalEarth natural_earth_10m_coastline_556f5c329f0f_w000_556f5c32 park_dominant_point_2007_adaptation: K=46 MSE=9.631996907068681e-05 time=64.9 ms ok
[292/345] NaturalEarth natural_earth_10m_coastline_556f5c329f0f_w000_556f5c32 liang_feature_iki_2017_adaptation: K=44 MSE=9.487545854055338e-05 time=51.6 ms ok
[292/345] NaturalEarth natural_earth_10m_coastline_556f5c329f0f_w000_556f5c32 dung_direct_knot_2017_adaptation: K=39 MSE=9.783062345047171e-05 time=667.9 ms ok
[292/345] NaturalEarth natural_earth_10m_coastline_556f5c329f0f_w000_556f5c32 kang_sparse_2015_adaptation: K=56 MSE=8.132482385735211e-05 time=1292.8 ms ok
[292/345] NaturalEarth natural_earth_10m_coastline_556f5c329f0f_w000_556f5c32 luo_linf_de_2022_adaptation: K=48 MSE=9.603779476386141e-05 time=3318.1 ms ok
[293/345] NaturalEarth natural_earth_10m_coastline_728b0ed8c15a_w000_de37144e ours: K=21 MSE=7.383681485222934e-05 time=7.6 ms ok
[293/345] NaturalEarth natural_earth_10m_coastline_728b0ed8c15a_w000_de37144e park_dominant_point_2007_adaptation: K=19 MSE=8.357978435853131e-05 time=22.4 ms ok
[293/345] NaturalEarth natural_earth_10m_coastline_728b0ed8c15a_w000_de37144e liang_feature_iki_2017_adaptation: K=14 MSE=9.675291774594788e-05 time=13.9 ms ok
[293/345] NaturalEarth natural_earth_10m_coastline_728b0ed8c15a_w000_de37144e dung_direct_knot_2017_adaptation: K=14 MSE=9.682434754218597e-05 time=234.7 ms ok
[293/345] NaturalEarth natural_earth_10m_coastline_728b0ed8c15a_w000_de37144e kang_sparse_2015_adaptation: K=14 MSE=8.0891168246442e-05 time=2893.9 ms ok
[293/345] NaturalEarth natural_earth_10m_coastline_728b0ed8c15a_w000_de37144e luo_linf_de_2022_adaptation: K=14 MSE=8.296023082261798e-05 time=6742.7 ms ok
[294/345] NaturalEarth natural_earth_10m_coastline_89e3d1a22eea_w000_89e3d1a2 ours: K=30 MSE=8.105770449594951e-05 time=7.6 ms ok
[294/345] NaturalEarth natural_earth_10m_coastline_89e3d1a22eea_w000_89e3d1a2 park_dominant_point_2007_adaptation: K=22 MSE=8.918393089795605e-05 time=26.4 ms ok
[294/345] NaturalEarth natural_earth_10m_coastline_89e3d1a22eea_w000_89e3d1a2 liang_feature_iki_2017_adaptation: K=13 MSE=9.658627258716009e-05 time=12.9 ms ok
[294/345] NaturalEarth natural_earth_10m_coastline_89e3d1a22eea_w000_89e3d1a2 dung_direct_knot_2017_adaptation: K=13 MSE=8.160312723417744e-05 time=141.7 ms ok
[294/345] NaturalEarth natural_earth_10m_coastline_89e3d1a22eea_w000_89e3d1a2 kang_sparse_2015_adaptation: K=12 MSE=8.722712165717761e-05 time=2866.6 ms ok
[294/345] NaturalEarth natural_earth_10m_coastline_89e3d1a22eea_w000_89e3d1a2 luo_linf_de_2022_adaptation: K=15 MSE=7.871250180475796e-05 time=6910.6 ms ok
[295/345] NaturalEarth natural_earth_10m_coastline_461fdd148407_w000_461fdd14 ours: K=25 MSE=8.764584874561217e-05 time=7.6 ms ok
[295/345] NaturalEarth natural_earth_10m_coastline_461fdd148407_w000_461fdd14 park_dominant_point_2007_adaptation: K=16 MSE=7.740457686301319e-05 time=20.8 ms ok
[295/345] NaturalEarth natural_earth_10m_coastline_461fdd148407_w000_461fdd14 liang_feature_iki_2017_adaptation: K=13 MSE=9.975332208161162e-05 time=12.9 ms ok
[295/345] NaturalEarth natural_earth_10m_coastline_461fdd148407_w000_461fdd14 dung_direct_knot_2017_adaptation: K=13 MSE=8.921868084621347e-05 time=207.8 ms ok
[295/345] NaturalEarth natural_earth_10m_coastline_461fdd148407_w000_461fdd14 kang_sparse_2015_adaptation: K=19 MSE=6.740163615976323e-05 time=2584.1 ms ok
[295/345] NaturalEarth natural_earth_10m_coastline_461fdd148407_w000_461fdd14 luo_linf_de_2022_adaptation: K=13 MSE=9.01685208767913e-05 time=8145.6 ms ok
[296/345] NaturalEarth natural_earth_10m_coastline_d78a18ec5a9e_w000_d78a18ec ours: K=28 MSE=4.700454226639968e-05 time=7.7 ms ok
[296/345] NaturalEarth natural_earth_10m_coastline_d78a18ec5a9e_w000_d78a18ec park_dominant_point_2007_adaptation: K=11 MSE=8.269380172330358e-05 time=14.3 ms ok
[296/345] NaturalEarth natural_earth_10m_coastline_d78a18ec5a9e_w000_d78a18ec liang_feature_iki_2017_adaptation: K=13 MSE=8.29479153396488e-05 time=12.9 ms ok
[296/345] NaturalEarth natural_earth_10m_coastline_d78a18ec5a9e_w000_d78a18ec dung_direct_knot_2017_adaptation: K=14 MSE=4.69421172669359e-05 time=159.2 ms ok
[296/345] NaturalEarth natural_earth_10m_coastline_d78a18ec5a9e_w000_d78a18ec kang_sparse_2015_adaptation: K=11 MSE=6.646502543793946e-05 time=2843.7 ms ok
[296/345] NaturalEarth natural_earth_10m_coastline_d78a18ec5a9e_w000_d78a18ec luo_linf_de_2022_adaptation: K=12 MSE=9.323314007518228e-05 time=7529.2 ms ok
[297/345] NaturalEarth natural_earth_10m_coastline_345ef8543edb_w000_345ef854 ours: K=20 MSE=0.00010508928304892961 time=7.6 ms ok
[297/345] NaturalEarth natural_earth_10m_coastline_345ef8543edb_w000_345ef854 park_dominant_point_2007_adaptation: K=13 MSE=8.376541176393004e-05 time=15.3 ms ok
[297/345] NaturalEarth natural_earth_10m_coastline_345ef8543edb_w000_345ef854 liang_feature_iki_2017_adaptation: K=12 MSE=9.472091180280527e-05 time=11.9 ms ok
[297/345] NaturalEarth natural_earth_10m_coastline_345ef8543edb_w000_345ef854 dung_direct_knot_2017_adaptation: K=11 MSE=9.042011986722933e-05 time=164.5 ms ok
[297/345] NaturalEarth natural_earth_10m_coastline_345ef8543edb_w000_345ef854 kang_sparse_2015_adaptation: K=10 MSE=9.119756767245688e-05 time=2918.9 ms ok
[297/345] NaturalEarth natural_earth_10m_coastline_345ef8543edb_w000_345ef854 luo_linf_de_2022_adaptation: K=11 MSE=7.42731000027801e-05 time=7041.9 ms ok
[298/345] NaturalEarth natural_earth_10m_coastline_0492a6ef404e_w000_0492a6ef ours: K=41 MSE=0.0016402835548381463 time=7.9 ms ok
[298/345] NaturalEarth natural_earth_10m_coastline_0492a6ef404e_w000_0492a6ef park_dominant_point_2007_adaptation: K=56 MSE=0.00026886878998577386 time=85.3 ms ok
[298/345] NaturalEarth natural_earth_10m_coastline_0492a6ef404e_w000_0492a6ef liang_feature_iki_2017_adaptation: K=56 MSE=0.000287809628946758 time=70.8 ms ok
[298/345] NaturalEarth natural_earth_10m_coastline_0492a6ef404e_w000_0492a6ef dung_direct_knot_2017_adaptation: K=56 MSE=0.00020097617025818253 time=963.0 ms ok
[298/345] NaturalEarth natural_earth_10m_coastline_0492a6ef404e_w000_0492a6ef kang_sparse_2015_adaptation: K=56 MSE=0.00036367295134085066 time=23.9 ms ok
[298/345] NaturalEarth natural_earth_10m_coastline_0492a6ef404e_w000_0492a6ef luo_linf_de_2022_adaptation: K=56 MSE=0.00036367295134085066 time=2925.6 ms ok
[299/345] NaturalEarth natural_earth_10m_coastline_4afd28bfd483_w000_4afd28bf ours: K=17 MSE=0.001304900163273489 time=7.4 ms ok
[299/345] NaturalEarth natural_earth_10m_coastline_4afd28bfd483_w000_4afd28bf park_dominant_point_2007_adaptation: K=49 MSE=9.675160115628339e-05 time=73.3 ms ok
[299/345] NaturalEarth natural_earth_10m_coastline_4afd28bfd483_w000_4afd28bf liang_feature_iki_2017_adaptation: K=53 MSE=9.95531325632478e-05 time=65.8 ms ok
[299/345] NaturalEarth natural_earth_10m_coastline_4afd28bfd483_w000_4afd28bf dung_direct_knot_2017_adaptation: K=42 MSE=9.210957697795093e-05 time=631.9 ms ok
[299/345] NaturalEarth natural_earth_10m_coastline_4afd28bfd483_w000_4afd28bf kang_sparse_2015_adaptation: K=56 MSE=0.00012008103331749239 time=25.6 ms ok
[299/345] NaturalEarth natural_earth_10m_coastline_4afd28bfd483_w000_4afd28bf luo_linf_de_2022_adaptation: K=56 MSE=0.00011323923133164442 time=2381.3 ms ok
[300/345] NaturalEarth natural_earth_10m_coastline_b459c0ddb5d3_w000_b459c0dd ours: K=26 MSE=6.490335593786432e-05 time=7.7 ms ok
[300/345] NaturalEarth natural_earth_10m_coastline_b459c0ddb5d3_w000_b459c0dd park_dominant_point_2007_adaptation: K=16 MSE=9.929656866953156e-05 time=18.7 ms ok
[300/345] NaturalEarth natural_earth_10m_coastline_b459c0ddb5d3_w000_b459c0dd liang_feature_iki_2017_adaptation: K=17 MSE=8.81325699477455e-05 time=17.0 ms ok
[300/345] NaturalEarth natural_earth_10m_coastline_b459c0ddb5d3_w000_b459c0dd dung_direct_knot_2017_adaptation: K=14 MSE=6.861784472174847e-05 time=184.0 ms ok
[300/345] NaturalEarth natural_earth_10m_coastline_b459c0ddb5d3_w000_b459c0dd kang_sparse_2015_adaptation: K=12 MSE=8.887746961538968e-05 time=2944.5 ms ok
[300/345] NaturalEarth natural_earth_10m_coastline_b459c0ddb5d3_w000_b459c0dd luo_linf_de_2022_adaptation: K=13 MSE=9.979425564731407e-05 time=6830.3 ms ok
[301/345] NaturalEarth natural_earth_10m_coastline_933eab98f709_w000_933eab98 ours: K=22 MSE=3.756245144011919e-05 time=7.5 ms ok
[301/345] NaturalEarth natural_earth_10m_coastline_933eab98f709_w000_933eab98 park_dominant_point_2007_adaptation: K=18 MSE=7.208265131660761e-05 time=21.1 ms ok
[301/345] NaturalEarth natural_earth_10m_coastline_933eab98f709_w000_933eab98 liang_feature_iki_2017_adaptation: K=13 MSE=8.417924719288183e-05 time=12.9 ms ok
[301/345] NaturalEarth natural_earth_10m_coastline_933eab98f709_w000_933eab98 dung_direct_knot_2017_adaptation: K=11 MSE=7.511739628406017e-05 time=149.2 ms ok
[301/345] NaturalEarth natural_earth_10m_coastline_933eab98f709_w000_933eab98 kang_sparse_2015_adaptation: K=9 MSE=8.740651347928302e-05 time=3006.1 ms ok
[301/345] NaturalEarth natural_earth_10m_coastline_933eab98f709_w000_933eab98 luo_linf_de_2022_adaptation: K=11 MSE=9.665408913178935e-05 time=6923.9 ms ok
[302/345] NaturalEarth natural_earth_10m_coastline_d70e572292c0_w000_d70e5722 ours: K=29 MSE=6.195011142826753e-05 time=7.6 ms ok
[302/345] NaturalEarth natural_earth_10m_coastline_d70e572292c0_w000_d70e5722 park_dominant_point_2007_adaptation: K=21 MSE=6.580680922158298e-05 time=25.0 ms ok
[302/345] NaturalEarth natural_earth_10m_coastline_d70e572292c0_w000_d70e5722 liang_feature_iki_2017_adaptation: K=20 MSE=9.152492450365836e-05 time=20.3 ms ok
[302/345] NaturalEarth natural_earth_10m_coastline_d70e572292c0_w000_d70e5722 dung_direct_knot_2017_adaptation: K=17 MSE=9.198606861229245e-05 time=202.3 ms ok
[302/345] NaturalEarth natural_earth_10m_coastline_d70e572292c0_w000_d70e5722 kang_sparse_2015_adaptation: K=26 MSE=4.095965181261175e-05 time=2567.7 ms ok
[302/345] NaturalEarth natural_earth_10m_coastline_d70e572292c0_w000_d70e5722 luo_linf_de_2022_adaptation: K=18 MSE=9.73050096958144e-05 time=8489.2 ms ok
[303/345] NaturalEarth natural_earth_10m_coastline_fb9c133936ee_w000_fb9c1339 ours: K=21 MSE=0.0001461368404015179 time=7.6 ms ok
[303/345] NaturalEarth natural_earth_10m_coastline_fb9c133936ee_w000_fb9c1339 park_dominant_point_2007_adaptation: K=27 MSE=9.316624841344222e-05 time=33.4 ms ok
[303/345] NaturalEarth natural_earth_10m_coastline_fb9c133936ee_w000_fb9c1339 liang_feature_iki_2017_adaptation: K=18 MSE=9.883339430820171e-05 time=18.0 ms ok
[303/345] NaturalEarth natural_earth_10m_coastline_fb9c133936ee_w000_fb9c1339 dung_direct_knot_2017_adaptation: K=20 MSE=8.901271316608219e-05 time=354.7 ms ok
[303/345] NaturalEarth natural_earth_10m_coastline_fb9c133936ee_w000_fb9c1339 kang_sparse_2015_adaptation: K=38 MSE=4.1293502778754095e-05 time=2348.8 ms ok
[303/345] NaturalEarth natural_earth_10m_coastline_fb9c133936ee_w000_fb9c1339 luo_linf_de_2022_adaptation: K=20 MSE=9.702471474222478e-05 time=7271.8 ms ok
[304/345] NaturalEarth natural_earth_10m_coastline_d37b2a27a2ea_w000_d37b2a27 ours: K=28 MSE=5.211343577395754e-05 time=7.6 ms ok
[304/345] NaturalEarth natural_earth_10m_coastline_d37b2a27a2ea_w000_d37b2a27 park_dominant_point_2007_adaptation: K=10 MSE=9.180642593692409e-05 time=12.0 ms ok
[304/345] NaturalEarth natural_earth_10m_coastline_d37b2a27a2ea_w000_d37b2a27 liang_feature_iki_2017_adaptation: K=9 MSE=8.905773885444774e-05 time=9.0 ms ok
[304/345] NaturalEarth natural_earth_10m_coastline_d37b2a27a2ea_w000_d37b2a27 dung_direct_knot_2017_adaptation: K=7 MSE=8.809465989394427e-05 time=121.9 ms ok
[304/345] NaturalEarth natural_earth_10m_coastline_d37b2a27a2ea_w000_d37b2a27 kang_sparse_2015_adaptation: K=8 MSE=7.339146037980405e-05 time=2108.8 ms ok
[304/345] NaturalEarth natural_earth_10m_coastline_d37b2a27a2ea_w000_d37b2a27 luo_linf_de_2022_adaptation: K=11 MSE=7.900553617436332e-05 time=6765.1 ms ok
[305/345] NaturalEarth natural_earth_10m_coastline_27c5a5273c6d_w000_27c5a527 ours: K=31 MSE=3.115735873696642e-05 time=7.6 ms ok
[305/345] NaturalEarth natural_earth_10m_coastline_27c5a5273c6d_w000_27c5a527 park_dominant_point_2007_adaptation: K=18 MSE=9.038279464166161e-05 time=21.1 ms ok
[305/345] NaturalEarth natural_earth_10m_coastline_27c5a5273c6d_w000_27c5a527 liang_feature_iki_2017_adaptation: K=16 MSE=9.647208878797913e-05 time=15.9 ms ok
[305/345] NaturalEarth natural_earth_10m_coastline_27c5a5273c6d_w000_27c5a527 dung_direct_knot_2017_adaptation: K=13 MSE=9.275954939732619e-05 time=250.0 ms ok
[305/345] NaturalEarth natural_earth_10m_coastline_27c5a5273c6d_w000_27c5a527 kang_sparse_2015_adaptation: K=15 MSE=7.018103179668879e-05 time=2773.9 ms ok
[305/345] NaturalEarth natural_earth_10m_coastline_27c5a5273c6d_w000_27c5a527 luo_linf_de_2022_adaptation: K=14 MSE=9.894247798623001e-05 time=7899.9 ms ok
[306/345] USGS usgs_tnm_contours_large_scale_5e1190c07064_w000_5e1190c0 ours: K=24 MSE=0.00010599908201884106 time=7.6 ms ok
[306/345] USGS usgs_tnm_contours_large_scale_5e1190c07064_w000_5e1190c0 park_dominant_point_2007_adaptation: K=32 MSE=8.951519836639468e-05 time=40.9 ms ok
[306/345] USGS usgs_tnm_contours_large_scale_5e1190c07064_w000_5e1190c0 liang_feature_iki_2017_adaptation: K=24 MSE=9.651333199698873e-05 time=25.0 ms ok
[306/345] USGS usgs_tnm_contours_large_scale_5e1190c07064_w000_5e1190c0 dung_direct_knot_2017_adaptation: K=21 MSE=9.657913636980408e-05 time=337.0 ms ok
[306/345] USGS usgs_tnm_contours_large_scale_5e1190c07064_w000_5e1190c0 kang_sparse_2015_adaptation: K=45 MSE=2.0505783290587202e-05 time=2325.2 ms ok
[306/345] USGS usgs_tnm_contours_large_scale_5e1190c07064_w000_5e1190c0 luo_linf_de_2022_adaptation: K=22 MSE=8.465526633956308e-05 time=7453.8 ms ok
[307/345] USGS usgs_tnm_contours_large_scale_73f76a177c8e_w000_73f76a17 ours: K=44 MSE=0.00011731076756651015 time=7.9 ms ok
[307/345] USGS usgs_tnm_contours_large_scale_73f76a177c8e_w000_73f76a17 park_dominant_point_2007_adaptation: K=37 MSE=7.155391352581513e-05 time=49.1 ms ok
[307/345] USGS usgs_tnm_contours_large_scale_73f76a177c8e_w000_73f76a17 liang_feature_iki_2017_adaptation: K=26 MSE=9.770955506832215e-05 time=27.5 ms ok
[307/345] USGS usgs_tnm_contours_large_scale_73f76a177c8e_w000_73f76a17 dung_direct_knot_2017_adaptation: K=27 MSE=9.846060291305432e-05 time=482.9 ms ok
[307/345] USGS usgs_tnm_contours_large_scale_73f76a177c8e_w000_73f76a17 kang_sparse_2015_adaptation: K=56 MSE=3.1355849188142256e-05 time=1301.3 ms ok
[307/345] USGS usgs_tnm_contours_large_scale_73f76a177c8e_w000_73f76a17 luo_linf_de_2022_adaptation: K=28 MSE=8.907247200805275e-05 time=7025.2 ms ok
[308/345] USGS usgs_tnm_contours_large_scale_9b1b39144146_w000_9b1b3914 ours: K=33 MSE=7.1377427318044725e-06 time=7.7 ms ok
[308/345] USGS usgs_tnm_contours_large_scale_9b1b39144146_w000_9b1b3914 park_dominant_point_2007_adaptation: K=14 MSE=6.797315793367451e-05 time=16.5 ms ok
[308/345] USGS usgs_tnm_contours_large_scale_9b1b39144146_w000_9b1b3914 liang_feature_iki_2017_adaptation: K=9 MSE=8.989864427621841e-05 time=9.0 ms ok
[308/345] USGS usgs_tnm_contours_large_scale_9b1b39144146_w000_9b1b3914 dung_direct_knot_2017_adaptation: K=10 MSE=5.7783599682990927e-05 time=118.0 ms ok
[308/345] USGS usgs_tnm_contours_large_scale_9b1b39144146_w000_9b1b3914 kang_sparse_2015_adaptation: K=9 MSE=6.205220128217233e-05 time=3013.7 ms ok
[308/345] USGS usgs_tnm_contours_large_scale_9b1b39144146_w000_9b1b3914 luo_linf_de_2022_adaptation: K=10 MSE=6.11130213027925e-05 time=6725.0 ms ok
[309/345] USGS usgs_tnm_contours_large_scale_3b46bf5b4fe5_w000_3b46bf5b ours: K=26 MSE=0.00014675950934860276 time=7.7 ms ok
[309/345] USGS usgs_tnm_contours_large_scale_3b46bf5b4fe5_w000_3b46bf5b park_dominant_point_2007_adaptation: K=5 MSE=8.400602644006778e-05 time=6.9 ms ok
[309/345] USGS usgs_tnm_contours_large_scale_3b46bf5b4fe5_w000_3b46bf5b liang_feature_iki_2017_adaptation: K=6 MSE=7.732188185838872e-05 time=6.1 ms ok
[309/345] USGS usgs_tnm_contours_large_scale_3b46bf5b4fe5_w000_3b46bf5b dung_direct_knot_2017_adaptation: K=6 MSE=4.431824950708069e-05 time=106.6 ms ok
[309/345] USGS usgs_tnm_contours_large_scale_3b46bf5b4fe5_w000_3b46bf5b kang_sparse_2015_adaptation: K=8 MSE=3.7173406757681754e-05 time=3315.4 ms ok
[309/345] USGS usgs_tnm_contours_large_scale_3b46bf5b4fe5_w000_3b46bf5b luo_linf_de_2022_adaptation: K=9 MSE=3.1120292410142676e-05 time=7161.3 ms ok
[310/345] USGS usgs_tnm_contours_large_scale_227a63ff8969_w001_b391c2df ours: K=45 MSE=7.694470486798413e-05 time=7.8 ms ok
[310/345] USGS usgs_tnm_contours_large_scale_227a63ff8969_w001_b391c2df park_dominant_point_2007_adaptation: K=38 MSE=8.652322862251434e-05 time=50.6 ms ok
[310/345] USGS usgs_tnm_contours_large_scale_227a63ff8969_w001_b391c2df liang_feature_iki_2017_adaptation: K=34 MSE=9.657927856292658e-05 time=37.5 ms ok
[310/345] USGS usgs_tnm_contours_large_scale_227a63ff8969_w001_b391c2df dung_direct_knot_2017_adaptation: K=28 MSE=9.890623659588286e-05 time=505.0 ms ok
[310/345] USGS usgs_tnm_contours_large_scale_227a63ff8969_w001_b391c2df kang_sparse_2015_adaptation: K=56 MSE=3.5624648393866555e-05 time=1297.1 ms ok
[310/345] USGS usgs_tnm_contours_large_scale_227a63ff8969_w001_b391c2df luo_linf_de_2022_adaptation: K=32 MSE=9.640098150401676e-05 time=6767.9 ms ok
[311/345] USGS usgs_tnm_contours_large_scale_f1b5188eb877_w000_f1b5188e ours: K=51 MSE=8.842838007311658e-05 time=7.8 ms ok
[311/345] USGS usgs_tnm_contours_large_scale_f1b5188eb877_w000_f1b5188e park_dominant_point_2007_adaptation: K=48 MSE=8.71351000344644e-05 time=68.7 ms ok
[311/345] USGS usgs_tnm_contours_large_scale_f1b5188eb877_w000_f1b5188e liang_feature_iki_2017_adaptation: K=39 MSE=9.80936785868114e-05 time=44.5 ms ok
[311/345] USGS usgs_tnm_contours_large_scale_f1b5188eb877_w000_f1b5188e dung_direct_knot_2017_adaptation: K=39 MSE=9.227691121274814e-05 time=581.3 ms ok
[311/345] USGS usgs_tnm_contours_large_scale_f1b5188eb877_w000_f1b5188e kang_sparse_2015_adaptation: K=56 MSE=6.533342466934706e-05 time=1290.9 ms ok
[311/345] USGS usgs_tnm_contours_large_scale_f1b5188eb877_w000_f1b5188e luo_linf_de_2022_adaptation: K=40 MSE=9.183081980063286e-05 time=3862.2 ms ok
[312/345] USGS usgs_tnm_contours_large_scale_d04688485103_w000_d0468848 ours: K=42 MSE=0.00016447712863719115 time=7.8 ms ok
[312/345] USGS usgs_tnm_contours_large_scale_d04688485103_w000_d0468848 park_dominant_point_2007_adaptation: K=41 MSE=8.803263014596706e-05 time=55.7 ms ok
[312/345] USGS usgs_tnm_contours_large_scale_d04688485103_w000_d0468848 liang_feature_iki_2017_adaptation: K=36 MSE=8.766354577526556e-05 time=40.1 ms ok
[312/345] USGS usgs_tnm_contours_large_scale_d04688485103_w000_d0468848 dung_direct_knot_2017_adaptation: K=35 MSE=9.665522747814674e-05 time=535.8 ms ok
[312/345] USGS usgs_tnm_contours_large_scale_d04688485103_w000_d0468848 kang_sparse_2015_adaptation: K=56 MSE=4.238736521441614e-05 time=1297.3 ms ok
[312/345] USGS usgs_tnm_contours_large_scale_d04688485103_w000_d0468848 luo_linf_de_2022_adaptation: K=34 MSE=9.939212678110206e-05 time=6142.1 ms ok
[313/345] USGS usgs_tnm_contours_large_scale_320c043cef50_w000_320c043c ours: K=26 MSE=1.1616693789402914e-05 time=7.6 ms ok
[313/345] USGS usgs_tnm_contours_large_scale_320c043cef50_w000_320c043c park_dominant_point_2007_adaptation: K=1 MSE=5.4611654575719246e-05 time=3.1 ms ok
[313/345] USGS usgs_tnm_contours_large_scale_320c043cef50_w000_320c043c liang_feature_iki_2017_adaptation: K=4 MSE=6.5009313270586245e-06 time=4.2 ms ok
[313/345] USGS usgs_tnm_contours_large_scale_320c043cef50_w000_320c043c dung_direct_knot_2017_adaptation: K=2 MSE=5.36107333045634e-05 time=36.6 ms ok
[313/345] USGS usgs_tnm_contours_large_scale_320c043cef50_w000_320c043c kang_sparse_2015_adaptation: K=54 MSE=2.4865208928180045e-08 time=2198.1 ms ok
[313/345] USGS usgs_tnm_contours_large_scale_320c043cef50_w000_320c043c luo_linf_de_2022_adaptation: K=8 MSE=9.222771606096485e-07 time=7930.1 ms ok
[314/345] USGS usgs_tnm_contours_large_scale_51d72a531676_w000_51d72a53 ours: K=45 MSE=0.00033598240935431186 time=7.9 ms ok
[314/345] USGS usgs_tnm_contours_large_scale_51d72a531676_w000_51d72a53 park_dominant_point_2007_adaptation: K=56 MSE=0.00010262991025735161 time=85.6 ms ok
[314/345] USGS usgs_tnm_contours_large_scale_51d72a531676_w000_51d72a53 liang_feature_iki_2017_adaptation: K=56 MSE=0.00012351744075991955 time=70.7 ms ok
[314/345] USGS usgs_tnm_contours_large_scale_51d72a531676_w000_51d72a53 dung_direct_knot_2017_adaptation: K=52 MSE=9.610629428180204e-05 time=844.3 ms ok
[314/345] USGS usgs_tnm_contours_large_scale_51d72a531676_w000_51d72a53 kang_sparse_2015_adaptation: K=56 MSE=0.00011267483187912216 time=25.6 ms ok
[314/345] USGS usgs_tnm_contours_large_scale_51d72a531676_w000_51d72a53 luo_linf_de_2022_adaptation: K=56 MSE=0.00010865210022974951 time=2464.7 ms ok
[315/345] USGS usgs_tnm_contours_large_scale_db64a638d518_w000_db64a638 ours: K=21 MSE=5.444116421625902e-05 time=7.6 ms ok
[315/345] USGS usgs_tnm_contours_large_scale_db64a638d518_w000_db64a638 park_dominant_point_2007_adaptation: K=15 MSE=9.001880572066815e-05 time=17.6 ms ok
[315/345] USGS usgs_tnm_contours_large_scale_db64a638d518_w000_db64a638 liang_feature_iki_2017_adaptation: K=12 MSE=9.303820594271739e-05 time=11.9 ms ok
[315/345] USGS usgs_tnm_contours_large_scale_db64a638d518_w000_db64a638 dung_direct_knot_2017_adaptation: K=12 MSE=6.51780924461571e-05 time=137.6 ms ok
[315/345] USGS usgs_tnm_contours_large_scale_db64a638d518_w000_db64a638 kang_sparse_2015_adaptation: K=11 MSE=8.820463603677094e-05 time=2941.7 ms ok
[315/345] USGS usgs_tnm_contours_large_scale_db64a638d518_w000_db64a638 luo_linf_de_2022_adaptation: K=14 MSE=9.110734071876115e-05 time=7269.0 ms ok
[316/345] USGS usgs_tnm_contours_large_scale_be34ae13ca44_w000_be34ae13 ours: K=23 MSE=6.737562007786319e-05 time=7.6 ms ok
[316/345] USGS usgs_tnm_contours_large_scale_be34ae13ca44_w000_be34ae13 park_dominant_point_2007_adaptation: K=18 MSE=9.546138376037652e-05 time=21.1 ms ok
[316/345] USGS usgs_tnm_contours_large_scale_be34ae13ca44_w000_be34ae13 liang_feature_iki_2017_adaptation: K=20 MSE=5.496421687719236e-05 time=20.3 ms ok
[316/345] USGS usgs_tnm_contours_large_scale_be34ae13ca44_w000_be34ae13 dung_direct_knot_2017_adaptation: K=12 MSE=6.645804386070133e-05 time=205.7 ms ok
[316/345] USGS usgs_tnm_contours_large_scale_be34ae13ca44_w000_be34ae13 kang_sparse_2015_adaptation: K=21 MSE=5.934793469262257e-05 time=2679.8 ms ok
[316/345] USGS usgs_tnm_contours_large_scale_be34ae13ca44_w000_be34ae13 luo_linf_de_2022_adaptation: K=13 MSE=9.80125012770501e-05 time=6899.0 ms ok
[317/345] USGS usgs_tnm_contours_large_scale_ee9c42f92d53_w000_ee9c42f9 ours: K=46 MSE=0.0001140668339658195 time=7.9 ms ok
[317/345] USGS usgs_tnm_contours_large_scale_ee9c42f92d53_w000_ee9c42f9 park_dominant_point_2007_adaptation: K=44 MSE=9.477560984588728e-05 time=61.2 ms ok
[317/345] USGS usgs_tnm_contours_large_scale_ee9c42f92d53_w000_ee9c42f9 liang_feature_iki_2017_adaptation: K=43 MSE=9.66931946308753e-05 time=50.1 ms ok
[317/345] USGS usgs_tnm_contours_large_scale_ee9c42f92d53_w000_ee9c42f9 dung_direct_knot_2017_adaptation: K=37 MSE=9.773584980663133e-05 time=619.3 ms ok
[317/345] USGS usgs_tnm_contours_large_scale_ee9c42f92d53_w000_ee9c42f9 kang_sparse_2015_adaptation: K=56 MSE=6.48743933935202e-05 time=1287.3 ms ok
[317/345] USGS usgs_tnm_contours_large_scale_ee9c42f92d53_w000_ee9c42f9 luo_linf_de_2022_adaptation: K=41 MSE=9.632545736577254e-05 time=3305.9 ms ok
[318/345] USGS usgs_tnm_contours_large_scale_b1ec14b77227_w000_b1ec14b7 ours: K=21 MSE=7.074007748901528e-05 time=7.6 ms ok
[318/345] USGS usgs_tnm_contours_large_scale_b1ec14b77227_w000_b1ec14b7 park_dominant_point_2007_adaptation: K=18 MSE=7.902046453204523e-05 time=21.1 ms ok
[318/345] USGS usgs_tnm_contours_large_scale_b1ec14b77227_w000_b1ec14b7 liang_feature_iki_2017_adaptation: K=16 MSE=8.092136340251176e-05 time=16.0 ms ok
[318/345] USGS usgs_tnm_contours_large_scale_b1ec14b77227_w000_b1ec14b7 dung_direct_knot_2017_adaptation: K=11 MSE=9.681776113398936e-05 time=156.9 ms ok
[318/345] USGS usgs_tnm_contours_large_scale_b1ec14b77227_w000_b1ec14b7 kang_sparse_2015_adaptation: K=12 MSE=7.207690094520718e-05 time=2845.1 ms ok
[318/345] USGS usgs_tnm_contours_large_scale_b1ec14b77227_w000_b1ec14b7 luo_linf_de_2022_adaptation: K=13 MSE=7.94549277279818e-05 time=6735.2 ms ok
[319/345] USGS usgs_tnm_contours_large_scale_93d1979f7d07_w000_93d1979f ours: K=23 MSE=0.00021994906465665158 time=7.6 ms ok
[319/345] USGS usgs_tnm_contours_large_scale_93d1979f7d07_w000_93d1979f park_dominant_point_2007_adaptation: K=40 MSE=8.855631036835001e-05 time=54.0 ms ok
[319/345] USGS usgs_tnm_contours_large_scale_93d1979f7d07_w000_93d1979f liang_feature_iki_2017_adaptation: K=26 MSE=9.13871730411977e-05 time=27.4 ms ok
[319/345] USGS usgs_tnm_contours_large_scale_93d1979f7d07_w000_93d1979f dung_direct_knot_2017_adaptation: K=26 MSE=8.534575528655706e-05 time=484.9 ms ok
[319/345] USGS usgs_tnm_contours_large_scale_93d1979f7d07_w000_93d1979f kang_sparse_2015_adaptation: K=56 MSE=2.8047856450926872e-05 time=1290.0 ms ok
[319/345] USGS usgs_tnm_contours_large_scale_93d1979f7d07_w000_93d1979f luo_linf_de_2022_adaptation: K=28 MSE=9.186809199387647e-05 time=6710.7 ms ok
[320/345] USGS usgs_tnm_contours_large_scale_c593477f1f71_w000_c593477f ours: K=52 MSE=6.575149886668708e-05 time=7.9 ms ok
[320/345] USGS usgs_tnm_contours_large_scale_c593477f1f71_w000_c593477f park_dominant_point_2007_adaptation: K=45 MSE=9.524306824610703e-05 time=63.1 ms ok
[320/345] USGS usgs_tnm_contours_large_scale_c593477f1f71_w000_c593477f liang_feature_iki_2017_adaptation: K=41 MSE=8.80816403736319e-05 time=47.1 ms ok
[320/345] USGS usgs_tnm_contours_large_scale_c593477f1f71_w000_c593477f dung_direct_knot_2017_adaptation: K=43 MSE=9.794455961796626e-05 time=684.9 ms ok
[320/345] USGS usgs_tnm_contours_large_scale_c593477f1f71_w000_c593477f kang_sparse_2015_adaptation: K=56 MSE=7.447190686449933e-05 time=1290.8 ms ok
[320/345] USGS usgs_tnm_contours_large_scale_c593477f1f71_w000_c593477f luo_linf_de_2022_adaptation: K=49 MSE=9.625230586378054e-05 time=3383.0 ms ok
[321/345] USGS usgs_tnm_contours_large_scale_2c338fda54bb_w000_2c338fda ours: K=37 MSE=0.001357721213649102 time=7.7 ms ok
[321/345] USGS usgs_tnm_contours_large_scale_2c338fda54bb_w000_2c338fda park_dominant_point_2007_adaptation: K=56 MSE=0.0001920523606477733 time=84.6 ms ok
[321/345] USGS usgs_tnm_contours_large_scale_2c338fda54bb_w000_2c338fda liang_feature_iki_2017_adaptation: K=56 MSE=0.00016536284971322435 time=70.5 ms ok
[321/345] USGS usgs_tnm_contours_large_scale_2c338fda54bb_w000_2c338fda dung_direct_knot_2017_adaptation: K=56 MSE=0.00011965239149053073 time=884.3 ms ok
[321/345] USGS usgs_tnm_contours_large_scale_2c338fda54bb_w000_2c338fda kang_sparse_2015_adaptation: K=56 MSE=0.00021628348537003347 time=25.6 ms ok
[321/345] USGS usgs_tnm_contours_large_scale_2c338fda54bb_w000_2c338fda luo_linf_de_2022_adaptation: K=56 MSE=0.00019849669219989467 time=2828.0 ms ok
[322/345] USGS usgs_tnm_contours_large_scale_72be136e0833_w000_72be136e ours: K=29 MSE=6.914952134165386e-06 time=7.6 ms ok
[322/345] USGS usgs_tnm_contours_large_scale_72be136e0833_w000_72be136e park_dominant_point_2007_adaptation: K=5 MSE=9.324050112260834e-05 time=6.9 ms ok
[322/345] USGS usgs_tnm_contours_large_scale_72be136e0833_w000_72be136e liang_feature_iki_2017_adaptation: K=5 MSE=8.480846036260071e-05 time=5.1 ms ok
[322/345] USGS usgs_tnm_contours_large_scale_72be136e0833_w000_72be136e dung_direct_knot_2017_adaptation: K=5 MSE=6.033539435707307e-05 time=78.4 ms ok
[322/345] USGS usgs_tnm_contours_large_scale_72be136e0833_w000_72be136e kang_sparse_2015_adaptation: K=15 MSE=6.0557089503704906e-05 time=3079.5 ms ok
[322/345] USGS usgs_tnm_contours_large_scale_72be136e0833_w000_72be136e luo_linf_de_2022_adaptation: K=4 MSE=6.394220892821107e-05 time=6983.7 ms ok
[323/345] USGS usgs_tnm_contours_large_scale_a8a9331aa35d_w000_a8a9331a ours: K=46 MSE=0.00030549751393113577 time=7.9 ms ok
[323/345] USGS usgs_tnm_contours_large_scale_a8a9331aa35d_w000_a8a9331a park_dominant_point_2007_adaptation: K=56 MSE=0.00012156907436251798 time=84.7 ms ok
[323/345] USGS usgs_tnm_contours_large_scale_a8a9331aa35d_w000_a8a9331a liang_feature_iki_2017_adaptation: K=56 MSE=0.00010193247547515115 time=70.5 ms ok
[323/345] USGS usgs_tnm_contours_large_scale_a8a9331aa35d_w000_a8a9331a dung_direct_knot_2017_adaptation: K=51 MSE=9.986980917228434e-05 time=823.9 ms ok
[323/345] USGS usgs_tnm_contours_large_scale_a8a9331aa35d_w000_a8a9331a kang_sparse_2015_adaptation: K=56 MSE=0.00015231101459291406 time=24.2 ms ok
[323/345] USGS usgs_tnm_contours_large_scale_a8a9331aa35d_w000_a8a9331a luo_linf_de_2022_adaptation: K=56 MSE=0.00014718915104441197 time=2297.1 ms ok
[324/345] USGS usgs_tnm_contours_large_scale_8a4ccdb902fb_w000_8a4ccdb9 ours: K=38 MSE=0.000610601752391042 time=7.8 ms ok
[324/345] USGS usgs_tnm_contours_large_scale_8a4ccdb902fb_w000_8a4ccdb9 park_dominant_point_2007_adaptation: K=42 MSE=8.71893338365675e-05 time=57.5 ms ok
[324/345] USGS usgs_tnm_contours_large_scale_8a4ccdb902fb_w000_8a4ccdb9 liang_feature_iki_2017_adaptation: K=36 MSE=9.038608460484013e-05 time=40.1 ms ok
[324/345] USGS usgs_tnm_contours_large_scale_8a4ccdb902fb_w000_8a4ccdb9 dung_direct_knot_2017_adaptation: K=33 MSE=9.142313896720476e-05 time=557.5 ms ok
[324/345] USGS usgs_tnm_contours_large_scale_8a4ccdb902fb_w000_8a4ccdb9 kang_sparse_2015_adaptation: K=56 MSE=3.157204191231548e-05 time=1294.6 ms ok
[324/345] USGS usgs_tnm_contours_large_scale_8a4ccdb902fb_w000_8a4ccdb9 luo_linf_de_2022_adaptation: K=34 MSE=9.542845413759267e-05 time=4941.0 ms ok
[325/345] USGS usgs_tnm_contours_large_scale_4a981cd4356c_w000_4a981cd4 ours: K=21 MSE=3.9571459085969473e-05 time=7.6 ms ok
[325/345] USGS usgs_tnm_contours_large_scale_4a981cd4356c_w000_4a981cd4 park_dominant_point_2007_adaptation: K=17 MSE=9.907886814943402e-05 time=20.0 ms ok
[325/345] USGS usgs_tnm_contours_large_scale_4a981cd4356c_w000_4a981cd4 liang_feature_iki_2017_adaptation: K=13 MSE=8.209893415445243e-05 time=12.9 ms ok
[325/345] USGS usgs_tnm_contours_large_scale_4a981cd4356c_w000_4a981cd4 dung_direct_knot_2017_adaptation: K=11 MSE=8.967491421130751e-05 time=158.2 ms ok
[325/345] USGS usgs_tnm_contours_large_scale_4a981cd4356c_w000_4a981cd4 kang_sparse_2015_adaptation: K=11 MSE=5.231398317247588e-05 time=2815.7 ms ok
[325/345] USGS usgs_tnm_contours_large_scale_4a981cd4356c_w000_4a981cd4 luo_linf_de_2022_adaptation: K=12 MSE=7.823451452976164e-05 time=7054.7 ms ok
[326/345] IndustrialOffset industrial_offset_naca_airfoil_v011_o04_p0p0400 ours: K=27 MSE=1.1859871384929805e-05 time=7.6 ms ok
[326/345] IndustrialOffset industrial_offset_naca_airfoil_v011_o04_p0p0400 park_dominant_point_2007_adaptation: K=9 MSE=6.31058340969856e-05 time=16.6 ms ok
[326/345] IndustrialOffset industrial_offset_naca_airfoil_v011_o04_p0p0400 liang_feature_iki_2017_adaptation: K=6 MSE=5.7075123511384915e-05 time=6.3 ms ok
[326/345] IndustrialOffset industrial_offset_naca_airfoil_v011_o04_p0p0400 dung_direct_knot_2017_adaptation: K=5 MSE=9.01464040470901e-05 time=75.5 ms ok
[326/345] IndustrialOffset industrial_offset_naca_airfoil_v011_o04_p0p0400 kang_sparse_2015_adaptation: K=7 MSE=8.731196724404146e-05 time=2355.6 ms ok
[326/345] IndustrialOffset industrial_offset_naca_airfoil_v011_o04_p0p0400 luo_linf_de_2022_adaptation: K=6 MSE=1.9774481680770625e-05 time=7188.0 ms ok
[327/345] IndustrialOffset industrial_offset_keyway_bore_v007_o01_m0p0400 ours: K=33 MSE=1.4889432501544467e-05 time=7.7 ms ok
[327/345] IndustrialOffset industrial_offset_keyway_bore_v007_o01_m0p0400 park_dominant_point_2007_adaptation: K=55 MSE=7.050645497444128e-05 time=83.1 ms ok
[327/345] IndustrialOffset industrial_offset_keyway_bore_v007_o01_m0p0400 liang_feature_iki_2017_adaptation: K=13 MSE=9.972498915422157e-05 time=12.9 ms ok
[327/345] IndustrialOffset industrial_offset_keyway_bore_v007_o01_m0p0400 dung_direct_knot_2017_adaptation: K=16 MSE=5.146905121013452e-05 time=186.2 ms ok
[327/345] IndustrialOffset industrial_offset_keyway_bore_v007_o01_m0p0400 kang_sparse_2015_adaptation: K=24 MSE=1.489181303478362e-05 time=2457.4 ms ok
[327/345] IndustrialOffset industrial_offset_keyway_bore_v007_o01_m0p0400 luo_linf_de_2022_adaptation: K=15 MSE=7.925929758116454e-05 time=8639.5 ms ok
[328/345] IndustrialOffset industrial_offset_naca_airfoil_v001_o04_p0p0400 ours: K=26 MSE=1.0671198701628386e-05 time=7.6 ms ok
[328/345] IndustrialOffset industrial_offset_naca_airfoil_v001_o04_p0p0400 park_dominant_point_2007_adaptation: K=8 MSE=6.107276099123918e-05 time=13.9 ms ok
[328/345] IndustrialOffset industrial_offset_naca_airfoil_v001_o04_p0p0400 liang_feature_iki_2017_adaptation: K=6 MSE=5.5370751977278284e-05 time=6.1 ms ok
[328/345] IndustrialOffset industrial_offset_naca_airfoil_v001_o04_p0p0400 dung_direct_knot_2017_adaptation: K=5 MSE=8.691850317788339e-05 time=76.9 ms ok
[328/345] IndustrialOffset industrial_offset_naca_airfoil_v001_o04_p0p0400 kang_sparse_2015_adaptation: K=8 MSE=6.351530349470241e-05 time=2384.3 ms ok
[328/345] IndustrialOffset industrial_offset_naca_airfoil_v001_o04_p0p0400 luo_linf_de_2022_adaptation: K=6 MSE=1.4322150926899961e-05 time=7195.9 ms ok
[329/345] IndustrialOffset industrial_offset_capsule_slot_v008_o01_m0p0400 ours: K=15 MSE=2.0060129979455494e-05 time=7.4 ms ok
[329/345] IndustrialOffset industrial_offset_capsule_slot_v008_o01_m0p0400 park_dominant_point_2007_adaptation: K=6 MSE=8.880493979811963e-05 time=8.0 ms ok
[329/345] IndustrialOffset industrial_offset_capsule_slot_v008_o01_m0p0400 liang_feature_iki_2017_adaptation: K=7 MSE=5.9238167969496125e-05 time=7.0 ms ok
[329/345] IndustrialOffset industrial_offset_capsule_slot_v008_o01_m0p0400 dung_direct_knot_2017_adaptation: K=9 MSE=4.5628670414448434e-05 time=101.8 ms ok
[329/345] IndustrialOffset industrial_offset_capsule_slot_v008_o01_m0p0400 kang_sparse_2015_adaptation: K=7 MSE=5.9257308685571365e-05 time=2896.0 ms ok
[329/345] IndustrialOffset industrial_offset_capsule_slot_v008_o01_m0p0400 luo_linf_de_2022_adaptation: K=8 MSE=3.7571998455612185e-05 time=8660.9 ms ok
[330/345] IndustrialOffset industrial_offset_capsule_slot_v000_o04_p0p0400 ours: K=15 MSE=2.4647345458484054e-05 time=7.3 ms ok
[330/345] IndustrialOffset industrial_offset_capsule_slot_v000_o04_p0p0400 park_dominant_point_2007_adaptation: K=22 MSE=7.548120803109157e-05 time=26.3 ms ok
[330/345] IndustrialOffset industrial_offset_capsule_slot_v000_o04_p0p0400 liang_feature_iki_2017_adaptation: K=7 MSE=6.705649448838714e-05 time=7.1 ms ok
[330/345] IndustrialOffset industrial_offset_capsule_slot_v000_o04_p0p0400 dung_direct_knot_2017_adaptation: K=9 MSE=4.5478556756571375e-05 time=115.5 ms ok
[330/345] IndustrialOffset industrial_offset_capsule_slot_v000_o04_p0p0400 kang_sparse_2015_adaptation: K=7 MSE=5.927731978167217e-05 time=2658.4 ms ok
[330/345] IndustrialOffset industrial_offset_capsule_slot_v000_o04_p0p0400 luo_linf_de_2022_adaptation: K=8 MSE=3.4120823070692174e-05 time=8613.0 ms ok
[331/345] IndustrialOffset industrial_offset_lobed_rotor_v001_o00_m0p0800 ours: K=27 MSE=4.8040474212432276e-05 time=7.7 ms ok
[331/345] IndustrialOffset industrial_offset_lobed_rotor_v001_o00_m0p0800 park_dominant_point_2007_adaptation: K=16 MSE=9.564689436571865e-05 time=20.7 ms ok
[331/345] IndustrialOffset industrial_offset_lobed_rotor_v001_o00_m0p0800 liang_feature_iki_2017_adaptation: K=18 MSE=9.835647830840858e-05 time=18.1 ms ok
[331/345] IndustrialOffset industrial_offset_lobed_rotor_v001_o00_m0p0800 dung_direct_knot_2017_adaptation: K=17 MSE=8.520453785552296e-05 time=234.1 ms ok
[331/345] IndustrialOffset industrial_offset_lobed_rotor_v001_o00_m0p0800 kang_sparse_2015_adaptation: K=40 MSE=7.945632247868861e-07 time=2591.3 ms ok
[331/345] IndustrialOffset industrial_offset_lobed_rotor_v001_o00_m0p0800 luo_linf_de_2022_adaptation: K=17 MSE=8.475366814714393e-05 time=7749.1 ms ok
[332/345] IndustrialOffset industrial_offset_naca_airfoil_v005_o05_p0p0800 ours: K=30 MSE=2.0560848435983246e-05 time=7.6 ms ok
[332/345] IndustrialOffset industrial_offset_naca_airfoil_v005_o05_p0p0800 park_dominant_point_2007_adaptation: K=15 MSE=7.140683002336773e-05 time=24.0 ms ok
[332/345] IndustrialOffset industrial_offset_naca_airfoil_v005_o05_p0p0800 liang_feature_iki_2017_adaptation: K=6 MSE=7.130461523867304e-05 time=6.1 ms ok
[332/345] IndustrialOffset industrial_offset_naca_airfoil_v005_o05_p0p0800 dung_direct_knot_2017_adaptation: K=6 MSE=2.4314942069315347e-05 time=93.7 ms ok
[332/345] IndustrialOffset industrial_offset_naca_airfoil_v005_o05_p0p0800 kang_sparse_2015_adaptation: K=9 MSE=3.255647511466073e-05 time=3033.9 ms ok
[332/345] IndustrialOffset industrial_offset_naca_airfoil_v005_o05_p0p0800 luo_linf_de_2022_adaptation: K=7 MSE=9.344245462586358e-05 time=7457.6 ms ok
[333/345] IndustrialOffset industrial_offset_lobed_rotor_v004_o00_m0p0800 ours: K=32 MSE=3.350700577412098e-05 time=7.7 ms ok
[333/345] IndustrialOffset industrial_offset_lobed_rotor_v004_o00_m0p0800 park_dominant_point_2007_adaptation: K=20 MSE=8.611205439382631e-05 time=24.2 ms ok
[333/345] IndustrialOffset industrial_offset_lobed_rotor_v004_o00_m0p0800 liang_feature_iki_2017_adaptation: K=23 MSE=6.965025808454835e-05 time=23.8 ms ok
[333/345] IndustrialOffset industrial_offset_lobed_rotor_v004_o00_m0p0800 dung_direct_knot_2017_adaptation: K=21 MSE=8.831497869257839e-05 time=261.4 ms ok
[333/345] IndustrialOffset industrial_offset_lobed_rotor_v004_o00_m0p0800 kang_sparse_2015_adaptation: K=21 MSE=7.867354307154316e-05 time=2756.3 ms ok
[333/345] IndustrialOffset industrial_offset_lobed_rotor_v004_o00_m0p0800 luo_linf_de_2022_adaptation: K=23 MSE=8.919868301708784e-05 time=8809.7 ms ok
[334/345] IndustrialOffset industrial_offset_radial_cam_v010_o04_p0p0400 ours: K=44 MSE=5.110714777654926e-06 time=7.9 ms ok
[334/345] IndustrialOffset industrial_offset_radial_cam_v010_o04_p0p0400 park_dominant_point_2007_adaptation: K=8 MSE=1.4147016968522121e-05 time=9.9 ms ok
[334/345] IndustrialOffset industrial_offset_radial_cam_v010_o04_p0p0400 liang_feature_iki_2017_adaptation: K=4 MSE=5.1595173579583165e-05 time=4.2 ms ok
[334/345] IndustrialOffset industrial_offset_radial_cam_v010_o04_p0p0400 dung_direct_knot_2017_adaptation: K=5 MSE=6.729024592738813e-05 time=64.3 ms ok
[334/345] IndustrialOffset industrial_offset_radial_cam_v010_o04_p0p0400 kang_sparse_2015_adaptation: K=47 MSE=9.439843525577345e-11 time=3500.4 ms ok
[334/345] IndustrialOffset industrial_offset_radial_cam_v010_o04_p0p0400 luo_linf_de_2022_adaptation: K=8 MSE=2.2138798963482638e-07 time=9028.4 ms ok
[335/345] IndustrialOffset industrial_offset_elliptic_bore_v001_o00_m0p0800 ours: K=37 MSE=2.739794990134251e-06 time=7.8 ms ok
[335/345] IndustrialOffset industrial_offset_elliptic_bore_v001_o00_m0p0800 park_dominant_point_2007_adaptation: K=4 MSE=7.853574530686171e-05 time=6.0 ms ok
[335/345] IndustrialOffset industrial_offset_elliptic_bore_v001_o00_m0p0800 liang_feature_iki_2017_adaptation: K=5 MSE=2.4653482120422787e-05 time=5.2 ms ok
[335/345] IndustrialOffset industrial_offset_elliptic_bore_v001_o00_m0p0800 dung_direct_knot_2017_adaptation: K=5 MSE=3.415743085307918e-05 time=65.6 ms ok
[335/345] IndustrialOffset industrial_offset_elliptic_bore_v001_o00_m0p0800 kang_sparse_2015_adaptation: K=40 MSE=1.0795849224557012e-08 time=3423.5 ms ok
[335/345] IndustrialOffset industrial_offset_elliptic_bore_v001_o00_m0p0800 luo_linf_de_2022_adaptation: K=5 MSE=1.8764370927945167e-05 time=8620.5 ms ok
[336/345] IndustrialOffset industrial_offset_keyway_bore_v008_o03_p0p0200 ours: K=33 MSE=1.334918496353274e-05 time=7.7 ms ok
[336/345] IndustrialOffset industrial_offset_keyway_bore_v008_o03_p0p0200 park_dominant_point_2007_adaptation: K=25 MSE=9.929382993079447e-05 time=30.6 ms ok
[336/345] IndustrialOffset industrial_offset_keyway_bore_v008_o03_p0p0200 liang_feature_iki_2017_adaptation: K=12 MSE=9.790289697914749e-05 time=11.9 ms ok
[336/345] IndustrialOffset industrial_offset_keyway_bore_v008_o03_p0p0200 dung_direct_knot_2017_adaptation: K=12 MSE=6.207385132803709e-05 time=173.9 ms ok
[336/345] IndustrialOffset industrial_offset_keyway_bore_v008_o03_p0p0200 kang_sparse_2015_adaptation: K=26 MSE=1.6716919883669983e-05 time=2463.3 ms ok
[336/345] IndustrialOffset industrial_offset_keyway_bore_v008_o03_p0p0200 luo_linf_de_2022_adaptation: K=13 MSE=9.589306627519327e-05 time=8690.9 ms ok
[337/345] IndustrialOffset industrial_offset_rounded_plate_v002_o05_p0p0800 ours: K=14 MSE=7.006570033741725e-05 time=7.4 ms ok
[337/345] IndustrialOffset industrial_offset_rounded_plate_v002_o05_p0p0800 park_dominant_point_2007_adaptation: K=9 MSE=7.543233287030526e-05 time=20.4 ms ok
[337/345] IndustrialOffset industrial_offset_rounded_plate_v002_o05_p0p0800 liang_feature_iki_2017_adaptation: K=9 MSE=6.698188144991294e-05 time=9.0 ms ok
[337/345] IndustrialOffset industrial_offset_rounded_plate_v002_o05_p0p0800 dung_direct_knot_2017_adaptation: K=9 MSE=9.908332365051325e-05 time=129.8 ms ok
[337/345] IndustrialOffset industrial_offset_rounded_plate_v002_o05_p0p0800 kang_sparse_2015_adaptation: K=9 MSE=6.958669723753064e-05 time=2290.4 ms ok
[337/345] IndustrialOffset industrial_offset_rounded_plate_v002_o05_p0p0800 luo_linf_de_2022_adaptation: K=12 MSE=5.740114202266292e-05 time=8817.9 ms ok
[338/345] IndustrialOffset industrial_offset_elliptic_bore_v008_o02_m0p0200 ours: K=30 MSE=7.25671477290164e-06 time=7.6 ms ok
[338/345] IndustrialOffset industrial_offset_elliptic_bore_v008_o02_m0p0200 park_dominant_point_2007_adaptation: K=8 MSE=2.6674515224341963e-05 time=10.0 ms ok
[338/345] IndustrialOffset industrial_offset_elliptic_bore_v008_o02_m0p0200 liang_feature_iki_2017_adaptation: K=5 MSE=5.029401663606914e-05 time=5.2 ms ok
[338/345] IndustrialOffset industrial_offset_elliptic_bore_v008_o02_m0p0200 dung_direct_knot_2017_adaptation: K=5 MSE=8.067070220261898e-05 time=67.7 ms ok
[338/345] IndustrialOffset industrial_offset_elliptic_bore_v008_o02_m0p0200 kang_sparse_2015_adaptation: K=16 MSE=6.053160741259235e-06 time=3289.7 ms ok
[338/345] IndustrialOffset industrial_offset_elliptic_bore_v008_o02_m0p0200 luo_linf_de_2022_adaptation: K=5 MSE=7.06421698329714e-05 time=8430.5 ms ok
[339/345] IndustrialOffset industrial_offset_naca_airfoil_v011_o05_p0p0800 ours: K=30 MSE=1.6341884973521827e-05 time=7.6 ms ok
[339/345] IndustrialOffset industrial_offset_naca_airfoil_v011_o05_p0p0800 park_dominant_point_2007_adaptation: K=10 MSE=6.0728827900304205e-05 time=18.1 ms ok
[339/345] IndustrialOffset industrial_offset_naca_airfoil_v011_o05_p0p0800 liang_feature_iki_2017_adaptation: K=6 MSE=7.394096720083224e-05 time=6.1 ms ok
[339/345] IndustrialOffset industrial_offset_naca_airfoil_v011_o05_p0p0800 dung_direct_knot_2017_adaptation: K=6 MSE=2.1521824757627566e-05 time=92.5 ms ok
[339/345] IndustrialOffset industrial_offset_naca_airfoil_v011_o05_p0p0800 kang_sparse_2015_adaptation: K=8 MSE=5.188972749442307e-05 time=2773.4 ms ok
[339/345] IndustrialOffset industrial_offset_naca_airfoil_v011_o05_p0p0800 luo_linf_de_2022_adaptation: K=7 MSE=3.1466811851909985e-05 time=7208.8 ms ok
[340/345] IndustrialOffset industrial_offset_keyway_bore_v007_o05_p0p0800 ours: K=37 MSE=1.2380601842704938e-05 time=7.8 ms ok
[340/345] IndustrialOffset industrial_offset_keyway_bore_v007_o05_p0p0800 park_dominant_point_2007_adaptation: K=14 MSE=7.957236882101028e-05 time=16.6 ms ok
[340/345] IndustrialOffset industrial_offset_keyway_bore_v007_o05_p0p0800 liang_feature_iki_2017_adaptation: K=12 MSE=8.705225366123624e-05 time=12.0 ms ok
[340/345] IndustrialOffset industrial_offset_keyway_bore_v007_o05_p0p0800 dung_direct_knot_2017_adaptation: K=10 MSE=9.324562089370249e-05 time=181.7 ms ok
[340/345] IndustrialOffset industrial_offset_keyway_bore_v007_o05_p0p0800 kang_sparse_2015_adaptation: K=29 MSE=1.2597819049793201e-05 time=2475.8 ms ok
[340/345] IndustrialOffset industrial_offset_keyway_bore_v007_o05_p0p0800 luo_linf_de_2022_adaptation: K=19 MSE=8.640890077750471e-05 time=8585.8 ms ok
[341/345] IndustrialOffset industrial_offset_naca_airfoil_v001_o05_p0p0800 ours: K=29 MSE=6.723279022319158e-06 time=7.6 ms ok
[341/345] IndustrialOffset industrial_offset_naca_airfoil_v001_o05_p0p0800 park_dominant_point_2007_adaptation: K=8 MSE=9.929856425969744e-05 time=21.0 ms ok
[341/345] IndustrialOffset industrial_offset_naca_airfoil_v001_o05_p0p0800 liang_feature_iki_2017_adaptation: K=6 MSE=8.671133347300833e-05 time=6.1 ms ok
[341/345] IndustrialOffset industrial_offset_naca_airfoil_v001_o05_p0p0800 dung_direct_knot_2017_adaptation: K=6 MSE=2.644869111017541e-05 time=94.2 ms ok
[341/345] IndustrialOffset industrial_offset_naca_airfoil_v001_o05_p0p0800 kang_sparse_2015_adaptation: K=8 MSE=5.03537539510699e-05 time=3027.6 ms ok
[341/345] IndustrialOffset industrial_offset_naca_airfoil_v001_o05_p0p0800 luo_linf_de_2022_adaptation: K=7 MSE=1.8124665714968612e-05 time=7165.7 ms ok
[342/345] IndustrialOffset industrial_offset_capsule_slot_v008_o03_p0p0200 ours: K=15 MSE=1.3966088322929253e-05 time=7.4 ms ok
[342/345] IndustrialOffset industrial_offset_capsule_slot_v008_o03_p0p0200 park_dominant_point_2007_adaptation: K=7 MSE=9.442872561707929e-05 time=9.0 ms ok
[342/345] IndustrialOffset industrial_offset_capsule_slot_v008_o03_p0p0200 liang_feature_iki_2017_adaptation: K=9 MSE=2.1056295218976387e-05 time=9.1 ms ok
[342/345] IndustrialOffset industrial_offset_capsule_slot_v008_o03_p0p0200 dung_direct_knot_2017_adaptation: K=9 MSE=3.98419363606221e-05 time=90.9 ms ok
[342/345] IndustrialOffset industrial_offset_capsule_slot_v008_o03_p0p0200 kang_sparse_2015_adaptation: K=7 MSE=6.0717778614964985e-05 time=3063.5 ms ok
[342/345] IndustrialOffset industrial_offset_capsule_slot_v008_o03_p0p0200 luo_linf_de_2022_adaptation: K=8 MSE=3.409115746087163e-05 time=8795.3 ms ok
[343/345] IndustrialOffset industrial_offset_capsule_slot_v000_o01_m0p0400 ours: K=15 MSE=5.890283699814489e-05 time=7.4 ms ok
[343/345] IndustrialOffset industrial_offset_capsule_slot_v000_o01_m0p0400 park_dominant_point_2007_adaptation: K=11 MSE=4.961029385855736e-05 time=13.2 ms ok
[343/345] IndustrialOffset industrial_offset_capsule_slot_v000_o01_m0p0400 liang_feature_iki_2017_adaptation: K=8 MSE=6.09858121045283e-05 time=8.0 ms ok
[343/345] IndustrialOffset industrial_offset_capsule_slot_v000_o01_m0p0400 dung_direct_knot_2017_adaptation: K=8 MSE=4.646353014038237e-05 time=98.0 ms ok
[343/345] IndustrialOffset industrial_offset_capsule_slot_v000_o01_m0p0400 kang_sparse_2015_adaptation: K=7 MSE=5.750271570148e-05 time=3240.7 ms ok
[343/345] IndustrialOffset industrial_offset_capsule_slot_v000_o01_m0p0400 luo_linf_de_2022_adaptation: K=8 MSE=3.1120715689456545e-05 time=8529.0 ms ok
[344/345] IndustrialOffset industrial_offset_lobed_rotor_v001_o02_m0p0200 ours: K=32 MSE=2.2667542280271362e-05 time=7.6 ms ok
[344/345] IndustrialOffset industrial_offset_lobed_rotor_v001_o02_m0p0200 park_dominant_point_2007_adaptation: K=16 MSE=9.443062783411368e-05 time=20.7 ms ok
[344/345] IndustrialOffset industrial_offset_lobed_rotor_v001_o02_m0p0200 liang_feature_iki_2017_adaptation: K=18 MSE=9.346106782585709e-05 time=18.1 ms ok
[344/345] IndustrialOffset industrial_offset_lobed_rotor_v001_o02_m0p0200 dung_direct_knot_2017_adaptation: K=17 MSE=6.311859466836331e-05 time=235.9 ms ok
[344/345] IndustrialOffset industrial_offset_lobed_rotor_v001_o02_m0p0200 kang_sparse_2015_adaptation: K=38 MSE=6.263184390056893e-07 time=2583.0 ms ok
[344/345] IndustrialOffset industrial_offset_lobed_rotor_v001_o02_m0p0200 luo_linf_de_2022_adaptation: K=18 MSE=8.455451072898996e-05 time=8307.6 ms ok
[345/345] IndustrialOffset industrial_offset_naca_airfoil_v005_o03_p0p0200 ours: K=27 MSE=2.8420953621053345e-05 time=7.7 ms ok
[345/345] IndustrialOffset industrial_offset_naca_airfoil_v005_o03_p0p0200 park_dominant_point_2007_adaptation: K=15 MSE=4.732676392306075e-05 time=24.8 ms ok
[345/345] IndustrialOffset industrial_offset_naca_airfoil_v005_o03_p0p0200 liang_feature_iki_2017_adaptation: K=5 MSE=7.907588383815026e-05 time=5.2 ms ok
[345/345] IndustrialOffset industrial_offset_naca_airfoil_v005_o03_p0p0200 dung_direct_knot_2017_adaptation: K=6 MSE=1.4977289935038992e-05 time=79.9 ms ok
[345/345] IndustrialOffset industrial_offset_naca_airfoil_v005_o03_p0p0200 kang_sparse_2015_adaptation: K=7 MSE=7.843251151235927e-05 time=2154.6 ms ok
[345/345] IndustrialOffset industrial_offset_naca_airfoil_v005_o03_p0p0200 luo_linf_de_2022_adaptation: K=6 MSE=1.8441438115416865e-05 time=7324.9 ms ok
Saved /home/feng/HouCode/SplineSurpervisedFitting/outputs/comparisons/candidate_selection_v16_k56_fineteacher_p64_r1/formal_e5b92ef442d9/report.md
