Checking real manifests and train/val/test group separation...
  Reading manifest: /home/feng/HouCode/SplineSurpervisedFitting/data/splits/uji_pen_v2.jsonl
  Checking groups/files: 2000/18219
  Checking groups/files: 4000/18219
  Checking groups/files: 6000/18219
  Checking groups/files: 8000/18219
  Checking groups/files: 10000/18219
  Checking groups/files: 12000/18219
  Checking groups/files: 14000/18219
  Checking groups/files: 16000/18219
  Checking groups/files: 18000/18219
  Checking groups/files: 18219/18219
  Ready uji_pen_characters_v2: train=9670, val=2456 (test excluded from training)
  Reading manifest: /home/feng/HouCode/SplineSurpervisedFitting/data/processed/natural_earth/v5.1.2_10m_coastline/manifest.jsonl
  Checking groups/files: 2000/3908
  Checking groups/files: 3908/3908
  Ready natural_earth_10m_coastline: train=2625, val=750 (test excluded from training)
  Reading manifest: /home/feng/HouCode/SplineSurpervisedFitting/data/processed/usgs_contours/large_scale/manifest.jsonl
  Checking groups/files: 2000/6654
  Checking groups/files: 4000/6654
  Checking groups/files: 6000/6654
  Checking groups/files: 6654/6654
  Ready usgs_tnm_contours_large_scale: train=4024, val=1210 (test excluded from training)
  Reading manifest: /home/feng/HouCode/SplineSurpervisedFitting/data/processed/industrial_offsets/v1/manifest.jsonl
  Checking groups/files: 453/453
  Ready industrial_model_offset_curves: train=293, val=93 (test excluded from training)
v16 adaptive mass_topk: cuda, Kc=56 internal (full cubic knot vector at all-keep=64), MSE tolerance=0.0001; 3000 train draws, 993 validation curves; real sources=4
Synthetic source contract: clean source-subset threshold-minimal certificate at RMS=0.01, margin=20%, audit_points=512
Joint supervision: certified synthetic ground truth only; ordered one-to-one candidate assignment directly labels KeepMask, exact K, parameters and survivor relocation. Certified per-knot deletion MSE provides fine-grained criticality, multi-scale recall and log-gap/bias losses refine Proposal/Parameter learning. Online prefix/counterfactual Teacher is disabled. Real manifests are validation/test only. Deployment uses one network forward and one final refit.
Checkpoint selection minimizes mean per-curve subset cost: feasible curves trade K against a bounded MSE tie-break; infeasible curves use a logarithmic MSE penalty. Aggregate pass rates and the explicit K=56 boundary audit (n=32) are reported but never gate training. Formal supervised Joint performs only dense, deployed-mask and labelled-mask fits per batch.
Proposal-stage synthetic stratification: 50.0% from K>=40; the remainder uses K=4..39. Joint training always uses the original K=4..56 distribution.
Epoch 001/128 proposal [........................] 1/47 MSE=3.854e-04 pass=45.3% K=56.0 denseK=56.0 countMAE=0.00
Epoch 001/128 proposal [=====...................] 10/47 MSE=3.885e-04 pass=42.2% K=56.0 denseK=56.0 countMAE=0.00
Epoch 001/128 proposal [==========..............] 20/47 MSE=4.604e-04 pass=42.2% K=56.0 denseK=56.0 countMAE=0.00
Epoch 001/128 proposal [===============.........] 30/47 MSE=5.116e-04 pass=40.6% K=56.0 denseK=56.0 countMAE=0.00
Epoch 001/128 proposal [====================....] 40/47 MSE=3.678e-04 pass=50.0% K=56.0 denseK=56.0 countMAE=0.00
Epoch 001/128 proposal [========================] 47/47 MSE=4.959e-04 pass=33.9% K=56.0 denseK=56.0 countMAE=0.00
  validation [=.......................] 1/16 
  validation [===============.........] 10/16 
  validation [========================] 16/16 
Epoch 001 val dense=72.8% deployment=72.8% worst-source=55.8% qualification=0.0% MSE=2.245e-04 K=56.00 mass=30.25 beta=-0.16 soft_cost=1.6809 selection_score=-1.6809 complexity=0.00->0.00 safety=0+0.00sigma scale=1.00->1.00 pass_reference_only=0.0%
  Proposal train geometry: coverage_MAE=5.5671e-03, ordered_assignment_MAE=6.1845e-03, matched_K=34.59, R@.005/.01/.02=0.425/0.939/1.000, parameter_bias=1.145e-02
  Synthetic K=56: n=46, dense=0.0%, deployment=0.0%
  Synthetic: dense=55.8%, deployment=55.8%, MSE=3.668e-04, K=56.00, targetK=31.74, count_MAE=24.26, bias=+24.26, knot_F1@0.01=0.668, param_RMSE=2.976e-02
  uji_pen_characters_v2: dense=100.0%, deployment=100.0%, MSE=6.988e-07, K=56.00
  natural_earth_10m_coastline: dense=96.0%, deployment=96.0%, MSE=1.665e-05, K=56.00
  usgs_tnm_contours_large_scale: dense=99.0%, deployment=99.0%, MSE=1.068e-05, K=56.00
  industrial_model_offset_curves: dense=100.0%, deployment=100.0%, MSE=5.408e-07, K=56.00
Epoch 002/128 proposal [........................] 1/47 MSE=4.022e-04 pass=50.0% K=56.0 denseK=56.0 countMAE=0.00
Epoch 002/128 proposal [=====...................] 10/47 MSE=4.355e-04 pass=45.3% K=56.0 denseK=56.0 countMAE=0.00
Epoch 002/128 proposal [==========..............] 20/47 MSE=4.118e-04 pass=43.8% K=56.0 denseK=56.0 countMAE=0.00
Epoch 002/128 proposal [===============.........] 30/47 MSE=3.604e-04 pass=39.1% K=56.0 denseK=56.0 countMAE=0.00
Epoch 002/128 proposal [====================....] 40/47 MSE=3.624e-04 pass=50.0% K=56.0 denseK=56.0 countMAE=0.00
Epoch 002/128 proposal [========================] 47/47 MSE=3.961e-04 pass=48.2% K=56.0 denseK=56.0 countMAE=0.00
  validation [=.......................] 1/16 
  validation [===============.........] 10/16 
  validation [========================] 16/16 
Epoch 002 val dense=77.1% deployment=77.1% worst-source=62.8% qualification=0.0% MSE=2.031e-04 K=56.00 mass=30.38 beta=-0.17 soft_cost=1.5981 selection_score=-1.5981 complexity=0.00->0.00 safety=0+0.00sigma scale=1.00->1.00 pass_reference_only=0.0%
  Proposal train geometry: coverage_MAE=5.3328e-03, ordered_assignment_MAE=5.7745e-03, matched_K=34.95, R@.005/.01/.02=0.447/0.960/1.000, parameter_bias=1.022e-02
  Synthetic K=56: n=46, dense=0.0%, deployment=0.0%
  Synthetic: dense=62.8%, deployment=62.8%, MSE=3.312e-04, K=56.00, targetK=31.74, count_MAE=24.26, bias=+24.26, knot_F1@0.01=0.687, param_RMSE=2.664e-02
  uji_pen_characters_v2: dense=100.0%, deployment=100.0%, MSE=1.553e-06, K=56.00
  natural_earth_10m_coastline: dense=96.0%, deployment=96.0%, MSE=1.685e-05, K=56.00
  usgs_tnm_contours_large_scale: dense=100.0%, deployment=100.0%, MSE=1.013e-05, K=56.00
  industrial_model_offset_curves: dense=100.0%, deployment=100.0%, MSE=1.116e-06, K=56.00
Epoch 003/128 proposal [........................] 1/47 MSE=3.761e-04 pass=51.6% K=56.0 denseK=56.0 countMAE=0.00
Epoch 003/128 proposal [=====...................] 10/47 MSE=4.349e-04 pass=56.2% K=56.0 denseK=56.0 countMAE=0.00
Epoch 003/128 proposal [==========..............] 20/47 MSE=3.926e-04 pass=42.2% K=56.0 denseK=56.0 countMAE=0.00
Epoch 003/128 proposal [===============.........] 30/47 MSE=4.238e-04 pass=32.8% K=56.0 denseK=56.0 countMAE=0.00
Epoch 003/128 proposal [====================....] 40/47 MSE=3.810e-04 pass=43.8% K=56.0 denseK=56.0 countMAE=0.00
Epoch 003/128 proposal [========================] 47/47 MSE=4.859e-04 pass=44.6% K=56.0 denseK=56.0 countMAE=0.00
  validation [=.......................] 1/16 
  validation [===============.........] 10/16 
  validation [========================] 16/16 
Epoch 003 val dense=76.9% deployment=76.9% worst-source=62.5% qualification=0.0% MSE=1.973e-04 K=56.00 mass=30.30 beta=-0.16 soft_cost=1.5935 selection_score=-1.5935 complexity=0.00->0.00 safety=0+0.00sigma scale=1.00->1.00 pass_reference_only=0.0%
  Proposal train geometry: coverage_MAE=5.1496e-03, ordered_assignment_MAE=5.4631e-03, matched_K=34.74, R@.005/.01/.02=0.468/0.971/1.000, parameter_bias=1.044e-02
  Synthetic K=56: n=46, dense=0.0%, deployment=0.0%
  Synthetic: dense=62.5%, deployment=62.5%, MSE=3.212e-04, K=56.00, targetK=31.74, count_MAE=24.26, bias=+24.26, knot_F1@0.01=0.691, param_RMSE=2.720e-02
  uji_pen_characters_v2: dense=100.0%, deployment=100.0%, MSE=2.360e-06, K=56.00
  natural_earth_10m_coastline: dense=96.0%, deployment=96.0%, MSE=1.779e-05, K=56.00
  usgs_tnm_contours_large_scale: dense=100.0%, deployment=100.0%, MSE=1.112e-05, K=56.00
  industrial_model_offset_curves: dense=100.0%, deployment=100.0%, MSE=1.330e-06, K=56.00
Epoch 004/128 proposal [........................] 1/47 MSE=3.803e-04 pass=57.8% K=56.0 denseK=56.0 countMAE=0.00
Epoch 004/128 proposal [=====...................] 10/47 MSE=3.888e-04 pass=45.3% K=56.0 denseK=56.0 countMAE=0.00
Epoch 004/128 proposal [==========..............] 20/47 MSE=3.200e-04 pass=45.3% K=56.0 denseK=56.0 countMAE=0.00
Epoch 004/128 proposal [===============.........] 30/47 MSE=3.613e-04 pass=56.2% K=56.0 denseK=56.0 countMAE=0.00
Epoch 004/128 proposal [====================....] 40/47 MSE=3.861e-04 pass=50.0% K=56.0 denseK=56.0 countMAE=0.00
Epoch 004/128 proposal [========================] 47/47 MSE=4.158e-04 pass=41.1% K=56.0 denseK=56.0 countMAE=0.00
  validation [=.......................] 1/16 
  validation [===============.........] 10/16 
  validation [========================] 16/16 
Epoch 004 val dense=78.2% deployment=78.2% worst-source=64.7% qualification=0.0% MSE=1.947e-04 K=56.00 mass=30.35 beta=-0.17 soft_cost=1.5762 selection_score=-1.5762 complexity=0.00->0.00 safety=0+0.00sigma scale=1.00->1.00 pass_reference_only=0.0%
  Proposal train geometry: coverage_MAE=5.0111e-03, ordered_assignment_MAE=5.2885e-03, matched_K=34.64, R@.005/.01/.02=0.487/0.976/1.000, parameter_bias=1.043e-02
  Synthetic K=56: n=46, dense=0.0%, deployment=0.0%
  Synthetic: dense=64.7%, deployment=64.7%, MSE=3.163e-04, K=56.00, targetK=31.74, count_MAE=24.26, bias=+24.26, knot_F1@0.01=0.700, param_RMSE=2.443e-02
  uji_pen_characters_v2: dense=100.0%, deployment=100.0%, MSE=3.026e-06, K=56.00
  natural_earth_10m_coastline: dense=96.0%, deployment=96.0%, MSE=1.786e-05, K=56.00
  usgs_tnm_contours_large_scale: dense=100.0%, deployment=100.0%, MSE=1.144e-05, K=56.00
  industrial_model_offset_curves: dense=100.0%, deployment=100.0%, MSE=2.761e-06, K=56.00
Epoch 005/128 proposal [........................] 1/47 MSE=3.953e-04 pass=57.8% K=56.0 denseK=56.0 countMAE=0.00
Epoch 005/128 proposal [=====...................] 10/47 MSE=3.285e-04 pass=59.4% K=56.0 denseK=56.0 countMAE=0.00
Epoch 005/128 proposal [==========..............] 20/47 MSE=2.664e-04 pass=43.8% K=56.0 denseK=56.0 countMAE=0.00
Epoch 005/128 proposal [===============.........] 30/47 MSE=4.201e-04 pass=56.2% K=56.0 denseK=56.0 countMAE=0.00
Epoch 005/128 proposal [====================....] 40/47 MSE=3.239e-04 pass=53.1% K=56.0 denseK=56.0 countMAE=0.00
Epoch 005/128 proposal [========================] 47/47 MSE=4.029e-04 pass=46.4% K=56.0 denseK=56.0 countMAE=0.00
  validation [=.......................] 1/16 
  validation [===============.........] 10/16 
  validation [========================] 16/16 
Epoch 005 val dense=79.3% deployment=79.3% worst-source=66.3% qualification=0.0% MSE=1.917e-04 K=56.00 mass=30.36 beta=-0.17 soft_cost=1.5616 selection_score=-1.5616 complexity=0.00->0.00 safety=0+0.00sigma scale=1.00->1.00 pass_reference_only=0.0%
  Proposal train geometry: coverage_MAE=4.9276e-03, ordered_assignment_MAE=5.1337e-03, matched_K=34.78, R@.005/.01/.02=0.501/0.981/1.000, parameter_bias=1.005e-02
  Synthetic K=56: n=46, dense=0.0%, deployment=0.0%
  Synthetic: dense=66.3%, deployment=66.3%, MSE=3.107e-04, K=56.00, targetK=31.74, count_MAE=24.26, bias=+24.26, knot_F1@0.01=0.703, param_RMSE=2.429e-02
  uji_pen_characters_v2: dense=100.0%, deployment=100.0%, MSE=4.162e-06, K=56.00
  natural_earth_10m_coastline: dense=96.0%, deployment=96.0%, MSE=1.879e-05, K=56.00
  usgs_tnm_contours_large_scale: dense=100.0%, deployment=100.0%, MSE=1.290e-05, K=56.00
  industrial_model_offset_curves: dense=100.0%, deployment=100.0%, MSE=4.116e-06, K=56.00
Epoch 006/128 proposal [........................] 1/47 MSE=4.548e-04 pass=42.2% K=56.0 denseK=56.0 countMAE=0.00
Epoch 006/128 proposal [=====...................] 10/47 MSE=4.134e-04 pass=46.9% K=56.0 denseK=56.0 countMAE=0.00
Epoch 006/128 proposal [==========..............] 20/47 MSE=3.387e-04 pass=34.4% K=56.0 denseK=56.0 countMAE=0.00
Epoch 006/128 proposal [===============.........] 30/47 MSE=3.554e-04 pass=53.1% K=56.0 denseK=56.0 countMAE=0.00
Epoch 006/128 proposal [====================....] 40/47 MSE=3.487e-04 pass=50.0% K=56.0 denseK=56.0 countMAE=0.00
Epoch 006/128 proposal [========================] 47/47 MSE=4.422e-04 pass=41.1% K=56.0 denseK=56.0 countMAE=0.00
  validation [=.......................] 1/16 
  validation [===============.........] 10/16 
  validation [========================] 16/16 
Epoch 006 val dense=78.5% deployment=78.5% worst-source=65.2% qualification=0.0% MSE=1.862e-04 K=56.00 mass=30.36 beta=-0.17 soft_cost=1.5590 selection_score=-1.5590 complexity=0.00->0.00 safety=0+0.00sigma scale=1.00->1.00 pass_reference_only=0.0%
  Proposal train geometry: coverage_MAE=4.9237e-03, ordered_assignment_MAE=5.1401e-03, matched_K=34.80, R@.005/.01/.02=0.500/0.980/1.000, parameter_bias=1.051e-02
  Synthetic K=56: n=46, dense=0.0%, deployment=0.0%
  Synthetic: dense=65.2%, deployment=65.2%, MSE=3.019e-04, K=56.00, targetK=31.74, count_MAE=24.26, bias=+24.26, knot_F1@0.01=0.699, param_RMSE=2.505e-02
  uji_pen_characters_v2: dense=100.0%, deployment=100.0%, MSE=3.912e-06, K=56.00
  natural_earth_10m_coastline: dense=96.0%, deployment=96.0%, MSE=1.810e-05, K=56.00
  usgs_tnm_contours_large_scale: dense=100.0%, deployment=100.0%, MSE=1.299e-05, K=56.00
  industrial_model_offset_curves: dense=100.0%, deployment=100.0%, MSE=2.908e-06, K=56.00
Epoch 007/128 proposal [........................] 1/47 MSE=4.069e-04 pass=42.2% K=56.0 denseK=56.0 countMAE=0.00
Epoch 007/128 proposal [=====...................] 10/47 MSE=3.230e-04 pass=45.3% K=56.0 denseK=56.0 countMAE=0.00
Epoch 007/128 proposal [==========..............] 20/47 MSE=3.057e-04 pass=57.8% K=56.0 denseK=56.0 countMAE=0.00
Epoch 007/128 proposal [===============.........] 30/47 MSE=4.327e-04 pass=45.3% K=56.0 denseK=56.0 countMAE=0.00
Epoch 007/128 proposal [====================....] 40/47 MSE=2.288e-04 pass=46.9% K=56.0 denseK=56.0 countMAE=0.00
Epoch 007/128 proposal [========================] 47/47 MSE=2.774e-04 pass=50.0% K=56.0 denseK=56.0 countMAE=0.00
  validation [=.......................] 1/16 
  validation [===============.........] 10/16 
  validation [========================] 16/16 
Epoch 007 val dense=79.2% deployment=79.2% worst-source=66.2% qualification=0.0% MSE=1.834e-04 K=56.00 mass=30.36 beta=-0.17 soft_cost=1.5502 selection_score=-1.5502 complexity=0.00->0.00 safety=0+0.00sigma scale=1.00->1.00 pass_reference_only=0.0%
  Proposal train geometry: coverage_MAE=4.9136e-03, ordered_assignment_MAE=5.0814e-03, matched_K=34.83, R@.005/.01/.02=0.501/0.981/1.000, parameter_bias=1.006e-02
  Synthetic K=56: n=46, dense=0.0%, deployment=0.0%
  Synthetic: dense=66.2%, deployment=66.2%, MSE=2.971e-04, K=56.00, targetK=31.74, count_MAE=24.26, bias=+24.26, knot_F1@0.01=0.702, param_RMSE=2.448e-02
  uji_pen_characters_v2: dense=100.0%, deployment=100.0%, MSE=4.330e-06, K=56.00
  natural_earth_10m_coastline: dense=96.0%, deployment=96.0%, MSE=1.826e-05, K=56.00
  usgs_tnm_contours_large_scale: dense=100.0%, deployment=100.0%, MSE=1.265e-05, K=56.00
  industrial_model_offset_curves: dense=100.0%, deployment=100.0%, MSE=2.979e-06, K=56.00
Epoch 008/128 proposal [........................] 1/47 MSE=4.137e-04 pass=48.4% K=56.0 denseK=56.0 countMAE=0.00
Epoch 008/128 proposal [=====...................] 10/47 MSE=3.470e-04 pass=54.7% K=56.0 denseK=56.0 countMAE=0.00
Epoch 008/128 proposal [==========..............] 20/47 MSE=4.002e-04 pass=51.6% K=56.0 denseK=56.0 countMAE=0.00
Epoch 008/128 proposal [===============.........] 30/47 MSE=4.036e-04 pass=56.2% K=56.0 denseK=56.0 countMAE=0.00
Epoch 008/128 proposal [====================....] 40/47 MSE=5.379e-04 pass=43.8% K=56.0 denseK=56.0 countMAE=0.00
Epoch 008/128 proposal [========================] 47/47 MSE=3.338e-04 pass=53.6% K=56.0 denseK=56.0 countMAE=0.00
  validation [=.......................] 1/16 
  validation [===============.........] 10/16 
  validation [========================] 16/16 
Epoch 008 val dense=78.7% deployment=78.7% worst-source=65.3% qualification=0.0% MSE=1.848e-04 K=56.00 mass=30.40 beta=-0.17 soft_cost=1.5564 selection_score=-1.5564 complexity=0.00->0.00 safety=0+0.00sigma scale=1.00->1.00 pass_reference_only=0.0%
  Proposal train geometry: coverage_MAE=4.9096e-03, ordered_assignment_MAE=5.1083e-03, matched_K=34.80, R@.005/.01/.02=0.501/0.982/1.000, parameter_bias=1.031e-02
  Synthetic K=56: n=46, dense=0.0%, deployment=0.0%
  Synthetic: dense=65.3%, deployment=65.3%, MSE=2.995e-04, K=56.00, targetK=31.74, count_MAE=24.26, bias=+24.26, knot_F1@0.01=0.701, param_RMSE=2.441e-02
  uji_pen_characters_v2: dense=100.0%, deployment=100.0%, MSE=4.303e-06, K=56.00
  natural_earth_10m_coastline: dense=96.0%, deployment=96.0%, MSE=1.882e-05, K=56.00
  usgs_tnm_contours_large_scale: dense=100.0%, deployment=100.0%, MSE=1.285e-05, K=56.00
  industrial_model_offset_curves: dense=100.0%, deployment=100.0%, MSE=2.805e-06, K=56.00
Epoch 009/128 proposal [........................] 1/47 MSE=4.041e-04 pass=42.2% K=56.0 denseK=56.0 countMAE=0.00
Epoch 009/128 proposal [=====...................] 10/47 MSE=3.757e-04 pass=48.4% K=56.0 denseK=56.0 countMAE=0.00
Epoch 009/128 proposal [==========..............] 20/47 MSE=2.969e-04 pass=51.6% K=56.0 denseK=56.0 countMAE=0.00
Epoch 009/128 proposal [===============.........] 30/47 MSE=2.876e-04 pass=59.4% K=56.0 denseK=56.0 countMAE=0.00
Epoch 009/128 proposal [====================....] 40/47 MSE=4.286e-04 pass=46.9% K=56.0 denseK=56.0 countMAE=0.00
Epoch 009/128 proposal [========================] 47/47 MSE=3.573e-04 pass=53.6% K=56.0 denseK=56.0 countMAE=0.00
  validation [=.......................] 1/16 
  validation [===============.........] 10/16 
  validation [========================] 16/16 
Epoch 009 val dense=79.3% deployment=79.3% worst-source=66.3% qualification=0.0% MSE=1.758e-04 K=56.00 mass=30.37 beta=-0.17 soft_cost=1.5427 selection_score=-1.5427 complexity=0.00->0.00 safety=0+0.00sigma scale=1.00->1.00 pass_reference_only=0.0%
  Proposal train geometry: coverage_MAE=4.9329e-03, ordered_assignment_MAE=5.0858e-03, matched_K=34.64, R@.005/.01/.02=0.500/0.979/1.000, parameter_bias=1.035e-02
  Synthetic K=56: n=46, dense=0.0%, deployment=0.0%
  Synthetic: dense=66.3%, deployment=66.3%, MSE=2.842e-04, K=56.00, targetK=31.74, count_MAE=24.26, bias=+24.26, knot_F1@0.01=0.702, param_RMSE=2.453e-02
  uji_pen_characters_v2: dense=100.0%, deployment=100.0%, MSE=4.528e-06, K=56.00
  natural_earth_10m_coastline: dense=96.0%, deployment=96.0%, MSE=1.936e-05, K=56.00
  usgs_tnm_contours_large_scale: dense=100.0%, deployment=100.0%, MSE=1.381e-05, K=56.00
  industrial_model_offset_curves: dense=100.0%, deployment=100.0%, MSE=2.701e-06, K=56.00
Epoch 010/128 proposal [........................] 1/47 MSE=3.783e-04 pass=46.9% K=56.0 denseK=56.0 countMAE=0.00
Epoch 010/128 proposal [=====...................] 10/47 MSE=3.245e-04 pass=51.6% K=56.0 denseK=56.0 countMAE=0.00
Epoch 010/128 proposal [==========..............] 20/47 MSE=3.868e-04 pass=42.2% K=56.0 denseK=56.0 countMAE=0.00
Epoch 010/128 proposal [===============.........] 30/47 MSE=4.136e-04 pass=45.3% K=56.0 denseK=56.0 countMAE=0.00
Epoch 010/128 proposal [====================....] 40/47 MSE=3.214e-04 pass=45.3% K=56.0 denseK=56.0 countMAE=0.00
Epoch 010/128 proposal [========================] 47/47 MSE=4.338e-04 pass=57.1% K=56.0 denseK=56.0 countMAE=0.00
  validation [=.......................] 1/16 
  validation [===============.........] 10/16 
  validation [========================] 16/16 
Epoch 010 val dense=79.6% deployment=79.6% worst-source=66.8% qualification=0.0% MSE=1.826e-04 K=56.00 mass=30.47 beta=-0.18 soft_cost=1.5466 selection_score=-1.5466 complexity=0.00->0.00 safety=0+0.00sigma scale=1.00->1.00 pass_reference_only=0.0%
  Proposal train geometry: coverage_MAE=4.8969e-03, ordered_assignment_MAE=5.0765e-03, matched_K=34.91, R@.005/.01/.02=0.502/0.983/1.000, parameter_bias=1.016e-02
  Synthetic K=56: n=46, dense=0.0%, deployment=0.0%
  Synthetic: dense=66.8%, deployment=66.8%, MSE=2.957e-04, K=56.00, targetK=31.74, count_MAE=24.26, bias=+24.26, knot_F1@0.01=0.705, param_RMSE=2.398e-02
  uji_pen_characters_v2: dense=100.0%, deployment=100.0%, MSE=4.125e-06, K=56.00
  natural_earth_10m_coastline: dense=96.0%, deployment=96.0%, MSE=1.835e-05, K=56.00
  usgs_tnm_contours_large_scale: dense=100.0%, deployment=100.0%, MSE=1.333e-05, K=56.00
  industrial_model_offset_curves: dense=100.0%, deployment=100.0%, MSE=3.675e-06, K=56.00
Epoch 011/128 proposal [........................] 1/47 MSE=2.809e-04 pass=50.0% K=56.0 denseK=56.0 countMAE=0.00
Epoch 011/128 proposal [=====...................] 10/47 MSE=2.922e-04 pass=53.1% K=56.0 denseK=56.0 countMAE=0.00
Epoch 011/128 proposal [==========..............] 20/47 MSE=3.599e-04 pass=54.7% K=56.0 denseK=56.0 countMAE=0.00
Epoch 011/128 proposal [===============.........] 30/47 MSE=3.594e-04 pass=43.8% K=56.0 denseK=56.0 countMAE=0.00
Epoch 011/128 proposal [====================....] 40/47 MSE=2.352e-04 pass=60.9% K=56.0 denseK=56.0 countMAE=0.00
Epoch 011/128 proposal [========================] 47/47 MSE=2.948e-04 pass=60.7% K=56.0 denseK=56.0 countMAE=0.00
  validation [=.......................] 1/16 
  validation [===============.........] 10/16 
  validation [========================] 16/16 
Epoch 011 val dense=79.1% deployment=79.1% worst-source=66.0% qualification=0.0% MSE=1.808e-04 K=56.00 mass=30.34 beta=-0.17 soft_cost=1.5488 selection_score=-1.5488 complexity=0.00->0.00 safety=0+0.00sigma scale=1.00->1.00 pass_reference_only=0.0%
  Proposal train geometry: coverage_MAE=4.9126e-03, ordered_assignment_MAE=5.0510e-03, matched_K=34.95, R@.005/.01/.02=0.500/0.981/1.000, parameter_bias=1.011e-02
  Synthetic K=56: n=46, dense=0.0%, deployment=0.0%
  Synthetic: dense=66.0%, deployment=66.0%, MSE=2.927e-04, K=56.00, targetK=31.74, count_MAE=24.26, bias=+24.26, knot_F1@0.01=0.705, param_RMSE=2.386e-02
  uji_pen_characters_v2: dense=100.0%, deployment=100.0%, MSE=3.960e-06, K=56.00
  natural_earth_10m_coastline: dense=96.0%, deployment=96.0%, MSE=1.800e-05, K=56.00
  usgs_tnm_contours_large_scale: dense=100.0%, deployment=100.0%, MSE=1.336e-05, K=56.00
  industrial_model_offset_curves: dense=100.0%, deployment=100.0%, MSE=3.881e-06, K=56.00
Epoch 012/128 proposal [........................] 1/47 MSE=4.428e-04 pass=43.8% K=56.0 denseK=56.0 countMAE=0.00
Epoch 012/128 proposal [=====...................] 10/47 MSE=3.683e-04 pass=48.4% K=56.0 denseK=56.0 countMAE=0.00
Epoch 012/128 proposal [==========..............] 20/47 MSE=2.927e-04 pass=46.9% K=56.0 denseK=56.0 countMAE=0.00
Epoch 012/128 proposal [===============.........] 30/47 MSE=2.358e-04 pass=57.8% K=56.0 denseK=56.0 countMAE=0.00
Epoch 012/128 proposal [====================....] 40/47 MSE=3.637e-04 pass=45.3% K=56.0 denseK=56.0 countMAE=0.00
Epoch 012/128 proposal [========================] 47/47 MSE=3.162e-04 pass=46.4% K=56.0 denseK=56.0 countMAE=0.00
  validation [=.......................] 1/16 
  validation [===============.........] 10/16 
  validation [========================] 16/16 
Epoch 012 val dense=78.8% deployment=78.8% worst-source=65.5% qualification=0.0% MSE=1.715e-04 K=56.00 mass=30.30 beta=-0.16 soft_cost=1.5437 selection_score=-1.5437 complexity=0.00->0.00 safety=0+0.00sigma scale=1.00->1.00 pass_reference_only=0.0%
  Proposal train geometry: coverage_MAE=4.8875e-03, ordered_assignment_MAE=5.0359e-03, matched_K=34.68, R@.005/.01/.02=0.505/0.982/1.000, parameter_bias=1.004e-02
  Synthetic K=56: n=46, dense=0.0%, deployment=0.0%
  Synthetic: dense=65.5%, deployment=65.5%, MSE=2.769e-04, K=56.00, targetK=31.74, count_MAE=24.26, bias=+24.26, knot_F1@0.01=0.704, param_RMSE=2.380e-02
  uji_pen_characters_v2: dense=100.0%, deployment=100.0%, MSE=4.786e-06, K=56.00
  natural_earth_10m_coastline: dense=96.0%, deployment=96.0%, MSE=1.956e-05, K=56.00
  usgs_tnm_contours_large_scale: dense=100.0%, deployment=100.0%, MSE=1.424e-05, K=56.00
  industrial_model_offset_curves: dense=100.0%, deployment=100.0%, MSE=3.173e-06, K=56.00
Epoch 013/128 proposal [........................] 1/47 MSE=2.639e-04 pass=59.4% K=56.0 denseK=56.0 countMAE=0.00
Epoch 013/128 proposal [=====...................] 10/47 MSE=2.699e-04 pass=57.8% K=56.0 denseK=56.0 countMAE=0.00
Epoch 013/128 proposal [==========..............] 20/47 MSE=2.007e-04 pass=62.5% K=56.0 denseK=56.0 countMAE=0.00
Epoch 013/128 proposal [===============.........] 30/47 MSE=4.168e-04 pass=45.3% K=56.0 denseK=56.0 countMAE=0.00
Epoch 013/128 proposal [====================....] 40/47 MSE=4.055e-04 pass=54.7% K=56.0 denseK=56.0 countMAE=0.00
Epoch 013/128 proposal [========================] 47/47 MSE=3.089e-04 pass=51.8% K=56.0 denseK=56.0 countMAE=0.00
  validation [=.......................] 1/16 
  validation [===============.........] 10/16 
  validation [========================] 16/16 
Epoch 013 val dense=79.8% deployment=79.8% worst-source=67.2% qualification=0.0% MSE=1.724e-04 K=56.00 mass=30.33 beta=-0.17 soft_cost=1.5341 selection_score=-1.5341 complexity=0.00->0.00 safety=0+0.00sigma scale=1.00->1.00 pass_reference_only=0.0%
  Proposal train geometry: coverage_MAE=4.8813e-03, ordered_assignment_MAE=5.0256e-03, matched_K=34.67, R@.005/.01/.02=0.506/0.983/1.000, parameter_bias=1.025e-02
  Synthetic K=56: n=46, dense=0.0%, deployment=0.0%
  Synthetic: dense=67.2%, deployment=67.2%, MSE=2.785e-04, K=56.00, targetK=31.74, count_MAE=24.26, bias=+24.26, knot_F1@0.01=0.705, param_RMSE=2.365e-02
  uji_pen_characters_v2: dense=100.0%, deployment=100.0%, MSE=4.435e-06, K=56.00
  natural_earth_10m_coastline: dense=96.0%, deployment=96.0%, MSE=1.899e-05, K=56.00
  usgs_tnm_contours_large_scale: dense=100.0%, deployment=100.0%, MSE=1.387e-05, K=56.00
  industrial_model_offset_curves: dense=100.0%, deployment=100.0%, MSE=3.487e-06, K=56.00
Epoch 014/128 proposal [........................] 1/47 MSE=4.114e-04 pass=46.9% K=56.0 denseK=56.0 countMAE=0.00
Epoch 014/128 proposal [=====...................] 10/47 MSE=3.954e-04 pass=43.8% K=56.0 denseK=56.0 countMAE=0.00
Epoch 014/128 proposal [==========..............] 20/47 MSE=3.788e-04 pass=51.6% K=56.0 denseK=56.0 countMAE=0.00
Epoch 014/128 proposal [===============.........] 30/47 MSE=2.729e-04 pass=57.8% K=56.0 denseK=56.0 countMAE=0.00
Epoch 014/128 proposal [====================....] 40/47 MSE=3.319e-04 pass=51.6% K=56.0 denseK=56.0 countMAE=0.00
Epoch 014/128 proposal [========================] 47/47 MSE=2.773e-04 pass=66.1% K=56.0 denseK=56.0 countMAE=0.00
  validation [=.......................] 1/16 
  validation [===============.........] 10/16 
  validation [========================] 16/16 
Epoch 014 val dense=79.5% deployment=79.5% worst-source=66.7% qualification=0.0% MSE=1.705e-04 K=56.00 mass=30.31 beta=-0.17 soft_cost=1.5362 selection_score=-1.5362 complexity=0.00->0.00 safety=0+0.00sigma scale=1.00->1.00 pass_reference_only=0.0%
  Proposal train geometry: coverage_MAE=4.8345e-03, ordered_assignment_MAE=4.9462e-03, matched_K=34.82, R@.005/.01/.02=0.512/0.984/1.000, parameter_bias=1.002e-02
  Synthetic K=56: n=46, dense=0.0%, deployment=0.0%
  Synthetic: dense=66.7%, deployment=66.7%, MSE=2.755e-04, K=56.00, targetK=31.74, count_MAE=24.26, bias=+24.26, knot_F1@0.01=0.706, param_RMSE=2.369e-02
  uji_pen_characters_v2: dense=100.0%, deployment=100.0%, MSE=4.467e-06, K=56.00
  natural_earth_10m_coastline: dense=96.0%, deployment=96.0%, MSE=1.849e-05, K=56.00
  usgs_tnm_contours_large_scale: dense=100.0%, deployment=100.0%, MSE=1.377e-05, K=56.00
  industrial_model_offset_curves: dense=100.0%, deployment=100.0%, MSE=3.503e-06, K=56.00
Epoch 015/128 proposal [........................] 1/47 MSE=3.486e-04 pass=56.2% K=56.0 denseK=56.0 countMAE=0.00
Epoch 015/128 proposal [=====...................] 10/47 MSE=3.010e-04 pass=54.7% K=56.0 denseK=56.0 countMAE=0.00
Epoch 015/128 proposal [==========..............] 20/47 MSE=3.019e-04 pass=57.8% K=56.0 denseK=56.0 countMAE=0.00
Epoch 015/128 proposal [===============.........] 30/47 MSE=3.841e-04 pass=54.7% K=56.0 denseK=56.0 countMAE=0.00
Epoch 015/128 proposal [====================....] 40/47 MSE=2.752e-04 pass=54.7% K=56.0 denseK=56.0 countMAE=0.00
Epoch 015/128 proposal [========================] 47/47 MSE=2.238e-04 pass=55.4% K=56.0 denseK=56.0 countMAE=0.00
  validation [=.......................] 1/16 
  validation [===============.........] 10/16 
  validation [========================] 16/16 
Epoch 015 val dense=79.5% deployment=79.5% worst-source=66.7% qualification=0.0% MSE=1.664e-04 K=56.00 mass=30.35 beta=-0.17 soft_cost=1.5323 selection_score=-1.5323 complexity=0.00->0.00 safety=0+0.00sigma scale=1.00->1.00 pass_reference_only=0.0%
  Proposal train geometry: coverage_MAE=4.8887e-03, ordered_assignment_MAE=5.0470e-03, matched_K=34.80, R@.005/.01/.02=0.503/0.984/1.000, parameter_bias=1.016e-02
  Synthetic K=56: n=46, dense=0.0%, deployment=0.0%
  Synthetic: dense=66.7%, deployment=66.7%, MSE=2.680e-04, K=56.00, targetK=31.74, count_MAE=24.26, bias=+24.26, knot_F1@0.01=0.705, param_RMSE=2.375e-02
  uji_pen_characters_v2: dense=100.0%, deployment=100.0%, MSE=5.261e-06, K=56.00
  natural_earth_10m_coastline: dense=96.0%, deployment=96.0%, MSE=2.028e-05, K=56.00
  usgs_tnm_contours_large_scale: dense=100.0%, deployment=100.0%, MSE=1.508e-05, K=56.00
  industrial_model_offset_curves: dense=100.0%, deployment=100.0%, MSE=4.061e-06, K=56.00
Epoch 016/128 proposal [........................] 1/47 MSE=2.830e-04 pass=39.1% K=56.0 denseK=56.0 countMAE=0.00
Epoch 016/128 proposal [=====...................] 10/47 MSE=3.568e-04 pass=51.6% K=56.0 denseK=56.0 countMAE=0.00
Epoch 016/128 proposal [==========..............] 20/47 MSE=3.474e-04 pass=50.0% K=56.0 denseK=56.0 countMAE=0.00
Epoch 016/128 proposal [===============.........] 30/47 MSE=2.955e-04 pass=56.2% K=56.0 denseK=56.0 countMAE=0.00
Epoch 016/128 proposal [====================....] 40/47 MSE=3.120e-04 pass=48.4% K=56.0 denseK=56.0 countMAE=0.00
Epoch 016/128 proposal [========================] 47/47 MSE=3.012e-04 pass=58.9% K=56.0 denseK=56.0 countMAE=0.00
  validation [=.......................] 1/16 
  validation [===============.........] 10/16 
  validation [========================] 16/16 
Epoch 016 val dense=79.9% deployment=79.9% worst-source=67.3% qualification=0.0% MSE=1.672e-04 K=56.00 mass=30.32 beta=-0.17 soft_cost=1.5280 selection_score=-1.5280 complexity=0.00->0.00 safety=0+0.00sigma scale=1.00->1.00 pass_reference_only=0.0%
  Proposal train geometry: coverage_MAE=4.9222e-03, ordered_assignment_MAE=5.0237e-03, matched_K=34.64, R@.005/.01/.02=0.499/0.980/1.000, parameter_bias=1.017e-02
  Synthetic K=56: n=46, dense=0.0%, deployment=0.0%
  Synthetic: dense=67.3%, deployment=67.3%, MSE=2.694e-04, K=56.00, targetK=31.74, count_MAE=24.26, bias=+24.26, knot_F1@0.01=0.705, param_RMSE=2.355e-02
  uji_pen_characters_v2: dense=100.0%, deployment=100.0%, MSE=4.876e-06, K=56.00
  natural_earth_10m_coastline: dense=96.0%, deployment=96.0%, MSE=1.947e-05, K=56.00
  usgs_tnm_contours_large_scale: dense=100.0%, deployment=100.0%, MSE=1.505e-05, K=56.00
  industrial_model_offset_curves: dense=100.0%, deployment=100.0%, MSE=4.582e-06, K=56.00
Epoch 017/128 proposal [........................] 1/47 MSE=3.407e-04 pass=62.5% K=56.0 denseK=56.0 countMAE=0.00
Epoch 017/128 proposal [=====...................] 10/47 MSE=3.627e-04 pass=51.6% K=56.0 denseK=56.0 countMAE=0.00
Epoch 017/128 proposal [==========..............] 20/47 MSE=2.246e-04 pass=51.6% K=56.0 denseK=56.0 countMAE=0.00
Epoch 017/128 proposal [===============.........] 30/47 MSE=3.431e-04 pass=54.7% K=56.0 denseK=56.0 countMAE=0.00
Epoch 017/128 proposal [====================....] 40/47 MSE=2.647e-04 pass=57.8% K=56.0 denseK=56.0 countMAE=0.00
Epoch 017/128 proposal [========================] 47/47 MSE=3.321e-04 pass=46.4% K=56.0 denseK=56.0 countMAE=0.00
  validation [=.......................] 1/16 
  validation [===============.........] 10/16 
  validation [========================] 16/16 
Epoch 017 val dense=80.0% deployment=80.0% worst-source=67.5% qualification=0.0% MSE=1.643e-04 K=56.00 mass=30.29 beta=-0.16 soft_cost=1.5238 selection_score=-1.5238 complexity=0.00->0.00 safety=0+0.00sigma scale=1.00->1.00 pass_reference_only=0.0%
  Proposal train geometry: coverage_MAE=4.8768e-03, ordered_assignment_MAE=5.0316e-03, matched_K=34.84, R@.005/.01/.02=0.507/0.982/1.000, parameter_bias=1.011e-02
  Synthetic K=56: n=46, dense=0.0%, deployment=0.0%
  Synthetic: dense=67.5%, deployment=67.5%, MSE=2.652e-04, K=56.00, targetK=31.74, count_MAE=24.26, bias=+24.26, knot_F1@0.01=0.706, param_RMSE=2.317e-02
  uji_pen_characters_v2: dense=100.0%, deployment=100.0%, MSE=4.288e-06, K=56.00
  natural_earth_10m_coastline: dense=96.0%, deployment=96.0%, MSE=1.846e-05, K=56.00
  usgs_tnm_contours_large_scale: dense=100.0%, deployment=100.0%, MSE=1.396e-05, K=56.00
  industrial_model_offset_curves: dense=100.0%, deployment=100.0%, MSE=3.860e-06, K=56.00
Epoch 018/128 proposal [........................] 1/47 MSE=3.936e-04 pass=51.6% K=56.0 denseK=56.0 countMAE=0.00
Epoch 018/128 proposal [=====...................] 10/47 MSE=2.010e-04 pass=64.1% K=56.0 denseK=56.0 countMAE=0.00
Epoch 018/128 proposal [==========..............] 20/47 MSE=2.058e-04 pass=62.5% K=56.0 denseK=56.0 countMAE=0.00
Epoch 018/128 proposal [===============.........] 30/47 MSE=2.480e-04 pass=51.6% K=56.0 denseK=56.0 countMAE=0.00
Epoch 018/128 proposal [====================....] 40/47 MSE=3.234e-04 pass=45.3% K=56.0 denseK=56.0 countMAE=0.00
Epoch 018/128 proposal [========================] 47/47 MSE=2.353e-04 pass=57.1% K=56.0 denseK=56.0 countMAE=0.00
  validation [=.......................] 1/16 
  validation [===============.........] 10/16 
  validation [========================] 16/16 
Epoch 018 val dense=80.1% deployment=80.1% worst-source=67.7% qualification=0.0% MSE=1.589e-04 K=56.00 mass=30.35 beta=-0.17 soft_cost=1.5120 selection_score=-1.5120 complexity=0.00->0.00 safety=0+0.00sigma scale=1.00->1.00 pass_reference_only=0.0%
  Proposal train geometry: coverage_MAE=4.8210e-03, ordered_assignment_MAE=4.9337e-03, matched_K=34.73, R@.005/.01/.02=0.515/0.983/1.000, parameter_bias=9.645e-03
  Synthetic K=56: n=46, dense=0.0%, deployment=0.0%
  Synthetic: dense=67.7%, deployment=67.7%, MSE=2.557e-04, K=56.00, targetK=31.74, count_MAE=24.26, bias=+24.26, knot_F1@0.01=0.706, param_RMSE=2.315e-02
  uji_pen_characters_v2: dense=100.0%, deployment=100.0%, MSE=4.888e-06, K=56.00
  natural_earth_10m_coastline: dense=96.0%, deployment=96.0%, MSE=1.995e-05, K=56.00
  usgs_tnm_contours_large_scale: dense=100.0%, deployment=100.0%, MSE=1.484e-05, K=56.00
  industrial_model_offset_curves: dense=100.0%, deployment=100.0%, MSE=4.441e-06, K=56.00
Epoch 019/128 proposal [........................] 1/47 MSE=2.972e-04 pass=51.6% K=56.0 denseK=56.0 countMAE=0.00
Epoch 019/128 proposal [=====...................] 10/47 MSE=2.857e-04 pass=57.8% K=56.0 denseK=56.0 countMAE=0.00
Epoch 019/128 proposal [==========..............] 20/47 MSE=3.069e-04 pass=46.9% K=56.0 denseK=56.0 countMAE=0.00
Epoch 019/128 proposal [===============.........] 30/47 MSE=2.669e-04 pass=51.6% K=56.0 denseK=56.0 countMAE=0.00
Epoch 019/128 proposal [====================....] 40/47 MSE=2.826e-04 pass=51.6% K=56.0 denseK=56.0 countMAE=0.00
Epoch 019/128 proposal [========================] 47/47 MSE=2.640e-04 pass=55.4% K=56.0 denseK=56.0 countMAE=0.00
  validation [=.......................] 1/16 
  validation [===============.........] 10/16 
  validation [========================] 16/16 
Epoch 019 val dense=80.1% deployment=80.1% worst-source=67.7% qualification=0.0% MSE=1.582e-04 K=56.00 mass=30.29 beta=-0.16 soft_cost=1.5112 selection_score=-1.5112 complexity=0.00->0.00 safety=0+0.00sigma scale=1.00->1.00 pass_reference_only=0.0%
  Proposal train geometry: coverage_MAE=4.7904e-03, ordered_assignment_MAE=4.9437e-03, matched_K=34.62, R@.005/.01/.02=0.520/0.984/1.000, parameter_bias=9.937e-03
  Synthetic K=56: n=46, dense=0.0%, deployment=0.0%
  Synthetic: dense=67.7%, deployment=67.7%, MSE=2.551e-04, K=56.00, targetK=31.74, count_MAE=24.26, bias=+24.26, knot_F1@0.01=0.705, param_RMSE=2.310e-02
  uji_pen_characters_v2: dense=100.0%, deployment=100.0%, MSE=4.456e-06, K=56.00
  natural_earth_10m_coastline: dense=96.0%, deployment=96.0%, MSE=1.897e-05, K=56.00
  usgs_tnm_contours_large_scale: dense=100.0%, deployment=100.0%, MSE=1.364e-05, K=56.00
  industrial_model_offset_curves: dense=100.0%, deployment=100.0%, MSE=4.020e-06, K=56.00
Epoch 020/128 proposal [........................] 1/47 MSE=3.607e-04 pass=51.6% K=56.0 denseK=56.0 countMAE=0.00
Epoch 020/128 proposal [=====...................] 10/47 MSE=2.150e-04 pass=65.6% K=56.0 denseK=56.0 countMAE=0.00
Epoch 020/128 proposal [==========..............] 20/47 MSE=2.810e-04 pass=48.4% K=56.0 denseK=56.0 countMAE=0.00
Epoch 020/128 proposal [===============.........] 30/47 MSE=2.891e-04 pass=48.4% K=56.0 denseK=56.0 countMAE=0.00
Epoch 020/128 proposal [====================....] 40/47 MSE=2.872e-04 pass=51.6% K=56.0 denseK=56.0 countMAE=0.00
Epoch 020/128 proposal [========================] 47/47 MSE=3.696e-04 pass=51.8% K=56.0 denseK=56.0 countMAE=0.00
  validation [=.......................] 1/16 
  validation [===============.........] 10/16 
  validation [========================] 16/16 
Epoch 020 val dense=80.1% deployment=80.1% worst-source=67.7% qualification=0.0% MSE=1.445e-04 K=56.00 mass=30.37 beta=-0.17 soft_cost=1.4917 selection_score=-1.4917 complexity=0.00->0.00 safety=0+0.00sigma scale=1.00->1.00 pass_reference_only=0.0%
  Proposal train geometry: coverage_MAE=4.6297e-03, ordered_assignment_MAE=4.7902e-03, matched_K=34.70, R@.005/.01/.02=0.547/0.985/1.000, parameter_bias=9.722e-03
  Synthetic K=56: n=46, dense=0.0%, deployment=0.0%
  Synthetic: dense=67.7%, deployment=67.7%, MSE=2.321e-04, K=56.00, targetK=31.74, count_MAE=24.26, bias=+24.26, knot_F1@0.01=0.707, param_RMSE=2.335e-02
  uji_pen_characters_v2: dense=100.0%, deployment=100.0%, MSE=4.755e-06, K=56.00
  natural_earth_10m_coastline: dense=96.0%, deployment=96.0%, MSE=1.974e-05, K=56.00
  usgs_tnm_contours_large_scale: dense=100.0%, deployment=100.0%, MSE=1.419e-05, K=56.00
  industrial_model_offset_curves: dense=100.0%, deployment=100.0%, MSE=4.301e-06, K=56.00
Epoch 021/128 proposal [........................] 1/47 MSE=2.801e-04 pass=53.1% K=56.0 denseK=56.0 countMAE=0.00
Epoch 021/128 proposal [=====...................] 10/47 MSE=3.498e-04 pass=51.6% K=56.0 denseK=56.0 countMAE=0.00
Epoch 021/128 proposal [==========..............] 20/47 MSE=2.872e-04 pass=57.8% K=56.0 denseK=56.0 countMAE=0.00
Epoch 021/128 proposal [===============.........] 30/47 MSE=2.320e-04 pass=57.8% K=56.0 denseK=56.0 countMAE=0.00
Epoch 021/128 proposal [====================....] 40/47 MSE=2.427e-04 pass=59.4% K=56.0 denseK=56.0 countMAE=0.00
Epoch 021/128 proposal [========================] 47/47 MSE=3.003e-04 pass=46.4% K=56.0 denseK=56.0 countMAE=0.00
  validation [=.......................] 1/16 
  validation [===============.........] 10/16 
  validation [========================] 16/16 
Epoch 021 val dense=80.1% deployment=80.1% worst-source=67.7% qualification=0.0% MSE=1.458e-04 K=56.00 mass=30.35 beta=-0.17 soft_cost=1.4952 selection_score=-1.4952 complexity=0.00->0.00 safety=0+0.00sigma scale=1.00->1.00 pass_reference_only=0.0%
  Proposal train geometry: coverage_MAE=4.5452e-03, ordered_assignment_MAE=4.7154e-03, matched_K=34.76, R@.005/.01/.02=0.561/0.986/1.000, parameter_bias=9.799e-03
  Synthetic K=56: n=46, dense=0.0%, deployment=0.0%
  Synthetic: dense=67.7%, deployment=67.7%, MSE=2.343e-04, K=56.00, targetK=31.74, count_MAE=24.26, bias=+24.26, knot_F1@0.01=0.706, param_RMSE=2.313e-02
  uji_pen_characters_v2: dense=100.0%, deployment=100.0%, MSE=4.674e-06, K=56.00
  natural_earth_10m_coastline: dense=96.0%, deployment=96.0%, MSE=1.958e-05, K=56.00
  usgs_tnm_contours_large_scale: dense=100.0%, deployment=100.0%, MSE=1.388e-05, K=56.00
  industrial_model_offset_curves: dense=100.0%, deployment=100.0%, MSE=4.118e-06, K=56.00
Epoch 022/128 proposal [........................] 1/47 MSE=2.634e-04 pass=51.6% K=56.0 denseK=56.0 countMAE=0.00
Epoch 022/128 proposal [=====...................] 10/47 MSE=1.984e-04 pass=59.4% K=56.0 denseK=56.0 countMAE=0.00
Epoch 022/128 proposal [==========..............] 20/47 MSE=2.068e-04 pass=59.4% K=56.0 denseK=56.0 countMAE=0.00
Epoch 022/128 proposal [===============.........] 30/47 MSE=3.051e-04 pass=51.6% K=56.0 denseK=56.0 countMAE=0.00
Epoch 022/128 proposal [====================....] 40/47 MSE=3.777e-04 pass=37.5% K=56.0 denseK=56.0 countMAE=0.00
Epoch 022/128 proposal [========================] 47/47 MSE=1.845e-04 pass=64.3% K=56.0 denseK=56.0 countMAE=0.00
  validation [=.......................] 1/16 
  validation [===============.........] 10/16 
  validation [========================] 16/16 
Epoch 022 val dense=80.2% deployment=80.2% worst-source=67.8% qualification=0.0% MSE=1.408e-04 K=56.00 mass=30.38 beta=-0.17 soft_cost=1.4856 selection_score=-1.4856 complexity=0.00->0.00 safety=0+0.00sigma scale=1.00->1.00 pass_reference_only=0.0%
  Proposal train geometry: coverage_MAE=4.5022e-03, ordered_assignment_MAE=4.6750e-03, matched_K=34.70, R@.005/.01/.02=0.570/0.986/1.000, parameter_bias=9.514e-03
  Synthetic K=56: n=46, dense=0.0%, deployment=0.0%
  Synthetic: dense=67.8%, deployment=67.8%, MSE=2.260e-04, K=56.00, targetK=31.74, count_MAE=24.26, bias=+24.26, knot_F1@0.01=0.707, param_RMSE=2.282e-02
  uji_pen_characters_v2: dense=100.0%, deployment=100.0%, MSE=4.711e-06, K=56.00
  natural_earth_10m_coastline: dense=96.0%, deployment=96.0%, MSE=1.960e-05, K=56.00
  usgs_tnm_contours_large_scale: dense=100.0%, deployment=100.0%, MSE=1.387e-05, K=56.00
  industrial_model_offset_curves: dense=100.0%, deployment=100.0%, MSE=4.519e-06, K=56.00
Epoch 023/128 proposal [........................] 1/47 MSE=1.817e-04 pass=64.1% K=56.0 denseK=56.0 countMAE=0.00
Epoch 023/128 proposal [=====...................] 10/47 MSE=2.692e-04 pass=57.8% K=56.0 denseK=56.0 countMAE=0.00
Epoch 023/128 proposal [==========..............] 20/47 MSE=2.768e-04 pass=60.9% K=56.0 denseK=56.0 countMAE=0.00
Epoch 023/128 proposal [===============.........] 30/47 MSE=2.369e-04 pass=60.9% K=56.0 denseK=56.0 countMAE=0.00
Epoch 023/128 proposal [====================....] 40/47 MSE=3.634e-04 pass=45.3% K=56.0 denseK=56.0 countMAE=0.00
Epoch 023/128 proposal [========================] 47/47 MSE=3.423e-04 pass=42.9% K=56.0 denseK=56.0 countMAE=0.00
  validation [=.......................] 1/16 
  validation [===============.........] 10/16 
  validation [========================] 16/16 
Epoch 023 val dense=80.3% deployment=80.3% worst-source=68.0% qualification=0.0% MSE=1.464e-04 K=56.00 mass=30.39 beta=-0.17 soft_cost=1.4901 selection_score=-1.4901 complexity=0.00->0.00 safety=0+0.00sigma scale=1.00->1.00 pass_reference_only=0.0%
  Proposal train geometry: coverage_MAE=4.4822e-03, ordered_assignment_MAE=4.6501e-03, matched_K=34.73, R@.005/.01/.02=0.571/0.987/1.000, parameter_bias=9.604e-03
  Synthetic K=56: n=46, dense=0.0%, deployment=0.0%
  Synthetic: dense=68.0%, deployment=68.0%, MSE=2.353e-04, K=56.00, targetK=31.74, count_MAE=24.26, bias=+24.26, knot_F1@0.01=0.706, param_RMSE=2.332e-02
  uji_pen_characters_v2: dense=100.0%, deployment=100.0%, MSE=4.982e-06, K=56.00
  natural_earth_10m_coastline: dense=96.0%, deployment=96.0%, MSE=1.952e-05, K=56.00
  usgs_tnm_contours_large_scale: dense=100.0%, deployment=100.0%, MSE=1.396e-05, K=56.00
  industrial_model_offset_curves: dense=100.0%, deployment=100.0%, MSE=3.984e-06, K=56.00
Epoch 024/128 proposal [........................] 1/47 MSE=2.247e-04 pass=53.1% K=56.0 denseK=56.0 countMAE=0.00
Epoch 024/128 proposal [=====...................] 10/47 MSE=2.806e-04 pass=53.1% K=56.0 denseK=56.0 countMAE=0.00
Epoch 024/128 proposal [==========..............] 20/47 MSE=1.553e-04 pass=65.6% K=56.0 denseK=56.0 countMAE=0.00
Epoch 024/128 proposal [===============.........] 30/47 MSE=3.213e-04 pass=50.0% K=56.0 denseK=56.0 countMAE=0.00
Epoch 024/128 proposal [====================....] 40/47 MSE=2.320e-04 pass=51.6% K=56.0 denseK=56.0 countMAE=0.00
Epoch 024/128 proposal [========================] 47/47 MSE=2.025e-04 pass=60.7% K=56.0 denseK=56.0 countMAE=0.00
  validation [=.......................] 1/16 
  validation [===============.........] 10/16 
  validation [========================] 16/16 
Epoch 024 val dense=80.9% deployment=80.9% worst-source=69.0% qualification=0.0% MSE=1.422e-04 K=56.00 mass=30.33 beta=-0.17 soft_cost=1.4740 selection_score=-1.4740 complexity=0.00->0.00 safety=0+0.00sigma scale=1.00->1.00 pass_reference_only=0.0%
  Proposal train geometry: coverage_MAE=4.4102e-03, ordered_assignment_MAE=4.5959e-03, matched_K=34.67, R@.005/.01/.02=0.582/0.987/1.000, parameter_bias=9.732e-03
  Synthetic K=56: n=46, dense=0.0%, deployment=0.0%
  Synthetic: dense=69.0%, deployment=69.0%, MSE=2.285e-04, K=56.00, targetK=31.74, count_MAE=24.26, bias=+24.26, knot_F1@0.01=0.706, param_RMSE=2.318e-02
  uji_pen_characters_v2: dense=100.0%, deployment=100.0%, MSE=4.689e-06, K=56.00
  natural_earth_10m_coastline: dense=96.0%, deployment=96.0%, MSE=1.936e-05, K=56.00
  usgs_tnm_contours_large_scale: dense=100.0%, deployment=100.0%, MSE=1.348e-05, K=56.00
  industrial_model_offset_curves: dense=100.0%, deployment=100.0%, MSE=3.601e-06, K=56.00
Epoch 025/128 proposal [........................] 1/47 MSE=2.810e-04 pass=54.7% K=56.0 denseK=56.0 countMAE=0.00
Epoch 025/128 proposal [=====...................] 10/47 MSE=2.755e-04 pass=56.2% K=56.0 denseK=56.0 countMAE=0.00
Epoch 025/128 proposal [==========..............] 20/47 MSE=3.464e-04 pass=42.2% K=56.0 denseK=56.0 countMAE=0.00
Epoch 025/128 proposal [===============.........] 30/47 MSE=2.526e-04 pass=51.6% K=56.0 denseK=56.0 countMAE=0.00
Epoch 025/128 proposal [====================....] 40/47 MSE=2.364e-04 pass=51.6% K=56.0 denseK=56.0 countMAE=0.00
Epoch 025/128 proposal [========================] 47/47 MSE=2.318e-04 pass=62.5% K=56.0 denseK=56.0 countMAE=0.00
  validation [=.......................] 1/16 
  validation [===============.........] 10/16 
  validation [========================] 16/16 
Epoch 025 val dense=80.7% deployment=80.7% worst-source=68.7% qualification=0.0% MSE=1.326e-04 K=56.00 mass=30.32 beta=-0.17 soft_cost=1.4673 selection_score=-1.4673 complexity=0.00->0.00 safety=0+0.00sigma scale=1.00->1.00 pass_reference_only=0.0%
  Proposal train geometry: coverage_MAE=4.4000e-03, ordered_assignment_MAE=4.5966e-03, matched_K=34.91, R@.005/.01/.02=0.587/0.986/1.000, parameter_bias=9.591e-03
  Synthetic K=56: n=46, dense=0.0%, deployment=0.0%
  Synthetic: dense=68.7%, deployment=68.7%, MSE=2.125e-04, K=56.00, targetK=31.74, count_MAE=24.26, bias=+24.26, knot_F1@0.01=0.707, param_RMSE=2.244e-02
  uji_pen_characters_v2: dense=100.0%, deployment=100.0%, MSE=4.633e-06, K=56.00
  natural_earth_10m_coastline: dense=96.0%, deployment=96.0%, MSE=1.960e-05, K=56.00
  usgs_tnm_contours_large_scale: dense=100.0%, deployment=100.0%, MSE=1.411e-05, K=56.00
  industrial_model_offset_curves: dense=100.0%, deployment=100.0%, MSE=4.275e-06, K=56.00
Epoch 026/128 proposal [........................] 1/47 MSE=2.454e-04 pass=51.6% K=56.0 denseK=56.0 countMAE=0.00
Epoch 026/128 proposal [=====...................] 10/47 MSE=3.131e-04 pass=50.0% K=56.0 denseK=56.0 countMAE=0.00
Epoch 026/128 proposal [==========..............] 20/47 MSE=2.908e-04 pass=48.4% K=56.0 denseK=56.0 countMAE=0.00
Epoch 026/128 proposal [===============.........] 30/47 MSE=2.299e-04 pass=54.7% K=56.0 denseK=56.0 countMAE=0.00
Epoch 026/128 proposal [====================....] 40/47 MSE=1.132e-04 pass=75.0% K=56.0 denseK=56.0 countMAE=0.00
Epoch 026/128 proposal [========================] 47/47 MSE=3.105e-04 pass=44.6% K=56.0 denseK=56.0 countMAE=0.00
  validation [=.......................] 1/16 
  validation [===============.........] 10/16 
  validation [========================] 16/16 
Epoch 026 val dense=81.3% deployment=81.3% worst-source=69.7% qualification=0.0% MSE=1.353e-04 K=56.00 mass=30.36 beta=-0.17 soft_cost=1.4606 selection_score=-1.4606 complexity=0.00->0.00 safety=0+0.00sigma scale=1.00->1.00 pass_reference_only=0.0%
  Proposal train geometry: coverage_MAE=4.3235e-03, ordered_assignment_MAE=4.4980e-03, matched_K=34.82, R@.005/.01/.02=0.601/0.987/1.000, parameter_bias=9.367e-03
  Synthetic K=56: n=46, dense=0.0%, deployment=0.0%
  Synthetic: dense=69.7%, deployment=69.7%, MSE=2.166e-04, K=56.00, targetK=31.74, count_MAE=24.26, bias=+24.26, knot_F1@0.01=0.708, param_RMSE=2.265e-02
  uji_pen_characters_v2: dense=100.0%, deployment=100.0%, MSE=5.031e-06, K=56.00
  natural_earth_10m_coastline: dense=96.0%, deployment=96.0%, MSE=2.039e-05, K=56.00
  usgs_tnm_contours_large_scale: dense=100.0%, deployment=100.0%, MSE=1.465e-05, K=56.00
  industrial_model_offset_curves: dense=100.0%, deployment=100.0%, MSE=4.337e-06, K=56.00
Epoch 027/128 proposal [........................] 1/47 MSE=3.185e-04 pass=53.1% K=56.0 denseK=56.0 countMAE=0.00
Epoch 027/128 proposal [=====...................] 10/47 MSE=1.614e-04 pass=59.4% K=56.0 denseK=56.0 countMAE=0.00
Epoch 027/128 proposal [==========..............] 20/47 MSE=2.711e-04 pass=45.3% K=56.0 denseK=56.0 countMAE=0.00
Epoch 027/128 proposal [===============.........] 30/47 MSE=2.448e-04 pass=56.2% K=56.0 denseK=56.0 countMAE=0.00
Epoch 027/128 proposal [====================....] 40/47 MSE=1.652e-04 pass=65.6% K=56.0 denseK=56.0 countMAE=0.00
Epoch 027/128 proposal [========================] 47/47 MSE=2.605e-04 pass=51.8% K=56.0 denseK=56.0 countMAE=0.00
  validation [=.......................] 1/16 
  validation [===============.........] 10/16 
  validation [========================] 16/16 
Epoch 027 val dense=82.0% deployment=82.0% worst-source=70.8% qualification=0.0% MSE=1.285e-04 K=56.00 mass=30.37 beta=-0.17 soft_cost=1.4403 selection_score=-1.4403 complexity=0.00->0.00 safety=0+0.00sigma scale=1.00->1.00 pass_reference_only=0.0%
  Proposal train geometry: coverage_MAE=4.2519e-03, ordered_assignment_MAE=4.4337e-03, matched_K=34.58, R@.005/.01/.02=0.613/0.988/1.000, parameter_bias=9.721e-03
  Synthetic K=56: n=46, dense=0.0%, deployment=0.0%
  Synthetic: dense=70.8%, deployment=70.8%, MSE=2.052e-04, K=56.00, targetK=31.74, count_MAE=24.26, bias=+24.26, knot_F1@0.01=0.709, param_RMSE=2.295e-02
  uji_pen_characters_v2: dense=100.0%, deployment=100.0%, MSE=4.983e-06, K=56.00
  natural_earth_10m_coastline: dense=96.0%, deployment=96.0%, MSE=2.104e-05, K=56.00
  usgs_tnm_contours_large_scale: dense=100.0%, deployment=100.0%, MSE=1.491e-05, K=56.00
  industrial_model_offset_curves: dense=100.0%, deployment=100.0%, MSE=4.446e-06, K=56.00
Epoch 028/128 proposal [........................] 1/47 MSE=1.869e-04 pass=60.9% K=56.0 denseK=56.0 countMAE=0.00
Epoch 028/128 proposal [=====...................] 10/47 MSE=2.899e-04 pass=54.7% K=56.0 denseK=56.0 countMAE=0.00
Epoch 028/128 proposal [==========..............] 20/47 MSE=1.655e-04 pass=67.2% K=56.0 denseK=56.0 countMAE=0.00
Epoch 028/128 proposal [===============.........] 30/47 MSE=1.829e-04 pass=60.9% K=56.0 denseK=56.0 countMAE=0.00
Epoch 028/128 proposal [====================....] 40/47 MSE=2.512e-04 pass=53.1% K=56.0 denseK=56.0 countMAE=0.00
Epoch 028/128 proposal [========================] 47/47 MSE=2.807e-04 pass=48.2% K=56.0 denseK=56.0 countMAE=0.00
  validation [=.......................] 1/16 
  validation [===============.........] 10/16 
  validation [========================] 16/16 
Epoch 028 val dense=81.7% deployment=81.7% worst-source=70.3% qualification=0.0% MSE=1.233e-04 K=56.00 mass=30.37 beta=-0.17 soft_cost=1.4400 selection_score=-1.4400 complexity=0.00->0.00 safety=0+0.00sigma scale=1.00->1.00 pass_reference_only=0.0%
  Proposal train geometry: coverage_MAE=4.2301e-03, ordered_assignment_MAE=4.4058e-03, matched_K=34.65, R@.005/.01/.02=0.617/0.987/1.000, parameter_bias=9.347e-03
  Synthetic K=56: n=46, dense=0.0%, deployment=0.0%
  Synthetic: dense=70.3%, deployment=70.3%, MSE=1.966e-04, K=56.00, targetK=31.74, count_MAE=24.26, bias=+24.26, knot_F1@0.01=0.709, param_RMSE=2.285e-02
  uji_pen_characters_v2: dense=100.0%, deployment=100.0%, MSE=5.066e-06, K=56.00
  natural_earth_10m_coastline: dense=96.0%, deployment=96.0%, MSE=2.055e-05, K=56.00
  usgs_tnm_contours_large_scale: dense=100.0%, deployment=100.0%, MSE=1.484e-05, K=56.00
  industrial_model_offset_curves: dense=100.0%, deployment=100.0%, MSE=4.032e-06, K=56.00
Epoch 029/128 proposal [........................] 1/47 MSE=2.926e-04 pass=40.6% K=56.0 denseK=56.0 countMAE=0.00
Epoch 029/128 proposal [=====...................] 10/47 MSE=2.354e-04 pass=65.6% K=56.0 denseK=56.0 countMAE=0.00
Epoch 029/128 proposal [==========..............] 20/47 MSE=1.827e-04 pass=65.6% K=56.0 denseK=56.0 countMAE=0.00
Epoch 029/128 proposal [===============.........] 30/47 MSE=2.013e-04 pass=54.7% K=56.0 denseK=56.0 countMAE=0.00
Epoch 029/128 proposal [====================....] 40/47 MSE=2.139e-04 pass=56.2% K=56.0 denseK=56.0 countMAE=0.00
Epoch 029/128 proposal [========================] 47/47 MSE=1.292e-04 pass=67.9% K=56.0 denseK=56.0 countMAE=0.00
  validation [=.......................] 1/16 
  validation [===============.........] 10/16 
  validation [========================] 16/16 
Epoch 029 val dense=81.6% deployment=81.6% worst-source=70.2% qualification=0.0% MSE=1.206e-04 K=56.00 mass=30.33 beta=-0.17 soft_cost=1.4300 selection_score=-1.4300 complexity=0.00->0.00 safety=0+0.00sigma scale=1.00->1.00 pass_reference_only=0.0%
  Proposal train geometry: coverage_MAE=4.2285e-03, ordered_assignment_MAE=4.3866e-03, matched_K=34.90, R@.005/.01/.02=0.616/0.988/1.000, parameter_bias=9.229e-03
  Synthetic K=56: n=46, dense=0.0%, deployment=0.0%
  Synthetic: dense=70.2%, deployment=70.2%, MSE=1.922e-04, K=56.00, targetK=31.74, count_MAE=24.26, bias=+24.26, knot_F1@0.01=0.709, param_RMSE=2.293e-02
  uji_pen_characters_v2: dense=100.0%, deployment=100.0%, MSE=4.949e-06, K=56.00
  natural_earth_10m_coastline: dense=96.0%, deployment=96.0%, MSE=2.111e-05, K=56.00
  usgs_tnm_contours_large_scale: dense=100.0%, deployment=100.0%, MSE=1.511e-05, K=56.00
  industrial_model_offset_curves: dense=100.0%, deployment=100.0%, MSE=3.941e-06, K=56.00
Epoch 030/128 proposal [........................] 1/47 MSE=2.427e-04 pass=53.1% K=56.0 denseK=56.0 countMAE=0.00
Epoch 030/128 proposal [=====...................] 10/47 MSE=2.915e-04 pass=45.3% K=56.0 denseK=56.0 countMAE=0.00
Epoch 030/128 proposal [==========..............] 20/47 MSE=1.877e-04 pass=59.4% K=56.0 denseK=56.0 countMAE=0.00
Epoch 030/128 proposal [===============.........] 30/47 MSE=2.447e-04 pass=62.5% K=56.0 denseK=56.0 countMAE=0.00
Epoch 030/128 proposal [====================....] 40/47 MSE=2.631e-04 pass=51.6% K=56.0 denseK=56.0 countMAE=0.00
Epoch 030/128 proposal [========================] 47/47 MSE=2.719e-04 pass=57.1% K=56.0 denseK=56.0 countMAE=0.00
  validation [=.......................] 1/16 
  validation [===============.........] 10/16 
  validation [========================] 16/16 
Epoch 030 val dense=82.1% deployment=82.1% worst-source=71.0% qualification=0.0% MSE=1.185e-04 K=56.00 mass=30.29 beta=-0.16 soft_cost=1.4155 selection_score=-1.4155 complexity=0.00->0.00 safety=0+0.00sigma scale=1.00->1.00 pass_reference_only=0.0%
  Proposal train geometry: coverage_MAE=4.0961e-03, ordered_assignment_MAE=4.3274e-03, matched_K=34.84, R@.005/.01/.02=0.638/0.988/1.000, parameter_bias=9.238e-03
  Synthetic K=56: n=46, dense=0.0%, deployment=0.0%
  Synthetic: dense=71.0%, deployment=71.0%, MSE=1.888e-04, K=56.00, targetK=31.74, count_MAE=24.26, bias=+24.26, knot_F1@0.01=0.708, param_RMSE=2.305e-02
  uji_pen_characters_v2: dense=100.0%, deployment=100.0%, MSE=4.767e-06, K=56.00
  natural_earth_10m_coastline: dense=96.0%, deployment=96.0%, MSE=2.062e-05, K=56.00
  usgs_tnm_contours_large_scale: dense=100.0%, deployment=100.0%, MSE=1.477e-05, K=56.00
  industrial_model_offset_curves: dense=100.0%, deployment=100.0%, MSE=3.820e-06, K=56.00
Epoch 031/128 proposal [........................] 1/47 MSE=1.734e-04 pass=67.2% K=56.0 denseK=56.0 countMAE=0.00
Epoch 031/128 proposal [=====...................] 10/47 MSE=1.590e-04 pass=65.6% K=56.0 denseK=56.0 countMAE=0.00
Epoch 031/128 proposal [==========..............] 20/47 MSE=1.734e-04 pass=62.5% K=56.0 denseK=56.0 countMAE=0.00
Epoch 031/128 proposal [===============.........] 30/47 MSE=1.511e-04 pass=67.2% K=56.0 denseK=56.0 countMAE=0.00
Epoch 031/128 proposal [====================....] 40/47 MSE=1.615e-04 pass=65.6% K=56.0 denseK=56.0 countMAE=0.00
Epoch 031/128 proposal [========================] 47/47 MSE=1.230e-04 pass=76.8% K=56.0 denseK=56.0 countMAE=0.00
  validation [=.......................] 1/16 
  validation [===============.........] 10/16 
  validation [========================] 16/16 
Epoch 031 val dense=82.4% deployment=82.4% worst-source=71.5% qualification=0.0% MSE=1.083e-04 K=56.00 mass=30.31 beta=-0.17 soft_cost=1.3973 selection_score=-1.3973 complexity=0.00->0.00 safety=0+0.00sigma scale=1.00->1.00 pass_reference_only=0.0%
  Proposal train geometry: coverage_MAE=4.0546e-03, ordered_assignment_MAE=4.2407e-03, matched_K=34.60, R@.005/.01/.02=0.649/0.986/1.000, parameter_bias=9.519e-03
  Synthetic K=56: n=46, dense=0.0%, deployment=0.0%
  Synthetic: dense=71.5%, deployment=71.5%, MSE=1.713e-04, K=56.00, targetK=31.74, count_MAE=24.26, bias=+24.26, knot_F1@0.01=0.708, param_RMSE=2.297e-02
  uji_pen_characters_v2: dense=100.0%, deployment=100.0%, MSE=5.867e-06, K=56.00
  natural_earth_10m_coastline: dense=96.0%, deployment=96.0%, MSE=2.204e-05, K=56.00
  usgs_tnm_contours_large_scale: dense=100.0%, deployment=100.0%, MSE=1.542e-05, K=56.00
  industrial_model_offset_curves: dense=100.0%, deployment=100.0%, MSE=4.433e-06, K=56.00
Epoch 032/128 proposal [........................] 1/47 MSE=1.667e-04 pass=56.2% K=56.0 denseK=56.0 countMAE=0.00
Epoch 032/128 proposal [=====...................] 10/47 MSE=2.518e-04 pass=57.8% K=56.0 denseK=56.0 countMAE=0.00
Epoch 032/128 proposal [==========..............] 20/47 MSE=2.474e-04 pass=54.7% K=56.0 denseK=56.0 countMAE=0.00
Epoch 032/128 proposal [===============.........] 30/47 MSE=2.162e-04 pass=54.7% K=56.0 denseK=56.0 countMAE=0.00
Epoch 032/128 proposal [====================....] 40/47 MSE=2.090e-04 pass=59.4% K=56.0 denseK=56.0 countMAE=0.00
Epoch 032/128 proposal [========================] 47/47 MSE=1.387e-04 pass=66.1% K=56.0 denseK=56.0 countMAE=0.00
  validation [=.......................] 1/16 
  validation [===============.........] 10/16 
  validation [========================] 16/16 
Epoch 032 val dense=82.4% deployment=82.4% worst-source=71.5% qualification=0.0% MSE=1.093e-04 K=56.00 mass=30.30 beta=-0.16 soft_cost=1.3971 selection_score=-1.3971 complexity=0.00->0.00 safety=0+0.00sigma scale=1.00->1.00 pass_reference_only=0.0%
  Proposal train geometry: coverage_MAE=4.0637e-03, ordered_assignment_MAE=4.2318e-03, matched_K=34.84, R@.005/.01/.02=0.648/0.985/1.000, parameter_bias=9.238e-03
  Synthetic K=56: n=46, dense=0.0%, deployment=0.0%
  Synthetic: dense=71.5%, deployment=71.5%, MSE=1.725e-04, K=56.00, targetK=31.74, count_MAE=24.26, bias=+24.26, knot_F1@0.01=0.708, param_RMSE=2.323e-02
  uji_pen_characters_v2: dense=100.0%, deployment=100.0%, MSE=5.922e-06, K=56.00
  natural_earth_10m_coastline: dense=96.0%, deployment=96.0%, MSE=2.309e-05, K=56.00
  usgs_tnm_contours_large_scale: dense=100.0%, deployment=100.0%, MSE=1.717e-05, K=56.00
  industrial_model_offset_curves: dense=100.0%, deployment=100.0%, MSE=4.740e-06, K=56.00
Epoch 033/128 proposal [........................] 1/47 MSE=2.015e-04 pass=54.7% K=56.0 denseK=56.0 countMAE=0.00
Epoch 033/128 proposal [=====...................] 10/47 MSE=1.522e-04 pass=65.6% K=56.0 denseK=56.0 countMAE=0.00
Epoch 033/128 proposal [==========..............] 20/47 MSE=2.038e-04 pass=56.2% K=56.0 denseK=56.0 countMAE=0.00
Epoch 033/128 proposal [===============.........] 30/47 MSE=1.543e-04 pass=71.9% K=56.0 denseK=56.0 countMAE=0.00
Epoch 033/128 proposal [====================....] 40/47 MSE=2.389e-04 pass=50.0% K=56.0 denseK=56.0 countMAE=0.00
Epoch 033/128 proposal [========================] 47/47 MSE=1.617e-04 pass=53.6% K=56.0 denseK=56.0 countMAE=0.00
  validation [=.......................] 1/16 
  validation [===============.........] 10/16 
  validation [========================] 16/16 
Epoch 033 val dense=82.1% deployment=82.1% worst-source=71.0% qualification=0.0% MSE=1.057e-04 K=56.00 mass=30.31 beta=-0.17 soft_cost=1.3919 selection_score=-1.3919 complexity=0.00->0.00 safety=0+0.00sigma scale=1.00->1.00 pass_reference_only=0.0%
  Proposal train geometry: coverage_MAE=3.9793e-03, ordered_assignment_MAE=4.1477e-03, matched_K=35.10, R@.005/.01/.02=0.663/0.984/1.000, parameter_bias=8.887e-03
  Synthetic K=56: n=46, dense=0.0%, deployment=0.0%
  Synthetic: dense=71.0%, deployment=71.0%, MSE=1.677e-04, K=56.00, targetK=31.74, count_MAE=24.26, bias=+24.26, knot_F1@0.01=0.707, param_RMSE=2.257e-02
  uji_pen_characters_v2: dense=100.0%, deployment=100.0%, MSE=4.256e-06, K=56.00
  natural_earth_10m_coastline: dense=96.0%, deployment=96.0%, MSE=2.059e-05, K=56.00
  usgs_tnm_contours_large_scale: dense=100.0%, deployment=100.0%, MSE=1.416e-05, K=56.00
  industrial_model_offset_curves: dense=100.0%, deployment=100.0%, MSE=4.212e-06, K=56.00
Epoch 034/128 proposal [........................] 1/47 MSE=2.364e-04 pass=59.4% K=56.0 denseK=56.0 countMAE=0.00
Epoch 034/128 proposal [=====...................] 10/47 MSE=1.479e-04 pass=68.8% K=56.0 denseK=56.0 countMAE=0.00
Epoch 034/128 proposal [==========..............] 20/47 MSE=1.569e-04 pass=60.9% K=56.0 denseK=56.0 countMAE=0.00
Epoch 034/128 proposal [===============.........] 30/47 MSE=1.753e-04 pass=60.9% K=56.0 denseK=56.0 countMAE=0.00
Epoch 034/128 proposal [====================....] 40/47 MSE=2.313e-04 pass=57.8% K=56.0 denseK=56.0 countMAE=0.00
Epoch 034/128 proposal [========================] 47/47 MSE=2.529e-04 pass=53.6% K=56.0 denseK=56.0 countMAE=0.00
  validation [=.......................] 1/16 
  validation [===============.........] 10/16 
  validation [========================] 16/16 
Epoch 034 val dense=83.5% deployment=83.5% worst-source=73.3% qualification=0.0% MSE=1.025e-04 K=56.00 mass=30.33 beta=-0.17 soft_cost=1.3690 selection_score=-1.3690 complexity=0.00->0.00 safety=0+0.00sigma scale=1.00->1.00 pass_reference_only=0.0%
  Proposal train geometry: coverage_MAE=3.9569e-03, ordered_assignment_MAE=4.1327e-03, matched_K=34.73, R@.005/.01/.02=0.667/0.983/1.000, parameter_bias=9.313e-03
  Synthetic K=56: n=46, dense=0.0%, deployment=0.0%
  Synthetic: dense=73.3%, deployment=73.3%, MSE=1.622e-04, K=56.00, targetK=31.74, count_MAE=24.26, bias=+24.26, knot_F1@0.01=0.707, param_RMSE=2.276e-02
  uji_pen_characters_v2: dense=100.0%, deployment=100.0%, MSE=5.220e-06, K=56.00
  natural_earth_10m_coastline: dense=96.0%, deployment=96.0%, MSE=2.112e-05, K=56.00
  usgs_tnm_contours_large_scale: dense=100.0%, deployment=100.0%, MSE=1.464e-05, K=56.00
  industrial_model_offset_curves: dense=100.0%, deployment=100.0%, MSE=4.282e-06, K=56.00
Epoch 035/128 proposal [........................] 1/47 MSE=1.655e-04 pass=57.8% K=56.0 denseK=56.0 countMAE=0.00
Epoch 035/128 proposal [=====...................] 10/47 MSE=1.692e-04 pass=62.5% K=56.0 denseK=56.0 countMAE=0.00
Epoch 035/128 proposal [==========..............] 20/47 MSE=1.304e-04 pass=65.6% K=56.0 denseK=56.0 countMAE=0.00
Epoch 035/128 proposal [===============.........] 30/47 MSE=1.516e-04 pass=56.2% K=56.0 denseK=56.0 countMAE=0.00
Epoch 035/128 proposal [====================....] 40/47 MSE=1.436e-04 pass=67.2% K=56.0 denseK=56.0 countMAE=0.00
Epoch 035/128 proposal [========================] 47/47 MSE=1.258e-04 pass=78.6% K=56.0 denseK=56.0 countMAE=0.00
  validation [=.......................] 1/16 
  validation [===============.........] 10/16 
  validation [========================] 16/16 
Epoch 035 val dense=84.1% deployment=84.1% worst-source=74.3% qualification=0.0% MSE=1.019e-04 K=56.00 mass=30.33 beta=-0.17 soft_cost=1.3565 selection_score=-1.3565 complexity=0.00->0.00 safety=0+0.00sigma scale=1.00->1.00 pass_reference_only=0.0%
  Proposal train geometry: coverage_MAE=3.9318e-03, ordered_assignment_MAE=4.0770e-03, matched_K=34.65, R@.005/.01/.02=0.673/0.983/1.000, parameter_bias=9.476e-03
  Synthetic K=56: n=46, dense=0.0%, deployment=0.0%
  Synthetic: dense=74.3%, deployment=74.3%, MSE=1.613e-04, K=56.00, targetK=31.74, count_MAE=24.26, bias=+24.26, knot_F1@0.01=0.704, param_RMSE=2.306e-02
  uji_pen_characters_v2: dense=100.0%, deployment=100.0%, MSE=4.805e-06, K=56.00
  natural_earth_10m_coastline: dense=96.0%, deployment=96.0%, MSE=2.096e-05, K=56.00
  usgs_tnm_contours_large_scale: dense=100.0%, deployment=100.0%, MSE=1.492e-05, K=56.00
  industrial_model_offset_curves: dense=100.0%, deployment=100.0%, MSE=3.516e-06, K=56.00
Epoch 036/128 proposal [........................] 1/47 MSE=1.627e-04 pass=67.2% K=56.0 denseK=56.0 countMAE=0.00
Epoch 036/128 proposal [=====...................] 10/47 MSE=1.500e-04 pass=62.5% K=56.0 denseK=56.0 countMAE=0.00
Epoch 036/128 proposal [==========..............] 20/47 MSE=7.914e-05 pass=73.4% K=56.0 denseK=56.0 countMAE=0.00
Epoch 036/128 proposal [===============.........] 30/47 MSE=1.566e-04 pass=62.5% K=56.0 denseK=56.0 countMAE=0.00
Epoch 036/128 proposal [====================....] 40/47 MSE=1.996e-04 pass=60.9% K=56.0 denseK=56.0 countMAE=0.00
Epoch 036/128 proposal [========================] 47/47 MSE=2.295e-04 pass=48.2% K=56.0 denseK=56.0 countMAE=0.00
  validation [=.......................] 1/16 
  validation [===============.........] 10/16 
  validation [========================] 16/16 
Epoch 036 val dense=84.0% deployment=84.0% worst-source=74.2% qualification=0.0% MSE=9.887e-05 K=56.00 mass=30.38 beta=-0.17 soft_cost=1.3531 selection_score=-1.3531 complexity=0.00->0.00 safety=0+0.00sigma scale=1.00->1.00 pass_reference_only=0.0%
  Proposal train geometry: coverage_MAE=3.8899e-03, ordered_assignment_MAE=4.0728e-03, matched_K=35.02, R@.005/.01/.02=0.680/0.982/1.000, parameter_bias=9.204e-03
  Synthetic K=56: n=46, dense=0.0%, deployment=0.0%
  Synthetic: dense=74.2%, deployment=74.2%, MSE=1.562e-04, K=56.00, targetK=31.74, count_MAE=24.26, bias=+24.26, knot_F1@0.01=0.705, param_RMSE=2.285e-02
  uji_pen_characters_v2: dense=100.0%, deployment=100.0%, MSE=5.009e-06, K=56.00
  natural_earth_10m_coastline: dense=96.0%, deployment=96.0%, MSE=2.115e-05, K=56.00
  usgs_tnm_contours_large_scale: dense=100.0%, deployment=100.0%, MSE=1.466e-05, K=56.00
  industrial_model_offset_curves: dense=100.0%, deployment=100.0%, MSE=3.812e-06, K=56.00
Epoch 037/128 proposal [........................] 1/47 MSE=1.266e-04 pass=68.8% K=56.0 denseK=56.0 countMAE=0.00
Epoch 037/128 proposal [=====...................] 10/47 MSE=1.594e-04 pass=62.5% K=56.0 denseK=56.0 countMAE=0.00
Epoch 037/128 proposal [==========..............] 20/47 MSE=2.228e-04 pass=54.7% K=56.0 denseK=56.0 countMAE=0.00
Epoch 037/128 proposal [===============.........] 30/47 MSE=1.362e-04 pass=70.3% K=56.0 denseK=56.0 countMAE=0.00
Epoch 037/128 proposal [====================....] 40/47 MSE=1.895e-04 pass=60.9% K=56.0 denseK=56.0 countMAE=0.00
Epoch 037/128 proposal [========================] 47/47 MSE=1.685e-04 pass=62.5% K=56.0 denseK=56.0 countMAE=0.00
  validation [=.......................] 1/16 
  validation [===============.........] 10/16 
  validation [========================] 16/16 
Epoch 037 val dense=84.0% deployment=84.0% worst-source=74.2% qualification=0.0% MSE=9.642e-05 K=56.00 mass=30.30 beta=-0.16 soft_cost=1.3438 selection_score=-1.3438 complexity=0.00->0.00 safety=0+0.00sigma scale=1.00->1.00 pass_reference_only=0.0%
  Proposal train geometry: coverage_MAE=3.8853e-03, ordered_assignment_MAE=4.0749e-03, matched_K=34.63, R@.005/.01/.02=0.681/0.983/1.000, parameter_bias=9.253e-03
  Synthetic K=56: n=46, dense=0.0%, deployment=0.0%
  Synthetic: dense=74.2%, deployment=74.2%, MSE=1.520e-04, K=56.00, targetK=31.74, count_MAE=24.26, bias=+24.26, knot_F1@0.01=0.705, param_RMSE=2.308e-02
  uji_pen_characters_v2: dense=100.0%, deployment=100.0%, MSE=5.280e-06, K=56.00
  natural_earth_10m_coastline: dense=96.0%, deployment=96.0%, MSE=2.120e-05, K=56.00
  usgs_tnm_contours_large_scale: dense=100.0%, deployment=100.0%, MSE=1.517e-05, K=56.00
  industrial_model_offset_curves: dense=100.0%, deployment=100.0%, MSE=3.992e-06, K=56.00
Epoch 038/128 proposal [........................] 1/47 MSE=1.451e-04 pass=57.8% K=56.0 denseK=56.0 countMAE=0.00
Epoch 038/128 proposal [=====...................] 10/47 MSE=2.385e-04 pass=50.0% K=56.0 denseK=56.0 countMAE=0.00
Epoch 038/128 proposal [==========..............] 20/47 MSE=1.449e-04 pass=62.5% K=56.0 denseK=56.0 countMAE=0.00
Epoch 038/128 proposal [===============.........] 30/47 MSE=1.715e-04 pass=60.9% K=56.0 denseK=56.0 countMAE=0.00
Epoch 038/128 proposal [====================....] 40/47 MSE=1.673e-04 pass=62.5% K=56.0 denseK=56.0 countMAE=0.00
Epoch 038/128 proposal [========================] 47/47 MSE=1.463e-04 pass=67.9% K=56.0 denseK=56.0 countMAE=0.00
  validation [=.......................] 1/16 
  validation [===============.........] 10/16 
  validation [========================] 16/16 
Epoch 038 val dense=84.4% deployment=84.4% worst-source=74.8% qualification=0.0% MSE=9.221e-05 K=56.00 mass=30.36 beta=-0.17 soft_cost=1.3362 selection_score=-1.3362 complexity=0.00->0.00 safety=0+0.00sigma scale=1.00->1.00 pass_reference_only=0.0%
  Proposal train geometry: coverage_MAE=3.8294e-03, ordered_assignment_MAE=4.0087e-03, matched_K=34.87, R@.005/.01/.02=0.690/0.983/1.000, parameter_bias=9.148e-03
  Synthetic K=56: n=46, dense=0.0%, deployment=0.0%
  Synthetic: dense=74.8%, deployment=74.8%, MSE=1.453e-04, K=56.00, targetK=31.74, count_MAE=24.26, bias=+24.26, knot_F1@0.01=0.704, param_RMSE=2.282e-02
  uji_pen_characters_v2: dense=100.0%, deployment=100.0%, MSE=5.134e-06, K=56.00
  natural_earth_10m_coastline: dense=96.0%, deployment=96.0%, MSE=2.057e-05, K=56.00
  usgs_tnm_contours_large_scale: dense=100.0%, deployment=100.0%, MSE=1.438e-05, K=56.00
  industrial_model_offset_curves: dense=100.0%, deployment=100.0%, MSE=3.867e-06, K=56.00
Epoch 039/128 proposal [........................] 1/47 MSE=1.227e-04 pass=68.8% K=56.0 denseK=56.0 countMAE=0.00
Epoch 039/128 proposal [=====...................] 10/47 MSE=1.742e-04 pass=67.2% K=56.0 denseK=56.0 countMAE=0.00
Epoch 039/128 proposal [==========..............] 20/47 MSE=1.398e-04 pass=67.2% K=56.0 denseK=56.0 countMAE=0.00
Epoch 039/128 proposal [===============.........] 30/47 MSE=2.088e-04 pass=50.0% K=56.0 denseK=56.0 countMAE=0.00
Epoch 039/128 proposal [====================....] 40/47 MSE=1.236e-04 pass=79.7% K=56.0 denseK=56.0 countMAE=0.00
Epoch 039/128 proposal [========================] 47/47 MSE=1.036e-04 pass=73.2% K=56.0 denseK=56.0 countMAE=0.00
  validation [=.......................] 1/16 
  validation [===============.........] 10/16 
  validation [========================] 16/16 
Epoch 039 val dense=84.6% deployment=84.6% worst-source=75.3% qualification=0.0% MSE=9.505e-05 K=56.00 mass=30.36 beta=-0.17 soft_cost=1.3324 selection_score=-1.3324 complexity=0.00->0.00 safety=0+0.00sigma scale=1.00->1.00 pass_reference_only=0.0%
  Proposal train geometry: coverage_MAE=3.8540e-03, ordered_assignment_MAE=4.0453e-03, matched_K=34.90, R@.005/.01/.02=0.687/0.980/1.000, parameter_bias=8.920e-03
  Synthetic K=56: n=46, dense=0.0%, deployment=0.0%
  Synthetic: dense=75.3%, deployment=75.3%, MSE=1.495e-04, K=56.00, targetK=31.74, count_MAE=24.26, bias=+24.26, knot_F1@0.01=0.706, param_RMSE=2.262e-02
  uji_pen_characters_v2: dense=100.0%, deployment=100.0%, MSE=5.617e-06, K=56.00
  natural_earth_10m_coastline: dense=96.0%, deployment=96.0%, MSE=2.186e-05, K=56.00
  usgs_tnm_contours_large_scale: dense=99.0%, deployment=99.0%, MSE=1.520e-05, K=56.00
  industrial_model_offset_curves: dense=100.0%, deployment=100.0%, MSE=4.786e-06, K=56.00
Epoch 040/128 proposal [........................] 1/47 MSE=1.723e-04 pass=67.2% K=56.0 denseK=56.0 countMAE=0.00
Epoch 040/128 proposal [=====...................] 10/47 MSE=1.559e-04 pass=59.4% K=56.0 denseK=56.0 countMAE=0.00
Epoch 040/128 proposal [==========..............] 20/47 MSE=8.552e-05 pass=76.6% K=56.0 denseK=56.0 countMAE=0.00
Epoch 040/128 proposal [===============.........] 30/47 MSE=9.028e-05 pass=76.6% K=56.0 denseK=56.0 countMAE=0.00
Epoch 040/128 proposal [====================....] 40/47 MSE=1.622e-04 pass=60.9% K=56.0 denseK=56.0 countMAE=0.00
Epoch 040/128 proposal [========================] 47/47 MSE=1.463e-04 pass=67.9% K=56.0 denseK=56.0 countMAE=0.00
  validation [=.......................] 1/16 
  validation [===============.........] 10/16 
  validation [========================] 16/16 
Epoch 040 val dense=85.1% deployment=85.1% worst-source=76.2% qualification=0.0% MSE=9.302e-05 K=56.00 mass=30.34 beta=-0.17 soft_cost=1.3269 selection_score=-1.3269 complexity=0.00->0.00 safety=0+0.00sigma scale=1.00->1.00 pass_reference_only=0.0%
  Proposal train geometry: coverage_MAE=3.8078e-03, ordered_assignment_MAE=3.9393e-03, matched_K=34.88, R@.005/.01/.02=0.693/0.981/1.000, parameter_bias=9.040e-03
  Synthetic K=56: n=46, dense=0.0%, deployment=0.0%
  Synthetic: dense=76.2%, deployment=76.2%, MSE=1.459e-04, K=56.00, targetK=31.74, count_MAE=24.26, bias=+24.26, knot_F1@0.01=0.703, param_RMSE=2.307e-02
  uji_pen_characters_v2: dense=100.0%, deployment=100.0%, MSE=6.025e-06, K=56.00
  natural_earth_10m_coastline: dense=96.0%, deployment=96.0%, MSE=2.252e-05, K=56.00
  usgs_tnm_contours_large_scale: dense=99.0%, deployment=99.0%, MSE=1.551e-05, K=56.00
  industrial_model_offset_curves: dense=100.0%, deployment=100.0%, MSE=4.599e-06, K=56.00
Epoch 041/128 proposal [........................] 1/47 MSE=1.586e-04 pass=65.6% K=56.0 denseK=56.0 countMAE=0.00
Epoch 041/128 proposal [=====...................] 10/47 MSE=2.115e-04 pass=57.8% K=56.0 denseK=56.0 countMAE=0.00
Epoch 041/128 proposal [==========..............] 20/47 MSE=1.251e-04 pass=71.9% K=56.0 denseK=56.0 countMAE=0.00
Epoch 041/128 proposal [===============.........] 30/47 MSE=1.047e-04 pass=71.9% K=56.0 denseK=56.0 countMAE=0.00
Epoch 041/128 proposal [====================....] 40/47 MSE=1.820e-04 pass=71.9% K=56.0 denseK=56.0 countMAE=0.00
Epoch 041/128 proposal [========================] 47/47 MSE=1.909e-04 pass=60.7% K=56.0 denseK=56.0 countMAE=0.00
  validation [=.......................] 1/16 
  validation [===============.........] 10/16 
  validation [========================] 16/16 
Epoch 041 val dense=85.5% deployment=85.5% worst-source=77.0% qualification=0.0% MSE=8.914e-05 K=56.00 mass=30.33 beta=-0.17 soft_cost=1.3106 selection_score=-1.3106 complexity=0.00->0.00 safety=0+0.00sigma scale=1.00->1.00 pass_reference_only=0.0%
  Proposal train geometry: coverage_MAE=3.8081e-03, ordered_assignment_MAE=3.9623e-03, matched_K=34.70, R@.005/.01/.02=0.693/0.981/1.000, parameter_bias=9.265e-03
  Synthetic K=56: n=46, dense=0.0%, deployment=0.0%
  Synthetic: dense=77.0%, deployment=77.0%, MSE=1.398e-04, K=56.00, targetK=31.74, count_MAE=24.26, bias=+24.26, knot_F1@0.01=0.702, param_RMSE=2.266e-02
  uji_pen_characters_v2: dense=100.0%, deployment=100.0%, MSE=5.303e-06, K=56.00
  natural_earth_10m_coastline: dense=95.0%, deployment=95.0%, MSE=2.186e-05, K=56.00
  usgs_tnm_contours_large_scale: dense=99.0%, deployment=99.0%, MSE=1.510e-05, K=56.00
  industrial_model_offset_curves: dense=100.0%, deployment=100.0%, MSE=4.186e-06, K=56.00
Epoch 042/128 proposal [........................] 1/47 MSE=1.350e-04 pass=62.5% K=56.0 denseK=56.0 countMAE=0.00
Epoch 042/128 proposal [=====...................] 10/47 MSE=2.080e-04 pass=57.8% K=56.0 denseK=56.0 countMAE=0.00
Epoch 042/128 proposal [==========..............] 20/47 MSE=1.452e-04 pass=67.2% K=56.0 denseK=56.0 countMAE=0.00
Epoch 042/128 proposal [===============.........] 30/47 MSE=1.595e-04 pass=70.3% K=56.0 denseK=56.0 countMAE=0.00
Epoch 042/128 proposal [====================....] 40/47 MSE=1.408e-04 pass=67.2% K=56.0 denseK=56.0 countMAE=0.00
Epoch 042/128 proposal [========================] 47/47 MSE=1.623e-04 pass=71.4% K=56.0 denseK=56.0 countMAE=0.00
  validation [=.......................] 1/16 
  validation [===============.........] 10/16 
  validation [========================] 16/16 
Epoch 042 val dense=85.5% deployment=85.5% worst-source=76.7% qualification=0.0% MSE=9.376e-05 K=56.00 mass=30.38 beta=-0.17 soft_cost=1.3142 selection_score=-1.3142 complexity=0.00->0.00 safety=0+0.00sigma scale=1.00->1.00 pass_reference_only=0.0%
  Proposal train geometry: coverage_MAE=3.8221e-03, ordered_assignment_MAE=4.0001e-03, matched_K=35.03, R@.005/.01/.02=0.692/0.979/1.000, parameter_bias=8.913e-03
  Synthetic K=56: n=46, dense=0.0%, deployment=0.0%
  Synthetic: dense=76.7%, deployment=76.7%, MSE=1.476e-04, K=56.00, targetK=31.74, count_MAE=24.26, bias=+24.26, knot_F1@0.01=0.704, param_RMSE=2.293e-02
  uji_pen_characters_v2: dense=100.0%, deployment=100.0%, MSE=5.356e-06, K=56.00
  natural_earth_10m_coastline: dense=96.0%, deployment=96.0%, MSE=2.136e-05, K=56.00
  usgs_tnm_contours_large_scale: dense=100.0%, deployment=100.0%, MSE=1.480e-05, K=56.00
  industrial_model_offset_curves: dense=100.0%, deployment=100.0%, MSE=3.964e-06, K=56.00
Epoch 043/128 proposal [........................] 1/47 MSE=1.269e-04 pass=68.8% K=56.0 denseK=56.0 countMAE=0.00
Epoch 043/128 proposal [=====...................] 10/47 MSE=1.606e-04 pass=71.9% K=56.0 denseK=56.0 countMAE=0.00
Epoch 043/128 proposal [==========..............] 20/47 MSE=1.919e-04 pass=59.4% K=56.0 denseK=56.0 countMAE=0.00
Epoch 043/128 proposal [===============.........] 30/47 MSE=1.623e-04 pass=59.4% K=56.0 denseK=56.0 countMAE=0.00
Epoch 043/128 proposal [====================....] 40/47 MSE=1.020e-04 pass=65.6% K=56.0 denseK=56.0 countMAE=0.00
Epoch 043/128 proposal [========================] 47/47 MSE=1.440e-04 pass=64.3% K=56.0 denseK=56.0 countMAE=0.00
  validation [=.......................] 1/16 
  validation [===============.........] 10/16 
  validation [========================] 16/16 
Epoch 043 val dense=86.2% deployment=86.2% worst-source=77.8% qualification=0.0% MSE=9.069e-05 K=56.00 mass=30.39 beta=-0.17 soft_cost=1.3033 selection_score=-1.3033 complexity=0.00->0.00 safety=0+0.00sigma scale=1.00->1.00 pass_reference_only=0.0%
  Proposal train geometry: coverage_MAE=3.8046e-03, ordered_assignment_MAE=3.9853e-03, matched_K=34.75, R@.005/.01/.02=0.694/0.980/1.000, parameter_bias=9.174e-03
  Synthetic K=56: n=46, dense=0.0%, deployment=0.0%
  Synthetic: dense=77.8%, deployment=77.8%, MSE=1.425e-04, K=56.00, targetK=31.74, count_MAE=24.26, bias=+24.26, knot_F1@0.01=0.704, param_RMSE=2.290e-02
  uji_pen_characters_v2: dense=100.0%, deployment=100.0%, MSE=5.711e-06, K=56.00
  natural_earth_10m_coastline: dense=96.0%, deployment=96.0%, MSE=2.161e-05, K=56.00
  usgs_tnm_contours_large_scale: dense=100.0%, deployment=100.0%, MSE=1.484e-05, K=56.00
  industrial_model_offset_curves: dense=100.0%, deployment=100.0%, MSE=3.948e-06, K=56.00
Epoch 044/128 proposal [........................] 1/47 MSE=1.534e-04 pass=75.0% K=56.0 denseK=56.0 countMAE=0.00
Epoch 044/128 proposal [=====...................] 10/47 MSE=1.446e-04 pass=67.2% K=56.0 denseK=56.0 countMAE=0.00
Epoch 044/128 proposal [==========..............] 20/47 MSE=1.959e-04 pass=60.9% K=56.0 denseK=56.0 countMAE=0.00
Epoch 044/128 proposal [===============.........] 30/47 MSE=1.925e-04 pass=68.8% K=56.0 denseK=56.0 countMAE=0.00
Epoch 044/128 proposal [====================....] 40/47 MSE=1.323e-04 pass=70.3% K=56.0 denseK=56.0 countMAE=0.00
Epoch 044/128 proposal [========================] 47/47 MSE=1.454e-04 pass=67.9% K=56.0 denseK=56.0 countMAE=0.00
  validation [=.......................] 1/16 
  validation [===============.........] 10/16 
  validation [========================] 16/16 
Epoch 044 val dense=86.0% deployment=86.0% worst-source=77.7% qualification=0.0% MSE=8.918e-05 K=56.00 mass=30.38 beta=-0.17 soft_cost=1.3000 selection_score=-1.3000 complexity=0.00->0.00 safety=0+0.00sigma scale=1.00->1.00 pass_reference_only=0.0%
  Proposal train geometry: coverage_MAE=3.7804e-03, ordered_assignment_MAE=3.9664e-03, matched_K=34.84, R@.005/.01/.02=0.698/0.980/1.000, parameter_bias=8.966e-03
  Synthetic K=56: n=46, dense=0.0%, deployment=0.0%
  Synthetic: dense=77.7%, deployment=77.7%, MSE=1.397e-04, K=56.00, targetK=31.74, count_MAE=24.26, bias=+24.26, knot_F1@0.01=0.704, param_RMSE=2.320e-02
  uji_pen_characters_v2: dense=100.0%, deployment=100.0%, MSE=5.924e-06, K=56.00
  natural_earth_10m_coastline: dense=96.0%, deployment=96.0%, MSE=2.206e-05, K=56.00
  usgs_tnm_contours_large_scale: dense=99.0%, deployment=99.0%, MSE=1.590e-05, K=56.00
  industrial_model_offset_curves: dense=100.0%, deployment=100.0%, MSE=4.009e-06, K=56.00
Epoch 045/128 proposal [........................] 1/47 MSE=1.384e-04 pass=60.9% K=56.0 denseK=56.0 countMAE=0.00
Epoch 045/128 proposal [=====...................] 10/47 MSE=1.963e-04 pass=65.6% K=56.0 denseK=56.0 countMAE=0.00
Epoch 045/128 proposal [==========..............] 20/47 MSE=7.095e-05 pass=73.4% K=56.0 denseK=56.0 countMAE=0.00
Epoch 045/128 proposal [===============.........] 30/47 MSE=1.486e-04 pass=71.9% K=56.0 denseK=56.0 countMAE=0.00
Epoch 045/128 proposal [====================....] 40/47 MSE=1.061e-04 pass=71.9% K=56.0 denseK=56.0 countMAE=0.00
Epoch 045/128 proposal [========================] 47/47 MSE=1.519e-04 pass=64.3% K=56.0 denseK=56.0 countMAE=0.00
  validation [=.......................] 1/16 
  validation [===============.........] 10/16 
  validation [========================] 16/16 
Epoch 045 val dense=86.0% deployment=86.0% worst-source=77.5% qualification=0.0% MSE=9.334e-05 K=56.00 mass=30.38 beta=-0.17 soft_cost=1.3091 selection_score=-1.3091 complexity=0.00->0.00 safety=0+0.00sigma scale=1.00->1.00 pass_reference_only=0.0%
  Proposal train geometry: coverage_MAE=3.7622e-03, ordered_assignment_MAE=3.9348e-03, matched_K=34.54, R@.005/.01/.02=0.702/0.980/1.000, parameter_bias=9.017e-03
  Synthetic K=56: n=46, dense=0.0%, deployment=0.0%
  Synthetic: dense=77.5%, deployment=77.5%, MSE=1.467e-04, K=56.00, targetK=31.74, count_MAE=24.26, bias=+24.26, knot_F1@0.01=0.702, param_RMSE=2.329e-02
  uji_pen_characters_v2: dense=100.0%, deployment=100.0%, MSE=5.610e-06, K=56.00
  natural_earth_10m_coastline: dense=96.0%, deployment=96.0%, MSE=2.223e-05, K=56.00
  usgs_tnm_contours_large_scale: dense=100.0%, deployment=100.0%, MSE=1.573e-05, K=56.00
  industrial_model_offset_curves: dense=100.0%, deployment=100.0%, MSE=3.613e-06, K=56.00
Epoch 046/128 proposal [........................] 1/47 MSE=1.251e-04 pass=70.3% K=56.0 denseK=56.0 countMAE=0.00
Epoch 046/128 proposal [=====...................] 10/47 MSE=1.214e-04 pass=68.8% K=56.0 denseK=56.0 countMAE=0.00
Epoch 046/128 proposal [==========..............] 20/47 MSE=1.259e-04 pass=73.4% K=56.0 denseK=56.0 countMAE=0.00
Epoch 046/128 proposal [===============.........] 30/47 MSE=1.381e-04 pass=71.9% K=56.0 denseK=56.0 countMAE=0.00
Epoch 046/128 proposal [====================....] 40/47 MSE=1.753e-04 pass=60.9% K=56.0 denseK=56.0 countMAE=0.00
Epoch 046/128 proposal [========================] 47/47 MSE=1.555e-04 pass=67.9% K=56.0 denseK=56.0 countMAE=0.00
  validation [=.......................] 1/16 
  validation [===============.........] 10/16 
  validation [========================] 16/16 
Epoch 046 val dense=87.1% deployment=87.1% worst-source=79.5% qualification=0.0% MSE=8.911e-05 K=56.00 mass=30.36 beta=-0.17 soft_cost=1.2856 selection_score=-1.2856 complexity=0.00->0.00 safety=0+0.00sigma scale=1.00->1.00 pass_reference_only=0.0%
  Proposal train geometry: coverage_MAE=3.7906e-03, ordered_assignment_MAE=3.9584e-03, matched_K=34.71, R@.005/.01/.02=0.698/0.979/1.000, parameter_bias=8.965e-03
  Synthetic K=56: n=46, dense=0.0%, deployment=0.0%
  Synthetic: dense=79.5%, deployment=79.5%, MSE=1.394e-04, K=56.00, targetK=31.74, count_MAE=24.26, bias=+24.26, knot_F1@0.01=0.704, param_RMSE=2.299e-02
  uji_pen_characters_v2: dense=100.0%, deployment=100.0%, MSE=5.983e-06, K=56.00
  natural_earth_10m_coastline: dense=96.0%, deployment=96.0%, MSE=2.256e-05, K=56.00
  usgs_tnm_contours_large_scale: dense=99.0%, deployment=99.0%, MSE=1.563e-05, K=56.00
  industrial_model_offset_curves: dense=100.0%, deployment=100.0%, MSE=4.272e-06, K=56.00
Epoch 047/128 proposal [........................] 1/47 MSE=1.277e-04 pass=71.9% K=56.0 denseK=56.0 countMAE=0.00
Epoch 047/128 proposal [=====...................] 10/47 MSE=1.099e-04 pass=75.0% K=56.0 denseK=56.0 countMAE=0.00
Epoch 047/128 proposal [==========..............] 20/47 MSE=1.085e-04 pass=75.0% K=56.0 denseK=56.0 countMAE=0.00
Epoch 047/128 proposal [===============.........] 30/47 MSE=1.472e-04 pass=71.9% K=56.0 denseK=56.0 countMAE=0.00
Epoch 047/128 proposal [====================....] 40/47 MSE=1.187e-04 pass=75.0% K=56.0 denseK=56.0 countMAE=0.00
Epoch 047/128 proposal [========================] 47/47 MSE=1.818e-04 pass=62.5% K=56.0 denseK=56.0 countMAE=0.00
  validation [=.......................] 1/16 
  validation [===============.........] 10/16 
  validation [========================] 16/16 
Epoch 047 val dense=86.6% deployment=86.6% worst-source=78.7% qualification=0.0% MSE=9.276e-05 K=56.00 mass=30.34 beta=-0.17 soft_cost=1.2994 selection_score=-1.2994 complexity=0.00->0.00 safety=0+0.00sigma scale=1.00->1.00 pass_reference_only=0.0%
  Proposal train geometry: coverage_MAE=3.7509e-03, ordered_assignment_MAE=3.9149e-03, matched_K=34.88, R@.005/.01/.02=0.704/0.979/1.000, parameter_bias=8.902e-03
  Synthetic K=56: n=46, dense=0.0%, deployment=0.0%
  Synthetic: dense=78.7%, deployment=78.7%, MSE=1.453e-04, K=56.00, targetK=31.74, count_MAE=24.26, bias=+24.26, knot_F1@0.01=0.704, param_RMSE=2.332e-02
  uji_pen_characters_v2: dense=100.0%, deployment=100.0%, MSE=6.322e-06, K=56.00
  natural_earth_10m_coastline: dense=96.0%, deployment=96.0%, MSE=2.297e-05, K=56.00
  usgs_tnm_contours_large_scale: dense=99.0%, deployment=99.0%, MSE=1.623e-05, K=56.00
  industrial_model_offset_curves: dense=100.0%, deployment=100.0%, MSE=4.113e-06, K=56.00
Epoch 048/128 proposal [........................] 1/47 MSE=8.565e-05 pass=75.0% K=56.0 denseK=56.0 countMAE=0.00
Epoch 048/128 proposal [=====...................] 10/47 MSE=1.193e-04 pass=70.3% K=56.0 denseK=56.0 countMAE=0.00
Epoch 048/128 proposal [==========..............] 20/47 MSE=9.528e-05 pass=76.6% K=56.0 denseK=56.0 countMAE=0.00
Epoch 048/128 proposal [===============.........] 30/47 MSE=1.499e-04 pass=67.2% K=56.0 denseK=56.0 countMAE=0.00
Epoch 048/128 proposal [====================....] 40/47 MSE=1.283e-04 pass=70.3% K=56.0 denseK=56.0 countMAE=0.00
Epoch 048/128 proposal [========================] 47/47 MSE=9.946e-05 pass=75.0% K=56.0 denseK=56.0 countMAE=0.00
  validation [=.......................] 1/16 
  validation [===============.........] 10/16 
  validation [========================] 16/16 
Epoch 048 val dense=87.3% deployment=87.3% worst-source=79.7% qualification=0.0% MSE=9.271e-05 K=56.00 mass=30.30 beta=-0.16 soft_cost=1.2828 selection_score=-1.2828 complexity=0.00->0.00 safety=0+0.00sigma scale=1.00->1.00 pass_reference_only=0.0%
  Proposal train geometry: coverage_MAE=3.7391e-03, ordered_assignment_MAE=3.8864e-03, matched_K=34.77, R@.005/.01/.02=0.706/0.979/1.000, parameter_bias=9.078e-03
  Synthetic K=56: n=46, dense=0.0%, deployment=0.0%
  Synthetic: dense=79.7%, deployment=79.7%, MSE=1.451e-04, K=56.00, targetK=31.74, count_MAE=24.26, bias=+24.26, knot_F1@0.01=0.701, param_RMSE=2.364e-02
  uji_pen_characters_v2: dense=100.0%, deployment=100.0%, MSE=6.705e-06, K=56.00
  natural_earth_10m_coastline: dense=96.0%, deployment=96.0%, MSE=2.349e-05, K=56.00
  usgs_tnm_contours_large_scale: dense=100.0%, deployment=100.0%, MSE=1.644e-05, K=56.00
  industrial_model_offset_curves: dense=100.0%, deployment=100.0%, MSE=3.886e-06, K=56.00
Epoch 049/128 proposal [........................] 1/47 MSE=1.621e-04 pass=75.0% K=56.0 denseK=56.0 countMAE=0.00
Epoch 049/128 proposal [=====...................] 10/47 MSE=1.263e-04 pass=75.0% K=56.0 denseK=56.0 countMAE=0.00
Epoch 049/128 proposal [==========..............] 20/47 MSE=7.903e-05 pass=73.4% K=56.0 denseK=56.0 countMAE=0.00
Epoch 049/128 proposal [===============.........] 30/47 MSE=1.128e-04 pass=78.1% K=56.0 denseK=56.0 countMAE=0.00
Epoch 049/128 proposal [====================....] 40/47 MSE=6.857e-05 pass=78.1% K=56.0 denseK=56.0 countMAE=0.00
Epoch 049/128 proposal [========================] 47/47 MSE=6.732e-05 pass=89.3% K=56.0 denseK=56.0 countMAE=0.00
  validation [=.......................] 1/16 
  validation [===============.........] 10/16 
  validation [========================] 16/16 
Epoch 049 val dense=86.9% deployment=86.9% worst-source=79.3% qualification=0.0% MSE=8.932e-05 K=56.00 mass=30.33 beta=-0.17 soft_cost=1.2874 selection_score=-1.2874 complexity=0.00->0.00 safety=0+0.00sigma scale=1.00->1.00 pass_reference_only=0.0%
  Proposal train geometry: coverage_MAE=3.7566e-03, ordered_assignment_MAE=3.9426e-03, matched_K=34.82, R@.005/.01/.02=0.704/0.978/1.000, parameter_bias=9.212e-03
  Synthetic K=56: n=46, dense=0.0%, deployment=0.0%
  Synthetic: dense=79.3%, deployment=79.3%, MSE=1.394e-04, K=56.00, targetK=31.74, count_MAE=24.26, bias=+24.26, knot_F1@0.01=0.701, param_RMSE=2.286e-02
  uji_pen_characters_v2: dense=100.0%, deployment=100.0%, MSE=6.381e-06, K=56.00
  natural_earth_10m_coastline: dense=95.0%, deployment=95.0%, MSE=2.366e-05, K=56.00
  usgs_tnm_contours_large_scale: dense=99.0%, deployment=99.0%, MSE=1.626e-05, K=56.00
  industrial_model_offset_curves: dense=100.0%, deployment=100.0%, MSE=4.647e-06, K=56.00
Epoch 050/128 proposal [........................] 1/47 MSE=9.139e-05 pass=75.0% K=56.0 denseK=56.0 countMAE=0.00
Epoch 050/128 proposal [=====...................] 10/47 MSE=1.554e-04 pass=70.3% K=56.0 denseK=56.0 countMAE=0.00
Epoch 050/128 proposal [==========..............] 20/47 MSE=9.544e-05 pass=78.1% K=56.0 denseK=56.0 countMAE=0.00
Epoch 050/128 proposal [===============.........] 30/47 MSE=1.171e-04 pass=75.0% K=56.0 denseK=56.0 countMAE=0.00
Epoch 050/128 proposal [====================....] 40/47 MSE=1.582e-04 pass=71.9% K=56.0 denseK=56.0 countMAE=0.00
Epoch 050/128 proposal [========================] 47/47 MSE=8.640e-05 pass=73.2% K=56.0 denseK=56.0 countMAE=0.00
  validation [=.......................] 1/16 
  validation [===============.........] 10/16 
  validation [========================] 16/16 
Epoch 050 val dense=86.9% deployment=86.9% worst-source=79.2% qualification=0.0% MSE=8.328e-05 K=56.00 mass=30.34 beta=-0.17 soft_cost=1.2794 selection_score=-1.2794 complexity=0.00->0.00 safety=0+0.00sigma scale=1.00->1.00 pass_reference_only=0.0%
  Proposal train geometry: coverage_MAE=3.7326e-03, ordered_assignment_MAE=3.9083e-03, matched_K=34.49, R@.005/.01/.02=0.708/0.978/1.000, parameter_bias=9.325e-03
  Synthetic K=56: n=46, dense=0.0%, deployment=0.0%
  Synthetic: dense=79.2%, deployment=79.2%, MSE=1.296e-04, K=56.00, targetK=31.74, count_MAE=24.26, bias=+24.26, knot_F1@0.01=0.704, param_RMSE=2.251e-02
  uji_pen_characters_v2: dense=100.0%, deployment=100.0%, MSE=6.029e-06, K=56.00
  natural_earth_10m_coastline: dense=95.0%, deployment=95.0%, MSE=2.350e-05, K=56.00
  usgs_tnm_contours_large_scale: dense=100.0%, deployment=100.0%, MSE=1.590e-05, K=56.00
  industrial_model_offset_curves: dense=100.0%, deployment=100.0%, MSE=4.407e-06, K=56.00
Epoch 051/128 proposal [........................] 1/47 MSE=1.520e-04 pass=70.3% K=56.0 denseK=56.0 countMAE=0.00
Epoch 051/128 proposal [=====...................] 10/47 MSE=1.155e-04 pass=73.4% K=56.0 denseK=56.0 countMAE=0.00
Epoch 051/128 proposal [==========..............] 20/47 MSE=1.062e-04 pass=75.0% K=56.0 denseK=56.0 countMAE=0.00
Epoch 051/128 proposal [===============.........] 30/47 MSE=1.167e-04 pass=73.4% K=56.0 denseK=56.0 countMAE=0.00
Epoch 051/128 proposal [====================....] 40/47 MSE=1.086e-04 pass=82.8% K=56.0 denseK=56.0 countMAE=0.00
Epoch 051/128 proposal [========================] 47/47 MSE=1.101e-04 pass=78.6% K=56.0 denseK=56.0 countMAE=0.00
  validation [=.......................] 1/16 
  validation [===============.........] 10/16 
  validation [========================] 16/16 
Epoch 051 val dense=87.7% deployment=87.7% worst-source=80.3% qualification=0.0% MSE=8.263e-05 K=56.00 mass=30.33 beta=-0.17 soft_cost=1.2684 selection_score=-1.2684 complexity=0.00->0.00 safety=0+0.00sigma scale=1.00->1.00 pass_reference_only=0.0%
  Proposal train geometry: coverage_MAE=3.7188e-03, ordered_assignment_MAE=3.8817e-03, matched_K=34.67, R@.005/.01/.02=0.708/0.979/1.000, parameter_bias=8.969e-03
  Synthetic K=56: n=46, dense=0.0%, deployment=0.0%
  Synthetic: dense=80.3%, deployment=80.3%, MSE=1.289e-04, K=56.00, targetK=31.74, count_MAE=24.26, bias=+24.26, knot_F1@0.01=0.703, param_RMSE=2.275e-02
  uji_pen_characters_v2: dense=100.0%, deployment=100.0%, MSE=6.097e-06, K=56.00
  natural_earth_10m_coastline: dense=96.0%, deployment=96.0%, MSE=2.237e-05, K=56.00
  usgs_tnm_contours_large_scale: dense=100.0%, deployment=100.0%, MSE=1.479e-05, K=56.00
  industrial_model_offset_curves: dense=100.0%, deployment=100.0%, MSE=4.007e-06, K=56.00
Epoch 052/128 proposal [........................] 1/47 MSE=8.570e-05 pass=76.6% K=56.0 denseK=56.0 countMAE=0.00
Epoch 052/128 proposal [=====...................] 10/47 MSE=1.092e-04 pass=79.7% K=56.0 denseK=56.0 countMAE=0.00
Epoch 052/128 proposal [==========..............] 20/47 MSE=1.563e-04 pass=70.3% K=56.0 denseK=56.0 countMAE=0.00
Epoch 052/128 proposal [===============.........] 30/47 MSE=9.047e-05 pass=79.7% K=56.0 denseK=56.0 countMAE=0.00
Epoch 052/128 proposal [====================....] 40/47 MSE=9.650e-05 pass=84.4% K=56.0 denseK=56.0 countMAE=0.00
Epoch 052/128 proposal [========================] 47/47 MSE=9.223e-05 pass=80.4% K=56.0 denseK=56.0 countMAE=0.00
  validation [=.......................] 1/16 
  validation [===============.........] 10/16 
  validation [========================] 16/16 
Epoch 052 val dense=87.9% deployment=87.9% worst-source=80.8% qualification=0.0% MSE=8.147e-05 K=56.00 mass=30.35 beta=-0.17 soft_cost=1.2639 selection_score=-1.2639 complexity=0.00->0.00 safety=0+0.00sigma scale=1.00->1.00 pass_reference_only=0.0%
  Proposal train geometry: coverage_MAE=3.7099e-03, ordered_assignment_MAE=3.8914e-03, matched_K=34.57, R@.005/.01/.02=0.710/0.978/1.000, parameter_bias=9.145e-03
  Synthetic K=56: n=46, dense=0.0%, deployment=0.0%
  Synthetic: dense=80.8%, deployment=80.8%, MSE=1.270e-04, K=56.00, targetK=31.74, count_MAE=24.26, bias=+24.26, knot_F1@0.01=0.703, param_RMSE=2.257e-02
  uji_pen_characters_v2: dense=100.0%, deployment=100.0%, MSE=5.917e-06, K=56.00
  natural_earth_10m_coastline: dense=95.0%, deployment=95.0%, MSE=2.241e-05, K=56.00
  usgs_tnm_contours_large_scale: dense=100.0%, deployment=100.0%, MSE=1.524e-05, K=56.00
  industrial_model_offset_curves: dense=100.0%, deployment=100.0%, MSE=4.011e-06, K=56.00
Epoch 053/128 proposal [........................] 1/47 MSE=9.863e-05 pass=73.4% K=56.0 denseK=56.0 countMAE=0.00
Epoch 053/128 proposal [=====...................] 10/47 MSE=1.234e-04 pass=73.4% K=56.0 denseK=56.0 countMAE=0.00
Epoch 053/128 proposal [==========..............] 20/47 MSE=1.429e-04 pass=85.9% K=56.0 denseK=56.0 countMAE=0.00
Epoch 053/128 proposal [===============.........] 30/47 MSE=1.555e-04 pass=75.0% K=56.0 denseK=56.0 countMAE=0.00
Epoch 053/128 proposal [====================....] 40/47 MSE=9.899e-05 pass=78.1% K=56.0 denseK=56.0 countMAE=0.00
Epoch 053/128 proposal [========================] 47/47 MSE=8.454e-05 pass=75.0% K=56.0 denseK=56.0 countMAE=0.00
  validation [=.......................] 1/16 
  validation [===============.........] 10/16 
  validation [========================] 16/16 
Epoch 053 val dense=88.1% deployment=88.1% worst-source=81.2% qualification=0.0% MSE=8.168e-05 K=56.00 mass=30.35 beta=-0.17 soft_cost=1.2587 selection_score=-1.2587 complexity=0.00->0.00 safety=0+0.00sigma scale=1.00->1.00 pass_reference_only=0.0%
  Proposal train geometry: coverage_MAE=3.7127e-03, ordered_assignment_MAE=3.9137e-03, matched_K=34.69, R@.005/.01/.02=0.711/0.978/1.000, parameter_bias=9.215e-03
  Synthetic K=56: n=46, dense=0.0%, deployment=0.0%
  Synthetic: dense=81.2%, deployment=81.2%, MSE=1.269e-04, K=56.00, targetK=31.74, count_MAE=24.26, bias=+24.26, knot_F1@0.01=0.703, param_RMSE=2.278e-02
  uji_pen_characters_v2: dense=100.0%, deployment=100.0%, MSE=6.844e-06, K=56.00
  natural_earth_10m_coastline: dense=96.0%, deployment=96.0%, MSE=2.289e-05, K=56.00
  usgs_tnm_contours_large_scale: dense=99.0%, deployment=99.0%, MSE=1.597e-05, K=56.00
  industrial_model_offset_curves: dense=100.0%, deployment=100.0%, MSE=4.449e-06, K=56.00
Epoch 054/128 proposal [........................] 1/47 MSE=1.611e-04 pass=67.2% K=56.0 denseK=56.0 countMAE=0.00
Epoch 054/128 proposal [=====...................] 10/47 MSE=9.857e-05 pass=73.4% K=56.0 denseK=56.0 countMAE=0.00
Epoch 054/128 proposal [==========..............] 20/47 MSE=1.103e-04 pass=79.7% K=56.0 denseK=56.0 countMAE=0.00
Epoch 054/128 proposal [===============.........] 30/47 MSE=1.147e-04 pass=76.6% K=56.0 denseK=56.0 countMAE=0.00
Epoch 054/128 proposal [====================....] 40/47 MSE=1.513e-04 pass=59.4% K=56.0 denseK=56.0 countMAE=0.00
Epoch 054/128 proposal [========================] 47/47 MSE=1.697e-04 pass=64.3% K=56.0 denseK=56.0 countMAE=0.00
  validation [=.......................] 1/16 
  validation [===============.........] 10/16 
  validation [========================] 16/16 
Epoch 054 val dense=87.9% deployment=87.9% worst-source=80.8% qualification=0.0% MSE=8.319e-05 K=56.00 mass=30.35 beta=-0.17 soft_cost=1.2626 selection_score=-1.2626 complexity=0.00->0.00 safety=0+0.00sigma scale=1.00->1.00 pass_reference_only=0.0%
  Proposal train geometry: coverage_MAE=3.7062e-03, ordered_assignment_MAE=3.8878e-03, matched_K=34.84, R@.005/.01/.02=0.712/0.977/1.000, parameter_bias=9.058e-03
  Synthetic K=56: n=46, dense=0.0%, deployment=0.0%
  Synthetic: dense=80.8%, deployment=80.8%, MSE=1.294e-04, K=56.00, targetK=31.74, count_MAE=24.26, bias=+24.26, knot_F1@0.01=0.701, param_RMSE=2.301e-02
  uji_pen_characters_v2: dense=100.0%, deployment=100.0%, MSE=6.165e-06, K=56.00
  natural_earth_10m_coastline: dense=96.0%, deployment=96.0%, MSE=2.340e-05, K=56.00
  usgs_tnm_contours_large_scale: dense=99.0%, deployment=99.0%, MSE=1.597e-05, K=56.00
  industrial_model_offset_curves: dense=100.0%, deployment=100.0%, MSE=4.529e-06, K=56.00
Epoch 055/128 proposal [........................] 1/47 MSE=8.464e-05 pass=78.1% K=56.0 denseK=56.0 countMAE=0.00
Epoch 055/128 proposal [=====...................] 10/47 MSE=1.834e-04 pass=71.9% K=56.0 denseK=56.0 countMAE=0.00
Epoch 055/128 proposal [==========..............] 20/47 MSE=9.308e-05 pass=81.2% K=56.0 denseK=56.0 countMAE=0.00
Epoch 055/128 proposal [===============.........] 30/47 MSE=9.242e-05 pass=85.9% K=56.0 denseK=56.0 countMAE=0.00
Epoch 055/128 proposal [====================....] 40/47 MSE=1.669e-04 pass=62.5% K=56.0 denseK=56.0 countMAE=0.00
Epoch 055/128 proposal [========================] 47/47 MSE=1.078e-04 pass=67.9% K=56.0 denseK=56.0 countMAE=0.00
  validation [=.......................] 1/16 
  validation [===============.........] 10/16 
  validation [========================] 16/16 
Epoch 055 val dense=88.0% deployment=88.0% worst-source=80.8% qualification=0.0% MSE=8.787e-05 K=56.00 mass=30.33 beta=-0.17 soft_cost=1.2716 selection_score=-1.2716 complexity=0.00->0.00 safety=0+0.00sigma scale=1.00->1.00 pass_reference_only=0.0%
  Proposal train geometry: coverage_MAE=3.7113e-03, ordered_assignment_MAE=3.8748e-03, matched_K=34.62, R@.005/.01/.02=0.710/0.977/1.000, parameter_bias=9.250e-03
  Synthetic K=56: n=46, dense=0.0%, deployment=0.0%
  Synthetic: dense=80.8%, deployment=80.8%, MSE=1.371e-04, K=56.00, targetK=31.74, count_MAE=24.26, bias=+24.26, knot_F1@0.01=0.700, param_RMSE=2.337e-02
  uji_pen_characters_v2: dense=100.0%, deployment=100.0%, MSE=6.879e-06, K=56.00
  natural_earth_10m_coastline: dense=96.0%, deployment=96.0%, MSE=2.364e-05, K=56.00
  usgs_tnm_contours_large_scale: dense=100.0%, deployment=100.0%, MSE=1.558e-05, K=56.00
  industrial_model_offset_curves: dense=100.0%, deployment=100.0%, MSE=4.044e-06, K=56.00
Epoch 056/128 proposal [........................] 1/47 MSE=8.940e-05 pass=81.2% K=56.0 denseK=56.0 countMAE=0.00
Epoch 056/128 proposal [=====...................] 10/47 MSE=1.497e-04 pass=68.8% K=56.0 denseK=56.0 countMAE=0.00
Epoch 056/128 proposal [==========..............] 20/47 MSE=1.331e-04 pass=68.8% K=56.0 denseK=56.0 countMAE=0.00
Epoch 056/128 proposal [===============.........] 30/47 MSE=1.737e-04 pass=68.8% K=56.0 denseK=56.0 countMAE=0.00
Epoch 056/128 proposal [====================....] 40/47 MSE=9.134e-05 pass=79.7% K=56.0 denseK=56.0 countMAE=0.00
Epoch 056/128 proposal [========================] 47/47 MSE=9.596e-05 pass=83.9% K=56.0 denseK=56.0 countMAE=0.00
  validation [=.......................] 1/16 
  validation [===============.........] 10/16 
  validation [========================] 16/16 
Epoch 056 val dense=88.6% deployment=88.6% worst-source=82.0% qualification=0.0% MSE=8.395e-05 K=56.00 mass=30.29 beta=-0.16 soft_cost=1.2554 selection_score=-1.2554 complexity=0.00->0.00 safety=0+0.00sigma scale=1.00->1.00 pass_reference_only=0.0%
  Proposal train geometry: coverage_MAE=3.6743e-03, ordered_assignment_MAE=3.8223e-03, matched_K=34.81, R@.005/.01/.02=0.716/0.978/1.000, parameter_bias=9.128e-03
  Synthetic K=56: n=46, dense=0.0%, deployment=0.0%
  Synthetic: dense=82.0%, deployment=82.0%, MSE=1.304e-04, K=56.00, targetK=31.74, count_MAE=24.26, bias=+24.26, knot_F1@0.01=0.702, param_RMSE=2.314e-02
  uji_pen_characters_v2: dense=100.0%, deployment=100.0%, MSE=6.722e-06, K=56.00
  natural_earth_10m_coastline: dense=96.0%, deployment=96.0%, MSE=2.394e-05, K=56.00
  usgs_tnm_contours_large_scale: dense=99.0%, deployment=99.0%, MSE=1.646e-05, K=56.00
  industrial_model_offset_curves: dense=100.0%, deployment=100.0%, MSE=4.612e-06, K=56.00
Epoch 057/128 proposal [........................] 1/47 MSE=1.506e-04 pass=76.6% K=56.0 denseK=56.0 countMAE=0.00
Epoch 057/128 proposal [=====...................] 10/47 MSE=1.343e-04 pass=73.4% K=56.0 denseK=56.0 countMAE=0.00
Epoch 057/128 proposal [==========..............] 20/47 MSE=8.511e-05 pass=73.4% K=56.0 denseK=56.0 countMAE=0.00
Epoch 057/128 proposal [===============.........] 30/47 MSE=1.058e-04 pass=71.9% K=56.0 denseK=56.0 countMAE=0.00
Epoch 057/128 proposal [====================....] 40/47 MSE=1.346e-04 pass=73.4% K=56.0 denseK=56.0 countMAE=0.00
Epoch 057/128 proposal [========================] 47/47 MSE=1.481e-04 pass=69.6% K=56.0 denseK=56.0 countMAE=0.00
  validation [=.......................] 1/16 
  validation [===============.........] 10/16 
  validation [========================] 16/16 
Epoch 057 val dense=88.7% deployment=88.7% worst-source=82.2% qualification=0.0% MSE=8.662e-05 K=56.00 mass=30.35 beta=-0.17 soft_cost=1.2593 selection_score=-1.2593 complexity=0.00->0.00 safety=0+0.00sigma scale=1.00->1.00 pass_reference_only=0.0%
  Proposal train geometry: coverage_MAE=3.6472e-03, ordered_assignment_MAE=3.8148e-03, matched_K=34.83, R@.005/.01/.02=0.719/0.979/1.000, parameter_bias=8.673e-03
  Synthetic K=56: n=46, dense=0.0%, deployment=0.0%
  Synthetic: dense=82.2%, deployment=82.2%, MSE=1.348e-04, K=56.00, targetK=31.74, count_MAE=24.26, bias=+24.26, knot_F1@0.01=0.703, param_RMSE=2.334e-02
  uji_pen_characters_v2: dense=100.0%, deployment=100.0%, MSE=6.826e-06, K=56.00
  natural_earth_10m_coastline: dense=96.0%, deployment=96.0%, MSE=2.445e-05, K=56.00
  usgs_tnm_contours_large_scale: dense=99.0%, deployment=99.0%, MSE=1.632e-05, K=56.00
  industrial_model_offset_curves: dense=100.0%, deployment=100.0%, MSE=4.276e-06, K=56.00
Epoch 058/128 proposal [........................] 1/47 MSE=9.604e-05 pass=78.1% K=56.0 denseK=56.0 countMAE=0.00
Epoch 058/128 proposal [=====...................] 10/47 MSE=1.011e-04 pass=82.8% K=56.0 denseK=56.0 countMAE=0.00
Epoch 058/128 proposal [==========..............] 20/47 MSE=1.505e-04 pass=81.2% K=56.0 denseK=56.0 countMAE=0.00
Epoch 058/128 proposal [===============.........] 30/47 MSE=1.521e-04 pass=75.0% K=56.0 denseK=56.0 countMAE=0.00
Epoch 058/128 proposal [====================....] 40/47 MSE=6.598e-05 pass=82.8% K=56.0 denseK=56.0 countMAE=0.00
Epoch 058/128 proposal [========================] 47/47 MSE=1.801e-04 pass=66.1% K=56.0 denseK=56.0 countMAE=0.00
  validation [=.......................] 1/16 
  validation [===============.........] 10/16 
  validation [========================] 16/16 
Epoch 058 val dense=88.3% deployment=88.3% worst-source=81.5% qualification=0.0% MSE=7.822e-05 K=56.00 mass=30.35 beta=-0.17 soft_cost=1.2501 selection_score=-1.2501 complexity=0.00->0.00 safety=0+0.00sigma scale=1.00->1.00 pass_reference_only=0.0%
  Proposal train geometry: coverage_MAE=3.6600e-03, ordered_assignment_MAE=3.8072e-03, matched_K=34.70, R@.005/.01/.02=0.718/0.978/1.000, parameter_bias=9.157e-03
  Synthetic K=56: n=46, dense=0.0%, deployment=0.0%
  Synthetic: dense=81.5%, deployment=81.5%, MSE=1.213e-04, K=56.00, targetK=31.74, count_MAE=24.26, bias=+24.26, knot_F1@0.01=0.701, param_RMSE=2.275e-02
  uji_pen_characters_v2: dense=100.0%, deployment=100.0%, MSE=6.328e-06, K=56.00
  natural_earth_10m_coastline: dense=96.0%, deployment=96.0%, MSE=2.328e-05, K=56.00
  usgs_tnm_contours_large_scale: dense=99.0%, deployment=99.0%, MSE=1.522e-05, K=56.00
  industrial_model_offset_curves: dense=100.0%, deployment=100.0%, MSE=4.157e-06, K=56.00
Epoch 059/128 proposal [........................] 1/47 MSE=1.248e-04 pass=71.9% K=56.0 denseK=56.0 countMAE=0.00
Epoch 059/128 proposal [=====...................] 10/47 MSE=1.248e-04 pass=73.4% K=56.0 denseK=56.0 countMAE=0.00
Epoch 059/128 proposal [==========..............] 20/47 MSE=1.334e-04 pass=71.9% K=56.0 denseK=56.0 countMAE=0.00
Epoch 059/128 proposal [===============.........] 30/47 MSE=1.150e-04 pass=75.0% K=56.0 denseK=56.0 countMAE=0.00
Epoch 059/128 proposal [====================....] 40/47 MSE=1.278e-04 pass=70.3% K=56.0 denseK=56.0 countMAE=0.00
Epoch 059/128 proposal [========================] 47/47 MSE=1.372e-04 pass=76.8% K=56.0 denseK=56.0 countMAE=0.00
  validation [=.......................] 1/16 
  validation [===============.........] 10/16 
  validation [========================] 16/16 
Epoch 059 val dense=88.6% deployment=88.6% worst-source=82.0% qualification=0.0% MSE=8.408e-05 K=56.00 mass=30.40 beta=-0.17 soft_cost=1.2534 selection_score=-1.2534 complexity=0.00->0.00 safety=0+0.00sigma scale=1.00->1.00 pass_reference_only=0.0%
  Proposal train geometry: coverage_MAE=3.6637e-03, ordered_assignment_MAE=3.8364e-03, matched_K=34.58, R@.005/.01/.02=0.717/0.978/1.000, parameter_bias=8.881e-03
  Synthetic K=56: n=46, dense=0.0%, deployment=0.0%
  Synthetic: dense=82.0%, deployment=82.0%, MSE=1.302e-04, K=56.00, targetK=31.74, count_MAE=24.26, bias=+24.26, knot_F1@0.01=0.704, param_RMSE=2.324e-02
  uji_pen_characters_v2: dense=100.0%, deployment=100.0%, MSE=6.787e-06, K=56.00
  natural_earth_10m_coastline: dense=96.0%, deployment=96.0%, MSE=2.493e-05, K=56.00
  usgs_tnm_contours_large_scale: dense=99.0%, deployment=99.0%, MSE=1.743e-05, K=56.00
  industrial_model_offset_curves: dense=100.0%, deployment=100.0%, MSE=5.012e-06, K=56.00
Epoch 060/128 proposal [........................] 1/47 MSE=7.053e-05 pass=85.9% K=56.0 denseK=56.0 countMAE=0.00
Epoch 060/128 proposal [=====...................] 10/47 MSE=7.621e-05 pass=82.8% K=56.0 denseK=56.0 countMAE=0.00
Epoch 060/128 proposal [==========..............] 20/47 MSE=1.025e-04 pass=78.1% K=56.0 denseK=56.0 countMAE=0.00
Epoch 060/128 proposal [===============.........] 30/47 MSE=1.501e-04 pass=73.4% K=56.0 denseK=56.0 countMAE=0.00
Epoch 060/128 proposal [====================....] 40/47 MSE=1.113e-04 pass=79.7% K=56.0 denseK=56.0 countMAE=0.00
Epoch 060/128 proposal [========================] 47/47 MSE=1.340e-04 pass=78.6% K=56.0 denseK=56.0 countMAE=0.00
  validation [=.......................] 1/16 
  validation [===============.........] 10/16 
  validation [========================] 16/16 
Epoch 060 val dense=88.6% deployment=88.6% worst-source=82.2% qualification=0.0% MSE=8.467e-05 K=56.00 mass=30.37 beta=-0.17 soft_cost=1.2540 selection_score=-1.2540 complexity=0.00->0.00 safety=0+0.00sigma scale=1.00->1.00 pass_reference_only=0.0%
  Proposal train geometry: coverage_MAE=3.6689e-03, ordered_assignment_MAE=3.8600e-03, matched_K=34.75, R@.005/.01/.02=0.717/0.978/1.000, parameter_bias=9.291e-03
  Synthetic K=56: n=46, dense=0.0%, deployment=0.0%
  Synthetic: dense=82.2%, deployment=82.2%, MSE=1.316e-04, K=56.00, targetK=31.74, count_MAE=24.26, bias=+24.26, knot_F1@0.01=0.702, param_RMSE=2.348e-02
  uji_pen_characters_v2: dense=100.0%, deployment=100.0%, MSE=6.717e-06, K=56.00
  natural_earth_10m_coastline: dense=95.0%, deployment=95.0%, MSE=2.427e-05, K=56.00
  usgs_tnm_contours_large_scale: dense=99.0%, deployment=99.0%, MSE=1.632e-05, K=56.00
  industrial_model_offset_curves: dense=100.0%, deployment=100.0%, MSE=4.206e-06, K=56.00
Epoch 061/128 proposal [........................] 1/47 MSE=8.968e-05 pass=73.4% K=56.0 denseK=56.0 countMAE=0.00
Epoch 061/128 proposal [=====...................] 10/47 MSE=8.897e-05 pass=78.1% K=56.0 denseK=56.0 countMAE=0.00
Epoch 061/128 proposal [==========..............] 20/47 MSE=8.229e-05 pass=76.6% K=56.0 denseK=56.0 countMAE=0.00
Epoch 061/128 proposal [===============.........] 30/47 MSE=9.340e-05 pass=79.7% K=56.0 denseK=56.0 countMAE=0.00
Epoch 061/128 proposal [====================....] 40/47 MSE=9.634e-05 pass=75.0% K=56.0 denseK=56.0 countMAE=0.00
Epoch 061/128 proposal [========================] 47/47 MSE=6.833e-05 pass=83.9% K=56.0 denseK=56.0 countMAE=0.00
  validation [=.......................] 1/16 
  validation [===============.........] 10/16 
  validation [========================] 16/16 
Epoch 061 val dense=87.9% deployment=87.9% worst-source=81.0% qualification=0.0% MSE=8.183e-05 K=56.00 mass=30.39 beta=-0.17 soft_cost=1.2599 selection_score=-1.2599 complexity=0.00->0.00 safety=0+0.00sigma scale=1.00->1.00 pass_reference_only=0.0%
  Proposal train geometry: coverage_MAE=3.6526e-03, ordered_assignment_MAE=3.7930e-03, matched_K=34.81, R@.005/.01/.02=0.721/0.979/1.000, parameter_bias=8.930e-03
  Synthetic K=56: n=46, dense=0.0%, deployment=0.0%
  Synthetic: dense=81.0%, deployment=81.0%, MSE=1.271e-04, K=56.00, targetK=31.74, count_MAE=24.26, bias=+24.26, knot_F1@0.01=0.703, param_RMSE=2.286e-02
  uji_pen_characters_v2: dense=100.0%, deployment=100.0%, MSE=6.360e-06, K=56.00
  natural_earth_10m_coastline: dense=95.0%, deployment=95.0%, MSE=2.343e-05, K=56.00
  usgs_tnm_contours_large_scale: dense=99.0%, deployment=99.0%, MSE=1.603e-05, K=56.00
  industrial_model_offset_curves: dense=100.0%, deployment=100.0%, MSE=4.319e-06, K=56.00
Epoch 062/128 proposal [........................] 1/47 MSE=1.862e-04 pass=71.9% K=56.0 denseK=56.0 countMAE=0.00
Epoch 062/128 proposal [=====...................] 10/47 MSE=7.874e-05 pass=79.7% K=56.0 denseK=56.0 countMAE=0.00
Epoch 062/128 proposal [==========..............] 20/47 MSE=5.801e-05 pass=87.5% K=56.0 denseK=56.0 countMAE=0.00
Epoch 062/128 proposal [===============.........] 30/47 MSE=1.028e-04 pass=82.8% K=56.0 denseK=56.0 countMAE=0.00
Epoch 062/128 proposal [====================....] 40/47 MSE=1.202e-04 pass=75.0% K=56.0 denseK=56.0 countMAE=0.00
Epoch 062/128 proposal [========================] 47/47 MSE=1.586e-04 pass=73.2% K=56.0 denseK=56.0 countMAE=0.00
  validation [=.......................] 1/16 
  validation [===============.........] 10/16 
  validation [========================] 16/16 
Epoch 062 val dense=88.9% deployment=88.9% worst-source=82.5% qualification=0.0% MSE=7.864e-05 K=56.00 mass=30.31 beta=-0.17 soft_cost=1.2435 selection_score=-1.2435 complexity=0.00->0.00 safety=0+0.00sigma scale=1.00->1.00 pass_reference_only=0.0%
  Proposal train geometry: coverage_MAE=3.6832e-03, ordered_assignment_MAE=3.8789e-03, matched_K=34.65, R@.005/.01/.02=0.717/0.978/1.000, parameter_bias=8.971e-03
  Synthetic K=56: n=46, dense=0.0%, deployment=0.0%
  Synthetic: dense=82.5%, deployment=82.5%, MSE=1.218e-04, K=56.00, targetK=31.74, count_MAE=24.26, bias=+24.26, knot_F1@0.01=0.704, param_RMSE=2.332e-02
  uji_pen_characters_v2: dense=100.0%, deployment=100.0%, MSE=6.392e-06, K=56.00
  natural_earth_10m_coastline: dense=96.0%, deployment=96.0%, MSE=2.340e-05, K=56.00
  usgs_tnm_contours_large_scale: dense=99.0%, deployment=99.0%, MSE=1.607e-05, K=56.00
  industrial_model_offset_curves: dense=100.0%, deployment=100.0%, MSE=4.424e-06, K=56.00
Epoch 063/128 proposal [........................] 1/47 MSE=8.430e-05 pass=85.9% K=56.0 denseK=56.0 countMAE=0.00
Epoch 063/128 proposal [=====...................] 10/47 MSE=1.259e-04 pass=73.4% K=56.0 denseK=56.0 countMAE=0.00
Epoch 063/128 proposal [==========..............] 20/47 MSE=1.357e-04 pass=73.4% K=56.0 denseK=56.0 countMAE=0.00
Epoch 063/128 proposal [===============.........] 30/47 MSE=1.065e-04 pass=78.1% K=56.0 denseK=56.0 countMAE=0.00
Epoch 063/128 proposal [====================....] 40/47 MSE=1.301e-04 pass=78.1% K=56.0 denseK=56.0 countMAE=0.00
Epoch 063/128 proposal [========================] 47/47 MSE=6.204e-05 pass=78.6% K=56.0 denseK=56.0 countMAE=0.00
  validation [=.......................] 1/16 
  validation [===============.........] 10/16 
  validation [========================] 16/16 
Epoch 063 val dense=88.5% deployment=88.5% worst-source=81.7% qualification=0.0% MSE=7.485e-05 K=56.00 mass=30.33 beta=-0.17 soft_cost=1.2422 selection_score=-1.2422 complexity=0.00->0.00 safety=0+0.00sigma scale=1.00->1.00 pass_reference_only=0.0%
  Proposal train geometry: coverage_MAE=3.6285e-03, ordered_assignment_MAE=3.8122e-03, matched_K=34.38, R@.005/.01/.02=0.724/0.979/1.000, parameter_bias=9.195e-03
  Synthetic K=56: n=46, dense=0.0%, deployment=0.0%
  Synthetic: dense=81.7%, deployment=81.7%, MSE=1.160e-04, K=56.00, targetK=31.74, count_MAE=24.26, bias=+24.26, knot_F1@0.01=0.703, param_RMSE=2.273e-02
  uji_pen_characters_v2: dense=100.0%, deployment=100.0%, MSE=6.195e-06, K=56.00
  natural_earth_10m_coastline: dense=96.0%, deployment=96.0%, MSE=2.195e-05, K=56.00
  usgs_tnm_contours_large_scale: dense=100.0%, deployment=100.0%, MSE=1.512e-05, K=56.00
  industrial_model_offset_curves: dense=100.0%, deployment=100.0%, MSE=4.324e-06, K=56.00
Epoch 064/128 proposal [........................] 1/47 MSE=1.062e-04 pass=71.9% K=56.0 denseK=56.0 countMAE=0.00
Epoch 064/128 proposal [=====...................] 10/47 MSE=9.854e-05 pass=78.1% K=56.0 denseK=56.0 countMAE=0.00
Epoch 064/128 proposal [==========..............] 20/47 MSE=9.094e-05 pass=81.2% K=56.0 denseK=56.0 countMAE=0.00
Epoch 064/128 proposal [===============.........] 30/47 MSE=1.265e-04 pass=73.4% K=56.0 denseK=56.0 countMAE=0.00
Epoch 064/128 proposal [====================....] 40/47 MSE=9.691e-05 pass=78.1% K=56.0 denseK=56.0 countMAE=0.00
Epoch 064/128 proposal [========================] 47/47 MSE=7.420e-05 pass=80.4% K=56.0 denseK=56.0 countMAE=0.00
  validation [=.......................] 1/16 
  validation [===============.........] 10/16 
  validation [========================] 16/16 
Epoch 064 val dense=89.0% deployment=89.0% worst-source=82.7% qualification=0.0% MSE=8.547e-05 K=56.00 mass=30.33 beta=-0.17 soft_cost=1.2486 selection_score=-1.2486 complexity=0.00->0.00 safety=0+0.00sigma scale=1.00->1.00 pass_reference_only=0.0%
  Proposal train geometry: coverage_MAE=3.6560e-03, ordered_assignment_MAE=3.8031e-03, matched_K=35.04, R@.005/.01/.02=0.718/0.979/1.000, parameter_bias=9.159e-03
  Synthetic K=56: n=46, dense=0.0%, deployment=0.0%
  Synthetic: dense=82.7%, deployment=82.7%, MSE=1.330e-04, K=56.00, targetK=31.74, count_MAE=24.26, bias=+24.26, knot_F1@0.01=0.705, param_RMSE=2.332e-02
  uji_pen_characters_v2: dense=100.0%, deployment=100.0%, MSE=6.795e-06, K=56.00
  natural_earth_10m_coastline: dense=96.0%, deployment=96.0%, MSE=2.305e-05, K=56.00
  usgs_tnm_contours_large_scale: dense=99.0%, deployment=99.0%, MSE=1.630e-05, K=56.00
  industrial_model_offset_curves: dense=100.0%, deployment=100.0%, MSE=4.674e-06, K=56.00
Proposal schedule complete; loading the lowest-cost dense initializer (pass=0.0%, reporting reference=90.0%). Joint training starts unconditionally.
Epoch 065/128 joint [........................] 1/47 MSE=2.159e-03 pass=6.2% K=31.0 targetK=29.2 countMAE=13.66
Epoch 065/128 joint [=====...................] 10/47 MSE=2.104e-03 pass=0.0% K=32.0 targetK=30.9 countMAE=15.09
Epoch 065/128 joint [==========..............] 20/47 MSE=2.071e-03 pass=0.0% K=33.2 targetK=31.4 countMAE=12.47
Epoch 065/128 joint [===============.........] 30/47 MSE=2.016e-03 pass=4.7% K=34.1 targetK=30.2 countMAE=13.45
Epoch 065/128 joint [====================....] 40/47 MSE=1.582e-03 pass=4.7% K=34.6 targetK=25.6 countMAE=13.88
Epoch 065/128 joint [========================] 47/47 MSE=1.716e-03 pass=7.1% K=34.9 targetK=28.4 countMAE=15.20
  validation [=.......................] 1/16 
  validation [===============.........] 10/16 
  validation [========================] 16/16 
Epoch 065 val dense=80.7% deployment=23.0% worst-source=1.3% qualification=0.0% MSE=1.262e-03 K=34.48 mass=33.96 beta=-0.43 soft_cost=3.5287 selection_score=-3.5287 complexity=0.00->0.09 safety=0+0.00sigma scale=1.00->0.91 pass_reference_only=0.0%
  Joint train structure: Keep P/R/F1=0.551/0.622/0.583, critical_false_delete=0.378, proposal R@.005/.01/.02=0.595/0.985/1.000, parameter_bias=1.084e-02
  Synthetic K=56: n=46, dense=0.0%, deployment=0.0%
  Synthetic: dense=68.7%, deployment=1.3%, MSE=1.904e-03, K=35.08, targetK=31.74, count_MAE=12.84, bias=+3.35, knot_F1@0.01=0.612, param_RMSE=2.107e-02
  uji_pen_characters_v2: dense=100.0%, deployment=87.0%, MSE=6.723e-05, K=32.67
  natural_earth_10m_coastline: dense=96.0%, deployment=16.0%, MSE=5.119e-04, K=33.40
  usgs_tnm_contours_large_scale: dense=100.0%, deployment=42.0%, MSE=3.800e-04, K=33.80
  industrial_model_offset_curves: dense=100.0%, deployment=80.6%, MSE=1.622e-04, K=34.44
Epoch 066/128 joint [........................] 1/47 MSE=1.753e-03 pass=1.6% K=35.0 targetK=30.0 countMAE=13.45
Epoch 066/128 joint [=====...................] 10/47 MSE=1.696e-03 pass=6.2% K=35.0 targetK=28.9 countMAE=13.47
Epoch 066/128 joint [==========..............] 20/47 MSE=1.532e-03 pass=4.7% K=35.5 targetK=28.4 countMAE=14.16
Epoch 066/128 joint [===============.........] 30/47 MSE=1.631e-03 pass=3.1% K=35.6 targetK=30.5 countMAE=13.30
Epoch 066/128 joint [====================....] 40/47 MSE=1.362e-03 pass=3.1% K=35.4 targetK=27.7 countMAE=11.67
Epoch 066/128 joint [========================] 47/47 MSE=1.202e-03 pass=5.4% K=35.3 targetK=26.0 countMAE=13.57
  validation [=.......................] 1/16 
  validation [===============.........] 10/16 
  validation [========================] 16/16 
Epoch 066 val dense=80.6% deployment=24.8% worst-source=1.2% qualification=0.0% MSE=1.049e-03 K=34.86 mass=34.37 beta=-0.48 soft_cost=3.3726 selection_score=-3.3726 complexity=0.09->0.18 safety=0+0.00sigma scale=0.91->0.82 pass_reference_only=0.0%
  Joint train structure: Keep P/R/F1=0.574/0.682/0.623, critical_false_delete=0.318, proposal R@.005/.01/.02=0.593/0.982/1.000, parameter_bias=9.877e-03
  Synthetic K=56: n=46, dense=0.0%, deployment=0.0%
  Synthetic: dense=68.5%, deployment=1.2%, MSE=1.577e-03, K=36.24, targetK=31.74, count_MAE=11.63, bias=+4.50, knot_F1@0.01=0.640, param_RMSE=2.092e-02
  uji_pen_characters_v2: dense=100.0%, deployment=90.0%, MSE=5.624e-05, K=32.02
  natural_earth_10m_coastline: dense=96.0%, deployment=28.0%, MSE=4.338e-04, K=32.07
  usgs_tnm_contours_large_scale: dense=100.0%, deployment=47.0%, MSE=3.701e-04, K=32.60
  industrial_model_offset_curves: dense=100.0%, deployment=79.6%, MSE=1.059e-04, K=34.49
Epoch 067/128 joint [........................] 1/47 MSE=1.339e-03 pass=4.7% K=35.4 targetK=27.9 countMAE=13.48
Epoch 067/128 joint [=====...................] 10/47 MSE=1.569e-03 pass=1.6% K=36.2 targetK=32.3 countMAE=10.91
Epoch 067/128 joint [==========..............] 20/47 MSE=1.403e-03 pass=1.6% K=35.9 targetK=30.5 countMAE=10.45
Epoch 067/128 joint [===============.........] 30/47 MSE=1.381e-03 pass=1.6% K=35.3 targetK=30.6 countMAE=9.39
Epoch 067/128 joint [====================....] 40/47 MSE=1.408e-03 pass=0.0% K=37.3 targetK=33.4 countMAE=8.72
Epoch 067/128 joint [========================] 47/47 MSE=1.309e-03 pass=3.6% K=33.3 targetK=26.1 countMAE=10.04
  validation [=.......................] 1/16 
  validation [===============.........] 10/16 
  validation [========================] 16/16 
Epoch 067 val dense=79.7% deployment=21.9% worst-source=0.8% qualification=0.0% MSE=9.487e-04 K=33.63 mass=33.12 beta=-0.40 soft_cost=3.3967 selection_score=-3.3967 complexity=0.18->0.27 safety=0+0.00sigma scale=0.82->0.73 pass_reference_only=0.0%
  Joint train structure: Keep P/R/F1=0.614/0.724/0.664, critical_false_delete=0.276, proposal R@.005/.01/.02=0.600/0.983/1.000, parameter_bias=9.842e-03
  Synthetic K=56: n=46, dense=0.0%, deployment=0.0%
  Synthetic: dense=67.0%, deployment=0.8%, MSE=1.393e-03, K=36.54, targetK=31.74, count_MAE=9.22, bias=+4.80, knot_F1@0.01=0.679, param_RMSE=2.187e-02
  uji_pen_characters_v2: dense=100.0%, deployment=86.0%, MSE=7.792e-05, K=28.84
  natural_earth_10m_coastline: dense=96.0%, deployment=23.0%, MSE=5.493e-04, K=27.12
  usgs_tnm_contours_large_scale: dense=100.0%, deployment=45.0%, MSE=3.547e-04, K=27.63
  industrial_model_offset_curves: dense=100.0%, deployment=62.4%, MSE=8.663e-05, K=33.48
Epoch 068/128 joint [........................] 1/47 MSE=1.358e-03 pass=0.0% K=35.2 targetK=29.7 countMAE=8.97
Epoch 068/128 joint [=====...................] 10/47 MSE=1.361e-03 pass=3.1% K=36.5 targetK=31.4 countMAE=8.97
Epoch 068/128 joint [==========..............] 20/47 MSE=1.313e-03 pass=1.6% K=36.6 targetK=31.8 countMAE=7.73
Epoch 068/128 joint [===============.........] 30/47 MSE=1.148e-03 pass=0.0% K=35.0 targetK=27.9 countMAE=9.06
Epoch 068/128 joint [====================....] 40/47 MSE=1.131e-03 pass=0.0% K=35.1 targetK=28.5 countMAE=8.34
Epoch 068/128 joint [========================] 47/47 MSE=1.052e-03 pass=0.0% K=38.1 targetK=31.0 countMAE=8.16
  validation [=.......................] 1/16 
  validation [===============.........] 10/16 
  validation [========================] 16/16 
Epoch 068 val dense=81.3% deployment=20.8% worst-source=0.7% qualification=0.0% MSE=8.424e-04 K=33.81 mass=33.31 beta=-0.45 soft_cost=3.3651 selection_score=-3.3651 complexity=0.27->0.36 safety=0+0.00sigma scale=0.73->0.64 pass_reference_only=0.0%
  Joint train structure: Keep P/R/F1=0.635/0.761/0.692, critical_false_delete=0.239, proposal R@.005/.01/.02=0.598/0.982/1.000, parameter_bias=9.919e-03
  Synthetic K=56: n=46, dense=0.0%, deployment=0.0%
  Synthetic: dense=69.7%, deployment=0.7%, MSE=1.173e-03, K=37.51, targetK=31.74, count_MAE=8.74, bias=+5.78, knot_F1@0.01=0.706, param_RMSE=2.445e-02
  uji_pen_characters_v2: dense=100.0%, deployment=86.0%, MSE=6.569e-05, K=27.91
  natural_earth_10m_coastline: dense=96.0%, deployment=27.0%, MSE=5.352e-04, K=25.43
  usgs_tnm_contours_large_scale: dense=100.0%, deployment=41.0%, MSE=3.485e-04, K=26.17
  industrial_model_offset_curves: dense=100.0%, deployment=52.7%, MSE=4.055e-04, K=33.51
Epoch 069/128 joint [........................] 1/47 MSE=1.074e-03 pass=3.1% K=36.4 targetK=29.3 countMAE=8.75
Epoch 069/128 joint [=====...................] 10/47 MSE=1.308e-03 pass=1.6% K=35.9 targetK=31.7 countMAE=7.08
Epoch 069/128 joint [==========..............] 20/47 MSE=1.253e-03 pass=0.0% K=38.4 targetK=33.0 countMAE=8.08
Epoch 069/128 joint [===============.........] 30/47 MSE=1.140e-03 pass=0.0% K=39.1 targetK=34.0 countMAE=7.20
Epoch 069/128 joint [====================....] 40/47 MSE=1.045e-03 pass=0.0% K=39.0 targetK=32.2 countMAE=8.38
Epoch 069/128 joint [========================] 47/47 MSE=1.220e-03 pass=0.0% K=35.4 targetK=28.8 countMAE=8.16
  validation [=.......................] 1/16 
  validation [===============.........] 10/16 
  validation [========================] 16/16 
Epoch 069 val dense=81.4% deployment=22.1% worst-source=0.7% qualification=0.0% MSE=8.222e-04 K=33.58 mass=33.08 beta=-0.44 soft_cost=3.3084 selection_score=-3.3084 complexity=0.36->0.45 safety=0+0.00sigma scale=0.64->0.55 pass_reference_only=0.0%
  Joint train structure: Keep P/R/F1=0.662/0.792/0.721, critical_false_delete=0.208, proposal R@.005/.01/.02=0.611/0.985/1.000, parameter_bias=1.024e-02
  Synthetic K=56: n=46, dense=0.0%, deployment=0.0%
  Synthetic: dense=69.8%, deployment=0.7%, MSE=1.133e-03, K=37.65, targetK=31.74, count_MAE=8.12, bias=+5.92, knot_F1@0.01=0.719, param_RMSE=2.506e-02
  uji_pen_characters_v2: dense=100.0%, deployment=91.0%, MSE=5.752e-05, K=27.37
  natural_earth_10m_coastline: dense=96.0%, deployment=29.0%, MSE=6.671e-04, K=24.28
  usgs_tnm_contours_large_scale: dense=100.0%, deployment=39.0%, MSE=4.548e-04, K=25.01
  industrial_model_offset_curves: dense=100.0%, deployment=60.2%, MSE=1.998e-04, K=33.18
Epoch 070/128 joint [........................] 1/47 MSE=1.090e-03 pass=0.0% K=35.2 targetK=28.5 countMAE=7.62
Epoch 070/128 joint [=====...................] 10/47 MSE=9.820e-04 pass=1.6% K=37.7 targetK=31.7 countMAE=7.69
Epoch 070/128 joint [==========..............] 20/47 MSE=1.081e-03 pass=0.0% K=35.8 targetK=29.9 countMAE=7.67
Epoch 070/128 joint [===============.........] 30/47 MSE=9.288e-04 pass=0.0% K=37.9 targetK=29.9 countMAE=8.72
Epoch 070/128 joint [====================....] 40/47 MSE=1.035e-03 pass=1.6% K=36.8 targetK=30.7 countMAE=7.84
Epoch 070/128 joint [========================] 47/47 MSE=1.000e-03 pass=1.8% K=38.5 targetK=31.6 countMAE=8.39
  validation [=.......................] 1/16 
  validation [===============.........] 10/16 
  validation [========================] 16/16 
Epoch 070 val dense=81.3% deployment=23.6% worst-source=1.0% qualification=0.0% MSE=7.529e-04 K=34.45 mass=33.95 beta=-0.51 soft_cost=3.2283 selection_score=-3.2283 complexity=0.45->0.55 safety=0+0.00sigma scale=0.55->0.45 pass_reference_only=0.0%
  Joint train structure: Keep P/R/F1=0.658/0.802/0.723, critical_false_delete=0.198, proposal R@.005/.01/.02=0.620/0.985/1.000, parameter_bias=1.033e-02
  Synthetic K=56: n=46, dense=0.0%, deployment=0.0%
  Synthetic: dense=69.7%, deployment=1.0%, MSE=1.063e-03, K=38.32, targetK=31.74, count_MAE=8.39, bias=+6.58, knot_F1@0.01=0.726, param_RMSE=2.544e-02
  uji_pen_characters_v2: dense=100.0%, deployment=92.0%, MSE=4.505e-05, K=28.81
  natural_earth_10m_coastline: dense=96.0%, deployment=30.0%, MSE=5.332e-04, K=25.60
  usgs_tnm_contours_large_scale: dense=100.0%, deployment=46.0%, MSE=3.684e-04, K=26.34
  industrial_model_offset_curves: dense=100.0%, deployment=64.5%, MSE=1.605e-04, K=33.82
Epoch 071/128 joint [........................] 1/47 MSE=1.196e-03 pass=0.0% K=36.8 targetK=30.6 countMAE=8.23
Epoch 071/128 joint [=====...................] 10/47 MSE=9.939e-04 pass=0.0% K=36.0 targetK=27.9 countMAE=8.61
Epoch 071/128 joint [==========..............] 20/47 MSE=1.006e-03 pass=0.0% K=38.6 targetK=32.0 countMAE=7.42
Epoch 071/128 joint [===============.........] 30/47 MSE=9.462e-04 pass=0.0% K=41.2 targetK=34.9 countMAE=7.56
Epoch 071/128 joint [====================....] 40/47 MSE=1.139e-03 pass=1.6% K=36.0 targetK=29.9 countMAE=6.94
Epoch 071/128 joint [========================] 47/47 MSE=1.095e-03 pass=0.0% K=36.0 targetK=29.1 countMAE=7.50
  validation [=.......................] 1/16 
  validation [===============.........] 10/16 
  validation [========================] 16/16 
Epoch 071 val dense=81.2% deployment=24.0% worst-source=0.5% qualification=0.0% MSE=7.169e-04 K=34.46 mass=33.97 beta=-0.51 soft_cost=3.1812 selection_score=-3.1812 complexity=0.55->0.64 safety=0+0.00sigma scale=0.45->0.36 pass_reference_only=0.0%
  Joint train structure: Keep P/R/F1=0.662/0.809/0.728, critical_false_delete=0.191, proposal R@.005/.01/.02=0.624/0.985/1.000, parameter_bias=1.033e-02
  Synthetic K=56: n=46, dense=0.0%, deployment=0.0%
  Synthetic: dense=69.7%, deployment=0.5%, MSE=1.026e-03, K=38.27, targetK=31.74, count_MAE=8.16, bias=+6.53, knot_F1@0.01=0.732, param_RMSE=2.578e-02
  uji_pen_characters_v2: dense=100.0%, deployment=92.0%, MSE=3.620e-05, K=28.87
  natural_earth_10m_coastline: dense=96.0%, deployment=35.0%, MSE=4.422e-04, K=25.81
  usgs_tnm_contours_large_scale: dense=99.0%, deployment=49.0%, MSE=3.531e-04, K=26.46
  industrial_model_offset_curves: dense=100.0%, deployment=63.4%, MSE=1.407e-04, K=33.84
Epoch 072/128 joint [........................] 1/47 MSE=1.189e-03 pass=0.0% K=34.2 targetK=28.3 countMAE=7.55
Epoch 072/128 joint [=====...................] 10/47 MSE=9.901e-04 pass=0.0% K=34.8 targetK=27.3 countMAE=8.12
Epoch 072/128 joint [==========..............] 20/47 MSE=1.079e-03 pass=0.0% K=37.9 targetK=31.5 countMAE=7.73
Epoch 072/128 joint [===============.........] 30/47 MSE=1.005e-03 pass=1.6% K=34.8 targetK=27.0 countMAE=8.23
Epoch 072/128 joint [====================....] 40/47 MSE=9.047e-04 pass=0.0% K=38.6 targetK=31.9 countMAE=7.81
Epoch 072/128 joint [========================] 47/47 MSE=1.094e-03 pass=0.0% K=33.5 targetK=27.1 countMAE=6.96
  validation [=.......................] 1/16 
  validation [===============.........] 10/16 
  validation [========================] 16/16 
Epoch 072 val dense=81.8% deployment=24.0% worst-source=0.8% qualification=0.0% MSE=7.029e-04 K=34.30 mass=33.78 beta=-0.49 soft_cost=3.1592 selection_score=-3.1592 complexity=0.64->0.73 safety=0+0.00sigma scale=0.36->0.27 pass_reference_only=0.0%
  Joint train structure: Keep P/R/F1=0.656/0.809/0.725, critical_false_delete=0.191, proposal R@.005/.01/.02=0.626/0.984/1.000, parameter_bias=1.036e-02
  Synthetic K=56: n=46, dense=0.0%, deployment=0.0%
  Synthetic: dense=70.5%, deployment=0.8%, MSE=1.006e-03, K=38.22, targetK=31.74, count_MAE=7.97, bias=+6.48, knot_F1@0.01=0.734, param_RMSE=2.612e-02
  uji_pen_characters_v2: dense=100.0%, deployment=90.0%, MSE=3.917e-05, K=28.62
  natural_earth_10m_coastline: dense=96.0%, deployment=35.0%, MSE=4.738e-04, K=25.44
  usgs_tnm_contours_large_scale: dense=100.0%, deployment=49.0%, MSE=3.321e-04, K=25.87
  industrial_model_offset_curves: dense=100.0%, deployment=63.4%, MSE=1.090e-04, K=33.71
Epoch 073/128 joint [........................] 1/47 MSE=9.481e-04 pass=0.0% K=37.1 targetK=29.5 countMAE=8.16
Epoch 073/128 joint [=====...................] 10/47 MSE=9.967e-04 pass=0.0% K=35.8 targetK=29.4 countMAE=7.34
Epoch 073/128 joint [==========..............] 20/47 MSE=1.166e-03 pass=0.0% K=37.6 targetK=31.5 countMAE=6.84
Epoch 073/128 joint [===============.........] 30/47 MSE=9.364e-04 pass=1.6% K=35.9 targetK=29.6 countMAE=6.88
Epoch 073/128 joint [====================....] 40/47 MSE=9.889e-04 pass=1.6% K=38.9 targetK=32.3 countMAE=7.38
Epoch 073/128 joint [========================] 47/47 MSE=9.557e-04 pass=1.8% K=37.4 targetK=31.8 countMAE=6.75
  validation [=.......................] 1/16 
  validation [===============.........] 10/16 
  validation [========================] 16/16 
Epoch 073 val dense=81.5% deployment=21.6% worst-source=0.5% qualification=0.0% MSE=7.136e-04 K=34.43 mass=33.91 beta=-0.50 soft_cost=3.2275 selection_score=-3.2275 complexity=0.73->0.82 safety=0+0.00sigma scale=0.27->0.18 pass_reference_only=0.0%
  Joint train structure: Keep P/R/F1=0.666/0.814/0.733, critical_false_delete=0.186, proposal R@.005/.01/.02=0.629/0.986/1.000, parameter_bias=1.074e-02
  Synthetic K=56: n=46, dense=0.0%, deployment=0.0%
  Synthetic: dense=70.0%, deployment=0.5%, MSE=1.007e-03, K=38.39, targetK=31.74, count_MAE=8.06, bias=+6.65, knot_F1@0.01=0.734, param_RMSE=2.600e-02
  uji_pen_characters_v2: dense=100.0%, deployment=88.0%, MSE=5.312e-05, K=28.52
  natural_earth_10m_coastline: dense=96.0%, deployment=29.0%, MSE=4.793e-04, K=25.62
  usgs_tnm_contours_large_scale: dense=100.0%, deployment=40.0%, MSE=3.992e-04, K=25.96
  industrial_model_offset_curves: dense=100.0%, deployment=58.1%, MSE=1.211e-04, K=33.81
Epoch 074/128 joint [........................] 1/47 MSE=1.005e-03 pass=1.6% K=36.0 targetK=28.9 countMAE=8.19
Epoch 074/128 joint [=====...................] 10/47 MSE=1.119e-03 pass=0.0% K=33.7 targetK=26.2 countMAE=8.03
Epoch 074/128 joint [==========..............] 20/47 MSE=9.891e-04 pass=0.0% K=40.3 targetK=34.1 countMAE=7.50
Epoch 074/128 joint [===============.........] 30/47 MSE=1.028e-03 pass=1.6% K=33.2 targetK=26.8 countMAE=6.94
Epoch 074/128 joint [====================....] 40/47 MSE=1.023e-03 pass=0.0% K=37.3 targetK=30.0 countMAE=7.89
Epoch 074/128 joint [========================] 47/47 MSE=1.022e-03 pass=0.0% K=36.5 targetK=29.2 countMAE=8.64
  validation [=.......................] 1/16 
  validation [===============.........] 10/16 
  validation [========================] 16/16 
Epoch 074 val dense=81.6% deployment=21.3% worst-source=0.0% qualification=0.0% MSE=7.429e-04 K=34.22 mass=33.72 beta=-0.47 soft_cost=3.2755 selection_score=-3.2755 complexity=0.82->0.91 safety=0+0.00sigma scale=0.18->0.09 pass_reference_only=0.0%
  Joint train structure: Keep P/R/F1=0.663/0.815/0.731, critical_false_delete=0.185, proposal R@.005/.01/.02=0.630/0.987/1.000, parameter_bias=1.035e-02
  Synthetic K=56: n=46, dense=0.0%, deployment=0.0%
  Synthetic: dense=70.2%, deployment=0.0%, MSE=1.043e-03, K=38.23, targetK=31.74, count_MAE=7.84, bias=+6.49, knot_F1@0.01=0.732, param_RMSE=2.622e-02
  uji_pen_characters_v2: dense=100.0%, deployment=90.0%, MSE=5.610e-05, K=28.17
  natural_earth_10m_coastline: dense=96.0%, deployment=28.0%, MSE=5.336e-04, K=25.31
  usgs_tnm_contours_large_scale: dense=100.0%, deployment=41.0%, MSE=4.160e-04, K=25.76
  industrial_model_offset_curves: dense=100.0%, deployment=57.0%, MSE=1.240e-04, K=33.60
Epoch 075/128 joint [........................] 1/47 MSE=1.103e-03 pass=0.0% K=38.5 targetK=32.0 countMAE=7.77
Epoch 075/128 joint [=====...................] 10/47 MSE=1.035e-03 pass=0.0% K=36.3 targetK=28.5 countMAE=8.44
Epoch 075/128 joint [==========..............] 20/47 MSE=1.124e-03 pass=0.0% K=35.1 targetK=28.3 countMAE=7.73
Epoch 075/128 joint [===============.........] 30/47 MSE=9.023e-04 pass=0.0% K=38.6 targetK=32.1 countMAE=7.58
Epoch 075/128 joint [====================....] 40/47 MSE=9.705e-04 pass=1.6% K=35.7 targetK=28.3 countMAE=7.91
Epoch 075/128 joint [========================] 47/47 MSE=1.034e-03 pass=1.8% K=36.0 targetK=28.7 countMAE=8.05
  validation [=.......................] 1/16 
  validation [===============.........] 10/16 
  validation [========================] 16/16 
Epoch 075 val dense=81.2% deployment=21.0% worst-source=0.2% qualification=0.0% MSE=7.275e-04 K=34.27 mass=33.79 beta=-0.49 soft_cost=3.2495 selection_score=-3.2495 complexity=0.91->1.00 safety=0+0.00sigma scale=0.09->0.00 pass_reference_only=0.0%
  Joint train structure: Keep P/R/F1=0.656/0.812/0.726, critical_false_delete=0.188, proposal R@.005/.01/.02=0.633/0.987/1.000, parameter_bias=1.027e-02
  Synthetic K=56: n=46, dense=0.0%, deployment=0.0%
  Synthetic: dense=69.7%, deployment=0.2%, MSE=9.966e-04, K=38.45, targetK=31.74, count_MAE=8.02, bias=+6.71, knot_F1@0.01=0.735, param_RMSE=2.634e-02
  uji_pen_characters_v2: dense=100.0%, deployment=87.0%, MSE=7.274e-05, K=28.24
  natural_earth_10m_coastline: dense=95.0%, deployment=27.0%, MSE=6.105e-04, K=25.14
  usgs_tnm_contours_large_scale: dense=100.0%, deployment=40.0%, MSE=4.516e-04, K=24.96
  industrial_model_offset_curves: dense=100.0%, deployment=58.1%, MSE=1.176e-04, K=33.68
Epoch 076/128 joint [........................] 1/47 MSE=9.636e-04 pass=0.0% K=37.8 targetK=31.1 countMAE=7.42
Epoch 076/128 joint [=====...................] 10/47 MSE=1.003e-03 pass=0.0% K=37.7 targetK=31.2 countMAE=7.27
Epoch 076/128 joint [==========..............] 20/47 MSE=8.998e-04 pass=0.0% K=37.4 targetK=30.4 countMAE=7.62
Epoch 076/128 joint [===============.........] 30/47 MSE=9.675e-04 pass=0.0% K=38.3 targetK=32.4 countMAE=7.27
Epoch 076/128 joint [====================....] 40/47 MSE=1.015e-03 pass=0.0% K=36.2 targetK=28.8 countMAE=7.59
Epoch 076/128 joint [========================] 47/47 MSE=9.370e-04 pass=0.0% K=38.0 targetK=31.7 countMAE=7.21
  validation [=.......................] 1/16 
  validation [===============.........] 10/16 
  validation [========================] 16/16 
Epoch 076 val dense=81.1% deployment=21.6% worst-source=0.0% qualification=0.0% MSE=7.202e-04 K=34.38 mass=33.88 beta=-0.48 soft_cost=3.2409 selection_score=-3.2409 complexity=1.00->1.00 safety=0+0.00sigma scale=0.00->0.00 pass_reference_only=0.0%
  Joint train structure: Keep P/R/F1=0.672/0.823/0.740, critical_false_delete=0.177, proposal R@.005/.01/.02=0.644/0.987/1.000, parameter_bias=9.958e-03
  Synthetic K=56: n=46, dense=0.0%, deployment=0.0%
  Synthetic: dense=69.5%, deployment=0.0%, MSE=1.011e-03, K=38.34, targetK=31.74, count_MAE=7.87, bias=+6.60, knot_F1@0.01=0.735, param_RMSE=2.612e-02
  uji_pen_characters_v2: dense=100.0%, deployment=90.0%, MSE=6.996e-05, K=28.70
  natural_earth_10m_coastline: dense=95.0%, deployment=28.0%, MSE=5.486e-04, K=25.63
  usgs_tnm_contours_large_scale: dense=100.0%, deployment=41.0%, MSE=3.746e-04, K=25.74
  industrial_model_offset_curves: dense=100.0%, deployment=59.1%, MSE=1.003e-04, K=33.72
Epoch 077/128 joint [........................] 1/47 MSE=1.079e-03 pass=0.0% K=34.4 targetK=26.9 countMAE=7.95
Epoch 077/128 joint [=====...................] 10/47 MSE=1.095e-03 pass=0.0% K=34.4 targetK=28.0 countMAE=7.22
Epoch 077/128 joint [==========..............] 20/47 MSE=9.981e-04 pass=0.0% K=37.8 targetK=31.9 countMAE=6.64
Epoch 077/128 joint [===============.........] 30/47 MSE=9.990e-04 pass=0.0% K=38.5 targetK=31.5 countMAE=8.12
Epoch 077/128 joint [====================....] 40/47 MSE=1.012e-03 pass=0.0% K=37.1 targetK=31.0 countMAE=7.08
Epoch 077/128 joint [========================] 47/47 MSE=9.849e-04 pass=0.0% K=37.0 targetK=29.8 countMAE=7.46
  validation [=.......................] 1/16 
  validation [===============.........] 10/16 
  validation [========================] 16/16 
Epoch 077 val dense=81.7% deployment=20.9% worst-source=0.2% qualification=0.0% MSE=7.212e-04 K=34.39 mass=33.89 beta=-0.50 soft_cost=3.2469 selection_score=-3.2469 complexity=1.00->1.00 safety=0+0.00sigma scale=0.00->0.00 pass_reference_only=0.0%
  Joint train structure: Keep P/R/F1=0.667/0.818/0.735, critical_false_delete=0.182, proposal R@.005/.01/.02=0.644/0.987/1.000, parameter_bias=1.006e-02
  Synthetic K=56: n=46, dense=0.0%, deployment=0.0%
  Synthetic: dense=70.5%, deployment=0.2%, MSE=1.002e-03, K=38.38, targetK=31.74, count_MAE=7.87, bias=+6.65, knot_F1@0.01=0.738, param_RMSE=2.631e-02
  uji_pen_characters_v2: dense=100.0%, deployment=88.0%, MSE=8.547e-05, K=28.71
  natural_earth_10m_coastline: dense=95.0%, deployment=27.0%, MSE=5.584e-04, K=25.48
  usgs_tnm_contours_large_scale: dense=100.0%, deployment=41.0%, MSE=4.082e-04, K=25.52
  industrial_model_offset_curves: dense=100.0%, deployment=54.8%, MSE=1.054e-04, K=33.87
Epoch 078/128 joint [........................] 1/47 MSE=9.574e-04 pass=0.0% K=37.0 targetK=30.0 countMAE=7.41
Epoch 078/128 joint [=====...................] 10/47 MSE=1.024e-03 pass=1.6% K=37.8 targetK=30.6 countMAE=7.98
Epoch 078/128 joint [==========..............] 20/47 MSE=1.001e-03 pass=0.0% K=35.9 targetK=28.2 countMAE=8.12
Epoch 078/128 joint [===============.........] 30/47 MSE=9.150e-04 pass=0.0% K=35.8 targetK=27.6 countMAE=8.48
Epoch 078/128 joint [====================....] 40/47 MSE=1.010e-03 pass=0.0% K=37.1 targetK=29.8 countMAE=7.83
Epoch 078/128 joint [========================] 47/47 MSE=1.059e-03 pass=0.0% K=35.3 targetK=29.6 countMAE=6.82
  validation [=.......................] 1/16 
  validation [===============.........] 10/16 
  validation [========================] 16/16 
Epoch 078 val dense=81.4% deployment=20.9% worst-source=0.2% qualification=0.0% MSE=7.186e-04 K=34.37 mass=33.86 beta=-0.48 soft_cost=3.2509 selection_score=-3.2509 complexity=1.00->1.00 safety=0+0.00sigma scale=0.00->0.00 pass_reference_only=0.0%
  Joint train structure: Keep P/R/F1=0.661/0.818/0.731, critical_false_delete=0.182, proposal R@.005/.01/.02=0.644/0.988/1.000, parameter_bias=9.997e-03
  Synthetic K=56: n=46, dense=0.0%, deployment=0.0%
  Synthetic: dense=70.0%, deployment=0.2%, MSE=9.934e-04, K=38.34, targetK=31.74, count_MAE=7.82, bias=+6.60, knot_F1@0.01=0.736, param_RMSE=2.637e-02
  uji_pen_characters_v2: dense=100.0%, deployment=89.0%, MSE=9.544e-05, K=28.73
  natural_earth_10m_coastline: dense=95.0%, deployment=26.0%, MSE=6.014e-04, K=25.68
  usgs_tnm_contours_large_scale: dense=100.0%, deployment=42.0%, MSE=3.913e-04, K=25.67
  industrial_model_offset_curves: dense=100.0%, deployment=53.8%, MSE=9.415e-05, K=33.57
Epoch 079/128 joint [........................] 1/47 MSE=9.769e-04 pass=0.0% K=38.3 targetK=31.1 countMAE=7.70
Epoch 079/128 joint [=====...................] 10/47 MSE=9.178e-04 pass=1.6% K=39.4 targetK=33.0 countMAE=7.41
Epoch 079/128 joint [==========..............] 20/47 MSE=1.033e-03 pass=0.0% K=40.1 targetK=33.6 countMAE=7.31
Epoch 079/128 joint [===============.........] 30/47 MSE=1.100e-03 pass=0.0% K=37.3 targetK=30.6 countMAE=7.89
Epoch 079/128 joint [====================....] 40/47 MSE=1.003e-03 pass=0.0% K=37.7 targetK=30.6 countMAE=7.81
Epoch 079/128 joint [========================] 47/47 MSE=1.008e-03 pass=0.0% K=36.9 targetK=30.2 countMAE=7.12
  validation [=.......................] 1/16 
  validation [===============.........] 10/16 
  validation [========================] 16/16 
Epoch 079 val dense=81.7% deployment=19.6% worst-source=0.2% qualification=0.0% MSE=7.417e-04 K=34.08 mass=33.58 beta=-0.44 soft_cost=3.3034 selection_score=-3.3034 complexity=1.00->1.00 safety=0+0.00sigma scale=0.00->0.00 pass_reference_only=0.0%
  Joint train structure: Keep P/R/F1=0.665/0.819/0.734, critical_false_delete=0.181, proposal R@.005/.01/.02=0.640/0.988/1.000, parameter_bias=9.760e-03
  Synthetic K=56: n=46, dense=0.0%, deployment=0.0%
  Synthetic: dense=70.5%, deployment=0.2%, MSE=1.018e-03, K=38.13, targetK=31.74, count_MAE=7.63, bias=+6.40, knot_F1@0.01=0.737, param_RMSE=2.701e-02
  uji_pen_characters_v2: dense=100.0%, deployment=88.0%, MSE=1.028e-04, K=28.28
  natural_earth_10m_coastline: dense=95.0%, deployment=23.0%, MSE=6.016e-04, K=25.38
  usgs_tnm_contours_large_scale: dense=100.0%, deployment=36.0%, MSE=4.482e-04, K=25.24
  industrial_model_offset_curves: dense=100.0%, deployment=50.5%, MSE=1.114e-04, K=32.99
Epoch 080/128 joint [........................] 1/47 MSE=9.215e-04 pass=0.0% K=38.4 targetK=31.6 countMAE=7.42
Epoch 080/128 joint [=====...................] 10/47 MSE=9.757e-04 pass=0.0% K=38.8 targetK=31.3 countMAE=8.16
Epoch 080/128 joint [==========..............] 20/47 MSE=1.027e-03 pass=0.0% K=37.3 targetK=30.9 countMAE=7.45
Epoch 080/128 joint [===============.........] 30/47 MSE=1.106e-03 pass=0.0% K=34.6 targetK=26.9 countMAE=8.23
Epoch 080/128 joint [====================....] 40/47 MSE=9.896e-04 pass=0.0% K=35.1 targetK=27.9 countMAE=7.67
Epoch 080/128 joint [========================] 47/47 MSE=1.022e-03 pass=0.0% K=37.2 targetK=30.5 countMAE=7.66
  validation [=.......................] 1/16 
  validation [===============.........] 10/16 
  validation [========================] 16/16 
Epoch 080 val dense=81.6% deployment=20.3% worst-source=0.2% qualification=0.0% MSE=7.538e-04 K=34.22 mass=33.72 beta=-0.47 soft_cost=3.3107 selection_score=-3.3107 complexity=1.00->1.00 safety=0+0.00sigma scale=0.00->0.00 pass_reference_only=0.0%
  Joint train structure: Keep P/R/F1=0.667/0.822/0.736, critical_false_delete=0.178, proposal R@.005/.01/.02=0.646/0.987/1.000, parameter_bias=9.638e-03
  Synthetic K=56: n=46, dense=0.0%, deployment=0.0%
  Synthetic: dense=70.3%, deployment=0.2%, MSE=1.031e-03, K=38.09, targetK=31.74, count_MAE=7.56, bias=+6.35, knot_F1@0.01=0.739, param_RMSE=2.581e-02
  uji_pen_characters_v2: dense=100.0%, deployment=89.0%, MSE=8.641e-05, K=29.30
  natural_earth_10m_coastline: dense=95.0%, deployment=28.0%, MSE=6.424e-04, K=25.93
  usgs_tnm_contours_large_scale: dense=100.0%, deployment=37.0%, MSE=4.595e-04, K=25.33
  industrial_model_offset_curves: dense=100.0%, deployment=50.5%, MSE=1.209e-04, K=33.08
Epoch 081/128 joint [........................] 1/47 MSE=9.773e-04 pass=0.0% K=36.3 targetK=29.5 countMAE=7.30
Epoch 081/128 joint [=====...................] 10/47 MSE=9.341e-04 pass=0.0% K=36.4 targetK=29.6 countMAE=7.55
Epoch 081/128 joint [==========..............] 20/47 MSE=9.311e-04 pass=0.0% K=36.6 targetK=29.5 countMAE=7.75
Epoch 081/128 joint [===============.........] 30/47 MSE=1.122e-03 pass=0.0% K=33.9 targetK=27.3 countMAE=7.22
Epoch 081/128 joint [====================....] 40/47 MSE=1.144e-03 pass=0.0% K=33.7 targetK=26.8 countMAE=7.44
Epoch 081/128 joint [========================] 47/47 MSE=8.635e-04 pass=1.8% K=39.4 targetK=32.5 countMAE=7.73
  validation [=.......................] 1/16 
  validation [===============.........] 10/16 
  validation [========================] 16/16 
Epoch 081 val dense=82.0% deployment=20.9% worst-source=0.3% qualification=0.0% MSE=7.019e-04 K=34.88 mass=34.37 beta=-0.52 soft_cost=3.2439 selection_score=-3.2439 complexity=1.00->1.00 safety=0+0.00sigma scale=0.00->0.00 pass_reference_only=0.0%
  Joint train structure: Keep P/R/F1=0.670/0.823/0.738, critical_false_delete=0.177, proposal R@.005/.01/.02=0.646/0.988/1.000, parameter_bias=9.490e-03
  Synthetic K=56: n=46, dense=0.0%, deployment=0.0%
  Synthetic: dense=71.0%, deployment=0.3%, MSE=9.796e-04, K=38.67, targetK=31.74, count_MAE=8.12, bias=+6.94, knot_F1@0.01=0.743, param_RMSE=2.562e-02
  uji_pen_characters_v2: dense=100.0%, deployment=90.0%, MSE=1.036e-04, K=29.80
  natural_earth_10m_coastline: dense=95.0%, deployment=25.0%, MSE=5.332e-04, K=26.71
  usgs_tnm_contours_large_scale: dense=100.0%, deployment=41.0%, MSE=3.559e-04, K=26.52
  industrial_model_offset_curves: dense=100.0%, deployment=53.8%, MSE=1.068e-04, K=33.65
Epoch 082/128 joint [........................] 1/47 MSE=9.484e-04 pass=0.0% K=37.0 targetK=29.3 countMAE=8.30
Epoch 082/128 joint [=====...................] 10/47 MSE=1.054e-03 pass=0.0% K=36.5 targetK=31.0 countMAE=7.09
Epoch 082/128 joint [==========..............] 20/47 MSE=9.410e-04 pass=0.0% K=36.7 targetK=30.0 countMAE=7.33
Epoch 082/128 joint [===============.........] 30/47 MSE=9.638e-04 pass=0.0% K=34.5 targetK=27.4 countMAE=7.59
Epoch 082/128 joint [====================....] 40/47 MSE=1.041e-03 pass=0.0% K=36.3 targetK=28.9 countMAE=7.88
Epoch 082/128 joint [========================] 47/47 MSE=1.047e-03 pass=0.0% K=37.8 targetK=32.2 countMAE=6.77
  validation [=.......................] 1/16 
  validation [===============.........] 10/16 
  validation [========================] 16/16 
Epoch 082 val dense=82.0% deployment=20.5% worst-source=0.2% qualification=0.0% MSE=7.618e-04 K=33.73 mass=33.22 beta=-0.40 soft_cost=3.3021 selection_score=-3.3021 complexity=1.00->1.00 safety=0+0.00sigma scale=0.00->0.00 pass_reference_only=0.0%
  Joint train structure: Keep P/R/F1=0.664/0.820/0.734, critical_false_delete=0.180, proposal R@.005/.01/.02=0.647/0.987/1.000, parameter_bias=9.592e-03
  Synthetic K=56: n=46, dense=0.0%, deployment=0.0%
  Synthetic: dense=71.0%, deployment=0.2%, MSE=1.044e-03, K=37.76, targetK=31.74, count_MAE=7.27, bias=+6.03, knot_F1@0.01=0.740, param_RMSE=2.689e-02
  uji_pen_characters_v2: dense=100.0%, deployment=86.0%, MSE=6.715e-05, K=28.69
  natural_earth_10m_coastline: dense=95.0%, deployment=28.0%, MSE=6.463e-04, K=25.18
  usgs_tnm_contours_large_scale: dense=100.0%, deployment=39.0%, MSE=4.823e-04, K=24.41
  industrial_model_offset_curves: dense=100.0%, deployment=53.8%, MSE=1.160e-04, K=32.30
Epoch 083/128 joint [........................] 1/47 MSE=9.696e-04 pass=0.0% K=37.9 targetK=30.5 countMAE=7.73
Epoch 083/128 joint [=====...................] 10/47 MSE=8.936e-04 pass=0.0% K=38.1 targetK=30.5 countMAE=8.16
Epoch 083/128 joint [==========..............] 20/47 MSE=1.042e-03 pass=0.0% K=38.8 targetK=32.4 countMAE=7.16
Epoch 083/128 joint [===============.........] 30/47 MSE=9.839e-04 pass=0.0% K=38.5 targetK=31.6 countMAE=7.84
Epoch 083/128 joint [====================....] 40/47 MSE=9.602e-04 pass=0.0% K=39.5 targetK=33.2 countMAE=7.02
Epoch 083/128 joint [========================] 47/47 MSE=9.544e-04 pass=1.8% K=36.2 targetK=28.4 countMAE=8.30
  validation [=.......................] 1/16 
  validation [===============.........] 10/16 
  validation [========================] 16/16 
Epoch 083 val dense=82.0% deployment=20.7% worst-source=0.2% qualification=0.0% MSE=7.010e-04 K=34.50 mass=33.99 beta=-0.48 soft_cost=3.2472 selection_score=-3.2472 complexity=1.00->1.00 safety=0+0.00sigma scale=0.00->0.00 pass_reference_only=0.0%
  Joint train structure: Keep P/R/F1=0.659/0.816/0.729, critical_false_delete=0.184, proposal R@.005/.01/.02=0.645/0.987/1.000, parameter_bias=9.652e-03
  Synthetic K=56: n=46, dense=0.0%, deployment=0.0%
  Synthetic: dense=71.3%, deployment=0.2%, MSE=9.760e-04, K=38.41, targetK=31.74, count_MAE=7.79, bias=+6.67, knot_F1@0.01=0.745, param_RMSE=2.616e-02
  uji_pen_characters_v2: dense=100.0%, deployment=88.0%, MSE=9.719e-05, K=29.38
  natural_earth_10m_coastline: dense=95.0%, deployment=28.0%, MSE=5.387e-04, K=26.32
  usgs_tnm_contours_large_scale: dense=98.0%, deployment=38.0%, MSE=3.663e-04, K=25.79
  industrial_model_offset_curves: dense=100.0%, deployment=54.8%, MSE=1.105e-04, K=32.90
Epoch 084/128 joint [........................] 1/47 MSE=9.763e-04 pass=0.0% K=36.3 targetK=28.7 countMAE=7.92
Epoch 084/128 joint [=====...................] 10/47 MSE=9.883e-04 pass=0.0% K=37.0 targetK=30.2 countMAE=7.72
Epoch 084/128 joint [==========..............] 20/47 MSE=9.957e-04 pass=0.0% K=36.3 targetK=28.9 countMAE=8.20
Epoch 084/128 joint [===============.........] 30/47 MSE=9.327e-04 pass=0.0% K=41.0 targetK=34.9 countMAE=6.94
Epoch 084/128 joint [====================....] 40/47 MSE=9.451e-04 pass=0.0% K=40.4 targetK=35.0 countMAE=6.86
Epoch 084/128 joint [========================] 47/47 MSE=9.567e-04 pass=0.0% K=36.8 targetK=29.6 countMAE=7.70
  validation [=.......................] 1/16 
  validation [===============.........] 10/16 
  validation [========================] 16/16 
Epoch 084 val dense=81.7% deployment=20.7% worst-source=0.2% qualification=0.0% MSE=7.088e-04 K=34.33 mass=33.84 beta=-0.46 soft_cost=3.2533 selection_score=-3.2533 complexity=1.00->1.00 safety=0+0.00sigma scale=0.00->0.00 pass_reference_only=0.0%
  Joint train structure: Keep P/R/F1=0.678/0.830/0.746, critical_false_delete=0.170, proposal R@.005/.01/.02=0.647/0.987/1.000, parameter_bias=9.153e-03
  Synthetic K=56: n=46, dense=0.0%, deployment=0.0%
  Synthetic: dense=70.5%, deployment=0.2%, MSE=9.809e-04, K=38.19, targetK=31.74, count_MAE=7.55, bias=+6.45, knot_F1@0.01=0.741, param_RMSE=2.652e-02
  uji_pen_characters_v2: dense=100.0%, deployment=87.0%, MSE=8.878e-05, K=29.30
  natural_earth_10m_coastline: dense=95.0%, deployment=28.0%, MSE=6.027e-04, K=26.23
  usgs_tnm_contours_large_scale: dense=100.0%, deployment=40.0%, MSE=3.479e-04, K=25.98
  industrial_model_offset_curves: dense=100.0%, deployment=53.8%, MSE=1.227e-04, K=32.54
Epoch 085/128 joint [........................] 1/47 MSE=9.052e-04 pass=0.0% K=37.8 targetK=30.9 countMAE=7.27
Epoch 085/128 joint [=====...................] 10/47 MSE=9.954e-04 pass=0.0% K=33.1 targetK=26.3 countMAE=7.25
Epoch 085/128 joint [==========..............] 20/47 MSE=1.011e-03 pass=0.0% K=36.8 targetK=30.6 countMAE=7.09
Epoch 085/128 joint [===============.........] 30/47 MSE=8.846e-04 pass=0.0% K=39.4 targetK=32.3 countMAE=7.58
Epoch 085/128 joint [====================....] 40/47 MSE=9.887e-04 pass=1.6% K=38.5 targetK=31.0 countMAE=8.05
Epoch 085/128 joint [========================] 47/47 MSE=9.399e-04 pass=0.0% K=37.6 targetK=30.6 countMAE=7.93
  validation [=.......................] 1/16 
  validation [===============.........] 10/16 
  validation [========================] 16/16 
Epoch 085 val dense=82.2% deployment=21.1% worst-source=0.0% qualification=0.0% MSE=6.477e-04 K=34.98 mass=34.48 beta=-0.53 soft_cost=3.1795 selection_score=-3.1795 complexity=1.00->1.00 safety=0+0.00sigma scale=0.00->0.00 pass_reference_only=0.0%
  Joint train structure: Keep P/R/F1=0.663/0.821/0.734, critical_false_delete=0.179, proposal R@.005/.01/.02=0.649/0.988/1.000, parameter_bias=9.385e-03
  Synthetic K=56: n=46, dense=0.0%, deployment=0.0%
  Synthetic: dense=71.3%, deployment=0.0%, MSE=9.114e-04, K=38.84, targetK=31.74, count_MAE=8.13, bias=+7.10, knot_F1@0.01=0.747, param_RMSE=2.640e-02
  uji_pen_characters_v2: dense=100.0%, deployment=90.0%, MSE=8.358e-05, K=29.72
  natural_earth_10m_coastline: dense=95.0%, deployment=30.0%, MSE=4.644e-04, K=26.89
  usgs_tnm_contours_large_scale: dense=100.0%, deployment=43.0%, MSE=2.985e-04, K=26.99
  industrial_model_offset_curves: dense=100.0%, deployment=50.5%, MSE=1.254e-04, K=33.08
Epoch 086/128 joint [........................] 1/47 MSE=9.392e-04 pass=0.0% K=35.7 targetK=28.4 countMAE=7.81
Epoch 086/128 joint [=====...................] 10/47 MSE=9.732e-04 pass=0.0% K=37.6 targetK=30.5 countMAE=7.70
Epoch 086/128 joint [==========..............] 20/47 MSE=1.055e-03 pass=0.0% K=37.6 targetK=31.4 countMAE=6.86
Epoch 086/128 joint [===============.........] 30/47 MSE=9.289e-04 pass=0.0% K=36.1 targetK=28.4 countMAE=8.17
Epoch 086/128 joint [====================....] 40/47 MSE=1.020e-03 pass=0.0% K=37.3 targetK=31.2 countMAE=6.98
Epoch 086/128 joint [========================] 47/47 MSE=1.041e-03 pass=0.0% K=37.2 targetK=30.5 countMAE=7.50
  validation [=.......................] 1/16 
  validation [===============.........] 10/16 
  validation [========================] 16/16 
Epoch 086 val dense=82.6% deployment=21.6% worst-source=0.2% qualification=0.0% MSE=6.917e-04 K=34.50 mass=34.00 beta=-0.46 soft_cost=3.2208 selection_score=-3.2208 complexity=1.00->1.00 safety=0+0.00sigma scale=0.00->0.00 pass_reference_only=0.0%
  Joint train structure: Keep P/R/F1=0.667/0.825/0.737, critical_false_delete=0.175, proposal R@.005/.01/.02=0.651/0.987/1.000, parameter_bias=9.531e-03
  Synthetic K=56: n=46, dense=0.0%, deployment=0.0%
  Synthetic: dense=72.2%, deployment=0.2%, MSE=9.657e-04, K=38.39, targetK=31.74, count_MAE=7.75, bias=+6.65, knot_F1@0.01=0.744, param_RMSE=2.693e-02
  uji_pen_characters_v2: dense=100.0%, deployment=92.0%, MSE=1.252e-04, K=29.50
  natural_earth_10m_coastline: dense=95.0%, deployment=27.0%, MSE=5.079e-04, K=26.42
  usgs_tnm_contours_large_scale: dense=99.0%, deployment=40.0%, MSE=3.393e-04, K=26.24
  industrial_model_offset_curves: dense=100.0%, deployment=58.1%, MSE=1.101e-04, K=32.40
Epoch 087/128 joint [........................] 1/47 MSE=9.290e-04 pass=1.6% K=34.4 targetK=26.3 countMAE=8.33
Epoch 087/128 joint [=====...................] 10/47 MSE=9.193e-04 pass=0.0% K=35.8 targetK=29.3 countMAE=7.05
Epoch 087/128 joint [==========..............] 20/47 MSE=9.605e-04 pass=0.0% K=35.5 targetK=29.3 countMAE=7.11
Epoch 087/128 joint [===============.........] 30/47 MSE=8.563e-04 pass=1.6% K=34.4 targetK=27.3 countMAE=7.27
Epoch 087/128 joint [====================....] 40/47 MSE=9.340e-04 pass=0.0% K=37.8 targetK=30.7 countMAE=7.64
Epoch 087/128 joint [========================] 47/47 MSE=1.004e-03 pass=0.0% K=34.0 targetK=26.4 countMAE=8.07
  validation [=.......................] 1/16 
  validation [===============.........] 10/16 
  validation [========================] 16/16 
Epoch 087 val dense=82.8% deployment=19.6% worst-source=0.2% qualification=0.0% MSE=6.652e-04 K=34.22 mass=33.71 beta=-0.43 soft_cost=3.2207 selection_score=-3.2207 complexity=1.00->1.00 safety=0+0.00sigma scale=0.00->0.00 pass_reference_only=0.0%
  Joint train structure: Keep P/R/F1=0.670/0.826/0.740, critical_false_delete=0.174, proposal R@.005/.01/.02=0.659/0.987/1.000, parameter_bias=9.781e-03
  Synthetic K=56: n=46, dense=0.0%, deployment=0.0%
  Synthetic: dense=72.5%, deployment=0.2%, MSE=9.179e-04, K=38.39, targetK=31.74, count_MAE=7.71, bias=+6.65, knot_F1@0.01=0.740, param_RMSE=2.762e-02
  uji_pen_characters_v2: dense=100.0%, deployment=87.0%, MSE=1.582e-04, K=28.33
  natural_earth_10m_coastline: dense=95.0%, deployment=27.0%, MSE=4.933e-04, K=25.63
  usgs_tnm_contours_large_scale: dense=99.0%, deployment=37.0%, MSE=3.292e-04, K=25.59
  industrial_model_offset_curves: dense=100.0%, deployment=46.2%, MSE=1.259e-04, K=32.14
Epoch 088/128 joint [........................] 1/47 MSE=8.348e-04 pass=0.0% K=39.9 targetK=32.8 countMAE=8.03
Epoch 088/128 joint [=====...................] 10/47 MSE=9.089e-04 pass=0.0% K=35.2 targetK=27.7 countMAE=7.86
Epoch 088/128 joint [==========..............] 20/47 MSE=8.810e-04 pass=0.0% K=40.0 targetK=33.5 countMAE=7.20
Epoch 088/128 joint [===============.........] 30/47 MSE=9.109e-04 pass=1.6% K=38.5 targetK=32.4 countMAE=6.89
Epoch 088/128 joint [====================....] 40/47 MSE=7.861e-04 pass=0.0% K=35.9 targetK=28.2 countMAE=8.03
Epoch 088/128 joint [========================] 47/47 MSE=8.659e-04 pass=0.0% K=35.0 targetK=27.5 countMAE=8.04
  validation [=.......................] 1/16 
  validation [===============.........] 10/16 
  validation [========================] 16/16 
Epoch 088 val dense=82.7% deployment=20.0% worst-source=0.2% qualification=0.0% MSE=6.392e-04 K=33.97 mass=33.47 beta=-0.39 soft_cost=3.1853 selection_score=-3.1853 complexity=1.00->1.00 safety=0+0.00sigma scale=0.00->0.00 pass_reference_only=0.0%
  Joint train structure: Keep P/R/F1=0.670/0.828/0.741, critical_false_delete=0.172, proposal R@.005/.01/.02=0.659/0.987/1.000, parameter_bias=9.564e-03
  Synthetic K=56: n=46, dense=0.0%, deployment=0.0%
  Synthetic: dense=72.3%, deployment=0.2%, MSE=8.798e-04, K=38.08, targetK=31.74, count_MAE=7.50, bias=+6.34, knot_F1@0.01=0.733, param_RMSE=2.742e-02
  uji_pen_characters_v2: dense=100.0%, deployment=84.0%, MSE=9.408e-05, K=28.10
  natural_earth_10m_coastline: dense=95.0%, deployment=33.0%, MSE=4.816e-04, K=25.69
  usgs_tnm_contours_large_scale: dense=99.0%, deployment=34.0%, MSE=2.883e-04, K=25.60
  industrial_model_offset_curves: dense=100.0%, deployment=50.5%, MSE=2.191e-04, K=31.67
Epoch 089/128 joint [........................] 1/47 MSE=8.562e-04 pass=0.0% K=39.3 targetK=32.5 countMAE=7.36
Epoch 089/128 joint [=====...................] 10/47 MSE=9.539e-04 pass=0.0% K=36.8 targetK=30.0 countMAE=7.50
Epoch 089/128 joint [==========..............] 20/47 MSE=9.479e-04 pass=0.0% K=37.8 targetK=31.2 countMAE=7.56
Epoch 089/128 joint [===============.........] 30/47 MSE=8.221e-04 pass=3.1% K=35.5 targetK=29.1 countMAE=7.00
Epoch 089/128 joint [====================....] 40/47 MSE=6.654e-04 pass=0.0% K=39.1 targetK=31.3 countMAE=8.31
Epoch 089/128 joint [========================] 47/47 MSE=6.253e-04 pass=0.0% K=37.8 targetK=30.5 countMAE=7.89
  validation [=.......................] 1/16 
  validation [===============.........] 10/16 
  validation [========================] 16/16 
Epoch 089 val dense=82.8% deployment=23.5% worst-source=0.2% qualification=0.0% MSE=4.890e-04 K=33.87 mass=33.36 beta=-0.40 soft_cost=2.8986 selection_score=-2.8986 complexity=1.00->1.00 safety=0+0.00sigma scale=0.00->0.00 pass_reference_only=0.0%
  Joint train structure: Keep P/R/F1=0.675/0.830/0.744, critical_false_delete=0.170, proposal R@.005/.01/.02=0.659/0.987/1.000, parameter_bias=1.031e-02
  Synthetic K=56: n=46, dense=0.0%, deployment=0.0%
  Synthetic: dense=72.5%, deployment=0.2%, MSE=6.847e-04, K=38.38, targetK=31.74, count_MAE=7.68, bias=+6.65, knot_F1@0.01=0.745, param_RMSE=2.693e-02
  uji_pen_characters_v2: dense=100.0%, deployment=86.0%, MSE=5.549e-05, K=26.59
  natural_earth_10m_coastline: dense=95.0%, deployment=35.0%, MSE=3.489e-04, K=24.65
  usgs_tnm_contours_large_scale: dense=99.0%, deployment=55.0%, MSE=2.126e-04, K=25.21
  industrial_model_offset_curves: dense=100.0%, deployment=60.2%, MSE=1.397e-04, K=31.82
Epoch 090/128 joint [........................] 1/47 MSE=6.889e-04 pass=0.0% K=38.2 targetK=31.5 countMAE=7.36
Epoch 090/128 joint [=====...................] 10/47 MSE=6.554e-04 pass=0.0% K=37.3 targetK=30.8 countMAE=7.31
Epoch 090/128 joint [==========..............] 20/47 MSE=5.578e-04 pass=1.6% K=36.0 targetK=29.6 countMAE=7.22
Epoch 090/128 joint [===============.........] 30/47 MSE=5.810e-04 pass=7.8% K=36.0 targetK=29.3 countMAE=7.38
Epoch 090/128 joint [====================....] 40/47 MSE=5.567e-04 pass=6.2% K=39.8 targetK=33.2 countMAE=7.48
Epoch 090/128 joint [========================] 47/47 MSE=5.101e-04 pass=7.1% K=35.5 targetK=27.8 countMAE=7.70
  validation [=.......................] 1/16 
  validation [===============.........] 10/16 
  validation [========================] 16/16 
Epoch 090 val dense=83.1% deployment=28.1% worst-source=7.0% qualification=0.0% MSE=4.414e-04 K=33.92 mass=33.40 beta=-0.38 soft_cost=2.6604 selection_score=-2.6604 complexity=1.00->1.00 safety=0+0.00sigma scale=0.00->0.00 pass_reference_only=0.0%
  Joint train structure: Keep P/R/F1=0.675/0.828/0.744, critical_false_delete=0.172, proposal R@.005/.01/.02=0.657/0.986/1.000, parameter_bias=1.069e-02
  Synthetic K=56: n=46, dense=0.0%, deployment=0.0%
  Synthetic: dense=73.0%, deployment=7.0%, MSE=5.969e-04, K=38.19, targetK=31.74, count_MAE=7.59, bias=+6.46, knot_F1@0.01=0.739, param_RMSE=2.555e-02
  uji_pen_characters_v2: dense=100.0%, deployment=88.0%, MSE=4.808e-05, K=27.25
  natural_earth_10m_coastline: dense=95.0%, deployment=36.0%, MSE=2.904e-04, K=25.43
  usgs_tnm_contours_large_scale: dense=99.0%, deployment=56.0%, MSE=2.096e-04, K=25.44
  industrial_model_offset_curves: dense=100.0%, deployment=61.3%, MSE=2.733e-04, K=31.74
Epoch 091/128 joint [........................] 1/47 MSE=5.744e-04 pass=9.4% K=37.1 targetK=30.7 countMAE=7.33
Epoch 091/128 joint [=====...................] 10/47 MSE=4.754e-04 pass=12.5% K=34.0 targetK=26.9 countMAE=7.66
Epoch 091/128 joint [==========..............] 20/47 MSE=5.026e-04 pass=21.9% K=35.7 targetK=28.8 countMAE=7.64
Epoch 091/128 joint [===============.........] 30/47 MSE=5.615e-04 pass=4.7% K=36.6 targetK=30.2 countMAE=7.03
Epoch 091/128 joint [====================....] 40/47 MSE=4.681e-04 pass=18.8% K=37.0 targetK=30.0 countMAE=7.86
Epoch 091/128 joint [========================] 47/47 MSE=6.707e-04 pass=5.4% K=38.2 targetK=32.7 countMAE=6.48
  validation [=.......................] 1/16 
  validation [===============.........] 10/16 
  validation [========================] 16/16 
Epoch 091 val dense=82.5% deployment=30.8% worst-source=10.0% qualification=0.0% MSE=4.120e-04 K=33.73 mass=33.23 beta=-0.38 soft_cost=2.5448 selection_score=-2.5448 complexity=1.00->1.00 safety=0+0.00sigma scale=0.00->0.00 pass_reference_only=0.0%
  Joint train structure: Keep P/R/F1=0.669/0.817/0.736, critical_false_delete=0.183, proposal R@.005/.01/.02=0.657/0.985/1.000, parameter_bias=1.078e-02
  Synthetic K=56: n=46, dense=0.0%, deployment=0.0%
  Synthetic: dense=72.0%, deployment=10.0%, MSE=5.861e-04, K=37.74, targetK=31.74, count_MAE=7.02, bias=+6.00, knot_F1@0.01=0.740, param_RMSE=2.714e-02
  uji_pen_characters_v2: dense=100.0%, deployment=89.0%, MSE=3.858e-05, K=27.73
  natural_earth_10m_coastline: dense=95.0%, deployment=37.0%, MSE=2.711e-04, K=25.59
  usgs_tnm_contours_large_scale: dense=99.0%, deployment=58.0%, MSE=1.716e-04, K=25.57
  industrial_model_offset_curves: dense=100.0%, deployment=66.7%, MSE=9.996e-05, K=31.87
Epoch 092/128 joint [........................] 1/47 MSE=4.799e-04 pass=18.8% K=34.6 targetK=27.6 countMAE=7.12
Epoch 092/128 joint [=====...................] 10/47 MSE=4.149e-04 pass=26.6% K=36.1 targetK=28.2 countMAE=8.34
Epoch 092/128 joint [==========..............] 20/47 MSE=4.961e-04 pass=20.3% K=38.8 targetK=32.3 countMAE=7.67
Epoch 092/128 joint [===============.........] 30/47 MSE=4.960e-04 pass=18.8% K=38.9 targetK=32.8 countMAE=6.77
Epoch 092/128 joint [====================....] 40/47 MSE=4.073e-04 pass=31.2% K=37.2 targetK=30.0 countMAE=7.75
Epoch 092/128 joint [========================] 47/47 MSE=4.243e-04 pass=10.7% K=35.2 targetK=28.8 countMAE=7.04
  validation [=.......................] 1/16 
  validation [===============.........] 10/16 
  validation [========================] 16/16 
Epoch 092 val dense=83.0% deployment=36.9% worst-source=15.7% qualification=0.0% MSE=3.570e-04 K=33.98 mass=33.48 beta=-0.41 soft_cost=2.2968 selection_score=-2.2968 complexity=1.00->1.00 safety=0+0.00sigma scale=0.00->0.00 pass_reference_only=0.0%
  Joint train structure: Keep P/R/F1=0.667/0.818/0.735, critical_false_delete=0.182, proposal R@.005/.01/.02=0.658/0.986/1.000, parameter_bias=1.051e-02
  Synthetic K=56: n=46, dense=0.0%, deployment=0.0%
  Synthetic: dense=72.8%, deployment=15.7%, MSE=5.020e-04, K=37.82, targetK=31.74, count_MAE=7.11, bias=+6.08, knot_F1@0.01=0.740, param_RMSE=2.682e-02
  uji_pen_characters_v2: dense=100.0%, deployment=94.0%, MSE=3.362e-05, K=28.78
  natural_earth_10m_coastline: dense=95.0%, deployment=45.0%, MSE=2.539e-04, K=26.19
  usgs_tnm_contours_large_scale: dense=99.0%, deployment=65.0%, MSE=1.819e-04, K=25.69
  industrial_model_offset_curves: dense=100.0%, deployment=73.1%, MSE=6.843e-05, K=32.13
Epoch 093/128 joint [........................] 1/47 MSE=4.161e-04 pass=20.3% K=38.6 targetK=31.7 countMAE=7.33
Epoch 093/128 joint [=====...................] 10/47 MSE=4.770e-04 pass=26.6% K=36.0 targetK=29.7 countMAE=7.66
Epoch 093/128 joint [==========..............] 20/47 MSE=3.425e-04 pass=28.1% K=37.5 targetK=28.8 countMAE=8.94
Epoch 093/128 joint [===============.........] 30/47 MSE=5.620e-04 pass=7.8% K=36.4 targetK=30.9 countMAE=6.25
Epoch 093/128 joint [====================....] 40/47 MSE=4.037e-04 pass=28.1% K=37.5 targetK=30.1 countMAE=7.83
Epoch 093/128 joint [========================] 47/47 MSE=3.359e-04 pass=35.7% K=32.2 targetK=24.6 countMAE=8.05
  validation [=.......................] 1/16 
  validation [===============.........] 10/16 
  validation [========================] 16/16 
Epoch 093 val dense=83.1% deployment=43.6% worst-source=22.0% qualification=0.0% MSE=3.250e-04 K=34.68 mass=34.17 beta=-0.47 soft_cost=2.0986 selection_score=-2.0986 complexity=1.00->1.00 safety=0+0.00sigma scale=0.00->0.00 pass_reference_only=0.0%
  Joint train structure: Keep P/R/F1=0.663/0.818/0.732, critical_false_delete=0.182, proposal R@.005/.01/.02=0.656/0.985/1.000, parameter_bias=1.054e-02
  Synthetic K=56: n=46, dense=0.0%, deployment=0.0%
  Synthetic: dense=73.0%, deployment=22.0%, MSE=4.647e-04, K=38.33, targetK=31.74, count_MAE=7.49, bias=+6.59, knot_F1@0.01=0.745, param_RMSE=2.516e-02
  uji_pen_characters_v2: dense=100.0%, deployment=96.0%, MSE=2.705e-05, K=29.47
  natural_earth_10m_coastline: dense=95.0%, deployment=57.0%, MSE=2.375e-04, K=27.42
  usgs_tnm_contours_large_scale: dense=99.0%, deployment=65.0%, MSE=1.354e-04, K=27.23
  industrial_model_offset_curves: dense=100.0%, deployment=89.2%, MSE=4.265e-05, K=32.60
Epoch 094/128 joint [........................] 1/47 MSE=4.017e-04 pass=23.4% K=37.4 targetK=30.2 countMAE=7.77
Epoch 094/128 joint [=====...................] 10/47 MSE=4.684e-04 pass=10.9% K=38.1 targetK=32.3 countMAE=6.70
Epoch 094/128 joint [==========..............] 20/47 MSE=3.546e-04 pass=28.1% K=38.7 targetK=30.7 countMAE=8.38
Epoch 094/128 joint [===============.........] 30/47 MSE=4.488e-04 pass=23.4% K=36.5 targetK=29.5 countMAE=7.61
Epoch 094/128 joint [====================....] 40/47 MSE=4.625e-04 pass=28.1% K=35.5 targetK=28.6 countMAE=7.25
Epoch 094/128 joint [========================] 47/47 MSE=4.903e-04 pass=16.1% K=39.1 targetK=33.2 countMAE=6.55
  validation [=.......................] 1/16 
  validation [===============.........] 10/16 
  validation [========================] 16/16 
Epoch 094 val dense=83.2% deployment=43.0% worst-source=25.0% qualification=0.0% MSE=3.267e-04 K=34.62 mass=34.12 beta=-0.44 soft_cost=2.1224 selection_score=-2.1224 complexity=1.00->1.00 safety=0+0.00sigma scale=0.00->0.00 pass_reference_only=0.0%
  Joint train structure: Keep P/R/F1=0.662/0.821/0.733, critical_false_delete=0.179, proposal R@.005/.01/.02=0.664/0.987/1.000, parameter_bias=1.012e-02
  Synthetic K=56: n=46, dense=0.0%, deployment=0.0%
  Synthetic: dense=73.2%, deployment=25.0%, MSE=4.690e-04, K=38.22, targetK=31.74, count_MAE=7.49, bias=+6.48, knot_F1@0.01=0.744, param_RMSE=2.334e-02
  uji_pen_characters_v2: dense=100.0%, deployment=95.0%, MSE=3.089e-05, K=29.51
  natural_earth_10m_coastline: dense=95.0%, deployment=53.0%, MSE=1.913e-04, K=27.82
  usgs_tnm_contours_large_scale: dense=99.0%, deployment=69.0%, MSE=1.309e-04, K=27.38
  industrial_model_offset_curves: dense=100.0%, deployment=64.5%, MSE=8.359e-05, K=32.00
Epoch 095/128 joint [........................] 1/47 MSE=4.020e-04 pass=21.9% K=37.8 targetK=31.2 countMAE=7.38
Epoch 095/128 joint [=====...................] 10/47 MSE=3.771e-04 pass=35.9% K=36.7 targetK=29.9 countMAE=7.23
Epoch 095/128 joint [==========..............] 20/47 MSE=4.617e-04 pass=14.1% K=36.8 targetK=30.3 countMAE=7.69
Epoch 095/128 joint [===============.........] 30/47 MSE=4.537e-04 pass=26.6% K=37.8 targetK=31.6 countMAE=6.91
Epoch 095/128 joint [====================....] 40/47 MSE=4.260e-04 pass=32.8% K=39.4 targetK=31.4 countMAE=8.53
Epoch 095/128 joint [========================] 47/47 MSE=4.875e-04 pass=25.0% K=37.7 targetK=30.4 countMAE=7.82
  validation [=.......................] 1/16 
  validation [===============.........] 10/16 
  validation [========================] 16/16 
Epoch 095 val dense=83.1% deployment=45.2% worst-source=25.2% qualification=0.0% MSE=3.550e-04 K=34.90 mass=34.39 beta=-0.48 soft_cost=2.1320 selection_score=-2.1320 complexity=1.00->1.00 safety=0+0.00sigma scale=0.00->0.00 pass_reference_only=0.0%
  Joint train structure: Keep P/R/F1=0.662/0.818/0.731, critical_false_delete=0.182, proposal R@.005/.01/.02=0.663/0.987/1.000, parameter_bias=1.040e-02
  Synthetic K=56: n=46, dense=0.0%, deployment=0.0%
  Synthetic: dense=73.0%, deployment=25.2%, MSE=5.259e-04, K=38.33, targetK=31.74, count_MAE=7.63, bias=+6.60, knot_F1@0.01=0.740, param_RMSE=2.164e-02
  uji_pen_characters_v2: dense=100.0%, deployment=98.0%, MSE=2.010e-05, K=29.98
  natural_earth_10m_coastline: dense=95.0%, deployment=65.0%, MSE=1.712e-04, K=28.65
  usgs_tnm_contours_large_scale: dense=99.0%, deployment=72.0%, MSE=1.102e-04, K=28.42
  industrial_model_offset_curves: dense=100.0%, deployment=67.7%, MSE=7.366e-05, K=31.72
Epoch 096/128 joint [........................] 1/47 MSE=4.402e-04 pass=28.1% K=38.0 targetK=30.4 countMAE=7.97
Epoch 096/128 joint [=====...................] 10/47 MSE=4.736e-04 pass=15.6% K=35.2 targetK=28.6 countMAE=7.31
Epoch 096/128 joint [==========..............] 20/47 MSE=3.657e-04 pass=26.6% K=37.6 targetK=28.4 countMAE=9.61
Epoch 096/128 joint [===============.........] 30/47 MSE=3.794e-04 pass=34.4% K=33.7 targetK=27.2 countMAE=7.27
Epoch 096/128 joint [====================....] 40/47 MSE=5.090e-04 pass=21.9% K=38.8 targetK=33.2 countMAE=6.84
Epoch 096/128 joint [========================] 47/47 MSE=3.701e-04 pass=42.9% K=32.6 targetK=25.1 countMAE=7.75
  validation [=.......................] 1/16 
  validation [===============.........] 10/16 
  validation [========================] 16/16 
Epoch 096 val dense=83.1% deployment=43.3% worst-source=23.2% qualification=0.0% MSE=3.389e-04 K=34.78 mass=34.29 beta=-0.50 soft_cost=2.1303 selection_score=-2.1303 complexity=1.00->1.00 safety=0+0.00sigma scale=0.00->0.00 pass_reference_only=0.0%
  Joint train structure: Keep P/R/F1=0.660/0.816/0.730, critical_false_delete=0.184, proposal R@.005/.01/.02=0.659/0.988/1.000, parameter_bias=1.056e-02
  Synthetic K=56: n=46, dense=0.0%, deployment=0.0%
  Synthetic: dense=72.8%, deployment=23.2%, MSE=4.966e-04, K=38.47, targetK=31.74, count_MAE=7.82, bias=+6.74, knot_F1@0.01=0.738, param_RMSE=2.290e-02
  uji_pen_characters_v2: dense=100.0%, deployment=97.0%, MSE=2.334e-05, K=29.90
  natural_earth_10m_coastline: dense=96.0%, deployment=58.0%, MSE=1.929e-04, K=27.94
  usgs_tnm_contours_large_scale: dense=99.0%, deployment=71.0%, MSE=1.117e-04, K=27.31
  industrial_model_offset_curves: dense=100.0%, deployment=69.9%, MSE=6.137e-05, K=31.60
Epoch 097/128 joint [........................] 1/47 MSE=3.746e-04 pass=18.8% K=36.5 targetK=28.9 countMAE=7.91
Epoch 097/128 joint [=====...................] 10/47 MSE=4.634e-04 pass=32.8% K=38.2 targetK=31.1 countMAE=7.94
Epoch 097/128 joint [==========..............] 20/47 MSE=3.485e-04 pass=29.7% K=32.8 targetK=25.6 countMAE=7.80
Epoch 097/128 joint [===============.........] 30/47 MSE=4.603e-04 pass=23.4% K=38.3 targetK=31.7 countMAE=7.08
Epoch 097/128 joint [====================....] 40/47 MSE=3.878e-04 pass=31.2% K=37.0 targetK=29.8 countMAE=7.66
Epoch 097/128 joint [========================] 47/47 MSE=3.845e-04 pass=30.4% K=38.5 targetK=31.3 countMAE=7.61
  validation [=.......................] 1/16 
  validation [===============.........] 10/16 
  validation [========================] 16/16 
Epoch 097 val dense=83.0% deployment=46.1% worst-source=27.3% qualification=0.0% MSE=3.083e-04 K=34.48 mass=33.97 beta=-0.49 soft_cost=2.0167 selection_score=-2.0167 complexity=1.00->1.00 safety=0+0.00sigma scale=0.00->0.00 pass_reference_only=0.0%
  Joint train structure: Keep P/R/F1=0.661/0.816/0.730, critical_false_delete=0.184, proposal R@.005/.01/.02=0.663/0.988/1.000, parameter_bias=1.025e-02
  Synthetic K=56: n=46, dense=0.0%, deployment=0.0%
  Synthetic: dense=73.0%, deployment=27.3%, MSE=4.533e-04, K=38.40, targetK=31.74, count_MAE=7.62, bias=+6.66, knot_F1@0.01=0.745, param_RMSE=2.119e-02
  uji_pen_characters_v2: dense=100.0%, deployment=98.0%, MSE=2.058e-05, K=28.66
  natural_earth_10m_coastline: dense=95.0%, deployment=59.0%, MSE=1.584e-04, K=27.10
  usgs_tnm_contours_large_scale: dense=98.0%, deployment=73.0%, MSE=1.016e-04, K=26.81
  industrial_model_offset_curves: dense=100.0%, deployment=68.8%, MSE=6.541e-05, K=31.63
Epoch 098/128 joint [........................] 1/47 MSE=4.538e-04 pass=23.4% K=37.8 targetK=31.1 countMAE=7.77
Epoch 098/128 joint [=====...................] 10/47 MSE=4.324e-04 pass=15.6% K=38.9 targetK=31.9 countMAE=7.41
Epoch 098/128 joint [==========..............] 20/47 MSE=3.126e-04 pass=40.6% K=36.5 targetK=28.4 countMAE=8.25
Epoch 098/128 joint [===============.........] 30/47 MSE=3.330e-04 pass=31.2% K=35.9 targetK=28.7 countMAE=7.75
Epoch 098/128 joint [====================....] 40/47 MSE=4.795e-04 pass=29.7% K=38.6 targetK=32.6 countMAE=6.98
Epoch 098/128 joint [========================] 47/47 MSE=3.615e-04 pass=30.4% K=39.7 targetK=32.3 countMAE=7.71
  validation [=.......................] 1/16 
  validation [===============.........] 10/16 
  validation [========================] 16/16 
Epoch 098 val dense=82.7% deployment=48.1% worst-source=30.2% qualification=0.0% MSE=2.907e-04 K=35.04 mass=34.53 beta=-0.57 soft_cost=1.9640 selection_score=-1.9640 complexity=1.00->1.00 safety=0+0.00sigma scale=0.00->0.00 pass_reference_only=0.0%
  Joint train structure: Keep P/R/F1=0.668/0.813/0.733, critical_false_delete=0.187, proposal R@.005/.01/.02=0.664/0.987/1.000, parameter_bias=1.043e-02
  Synthetic K=56: n=46, dense=0.0%, deployment=0.0%
  Synthetic: dense=72.3%, deployment=30.2%, MSE=4.211e-04, K=39.08, targetK=31.74, count_MAE=8.09, bias=+7.34, knot_F1@0.01=0.752, param_RMSE=2.087e-02
  uji_pen_characters_v2: dense=100.0%, deployment=99.0%, MSE=2.136e-05, K=28.71
  natural_earth_10m_coastline: dense=96.0%, deployment=61.0%, MSE=1.746e-04, K=27.67
  usgs_tnm_contours_large_scale: dense=98.0%, deployment=73.0%, MSE=1.003e-04, K=27.22
  industrial_model_offset_curves: dense=100.0%, deployment=68.8%, MSE=6.891e-05, K=32.13
Epoch 099/128 joint [........................] 1/47 MSE=4.043e-04 pass=28.1% K=36.6 targetK=29.8 countMAE=7.08
Epoch 099/128 joint [=====...................] 10/47 MSE=3.743e-04 pass=31.2% K=37.4 targetK=29.9 countMAE=7.72
Epoch 099/128 joint [==========..............] 20/47 MSE=4.637e-04 pass=18.8% K=38.9 targetK=32.4 countMAE=7.31
Epoch 099/128 joint [===============.........] 30/47 MSE=3.892e-04 pass=23.4% K=35.2 targetK=28.8 countMAE=6.83
Epoch 099/128 joint [====================....] 40/47 MSE=4.101e-04 pass=32.8% K=38.3 targetK=31.4 countMAE=7.64
Epoch 099/128 joint [========================] 47/47 MSE=4.477e-04 pass=33.9% K=39.5 targetK=32.7 countMAE=7.36
  validation [=.......................] 1/16 
  validation [===============.........] 10/16 
  validation [========================] 16/16 
Epoch 099 val dense=83.0% deployment=44.5% worst-source=29.2% qualification=0.0% MSE=3.128e-04 K=34.43 mass=33.92 beta=-0.52 soft_cost=2.0676 selection_score=-2.0676 complexity=1.00->1.00 safety=0+0.00sigma scale=0.00->0.00 pass_reference_only=0.0%
  Joint train structure: Keep P/R/F1=0.658/0.814/0.728, critical_false_delete=0.186, proposal R@.005/.01/.02=0.662/0.989/1.000, parameter_bias=1.012e-02
  Synthetic K=56: n=46, dense=0.0%, deployment=0.0%
  Synthetic: dense=72.7%, deployment=29.2%, MSE=4.429e-04, K=38.52, targetK=31.74, count_MAE=7.63, bias=+6.78, knot_F1@0.01=0.743, param_RMSE=2.141e-02
  uji_pen_characters_v2: dense=100.0%, deployment=94.0%, MSE=2.851e-05, K=28.31
  natural_earth_10m_coastline: dense=96.0%, deployment=53.0%, MSE=1.935e-04, K=27.08
  usgs_tnm_contours_large_scale: dense=99.0%, deployment=60.0%, MSE=1.381e-04, K=26.18
  industrial_model_offset_curves: dense=100.0%, deployment=64.5%, MSE=9.490e-05, K=31.42
Epoch 100/128 joint [........................] 1/47 MSE=3.669e-04 pass=21.9% K=36.5 targetK=29.1 countMAE=7.55
Epoch 100/128 joint [=====...................] 10/47 MSE=3.788e-04 pass=28.1% K=37.2 targetK=30.3 countMAE=7.52
Epoch 100/128 joint [==========..............] 20/47 MSE=4.190e-04 pass=31.2% K=37.7 targetK=31.8 countMAE=6.81
Epoch 100/128 joint [===============.........] 30/47 MSE=3.709e-04 pass=25.0% K=38.0 targetK=31.0 countMAE=7.53
Epoch 100/128 joint [====================....] 40/47 MSE=4.742e-04 pass=31.2% K=39.7 targetK=33.3 countMAE=7.47
Epoch 100/128 joint [========================] 47/47 MSE=4.512e-04 pass=30.4% K=39.8 targetK=33.0 countMAE=7.80
  validation [=.......................] 1/16 
  validation [===============.........] 10/16 
  validation [========================] 16/16 
Epoch 100 val dense=83.1% deployment=48.7% worst-source=31.2% qualification=0.0% MSE=3.030e-04 K=34.84 mass=34.32 beta=-0.54 soft_cost=1.9720 selection_score=-1.9720 complexity=1.00->1.00 safety=0+0.00sigma scale=0.00->0.00 pass_reference_only=0.0%
  Joint train structure: Keep P/R/F1=0.666/0.821/0.735, critical_false_delete=0.179, proposal R@.005/.01/.02=0.670/0.988/1.000, parameter_bias=1.035e-02
  Synthetic K=56: n=46, dense=0.0%, deployment=0.0%
  Synthetic: dense=73.0%, deployment=31.2%, MSE=4.385e-04, K=38.70, targetK=31.74, count_MAE=7.87, bias=+6.96, knot_F1@0.01=0.745, param_RMSE=2.074e-02
  uji_pen_characters_v2: dense=100.0%, deployment=99.0%, MSE=2.265e-05, K=28.58
  natural_earth_10m_coastline: dense=95.0%, deployment=65.0%, MSE=1.751e-04, K=27.76
  usgs_tnm_contours_large_scale: dense=99.0%, deployment=71.0%, MSE=1.136e-04, K=27.45
  industrial_model_offset_curves: dense=100.0%, deployment=66.7%, MSE=7.164e-05, K=32.23
Epoch 101/128 joint [........................] 1/47 MSE=3.815e-04 pass=45.3% K=36.2 targetK=29.1 countMAE=7.66
Epoch 101/128 joint [=====...................] 10/47 MSE=3.934e-04 pass=28.1% K=38.3 targetK=30.6 countMAE=7.95
Epoch 101/128 joint [==========..............] 20/47 MSE=2.741e-04 pass=42.2% K=33.6 targetK=25.5 countMAE=8.38
Epoch 101/128 joint [===============.........] 30/47 MSE=3.601e-04 pass=25.0% K=36.8 targetK=29.3 countMAE=7.92
Epoch 101/128 joint [====================....] 40/47 MSE=3.618e-04 pass=37.5% K=38.3 targetK=29.4 countMAE=9.22
Epoch 101/128 joint [========================] 47/47 MSE=5.710e-04 pass=16.1% K=39.0 targetK=29.5 countMAE=10.09
  validation [=.......................] 1/16 
  validation [===============.........] 10/16 
  validation [========================] 16/16 
Epoch 101 val dense=82.2% deployment=36.6% worst-source=14.0% qualification=0.0% MSE=3.960e-04 K=36.47 mass=35.97 beta=-0.79 soft_cost=2.4006 selection_score=-2.4006 complexity=1.00->1.00 safety=0+0.00sigma scale=0.00->0.00 pass_reference_only=0.0%
  Joint train structure: Keep P/R/F1=0.656/0.822/0.730, critical_false_delete=0.178, proposal R@.005/.01/.02=0.666/0.988/1.000, parameter_bias=1.048e-02
  Synthetic K=56: n=46, dense=0.0%, deployment=0.0%
  Synthetic: dense=71.3%, deployment=14.0%, MSE=5.947e-04, K=40.19, targetK=31.74, count_MAE=9.22, bias=+8.45, knot_F1@0.01=0.748, param_RMSE=1.973e-02
  uji_pen_characters_v2: dense=100.0%, deployment=97.0%, MSE=2.799e-05, K=28.41
  natural_earth_10m_coastline: dense=96.0%, deployment=46.0%, MSE=1.816e-04, K=29.43
  usgs_tnm_contours_large_scale: dense=99.0%, deployment=72.0%, MSE=9.475e-05, K=31.63
  industrial_model_offset_curves: dense=100.0%, deployment=68.8%, MSE=6.465e-05, K=33.90
Epoch 102/128 joint [........................] 1/47 MSE=4.706e-04 pass=20.3% K=40.3 targetK=31.2 countMAE=9.41
Epoch 102/128 joint [=====...................] 10/47 MSE=6.874e-04 pass=10.9% K=34.7 targetK=29.5 countMAE=5.83
Epoch 102/128 joint [==========..............] 20/47 MSE=5.072e-04 pass=26.6% K=37.1 targetK=30.5 countMAE=7.08
Epoch 102/128 joint [===============.........] 30/47 MSE=4.460e-04 pass=29.7% K=36.5 targetK=30.0 countMAE=6.98
Epoch 102/128 joint [====================....] 40/47 MSE=7.859e-04 pass=4.7% K=40.2 targetK=34.2 countMAE=7.20
Epoch 102/128 joint [========================] 47/47 MSE=3.913e-04 pass=44.6% K=38.4 targetK=30.2 countMAE=8.89
  validation [=.......................] 1/16 
  validation [===============.........] 10/16 
  validation [========================] 16/16 
Epoch 102 val dense=80.0% deployment=56.8% worst-source=39.2% qualification=0.0% MSE=3.112e-04 K=35.36 mass=34.86 beta=-0.62 soft_cost=1.8191 selection_score=-1.8191 complexity=1.00->1.00 safety=0+0.00sigma scale=0.00->0.00 pass_reference_only=0.0%
  Joint train structure: Keep P/R/F1=0.642/0.781/0.704, critical_false_delete=0.219, proposal R@.005/.01/.02=0.655/0.986/1.000, parameter_bias=1.047e-02
  Synthetic K=56: n=46, dense=0.0%, deployment=0.0%
  Synthetic: dense=67.8%, deployment=39.2%, MSE=4.691e-04, K=38.86, targetK=31.74, count_MAE=8.24, bias=+7.12, knot_F1@0.01=0.744, param_RMSE=2.034e-02
  uji_pen_characters_v2: dense=100.0%, deployment=99.0%, MSE=1.595e-05, K=29.65
  natural_earth_10m_coastline: dense=95.0%, deployment=74.0%, MSE=1.323e-04, K=29.55
  usgs_tnm_contours_large_scale: dense=99.0%, deployment=77.0%, MSE=8.608e-05, K=28.73
  industrial_model_offset_curves: dense=100.0%, deployment=84.9%, MSE=4.423e-05, K=32.34
Epoch 103/128 joint [........................] 1/47 MSE=3.766e-04 pass=42.2% K=36.9 targetK=29.0 countMAE=8.84
Epoch 103/128 joint [=====...................] 10/47 MSE=2.965e-04 pass=45.3% K=35.3 targetK=27.4 countMAE=8.11
Epoch 103/128 joint [==========..............] 20/47 MSE=3.771e-04 pass=34.4% K=40.2 targetK=32.8 countMAE=7.92
Epoch 103/128 joint [===============.........] 30/47 MSE=4.529e-04 pass=25.0% K=38.8 targetK=32.3 countMAE=7.00
Epoch 103/128 joint [====================....] 40/47 MSE=3.818e-04 pass=29.7% K=38.5 targetK=31.3 countMAE=7.39
Epoch 103/128 joint [========================] 47/47 MSE=3.123e-04 pass=28.6% K=38.8 targetK=31.0 countMAE=8.11
  validation [=.......................] 1/16 
  validation [===============.........] 10/16 
  validation [========================] 16/16 
Epoch 103 val dense=83.0% deployment=50.2% worst-source=31.3% qualification=0.0% MSE=2.671e-04 K=35.79 mass=35.30 beta=-0.70 soft_cost=1.8773 selection_score=-1.8773 complexity=1.00->1.00 safety=0+0.00sigma scale=0.00->0.00 pass_reference_only=0.0%
  Joint train structure: Keep P/R/F1=0.655/0.825/0.730, critical_false_delete=0.175, proposal R@.005/.01/.02=0.661/0.986/1.000, parameter_bias=1.083e-02
  Synthetic K=56: n=46, dense=0.0%, deployment=0.0%
  Synthetic: dense=72.7%, deployment=31.3%, MSE=3.613e-04, K=39.42, targetK=31.74, count_MAE=8.30, bias=+7.68, knot_F1@0.01=0.755, param_RMSE=2.152e-02
  uji_pen_characters_v2: dense=100.0%, deployment=99.0%, MSE=1.596e-05, K=29.50
  natural_earth_10m_coastline: dense=96.0%, deployment=68.0%, MSE=1.607e-04, K=29.08
  usgs_tnm_contours_large_scale: dense=99.0%, deployment=71.0%, MSE=2.440e-04, K=29.56
  industrial_model_offset_curves: dense=100.0%, deployment=77.4%, MSE=6.858e-05, K=33.04
Epoch 104/128 joint [........................] 1/47 MSE=3.133e-04 pass=32.8% K=36.0 targetK=28.2 countMAE=8.20
Epoch 104/128 joint [=====...................] 10/47 MSE=4.900e-04 pass=17.2% K=40.5 targetK=35.4 countMAE=5.98
Epoch 104/128 joint [==========..............] 20/47 MSE=3.613e-04 pass=40.6% K=36.7 targetK=30.1 countMAE=7.31
Epoch 104/128 joint [===============.........] 30/47 MSE=3.631e-04 pass=45.3% K=36.4 targetK=29.8 countMAE=7.17
Epoch 104/128 joint [====================....] 40/47 MSE=3.963e-04 pass=26.6% K=39.4 targetK=32.7 countMAE=7.16
Epoch 104/128 joint [========================] 47/47 MSE=3.375e-04 pass=42.9% K=34.7 targetK=28.3 countMAE=7.07
  validation [=.......................] 1/16 
  validation [===============.........] 10/16 
  validation [========================] 16/16 
Epoch 104 val dense=83.0% deployment=53.5% worst-source=33.0% qualification=0.0% MSE=2.780e-04 K=34.49 mass=33.99 beta=-0.51 soft_cost=1.8363 selection_score=-1.8363 complexity=1.00->1.00 safety=0+0.00sigma scale=0.00->0.00 pass_reference_only=0.0%
  Joint train structure: Keep P/R/F1=0.663/0.815/0.731, critical_false_delete=0.185, proposal R@.005/.01/.02=0.666/0.987/1.000, parameter_bias=1.084e-02
  Synthetic K=56: n=46, dense=0.0%, deployment=0.0%
  Synthetic: dense=72.7%, deployment=33.0%, MSE=4.113e-04, K=38.15, targetK=31.74, count_MAE=7.35, bias=+6.41, knot_F1@0.01=0.745, param_RMSE=2.270e-02
  uji_pen_characters_v2: dense=100.0%, deployment=99.0%, MSE=1.576e-05, K=28.96
  natural_earth_10m_coastline: dense=96.0%, deployment=71.0%, MSE=1.425e-04, K=27.91
  usgs_tnm_contours_large_scale: dense=99.0%, deployment=78.0%, MSE=9.663e-05, K=27.61
  industrial_model_offset_curves: dense=100.0%, deployment=91.4%, MSE=4.070e-05, K=31.34
Epoch 105/128 joint [........................] 1/47 MSE=2.597e-04 pass=48.4% K=35.8 targetK=28.2 countMAE=8.05
Epoch 105/128 joint [=====...................] 10/47 MSE=4.103e-04 pass=21.9% K=38.9 targetK=32.5 countMAE=6.69
Epoch 105/128 joint [==========..............] 20/47 MSE=3.319e-04 pass=39.1% K=38.3 targetK=30.8 countMAE=8.12
Epoch 105/128 joint [===============.........] 30/47 MSE=3.216e-04 pass=51.6% K=35.5 targetK=28.1 countMAE=8.02
Epoch 105/128 joint [====================....] 40/47 MSE=2.978e-04 pass=37.5% K=36.8 targetK=29.2 countMAE=7.78
Epoch 105/128 joint [========================] 47/47 MSE=2.987e-04 pass=41.1% K=35.4 targetK=27.5 countMAE=8.30
  validation [=.......................] 1/16 
  validation [===============.........] 10/16 
  validation [========================] 16/16 
Epoch 105 val dense=82.9% deployment=51.6% worst-source=31.7% qualification=0.0% MSE=2.704e-04 K=34.91 mass=34.40 beta=-0.54 soft_cost=1.8439 selection_score=-1.8439 complexity=1.00->1.00 safety=0+0.00sigma scale=0.00->0.00 pass_reference_only=0.0%
  Joint train structure: Keep P/R/F1=0.653/0.809/0.723, critical_false_delete=0.191, proposal R@.005/.01/.02=0.671/0.988/1.000, parameter_bias=1.028e-02
  Synthetic K=56: n=46, dense=0.0%, deployment=0.0%
  Synthetic: dense=72.7%, deployment=31.7%, MSE=3.959e-04, K=38.59, targetK=31.74, count_MAE=7.84, bias=+6.85, knot_F1@0.01=0.750, param_RMSE=2.368e-02
  uji_pen_characters_v2: dense=100.0%, deployment=99.0%, MSE=1.712e-05, K=29.46
  natural_earth_10m_coastline: dense=95.0%, deployment=62.0%, MSE=1.497e-04, K=28.45
  usgs_tnm_contours_large_scale: dense=99.0%, deployment=77.0%, MSE=9.936e-05, K=27.90
  industrial_model_offset_curves: dense=100.0%, deployment=90.3%, MSE=4.697e-05, K=31.53
Epoch 106/128 joint [........................] 1/47 MSE=3.386e-04 pass=34.4% K=37.0 targetK=30.4 countMAE=7.19
Epoch 106/128 joint [=====...................] 10/47 MSE=3.848e-04 pass=29.7% K=35.8 targetK=29.4 countMAE=7.14
Epoch 106/128 joint [==========..............] 20/47 MSE=2.963e-04 pass=35.9% K=38.0 targetK=29.8 countMAE=8.69
Epoch 106/128 joint [===============.........] 30/47 MSE=3.111e-04 pass=48.4% K=33.9 targetK=26.9 countMAE=7.42
Epoch 106/128 joint [====================....] 40/47 MSE=4.099e-04 pass=20.3% K=33.2 targetK=27.4 countMAE=6.52
Epoch 106/128 joint [========================] 47/47 MSE=4.284e-04 pass=16.1% K=38.7 targetK=32.8 countMAE=6.62
  validation [=.......................] 1/16 
  validation [===============.........] 10/16 
  validation [========================] 16/16 
Epoch 106 val dense=83.0% deployment=46.6% worst-source=24.0% qualification=0.0% MSE=2.959e-04 K=34.50 mass=34.02 beta=-0.49 soft_cost=1.9835 selection_score=-1.9835 complexity=1.00->1.00 safety=0+0.00sigma scale=0.00->0.00 pass_reference_only=0.0%
  Joint train structure: Keep P/R/F1=0.662/0.811/0.729, critical_false_delete=0.189, proposal R@.005/.01/.02=0.671/0.989/1.000, parameter_bias=1.010e-02
  Synthetic K=56: n=46, dense=0.0%, deployment=0.0%
  Synthetic: dense=72.7%, deployment=24.0%, MSE=4.341e-04, K=38.23, targetK=31.74, count_MAE=7.48, bias=+6.49, knot_F1@0.01=0.746, param_RMSE=2.283e-02
  uji_pen_characters_v2: dense=100.0%, deployment=98.0%, MSE=2.002e-05, K=29.41
  natural_earth_10m_coastline: dense=96.0%, deployment=61.0%, MSE=1.604e-04, K=27.91
  usgs_tnm_contours_large_scale: dense=99.0%, deployment=77.0%, MSE=1.108e-04, K=26.93
  industrial_model_offset_curves: dense=100.0%, deployment=89.2%, MSE=4.557e-05, K=31.18
Epoch 107/128 joint [........................] 1/47 MSE=4.085e-04 pass=20.3% K=35.1 targetK=28.9 countMAE=6.88
Epoch 107/128 joint [=====...................] 10/47 MSE=2.979e-04 pass=46.9% K=37.6 targetK=29.0 countMAE=8.91
Epoch 107/128 joint [==========..............] 20/47 MSE=3.768e-04 pass=29.7% K=35.9 targetK=29.0 countMAE=7.45
Epoch 107/128 joint [===============.........] 30/47 MSE=3.498e-04 pass=18.8% K=34.3 targetK=27.3 countMAE=7.58
Epoch 107/128 joint [====================....] 40/47 MSE=3.826e-04 pass=25.0% K=39.6 targetK=32.6 countMAE=7.78
Epoch 107/128 joint [========================] 47/47 MSE=3.846e-04 pass=39.3% K=35.7 targetK=28.5 countMAE=7.79
  validation [=.......................] 1/16 
  validation [===============.........] 10/16 
  validation [========================] 16/16 
Epoch 107 val dense=82.9% deployment=53.9% worst-source=33.7% qualification=0.0% MSE=2.880e-04 K=34.45 mass=33.94 beta=-0.49 soft_cost=1.8316 selection_score=-1.8316 complexity=1.00->1.00 safety=0+0.00sigma scale=0.00->0.00 pass_reference_only=0.0%
  Joint train structure: Keep P/R/F1=0.666/0.823/0.736, critical_false_delete=0.177, proposal R@.005/.01/.02=0.675/0.989/1.000, parameter_bias=1.018e-02
  Synthetic K=56: n=46, dense=0.0%, deployment=0.0%
  Synthetic: dense=72.5%, deployment=33.7%, MSE=4.306e-04, K=38.25, targetK=31.74, count_MAE=7.61, bias=+6.51, knot_F1@0.01=0.744, param_RMSE=2.175e-02
  uji_pen_characters_v2: dense=100.0%, deployment=98.0%, MSE=1.810e-05, K=28.81
  natural_earth_10m_coastline: dense=96.0%, deployment=71.0%, MSE=1.343e-04, K=27.84
  usgs_tnm_contours_large_scale: dense=99.0%, deployment=79.0%, MSE=9.082e-05, K=27.19
  industrial_model_offset_curves: dense=100.0%, deployment=91.4%, MSE=3.536e-05, K=30.92
Epoch 108/128 joint [........................] 1/47 MSE=3.693e-04 pass=37.5% K=33.2 targetK=26.8 countMAE=6.86
Epoch 108/128 joint [=====...................] 10/47 MSE=4.078e-04 pass=34.4% K=36.3 targetK=30.2 countMAE=6.81
Epoch 108/128 joint [==========..............] 20/47 MSE=3.238e-04 pass=31.2% K=39.1 targetK=31.2 countMAE=8.20
Epoch 108/128 joint [===============.........] 30/47 MSE=4.681e-04 pass=21.9% K=36.7 targetK=31.4 countMAE=6.22
Epoch 108/128 joint [====================....] 40/47 MSE=4.992e-04 pass=17.2% K=38.0 targetK=31.2 countMAE=7.36
Epoch 108/128 joint [========================] 47/47 MSE=2.970e-04 pass=42.9% K=35.3 targetK=26.9 countMAE=8.68
  validation [=.......................] 1/16 
  validation [===============.........] 10/16 
  validation [========================] 16/16 
Epoch 108 val dense=83.0% deployment=48.7% worst-source=28.7% qualification=0.0% MSE=3.166e-04 K=35.06 mass=34.54 beta=-0.56 soft_cost=2.0034 selection_score=-2.0034 complexity=1.00->1.00 safety=0+0.00sigma scale=0.00->0.00 pass_reference_only=0.0%
  Joint train structure: Keep P/R/F1=0.666/0.819/0.734, critical_false_delete=0.181, proposal R@.005/.01/.02=0.673/0.990/1.000, parameter_bias=1.029e-02
  Synthetic K=56: n=46, dense=0.0%, deployment=0.0%
  Synthetic: dense=72.7%, deployment=28.7%, MSE=4.663e-04, K=38.97, targetK=31.74, count_MAE=8.16, bias=+7.24, knot_F1@0.01=0.748, param_RMSE=2.185e-02
  uji_pen_characters_v2: dense=100.0%, deployment=98.0%, MSE=2.549e-05, K=29.17
  natural_earth_10m_coastline: dense=96.0%, deployment=57.0%, MSE=1.820e-04, K=27.88
  usgs_tnm_contours_large_scale: dense=99.0%, deployment=76.0%, MSE=1.016e-04, K=27.69
  industrial_model_offset_curves: dense=100.0%, deployment=87.1%, MSE=3.918e-05, K=31.77
Epoch 109/128 joint [........................] 1/47 MSE=4.120e-04 pass=31.2% K=35.7 targetK=28.1 countMAE=8.20
Epoch 109/128 joint [=====...................] 10/47 MSE=4.715e-04 pass=18.8% K=37.1 targetK=29.8 countMAE=7.69
Epoch 109/128 joint [==========..............] 20/47 MSE=4.252e-04 pass=20.3% K=37.3 targetK=29.9 countMAE=7.55
Epoch 109/128 joint [===============.........] 30/47 MSE=4.086e-04 pass=26.6% K=34.4 targetK=27.4 countMAE=7.69
Epoch 109/128 joint [====================....] 40/47 MSE=3.488e-04 pass=21.9% K=37.7 targetK=29.9 countMAE=8.25
Epoch 109/128 joint [========================] 47/47 MSE=3.790e-04 pass=23.2% K=37.8 targetK=31.3 countMAE=6.68
  validation [=.......................] 1/16 
  validation [===============.........] 10/16 
  validation [========================] 16/16 
Epoch 109 val dense=83.7% deployment=35.5% worst-source=16.3% qualification=0.0% MSE=3.022e-04 K=33.11 mass=32.60 beta=-0.43 soft_cost=2.2165 selection_score=-2.2165 complexity=1.00->1.00 safety=0+0.00sigma scale=0.00->0.00 pass_reference_only=0.0%
  Joint train structure: Keep P/R/F1=0.654/0.813/0.725, critical_false_delete=0.187, proposal R@.005/.01/.02=0.669/0.988/1.000, parameter_bias=1.061e-02
  Synthetic K=56: n=46, dense=0.0%, deployment=0.0%
  Synthetic: dense=73.7%, deployment=16.3%, MSE=4.192e-04, K=37.57, targetK=31.74, count_MAE=6.62, bias=+5.83, knot_F1@0.01=0.744, param_RMSE=2.105e-02
  uji_pen_characters_v2: dense=100.0%, deployment=97.0%, MSE=2.735e-05, K=26.14
  natural_earth_10m_coastline: dense=96.0%, deployment=34.0%, MSE=2.099e-04, K=24.67
  usgs_tnm_contours_large_scale: dense=100.0%, deployment=61.0%, MSE=1.476e-04, K=24.79
  industrial_model_offset_curves: dense=100.0%, deployment=67.7%, MSE=1.085e-04, K=29.84
Epoch 110/128 joint [........................] 1/47 MSE=3.299e-04 pass=17.2% K=32.8 targetK=27.2 countMAE=6.08
Epoch 110/128 joint [=====...................] 10/47 MSE=4.221e-04 pass=7.8% K=37.3 targetK=31.5 countMAE=6.16
Epoch 110/128 joint [==========..............] 20/47 MSE=2.951e-04 pass=43.8% K=39.0 targetK=30.8 countMAE=8.55
Epoch 110/128 joint [===============.........] 30/47 MSE=3.009e-04 pass=39.1% K=35.2 targetK=27.6 countMAE=8.09
Epoch 110/128 joint [====================....] 40/47 MSE=3.339e-04 pass=42.2% K=34.0 targetK=26.4 countMAE=7.94
Epoch 110/128 joint [========================] 47/47 MSE=3.575e-04 pass=28.6% K=38.0 targetK=30.7 countMAE=7.54
  validation [=.......................] 1/16 
  validation [===============.........] 10/16 
  validation [========================] 16/16 
Epoch 110 val dense=82.6% deployment=48.8% worst-source=30.3% qualification=0.0% MSE=2.980e-04 K=35.04 mass=34.55 beta=-0.55 soft_cost=1.9726 selection_score=-1.9726 complexity=1.00->1.00 safety=0+0.00sigma scale=0.00->0.00 pass_reference_only=0.0%
  Joint train structure: Keep P/R/F1=0.660/0.816/0.729, critical_false_delete=0.184, proposal R@.005/.01/.02=0.668/0.988/1.000, parameter_bias=1.081e-02
  Synthetic K=56: n=46, dense=0.0%, deployment=0.0%
  Synthetic: dense=72.0%, deployment=30.3%, MSE=4.055e-04, K=38.91, targetK=31.74, count_MAE=8.03, bias=+7.17, knot_F1@0.01=0.748, param_RMSE=2.232e-02
  uji_pen_characters_v2: dense=100.0%, deployment=98.0%, MSE=1.968e-05, K=29.58
  natural_earth_10m_coastline: dense=96.0%, deployment=67.0%, MSE=1.448e-04, K=28.32
  usgs_tnm_contours_large_scale: dense=99.0%, deployment=75.0%, MSE=1.038e-04, K=27.54
  industrial_model_offset_curves: dense=100.0%, deployment=67.7%, MSE=2.767e-04, K=31.20
Epoch 111/128 joint [........................] 1/47 MSE=3.167e-04 pass=40.6% K=33.2 targetK=25.8 countMAE=8.11
Epoch 111/128 joint [=====...................] 10/47 MSE=3.314e-04 pass=35.9% K=34.8 targetK=28.0 countMAE=7.08
Epoch 111/128 joint [==========..............] 20/47 MSE=3.999e-04 pass=25.0% K=35.8 targetK=29.1 countMAE=7.39
Epoch 111/128 joint [===============.........] 30/47 MSE=4.346e-04 pass=34.4% K=38.5 targetK=32.0 countMAE=7.12
Epoch 111/128 joint [====================....] 40/47 MSE=3.650e-04 pass=39.1% K=35.5 targetK=28.9 countMAE=7.44
Epoch 111/128 joint [========================] 47/47 MSE=2.988e-04 pass=28.6% K=35.3 targetK=28.2 countMAE=7.21
  validation [=.......................] 1/16 
  validation [===============.........] 10/16 
  validation [========================] 16/16 
Epoch 111 val dense=82.9% deployment=43.6% worst-source=23.5% qualification=0.0% MSE=3.093e-04 K=34.07 mass=33.56 beta=-0.46 soft_cost=2.0554 selection_score=-2.0554 complexity=1.00->1.00 safety=0+0.00sigma scale=0.00->0.00 pass_reference_only=0.0%
  Joint train structure: Keep P/R/F1=0.659/0.818/0.730, critical_false_delete=0.182, proposal R@.005/.01/.02=0.674/0.988/1.000, parameter_bias=1.055e-02
  Synthetic K=56: n=46, dense=0.0%, deployment=0.0%
  Synthetic: dense=72.5%, deployment=23.5%, MSE=4.332e-04, K=38.07, targetK=31.74, count_MAE=7.40, bias=+6.33, knot_F1@0.01=0.743, param_RMSE=2.130e-02
  uji_pen_characters_v2: dense=100.0%, deployment=98.0%, MSE=2.443e-05, K=28.37
  natural_earth_10m_coastline: dense=96.0%, deployment=57.0%, MSE=2.311e-04, K=26.90
  usgs_tnm_contours_large_scale: dense=99.0%, deployment=71.0%, MSE=1.283e-04, K=26.33
  industrial_model_offset_curves: dense=100.0%, deployment=71.0%, MSE=9.471e-05, K=30.40
Epoch 112/128 joint [........................] 1/47 MSE=3.417e-04 pass=23.4% K=36.9 targetK=30.3 countMAE=7.17
Epoch 112/128 joint [=====...................] 10/47 MSE=3.164e-04 pass=34.4% K=35.8 targetK=28.8 countMAE=7.67
Epoch 112/128 joint [==========..............] 20/47 MSE=2.950e-04 pass=29.7% K=38.5 targetK=30.1 countMAE=8.47
Epoch 112/128 joint [===============.........] 30/47 MSE=3.839e-04 pass=23.4% K=37.4 targetK=30.2 countMAE=7.88
Epoch 112/128 joint [====================....] 40/47 MSE=4.719e-04 pass=17.2% K=37.1 targetK=31.2 countMAE=6.80
Epoch 112/128 joint [========================] 47/47 MSE=5.316e-04 pass=17.9% K=38.8 targetK=33.5 countMAE=6.16
  validation [=.......................] 1/16 
  validation [===============.........] 10/16 
  validation [========================] 16/16 
Epoch 112 val dense=83.0% deployment=45.6% worst-source=24.3% qualification=0.0% MSE=3.440e-04 K=33.40 mass=32.91 beta=-0.36 soft_cost=2.0602 selection_score=-2.0602 complexity=1.00->1.00 safety=0+0.00sigma scale=0.00->0.00 pass_reference_only=0.0%
  Joint train structure: Keep P/R/F1=0.663/0.818/0.732, critical_false_delete=0.182, proposal R@.005/.01/.02=0.677/0.989/1.000, parameter_bias=1.057e-02
  Synthetic K=56: n=46, dense=0.0%, deployment=0.0%
  Synthetic: dense=72.7%, deployment=24.3%, MSE=5.151e-04, K=37.38, targetK=31.74, count_MAE=6.99, bias=+5.65, knot_F1@0.01=0.739, param_RMSE=2.174e-02
  uji_pen_characters_v2: dense=100.0%, deployment=96.0%, MSE=2.599e-05, K=27.70
  natural_earth_10m_coastline: dense=96.0%, deployment=53.0%, MSE=1.593e-04, K=26.55
  usgs_tnm_contours_large_scale: dense=99.0%, deployment=75.0%, MSE=9.908e-05, K=25.66
  industrial_model_offset_curves: dense=100.0%, deployment=89.2%, MSE=4.432e-05, K=29.52
Epoch 113/128 joint [........................] 1/47 MSE=4.946e-04 pass=21.9% K=35.5 targetK=30.0 countMAE=6.44
Epoch 113/128 joint [=====...................] 10/47 MSE=3.891e-04 pass=35.9% K=37.6 targetK=31.0 countMAE=7.02
Epoch 113/128 joint [==========..............] 20/47 MSE=3.834e-04 pass=21.9% K=40.6 targetK=33.2 countMAE=7.86
Epoch 113/128 joint [===============.........] 30/47 MSE=3.389e-04 pass=23.4% K=38.9 targetK=31.5 countMAE=7.89
Epoch 113/128 joint [====================....] 40/47 MSE=3.661e-04 pass=29.7% K=36.3 targetK=29.2 countMAE=7.23
Epoch 113/128 joint [========================] 47/47 MSE=3.333e-04 pass=41.1% K=36.2 targetK=29.5 countMAE=7.20
  validation [=.......................] 1/16 
  validation [===============.........] 10/16 
  validation [========================] 16/16 
Epoch 113 val dense=83.0% deployment=49.8% worst-source=30.3% qualification=0.0% MSE=3.015e-04 K=33.98 mass=33.46 beta=-0.42 soft_cost=1.9145 selection_score=-1.9145 complexity=1.00->1.00 safety=0+0.00sigma scale=0.00->0.00 pass_reference_only=0.0%
  Joint train structure: Keep P/R/F1=0.666/0.822/0.735, critical_false_delete=0.178, proposal R@.005/.01/.02=0.676/0.989/1.000, parameter_bias=1.033e-02
  Synthetic K=56: n=46, dense=0.0%, deployment=0.0%
  Synthetic: dense=72.7%, deployment=30.3%, MSE=4.349e-04, K=37.95, targetK=31.74, count_MAE=7.31, bias=+6.22, knot_F1@0.01=0.743, param_RMSE=2.260e-02
  uji_pen_characters_v2: dense=100.0%, deployment=97.0%, MSE=2.658e-05, K=28.56
  natural_earth_10m_coastline: dense=96.0%, deployment=57.0%, MSE=2.106e-04, K=27.03
  usgs_tnm_contours_large_scale: dense=99.0%, deployment=74.0%, MSE=1.078e-04, K=26.20
  industrial_model_offset_curves: dense=100.0%, deployment=91.4%, MSE=4.294e-05, K=30.02
Epoch 114/128 joint [........................] 1/47 MSE=3.687e-04 pass=31.2% K=36.5 targetK=29.9 countMAE=6.89
Epoch 114/128 joint [=====...................] 10/47 MSE=3.605e-04 pass=39.1% K=38.4 targetK=30.8 countMAE=8.03
Epoch 114/128 joint [==========..............] 20/47 MSE=4.350e-04 pass=25.0% K=36.8 targetK=31.0 countMAE=7.05
Epoch 114/128 joint [===============.........] 30/47 MSE=3.734e-04 pass=39.1% K=38.2 targetK=31.3 countMAE=7.52
Epoch 114/128 joint [====================....] 40/47 MSE=4.667e-04 pass=34.4% K=39.4 targetK=33.8 countMAE=6.56
Epoch 114/128 joint [========================] 47/47 MSE=3.973e-04 pass=28.6% K=38.0 targetK=31.5 countMAE=7.09
  validation [=.......................] 1/16 
  validation [===============.........] 10/16 
  validation [========================] 16/16 
Epoch 114 val dense=83.0% deployment=53.3% worst-source=35.7% qualification=0.0% MSE=2.807e-04 K=34.27 mass=33.78 beta=-0.46 soft_cost=1.8178 selection_score=-1.8178 complexity=1.00->1.00 safety=0+0.00sigma scale=0.00->0.00 pass_reference_only=0.0%
  Joint train structure: Keep P/R/F1=0.675/0.825/0.742, critical_false_delete=0.175, proposal R@.005/.01/.02=0.681/0.989/1.000, parameter_bias=1.029e-02
  Synthetic K=56: n=46, dense=0.0%, deployment=0.0%
  Synthetic: dense=72.7%, deployment=35.7%, MSE=4.042e-04, K=38.37, targetK=31.74, count_MAE=7.59, bias=+6.63, knot_F1@0.01=0.748, param_RMSE=2.278e-02
  uji_pen_characters_v2: dense=100.0%, deployment=97.0%, MSE=2.328e-05, K=28.70
  natural_earth_10m_coastline: dense=96.0%, deployment=60.0%, MSE=2.041e-04, K=27.04
  usgs_tnm_contours_large_scale: dense=99.0%, deployment=74.0%, MSE=9.891e-05, K=26.09
  industrial_model_offset_curves: dense=100.0%, deployment=90.3%, MSE=3.813e-05, K=30.39
Epoch 115/128 joint [........................] 1/47 MSE=4.083e-04 pass=37.5% K=37.8 targetK=31.1 countMAE=7.62
Epoch 115/128 joint [=====...................] 10/47 MSE=3.525e-04 pass=29.7% K=39.0 targetK=31.9 countMAE=7.44
Epoch 115/128 joint [==========..............] 20/47 MSE=3.533e-04 pass=32.8% K=35.1 targetK=28.3 countMAE=7.19
Epoch 115/128 joint [===============.........] 30/47 MSE=3.301e-04 pass=45.3% K=36.6 targetK=30.0 countMAE=7.33
Epoch 115/128 joint [====================....] 40/47 MSE=3.172e-04 pass=39.1% K=35.6 targetK=28.7 countMAE=7.55
Epoch 115/128 joint [========================] 47/47 MSE=4.712e-04 pass=25.0% K=38.0 targetK=31.9 countMAE=6.95
  validation [=.......................] 1/16 
  validation [===============.........] 10/16 
  validation [========================] 16/16 
Epoch 115 val dense=83.4% deployment=52.6% worst-source=34.5% qualification=0.0% MSE=2.772e-04 K=34.29 mass=33.79 beta=-0.45 soft_cost=1.8260 selection_score=-1.8260 complexity=1.00->1.00 safety=0+0.00sigma scale=0.00->0.00 pass_reference_only=0.0%
  Joint train structure: Keep P/R/F1=0.666/0.822/0.735, critical_false_delete=0.178, proposal R@.005/.01/.02=0.682/0.988/1.000, parameter_bias=1.019e-02
  Synthetic K=56: n=46, dense=0.0%, deployment=0.0%
  Synthetic: dense=73.3%, deployment=34.5%, MSE=4.004e-04, K=38.31, targetK=31.74, count_MAE=7.55, bias=+6.57, knot_F1@0.01=0.747, param_RMSE=2.264e-02
  uji_pen_characters_v2: dense=100.0%, deployment=95.0%, MSE=2.352e-05, K=28.98
  natural_earth_10m_coastline: dense=96.0%, deployment=63.0%, MSE=1.918e-04, K=27.23
  usgs_tnm_contours_large_scale: dense=99.0%, deployment=73.0%, MSE=1.012e-04, K=26.18
  industrial_model_offset_curves: dense=100.0%, deployment=90.3%, MSE=3.687e-05, K=30.34
Epoch 116/128 joint [........................] 1/47 MSE=2.802e-04 pass=43.8% K=34.8 targetK=27.1 countMAE=8.23
Epoch 116/128 joint [=====...................] 10/47 MSE=3.136e-04 pass=39.1% K=35.8 targetK=28.3 countMAE=8.02
Epoch 116/128 joint [==========..............] 20/47 MSE=3.389e-04 pass=31.2% K=39.5 targetK=32.5 countMAE=7.34
Epoch 116/128 joint [===============.........] 30/47 MSE=3.407e-04 pass=43.8% K=35.5 targetK=28.5 countMAE=7.77
Epoch 116/128 joint [====================....] 40/47 MSE=3.964e-04 pass=29.7% K=37.5 targetK=31.1 countMAE=7.22
Epoch 116/128 joint [========================] 47/47 MSE=3.708e-04 pass=33.9% K=40.2 targetK=33.2 countMAE=7.34
  validation [=.......................] 1/16 
  validation [===============.........] 10/16 
  validation [========================] 16/16 
Epoch 116 val dense=83.9% deployment=53.5% worst-source=35.8% qualification=0.0% MSE=2.780e-04 K=34.45 mass=33.95 beta=-0.48 soft_cost=1.8147 selection_score=-1.8147 complexity=1.00->1.00 safety=0+0.00sigma scale=0.00->0.00 pass_reference_only=0.0%
  Joint train structure: Keep P/R/F1=0.669/0.825/0.739, critical_false_delete=0.175, proposal R@.005/.01/.02=0.682/0.989/1.000, parameter_bias=9.925e-03
  Synthetic K=56: n=46, dense=0.0%, deployment=0.0%
  Synthetic: dense=74.2%, deployment=35.8%, MSE=3.937e-04, K=38.60, targetK=31.74, count_MAE=7.77, bias=+6.86, knot_F1@0.01=0.749, param_RMSE=2.203e-02
  uji_pen_characters_v2: dense=100.0%, deployment=97.0%, MSE=2.232e-05, K=28.91
  natural_earth_10m_coastline: dense=96.0%, deployment=64.0%, MSE=2.142e-04, K=27.31
  usgs_tnm_contours_large_scale: dense=99.0%, deployment=72.0%, MSE=1.248e-04, K=26.12
  industrial_model_offset_curves: dense=100.0%, deployment=89.2%, MSE=3.928e-05, K=30.30
Epoch 117/128 joint [........................] 1/47 MSE=3.837e-04 pass=31.2% K=37.4 targetK=30.8 countMAE=7.64
Epoch 117/128 joint [=====...................] 10/47 MSE=4.018e-04 pass=34.4% K=37.0 targetK=30.3 countMAE=7.17
Epoch 117/128 joint [==========..............] 20/47 MSE=3.897e-04 pass=29.7% K=39.7 targetK=33.3 countMAE=7.08
Epoch 117/128 joint [===============.........] 30/47 MSE=2.623e-04 pass=34.4% K=36.7 targetK=29.0 countMAE=7.95
Epoch 117/128 joint [====================....] 40/47 MSE=3.767e-04 pass=46.9% K=37.4 targetK=30.2 countMAE=7.78
Epoch 117/128 joint [========================] 47/47 MSE=3.590e-04 pass=37.5% K=39.2 targetK=31.3 countMAE=8.23
  validation [=.......................] 1/16 
  validation [===============.........] 10/16 
  validation [========================] 16/16 
Epoch 117 val dense=83.7% deployment=53.8% worst-source=36.0% qualification=0.0% MSE=2.877e-04 K=34.52 mass=34.03 beta=-0.47 soft_cost=1.8269 selection_score=-1.8269 complexity=1.00->1.00 safety=0+0.00sigma scale=0.00->0.00 pass_reference_only=0.0%
  Joint train structure: Keep P/R/F1=0.664/0.822/0.735, critical_false_delete=0.178, proposal R@.005/.01/.02=0.678/0.988/1.000, parameter_bias=9.979e-03
  Synthetic K=56: n=46, dense=0.0%, deployment=0.0%
  Synthetic: dense=73.8%, deployment=36.0%, MSE=4.052e-04, K=38.57, targetK=31.74, count_MAE=7.74, bias=+6.84, knot_F1@0.01=0.747, param_RMSE=2.182e-02
  uji_pen_characters_v2: dense=100.0%, deployment=96.0%, MSE=2.391e-05, K=29.17
  natural_earth_10m_coastline: dense=96.0%, deployment=64.0%, MSE=2.365e-04, K=27.75
  usgs_tnm_contours_large_scale: dense=99.0%, deployment=75.0%, MSE=1.295e-04, K=26.35
  industrial_model_offset_curves: dense=100.0%, deployment=89.2%, MSE=3.876e-05, K=30.19
Epoch 118/128 joint [........................] 1/47 MSE=3.560e-04 pass=35.9% K=37.7 targetK=30.2 countMAE=7.88
Epoch 118/128 joint [=====...................] 10/47 MSE=4.600e-04 pass=35.9% K=37.9 targetK=32.0 countMAE=6.81
Epoch 118/128 joint [==========..............] 20/47 MSE=2.664e-04 pass=43.8% K=37.1 targetK=29.7 countMAE=7.91
Epoch 118/128 joint [===============.........] 30/47 MSE=3.545e-04 pass=34.4% K=38.6 targetK=31.8 countMAE=7.22
Epoch 118/128 joint [====================....] 40/47 MSE=4.797e-04 pass=26.6% K=38.7 targetK=33.1 countMAE=6.89
Epoch 118/128 joint [========================] 47/47 MSE=3.737e-04 pass=48.2% K=35.9 targetK=28.8 countMAE=7.73
  validation [=.......................] 1/16 
  validation [===============.........] 10/16 
  validation [========================] 16/16 
Epoch 118 val dense=83.3% deployment=52.5% worst-source=34.8% qualification=0.0% MSE=2.940e-04 K=34.04 mass=33.52 beta=-0.42 soft_cost=1.8482 selection_score=-1.8482 complexity=1.00->1.00 safety=0+0.00sigma scale=0.00->0.00 pass_reference_only=0.0%
  Joint train structure: Keep P/R/F1=0.669/0.826/0.739, critical_false_delete=0.174, proposal R@.005/.01/.02=0.687/0.989/1.000, parameter_bias=1.002e-02
  Synthetic K=56: n=46, dense=0.0%, deployment=0.0%
  Synthetic: dense=73.2%, deployment=34.8%, MSE=4.140e-04, K=38.25, targetK=31.74, count_MAE=7.48, bias=+6.51, knot_F1@0.01=0.749, param_RMSE=2.198e-02
  uji_pen_characters_v2: dense=100.0%, deployment=97.0%, MSE=2.789e-05, K=28.13
  natural_earth_10m_coastline: dense=96.0%, deployment=58.0%, MSE=2.282e-04, K=26.85
  usgs_tnm_contours_large_scale: dense=99.0%, deployment=73.0%, MSE=1.433e-04, K=25.91
  industrial_model_offset_curves: dense=100.0%, deployment=90.3%, MSE=3.876e-05, K=29.70
Epoch 119/128 joint [........................] 1/47 MSE=3.525e-04 pass=32.8% K=40.5 targetK=33.2 countMAE=7.52
Epoch 119/128 joint [=====...................] 10/47 MSE=3.552e-04 pass=37.5% K=37.3 targetK=29.9 countMAE=7.88
Epoch 119/128 joint [==========..............] 20/47 MSE=2.634e-04 pass=42.2% K=35.0 targetK=27.4 countMAE=7.72
Epoch 119/128 joint [===============.........] 30/47 MSE=3.963e-04 pass=32.8% K=39.1 targetK=32.1 countMAE=7.41
Epoch 119/128 joint [====================....] 40/47 MSE=3.370e-04 pass=34.4% K=34.2 targetK=27.6 countMAE=7.38
Epoch 119/128 joint [========================] 47/47 MSE=3.342e-04 pass=37.5% K=34.3 targetK=27.1 countMAE=7.98
  validation [=.......................] 1/16 
  validation [===============.........] 10/16 
  validation [========================] 16/16 
Epoch 119 val dense=83.6% deployment=52.3% worst-source=34.3% qualification=0.0% MSE=2.947e-04 K=34.45 mass=33.96 beta=-0.48 soft_cost=1.8683 selection_score=-1.8683 complexity=1.00->1.00 safety=0+0.00sigma scale=0.00->0.00 pass_reference_only=0.0%
  Joint train structure: Keep P/R/F1=0.664/0.824/0.735, critical_false_delete=0.176, proposal R@.005/.01/.02=0.685/0.989/1.000, parameter_bias=9.704e-03
  Synthetic K=56: n=46, dense=0.0%, deployment=0.0%
  Synthetic: dense=73.7%, deployment=34.3%, MSE=4.064e-04, K=38.70, targetK=31.74, count_MAE=7.85, bias=+6.96, knot_F1@0.01=0.749, param_RMSE=2.170e-02
  uji_pen_characters_v2: dense=100.0%, deployment=95.0%, MSE=3.959e-05, K=28.29
  natural_earth_10m_coastline: dense=96.0%, deployment=63.0%, MSE=2.544e-04, K=27.22
  usgs_tnm_contours_large_scale: dense=99.0%, deployment=73.0%, MSE=1.474e-04, K=26.52
  industrial_model_offset_curves: dense=100.0%, deployment=88.2%, MSE=5.019e-05, K=29.94
Epoch 120/128 joint [........................] 1/47 MSE=3.209e-04 pass=40.6% K=36.2 targetK=29.1 countMAE=7.50
Epoch 120/128 joint [=====...................] 10/47 MSE=3.624e-04 pass=34.4% K=37.1 targetK=30.1 countMAE=7.62
Epoch 120/128 joint [==========..............] 20/47 MSE=3.822e-04 pass=37.5% K=36.7 targetK=30.4 countMAE=6.91
Epoch 120/128 joint [===============.........] 30/47 MSE=3.514e-04 pass=29.7% K=34.9 targetK=28.2 countMAE=6.91
Epoch 120/128 joint [====================....] 40/47 MSE=3.893e-04 pass=43.8% K=37.8 targetK=31.1 countMAE=7.28
Epoch 120/128 joint [========================] 47/47 MSE=3.511e-04 pass=21.4% K=36.2 targetK=28.9 countMAE=7.71
  validation [=.......................] 1/16 
  validation [===============.........] 10/16 
  validation [========================] 16/16 
Epoch 120 val dense=83.4% deployment=49.0% worst-source=30.0% qualification=0.0% MSE=3.030e-04 K=33.69 mass=33.19 beta=-0.38 soft_cost=1.9176 selection_score=-1.9176 complexity=1.00->1.00 safety=0+0.00sigma scale=0.00->0.00 pass_reference_only=0.0%
  Joint train structure: Keep P/R/F1=0.669/0.826/0.739, critical_false_delete=0.174, proposal R@.005/.01/.02=0.684/0.989/1.000, parameter_bias=9.606e-03
  Synthetic K=56: n=46, dense=0.0%, deployment=0.0%
  Synthetic: dense=73.3%, deployment=30.0%, MSE=4.288e-04, K=38.11, targetK=31.74, count_MAE=7.38, bias=+6.37, knot_F1@0.01=0.746, param_RMSE=2.237e-02
  uji_pen_characters_v2: dense=100.0%, deployment=96.0%, MSE=2.667e-05, K=27.77
  natural_earth_10m_coastline: dense=96.0%, deployment=58.0%, MSE=2.327e-04, K=26.21
  usgs_tnm_contours_large_scale: dense=99.0%, deployment=70.0%, MSE=1.361e-04, K=24.86
  industrial_model_offset_curves: dense=100.0%, deployment=89.2%, MSE=4.342e-05, K=29.11
Epoch 121/128 joint [........................] 1/47 MSE=3.941e-04 pass=25.0% K=38.1 targetK=31.0 countMAE=7.42
Epoch 121/128 joint [=====...................] 10/47 MSE=3.241e-04 pass=34.4% K=36.7 targetK=29.4 countMAE=7.94
Epoch 121/128 joint [==========..............] 20/47 MSE=3.743e-04 pass=34.4% K=39.2 targetK=32.3 countMAE=7.52
Epoch 121/128 joint [===============.........] 30/47 MSE=3.651e-04 pass=37.5% K=38.7 targetK=31.4 countMAE=7.80
Epoch 121/128 joint [====================....] 40/47 MSE=4.924e-04 pass=23.4% K=38.0 targetK=32.5 countMAE=6.45
Epoch 121/128 joint [========================] 47/47 MSE=3.192e-04 pass=37.5% K=37.4 targetK=29.6 countMAE=8.16
  validation [=.......................] 1/16 
  validation [===============.........] 10/16 
  validation [========================] 16/16 
Epoch 121 val dense=83.4% deployment=54.8% worst-source=37.3% qualification=0.0% MSE=2.727e-04 K=34.69 mass=34.18 beta=-0.50 soft_cost=1.7793 selection_score=-1.7793 complexity=1.00->1.00 safety=0+0.00sigma scale=0.00->0.00 pass_reference_only=0.0%
  Joint train structure: Keep P/R/F1=0.672/0.823/0.740, critical_false_delete=0.177, proposal R@.005/.01/.02=0.692/0.989/1.000, parameter_bias=9.521e-03
  Synthetic K=56: n=46, dense=0.0%, deployment=0.0%
  Synthetic: dense=73.3%, deployment=37.3%, MSE=3.819e-04, K=38.86, targetK=31.74, count_MAE=7.96, bias=+7.12, knot_F1@0.01=0.744, param_RMSE=2.176e-02
  uji_pen_characters_v2: dense=100.0%, deployment=97.0%, MSE=2.177e-05, K=29.00
  natural_earth_10m_coastline: dense=96.0%, deployment=66.0%, MSE=2.281e-04, K=27.67
  usgs_tnm_contours_large_scale: dense=99.0%, deployment=72.0%, MSE=1.356e-04, K=26.50
  industrial_model_offset_curves: dense=100.0%, deployment=91.4%, MSE=3.347e-05, K=30.23
Epoch 122/128 joint [........................] 1/47 MSE=3.080e-04 pass=45.3% K=36.1 targetK=28.0 countMAE=8.42
Epoch 122/128 joint [=====...................] 10/47 MSE=3.841e-04 pass=28.1% K=36.9 targetK=30.5 countMAE=7.11
Epoch 122/128 joint [==========..............] 20/47 MSE=3.648e-04 pass=39.1% K=36.0 targetK=29.6 countMAE=7.27
Epoch 122/128 joint [===============.........] 30/47 MSE=3.750e-04 pass=31.2% K=36.6 targetK=30.0 countMAE=7.41
Epoch 122/128 joint [====================....] 40/47 MSE=3.689e-04 pass=35.9% K=38.6 targetK=31.2 countMAE=7.75
Epoch 122/128 joint [========================] 47/47 MSE=3.197e-04 pass=35.7% K=38.2 targetK=31.0 countMAE=7.41
  validation [=.......................] 1/16 
  validation [===============.........] 10/16 
  validation [========================] 16/16 
Epoch 122 val dense=84.1% deployment=56.0% worst-source=37.8% qualification=0.0% MSE=2.569e-04 K=34.86 mass=34.37 beta=-0.52 soft_cost=1.7403 selection_score=-1.7403 complexity=1.00->1.00 safety=0+0.00sigma scale=0.00->0.00 pass_reference_only=0.0%
  Joint train structure: Keep P/R/F1=0.669/0.828/0.740, critical_false_delete=0.172, proposal R@.005/.01/.02=0.686/0.988/1.000, parameter_bias=9.588e-03
  Synthetic K=56: n=46, dense=0.0%, deployment=0.0%
  Synthetic: dense=74.5%, deployment=37.8%, MSE=3.638e-04, K=39.02, targetK=31.74, count_MAE=7.94, bias=+7.28, knot_F1@0.01=0.747, param_RMSE=2.257e-02
  uji_pen_characters_v2: dense=100.0%, deployment=98.0%, MSE=1.978e-05, K=29.43
  natural_earth_10m_coastline: dense=96.0%, deployment=67.0%, MSE=2.054e-04, K=27.58
  usgs_tnm_contours_large_scale: dense=99.0%, deployment=75.0%, MSE=1.150e-04, K=26.75
  industrial_model_offset_curves: dense=100.0%, deployment=95.7%, MSE=3.033e-05, K=30.44
Epoch 123/128 joint [........................] 1/47 MSE=3.702e-04 pass=35.9% K=37.6 targetK=31.4 countMAE=6.66
Epoch 123/128 joint [=====...................] 10/47 MSE=2.849e-04 pass=28.1% K=33.9 targetK=26.8 countMAE=7.16
Epoch 123/128 joint [==========..............] 20/47 MSE=4.302e-04 pass=35.9% K=35.7 targetK=29.7 countMAE=6.75
Epoch 123/128 joint [===============.........] 30/47 MSE=2.999e-04 pass=50.0% K=35.6 targetK=27.8 countMAE=8.41
Epoch 123/128 joint [====================....] 40/47 MSE=3.272e-04 pass=37.5% K=38.6 targetK=31.0 countMAE=8.00
Epoch 123/128 joint [========================] 47/47 MSE=3.303e-04 pass=41.1% K=38.0 targetK=30.8 countMAE=7.55
  validation [=.......................] 1/16 
  validation [===============.........] 10/16 
  validation [========================] 16/16 
Epoch 123 val dense=83.6% deployment=52.4% worst-source=33.8% qualification=0.0% MSE=2.844e-04 K=34.26 mass=33.75 beta=-0.43 soft_cost=1.8428 selection_score=-1.8428 complexity=1.00->1.00 safety=0+0.00sigma scale=0.00->0.00 pass_reference_only=0.0%
  Joint train structure: Keep P/R/F1=0.671/0.827/0.741, critical_false_delete=0.173, proposal R@.005/.01/.02=0.682/0.990/1.000, parameter_bias=9.503e-03
  Synthetic K=56: n=46, dense=0.0%, deployment=0.0%
  Synthetic: dense=73.7%, deployment=33.8%, MSE=4.078e-04, K=38.39, targetK=31.74, count_MAE=7.51, bias=+6.66, knot_F1@0.01=0.746, param_RMSE=2.298e-02
  uji_pen_characters_v2: dense=100.0%, deployment=97.0%, MSE=2.385e-05, K=28.82
  natural_earth_10m_coastline: dense=96.0%, deployment=60.0%, MSE=1.921e-04, K=27.39
  usgs_tnm_contours_large_scale: dense=99.0%, deployment=75.0%, MSE=1.292e-04, K=25.94
  industrial_model_offset_curves: dense=100.0%, deployment=91.4%, MSE=3.540e-05, K=29.80
Epoch 124/128 joint [........................] 1/47 MSE=3.783e-04 pass=28.1% K=37.2 targetK=30.9 countMAE=6.73
Epoch 124/128 joint [=====...................] 10/47 MSE=3.761e-04 pass=32.8% K=35.5 targetK=29.1 countMAE=7.02
Epoch 124/128 joint [==========..............] 20/47 MSE=3.451e-04 pass=42.2% K=36.8 targetK=29.6 countMAE=7.42
Epoch 124/128 joint [===============.........] 30/47 MSE=3.401e-04 pass=37.5% K=36.0 targetK=28.5 countMAE=7.81
Epoch 124/128 joint [====================....] 40/47 MSE=2.771e-04 pass=50.0% K=33.4 targetK=25.6 countMAE=8.19
Epoch 124/128 joint [========================] 47/47 MSE=4.093e-04 pass=32.1% K=36.0 targetK=30.4 countMAE=6.34
  validation [=.......................] 1/16 
  validation [===============.........] 10/16 
  validation [========================] 16/16 
Epoch 124 val dense=83.7% deployment=50.7% worst-source=31.2% qualification=0.0% MSE=2.940e-04 K=33.83 mass=33.33 beta=-0.38 soft_cost=1.8865 selection_score=-1.8865 complexity=1.00->1.00 safety=0+0.00sigma scale=0.00->0.00 pass_reference_only=0.0%
  Joint train structure: Keep P/R/F1=0.664/0.822/0.734, critical_false_delete=0.178, proposal R@.005/.01/.02=0.687/0.989/1.000, parameter_bias=9.458e-03
  Synthetic K=56: n=46, dense=0.0%, deployment=0.0%
  Synthetic: dense=73.8%, deployment=31.2%, MSE=4.257e-04, K=38.06, targetK=31.74, count_MAE=7.29, bias=+6.33, knot_F1@0.01=0.747, param_RMSE=2.285e-02
  uji_pen_characters_v2: dense=100.0%, deployment=97.0%, MSE=2.400e-05, K=28.43
  natural_earth_10m_coastline: dense=96.0%, deployment=62.0%, MSE=1.659e-04, K=26.88
  usgs_tnm_contours_large_scale: dense=99.0%, deployment=73.0%, MSE=1.373e-04, K=25.23
  industrial_model_offset_curves: dense=100.0%, deployment=90.3%, MSE=4.043e-05, K=29.09
Epoch 125/128 joint [........................] 1/47 MSE=3.159e-04 pass=29.7% K=33.4 targetK=26.5 countMAE=7.52
Epoch 125/128 joint [=====...................] 10/47 MSE=3.558e-04 pass=34.4% K=38.8 targetK=31.8 countMAE=7.52
Epoch 125/128 joint [==========..............] 20/47 MSE=3.098e-04 pass=37.5% K=37.5 targetK=29.9 countMAE=8.02
Epoch 125/128 joint [===============.........] 30/47 MSE=2.843e-04 pass=37.5% K=34.2 targetK=26.5 countMAE=8.12
Epoch 125/128 joint [====================....] 40/47 MSE=3.222e-04 pass=34.4% K=38.3 targetK=30.7 countMAE=7.94
Epoch 125/128 joint [========================] 47/47 MSE=3.557e-04 pass=44.6% K=37.0 targetK=30.0 countMAE=7.71
  validation [=.......................] 1/16 
  validation [===============.........] 10/16 
  validation [========================] 16/16 
Epoch 125 val dense=83.6% deployment=55.7% worst-source=38.8% qualification=0.0% MSE=2.686e-04 K=34.66 mass=34.17 beta=-0.49 soft_cost=1.7616 selection_score=-1.7616 complexity=1.00->1.00 safety=0+0.00sigma scale=0.00->0.00 pass_reference_only=0.0%
  Joint train structure: Keep P/R/F1=0.672/0.829/0.742, critical_false_delete=0.171, proposal R@.005/.01/.02=0.691/0.989/1.000, parameter_bias=9.216e-03
  Synthetic K=56: n=46, dense=0.0%, deployment=0.0%
  Synthetic: dense=73.7%, deployment=38.8%, MSE=3.880e-04, K=38.91, targetK=31.74, count_MAE=8.01, bias=+7.17, knot_F1@0.01=0.750, param_RMSE=2.178e-02
  uji_pen_characters_v2: dense=100.0%, deployment=98.0%, MSE=2.143e-05, K=29.37
  natural_earth_10m_coastline: dense=96.0%, deployment=62.0%, MSE=1.604e-04, K=27.39
  usgs_tnm_contours_large_scale: dense=99.0%, deployment=75.0%, MSE=1.237e-04, K=26.11
  industrial_model_offset_curves: dense=100.0%, deployment=91.4%, MSE=3.605e-05, K=29.97
Epoch 126/128 joint [........................] 1/47 MSE=2.612e-04 pass=42.2% K=36.4 targetK=28.2 countMAE=8.44
Epoch 126/128 joint [=====...................] 10/47 MSE=3.398e-04 pass=29.7% K=37.2 targetK=30.7 countMAE=7.05
Epoch 126/128 joint [==========..............] 20/47 MSE=2.981e-04 pass=39.1% K=36.8 targetK=28.7 countMAE=8.25
Epoch 126/128 joint [===============.........] 30/47 MSE=4.649e-04 pass=18.8% K=41.0 targetK=34.7 countMAE=7.08
Epoch 126/128 joint [====================....] 40/47 MSE=3.503e-04 pass=39.1% K=38.0 targetK=31.0 countMAE=7.27
Epoch 126/128 joint [========================] 47/47 MSE=3.679e-04 pass=41.1% K=38.0 targetK=31.1 countMAE=7.48
  validation [=.......................] 1/16 
  validation [===============.........] 10/16 
  validation [========================] 16/16 
Epoch 126 val dense=84.0% deployment=52.8% worst-source=34.0% qualification=0.0% MSE=2.716e-04 K=34.29 mass=33.81 beta=-0.44 soft_cost=1.8165 selection_score=-1.8165 complexity=1.00->1.00 safety=0+0.00sigma scale=0.00->0.00 pass_reference_only=0.0%
  Joint train structure: Keep P/R/F1=0.672/0.828/0.741, critical_false_delete=0.172, proposal R@.005/.01/.02=0.693/0.990/1.000, parameter_bias=9.123e-03
  Synthetic K=56: n=46, dense=0.0%, deployment=0.0%
  Synthetic: dense=74.5%, deployment=34.0%, MSE=3.888e-04, K=38.48, targetK=31.74, count_MAE=7.61, bias=+6.75, knot_F1@0.01=0.746, param_RMSE=2.161e-02
  uji_pen_characters_v2: dense=100.0%, deployment=98.0%, MSE=2.202e-05, K=28.95
  natural_earth_10m_coastline: dense=96.0%, deployment=62.0%, MSE=1.810e-04, K=27.25
  usgs_tnm_contours_large_scale: dense=98.0%, deployment=76.0%, MSE=1.291e-04, K=25.71
  industrial_model_offset_curves: dense=100.0%, deployment=90.3%, MSE=3.442e-05, K=29.83
Epoch 127/128 joint [........................] 1/47 MSE=3.355e-04 pass=29.7% K=38.6 targetK=31.1 countMAE=7.84
Epoch 127/128 joint [=====...................] 10/47 MSE=3.545e-04 pass=34.4% K=37.4 targetK=30.9 countMAE=7.16
Epoch 127/128 joint [==========..............] 20/47 MSE=3.349e-04 pass=31.2% K=36.0 targetK=28.9 countMAE=7.52
Epoch 127/128 joint [===============.........] 30/47 MSE=2.712e-04 pass=42.2% K=34.2 targetK=26.8 countMAE=7.81
Epoch 127/128 joint [====================....] 40/47 MSE=2.664e-04 pass=40.6% K=34.0 targetK=26.4 countMAE=7.95
Epoch 127/128 joint [========================] 47/47 MSE=3.583e-04 pass=39.3% K=36.5 targetK=29.2 countMAE=7.84
  validation [=.......................] 1/16 
  validation [===============.........] 10/16 
  validation [========================] 16/16 
Epoch 127 val dense=83.5% deployment=51.2% worst-source=32.0% qualification=0.0% MSE=3.018e-04 K=33.77 mass=33.25 beta=-0.37 soft_cost=1.8815 selection_score=-1.8815 complexity=1.00->1.00 safety=0+0.00sigma scale=0.00->0.00 pass_reference_only=0.0%
  Joint train structure: Keep P/R/F1=0.668/0.827/0.739, critical_false_delete=0.173, proposal R@.005/.01/.02=0.693/0.990/1.000, parameter_bias=8.880e-03
  Synthetic K=56: n=46, dense=0.0%, deployment=0.0%
  Synthetic: dense=73.8%, deployment=32.0%, MSE=4.365e-04, K=38.07, targetK=31.74, count_MAE=7.39, bias=+6.33, knot_F1@0.01=0.748, param_RMSE=2.184e-02
  uji_pen_characters_v2: dense=100.0%, deployment=98.0%, MSE=2.307e-05, K=28.56
  natural_earth_10m_coastline: dense=95.0%, deployment=58.0%, MSE=1.764e-04, K=26.53
  usgs_tnm_contours_large_scale: dense=98.0%, deployment=75.0%, MSE=1.421e-04, K=24.74
  industrial_model_offset_curves: dense=100.0%, deployment=91.4%, MSE=3.901e-05, K=29.08
Epoch 128/128 joint [........................] 1/47 MSE=3.733e-04 pass=39.1% K=35.9 targetK=28.8 countMAE=7.48
Epoch 128/128 joint [=====...................] 10/47 MSE=3.567e-04 pass=40.6% K=37.1 targetK=29.7 countMAE=8.11
Epoch 128/128 joint [==========..............] 20/47 MSE=3.318e-04 pass=43.8% K=36.4 targetK=28.9 countMAE=7.88
Epoch 128/128 joint [===============.........] 30/47 MSE=2.657e-04 pass=40.6% K=35.9 targetK=28.0 countMAE=8.12
Epoch 128/128 joint [====================....] 40/47 MSE=2.764e-04 pass=37.5% K=38.2 targetK=29.5 countMAE=9.16
Epoch 128/128 joint [========================] 47/47 MSE=3.593e-04 pass=33.9% K=37.8 targetK=31.0 countMAE=7.30
  validation [=.......................] 1/16 
  validation [===============.........] 10/16 
  validation [========================] 16/16 
Epoch 128 val dense=83.8% deployment=52.1% worst-source=34.0% qualification=0.0% MSE=2.854e-04 K=34.01 mass=33.51 beta=-0.39 soft_cost=1.8537 selection_score=-1.8537 complexity=1.00->1.00 safety=0+0.00sigma scale=0.00->0.00 pass_reference_only=0.0%
  Joint train structure: Keep P/R/F1=0.672/0.829/0.742, critical_false_delete=0.171, proposal R@.005/.01/.02=0.695/0.990/1.000, parameter_bias=9.359e-03
  Synthetic K=56: n=46, dense=0.0%, deployment=0.0%
  Synthetic: dense=74.2%, deployment=34.0%, MSE=4.068e-04, K=38.18, targetK=31.74, count_MAE=7.38, bias=+6.44, knot_F1@0.01=0.746, param_RMSE=2.249e-02
  uji_pen_characters_v2: dense=100.0%, deployment=97.0%, MSE=2.266e-05, K=28.97
  natural_earth_10m_coastline: dense=96.0%, deployment=61.0%, MSE=1.745e-04, K=27.06
  usgs_tnm_contours_large_scale: dense=98.0%, deployment=72.0%, MSE=1.593e-04, K=25.35
  industrial_model_offset_curves: dense=100.0%, deployment=89.2%, MSE=3.942e-05, K=29.28
Saved best v16: /home/feng/HouCode/SplineSurpervisedFitting/outputs/checkpoints/candidate_selection_v16_k56_fineteacher_p64_r1.pt; quality=supervised_fit_count_selected. Last/resume: /home/feng/HouCode/SplineSurpervisedFitting/outputs/checkpoints/candidate_selection_v16_k56_fineteacher_p64_r1.last.pt
