dataset,sample_id,method,status,baseline_protocol,reproduction_status,native_comparison_available,known_departures,complete_ms,error
Synthetic,seed20000_sample3629,park_dominant_point_2007_adaptation,ok,adaptation,reproduction_unverified,False,"['Common-MSE stopping replaces the source error-bound protocol; no iterative orthogonal-distance parameter update.', 'Degree-compatible shape-seed completion, endpoint knot clamps, and endpoint-constrained refits are repository choices, not independently source-verified.', 'Discrete Menger curvature and incremental LCM-seed consumption have not been checked against an author-code reference.']",57.93289999928675,
Synthetic,seed20000_sample3629,liang_feature_iki_2017_adaptation,ok,adaptation,reproduction_unverified,False,"['The normalized arc/unsigned-turning-angle feature blend (default 0.5) is a repository construction, not a verified original equation.', 'Sampled feature-CDF inversion and worst-residual span bisection replace unverified analytic-feature/IKI details.', 'Common-MSE stopping, dense/initial knot counts, and endpoint-constrained fits are comparison settings.']",36.269300002459204,
Synthetic,seed20000_sample3629,dung_direct_knot_2017_adaptation,ok,adaptation,reproduction_unverified,False,"[""Only simple knots are optimized; the author's multiplicity 1..degree+1 and joining-angle/continuity classifier are absent."", 'Only serial splitting is implemented; parallel split/join/shift is absent (serial is itself a published variant).', 'The shared comparison knot budget is external to the source algorithm; overflow now fails explicitly rather than silently subsampling coarse breaks.', 'The returned final curve now preserves unconstrained least squares; multiplicity and solver equivalence remain unverified.', 'sqrt(mse_tolerance) is not an equivalent native maximum-error constraint; finite-difference solver/search and short-tail guards are repository choices.']",379.07929999710177,
Synthetic,seed20000_sample3629,kang_sparse_2015_adaptation,ok,adaptation,reproduction_unverified,False,"['Scalar constrained l1 optimization is changed to vector group-l1 with approximate ADMM/penalty bisection instead of the source CVX solve.', ""The default remains a limited Algorithms-4/5 adaptation; experimental Algorithms 1/3 reuse vector group-l1 finite ADMM and can become infeasible at the source's fixed initial error after merges."", 'An absolute floating-point jump cutoff remains a solver setting; relative-maximum filtering, degree+1 retention, expanded spacing, and singleton interval search are disabled by default.', 'The final unconstrained spline is now preserved; numerical equivalence with the original scalar objective and author examples remains unverified.']",1705.9837999986485,
Synthetic,seed20000_sample3629,luo_linf_de_2022_adaptation,ok,adaptation,reproduction_unverified,False,"['Regularization is selected by a common-MSE search instead of a verified source-paper parameter protocol.', 'DE fitness and the reported spline use endpoint-constrained least squares; a source-native solver/output is not preserved.', 'Minimum-gap projections, random population initialization, and finite DE budgets are unverified implementation choices; the forced-largest-jump fallback is now disabled.', 'The ADMM realization, local-maxima edge cases, and DE variant have no author-code/paper-example equivalence validation.']",6513.836999998603,
Synthetic,seed20000_sample886,park_dominant_point_2007_adaptation,ok,adaptation,reproduction_unverified,False,"['Common-MSE stopping replaces the source error-bound protocol; no iterative orthogonal-distance parameter update.', 'Degree-compatible shape-seed completion, endpoint knot clamps, and endpoint-constrained refits are repository choices, not independently source-verified.', 'Discrete Menger curvature and incremental LCM-seed consumption have not been checked against an author-code reference.']",64.46460000006482,
Synthetic,seed20000_sample886,liang_feature_iki_2017_adaptation,ok,adaptation,reproduction_unverified,False,"['The normalized arc/unsigned-turning-angle feature blend (default 0.5) is a repository construction, not a verified original equation.', 'Sampled feature-CDF inversion and worst-residual span bisection replace unverified analytic-feature/IKI details.', 'Common-MSE stopping, dense/initial knot counts, and endpoint-constrained fits are comparison settings.']",37.70100000110688,
Synthetic,seed20000_sample886,dung_direct_knot_2017_adaptation,ok,adaptation,reproduction_unverified,False,"[""Only simple knots are optimized; the author's multiplicity 1..degree+1 and joining-angle/continuity classifier are absent."", 'Only serial splitting is implemented; parallel split/join/shift is absent (serial is itself a published variant).', 'The shared comparison knot budget is external to the source algorithm; overflow now fails explicitly rather than silently subsampling coarse breaks.', 'The returned final curve now preserves unconstrained least squares; multiplicity and solver equivalence remain unverified.', 'sqrt(mse_tolerance) is not an equivalent native maximum-error constraint; finite-difference solver/search and short-tail guards are repository choices.']",255.3903000007267,
Synthetic,seed20000_sample886,kang_sparse_2015_adaptation,ok,adaptation,reproduction_unverified,False,"['Scalar constrained l1 optimization is changed to vector group-l1 with approximate ADMM/penalty bisection instead of the source CVX solve.', ""The default remains a limited Algorithms-4/5 adaptation; experimental Algorithms 1/3 reuse vector group-l1 finite ADMM and can become infeasible at the source's fixed initial error after merges."", 'An absolute floating-point jump cutoff remains a solver setting; relative-maximum filtering, degree+1 retention, expanded spacing, and singleton interval search are disabled by default.', 'The final unconstrained spline is now preserved; numerical equivalence with the original scalar objective and author examples remains unverified.']",1317.9295000009006,
Synthetic,seed20000_sample886,luo_linf_de_2022_adaptation,ok,adaptation,reproduction_unverified,False,"['Regularization is selected by a common-MSE search instead of a verified source-paper parameter protocol.', 'DE fitness and the reported spline use endpoint-constrained least squares; a source-native solver/output is not preserved.', 'Minimum-gap projections, random population initialization, and finite DE budgets are unverified implementation choices; the forced-largest-jump fallback is now disabled.', 'The ADMM realization, local-maxima edge cases, and DE variant have no author-code/paper-example equivalence validation.']",6185.031400000298,
Synthetic,seed20000_sample2585,park_dominant_point_2007_adaptation,ok,adaptation,reproduction_unverified,False,"['Common-MSE stopping replaces the source error-bound protocol; no iterative orthogonal-distance parameter update.', 'Degree-compatible shape-seed completion, endpoint knot clamps, and endpoint-constrained refits are repository choices, not independently source-verified.', 'Discrete Menger curvature and incremental LCM-seed consumption have not been checked against an author-code reference.']",67.34209999922314,
Synthetic,seed20000_sample2585,liang_feature_iki_2017_adaptation,ok,adaptation,reproduction_unverified,False,"['The normalized arc/unsigned-turning-angle feature blend (default 0.5) is a repository construction, not a verified original equation.', 'Sampled feature-CDF inversion and worst-residual span bisection replace unverified analytic-feature/IKI details.', 'Common-MSE stopping, dense/initial knot counts, and endpoint-constrained fits are comparison settings.']",42.86309999952209,
Synthetic,seed20000_sample2585,dung_direct_knot_2017_adaptation,ok,adaptation,reproduction_unverified,False,"[""Only simple knots are optimized; the author's multiplicity 1..degree+1 and joining-angle/continuity classifier are absent."", 'Only serial splitting is implemented; parallel split/join/shift is absent (serial is itself a published variant).', 'The shared comparison knot budget is external to the source algorithm; overflow now fails explicitly rather than silently subsampling coarse breaks.', 'The returned final curve now preserves unconstrained least squares; multiplicity and solver equivalence remain unverified.', 'sqrt(mse_tolerance) is not an equivalent native maximum-error constraint; finite-difference solver/search and short-tail guards are repository choices.']",369.7487999997975,
Synthetic,seed20000_sample2585,kang_sparse_2015_adaptation,ok,adaptation,reproduction_unverified,False,"['Scalar constrained l1 optimization is changed to vector group-l1 with approximate ADMM/penalty bisection instead of the source CVX solve.', ""The default remains a limited Algorithms-4/5 adaptation; experimental Algorithms 1/3 reuse vector group-l1 finite ADMM and can become infeasible at the source's fixed initial error after merges."", 'An absolute floating-point jump cutoff remains a solver setting; relative-maximum filtering, degree+1 retention, expanded spacing, and singleton interval search are disabled by default.', 'The final unconstrained spline is now preserved; numerical equivalence with the original scalar objective and author examples remains unverified.']",1344.7196000015538,
Synthetic,seed20000_sample2585,luo_linf_de_2022_adaptation,ok,adaptation,reproduction_unverified,False,"['Regularization is selected by a common-MSE search instead of a verified source-paper parameter protocol.', 'DE fitness and the reported spline use endpoint-constrained least squares; a source-native solver/output is not preserved.', 'Minimum-gap projections, random population initialization, and finite DE budgets are unverified implementation choices; the forced-largest-jump fallback is now disabled.', 'The ADMM realization, local-maxima edge cases, and DE variant have no author-code/paper-example equivalence validation.']",5258.269599999039,
Synthetic,seed20000_sample1698,park_dominant_point_2007_adaptation,ok,adaptation,reproduction_unverified,False,"['Common-MSE stopping replaces the source error-bound protocol; no iterative orthogonal-distance parameter update.', 'Degree-compatible shape-seed completion, endpoint knot clamps, and endpoint-constrained refits are repository choices, not independently source-verified.', 'Discrete Menger curvature and incremental LCM-seed consumption have not been checked against an author-code reference.']",56.960300000355346,
Synthetic,seed20000_sample1698,liang_feature_iki_2017_adaptation,ok,adaptation,reproduction_unverified,False,"['The normalized arc/unsigned-turning-angle feature blend (default 0.5) is a repository construction, not a verified original equation.', 'Sampled feature-CDF inversion and worst-residual span bisection replace unverified analytic-feature/IKI details.', 'Common-MSE stopping, dense/initial knot counts, and endpoint-constrained fits are comparison settings.']",44.8231999980635,
Synthetic,seed20000_sample1698,dung_direct_knot_2017_adaptation,ok,adaptation,reproduction_unverified,False,"[""Only simple knots are optimized; the author's multiplicity 1..degree+1 and joining-angle/continuity classifier are absent."", 'Only serial splitting is implemented; parallel split/join/shift is absent (serial is itself a published variant).', 'The shared comparison knot budget is external to the source algorithm; overflow now fails explicitly rather than silently subsampling coarse breaks.', 'The returned final curve now preserves unconstrained least squares; multiplicity and solver equivalence remain unverified.', 'sqrt(mse_tolerance) is not an equivalent native maximum-error constraint; finite-difference solver/search and short-tail guards are repository choices.']",397.01220000279136,
Synthetic,seed20000_sample1698,kang_sparse_2015_adaptation,ok,adaptation,reproduction_unverified,False,"['Scalar constrained l1 optimization is changed to vector group-l1 with approximate ADMM/penalty bisection instead of the source CVX solve.', ""The default remains a limited Algorithms-4/5 adaptation; experimental Algorithms 1/3 reuse vector group-l1 finite ADMM and can become infeasible at the source's fixed initial error after merges."", 'An absolute floating-point jump cutoff remains a solver setting; relative-maximum filtering, degree+1 retention, expanded spacing, and singleton interval search are disabled by default.', 'The final unconstrained spline is now preserved; numerical equivalence with the original scalar objective and author examples remains unverified.']",1325.8040999971854,
Synthetic,seed20000_sample1698,luo_linf_de_2022_adaptation,ok,adaptation,reproduction_unverified,False,"['Regularization is selected by a common-MSE search instead of a verified source-paper parameter protocol.', 'DE fitness and the reported spline use endpoint-constrained least squares; a source-native solver/output is not preserved.', 'Minimum-gap projections, random population initialization, and finite DE budgets are unverified implementation choices; the forced-largest-jump fallback is now disabled.', 'The ADMM realization, local-maxima edge cases, and DE variant have no author-code/paper-example equivalence validation.']",4125.699200001691,
Synthetic,seed20000_sample2388,park_dominant_point_2007_adaptation,ok,adaptation,reproduction_unverified,False,"['Common-MSE stopping replaces the source error-bound protocol; no iterative orthogonal-distance parameter update.', 'Degree-compatible shape-seed completion, endpoint knot clamps, and endpoint-constrained refits are repository choices, not independently source-verified.', 'Discrete Menger curvature and incremental LCM-seed consumption have not been checked against an author-code reference.']",58.97059999915655,
Synthetic,seed20000_sample2388,liang_feature_iki_2017_adaptation,ok,adaptation,reproduction_unverified,False,"['The normalized arc/unsigned-turning-angle feature blend (default 0.5) is a repository construction, not a verified original equation.', 'Sampled feature-CDF inversion and worst-residual span bisection replace unverified analytic-feature/IKI details.', 'Common-MSE stopping, dense/initial knot counts, and endpoint-constrained fits are comparison settings.']",39.066100001946324,
Synthetic,seed20000_sample2388,dung_direct_knot_2017_adaptation,ok,adaptation,reproduction_unverified,False,"[""Only simple knots are optimized; the author's multiplicity 1..degree+1 and joining-angle/continuity classifier are absent."", 'Only serial splitting is implemented; parallel split/join/shift is absent (serial is itself a published variant).', 'The shared comparison knot budget is external to the source algorithm; overflow now fails explicitly rather than silently subsampling coarse breaks.', 'The returned final curve now preserves unconstrained least squares; multiplicity and solver equivalence remain unverified.', 'sqrt(mse_tolerance) is not an equivalent native maximum-error constraint; finite-difference solver/search and short-tail guards are repository choices.']",484.6480000014708,
Synthetic,seed20000_sample2388,kang_sparse_2015_adaptation,ok,adaptation,reproduction_unverified,False,"['Scalar constrained l1 optimization is changed to vector group-l1 with approximate ADMM/penalty bisection instead of the source CVX solve.', ""The default remains a limited Algorithms-4/5 adaptation; experimental Algorithms 1/3 reuse vector group-l1 finite ADMM and can become infeasible at the source's fixed initial error after merges."", 'An absolute floating-point jump cutoff remains a solver setting; relative-maximum filtering, degree+1 retention, expanded spacing, and singleton interval search are disabled by default.', 'The final unconstrained spline is now preserved; numerical equivalence with the original scalar objective and author examples remains unverified.']",34.61009999955422,
Synthetic,seed20000_sample2388,luo_linf_de_2022_adaptation,ok,adaptation,reproduction_unverified,False,"['Regularization is selected by a common-MSE search instead of a verified source-paper parameter protocol.', 'DE fitness and the reported spline use endpoint-constrained least squares; a source-native solver/output is not preserved.', 'Minimum-gap projections, random population initialization, and finite DE budgets are unverified implementation choices; the forced-largest-jump fallback is now disabled.', 'The ADMM realization, local-maxima edge cases, and DE variant have no author-code/paper-example equivalence validation.']",1820.3138999997464,
Synthetic,seed20000_sample754,park_dominant_point_2007_adaptation,ok,adaptation,reproduction_unverified,False,"['Common-MSE stopping replaces the source error-bound protocol; no iterative orthogonal-distance parameter update.', 'Degree-compatible shape-seed completion, endpoint knot clamps, and endpoint-constrained refits are repository choices, not independently source-verified.', 'Discrete Menger curvature and incremental LCM-seed consumption have not been checked against an author-code reference.']",58.2051000019419,
Synthetic,seed20000_sample754,liang_feature_iki_2017_adaptation,ok,adaptation,reproduction_unverified,False,"['The normalized arc/unsigned-turning-angle feature blend (default 0.5) is a repository construction, not a verified original equation.', 'Sampled feature-CDF inversion and worst-residual span bisection replace unverified analytic-feature/IKI details.', 'Common-MSE stopping, dense/initial knot counts, and endpoint-constrained fits are comparison settings.']",48.688399998354726,
Synthetic,seed20000_sample754,dung_direct_knot_2017_adaptation,ok,adaptation,reproduction_unverified,False,"[""Only simple knots are optimized; the author's multiplicity 1..degree+1 and joining-angle/continuity classifier are absent."", 'Only serial splitting is implemented; parallel split/join/shift is absent (serial is itself a published variant).', 'The shared comparison knot budget is external to the source algorithm; overflow now fails explicitly rather than silently subsampling coarse breaks.', 'The returned final curve now preserves unconstrained least squares; multiplicity and solver equivalence remain unverified.', 'sqrt(mse_tolerance) is not an equivalent native maximum-error constraint; finite-difference solver/search and short-tail guards are repository choices.']",476.8283000012161,
Synthetic,seed20000_sample754,kang_sparse_2015_adaptation,ok,adaptation,reproduction_unverified,False,"['Scalar constrained l1 optimization is changed to vector group-l1 with approximate ADMM/penalty bisection instead of the source CVX solve.', ""The default remains a limited Algorithms-4/5 adaptation; experimental Algorithms 1/3 reuse vector group-l1 finite ADMM and can become infeasible at the source's fixed initial error after merges."", 'An absolute floating-point jump cutoff remains a solver setting; relative-maximum filtering, degree+1 retention, expanded spacing, and singleton interval search are disabled by default.', 'The final unconstrained spline is now preserved; numerical equivalence with the original scalar objective and author examples remains unverified.']",43.796300000394695,
Synthetic,seed20000_sample754,luo_linf_de_2022_adaptation,ok,adaptation,reproduction_unverified,False,"['Regularization is selected by a common-MSE search instead of a verified source-paper parameter protocol.', 'DE fitness and the reported spline use endpoint-constrained least squares; a source-native solver/output is not preserved.', 'Minimum-gap projections, random population initialization, and finite DE budgets are unverified implementation choices; the forced-largest-jump fallback is now disabled.', 'The ADMM realization, local-maxima edge cases, and DE variant have no author-code/paper-example equivalence validation.']",1813.8113999993948,
Synthetic,seed20000_sample3577,park_dominant_point_2007_adaptation,ok,adaptation,reproduction_unverified,False,"['Common-MSE stopping replaces the source error-bound protocol; no iterative orthogonal-distance parameter update.', 'Degree-compatible shape-seed completion, endpoint knot clamps, and endpoint-constrained refits are repository choices, not independently source-verified.', 'Discrete Menger curvature and incremental LCM-seed consumption have not been checked against an author-code reference.']",50.66900000019814,
Synthetic,seed20000_sample3577,liang_feature_iki_2017_adaptation,ok,adaptation,reproduction_unverified,False,"['The normalized arc/unsigned-turning-angle feature blend (default 0.5) is a repository construction, not a verified original equation.', 'Sampled feature-CDF inversion and worst-residual span bisection replace unverified analytic-feature/IKI details.', 'Common-MSE stopping, dense/initial knot counts, and endpoint-constrained fits are comparison settings.']",65.42179999814834,
Synthetic,seed20000_sample3577,dung_direct_knot_2017_adaptation,ok,adaptation,reproduction_unverified,False,"[""Only simple knots are optimized; the author's multiplicity 1..degree+1 and joining-angle/continuity classifier are absent."", 'Only serial splitting is implemented; parallel split/join/shift is absent (serial is itself a published variant).', 'The shared comparison knot budget is external to the source algorithm; overflow now fails explicitly rather than silently subsampling coarse breaks.', 'The returned final curve now preserves unconstrained least squares; multiplicity and solver equivalence remain unverified.', 'sqrt(mse_tolerance) is not an equivalent native maximum-error constraint; finite-difference solver/search and short-tail guards are repository choices.']",753.1453000010515,
Synthetic,seed20000_sample3577,kang_sparse_2015_adaptation,ok,adaptation,reproduction_unverified,False,"['Scalar constrained l1 optimization is changed to vector group-l1 with approximate ADMM/penalty bisection instead of the source CVX solve.', ""The default remains a limited Algorithms-4/5 adaptation; experimental Algorithms 1/3 reuse vector group-l1 finite ADMM and can become infeasible at the source's fixed initial error after merges."", 'An absolute floating-point jump cutoff remains a solver setting; relative-maximum filtering, degree+1 retention, expanded spacing, and singleton interval search are disabled by default.', 'The final unconstrained spline is now preserved; numerical equivalence with the original scalar objective and author examples remains unverified.']",61.3236000026518,
Synthetic,seed20000_sample3577,luo_linf_de_2022_adaptation,ok,adaptation,reproduction_unverified,False,"['Regularization is selected by a common-MSE search instead of a verified source-paper parameter protocol.', 'DE fitness and the reported spline use endpoint-constrained least squares; a source-native solver/output is not preserved.', 'Minimum-gap projections, random population initialization, and finite DE budgets are unverified implementation choices; the forced-largest-jump fallback is now disabled.', 'The ADMM realization, local-maxima edge cases, and DE variant have no author-code/paper-example equivalence validation.']",1760.5747999987216,
Synthetic,seed20000_sample282,park_dominant_point_2007_adaptation,ok,adaptation,reproduction_unverified,False,"['Common-MSE stopping replaces the source error-bound protocol; no iterative orthogonal-distance parameter update.', 'Degree-compatible shape-seed completion, endpoint knot clamps, and endpoint-constrained refits are repository choices, not independently source-verified.', 'Discrete Menger curvature and incremental LCM-seed consumption have not been checked against an author-code reference.']",44.88940000010189,
Synthetic,seed20000_sample282,liang_feature_iki_2017_adaptation,ok,adaptation,reproduction_unverified,False,"['The normalized arc/unsigned-turning-angle feature blend (default 0.5) is a repository construction, not a verified original equation.', 'Sampled feature-CDF inversion and worst-residual span bisection replace unverified analytic-feature/IKI details.', 'Common-MSE stopping, dense/initial knot counts, and endpoint-constrained fits are comparison settings.']",53.653200000553625,
Synthetic,seed20000_sample282,dung_direct_knot_2017_adaptation,ok,adaptation,reproduction_unverified,False,"[""Only simple knots are optimized; the author's multiplicity 1..degree+1 and joining-angle/continuity classifier are absent."", 'Only serial splitting is implemented; parallel split/join/shift is absent (serial is itself a published variant).', 'The shared comparison knot budget is external to the source algorithm; overflow now fails explicitly rather than silently subsampling coarse breaks.', 'The returned final curve now preserves unconstrained least squares; multiplicity and solver equivalence remain unverified.', 'sqrt(mse_tolerance) is not an equivalent native maximum-error constraint; finite-difference solver/search and short-tail guards are repository choices.']",715.9404000012728,
Synthetic,seed20000_sample282,kang_sparse_2015_adaptation,ok,adaptation,reproduction_unverified,False,"['Scalar constrained l1 optimization is changed to vector group-l1 with approximate ADMM/penalty bisection instead of the source CVX solve.', ""The default remains a limited Algorithms-4/5 adaptation; experimental Algorithms 1/3 reuse vector group-l1 finite ADMM and can become infeasible at the source's fixed initial error after merges."", 'An absolute floating-point jump cutoff remains a solver setting; relative-maximum filtering, degree+1 retention, expanded spacing, and singleton interval search are disabled by default.', 'The final unconstrained spline is now preserved; numerical equivalence with the original scalar objective and author examples remains unverified.']",38.61470000265399,
Synthetic,seed20000_sample282,luo_linf_de_2022_adaptation,ok,adaptation,reproduction_unverified,False,"['Regularization is selected by a common-MSE search instead of a verified source-paper parameter protocol.', 'DE fitness and the reported spline use endpoint-constrained least squares; a source-native solver/output is not preserved.', 'Minimum-gap projections, random population initialization, and finite DE budgets are unverified implementation choices; the forced-largest-jump fallback is now disabled.', 'The ADMM realization, local-maxima edge cases, and DE variant have no author-code/paper-example equivalence validation.']",1748.9631999997073,
Synthetic,seed20000_sample966,park_dominant_point_2007_adaptation,ok,adaptation,reproduction_unverified,False,"['Common-MSE stopping replaces the source error-bound protocol; no iterative orthogonal-distance parameter update.', 'Degree-compatible shape-seed completion, endpoint knot clamps, and endpoint-constrained refits are repository choices, not independently source-verified.', 'Discrete Menger curvature and incremental LCM-seed consumption have not been checked against an author-code reference.']",68.10129999939818,
Synthetic,seed20000_sample966,liang_feature_iki_2017_adaptation,ok,adaptation,reproduction_unverified,False,"['The normalized arc/unsigned-turning-angle feature blend (default 0.5) is a repository construction, not a verified original equation.', 'Sampled feature-CDF inversion and worst-residual span bisection replace unverified analytic-feature/IKI details.', 'Common-MSE stopping, dense/initial knot counts, and endpoint-constrained fits are comparison settings.']",57.579799999075476,
Synthetic,seed20000_sample966,dung_direct_knot_2017_adaptation,ok,adaptation,reproduction_unverified,False,"[""Only simple knots are optimized; the author's multiplicity 1..degree+1 and joining-angle/continuity classifier are absent."", 'Only serial splitting is implemented; parallel split/join/shift is absent (serial is itself a published variant).', 'The shared comparison knot budget is external to the source algorithm; overflow now fails explicitly rather than silently subsampling coarse breaks.', 'The returned final curve now preserves unconstrained least squares; multiplicity and solver equivalence remain unverified.', 'sqrt(mse_tolerance) is not an equivalent native maximum-error constraint; finite-difference solver/search and short-tail guards are repository choices.']",713.9607999997679,
Synthetic,seed20000_sample966,kang_sparse_2015_adaptation,ok,adaptation,reproduction_unverified,False,"['Scalar constrained l1 optimization is changed to vector group-l1 with approximate ADMM/penalty bisection instead of the source CVX solve.', ""The default remains a limited Algorithms-4/5 adaptation; experimental Algorithms 1/3 reuse vector group-l1 finite ADMM and can become infeasible at the source's fixed initial error after merges."", 'An absolute floating-point jump cutoff remains a solver setting; relative-maximum filtering, degree+1 retention, expanded spacing, and singleton interval search are disabled by default.', 'The final unconstrained spline is now preserved; numerical equivalence with the original scalar objective and author examples remains unverified.']",42.57639999923413,
Synthetic,seed20000_sample966,luo_linf_de_2022_adaptation,ok,adaptation,reproduction_unverified,False,"['Regularization is selected by a common-MSE search instead of a verified source-paper parameter protocol.', 'DE fitness and the reported spline use endpoint-constrained least squares; a source-native solver/output is not preserved.', 'Minimum-gap projections, random population initialization, and finite DE budgets are unverified implementation choices; the forced-largest-jump fallback is now disabled.', 'The ADMM realization, local-maxima edge cases, and DE variant have no author-code/paper-example equivalence validation.']",1164.3953999991936,
Synthetic,seed20000_sample1197,park_dominant_point_2007_adaptation,ok,adaptation,reproduction_unverified,False,"['Common-MSE stopping replaces the source error-bound protocol; no iterative orthogonal-distance parameter update.', 'Degree-compatible shape-seed completion, endpoint knot clamps, and endpoint-constrained refits are repository choices, not independently source-verified.', 'Discrete Menger curvature and incremental LCM-seed consumption have not been checked against an author-code reference.']",50.053399998432724,
Synthetic,seed20000_sample1197,liang_feature_iki_2017_adaptation,ok,adaptation,reproduction_unverified,False,"['The normalized arc/unsigned-turning-angle feature blend (default 0.5) is a repository construction, not a verified original equation.', 'Sampled feature-CDF inversion and worst-residual span bisection replace unverified analytic-feature/IKI details.', 'Common-MSE stopping, dense/initial knot counts, and endpoint-constrained fits are comparison settings.']",48.659299998689676,
Synthetic,seed20000_sample1197,dung_direct_knot_2017_adaptation,ok,adaptation,reproduction_unverified,False,"[""Only simple knots are optimized; the author's multiplicity 1..degree+1 and joining-angle/continuity classifier are absent."", 'Only serial splitting is implemented; parallel split/join/shift is absent (serial is itself a published variant).', 'The shared comparison knot budget is external to the source algorithm; overflow now fails explicitly rather than silently subsampling coarse breaks.', 'The returned final curve now preserves unconstrained least squares; multiplicity and solver equivalence remain unverified.', 'sqrt(mse_tolerance) is not an equivalent native maximum-error constraint; finite-difference solver/search and short-tail guards are repository choices.']",1069.3548999988707,
Synthetic,seed20000_sample1197,kang_sparse_2015_adaptation,ok,adaptation,reproduction_unverified,False,"['Scalar constrained l1 optimization is changed to vector group-l1 with approximate ADMM/penalty bisection instead of the source CVX solve.', ""The default remains a limited Algorithms-4/5 adaptation; experimental Algorithms 1/3 reuse vector group-l1 finite ADMM and can become infeasible at the source's fixed initial error after merges."", 'An absolute floating-point jump cutoff remains a solver setting; relative-maximum filtering, degree+1 retention, expanded spacing, and singleton interval search are disabled by default.', 'The final unconstrained spline is now preserved; numerical equivalence with the original scalar objective and author examples remains unverified.']",41.18889999881503,
Synthetic,seed20000_sample1197,luo_linf_de_2022_adaptation,ok,adaptation,reproduction_unverified,False,"['Regularization is selected by a common-MSE search instead of a verified source-paper parameter protocol.', 'DE fitness and the reported spline use endpoint-constrained least squares; a source-native solver/output is not preserved.', 'Minimum-gap projections, random population initialization, and finite DE budgets are unverified implementation choices; the forced-largest-jump fallback is now disabled.', 'The ADMM realization, local-maxima edge cases, and DE variant have no author-code/paper-example equivalence validation.']",6.501700001535937,
Synthetic,seed20000_sample2535,park_dominant_point_2007_adaptation,ok,adaptation,reproduction_unverified,False,"['Common-MSE stopping replaces the source error-bound protocol; no iterative orthogonal-distance parameter update.', 'Degree-compatible shape-seed completion, endpoint knot clamps, and endpoint-constrained refits are repository choices, not independently source-verified.', 'Discrete Menger curvature and incremental LCM-seed consumption have not been checked against an author-code reference.']",50.87120000098366,
Synthetic,seed20000_sample2535,liang_feature_iki_2017_adaptation,ok,adaptation,reproduction_unverified,False,"['The normalized arc/unsigned-turning-angle feature blend (default 0.5) is a repository construction, not a verified original equation.', 'Sampled feature-CDF inversion and worst-residual span bisection replace unverified analytic-feature/IKI details.', 'Common-MSE stopping, dense/initial knot counts, and endpoint-constrained fits are comparison settings.']",42.27770000215969,
Synthetic,seed20000_sample2535,dung_direct_knot_2017_adaptation,ok,adaptation,reproduction_unverified,False,"[""Only simple knots are optimized; the author's multiplicity 1..degree+1 and joining-angle/continuity classifier are absent."", 'Only serial splitting is implemented; parallel split/join/shift is absent (serial is itself a published variant).', 'The shared comparison knot budget is external to the source algorithm; overflow now fails explicitly rather than silently subsampling coarse breaks.', 'The returned final curve now preserves unconstrained least squares; multiplicity and solver equivalence remain unverified.', 'sqrt(mse_tolerance) is not an equivalent native maximum-error constraint; finite-difference solver/search and short-tail guards are repository choices.']",1025.2650000002177,
Synthetic,seed20000_sample2535,kang_sparse_2015_adaptation,ok,adaptation,reproduction_unverified,False,"['Scalar constrained l1 optimization is changed to vector group-l1 with approximate ADMM/penalty bisection instead of the source CVX solve.', ""The default remains a limited Algorithms-4/5 adaptation; experimental Algorithms 1/3 reuse vector group-l1 finite ADMM and can become infeasible at the source's fixed initial error after merges."", 'An absolute floating-point jump cutoff remains a solver setting; relative-maximum filtering, degree+1 retention, expanded spacing, and singleton interval search are disabled by default.', 'The final unconstrained spline is now preserved; numerical equivalence with the original scalar objective and author examples remains unverified.']",39.370799997414,
Synthetic,seed20000_sample2535,luo_linf_de_2022_adaptation,ok,adaptation,reproduction_unverified,False,"['Regularization is selected by a common-MSE search instead of a verified source-paper parameter protocol.', 'DE fitness and the reported spline use endpoint-constrained least squares; a source-native solver/output is not preserved.', 'Minimum-gap projections, random population initialization, and finite DE budgets are unverified implementation choices; the forced-largest-jump fallback is now disabled.', 'The ADMM realization, local-maxima edge cases, and DE variant have no author-code/paper-example equivalence validation.']",8.749700002226746,
Synthetic,seed20000_sample683,park_dominant_point_2007_adaptation,ok,adaptation,reproduction_unverified,False,"['Common-MSE stopping replaces the source error-bound protocol; no iterative orthogonal-distance parameter update.', 'Degree-compatible shape-seed completion, endpoint knot clamps, and endpoint-constrained refits are repository choices, not independently source-verified.', 'Discrete Menger curvature and incremental LCM-seed consumption have not been checked against an author-code reference.']",82.35209999838844,
Synthetic,seed20000_sample683,liang_feature_iki_2017_adaptation,ok,adaptation,reproduction_unverified,False,"['The normalized arc/unsigned-turning-angle feature blend (default 0.5) is a repository construction, not a verified original equation.', 'Sampled feature-CDF inversion and worst-residual span bisection replace unverified analytic-feature/IKI details.', 'Common-MSE stopping, dense/initial knot counts, and endpoint-constrained fits are comparison settings.']",53.87659999905736,
Synthetic,seed20000_sample683,dung_direct_knot_2017_adaptation,ok,adaptation,reproduction_unverified,False,"[""Only simple knots are optimized; the author's multiplicity 1..degree+1 and joining-angle/continuity classifier are absent."", 'Only serial splitting is implemented; parallel split/join/shift is absent (serial is itself a published variant).', 'The shared comparison knot budget is external to the source algorithm; overflow now fails explicitly rather than silently subsampling coarse breaks.', 'The returned final curve now preserves unconstrained least squares; multiplicity and solver equivalence remain unverified.', 'sqrt(mse_tolerance) is not an equivalent native maximum-error constraint; finite-difference solver/search and short-tail guards are repository choices.']",1148.540199999843,
Synthetic,seed20000_sample683,kang_sparse_2015_adaptation,ok,adaptation,reproduction_unverified,False,"['Scalar constrained l1 optimization is changed to vector group-l1 with approximate ADMM/penalty bisection instead of the source CVX solve.', ""The default remains a limited Algorithms-4/5 adaptation; experimental Algorithms 1/3 reuse vector group-l1 finite ADMM and can become infeasible at the source's fixed initial error after merges."", 'An absolute floating-point jump cutoff remains a solver setting; relative-maximum filtering, degree+1 retention, expanded spacing, and singleton interval search are disabled by default.', 'The final unconstrained spline is now preserved; numerical equivalence with the original scalar objective and author examples remains unverified.']",48.00080000131857,
Synthetic,seed20000_sample683,luo_linf_de_2022_adaptation,ok,adaptation,reproduction_unverified,False,"['Regularization is selected by a common-MSE search instead of a verified source-paper parameter protocol.', 'DE fitness and the reported spline use endpoint-constrained least squares; a source-native solver/output is not preserved.', 'Minimum-gap projections, random population initialization, and finite DE budgets are unverified implementation choices; the forced-largest-jump fallback is now disabled.', 'The ADMM realization, local-maxima edge cases, and DE variant have no author-code/paper-example equivalence validation.']",1595.009200002096,
Synthetic,seed20000_sample1927,park_dominant_point_2007_adaptation,ok,adaptation,reproduction_unverified,False,"['Common-MSE stopping replaces the source error-bound protocol; no iterative orthogonal-distance parameter update.', 'Degree-compatible shape-seed completion, endpoint knot clamps, and endpoint-constrained refits are repository choices, not independently source-verified.', 'Discrete Menger curvature and incremental LCM-seed consumption have not been checked against an author-code reference.']",61.765700000250945,
Synthetic,seed20000_sample1927,liang_feature_iki_2017_adaptation,ok,adaptation,reproduction_unverified,False,"['The normalized arc/unsigned-turning-angle feature blend (default 0.5) is a repository construction, not a verified original equation.', 'Sampled feature-CDF inversion and worst-residual span bisection replace unverified analytic-feature/IKI details.', 'Common-MSE stopping, dense/initial knot counts, and endpoint-constrained fits are comparison settings.']",50.817400002415525,
Synthetic,seed20000_sample1927,dung_direct_knot_2017_adaptation,failed,adaptation,reproduction_unverified,False,"[""Only simple knots are optimized; the author's multiplicity 1..degree+1 and joining-angle/continuity classifier are absent."", 'Only serial splitting is implemented; parallel split/join/shift is absent (serial is itself a published variant).', 'The shared comparison knot budget is external to the source algorithm; overflow now fails explicitly rather than silently subsampling coarse breaks.', 'The returned final curve now preserves unconstrained least squares; multiplicity and solver equivalence remain unverified.', 'sqrt(mse_tolerance) is not an equivalent native maximum-error constraint; finite-difference solver/search and short-tail guards are repository choices.']",418.98009999931674,"ValueError: Dung capacity limit exceeded: serial segmentation proposes 17 internal knots, but the shared budget is 16; no boundaries were silently discarded."
Synthetic,seed20000_sample1927,kang_sparse_2015_adaptation,ok,adaptation,reproduction_unverified,False,"['Scalar constrained l1 optimization is changed to vector group-l1 with approximate ADMM/penalty bisection instead of the source CVX solve.', ""The default remains a limited Algorithms-4/5 adaptation; experimental Algorithms 1/3 reuse vector group-l1 finite ADMM and can become infeasible at the source's fixed initial error after merges."", 'An absolute floating-point jump cutoff remains a solver setting; relative-maximum filtering, degree+1 retention, expanded spacing, and singleton interval search are disabled by default.', 'The final unconstrained spline is now preserved; numerical equivalence with the original scalar objective and author examples remains unverified.']",49.184200001036515,
Synthetic,seed20000_sample1927,luo_linf_de_2022_adaptation,ok,adaptation,reproduction_unverified,False,"['Regularization is selected by a common-MSE search instead of a verified source-paper parameter protocol.', 'DE fitness and the reported spline use endpoint-constrained least squares; a source-native solver/output is not preserved.', 'Minimum-gap projections, random population initialization, and finite DE budgets are unverified implementation choices; the forced-largest-jump fallback is now disabled.', 'The ADMM realization, local-maxima edge cases, and DE variant have no author-code/paper-example equivalence validation.']",7.895000002463348,
Synthetic,seed20000_sample2967,park_dominant_point_2007_adaptation,ok,adaptation,reproduction_unverified,False,"['Common-MSE stopping replaces the source error-bound protocol; no iterative orthogonal-distance parameter update.', 'Degree-compatible shape-seed completion, endpoint knot clamps, and endpoint-constrained refits are repository choices, not independently source-verified.', 'Discrete Menger curvature and incremental LCM-seed consumption have not been checked against an author-code reference.']",63.289500001701526,
Synthetic,seed20000_sample2967,liang_feature_iki_2017_adaptation,ok,adaptation,reproduction_unverified,False,"['The normalized arc/unsigned-turning-angle feature blend (default 0.5) is a repository construction, not a verified original equation.', 'Sampled feature-CDF inversion and worst-residual span bisection replace unverified analytic-feature/IKI details.', 'Common-MSE stopping, dense/initial knot counts, and endpoint-constrained fits are comparison settings.']",45.70719999901485,
Synthetic,seed20000_sample2967,dung_direct_knot_2017_adaptation,failed,adaptation,reproduction_unverified,False,"[""Only simple knots are optimized; the author's multiplicity 1..degree+1 and joining-angle/continuity classifier are absent."", 'Only serial splitting is implemented; parallel split/join/shift is absent (serial is itself a published variant).', 'The shared comparison knot budget is external to the source algorithm; overflow now fails explicitly rather than silently subsampling coarse breaks.', 'The returned final curve now preserves unconstrained least squares; multiplicity and solver equivalence remain unverified.', 'sqrt(mse_tolerance) is not an equivalent native maximum-error constraint; finite-difference solver/search and short-tail guards are repository choices.']",371.82730000131414,"ValueError: Dung capacity limit exceeded: serial segmentation proposes 18 internal knots, but the shared budget is 16; no boundaries were silently discarded."
Synthetic,seed20000_sample2967,kang_sparse_2015_adaptation,ok,adaptation,reproduction_unverified,False,"['Scalar constrained l1 optimization is changed to vector group-l1 with approximate ADMM/penalty bisection instead of the source CVX solve.', ""The default remains a limited Algorithms-4/5 adaptation; experimental Algorithms 1/3 reuse vector group-l1 finite ADMM and can become infeasible at the source's fixed initial error after merges."", 'An absolute floating-point jump cutoff remains a solver setting; relative-maximum filtering, degree+1 retention, expanded spacing, and singleton interval search are disabled by default.', 'The final unconstrained spline is now preserved; numerical equivalence with the original scalar objective and author examples remains unverified.']",62.62069999866071,
Synthetic,seed20000_sample2967,luo_linf_de_2022_adaptation,ok,adaptation,reproduction_unverified,False,"['Regularization is selected by a common-MSE search instead of a verified source-paper parameter protocol.', 'DE fitness and the reported spline use endpoint-constrained least squares; a source-native solver/output is not preserved.', 'Minimum-gap projections, random population initialization, and finite DE budgets are unverified implementation choices; the forced-largest-jump fallback is now disabled.', 'The ADMM realization, local-maxima edge cases, and DE variant have no author-code/paper-example equivalence validation.']",7.6346000023477245,
Synthetic,seed20000_sample731,park_dominant_point_2007_adaptation,ok,adaptation,reproduction_unverified,False,"['Common-MSE stopping replaces the source error-bound protocol; no iterative orthogonal-distance parameter update.', 'Degree-compatible shape-seed completion, endpoint knot clamps, and endpoint-constrained refits are repository choices, not independently source-verified.', 'Discrete Menger curvature and incremental LCM-seed consumption have not been checked against an author-code reference.']",70.51689999934752,
Synthetic,seed20000_sample731,liang_feature_iki_2017_adaptation,ok,adaptation,reproduction_unverified,False,"['The normalized arc/unsigned-turning-angle feature blend (default 0.5) is a repository construction, not a verified original equation.', 'Sampled feature-CDF inversion and worst-residual span bisection replace unverified analytic-feature/IKI details.', 'Common-MSE stopping, dense/initial knot counts, and endpoint-constrained fits are comparison settings.']",41.715300001669675,
Synthetic,seed20000_sample731,dung_direct_knot_2017_adaptation,failed,adaptation,reproduction_unverified,False,"[""Only simple knots are optimized; the author's multiplicity 1..degree+1 and joining-angle/continuity classifier are absent."", 'Only serial splitting is implemented; parallel split/join/shift is absent (serial is itself a published variant).', 'The shared comparison knot budget is external to the source algorithm; overflow now fails explicitly rather than silently subsampling coarse breaks.', 'The returned final curve now preserves unconstrained least squares; multiplicity and solver equivalence remain unverified.', 'sqrt(mse_tolerance) is not an equivalent native maximum-error constraint; finite-difference solver/search and short-tail guards are repository choices.']",381.68489999952726,"ValueError: Dung capacity limit exceeded: serial segmentation proposes 19 internal knots, but the shared budget is 16; no boundaries were silently discarded."
Synthetic,seed20000_sample731,kang_sparse_2015_adaptation,ok,adaptation,reproduction_unverified,False,"['Scalar constrained l1 optimization is changed to vector group-l1 with approximate ADMM/penalty bisection instead of the source CVX solve.', ""The default remains a limited Algorithms-4/5 adaptation; experimental Algorithms 1/3 reuse vector group-l1 finite ADMM and can become infeasible at the source's fixed initial error after merges."", 'An absolute floating-point jump cutoff remains a solver setting; relative-maximum filtering, degree+1 retention, expanded spacing, and singleton interval search are disabled by default.', 'The final unconstrained spline is now preserved; numerical equivalence with the original scalar objective and author examples remains unverified.']",50.07090000071912,
Synthetic,seed20000_sample731,luo_linf_de_2022_adaptation,ok,adaptation,reproduction_unverified,False,"['Regularization is selected by a common-MSE search instead of a verified source-paper parameter protocol.', 'DE fitness and the reported spline use endpoint-constrained least squares; a source-native solver/output is not preserved.', 'Minimum-gap projections, random population initialization, and finite DE budgets are unverified implementation choices; the forced-largest-jump fallback is now disabled.', 'The ADMM realization, local-maxima edge cases, and DE variant have no author-code/paper-example equivalence validation.']",8.545499997126171,
Synthetic,seed20000_sample2010,park_dominant_point_2007_adaptation,ok,adaptation,reproduction_unverified,False,"['Common-MSE stopping replaces the source error-bound protocol; no iterative orthogonal-distance parameter update.', 'Degree-compatible shape-seed completion, endpoint knot clamps, and endpoint-constrained refits are repository choices, not independently source-verified.', 'Discrete Menger curvature and incremental LCM-seed consumption have not been checked against an author-code reference.']",47.02240000187885,
Synthetic,seed20000_sample2010,liang_feature_iki_2017_adaptation,ok,adaptation,reproduction_unverified,False,"['The normalized arc/unsigned-turning-angle feature blend (default 0.5) is a repository construction, not a verified original equation.', 'Sampled feature-CDF inversion and worst-residual span bisection replace unverified analytic-feature/IKI details.', 'Common-MSE stopping, dense/initial knot counts, and endpoint-constrained fits are comparison settings.']",34.674500002438435,
Synthetic,seed20000_sample2010,dung_direct_knot_2017_adaptation,failed,adaptation,reproduction_unverified,False,"[""Only simple knots are optimized; the author's multiplicity 1..degree+1 and joining-angle/continuity classifier are absent."", 'Only serial splitting is implemented; parallel split/join/shift is absent (serial is itself a published variant).', 'The shared comparison knot budget is external to the source algorithm; overflow now fails explicitly rather than silently subsampling coarse breaks.', 'The returned final curve now preserves unconstrained least squares; multiplicity and solver equivalence remain unverified.', 'sqrt(mse_tolerance) is not an equivalent native maximum-error constraint; finite-difference solver/search and short-tail guards are repository choices.']",441.6229000016756,"ValueError: Dung capacity limit exceeded: serial segmentation proposes 20 internal knots, but the shared budget is 16; no boundaries were silently discarded."
Synthetic,seed20000_sample2010,kang_sparse_2015_adaptation,ok,adaptation,reproduction_unverified,False,"['Scalar constrained l1 optimization is changed to vector group-l1 with approximate ADMM/penalty bisection instead of the source CVX solve.', ""The default remains a limited Algorithms-4/5 adaptation; experimental Algorithms 1/3 reuse vector group-l1 finite ADMM and can become infeasible at the source's fixed initial error after merges."", 'An absolute floating-point jump cutoff remains a solver setting; relative-maximum filtering, degree+1 retention, expanded spacing, and singleton interval search are disabled by default.', 'The final unconstrained spline is now preserved; numerical equivalence with the original scalar objective and author examples remains unverified.']",41.80969999652007,
Synthetic,seed20000_sample2010,luo_linf_de_2022_adaptation,ok,adaptation,reproduction_unverified,False,"['Regularization is selected by a common-MSE search instead of a verified source-paper parameter protocol.', 'DE fitness and the reported spline use endpoint-constrained least squares; a source-native solver/output is not preserved.', 'Minimum-gap projections, random population initialization, and finite DE budgets are unverified implementation choices; the forced-largest-jump fallback is now disabled.', 'The ADMM realization, local-maxima edge cases, and DE variant have no author-code/paper-example equivalence validation.']",8.559699999750592,
Synthetic,seed20000_sample163,park_dominant_point_2007_adaptation,ok,adaptation,reproduction_unverified,False,"['Common-MSE stopping replaces the source error-bound protocol; no iterative orthogonal-distance parameter update.', 'Degree-compatible shape-seed completion, endpoint knot clamps, and endpoint-constrained refits are repository choices, not independently source-verified.', 'Discrete Menger curvature and incremental LCM-seed consumption have not been checked against an author-code reference.']",50.25680000107968,
Synthetic,seed20000_sample163,liang_feature_iki_2017_adaptation,ok,adaptation,reproduction_unverified,False,"['The normalized arc/unsigned-turning-angle feature blend (default 0.5) is a repository construction, not a verified original equation.', 'Sampled feature-CDF inversion and worst-residual span bisection replace unverified analytic-feature/IKI details.', 'Common-MSE stopping, dense/initial knot counts, and endpoint-constrained fits are comparison settings.']",32.24200000113342,
Synthetic,seed20000_sample163,dung_direct_knot_2017_adaptation,failed,adaptation,reproduction_unverified,False,"[""Only simple knots are optimized; the author's multiplicity 1..degree+1 and joining-angle/continuity classifier are absent."", 'Only serial splitting is implemented; parallel split/join/shift is absent (serial is itself a published variant).', 'The shared comparison knot budget is external to the source algorithm; overflow now fails explicitly rather than silently subsampling coarse breaks.', 'The returned final curve now preserves unconstrained least squares; multiplicity and solver equivalence remain unverified.', 'sqrt(mse_tolerance) is not an equivalent native maximum-error constraint; finite-difference solver/search and short-tail guards are repository choices.']",388.86839999759104,"ValueError: Dung capacity limit exceeded: serial segmentation proposes 20 internal knots, but the shared budget is 16; no boundaries were silently discarded."
Synthetic,seed20000_sample163,kang_sparse_2015_adaptation,ok,adaptation,reproduction_unverified,False,"['Scalar constrained l1 optimization is changed to vector group-l1 with approximate ADMM/penalty bisection instead of the source CVX solve.', ""The default remains a limited Algorithms-4/5 adaptation; experimental Algorithms 1/3 reuse vector group-l1 finite ADMM and can become infeasible at the source's fixed initial error after merges."", 'An absolute floating-point jump cutoff remains a solver setting; relative-maximum filtering, degree+1 retention, expanded spacing, and singleton interval search are disabled by default.', 'The final unconstrained spline is now preserved; numerical equivalence with the original scalar objective and author examples remains unverified.']",47.59189999822411,
Synthetic,seed20000_sample163,luo_linf_de_2022_adaptation,ok,adaptation,reproduction_unverified,False,"['Regularization is selected by a common-MSE search instead of a verified source-paper parameter protocol.', 'DE fitness and the reported spline use endpoint-constrained least squares; a source-native solver/output is not preserved.', 'Minimum-gap projections, random population initialization, and finite DE budgets are unverified implementation choices; the forced-largest-jump fallback is now disabled.', 'The ADMM realization, local-maxima edge cases, and DE variant have no author-code/paper-example equivalence validation.']",1756.9502000005741,
Synthetic,seed20000_sample1139,park_dominant_point_2007_adaptation,ok,adaptation,reproduction_unverified,False,"['Common-MSE stopping replaces the source error-bound protocol; no iterative orthogonal-distance parameter update.', 'Degree-compatible shape-seed completion, endpoint knot clamps, and endpoint-constrained refits are repository choices, not independently source-verified.', 'Discrete Menger curvature and incremental LCM-seed consumption have not been checked against an author-code reference.']",53.89880000075209,
Synthetic,seed20000_sample1139,liang_feature_iki_2017_adaptation,ok,adaptation,reproduction_unverified,False,"['The normalized arc/unsigned-turning-angle feature blend (default 0.5) is a repository construction, not a verified original equation.', 'Sampled feature-CDF inversion and worst-residual span bisection replace unverified analytic-feature/IKI details.', 'Common-MSE stopping, dense/initial knot counts, and endpoint-constrained fits are comparison settings.']",56.551400000898866,
Synthetic,seed20000_sample1139,dung_direct_knot_2017_adaptation,failed,adaptation,reproduction_unverified,False,"[""Only simple knots are optimized; the author's multiplicity 1..degree+1 and joining-angle/continuity classifier are absent."", 'Only serial splitting is implemented; parallel split/join/shift is absent (serial is itself a published variant).', 'The shared comparison knot budget is external to the source algorithm; overflow now fails explicitly rather than silently subsampling coarse breaks.', 'The returned final curve now preserves unconstrained least squares; multiplicity and solver equivalence remain unverified.', 'sqrt(mse_tolerance) is not an equivalent native maximum-error constraint; finite-difference solver/search and short-tail guards are repository choices.']",552.040800001123,"ValueError: Dung capacity limit exceeded: serial segmentation proposes 22 internal knots, but the shared budget is 16; no boundaries were silently discarded."
Synthetic,seed20000_sample1139,kang_sparse_2015_adaptation,ok,adaptation,reproduction_unverified,False,"['Scalar constrained l1 optimization is changed to vector group-l1 with approximate ADMM/penalty bisection instead of the source CVX solve.', ""The default remains a limited Algorithms-4/5 adaptation; experimental Algorithms 1/3 reuse vector group-l1 finite ADMM and can become infeasible at the source's fixed initial error after merges."", 'An absolute floating-point jump cutoff remains a solver setting; relative-maximum filtering, degree+1 retention, expanded spacing, and singleton interval search are disabled by default.', 'The final unconstrained spline is now preserved; numerical equivalence with the original scalar objective and author examples remains unverified.']",49.571499999728985,
Synthetic,seed20000_sample1139,luo_linf_de_2022_adaptation,ok,adaptation,reproduction_unverified,False,"['Regularization is selected by a common-MSE search instead of a verified source-paper parameter protocol.', 'DE fitness and the reported spline use endpoint-constrained least squares; a source-native solver/output is not preserved.', 'Minimum-gap projections, random population initialization, and finite DE budgets are unverified implementation choices; the forced-largest-jump fallback is now disabled.', 'The ADMM realization, local-maxima edge cases, and DE variant have no author-code/paper-example equivalence validation.']",1345.1177000024472,
Synthetic,seed20000_sample3902,park_dominant_point_2007_adaptation,ok,adaptation,reproduction_unverified,False,"['Common-MSE stopping replaces the source error-bound protocol; no iterative orthogonal-distance parameter update.', 'Degree-compatible shape-seed completion, endpoint knot clamps, and endpoint-constrained refits are repository choices, not independently source-verified.', 'Discrete Menger curvature and incremental LCM-seed consumption have not been checked against an author-code reference.']",52.12250000113272,
Synthetic,seed20000_sample3902,liang_feature_iki_2017_adaptation,ok,adaptation,reproduction_unverified,False,"['The normalized arc/unsigned-turning-angle feature blend (default 0.5) is a repository construction, not a verified original equation.', 'Sampled feature-CDF inversion and worst-residual span bisection replace unverified analytic-feature/IKI details.', 'Common-MSE stopping, dense/initial knot counts, and endpoint-constrained fits are comparison settings.']",50.22889999963809,
Synthetic,seed20000_sample3902,dung_direct_knot_2017_adaptation,failed,adaptation,reproduction_unverified,False,"[""Only simple knots are optimized; the author's multiplicity 1..degree+1 and joining-angle/continuity classifier are absent."", 'Only serial splitting is implemented; parallel split/join/shift is absent (serial is itself a published variant).', 'The shared comparison knot budget is external to the source algorithm; overflow now fails explicitly rather than silently subsampling coarse breaks.', 'The returned final curve now preserves unconstrained least squares; multiplicity and solver equivalence remain unverified.', 'sqrt(mse_tolerance) is not an equivalent native maximum-error constraint; finite-difference solver/search and short-tail guards are repository choices.']",469.88950000013574,"ValueError: Dung capacity limit exceeded: serial segmentation proposes 23 internal knots, but the shared budget is 16; no boundaries were silently discarded."
Synthetic,seed20000_sample3902,kang_sparse_2015_adaptation,ok,adaptation,reproduction_unverified,False,"['Scalar constrained l1 optimization is changed to vector group-l1 with approximate ADMM/penalty bisection instead of the source CVX solve.', ""The default remains a limited Algorithms-4/5 adaptation; experimental Algorithms 1/3 reuse vector group-l1 finite ADMM and can become infeasible at the source's fixed initial error after merges."", 'An absolute floating-point jump cutoff remains a solver setting; relative-maximum filtering, degree+1 retention, expanded spacing, and singleton interval search are disabled by default.', 'The final unconstrained spline is now preserved; numerical equivalence with the original scalar objective and author examples remains unverified.']",54.79120000018156,
Synthetic,seed20000_sample3902,luo_linf_de_2022_adaptation,ok,adaptation,reproduction_unverified,False,"['Regularization is selected by a common-MSE search instead of a verified source-paper parameter protocol.', 'DE fitness and the reported spline use endpoint-constrained least squares; a source-native solver/output is not preserved.', 'Minimum-gap projections, random population initialization, and finite DE budgets are unverified implementation choices; the forced-largest-jump fallback is now disabled.', 'The ADMM realization, local-maxima edge cases, and DE variant have no author-code/paper-example equivalence validation.']",1150.202500000887,
Synthetic,seed20000_sample4061,park_dominant_point_2007_adaptation,ok,adaptation,reproduction_unverified,False,"['Common-MSE stopping replaces the source error-bound protocol; no iterative orthogonal-distance parameter update.', 'Degree-compatible shape-seed completion, endpoint knot clamps, and endpoint-constrained refits are repository choices, not independently source-verified.', 'Discrete Menger curvature and incremental LCM-seed consumption have not been checked against an author-code reference.']",52.039399997738656,
Synthetic,seed20000_sample4061,liang_feature_iki_2017_adaptation,ok,adaptation,reproduction_unverified,False,"['The normalized arc/unsigned-turning-angle feature blend (default 0.5) is a repository construction, not a verified original equation.', 'Sampled feature-CDF inversion and worst-residual span bisection replace unverified analytic-feature/IKI details.', 'Common-MSE stopping, dense/initial knot counts, and endpoint-constrained fits are comparison settings.']",46.04479999761679,
Synthetic,seed20000_sample4061,dung_direct_knot_2017_adaptation,failed,adaptation,reproduction_unverified,False,"[""Only simple knots are optimized; the author's multiplicity 1..degree+1 and joining-angle/continuity classifier are absent."", 'Only serial splitting is implemented; parallel split/join/shift is absent (serial is itself a published variant).', 'The shared comparison knot budget is external to the source algorithm; overflow now fails explicitly rather than silently subsampling coarse breaks.', 'The returned final curve now preserves unconstrained least squares; multiplicity and solver equivalence remain unverified.', 'sqrt(mse_tolerance) is not an equivalent native maximum-error constraint; finite-difference solver/search and short-tail guards are repository choices.']",689.8350000010396,"ValueError: Dung capacity limit exceeded: serial segmentation proposes 24 internal knots, but the shared budget is 16; no boundaries were silently discarded."
Synthetic,seed20000_sample4061,kang_sparse_2015_adaptation,ok,adaptation,reproduction_unverified,False,"['Scalar constrained l1 optimization is changed to vector group-l1 with approximate ADMM/penalty bisection instead of the source CVX solve.', ""The default remains a limited Algorithms-4/5 adaptation; experimental Algorithms 1/3 reuse vector group-l1 finite ADMM and can become infeasible at the source's fixed initial error after merges."", 'An absolute floating-point jump cutoff remains a solver setting; relative-maximum filtering, degree+1 retention, expanded spacing, and singleton interval search are disabled by default.', 'The final unconstrained spline is now preserved; numerical equivalence with the original scalar objective and author examples remains unverified.']",109.03529999995953,
Synthetic,seed20000_sample4061,luo_linf_de_2022_adaptation,ok,adaptation,reproduction_unverified,False,"['Regularization is selected by a common-MSE search instead of a verified source-paper parameter protocol.', 'DE fitness and the reported spline use endpoint-constrained least squares; a source-native solver/output is not preserved.', 'Minimum-gap projections, random population initialization, and finite DE budgets are unverified implementation choices; the forced-largest-jump fallback is now disabled.', 'The ADMM realization, local-maxima edge cases, and DE variant have no author-code/paper-example equivalence validation.']",1640.5645000013465,
Synthetic,seed20000_sample1876,park_dominant_point_2007_adaptation,ok,adaptation,reproduction_unverified,False,"['Common-MSE stopping replaces the source error-bound protocol; no iterative orthogonal-distance parameter update.', 'Degree-compatible shape-seed completion, endpoint knot clamps, and endpoint-constrained refits are repository choices, not independently source-verified.', 'Discrete Menger curvature and incremental LCM-seed consumption have not been checked against an author-code reference.']",83.66840000235243,
Synthetic,seed20000_sample1876,liang_feature_iki_2017_adaptation,ok,adaptation,reproduction_unverified,False,"['The normalized arc/unsigned-turning-angle feature blend (default 0.5) is a repository construction, not a verified original equation.', 'Sampled feature-CDF inversion and worst-residual span bisection replace unverified analytic-feature/IKI details.', 'Common-MSE stopping, dense/initial knot counts, and endpoint-constrained fits are comparison settings.']",55.16370000259485,
Synthetic,seed20000_sample1876,dung_direct_knot_2017_adaptation,failed,adaptation,reproduction_unverified,False,"[""Only simple knots are optimized; the author's multiplicity 1..degree+1 and joining-angle/continuity classifier are absent."", 'Only serial splitting is implemented; parallel split/join/shift is absent (serial is itself a published variant).', 'The shared comparison knot budget is external to the source algorithm; overflow now fails explicitly rather than silently subsampling coarse breaks.', 'The returned final curve now preserves unconstrained least squares; multiplicity and solver equivalence remain unverified.', 'sqrt(mse_tolerance) is not an equivalent native maximum-error constraint; finite-difference solver/search and short-tail guards are repository choices.']",474.60489999866695,"ValueError: Dung capacity limit exceeded: serial segmentation proposes 24 internal knots, but the shared budget is 16; no boundaries were silently discarded."
Synthetic,seed20000_sample1876,kang_sparse_2015_adaptation,ok,adaptation,reproduction_unverified,False,"['Scalar constrained l1 optimization is changed to vector group-l1 with approximate ADMM/penalty bisection instead of the source CVX solve.', ""The default remains a limited Algorithms-4/5 adaptation; experimental Algorithms 1/3 reuse vector group-l1 finite ADMM and can become infeasible at the source's fixed initial error after merges."", 'An absolute floating-point jump cutoff remains a solver setting; relative-maximum filtering, degree+1 retention, expanded spacing, and singleton interval search are disabled by default.', 'The final unconstrained spline is now preserved; numerical equivalence with the original scalar objective and author examples remains unverified.']",51.253399997222004,
Synthetic,seed20000_sample1876,luo_linf_de_2022_adaptation,ok,adaptation,reproduction_unverified,False,"['Regularization is selected by a common-MSE search instead of a verified source-paper parameter protocol.', 'DE fitness and the reported spline use endpoint-constrained least squares; a source-native solver/output is not preserved.', 'Minimum-gap projections, random population initialization, and finite DE budgets are unverified implementation choices; the forced-largest-jump fallback is now disabled.', 'The ADMM realization, local-maxima edge cases, and DE variant have no author-code/paper-example equivalence validation.']",1272.2732000001997,
UJI,uji2_10938_stroke_01,park_dominant_point_2007_adaptation,ok,adaptation,reproduction_unverified,False,"['Common-MSE stopping replaces the source error-bound protocol; no iterative orthogonal-distance parameter update.', 'Degree-compatible shape-seed completion, endpoint knot clamps, and endpoint-constrained refits are repository choices, not independently source-verified.', 'Discrete Menger curvature and incremental LCM-seed consumption have not been checked against an author-code reference.']",13.755799998762086,
UJI,uji2_10938_stroke_01,liang_feature_iki_2017_adaptation,ok,adaptation,reproduction_unverified,False,"['The normalized arc/unsigned-turning-angle feature blend (default 0.5) is a repository construction, not a verified original equation.', 'Sampled feature-CDF inversion and worst-residual span bisection replace unverified analytic-feature/IKI details.', 'Common-MSE stopping, dense/initial knot counts, and endpoint-constrained fits are comparison settings.']",14.546300000802148,
UJI,uji2_10938_stroke_01,dung_direct_knot_2017_adaptation,ok,adaptation,reproduction_unverified,False,"[""Only simple knots are optimized; the author's multiplicity 1..degree+1 and joining-angle/continuity classifier are absent."", 'Only serial splitting is implemented; parallel split/join/shift is absent (serial is itself a published variant).', 'The shared comparison knot budget is external to the source algorithm; overflow now fails explicitly rather than silently subsampling coarse breaks.', 'The returned final curve now preserves unconstrained least squares; multiplicity and solver equivalence remain unverified.', 'sqrt(mse_tolerance) is not an equivalent native maximum-error constraint; finite-difference solver/search and short-tail guards are repository choices.']",159.39419999995152,
UJI,uji2_10938_stroke_01,kang_sparse_2015_adaptation,ok,adaptation,reproduction_unverified,False,"['Scalar constrained l1 optimization is changed to vector group-l1 with approximate ADMM/penalty bisection instead of the source CVX solve.', ""The default remains a limited Algorithms-4/5 adaptation; experimental Algorithms 1/3 reuse vector group-l1 finite ADMM and can become infeasible at the source's fixed initial error after merges."", 'An absolute floating-point jump cutoff remains a solver setting; relative-maximum filtering, degree+1 retention, expanded spacing, and singleton interval search are disabled by default.', 'The final unconstrained spline is now preserved; numerical equivalence with the original scalar objective and author examples remains unverified.']",2116.603699996631,
UJI,uji2_10938_stroke_01,luo_linf_de_2022_adaptation,ok,adaptation,reproduction_unverified,False,"['Regularization is selected by a common-MSE search instead of a verified source-paper parameter protocol.', 'DE fitness and the reported spline use endpoint-constrained least squares; a source-native solver/output is not preserved.', 'Minimum-gap projections, random population initialization, and finite DE budgets are unverified implementation choices; the forced-largest-jump fallback is now disabled.', 'The ADMM realization, local-maxima edge cases, and DE variant have no author-code/paper-example equivalence validation.']",6323.124499998812,
UJI,uji2_09247_stroke_01,park_dominant_point_2007_adaptation,ok,adaptation,reproduction_unverified,False,"['Common-MSE stopping replaces the source error-bound protocol; no iterative orthogonal-distance parameter update.', 'Degree-compatible shape-seed completion, endpoint knot clamps, and endpoint-constrained refits are repository choices, not independently source-verified.', 'Discrete Menger curvature and incremental LCM-seed consumption have not been checked against an author-code reference.']",26.412300001538824,
UJI,uji2_09247_stroke_01,liang_feature_iki_2017_adaptation,ok,adaptation,reproduction_unverified,False,"['The normalized arc/unsigned-turning-angle feature blend (default 0.5) is a repository construction, not a verified original equation.', 'Sampled feature-CDF inversion and worst-residual span bisection replace unverified analytic-feature/IKI details.', 'Common-MSE stopping, dense/initial knot counts, and endpoint-constrained fits are comparison settings.']",13.339999997697305,
UJI,uji2_09247_stroke_01,dung_direct_knot_2017_adaptation,ok,adaptation,reproduction_unverified,False,"[""Only simple knots are optimized; the author's multiplicity 1..degree+1 and joining-angle/continuity classifier are absent."", 'Only serial splitting is implemented; parallel split/join/shift is absent (serial is itself a published variant).', 'The shared comparison knot budget is external to the source algorithm; overflow now fails explicitly rather than silently subsampling coarse breaks.', 'The returned final curve now preserves unconstrained least squares; multiplicity and solver equivalence remain unverified.', 'sqrt(mse_tolerance) is not an equivalent native maximum-error constraint; finite-difference solver/search and short-tail guards are repository choices.']",159.51619999759714,
UJI,uji2_09247_stroke_01,kang_sparse_2015_adaptation,ok,adaptation,reproduction_unverified,False,"['Scalar constrained l1 optimization is changed to vector group-l1 with approximate ADMM/penalty bisection instead of the source CVX solve.', ""The default remains a limited Algorithms-4/5 adaptation; experimental Algorithms 1/3 reuse vector group-l1 finite ADMM and can become infeasible at the source's fixed initial error after merges."", 'An absolute floating-point jump cutoff remains a solver setting; relative-maximum filtering, degree+1 retention, expanded spacing, and singleton interval search are disabled by default.', 'The final unconstrained spline is now preserved; numerical equivalence with the original scalar objective and author examples remains unverified.']",2999.3060999986483,
UJI,uji2_09247_stroke_01,luo_linf_de_2022_adaptation,ok,adaptation,reproduction_unverified,False,"['Regularization is selected by a common-MSE search instead of a verified source-paper parameter protocol.', 'DE fitness and the reported spline use endpoint-constrained least squares; a source-native solver/output is not preserved.', 'Minimum-gap projections, random population initialization, and finite DE budgets are unverified implementation choices; the forced-largest-jump fallback is now disabled.', 'The ADMM realization, local-maxima edge cases, and DE variant have no author-code/paper-example equivalence validation.']",5850.656599999638,
UJI,uji2_03090_stroke_00,park_dominant_point_2007_adaptation,ok,adaptation,reproduction_unverified,False,"['Common-MSE stopping replaces the source error-bound protocol; no iterative orthogonal-distance parameter update.', 'Degree-compatible shape-seed completion, endpoint knot clamps, and endpoint-constrained refits are repository choices, not independently source-verified.', 'Discrete Menger curvature and incremental LCM-seed consumption have not been checked against an author-code reference.']",50.1797999968403,
UJI,uji2_03090_stroke_00,liang_feature_iki_2017_adaptation,ok,adaptation,reproduction_unverified,False,"['The normalized arc/unsigned-turning-angle feature blend (default 0.5) is a repository construction, not a verified original equation.', 'Sampled feature-CDF inversion and worst-residual span bisection replace unverified analytic-feature/IKI details.', 'Common-MSE stopping, dense/initial knot counts, and endpoint-constrained fits are comparison settings.']",34.45129999818164,
UJI,uji2_03090_stroke_00,dung_direct_knot_2017_adaptation,ok,adaptation,reproduction_unverified,False,"[""Only simple knots are optimized; the author's multiplicity 1..degree+1 and joining-angle/continuity classifier are absent."", 'Only serial splitting is implemented; parallel split/join/shift is absent (serial is itself a published variant).', 'The shared comparison knot budget is external to the source algorithm; overflow now fails explicitly rather than silently subsampling coarse breaks.', 'The returned final curve now preserves unconstrained least squares; multiplicity and solver equivalence remain unverified.', 'sqrt(mse_tolerance) is not an equivalent native maximum-error constraint; finite-difference solver/search and short-tail guards are repository choices.']",495.94989999968675,
UJI,uji2_03090_stroke_00,kang_sparse_2015_adaptation,ok,adaptation,reproduction_unverified,False,"['Scalar constrained l1 optimization is changed to vector group-l1 with approximate ADMM/penalty bisection instead of the source CVX solve.', ""The default remains a limited Algorithms-4/5 adaptation; experimental Algorithms 1/3 reuse vector group-l1 finite ADMM and can become infeasible at the source's fixed initial error after merges."", 'An absolute floating-point jump cutoff remains a solver setting; relative-maximum filtering, degree+1 retention, expanded spacing, and singleton interval search are disabled by default.', 'The final unconstrained spline is now preserved; numerical equivalence with the original scalar objective and author examples remains unverified.']",46.40289999952074,
UJI,uji2_03090_stroke_00,luo_linf_de_2022_adaptation,ok,adaptation,reproduction_unverified,False,"['Regularization is selected by a common-MSE search instead of a verified source-paper parameter protocol.', 'DE fitness and the reported spline use endpoint-constrained least squares; a source-native solver/output is not preserved.', 'Minimum-gap projections, random population initialization, and finite DE budgets are unverified implementation choices; the forced-largest-jump fallback is now disabled.', 'The ADMM realization, local-maxima edge cases, and DE variant have no author-code/paper-example equivalence validation.']",1198.3717000002798,
UJI,uji2_05675_stroke_00,park_dominant_point_2007_adaptation,ok,adaptation,reproduction_unverified,False,"['Common-MSE stopping replaces the source error-bound protocol; no iterative orthogonal-distance parameter update.', 'Degree-compatible shape-seed completion, endpoint knot clamps, and endpoint-constrained refits are repository choices, not independently source-verified.', 'Discrete Menger curvature and incremental LCM-seed consumption have not been checked against an author-code reference.']",9.56390000283136,
UJI,uji2_05675_stroke_00,liang_feature_iki_2017_adaptation,ok,adaptation,reproduction_unverified,False,"['The normalized arc/unsigned-turning-angle feature blend (default 0.5) is a repository construction, not a verified original equation.', 'Sampled feature-CDF inversion and worst-residual span bisection replace unverified analytic-feature/IKI details.', 'Common-MSE stopping, dense/initial knot counts, and endpoint-constrained fits are comparison settings.']",13.034300001891097,
UJI,uji2_05675_stroke_00,dung_direct_knot_2017_adaptation,ok,adaptation,reproduction_unverified,False,"[""Only simple knots are optimized; the author's multiplicity 1..degree+1 and joining-angle/continuity classifier are absent."", 'Only serial splitting is implemented; parallel split/join/shift is absent (serial is itself a published variant).', 'The shared comparison knot budget is external to the source algorithm; overflow now fails explicitly rather than silently subsampling coarse breaks.', 'The returned final curve now preserves unconstrained least squares; multiplicity and solver equivalence remain unverified.', 'sqrt(mse_tolerance) is not an equivalent native maximum-error constraint; finite-difference solver/search and short-tail guards are repository choices.']",94.89279999979772,
UJI,uji2_05675_stroke_00,kang_sparse_2015_adaptation,ok,adaptation,reproduction_unverified,False,"['Scalar constrained l1 optimization is changed to vector group-l1 with approximate ADMM/penalty bisection instead of the source CVX solve.', ""The default remains a limited Algorithms-4/5 adaptation; experimental Algorithms 1/3 reuse vector group-l1 finite ADMM and can become infeasible at the source's fixed initial error after merges."", 'An absolute floating-point jump cutoff remains a solver setting; relative-maximum filtering, degree+1 retention, expanded spacing, and singleton interval search are disabled by default.', 'The final unconstrained spline is now preserved; numerical equivalence with the original scalar objective and author examples remains unverified.']",7.855300002120202,
UJI,uji2_05675_stroke_00,luo_linf_de_2022_adaptation,ok,adaptation,reproduction_unverified,False,"['Regularization is selected by a common-MSE search instead of a verified source-paper parameter protocol.', 'DE fitness and the reported spline use endpoint-constrained least squares; a source-native solver/output is not preserved.', 'Minimum-gap projections, random population initialization, and finite DE budgets are unverified implementation choices; the forced-largest-jump fallback is now disabled.', 'The ADMM realization, local-maxima edge cases, and DE variant have no author-code/paper-example equivalence validation.']",7125.823099999252,
UJI,uji2_08144_stroke_00,park_dominant_point_2007_adaptation,ok,adaptation,reproduction_unverified,False,"['Common-MSE stopping replaces the source error-bound protocol; no iterative orthogonal-distance parameter update.', 'Degree-compatible shape-seed completion, endpoint knot clamps, and endpoint-constrained refits are repository choices, not independently source-verified.', 'Discrete Menger curvature and incremental LCM-seed consumption have not been checked against an author-code reference.']",48.26889999822015,
UJI,uji2_08144_stroke_00,liang_feature_iki_2017_adaptation,ok,adaptation,reproduction_unverified,False,"['The normalized arc/unsigned-turning-angle feature blend (default 0.5) is a repository construction, not a verified original equation.', 'Sampled feature-CDF inversion and worst-residual span bisection replace unverified analytic-feature/IKI details.', 'Common-MSE stopping, dense/initial knot counts, and endpoint-constrained fits are comparison settings.']",33.72719999970286,
UJI,uji2_08144_stroke_00,dung_direct_knot_2017_adaptation,ok,adaptation,reproduction_unverified,False,"[""Only simple knots are optimized; the author's multiplicity 1..degree+1 and joining-angle/continuity classifier are absent."", 'Only serial splitting is implemented; parallel split/join/shift is absent (serial is itself a published variant).', 'The shared comparison knot budget is external to the source algorithm; overflow now fails explicitly rather than silently subsampling coarse breaks.', 'The returned final curve now preserves unconstrained least squares; multiplicity and solver equivalence remain unverified.', 'sqrt(mse_tolerance) is not an equivalent native maximum-error constraint; finite-difference solver/search and short-tail guards are repository choices.']",444.8478999984218,
UJI,uji2_08144_stroke_00,kang_sparse_2015_adaptation,ok,adaptation,reproduction_unverified,False,"['Scalar constrained l1 optimization is changed to vector group-l1 with approximate ADMM/penalty bisection instead of the source CVX solve.', ""The default remains a limited Algorithms-4/5 adaptation; experimental Algorithms 1/3 reuse vector group-l1 finite ADMM and can become infeasible at the source's fixed initial error after merges."", 'An absolute floating-point jump cutoff remains a solver setting; relative-maximum filtering, degree+1 retention, expanded spacing, and singleton interval search are disabled by default.', 'The final unconstrained spline is now preserved; numerical equivalence with the original scalar objective and author examples remains unverified.']",1395.719199997984,
UJI,uji2_08144_stroke_00,luo_linf_de_2022_adaptation,ok,adaptation,reproduction_unverified,False,"['Regularization is selected by a common-MSE search instead of a verified source-paper parameter protocol.', 'DE fitness and the reported spline use endpoint-constrained least squares; a source-native solver/output is not preserved.', 'Minimum-gap projections, random population initialization, and finite DE budgets are unverified implementation choices; the forced-largest-jump fallback is now disabled.', 'The ADMM realization, local-maxima edge cases, and DE variant have no author-code/paper-example equivalence validation.']",5377.943100000266,
UJI,uji2_03384_stroke_01,park_dominant_point_2007_adaptation,ok,adaptation,reproduction_unverified,False,"['Common-MSE stopping replaces the source error-bound protocol; no iterative orthogonal-distance parameter update.', 'Degree-compatible shape-seed completion, endpoint knot clamps, and endpoint-constrained refits are repository choices, not independently source-verified.', 'Discrete Menger curvature and incremental LCM-seed consumption have not been checked against an author-code reference.']",10.509600000659702,
UJI,uji2_03384_stroke_01,liang_feature_iki_2017_adaptation,ok,adaptation,reproduction_unverified,False,"['The normalized arc/unsigned-turning-angle feature blend (default 0.5) is a repository construction, not a verified original equation.', 'Sampled feature-CDF inversion and worst-residual span bisection replace unverified analytic-feature/IKI details.', 'Common-MSE stopping, dense/initial knot counts, and endpoint-constrained fits are comparison settings.']",11.322599999402883,
UJI,uji2_03384_stroke_01,dung_direct_knot_2017_adaptation,ok,adaptation,reproduction_unverified,False,"[""Only simple knots are optimized; the author's multiplicity 1..degree+1 and joining-angle/continuity classifier are absent."", 'Only serial splitting is implemented; parallel split/join/shift is absent (serial is itself a published variant).', 'The shared comparison knot budget is external to the source algorithm; overflow now fails explicitly rather than silently subsampling coarse breaks.', 'The returned final curve now preserves unconstrained least squares; multiplicity and solver equivalence remain unverified.', 'sqrt(mse_tolerance) is not an equivalent native maximum-error constraint; finite-difference solver/search and short-tail guards are repository choices.']",56.04030000176863,
UJI,uji2_03384_stroke_01,kang_sparse_2015_adaptation,ok,adaptation,reproduction_unverified,False,"['Scalar constrained l1 optimization is changed to vector group-l1 with approximate ADMM/penalty bisection instead of the source CVX solve.', ""The default remains a limited Algorithms-4/5 adaptation; experimental Algorithms 1/3 reuse vector group-l1 finite ADMM and can become infeasible at the source's fixed initial error after merges."", 'An absolute floating-point jump cutoff remains a solver setting; relative-maximum filtering, degree+1 retention, expanded spacing, and singleton interval search are disabled by default.', 'The final unconstrained spline is now preserved; numerical equivalence with the original scalar objective and author examples remains unverified.']",4.560900000797119,
UJI,uji2_03384_stroke_01,luo_linf_de_2022_adaptation,ok,adaptation,reproduction_unverified,False,"['Regularization is selected by a common-MSE search instead of a verified source-paper parameter protocol.', 'DE fitness and the reported spline use endpoint-constrained least squares; a source-native solver/output is not preserved.', 'Minimum-gap projections, random population initialization, and finite DE budgets are unverified implementation choices; the forced-largest-jump fallback is now disabled.', 'The ADMM realization, local-maxima edge cases, and DE variant have no author-code/paper-example equivalence validation.']",6916.396999997232,
UJI,uji2_07491_stroke_01,park_dominant_point_2007_adaptation,ok,adaptation,reproduction_unverified,False,"['Common-MSE stopping replaces the source error-bound protocol; no iterative orthogonal-distance parameter update.', 'Degree-compatible shape-seed completion, endpoint knot clamps, and endpoint-constrained refits are repository choices, not independently source-verified.', 'Discrete Menger curvature and incremental LCM-seed consumption have not been checked against an author-code reference.']",12.875799999164883,
UJI,uji2_07491_stroke_01,liang_feature_iki_2017_adaptation,ok,adaptation,reproduction_unverified,False,"['The normalized arc/unsigned-turning-angle feature blend (default 0.5) is a repository construction, not a verified original equation.', 'Sampled feature-CDF inversion and worst-residual span bisection replace unverified analytic-feature/IKI details.', 'Common-MSE stopping, dense/initial knot counts, and endpoint-constrained fits are comparison settings.']",13.350299999729032,
UJI,uji2_07491_stroke_01,dung_direct_knot_2017_adaptation,ok,adaptation,reproduction_unverified,False,"[""Only simple knots are optimized; the author's multiplicity 1..degree+1 and joining-angle/continuity classifier are absent."", 'Only serial splitting is implemented; parallel split/join/shift is absent (serial is itself a published variant).', 'The shared comparison knot budget is external to the source algorithm; overflow now fails explicitly rather than silently subsampling coarse breaks.', 'The returned final curve now preserves unconstrained least squares; multiplicity and solver equivalence remain unverified.', 'sqrt(mse_tolerance) is not an equivalent native maximum-error constraint; finite-difference solver/search and short-tail guards are repository choices.']",254.14699999964796,
UJI,uji2_07491_stroke_01,kang_sparse_2015_adaptation,ok,adaptation,reproduction_unverified,False,"['Scalar constrained l1 optimization is changed to vector group-l1 with approximate ADMM/penalty bisection instead of the source CVX solve.', ""The default remains a limited Algorithms-4/5 adaptation; experimental Algorithms 1/3 reuse vector group-l1 finite ADMM and can become infeasible at the source's fixed initial error after merges."", 'An absolute floating-point jump cutoff remains a solver setting; relative-maximum filtering, degree+1 retention, expanded spacing, and singleton interval search are disabled by default.', 'The final unconstrained spline is now preserved; numerical equivalence with the original scalar objective and author examples remains unverified.']",1410.2037000011478,
UJI,uji2_07491_stroke_01,luo_linf_de_2022_adaptation,ok,adaptation,reproduction_unverified,False,"['Regularization is selected by a common-MSE search instead of a verified source-paper parameter protocol.', 'DE fitness and the reported spline use endpoint-constrained least squares; a source-native solver/output is not preserved.', 'Minimum-gap projections, random population initialization, and finite DE budgets are unverified implementation choices; the forced-largest-jump fallback is now disabled.', 'The ADMM realization, local-maxima edge cases, and DE variant have no author-code/paper-example equivalence validation.']",5924.264299999777,
UJI,uji2_04000_stroke_02,park_dominant_point_2007_adaptation,ok,adaptation,reproduction_unverified,False,"['Common-MSE stopping replaces the source error-bound protocol; no iterative orthogonal-distance parameter update.', 'Degree-compatible shape-seed completion, endpoint knot clamps, and endpoint-constrained refits are repository choices, not independently source-verified.', 'Discrete Menger curvature and incremental LCM-seed consumption have not been checked against an author-code reference.']",12.014600000838982,
UJI,uji2_04000_stroke_02,liang_feature_iki_2017_adaptation,ok,adaptation,reproduction_unverified,False,"['The normalized arc/unsigned-turning-angle feature blend (default 0.5) is a repository construction, not a verified original equation.', 'Sampled feature-CDF inversion and worst-residual span bisection replace unverified analytic-feature/IKI details.', 'Common-MSE stopping, dense/initial knot counts, and endpoint-constrained fits are comparison settings.']",12.500999997428153,
UJI,uji2_04000_stroke_02,dung_direct_knot_2017_adaptation,ok,adaptation,reproduction_unverified,False,"[""Only simple knots are optimized; the author's multiplicity 1..degree+1 and joining-angle/continuity classifier are absent."", 'Only serial splitting is implemented; parallel split/join/shift is absent (serial is itself a published variant).', 'The shared comparison knot budget is external to the source algorithm; overflow now fails explicitly rather than silently subsampling coarse breaks.', 'The returned final curve now preserves unconstrained least squares; multiplicity and solver equivalence remain unverified.', 'sqrt(mse_tolerance) is not an equivalent native maximum-error constraint; finite-difference solver/search and short-tail guards are repository choices.']",70.94540000252891,
UJI,uji2_04000_stroke_02,kang_sparse_2015_adaptation,ok,adaptation,reproduction_unverified,False,"['Scalar constrained l1 optimization is changed to vector group-l1 with approximate ADMM/penalty bisection instead of the source CVX solve.', ""The default remains a limited Algorithms-4/5 adaptation; experimental Algorithms 1/3 reuse vector group-l1 finite ADMM and can become infeasible at the source's fixed initial error after merges."", 'An absolute floating-point jump cutoff remains a solver setting; relative-maximum filtering, degree+1 retention, expanded spacing, and singleton interval search are disabled by default.', 'The final unconstrained spline is now preserved; numerical equivalence with the original scalar objective and author examples remains unverified.']",2817.438399997627,
UJI,uji2_04000_stroke_02,luo_linf_de_2022_adaptation,ok,adaptation,reproduction_unverified,False,"['Regularization is selected by a common-MSE search instead of a verified source-paper parameter protocol.', 'DE fitness and the reported spline use endpoint-constrained least squares; a source-native solver/output is not preserved.', 'Minimum-gap projections, random population initialization, and finite DE budgets are unverified implementation choices; the forced-largest-jump fallback is now disabled.', 'The ADMM realization, local-maxima edge cases, and DE variant have no author-code/paper-example equivalence validation.']",7148.255100000824,
UJI,uji2_04511_stroke_00,park_dominant_point_2007_adaptation,ok,adaptation,reproduction_unverified,False,"['Common-MSE stopping replaces the source error-bound protocol; no iterative orthogonal-distance parameter update.', 'Degree-compatible shape-seed completion, endpoint knot clamps, and endpoint-constrained refits are repository choices, not independently source-verified.', 'Discrete Menger curvature and incremental LCM-seed consumption have not been checked against an author-code reference.']",38.560599998163525,
UJI,uji2_04511_stroke_00,liang_feature_iki_2017_adaptation,ok,adaptation,reproduction_unverified,False,"['The normalized arc/unsigned-turning-angle feature blend (default 0.5) is a repository construction, not a verified original equation.', 'Sampled feature-CDF inversion and worst-residual span bisection replace unverified analytic-feature/IKI details.', 'Common-MSE stopping, dense/initial knot counts, and endpoint-constrained fits are comparison settings.']",11.206400002265582,
UJI,uji2_04511_stroke_00,dung_direct_knot_2017_adaptation,ok,adaptation,reproduction_unverified,False,"[""Only simple knots are optimized; the author's multiplicity 1..degree+1 and joining-angle/continuity classifier are absent."", 'Only serial splitting is implemented; parallel split/join/shift is absent (serial is itself a published variant).', 'The shared comparison knot budget is external to the source algorithm; overflow now fails explicitly rather than silently subsampling coarse breaks.', 'The returned final curve now preserves unconstrained least squares; multiplicity and solver equivalence remain unverified.', 'sqrt(mse_tolerance) is not an equivalent native maximum-error constraint; finite-difference solver/search and short-tail guards are repository choices.']",120.52079999921261,
UJI,uji2_04511_stroke_00,kang_sparse_2015_adaptation,ok,adaptation,reproduction_unverified,False,"['Scalar constrained l1 optimization is changed to vector group-l1 with approximate ADMM/penalty bisection instead of the source CVX solve.', ""The default remains a limited Algorithms-4/5 adaptation; experimental Algorithms 1/3 reuse vector group-l1 finite ADMM and can become infeasible at the source's fixed initial error after merges."", 'An absolute floating-point jump cutoff remains a solver setting; relative-maximum filtering, degree+1 retention, expanded spacing, and singleton interval search are disabled by default.', 'The final unconstrained spline is now preserved; numerical equivalence with the original scalar objective and author examples remains unverified.']",1303.5244999991846,
UJI,uji2_04511_stroke_00,luo_linf_de_2022_adaptation,ok,adaptation,reproduction_unverified,False,"['Regularization is selected by a common-MSE search instead of a verified source-paper parameter protocol.', 'DE fitness and the reported spline use endpoint-constrained least squares; a source-native solver/output is not preserved.', 'Minimum-gap projections, random population initialization, and finite DE budgets are unverified implementation choices; the forced-largest-jump fallback is now disabled.', 'The ADMM realization, local-maxima edge cases, and DE variant have no author-code/paper-example equivalence validation.']",6459.052900001552,
UJI,uji2_02377_stroke_00,park_dominant_point_2007_adaptation,ok,adaptation,reproduction_unverified,False,"['Common-MSE stopping replaces the source error-bound protocol; no iterative orthogonal-distance parameter update.', 'Degree-compatible shape-seed completion, endpoint knot clamps, and endpoint-constrained refits are repository choices, not independently source-verified.', 'Discrete Menger curvature and incremental LCM-seed consumption have not been checked against an author-code reference.']",14.507899999443907,
UJI,uji2_02377_stroke_00,liang_feature_iki_2017_adaptation,ok,adaptation,reproduction_unverified,False,"['The normalized arc/unsigned-turning-angle feature blend (default 0.5) is a repository construction, not a verified original equation.', 'Sampled feature-CDF inversion and worst-residual span bisection replace unverified analytic-feature/IKI details.', 'Common-MSE stopping, dense/initial knot counts, and endpoint-constrained fits are comparison settings.']",23.561400001199218,
UJI,uji2_02377_stroke_00,dung_direct_knot_2017_adaptation,ok,adaptation,reproduction_unverified,False,"[""Only simple knots are optimized; the author's multiplicity 1..degree+1 and joining-angle/continuity classifier are absent."", 'Only serial splitting is implemented; parallel split/join/shift is absent (serial is itself a published variant).', 'The shared comparison knot budget is external to the source algorithm; overflow now fails explicitly rather than silently subsampling coarse breaks.', 'The returned final curve now preserves unconstrained least squares; multiplicity and solver equivalence remain unverified.', 'sqrt(mse_tolerance) is not an equivalent native maximum-error constraint; finite-difference solver/search and short-tail guards are repository choices.']",230.32149999926332,
UJI,uji2_02377_stroke_00,kang_sparse_2015_adaptation,ok,adaptation,reproduction_unverified,False,"['Scalar constrained l1 optimization is changed to vector group-l1 with approximate ADMM/penalty bisection instead of the source CVX solve.', ""The default remains a limited Algorithms-4/5 adaptation; experimental Algorithms 1/3 reuse vector group-l1 finite ADMM and can become infeasible at the source's fixed initial error after merges."", 'An absolute floating-point jump cutoff remains a solver setting; relative-maximum filtering, degree+1 retention, expanded spacing, and singleton interval search are disabled by default.', 'The final unconstrained spline is now preserved; numerical equivalence with the original scalar objective and author examples remains unverified.']",2888.193399998272,
UJI,uji2_02377_stroke_00,luo_linf_de_2022_adaptation,ok,adaptation,reproduction_unverified,False,"['Regularization is selected by a common-MSE search instead of a verified source-paper parameter protocol.', 'DE fitness and the reported spline use endpoint-constrained least squares; a source-native solver/output is not preserved.', 'Minimum-gap projections, random population initialization, and finite DE budgets are unverified implementation choices; the forced-largest-jump fallback is now disabled.', 'The ADMM realization, local-maxima edge cases, and DE variant have no author-code/paper-example equivalence validation.']",5974.511500000517,
NaturalEarth,natural_earth_10m_coastline_5148fa806eda_w000_5148fa80,park_dominant_point_2007_adaptation,ok,adaptation,reproduction_unverified,False,"['Common-MSE stopping replaces the source error-bound protocol; no iterative orthogonal-distance parameter update.', 'Degree-compatible shape-seed completion, endpoint knot clamps, and endpoint-constrained refits are repository choices, not independently source-verified.', 'Discrete Menger curvature and incremental LCM-seed consumption have not been checked against an author-code reference.']",76.04390000051353,
NaturalEarth,natural_earth_10m_coastline_5148fa806eda_w000_5148fa80,liang_feature_iki_2017_adaptation,ok,adaptation,reproduction_unverified,False,"['The normalized arc/unsigned-turning-angle feature blend (default 0.5) is a repository construction, not a verified original equation.', 'Sampled feature-CDF inversion and worst-residual span bisection replace unverified analytic-feature/IKI details.', 'Common-MSE stopping, dense/initial knot counts, and endpoint-constrained fits are comparison settings.']",27.91609999985667,
NaturalEarth,natural_earth_10m_coastline_5148fa806eda_w000_5148fa80,dung_direct_knot_2017_adaptation,ok,adaptation,reproduction_unverified,False,"[""Only simple knots are optimized; the author's multiplicity 1..degree+1 and joining-angle/continuity classifier are absent."", 'Only serial splitting is implemented; parallel split/join/shift is absent (serial is itself a published variant).', 'The shared comparison knot budget is external to the source algorithm; overflow now fails explicitly rather than silently subsampling coarse breaks.', 'The returned final curve now preserves unconstrained least squares; multiplicity and solver equivalence remain unverified.', 'sqrt(mse_tolerance) is not an equivalent native maximum-error constraint; finite-difference solver/search and short-tail guards are repository choices.']",413.1956999990507,
NaturalEarth,natural_earth_10m_coastline_5148fa806eda_w000_5148fa80,kang_sparse_2015_adaptation,ok,adaptation,reproduction_unverified,False,"['Scalar constrained l1 optimization is changed to vector group-l1 with approximate ADMM/penalty bisection instead of the source CVX solve.', ""The default remains a limited Algorithms-4/5 adaptation; experimental Algorithms 1/3 reuse vector group-l1 finite ADMM and can become infeasible at the source's fixed initial error after merges."", 'An absolute floating-point jump cutoff remains a solver setting; relative-maximum filtering, degree+1 retention, expanded spacing, and singleton interval search are disabled by default.', 'The final unconstrained spline is now preserved; numerical equivalence with the original scalar objective and author examples remains unverified.']",46.721099999558646,
NaturalEarth,natural_earth_10m_coastline_5148fa806eda_w000_5148fa80,luo_linf_de_2022_adaptation,ok,adaptation,reproduction_unverified,False,"['Regularization is selected by a common-MSE search instead of a verified source-paper parameter protocol.', 'DE fitness and the reported spline use endpoint-constrained least squares; a source-native solver/output is not preserved.', 'Minimum-gap projections, random population initialization, and finite DE budgets are unverified implementation choices; the forced-largest-jump fallback is now disabled.', 'The ADMM realization, local-maxima edge cases, and DE variant have no author-code/paper-example equivalence validation.']",1510.8929999987595,
NaturalEarth,natural_earth_10m_coastline_fcd39c1211f8_w000_fcd39c12,park_dominant_point_2007_adaptation,ok,adaptation,reproduction_unverified,False,"['Common-MSE stopping replaces the source error-bound protocol; no iterative orthogonal-distance parameter update.', 'Degree-compatible shape-seed completion, endpoint knot clamps, and endpoint-constrained refits are repository choices, not independently source-verified.', 'Discrete Menger curvature and incremental LCM-seed consumption have not been checked against an author-code reference.']",48.95820000092499,
NaturalEarth,natural_earth_10m_coastline_fcd39c1211f8_w000_fcd39c12,liang_feature_iki_2017_adaptation,ok,adaptation,reproduction_unverified,False,"['The normalized arc/unsigned-turning-angle feature blend (default 0.5) is a repository construction, not a verified original equation.', 'Sampled feature-CDF inversion and worst-residual span bisection replace unverified analytic-feature/IKI details.', 'Common-MSE stopping, dense/initial knot counts, and endpoint-constrained fits are comparison settings.']",42.94519999893964,
NaturalEarth,natural_earth_10m_coastline_fcd39c1211f8_w000_fcd39c12,dung_direct_knot_2017_adaptation,ok,adaptation,reproduction_unverified,False,"[""Only simple knots are optimized; the author's multiplicity 1..degree+1 and joining-angle/continuity classifier are absent."", 'Only serial splitting is implemented; parallel split/join/shift is absent (serial is itself a published variant).', 'The shared comparison knot budget is external to the source algorithm; overflow now fails explicitly rather than silently subsampling coarse breaks.', 'The returned final curve now preserves unconstrained least squares; multiplicity and solver equivalence remain unverified.', 'sqrt(mse_tolerance) is not an equivalent native maximum-error constraint; finite-difference solver/search and short-tail guards are repository choices.']",478.87790000095265,
NaturalEarth,natural_earth_10m_coastline_fcd39c1211f8_w000_fcd39c12,kang_sparse_2015_adaptation,ok,adaptation,reproduction_unverified,False,"['Scalar constrained l1 optimization is changed to vector group-l1 with approximate ADMM/penalty bisection instead of the source CVX solve.', ""The default remains a limited Algorithms-4/5 adaptation; experimental Algorithms 1/3 reuse vector group-l1 finite ADMM and can become infeasible at the source's fixed initial error after merges."", 'An absolute floating-point jump cutoff remains a solver setting; relative-maximum filtering, degree+1 retention, expanded spacing, and singleton interval search are disabled by default.', 'The final unconstrained spline is now preserved; numerical equivalence with the original scalar objective and author examples remains unverified.']",1756.5400999992562,
NaturalEarth,natural_earth_10m_coastline_fcd39c1211f8_w000_fcd39c12,luo_linf_de_2022_adaptation,ok,adaptation,reproduction_unverified,False,"['Regularization is selected by a common-MSE search instead of a verified source-paper parameter protocol.', 'DE fitness and the reported spline use endpoint-constrained least squares; a source-native solver/output is not preserved.', 'Minimum-gap projections, random population initialization, and finite DE budgets are unverified implementation choices; the forced-largest-jump fallback is now disabled.', 'The ADMM realization, local-maxima edge cases, and DE variant have no author-code/paper-example equivalence validation.']",3844.6386999967217,
NaturalEarth,natural_earth_10m_coastline_9c7e7850400d_w000_9c7e7850,park_dominant_point_2007_adaptation,ok,adaptation,reproduction_unverified,False,"['Common-MSE stopping replaces the source error-bound protocol; no iterative orthogonal-distance parameter update.', 'Degree-compatible shape-seed completion, endpoint knot clamps, and endpoint-constrained refits are repository choices, not independently source-verified.', 'Discrete Menger curvature and incremental LCM-seed consumption have not been checked against an author-code reference.']",72.57129999925382,
NaturalEarth,natural_earth_10m_coastline_9c7e7850400d_w000_9c7e7850,liang_feature_iki_2017_adaptation,ok,adaptation,reproduction_unverified,False,"['The normalized arc/unsigned-turning-angle feature blend (default 0.5) is a repository construction, not a verified original equation.', 'Sampled feature-CDF inversion and worst-residual span bisection replace unverified analytic-feature/IKI details.', 'Common-MSE stopping, dense/initial knot counts, and endpoint-constrained fits are comparison settings.']",64.71660000170232,
NaturalEarth,natural_earth_10m_coastline_9c7e7850400d_w000_9c7e7850,dung_direct_knot_2017_adaptation,ok,adaptation,reproduction_unverified,False,"[""Only simple knots are optimized; the author's multiplicity 1..degree+1 and joining-angle/continuity classifier are absent."", 'Only serial splitting is implemented; parallel split/join/shift is absent (serial is itself a published variant).', 'The shared comparison knot budget is external to the source algorithm; overflow now fails explicitly rather than silently subsampling coarse breaks.', 'The returned final curve now preserves unconstrained least squares; multiplicity and solver equivalence remain unverified.', 'sqrt(mse_tolerance) is not an equivalent native maximum-error constraint; finite-difference solver/search and short-tail guards are repository choices.']",466.2251000008837,
NaturalEarth,natural_earth_10m_coastline_9c7e7850400d_w000_9c7e7850,kang_sparse_2015_adaptation,ok,adaptation,reproduction_unverified,False,"['Scalar constrained l1 optimization is changed to vector group-l1 with approximate ADMM/penalty bisection instead of the source CVX solve.', ""The default remains a limited Algorithms-4/5 adaptation; experimental Algorithms 1/3 reuse vector group-l1 finite ADMM and can become infeasible at the source's fixed initial error after merges."", 'An absolute floating-point jump cutoff remains a solver setting; relative-maximum filtering, degree+1 retention, expanded spacing, and singleton interval search are disabled by default.', 'The final unconstrained spline is now preserved; numerical equivalence with the original scalar objective and author examples remains unverified.']",44.09660000237636,
NaturalEarth,natural_earth_10m_coastline_9c7e7850400d_w000_9c7e7850,luo_linf_de_2022_adaptation,ok,adaptation,reproduction_unverified,False,"['Regularization is selected by a common-MSE search instead of a verified source-paper parameter protocol.', 'DE fitness and the reported spline use endpoint-constrained least squares; a source-native solver/output is not preserved.', 'Minimum-gap projections, random population initialization, and finite DE budgets are unverified implementation choices; the forced-largest-jump fallback is now disabled.', 'The ADMM realization, local-maxima edge cases, and DE variant have no author-code/paper-example equivalence validation.']",1598.169400000188,
NaturalEarth,natural_earth_10m_coastline_a02657786100_w000_a0265778,park_dominant_point_2007_adaptation,ok,adaptation,reproduction_unverified,False,"['Common-MSE stopping replaces the source error-bound protocol; no iterative orthogonal-distance parameter update.', 'Degree-compatible shape-seed completion, endpoint knot clamps, and endpoint-constrained refits are repository choices, not independently source-verified.', 'Discrete Menger curvature and incremental LCM-seed consumption have not been checked against an author-code reference.']",83.47979999962263,
NaturalEarth,natural_earth_10m_coastline_a02657786100_w000_a0265778,liang_feature_iki_2017_adaptation,ok,adaptation,reproduction_unverified,False,"['The normalized arc/unsigned-turning-angle feature blend (default 0.5) is a repository construction, not a verified original equation.', 'Sampled feature-CDF inversion and worst-residual span bisection replace unverified analytic-feature/IKI details.', 'Common-MSE stopping, dense/initial knot counts, and endpoint-constrained fits are comparison settings.']",43.13759999786271,
NaturalEarth,natural_earth_10m_coastline_a02657786100_w000_a0265778,dung_direct_knot_2017_adaptation,failed,adaptation,reproduction_unverified,False,"[""Only simple knots are optimized; the author's multiplicity 1..degree+1 and joining-angle/continuity classifier are absent."", 'Only serial splitting is implemented; parallel split/join/shift is absent (serial is itself a published variant).', 'The shared comparison knot budget is external to the source algorithm; overflow now fails explicitly rather than silently subsampling coarse breaks.', 'The returned final curve now preserves unconstrained least squares; multiplicity and solver equivalence remain unverified.', 'sqrt(mse_tolerance) is not an equivalent native maximum-error constraint; finite-difference solver/search and short-tail guards are repository choices.']",544.6195999975316,"ValueError: Dung capacity limit exceeded: serial segmentation proposes 31 internal knots, but the shared budget is 16; no boundaries were silently discarded."
NaturalEarth,natural_earth_10m_coastline_a02657786100_w000_a0265778,kang_sparse_2015_adaptation,ok,adaptation,reproduction_unverified,False,"['Scalar constrained l1 optimization is changed to vector group-l1 with approximate ADMM/penalty bisection instead of the source CVX solve.', ""The default remains a limited Algorithms-4/5 adaptation; experimental Algorithms 1/3 reuse vector group-l1 finite ADMM and can become infeasible at the source's fixed initial error after merges."", 'An absolute floating-point jump cutoff remains a solver setting; relative-maximum filtering, degree+1 retention, expanded spacing, and singleton interval search are disabled by default.', 'The final unconstrained spline is now preserved; numerical equivalence with the original scalar objective and author examples remains unverified.']",39.33609999876353,
NaturalEarth,natural_earth_10m_coastline_a02657786100_w000_a0265778,luo_linf_de_2022_adaptation,ok,adaptation,reproduction_unverified,False,"['Regularization is selected by a common-MSE search instead of a verified source-paper parameter protocol.', 'DE fitness and the reported spline use endpoint-constrained least squares; a source-native solver/output is not preserved.', 'Minimum-gap projections, random population initialization, and finite DE budgets are unverified implementation choices; the forced-largest-jump fallback is now disabled.', 'The ADMM realization, local-maxima edge cases, and DE variant have no author-code/paper-example equivalence validation.']",1424.3284999975003,
NaturalEarth,natural_earth_10m_coastline_6b3da4c24dd2_w000_6b3da4c2,park_dominant_point_2007_adaptation,ok,adaptation,reproduction_unverified,False,"['Common-MSE stopping replaces the source error-bound protocol; no iterative orthogonal-distance parameter update.', 'Degree-compatible shape-seed completion, endpoint knot clamps, and endpoint-constrained refits are repository choices, not independently source-verified.', 'Discrete Menger curvature and incremental LCM-seed consumption have not been checked against an author-code reference.']",61.448500000551576,
NaturalEarth,natural_earth_10m_coastline_6b3da4c24dd2_w000_6b3da4c2,liang_feature_iki_2017_adaptation,ok,adaptation,reproduction_unverified,False,"['The normalized arc/unsigned-turning-angle feature blend (default 0.5) is a repository construction, not a verified original equation.', 'Sampled feature-CDF inversion and worst-residual span bisection replace unverified analytic-feature/IKI details.', 'Common-MSE stopping, dense/initial knot counts, and endpoint-constrained fits are comparison settings.']",26.775399997859495,
NaturalEarth,natural_earth_10m_coastline_6b3da4c24dd2_w000_6b3da4c2,dung_direct_knot_2017_adaptation,ok,adaptation,reproduction_unverified,False,"[""Only simple knots are optimized; the author's multiplicity 1..degree+1 and joining-angle/continuity classifier are absent."", 'Only serial splitting is implemented; parallel split/join/shift is absent (serial is itself a published variant).', 'The shared comparison knot budget is external to the source algorithm; overflow now fails explicitly rather than silently subsampling coarse breaks.', 'The returned final curve now preserves unconstrained least squares; multiplicity and solver equivalence remain unverified.', 'sqrt(mse_tolerance) is not an equivalent native maximum-error constraint; finite-difference solver/search and short-tail guards are repository choices.']",391.5860999986762,
NaturalEarth,natural_earth_10m_coastline_6b3da4c24dd2_w000_6b3da4c2,kang_sparse_2015_adaptation,ok,adaptation,reproduction_unverified,False,"['Scalar constrained l1 optimization is changed to vector group-l1 with approximate ADMM/penalty bisection instead of the source CVX solve.', ""The default remains a limited Algorithms-4/5 adaptation; experimental Algorithms 1/3 reuse vector group-l1 finite ADMM and can become infeasible at the source's fixed initial error after merges."", 'An absolute floating-point jump cutoff remains a solver setting; relative-maximum filtering, degree+1 retention, expanded spacing, and singleton interval search are disabled by default.', 'The final unconstrained spline is now preserved; numerical equivalence with the original scalar objective and author examples remains unverified.']",1302.923600000213,
NaturalEarth,natural_earth_10m_coastline_6b3da4c24dd2_w000_6b3da4c2,luo_linf_de_2022_adaptation,ok,adaptation,reproduction_unverified,False,"['Regularization is selected by a common-MSE search instead of a verified source-paper parameter protocol.', 'DE fitness and the reported spline use endpoint-constrained least squares; a source-native solver/output is not preserved.', 'Minimum-gap projections, random population initialization, and finite DE budgets are unverified implementation choices; the forced-largest-jump fallback is now disabled.', 'The ADMM realization, local-maxima edge cases, and DE variant have no author-code/paper-example equivalence validation.']",5857.1372000005795,
NaturalEarth,natural_earth_10m_coastline_0c3ba55c0013_w000_0c3ba55c,park_dominant_point_2007_adaptation,ok,adaptation,reproduction_unverified,False,"['Common-MSE stopping replaces the source error-bound protocol; no iterative orthogonal-distance parameter update.', 'Degree-compatible shape-seed completion, endpoint knot clamps, and endpoint-constrained refits are repository choices, not independently source-verified.', 'Discrete Menger curvature and incremental LCM-seed consumption have not been checked against an author-code reference.']",66.31090000155382,
NaturalEarth,natural_earth_10m_coastline_0c3ba55c0013_w000_0c3ba55c,liang_feature_iki_2017_adaptation,ok,adaptation,reproduction_unverified,False,"['The normalized arc/unsigned-turning-angle feature blend (default 0.5) is a repository construction, not a verified original equation.', 'Sampled feature-CDF inversion and worst-residual span bisection replace unverified analytic-feature/IKI details.', 'Common-MSE stopping, dense/initial knot counts, and endpoint-constrained fits are comparison settings.']",103.51319999972475,
NaturalEarth,natural_earth_10m_coastline_0c3ba55c0013_w000_0c3ba55c,dung_direct_knot_2017_adaptation,ok,adaptation,reproduction_unverified,False,"[""Only simple knots are optimized; the author's multiplicity 1..degree+1 and joining-angle/continuity classifier are absent."", 'Only serial splitting is implemented; parallel split/join/shift is absent (serial is itself a published variant).', 'The shared comparison knot budget is external to the source algorithm; overflow now fails explicitly rather than silently subsampling coarse breaks.', 'The returned final curve now preserves unconstrained least squares; multiplicity and solver equivalence remain unverified.', 'sqrt(mse_tolerance) is not an equivalent native maximum-error constraint; finite-difference solver/search and short-tail guards are repository choices.']",903.5420000000158,
NaturalEarth,natural_earth_10m_coastline_0c3ba55c0013_w000_0c3ba55c,kang_sparse_2015_adaptation,ok,adaptation,reproduction_unverified,False,"['Scalar constrained l1 optimization is changed to vector group-l1 with approximate ADMM/penalty bisection instead of the source CVX solve.', ""The default remains a limited Algorithms-4/5 adaptation; experimental Algorithms 1/3 reuse vector group-l1 finite ADMM and can become infeasible at the source's fixed initial error after merges."", 'An absolute floating-point jump cutoff remains a solver setting; relative-maximum filtering, degree+1 retention, expanded spacing, and singleton interval search are disabled by default.', 'The final unconstrained spline is now preserved; numerical equivalence with the original scalar objective and author examples remains unverified.']",39.305599999352125,
NaturalEarth,natural_earth_10m_coastline_0c3ba55c0013_w000_0c3ba55c,luo_linf_de_2022_adaptation,ok,adaptation,reproduction_unverified,False,"['Regularization is selected by a common-MSE search instead of a verified source-paper parameter protocol.', 'DE fitness and the reported spline use endpoint-constrained least squares; a source-native solver/output is not preserved.', 'Minimum-gap projections, random population initialization, and finite DE budgets are unverified implementation choices; the forced-largest-jump fallback is now disabled.', 'The ADMM realization, local-maxima edge cases, and DE variant have no author-code/paper-example equivalence validation.']",1700.1660999994783,
NaturalEarth,natural_earth_10m_coastline_b7529bb1babd_w000_b7529bb1,park_dominant_point_2007_adaptation,ok,adaptation,reproduction_unverified,False,"['Common-MSE stopping replaces the source error-bound protocol; no iterative orthogonal-distance parameter update.', 'Degree-compatible shape-seed completion, endpoint knot clamps, and endpoint-constrained refits are repository choices, not independently source-verified.', 'Discrete Menger curvature and incremental LCM-seed consumption have not been checked against an author-code reference.']",65.35699999949429,
NaturalEarth,natural_earth_10m_coastline_b7529bb1babd_w000_b7529bb1,liang_feature_iki_2017_adaptation,ok,adaptation,reproduction_unverified,False,"['The normalized arc/unsigned-turning-angle feature blend (default 0.5) is a repository construction, not a verified original equation.', 'Sampled feature-CDF inversion and worst-residual span bisection replace unverified analytic-feature/IKI details.', 'Common-MSE stopping, dense/initial knot counts, and endpoint-constrained fits are comparison settings.']",46.34289999739849,
NaturalEarth,natural_earth_10m_coastline_b7529bb1babd_w000_b7529bb1,dung_direct_knot_2017_adaptation,ok,adaptation,reproduction_unverified,False,"[""Only simple knots are optimized; the author's multiplicity 1..degree+1 and joining-angle/continuity classifier are absent."", 'Only serial splitting is implemented; parallel split/join/shift is absent (serial is itself a published variant).', 'The shared comparison knot budget is external to the source algorithm; overflow now fails explicitly rather than silently subsampling coarse breaks.', 'The returned final curve now preserves unconstrained least squares; multiplicity and solver equivalence remain unverified.', 'sqrt(mse_tolerance) is not an equivalent native maximum-error constraint; finite-difference solver/search and short-tail guards are repository choices.']",949.2093999979261,
NaturalEarth,natural_earth_10m_coastline_b7529bb1babd_w000_b7529bb1,kang_sparse_2015_adaptation,ok,adaptation,reproduction_unverified,False,"['Scalar constrained l1 optimization is changed to vector group-l1 with approximate ADMM/penalty bisection instead of the source CVX solve.', ""The default remains a limited Algorithms-4/5 adaptation; experimental Algorithms 1/3 reuse vector group-l1 finite ADMM and can become infeasible at the source's fixed initial error after merges."", 'An absolute floating-point jump cutoff remains a solver setting; relative-maximum filtering, degree+1 retention, expanded spacing, and singleton interval search are disabled by default.', 'The final unconstrained spline is now preserved; numerical equivalence with the original scalar objective and author examples remains unverified.']",53.348499997809995,
NaturalEarth,natural_earth_10m_coastline_b7529bb1babd_w000_b7529bb1,luo_linf_de_2022_adaptation,ok,adaptation,reproduction_unverified,False,"['Regularization is selected by a common-MSE search instead of a verified source-paper parameter protocol.', 'DE fitness and the reported spline use endpoint-constrained least squares; a source-native solver/output is not preserved.', 'Minimum-gap projections, random population initialization, and finite DE budgets are unverified implementation choices; the forced-largest-jump fallback is now disabled.', 'The ADMM realization, local-maxima edge cases, and DE variant have no author-code/paper-example equivalence validation.']",1641.4724999995087,
NaturalEarth,natural_earth_10m_coastline_af2d726fbd2f_w000_af2d726f,park_dominant_point_2007_adaptation,ok,adaptation,reproduction_unverified,False,"['Common-MSE stopping replaces the source error-bound protocol; no iterative orthogonal-distance parameter update.', 'Degree-compatible shape-seed completion, endpoint knot clamps, and endpoint-constrained refits are repository choices, not independently source-verified.', 'Discrete Menger curvature and incremental LCM-seed consumption have not been checked against an author-code reference.']",66.87959999908344,
NaturalEarth,natural_earth_10m_coastline_af2d726fbd2f_w000_af2d726f,liang_feature_iki_2017_adaptation,ok,adaptation,reproduction_unverified,False,"['The normalized arc/unsigned-turning-angle feature blend (default 0.5) is a repository construction, not a verified original equation.', 'Sampled feature-CDF inversion and worst-residual span bisection replace unverified analytic-feature/IKI details.', 'Common-MSE stopping, dense/initial knot counts, and endpoint-constrained fits are comparison settings.']",58.27149999822723,
NaturalEarth,natural_earth_10m_coastline_af2d726fbd2f_w000_af2d726f,dung_direct_knot_2017_adaptation,failed,adaptation,reproduction_unverified,False,"[""Only simple knots are optimized; the author's multiplicity 1..degree+1 and joining-angle/continuity classifier are absent."", 'Only serial splitting is implemented; parallel split/join/shift is absent (serial is itself a published variant).', 'The shared comparison knot budget is external to the source algorithm; overflow now fails explicitly rather than silently subsampling coarse breaks.', 'The returned final curve now preserves unconstrained least squares; multiplicity and solver equivalence remain unverified.', 'sqrt(mse_tolerance) is not an equivalent native maximum-error constraint; finite-difference solver/search and short-tail guards are repository choices.']",605.8135000021139,"ValueError: Dung capacity limit exceeded: serial segmentation proposes 26 internal knots, but the shared budget is 16; no boundaries were silently discarded."
NaturalEarth,natural_earth_10m_coastline_af2d726fbd2f_w000_af2d726f,kang_sparse_2015_adaptation,ok,adaptation,reproduction_unverified,False,"['Scalar constrained l1 optimization is changed to vector group-l1 with approximate ADMM/penalty bisection instead of the source CVX solve.', ""The default remains a limited Algorithms-4/5 adaptation; experimental Algorithms 1/3 reuse vector group-l1 finite ADMM and can become infeasible at the source's fixed initial error after merges."", 'An absolute floating-point jump cutoff remains a solver setting; relative-maximum filtering, degree+1 retention, expanded spacing, and singleton interval search are disabled by default.', 'The final unconstrained spline is now preserved; numerical equivalence with the original scalar objective and author examples remains unverified.']",56.11900000076275,
NaturalEarth,natural_earth_10m_coastline_af2d726fbd2f_w000_af2d726f,luo_linf_de_2022_adaptation,ok,adaptation,reproduction_unverified,False,"['Regularization is selected by a common-MSE search instead of a verified source-paper parameter protocol.', 'DE fitness and the reported spline use endpoint-constrained least squares; a source-native solver/output is not preserved.', 'Minimum-gap projections, random population initialization, and finite DE budgets are unverified implementation choices; the forced-largest-jump fallback is now disabled.', 'The ADMM realization, local-maxima edge cases, and DE variant have no author-code/paper-example equivalence validation.']",1935.5572999993456,
NaturalEarth,natural_earth_10m_coastline_da35c3a9c263_w000_69093672,park_dominant_point_2007_adaptation,ok,adaptation,reproduction_unverified,False,"['Common-MSE stopping replaces the source error-bound protocol; no iterative orthogonal-distance parameter update.', 'Degree-compatible shape-seed completion, endpoint knot clamps, and endpoint-constrained refits are repository choices, not independently source-verified.', 'Discrete Menger curvature and incremental LCM-seed consumption have not been checked against an author-code reference.']",55.687400003080256,
NaturalEarth,natural_earth_10m_coastline_da35c3a9c263_w000_69093672,liang_feature_iki_2017_adaptation,ok,adaptation,reproduction_unverified,False,"['The normalized arc/unsigned-turning-angle feature blend (default 0.5) is a repository construction, not a verified original equation.', 'Sampled feature-CDF inversion and worst-residual span bisection replace unverified analytic-feature/IKI details.', 'Common-MSE stopping, dense/initial knot counts, and endpoint-constrained fits are comparison settings.']",46.084800000244286,
NaturalEarth,natural_earth_10m_coastline_da35c3a9c263_w000_69093672,dung_direct_knot_2017_adaptation,failed,adaptation,reproduction_unverified,False,"[""Only simple knots are optimized; the author's multiplicity 1..degree+1 and joining-angle/continuity classifier are absent."", 'Only serial splitting is implemented; parallel split/join/shift is absent (serial is itself a published variant).', 'The shared comparison knot budget is external to the source algorithm; overflow now fails explicitly rather than silently subsampling coarse breaks.', 'The returned final curve now preserves unconstrained least squares; multiplicity and solver equivalence remain unverified.', 'sqrt(mse_tolerance) is not an equivalent native maximum-error constraint; finite-difference solver/search and short-tail guards are repository choices.']",666.2122999987332,"ValueError: Dung capacity limit exceeded: serial segmentation proposes 36 internal knots, but the shared budget is 16; no boundaries were silently discarded."
NaturalEarth,natural_earth_10m_coastline_da35c3a9c263_w000_69093672,kang_sparse_2015_adaptation,ok,adaptation,reproduction_unverified,False,"['Scalar constrained l1 optimization is changed to vector group-l1 with approximate ADMM/penalty bisection instead of the source CVX solve.', ""The default remains a limited Algorithms-4/5 adaptation; experimental Algorithms 1/3 reuse vector group-l1 finite ADMM and can become infeasible at the source's fixed initial error after merges."", 'An absolute floating-point jump cutoff remains a solver setting; relative-maximum filtering, degree+1 retention, expanded spacing, and singleton interval search are disabled by default.', 'The final unconstrained spline is now preserved; numerical equivalence with the original scalar objective and author examples remains unverified.']",42.18190000028699,
NaturalEarth,natural_earth_10m_coastline_da35c3a9c263_w000_69093672,luo_linf_de_2022_adaptation,ok,adaptation,reproduction_unverified,False,"['Regularization is selected by a common-MSE search instead of a verified source-paper parameter protocol.', 'DE fitness and the reported spline use endpoint-constrained least squares; a source-native solver/output is not preserved.', 'Minimum-gap projections, random population initialization, and finite DE budgets are unverified implementation choices; the forced-largest-jump fallback is now disabled.', 'The ADMM realization, local-maxima edge cases, and DE variant have no author-code/paper-example equivalence validation.']",1270.4169000026013,
NaturalEarth,natural_earth_10m_coastline_b1966aba9355_w000_b1966aba,park_dominant_point_2007_adaptation,ok,adaptation,reproduction_unverified,False,"['Common-MSE stopping replaces the source error-bound protocol; no iterative orthogonal-distance parameter update.', 'Degree-compatible shape-seed completion, endpoint knot clamps, and endpoint-constrained refits are repository choices, not independently source-verified.', 'Discrete Menger curvature and incremental LCM-seed consumption have not been checked against an author-code reference.']",106.56179999932647,
NaturalEarth,natural_earth_10m_coastline_b1966aba9355_w000_b1966aba,liang_feature_iki_2017_adaptation,ok,adaptation,reproduction_unverified,False,"['The normalized arc/unsigned-turning-angle feature blend (default 0.5) is a repository construction, not a verified original equation.', 'Sampled feature-CDF inversion and worst-residual span bisection replace unverified analytic-feature/IKI details.', 'Common-MSE stopping, dense/initial knot counts, and endpoint-constrained fits are comparison settings.']",83.02180000100634,
NaturalEarth,natural_earth_10m_coastline_b1966aba9355_w000_b1966aba,dung_direct_knot_2017_adaptation,ok,adaptation,reproduction_unverified,False,"[""Only simple knots are optimized; the author's multiplicity 1..degree+1 and joining-angle/continuity classifier are absent."", 'Only serial splitting is implemented; parallel split/join/shift is absent (serial is itself a published variant).', 'The shared comparison knot budget is external to the source algorithm; overflow now fails explicitly rather than silently subsampling coarse breaks.', 'The returned final curve now preserves unconstrained least squares; multiplicity and solver equivalence remain unverified.', 'sqrt(mse_tolerance) is not an equivalent native maximum-error constraint; finite-difference solver/search and short-tail guards are repository choices.']",666.4792999981728,
NaturalEarth,natural_earth_10m_coastline_b1966aba9355_w000_b1966aba,kang_sparse_2015_adaptation,ok,adaptation,reproduction_unverified,False,"['Scalar constrained l1 optimization is changed to vector group-l1 with approximate ADMM/penalty bisection instead of the source CVX solve.', ""The default remains a limited Algorithms-4/5 adaptation; experimental Algorithms 1/3 reuse vector group-l1 finite ADMM and can become infeasible at the source's fixed initial error after merges."", 'An absolute floating-point jump cutoff remains a solver setting; relative-maximum filtering, degree+1 retention, expanded spacing, and singleton interval search are disabled by default.', 'The final unconstrained spline is now preserved; numerical equivalence with the original scalar objective and author examples remains unverified.']",37.70779999831575,
NaturalEarth,natural_earth_10m_coastline_b1966aba9355_w000_b1966aba,luo_linf_de_2022_adaptation,ok,adaptation,reproduction_unverified,False,"['Regularization is selected by a common-MSE search instead of a verified source-paper parameter protocol.', 'DE fitness and the reported spline use endpoint-constrained least squares; a source-native solver/output is not preserved.', 'Minimum-gap projections, random population initialization, and finite DE budgets are unverified implementation choices; the forced-largest-jump fallback is now disabled.', 'The ADMM realization, local-maxima edge cases, and DE variant have no author-code/paper-example equivalence validation.']",1714.3432999982906,
USGS,usgs_tnm_contours_large_scale_9084fac58e32_w000_9084fac5,park_dominant_point_2007_adaptation,ok,adaptation,reproduction_unverified,False,"['Common-MSE stopping replaces the source error-bound protocol; no iterative orthogonal-distance parameter update.', 'Degree-compatible shape-seed completion, endpoint knot clamps, and endpoint-constrained refits are repository choices, not independently source-verified.', 'Discrete Menger curvature and incremental LCM-seed consumption have not been checked against an author-code reference.']",103.09679999772925,
USGS,usgs_tnm_contours_large_scale_9084fac58e32_w000_9084fac5,liang_feature_iki_2017_adaptation,ok,adaptation,reproduction_unverified,False,"['The normalized arc/unsigned-turning-angle feature blend (default 0.5) is a repository construction, not a verified original equation.', 'Sampled feature-CDF inversion and worst-residual span bisection replace unverified analytic-feature/IKI details.', 'Common-MSE stopping, dense/initial knot counts, and endpoint-constrained fits are comparison settings.']",61.78699999873061,
USGS,usgs_tnm_contours_large_scale_9084fac58e32_w000_9084fac5,dung_direct_knot_2017_adaptation,ok,adaptation,reproduction_unverified,False,"[""Only simple knots are optimized; the author's multiplicity 1..degree+1 and joining-angle/continuity classifier are absent."", 'Only serial splitting is implemented; parallel split/join/shift is absent (serial is itself a published variant).', 'The shared comparison knot budget is external to the source algorithm; overflow now fails explicitly rather than silently subsampling coarse breaks.', 'The returned final curve now preserves unconstrained least squares; multiplicity and solver equivalence remain unverified.', 'sqrt(mse_tolerance) is not an equivalent native maximum-error constraint; finite-difference solver/search and short-tail guards are repository choices.']",854.5107000027201,
USGS,usgs_tnm_contours_large_scale_9084fac58e32_w000_9084fac5,kang_sparse_2015_adaptation,ok,adaptation,reproduction_unverified,False,"['Scalar constrained l1 optimization is changed to vector group-l1 with approximate ADMM/penalty bisection instead of the source CVX solve.', ""The default remains a limited Algorithms-4/5 adaptation; experimental Algorithms 1/3 reuse vector group-l1 finite ADMM and can become infeasible at the source's fixed initial error after merges."", 'An absolute floating-point jump cutoff remains a solver setting; relative-maximum filtering, degree+1 retention, expanded spacing, and singleton interval search are disabled by default.', 'The final unconstrained spline is now preserved; numerical equivalence with the original scalar objective and author examples remains unverified.']",48.47759999756818,
USGS,usgs_tnm_contours_large_scale_9084fac58e32_w000_9084fac5,luo_linf_de_2022_adaptation,ok,adaptation,reproduction_unverified,False,"['Regularization is selected by a common-MSE search instead of a verified source-paper parameter protocol.', 'DE fitness and the reported spline use endpoint-constrained least squares; a source-native solver/output is not preserved.', 'Minimum-gap projections, random population initialization, and finite DE budgets are unverified implementation choices; the forced-largest-jump fallback is now disabled.', 'The ADMM realization, local-maxima edge cases, and DE variant have no author-code/paper-example equivalence validation.']",1394.270200002211,
USGS,usgs_tnm_contours_large_scale_2ab4212fc9c6_w000_2ab4212f,park_dominant_point_2007_adaptation,ok,adaptation,reproduction_unverified,False,"['Common-MSE stopping replaces the source error-bound protocol; no iterative orthogonal-distance parameter update.', 'Degree-compatible shape-seed completion, endpoint knot clamps, and endpoint-constrained refits are repository choices, not independently source-verified.', 'Discrete Menger curvature and incremental LCM-seed consumption have not been checked against an author-code reference.']",20.165599999018013,
USGS,usgs_tnm_contours_large_scale_2ab4212fc9c6_w000_2ab4212f,liang_feature_iki_2017_adaptation,ok,adaptation,reproduction_unverified,False,"['The normalized arc/unsigned-turning-angle feature blend (default 0.5) is a repository construction, not a verified original equation.', 'Sampled feature-CDF inversion and worst-residual span bisection replace unverified analytic-feature/IKI details.', 'Common-MSE stopping, dense/initial knot counts, and endpoint-constrained fits are comparison settings.']",16.066600001067854,
USGS,usgs_tnm_contours_large_scale_2ab4212fc9c6_w000_2ab4212f,dung_direct_knot_2017_adaptation,ok,adaptation,reproduction_unverified,False,"[""Only simple knots are optimized; the author's multiplicity 1..degree+1 and joining-angle/continuity classifier are absent."", 'Only serial splitting is implemented; parallel split/join/shift is absent (serial is itself a published variant).', 'The shared comparison knot budget is external to the source algorithm; overflow now fails explicitly rather than silently subsampling coarse breaks.', 'The returned final curve now preserves unconstrained least squares; multiplicity and solver equivalence remain unverified.', 'sqrt(mse_tolerance) is not an equivalent native maximum-error constraint; finite-difference solver/search and short-tail guards are repository choices.']",171.99769999933778,
USGS,usgs_tnm_contours_large_scale_2ab4212fc9c6_w000_2ab4212f,kang_sparse_2015_adaptation,ok,adaptation,reproduction_unverified,False,"['Scalar constrained l1 optimization is changed to vector group-l1 with approximate ADMM/penalty bisection instead of the source CVX solve.', ""The default remains a limited Algorithms-4/5 adaptation; experimental Algorithms 1/3 reuse vector group-l1 finite ADMM and can become infeasible at the source's fixed initial error after merges."", 'An absolute floating-point jump cutoff remains a solver setting; relative-maximum filtering, degree+1 retention, expanded spacing, and singleton interval search are disabled by default.', 'The final unconstrained spline is now preserved; numerical equivalence with the original scalar objective and author examples remains unverified.']",2879.5288000001165,
USGS,usgs_tnm_contours_large_scale_2ab4212fc9c6_w000_2ab4212f,luo_linf_de_2022_adaptation,ok,adaptation,reproduction_unverified,False,"['Regularization is selected by a common-MSE search instead of a verified source-paper parameter protocol.', 'DE fitness and the reported spline use endpoint-constrained least squares; a source-native solver/output is not preserved.', 'Minimum-gap projections, random population initialization, and finite DE budgets are unverified implementation choices; the forced-largest-jump fallback is now disabled.', 'The ADMM realization, local-maxima edge cases, and DE variant have no author-code/paper-example equivalence validation.']",7800.398100000166,
USGS,usgs_tnm_contours_large_scale_73f76a177c8e_w000_73f76a17,park_dominant_point_2007_adaptation,ok,adaptation,reproduction_unverified,False,"['Common-MSE stopping replaces the source error-bound protocol; no iterative orthogonal-distance parameter update.', 'Degree-compatible shape-seed completion, endpoint knot clamps, and endpoint-constrained refits are repository choices, not independently source-verified.', 'Discrete Menger curvature and incremental LCM-seed consumption have not been checked against an author-code reference.']",68.43040000239853,
USGS,usgs_tnm_contours_large_scale_73f76a177c8e_w000_73f76a17,liang_feature_iki_2017_adaptation,ok,adaptation,reproduction_unverified,False,"['The normalized arc/unsigned-turning-angle feature blend (default 0.5) is a repository construction, not a verified original equation.', 'Sampled feature-CDF inversion and worst-residual span bisection replace unverified analytic-feature/IKI details.', 'Common-MSE stopping, dense/initial knot counts, and endpoint-constrained fits are comparison settings.']",44.03299999830779,
USGS,usgs_tnm_contours_large_scale_73f76a177c8e_w000_73f76a17,dung_direct_knot_2017_adaptation,failed,adaptation,reproduction_unverified,False,"[""Only simple knots are optimized; the author's multiplicity 1..degree+1 and joining-angle/continuity classifier are absent."", 'Only serial splitting is implemented; parallel split/join/shift is absent (serial is itself a published variant).', 'The shared comparison knot budget is external to the source algorithm; overflow now fails explicitly rather than silently subsampling coarse breaks.', 'The returned final curve now preserves unconstrained least squares; multiplicity and solver equivalence remain unverified.', 'sqrt(mse_tolerance) is not an equivalent native maximum-error constraint; finite-difference solver/search and short-tail guards are repository choices.']",428.28709999957937,"ValueError: Dung capacity limit exceeded: serial segmentation proposes 20 internal knots, but the shared budget is 16; no boundaries were silently discarded."
USGS,usgs_tnm_contours_large_scale_73f76a177c8e_w000_73f76a17,kang_sparse_2015_adaptation,ok,adaptation,reproduction_unverified,False,"['Scalar constrained l1 optimization is changed to vector group-l1 with approximate ADMM/penalty bisection instead of the source CVX solve.', ""The default remains a limited Algorithms-4/5 adaptation; experimental Algorithms 1/3 reuse vector group-l1 finite ADMM and can become infeasible at the source's fixed initial error after merges."", 'An absolute floating-point jump cutoff remains a solver setting; relative-maximum filtering, degree+1 retention, expanded spacing, and singleton interval search are disabled by default.', 'The final unconstrained spline is now preserved; numerical equivalence with the original scalar objective and author examples remains unverified.']",58.82940000083181,
USGS,usgs_tnm_contours_large_scale_73f76a177c8e_w000_73f76a17,luo_linf_de_2022_adaptation,ok,adaptation,reproduction_unverified,False,"['Regularization is selected by a common-MSE search instead of a verified source-paper parameter protocol.', 'DE fitness and the reported spline use endpoint-constrained least squares; a source-native solver/output is not preserved.', 'Minimum-gap projections, random population initialization, and finite DE budgets are unverified implementation choices; the forced-largest-jump fallback is now disabled.', 'The ADMM realization, local-maxima edge cases, and DE variant have no author-code/paper-example equivalence validation.']",1373.6876000002667,
USGS,usgs_tnm_contours_large_scale_5b180d7afe92_w000_5b180d7a,park_dominant_point_2007_adaptation,ok,adaptation,reproduction_unverified,False,"['Common-MSE stopping replaces the source error-bound protocol; no iterative orthogonal-distance parameter update.', 'Degree-compatible shape-seed completion, endpoint knot clamps, and endpoint-constrained refits are repository choices, not independently source-verified.', 'Discrete Menger curvature and incremental LCM-seed consumption have not been checked against an author-code reference.']",31.928899999911664,
USGS,usgs_tnm_contours_large_scale_5b180d7afe92_w000_5b180d7a,liang_feature_iki_2017_adaptation,ok,adaptation,reproduction_unverified,False,"['The normalized arc/unsigned-turning-angle feature blend (default 0.5) is a repository construction, not a verified original equation.', 'Sampled feature-CDF inversion and worst-residual span bisection replace unverified analytic-feature/IKI details.', 'Common-MSE stopping, dense/initial knot counts, and endpoint-constrained fits are comparison settings.']",17.672900001343805,
USGS,usgs_tnm_contours_large_scale_5b180d7afe92_w000_5b180d7a,dung_direct_knot_2017_adaptation,ok,adaptation,reproduction_unverified,False,"[""Only simple knots are optimized; the author's multiplicity 1..degree+1 and joining-angle/continuity classifier are absent."", 'Only serial splitting is implemented; parallel split/join/shift is absent (serial is itself a published variant).', 'The shared comparison knot budget is external to the source algorithm; overflow now fails explicitly rather than silently subsampling coarse breaks.', 'The returned final curve now preserves unconstrained least squares; multiplicity and solver equivalence remain unverified.', 'sqrt(mse_tolerance) is not an equivalent native maximum-error constraint; finite-difference solver/search and short-tail guards are repository choices.']",274.85149999847636,
USGS,usgs_tnm_contours_large_scale_5b180d7afe92_w000_5b180d7a,kang_sparse_2015_adaptation,ok,adaptation,reproduction_unverified,False,"['Scalar constrained l1 optimization is changed to vector group-l1 with approximate ADMM/penalty bisection instead of the source CVX solve.', ""The default remains a limited Algorithms-4/5 adaptation; experimental Algorithms 1/3 reuse vector group-l1 finite ADMM and can become infeasible at the source's fixed initial error after merges."", 'An absolute floating-point jump cutoff remains a solver setting; relative-maximum filtering, degree+1 retention, expanded spacing, and singleton interval search are disabled by default.', 'The final unconstrained spline is now preserved; numerical equivalence with the original scalar objective and author examples remains unverified.']",1301.745299999311,
USGS,usgs_tnm_contours_large_scale_5b180d7afe92_w000_5b180d7a,luo_linf_de_2022_adaptation,ok,adaptation,reproduction_unverified,False,"['Regularization is selected by a common-MSE search instead of a verified source-paper parameter protocol.', 'DE fitness and the reported spline use endpoint-constrained least squares; a source-native solver/output is not preserved.', 'Minimum-gap projections, random population initialization, and finite DE budgets are unverified implementation choices; the forced-largest-jump fallback is now disabled.', 'The ADMM realization, local-maxima edge cases, and DE variant have no author-code/paper-example equivalence validation.']",6338.952899997821,
USGS,usgs_tnm_contours_large_scale_ebe4d3820ea4_w000_ebe4d382,park_dominant_point_2007_adaptation,ok,adaptation,reproduction_unverified,False,"['Common-MSE stopping replaces the source error-bound protocol; no iterative orthogonal-distance parameter update.', 'Degree-compatible shape-seed completion, endpoint knot clamps, and endpoint-constrained refits are repository choices, not independently source-verified.', 'Discrete Menger curvature and incremental LCM-seed consumption have not been checked against an author-code reference.']",70.97409999914817,
USGS,usgs_tnm_contours_large_scale_ebe4d3820ea4_w000_ebe4d382,liang_feature_iki_2017_adaptation,ok,adaptation,reproduction_unverified,False,"['The normalized arc/unsigned-turning-angle feature blend (default 0.5) is a repository construction, not a verified original equation.', 'Sampled feature-CDF inversion and worst-residual span bisection replace unverified analytic-feature/IKI details.', 'Common-MSE stopping, dense/initial knot counts, and endpoint-constrained fits are comparison settings.']",35.99210000174935,
USGS,usgs_tnm_contours_large_scale_ebe4d3820ea4_w000_ebe4d382,dung_direct_knot_2017_adaptation,ok,adaptation,reproduction_unverified,False,"[""Only simple knots are optimized; the author's multiplicity 1..degree+1 and joining-angle/continuity classifier are absent."", 'Only serial splitting is implemented; parallel split/join/shift is absent (serial is itself a published variant).', 'The shared comparison knot budget is external to the source algorithm; overflow now fails explicitly rather than silently subsampling coarse breaks.', 'The returned final curve now preserves unconstrained least squares; multiplicity and solver equivalence remain unverified.', 'sqrt(mse_tolerance) is not an equivalent native maximum-error constraint; finite-difference solver/search and short-tail guards are repository choices.']",1393.6542000010377,
USGS,usgs_tnm_contours_large_scale_ebe4d3820ea4_w000_ebe4d382,kang_sparse_2015_adaptation,ok,adaptation,reproduction_unverified,False,"['Scalar constrained l1 optimization is changed to vector group-l1 with approximate ADMM/penalty bisection instead of the source CVX solve.', ""The default remains a limited Algorithms-4/5 adaptation; experimental Algorithms 1/3 reuse vector group-l1 finite ADMM and can become infeasible at the source's fixed initial error after merges."", 'An absolute floating-point jump cutoff remains a solver setting; relative-maximum filtering, degree+1 retention, expanded spacing, and singleton interval search are disabled by default.', 'The final unconstrained spline is now preserved; numerical equivalence with the original scalar objective and author examples remains unverified.']",49.02850000144099,
USGS,usgs_tnm_contours_large_scale_ebe4d3820ea4_w000_ebe4d382,luo_linf_de_2022_adaptation,ok,adaptation,reproduction_unverified,False,"['Regularization is selected by a common-MSE search instead of a verified source-paper parameter protocol.', 'DE fitness and the reported spline use endpoint-constrained least squares; a source-native solver/output is not preserved.', 'Minimum-gap projections, random population initialization, and finite DE budgets are unverified implementation choices; the forced-largest-jump fallback is now disabled.', 'The ADMM realization, local-maxima edge cases, and DE variant have no author-code/paper-example equivalence validation.']",1918.4427999971376,
USGS,usgs_tnm_contours_large_scale_2c44653fffbc_w001_7ea9e805,park_dominant_point_2007_adaptation,ok,adaptation,reproduction_unverified,False,"['Common-MSE stopping replaces the source error-bound protocol; no iterative orthogonal-distance parameter update.', 'Degree-compatible shape-seed completion, endpoint knot clamps, and endpoint-constrained refits are repository choices, not independently source-verified.', 'Discrete Menger curvature and incremental LCM-seed consumption have not been checked against an author-code reference.']",69.07390000196756,
USGS,usgs_tnm_contours_large_scale_2c44653fffbc_w001_7ea9e805,liang_feature_iki_2017_adaptation,ok,adaptation,reproduction_unverified,False,"['The normalized arc/unsigned-turning-angle feature blend (default 0.5) is a repository construction, not a verified original equation.', 'Sampled feature-CDF inversion and worst-residual span bisection replace unverified analytic-feature/IKI details.', 'Common-MSE stopping, dense/initial knot counts, and endpoint-constrained fits are comparison settings.']",62.93100000038976,
USGS,usgs_tnm_contours_large_scale_2c44653fffbc_w001_7ea9e805,dung_direct_knot_2017_adaptation,failed,adaptation,reproduction_unverified,False,"[""Only simple knots are optimized; the author's multiplicity 1..degree+1 and joining-angle/continuity classifier are absent."", 'Only serial splitting is implemented; parallel split/join/shift is absent (serial is itself a published variant).', 'The shared comparison knot budget is external to the source algorithm; overflow now fails explicitly rather than silently subsampling coarse breaks.', 'The returned final curve now preserves unconstrained least squares; multiplicity and solver equivalence remain unverified.', 'sqrt(mse_tolerance) is not an equivalent native maximum-error constraint; finite-difference solver/search and short-tail guards are repository choices.']",588.2286000014574,"ValueError: Dung capacity limit exceeded: serial segmentation proposes 26 internal knots, but the shared budget is 16; no boundaries were silently discarded."
USGS,usgs_tnm_contours_large_scale_2c44653fffbc_w001_7ea9e805,kang_sparse_2015_adaptation,ok,adaptation,reproduction_unverified,False,"['Scalar constrained l1 optimization is changed to vector group-l1 with approximate ADMM/penalty bisection instead of the source CVX solve.', ""The default remains a limited Algorithms-4/5 adaptation; experimental Algorithms 1/3 reuse vector group-l1 finite ADMM and can become infeasible at the source's fixed initial error after merges."", 'An absolute floating-point jump cutoff remains a solver setting; relative-maximum filtering, degree+1 retention, expanded spacing, and singleton interval search are disabled by default.', 'The final unconstrained spline is now preserved; numerical equivalence with the original scalar objective and author examples remains unverified.']",41.986599997471785,
USGS,usgs_tnm_contours_large_scale_2c44653fffbc_w001_7ea9e805,luo_linf_de_2022_adaptation,ok,adaptation,reproduction_unverified,False,"['Regularization is selected by a common-MSE search instead of a verified source-paper parameter protocol.', 'DE fitness and the reported spline use endpoint-constrained least squares; a source-native solver/output is not preserved.', 'Minimum-gap projections, random population initialization, and finite DE budgets are unverified implementation choices; the forced-largest-jump fallback is now disabled.', 'The ADMM realization, local-maxima edge cases, and DE variant have no author-code/paper-example equivalence validation.']",6.249899997783359,
USGS,usgs_tnm_contours_large_scale_c858e8614d4b_w000_c858e861,park_dominant_point_2007_adaptation,ok,adaptation,reproduction_unverified,False,"['Common-MSE stopping replaces the source error-bound protocol; no iterative orthogonal-distance parameter update.', 'Degree-compatible shape-seed completion, endpoint knot clamps, and endpoint-constrained refits are repository choices, not independently source-verified.', 'Discrete Menger curvature and incremental LCM-seed consumption have not been checked against an author-code reference.']",38.437200000771554,
USGS,usgs_tnm_contours_large_scale_c858e8614d4b_w000_c858e861,liang_feature_iki_2017_adaptation,ok,adaptation,reproduction_unverified,False,"['The normalized arc/unsigned-turning-angle feature blend (default 0.5) is a repository construction, not a verified original equation.', 'Sampled feature-CDF inversion and worst-residual span bisection replace unverified analytic-feature/IKI details.', 'Common-MSE stopping, dense/initial knot counts, and endpoint-constrained fits are comparison settings.']",27.270499998849118,
USGS,usgs_tnm_contours_large_scale_c858e8614d4b_w000_c858e861,dung_direct_knot_2017_adaptation,ok,adaptation,reproduction_unverified,False,"[""Only simple knots are optimized; the author's multiplicity 1..degree+1 and joining-angle/continuity classifier are absent."", 'Only serial splitting is implemented; parallel split/join/shift is absent (serial is itself a published variant).', 'The shared comparison knot budget is external to the source algorithm; overflow now fails explicitly rather than silently subsampling coarse breaks.', 'The returned final curve now preserves unconstrained least squares; multiplicity and solver equivalence remain unverified.', 'sqrt(mse_tolerance) is not an equivalent native maximum-error constraint; finite-difference solver/search and short-tail guards are repository choices.']",212.2825999977067,
USGS,usgs_tnm_contours_large_scale_c858e8614d4b_w000_c858e861,kang_sparse_2015_adaptation,ok,adaptation,reproduction_unverified,False,"['Scalar constrained l1 optimization is changed to vector group-l1 with approximate ADMM/penalty bisection instead of the source CVX solve.', ""The default remains a limited Algorithms-4/5 adaptation; experimental Algorithms 1/3 reuse vector group-l1 finite ADMM and can become infeasible at the source's fixed initial error after merges."", 'An absolute floating-point jump cutoff remains a solver setting; relative-maximum filtering, degree+1 retention, expanded spacing, and singleton interval search are disabled by default.', 'The final unconstrained spline is now preserved; numerical equivalence with the original scalar objective and author examples remains unverified.']",2699.008200001117,
USGS,usgs_tnm_contours_large_scale_c858e8614d4b_w000_c858e861,luo_linf_de_2022_adaptation,ok,adaptation,reproduction_unverified,False,"['Regularization is selected by a common-MSE search instead of a verified source-paper parameter protocol.', 'DE fitness and the reported spline use endpoint-constrained least squares; a source-native solver/output is not preserved.', 'Minimum-gap projections, random population initialization, and finite DE budgets are unverified implementation choices; the forced-largest-jump fallback is now disabled.', 'The ADMM realization, local-maxima edge cases, and DE variant have no author-code/paper-example equivalence validation.']",6246.138899998186,
USGS,usgs_tnm_contours_large_scale_08cddbc994fc_w000_08cddbc9,park_dominant_point_2007_adaptation,ok,adaptation,reproduction_unverified,False,"['Common-MSE stopping replaces the source error-bound protocol; no iterative orthogonal-distance parameter update.', 'Degree-compatible shape-seed completion, endpoint knot clamps, and endpoint-constrained refits are repository choices, not independently source-verified.', 'Discrete Menger curvature and incremental LCM-seed consumption have not been checked against an author-code reference.']",59.0833999995084,
USGS,usgs_tnm_contours_large_scale_08cddbc994fc_w000_08cddbc9,liang_feature_iki_2017_adaptation,ok,adaptation,reproduction_unverified,False,"['The normalized arc/unsigned-turning-angle feature blend (default 0.5) is a repository construction, not a verified original equation.', 'Sampled feature-CDF inversion and worst-residual span bisection replace unverified analytic-feature/IKI details.', 'Common-MSE stopping, dense/initial knot counts, and endpoint-constrained fits are comparison settings.']",45.53200000009383,
USGS,usgs_tnm_contours_large_scale_08cddbc994fc_w000_08cddbc9,dung_direct_knot_2017_adaptation,ok,adaptation,reproduction_unverified,False,"[""Only simple knots are optimized; the author's multiplicity 1..degree+1 and joining-angle/continuity classifier are absent."", 'Only serial splitting is implemented; parallel split/join/shift is absent (serial is itself a published variant).', 'The shared comparison knot budget is external to the source algorithm; overflow now fails explicitly rather than silently subsampling coarse breaks.', 'The returned final curve now preserves unconstrained least squares; multiplicity and solver equivalence remain unverified.', 'sqrt(mse_tolerance) is not an equivalent native maximum-error constraint; finite-difference solver/search and short-tail guards are repository choices.']",374.6218999986013,
USGS,usgs_tnm_contours_large_scale_08cddbc994fc_w000_08cddbc9,kang_sparse_2015_adaptation,ok,adaptation,reproduction_unverified,False,"['Scalar constrained l1 optimization is changed to vector group-l1 with approximate ADMM/penalty bisection instead of the source CVX solve.', ""The default remains a limited Algorithms-4/5 adaptation; experimental Algorithms 1/3 reuse vector group-l1 finite ADMM and can become infeasible at the source's fixed initial error after merges."", 'An absolute floating-point jump cutoff remains a solver setting; relative-maximum filtering, degree+1 retention, expanded spacing, and singleton interval search are disabled by default.', 'The final unconstrained spline is now preserved; numerical equivalence with the original scalar objective and author examples remains unverified.']",39.863999998488,
USGS,usgs_tnm_contours_large_scale_08cddbc994fc_w000_08cddbc9,luo_linf_de_2022_adaptation,ok,adaptation,reproduction_unverified,False,"['Regularization is selected by a common-MSE search instead of a verified source-paper parameter protocol.', 'DE fitness and the reported spline use endpoint-constrained least squares; a source-native solver/output is not preserved.', 'Minimum-gap projections, random population initialization, and finite DE budgets are unverified implementation choices; the forced-largest-jump fallback is now disabled.', 'The ADMM realization, local-maxima edge cases, and DE variant have no author-code/paper-example equivalence validation.']",1603.194800001802,
USGS,usgs_tnm_contours_large_scale_a0d5104896a8_w000_a0d51048,park_dominant_point_2007_adaptation,ok,adaptation,reproduction_unverified,False,"['Common-MSE stopping replaces the source error-bound protocol; no iterative orthogonal-distance parameter update.', 'Degree-compatible shape-seed completion, endpoint knot clamps, and endpoint-constrained refits are repository choices, not independently source-verified.', 'Discrete Menger curvature and incremental LCM-seed consumption have not been checked against an author-code reference.']",60.01970000215806,
USGS,usgs_tnm_contours_large_scale_a0d5104896a8_w000_a0d51048,liang_feature_iki_2017_adaptation,ok,adaptation,reproduction_unverified,False,"['The normalized arc/unsigned-turning-angle feature blend (default 0.5) is a repository construction, not a verified original equation.', 'Sampled feature-CDF inversion and worst-residual span bisection replace unverified analytic-feature/IKI details.', 'Common-MSE stopping, dense/initial knot counts, and endpoint-constrained fits are comparison settings.']",45.30689999955939,
USGS,usgs_tnm_contours_large_scale_a0d5104896a8_w000_a0d51048,dung_direct_knot_2017_adaptation,failed,adaptation,reproduction_unverified,False,"[""Only simple knots are optimized; the author's multiplicity 1..degree+1 and joining-angle/continuity classifier are absent."", 'Only serial splitting is implemented; parallel split/join/shift is absent (serial is itself a published variant).', 'The shared comparison knot budget is external to the source algorithm; overflow now fails explicitly rather than silently subsampling coarse breaks.', 'The returned final curve now preserves unconstrained least squares; multiplicity and solver equivalence remain unverified.', 'sqrt(mse_tolerance) is not an equivalent native maximum-error constraint; finite-difference solver/search and short-tail guards are repository choices.']",462.8674999985378,"ValueError: Dung capacity limit exceeded: serial segmentation proposes 19 internal knots, but the shared budget is 16; no boundaries were silently discarded."
USGS,usgs_tnm_contours_large_scale_a0d5104896a8_w000_a0d51048,kang_sparse_2015_adaptation,ok,adaptation,reproduction_unverified,False,"['Scalar constrained l1 optimization is changed to vector group-l1 with approximate ADMM/penalty bisection instead of the source CVX solve.', ""The default remains a limited Algorithms-4/5 adaptation; experimental Algorithms 1/3 reuse vector group-l1 finite ADMM and can become infeasible at the source's fixed initial error after merges."", 'An absolute floating-point jump cutoff remains a solver setting; relative-maximum filtering, degree+1 retention, expanded spacing, and singleton interval search are disabled by default.', 'The final unconstrained spline is now preserved; numerical equivalence with the original scalar objective and author examples remains unverified.']",107.90460000134772,
USGS,usgs_tnm_contours_large_scale_a0d5104896a8_w000_a0d51048,luo_linf_de_2022_adaptation,ok,adaptation,reproduction_unverified,False,"['Regularization is selected by a common-MSE search instead of a verified source-paper parameter protocol.', 'DE fitness and the reported spline use endpoint-constrained least squares; a source-native solver/output is not preserved.', 'Minimum-gap projections, random population initialization, and finite DE budgets are unverified implementation choices; the forced-largest-jump fallback is now disabled.', 'The ADMM realization, local-maxima edge cases, and DE variant have no author-code/paper-example equivalence validation.']",13.407700000243494,
USGS,usgs_tnm_contours_large_scale_9c898cdad308_w000_9c898cda,park_dominant_point_2007_adaptation,ok,adaptation,reproduction_unverified,False,"['Common-MSE stopping replaces the source error-bound protocol; no iterative orthogonal-distance parameter update.', 'Degree-compatible shape-seed completion, endpoint knot clamps, and endpoint-constrained refits are repository choices, not independently source-verified.', 'Discrete Menger curvature and incremental LCM-seed consumption have not been checked against an author-code reference.']",41.579900000215275,
USGS,usgs_tnm_contours_large_scale_9c898cdad308_w000_9c898cda,liang_feature_iki_2017_adaptation,ok,adaptation,reproduction_unverified,False,"['The normalized arc/unsigned-turning-angle feature blend (default 0.5) is a repository construction, not a verified original equation.', 'Sampled feature-CDF inversion and worst-residual span bisection replace unverified analytic-feature/IKI details.', 'Common-MSE stopping, dense/initial knot counts, and endpoint-constrained fits are comparison settings.']",23.910799998702714,
USGS,usgs_tnm_contours_large_scale_9c898cdad308_w000_9c898cda,dung_direct_knot_2017_adaptation,ok,adaptation,reproduction_unverified,False,"[""Only simple knots are optimized; the author's multiplicity 1..degree+1 and joining-angle/continuity classifier are absent."", 'Only serial splitting is implemented; parallel split/join/shift is absent (serial is itself a published variant).', 'The shared comparison knot budget is external to the source algorithm; overflow now fails explicitly rather than silently subsampling coarse breaks.', 'The returned final curve now preserves unconstrained least squares; multiplicity and solver equivalence remain unverified.', 'sqrt(mse_tolerance) is not an equivalent native maximum-error constraint; finite-difference solver/search and short-tail guards are repository choices.']",304.4388999987859,
USGS,usgs_tnm_contours_large_scale_9c898cdad308_w000_9c898cda,kang_sparse_2015_adaptation,ok,adaptation,reproduction_unverified,False,"['Scalar constrained l1 optimization is changed to vector group-l1 with approximate ADMM/penalty bisection instead of the source CVX solve.', ""The default remains a limited Algorithms-4/5 adaptation; experimental Algorithms 1/3 reuse vector group-l1 finite ADMM and can become infeasible at the source's fixed initial error after merges."", 'An absolute floating-point jump cutoff remains a solver setting; relative-maximum filtering, degree+1 retention, expanded spacing, and singleton interval search are disabled by default.', 'The final unconstrained spline is now preserved; numerical equivalence with the original scalar objective and author examples remains unverified.']",1297.8088999989268,
USGS,usgs_tnm_contours_large_scale_9c898cdad308_w000_9c898cda,luo_linf_de_2022_adaptation,ok,adaptation,reproduction_unverified,False,"['Regularization is selected by a common-MSE search instead of a verified source-paper parameter protocol.', 'DE fitness and the reported spline use endpoint-constrained least squares; a source-native solver/output is not preserved.', 'Minimum-gap projections, random population initialization, and finite DE budgets are unverified implementation choices; the forced-largest-jump fallback is now disabled.', 'The ADMM realization, local-maxima edge cases, and DE variant have no author-code/paper-example equivalence validation.']",5918.185500002437,
IndustrialOffset,industrial_offset_elliptic_bore_v001_o03_p0p0200,park_dominant_point_2007_adaptation,ok,adaptation,reproduction_unverified,False,"['Common-MSE stopping replaces the source error-bound protocol; no iterative orthogonal-distance parameter update.', 'Degree-compatible shape-seed completion, endpoint knot clamps, and endpoint-constrained refits are repository choices, not independently source-verified.', 'Discrete Menger curvature and incremental LCM-seed consumption have not been checked against an author-code reference.']",27.62500000244472,
IndustrialOffset,industrial_offset_elliptic_bore_v001_o03_p0p0200,liang_feature_iki_2017_adaptation,ok,adaptation,reproduction_unverified,False,"['The normalized arc/unsigned-turning-angle feature blend (default 0.5) is a repository construction, not a verified original equation.', 'Sampled feature-CDF inversion and worst-residual span bisection replace unverified analytic-feature/IKI details.', 'Common-MSE stopping, dense/initial knot counts, and endpoint-constrained fits are comparison settings.']",13.809600000968203,
IndustrialOffset,industrial_offset_elliptic_bore_v001_o03_p0p0200,dung_direct_knot_2017_adaptation,ok,adaptation,reproduction_unverified,False,"[""Only simple knots are optimized; the author's multiplicity 1..degree+1 and joining-angle/continuity classifier are absent."", 'Only serial splitting is implemented; parallel split/join/shift is absent (serial is itself a published variant).', 'The shared comparison knot budget is external to the source algorithm; overflow now fails explicitly rather than silently subsampling coarse breaks.', 'The returned final curve now preserves unconstrained least squares; multiplicity and solver equivalence remain unverified.', 'sqrt(mse_tolerance) is not an equivalent native maximum-error constraint; finite-difference solver/search and short-tail guards are repository choices.']",176.15889999797218,
IndustrialOffset,industrial_offset_elliptic_bore_v001_o03_p0p0200,kang_sparse_2015_adaptation,ok,adaptation,reproduction_unverified,False,"['Scalar constrained l1 optimization is changed to vector group-l1 with approximate ADMM/penalty bisection instead of the source CVX solve.', ""The default remains a limited Algorithms-4/5 adaptation; experimental Algorithms 1/3 reuse vector group-l1 finite ADMM and can become infeasible at the source's fixed initial error after merges."", 'An absolute floating-point jump cutoff remains a solver setting; relative-maximum filtering, degree+1 retention, expanded spacing, and singleton interval search are disabled by default.', 'The final unconstrained spline is now preserved; numerical equivalence with the original scalar objective and author examples remains unverified.']",2763.8895000018238,
IndustrialOffset,industrial_offset_elliptic_bore_v001_o03_p0p0200,luo_linf_de_2022_adaptation,ok,adaptation,reproduction_unverified,False,"['Regularization is selected by a common-MSE search instead of a verified source-paper parameter protocol.', 'DE fitness and the reported spline use endpoint-constrained least squares; a source-native solver/output is not preserved.', 'Minimum-gap projections, random population initialization, and finite DE budgets are unverified implementation choices; the forced-largest-jump fallback is now disabled.', 'The ADMM realization, local-maxima edge cases, and DE variant have no author-code/paper-example equivalence validation.']",6916.863099999318,
IndustrialOffset,industrial_offset_naca_airfoil_v005_o05_p0p0800,park_dominant_point_2007_adaptation,ok,adaptation,reproduction_unverified,False,"['Common-MSE stopping replaces the source error-bound protocol; no iterative orthogonal-distance parameter update.', 'Degree-compatible shape-seed completion, endpoint knot clamps, and endpoint-constrained refits are repository choices, not independently source-verified.', 'Discrete Menger curvature and incremental LCM-seed consumption have not been checked against an author-code reference.']",109.57790000247769,
IndustrialOffset,industrial_offset_naca_airfoil_v005_o05_p0p0800,liang_feature_iki_2017_adaptation,ok,adaptation,reproduction_unverified,False,"['The normalized arc/unsigned-turning-angle feature blend (default 0.5) is a repository construction, not a verified original equation.', 'Sampled feature-CDF inversion and worst-residual span bisection replace unverified analytic-feature/IKI details.', 'Common-MSE stopping, dense/initial knot counts, and endpoint-constrained fits are comparison settings.']",19.061499999224907,
IndustrialOffset,industrial_offset_naca_airfoil_v005_o05_p0p0800,dung_direct_knot_2017_adaptation,ok,adaptation,reproduction_unverified,False,"[""Only simple knots are optimized; the author's multiplicity 1..degree+1 and joining-angle/continuity classifier are absent."", 'Only serial splitting is implemented; parallel split/join/shift is absent (serial is itself a published variant).', 'The shared comparison knot budget is external to the source algorithm; overflow now fails explicitly rather than silently subsampling coarse breaks.', 'The returned final curve now preserves unconstrained least squares; multiplicity and solver equivalence remain unverified.', 'sqrt(mse_tolerance) is not an equivalent native maximum-error constraint; finite-difference solver/search and short-tail guards are repository choices.']",222.48290000061388,
IndustrialOffset,industrial_offset_naca_airfoil_v005_o05_p0p0800,kang_sparse_2015_adaptation,ok,adaptation,reproduction_unverified,False,"['Scalar constrained l1 optimization is changed to vector group-l1 with approximate ADMM/penalty bisection instead of the source CVX solve.', ""The default remains a limited Algorithms-4/5 adaptation; experimental Algorithms 1/3 reuse vector group-l1 finite ADMM and can become infeasible at the source's fixed initial error after merges."", 'An absolute floating-point jump cutoff remains a solver setting; relative-maximum filtering, degree+1 retention, expanded spacing, and singleton interval search are disabled by default.', 'The final unconstrained spline is now preserved; numerical equivalence with the original scalar objective and author examples remains unverified.']",1301.6422999971837,
IndustrialOffset,industrial_offset_naca_airfoil_v005_o05_p0p0800,luo_linf_de_2022_adaptation,ok,adaptation,reproduction_unverified,False,"['Regularization is selected by a common-MSE search instead of a verified source-paper parameter protocol.', 'DE fitness and the reported spline use endpoint-constrained least squares; a source-native solver/output is not preserved.', 'Minimum-gap projections, random population initialization, and finite DE budgets are unverified implementation choices; the forced-largest-jump fallback is now disabled.', 'The ADMM realization, local-maxima edge cases, and DE variant have no author-code/paper-example equivalence validation.']",4705.500199997914,
IndustrialOffset,industrial_offset_elliptic_bore_v008_o00_m0p0800,park_dominant_point_2007_adaptation,ok,adaptation,reproduction_unverified,False,"['Common-MSE stopping replaces the source error-bound protocol; no iterative orthogonal-distance parameter update.', 'Degree-compatible shape-seed completion, endpoint knot clamps, and endpoint-constrained refits are repository choices, not independently source-verified.', 'Discrete Menger curvature and incremental LCM-seed consumption have not been checked against an author-code reference.']",28.136500000982778,
IndustrialOffset,industrial_offset_elliptic_bore_v008_o00_m0p0800,liang_feature_iki_2017_adaptation,ok,adaptation,reproduction_unverified,False,"['The normalized arc/unsigned-turning-angle feature blend (default 0.5) is a repository construction, not a verified original equation.', 'Sampled feature-CDF inversion and worst-residual span bisection replace unverified analytic-feature/IKI details.', 'Common-MSE stopping, dense/initial knot counts, and endpoint-constrained fits are comparison settings.']",15.929299999697832,
IndustrialOffset,industrial_offset_elliptic_bore_v008_o00_m0p0800,dung_direct_knot_2017_adaptation,ok,adaptation,reproduction_unverified,False,"[""Only simple knots are optimized; the author's multiplicity 1..degree+1 and joining-angle/continuity classifier are absent."", 'Only serial splitting is implemented; parallel split/join/shift is absent (serial is itself a published variant).', 'The shared comparison knot budget is external to the source algorithm; overflow now fails explicitly rather than silently subsampling coarse breaks.', 'The returned final curve now preserves unconstrained least squares; multiplicity and solver equivalence remain unverified.', 'sqrt(mse_tolerance) is not an equivalent native maximum-error constraint; finite-difference solver/search and short-tail guards are repository choices.']",213.72669999982463,
IndustrialOffset,industrial_offset_elliptic_bore_v008_o00_m0p0800,kang_sparse_2015_adaptation,ok,adaptation,reproduction_unverified,False,"['Scalar constrained l1 optimization is changed to vector group-l1 with approximate ADMM/penalty bisection instead of the source CVX solve.', ""The default remains a limited Algorithms-4/5 adaptation; experimental Algorithms 1/3 reuse vector group-l1 finite ADMM and can become infeasible at the source's fixed initial error after merges."", 'An absolute floating-point jump cutoff remains a solver setting; relative-maximum filtering, degree+1 retention, expanded spacing, and singleton interval search are disabled by default.', 'The final unconstrained spline is now preserved; numerical equivalence with the original scalar objective and author examples remains unverified.']",2617.802799999481,
IndustrialOffset,industrial_offset_elliptic_bore_v008_o00_m0p0800,luo_linf_de_2022_adaptation,ok,adaptation,reproduction_unverified,False,"['Regularization is selected by a common-MSE search instead of a verified source-paper parameter protocol.', 'DE fitness and the reported spline use endpoint-constrained least squares; a source-native solver/output is not preserved.', 'Minimum-gap projections, random population initialization, and finite DE budgets are unverified implementation choices; the forced-largest-jump fallback is now disabled.', 'The ADMM realization, local-maxima edge cases, and DE variant have no author-code/paper-example equivalence validation.']",6712.606200002483,
IndustrialOffset,industrial_offset_rounded_plate_v002_o00_m0p0800,park_dominant_point_2007_adaptation,ok,adaptation,reproduction_unverified,False,"['Common-MSE stopping replaces the source error-bound protocol; no iterative orthogonal-distance parameter update.', 'Degree-compatible shape-seed completion, endpoint knot clamps, and endpoint-constrained refits are repository choices, not independently source-verified.', 'Discrete Menger curvature and incremental LCM-seed consumption have not been checked against an author-code reference.']",109.47280000254977,
IndustrialOffset,industrial_offset_rounded_plate_v002_o00_m0p0800,liang_feature_iki_2017_adaptation,ok,adaptation,reproduction_unverified,False,"['The normalized arc/unsigned-turning-angle feature blend (default 0.5) is a repository construction, not a verified original equation.', 'Sampled feature-CDF inversion and worst-residual span bisection replace unverified analytic-feature/IKI details.', 'Common-MSE stopping, dense/initial knot counts, and endpoint-constrained fits are comparison settings.']",40.31799999938812,
IndustrialOffset,industrial_offset_rounded_plate_v002_o00_m0p0800,dung_direct_knot_2017_adaptation,ok,adaptation,reproduction_unverified,False,"[""Only simple knots are optimized; the author's multiplicity 1..degree+1 and joining-angle/continuity classifier are absent."", 'Only serial splitting is implemented; parallel split/join/shift is absent (serial is itself a published variant).', 'The shared comparison knot budget is external to the source algorithm; overflow now fails explicitly rather than silently subsampling coarse breaks.', 'The returned final curve now preserves unconstrained least squares; multiplicity and solver equivalence remain unverified.', 'sqrt(mse_tolerance) is not an equivalent native maximum-error constraint; finite-difference solver/search and short-tail guards are repository choices.']",330.81809999930556,
IndustrialOffset,industrial_offset_rounded_plate_v002_o00_m0p0800,kang_sparse_2015_adaptation,ok,adaptation,reproduction_unverified,False,"['Scalar constrained l1 optimization is changed to vector group-l1 with approximate ADMM/penalty bisection instead of the source CVX solve.', ""The default remains a limited Algorithms-4/5 adaptation; experimental Algorithms 1/3 reuse vector group-l1 finite ADMM and can become infeasible at the source's fixed initial error after merges."", 'An absolute floating-point jump cutoff remains a solver setting; relative-maximum filtering, degree+1 retention, expanded spacing, and singleton interval search are disabled by default.', 'The final unconstrained spline is now preserved; numerical equivalence with the original scalar objective and author examples remains unverified.']",1358.6896999986493,
IndustrialOffset,industrial_offset_rounded_plate_v002_o00_m0p0800,luo_linf_de_2022_adaptation,ok,adaptation,reproduction_unverified,False,"['Regularization is selected by a common-MSE search instead of a verified source-paper parameter protocol.', 'DE fitness and the reported spline use endpoint-constrained least squares; a source-native solver/output is not preserved.', 'Minimum-gap projections, random population initialization, and finite DE budgets are unverified implementation choices; the forced-largest-jump fallback is now disabled.', 'The ADMM realization, local-maxima edge cases, and DE variant have no author-code/paper-example equivalence validation.']",3951.2964999994438,
IndustrialOffset,industrial_offset_lobed_rotor_v001_o02_m0p0200,park_dominant_point_2007_adaptation,ok,adaptation,reproduction_unverified,False,"['Common-MSE stopping replaces the source error-bound protocol; no iterative orthogonal-distance parameter update.', 'Degree-compatible shape-seed completion, endpoint knot clamps, and endpoint-constrained refits are repository choices, not independently source-verified.', 'Discrete Menger curvature and incremental LCM-seed consumption have not been checked against an author-code reference.']",84.52529999703984,
IndustrialOffset,industrial_offset_lobed_rotor_v001_o02_m0p0200,liang_feature_iki_2017_adaptation,ok,adaptation,reproduction_unverified,False,"['The normalized arc/unsigned-turning-angle feature blend (default 0.5) is a repository construction, not a verified original equation.', 'Sampled feature-CDF inversion and worst-residual span bisection replace unverified analytic-feature/IKI details.', 'Common-MSE stopping, dense/initial knot counts, and endpoint-constrained fits are comparison settings.']",52.948900000046706,
IndustrialOffset,industrial_offset_lobed_rotor_v001_o02_m0p0200,dung_direct_knot_2017_adaptation,ok,adaptation,reproduction_unverified,False,"[""Only simple knots are optimized; the author's multiplicity 1..degree+1 and joining-angle/continuity classifier are absent."", 'Only serial splitting is implemented; parallel split/join/shift is absent (serial is itself a published variant).', 'The shared comparison knot budget is external to the source algorithm; overflow now fails explicitly rather than silently subsampling coarse breaks.', 'The returned final curve now preserves unconstrained least squares; multiplicity and solver equivalence remain unverified.', 'sqrt(mse_tolerance) is not an equivalent native maximum-error constraint; finite-difference solver/search and short-tail guards are repository choices.']",539.3714999991062,
IndustrialOffset,industrial_offset_lobed_rotor_v001_o02_m0p0200,kang_sparse_2015_adaptation,ok,adaptation,reproduction_unverified,False,"['Scalar constrained l1 optimization is changed to vector group-l1 with approximate ADMM/penalty bisection instead of the source CVX solve.', ""The default remains a limited Algorithms-4/5 adaptation; experimental Algorithms 1/3 reuse vector group-l1 finite ADMM and can become infeasible at the source's fixed initial error after merges."", 'An absolute floating-point jump cutoff remains a solver setting; relative-maximum filtering, degree+1 retention, expanded spacing, and singleton interval search are disabled by default.', 'The final unconstrained spline is now preserved; numerical equivalence with the original scalar objective and author examples remains unverified.']",53.43469999934314,
IndustrialOffset,industrial_offset_lobed_rotor_v001_o02_m0p0200,luo_linf_de_2022_adaptation,ok,adaptation,reproduction_unverified,False,"['Regularization is selected by a common-MSE search instead of a verified source-paper parameter protocol.', 'DE fitness and the reported spline use endpoint-constrained least squares; a source-native solver/output is not preserved.', 'Minimum-gap projections, random population initialization, and finite DE budgets are unverified implementation choices; the forced-largest-jump fallback is now disabled.', 'The ADMM realization, local-maxima edge cases, and DE variant have no author-code/paper-example equivalence validation.']",1735.4298999998719,
IndustrialOffset,industrial_offset_lobed_rotor_v004_o01_m0p0400,park_dominant_point_2007_adaptation,ok,adaptation,reproduction_unverified,False,"['Common-MSE stopping replaces the source error-bound protocol; no iterative orthogonal-distance parameter update.', 'Degree-compatible shape-seed completion, endpoint knot clamps, and endpoint-constrained refits are repository choices, not independently source-verified.', 'Discrete Menger curvature and incremental LCM-seed consumption have not been checked against an author-code reference.']",69.75089999832562,
IndustrialOffset,industrial_offset_lobed_rotor_v004_o01_m0p0400,liang_feature_iki_2017_adaptation,ok,adaptation,reproduction_unverified,False,"['The normalized arc/unsigned-turning-angle feature blend (default 0.5) is a repository construction, not a verified original equation.', 'Sampled feature-CDF inversion and worst-residual span bisection replace unverified analytic-feature/IKI details.', 'Common-MSE stopping, dense/initial knot counts, and endpoint-constrained fits are comparison settings.']",102.04769999836572,
IndustrialOffset,industrial_offset_lobed_rotor_v004_o01_m0p0400,dung_direct_knot_2017_adaptation,ok,adaptation,reproduction_unverified,False,"[""Only simple knots are optimized; the author's multiplicity 1..degree+1 and joining-angle/continuity classifier are absent."", 'Only serial splitting is implemented; parallel split/join/shift is absent (serial is itself a published variant).', 'The shared comparison knot budget is external to the source algorithm; overflow now fails explicitly rather than silently subsampling coarse breaks.', 'The returned final curve now preserves unconstrained least squares; multiplicity and solver equivalence remain unverified.', 'sqrt(mse_tolerance) is not an equivalent native maximum-error constraint; finite-difference solver/search and short-tail guards are repository choices.']",622.4622999980056,
IndustrialOffset,industrial_offset_lobed_rotor_v004_o01_m0p0400,kang_sparse_2015_adaptation,ok,adaptation,reproduction_unverified,False,"['Scalar constrained l1 optimization is changed to vector group-l1 with approximate ADMM/penalty bisection instead of the source CVX solve.', ""The default remains a limited Algorithms-4/5 adaptation; experimental Algorithms 1/3 reuse vector group-l1 finite ADMM and can become infeasible at the source's fixed initial error after merges."", 'An absolute floating-point jump cutoff remains a solver setting; relative-maximum filtering, degree+1 retention, expanded spacing, and singleton interval search are disabled by default.', 'The final unconstrained spline is now preserved; numerical equivalence with the original scalar objective and author examples remains unverified.']",48.49020000256132,
IndustrialOffset,industrial_offset_lobed_rotor_v004_o01_m0p0400,luo_linf_de_2022_adaptation,ok,adaptation,reproduction_unverified,False,"['Regularization is selected by a common-MSE search instead of a verified source-paper parameter protocol.', 'DE fitness and the reported spline use endpoint-constrained least squares; a source-native solver/output is not preserved.', 'Minimum-gap projections, random population initialization, and finite DE budgets are unverified implementation choices; the forced-largest-jump fallback is now disabled.', 'The ADMM realization, local-maxima edge cases, and DE variant have no author-code/paper-example equivalence validation.']",1620.362900001055,
IndustrialOffset,industrial_offset_keyway_bore_v007_o01_m0p0400,park_dominant_point_2007_adaptation,ok,adaptation,reproduction_unverified,False,"['Common-MSE stopping replaces the source error-bound protocol; no iterative orthogonal-distance parameter update.', 'Degree-compatible shape-seed completion, endpoint knot clamps, and endpoint-constrained refits are repository choices, not independently source-verified.', 'Discrete Menger curvature and incremental LCM-seed consumption have not been checked against an author-code reference.']",46.917399999074405,
IndustrialOffset,industrial_offset_keyway_bore_v007_o01_m0p0400,liang_feature_iki_2017_adaptation,ok,adaptation,reproduction_unverified,False,"['The normalized arc/unsigned-turning-angle feature blend (default 0.5) is a repository construction, not a verified original equation.', 'Sampled feature-CDF inversion and worst-residual span bisection replace unverified analytic-feature/IKI details.', 'Common-MSE stopping, dense/initial knot counts, and endpoint-constrained fits are comparison settings.']",44.70639999999548,
IndustrialOffset,industrial_offset_keyway_bore_v007_o01_m0p0400,dung_direct_knot_2017_adaptation,ok,adaptation,reproduction_unverified,False,"[""Only simple knots are optimized; the author's multiplicity 1..degree+1 and joining-angle/continuity classifier are absent."", 'Only serial splitting is implemented; parallel split/join/shift is absent (serial is itself a published variant).', 'The shared comparison knot budget is external to the source algorithm; overflow now fails explicitly rather than silently subsampling coarse breaks.', 'The returned final curve now preserves unconstrained least squares; multiplicity and solver equivalence remain unverified.', 'sqrt(mse_tolerance) is not an equivalent native maximum-error constraint; finite-difference solver/search and short-tail guards are repository choices.']",523.1777999979386,
IndustrialOffset,industrial_offset_keyway_bore_v007_o01_m0p0400,kang_sparse_2015_adaptation,ok,adaptation,reproduction_unverified,False,"['Scalar constrained l1 optimization is changed to vector group-l1 with approximate ADMM/penalty bisection instead of the source CVX solve.', ""The default remains a limited Algorithms-4/5 adaptation; experimental Algorithms 1/3 reuse vector group-l1 finite ADMM and can become infeasible at the source's fixed initial error after merges."", 'An absolute floating-point jump cutoff remains a solver setting; relative-maximum filtering, degree+1 retention, expanded spacing, and singleton interval search are disabled by default.', 'The final unconstrained spline is now preserved; numerical equivalence with the original scalar objective and author examples remains unverified.']",40.778999999020016,
IndustrialOffset,industrial_offset_keyway_bore_v007_o01_m0p0400,luo_linf_de_2022_adaptation,ok,adaptation,reproduction_unverified,False,"['Regularization is selected by a common-MSE search instead of a verified source-paper parameter protocol.', 'DE fitness and the reported spline use endpoint-constrained least squares; a source-native solver/output is not preserved.', 'Minimum-gap projections, random population initialization, and finite DE budgets are unverified implementation choices; the forced-largest-jump fallback is now disabled.', 'The ADMM realization, local-maxima edge cases, and DE variant have no author-code/paper-example equivalence validation.']",1247.809700002108,
IndustrialOffset,industrial_offset_capsule_slot_v000_o05_p0p0800,park_dominant_point_2007_adaptation,ok,adaptation,reproduction_unverified,False,"['Common-MSE stopping replaces the source error-bound protocol; no iterative orthogonal-distance parameter update.', 'Degree-compatible shape-seed completion, endpoint knot clamps, and endpoint-constrained refits are repository choices, not independently source-verified.', 'Discrete Menger curvature and incremental LCM-seed consumption have not been checked against an author-code reference.']",50.96849999972619,
IndustrialOffset,industrial_offset_capsule_slot_v000_o05_p0p0800,liang_feature_iki_2017_adaptation,ok,adaptation,reproduction_unverified,False,"['The normalized arc/unsigned-turning-angle feature blend (default 0.5) is a repository construction, not a verified original equation.', 'Sampled feature-CDF inversion and worst-residual span bisection replace unverified analytic-feature/IKI details.', 'Common-MSE stopping, dense/initial knot counts, and endpoint-constrained fits are comparison settings.']",19.594100001995685,
IndustrialOffset,industrial_offset_capsule_slot_v000_o05_p0p0800,dung_direct_knot_2017_adaptation,ok,adaptation,reproduction_unverified,False,"[""Only simple knots are optimized; the author's multiplicity 1..degree+1 and joining-angle/continuity classifier are absent."", 'Only serial splitting is implemented; parallel split/join/shift is absent (serial is itself a published variant).', 'The shared comparison knot budget is external to the source algorithm; overflow now fails explicitly rather than silently subsampling coarse breaks.', 'The returned final curve now preserves unconstrained least squares; multiplicity and solver equivalence remain unverified.', 'sqrt(mse_tolerance) is not an equivalent native maximum-error constraint; finite-difference solver/search and short-tail guards are repository choices.']",244.93499999880441,
IndustrialOffset,industrial_offset_capsule_slot_v000_o05_p0p0800,kang_sparse_2015_adaptation,ok,adaptation,reproduction_unverified,False,"['Scalar constrained l1 optimization is changed to vector group-l1 with approximate ADMM/penalty bisection instead of the source CVX solve.', ""The default remains a limited Algorithms-4/5 adaptation; experimental Algorithms 1/3 reuse vector group-l1 finite ADMM and can become infeasible at the source's fixed initial error after merges."", 'An absolute floating-point jump cutoff remains a solver setting; relative-maximum filtering, degree+1 retention, expanded spacing, and singleton interval search are disabled by default.', 'The final unconstrained spline is now preserved; numerical equivalence with the original scalar objective and author examples remains unverified.']",1526.8332999985432,
IndustrialOffset,industrial_offset_capsule_slot_v000_o05_p0p0800,luo_linf_de_2022_adaptation,ok,adaptation,reproduction_unverified,False,"['Regularization is selected by a common-MSE search instead of a verified source-paper parameter protocol.', 'DE fitness and the reported spline use endpoint-constrained least squares; a source-native solver/output is not preserved.', 'Minimum-gap projections, random population initialization, and finite DE budgets are unverified implementation choices; the forced-largest-jump fallback is now disabled.', 'The ADMM realization, local-maxima edge cases, and DE variant have no author-code/paper-example equivalence validation.']",6097.884700000577,
IndustrialOffset,industrial_offset_naca_airfoil_v001_o03_p0p0200,park_dominant_point_2007_adaptation,ok,adaptation,reproduction_unverified,False,"['Common-MSE stopping replaces the source error-bound protocol; no iterative orthogonal-distance parameter update.', 'Degree-compatible shape-seed completion, endpoint knot clamps, and endpoint-constrained refits are repository choices, not independently source-verified.', 'Discrete Menger curvature and incremental LCM-seed consumption have not been checked against an author-code reference.']",62.6351999999315,
IndustrialOffset,industrial_offset_naca_airfoil_v001_o03_p0p0200,liang_feature_iki_2017_adaptation,ok,adaptation,reproduction_unverified,False,"['The normalized arc/unsigned-turning-angle feature blend (default 0.5) is a repository construction, not a verified original equation.', 'Sampled feature-CDF inversion and worst-residual span bisection replace unverified analytic-feature/IKI details.', 'Common-MSE stopping, dense/initial knot counts, and endpoint-constrained fits are comparison settings.']",13.986699999804841,
IndustrialOffset,industrial_offset_naca_airfoil_v001_o03_p0p0200,dung_direct_knot_2017_adaptation,ok,adaptation,reproduction_unverified,False,"[""Only simple knots are optimized; the author's multiplicity 1..degree+1 and joining-angle/continuity classifier are absent."", 'Only serial splitting is implemented; parallel split/join/shift is absent (serial is itself a published variant).', 'The shared comparison knot budget is external to the source algorithm; overflow now fails explicitly rather than silently subsampling coarse breaks.', 'The returned final curve now preserves unconstrained least squares; multiplicity and solver equivalence remain unverified.', 'sqrt(mse_tolerance) is not an equivalent native maximum-error constraint; finite-difference solver/search and short-tail guards are repository choices.']",234.25629999837838,
IndustrialOffset,industrial_offset_naca_airfoil_v001_o03_p0p0200,kang_sparse_2015_adaptation,ok,adaptation,reproduction_unverified,False,"['Scalar constrained l1 optimization is changed to vector group-l1 with approximate ADMM/penalty bisection instead of the source CVX solve.', ""The default remains a limited Algorithms-4/5 adaptation; experimental Algorithms 1/3 reuse vector group-l1 finite ADMM and can become infeasible at the source's fixed initial error after merges."", 'An absolute floating-point jump cutoff remains a solver setting; relative-maximum filtering, degree+1 retention, expanded spacing, and singleton interval search are disabled by default.', 'The final unconstrained spline is now preserved; numerical equivalence with the original scalar objective and author examples remains unverified.']",55.380599998898106,
IndustrialOffset,industrial_offset_naca_airfoil_v001_o03_p0p0200,luo_linf_de_2022_adaptation,ok,adaptation,reproduction_unverified,False,"['Regularization is selected by a common-MSE search instead of a verified source-paper parameter protocol.', 'DE fitness and the reported spline use endpoint-constrained least squares; a source-native solver/output is not preserved.', 'Minimum-gap projections, random population initialization, and finite DE budgets are unverified implementation choices; the forced-largest-jump fallback is now disabled.', 'The ADMM realization, local-maxima edge cases, and DE variant have no author-code/paper-example equivalence validation.']",1555.464299999585,
IndustrialOffset,industrial_offset_capsule_slot_v008_o01_m0p0400,park_dominant_point_2007_adaptation,ok,adaptation,reproduction_unverified,False,"['Common-MSE stopping replaces the source error-bound protocol; no iterative orthogonal-distance parameter update.', 'Degree-compatible shape-seed completion, endpoint knot clamps, and endpoint-constrained refits are repository choices, not independently source-verified.', 'Discrete Menger curvature and incremental LCM-seed consumption have not been checked against an author-code reference.']",29.690899998968234,
IndustrialOffset,industrial_offset_capsule_slot_v008_o01_m0p0400,liang_feature_iki_2017_adaptation,ok,adaptation,reproduction_unverified,False,"['The normalized arc/unsigned-turning-angle feature blend (default 0.5) is a repository construction, not a verified original equation.', 'Sampled feature-CDF inversion and worst-residual span bisection replace unverified analytic-feature/IKI details.', 'Common-MSE stopping, dense/initial knot counts, and endpoint-constrained fits are comparison settings.']",18.708799998421455,
IndustrialOffset,industrial_offset_capsule_slot_v008_o01_m0p0400,dung_direct_knot_2017_adaptation,ok,adaptation,reproduction_unverified,False,"[""Only simple knots are optimized; the author's multiplicity 1..degree+1 and joining-angle/continuity classifier are absent."", 'Only serial splitting is implemented; parallel split/join/shift is absent (serial is itself a published variant).', 'The shared comparison knot budget is external to the source algorithm; overflow now fails explicitly rather than silently subsampling coarse breaks.', 'The returned final curve now preserves unconstrained least squares; multiplicity and solver equivalence remain unverified.', 'sqrt(mse_tolerance) is not an equivalent native maximum-error constraint; finite-difference solver/search and short-tail guards are repository choices.']",567.9846000020916,
IndustrialOffset,industrial_offset_capsule_slot_v008_o01_m0p0400,kang_sparse_2015_adaptation,ok,adaptation,reproduction_unverified,False,"['Scalar constrained l1 optimization is changed to vector group-l1 with approximate ADMM/penalty bisection instead of the source CVX solve.', ""The default remains a limited Algorithms-4/5 adaptation; experimental Algorithms 1/3 reuse vector group-l1 finite ADMM and can become infeasible at the source's fixed initial error after merges."", 'An absolute floating-point jump cutoff remains a solver setting; relative-maximum filtering, degree+1 retention, expanded spacing, and singleton interval search are disabled by default.', 'The final unconstrained spline is now preserved; numerical equivalence with the original scalar objective and author examples remains unverified.']",1621.7687000025762,
IndustrialOffset,industrial_offset_capsule_slot_v008_o01_m0p0400,luo_linf_de_2022_adaptation,ok,adaptation,reproduction_unverified,False,"['Regularization is selected by a common-MSE search instead of a verified source-paper parameter protocol.', 'DE fitness and the reported spline use endpoint-constrained least squares; a source-native solver/output is not preserved.', 'Minimum-gap projections, random population initialization, and finite DE budgets are unverified implementation choices; the forced-largest-jump fallback is now disabled.', 'The ADMM realization, local-maxima edge cases, and DE variant have no author-code/paper-example equivalence validation.']",6364.904699999897,
