dataset,sample_id,method,status,baseline_protocol,reproduction_status,native_comparison_available,known_departures,complete_ms,error
Synthetic,seed20000_sample3629,park_dominant_point_2007_adaptation,ok,adaptation,reproduction_unverified,False,"['Common-MSE stopping replaces the source error-bound protocol; no iterative orthogonal-distance parameter update.', 'Degree-compatible shape-seed completion, endpoint knot clamps, and endpoint-constrained refits are repository choices, not independently source-verified.', 'Discrete Menger curvature and incremental LCM-seed consumption have not been checked against an author-code reference.']",89.90139999878011,
Synthetic,seed20000_sample3629,liang_feature_iki_2017_adaptation,ok,adaptation,reproduction_unverified,False,"['The normalized arc/unsigned-turning-angle feature blend (default 0.5) is a repository construction, not a verified original equation.', 'Sampled feature-CDF inversion and worst-residual span bisection replace unverified analytic-feature/IKI details.', 'Common-MSE stopping, dense/initial knot counts, and endpoint-constrained fits are comparison settings.']",175.85690000123577,
Synthetic,seed20000_sample3629,dung_direct_knot_2017_adaptation,ok,adaptation,reproduction_unverified,False,"[""Only simple knots are optimized; the author's multiplicity 1..degree+1 and joining-angle/continuity classifier are absent."", 'Only serial splitting is implemented; parallel split/join/shift is absent (serial is itself a published variant).', 'The shared comparison knot budget is external to the source algorithm; overflow now fails explicitly rather than silently subsampling coarse breaks.', 'The returned final curve now preserves unconstrained least squares; multiplicity and solver equivalence remain unverified.', 'sqrt(mse_tolerance) is not an equivalent native maximum-error constraint; finite-difference solver/search and short-tail guards are repository choices.']",248.89020000046003,
Synthetic,seed20000_sample3629,kang_sparse_2015_adaptation,ok,adaptation,reproduction_unverified,False,"['Scalar constrained l1 optimization is changed to vector group-l1 with approximate ADMM/penalty bisection instead of the source CVX solve.', ""The default remains a limited Algorithms-4/5 adaptation; experimental Algorithms 1/3 reuse vector group-l1 finite ADMM and can become infeasible at the source's fixed initial error after merges."", 'An absolute floating-point jump cutoff remains a solver setting; relative-maximum filtering, degree+1 retention, expanded spacing, and singleton interval search are disabled by default.', 'The final unconstrained spline is now preserved; numerical equivalence with the original scalar objective and author examples remains unverified.']",3516.3334000026225,
Synthetic,seed20000_sample3629,luo_linf_de_2022_adaptation,ok,adaptation,reproduction_unverified,False,"['Regularization is selected by a common-MSE search instead of a verified source-paper parameter protocol.', 'DE fitness and the reported spline use endpoint-constrained least squares; a source-native solver/output is not preserved.', 'Minimum-gap projections, random population initialization, and finite DE budgets are unverified implementation choices; the forced-largest-jump fallback is now disabled.', 'The ADMM realization, local-maxima edge cases, and DE variant have no author-code/paper-example equivalence validation.']",9011.443999999756,
Synthetic,seed20000_sample886,park_dominant_point_2007_adaptation,ok,adaptation,reproduction_unverified,False,"['Common-MSE stopping replaces the source error-bound protocol; no iterative orthogonal-distance parameter update.', 'Degree-compatible shape-seed completion, endpoint knot clamps, and endpoint-constrained refits are repository choices, not independently source-verified.', 'Discrete Menger curvature and incremental LCM-seed consumption have not been checked against an author-code reference.']",97.98810000211233,
Synthetic,seed20000_sample886,liang_feature_iki_2017_adaptation,ok,adaptation,reproduction_unverified,False,"['The normalized arc/unsigned-turning-angle feature blend (default 0.5) is a repository construction, not a verified original equation.', 'Sampled feature-CDF inversion and worst-residual span bisection replace unverified analytic-feature/IKI details.', 'Common-MSE stopping, dense/initial knot counts, and endpoint-constrained fits are comparison settings.']",37.93040000164183,
Synthetic,seed20000_sample886,dung_direct_knot_2017_adaptation,ok,adaptation,reproduction_unverified,False,"[""Only simple knots are optimized; the author's multiplicity 1..degree+1 and joining-angle/continuity classifier are absent."", 'Only serial splitting is implemented; parallel split/join/shift is absent (serial is itself a published variant).', 'The shared comparison knot budget is external to the source algorithm; overflow now fails explicitly rather than silently subsampling coarse breaks.', 'The returned final curve now preserves unconstrained least squares; multiplicity and solver equivalence remain unverified.', 'sqrt(mse_tolerance) is not an equivalent native maximum-error constraint; finite-difference solver/search and short-tail guards are repository choices.']",331.29099999860046,
Synthetic,seed20000_sample886,kang_sparse_2015_adaptation,ok,adaptation,reproduction_unverified,False,"['Scalar constrained l1 optimization is changed to vector group-l1 with approximate ADMM/penalty bisection instead of the source CVX solve.', ""The default remains a limited Algorithms-4/5 adaptation; experimental Algorithms 1/3 reuse vector group-l1 finite ADMM and can become infeasible at the source's fixed initial error after merges."", 'An absolute floating-point jump cutoff remains a solver setting; relative-maximum filtering, degree+1 retention, expanded spacing, and singleton interval search are disabled by default.', 'The final unconstrained spline is now preserved; numerical equivalence with the original scalar objective and author examples remains unverified.']",3775.2149000007194,
Synthetic,seed20000_sample886,luo_linf_de_2022_adaptation,ok,adaptation,reproduction_unverified,False,"['Regularization is selected by a common-MSE search instead of a verified source-paper parameter protocol.', 'DE fitness and the reported spline use endpoint-constrained least squares; a source-native solver/output is not preserved.', 'Minimum-gap projections, random population initialization, and finite DE budgets are unverified implementation choices; the forced-largest-jump fallback is now disabled.', 'The ADMM realization, local-maxima edge cases, and DE variant have no author-code/paper-example equivalence validation.']",8314.42259999676,
Synthetic,seed20000_sample2585,park_dominant_point_2007_adaptation,ok,adaptation,reproduction_unverified,False,"['Common-MSE stopping replaces the source error-bound protocol; no iterative orthogonal-distance parameter update.', 'Degree-compatible shape-seed completion, endpoint knot clamps, and endpoint-constrained refits are repository choices, not independently source-verified.', 'Discrete Menger curvature and incremental LCM-seed consumption have not been checked against an author-code reference.']",151.72979999988456,
Synthetic,seed20000_sample2585,liang_feature_iki_2017_adaptation,ok,adaptation,reproduction_unverified,False,"['The normalized arc/unsigned-turning-angle feature blend (default 0.5) is a repository construction, not a verified original equation.', 'Sampled feature-CDF inversion and worst-residual span bisection replace unverified analytic-feature/IKI details.', 'Common-MSE stopping, dense/initial knot counts, and endpoint-constrained fits are comparison settings.']",39.668800000072224,
Synthetic,seed20000_sample2585,dung_direct_knot_2017_adaptation,ok,adaptation,reproduction_unverified,False,"[""Only simple knots are optimized; the author's multiplicity 1..degree+1 and joining-angle/continuity classifier are absent."", 'Only serial splitting is implemented; parallel split/join/shift is absent (serial is itself a published variant).', 'The shared comparison knot budget is external to the source algorithm; overflow now fails explicitly rather than silently subsampling coarse breaks.', 'The returned final curve now preserves unconstrained least squares; multiplicity and solver equivalence remain unverified.', 'sqrt(mse_tolerance) is not an equivalent native maximum-error constraint; finite-difference solver/search and short-tail guards are repository choices.']",620.9052000012889,
Synthetic,seed20000_sample2585,kang_sparse_2015_adaptation,ok,adaptation,reproduction_unverified,False,"['Scalar constrained l1 optimization is changed to vector group-l1 with approximate ADMM/penalty bisection instead of the source CVX solve.', ""The default remains a limited Algorithms-4/5 adaptation; experimental Algorithms 1/3 reuse vector group-l1 finite ADMM and can become infeasible at the source's fixed initial error after merges."", 'An absolute floating-point jump cutoff remains a solver setting; relative-maximum filtering, degree+1 retention, expanded spacing, and singleton interval search are disabled by default.', 'The final unconstrained spline is now preserved; numerical equivalence with the original scalar objective and author examples remains unverified.']",2914.7025999991456,
Synthetic,seed20000_sample2585,luo_linf_de_2022_adaptation,ok,adaptation,reproduction_unverified,False,"['Regularization is selected by a common-MSE search instead of a verified source-paper parameter protocol.', 'DE fitness and the reported spline use endpoint-constrained least squares; a source-native solver/output is not preserved.', 'Minimum-gap projections, random population initialization, and finite DE budgets are unverified implementation choices; the forced-largest-jump fallback is now disabled.', 'The ADMM realization, local-maxima edge cases, and DE variant have no author-code/paper-example equivalence validation.']",7993.095400001039,
Synthetic,seed20000_sample1698,park_dominant_point_2007_adaptation,ok,adaptation,reproduction_unverified,False,"['Common-MSE stopping replaces the source error-bound protocol; no iterative orthogonal-distance parameter update.', 'Degree-compatible shape-seed completion, endpoint knot clamps, and endpoint-constrained refits are repository choices, not independently source-verified.', 'Discrete Menger curvature and incremental LCM-seed consumption have not been checked against an author-code reference.']",137.20359999933862,
Synthetic,seed20000_sample1698,liang_feature_iki_2017_adaptation,ok,adaptation,reproduction_unverified,False,"['The normalized arc/unsigned-turning-angle feature blend (default 0.5) is a repository construction, not a verified original equation.', 'Sampled feature-CDF inversion and worst-residual span bisection replace unverified analytic-feature/IKI details.', 'Common-MSE stopping, dense/initial knot counts, and endpoint-constrained fits are comparison settings.']",46.00449999998091,
Synthetic,seed20000_sample1698,dung_direct_knot_2017_adaptation,ok,adaptation,reproduction_unverified,False,"[""Only simple knots are optimized; the author's multiplicity 1..degree+1 and joining-angle/continuity classifier are absent."", 'Only serial splitting is implemented; parallel split/join/shift is absent (serial is itself a published variant).', 'The shared comparison knot budget is external to the source algorithm; overflow now fails explicitly rather than silently subsampling coarse breaks.', 'The returned final curve now preserves unconstrained least squares; multiplicity and solver equivalence remain unverified.', 'sqrt(mse_tolerance) is not an equivalent native maximum-error constraint; finite-difference solver/search and short-tail guards are repository choices.']",348.00369999720715,
Synthetic,seed20000_sample1698,kang_sparse_2015_adaptation,ok,adaptation,reproduction_unverified,False,"['Scalar constrained l1 optimization is changed to vector group-l1 with approximate ADMM/penalty bisection instead of the source CVX solve.', ""The default remains a limited Algorithms-4/5 adaptation; experimental Algorithms 1/3 reuse vector group-l1 finite ADMM and can become infeasible at the source's fixed initial error after merges."", 'An absolute floating-point jump cutoff remains a solver setting; relative-maximum filtering, degree+1 retention, expanded spacing, and singleton interval search are disabled by default.', 'The final unconstrained spline is now preserved; numerical equivalence with the original scalar objective and author examples remains unverified.']",2790.6335000006948,
Synthetic,seed20000_sample1698,luo_linf_de_2022_adaptation,ok,adaptation,reproduction_unverified,False,"['Regularization is selected by a common-MSE search instead of a verified source-paper parameter protocol.', 'DE fitness and the reported spline use endpoint-constrained least squares; a source-native solver/output is not preserved.', 'Minimum-gap projections, random population initialization, and finite DE budgets are unverified implementation choices; the forced-largest-jump fallback is now disabled.', 'The ADMM realization, local-maxima edge cases, and DE variant have no author-code/paper-example equivalence validation.']",9670.547999998234,
Synthetic,seed20000_sample2388,park_dominant_point_2007_adaptation,ok,adaptation,reproduction_unverified,False,"['Common-MSE stopping replaces the source error-bound protocol; no iterative orthogonal-distance parameter update.', 'Degree-compatible shape-seed completion, endpoint knot clamps, and endpoint-constrained refits are repository choices, not independently source-verified.', 'Discrete Menger curvature and incremental LCM-seed consumption have not been checked against an author-code reference.']",102.47309999977006,
Synthetic,seed20000_sample2388,liang_feature_iki_2017_adaptation,ok,adaptation,reproduction_unverified,False,"['The normalized arc/unsigned-turning-angle feature blend (default 0.5) is a repository construction, not a verified original equation.', 'Sampled feature-CDF inversion and worst-residual span bisection replace unverified analytic-feature/IKI details.', 'Common-MSE stopping, dense/initial knot counts, and endpoint-constrained fits are comparison settings.']",66.49250000191387,
Synthetic,seed20000_sample2388,dung_direct_knot_2017_adaptation,ok,adaptation,reproduction_unverified,False,"[""Only simple knots are optimized; the author's multiplicity 1..degree+1 and joining-angle/continuity classifier are absent."", 'Only serial splitting is implemented; parallel split/join/shift is absent (serial is itself a published variant).', 'The shared comparison knot budget is external to the source algorithm; overflow now fails explicitly rather than silently subsampling coarse breaks.', 'The returned final curve now preserves unconstrained least squares; multiplicity and solver equivalence remain unverified.', 'sqrt(mse_tolerance) is not an equivalent native maximum-error constraint; finite-difference solver/search and short-tail guards are repository choices.']",533.3771000005072,
Synthetic,seed20000_sample2388,kang_sparse_2015_adaptation,ok,adaptation,reproduction_unverified,False,"['Scalar constrained l1 optimization is changed to vector group-l1 with approximate ADMM/penalty bisection instead of the source CVX solve.', ""The default remains a limited Algorithms-4/5 adaptation; experimental Algorithms 1/3 reuse vector group-l1 finite ADMM and can become infeasible at the source's fixed initial error after merges."", 'An absolute floating-point jump cutoff remains a solver setting; relative-maximum filtering, degree+1 retention, expanded spacing, and singleton interval search are disabled by default.', 'The final unconstrained spline is now preserved; numerical equivalence with the original scalar objective and author examples remains unverified.']",1543.6922000008053,
Synthetic,seed20000_sample2388,luo_linf_de_2022_adaptation,ok,adaptation,reproduction_unverified,False,"['Regularization is selected by a common-MSE search instead of a verified source-paper parameter protocol.', 'DE fitness and the reported spline use endpoint-constrained least squares; a source-native solver/output is not preserved.', 'Minimum-gap projections, random population initialization, and finite DE budgets are unverified implementation choices; the forced-largest-jump fallback is now disabled.', 'The ADMM realization, local-maxima edge cases, and DE variant have no author-code/paper-example equivalence validation.']",7285.181499999453,
Synthetic,seed20000_sample754,park_dominant_point_2007_adaptation,ok,adaptation,reproduction_unverified,False,"['Common-MSE stopping replaces the source error-bound protocol; no iterative orthogonal-distance parameter update.', 'Degree-compatible shape-seed completion, endpoint knot clamps, and endpoint-constrained refits are repository choices, not independently source-verified.', 'Discrete Menger curvature and incremental LCM-seed consumption have not been checked against an author-code reference.']",130.49790000150097,
Synthetic,seed20000_sample754,liang_feature_iki_2017_adaptation,ok,adaptation,reproduction_unverified,False,"['The normalized arc/unsigned-turning-angle feature blend (default 0.5) is a repository construction, not a verified original equation.', 'Sampled feature-CDF inversion and worst-residual span bisection replace unverified analytic-feature/IKI details.', 'Common-MSE stopping, dense/initial knot counts, and endpoint-constrained fits are comparison settings.']",77.99760000125389,
Synthetic,seed20000_sample754,dung_direct_knot_2017_adaptation,ok,adaptation,reproduction_unverified,False,"[""Only simple knots are optimized; the author's multiplicity 1..degree+1 and joining-angle/continuity classifier are absent."", 'Only serial splitting is implemented; parallel split/join/shift is absent (serial is itself a published variant).', 'The shared comparison knot budget is external to the source algorithm; overflow now fails explicitly rather than silently subsampling coarse breaks.', 'The returned final curve now preserves unconstrained least squares; multiplicity and solver equivalence remain unverified.', 'sqrt(mse_tolerance) is not an equivalent native maximum-error constraint; finite-difference solver/search and short-tail guards are repository choices.']",476.65670000060345,
Synthetic,seed20000_sample754,kang_sparse_2015_adaptation,ok,adaptation,reproduction_unverified,False,"['Scalar constrained l1 optimization is changed to vector group-l1 with approximate ADMM/penalty bisection instead of the source CVX solve.', ""The default remains a limited Algorithms-4/5 adaptation; experimental Algorithms 1/3 reuse vector group-l1 finite ADMM and can become infeasible at the source's fixed initial error after merges."", 'An absolute floating-point jump cutoff remains a solver setting; relative-maximum filtering, degree+1 retention, expanded spacing, and singleton interval search are disabled by default.', 'The final unconstrained spline is now preserved; numerical equivalence with the original scalar objective and author examples remains unverified.']",1799.5910000026925,
Synthetic,seed20000_sample754,luo_linf_de_2022_adaptation,ok,adaptation,reproduction_unverified,False,"['Regularization is selected by a common-MSE search instead of a verified source-paper parameter protocol.', 'DE fitness and the reported spline use endpoint-constrained least squares; a source-native solver/output is not preserved.', 'Minimum-gap projections, random population initialization, and finite DE budgets are unverified implementation choices; the forced-largest-jump fallback is now disabled.', 'The ADMM realization, local-maxima edge cases, and DE variant have no author-code/paper-example equivalence validation.']",7570.42680000086,
Synthetic,seed20000_sample3577,park_dominant_point_2007_adaptation,ok,adaptation,reproduction_unverified,False,"['Common-MSE stopping replaces the source error-bound protocol; no iterative orthogonal-distance parameter update.', 'Degree-compatible shape-seed completion, endpoint knot clamps, and endpoint-constrained refits are repository choices, not independently source-verified.', 'Discrete Menger curvature and incremental LCM-seed consumption have not been checked against an author-code reference.']",122.33159999959753,
Synthetic,seed20000_sample3577,liang_feature_iki_2017_adaptation,ok,adaptation,reproduction_unverified,False,"['The normalized arc/unsigned-turning-angle feature blend (default 0.5) is a repository construction, not a verified original equation.', 'Sampled feature-CDF inversion and worst-residual span bisection replace unverified analytic-feature/IKI details.', 'Common-MSE stopping, dense/initial knot counts, and endpoint-constrained fits are comparison settings.']",74.26399999894784,
Synthetic,seed20000_sample3577,dung_direct_knot_2017_adaptation,ok,adaptation,reproduction_unverified,False,"[""Only simple knots are optimized; the author's multiplicity 1..degree+1 and joining-angle/continuity classifier are absent."", 'Only serial splitting is implemented; parallel split/join/shift is absent (serial is itself a published variant).', 'The shared comparison knot budget is external to the source algorithm; overflow now fails explicitly rather than silently subsampling coarse breaks.', 'The returned final curve now preserves unconstrained least squares; multiplicity and solver equivalence remain unverified.', 'sqrt(mse_tolerance) is not an equivalent native maximum-error constraint; finite-difference solver/search and short-tail guards are repository choices.']",554.2633000004571,
Synthetic,seed20000_sample3577,kang_sparse_2015_adaptation,ok,adaptation,reproduction_unverified,False,"['Scalar constrained l1 optimization is changed to vector group-l1 with approximate ADMM/penalty bisection instead of the source CVX solve.', ""The default remains a limited Algorithms-4/5 adaptation; experimental Algorithms 1/3 reuse vector group-l1 finite ADMM and can become infeasible at the source's fixed initial error after merges."", 'An absolute floating-point jump cutoff remains a solver setting; relative-maximum filtering, degree+1 retention, expanded spacing, and singleton interval search are disabled by default.', 'The final unconstrained spline is now preserved; numerical equivalence with the original scalar objective and author examples remains unverified.']",1393.5177999992447,
Synthetic,seed20000_sample3577,luo_linf_de_2022_adaptation,ok,adaptation,reproduction_unverified,False,"['Regularization is selected by a common-MSE search instead of a verified source-paper parameter protocol.', 'DE fitness and the reported spline use endpoint-constrained least squares; a source-native solver/output is not preserved.', 'Minimum-gap projections, random population initialization, and finite DE budgets are unverified implementation choices; the forced-largest-jump fallback is now disabled.', 'The ADMM realization, local-maxima edge cases, and DE variant have no author-code/paper-example equivalence validation.']",7101.414099997783,
Synthetic,seed20000_sample282,park_dominant_point_2007_adaptation,ok,adaptation,reproduction_unverified,False,"['Common-MSE stopping replaces the source error-bound protocol; no iterative orthogonal-distance parameter update.', 'Degree-compatible shape-seed completion, endpoint knot clamps, and endpoint-constrained refits are repository choices, not independently source-verified.', 'Discrete Menger curvature and incremental LCM-seed consumption have not been checked against an author-code reference.']",96.04050000052666,
Synthetic,seed20000_sample282,liang_feature_iki_2017_adaptation,ok,adaptation,reproduction_unverified,False,"['The normalized arc/unsigned-turning-angle feature blend (default 0.5) is a repository construction, not a verified original equation.', 'Sampled feature-CDF inversion and worst-residual span bisection replace unverified analytic-feature/IKI details.', 'Common-MSE stopping, dense/initial knot counts, and endpoint-constrained fits are comparison settings.']",97.68619999886141,
Synthetic,seed20000_sample282,dung_direct_knot_2017_adaptation,ok,adaptation,reproduction_unverified,False,"[""Only simple knots are optimized; the author's multiplicity 1..degree+1 and joining-angle/continuity classifier are absent."", 'Only serial splitting is implemented; parallel split/join/shift is absent (serial is itself a published variant).', 'The shared comparison knot budget is external to the source algorithm; overflow now fails explicitly rather than silently subsampling coarse breaks.', 'The returned final curve now preserves unconstrained least squares; multiplicity and solver equivalence remain unverified.', 'sqrt(mse_tolerance) is not an equivalent native maximum-error constraint; finite-difference solver/search and short-tail guards are repository choices.']",749.970899996697,
Synthetic,seed20000_sample282,kang_sparse_2015_adaptation,ok,adaptation,reproduction_unverified,False,"['Scalar constrained l1 optimization is changed to vector group-l1 with approximate ADMM/penalty bisection instead of the source CVX solve.', ""The default remains a limited Algorithms-4/5 adaptation; experimental Algorithms 1/3 reuse vector group-l1 finite ADMM and can become infeasible at the source's fixed initial error after merges."", 'An absolute floating-point jump cutoff remains a solver setting; relative-maximum filtering, degree+1 retention, expanded spacing, and singleton interval search are disabled by default.', 'The final unconstrained spline is now preserved; numerical equivalence with the original scalar objective and author examples remains unverified.']",1255.647300000419,
Synthetic,seed20000_sample282,luo_linf_de_2022_adaptation,ok,adaptation,reproduction_unverified,False,"['Regularization is selected by a common-MSE search instead of a verified source-paper parameter protocol.', 'DE fitness and the reported spline use endpoint-constrained least squares; a source-native solver/output is not preserved.', 'Minimum-gap projections, random population initialization, and finite DE budgets are unverified implementation choices; the forced-largest-jump fallback is now disabled.', 'The ADMM realization, local-maxima edge cases, and DE variant have no author-code/paper-example equivalence validation.']",6441.92049999765,
Synthetic,seed20000_sample966,park_dominant_point_2007_adaptation,ok,adaptation,reproduction_unverified,False,"['Common-MSE stopping replaces the source error-bound protocol; no iterative orthogonal-distance parameter update.', 'Degree-compatible shape-seed completion, endpoint knot clamps, and endpoint-constrained refits are repository choices, not independently source-verified.', 'Discrete Menger curvature and incremental LCM-seed consumption have not been checked against an author-code reference.']",117.25899999873945,
Synthetic,seed20000_sample966,liang_feature_iki_2017_adaptation,ok,adaptation,reproduction_unverified,False,"['The normalized arc/unsigned-turning-angle feature blend (default 0.5) is a repository construction, not a verified original equation.', 'Sampled feature-CDF inversion and worst-residual span bisection replace unverified analytic-feature/IKI details.', 'Common-MSE stopping, dense/initial knot counts, and endpoint-constrained fits are comparison settings.']",81.1241000010341,
Synthetic,seed20000_sample966,dung_direct_knot_2017_adaptation,ok,adaptation,reproduction_unverified,False,"[""Only simple knots are optimized; the author's multiplicity 1..degree+1 and joining-angle/continuity classifier are absent."", 'Only serial splitting is implemented; parallel split/join/shift is absent (serial is itself a published variant).', 'The shared comparison knot budget is external to the source algorithm; overflow now fails explicitly rather than silently subsampling coarse breaks.', 'The returned final curve now preserves unconstrained least squares; multiplicity and solver equivalence remain unverified.', 'sqrt(mse_tolerance) is not an equivalent native maximum-error constraint; finite-difference solver/search and short-tail guards are repository choices.']",646.4395000002696,
Synthetic,seed20000_sample966,kang_sparse_2015_adaptation,ok,adaptation,reproduction_unverified,False,"['Scalar constrained l1 optimization is changed to vector group-l1 with approximate ADMM/penalty bisection instead of the source CVX solve.', ""The default remains a limited Algorithms-4/5 adaptation; experimental Algorithms 1/3 reuse vector group-l1 finite ADMM and can become infeasible at the source's fixed initial error after merges."", 'An absolute floating-point jump cutoff remains a solver setting; relative-maximum filtering, degree+1 retention, expanded spacing, and singleton interval search are disabled by default.', 'The final unconstrained spline is now preserved; numerical equivalence with the original scalar objective and author examples remains unverified.']",1406.7871000006562,
Synthetic,seed20000_sample966,luo_linf_de_2022_adaptation,ok,adaptation,reproduction_unverified,False,"['Regularization is selected by a common-MSE search instead of a verified source-paper parameter protocol.', 'DE fitness and the reported spline use endpoint-constrained least squares; a source-native solver/output is not preserved.', 'Minimum-gap projections, random population initialization, and finite DE budgets are unverified implementation choices; the forced-largest-jump fallback is now disabled.', 'The ADMM realization, local-maxima edge cases, and DE variant have no author-code/paper-example equivalence validation.']",5234.362399998645,
Synthetic,seed20000_sample1197,park_dominant_point_2007_adaptation,ok,adaptation,reproduction_unverified,False,"['Common-MSE stopping replaces the source error-bound protocol; no iterative orthogonal-distance parameter update.', 'Degree-compatible shape-seed completion, endpoint knot clamps, and endpoint-constrained refits are repository choices, not independently source-verified.', 'Discrete Menger curvature and incremental LCM-seed consumption have not been checked against an author-code reference.']",155.3606999987096,
Synthetic,seed20000_sample1197,liang_feature_iki_2017_adaptation,ok,adaptation,reproduction_unverified,False,"['The normalized arc/unsigned-turning-angle feature blend (default 0.5) is a repository construction, not a verified original equation.', 'Sampled feature-CDF inversion and worst-residual span bisection replace unverified analytic-feature/IKI details.', 'Common-MSE stopping, dense/initial knot counts, and endpoint-constrained fits are comparison settings.']",109.7193999994488,
Synthetic,seed20000_sample1197,dung_direct_knot_2017_adaptation,ok,adaptation,reproduction_unverified,False,"[""Only simple knots are optimized; the author's multiplicity 1..degree+1 and joining-angle/continuity classifier are absent."", 'Only serial splitting is implemented; parallel split/join/shift is absent (serial is itself a published variant).', 'The shared comparison knot budget is external to the source algorithm; overflow now fails explicitly rather than silently subsampling coarse breaks.', 'The returned final curve now preserves unconstrained least squares; multiplicity and solver equivalence remain unverified.', 'sqrt(mse_tolerance) is not an equivalent native maximum-error constraint; finite-difference solver/search and short-tail guards are repository choices.']",1010.110999999597,
Synthetic,seed20000_sample1197,kang_sparse_2015_adaptation,ok,adaptation,reproduction_unverified,False,"['Scalar constrained l1 optimization is changed to vector group-l1 with approximate ADMM/penalty bisection instead of the source CVX solve.', ""The default remains a limited Algorithms-4/5 adaptation; experimental Algorithms 1/3 reuse vector group-l1 finite ADMM and can become infeasible at the source's fixed initial error after merges."", 'An absolute floating-point jump cutoff remains a solver setting; relative-maximum filtering, degree+1 retention, expanded spacing, and singleton interval search are disabled by default.', 'The final unconstrained spline is now preserved; numerical equivalence with the original scalar objective and author examples remains unverified.']",1730.3689999971539,
Synthetic,seed20000_sample1197,luo_linf_de_2022_adaptation,ok,adaptation,reproduction_unverified,False,"['Regularization is selected by a common-MSE search instead of a verified source-paper parameter protocol.', 'DE fitness and the reported spline use endpoint-constrained least squares; a source-native solver/output is not preserved.', 'Minimum-gap projections, random population initialization, and finite DE budgets are unverified implementation choices; the forced-largest-jump fallback is now disabled.', 'The ADMM realization, local-maxima edge cases, and DE variant have no author-code/paper-example equivalence validation.']",3940.7242000015685,
Synthetic,seed20000_sample2535,park_dominant_point_2007_adaptation,ok,adaptation,reproduction_unverified,False,"['Common-MSE stopping replaces the source error-bound protocol; no iterative orthogonal-distance parameter update.', 'Degree-compatible shape-seed completion, endpoint knot clamps, and endpoint-constrained refits are repository choices, not independently source-verified.', 'Discrete Menger curvature and incremental LCM-seed consumption have not been checked against an author-code reference.']",240.20259999815607,
Synthetic,seed20000_sample2535,liang_feature_iki_2017_adaptation,ok,adaptation,reproduction_unverified,False,"['The normalized arc/unsigned-turning-angle feature blend (default 0.5) is a repository construction, not a verified original equation.', 'Sampled feature-CDF inversion and worst-residual span bisection replace unverified analytic-feature/IKI details.', 'Common-MSE stopping, dense/initial knot counts, and endpoint-constrained fits are comparison settings.']",120.10400000144728,
Synthetic,seed20000_sample2535,dung_direct_knot_2017_adaptation,ok,adaptation,reproduction_unverified,False,"[""Only simple knots are optimized; the author's multiplicity 1..degree+1 and joining-angle/continuity classifier are absent."", 'Only serial splitting is implemented; parallel split/join/shift is absent (serial is itself a published variant).', 'The shared comparison knot budget is external to the source algorithm; overflow now fails explicitly rather than silently subsampling coarse breaks.', 'The returned final curve now preserves unconstrained least squares; multiplicity and solver equivalence remain unverified.', 'sqrt(mse_tolerance) is not an equivalent native maximum-error constraint; finite-difference solver/search and short-tail guards are repository choices.']",2039.8891000004369,
Synthetic,seed20000_sample2535,kang_sparse_2015_adaptation,ok,adaptation,reproduction_unverified,False,"['Scalar constrained l1 optimization is changed to vector group-l1 with approximate ADMM/penalty bisection instead of the source CVX solve.', ""The default remains a limited Algorithms-4/5 adaptation; experimental Algorithms 1/3 reuse vector group-l1 finite ADMM and can become infeasible at the source's fixed initial error after merges."", 'An absolute floating-point jump cutoff remains a solver setting; relative-maximum filtering, degree+1 retention, expanded spacing, and singleton interval search are disabled by default.', 'The final unconstrained spline is now preserved; numerical equivalence with the original scalar objective and author examples remains unverified.']",80.66340000004857,
Synthetic,seed20000_sample2535,luo_linf_de_2022_adaptation,ok,adaptation,reproduction_unverified,False,"['Regularization is selected by a common-MSE search instead of a verified source-paper parameter protocol.', 'DE fitness and the reported spline use endpoint-constrained least squares; a source-native solver/output is not preserved.', 'Minimum-gap projections, random population initialization, and finite DE budgets are unverified implementation choices; the forced-largest-jump fallback is now disabled.', 'The ADMM realization, local-maxima edge cases, and DE variant have no author-code/paper-example equivalence validation.']",11.404199998651166,
Synthetic,seed20000_sample683,park_dominant_point_2007_adaptation,ok,adaptation,reproduction_unverified,False,"['Common-MSE stopping replaces the source error-bound protocol; no iterative orthogonal-distance parameter update.', 'Degree-compatible shape-seed completion, endpoint knot clamps, and endpoint-constrained refits are repository choices, not independently source-verified.', 'Discrete Menger curvature and incremental LCM-seed consumption have not been checked against an author-code reference.']",129.17320000269683,
Synthetic,seed20000_sample683,liang_feature_iki_2017_adaptation,ok,adaptation,reproduction_unverified,False,"['The normalized arc/unsigned-turning-angle feature blend (default 0.5) is a repository construction, not a verified original equation.', 'Sampled feature-CDF inversion and worst-residual span bisection replace unverified analytic-feature/IKI details.', 'Common-MSE stopping, dense/initial knot counts, and endpoint-constrained fits are comparison settings.']",94.49540000059642,
Synthetic,seed20000_sample683,dung_direct_knot_2017_adaptation,ok,adaptation,reproduction_unverified,False,"[""Only simple knots are optimized; the author's multiplicity 1..degree+1 and joining-angle/continuity classifier are absent."", 'Only serial splitting is implemented; parallel split/join/shift is absent (serial is itself a published variant).', 'The shared comparison knot budget is external to the source algorithm; overflow now fails explicitly rather than silently subsampling coarse breaks.', 'The returned final curve now preserves unconstrained least squares; multiplicity and solver equivalence remain unverified.', 'sqrt(mse_tolerance) is not an equivalent native maximum-error constraint; finite-difference solver/search and short-tail guards are repository choices.']",1320.9810000007565,
Synthetic,seed20000_sample683,kang_sparse_2015_adaptation,ok,adaptation,reproduction_unverified,False,"['Scalar constrained l1 optimization is changed to vector group-l1 with approximate ADMM/penalty bisection instead of the source CVX solve.', ""The default remains a limited Algorithms-4/5 adaptation; experimental Algorithms 1/3 reuse vector group-l1 finite ADMM and can become infeasible at the source's fixed initial error after merges."", 'An absolute floating-point jump cutoff remains a solver setting; relative-maximum filtering, degree+1 retention, expanded spacing, and singleton interval search are disabled by default.', 'The final unconstrained spline is now preserved; numerical equivalence with the original scalar objective and author examples remains unverified.']",86.03270000094199,
Synthetic,seed20000_sample683,luo_linf_de_2022_adaptation,ok,adaptation,reproduction_unverified,False,"['Regularization is selected by a common-MSE search instead of a verified source-paper parameter protocol.', 'DE fitness and the reported spline use endpoint-constrained least squares; a source-native solver/output is not preserved.', 'Minimum-gap projections, random population initialization, and finite DE budgets are unverified implementation choices; the forced-largest-jump fallback is now disabled.', 'The ADMM realization, local-maxima edge cases, and DE variant have no author-code/paper-example equivalence validation.']",12.352500001725275,
Synthetic,seed20000_sample1927,park_dominant_point_2007_adaptation,ok,adaptation,reproduction_unverified,False,"['Common-MSE stopping replaces the source error-bound protocol; no iterative orthogonal-distance parameter update.', 'Degree-compatible shape-seed completion, endpoint knot clamps, and endpoint-constrained refits are repository choices, not independently source-verified.', 'Discrete Menger curvature and incremental LCM-seed consumption have not been checked against an author-code reference.']",150.15539999876637,
Synthetic,seed20000_sample1927,liang_feature_iki_2017_adaptation,ok,adaptation,reproduction_unverified,False,"['The normalized arc/unsigned-turning-angle feature blend (default 0.5) is a repository construction, not a verified original equation.', 'Sampled feature-CDF inversion and worst-residual span bisection replace unverified analytic-feature/IKI details.', 'Common-MSE stopping, dense/initial knot counts, and endpoint-constrained fits are comparison settings.']",100.85810000236961,
Synthetic,seed20000_sample1927,dung_direct_knot_2017_adaptation,ok,adaptation,reproduction_unverified,False,"[""Only simple knots are optimized; the author's multiplicity 1..degree+1 and joining-angle/continuity classifier are absent."", 'Only serial splitting is implemented; parallel split/join/shift is absent (serial is itself a published variant).', 'The shared comparison knot budget is external to the source algorithm; overflow now fails explicitly rather than silently subsampling coarse breaks.', 'The returned final curve now preserves unconstrained least squares; multiplicity and solver equivalence remain unverified.', 'sqrt(mse_tolerance) is not an equivalent native maximum-error constraint; finite-difference solver/search and short-tail guards are repository choices.']",1473.3119000011357,
Synthetic,seed20000_sample1927,kang_sparse_2015_adaptation,ok,adaptation,reproduction_unverified,False,"['Scalar constrained l1 optimization is changed to vector group-l1 with approximate ADMM/penalty bisection instead of the source CVX solve.', ""The default remains a limited Algorithms-4/5 adaptation; experimental Algorithms 1/3 reuse vector group-l1 finite ADMM and can become infeasible at the source's fixed initial error after merges."", 'An absolute floating-point jump cutoff remains a solver setting; relative-maximum filtering, degree+1 retention, expanded spacing, and singleton interval search are disabled by default.', 'The final unconstrained spline is now preserved; numerical equivalence with the original scalar objective and author examples remains unverified.']",44.531799998367205,
Synthetic,seed20000_sample1927,luo_linf_de_2022_adaptation,ok,adaptation,reproduction_unverified,False,"['Regularization is selected by a common-MSE search instead of a verified source-paper parameter protocol.', 'DE fitness and the reported spline use endpoint-constrained least squares; a source-native solver/output is not preserved.', 'Minimum-gap projections, random population initialization, and finite DE budgets are unverified implementation choices; the forced-largest-jump fallback is now disabled.', 'The ADMM realization, local-maxima edge cases, and DE variant have no author-code/paper-example equivalence validation.']",7.705700001679361,
Synthetic,seed20000_sample2967,park_dominant_point_2007_adaptation,ok,adaptation,reproduction_unverified,False,"['Common-MSE stopping replaces the source error-bound protocol; no iterative orthogonal-distance parameter update.', 'Degree-compatible shape-seed completion, endpoint knot clamps, and endpoint-constrained refits are repository choices, not independently source-verified.', 'Discrete Menger curvature and incremental LCM-seed consumption have not been checked against an author-code reference.']",166.84390000227722,
Synthetic,seed20000_sample2967,liang_feature_iki_2017_adaptation,ok,adaptation,reproduction_unverified,False,"['The normalized arc/unsigned-turning-angle feature blend (default 0.5) is a repository construction, not a verified original equation.', 'Sampled feature-CDF inversion and worst-residual span bisection replace unverified analytic-feature/IKI details.', 'Common-MSE stopping, dense/initial knot counts, and endpoint-constrained fits are comparison settings.']",300.8957999991253,
Synthetic,seed20000_sample2967,dung_direct_knot_2017_adaptation,ok,adaptation,reproduction_unverified,False,"[""Only simple knots are optimized; the author's multiplicity 1..degree+1 and joining-angle/continuity classifier are absent."", 'Only serial splitting is implemented; parallel split/join/shift is absent (serial is itself a published variant).', 'The shared comparison knot budget is external to the source algorithm; overflow now fails explicitly rather than silently subsampling coarse breaks.', 'The returned final curve now preserves unconstrained least squares; multiplicity and solver equivalence remain unverified.', 'sqrt(mse_tolerance) is not an equivalent native maximum-error constraint; finite-difference solver/search and short-tail guards are repository choices.']",1670.9555000015825,
Synthetic,seed20000_sample2967,kang_sparse_2015_adaptation,ok,adaptation,reproduction_unverified,False,"['Scalar constrained l1 optimization is changed to vector group-l1 with approximate ADMM/penalty bisection instead of the source CVX solve.', ""The default remains a limited Algorithms-4/5 adaptation; experimental Algorithms 1/3 reuse vector group-l1 finite ADMM and can become infeasible at the source's fixed initial error after merges."", 'An absolute floating-point jump cutoff remains a solver setting; relative-maximum filtering, degree+1 retention, expanded spacing, and singleton interval search are disabled by default.', 'The final unconstrained spline is now preserved; numerical equivalence with the original scalar objective and author examples remains unverified.']",44.87899999730871,
Synthetic,seed20000_sample2967,luo_linf_de_2022_adaptation,ok,adaptation,reproduction_unverified,False,"['Regularization is selected by a common-MSE search instead of a verified source-paper parameter protocol.', 'DE fitness and the reported spline use endpoint-constrained least squares; a source-native solver/output is not preserved.', 'Minimum-gap projections, random population initialization, and finite DE budgets are unverified implementation choices; the forced-largest-jump fallback is now disabled.', 'The ADMM realization, local-maxima edge cases, and DE variant have no author-code/paper-example equivalence validation.']",5.987299999105744,
Synthetic,seed20000_sample731,park_dominant_point_2007_adaptation,ok,adaptation,reproduction_unverified,False,"['Common-MSE stopping replaces the source error-bound protocol; no iterative orthogonal-distance parameter update.', 'Degree-compatible shape-seed completion, endpoint knot clamps, and endpoint-constrained refits are repository choices, not independently source-verified.', 'Discrete Menger curvature and incremental LCM-seed consumption have not been checked against an author-code reference.']",150.3125999988697,
Synthetic,seed20000_sample731,liang_feature_iki_2017_adaptation,ok,adaptation,reproduction_unverified,False,"['The normalized arc/unsigned-turning-angle feature blend (default 0.5) is a repository construction, not a verified original equation.', 'Sampled feature-CDF inversion and worst-residual span bisection replace unverified analytic-feature/IKI details.', 'Common-MSE stopping, dense/initial knot counts, and endpoint-constrained fits are comparison settings.']",114.10869999963325,
Synthetic,seed20000_sample731,dung_direct_knot_2017_adaptation,ok,adaptation,reproduction_unverified,False,"[""Only simple knots are optimized; the author's multiplicity 1..degree+1 and joining-angle/continuity classifier are absent."", 'Only serial splitting is implemented; parallel split/join/shift is absent (serial is itself a published variant).', 'The shared comparison knot budget is external to the source algorithm; overflow now fails explicitly rather than silently subsampling coarse breaks.', 'The returned final curve now preserves unconstrained least squares; multiplicity and solver equivalence remain unverified.', 'sqrt(mse_tolerance) is not an equivalent native maximum-error constraint; finite-difference solver/search and short-tail guards are repository choices.']",1745.1015999977244,
Synthetic,seed20000_sample731,kang_sparse_2015_adaptation,ok,adaptation,reproduction_unverified,False,"['Scalar constrained l1 optimization is changed to vector group-l1 with approximate ADMM/penalty bisection instead of the source CVX solve.', ""The default remains a limited Algorithms-4/5 adaptation; experimental Algorithms 1/3 reuse vector group-l1 finite ADMM and can become infeasible at the source's fixed initial error after merges."", 'An absolute floating-point jump cutoff remains a solver setting; relative-maximum filtering, degree+1 retention, expanded spacing, and singleton interval search are disabled by default.', 'The final unconstrained spline is now preserved; numerical equivalence with the original scalar objective and author examples remains unverified.']",57.06350000036764,
Synthetic,seed20000_sample731,luo_linf_de_2022_adaptation,ok,adaptation,reproduction_unverified,False,"['Regularization is selected by a common-MSE search instead of a verified source-paper parameter protocol.', 'DE fitness and the reported spline use endpoint-constrained least squares; a source-native solver/output is not preserved.', 'Minimum-gap projections, random population initialization, and finite DE budgets are unverified implementation choices; the forced-largest-jump fallback is now disabled.', 'The ADMM realization, local-maxima edge cases, and DE variant have no author-code/paper-example equivalence validation.']",8.936800000810763,
Synthetic,seed20000_sample2010,park_dominant_point_2007_adaptation,ok,adaptation,reproduction_unverified,False,"['Common-MSE stopping replaces the source error-bound protocol; no iterative orthogonal-distance parameter update.', 'Degree-compatible shape-seed completion, endpoint knot clamps, and endpoint-constrained refits are repository choices, not independently source-verified.', 'Discrete Menger curvature and incremental LCM-seed consumption have not been checked against an author-code reference.']",176.12799999915296,
Synthetic,seed20000_sample2010,liang_feature_iki_2017_adaptation,ok,adaptation,reproduction_unverified,False,"['The normalized arc/unsigned-turning-angle feature blend (default 0.5) is a repository construction, not a verified original equation.', 'Sampled feature-CDF inversion and worst-residual span bisection replace unverified analytic-feature/IKI details.', 'Common-MSE stopping, dense/initial knot counts, and endpoint-constrained fits are comparison settings.']",150.30860000115354,
Synthetic,seed20000_sample2010,dung_direct_knot_2017_adaptation,ok,adaptation,reproduction_unverified,False,"[""Only simple knots are optimized; the author's multiplicity 1..degree+1 and joining-angle/continuity classifier are absent."", 'Only serial splitting is implemented; parallel split/join/shift is absent (serial is itself a published variant).', 'The shared comparison knot budget is external to the source algorithm; overflow now fails explicitly rather than silently subsampling coarse breaks.', 'The returned final curve now preserves unconstrained least squares; multiplicity and solver equivalence remain unverified.', 'sqrt(mse_tolerance) is not an equivalent native maximum-error constraint; finite-difference solver/search and short-tail guards are repository choices.']",1684.4258999990416,
Synthetic,seed20000_sample2010,kang_sparse_2015_adaptation,ok,adaptation,reproduction_unverified,False,"['Scalar constrained l1 optimization is changed to vector group-l1 with approximate ADMM/penalty bisection instead of the source CVX solve.', ""The default remains a limited Algorithms-4/5 adaptation; experimental Algorithms 1/3 reuse vector group-l1 finite ADMM and can become infeasible at the source's fixed initial error after merges."", 'An absolute floating-point jump cutoff remains a solver setting; relative-maximum filtering, degree+1 retention, expanded spacing, and singleton interval search are disabled by default.', 'The final unconstrained spline is now preserved; numerical equivalence with the original scalar objective and author examples remains unverified.']",67.98469999921508,
Synthetic,seed20000_sample2010,luo_linf_de_2022_adaptation,ok,adaptation,reproduction_unverified,False,"['Regularization is selected by a common-MSE search instead of a verified source-paper parameter protocol.', 'DE fitness and the reported spline use endpoint-constrained least squares; a source-native solver/output is not preserved.', 'Minimum-gap projections, random population initialization, and finite DE budgets are unverified implementation choices; the forced-largest-jump fallback is now disabled.', 'The ADMM realization, local-maxima edge cases, and DE variant have no author-code/paper-example equivalence validation.']",10.417500001494773,
Synthetic,seed20000_sample163,park_dominant_point_2007_adaptation,ok,adaptation,reproduction_unverified,False,"['Common-MSE stopping replaces the source error-bound protocol; no iterative orthogonal-distance parameter update.', 'Degree-compatible shape-seed completion, endpoint knot clamps, and endpoint-constrained refits are repository choices, not independently source-verified.', 'Discrete Menger curvature and incremental LCM-seed consumption have not been checked against an author-code reference.']",208.00659999804338,
Synthetic,seed20000_sample163,liang_feature_iki_2017_adaptation,ok,adaptation,reproduction_unverified,False,"['The normalized arc/unsigned-turning-angle feature blend (default 0.5) is a repository construction, not a verified original equation.', 'Sampled feature-CDF inversion and worst-residual span bisection replace unverified analytic-feature/IKI details.', 'Common-MSE stopping, dense/initial knot counts, and endpoint-constrained fits are comparison settings.']",117.49300000155927,
Synthetic,seed20000_sample163,dung_direct_knot_2017_adaptation,ok,adaptation,reproduction_unverified,False,"[""Only simple knots are optimized; the author's multiplicity 1..degree+1 and joining-angle/continuity classifier are absent."", 'Only serial splitting is implemented; parallel split/join/shift is absent (serial is itself a published variant).', 'The shared comparison knot budget is external to the source algorithm; overflow now fails explicitly rather than silently subsampling coarse breaks.', 'The returned final curve now preserves unconstrained least squares; multiplicity and solver equivalence remain unverified.', 'sqrt(mse_tolerance) is not an equivalent native maximum-error constraint; finite-difference solver/search and short-tail guards are repository choices.']",2081.8226000010327,
Synthetic,seed20000_sample163,kang_sparse_2015_adaptation,ok,adaptation,reproduction_unverified,False,"['Scalar constrained l1 optimization is changed to vector group-l1 with approximate ADMM/penalty bisection instead of the source CVX solve.', ""The default remains a limited Algorithms-4/5 adaptation; experimental Algorithms 1/3 reuse vector group-l1 finite ADMM and can become infeasible at the source's fixed initial error after merges."", 'An absolute floating-point jump cutoff remains a solver setting; relative-maximum filtering, degree+1 retention, expanded spacing, and singleton interval search are disabled by default.', 'The final unconstrained spline is now preserved; numerical equivalence with the original scalar objective and author examples remains unverified.']",196.65729999906034,
Synthetic,seed20000_sample163,luo_linf_de_2022_adaptation,ok,adaptation,reproduction_unverified,False,"['Regularization is selected by a common-MSE search instead of a verified source-paper parameter protocol.', 'DE fitness and the reported spline use endpoint-constrained least squares; a source-native solver/output is not preserved.', 'Minimum-gap projections, random population initialization, and finite DE budgets are unverified implementation choices; the forced-largest-jump fallback is now disabled.', 'The ADMM realization, local-maxima edge cases, and DE variant have no author-code/paper-example equivalence validation.']",9.802600001421524,
Synthetic,seed20000_sample1139,park_dominant_point_2007_adaptation,ok,adaptation,reproduction_unverified,False,"['Common-MSE stopping replaces the source error-bound protocol; no iterative orthogonal-distance parameter update.', 'Degree-compatible shape-seed completion, endpoint knot clamps, and endpoint-constrained refits are repository choices, not independently source-verified.', 'Discrete Menger curvature and incremental LCM-seed consumption have not been checked against an author-code reference.']",374.8161000003165,
Synthetic,seed20000_sample1139,liang_feature_iki_2017_adaptation,ok,adaptation,reproduction_unverified,False,"['The normalized arc/unsigned-turning-angle feature blend (default 0.5) is a repository construction, not a verified original equation.', 'Sampled feature-CDF inversion and worst-residual span bisection replace unverified analytic-feature/IKI details.', 'Common-MSE stopping, dense/initial knot counts, and endpoint-constrained fits are comparison settings.']",450.80180000149994,
Synthetic,seed20000_sample1139,dung_direct_knot_2017_adaptation,ok,adaptation,reproduction_unverified,False,"[""Only simple knots are optimized; the author's multiplicity 1..degree+1 and joining-angle/continuity classifier are absent."", 'Only serial splitting is implemented; parallel split/join/shift is absent (serial is itself a published variant).', 'The shared comparison knot budget is external to the source algorithm; overflow now fails explicitly rather than silently subsampling coarse breaks.', 'The returned final curve now preserves unconstrained least squares; multiplicity and solver equivalence remain unverified.', 'sqrt(mse_tolerance) is not an equivalent native maximum-error constraint; finite-difference solver/search and short-tail guards are repository choices.']",3398.484400000598,
Synthetic,seed20000_sample1139,kang_sparse_2015_adaptation,ok,adaptation,reproduction_unverified,False,"['Scalar constrained l1 optimization is changed to vector group-l1 with approximate ADMM/penalty bisection instead of the source CVX solve.', ""The default remains a limited Algorithms-4/5 adaptation; experimental Algorithms 1/3 reuse vector group-l1 finite ADMM and can become infeasible at the source's fixed initial error after merges."", 'An absolute floating-point jump cutoff remains a solver setting; relative-maximum filtering, degree+1 retention, expanded spacing, and singleton interval search are disabled by default.', 'The final unconstrained spline is now preserved; numerical equivalence with the original scalar objective and author examples remains unverified.']",85.4514000020572,
Synthetic,seed20000_sample1139,luo_linf_de_2022_adaptation,ok,adaptation,reproduction_unverified,False,"['Regularization is selected by a common-MSE search instead of a verified source-paper parameter protocol.', 'DE fitness and the reported spline use endpoint-constrained least squares; a source-native solver/output is not preserved.', 'Minimum-gap projections, random population initialization, and finite DE budgets are unverified implementation choices; the forced-largest-jump fallback is now disabled.', 'The ADMM realization, local-maxima edge cases, and DE variant have no author-code/paper-example equivalence validation.']",12.60530000217841,
Synthetic,seed20000_sample3902,park_dominant_point_2007_adaptation,ok,adaptation,reproduction_unverified,False,"['Common-MSE stopping replaces the source error-bound protocol; no iterative orthogonal-distance parameter update.', 'Degree-compatible shape-seed completion, endpoint knot clamps, and endpoint-constrained refits are repository choices, not independently source-verified.', 'Discrete Menger curvature and incremental LCM-seed consumption have not been checked against an author-code reference.']",164.71300000193878,
Synthetic,seed20000_sample3902,liang_feature_iki_2017_adaptation,ok,adaptation,reproduction_unverified,False,"['The normalized arc/unsigned-turning-angle feature blend (default 0.5) is a repository construction, not a verified original equation.', 'Sampled feature-CDF inversion and worst-residual span bisection replace unverified analytic-feature/IKI details.', 'Common-MSE stopping, dense/initial knot counts, and endpoint-constrained fits are comparison settings.']",172.10459999841987,
Synthetic,seed20000_sample3902,dung_direct_knot_2017_adaptation,ok,adaptation,reproduction_unverified,False,"[""Only simple knots are optimized; the author's multiplicity 1..degree+1 and joining-angle/continuity classifier are absent."", 'Only serial splitting is implemented; parallel split/join/shift is absent (serial is itself a published variant).', 'The shared comparison knot budget is external to the source algorithm; overflow now fails explicitly rather than silently subsampling coarse breaks.', 'The returned final curve now preserves unconstrained least squares; multiplicity and solver equivalence remain unverified.', 'sqrt(mse_tolerance) is not an equivalent native maximum-error constraint; finite-difference solver/search and short-tail guards are repository choices.']",2761.3230000024487,
Synthetic,seed20000_sample3902,kang_sparse_2015_adaptation,ok,adaptation,reproduction_unverified,False,"['Scalar constrained l1 optimization is changed to vector group-l1 with approximate ADMM/penalty bisection instead of the source CVX solve.', ""The default remains a limited Algorithms-4/5 adaptation; experimental Algorithms 1/3 reuse vector group-l1 finite ADMM and can become infeasible at the source's fixed initial error after merges."", 'An absolute floating-point jump cutoff remains a solver setting; relative-maximum filtering, degree+1 retention, expanded spacing, and singleton interval search are disabled by default.', 'The final unconstrained spline is now preserved; numerical equivalence with the original scalar objective and author examples remains unverified.']",97.62069999851519,
Synthetic,seed20000_sample3902,luo_linf_de_2022_adaptation,ok,adaptation,reproduction_unverified,False,"['Regularization is selected by a common-MSE search instead of a verified source-paper parameter protocol.', 'DE fitness and the reported spline use endpoint-constrained least squares; a source-native solver/output is not preserved.', 'Minimum-gap projections, random population initialization, and finite DE budgets are unverified implementation choices; the forced-largest-jump fallback is now disabled.', 'The ADMM realization, local-maxima edge cases, and DE variant have no author-code/paper-example equivalence validation.']",11.218600000574952,
Synthetic,seed20000_sample4061,park_dominant_point_2007_adaptation,ok,adaptation,reproduction_unverified,False,"['Common-MSE stopping replaces the source error-bound protocol; no iterative orthogonal-distance parameter update.', 'Degree-compatible shape-seed completion, endpoint knot clamps, and endpoint-constrained refits are repository choices, not independently source-verified.', 'Discrete Menger curvature and incremental LCM-seed consumption have not been checked against an author-code reference.']",119.20000000100117,
Synthetic,seed20000_sample4061,liang_feature_iki_2017_adaptation,ok,adaptation,reproduction_unverified,False,"['The normalized arc/unsigned-turning-angle feature blend (default 0.5) is a repository construction, not a verified original equation.', 'Sampled feature-CDF inversion and worst-residual span bisection replace unverified analytic-feature/IKI details.', 'Common-MSE stopping, dense/initial knot counts, and endpoint-constrained fits are comparison settings.']",174.34859999775654,
Synthetic,seed20000_sample4061,dung_direct_knot_2017_adaptation,ok,adaptation,reproduction_unverified,False,"[""Only simple knots are optimized; the author's multiplicity 1..degree+1 and joining-angle/continuity classifier are absent."", 'Only serial splitting is implemented; parallel split/join/shift is absent (serial is itself a published variant).', 'The shared comparison knot budget is external to the source algorithm; overflow now fails explicitly rather than silently subsampling coarse breaks.', 'The returned final curve now preserves unconstrained least squares; multiplicity and solver equivalence remain unverified.', 'sqrt(mse_tolerance) is not an equivalent native maximum-error constraint; finite-difference solver/search and short-tail guards are repository choices.']",1798.7224999997125,
Synthetic,seed20000_sample4061,kang_sparse_2015_adaptation,ok,adaptation,reproduction_unverified,False,"['Scalar constrained l1 optimization is changed to vector group-l1 with approximate ADMM/penalty bisection instead of the source CVX solve.', ""The default remains a limited Algorithms-4/5 adaptation; experimental Algorithms 1/3 reuse vector group-l1 finite ADMM and can become infeasible at the source's fixed initial error after merges."", 'An absolute floating-point jump cutoff remains a solver setting; relative-maximum filtering, degree+1 retention, expanded spacing, and singleton interval search are disabled by default.', 'The final unconstrained spline is now preserved; numerical equivalence with the original scalar objective and author examples remains unverified.']",47.418400001333794,
Synthetic,seed20000_sample4061,luo_linf_de_2022_adaptation,ok,adaptation,reproduction_unverified,False,"['Regularization is selected by a common-MSE search instead of a verified source-paper parameter protocol.', 'DE fitness and the reported spline use endpoint-constrained least squares; a source-native solver/output is not preserved.', 'Minimum-gap projections, random population initialization, and finite DE budgets are unverified implementation choices; the forced-largest-jump fallback is now disabled.', 'The ADMM realization, local-maxima edge cases, and DE variant have no author-code/paper-example equivalence validation.']",9.114699998463038,
Synthetic,seed20000_sample1876,park_dominant_point_2007_adaptation,ok,adaptation,reproduction_unverified,False,"['Common-MSE stopping replaces the source error-bound protocol; no iterative orthogonal-distance parameter update.', 'Degree-compatible shape-seed completion, endpoint knot clamps, and endpoint-constrained refits are repository choices, not independently source-verified.', 'Discrete Menger curvature and incremental LCM-seed consumption have not been checked against an author-code reference.']",109.0635000000475,
Synthetic,seed20000_sample1876,liang_feature_iki_2017_adaptation,ok,adaptation,reproduction_unverified,False,"['The normalized arc/unsigned-turning-angle feature blend (default 0.5) is a repository construction, not a verified original equation.', 'Sampled feature-CDF inversion and worst-residual span bisection replace unverified analytic-feature/IKI details.', 'Common-MSE stopping, dense/initial knot counts, and endpoint-constrained fits are comparison settings.']",108.88210000121035,
Synthetic,seed20000_sample1876,dung_direct_knot_2017_adaptation,ok,adaptation,reproduction_unverified,False,"[""Only simple knots are optimized; the author's multiplicity 1..degree+1 and joining-angle/continuity classifier are absent."", 'Only serial splitting is implemented; parallel split/join/shift is absent (serial is itself a published variant).', 'The shared comparison knot budget is external to the source algorithm; overflow now fails explicitly rather than silently subsampling coarse breaks.', 'The returned final curve now preserves unconstrained least squares; multiplicity and solver equivalence remain unverified.', 'sqrt(mse_tolerance) is not an equivalent native maximum-error constraint; finite-difference solver/search and short-tail guards are repository choices.']",1831.033299997216,
Synthetic,seed20000_sample1876,kang_sparse_2015_adaptation,ok,adaptation,reproduction_unverified,False,"['Scalar constrained l1 optimization is changed to vector group-l1 with approximate ADMM/penalty bisection instead of the source CVX solve.', ""The default remains a limited Algorithms-4/5 adaptation; experimental Algorithms 1/3 reuse vector group-l1 finite ADMM and can become infeasible at the source's fixed initial error after merges."", 'An absolute floating-point jump cutoff remains a solver setting; relative-maximum filtering, degree+1 retention, expanded spacing, and singleton interval search are disabled by default.', 'The final unconstrained spline is now preserved; numerical equivalence with the original scalar objective and author examples remains unverified.']",43.732900001486996,
Synthetic,seed20000_sample1876,luo_linf_de_2022_adaptation,ok,adaptation,reproduction_unverified,False,"['Regularization is selected by a common-MSE search instead of a verified source-paper parameter protocol.', 'DE fitness and the reported spline use endpoint-constrained least squares; a source-native solver/output is not preserved.', 'Minimum-gap projections, random population initialization, and finite DE budgets are unverified implementation choices; the forced-largest-jump fallback is now disabled.', 'The ADMM realization, local-maxima edge cases, and DE variant have no author-code/paper-example equivalence validation.']",7.960900002217386,
UJI,uji2_10938_stroke_01,park_dominant_point_2007_adaptation,ok,adaptation,reproduction_unverified,False,"['Common-MSE stopping replaces the source error-bound protocol; no iterative orthogonal-distance parameter update.', 'Degree-compatible shape-seed completion, endpoint knot clamps, and endpoint-constrained refits are repository choices, not independently source-verified.', 'Discrete Menger curvature and incremental LCM-seed consumption have not been checked against an author-code reference.']",9.206499998981599,
UJI,uji2_10938_stroke_01,liang_feature_iki_2017_adaptation,ok,adaptation,reproduction_unverified,False,"['The normalized arc/unsigned-turning-angle feature blend (default 0.5) is a repository construction, not a verified original equation.', 'Sampled feature-CDF inversion and worst-residual span bisection replace unverified analytic-feature/IKI details.', 'Common-MSE stopping, dense/initial knot counts, and endpoint-constrained fits are comparison settings.']",14.238399999157991,
UJI,uji2_10938_stroke_01,dung_direct_knot_2017_adaptation,ok,adaptation,reproduction_unverified,False,"[""Only simple knots are optimized; the author's multiplicity 1..degree+1 and joining-angle/continuity classifier are absent."", 'Only serial splitting is implemented; parallel split/join/shift is absent (serial is itself a published variant).', 'The shared comparison knot budget is external to the source algorithm; overflow now fails explicitly rather than silently subsampling coarse breaks.', 'The returned final curve now preserves unconstrained least squares; multiplicity and solver equivalence remain unverified.', 'sqrt(mse_tolerance) is not an equivalent native maximum-error constraint; finite-difference solver/search and short-tail guards are repository choices.']",259.10640000074636,
UJI,uji2_10938_stroke_01,kang_sparse_2015_adaptation,ok,adaptation,reproduction_unverified,False,"['Scalar constrained l1 optimization is changed to vector group-l1 with approximate ADMM/penalty bisection instead of the source CVX solve.', ""The default remains a limited Algorithms-4/5 adaptation; experimental Algorithms 1/3 reuse vector group-l1 finite ADMM and can become infeasible at the source's fixed initial error after merges."", 'An absolute floating-point jump cutoff remains a solver setting; relative-maximum filtering, degree+1 retention, expanded spacing, and singleton interval search are disabled by default.', 'The final unconstrained spline is now preserved; numerical equivalence with the original scalar objective and author examples remains unverified.']",3919.6962999994867,
UJI,uji2_10938_stroke_01,luo_linf_de_2022_adaptation,ok,adaptation,reproduction_unverified,False,"['Regularization is selected by a common-MSE search instead of a verified source-paper parameter protocol.', 'DE fitness and the reported spline use endpoint-constrained least squares; a source-native solver/output is not preserved.', 'Minimum-gap projections, random population initialization, and finite DE budgets are unverified implementation choices; the forced-largest-jump fallback is now disabled.', 'The ADMM realization, local-maxima edge cases, and DE variant have no author-code/paper-example equivalence validation.']",6962.621899998339,
UJI,uji2_09247_stroke_01,park_dominant_point_2007_adaptation,ok,adaptation,reproduction_unverified,False,"['Common-MSE stopping replaces the source error-bound protocol; no iterative orthogonal-distance parameter update.', 'Degree-compatible shape-seed completion, endpoint knot clamps, and endpoint-constrained refits are repository choices, not independently source-verified.', 'Discrete Menger curvature and incremental LCM-seed consumption have not been checked against an author-code reference.']",23.109600002499064,
UJI,uji2_09247_stroke_01,liang_feature_iki_2017_adaptation,ok,adaptation,reproduction_unverified,False,"['The normalized arc/unsigned-turning-angle feature blend (default 0.5) is a repository construction, not a verified original equation.', 'Sampled feature-CDF inversion and worst-residual span bisection replace unverified analytic-feature/IKI details.', 'Common-MSE stopping, dense/initial knot counts, and endpoint-constrained fits are comparison settings.']",12.700800001766765,
UJI,uji2_09247_stroke_01,dung_direct_knot_2017_adaptation,ok,adaptation,reproduction_unverified,False,"[""Only simple knots are optimized; the author's multiplicity 1..degree+1 and joining-angle/continuity classifier are absent."", 'Only serial splitting is implemented; parallel split/join/shift is absent (serial is itself a published variant).', 'The shared comparison knot budget is external to the source algorithm; overflow now fails explicitly rather than silently subsampling coarse breaks.', 'The returned final curve now preserves unconstrained least squares; multiplicity and solver equivalence remain unverified.', 'sqrt(mse_tolerance) is not an equivalent native maximum-error constraint; finite-difference solver/search and short-tail guards are repository choices.']",151.45580000171321,
UJI,uji2_09247_stroke_01,kang_sparse_2015_adaptation,ok,adaptation,reproduction_unverified,False,"['Scalar constrained l1 optimization is changed to vector group-l1 with approximate ADMM/penalty bisection instead of the source CVX solve.', ""The default remains a limited Algorithms-4/5 adaptation; experimental Algorithms 1/3 reuse vector group-l1 finite ADMM and can become infeasible at the source's fixed initial error after merges."", 'An absolute floating-point jump cutoff remains a solver setting; relative-maximum filtering, degree+1 retention, expanded spacing, and singleton interval search are disabled by default.', 'The final unconstrained spline is now preserved; numerical equivalence with the original scalar objective and author examples remains unverified.']",3711.9681000003766,
UJI,uji2_09247_stroke_01,luo_linf_de_2022_adaptation,ok,adaptation,reproduction_unverified,False,"['Regularization is selected by a common-MSE search instead of a verified source-paper parameter protocol.', 'DE fitness and the reported spline use endpoint-constrained least squares; a source-native solver/output is not preserved.', 'Minimum-gap projections, random population initialization, and finite DE budgets are unverified implementation choices; the forced-largest-jump fallback is now disabled.', 'The ADMM realization, local-maxima edge cases, and DE variant have no author-code/paper-example equivalence validation.']",6997.545300000638,
UJI,uji2_03090_stroke_00,park_dominant_point_2007_adaptation,ok,adaptation,reproduction_unverified,False,"['Common-MSE stopping replaces the source error-bound protocol; no iterative orthogonal-distance parameter update.', 'Degree-compatible shape-seed completion, endpoint knot clamps, and endpoint-constrained refits are repository choices, not independently source-verified.', 'Discrete Menger curvature and incremental LCM-seed consumption have not been checked against an author-code reference.']",97.84909999871161,
UJI,uji2_03090_stroke_00,liang_feature_iki_2017_adaptation,ok,adaptation,reproduction_unverified,False,"['The normalized arc/unsigned-turning-angle feature blend (default 0.5) is a repository construction, not a verified original equation.', 'Sampled feature-CDF inversion and worst-residual span bisection replace unverified analytic-feature/IKI details.', 'Common-MSE stopping, dense/initial knot counts, and endpoint-constrained fits are comparison settings.']",49.982900000031805,
UJI,uji2_03090_stroke_00,dung_direct_knot_2017_adaptation,ok,adaptation,reproduction_unverified,False,"[""Only simple knots are optimized; the author's multiplicity 1..degree+1 and joining-angle/continuity classifier are absent."", 'Only serial splitting is implemented; parallel split/join/shift is absent (serial is itself a published variant).', 'The shared comparison knot budget is external to the source algorithm; overflow now fails explicitly rather than silently subsampling coarse breaks.', 'The returned final curve now preserves unconstrained least squares; multiplicity and solver equivalence remain unverified.', 'sqrt(mse_tolerance) is not an equivalent native maximum-error constraint; finite-difference solver/search and short-tail guards are repository choices.']",475.04079999998794,
UJI,uji2_03090_stroke_00,kang_sparse_2015_adaptation,ok,adaptation,reproduction_unverified,False,"['Scalar constrained l1 optimization is changed to vector group-l1 with approximate ADMM/penalty bisection instead of the source CVX solve.', ""The default remains a limited Algorithms-4/5 adaptation; experimental Algorithms 1/3 reuse vector group-l1 finite ADMM and can become infeasible at the source's fixed initial error after merges."", 'An absolute floating-point jump cutoff remains a solver setting; relative-maximum filtering, degree+1 retention, expanded spacing, and singleton interval search are disabled by default.', 'The final unconstrained spline is now preserved; numerical equivalence with the original scalar objective and author examples remains unverified.']",1456.735600000684,
UJI,uji2_03090_stroke_00,luo_linf_de_2022_adaptation,ok,adaptation,reproduction_unverified,False,"['Regularization is selected by a common-MSE search instead of a verified source-paper parameter protocol.', 'DE fitness and the reported spline use endpoint-constrained least squares; a source-native solver/output is not preserved.', 'Minimum-gap projections, random population initialization, and finite DE budgets are unverified implementation choices; the forced-largest-jump fallback is now disabled.', 'The ADMM realization, local-maxima edge cases, and DE variant have no author-code/paper-example equivalence validation.']",5305.957699998544,
UJI,uji2_05675_stroke_00,park_dominant_point_2007_adaptation,ok,adaptation,reproduction_unverified,False,"['Common-MSE stopping replaces the source error-bound protocol; no iterative orthogonal-distance parameter update.', 'Degree-compatible shape-seed completion, endpoint knot clamps, and endpoint-constrained refits are repository choices, not independently source-verified.', 'Discrete Menger curvature and incremental LCM-seed consumption have not been checked against an author-code reference.']",7.320599997910904,
UJI,uji2_05675_stroke_00,liang_feature_iki_2017_adaptation,ok,adaptation,reproduction_unverified,False,"['The normalized arc/unsigned-turning-angle feature blend (default 0.5) is a repository construction, not a verified original equation.', 'Sampled feature-CDF inversion and worst-residual span bisection replace unverified analytic-feature/IKI details.', 'Common-MSE stopping, dense/initial knot counts, and endpoint-constrained fits are comparison settings.']",9.775300000910647,
UJI,uji2_05675_stroke_00,dung_direct_knot_2017_adaptation,ok,adaptation,reproduction_unverified,False,"[""Only simple knots are optimized; the author's multiplicity 1..degree+1 and joining-angle/continuity classifier are absent."", 'Only serial splitting is implemented; parallel split/join/shift is absent (serial is itself a published variant).', 'The shared comparison knot budget is external to the source algorithm; overflow now fails explicitly rather than silently subsampling coarse breaks.', 'The returned final curve now preserves unconstrained least squares; multiplicity and solver equivalence remain unverified.', 'sqrt(mse_tolerance) is not an equivalent native maximum-error constraint; finite-difference solver/search and short-tail guards are repository choices.']",56.13689999881899,
UJI,uji2_05675_stroke_00,kang_sparse_2015_adaptation,ok,adaptation,reproduction_unverified,False,"['Scalar constrained l1 optimization is changed to vector group-l1 with approximate ADMM/penalty bisection instead of the source CVX solve.', ""The default remains a limited Algorithms-4/5 adaptation; experimental Algorithms 1/3 reuse vector group-l1 finite ADMM and can become infeasible at the source's fixed initial error after merges."", 'An absolute floating-point jump cutoff remains a solver setting; relative-maximum filtering, degree+1 retention, expanded spacing, and singleton interval search are disabled by default.', 'The final unconstrained spline is now preserved; numerical equivalence with the original scalar objective and author examples remains unverified.']",7.0650999987265095,
UJI,uji2_05675_stroke_00,luo_linf_de_2022_adaptation,ok,adaptation,reproduction_unverified,False,"['Regularization is selected by a common-MSE search instead of a verified source-paper parameter protocol.', 'DE fitness and the reported spline use endpoint-constrained least squares; a source-native solver/output is not preserved.', 'Minimum-gap projections, random population initialization, and finite DE budgets are unverified implementation choices; the forced-largest-jump fallback is now disabled.', 'The ADMM realization, local-maxima edge cases, and DE variant have no author-code/paper-example equivalence validation.']",7786.751399999048,
UJI,uji2_08144_stroke_00,park_dominant_point_2007_adaptation,ok,adaptation,reproduction_unverified,False,"['Common-MSE stopping replaces the source error-bound protocol; no iterative orthogonal-distance parameter update.', 'Degree-compatible shape-seed completion, endpoint knot clamps, and endpoint-constrained refits are repository choices, not independently source-verified.', 'Discrete Menger curvature and incremental LCM-seed consumption have not been checked against an author-code reference.']",47.34240000107093,
UJI,uji2_08144_stroke_00,liang_feature_iki_2017_adaptation,ok,adaptation,reproduction_unverified,False,"['The normalized arc/unsigned-turning-angle feature blend (default 0.5) is a repository construction, not a verified original equation.', 'Sampled feature-CDF inversion and worst-residual span bisection replace unverified analytic-feature/IKI details.', 'Common-MSE stopping, dense/initial knot counts, and endpoint-constrained fits are comparison settings.']",22.147100000438513,
UJI,uji2_08144_stroke_00,dung_direct_knot_2017_adaptation,ok,adaptation,reproduction_unverified,False,"[""Only simple knots are optimized; the author's multiplicity 1..degree+1 and joining-angle/continuity classifier are absent."", 'Only serial splitting is implemented; parallel split/join/shift is absent (serial is itself a published variant).', 'The shared comparison knot budget is external to the source algorithm; overflow now fails explicitly rather than silently subsampling coarse breaks.', 'The returned final curve now preserves unconstrained least squares; multiplicity and solver equivalence remain unverified.', 'sqrt(mse_tolerance) is not an equivalent native maximum-error constraint; finite-difference solver/search and short-tail guards are repository choices.']",379.8449000023538,
UJI,uji2_08144_stroke_00,kang_sparse_2015_adaptation,ok,adaptation,reproduction_unverified,False,"['Scalar constrained l1 optimization is changed to vector group-l1 with approximate ADMM/penalty bisection instead of the source CVX solve.', ""The default remains a limited Algorithms-4/5 adaptation; experimental Algorithms 1/3 reuse vector group-l1 finite ADMM and can become infeasible at the source's fixed initial error after merges."", 'An absolute floating-point jump cutoff remains a solver setting; relative-maximum filtering, degree+1 retention, expanded spacing, and singleton interval search are disabled by default.', 'The final unconstrained spline is now preserved; numerical equivalence with the original scalar objective and author examples remains unverified.']",2727.7801999989606,
UJI,uji2_08144_stroke_00,luo_linf_de_2022_adaptation,ok,adaptation,reproduction_unverified,False,"['Regularization is selected by a common-MSE search instead of a verified source-paper parameter protocol.', 'DE fitness and the reported spline use endpoint-constrained least squares; a source-native solver/output is not preserved.', 'Minimum-gap projections, random population initialization, and finite DE budgets are unverified implementation choices; the forced-largest-jump fallback is now disabled.', 'The ADMM realization, local-maxima edge cases, and DE variant have no author-code/paper-example equivalence validation.']",7171.619300002931,
UJI,uji2_03384_stroke_01,park_dominant_point_2007_adaptation,ok,adaptation,reproduction_unverified,False,"['Common-MSE stopping replaces the source error-bound protocol; no iterative orthogonal-distance parameter update.', 'Degree-compatible shape-seed completion, endpoint knot clamps, and endpoint-constrained refits are repository choices, not independently source-verified.', 'Discrete Menger curvature and incremental LCM-seed consumption have not been checked against an author-code reference.']",11.425999997300096,
UJI,uji2_03384_stroke_01,liang_feature_iki_2017_adaptation,ok,adaptation,reproduction_unverified,False,"['The normalized arc/unsigned-turning-angle feature blend (default 0.5) is a repository construction, not a verified original equation.', 'Sampled feature-CDF inversion and worst-residual span bisection replace unverified analytic-feature/IKI details.', 'Common-MSE stopping, dense/initial knot counts, and endpoint-constrained fits are comparison settings.']",12.967800001206342,
UJI,uji2_03384_stroke_01,dung_direct_knot_2017_adaptation,ok,adaptation,reproduction_unverified,False,"[""Only simple knots are optimized; the author's multiplicity 1..degree+1 and joining-angle/continuity classifier are absent."", 'Only serial splitting is implemented; parallel split/join/shift is absent (serial is itself a published variant).', 'The shared comparison knot budget is external to the source algorithm; overflow now fails explicitly rather than silently subsampling coarse breaks.', 'The returned final curve now preserves unconstrained least squares; multiplicity and solver equivalence remain unverified.', 'sqrt(mse_tolerance) is not an equivalent native maximum-error constraint; finite-difference solver/search and short-tail guards are repository choices.']",55.37539999932051,
UJI,uji2_03384_stroke_01,kang_sparse_2015_adaptation,ok,adaptation,reproduction_unverified,False,"['Scalar constrained l1 optimization is changed to vector group-l1 with approximate ADMM/penalty bisection instead of the source CVX solve.', ""The default remains a limited Algorithms-4/5 adaptation; experimental Algorithms 1/3 reuse vector group-l1 finite ADMM and can become infeasible at the source's fixed initial error after merges."", 'An absolute floating-point jump cutoff remains a solver setting; relative-maximum filtering, degree+1 retention, expanded spacing, and singleton interval search are disabled by default.', 'The final unconstrained spline is now preserved; numerical equivalence with the original scalar objective and author examples remains unverified.']",13.812100001814542,
UJI,uji2_03384_stroke_01,luo_linf_de_2022_adaptation,ok,adaptation,reproduction_unverified,False,"['Regularization is selected by a common-MSE search instead of a verified source-paper parameter protocol.', 'DE fitness and the reported spline use endpoint-constrained least squares; a source-native solver/output is not preserved.', 'Minimum-gap projections, random population initialization, and finite DE budgets are unverified implementation choices; the forced-largest-jump fallback is now disabled.', 'The ADMM realization, local-maxima edge cases, and DE variant have no author-code/paper-example equivalence validation.']",9202.84040000115,
UJI,uji2_07491_stroke_01,park_dominant_point_2007_adaptation,ok,adaptation,reproduction_unverified,False,"['Common-MSE stopping replaces the source error-bound protocol; no iterative orthogonal-distance parameter update.', 'Degree-compatible shape-seed completion, endpoint knot clamps, and endpoint-constrained refits are repository choices, not independently source-verified.', 'Discrete Menger curvature and incremental LCM-seed consumption have not been checked against an author-code reference.']",14.574400000128662,
UJI,uji2_07491_stroke_01,liang_feature_iki_2017_adaptation,ok,adaptation,reproduction_unverified,False,"['The normalized arc/unsigned-turning-angle feature blend (default 0.5) is a repository construction, not a verified original equation.', 'Sampled feature-CDF inversion and worst-residual span bisection replace unverified analytic-feature/IKI details.', 'Common-MSE stopping, dense/initial knot counts, and endpoint-constrained fits are comparison settings.']",133.06849999935366,
UJI,uji2_07491_stroke_01,dung_direct_knot_2017_adaptation,ok,adaptation,reproduction_unverified,False,"[""Only simple knots are optimized; the author's multiplicity 1..degree+1 and joining-angle/continuity classifier are absent."", 'Only serial splitting is implemented; parallel split/join/shift is absent (serial is itself a published variant).', 'The shared comparison knot budget is external to the source algorithm; overflow now fails explicitly rather than silently subsampling coarse breaks.', 'The returned final curve now preserves unconstrained least squares; multiplicity and solver equivalence remain unverified.', 'sqrt(mse_tolerance) is not an equivalent native maximum-error constraint; finite-difference solver/search and short-tail guards are repository choices.']",196.3538999989396,
UJI,uji2_07491_stroke_01,kang_sparse_2015_adaptation,ok,adaptation,reproduction_unverified,False,"['Scalar constrained l1 optimization is changed to vector group-l1 with approximate ADMM/penalty bisection instead of the source CVX solve.', ""The default remains a limited Algorithms-4/5 adaptation; experimental Algorithms 1/3 reuse vector group-l1 finite ADMM and can become infeasible at the source's fixed initial error after merges."", 'An absolute floating-point jump cutoff remains a solver setting; relative-maximum filtering, degree+1 retention, expanded spacing, and singleton interval search are disabled by default.', 'The final unconstrained spline is now preserved; numerical equivalence with the original scalar objective and author examples remains unverified.']",3673.9880999994057,
UJI,uji2_07491_stroke_01,luo_linf_de_2022_adaptation,ok,adaptation,reproduction_unverified,False,"['Regularization is selected by a common-MSE search instead of a verified source-paper parameter protocol.', 'DE fitness and the reported spline use endpoint-constrained least squares; a source-native solver/output is not preserved.', 'Minimum-gap projections, random population initialization, and finite DE budgets are unverified implementation choices; the forced-largest-jump fallback is now disabled.', 'The ADMM realization, local-maxima edge cases, and DE variant have no author-code/paper-example equivalence validation.']",7474.994899999729,
UJI,uji2_04000_stroke_02,park_dominant_point_2007_adaptation,ok,adaptation,reproduction_unverified,False,"['Common-MSE stopping replaces the source error-bound protocol; no iterative orthogonal-distance parameter update.', 'Degree-compatible shape-seed completion, endpoint knot clamps, and endpoint-constrained refits are repository choices, not independently source-verified.', 'Discrete Menger curvature and incremental LCM-seed consumption have not been checked against an author-code reference.']",8.222199998272117,
UJI,uji2_04000_stroke_02,liang_feature_iki_2017_adaptation,ok,adaptation,reproduction_unverified,False,"['The normalized arc/unsigned-turning-angle feature blend (default 0.5) is a repository construction, not a verified original equation.', 'Sampled feature-CDF inversion and worst-residual span bisection replace unverified analytic-feature/IKI details.', 'Common-MSE stopping, dense/initial knot counts, and endpoint-constrained fits are comparison settings.']",12.733999999909429,
UJI,uji2_04000_stroke_02,dung_direct_knot_2017_adaptation,ok,adaptation,reproduction_unverified,False,"[""Only simple knots are optimized; the author's multiplicity 1..degree+1 and joining-angle/continuity classifier are absent."", 'Only serial splitting is implemented; parallel split/join/shift is absent (serial is itself a published variant).', 'The shared comparison knot budget is external to the source algorithm; overflow now fails explicitly rather than silently subsampling coarse breaks.', 'The returned final curve now preserves unconstrained least squares; multiplicity and solver equivalence remain unverified.', 'sqrt(mse_tolerance) is not an equivalent native maximum-error constraint; finite-difference solver/search and short-tail guards are repository choices.']",60.410400001273956,
UJI,uji2_04000_stroke_02,kang_sparse_2015_adaptation,ok,adaptation,reproduction_unverified,False,"['Scalar constrained l1 optimization is changed to vector group-l1 with approximate ADMM/penalty bisection instead of the source CVX solve.', ""The default remains a limited Algorithms-4/5 adaptation; experimental Algorithms 1/3 reuse vector group-l1 finite ADMM and can become infeasible at the source's fixed initial error after merges."", 'An absolute floating-point jump cutoff remains a solver setting; relative-maximum filtering, degree+1 retention, expanded spacing, and singleton interval search are disabled by default.', 'The final unconstrained spline is now preserved; numerical equivalence with the original scalar objective and author examples remains unverified.']",3126.313900000241,
UJI,uji2_04000_stroke_02,luo_linf_de_2022_adaptation,ok,adaptation,reproduction_unverified,False,"['Regularization is selected by a common-MSE search instead of a verified source-paper parameter protocol.', 'DE fitness and the reported spline use endpoint-constrained least squares; a source-native solver/output is not preserved.', 'Minimum-gap projections, random population initialization, and finite DE budgets are unverified implementation choices; the forced-largest-jump fallback is now disabled.', 'The ADMM realization, local-maxima edge cases, and DE variant have no author-code/paper-example equivalence validation.']",7476.385600002686,
UJI,uji2_04511_stroke_00,park_dominant_point_2007_adaptation,ok,adaptation,reproduction_unverified,False,"['Common-MSE stopping replaces the source error-bound protocol; no iterative orthogonal-distance parameter update.', 'Degree-compatible shape-seed completion, endpoint knot clamps, and endpoint-constrained refits are repository choices, not independently source-verified.', 'Discrete Menger curvature and incremental LCM-seed consumption have not been checked against an author-code reference.']",27.048899999499554,
UJI,uji2_04511_stroke_00,liang_feature_iki_2017_adaptation,ok,adaptation,reproduction_unverified,False,"['The normalized arc/unsigned-turning-angle feature blend (default 0.5) is a repository construction, not a verified original equation.', 'Sampled feature-CDF inversion and worst-residual span bisection replace unverified analytic-feature/IKI details.', 'Common-MSE stopping, dense/initial knot counts, and endpoint-constrained fits are comparison settings.']",10.839899998245528,
UJI,uji2_04511_stroke_00,dung_direct_knot_2017_adaptation,ok,adaptation,reproduction_unverified,False,"[""Only simple knots are optimized; the author's multiplicity 1..degree+1 and joining-angle/continuity classifier are absent."", 'Only serial splitting is implemented; parallel split/join/shift is absent (serial is itself a published variant).', 'The shared comparison knot budget is external to the source algorithm; overflow now fails explicitly rather than silently subsampling coarse breaks.', 'The returned final curve now preserves unconstrained least squares; multiplicity and solver equivalence remain unverified.', 'sqrt(mse_tolerance) is not an equivalent native maximum-error constraint; finite-difference solver/search and short-tail guards are repository choices.']",99.96750000209431,
UJI,uji2_04511_stroke_00,kang_sparse_2015_adaptation,ok,adaptation,reproduction_unverified,False,"['Scalar constrained l1 optimization is changed to vector group-l1 with approximate ADMM/penalty bisection instead of the source CVX solve.', ""The default remains a limited Algorithms-4/5 adaptation; experimental Algorithms 1/3 reuse vector group-l1 finite ADMM and can become infeasible at the source's fixed initial error after merges."", 'An absolute floating-point jump cutoff remains a solver setting; relative-maximum filtering, degree+1 retention, expanded spacing, and singleton interval search are disabled by default.', 'The final unconstrained spline is now preserved; numerical equivalence with the original scalar objective and author examples remains unverified.']",3240.7562999978836,
UJI,uji2_04511_stroke_00,luo_linf_de_2022_adaptation,ok,adaptation,reproduction_unverified,False,"['Regularization is selected by a common-MSE search instead of a verified source-paper parameter protocol.', 'DE fitness and the reported spline use endpoint-constrained least squares; a source-native solver/output is not preserved.', 'Minimum-gap projections, random population initialization, and finite DE budgets are unverified implementation choices; the forced-largest-jump fallback is now disabled.', 'The ADMM realization, local-maxima edge cases, and DE variant have no author-code/paper-example equivalence validation.']",6901.899500000582,
UJI,uji2_02377_stroke_00,park_dominant_point_2007_adaptation,ok,adaptation,reproduction_unverified,False,"['Common-MSE stopping replaces the source error-bound protocol; no iterative orthogonal-distance parameter update.', 'Degree-compatible shape-seed completion, endpoint knot clamps, and endpoint-constrained refits are repository choices, not independently source-verified.', 'Discrete Menger curvature and incremental LCM-seed consumption have not been checked against an author-code reference.']",14.193999999406515,
UJI,uji2_02377_stroke_00,liang_feature_iki_2017_adaptation,ok,adaptation,reproduction_unverified,False,"['The normalized arc/unsigned-turning-angle feature blend (default 0.5) is a repository construction, not a verified original equation.', 'Sampled feature-CDF inversion and worst-residual span bisection replace unverified analytic-feature/IKI details.', 'Common-MSE stopping, dense/initial knot counts, and endpoint-constrained fits are comparison settings.']",22.19390000027488,
UJI,uji2_02377_stroke_00,dung_direct_knot_2017_adaptation,ok,adaptation,reproduction_unverified,False,"[""Only simple knots are optimized; the author's multiplicity 1..degree+1 and joining-angle/continuity classifier are absent."", 'Only serial splitting is implemented; parallel split/join/shift is absent (serial is itself a published variant).', 'The shared comparison knot budget is external to the source algorithm; overflow now fails explicitly rather than silently subsampling coarse breaks.', 'The returned final curve now preserves unconstrained least squares; multiplicity and solver equivalence remain unverified.', 'sqrt(mse_tolerance) is not an equivalent native maximum-error constraint; finite-difference solver/search and short-tail guards are repository choices.']",188.28479999865522,
UJI,uji2_02377_stroke_00,kang_sparse_2015_adaptation,ok,adaptation,reproduction_unverified,False,"['Scalar constrained l1 optimization is changed to vector group-l1 with approximate ADMM/penalty bisection instead of the source CVX solve.', ""The default remains a limited Algorithms-4/5 adaptation; experimental Algorithms 1/3 reuse vector group-l1 finite ADMM and can become infeasible at the source's fixed initial error after merges."", 'An absolute floating-point jump cutoff remains a solver setting; relative-maximum filtering, degree+1 retention, expanded spacing, and singleton interval search are disabled by default.', 'The final unconstrained spline is now preserved; numerical equivalence with the original scalar objective and author examples remains unverified.']",3535.2323000006436,
UJI,uji2_02377_stroke_00,luo_linf_de_2022_adaptation,ok,adaptation,reproduction_unverified,False,"['Regularization is selected by a common-MSE search instead of a verified source-paper parameter protocol.', 'DE fitness and the reported spline use endpoint-constrained least squares; a source-native solver/output is not preserved.', 'Minimum-gap projections, random population initialization, and finite DE budgets are unverified implementation choices; the forced-largest-jump fallback is now disabled.', 'The ADMM realization, local-maxima edge cases, and DE variant have no author-code/paper-example equivalence validation.']",7984.533400001965,
NaturalEarth,natural_earth_10m_coastline_5148fa806eda_w000_5148fa80,park_dominant_point_2007_adaptation,ok,adaptation,reproduction_unverified,False,"['Common-MSE stopping replaces the source error-bound protocol; no iterative orthogonal-distance parameter update.', 'Degree-compatible shape-seed completion, endpoint knot clamps, and endpoint-constrained refits are repository choices, not independently source-verified.', 'Discrete Menger curvature and incremental LCM-seed consumption have not been checked against an author-code reference.']",56.29400000179885,
NaturalEarth,natural_earth_10m_coastline_5148fa806eda_w000_5148fa80,liang_feature_iki_2017_adaptation,ok,adaptation,reproduction_unverified,False,"['The normalized arc/unsigned-turning-angle feature blend (default 0.5) is a repository construction, not a verified original equation.', 'Sampled feature-CDF inversion and worst-residual span bisection replace unverified analytic-feature/IKI details.', 'Common-MSE stopping, dense/initial knot counts, and endpoint-constrained fits are comparison settings.']",28.04120000291732,
NaturalEarth,natural_earth_10m_coastline_5148fa806eda_w000_5148fa80,dung_direct_knot_2017_adaptation,ok,adaptation,reproduction_unverified,False,"[""Only simple knots are optimized; the author's multiplicity 1..degree+1 and joining-angle/continuity classifier are absent."", 'Only serial splitting is implemented; parallel split/join/shift is absent (serial is itself a published variant).', 'The shared comparison knot budget is external to the source algorithm; overflow now fails explicitly rather than silently subsampling coarse breaks.', 'The returned final curve now preserves unconstrained least squares; multiplicity and solver equivalence remain unverified.', 'sqrt(mse_tolerance) is not an equivalent native maximum-error constraint; finite-difference solver/search and short-tail guards are repository choices.']",413.71240000080434,
NaturalEarth,natural_earth_10m_coastline_5148fa806eda_w000_5148fa80,kang_sparse_2015_adaptation,ok,adaptation,reproduction_unverified,False,"['Scalar constrained l1 optimization is changed to vector group-l1 with approximate ADMM/penalty bisection instead of the source CVX solve.', ""The default remains a limited Algorithms-4/5 adaptation; experimental Algorithms 1/3 reuse vector group-l1 finite ADMM and can become infeasible at the source's fixed initial error after merges."", 'An absolute floating-point jump cutoff remains a solver setting; relative-maximum filtering, degree+1 retention, expanded spacing, and singleton interval search are disabled by default.', 'The final unconstrained spline is now preserved; numerical equivalence with the original scalar objective and author examples remains unverified.']",1325.880500000494,
NaturalEarth,natural_earth_10m_coastline_5148fa806eda_w000_5148fa80,luo_linf_de_2022_adaptation,ok,adaptation,reproduction_unverified,False,"['Regularization is selected by a common-MSE search instead of a verified source-paper parameter protocol.', 'DE fitness and the reported spline use endpoint-constrained least squares; a source-native solver/output is not preserved.', 'Minimum-gap projections, random population initialization, and finite DE budgets are unverified implementation choices; the forced-largest-jump fallback is now disabled.', 'The ADMM realization, local-maxima edge cases, and DE variant have no author-code/paper-example equivalence validation.']",6786.778399997274,
NaturalEarth,natural_earth_10m_coastline_fcd39c1211f8_w000_fcd39c12,park_dominant_point_2007_adaptation,ok,adaptation,reproduction_unverified,False,"['Common-MSE stopping replaces the source error-bound protocol; no iterative orthogonal-distance parameter update.', 'Degree-compatible shape-seed completion, endpoint knot clamps, and endpoint-constrained refits are repository choices, not independently source-verified.', 'Discrete Menger curvature and incremental LCM-seed consumption have not been checked against an author-code reference.']",43.87490000226535,
NaturalEarth,natural_earth_10m_coastline_fcd39c1211f8_w000_fcd39c12,liang_feature_iki_2017_adaptation,ok,adaptation,reproduction_unverified,False,"['The normalized arc/unsigned-turning-angle feature blend (default 0.5) is a repository construction, not a verified original equation.', 'Sampled feature-CDF inversion and worst-residual span bisection replace unverified analytic-feature/IKI details.', 'Common-MSE stopping, dense/initial knot counts, and endpoint-constrained fits are comparison settings.']",56.59100000048056,
NaturalEarth,natural_earth_10m_coastline_fcd39c1211f8_w000_fcd39c12,dung_direct_knot_2017_adaptation,ok,adaptation,reproduction_unverified,False,"[""Only simple knots are optimized; the author's multiplicity 1..degree+1 and joining-angle/continuity classifier are absent."", 'Only serial splitting is implemented; parallel split/join/shift is absent (serial is itself a published variant).', 'The shared comparison knot budget is external to the source algorithm; overflow now fails explicitly rather than silently subsampling coarse breaks.', 'The returned final curve now preserves unconstrained least squares; multiplicity and solver equivalence remain unverified.', 'sqrt(mse_tolerance) is not an equivalent native maximum-error constraint; finite-difference solver/search and short-tail guards are repository choices.']",450.6400999998732,
NaturalEarth,natural_earth_10m_coastline_fcd39c1211f8_w000_fcd39c12,kang_sparse_2015_adaptation,ok,adaptation,reproduction_unverified,False,"['Scalar constrained l1 optimization is changed to vector group-l1 with approximate ADMM/penalty bisection instead of the source CVX solve.', ""The default remains a limited Algorithms-4/5 adaptation; experimental Algorithms 1/3 reuse vector group-l1 finite ADMM and can become infeasible at the source's fixed initial error after merges."", 'An absolute floating-point jump cutoff remains a solver setting; relative-maximum filtering, degree+1 retention, expanded spacing, and singleton interval search are disabled by default.', 'The final unconstrained spline is now preserved; numerical equivalence with the original scalar objective and author examples remains unverified.']",3056.1687999979767,
NaturalEarth,natural_earth_10m_coastline_fcd39c1211f8_w000_fcd39c12,luo_linf_de_2022_adaptation,ok,adaptation,reproduction_unverified,False,"['Regularization is selected by a common-MSE search instead of a verified source-paper parameter protocol.', 'DE fitness and the reported spline use endpoint-constrained least squares; a source-native solver/output is not preserved.', 'Minimum-gap projections, random population initialization, and finite DE budgets are unverified implementation choices; the forced-largest-jump fallback is now disabled.', 'The ADMM realization, local-maxima edge cases, and DE variant have no author-code/paper-example equivalence validation.']",8879.537200002233,
NaturalEarth,natural_earth_10m_coastline_9c7e7850400d_w000_9c7e7850,park_dominant_point_2007_adaptation,ok,adaptation,reproduction_unverified,False,"['Common-MSE stopping replaces the source error-bound protocol; no iterative orthogonal-distance parameter update.', 'Degree-compatible shape-seed completion, endpoint knot clamps, and endpoint-constrained refits are repository choices, not independently source-verified.', 'Discrete Menger curvature and incremental LCM-seed consumption have not been checked against an author-code reference.']",105.0890000005893,
NaturalEarth,natural_earth_10m_coastline_9c7e7850400d_w000_9c7e7850,liang_feature_iki_2017_adaptation,ok,adaptation,reproduction_unverified,False,"['The normalized arc/unsigned-turning-angle feature blend (default 0.5) is a repository construction, not a verified original equation.', 'Sampled feature-CDF inversion and worst-residual span bisection replace unverified analytic-feature/IKI details.', 'Common-MSE stopping, dense/initial knot counts, and endpoint-constrained fits are comparison settings.']",102.77010000208975,
NaturalEarth,natural_earth_10m_coastline_9c7e7850400d_w000_9c7e7850,dung_direct_knot_2017_adaptation,ok,adaptation,reproduction_unverified,False,"[""Only simple knots are optimized; the author's multiplicity 1..degree+1 and joining-angle/continuity classifier are absent."", 'Only serial splitting is implemented; parallel split/join/shift is absent (serial is itself a published variant).', 'The shared comparison knot budget is external to the source algorithm; overflow now fails explicitly rather than silently subsampling coarse breaks.', 'The returned final curve now preserves unconstrained least squares; multiplicity and solver equivalence remain unverified.', 'sqrt(mse_tolerance) is not an equivalent native maximum-error constraint; finite-difference solver/search and short-tail guards are repository choices.']",617.9416999984824,
NaturalEarth,natural_earth_10m_coastline_9c7e7850400d_w000_9c7e7850,kang_sparse_2015_adaptation,ok,adaptation,reproduction_unverified,False,"['Scalar constrained l1 optimization is changed to vector group-l1 with approximate ADMM/penalty bisection instead of the source CVX solve.', ""The default remains a limited Algorithms-4/5 adaptation; experimental Algorithms 1/3 reuse vector group-l1 finite ADMM and can become infeasible at the source's fixed initial error after merges."", 'An absolute floating-point jump cutoff remains a solver setting; relative-maximum filtering, degree+1 retention, expanded spacing, and singleton interval search are disabled by default.', 'The final unconstrained spline is now preserved; numerical equivalence with the original scalar objective and author examples remains unverified.']",1880.5480000009993,
NaturalEarth,natural_earth_10m_coastline_9c7e7850400d_w000_9c7e7850,luo_linf_de_2022_adaptation,ok,adaptation,reproduction_unverified,False,"['Regularization is selected by a common-MSE search instead of a verified source-paper parameter protocol.', 'DE fitness and the reported spline use endpoint-constrained least squares; a source-native solver/output is not preserved.', 'Minimum-gap projections, random population initialization, and finite DE budgets are unverified implementation choices; the forced-largest-jump fallback is now disabled.', 'The ADMM realization, local-maxima edge cases, and DE variant have no author-code/paper-example equivalence validation.']",6366.1533999984385,
NaturalEarth,natural_earth_10m_coastline_a02657786100_w000_a0265778,park_dominant_point_2007_adaptation,ok,adaptation,reproduction_unverified,False,"['Common-MSE stopping replaces the source error-bound protocol; no iterative orthogonal-distance parameter update.', 'Degree-compatible shape-seed completion, endpoint knot clamps, and endpoint-constrained refits are repository choices, not independently source-verified.', 'Discrete Menger curvature and incremental LCM-seed consumption have not been checked against an author-code reference.']",151.45680000205175,
NaturalEarth,natural_earth_10m_coastline_a02657786100_w000_a0265778,liang_feature_iki_2017_adaptation,ok,adaptation,reproduction_unverified,False,"['The normalized arc/unsigned-turning-angle feature blend (default 0.5) is a repository construction, not a verified original equation.', 'Sampled feature-CDF inversion and worst-residual span bisection replace unverified analytic-feature/IKI details.', 'Common-MSE stopping, dense/initial knot counts, and endpoint-constrained fits are comparison settings.']",120.71270000160439,
NaturalEarth,natural_earth_10m_coastline_a02657786100_w000_a0265778,dung_direct_knot_2017_adaptation,ok,adaptation,reproduction_unverified,False,"[""Only simple knots are optimized; the author's multiplicity 1..degree+1 and joining-angle/continuity classifier are absent."", 'Only serial splitting is implemented; parallel split/join/shift is absent (serial is itself a published variant).', 'The shared comparison knot budget is external to the source algorithm; overflow now fails explicitly rather than silently subsampling coarse breaks.', 'The returned final curve now preserves unconstrained least squares; multiplicity and solver equivalence remain unverified.', 'sqrt(mse_tolerance) is not an equivalent native maximum-error constraint; finite-difference solver/search and short-tail guards are repository choices.']",1822.5744000010309,
NaturalEarth,natural_earth_10m_coastline_a02657786100_w000_a0265778,kang_sparse_2015_adaptation,ok,adaptation,reproduction_unverified,False,"['Scalar constrained l1 optimization is changed to vector group-l1 with approximate ADMM/penalty bisection instead of the source CVX solve.', ""The default remains a limited Algorithms-4/5 adaptation; experimental Algorithms 1/3 reuse vector group-l1 finite ADMM and can become infeasible at the source's fixed initial error after merges."", 'An absolute floating-point jump cutoff remains a solver setting; relative-maximum filtering, degree+1 retention, expanded spacing, and singleton interval search are disabled by default.', 'The final unconstrained spline is now preserved; numerical equivalence with the original scalar objective and author examples remains unverified.']",52.114199999778066,
NaturalEarth,natural_earth_10m_coastline_a02657786100_w000_a0265778,luo_linf_de_2022_adaptation,ok,adaptation,reproduction_unverified,False,"['Regularization is selected by a common-MSE search instead of a verified source-paper parameter protocol.', 'DE fitness and the reported spline use endpoint-constrained least squares; a source-native solver/output is not preserved.', 'Minimum-gap projections, random population initialization, and finite DE budgets are unverified implementation choices; the forced-largest-jump fallback is now disabled.', 'The ADMM realization, local-maxima edge cases, and DE variant have no author-code/paper-example equivalence validation.']",1966.0379999986617,
NaturalEarth,natural_earth_10m_coastline_6b3da4c24dd2_w000_6b3da4c2,park_dominant_point_2007_adaptation,ok,adaptation,reproduction_unverified,False,"['Common-MSE stopping replaces the source error-bound protocol; no iterative orthogonal-distance parameter update.', 'Degree-compatible shape-seed completion, endpoint knot clamps, and endpoint-constrained refits are repository choices, not independently source-verified.', 'Discrete Menger curvature and incremental LCM-seed consumption have not been checked against an author-code reference.']",66.42430000283639,
NaturalEarth,natural_earth_10m_coastline_6b3da4c24dd2_w000_6b3da4c2,liang_feature_iki_2017_adaptation,ok,adaptation,reproduction_unverified,False,"['The normalized arc/unsigned-turning-angle feature blend (default 0.5) is a repository construction, not a verified original equation.', 'Sampled feature-CDF inversion and worst-residual span bisection replace unverified analytic-feature/IKI details.', 'Common-MSE stopping, dense/initial knot counts, and endpoint-constrained fits are comparison settings.']",24.629600000480423,
NaturalEarth,natural_earth_10m_coastline_6b3da4c24dd2_w000_6b3da4c2,dung_direct_knot_2017_adaptation,ok,adaptation,reproduction_unverified,False,"[""Only simple knots are optimized; the author's multiplicity 1..degree+1 and joining-angle/continuity classifier are absent."", 'Only serial splitting is implemented; parallel split/join/shift is absent (serial is itself a published variant).', 'The shared comparison knot budget is external to the source algorithm; overflow now fails explicitly rather than silently subsampling coarse breaks.', 'The returned final curve now preserves unconstrained least squares; multiplicity and solver equivalence remain unverified.', 'sqrt(mse_tolerance) is not an equivalent native maximum-error constraint; finite-difference solver/search and short-tail guards are repository choices.']",318.575499997678,
NaturalEarth,natural_earth_10m_coastline_6b3da4c24dd2_w000_6b3da4c2,kang_sparse_2015_adaptation,ok,adaptation,reproduction_unverified,False,"['Scalar constrained l1 optimization is changed to vector group-l1 with approximate ADMM/penalty bisection instead of the source CVX solve.', ""The default remains a limited Algorithms-4/5 adaptation; experimental Algorithms 1/3 reuse vector group-l1 finite ADMM and can become infeasible at the source's fixed initial error after merges."", 'An absolute floating-point jump cutoff remains a solver setting; relative-maximum filtering, degree+1 retention, expanded spacing, and singleton interval search are disabled by default.', 'The final unconstrained spline is now preserved; numerical equivalence with the original scalar objective and author examples remains unverified.']",3033.244199999899,
NaturalEarth,natural_earth_10m_coastline_6b3da4c24dd2_w000_6b3da4c2,luo_linf_de_2022_adaptation,ok,adaptation,reproduction_unverified,False,"['Regularization is selected by a common-MSE search instead of a verified source-paper parameter protocol.', 'DE fitness and the reported spline use endpoint-constrained least squares; a source-native solver/output is not preserved.', 'Minimum-gap projections, random population initialization, and finite DE budgets are unverified implementation choices; the forced-largest-jump fallback is now disabled.', 'The ADMM realization, local-maxima edge cases, and DE variant have no author-code/paper-example equivalence validation.']",6984.009899999364,
NaturalEarth,natural_earth_10m_coastline_0c3ba55c0013_w000_0c3ba55c,park_dominant_point_2007_adaptation,ok,adaptation,reproduction_unverified,False,"['Common-MSE stopping replaces the source error-bound protocol; no iterative orthogonal-distance parameter update.', 'Degree-compatible shape-seed completion, endpoint knot clamps, and endpoint-constrained refits are repository choices, not independently source-verified.', 'Discrete Menger curvature and incremental LCM-seed consumption have not been checked against an author-code reference.']",133.52479999957723,
NaturalEarth,natural_earth_10m_coastline_0c3ba55c0013_w000_0c3ba55c,liang_feature_iki_2017_adaptation,ok,adaptation,reproduction_unverified,False,"['The normalized arc/unsigned-turning-angle feature blend (default 0.5) is a repository construction, not a verified original equation.', 'Sampled feature-CDF inversion and worst-residual span bisection replace unverified analytic-feature/IKI details.', 'Common-MSE stopping, dense/initial knot counts, and endpoint-constrained fits are comparison settings.']",76.3184999996156,
NaturalEarth,natural_earth_10m_coastline_0c3ba55c0013_w000_0c3ba55c,dung_direct_knot_2017_adaptation,ok,adaptation,reproduction_unverified,False,"[""Only simple knots are optimized; the author's multiplicity 1..degree+1 and joining-angle/continuity classifier are absent."", 'Only serial splitting is implemented; parallel split/join/shift is absent (serial is itself a published variant).', 'The shared comparison knot budget is external to the source algorithm; overflow now fails explicitly rather than silently subsampling coarse breaks.', 'The returned final curve now preserves unconstrained least squares; multiplicity and solver equivalence remain unverified.', 'sqrt(mse_tolerance) is not an equivalent native maximum-error constraint; finite-difference solver/search and short-tail guards are repository choices.']",917.028299998492,
NaturalEarth,natural_earth_10m_coastline_0c3ba55c0013_w000_0c3ba55c,kang_sparse_2015_adaptation,ok,adaptation,reproduction_unverified,False,"['Scalar constrained l1 optimization is changed to vector group-l1 with approximate ADMM/penalty bisection instead of the source CVX solve.', ""The default remains a limited Algorithms-4/5 adaptation; experimental Algorithms 1/3 reuse vector group-l1 finite ADMM and can become infeasible at the source's fixed initial error after merges."", 'An absolute floating-point jump cutoff remains a solver setting; relative-maximum filtering, degree+1 retention, expanded spacing, and singleton interval search are disabled by default.', 'The final unconstrained spline is now preserved; numerical equivalence with the original scalar objective and author examples remains unverified.']",52.47400000007474,
NaturalEarth,natural_earth_10m_coastline_0c3ba55c0013_w000_0c3ba55c,luo_linf_de_2022_adaptation,ok,adaptation,reproduction_unverified,False,"['Regularization is selected by a common-MSE search instead of a verified source-paper parameter protocol.', 'DE fitness and the reported spline use endpoint-constrained least squares; a source-native solver/output is not preserved.', 'Minimum-gap projections, random population initialization, and finite DE budgets are unverified implementation choices; the forced-largest-jump fallback is now disabled.', 'The ADMM realization, local-maxima edge cases, and DE variant have no author-code/paper-example equivalence validation.']",2117.41119999715,
NaturalEarth,natural_earth_10m_coastline_b7529bb1babd_w000_b7529bb1,park_dominant_point_2007_adaptation,ok,adaptation,reproduction_unverified,False,"['Common-MSE stopping replaces the source error-bound protocol; no iterative orthogonal-distance parameter update.', 'Degree-compatible shape-seed completion, endpoint knot clamps, and endpoint-constrained refits are repository choices, not independently source-verified.', 'Discrete Menger curvature and incremental LCM-seed consumption have not been checked against an author-code reference.']",166.98190000170143,
NaturalEarth,natural_earth_10m_coastline_b7529bb1babd_w000_b7529bb1,liang_feature_iki_2017_adaptation,ok,adaptation,reproduction_unverified,False,"['The normalized arc/unsigned-turning-angle feature blend (default 0.5) is a repository construction, not a verified original equation.', 'Sampled feature-CDF inversion and worst-residual span bisection replace unverified analytic-feature/IKI details.', 'Common-MSE stopping, dense/initial knot counts, and endpoint-constrained fits are comparison settings.']",89.30119999786257,
NaturalEarth,natural_earth_10m_coastline_b7529bb1babd_w000_b7529bb1,dung_direct_knot_2017_adaptation,ok,adaptation,reproduction_unverified,False,"[""Only simple knots are optimized; the author's multiplicity 1..degree+1 and joining-angle/continuity classifier are absent."", 'Only serial splitting is implemented; parallel split/join/shift is absent (serial is itself a published variant).', 'The shared comparison knot budget is external to the source algorithm; overflow now fails explicitly rather than silently subsampling coarse breaks.', 'The returned final curve now preserves unconstrained least squares; multiplicity and solver equivalence remain unverified.', 'sqrt(mse_tolerance) is not an equivalent native maximum-error constraint; finite-difference solver/search and short-tail guards are repository choices.']",792.0921000004455,
NaturalEarth,natural_earth_10m_coastline_b7529bb1babd_w000_b7529bb1,kang_sparse_2015_adaptation,ok,adaptation,reproduction_unverified,False,"['Scalar constrained l1 optimization is changed to vector group-l1 with approximate ADMM/penalty bisection instead of the source CVX solve.', ""The default remains a limited Algorithms-4/5 adaptation; experimental Algorithms 1/3 reuse vector group-l1 finite ADMM and can become infeasible at the source's fixed initial error after merges."", 'An absolute floating-point jump cutoff remains a solver setting; relative-maximum filtering, degree+1 retention, expanded spacing, and singleton interval search are disabled by default.', 'The final unconstrained spline is now preserved; numerical equivalence with the original scalar objective and author examples remains unverified.']",70.32900000194786,
NaturalEarth,natural_earth_10m_coastline_b7529bb1babd_w000_b7529bb1,luo_linf_de_2022_adaptation,ok,adaptation,reproduction_unverified,False,"['Regularization is selected by a common-MSE search instead of a verified source-paper parameter protocol.', 'DE fitness and the reported spline use endpoint-constrained least squares; a source-native solver/output is not preserved.', 'Minimum-gap projections, random population initialization, and finite DE budgets are unverified implementation choices; the forced-largest-jump fallback is now disabled.', 'The ADMM realization, local-maxima edge cases, and DE variant have no author-code/paper-example equivalence validation.']",2038.2162999994762,
NaturalEarth,natural_earth_10m_coastline_af2d726fbd2f_w000_af2d726f,park_dominant_point_2007_adaptation,ok,adaptation,reproduction_unverified,False,"['Common-MSE stopping replaces the source error-bound protocol; no iterative orthogonal-distance parameter update.', 'Degree-compatible shape-seed completion, endpoint knot clamps, and endpoint-constrained refits are repository choices, not independently source-verified.', 'Discrete Menger curvature and incremental LCM-seed consumption have not been checked against an author-code reference.']",215.90999999898486,
NaturalEarth,natural_earth_10m_coastline_af2d726fbd2f_w000_af2d726f,liang_feature_iki_2017_adaptation,ok,adaptation,reproduction_unverified,False,"['The normalized arc/unsigned-turning-angle feature blend (default 0.5) is a repository construction, not a verified original equation.', 'Sampled feature-CDF inversion and worst-residual span bisection replace unverified analytic-feature/IKI details.', 'Common-MSE stopping, dense/initial knot counts, and endpoint-constrained fits are comparison settings.']",138.6512999997649,
NaturalEarth,natural_earth_10m_coastline_af2d726fbd2f_w000_af2d726f,dung_direct_knot_2017_adaptation,ok,adaptation,reproduction_unverified,False,"[""Only simple knots are optimized; the author's multiplicity 1..degree+1 and joining-angle/continuity classifier are absent."", 'Only serial splitting is implemented; parallel split/join/shift is absent (serial is itself a published variant).', 'The shared comparison knot budget is external to the source algorithm; overflow now fails explicitly rather than silently subsampling coarse breaks.', 'The returned final curve now preserves unconstrained least squares; multiplicity and solver equivalence remain unverified.', 'sqrt(mse_tolerance) is not an equivalent native maximum-error constraint; finite-difference solver/search and short-tail guards are repository choices.']",1719.042000000627,
NaturalEarth,natural_earth_10m_coastline_af2d726fbd2f_w000_af2d726f,kang_sparse_2015_adaptation,ok,adaptation,reproduction_unverified,False,"['Scalar constrained l1 optimization is changed to vector group-l1 with approximate ADMM/penalty bisection instead of the source CVX solve.', ""The default remains a limited Algorithms-4/5 adaptation; experimental Algorithms 1/3 reuse vector group-l1 finite ADMM and can become infeasible at the source's fixed initial error after merges."", 'An absolute floating-point jump cutoff remains a solver setting; relative-maximum filtering, degree+1 retention, expanded spacing, and singleton interval search are disabled by default.', 'The final unconstrained spline is now preserved; numerical equivalence with the original scalar objective and author examples remains unverified.']",47.17479999817442,
NaturalEarth,natural_earth_10m_coastline_af2d726fbd2f_w000_af2d726f,luo_linf_de_2022_adaptation,ok,adaptation,reproduction_unverified,False,"['Regularization is selected by a common-MSE search instead of a verified source-paper parameter protocol.', 'DE fitness and the reported spline use endpoint-constrained least squares; a source-native solver/output is not preserved.', 'Minimum-gap projections, random population initialization, and finite DE budgets are unverified implementation choices; the forced-largest-jump fallback is now disabled.', 'The ADMM realization, local-maxima edge cases, and DE variant have no author-code/paper-example equivalence validation.']",1899.5757999982743,
NaturalEarth,natural_earth_10m_coastline_da35c3a9c263_w000_69093672,park_dominant_point_2007_adaptation,ok,adaptation,reproduction_unverified,False,"['Common-MSE stopping replaces the source error-bound protocol; no iterative orthogonal-distance parameter update.', 'Degree-compatible shape-seed completion, endpoint knot clamps, and endpoint-constrained refits are repository choices, not independently source-verified.', 'Discrete Menger curvature and incremental LCM-seed consumption have not been checked against an author-code reference.']",123.84450000172365,
NaturalEarth,natural_earth_10m_coastline_da35c3a9c263_w000_69093672,liang_feature_iki_2017_adaptation,ok,adaptation,reproduction_unverified,False,"['The normalized arc/unsigned-turning-angle feature blend (default 0.5) is a repository construction, not a verified original equation.', 'Sampled feature-CDF inversion and worst-residual span bisection replace unverified analytic-feature/IKI details.', 'Common-MSE stopping, dense/initial knot counts, and endpoint-constrained fits are comparison settings.']",91.06709999832674,
NaturalEarth,natural_earth_10m_coastline_da35c3a9c263_w000_69093672,dung_direct_knot_2017_adaptation,failed,adaptation,reproduction_unverified,False,"[""Only simple knots are optimized; the author's multiplicity 1..degree+1 and joining-angle/continuity classifier are absent."", 'Only serial splitting is implemented; parallel split/join/shift is absent (serial is itself a published variant).', 'The shared comparison knot budget is external to the source algorithm; overflow now fails explicitly rather than silently subsampling coarse breaks.', 'The returned final curve now preserves unconstrained least squares; multiplicity and solver equivalence remain unverified.', 'sqrt(mse_tolerance) is not an equivalent native maximum-error constraint; finite-difference solver/search and short-tail guards are repository choices.']",657.7743000016198,"ValueError: Dung capacity limit exceeded: serial segmentation proposes 36 internal knots, but the shared budget is 32; no boundaries were silently discarded."
NaturalEarth,natural_earth_10m_coastline_da35c3a9c263_w000_69093672,kang_sparse_2015_adaptation,ok,adaptation,reproduction_unverified,False,"['Scalar constrained l1 optimization is changed to vector group-l1 with approximate ADMM/penalty bisection instead of the source CVX solve.', ""The default remains a limited Algorithms-4/5 adaptation; experimental Algorithms 1/3 reuse vector group-l1 finite ADMM and can become infeasible at the source's fixed initial error after merges."", 'An absolute floating-point jump cutoff remains a solver setting; relative-maximum filtering, degree+1 retention, expanded spacing, and singleton interval search are disabled by default.', 'The final unconstrained spline is now preserved; numerical equivalence with the original scalar objective and author examples remains unverified.']",47.732499999256106,
NaturalEarth,natural_earth_10m_coastline_da35c3a9c263_w000_69093672,luo_linf_de_2022_adaptation,ok,adaptation,reproduction_unverified,False,"['Regularization is selected by a common-MSE search instead of a verified source-paper parameter protocol.', 'DE fitness and the reported spline use endpoint-constrained least squares; a source-native solver/output is not preserved.', 'Minimum-gap projections, random population initialization, and finite DE budgets are unverified implementation choices; the forced-largest-jump fallback is now disabled.', 'The ADMM realization, local-maxima edge cases, and DE variant have no author-code/paper-example equivalence validation.']",1989.3702999979723,
NaturalEarth,natural_earth_10m_coastline_b1966aba9355_w000_b1966aba,park_dominant_point_2007_adaptation,ok,adaptation,reproduction_unverified,False,"['Common-MSE stopping replaces the source error-bound protocol; no iterative orthogonal-distance parameter update.', 'Degree-compatible shape-seed completion, endpoint knot clamps, and endpoint-constrained refits are repository choices, not independently source-verified.', 'Discrete Menger curvature and incremental LCM-seed consumption have not been checked against an author-code reference.']",67.1567999997933,
NaturalEarth,natural_earth_10m_coastline_b1966aba9355_w000_b1966aba,liang_feature_iki_2017_adaptation,ok,adaptation,reproduction_unverified,False,"['The normalized arc/unsigned-turning-angle feature blend (default 0.5) is a repository construction, not a verified original equation.', 'Sampled feature-CDF inversion and worst-residual span bisection replace unverified analytic-feature/IKI details.', 'Common-MSE stopping, dense/initial knot counts, and endpoint-constrained fits are comparison settings.']",44.37750000215601,
NaturalEarth,natural_earth_10m_coastline_b1966aba9355_w000_b1966aba,dung_direct_knot_2017_adaptation,ok,adaptation,reproduction_unverified,False,"[""Only simple knots are optimized; the author's multiplicity 1..degree+1 and joining-angle/continuity classifier are absent."", 'Only serial splitting is implemented; parallel split/join/shift is absent (serial is itself a published variant).', 'The shared comparison knot budget is external to the source algorithm; overflow now fails explicitly rather than silently subsampling coarse breaks.', 'The returned final curve now preserves unconstrained least squares; multiplicity and solver equivalence remain unverified.', 'sqrt(mse_tolerance) is not an equivalent native maximum-error constraint; finite-difference solver/search and short-tail guards are repository choices.']",441.1476999994193,
NaturalEarth,natural_earth_10m_coastline_b1966aba9355_w000_b1966aba,kang_sparse_2015_adaptation,ok,adaptation,reproduction_unverified,False,"['Scalar constrained l1 optimization is changed to vector group-l1 with approximate ADMM/penalty bisection instead of the source CVX solve.', ""The default remains a limited Algorithms-4/5 adaptation; experimental Algorithms 1/3 reuse vector group-l1 finite ADMM and can become infeasible at the source's fixed initial error after merges."", 'An absolute floating-point jump cutoff remains a solver setting; relative-maximum filtering, degree+1 retention, expanded spacing, and singleton interval search are disabled by default.', 'The final unconstrained spline is now preserved; numerical equivalence with the original scalar objective and author examples remains unverified.']",1349.3802000011783,
NaturalEarth,natural_earth_10m_coastline_b1966aba9355_w000_b1966aba,luo_linf_de_2022_adaptation,ok,adaptation,reproduction_unverified,False,"['Regularization is selected by a common-MSE search instead of a verified source-paper parameter protocol.', 'DE fitness and the reported spline use endpoint-constrained least squares; a source-native solver/output is not preserved.', 'Minimum-gap projections, random population initialization, and finite DE budgets are unverified implementation choices; the forced-largest-jump fallback is now disabled.', 'The ADMM realization, local-maxima edge cases, and DE variant have no author-code/paper-example equivalence validation.']",6414.930700000696,
USGS,usgs_tnm_contours_large_scale_9084fac58e32_w000_9084fac5,park_dominant_point_2007_adaptation,ok,adaptation,reproduction_unverified,False,"['Common-MSE stopping replaces the source error-bound protocol; no iterative orthogonal-distance parameter update.', 'Degree-compatible shape-seed completion, endpoint knot clamps, and endpoint-constrained refits are repository choices, not independently source-verified.', 'Discrete Menger curvature and incremental LCM-seed consumption have not been checked against an author-code reference.']",110.68169999998645,
USGS,usgs_tnm_contours_large_scale_9084fac58e32_w000_9084fac5,liang_feature_iki_2017_adaptation,ok,adaptation,reproduction_unverified,False,"['The normalized arc/unsigned-turning-angle feature blend (default 0.5) is a repository construction, not a verified original equation.', 'Sampled feature-CDF inversion and worst-residual span bisection replace unverified analytic-feature/IKI details.', 'Common-MSE stopping, dense/initial knot counts, and endpoint-constrained fits are comparison settings.']",106.16479999953299,
USGS,usgs_tnm_contours_large_scale_9084fac58e32_w000_9084fac5,dung_direct_knot_2017_adaptation,ok,adaptation,reproduction_unverified,False,"[""Only simple knots are optimized; the author's multiplicity 1..degree+1 and joining-angle/continuity classifier are absent."", 'Only serial splitting is implemented; parallel split/join/shift is absent (serial is itself a published variant).', 'The shared comparison knot budget is external to the source algorithm; overflow now fails explicitly rather than silently subsampling coarse breaks.', 'The returned final curve now preserves unconstrained least squares; multiplicity and solver equivalence remain unverified.', 'sqrt(mse_tolerance) is not an equivalent native maximum-error constraint; finite-difference solver/search and short-tail guards are repository choices.']",906.7333000020881,
USGS,usgs_tnm_contours_large_scale_9084fac58e32_w000_9084fac5,kang_sparse_2015_adaptation,ok,adaptation,reproduction_unverified,False,"['Scalar constrained l1 optimization is changed to vector group-l1 with approximate ADMM/penalty bisection instead of the source CVX solve.', ""The default remains a limited Algorithms-4/5 adaptation; experimental Algorithms 1/3 reuse vector group-l1 finite ADMM and can become infeasible at the source's fixed initial error after merges."", 'An absolute floating-point jump cutoff remains a solver setting; relative-maximum filtering, degree+1 retention, expanded spacing, and singleton interval search are disabled by default.', 'The final unconstrained spline is now preserved; numerical equivalence with the original scalar objective and author examples remains unverified.']",50.46059999949648,
USGS,usgs_tnm_contours_large_scale_9084fac58e32_w000_9084fac5,luo_linf_de_2022_adaptation,ok,adaptation,reproduction_unverified,False,"['Regularization is selected by a common-MSE search instead of a verified source-paper parameter protocol.', 'DE fitness and the reported spline use endpoint-constrained least squares; a source-native solver/output is not preserved.', 'Minimum-gap projections, random population initialization, and finite DE budgets are unverified implementation choices; the forced-largest-jump fallback is now disabled.', 'The ADMM realization, local-maxima edge cases, and DE variant have no author-code/paper-example equivalence validation.']",2000.9705000011309,
USGS,usgs_tnm_contours_large_scale_2ab4212fc9c6_w000_2ab4212f,park_dominant_point_2007_adaptation,ok,adaptation,reproduction_unverified,False,"['Common-MSE stopping replaces the source error-bound protocol; no iterative orthogonal-distance parameter update.', 'Degree-compatible shape-seed completion, endpoint knot clamps, and endpoint-constrained refits are repository choices, not independently source-verified.', 'Discrete Menger curvature and incremental LCM-seed consumption have not been checked against an author-code reference.']",23.317600000154926,
USGS,usgs_tnm_contours_large_scale_2ab4212fc9c6_w000_2ab4212f,liang_feature_iki_2017_adaptation,ok,adaptation,reproduction_unverified,False,"['The normalized arc/unsigned-turning-angle feature blend (default 0.5) is a repository construction, not a verified original equation.', 'Sampled feature-CDF inversion and worst-residual span bisection replace unverified analytic-feature/IKI details.', 'Common-MSE stopping, dense/initial knot counts, and endpoint-constrained fits are comparison settings.']",12.502400000812486,
USGS,usgs_tnm_contours_large_scale_2ab4212fc9c6_w000_2ab4212f,dung_direct_knot_2017_adaptation,ok,adaptation,reproduction_unverified,False,"[""Only simple knots are optimized; the author's multiplicity 1..degree+1 and joining-angle/continuity classifier are absent."", 'Only serial splitting is implemented; parallel split/join/shift is absent (serial is itself a published variant).', 'The shared comparison knot budget is external to the source algorithm; overflow now fails explicitly rather than silently subsampling coarse breaks.', 'The returned final curve now preserves unconstrained least squares; multiplicity and solver equivalence remain unverified.', 'sqrt(mse_tolerance) is not an equivalent native maximum-error constraint; finite-difference solver/search and short-tail guards are repository choices.']",173.3325999994122,
USGS,usgs_tnm_contours_large_scale_2ab4212fc9c6_w000_2ab4212f,kang_sparse_2015_adaptation,ok,adaptation,reproduction_unverified,False,"['Scalar constrained l1 optimization is changed to vector group-l1 with approximate ADMM/penalty bisection instead of the source CVX solve.', ""The default remains a limited Algorithms-4/5 adaptation; experimental Algorithms 1/3 reuse vector group-l1 finite ADMM and can become infeasible at the source's fixed initial error after merges."", 'An absolute floating-point jump cutoff remains a solver setting; relative-maximum filtering, degree+1 retention, expanded spacing, and singleton interval search are disabled by default.', 'The final unconstrained spline is now preserved; numerical equivalence with the original scalar objective and author examples remains unverified.']",3695.4427999990003,
USGS,usgs_tnm_contours_large_scale_2ab4212fc9c6_w000_2ab4212f,luo_linf_de_2022_adaptation,ok,adaptation,reproduction_unverified,False,"['Regularization is selected by a common-MSE search instead of a verified source-paper parameter protocol.', 'DE fitness and the reported spline use endpoint-constrained least squares; a source-native solver/output is not preserved.', 'Minimum-gap projections, random population initialization, and finite DE budgets are unverified implementation choices; the forced-largest-jump fallback is now disabled.', 'The ADMM realization, local-maxima edge cases, and DE variant have no author-code/paper-example equivalence validation.']",11058.093700001336,
USGS,usgs_tnm_contours_large_scale_73f76a177c8e_w000_73f76a17,park_dominant_point_2007_adaptation,ok,adaptation,reproduction_unverified,False,"['Common-MSE stopping replaces the source error-bound protocol; no iterative orthogonal-distance parameter update.', 'Degree-compatible shape-seed completion, endpoint knot clamps, and endpoint-constrained refits are repository choices, not independently source-verified.', 'Discrete Menger curvature and incremental LCM-seed consumption have not been checked against an author-code reference.']",279.01610000117216,
USGS,usgs_tnm_contours_large_scale_73f76a177c8e_w000_73f76a17,liang_feature_iki_2017_adaptation,ok,adaptation,reproduction_unverified,False,"['The normalized arc/unsigned-turning-angle feature blend (default 0.5) is a repository construction, not a verified original equation.', 'Sampled feature-CDF inversion and worst-residual span bisection replace unverified analytic-feature/IKI details.', 'Common-MSE stopping, dense/initial knot counts, and endpoint-constrained fits are comparison settings.']",114.50799999875017,
USGS,usgs_tnm_contours_large_scale_73f76a177c8e_w000_73f76a17,dung_direct_knot_2017_adaptation,ok,adaptation,reproduction_unverified,False,"[""Only simple knots are optimized; the author's multiplicity 1..degree+1 and joining-angle/continuity classifier are absent."", 'Only serial splitting is implemented; parallel split/join/shift is absent (serial is itself a published variant).', 'The shared comparison knot budget is external to the source algorithm; overflow now fails explicitly rather than silently subsampling coarse breaks.', 'The returned final curve now preserves unconstrained least squares; multiplicity and solver equivalence remain unverified.', 'sqrt(mse_tolerance) is not an equivalent native maximum-error constraint; finite-difference solver/search and short-tail guards are repository choices.']",2206.950699997833,
USGS,usgs_tnm_contours_large_scale_73f76a177c8e_w000_73f76a17,kang_sparse_2015_adaptation,ok,adaptation,reproduction_unverified,False,"['Scalar constrained l1 optimization is changed to vector group-l1 with approximate ADMM/penalty bisection instead of the source CVX solve.', ""The default remains a limited Algorithms-4/5 adaptation; experimental Algorithms 1/3 reuse vector group-l1 finite ADMM and can become infeasible at the source's fixed initial error after merges."", 'An absolute floating-point jump cutoff remains a solver setting; relative-maximum filtering, degree+1 retention, expanded spacing, and singleton interval search are disabled by default.', 'The final unconstrained spline is now preserved; numerical equivalence with the original scalar objective and author examples remains unverified.']",74.88329999978305,
USGS,usgs_tnm_contours_large_scale_73f76a177c8e_w000_73f76a17,luo_linf_de_2022_adaptation,ok,adaptation,reproduction_unverified,False,"['Regularization is selected by a common-MSE search instead of a verified source-paper parameter protocol.', 'DE fitness and the reported spline use endpoint-constrained least squares; a source-native solver/output is not preserved.', 'Minimum-gap projections, random population initialization, and finite DE budgets are unverified implementation choices; the forced-largest-jump fallback is now disabled.', 'The ADMM realization, local-maxima edge cases, and DE variant have no author-code/paper-example equivalence validation.']",3278.247799997189,
USGS,usgs_tnm_contours_large_scale_5b180d7afe92_w000_5b180d7a,park_dominant_point_2007_adaptation,ok,adaptation,reproduction_unverified,False,"['Common-MSE stopping replaces the source error-bound protocol; no iterative orthogonal-distance parameter update.', 'Degree-compatible shape-seed completion, endpoint knot clamps, and endpoint-constrained refits are repository choices, not independently source-verified.', 'Discrete Menger curvature and incremental LCM-seed consumption have not been checked against an author-code reference.']",42.301100002077874,
USGS,usgs_tnm_contours_large_scale_5b180d7afe92_w000_5b180d7a,liang_feature_iki_2017_adaptation,ok,adaptation,reproduction_unverified,False,"['The normalized arc/unsigned-turning-angle feature blend (default 0.5) is a repository construction, not a verified original equation.', 'Sampled feature-CDF inversion and worst-residual span bisection replace unverified analytic-feature/IKI details.', 'Common-MSE stopping, dense/initial knot counts, and endpoint-constrained fits are comparison settings.']",21.27699999982724,
USGS,usgs_tnm_contours_large_scale_5b180d7afe92_w000_5b180d7a,dung_direct_knot_2017_adaptation,ok,adaptation,reproduction_unverified,False,"[""Only simple knots are optimized; the author's multiplicity 1..degree+1 and joining-angle/continuity classifier are absent."", 'Only serial splitting is implemented; parallel split/join/shift is absent (serial is itself a published variant).', 'The shared comparison knot budget is external to the source algorithm; overflow now fails explicitly rather than silently subsampling coarse breaks.', 'The returned final curve now preserves unconstrained least squares; multiplicity and solver equivalence remain unverified.', 'sqrt(mse_tolerance) is not an equivalent native maximum-error constraint; finite-difference solver/search and short-tail guards are repository choices.']",445.00300000072457,
USGS,usgs_tnm_contours_large_scale_5b180d7afe92_w000_5b180d7a,kang_sparse_2015_adaptation,ok,adaptation,reproduction_unverified,False,"['Scalar constrained l1 optimization is changed to vector group-l1 with approximate ADMM/penalty bisection instead of the source CVX solve.', ""The default remains a limited Algorithms-4/5 adaptation; experimental Algorithms 1/3 reuse vector group-l1 finite ADMM and can become infeasible at the source's fixed initial error after merges."", 'An absolute floating-point jump cutoff remains a solver setting; relative-maximum filtering, degree+1 retention, expanded spacing, and singleton interval search are disabled by default.', 'The final unconstrained spline is now preserved; numerical equivalence with the original scalar objective and author examples remains unverified.']",4450.984700000845,
USGS,usgs_tnm_contours_large_scale_5b180d7afe92_w000_5b180d7a,luo_linf_de_2022_adaptation,ok,adaptation,reproduction_unverified,False,"['Regularization is selected by a common-MSE search instead of a verified source-paper parameter protocol.', 'DE fitness and the reported spline use endpoint-constrained least squares; a source-native solver/output is not preserved.', 'Minimum-gap projections, random population initialization, and finite DE budgets are unverified implementation choices; the forced-largest-jump fallback is now disabled.', 'The ADMM realization, local-maxima edge cases, and DE variant have no author-code/paper-example equivalence validation.']",9441.969399998925,
USGS,usgs_tnm_contours_large_scale_ebe4d3820ea4_w000_ebe4d382,park_dominant_point_2007_adaptation,ok,adaptation,reproduction_unverified,False,"['Common-MSE stopping replaces the source error-bound protocol; no iterative orthogonal-distance parameter update.', 'Degree-compatible shape-seed completion, endpoint knot clamps, and endpoint-constrained refits are repository choices, not independently source-verified.', 'Discrete Menger curvature and incremental LCM-seed consumption have not been checked against an author-code reference.']",87.51689999917289,
USGS,usgs_tnm_contours_large_scale_ebe4d3820ea4_w000_ebe4d382,liang_feature_iki_2017_adaptation,ok,adaptation,reproduction_unverified,False,"['The normalized arc/unsigned-turning-angle feature blend (default 0.5) is a repository construction, not a verified original equation.', 'Sampled feature-CDF inversion and worst-residual span bisection replace unverified analytic-feature/IKI details.', 'Common-MSE stopping, dense/initial knot counts, and endpoint-constrained fits are comparison settings.']",95.83099999872502,
USGS,usgs_tnm_contours_large_scale_ebe4d3820ea4_w000_ebe4d382,dung_direct_knot_2017_adaptation,ok,adaptation,reproduction_unverified,False,"[""Only simple knots are optimized; the author's multiplicity 1..degree+1 and joining-angle/continuity classifier are absent."", 'Only serial splitting is implemented; parallel split/join/shift is absent (serial is itself a published variant).', 'The shared comparison knot budget is external to the source algorithm; overflow now fails explicitly rather than silently subsampling coarse breaks.', 'The returned final curve now preserves unconstrained least squares; multiplicity and solver equivalence remain unverified.', 'sqrt(mse_tolerance) is not an equivalent native maximum-error constraint; finite-difference solver/search and short-tail guards are repository choices.']",1162.5309999981255,
USGS,usgs_tnm_contours_large_scale_ebe4d3820ea4_w000_ebe4d382,kang_sparse_2015_adaptation,ok,adaptation,reproduction_unverified,False,"['Scalar constrained l1 optimization is changed to vector group-l1 with approximate ADMM/penalty bisection instead of the source CVX solve.', ""The default remains a limited Algorithms-4/5 adaptation; experimental Algorithms 1/3 reuse vector group-l1 finite ADMM and can become infeasible at the source's fixed initial error after merges."", 'An absolute floating-point jump cutoff remains a solver setting; relative-maximum filtering, degree+1 retention, expanded spacing, and singleton interval search are disabled by default.', 'The final unconstrained spline is now preserved; numerical equivalence with the original scalar objective and author examples remains unverified.']",100.23229999933392,
USGS,usgs_tnm_contours_large_scale_ebe4d3820ea4_w000_ebe4d382,luo_linf_de_2022_adaptation,ok,adaptation,reproduction_unverified,False,"['Regularization is selected by a common-MSE search instead of a verified source-paper parameter protocol.', 'DE fitness and the reported spline use endpoint-constrained least squares; a source-native solver/output is not preserved.', 'Minimum-gap projections, random population initialization, and finite DE budgets are unverified implementation choices; the forced-largest-jump fallback is now disabled.', 'The ADMM realization, local-maxima edge cases, and DE variant have no author-code/paper-example equivalence validation.']",1914.413099999365,
USGS,usgs_tnm_contours_large_scale_2c44653fffbc_w001_7ea9e805,park_dominant_point_2007_adaptation,ok,adaptation,reproduction_unverified,False,"['Common-MSE stopping replaces the source error-bound protocol; no iterative orthogonal-distance parameter update.', 'Degree-compatible shape-seed completion, endpoint knot clamps, and endpoint-constrained refits are repository choices, not independently source-verified.', 'Discrete Menger curvature and incremental LCM-seed consumption have not been checked against an author-code reference.']",141.70190000004368,
USGS,usgs_tnm_contours_large_scale_2c44653fffbc_w001_7ea9e805,liang_feature_iki_2017_adaptation,ok,adaptation,reproduction_unverified,False,"['The normalized arc/unsigned-turning-angle feature blend (default 0.5) is a repository construction, not a verified original equation.', 'Sampled feature-CDF inversion and worst-residual span bisection replace unverified analytic-feature/IKI details.', 'Common-MSE stopping, dense/initial knot counts, and endpoint-constrained fits are comparison settings.']",123.16350000037346,
USGS,usgs_tnm_contours_large_scale_2c44653fffbc_w001_7ea9e805,dung_direct_knot_2017_adaptation,ok,adaptation,reproduction_unverified,False,"[""Only simple knots are optimized; the author's multiplicity 1..degree+1 and joining-angle/continuity classifier are absent."", 'Only serial splitting is implemented; parallel split/join/shift is absent (serial is itself a published variant).', 'The shared comparison knot budget is external to the source algorithm; overflow now fails explicitly rather than silently subsampling coarse breaks.', 'The returned final curve now preserves unconstrained least squares; multiplicity and solver equivalence remain unverified.', 'sqrt(mse_tolerance) is not an equivalent native maximum-error constraint; finite-difference solver/search and short-tail guards are repository choices.']",2431.3333999998576,
USGS,usgs_tnm_contours_large_scale_2c44653fffbc_w001_7ea9e805,kang_sparse_2015_adaptation,ok,adaptation,reproduction_unverified,False,"['Scalar constrained l1 optimization is changed to vector group-l1 with approximate ADMM/penalty bisection instead of the source CVX solve.', ""The default remains a limited Algorithms-4/5 adaptation; experimental Algorithms 1/3 reuse vector group-l1 finite ADMM and can become infeasible at the source's fixed initial error after merges."", 'An absolute floating-point jump cutoff remains a solver setting; relative-maximum filtering, degree+1 retention, expanded spacing, and singleton interval search are disabled by default.', 'The final unconstrained spline is now preserved; numerical equivalence with the original scalar objective and author examples remains unverified.']",60.03229999987525,
USGS,usgs_tnm_contours_large_scale_2c44653fffbc_w001_7ea9e805,luo_linf_de_2022_adaptation,ok,adaptation,reproduction_unverified,False,"['Regularization is selected by a common-MSE search instead of a verified source-paper parameter protocol.', 'DE fitness and the reported spline use endpoint-constrained least squares; a source-native solver/output is not preserved.', 'Minimum-gap projections, random population initialization, and finite DE budgets are unverified implementation choices; the forced-largest-jump fallback is now disabled.', 'The ADMM realization, local-maxima edge cases, and DE variant have no author-code/paper-example equivalence validation.']",2083.9137000002665,
USGS,usgs_tnm_contours_large_scale_c858e8614d4b_w000_c858e861,park_dominant_point_2007_adaptation,ok,adaptation,reproduction_unverified,False,"['Common-MSE stopping replaces the source error-bound protocol; no iterative orthogonal-distance parameter update.', 'Degree-compatible shape-seed completion, endpoint knot clamps, and endpoint-constrained refits are repository choices, not independently source-verified.', 'Discrete Menger curvature and incremental LCM-seed consumption have not been checked against an author-code reference.']",30.16639999987092,
USGS,usgs_tnm_contours_large_scale_c858e8614d4b_w000_c858e861,liang_feature_iki_2017_adaptation,ok,adaptation,reproduction_unverified,False,"['The normalized arc/unsigned-turning-angle feature blend (default 0.5) is a repository construction, not a verified original equation.', 'Sampled feature-CDF inversion and worst-residual span bisection replace unverified analytic-feature/IKI details.', 'Common-MSE stopping, dense/initial knot counts, and endpoint-constrained fits are comparison settings.']",16.612800001894357,
USGS,usgs_tnm_contours_large_scale_c858e8614d4b_w000_c858e861,dung_direct_knot_2017_adaptation,ok,adaptation,reproduction_unverified,False,"[""Only simple knots are optimized; the author's multiplicity 1..degree+1 and joining-angle/continuity classifier are absent."", 'Only serial splitting is implemented; parallel split/join/shift is absent (serial is itself a published variant).', 'The shared comparison knot budget is external to the source algorithm; overflow now fails explicitly rather than silently subsampling coarse breaks.', 'The returned final curve now preserves unconstrained least squares; multiplicity and solver equivalence remain unverified.', 'sqrt(mse_tolerance) is not an equivalent native maximum-error constraint; finite-difference solver/search and short-tail guards are repository choices.']",188.38510000205133,
USGS,usgs_tnm_contours_large_scale_c858e8614d4b_w000_c858e861,kang_sparse_2015_adaptation,ok,adaptation,reproduction_unverified,False,"['Scalar constrained l1 optimization is changed to vector group-l1 with approximate ADMM/penalty bisection instead of the source CVX solve.', ""The default remains a limited Algorithms-4/5 adaptation; experimental Algorithms 1/3 reuse vector group-l1 finite ADMM and can become infeasible at the source's fixed initial error after merges."", 'An absolute floating-point jump cutoff remains a solver setting; relative-maximum filtering, degree+1 retention, expanded spacing, and singleton interval search are disabled by default.', 'The final unconstrained spline is now preserved; numerical equivalence with the original scalar objective and author examples remains unverified.']",3684.0521000012814,
USGS,usgs_tnm_contours_large_scale_c858e8614d4b_w000_c858e861,luo_linf_de_2022_adaptation,ok,adaptation,reproduction_unverified,False,"['Regularization is selected by a common-MSE search instead of a verified source-paper parameter protocol.', 'DE fitness and the reported spline use endpoint-constrained least squares; a source-native solver/output is not preserved.', 'Minimum-gap projections, random population initialization, and finite DE budgets are unverified implementation choices; the forced-largest-jump fallback is now disabled.', 'The ADMM realization, local-maxima edge cases, and DE variant have no author-code/paper-example equivalence validation.']",7953.2093000016175,
USGS,usgs_tnm_contours_large_scale_08cddbc994fc_w000_08cddbc9,park_dominant_point_2007_adaptation,ok,adaptation,reproduction_unverified,False,"['Common-MSE stopping replaces the source error-bound protocol; no iterative orthogonal-distance parameter update.', 'Degree-compatible shape-seed completion, endpoint knot clamps, and endpoint-constrained refits are repository choices, not independently source-verified.', 'Discrete Menger curvature and incremental LCM-seed consumption have not been checked against an author-code reference.']",54.82510000001639,
USGS,usgs_tnm_contours_large_scale_08cddbc994fc_w000_08cddbc9,liang_feature_iki_2017_adaptation,ok,adaptation,reproduction_unverified,False,"['The normalized arc/unsigned-turning-angle feature blend (default 0.5) is a repository construction, not a verified original equation.', 'Sampled feature-CDF inversion and worst-residual span bisection replace unverified analytic-feature/IKI details.', 'Common-MSE stopping, dense/initial knot counts, and endpoint-constrained fits are comparison settings.']",44.427400000131456,
USGS,usgs_tnm_contours_large_scale_08cddbc994fc_w000_08cddbc9,dung_direct_knot_2017_adaptation,ok,adaptation,reproduction_unverified,False,"[""Only simple knots are optimized; the author's multiplicity 1..degree+1 and joining-angle/continuity classifier are absent."", 'Only serial splitting is implemented; parallel split/join/shift is absent (serial is itself a published variant).', 'The shared comparison knot budget is external to the source algorithm; overflow now fails explicitly rather than silently subsampling coarse breaks.', 'The returned final curve now preserves unconstrained least squares; multiplicity and solver equivalence remain unverified.', 'sqrt(mse_tolerance) is not an equivalent native maximum-error constraint; finite-difference solver/search and short-tail guards are repository choices.']",638.6026999971364,
USGS,usgs_tnm_contours_large_scale_08cddbc994fc_w000_08cddbc9,kang_sparse_2015_adaptation,ok,adaptation,reproduction_unverified,False,"['Scalar constrained l1 optimization is changed to vector group-l1 with approximate ADMM/penalty bisection instead of the source CVX solve.', ""The default remains a limited Algorithms-4/5 adaptation; experimental Algorithms 1/3 reuse vector group-l1 finite ADMM and can become infeasible at the source's fixed initial error after merges."", 'An absolute floating-point jump cutoff remains a solver setting; relative-maximum filtering, degree+1 retention, expanded spacing, and singleton interval search are disabled by default.', 'The final unconstrained spline is now preserved; numerical equivalence with the original scalar objective and author examples remains unverified.']",1407.7041000018653,
USGS,usgs_tnm_contours_large_scale_08cddbc994fc_w000_08cddbc9,luo_linf_de_2022_adaptation,ok,adaptation,reproduction_unverified,False,"['Regularization is selected by a common-MSE search instead of a verified source-paper parameter protocol.', 'DE fitness and the reported spline use endpoint-constrained least squares; a source-native solver/output is not preserved.', 'Minimum-gap projections, random population initialization, and finite DE budgets are unverified implementation choices; the forced-largest-jump fallback is now disabled.', 'The ADMM realization, local-maxima edge cases, and DE variant have no author-code/paper-example equivalence validation.']",7117.108200000075,
USGS,usgs_tnm_contours_large_scale_a0d5104896a8_w000_a0d51048,park_dominant_point_2007_adaptation,ok,adaptation,reproduction_unverified,False,"['Common-MSE stopping replaces the source error-bound protocol; no iterative orthogonal-distance parameter update.', 'Degree-compatible shape-seed completion, endpoint knot clamps, and endpoint-constrained refits are repository choices, not independently source-verified.', 'Discrete Menger curvature and incremental LCM-seed consumption have not been checked against an author-code reference.']",115.63099999693804,
USGS,usgs_tnm_contours_large_scale_a0d5104896a8_w000_a0d51048,liang_feature_iki_2017_adaptation,ok,adaptation,reproduction_unverified,False,"['The normalized arc/unsigned-turning-angle feature blend (default 0.5) is a repository construction, not a verified original equation.', 'Sampled feature-CDF inversion and worst-residual span bisection replace unverified analytic-feature/IKI details.', 'Common-MSE stopping, dense/initial knot counts, and endpoint-constrained fits are comparison settings.']",103.08470000018133,
USGS,usgs_tnm_contours_large_scale_a0d5104896a8_w000_a0d51048,dung_direct_knot_2017_adaptation,ok,adaptation,reproduction_unverified,False,"[""Only simple knots are optimized; the author's multiplicity 1..degree+1 and joining-angle/continuity classifier are absent."", 'Only serial splitting is implemented; parallel split/join/shift is absent (serial is itself a published variant).', 'The shared comparison knot budget is external to the source algorithm; overflow now fails explicitly rather than silently subsampling coarse breaks.', 'The returned final curve now preserves unconstrained least squares; multiplicity and solver equivalence remain unverified.', 'sqrt(mse_tolerance) is not an equivalent native maximum-error constraint; finite-difference solver/search and short-tail guards are repository choices.']",1208.5888000001432,
USGS,usgs_tnm_contours_large_scale_a0d5104896a8_w000_a0d51048,kang_sparse_2015_adaptation,ok,adaptation,reproduction_unverified,False,"['Scalar constrained l1 optimization is changed to vector group-l1 with approximate ADMM/penalty bisection instead of the source CVX solve.', ""The default remains a limited Algorithms-4/5 adaptation; experimental Algorithms 1/3 reuse vector group-l1 finite ADMM and can become infeasible at the source's fixed initial error after merges."", 'An absolute floating-point jump cutoff remains a solver setting; relative-maximum filtering, degree+1 retention, expanded spacing, and singleton interval search are disabled by default.', 'The final unconstrained spline is now preserved; numerical equivalence with the original scalar objective and author examples remains unverified.']",37.640900001861155,
USGS,usgs_tnm_contours_large_scale_a0d5104896a8_w000_a0d51048,luo_linf_de_2022_adaptation,ok,adaptation,reproduction_unverified,False,"['Regularization is selected by a common-MSE search instead of a verified source-paper parameter protocol.', 'DE fitness and the reported spline use endpoint-constrained least squares; a source-native solver/output is not preserved.', 'Minimum-gap projections, random population initialization, and finite DE budgets are unverified implementation choices; the forced-largest-jump fallback is now disabled.', 'The ADMM realization, local-maxima edge cases, and DE variant have no author-code/paper-example equivalence validation.']",1339.0678000032494,
USGS,usgs_tnm_contours_large_scale_9c898cdad308_w000_9c898cda,park_dominant_point_2007_adaptation,ok,adaptation,reproduction_unverified,False,"['Common-MSE stopping replaces the source error-bound protocol; no iterative orthogonal-distance parameter update.', 'Degree-compatible shape-seed completion, endpoint knot clamps, and endpoint-constrained refits are repository choices, not independently source-verified.', 'Discrete Menger curvature and incremental LCM-seed consumption have not been checked against an author-code reference.']",48.28590000033728,
USGS,usgs_tnm_contours_large_scale_9c898cdad308_w000_9c898cda,liang_feature_iki_2017_adaptation,ok,adaptation,reproduction_unverified,False,"['The normalized arc/unsigned-turning-angle feature blend (default 0.5) is a repository construction, not a verified original equation.', 'Sampled feature-CDF inversion and worst-residual span bisection replace unverified analytic-feature/IKI details.', 'Common-MSE stopping, dense/initial knot counts, and endpoint-constrained fits are comparison settings.']",20.46909999990021,
USGS,usgs_tnm_contours_large_scale_9c898cdad308_w000_9c898cda,dung_direct_knot_2017_adaptation,ok,adaptation,reproduction_unverified,False,"[""Only simple knots are optimized; the author's multiplicity 1..degree+1 and joining-angle/continuity classifier are absent."", 'Only serial splitting is implemented; parallel split/join/shift is absent (serial is itself a published variant).', 'The shared comparison knot budget is external to the source algorithm; overflow now fails explicitly rather than silently subsampling coarse breaks.', 'The returned final curve now preserves unconstrained least squares; multiplicity and solver equivalence remain unverified.', 'sqrt(mse_tolerance) is not an equivalent native maximum-error constraint; finite-difference solver/search and short-tail guards are repository choices.']",289.0064999992319,
USGS,usgs_tnm_contours_large_scale_9c898cdad308_w000_9c898cda,kang_sparse_2015_adaptation,ok,adaptation,reproduction_unverified,False,"['Scalar constrained l1 optimization is changed to vector group-l1 with approximate ADMM/penalty bisection instead of the source CVX solve.', ""The default remains a limited Algorithms-4/5 adaptation; experimental Algorithms 1/3 reuse vector group-l1 finite ADMM and can become infeasible at the source's fixed initial error after merges."", 'An absolute floating-point jump cutoff remains a solver setting; relative-maximum filtering, degree+1 retention, expanded spacing, and singleton interval search are disabled by default.', 'The final unconstrained spline is now preserved; numerical equivalence with the original scalar objective and author examples remains unverified.']",3077.6111999985005,
USGS,usgs_tnm_contours_large_scale_9c898cdad308_w000_9c898cda,luo_linf_de_2022_adaptation,ok,adaptation,reproduction_unverified,False,"['Regularization is selected by a common-MSE search instead of a verified source-paper parameter protocol.', 'DE fitness and the reported spline use endpoint-constrained least squares; a source-native solver/output is not preserved.', 'Minimum-gap projections, random population initialization, and finite DE budgets are unverified implementation choices; the forced-largest-jump fallback is now disabled.', 'The ADMM realization, local-maxima edge cases, and DE variant have no author-code/paper-example equivalence validation.']",8468.73129999949,
IndustrialOffset,industrial_offset_elliptic_bore_v001_o03_p0p0200,park_dominant_point_2007_adaptation,ok,adaptation,reproduction_unverified,False,"['Common-MSE stopping replaces the source error-bound protocol; no iterative orthogonal-distance parameter update.', 'Degree-compatible shape-seed completion, endpoint knot clamps, and endpoint-constrained refits are repository choices, not independently source-verified.', 'Discrete Menger curvature and incremental LCM-seed consumption have not been checked against an author-code reference.']",23.521400002209703,
IndustrialOffset,industrial_offset_elliptic_bore_v001_o03_p0p0200,liang_feature_iki_2017_adaptation,ok,adaptation,reproduction_unverified,False,"['The normalized arc/unsigned-turning-angle feature blend (default 0.5) is a repository construction, not a verified original equation.', 'Sampled feature-CDF inversion and worst-residual span bisection replace unverified analytic-feature/IKI details.', 'Common-MSE stopping, dense/initial knot counts, and endpoint-constrained fits are comparison settings.']",13.569799997640075,
IndustrialOffset,industrial_offset_elliptic_bore_v001_o03_p0p0200,dung_direct_knot_2017_adaptation,ok,adaptation,reproduction_unverified,False,"[""Only simple knots are optimized; the author's multiplicity 1..degree+1 and joining-angle/continuity classifier are absent."", 'Only serial splitting is implemented; parallel split/join/shift is absent (serial is itself a published variant).', 'The shared comparison knot budget is external to the source algorithm; overflow now fails explicitly rather than silently subsampling coarse breaks.', 'The returned final curve now preserves unconstrained least squares; multiplicity and solver equivalence remain unverified.', 'sqrt(mse_tolerance) is not an equivalent native maximum-error constraint; finite-difference solver/search and short-tail guards are repository choices.']",145.4611000008299,
IndustrialOffset,industrial_offset_elliptic_bore_v001_o03_p0p0200,kang_sparse_2015_adaptation,ok,adaptation,reproduction_unverified,False,"['Scalar constrained l1 optimization is changed to vector group-l1 with approximate ADMM/penalty bisection instead of the source CVX solve.', ""The default remains a limited Algorithms-4/5 adaptation; experimental Algorithms 1/3 reuse vector group-l1 finite ADMM and can become infeasible at the source's fixed initial error after merges."", 'An absolute floating-point jump cutoff remains a solver setting; relative-maximum filtering, degree+1 retention, expanded spacing, and singleton interval search are disabled by default.', 'The final unconstrained spline is now preserved; numerical equivalence with the original scalar objective and author examples remains unverified.']",3514.9309000007634,
IndustrialOffset,industrial_offset_elliptic_bore_v001_o03_p0p0200,luo_linf_de_2022_adaptation,ok,adaptation,reproduction_unverified,False,"['Regularization is selected by a common-MSE search instead of a verified source-paper parameter protocol.', 'DE fitness and the reported spline use endpoint-constrained least squares; a source-native solver/output is not preserved.', 'Minimum-gap projections, random population initialization, and finite DE budgets are unverified implementation choices; the forced-largest-jump fallback is now disabled.', 'The ADMM realization, local-maxima edge cases, and DE variant have no author-code/paper-example equivalence validation.']",8005.582300000242,
IndustrialOffset,industrial_offset_naca_airfoil_v005_o05_p0p0800,park_dominant_point_2007_adaptation,ok,adaptation,reproduction_unverified,False,"['Common-MSE stopping replaces the source error-bound protocol; no iterative orthogonal-distance parameter update.', 'Degree-compatible shape-seed completion, endpoint knot clamps, and endpoint-constrained refits are repository choices, not independently source-verified.', 'Discrete Menger curvature and incremental LCM-seed consumption have not been checked against an author-code reference.']",75.4053999989992,
IndustrialOffset,industrial_offset_naca_airfoil_v005_o05_p0p0800,liang_feature_iki_2017_adaptation,ok,adaptation,reproduction_unverified,False,"['The normalized arc/unsigned-turning-angle feature blend (default 0.5) is a repository construction, not a verified original equation.', 'Sampled feature-CDF inversion and worst-residual span bisection replace unverified analytic-feature/IKI details.', 'Common-MSE stopping, dense/initial knot counts, and endpoint-constrained fits are comparison settings.']",17.32810000248719,
IndustrialOffset,industrial_offset_naca_airfoil_v005_o05_p0p0800,dung_direct_knot_2017_adaptation,ok,adaptation,reproduction_unverified,False,"[""Only simple knots are optimized; the author's multiplicity 1..degree+1 and joining-angle/continuity classifier are absent."", 'Only serial splitting is implemented; parallel split/join/shift is absent (serial is itself a published variant).', 'The shared comparison knot budget is external to the source algorithm; overflow now fails explicitly rather than silently subsampling coarse breaks.', 'The returned final curve now preserves unconstrained least squares; multiplicity and solver equivalence remain unverified.', 'sqrt(mse_tolerance) is not an equivalent native maximum-error constraint; finite-difference solver/search and short-tail guards are repository choices.']",240.89290000119945,
IndustrialOffset,industrial_offset_naca_airfoil_v005_o05_p0p0800,kang_sparse_2015_adaptation,ok,adaptation,reproduction_unverified,False,"['Scalar constrained l1 optimization is changed to vector group-l1 with approximate ADMM/penalty bisection instead of the source CVX solve.', ""The default remains a limited Algorithms-4/5 adaptation; experimental Algorithms 1/3 reuse vector group-l1 finite ADMM and can become infeasible at the source's fixed initial error after merges."", 'An absolute floating-point jump cutoff remains a solver setting; relative-maximum filtering, degree+1 retention, expanded spacing, and singleton interval search are disabled by default.', 'The final unconstrained spline is now preserved; numerical equivalence with the original scalar objective and author examples remains unverified.']",2675.651999998081,
IndustrialOffset,industrial_offset_naca_airfoil_v005_o05_p0p0800,luo_linf_de_2022_adaptation,ok,adaptation,reproduction_unverified,False,"['Regularization is selected by a common-MSE search instead of a verified source-paper parameter protocol.', 'DE fitness and the reported spline use endpoint-constrained least squares; a source-native solver/output is not preserved.', 'Minimum-gap projections, random population initialization, and finite DE budgets are unverified implementation choices; the forced-largest-jump fallback is now disabled.', 'The ADMM realization, local-maxima edge cases, and DE variant have no author-code/paper-example equivalence validation.']",7308.417699998245,
IndustrialOffset,industrial_offset_elliptic_bore_v008_o00_m0p0800,park_dominant_point_2007_adaptation,ok,adaptation,reproduction_unverified,False,"['Common-MSE stopping replaces the source error-bound protocol; no iterative orthogonal-distance parameter update.', 'Degree-compatible shape-seed completion, endpoint knot clamps, and endpoint-constrained refits are repository choices, not independently source-verified.', 'Discrete Menger curvature and incremental LCM-seed consumption have not been checked against an author-code reference.']",29.145600001356797,
IndustrialOffset,industrial_offset_elliptic_bore_v008_o00_m0p0800,liang_feature_iki_2017_adaptation,ok,adaptation,reproduction_unverified,False,"['The normalized arc/unsigned-turning-angle feature blend (default 0.5) is a repository construction, not a verified original equation.', 'Sampled feature-CDF inversion and worst-residual span bisection replace unverified analytic-feature/IKI details.', 'Common-MSE stopping, dense/initial knot counts, and endpoint-constrained fits are comparison settings.']",12.095800000679446,
IndustrialOffset,industrial_offset_elliptic_bore_v008_o00_m0p0800,dung_direct_knot_2017_adaptation,ok,adaptation,reproduction_unverified,False,"[""Only simple knots are optimized; the author's multiplicity 1..degree+1 and joining-angle/continuity classifier are absent."", 'Only serial splitting is implemented; parallel split/join/shift is absent (serial is itself a published variant).', 'The shared comparison knot budget is external to the source algorithm; overflow now fails explicitly rather than silently subsampling coarse breaks.', 'The returned final curve now preserves unconstrained least squares; multiplicity and solver equivalence remain unverified.', 'sqrt(mse_tolerance) is not an equivalent native maximum-error constraint; finite-difference solver/search and short-tail guards are repository choices.']",190.92639999871608,
IndustrialOffset,industrial_offset_elliptic_bore_v008_o00_m0p0800,kang_sparse_2015_adaptation,ok,adaptation,reproduction_unverified,False,"['Scalar constrained l1 optimization is changed to vector group-l1 with approximate ADMM/penalty bisection instead of the source CVX solve.', ""The default remains a limited Algorithms-4/5 adaptation; experimental Algorithms 1/3 reuse vector group-l1 finite ADMM and can become infeasible at the source's fixed initial error after merges."", 'An absolute floating-point jump cutoff remains a solver setting; relative-maximum filtering, degree+1 retention, expanded spacing, and singleton interval search are disabled by default.', 'The final unconstrained spline is now preserved; numerical equivalence with the original scalar objective and author examples remains unverified.']",3412.7035999990767,
IndustrialOffset,industrial_offset_elliptic_bore_v008_o00_m0p0800,luo_linf_de_2022_adaptation,ok,adaptation,reproduction_unverified,False,"['Regularization is selected by a common-MSE search instead of a verified source-paper parameter protocol.', 'DE fitness and the reported spline use endpoint-constrained least squares; a source-native solver/output is not preserved.', 'Minimum-gap projections, random population initialization, and finite DE budgets are unverified implementation choices; the forced-largest-jump fallback is now disabled.', 'The ADMM realization, local-maxima edge cases, and DE variant have no author-code/paper-example equivalence validation.']",7278.0819999970845,
IndustrialOffset,industrial_offset_rounded_plate_v002_o00_m0p0800,park_dominant_point_2007_adaptation,ok,adaptation,reproduction_unverified,False,"['Common-MSE stopping replaces the source error-bound protocol; no iterative orthogonal-distance parameter update.', 'Degree-compatible shape-seed completion, endpoint knot clamps, and endpoint-constrained refits are repository choices, not independently source-verified.', 'Discrete Menger curvature and incremental LCM-seed consumption have not been checked against an author-code reference.']",63.640500000474276,
IndustrialOffset,industrial_offset_rounded_plate_v002_o00_m0p0800,liang_feature_iki_2017_adaptation,ok,adaptation,reproduction_unverified,False,"['The normalized arc/unsigned-turning-angle feature blend (default 0.5) is a repository construction, not a verified original equation.', 'Sampled feature-CDF inversion and worst-residual span bisection replace unverified analytic-feature/IKI details.', 'Common-MSE stopping, dense/initial knot counts, and endpoint-constrained fits are comparison settings.']",34.33210000002873,
IndustrialOffset,industrial_offset_rounded_plate_v002_o00_m0p0800,dung_direct_knot_2017_adaptation,ok,adaptation,reproduction_unverified,False,"[""Only simple knots are optimized; the author's multiplicity 1..degree+1 and joining-angle/continuity classifier are absent."", 'Only serial splitting is implemented; parallel split/join/shift is absent (serial is itself a published variant).', 'The shared comparison knot budget is external to the source algorithm; overflow now fails explicitly rather than silently subsampling coarse breaks.', 'The returned final curve now preserves unconstrained least squares; multiplicity and solver equivalence remain unverified.', 'sqrt(mse_tolerance) is not an equivalent native maximum-error constraint; finite-difference solver/search and short-tail guards are repository choices.']",288.3750000000873,
IndustrialOffset,industrial_offset_rounded_plate_v002_o00_m0p0800,kang_sparse_2015_adaptation,ok,adaptation,reproduction_unverified,False,"['Scalar constrained l1 optimization is changed to vector group-l1 with approximate ADMM/penalty bisection instead of the source CVX solve.', ""The default remains a limited Algorithms-4/5 adaptation; experimental Algorithms 1/3 reuse vector group-l1 finite ADMM and can become infeasible at the source's fixed initial error after merges."", 'An absolute floating-point jump cutoff remains a solver setting; relative-maximum filtering, degree+1 retention, expanded spacing, and singleton interval search are disabled by default.', 'The final unconstrained spline is now preserved; numerical equivalence with the original scalar objective and author examples remains unverified.']",2805.6923000003735,
IndustrialOffset,industrial_offset_rounded_plate_v002_o00_m0p0800,luo_linf_de_2022_adaptation,ok,adaptation,reproduction_unverified,False,"['Regularization is selected by a common-MSE search instead of a verified source-paper parameter protocol.', 'DE fitness and the reported spline use endpoint-constrained least squares; a source-native solver/output is not preserved.', 'Minimum-gap projections, random population initialization, and finite DE budgets are unverified implementation choices; the forced-largest-jump fallback is now disabled.', 'The ADMM realization, local-maxima edge cases, and DE variant have no author-code/paper-example equivalence validation.']",7716.08329999799,
IndustrialOffset,industrial_offset_lobed_rotor_v001_o02_m0p0200,park_dominant_point_2007_adaptation,ok,adaptation,reproduction_unverified,False,"['Common-MSE stopping replaces the source error-bound protocol; no iterative orthogonal-distance parameter update.', 'Degree-compatible shape-seed completion, endpoint knot clamps, and endpoint-constrained refits are repository choices, not independently source-verified.', 'Discrete Menger curvature and incremental LCM-seed consumption have not been checked against an author-code reference.']",93.62429999964661,
IndustrialOffset,industrial_offset_lobed_rotor_v001_o02_m0p0200,liang_feature_iki_2017_adaptation,ok,adaptation,reproduction_unverified,False,"['The normalized arc/unsigned-turning-angle feature blend (default 0.5) is a repository construction, not a verified original equation.', 'Sampled feature-CDF inversion and worst-residual span bisection replace unverified analytic-feature/IKI details.', 'Common-MSE stopping, dense/initial knot counts, and endpoint-constrained fits are comparison settings.']",66.36939999953029,
IndustrialOffset,industrial_offset_lobed_rotor_v001_o02_m0p0200,dung_direct_knot_2017_adaptation,ok,adaptation,reproduction_unverified,False,"[""Only simple knots are optimized; the author's multiplicity 1..degree+1 and joining-angle/continuity classifier are absent."", 'Only serial splitting is implemented; parallel split/join/shift is absent (serial is itself a published variant).', 'The shared comparison knot budget is external to the source algorithm; overflow now fails explicitly rather than silently subsampling coarse breaks.', 'The returned final curve now preserves unconstrained least squares; multiplicity and solver equivalence remain unverified.', 'sqrt(mse_tolerance) is not an equivalent native maximum-error constraint; finite-difference solver/search and short-tail guards are repository choices.']",523.7321000022348,
IndustrialOffset,industrial_offset_lobed_rotor_v001_o02_m0p0200,kang_sparse_2015_adaptation,ok,adaptation,reproduction_unverified,False,"['Scalar constrained l1 optimization is changed to vector group-l1 with approximate ADMM/penalty bisection instead of the source CVX solve.', ""The default remains a limited Algorithms-4/5 adaptation; experimental Algorithms 1/3 reuse vector group-l1 finite ADMM and can become infeasible at the source's fixed initial error after merges."", 'An absolute floating-point jump cutoff remains a solver setting; relative-maximum filtering, degree+1 retention, expanded spacing, and singleton interval search are disabled by default.', 'The final unconstrained spline is now preserved; numerical equivalence with the original scalar objective and author examples remains unverified.']",1443.09290000092,
IndustrialOffset,industrial_offset_lobed_rotor_v001_o02_m0p0200,luo_linf_de_2022_adaptation,ok,adaptation,reproduction_unverified,False,"['Regularization is selected by a common-MSE search instead of a verified source-paper parameter protocol.', 'DE fitness and the reported spline use endpoint-constrained least squares; a source-native solver/output is not preserved.', 'Minimum-gap projections, random population initialization, and finite DE budgets are unverified implementation choices; the forced-largest-jump fallback is now disabled.', 'The ADMM realization, local-maxima edge cases, and DE variant have no author-code/paper-example equivalence validation.']",7585.275700002967,
IndustrialOffset,industrial_offset_lobed_rotor_v004_o01_m0p0400,park_dominant_point_2007_adaptation,ok,adaptation,reproduction_unverified,False,"['Common-MSE stopping replaces the source error-bound protocol; no iterative orthogonal-distance parameter update.', 'Degree-compatible shape-seed completion, endpoint knot clamps, and endpoint-constrained refits are repository choices, not independently source-verified.', 'Discrete Menger curvature and incremental LCM-seed consumption have not been checked against an author-code reference.']",115.53429999912623,
IndustrialOffset,industrial_offset_lobed_rotor_v004_o01_m0p0400,liang_feature_iki_2017_adaptation,ok,adaptation,reproduction_unverified,False,"['The normalized arc/unsigned-turning-angle feature blend (default 0.5) is a repository construction, not a verified original equation.', 'Sampled feature-CDF inversion and worst-residual span bisection replace unverified analytic-feature/IKI details.', 'Common-MSE stopping, dense/initial knot counts, and endpoint-constrained fits are comparison settings.']",69.25499999852036,
IndustrialOffset,industrial_offset_lobed_rotor_v004_o01_m0p0400,dung_direct_knot_2017_adaptation,ok,adaptation,reproduction_unverified,False,"[""Only simple knots are optimized; the author's multiplicity 1..degree+1 and joining-angle/continuity classifier are absent."", 'Only serial splitting is implemented; parallel split/join/shift is absent (serial is itself a published variant).', 'The shared comparison knot budget is external to the source algorithm; overflow now fails explicitly rather than silently subsampling coarse breaks.', 'The returned final curve now preserves unconstrained least squares; multiplicity and solver equivalence remain unverified.', 'sqrt(mse_tolerance) is not an equivalent native maximum-error constraint; finite-difference solver/search and short-tail guards are repository choices.']",709.7719000012148,
IndustrialOffset,industrial_offset_lobed_rotor_v004_o01_m0p0400,kang_sparse_2015_adaptation,ok,adaptation,reproduction_unverified,False,"['Scalar constrained l1 optimization is changed to vector group-l1 with approximate ADMM/penalty bisection instead of the source CVX solve.', ""The default remains a limited Algorithms-4/5 adaptation; experimental Algorithms 1/3 reuse vector group-l1 finite ADMM and can become infeasible at the source's fixed initial error after merges."", 'An absolute floating-point jump cutoff remains a solver setting; relative-maximum filtering, degree+1 retention, expanded spacing, and singleton interval search are disabled by default.', 'The final unconstrained spline is now preserved; numerical equivalence with the original scalar objective and author examples remains unverified.']",1495.2665999990131,
IndustrialOffset,industrial_offset_lobed_rotor_v004_o01_m0p0400,luo_linf_de_2022_adaptation,ok,adaptation,reproduction_unverified,False,"['Regularization is selected by a common-MSE search instead of a verified source-paper parameter protocol.', 'DE fitness and the reported spline use endpoint-constrained least squares; a source-native solver/output is not preserved.', 'Minimum-gap projections, random population initialization, and finite DE budgets are unverified implementation choices; the forced-largest-jump fallback is now disabled.', 'The ADMM realization, local-maxima edge cases, and DE variant have no author-code/paper-example equivalence validation.']",6694.993400000385,
IndustrialOffset,industrial_offset_keyway_bore_v007_o01_m0p0400,park_dominant_point_2007_adaptation,ok,adaptation,reproduction_unverified,False,"['Common-MSE stopping replaces the source error-bound protocol; no iterative orthogonal-distance parameter update.', 'Degree-compatible shape-seed completion, endpoint knot clamps, and endpoint-constrained refits are repository choices, not independently source-verified.', 'Discrete Menger curvature and incremental LCM-seed consumption have not been checked against an author-code reference.']",109.11660000056145,
IndustrialOffset,industrial_offset_keyway_bore_v007_o01_m0p0400,liang_feature_iki_2017_adaptation,ok,adaptation,reproduction_unverified,False,"['The normalized arc/unsigned-turning-angle feature blend (default 0.5) is a repository construction, not a verified original equation.', 'Sampled feature-CDF inversion and worst-residual span bisection replace unverified analytic-feature/IKI details.', 'Common-MSE stopping, dense/initial knot counts, and endpoint-constrained fits are comparison settings.']",46.89700000017183,
IndustrialOffset,industrial_offset_keyway_bore_v007_o01_m0p0400,dung_direct_knot_2017_adaptation,ok,adaptation,reproduction_unverified,False,"[""Only simple knots are optimized; the author's multiplicity 1..degree+1 and joining-angle/continuity classifier are absent."", 'Only serial splitting is implemented; parallel split/join/shift is absent (serial is itself a published variant).', 'The shared comparison knot budget is external to the source algorithm; overflow now fails explicitly rather than silently subsampling coarse breaks.', 'The returned final curve now preserves unconstrained least squares; multiplicity and solver equivalence remain unverified.', 'sqrt(mse_tolerance) is not an equivalent native maximum-error constraint; finite-difference solver/search and short-tail guards are repository choices.']",415.01639999842155,
IndustrialOffset,industrial_offset_keyway_bore_v007_o01_m0p0400,kang_sparse_2015_adaptation,ok,adaptation,reproduction_unverified,False,"['Scalar constrained l1 optimization is changed to vector group-l1 with approximate ADMM/penalty bisection instead of the source CVX solve.', ""The default remains a limited Algorithms-4/5 adaptation; experimental Algorithms 1/3 reuse vector group-l1 finite ADMM and can become infeasible at the source's fixed initial error after merges."", 'An absolute floating-point jump cutoff remains a solver setting; relative-maximum filtering, degree+1 retention, expanded spacing, and singleton interval search are disabled by default.', 'The final unconstrained spline is now preserved; numerical equivalence with the original scalar objective and author examples remains unverified.']",1429.6424000021943,
IndustrialOffset,industrial_offset_keyway_bore_v007_o01_m0p0400,luo_linf_de_2022_adaptation,ok,adaptation,reproduction_unverified,False,"['Regularization is selected by a common-MSE search instead of a verified source-paper parameter protocol.', 'DE fitness and the reported spline use endpoint-constrained least squares; a source-native solver/output is not preserved.', 'Minimum-gap projections, random population initialization, and finite DE budgets are unverified implementation choices; the forced-largest-jump fallback is now disabled.', 'The ADMM realization, local-maxima edge cases, and DE variant have no author-code/paper-example equivalence validation.']",5703.784199999063,
IndustrialOffset,industrial_offset_capsule_slot_v000_o05_p0p0800,park_dominant_point_2007_adaptation,ok,adaptation,reproduction_unverified,False,"['Common-MSE stopping replaces the source error-bound protocol; no iterative orthogonal-distance parameter update.', 'Degree-compatible shape-seed completion, endpoint knot clamps, and endpoint-constrained refits are repository choices, not independently source-verified.', 'Discrete Menger curvature and incremental LCM-seed consumption have not been checked against an author-code reference.']",37.43609999946784,
IndustrialOffset,industrial_offset_capsule_slot_v000_o05_p0p0800,liang_feature_iki_2017_adaptation,ok,adaptation,reproduction_unverified,False,"['The normalized arc/unsigned-turning-angle feature blend (default 0.5) is a repository construction, not a verified original equation.', 'Sampled feature-CDF inversion and worst-residual span bisection replace unverified analytic-feature/IKI details.', 'Common-MSE stopping, dense/initial knot counts, and endpoint-constrained fits are comparison settings.']",23.131100002501626,
IndustrialOffset,industrial_offset_capsule_slot_v000_o05_p0p0800,dung_direct_knot_2017_adaptation,ok,adaptation,reproduction_unverified,False,"[""Only simple knots are optimized; the author's multiplicity 1..degree+1 and joining-angle/continuity classifier are absent."", 'Only serial splitting is implemented; parallel split/join/shift is absent (serial is itself a published variant).', 'The shared comparison knot budget is external to the source algorithm; overflow now fails explicitly rather than silently subsampling coarse breaks.', 'The returned final curve now preserves unconstrained least squares; multiplicity and solver equivalence remain unverified.', 'sqrt(mse_tolerance) is not an equivalent native maximum-error constraint; finite-difference solver/search and short-tail guards are repository choices.']",273.80880000055186,
IndustrialOffset,industrial_offset_capsule_slot_v000_o05_p0p0800,kang_sparse_2015_adaptation,ok,adaptation,reproduction_unverified,False,"['Scalar constrained l1 optimization is changed to vector group-l1 with approximate ADMM/penalty bisection instead of the source CVX solve.', ""The default remains a limited Algorithms-4/5 adaptation; experimental Algorithms 1/3 reuse vector group-l1 finite ADMM and can become infeasible at the source's fixed initial error after merges."", 'An absolute floating-point jump cutoff remains a solver setting; relative-maximum filtering, degree+1 retention, expanded spacing, and singleton interval search are disabled by default.', 'The final unconstrained spline is now preserved; numerical equivalence with the original scalar objective and author examples remains unverified.']",3259.2832000009366,
IndustrialOffset,industrial_offset_capsule_slot_v000_o05_p0p0800,luo_linf_de_2022_adaptation,ok,adaptation,reproduction_unverified,False,"['Regularization is selected by a common-MSE search instead of a verified source-paper parameter protocol.', 'DE fitness and the reported spline use endpoint-constrained least squares; a source-native solver/output is not preserved.', 'Minimum-gap projections, random population initialization, and finite DE budgets are unverified implementation choices; the forced-largest-jump fallback is now disabled.', 'The ADMM realization, local-maxima edge cases, and DE variant have no author-code/paper-example equivalence validation.']",7917.741699999169,
IndustrialOffset,industrial_offset_naca_airfoil_v001_o03_p0p0200,park_dominant_point_2007_adaptation,ok,adaptation,reproduction_unverified,False,"['Common-MSE stopping replaces the source error-bound protocol; no iterative orthogonal-distance parameter update.', 'Degree-compatible shape-seed completion, endpoint knot clamps, and endpoint-constrained refits are repository choices, not independently source-verified.', 'Discrete Menger curvature and incremental LCM-seed consumption have not been checked against an author-code reference.']",64.4384999977774,
IndustrialOffset,industrial_offset_naca_airfoil_v001_o03_p0p0200,liang_feature_iki_2017_adaptation,ok,adaptation,reproduction_unverified,False,"['The normalized arc/unsigned-turning-angle feature blend (default 0.5) is a repository construction, not a verified original equation.', 'Sampled feature-CDF inversion and worst-residual span bisection replace unverified analytic-feature/IKI details.', 'Common-MSE stopping, dense/initial knot counts, and endpoint-constrained fits are comparison settings.']",14.584299999114592,
IndustrialOffset,industrial_offset_naca_airfoil_v001_o03_p0p0200,dung_direct_knot_2017_adaptation,ok,adaptation,reproduction_unverified,False,"[""Only simple knots are optimized; the author's multiplicity 1..degree+1 and joining-angle/continuity classifier are absent."", 'Only serial splitting is implemented; parallel split/join/shift is absent (serial is itself a published variant).', 'The shared comparison knot budget is external to the source algorithm; overflow now fails explicitly rather than silently subsampling coarse breaks.', 'The returned final curve now preserves unconstrained least squares; multiplicity and solver equivalence remain unverified.', 'sqrt(mse_tolerance) is not an equivalent native maximum-error constraint; finite-difference solver/search and short-tail guards are repository choices.']",196.95530000171857,
IndustrialOffset,industrial_offset_naca_airfoil_v001_o03_p0p0200,kang_sparse_2015_adaptation,ok,adaptation,reproduction_unverified,False,"['Scalar constrained l1 optimization is changed to vector group-l1 with approximate ADMM/penalty bisection instead of the source CVX solve.', ""The default remains a limited Algorithms-4/5 adaptation; experimental Algorithms 1/3 reuse vector group-l1 finite ADMM and can become infeasible at the source's fixed initial error after merges."", 'An absolute floating-point jump cutoff remains a solver setting; relative-maximum filtering, degree+1 retention, expanded spacing, and singleton interval search are disabled by default.', 'The final unconstrained spline is now preserved; numerical equivalence with the original scalar objective and author examples remains unverified.']",2396.1916000007477,
IndustrialOffset,industrial_offset_naca_airfoil_v001_o03_p0p0200,luo_linf_de_2022_adaptation,ok,adaptation,reproduction_unverified,False,"['Regularization is selected by a common-MSE search instead of a verified source-paper parameter protocol.', 'DE fitness and the reported spline use endpoint-constrained least squares; a source-native solver/output is not preserved.', 'Minimum-gap projections, random population initialization, and finite DE budgets are unverified implementation choices; the forced-largest-jump fallback is now disabled.', 'The ADMM realization, local-maxima edge cases, and DE variant have no author-code/paper-example equivalence validation.']",7296.439800000371,
IndustrialOffset,industrial_offset_capsule_slot_v008_o01_m0p0400,park_dominant_point_2007_adaptation,ok,adaptation,reproduction_unverified,False,"['Common-MSE stopping replaces the source error-bound protocol; no iterative orthogonal-distance parameter update.', 'Degree-compatible shape-seed completion, endpoint knot clamps, and endpoint-constrained refits are repository choices, not independently source-verified.', 'Discrete Menger curvature and incremental LCM-seed consumption have not been checked against an author-code reference.']",27.586399999563582,
IndustrialOffset,industrial_offset_capsule_slot_v008_o01_m0p0400,liang_feature_iki_2017_adaptation,ok,adaptation,reproduction_unverified,False,"['The normalized arc/unsigned-turning-angle feature blend (default 0.5) is a repository construction, not a verified original equation.', 'Sampled feature-CDF inversion and worst-residual span bisection replace unverified analytic-feature/IKI details.', 'Common-MSE stopping, dense/initial knot counts, and endpoint-constrained fits are comparison settings.']",22.161199998663506,
IndustrialOffset,industrial_offset_capsule_slot_v008_o01_m0p0400,dung_direct_knot_2017_adaptation,ok,adaptation,reproduction_unverified,False,"[""Only simple knots are optimized; the author's multiplicity 1..degree+1 and joining-angle/continuity classifier are absent."", 'Only serial splitting is implemented; parallel split/join/shift is absent (serial is itself a published variant).', 'The shared comparison knot budget is external to the source algorithm; overflow now fails explicitly rather than silently subsampling coarse breaks.', 'The returned final curve now preserves unconstrained least squares; multiplicity and solver equivalence remain unverified.', 'sqrt(mse_tolerance) is not an equivalent native maximum-error constraint; finite-difference solver/search and short-tail guards are repository choices.']",239.48250000103144,
IndustrialOffset,industrial_offset_capsule_slot_v008_o01_m0p0400,kang_sparse_2015_adaptation,ok,adaptation,reproduction_unverified,False,"['Scalar constrained l1 optimization is changed to vector group-l1 with approximate ADMM/penalty bisection instead of the source CVX solve.', ""The default remains a limited Algorithms-4/5 adaptation; experimental Algorithms 1/3 reuse vector group-l1 finite ADMM and can become infeasible at the source's fixed initial error after merges."", 'An absolute floating-point jump cutoff remains a solver setting; relative-maximum filtering, degree+1 retention, expanded spacing, and singleton interval search are disabled by default.', 'The final unconstrained spline is now preserved; numerical equivalence with the original scalar objective and author examples remains unverified.']",3207.43020000009,
IndustrialOffset,industrial_offset_capsule_slot_v008_o01_m0p0400,luo_linf_de_2022_adaptation,ok,adaptation,reproduction_unverified,False,"['Regularization is selected by a common-MSE search instead of a verified source-paper parameter protocol.', 'DE fitness and the reported spline use endpoint-constrained least squares; a source-native solver/output is not preserved.', 'Minimum-gap projections, random population initialization, and finite DE budgets are unverified implementation choices; the forced-largest-jump fallback is now disabled.', 'The ADMM realization, local-maxima edge cases, and DE variant have no author-code/paper-example equivalence validation.']",7876.305800000409,
