sample_index,source_internal_knot_count,canonical_internal_knot_count,mse_tolerance,method,mse,final_internal_knot_count,canonical_count_error,source_count_error,threshold_satisfied,elapsed_ms,timing_scope,parameterization,internal_knots
1130,4,4,2.5e-05,ours,2.2519865957253037e-05,4,0,0,True,17.33645,synchronized batch-1 network forward only; input preloaded on device; final refit and verified repair excluded,network_predicted,"[0.1460372805595398, 0.4287301301956177, 0.5557268261909485, 0.6235032081604004]"
1130,4,4,2.5e-05,kang_sparse_2015_adaptation,6.517433159698145e-06,4,0,0,True,3145.8868000045186,complete sparse ADMM selection + relocation + endpoint-constrained verification/fallback + final refit,chord_length,"[0.29439786585365857, 0.37900152439024387, 0.5855564024390243, 0.7801067073170732]"
1130,4,4,2.5e-05,uniform_gradient_pruning,6.0349572414923e-06,3,-1,-1,True,13729.36449998815,complete uniform-Kmax initialization + all deletion scoring + gradient relocation + exact refit validation,chord_length,"[0.45329684512173707, 0.5547604816292835, 0.8306276273500139]"
1474,4,4,2.5e-05,ours,1.7313724242487747e-05,6,2,2,True,17.82405,synchronized batch-1 network forward only; input preloaded on device; final refit and verified repair excluded,network_predicted,"[0.16200795769691467, 0.2514575719833374, 0.36443236470222473, 0.5513802766799927, 0.7716213464736938, 0.8517836928367615]"
1474,4,4,2.5e-05,kang_sparse_2015_adaptation,2.2870836001868602e-05,4,0,0,True,2432.707099986146,complete sparse ADMM selection + relocation + endpoint-constrained verification/fallback + final refit,chord_length,"[0.29744664634146345, 0.4148246951219512, 0.6095655487804879, 0.7808689024390244]"
1474,4,4,2.5e-05,uniform_gradient_pruning,2.1714767845062966e-05,4,0,0,True,12594.897899994976,complete uniform-Kmax initialization + all deletion scoring + gradient relocation + exact refit validation,chord_length,"[0.3122399772042803, 0.42248966686823175, 0.6307956332094082, 0.7247480299115926]"
735,4,3,2.5e-05,ours,1.3673553497272237e-05,4,1,0,True,17.167949999999998,synchronized batch-1 network forward only; input preloaded on device; final refit and verified repair excluded,network_predicted,"[0.19888153672218323, 0.26821619272232056, 0.4374532997608185, 0.7873398661613464]"
735,4,3,2.5e-05,kang_sparse_2015_adaptation,1.8127370231778626e-05,3,0,-1,True,3336.7479000153253,complete sparse ADMM selection + relocation + endpoint-constrained verification/fallback + final refit,chord_length,"[0.28696646341463417, 0.44569359756097565, 0.7023628048780487]"
735,4,3,2.5e-05,uniform_gradient_pruning,1.3948495823206973e-05,3,0,-1,True,13442.539199997555,complete uniform-Kmax initialization + all deletion scoring + gradient relocation + exact refit validation,chord_length,"[0.3340635853027018, 0.42338066046886813, 0.6890780366392173]"
2660,4,3,2.5e-05,ours,2.380668427443283e-05,4,1,0,True,17.053800000000003,synchronized batch-1 network forward only; input preloaded on device; final refit and verified repair excluded,network_predicted,"[0.4277356266975403, 0.6164233684539795, 0.6788380742073059, 0.8231845498085022]"
2660,4,3,2.5e-05,kang_sparse_2015_adaptation,1.7054277845782304e-05,3,0,-1,True,3600.6548999866936,complete sparse ADMM selection + relocation + endpoint-constrained verification/fallback + final refit,chord_length,"[0.36585365853658536, 0.5610708841463414, 0.7076981707317073]"
2660,4,3,2.5e-05,uniform_gradient_pruning,1.166282653129856e-05,3,0,-1,True,13604.357999996864,complete uniform-Kmax initialization + all deletion scoring + gradient relocation + exact refit validation,chord_length,"[0.266948841953796, 0.6388320824866718, 0.6730019801084784]"
248,4,4,2.5e-05,ours,2.40243844320531e-05,6,2,2,True,17.01905,synchronized batch-1 network forward only; input preloaded on device; final refit and verified repair excluded,network_predicted,"[0.20388789474964142, 0.39773494005203247, 0.5535518527030945, 0.8197313547134399, 0.8534852266311646, 0.9367127418518066]"
248,4,4,2.5e-05,kang_sparse_2015_adaptation,6.5831780476437235e-06,5,1,1,True,2378.0781000095885,complete sparse ADMM selection + relocation + endpoint-constrained verification/fallback + final refit,chord_length,"[0.25952743902439024, 0.40034298780487804, 0.5194359756097561, 0.648246951219512, 0.7785823170731708]"
248,4,4,2.5e-05,uniform_gradient_pruning,2.4284310661259097e-05,4,0,0,True,14037.364999996498,complete uniform-Kmax initialization + all deletion scoring + gradient relocation + exact refit validation,chord_length,"[0.26567818894935774, 0.3688359100441492, 0.6062026106701157, 0.7396496427821839]"
2122,4,2,2.5e-05,ours,2.1496738733287974e-05,4,2,0,True,21.7592,synchronized batch-1 network forward only; input preloaded on device; final refit and verified repair excluded,network_predicted,"[0.31020018458366394, 0.45463305711746216, 0.609127938747406, 0.8274222612380981]"
2122,4,2,2.5e-05,kang_sparse_2015_adaptation,7.504574713108193e-07,30,28,26,True,3987.2128999850247,complete sparse ADMM selection + relocation + endpoint-constrained verification/fallback + final refit,chord_length,"[0.17073170731707318, 0.1951219512195122, 0.21951219512195122, 0.24390243902439024, 0.2682926829268293, 0.3170731707317073, 0.34146341463414637, 0.36585365853658536, 0.3902439024390244, 0.41463414634146345, 0.43902439024390244, 0.4634146341463415, 0.4878048780487805, 0.5121951219512195, 0.5365853658536586, 0.5609756097560976, 0.5853658536585366, 0.6097560975609756, 0.6341463414634146, 0.6585365853658536, 0.6829268292682926, 0.7073170731707317, 0.7317073170731707, 0.7560975609756098, 0.7804878048780488, 0.8048780487804879, 0.8292682926829268, 0.8536585365853658, 0.8780487804878049, 0.9024390243902439]"
2122,4,2,2.5e-05,uniform_gradient_pruning,1.87491622249612e-05,2,0,-2,True,16636.452999999165,complete uniform-Kmax initialization + all deletion scoring + gradient relocation + exact refit validation,chord_length,"[0.3251959004403457, 0.5007824616243792]"
2794,4,2,2.5e-05,ours,2.428068894188431e-05,3,1,-1,True,19.89945,synchronized batch-1 network forward only; input preloaded on device; final refit and verified repair excluded,network_predicted,"[0.13760143518447876, 0.20616158843040466, 0.4002273678779602]"
2794,4,2,2.5e-05,kang_sparse_2015_adaptation,9.285331054509818e-06,3,1,-1,True,2833.4005999931833,complete sparse ADMM selection + relocation + endpoint-constrained verification/fallback + final refit,chord_length,"[0.29268292682926833, 0.48413681402439024, 0.6585365853658536]"
2794,4,2,2.5e-05,uniform_gradient_pruning,7.232187418812031e-06,2,0,-2,True,15031.975099991541,complete uniform-Kmax initialization + all deletion scoring + gradient relocation + exact refit validation,chord_length,"[0.30711412161700263, 0.690048464790949]"
2247,4,3,2.5e-05,ours,2.383120762025829e-05,8,5,4,True,17.5405,synchronized batch-1 network forward only; input preloaded on device; final refit and verified repair excluded,network_predicted,"[0.23257577419281006, 0.26520729064941406, 0.29678258299827576, 0.5483242273330688, 0.5797388553619385, 0.6116414070129395, 0.8530357480049133, 0.8931311368942261]"
2247,4,3,2.5e-05,kang_sparse_2015_adaptation,1.365020649774837e-05,4,1,0,True,3062.1987999766134,complete sparse ADMM selection + relocation + endpoint-constrained verification/fallback + final refit,chord_length,"[0.3172637195121951, 0.5118140243902439, 0.6095655487804879, 0.7780106707317074]"
2247,4,3,2.5e-05,uniform_gradient_pruning,1.797640333423133e-05,3,0,-1,True,15124.70349999785,complete uniform-Kmax initialization + all deletion scoring + gradient relocation + exact refit validation,chord_length,"[0.320402275454243, 0.634590655726468, 0.7497512208691137]"
203,4,4,2.5e-05,ours,1.701992318884186e-05,5,1,1,True,17.978749999999998,synchronized batch-1 network forward only; input preloaded on device; final refit and verified repair excluded,network_predicted,"[0.0810343325138092, 0.2625891864299774, 0.3253075182437897, 0.6808696985244751, 0.8218621015548706]"
203,4,4,2.5e-05,kang_sparse_2015_adaptation,1.4896371946774212e-05,3,-1,-1,True,3766.0229000030085,complete sparse ADMM selection + relocation + endpoint-constrained verification/fallback + final refit,chord_length,"[0.3504192073170732, 0.5750762195121951, 0.7747713414634146]"
203,4,4,2.5e-05,uniform_gradient_pruning,1.686864240794772e-05,3,-1,-1,True,15413.151000000653,complete uniform-Kmax initialization + all deletion scoring + gradient relocation + exact refit validation,chord_length,"[0.3455299190484751, 0.5936696813496095, 0.7345575370755973]"
3670,4,3,2.5e-05,ours,2.2711439160163696e-05,6,3,2,True,17.49125,synchronized batch-1 network forward only; input preloaded on device; final refit and verified repair excluded,network_predicted,"[0.22751377522945404, 0.3190005421638489, 0.5351857542991638, 0.6007251143455505, 0.8121892213821411, 0.8472875356674194]"
3670,4,3,2.5e-05,kang_sparse_2015_adaptation,9.596420498444795e-06,5,2,1,True,3036.3427999982378,complete sparse ADMM selection + relocation + endpoint-constrained verification/fallback + final refit,chord_length,"[0.19607469512195125, 0.29554115853658536, 0.390625, 0.5735518292682927, 0.7320884146341463]"
3670,4,3,2.5e-05,uniform_gradient_pruning,2.2315124022860198e-05,3,0,-1,True,14878.750600008061,complete uniform-Kmax initialization + all deletion scoring + gradient relocation + exact refit validation,chord_length,"[0.2845973695501723, 0.3095604493217815, 0.5527849345719922]"
1531,4,4,2.5e-05,ours,2.481919360224222e-05,5,1,1,True,18.224600000000002,synchronized batch-1 network forward only; input preloaded on device; final refit and verified repair excluded,network_predicted,"[0.29141974449157715, 0.41570690274238586, 0.44687479734420776, 0.6191582679748535, 0.7716863751411438]"
1531,4,4,2.5e-05,kang_sparse_2015_adaptation,1.3271227916250511e-05,4,0,0,True,2841.621799991117,complete sparse ADMM selection + relocation + endpoint-constrained verification/fallback + final refit,chord_length,"[0.2679115853658537, 0.45141006097560976, 0.5613567073170732, 0.7076981707317073]"
1531,4,4,2.5e-05,uniform_gradient_pruning,1.0477940539447133e-05,3,-1,-1,True,13417.60850000719,complete uniform-Kmax initialization + all deletion scoring + gradient relocation + exact refit validation,chord_length,"[0.5074774753019472, 0.5665148446187388, 0.6325269686307381]"
1608,4,3,2.5e-05,ours,2.085514048840802e-05,3,0,-1,True,18.212899999999998,synchronized batch-1 network forward only; input preloaded on device; final refit and verified repair excluded,network_predicted,"[0.22419792413711548, 0.41636887192726135, 0.8634715676307678]"
1608,4,3,2.5e-05,kang_sparse_2015_adaptation,9.076291615196491e-07,29,26,25,True,3491.4786999870557,complete sparse ADMM selection + relocation + endpoint-constrained verification/fallback + final refit,chord_length,"[0.0975609756097561, 0.12195121951219512, 0.14634146341463417, 0.17073170731707318, 0.1951219512195122, 0.21951219512195122, 0.24390243902439024, 0.2682926829268293, 0.29268292682926833, 0.3170731707317073, 0.34146341463414637, 0.36585365853658536, 0.3902439024390244, 0.41463414634146345, 0.43902439024390244, 0.4634146341463415, 0.5121951219512195, 0.5365853658536586, 0.5609756097560976, 0.5853658536585366, 0.6097560975609756, 0.6341463414634146, 0.6585365853658536, 0.6829268292682926, 0.7073170731707317, 0.7317073170731707, 0.7560975609756098, 0.7804878048780488, 0.8048780487804879]"
1608,4,3,2.5e-05,uniform_gradient_pruning,2.8368447602716264e-06,3,0,-1,True,14254.405200001202,complete uniform-Kmax initialization + all deletion scoring + gradient relocation + exact refit validation,chord_length,"[0.21782345058518426, 0.4391165613774869, 0.7105972146034403]"
2820,4,3,2.5e-05,ours,1.8925955155717665e-05,4,1,0,True,17.845750000000002,synchronized batch-1 network forward only; input preloaded on device; final refit and verified repair excluded,network_predicted,"[0.15217822790145874, 0.4725925326347351, 0.5043975114822388, 0.7432745695114136]"
2820,4,3,2.5e-05,kang_sparse_2015_adaptation,3.2528930116703643e-06,4,1,0,True,3046.211699998821,complete sparse ADMM selection + relocation + endpoint-constrained verification/fallback + final refit,chord_length,"[0.22923018292682923, 0.4233993902439025, 0.5855564024390243, 0.6573932926829268]"
2820,4,3,2.5e-05,uniform_gradient_pruning,1.1165039066356592e-05,3,0,-1,True,15489.555299995118,complete uniform-Kmax initialization + all deletion scoring + gradient relocation + exact refit validation,chord_length,"[0.22152620438333057, 0.4133502087253548, 0.49390496882758567]"
671,4,4,2.5e-05,ours,2.4647447519101576e-05,5,1,1,True,17.69605,synchronized batch-1 network forward only; input preloaded on device; final refit and verified repair excluded,network_predicted,"[0.23857608437538147, 0.2719428837299347, 0.30413007736206055, 0.4914174973964691, 0.7477043867111206]"
671,4,4,2.5e-05,kang_sparse_2015_adaptation,2.438474171413976e-06,5,1,1,True,2713.3403000043472,complete sparse ADMM selection + relocation + endpoint-constrained verification/fallback + final refit,chord_length,"[0.2193216463414634, 0.3706173780487805, 0.5506859756097561, 0.6756859756097561, 0.8054496951219512]"
671,4,4,2.5e-05,uniform_gradient_pruning,1.4605274068902835e-05,4,0,0,True,14843.191499996465,complete uniform-Kmax initialization + all deletion scoring + gradient relocation + exact refit validation,chord_length,"[0.40991954402353203, 0.5840398012162025, 0.6792287591069305, 0.7586727000007933]"
1660,4,3,2.5e-05,ours,2.4956889242954336e-05,4,1,0,True,17.33285,synchronized batch-1 network forward only; input preloaded on device; final refit and verified repair excluded,network_predicted,"[0.23270151019096375, 0.5046828389167786, 0.6271549463272095, 0.6601512432098389]"
1660,4,3,2.5e-05,kang_sparse_2015_adaptation,7.179224204056784e-07,40,37,36,True,3074.92449998972,complete sparse ADMM selection + relocation + endpoint-constrained verification/fallback + final refit,chord_length,"[0.024390243902439025, 0.04878048780487805, 0.07317073170731708, 0.0975609756097561, 0.12195121951219512, 0.14634146341463417, 0.17073170731707318, 0.1951219512195122, 0.21951219512195122, 0.24390243902439024, 0.2682926829268293, 0.29268292682926833, 0.3170731707317073, 0.34146341463414637, 0.36585365853658536, 0.3902439024390244, 0.41463414634146345, 0.43902439024390244, 0.4634146341463415, 0.4878048780487805, 0.5121951219512195, 0.5365853658536586, 0.5609756097560976, 0.5853658536585366, 0.6097560975609756, 0.6341463414634146, 0.6585365853658536, 0.6829268292682926, 0.7073170731707317, 0.7317073170731707, 0.7560975609756098, 0.7804878048780488, 0.8048780487804879, 0.8292682926829268, 0.8536585365853658, 0.8780487804878049, 0.9024390243902439, 0.9268292682926829, 0.9512195121951219, 0.975609756097561]"
1660,4,3,2.5e-05,uniform_gradient_pruning,7.155725791000337e-06,4,1,0,True,12995.092999990447,complete uniform-Kmax initialization + all deletion scoring + gradient relocation + exact refit validation,chord_length,"[0.2309098413416893, 0.27387118570750246, 0.509157763616589, 0.704779675978183]"
3869,4,3,2.5e-05,ours,2.463891679249773e-05,8,5,4,True,22.14395,synchronized batch-1 network forward only; input preloaded on device; final refit and verified repair excluded,network_predicted,"[0.11462034285068512, 0.23047588765621185, 0.3568781912326813, 0.38755178451538086, 0.5086612701416016, 0.5397747755050659, 0.571199893951416, 0.7773906588554382]"
3869,4,3,2.5e-05,kang_sparse_2015_adaptation,8.20796351016554e-06,3,0,-1,True,3506.212599997525,complete sparse ADMM selection + relocation + endpoint-constrained verification/fallback + final refit,chord_length,"[0.2520960365853659, 0.46455792682926833, 0.7402820121951219]"
3869,4,3,2.5e-05,uniform_gradient_pruning,8.336758709163347e-06,3,0,-1,True,15148.804000011296,complete uniform-Kmax initialization + all deletion scoring + gradient relocation + exact refit validation,chord_length,"[0.31177531456248403, 0.4178171250855234, 0.7447135040178667]"
3939,4,3,2.5e-05,ours,2.2970594331610163e-05,4,1,0,True,20.870800000000003,synchronized batch-1 network forward only; input preloaded on device; final refit and verified repair excluded,network_predicted,"[0.19502611458301544, 0.43558910489082336, 0.6336159706115723, 0.6936545968055725]"
3939,4,3,2.5e-05,kang_sparse_2015_adaptation,1.4447891158159072e-05,3,0,-1,True,3318.078999989666,complete sparse ADMM selection + relocation + endpoint-constrained verification/fallback + final refit,chord_length,"[0.27524771341463417, 0.41501524390243905, 0.6099466463414633]"
3939,4,3,2.5e-05,uniform_gradient_pruning,1.2419979215885324e-05,2,-1,-2,True,14667.546700002276,complete uniform-Kmax initialization + all deletion scoring + gradient relocation + exact refit validation,chord_length,"[0.5021914085596553, 0.5596957951323505]"
42,4,3,2.5e-05,ours,1.952754274613751e-05,4,1,0,True,18.1777,synchronized batch-1 network forward only; input preloaded on device; final refit and verified repair excluded,network_predicted,"[0.2646598517894745, 0.29562661051750183, 0.7088423371315002, 0.7465749382972717]"
42,4,3,2.5e-05,kang_sparse_2015_adaptation,1.401581542130333e-05,4,1,0,True,3914.879000003566,complete sparse ADMM selection + relocation + endpoint-constrained verification/fallback + final refit,chord_length,"[0.1953125, 0.3172637195121951, 0.5118140243902439, 0.6589176829268292]"
42,4,3,2.5e-05,uniform_gradient_pruning,7.683606793663726e-06,4,1,0,True,14863.538399993558,complete uniform-Kmax initialization + all deletion scoring + gradient relocation + exact refit validation,chord_length,"[0.17283015264990634, 0.22467561676948372, 0.587116904943334, 0.6042822680772099]"
3550,4,3,2.5e-05,ours,2.4970154886533113e-05,11,8,7,True,20.5108,synchronized batch-1 network forward only; input preloaded on device; final refit and verified repair excluded,network_predicted,"[0.19025233387947083, 0.3203947842121124, 0.3511035144329071, 0.3816660940647125, 0.4124418795108795, 0.5064870715141296, 0.5706714987754822, 0.6037747859954834, 0.6727588176727295, 0.7096644043922424, 0.8182994723320007]"
3550,4,3,2.5e-05,kang_sparse_2015_adaptation,2.2524466197449765e-06,6,3,2,True,3564.4130000000587,complete sparse ADMM selection + relocation + endpoint-constrained verification/fallback + final refit,chord_length,"[0.18273628048780488, 0.3273628048780488, 0.45102896341463417, 0.5125762195121951, 0.6099466463414633, 0.7557164634146342]"
3550,4,3,2.5e-05,uniform_gradient_pruning,2.139930297051635e-05,4,1,0,True,13238.593499991111,complete uniform-Kmax initialization + all deletion scoring + gradient relocation + exact refit validation,chord_length,"[0.3672369140508668, 0.4678453691725529, 0.5331665150548577, 0.5988662850743895]"
1883,4,3,2.5e-05,ours,2.4582769810010177e-05,9,6,5,True,17.651600000000002,synchronized batch-1 network forward only; input preloaded on device; final refit and verified repair excluded,network_predicted,"[0.26775574684143066, 0.2998237609863281, 0.5207602381706238, 0.5837594866752625, 0.615019679069519, 0.6464560627937317, 0.6796239018440247, 0.8500617742538452, 0.9359527230262756]"
1883,4,3,2.5e-05,kang_sparse_2015_adaptation,8.73875689403275e-06,6,3,2,True,3276.3790999888442,complete sparse ADMM selection + relocation + endpoint-constrained verification/fallback + final refit,chord_length,"[0.24371189024390244, 0.36547256097560976, 0.5118140243902439, 0.6829268292682926, 0.747094131097561, 0.8294588414634145]"
1883,4,3,2.5e-05,uniform_gradient_pruning,1.0087703702399947e-05,5,2,1,True,15490.703699993901,complete uniform-Kmax initialization + all deletion scoring + gradient relocation + exact refit validation,chord_length,"[0.4128417829500372, 0.4677995168990908, 0.6842831999102308, 0.7217557857034785, 0.8481027648536771]"
1209,5,3,2.5e-05,ours,2.4999297490326937e-05,7,4,2,True,18.072499999999998,synchronized batch-1 network forward only; input preloaded on device; final refit and verified repair excluded,network_predicted,"[0.16161666810512543, 0.33271700143814087, 0.48841947317123413, 0.5509885549545288, 0.6145616769790649, 0.6471006870269775, 0.8191369771957397]"
1209,5,3,2.5e-05,kang_sparse_2015_adaptation,7.475813624278633e-06,4,1,-1,True,3162.46829998272,complete sparse ADMM selection + relocation + endpoint-constrained verification/fallback + final refit,chord_length,"[0.2679115853658537, 0.453125, 0.5933689024390244, 0.7320884146341463]"
1209,5,3,2.5e-05,uniform_gradient_pruning,1.3105158485990417e-05,3,0,-2,True,13641.954399994574,complete uniform-Kmax initialization + all deletion scoring + gradient relocation + exact refit validation,chord_length,"[0.5112967853092143, 0.5965346073196167, 0.7129786063274324]"
3277,5,4,2.5e-05,ours,2.4943220264860765e-05,6,2,1,True,18.1829,synchronized batch-1 network forward only; input preloaded on device; final refit and verified repair excluded,network_predicted,"[0.15618447959423065, 0.26590609550476074, 0.29756131768226624, 0.45137056708335876, 0.6345901489257812, 0.8876294493675232]"
3277,5,4,2.5e-05,kang_sparse_2015_adaptation,5.593389340659822e-06,5,1,0,True,2592.758300001151,complete sparse ADMM selection + relocation + endpoint-constrained verification/fallback + final refit,chord_length,"[0.24371189024390244, 0.37328506097560976, 0.49047256097560976, 0.6282393292682926, 0.7884908536585366]"
3277,5,4,2.5e-05,uniform_gradient_pruning,3.692817829228221e-06,5,1,0,True,14978.925299990806,complete uniform-Kmax initialization + all deletion scoring + gradient relocation + exact refit validation,chord_length,"[0.27275446229814304, 0.3757858701667225, 0.4890323913229512, 0.6261255413783134, 0.7854314231297926]"
687,5,5,2.5e-05,ours,1.9786438487240712e-05,5,0,0,True,17.58025,synchronized batch-1 network forward only; input preloaded on device; final refit and verified repair excluded,network_predicted,"[0.2256436049938202, 0.3809685707092285, 0.4678807556629181, 0.5814428925514221, 0.7822617888450623]"
687,5,5,2.5e-05,kang_sparse_2015_adaptation,7.388766814513019e-06,6,1,1,True,3000.5660000024363,complete sparse ADMM selection + relocation + endpoint-constrained verification/fallback + final refit,chord_length,"[0.2679115853658537, 0.3929115853658537, 0.4881859756097561, 0.5613567073170732, 0.689405487804878, 0.8273628048780487]"
687,5,5,2.5e-05,uniform_gradient_pruning,2.0707043655038623e-05,5,0,0,True,13080.031000004965,complete uniform-Kmax initialization + all deletion scoring + gradient relocation + exact refit validation,chord_length,"[0.29186173117119885, 0.42475716620364634, 0.47403240256862383, 0.5111084514389759, 0.6579707827331821]"
429,5,5,2.5e-05,ours,1.6186650283881658e-05,5,0,0,True,17.7066,synchronized batch-1 network forward only; input preloaded on device; final refit and verified repair excluded,network_predicted,"[0.20402836799621582, 0.30675897002220154, 0.37044399976730347, 0.618252694606781, 0.7885406017303467]"
429,5,5,2.5e-05,kang_sparse_2015_adaptation,1.194072470920075e-05,5,0,0,True,2502.9525000136346,complete sparse ADMM selection + relocation + endpoint-constrained verification/fallback + final refit,chord_length,"[0.2679115853658537, 0.36928353658536583, 0.463795731707317, 0.6099466463414633, 0.8534679878048781]"
429,5,5,2.5e-05,uniform_gradient_pruning,5.834855874756559e-06,5,0,0,True,13046.390300005442,complete uniform-Kmax initialization + all deletion scoring + gradient relocation + exact refit validation,chord_length,"[0.3046887405130951, 0.38840165669221377, 0.4547959039119816, 0.5741519793028832, 0.8559471964619558]"
1572,5,3,2.5e-05,ours,1.7410111474452147e-05,4,1,-1,True,17.68855,synchronized batch-1 network forward only; input preloaded on device; final refit and verified repair excluded,network_predicted,"[0.3603428602218628, 0.6340587735176086, 0.8015061616897583, 0.8289922475814819]"
1572,5,3,2.5e-05,kang_sparse_2015_adaptation,1.9289828108126313e-05,3,0,-2,True,3793.110999991768,complete sparse ADMM selection + relocation + endpoint-constrained verification/fallback + final refit,chord_length,"[0.23647103658536583, 0.4216844512195122, 0.6160442073170731]"
1572,5,3,2.5e-05,uniform_gradient_pruning,1.8012294694046238e-05,3,0,-2,True,15156.927799995174,complete uniform-Kmax initialization + all deletion scoring + gradient relocation + exact refit validation,chord_length,"[0.23481206200924945, 0.45102779814768956, 0.5832992650161859]"
1891,5,4,2.5e-05,ours,1.9881679531074634e-05,4,0,-1,True,19.6116,synchronized batch-1 network forward only; input preloaded on device; final refit and verified repair excluded,network_predicted,"[0.22707974910736084, 0.36447763442993164, 0.42268499732017517, 0.7668243646621704]"
1891,5,4,2.5e-05,kang_sparse_2015_adaptation,8.638677562422428e-07,35,31,30,True,4234.662800008664,complete sparse ADMM selection + relocation + endpoint-constrained verification/fallback + final refit,chord_length,"[0.0975609756097561, 0.12195121951219512, 0.14634146341463417, 0.17073170731707318, 0.1951219512195122, 0.21951219512195122, 0.24390243902439024, 0.2682926829268293, 0.29268292682926833, 0.3170731707317073, 0.34146341463414637, 0.36585365853658536, 0.3902439024390244, 0.41463414634146345, 0.43902439024390244, 0.4634146341463415, 0.4878048780487805, 0.5121951219512195, 0.5365853658536586, 0.5609756097560976, 0.5853658536585366, 0.6097560975609756, 0.6341463414634146, 0.6585365853658536, 0.6829268292682926, 0.7073170731707317, 0.7317073170731707, 0.7560975609756098, 0.7804878048780488, 0.8048780487804879, 0.8292682926829268, 0.8536585365853658, 0.8780487804878049, 0.9024390243902439, 0.9268292682926829]"
1891,5,4,2.5e-05,uniform_gradient_pruning,8.501242651797493e-06,3,-1,-2,True,15140.811399993254,complete uniform-Kmax initialization + all deletion scoring + gradient relocation + exact refit validation,chord_length,"[0.31541507660528934, 0.46786307740029454, 0.9037207187112257]"
1458,5,4,2.5e-05,ours,2.4986793111036065e-05,9,5,4,True,18.91515,synchronized batch-1 network forward only; input preloaded on device; final refit and verified repair excluded,network_predicted,"[0.08141449838876724, 0.2972624599933624, 0.3281570076942444, 0.3589937090873718, 0.420940637588501, 0.45146918296813965, 0.6061777472496033, 0.7070748209953308, 0.8476433157920837]"
1458,5,4,2.5e-05,kang_sparse_2015_adaptation,1.869502063962967e-05,4,0,-1,True,2990.676799992798,complete sparse ADMM selection + relocation + endpoint-constrained verification/fallback + final refit,chord_length,"[0.3168826219512195, 0.42721036585365857, 0.5125762195121951, 0.6617759146341462]"
1458,5,4,2.5e-05,uniform_gradient_pruning,9.229566024416706e-06,4,0,-1,True,13704.584200007957,complete uniform-Kmax initialization + all deletion scoring + gradient relocation + exact refit validation,chord_length,"[0.38541681377326475, 0.4244400467294547, 0.4739967237163032, 0.6608086108500589]"
3149,5,4,2.5e-05,ours,2.3676833353836755e-05,11,7,6,True,17.87885,synchronized batch-1 network forward only; input preloaded on device; final refit and verified repair excluded,network_predicted,"[0.21239855885505676, 0.43635261058807373, 0.46631118655204773, 0.4963712692260742, 0.6247425675392151, 0.6570298075675964, 0.6902945637702942, 0.7598212957382202, 0.8233882784843445, 0.8964278697967529, 0.9399523735046387]"
3149,5,4,2.5e-05,kang_sparse_2015_adaptation,1.6693258416049993e-05,3,-1,-2,True,3546.0510999982944,complete sparse ADMM selection + relocation + endpoint-constrained verification/fallback + final refit,chord_length,"[0.34165396341463417, 0.5118140243902439, 0.682545731707317]"
3149,5,4,2.5e-05,uniform_gradient_pruning,1.6471692614843227e-05,3,-1,-2,True,14057.468400002108,complete uniform-Kmax initialization + all deletion scoring + gradient relocation + exact refit validation,chord_length,"[0.35943221047917834, 0.540211309519199, 0.6878644126975904]"
2644,5,4,2.5e-05,ours,2.1309716732436034e-05,4,0,-1,True,16.743699999999997,synchronized batch-1 network forward only; input preloaded on device; final refit and verified repair excluded,network_predicted,"[0.2665136158466339, 0.29864877462387085, 0.6493101716041565, 0.6826684474945068]"
2644,5,4,2.5e-05,kang_sparse_2015_adaptation,1.724054265918511e-05,3,-1,-2,True,3153.8686999992933,complete sparse ADMM selection + relocation + endpoint-constrained verification/fallback + final refit,chord_length,"[0.26695884146341464, 0.36623475609756095, 0.6139481707317073]"
2644,5,4,2.5e-05,uniform_gradient_pruning,1.4279491803083489e-05,3,-1,-2,True,13186.352999997325,complete uniform-Kmax initialization + all deletion scoring + gradient relocation + exact refit validation,chord_length,"[0.2884802018920487, 0.33467111919361536, 0.6049113897273779]"
3509,5,3,2.5e-05,ours,2.107699925237381e-05,3,0,-2,True,17.7949,synchronized batch-1 network forward only; input preloaded on device; final refit and verified repair excluded,network_predicted,"[0.32654741406440735, 0.610974907875061, 0.7022287845611572]"
3509,5,3,2.5e-05,kang_sparse_2015_adaptation,1.9847563887731618e-05,3,0,-2,True,3599.797800008673,complete sparse ADMM selection + relocation + endpoint-constrained verification/fallback + final refit,chord_length,"[0.2682926829268293, 0.3170731707317073, 0.584127286585366]"
3509,5,3,2.5e-05,uniform_gradient_pruning,1.1418315884865457e-05,3,0,-2,True,13591.630499999155,complete uniform-Kmax initialization + all deletion scoring + gradient relocation + exact refit validation,chord_length,"[0.1475373287195038, 0.30292752673993584, 0.5693294327089812]"
1581,5,3,2.5e-05,ours,2.473168017162518e-05,10,7,5,True,17.087049999999998,synchronized batch-1 network forward only; input preloaded on device; final refit and verified repair excluded,network_predicted,"[0.05635824799537659, 0.17284518480300903, 0.336630254983902, 0.3668915629386902, 0.4276598393917084, 0.4871637225151062, 0.5169037580490112, 0.7766875624656677, 0.8098230361938477, 0.8446781635284424]"
1581,5,3,2.5e-05,kang_sparse_2015_adaptation,1.73916245210655e-05,5,2,0,True,2843.046299996786,complete sparse ADMM selection + relocation + endpoint-constrained verification/fallback + final refit,chord_length,"[0.2543826219512195, 0.36623475609756095, 0.463795731707317, 0.5851753048780488, 0.8044969512195123]"
1581,5,3,2.5e-05,uniform_gradient_pruning,1.9211198624433994e-05,4,1,-1,True,13127.674599993043,complete uniform-Kmax initialization + all deletion scoring + gradient relocation + exact refit validation,chord_length,"[0.2584581936214552, 0.36700441647657955, 0.5058487311502097, 0.8308463667918417]"
3349,5,5,2.5e-05,ours,2.306396784299297e-05,8,3,3,True,22.381700000000002,synchronized batch-1 network forward only; input preloaded on device; final refit and verified repair excluded,network_predicted,"[0.04767930135130882, 0.19606120884418488, 0.32690638303756714, 0.4513942003250122, 0.48222851753234863, 0.6419788002967834, 0.6764126420021057, 0.8538700342178345]"
3349,5,5,2.5e-05,kang_sparse_2015_adaptation,1.3987298678864849e-05,4,-1,-1,True,3732.577400020091,complete sparse ADMM selection + relocation + endpoint-constrained verification/fallback + final refit,chord_length,"[0.2839176829268293, 0.43921493902439024, 0.5689786585365854, 0.6962652439024389]"
3349,5,5,2.5e-05,uniform_gradient_pruning,1.1465866422906498e-05,4,-1,-1,True,15198.151200005668,complete uniform-Kmax initialization + all deletion scoring + gradient relocation + exact refit validation,chord_length,"[0.31520494472926114, 0.40802198036745463, 0.5741619213594904, 0.691567039844192]"
1711,5,4,2.5e-05,ours,2.4800464826636352e-05,8,4,3,True,18.06275,synchronized batch-1 network forward only; input preloaded on device; final refit and verified repair excluded,network_predicted,"[0.4279266595840454, 0.49023494124412537, 0.521346926689148, 0.5527178049087524, 0.617595374584198, 0.7227553725242615, 0.7593287825584412, 0.7930189371109009]"
1711,5,4,2.5e-05,kang_sparse_2015_adaptation,1.581533358806073e-05,3,-1,-2,True,3536.6596000094432,complete sparse ADMM selection + relocation + endpoint-constrained verification/fallback + final refit,chord_length,"[0.3182164634146341, 0.7319931402439024, 0.8048780487804879]"
1711,5,4,2.5e-05,uniform_gradient_pruning,1.61033840193641e-05,3,-1,-2,True,14670.670799998334,complete uniform-Kmax initialization + all deletion scoring + gradient relocation + exact refit validation,chord_length,"[0.34216474296869487, 0.7124881120371851, 0.9145321585327836]"
1807,5,3,2.5e-05,ours,2.4671286877339366e-05,9,6,4,True,18.387900000000002,synchronized batch-1 network forward only; input preloaded on device; final refit and verified repair excluded,network_predicted,"[0.12082947790622711, 0.16235053539276123, 0.23952440917491913, 0.4925539195537567, 0.5217651128768921, 0.5508439540863037, 0.6722406148910522, 0.7062863707542419, 0.8470659852027893]"
1807,5,3,2.5e-05,kang_sparse_2015_adaptation,1.5003470974959821e-05,5,2,0,True,2939.564500004053,complete sparse ADMM selection + relocation + endpoint-constrained verification/fallback + final refit,chord_length,"[0.19950457317073172, 0.2930640243902439, 0.5660251524390245, 0.682545731707317, 0.7808689024390244]"
1807,5,3,2.5e-05,uniform_gradient_pruning,8.357081447518477e-06,5,2,0,True,14768.262800003868,complete uniform-Kmax initialization + all deletion scoring + gradient relocation + exact refit validation,chord_length,"[0.20306956474496482, 0.25776843553908646, 0.5509034331501305, 0.7148230474398782, 0.7432813031974619]"
3409,5,4,2.5e-05,ours,2.415084497900543e-05,9,5,4,True,17.0121,synchronized batch-1 network forward only; input preloaded on device; final refit and verified repair excluded,network_predicted,"[0.04892589896917343, 0.15567907691001892, 0.29021239280700684, 0.44451358914375305, 0.505111038684845, 0.6631225347518921, 0.6991196870803833, 0.8426048755645752, 0.9334341883659363]"
3409,5,4,2.5e-05,kang_sparse_2015_adaptation,6.2475397654343585e-06,6,2,1,True,3341.723700010334,complete sparse ADMM selection + relocation + endpoint-constrained verification/fallback + final refit,chord_length,"[0.2679115853658537, 0.36547256097560976, 0.46284298780487804, 0.5369664634146342, 0.6099466463414633, 0.7313262195121951]"
3409,5,4,2.5e-05,uniform_gradient_pruning,3.6249413544823875e-06,4,0,-1,True,14005.657900008373,complete uniform-Kmax initialization + all deletion scoring + gradient relocation + exact refit validation,chord_length,"[0.4174475999139468, 0.4473292203251674, 0.5216126002912865, 0.6294584841785363]"
30,5,4,2.5e-05,ours,1.682554527759589e-05,5,1,0,True,16.876849999999997,synchronized batch-1 network forward only; input preloaded on device; final refit and verified repair excluded,network_predicted,"[0.2190781533718109, 0.3290329575538635, 0.47961077094078064, 0.7582564353942871, 0.8355644345283508]"
30,5,4,2.5e-05,kang_sparse_2015_adaptation,1.1576825251054834e-05,5,1,0,True,3026.950500003295,complete sparse ADMM selection + relocation + endpoint-constrained verification/fallback + final refit,chord_length,"[0.1953125, 0.390625, 0.5856516768292683, 0.7557164634146342, 0.829077743902439]"
30,5,4,2.5e-05,uniform_gradient_pruning,1.3184569897221644e-05,4,0,-1,True,12959.688300004927,complete uniform-Kmax initialization + all deletion scoring + gradient relocation + exact refit validation,chord_length,"[0.4722223096552825, 0.5194207932905927, 0.7806279545494358, 0.851917388100835]"
2120,5,5,2.5e-05,ours,2.0030485709169526e-05,6,1,1,True,16.9896,synchronized batch-1 network forward only; input preloaded on device; final refit and verified repair excluded,network_predicted,"[0.15695537626743317, 0.25669482350349426, 0.36472296714782715, 0.5467145442962646, 0.6857962608337402, 0.8039668202400208]"
2120,5,5,2.5e-05,kang_sparse_2015_adaptation,9.357801725463534e-06,5,0,0,True,2313.4447999909753,complete sparse ADMM selection + relocation + endpoint-constrained verification/fallback + final refit,chord_length,"[0.3166920731707318, 0.4874237804878049, 0.5849847560975611, 0.6474847560975608, 0.7564786585365854]"
2120,5,5,2.5e-05,uniform_gradient_pruning,2.4603414046426876e-05,4,-1,-1,True,12937.36500000523,complete uniform-Kmax initialization + all deletion scoring + gradient relocation + exact refit validation,chord_length,"[0.2706850555749091, 0.5762381352457125, 0.6813070833541583, 0.7093339800855601]"
273,5,4,2.5e-05,ours,2.175620746022162e-05,3,-1,-2,True,17.73695,synchronized batch-1 network forward only; input preloaded on device; final refit and verified repair excluded,network_predicted,"[0.21347904205322266, 0.34278348088264465, 0.463886022567749]"
273,5,4,2.5e-05,kang_sparse_2015_adaptation,3.165245765977886e-06,4,0,-1,True,3258.46569998248,complete sparse ADMM selection + relocation + endpoint-constrained verification/fallback + final refit,chord_length,"[0.26800685975609756, 0.3902439024390244, 0.5362519054878049, 0.5859375]"
273,5,4,2.5e-05,uniform_gradient_pruning,1.8241538446220896e-05,2,-2,-3,True,14183.276800002204,complete uniform-Kmax initialization + all deletion scoring + gradient relocation + exact refit validation,chord_length,"[0.44026921018972615, 0.5263176762585817]"
914,5,4,2.5e-05,ours,1.9256726225963517e-05,5,1,0,True,16.99595,synchronized batch-1 network forward only; input preloaded on device; final refit and verified repair excluded,network_predicted,"[0.11149951815605164, 0.291128545999527, 0.479270339012146, 0.541915774345398, 0.8527136445045471]"
914,5,4,2.5e-05,kang_sparse_2015_adaptation,1.681519143953837e-05,4,0,-1,True,2940.1067000144394,complete sparse ADMM selection + relocation + endpoint-constrained verification/fallback + final refit,chord_length,"[0.21131859756097565, 0.36852134146341464, 0.4881859756097561, 0.6589176829268292]"
914,5,4,2.5e-05,uniform_gradient_pruning,1.3167548789722087e-05,4,0,-1,True,12780.27970000403,complete uniform-Kmax initialization + all deletion scoring + gradient relocation + exact refit validation,chord_length,"[0.213893860297755, 0.42682654056378955, 0.4385427142550314, 0.6180763225767272]"
3152,5,4,2.5e-05,ours,2.2737154086042936e-05,5,1,0,True,17.80875,synchronized batch-1 network forward only; input preloaded on device; final refit and verified repair excluded,network_predicted,"[0.22355081140995026, 0.40973225235939026, 0.5065984725952148, 0.7702659368515015, 0.7965796589851379]"
3152,5,4,2.5e-05,kang_sparse_2015_adaptation,1.5422314917341494e-05,5,1,0,True,2150.156000003335,complete sparse ADMM selection + relocation + endpoint-constrained verification/fallback + final refit,chord_length,"[0.2648628048780488, 0.34279725609756095, 0.4881859756097561, 0.658155487804878, 0.8534679878048781]"
3152,5,4,2.5e-05,uniform_gradient_pruning,2.2702052249922715e-05,4,0,-1,True,12832.118899998022,complete uniform-Kmax initialization + all deletion scoring + gradient relocation + exact refit validation,chord_length,"[0.2902503180863072, 0.3927836294723907, 0.43483161823961236, 0.6271537265685021]"
841,6,5,2.5e-05,ours,2.4231635470294945e-05,6,1,0,True,16.9955,synchronized batch-1 network forward only; input preloaded on device; final refit and verified repair excluded,network_predicted,"[0.2136753797531128, 0.30415865778923035, 0.48413488268852234, 0.6352230310440063, 0.7989997267723083, 0.8650476932525635]"
841,6,5,2.5e-05,kang_sparse_2015_adaptation,1.074048156706711e-05,5,0,-1,True,2502.7800999960164,complete sparse ADMM selection + relocation + endpoint-constrained verification/fallback + final refit,chord_length,"[0.28487042682926833, 0.4312118902439025, 0.5125762195121951, 0.6370045731707317, 0.7572408536585366]"
841,6,5,2.5e-05,uniform_gradient_pruning,2.0347779431757495e-05,4,-1,-2,True,12918.404800002463,complete uniform-Kmax initialization + all deletion scoring + gradient relocation + exact refit validation,chord_length,"[0.29436193225497853, 0.42165796239095155, 0.44437442826878343, 0.7682127424130041]"
683,6,2,2.5e-05,ours,2.4659913568435547e-05,7,5,1,True,17.50715,synchronized batch-1 network forward only; input preloaded on device; final refit and verified repair excluded,network_predicted,"[0.218845397233963, 0.25340282917022705, 0.31340616941452026, 0.48382166028022766, 0.5691424012184143, 0.8439627289772034, 0.8864415287971497]"
683,6,2,2.5e-05,kang_sparse_2015_adaptation,1.008678002480099e-05,4,2,-2,True,3375.320399994962,complete sparse ADMM selection + relocation + endpoint-constrained verification/fallback + final refit,chord_length,"[0.2608612804878049, 0.390625, 0.5125762195121951, 0.7557164634146342]"
683,6,2,2.5e-05,uniform_gradient_pruning,2.431180805424699e-05,3,1,-3,True,13212.01519999886,complete uniform-Kmax initialization + all deletion scoring + gradient relocation + exact refit validation,chord_length,"[0.31058844998426366, 0.3424552099990626, 0.7464021916206172]"
1831,6,5,2.5e-05,ours,2.496771675471958e-05,10,5,4,True,17.0321,synchronized batch-1 network forward only; input preloaded on device; final refit and verified repair excluded,network_predicted,"[0.11545957624912262, 0.15551729500293732, 0.22998900711536407, 0.2635865807533264, 0.4778878092765808, 0.5071982741355896, 0.5366246104240417, 0.6303010582923889, 0.664249062538147, 0.8107618689537048]"
1831,6,5,2.5e-05,kang_sparse_2015_adaptation,2.288170242381624e-05,6,1,0,True,2862.1779000095557,complete sparse ADMM selection + relocation + endpoint-constrained verification/fallback + final refit,chord_length,"[0.24371189024390244, 0.3128810975609756, 0.3911966463414634, 0.5240091463414634, 0.658155487804878, 0.7432831554878048]"
1831,6,5,2.5e-05,uniform_gradient_pruning,2.2907431130331738e-05,5,0,-1,True,12634.022500002175,complete uniform-Kmax initialization + all deletion scoring + gradient relocation + exact refit validation,chord_length,"[0.2500939847704099, 0.3422596952723336, 0.3716810472382401, 0.7313039545679737, 0.7669438221087065]"
178,6,5,2.5e-05,ours,2.3400810802298456e-05,6,1,0,True,16.99125,synchronized batch-1 network forward only; input preloaded on device; final refit and verified repair excluded,network_predicted,"[0.35609403252601624, 0.5052017569541931, 0.6679975986480713, 0.7047135233879089, 0.7790354490280151, 0.8485921025276184]"
178,6,5,2.5e-05,kang_sparse_2015_adaptation,4.39881997148352e-06,6,1,0,True,3007.335600006627,complete sparse ADMM selection + relocation + endpoint-constrained verification/fallback + final refit,chord_length,"[0.24371189024390244, 0.4021532012195122, 0.41463414634146345, 0.5855564024390243, 0.7313262195121951, 0.8534679878048781]"
178,6,5,2.5e-05,uniform_gradient_pruning,1.626182988547389e-05,5,0,-1,True,12651.462599998922,complete uniform-Kmax initialization + all deletion scoring + gradient relocation + exact refit validation,chord_length,"[0.27320468624309757, 0.3740925118782853, 0.439397868537659, 0.5595983581361672, 0.6657730080602737]"
2933,6,5,2.5e-05,ours,2.2912029560311037e-05,6,1,0,True,17.1338,synchronized batch-1 network forward only; input preloaded on device; final refit and verified repair excluded,network_predicted,"[0.26587381958961487, 0.2976636588573456, 0.39230722188949585, 0.4230782091617584, 0.7133350372314453, 0.8181580901145935]"
2933,6,5,2.5e-05,kang_sparse_2015_adaptation,1.8761116476838227e-05,3,-2,-3,True,3060.443500013207,complete sparse ADMM selection + relocation + endpoint-constrained verification/fallback + final refit,chord_length,"[0.2682926829268293, 0.31669207317073167, 0.7860137195121952]"
2933,6,5,2.5e-05,uniform_gradient_pruning,1.661804650204887e-05,3,-2,-3,True,13711.672400007956,complete uniform-Kmax initialization + all deletion scoring + gradient relocation + exact refit validation,chord_length,"[0.27066343667997184, 0.3162101827546404, 0.7521372395963419]"
978,6,4,2.5e-05,ours,2.2719194534016656e-05,7,3,1,True,17.9648,synchronized batch-1 network forward only; input preloaded on device; final refit and verified repair excluded,network_predicted,"[0.15501205623149872, 0.19790248572826385, 0.38626399636268616, 0.4515981674194336, 0.5601630210876465, 0.7437141537666321, 0.7795392274856567]"
978,6,4,2.5e-05,kang_sparse_2015_adaptation,9.468839133500404e-06,5,1,-1,True,2491.3207000063267,complete sparse ADMM selection + relocation + endpoint-constrained verification/fallback + final refit,chord_length,"[0.27172256097560976, 0.42873475609756095, 0.6095655487804879, 0.7244664634146342, 0.7808689024390244]"
978,6,4,2.5e-05,uniform_gradient_pruning,2.2963651993119084e-05,4,0,-2,True,13116.207800005213,complete uniform-Kmax initialization + all deletion scoring + gradient relocation + exact refit validation,chord_length,"[0.29067823520801084, 0.4241845993790627, 0.643933596850907, 0.7112815979267475]"
744,6,4,2.5e-05,ours,2.292573675425059e-05,6,2,0,True,17.0265,synchronized batch-1 network forward only; input preloaded on device; final refit and verified repair excluded,network_predicted,"[0.0793771743774414, 0.15922613441944122, 0.33132481575012207, 0.5115300416946411, 0.6370943784713745, 0.671386182308197]"
744,6,4,2.5e-05,kang_sparse_2015_adaptation,1.996886907991995e-05,4,0,-2,True,2331.9292000087444,complete sparse ADMM selection + relocation + endpoint-constrained verification/fallback + final refit,chord_length,"[0.3166920731707318, 0.4523628048780488, 0.5705030487804877, 0.7076981707317073]"
744,6,4,2.5e-05,uniform_gradient_pruning,1.571144035071145e-05,4,0,-2,True,13108.03410000517,complete uniform-Kmax initialization + all deletion scoring + gradient relocation + exact refit validation,chord_length,"[0.30110755066107925, 0.5081991959568768, 0.5413310614134218, 0.6814709447310007]"
4056,6,4,2.5e-05,ours,2.2010514998808048e-05,6,2,0,True,17.052300000000002,synchronized batch-1 network forward only; input preloaded on device; final refit and verified repair excluded,network_predicted,"[0.1586531698703766, 0.19825200736522675, 0.5168684720993042, 0.6474174857139587, 0.7549715042114258, 0.8962957262992859]"
4056,6,4,2.5e-05,kang_sparse_2015_adaptation,1.5180697214301125e-05,4,0,-2,True,2573.0211999907624,complete sparse ADMM selection + relocation + endpoint-constrained verification/fallback + final refit,chord_length,"[0.29230182926829273, 0.43883384146341464, 0.5766006097560975, 0.7336128048780487]"
4056,6,4,2.5e-05,uniform_gradient_pruning,1.0812931338765112e-05,4,0,-2,True,13305.507400000351,complete uniform-Kmax initialization + all deletion scoring + gradient relocation + exact refit validation,chord_length,"[0.3033760904529817, 0.4966611996587535, 0.5295817851106706, 0.737661211416905]"
2521,6,4,2.5e-05,ours,2.4514154244340908e-05,9,5,3,True,17.02315,synchronized batch-1 network forward only; input preloaded on device; final refit and verified repair excluded,network_predicted,"[0.15525510907173157, 0.1960221379995346, 0.26625630259513855, 0.29833340644836426, 0.3309423625469208, 0.48664841055870056, 0.5169327855110168, 0.8495368957519531, 0.8901331424713135]"
2521,6,4,2.5e-05,kang_sparse_2015_adaptation,7.073790299275204e-06,5,1,-1,True,3420.9858999965945,complete sparse ADMM selection + relocation + endpoint-constrained verification/fallback + final refit,chord_length,"[0.2193216463414634, 0.3417492378048781, 0.41463414634146345, 0.5369664634146342, 0.7320884146341463]"
2521,6,4,2.5e-05,uniform_gradient_pruning,2.4057350482771088e-05,3,-1,-3,True,13316.645099999732,complete uniform-Kmax initialization + all deletion scoring + gradient relocation + exact refit validation,chord_length,"[0.20256609308796328, 0.37822112480458225, 0.41890287223234046]"
160,6,5,2.5e-05,ours,1.7620042041473195e-05,6,1,0,True,17.7564,synchronized batch-1 network forward only; input preloaded on device; final refit and verified repair excluded,network_predicted,"[0.20157353579998016, 0.3325834572315216, 0.6088939905166626, 0.7122443318367004, 0.8500269055366516, 0.8900121450424194]"
160,6,5,2.5e-05,kang_sparse_2015_adaptation,5.788098505155147e-06,5,0,-1,True,2654.994800002896,complete sparse ADMM selection + relocation + endpoint-constrained verification/fallback + final refit,chord_length,"[0.2193216463414634, 0.3618521341463415, 0.5285823170731708, 0.6549161585365852, 0.7854420731707318]"
160,6,5,2.5e-05,uniform_gradient_pruning,2.1679166226801038e-05,4,-1,-2,True,13261.014800009434,complete uniform-Kmax initialization + all deletion scoring + gradient relocation + exact refit validation,chord_length,"[0.3971353364068609, 0.578345239905188, 0.6392008422647333, 0.774977716599346]"
41,6,4,2.5e-05,ours,2.0882360109188208e-05,5,1,-1,True,17.50775,synchronized batch-1 network forward only; input preloaded on device; final refit and verified repair excluded,network_predicted,"[0.4137263298034668, 0.4407695233821869, 0.5861668586730957, 0.7189518809318542, 0.7963852286338806]"
41,6,4,2.5e-05,kang_sparse_2015_adaptation,1.0312670409035077e-05,3,-1,-3,True,3167.385499997181,complete sparse ADMM selection + relocation + endpoint-constrained verification/fallback + final refit,chord_length,"[0.29230182926829273, 0.46398628048780494, 0.6589176829268292]"
41,6,4,2.5e-05,uniform_gradient_pruning,8.954065932708726e-06,3,-1,-3,True,13162.23319999699,complete uniform-Kmax initialization + all deletion scoring + gradient relocation + exact refit validation,chord_length,"[0.3356375125167889, 0.45199488557063905, 0.6468562628692943]"
481,6,6,2.5e-05,ours,2.3305605858569502e-05,10,4,4,True,17.2798,synchronized batch-1 network forward only; input preloaded on device; final refit and verified repair excluded,network_predicted,"[0.0785517767071724, 0.19591723382472992, 0.325993150472641, 0.4178248643875122, 0.4483259618282318, 0.6379455327987671, 0.6722840666770935, 0.7081813216209412, 0.7809242606163025, 0.8501050472259521]"
481,6,6,2.5e-05,kang_sparse_2015_adaptation,9.94228543247718e-06,6,0,0,True,2405.4707999894163,complete sparse ADMM selection + relocation + endpoint-constrained verification/fallback + final refit,chord_length,"[0.18235518292682928, 0.2498094512195122, 0.3418445121951219, 0.4561737804878049, 0.5855564024390243, 0.7076981707317073]"
481,6,6,2.5e-05,uniform_gradient_pruning,1.5915685081855827e-05,5,-1,-1,True,13393.593599990709,complete uniform-Kmax initialization + all deletion scoring + gradient relocation + exact refit validation,chord_length,"[0.17659005712794382, 0.24511047045906215, 0.48549403156215776, 0.6193755251515207, 0.6747164987732159]"
1358,6,5,2.5e-05,ours,1.879188558034065e-05,6,1,0,True,16.98845,synchronized batch-1 network forward only; input preloaded on device; final refit and verified repair excluded,network_predicted,"[0.20090454816818237, 0.3248758018016815, 0.4038565158843994, 0.6032807230949402, 0.7153733372688293, 0.7974282503128052]"
1358,6,5,2.5e-05,kang_sparse_2015_adaptation,1.1395322516631549e-05,5,0,-1,True,2395.622700001695,complete sparse ADMM selection + relocation + endpoint-constrained verification/fallback + final refit,chord_length,"[0.21627286585365857, 0.3172637195121951, 0.4660823170731707, 0.6099466463414633, 0.7076981707317073]"
1358,6,5,2.5e-05,uniform_gradient_pruning,1.018805944093198e-05,5,0,-1,True,12747.0966999972,complete uniform-Kmax initialization + all deletion scoring + gradient relocation + exact refit validation,chord_length,"[0.24292984003052062, 0.32191060619072226, 0.46299842831598015, 0.6288887549704034, 0.6806901078809058]"
3315,6,4,2.5e-05,ours,2.4614408610444764e-05,5,1,-1,True,17.194499999999998,synchronized batch-1 network forward only; input preloaded on device; final refit and verified repair excluded,network_predicted,"[0.19887405633926392, 0.27426567673683167, 0.44030746817588806, 0.7192596793174744, 0.794406533241272]"
3315,6,4,2.5e-05,kang_sparse_2015_adaptation,5.595745686829086e-06,4,0,-2,True,3106.950899993535,complete sparse ADMM selection + relocation + endpoint-constrained verification/fallback + final refit,chord_length,"[0.21970274390243905, 0.4561737804878049, 0.658346036585366, 0.829077743902439]"
3315,6,4,2.5e-05,uniform_gradient_pruning,2.3904732806783644e-06,4,0,-2,True,13112.88539999805,complete uniform-Kmax initialization + all deletion scoring + gradient relocation + exact refit validation,chord_length,"[0.25790942497235037, 0.42007407822138876, 0.707078505656832, 0.7876427757254088]"
1478,6,5,2.5e-05,ours,2.4308417267667327e-05,9,4,3,True,16.8174,synchronized batch-1 network forward only; input preloaded on device; final refit and verified repair excluded,network_predicted,"[0.07909127324819565, 0.19544070959091187, 0.23161625862121582, 0.26421278715133667, 0.4247627556324005, 0.5850261449813843, 0.6484537124633789, 0.6817220449447632, 0.8182778358459473]"
1478,6,5,2.5e-05,kang_sparse_2015_adaptation,1.3836842875236332e-05,5,0,-1,True,3087.1034000010695,complete sparse ADMM selection + relocation + endpoint-constrained verification/fallback + final refit,chord_length,"[0.170922256097561, 0.36623475609756095, 0.560594512195122, 0.6099466463414633, 0.7320884146341463]"
1478,6,5,2.5e-05,uniform_gradient_pruning,9.067200244607789e-06,5,0,-1,True,13167.50100000354,complete uniform-Kmax initialization + all deletion scoring + gradient relocation + exact refit validation,chord_length,"[0.20097108097474586, 0.2911362531544148, 0.5292118387205258, 0.5429002281719576, 0.7263520476251232]"
3408,6,5,2.5e-05,ours,2.18691400672647e-05,7,2,1,True,21.41175,synchronized batch-1 network forward only; input preloaded on device; final refit and verified repair excluded,network_predicted,"[0.08137501776218414, 0.2017301321029663, 0.30110812187194824, 0.3960125744342804, 0.7127231955528259, 0.7820504903793335, 0.8491814136505127]"
3408,6,5,2.5e-05,kang_sparse_2015_adaptation,1.1419552715781643e-05,5,0,-1,True,3343.5032999987016,complete sparse ADMM selection + relocation + endpoint-constrained verification/fallback + final refit,chord_length,"[0.1953125, 0.390625, 0.4874237804878049, 0.658155487804878, 0.7923018292682927]"
3408,6,5,2.5e-05,uniform_gradient_pruning,9.313077968389061e-06,5,0,-1,True,12939.393900000141,complete uniform-Kmax initialization + all deletion scoring + gradient relocation + exact refit validation,chord_length,"[0.20360569131877682, 0.3576397379219479, 0.5063266738113534, 0.6645053005245453, 0.7783474954779724]"
3959,6,5,2.5e-05,ours,1.8130606177231397e-05,5,0,-1,True,17.56075,synchronized batch-1 network forward only; input preloaded on device; final refit and verified repair excluded,network_predicted,"[0.2064196765422821, 0.29451972246170044, 0.4005540609359741, 0.6256932616233826, 0.7159156799316406]"
3959,6,5,2.5e-05,kang_sparse_2015_adaptation,8.294137234923143e-06,14,9,8,True,3088.756999990437,complete sparse ADMM selection + relocation + endpoint-constrained verification/fallback + final refit,chord_length,"[0.34146341463414637, 0.36585365853658536, 0.41463414634146345, 0.43902439024390244, 0.4634146341463415, 0.4878048780487805, 0.5121951219512195, 0.5365853658536586, 0.5609756097560976, 0.5853658536585366, 0.6097560975609756, 0.6341463414634146, 0.6585365853658536, 0.6829268292682926]"
3959,6,5,2.5e-05,uniform_gradient_pruning,1.5971076479514125e-05,3,-2,-3,True,13187.210699994466,complete uniform-Kmax initialization + all deletion scoring + gradient relocation + exact refit validation,chord_length,"[0.18188745837946116, 0.32172111737340514, 0.6780363567303174]"
1818,6,4,2.5e-05,ours,2.498369118211287e-05,8,4,2,True,18.918950000000002,synchronized batch-1 network forward only; input preloaded on device; final refit and verified repair excluded,network_predicted,"[0.17072303593158722, 0.25080379843711853, 0.4178662598133087, 0.606726348400116, 0.7339568138122559, 0.7680267095565796, 0.799277126789093, 0.8288215398788452]"
1818,6,4,2.5e-05,kang_sparse_2015_adaptation,1.7876371403024925e-05,4,0,-2,True,2917.7912999875844,complete sparse ADMM selection + relocation + endpoint-constrained verification/fallback + final refit,chord_length,"[0.29230182926829273, 0.41425304878048785, 0.5621189024390244, 0.7458079268292682]"
1818,6,4,2.5e-05,uniform_gradient_pruning,1.6494226517086218e-05,4,0,-2,True,14256.621900000027,complete uniform-Kmax initialization + all deletion scoring + gradient relocation + exact refit validation,chord_length,"[0.33189967173843793, 0.43560131188499795, 0.56365646939745, 0.7374066466602687]"
2702,6,4,2.5e-05,ours,1.9978683837947505e-05,6,2,0,True,17.3153,synchronized batch-1 network forward only; input preloaded on device; final refit and verified repair excluded,network_predicted,"[0.20793311297893524, 0.2569276690483093, 0.40895920991897583, 0.5741689801216125, 0.72032630443573, 0.7971671223640442]"
2702,6,4,2.5e-05,kang_sparse_2015_adaptation,9.719473504858024e-06,4,0,-2,True,3013.6790000105975,complete sparse ADMM selection + relocation + endpoint-constrained verification/fallback + final refit,chord_length,"[0.24904725609756095, 0.4554115853658537, 0.6147103658536585, 0.7320884146341463]"
2702,6,4,2.5e-05,uniform_gradient_pruning,9.315957165729671e-06,4,0,-2,True,13785.621999995783,complete uniform-Kmax initialization + all deletion scoring + gradient relocation + exact refit validation,chord_length,"[0.24014820772475198, 0.458760021819943, 0.6397247586776044, 0.6826456350838602]"
3756,6,4,2.5e-05,ours,2.3948167643838e-05,4,0,-2,True,16.77185,synchronized batch-1 network forward only; input preloaded on device; final refit and verified repair excluded,network_predicted,"[0.2330181896686554, 0.4272543787956238, 0.48901739716529846, 0.854581892490387]"
3756,6,4,2.5e-05,kang_sparse_2015_adaptation,2.333150052811257e-05,3,-1,-3,True,3104.356399999233,complete sparse ADMM selection + relocation + endpoint-constrained verification/fallback + final refit,chord_length,"[0.2686737804878049, 0.41501524390243905, 0.7398532774390244]"
3756,6,4,2.5e-05,uniform_gradient_pruning,1.1727540309420534e-05,3,-1,-3,True,14676.367699998082,complete uniform-Kmax initialization + all deletion scoring + gradient relocation + exact refit validation,chord_length,"[0.1512899629975323, 0.30368324244550804, 0.597924694332828]"
3471,7,4,2.5e-05,ours,2.4980672487831963e-05,4,0,-3,True,18.379849999999998,synchronized batch-1 network forward only; input preloaded on device; final refit and verified repair excluded,network_predicted,"[0.12316662073135376, 0.24348211288452148, 0.3086158037185669, 0.8158882856369019]"
3471,7,4,2.5e-05,kang_sparse_2015_adaptation,2.0688584625813674e-05,4,0,-3,True,3197.6487999927485,complete sparse ADMM selection + relocation + endpoint-constrained verification/fallback + final refit,chord_length,"[0.2029344512195122, 0.3172637195121951, 0.41501524390243905, 0.8044969512195123]"
3471,7,4,2.5e-05,uniform_gradient_pruning,1.615006276326555e-05,3,-1,-4,True,14815.309999990859,complete uniform-Kmax initialization + all deletion scoring + gradient relocation + exact refit validation,chord_length,"[0.22324962441422663, 0.25160740813217236, 0.3408176383492768]"
3678,7,5,2.5e-05,ours,2.3873368351115367e-05,8,3,1,True,20.244349999999997,synchronized batch-1 network forward only; input preloaded on device; final refit and verified repair excluded,network_predicted,"[0.1454404592514038, 0.24777382612228394, 0.4422041177749634, 0.5818297863006592, 0.6618612408638, 0.7152053117752075, 0.7993456721305847, 0.880508542060852]"
3678,7,5,2.5e-05,kang_sparse_2015_adaptation,8.743024305746512e-06,7,2,0,True,2927.1825999894645,complete sparse ADMM selection + relocation + endpoint-constrained verification/fallback + final refit,chord_length,"[0.1949314024390244, 0.2930640243902439, 0.3898628048780488, 0.560594512195122, 0.6339557926829269, 0.7214176829268292, 0.8098323170731706]"
3678,7,5,2.5e-05,uniform_gradient_pruning,2.386597224550103e-05,5,0,-2,True,14083.818899991456,complete uniform-Kmax initialization + all deletion scoring + gradient relocation + exact refit validation,chord_length,"[0.17562955942990444, 0.40191064597085047, 0.5237453321490917, 0.7397884395852123, 0.8025937931162157]"
1340,7,4,2.5e-05,ours,2.007173651628359e-05,5,1,-2,True,17.0868,synchronized batch-1 network forward only; input preloaded on device; final refit and verified repair excluded,network_predicted,"[0.2102719098329544, 0.39861905574798584, 0.572966992855072, 0.735306978225708, 0.7690768241882324]"
1340,7,4,2.5e-05,kang_sparse_2015_adaptation,5.617452139907564e-06,6,2,-1,True,2763.3796999871265,complete sparse ADMM selection + relocation + endpoint-constrained verification/fallback + final refit,chord_length,"[0.24371189024390244, 0.41425304878048785, 0.560594512195122, 0.682545731707317, 0.7968750000000001, 0.811547256097561]"
1340,7,4,2.5e-05,uniform_gradient_pruning,1.3427980880956574e-05,5,1,-2,True,12822.922000006656,complete uniform-Kmax initialization + all deletion scoring + gradient relocation + exact refit validation,chord_length,"[0.44708678199167884, 0.5928291391298033, 0.7427975381958112, 0.7739527015528256, 0.8120563027755486]"
3316,7,4,2.5e-05,ours,2.479905762645084e-05,9,5,2,True,17.3584,synchronized batch-1 network forward only; input preloaded on device; final refit and verified repair excluded,network_predicted,"[0.11524352431297302, 0.1548023819923401, 0.22926358878612518, 0.38554641604423523, 0.4165519177913666, 0.5113997459411621, 0.5436863303184509, 0.819526195526123, 0.8551638126373291]"
3316,7,4,2.5e-05,kang_sparse_2015_adaptation,1.700609804056007e-05,4,0,-3,True,2985.285399990971,complete sparse ADMM selection + relocation + endpoint-constrained verification/fallback + final refit,chord_length,"[0.170922256097561, 0.36623475609756095, 0.4881859756097561, 0.8530868902439024]"
3316,7,4,2.5e-05,uniform_gradient_pruning,1.6001056886703418e-05,3,-1,-4,True,14131.902399996761,complete uniform-Kmax initialization + all deletion scoring + gradient relocation + exact refit validation,chord_length,"[0.22422653309425036, 0.2951952109665033, 0.8480276085019436]"
1782,7,5,2.5e-05,ours,2.4774326419639813e-05,8,3,1,True,17.24575,synchronized batch-1 network forward only; input preloaded on device; final refit and verified repair excluded,network_predicted,"[0.121565081179142, 0.1634831577539444, 0.20441997051239014, 0.2409568727016449, 0.5540492534637451, 0.7547097206115723, 0.8963608145713806, 0.9404228329658508]"
1782,7,5,2.5e-05,kang_sparse_2015_adaptation,1.749391315991303e-05,5,0,-2,True,2837.642500002403,complete sparse ADMM selection + relocation + endpoint-constrained verification/fallback + final refit,chord_length,"[0.16711128048780494, 0.2440929878048781, 0.36623475609756095, 0.5125762195121951, 0.6345274390243901]"
1782,7,5,2.5e-05,uniform_gradient_pruning,1.2067132423598303e-05,5,0,-2,True,13700.805100001162,complete uniform-Kmax initialization + all deletion scoring + gradient relocation + exact refit validation,chord_length,"[0.21510195945866514, 0.2782877549513, 0.3037996584589774, 0.5260634146666988, 0.6339700460718947]"
526,7,5,2.5e-05,ours,2.4750535373743444e-05,9,4,2,True,18.34675,synchronized batch-1 network forward only; input preloaded on device; final refit and verified repair excluded,network_predicted,"[0.16298605501651764, 0.2054866999387741, 0.27714261412620544, 0.34124237298965454, 0.4701182246208191, 0.5315403938293457, 0.6642373204231262, 0.831714928150177, 0.901689887046814]"
526,7,5,2.5e-05,kang_sparse_2015_adaptation,2.0177018026486188e-05,5,0,-2,True,2899.7875999921234,complete sparse ADMM selection + relocation + endpoint-constrained verification/fallback + final refit,chord_length,"[0.1869283536585366, 0.3311737804878049, 0.4716082317073171, 0.6520579268292682, 0.8464176829268292]"
526,7,5,2.5e-05,uniform_gradient_pruning,1.9768318130327604e-05,5,0,-2,True,13010.191100009251,complete uniform-Kmax initialization + all deletion scoring + gradient relocation + exact refit validation,chord_length,"[0.20205406049498711, 0.3282097266845676, 0.47149186412690025, 0.6433367365023968, 0.8611363682549715]"
827,7,4,2.5e-05,ours,2.2404117488678577e-05,6,2,-1,True,17.866500000000002,synchronized batch-1 network forward only; input preloaded on device; final refit and verified repair excluded,network_predicted,"[0.2873918116092682, 0.4082562029361725, 0.5266557931900024, 0.6983045935630798, 0.8109886050224304, 0.8476052284240723]"
827,7,4,2.5e-05,kang_sparse_2015_adaptation,7.73845198895802e-07,32,28,25,True,3086.1622000084026,complete sparse ADMM selection + relocation + endpoint-constrained verification/fallback + final refit,chord_length,"[0.0975609756097561, 0.12195121951219512, 0.14634146341463417, 0.17073170731707318, 0.1951219512195122, 0.21951219512195122, 0.24390243902439024, 0.2682926829268293, 0.29268292682926833, 0.3170731707317073, 0.34146341463414637, 0.36585365853658536, 0.3902439024390244, 0.41463414634146345, 0.43902439024390244, 0.4634146341463415, 0.4878048780487805, 0.5121951219512195, 0.5365853658536586, 0.5609756097560976, 0.5853658536585366, 0.6097560975609756, 0.6341463414634146, 0.6585365853658536, 0.6829268292682926, 0.7073170731707317, 0.7560975609756098, 0.7804878048780488, 0.8048780487804879, 0.8292682926829268, 0.8536585365853658, 0.8780487804878049]"
827,7,4,2.5e-05,uniform_gradient_pruning,9.636046377019259e-06,3,-1,-4,True,14740.119699999923,complete uniform-Kmax initialization + all deletion scoring + gradient relocation + exact refit validation,chord_length,"[0.22468208094613656, 0.3908388213034374, 0.601855642386762]"
88,7,5,2.5e-05,ours,2.342318428663353e-05,7,2,0,True,17.6785,synchronized batch-1 network forward only; input preloaded on device; final refit and verified repair excluded,network_predicted,"[0.22922584414482117, 0.37737613916397095, 0.42887598276138306, 0.5190168619155884, 0.5574420690536499, 0.7927933931350708, 0.8276321887969971]"
88,7,5,2.5e-05,kang_sparse_2015_adaptation,5.180612641316985e-06,5,0,-2,True,2986.7739000037545,complete sparse ADMM selection + relocation + endpoint-constrained verification/fallback + final refit,chord_length,"[0.24371189024390244, 0.43883384146341464, 0.5851753048780488, 0.6099466463414633, 0.7564786585365854]"
88,7,5,2.5e-05,uniform_gradient_pruning,3.4253977602794863e-06,5,0,-2,True,13592.56090001145,complete uniform-Kmax initialization + all deletion scoring + gradient relocation + exact refit validation,chord_length,"[0.19794622272308696, 0.49021451431185215, 0.5681099001813028, 0.6138257106340296, 0.7472693929584211]"
1659,7,5,2.5e-05,ours,2.4508097010544295e-05,8,3,1,True,19.63205,synchronized batch-1 network forward only; input preloaded on device; final refit and verified repair excluded,network_predicted,"[0.24366620182991028, 0.291138619184494, 0.3708716332912445, 0.47764676809310913, 0.6215389370918274, 0.6826691627502441, 0.7971482276916504, 0.8647200465202332]"
1659,7,5,2.5e-05,kang_sparse_2015_adaptation,6.131603609343633e-06,7,2,0,True,3320.2361000003293,complete sparse ADMM selection + relocation + endpoint-constrained verification/fallback + final refit,chord_length,"[0.1949314024390244, 0.31269054878048785, 0.390625, 0.5125762195121951, 0.5750762195121951, 0.6703506097560975, 0.8189786585365854]"
1659,7,5,2.5e-05,uniform_gradient_pruning,1.3393639187258644e-05,6,1,-1,True,13752.33339999977,complete uniform-Kmax initialization + all deletion scoring + gradient relocation + exact refit validation,chord_length,"[0.22837633210187844, 0.3254634845251668, 0.36750174564797156, 0.5347273194280384, 0.6446299765389742, 0.8172568423786498]"
1571,7,5,2.5e-05,ours,2.3392120439238185e-05,7,2,0,True,17.50955,synchronized batch-1 network forward only; input preloaded on device; final refit and verified repair excluded,network_predicted,"[0.19589558243751526, 0.334585577249527, 0.4401530921459198, 0.5799168944358826, 0.7798731327056885, 0.8222477436065674, 0.857790470123291]"
1571,7,5,2.5e-05,kang_sparse_2015_adaptation,1.871494932910226e-05,5,0,-2,True,2520.4251000104705,complete sparse ADMM selection + relocation + endpoint-constrained verification/fallback + final refit,chord_length,"[0.24028201219512196, 0.38319359756097565, 0.5125762195121951, 0.682545731707317, 0.8020198170731707]"
1571,7,5,2.5e-05,uniform_gradient_pruning,2.170403065574745e-05,4,-1,-3,True,12926.994000008563,complete uniform-Kmax initialization + all deletion scoring + gradient relocation + exact refit validation,chord_length,"[0.23297012148225565, 0.43693821340478955, 0.46810690353853396, 0.8015577282310189]"
3576,7,5,2.5e-05,ours,2.0101324381269444e-05,7,2,0,True,16.86815,synchronized batch-1 network forward only; input preloaded on device; final refit and verified repair excluded,network_predicted,"[0.15015681087970734, 0.2008276879787445, 0.37027761340141296, 0.47809842228889465, 0.5778752565383911, 0.7261117696762085, 0.8473327159881592]"
3576,7,5,2.5e-05,kang_sparse_2015_adaptation,1.5498564095254627e-05,6,1,-1,True,2743.0651000031503,complete sparse ADMM selection + relocation + endpoint-constrained verification/fallback + final refit,chord_length,"[0.12214176829268295, 0.2440929878048781, 0.38319359756097565, 0.536204268292683, 0.6444359756097561, 0.7564786585365854]"
3576,7,5,2.5e-05,uniform_gradient_pruning,1.3987270420612444e-05,6,1,-1,True,12562.74169999233,complete uniform-Kmax initialization + all deletion scoring + gradient relocation + exact refit validation,chord_length,"[0.1399841023385489, 0.18730479262225397, 0.381378414611387, 0.5487597642193202, 0.632735261269769, 0.7442041061396076]"
3888,7,5,2.5e-05,ours,2.3842327293272094e-05,7,2,0,True,18.64165,synchronized batch-1 network forward only; input preloaded on device; final refit and verified repair excluded,network_predicted,"[0.0853077694773674, 0.2074078619480133, 0.3375823497772217, 0.45980626344680786, 0.4899366497993469, 0.8127518892288208, 0.8484299182891846]"
3888,7,5,2.5e-05,kang_sparse_2015_adaptation,1.5552580798852195e-05,5,0,-2,True,2868.396300007589,complete sparse ADMM selection + relocation + endpoint-constrained verification/fallback + final refit,chord_length,"[0.28220274390243905, 0.3418445121951219, 0.4769435975609756, 0.5920350609756098, 0.7176067073170732]"
3888,7,5,2.5e-05,uniform_gradient_pruning,1.607364453614549e-05,5,0,-2,True,12994.756000000052,complete uniform-Kmax initialization + all deletion scoring + gradient relocation + exact refit validation,chord_length,"[0.2833594978866882, 0.36018333564678423, 0.5150941993232657, 0.5731764741908015, 0.7094182247266941]"
3414,7,5,2.5e-05,ours,2.403046389390319e-05,7,2,0,True,21.69225,synchronized batch-1 network forward only; input preloaded on device; final refit and verified repair excluded,network_predicted,"[0.11937347054481506, 0.15994691848754883, 0.39458736777305603, 0.4260438084602356, 0.649560809135437, 0.7198246121406555, 0.7559462189674377]"
3414,7,5,2.5e-05,kang_sparse_2015_adaptation,5.359502190255009e-06,6,1,-1,True,3010.158399993088,complete sparse ADMM selection + relocation + endpoint-constrained verification/fallback + final refit,chord_length,"[0.2193216463414634, 0.3591844512195122, 0.4828506097560976, 0.6339557926829269, 0.7284679878048781, 0.8294588414634145]"
3414,7,5,2.5e-05,uniform_gradient_pruning,2.162432241734465e-05,4,-1,-3,True,13254.778500006068,complete uniform-Kmax initialization + all deletion scoring + gradient relocation + exact refit validation,chord_length,"[0.24878456346603647, 0.2973176843736128, 0.8040466575264351, 0.8398686362060485]"
3952,7,6,2.5e-05,ours,2.233464427836149e-05,8,2,1,True,16.951050000000002,synchronized batch-1 network forward only; input preloaded on device; final refit and verified repair excluded,network_predicted,"[0.2295880913734436, 0.27838754653930664, 0.3978463411331177, 0.4877782464027405, 0.6035335063934326, 0.6932563781738281, 0.7922071814537048, 0.8164097666740417]"
3952,7,6,2.5e-05,kang_sparse_2015_adaptation,2.0196845364486686e-05,6,0,-1,True,2941.3528999866685,complete sparse ADMM selection + relocation + endpoint-constrained verification/fallback + final refit,chord_length,"[0.2679115853658537, 0.3420350609756098, 0.4395960365853659, 0.6285251524390243, 0.7320884146341463, 0.8050685975609755]"
3952,7,6,2.5e-05,uniform_gradient_pruning,1.4999769205563209e-05,6,0,-1,True,12427.396899991436,complete uniform-Kmax initialization + all deletion scoring + gradient relocation + exact refit validation,chord_length,"[0.2865434296820679, 0.3557847341913081, 0.42643021619637056, 0.5896456741716558, 0.6904162401194425, 0.7343381770450055]"
3895,7,4,2.5e-05,ours,2.440648961804559e-05,5,1,-2,True,17.44285,synchronized batch-1 network forward only; input preloaded on device; final refit and verified repair excluded,network_predicted,"[0.20439505577087402, 0.3251953125, 0.4802217483520508, 0.6008554100990295, 0.8086450099945068]"
3895,7,4,2.5e-05,kang_sparse_2015_adaptation,1.448285894121766e-05,5,1,-2,True,2810.2449999860255,complete sparse ADMM selection + relocation + endpoint-constrained verification/fallback + final refit,chord_length,"[0.21512957317073172, 0.3729039634146341, 0.4874237804878049, 0.595655487804878, 0.7076981707317073]"
3895,7,4,2.5e-05,uniform_gradient_pruning,1.1168151262524288e-05,5,1,-2,True,12823.643900002935,complete uniform-Kmax initialization + all deletion scoring + gradient relocation + exact refit validation,chord_length,"[0.20189749911551327, 0.41603815241086395, 0.5496920663883793, 0.59972149301829, 0.6784397599754162]"
2517,7,4,2.5e-05,ours,2.4126060316877153e-05,6,2,-1,True,17.22915,synchronized batch-1 network forward only; input preloaded on device; final refit and verified repair excluded,network_predicted,"[0.1542477309703827, 0.23095065355300903, 0.38572633266448975, 0.41576528549194336, 0.6277790665626526, 0.6609886884689331]"
2517,7,4,2.5e-05,kang_sparse_2015_adaptation,1.3359367909449136e-05,4,0,-3,True,2635.5570999876363,complete sparse ADMM selection + relocation + endpoint-constrained verification/fallback + final refit,chord_length,"[0.3168826219512195, 0.43883384146341464, 0.5163871951219513, 0.7076981707317073]"
2517,7,4,2.5e-05,uniform_gradient_pruning,1.0629290905307184e-05,4,0,-3,True,13528.707399993436,complete uniform-Kmax initialization + all deletion scoring + gradient relocation + exact refit validation,chord_length,"[0.342867467224665, 0.48632828968546854, 0.5477014873862978, 0.6785323763494798]"
3812,7,5,2.5e-05,ours,2.3538598807365313e-05,6,1,-1,True,17.322200000000002,synchronized batch-1 network forward only; input preloaded on device; final refit and verified repair excluded,network_predicted,"[0.19278666377067566, 0.2910292446613312, 0.39024436473846436, 0.511247456073761, 0.7926090359687805, 0.8449788689613342]"
3812,7,5,2.5e-05,kang_sparse_2015_adaptation,1.3507992803001803e-05,4,-1,-3,True,3093.2712000067113,complete sparse ADMM selection + relocation + endpoint-constrained verification/fallback + final refit,chord_length,"[0.21970274390243905, 0.3898628048780488, 0.5773628048780489, 0.7618140243902439]"
3812,7,5,2.5e-05,uniform_gradient_pruning,1.3246312854187702e-05,4,-1,-3,True,13173.741700011306,complete uniform-Kmax initialization + all deletion scoring + gradient relocation + exact refit validation,chord_length,"[0.20583431421814383, 0.43085197948879184, 0.5689130477112738, 0.7554059727789478]"
489,7,5,2.5e-05,ours,1.849158548737964e-05,6,1,-1,True,17.4585,synchronized batch-1 network forward only; input preloaded on device; final refit and verified repair excluded,network_predicted,"[0.23843730986118317, 0.3705040514469147, 0.4701516330242157, 0.5965437889099121, 0.6975083351135254, 0.8568755984306335]"
489,7,5,2.5e-05,kang_sparse_2015_adaptation,7.920409044731574e-06,6,1,-1,True,2387.072099998477,complete sparse ADMM selection + relocation + endpoint-constrained verification/fallback + final refit,chord_length,"[0.14653201219512196, 0.36547256097560976, 0.5080030487804877, 0.598704268292683, 0.6886432926829268, 0.8050685975609755]"
489,7,5,2.5e-05,uniform_gradient_pruning,1.3617031603690336e-05,4,-1,-3,True,12819.154199998593,complete uniform-Kmax initialization + all deletion scoring + gradient relocation + exact refit validation,chord_length,"[0.3845398986611689, 0.5219311763180402, 0.6199554813618406, 0.653525665018148]"
3720,7,5,2.5e-05,ours,2.4602616891400588e-05,7,2,0,True,17.9229,synchronized batch-1 network forward only; input preloaded on device; final refit and verified repair excluded,network_predicted,"[0.18347257375717163, 0.3294157087802887, 0.41356390714645386, 0.5075097680091858, 0.5828605890274048, 0.6998345851898193, 0.846551775932312]"
3720,7,5,2.5e-05,kang_sparse_2015_adaptation,1.367738572550623e-05,6,1,-1,True,2915.9930999885546,complete sparse ADMM selection + relocation + endpoint-constrained verification/fallback + final refit,chord_length,"[0.1949314024390244, 0.31764481707317077, 0.3776676829268293, 0.5125762195121951, 0.6345274390243901, 0.8494664634146342]"
3720,7,5,2.5e-05,uniform_gradient_pruning,1.879008528378603e-05,5,0,-2,True,12984.243600003538,complete uniform-Kmax initialization + all deletion scoring + gradient relocation + exact refit validation,chord_length,"[0.23410988578938752, 0.33552260740715717, 0.37671028911055743, 0.5020054202509583, 0.565454347830185]"
289,7,5,2.5e-05,ours,2.3582043561982616e-05,7,2,0,True,18.00215,synchronized batch-1 network forward only; input preloaded on device; final refit and verified repair excluded,network_predicted,"[0.1478171944618225, 0.3119764029979706, 0.3746439218521118, 0.40515634417533875, 0.5247499346733093, 0.7320066094398499, 0.806311309337616]"
289,7,5,2.5e-05,kang_sparse_2015_adaptation,2.4394328358514933e-05,5,0,-2,True,3112.8284000005806,complete sparse ADMM selection + relocation + endpoint-constrained verification/fallback + final refit,chord_length,"[0.3168826219512195, 0.41501524390243905, 0.5394435975609757, 0.6589176829268292, 0.8044969512195123]"
289,7,5,2.5e-05,uniform_gradient_pruning,1.5152660862900475e-05,5,0,-2,True,12802.328099991428,complete uniform-Kmax initialization + all deletion scoring + gradient relocation + exact refit validation,chord_length,"[0.35638866006141373, 0.4141817508460943, 0.5469515035444144, 0.5805561471026496, 0.7827938180688838]"
3591,8,6,2.5e-05,ours,2.4450410596956135e-05,7,1,-1,True,18.21345,synchronized batch-1 network forward only; input preloaded on device; final refit and verified repair excluded,network_predicted,"[0.20017555356025696, 0.3968839943408966, 0.428035706281662, 0.6459575295448303, 0.6790557503700256, 0.8508838415145874, 0.9371052384376526]"
3591,8,6,2.5e-05,kang_sparse_2015_adaptation,7.618472862870745e-06,5,-1,-3,True,2324.4382000120822,complete sparse ADMM selection + relocation + endpoint-constrained verification/fallback + final refit,chord_length,"[0.2174161585365854, 0.3563262195121951, 0.5346798780487806, 0.6993140243902439, 0.8182164634146342]"
3591,8,6,2.5e-05,uniform_gradient_pruning,5.799524112394977e-06,5,-1,-3,True,12816.347400002996,complete uniform-Kmax initialization + all deletion scoring + gradient relocation + exact refit validation,chord_length,"[0.23191782427576546, 0.3449591813032508, 0.5232495878338738, 0.7071466418160839, 0.8014395617937503]"
2443,8,4,2.5e-05,ours,2.416311112343354e-05,6,2,-2,True,17.346899999999998,synchronized batch-1 network forward only; input preloaded on device; final refit and verified repair excluded,network_predicted,"[0.08217823505401611, 0.23853354156017303, 0.3658906817436218, 0.4602574408054352, 0.49164798855781555, 0.893762469291687]"
2443,8,4,2.5e-05,kang_sparse_2015_adaptation,1.9671780210436058e-05,4,0,-4,True,2935.0307999993674,complete sparse ADMM selection + relocation + endpoint-constrained verification/fallback + final refit,chord_length,"[0.24409298780487804, 0.4636051829268293, 0.658346036585366, 0.7564786585365854]"
2443,8,4,2.5e-05,uniform_gradient_pruning,1.674695668357942e-05,4,0,-4,True,12950.111400001333,complete uniform-Kmax initialization + all deletion scoring + gradient relocation + exact refit validation,chord_length,"[0.3343177842402364, 0.42549069795441474, 0.7049869874110195, 0.7336073791548812]"
2237,8,6,2.5e-05,ours,2.3540370661697067e-05,6,0,-2,True,16.97955,synchronized batch-1 network forward only; input preloaded on device; final refit and verified repair excluded,network_predicted,"[0.2550840675830841, 0.34013789892196655, 0.599708080291748, 0.7296679615974426, 0.7765767574310303, 0.8144987225532532]"
2237,8,6,2.5e-05,kang_sparse_2015_adaptation,1.7851762571838316e-05,5,-1,-3,True,2758.8403999980073,complete sparse ADMM selection + relocation + endpoint-constrained verification/fallback + final refit,chord_length,"[0.2399009146341463, 0.36985518292682923, 0.5727896341463415, 0.7801067073170732, 0.8807164634146342]"
2237,8,6,2.5e-05,uniform_gradient_pruning,1.4660026247472361e-05,5,-1,-3,True,13185.874800008605,complete uniform-Kmax initialization + all deletion scoring + gradient relocation + exact refit validation,chord_length,"[0.2665191561455266, 0.3504884587164821, 0.5784879362516552, 0.7977158973377491, 0.8742654878732371]"
523,8,6,2.5e-05,ours,2.380375742759913e-05,7,1,-1,True,17.47285,synchronized batch-1 network forward only; input preloaded on device; final refit and verified repair excluded,network_predicted,"[0.2690051198005676, 0.30094823241233826, 0.4842528700828552, 0.6432645916938782, 0.6776982545852661, 0.7884255647659302, 0.8952968120574951]"
523,8,6,2.5e-05,kang_sparse_2015_adaptation,5.358943976711353e-06,7,1,-1,True,2770.983799986425,complete sparse ADMM selection + relocation + endpoint-constrained verification/fallback + final refit,chord_length,"[0.24066310975609756, 0.36547256097560976, 0.48761432926829273, 0.5720274390243903, 0.6617759146341462, 0.7467606707317074, 0.8538490853658536]"
523,8,6,2.5e-05,uniform_gradient_pruning,2.1824753957896187e-05,6,0,-2,True,12476.665099995444,complete uniform-Kmax initialization + all deletion scoring + gradient relocation + exact refit validation,chord_length,"[0.23099589739163923, 0.33474441158245705, 0.4690058366977775, 0.7005411438602709, 0.7658896449587504, 0.8493298148248909]"
1285,8,5,2.5e-05,ours,2.4860418861312597e-05,21,16,13,True,16.9341,synchronized batch-1 network forward only; input preloaded on device; final refit and verified repair excluded,network_predicted,"[0.04968031495809555, 0.08307566493749619, 0.12062444537878036, 0.2013067603111267, 0.2363981306552887, 0.2678864002227783, 0.2988218665122986, 0.36144551634788513, 0.39397311210632324, 0.42694664001464844, 0.45994243025779724, 0.4931713342666626, 0.5600362420082092, 0.5932236909866333, 0.6263871192932129, 0.6609809994697571, 0.696918785572052, 0.7699015736579895, 0.801997184753418, 0.8320847749710083, 0.9031901955604553]"
1285,8,5,2.5e-05,kang_sparse_2015_adaptation,2.104740680703897e-05,7,2,-1,True,2840.1142000075197,complete sparse ADMM selection + relocation + endpoint-constrained verification/fallback + final refit,chord_length,"[0.1949314024390244, 0.25952743902439024, 0.390625, 0.5989900914634148, 0.7198932926829268, 0.7804878048780488, 0.8294588414634145]"
1285,8,5,2.5e-05,uniform_gradient_pruning,1.3056789011014185e-05,7,2,-1,True,12056.188799993834,complete uniform-Kmax initialization + all deletion scoring + gradient relocation + exact refit validation,chord_length,"[0.2528190415959087, 0.2818449808884115, 0.3743286532861559, 0.5693745529491099, 0.7247232436745924, 0.7448717134087065, 0.886853245533276]"
3355,8,6,2.5e-05,ours,2.4883051572539908e-05,13,7,5,True,16.9507,synchronized batch-1 network forward only; input preloaded on device; final refit and verified repair excluded,network_predicted,"[0.07217194885015488, 0.10717567801475525, 0.14603452384471893, 0.25650903582572937, 0.2873450219631195, 0.3174477517604828, 0.3465661406517029, 0.4606252908706665, 0.5491806268692017, 0.5809822082519531, 0.6504139304161072, 0.6872875094413757, 0.8009623885154724]"
3355,8,6,2.5e-05,kang_sparse_2015_adaptation,1.4121422388277874e-05,7,1,-1,True,2783.0420000100276,complete sparse ADMM selection + relocation + endpoint-constrained verification/fallback + final refit,chord_length,"[0.12214176829268295, 0.3250762195121951, 0.484375, 0.5121951219512195, 0.6030868902439024, 0.7419969512195123, 0.7976371951219513]"
3355,8,6,2.5e-05,uniform_gradient_pruning,1.4045929207334599e-05,6,0,-2,True,12844.237500001327,complete uniform-Kmax initialization + all deletion scoring + gradient relocation + exact refit validation,chord_length,"[0.11049969096371005, 0.33192655271546523, 0.4851575953484759, 0.5174851564147191, 0.6242677854591968, 0.6875119775996157]"
177,8,5,2.5e-05,ours,2.4895399003376832e-05,12,7,4,True,16.8093,synchronized batch-1 network forward only; input preloaded on device; final refit and verified repair excluded,network_predicted,"[0.2666212320327759, 0.2985161542892456, 0.3627344071865082, 0.3949582874774933, 0.4268868863582611, 0.45854392647743225, 0.4897615909576416, 0.5209876298904419, 0.5845634341239929, 0.6834154725074768, 0.7195286154747009, 0.8577669858932495]"
177,8,5,2.5e-05,kang_sparse_2015_adaptation,1.52392527533438e-05,4,-1,-4,True,2880.778699996881,complete sparse ADMM selection + relocation + endpoint-constrained verification/fallback + final refit,chord_length,"[0.24371189024390244, 0.41939786585365857, 0.5621189024390244, 0.7320884146341463]"
177,8,5,2.5e-05,uniform_gradient_pruning,1.3167898687119565e-05,4,-1,-4,True,13457.032199992682,complete uniform-Kmax initialization + all deletion scoring + gradient relocation + exact refit validation,chord_length,"[0.23170179579387803, 0.4419076527496728, 0.5526656294880784, 0.7027525857831469]"
790,8,7,2.5e-05,ours,2.3021988837999498e-05,8,1,0,True,17.291150000000002,synchronized batch-1 network forward only; input preloaded on device; final refit and verified repair excluded,network_predicted,"[0.11436159908771515, 0.23467569053173065, 0.3008260726928711, 0.5477542877197266, 0.5788342356681824, 0.6102334856987, 0.8160532116889954, 0.8504163026809692]"
790,8,7,2.5e-05,kang_sparse_2015_adaptation,1.7830619748208966e-05,6,-1,-2,True,2442.015499997069,complete sparse ADMM selection + relocation + endpoint-constrained verification/fallback + final refit,chord_length,"[0.24371189024390244, 0.328125, 0.43921493902439024, 0.5851753048780488, 0.7214176829268292, 0.8050685975609755]"
790,8,7,2.5e-05,uniform_gradient_pruning,2.1971187622819137e-05,4,-3,-4,True,12880.665000004228,complete uniform-Kmax initialization + all deletion scoring + gradient relocation + exact refit validation,chord_length,"[0.33315101663770935, 0.6515157059087333, 0.7021226335511015, 0.7864567222213404]"
260,8,6,2.5e-05,ours,2.2472202635349592e-05,7,1,-1,True,17.1517,synchronized batch-1 network forward only; input preloaded on device; final refit and verified repair excluded,network_predicted,"[0.1173689067363739, 0.23688331246376038, 0.3653058707714081, 0.42739054560661316, 0.6745625734329224, 0.7100311517715454, 0.8886483311653137]"
260,8,6,2.5e-05,kang_sparse_2015_adaptation,2.3148996731941682e-05,4,-2,-4,True,2660.090499994112,complete sparse ADMM selection + relocation + endpoint-constrained verification/fallback + final refit,chord_length,"[0.170922256097561, 0.36547256097560976, 0.5179115853658537, 0.7671493902439025]"
260,8,6,2.5e-05,uniform_gradient_pruning,2.454729478204077e-05,4,-2,-4,True,13079.000199999427,complete uniform-Kmax initialization + all deletion scoring + gradient relocation + exact refit validation,chord_length,"[0.20262928124508556, 0.3994870347052692, 0.5098570463613362, 0.7623357951505654]"
2444,8,7,2.5e-05,ours,2.3735662690436e-05,12,5,4,True,17.073900000000002,synchronized batch-1 network forward only; input preloaded on device; final refit and verified repair excluded,network_predicted,"[0.1962936967611313, 0.23009464144706726, 0.34565600752830505, 0.4389188587665558, 0.4702882468700409, 0.5016546845436096, 0.53616863489151, 0.6362598538398743, 0.7100507020950317, 0.748711884021759, 0.8160563707351685, 0.8913262486457825]"
2444,8,7,2.5e-05,kang_sparse_2015_adaptation,1.1145031160292834e-05,10,3,2,True,2671.2698999908753,complete sparse ADMM selection + relocation + endpoint-constrained verification/fallback + final refit,chord_length,"[0.1461509146341463, 0.20674542682926833, 0.2930640243902439, 0.41425304878048785, 0.5118140243902439, 0.5981326219512195, 0.6585365853658536, 0.7251333841463414, 0.8220274390243903, 0.8782393292682926]"
2444,8,7,2.5e-05,uniform_gradient_pruning,1.5274310612447794e-05,8,1,0,True,12460.243199995602,complete uniform-Kmax initialization + all deletion scoring + gradient relocation + exact refit validation,chord_length,"[0.17055878994261908, 0.19956610143660225, 0.25609149906533046, 0.5287011845892919, 0.5711252042611513, 0.6726143548602767, 0.7489785075245065, 0.7954858208428482]"
3794,8,6,2.5e-05,ours,2.089327233357575e-05,8,2,0,True,17.273000000000003,synchronized batch-1 network forward only; input preloaded on device; final refit and verified repair excluded,network_predicted,"[0.12415042519569397, 0.30337148904800415, 0.33579421043395996, 0.5263846516609192, 0.5889387130737305, 0.6203234195709229, 0.855952262878418, 0.8958818316459656]"
3794,8,6,2.5e-05,kang_sparse_2015_adaptation,1.354636246017734e-05,6,0,-2,True,3033.9658000011696,complete sparse ADMM selection + relocation + endpoint-constrained verification/fallback + final refit,chord_length,"[0.2052210365853659, 0.36528201219512196, 0.4706554878048781, 0.5720274390243903, 0.6343368902439024, 0.7320884146341463]"
3794,8,6,2.5e-05,uniform_gradient_pruning,1.3948518368432498e-05,6,0,-2,True,12312.287399996421,complete uniform-Kmax initialization + all deletion scoring + gradient relocation + exact refit validation,chord_length,"[0.18671726340395484, 0.4246028055237655, 0.43768584692825346, 0.5887832553330308, 0.6076454133855798, 0.7061196625403713]"
2226,8,6,2.5e-05,ours,2.2806545365468495e-05,7,1,-1,True,17.16675,synchronized batch-1 network forward only; input preloaded on device; final refit and verified repair excluded,network_predicted,"[0.16856683790683746, 0.25879424810409546, 0.3170638978481293, 0.4982210099697113, 0.6594693064689636, 0.7487568855285645, 0.7841892838478088]"
2226,8,6,2.5e-05,kang_sparse_2015_adaptation,8.99284072073588e-06,7,1,-1,True,2914.7061000112444,complete sparse ADMM selection + relocation + endpoint-constrained verification/fallback + final refit,chord_length,"[0.217797256097561, 0.2686737804878049, 0.3656631097560976, 0.4632240853658537, 0.6095655487804879, 0.6947408536585366, 0.8050685975609755]"
2226,8,6,2.5e-05,uniform_gradient_pruning,6.631525512529483e-06,6,0,-2,True,12520.389500001329,complete uniform-Kmax initialization + all deletion scoring + gradient relocation + exact refit validation,chord_length,"[0.22908783370055105, 0.2650014312961102, 0.47560299159158814, 0.6077741367457751, 0.7274172996355048, 0.7616339235334877]"
655,8,5,2.5e-05,ours,2.482209743477867e-05,6,1,-2,True,17.02975,synchronized batch-1 network forward only; input preloaded on device; final refit and verified repair excluded,network_predicted,"[0.11420940607786179, 0.3483356535434723, 0.37863287329673767, 0.4398454427719116, 0.7025906443595886, 0.8098030686378479]"
655,8,5,2.5e-05,kang_sparse_2015_adaptation,7.670434302226648e-07,40,35,32,True,2951.5000999963377,complete sparse ADMM selection + relocation + endpoint-constrained verification/fallback + final refit,chord_length,"[0.024390243902439025, 0.04878048780487805, 0.07317073170731708, 0.0975609756097561, 0.12195121951219512, 0.14634146341463417, 0.17073170731707318, 0.1951219512195122, 0.21951219512195122, 0.24390243902439024, 0.2682926829268293, 0.29268292682926833, 0.3170731707317073, 0.34146341463414637, 0.36585365853658536, 0.3902439024390244, 0.41463414634146345, 0.43902439024390244, 0.4634146341463415, 0.4878048780487805, 0.5121951219512195, 0.5365853658536586, 0.5609756097560976, 0.5853658536585366, 0.6097560975609756, 0.6341463414634146, 0.6585365853658536, 0.6829268292682926, 0.7073170731707317, 0.7317073170731707, 0.7560975609756098, 0.7804878048780488, 0.8048780487804879, 0.8292682926829268, 0.8536585365853658, 0.8780487804878049, 0.9024390243902439, 0.9268292682926829, 0.9512195121951219, 0.975609756097561]"
655,8,5,2.5e-05,uniform_gradient_pruning,1.5706448106495396e-05,4,-1,-4,True,12905.614699993748,complete uniform-Kmax initialization + all deletion scoring + gradient relocation + exact refit validation,chord_length,"[0.14571559354734256, 0.4443455087511603, 0.5033163304821636, 0.6687777581566077]"
2348,8,5,2.5e-05,ours,2.444644905043418e-05,8,3,0,True,17.228949999999998,synchronized batch-1 network forward only; input preloaded on device; final refit and verified repair excluded,network_predicted,"[0.25635361671447754, 0.28653836250305176, 0.37577515840530396, 0.4641450047492981, 0.4931720495223999, 0.5535843372344971, 0.6916660070419312, 0.8432424068450928]"
2348,8,5,2.5e-05,kang_sparse_2015_adaptation,7.4991245940653875e-06,6,1,-2,True,2974.9903000047198,complete sparse ADMM selection + relocation + endpoint-constrained verification/fallback + final refit,chord_length,"[0.24371189024390244, 0.36547256097560976, 0.43921493902439024, 0.5613567073170732, 0.6589176829268292, 0.8044969512195123]"
2348,8,5,2.5e-05,uniform_gradient_pruning,2.08032935529465e-05,4,-1,-4,True,13858.786299999338,complete uniform-Kmax initialization + all deletion scoring + gradient relocation + exact refit validation,chord_length,"[0.42652070722138513, 0.4535278874341488, 0.5250149475715741, 0.8070451627007607]"
1132,8,6,2.5e-05,ours,2.458692333549111e-05,10,4,2,True,17.8765,synchronized batch-1 network forward only; input preloaded on device; final refit and verified repair excluded,network_predicted,"[0.17945057153701782, 0.23252379894256592, 0.29338377714157104, 0.32034552097320557, 0.40672409534454346, 0.5292609930038452, 0.5994437336921692, 0.6344085931777954, 0.7364300489425659, 0.8217535018920898]"
1132,8,6,2.5e-05,kang_sparse_2015_adaptation,1.6814442037819954e-05,6,0,-2,True,2739.7254000097746,complete sparse ADMM selection + relocation + endpoint-constrained verification/fallback + final refit,chord_length,"[0.1713033536585366, 0.36547256097560976, 0.4636051829268293, 0.5851753048780488, 0.7298018292682927, 0.8555640243902439]"
1132,8,6,2.5e-05,uniform_gradient_pruning,1.5025228844002048e-05,6,0,-2,True,12511.866000000737,complete uniform-Kmax initialization + all deletion scoring + gradient relocation + exact refit validation,chord_length,"[0.16453852610581618, 0.39595495580627876, 0.419746558850632, 0.5929863791766785, 0.7274482809342957, 0.8605111682156491]"
1637,8,5,2.5e-05,ours,2.2473400208045357e-05,7,2,-1,True,17.5015,synchronized batch-1 network forward only; input preloaded on device; final refit and verified repair excluded,network_predicted,"[0.18612311780452728, 0.2373373657464981, 0.42423194646835327, 0.5625981688499451, 0.620527982711792, 0.8044812679290771, 0.8857849836349487]"
1637,8,5,2.5e-05,kang_sparse_2015_adaptation,4.664777603592982e-06,7,2,-1,True,2906.7378000181634,complete sparse ADMM selection + relocation + endpoint-constrained verification/fallback + final refit,chord_length,"[0.17054115853658536, 0.2978277439024391, 0.41196646341463417, 0.536204268292683, 0.658155487804878, 0.7686737804878049, 0.8426067073170732]"
1637,8,5,2.5e-05,uniform_gradient_pruning,6.8317176368967895e-06,6,1,-2,True,12436.196000009659,complete uniform-Kmax initialization + all deletion scoring + gradient relocation + exact refit validation,chord_length,"[0.17011675445550964, 0.29675406424219, 0.37991835263888635, 0.6971809463763137, 0.7789065721745201, 0.8346136168028636]"
3208,8,6,2.5e-05,ours,2.3957936639885702e-05,9,3,1,True,16.71855,synchronized batch-1 network forward only; input preloaded on device; final refit and verified repair excluded,network_predicted,"[0.16945843398571014, 0.21235060691833496, 0.37997695803642273, 0.41136792302131653, 0.5613000988960266, 0.6224640011787415, 0.654132068157196, 0.724058985710144, 0.7933067679405212]"
3208,8,6,2.5e-05,kang_sparse_2015_adaptation,1.1820317592467475e-05,6,0,-2,True,2806.8714999972144,complete sparse ADMM selection + relocation + endpoint-constrained verification/fallback + final refit,chord_length,"[0.24142530487804875, 0.3448932926829268, 0.5118140243902439, 0.6095655487804879, 0.6947408536585366, 0.8050685975609755]"
3208,8,6,2.5e-05,uniform_gradient_pruning,1.43681629568999e-05,5,-1,-3,True,13275.522700001602,complete uniform-Kmax initialization + all deletion scoring + gradient relocation + exact refit validation,chord_length,"[0.2454909093515092, 0.33527121166682816, 0.657279556223946, 0.6853533904953134, 0.8018401226448173]"
3320,8,5,2.5e-05,ours,2.4713251845628636e-05,10,5,2,True,17.198,synchronized batch-1 network forward only; input preloaded on device; final refit and verified repair excluded,network_predicted,"[0.1912057250738144, 0.26120784878730774, 0.2937122881412506, 0.3274977505207062, 0.3937479257583618, 0.4257667064666748, 0.4571039378643036, 0.5498737692832947, 0.5807439684867859, 0.7515518069267273]"
3320,8,5,2.5e-05,kang_sparse_2015_adaptation,1.3871433947770646e-05,6,1,-2,True,2770.0105999974767,complete sparse ADMM selection + relocation + endpoint-constrained verification/fallback + final refit,chord_length,"[0.2193216463414634, 0.3199314024390244, 0.44264481707317077, 0.5598323170731708, 0.6787347560975608, 0.8052591463414634]"
3320,8,5,2.5e-05,uniform_gradient_pruning,1.799503868069576e-05,5,0,-3,True,12766.014499997254,complete uniform-Kmax initialization + all deletion scoring + gradient relocation + exact refit validation,chord_length,"[0.34779376829962616, 0.46302107816327087, 0.545718503037136, 0.7320288627803012, 0.7547244475764454]"
1178,8,5,2.5e-05,ours,2.1304877995724675e-05,5,0,-3,True,17.3199,synchronized batch-1 network forward only; input preloaded on device; final refit and verified repair excluded,network_predicted,"[0.36682939529418945, 0.39828741550445557, 0.5559499859809875, 0.5868406295776367, 0.9392256736755371]"
1178,8,5,2.5e-05,kang_sparse_2015_adaptation,1.1894170125300359e-05,9,4,1,True,2948.758099999395,complete sparse ADMM selection + relocation + endpoint-constrained verification/fallback + final refit,chord_length,"[0.24390243902439024, 0.3902439024390244, 0.41463414634146345, 0.43902439024390244, 0.4634146341463415, 0.5853658536585366, 0.6097560975609756, 0.7560975609756098, 0.7804878048780488]"
1178,8,5,2.5e-05,uniform_gradient_pruning,2.282606129765505e-05,4,-1,-4,True,13333.381399992504,complete uniform-Kmax initialization + all deletion scoring + gradient relocation + exact refit validation,chord_length,"[0.2704910427224206, 0.3832397090196751, 0.6183609501251586, 0.7571266794965806]"
3556,8,5,2.5e-05,ours,2.3326847611077622e-05,8,3,0,True,17.35255,synchronized batch-1 network forward only; input preloaded on device; final refit and verified repair excluded,network_predicted,"[0.18815837800502777, 0.22081342339515686, 0.396350234746933, 0.4344475567340851, 0.48858213424682617, 0.5491750836372375, 0.5970845222473145, 0.7236002683639526]"
3556,8,5,2.5e-05,kang_sparse_2015_adaptation,1.3371072505490503e-05,5,0,-3,True,2941.8220999941695,complete sparse ADMM selection + relocation + endpoint-constrained verification/fallback + final refit,chord_length,"[0.26391006097560976, 0.43921493902439024, 0.5849847560975611, 0.658155487804878, 0.7536204268292683]"
3556,8,5,2.5e-05,uniform_gradient_pruning,2.2595731121836805e-05,4,-1,-4,True,13415.56190000847,complete uniform-Kmax initialization + all deletion scoring + gradient relocation + exact refit validation,chord_length,"[0.2758566784237823, 0.4560036724203004, 0.6502942795080591, 0.7175956655741129]"
356,9,5,2.5e-05,ours,2.010028224074694e-05,8,3,-1,True,18.10925,synchronized batch-1 network forward only; input preloaded on device; final refit and verified repair excluded,network_predicted,"[0.15535545349121094, 0.19503839313983917, 0.38147369027137756, 0.41247400641441345, 0.632836639881134, 0.7782034277915955, 0.8121700882911682, 0.8897848129272461]"
356,9,5,2.5e-05,kang_sparse_2015_adaptation,2.149559669866423e-05,5,0,-4,True,2964.9427000113064,complete sparse ADMM selection + relocation + endpoint-constrained verification/fallback + final refit,chord_length,"[0.2193216463414634, 0.33803353658536583, 0.484375, 0.6099466463414633, 0.7414253048780488]"
356,9,5,2.5e-05,uniform_gradient_pruning,1.7180026385577278e-05,5,0,-4,True,13466.99849999277,complete uniform-Kmax initialization + all deletion scoring + gradient relocation + exact refit validation,chord_length,"[0.28117021034654066, 0.30711068266869546, 0.5233788593392589, 0.5456516638563967, 0.7390644577898571]"
1674,9,7,2.5e-05,ours,2.213314396558922e-05,11,4,2,True,16.8511,synchronized batch-1 network forward only; input preloaded on device; final refit and verified repair excluded,network_predicted,"[0.21847815811634064, 0.2523653507232666, 0.30572524666786194, 0.3961850702762604, 0.5132536292076111, 0.5752962827682495, 0.6380341649055481, 0.7048491835594177, 0.7456658482551575, 0.8044666051864624, 0.8512158393859863]"
1674,9,7,2.5e-05,kang_sparse_2015_adaptation,1.4593987651296366e-05,7,0,-2,True,2951.8064000003505,complete sparse ADMM selection + relocation + endpoint-constrained verification/fallback + final refit,chord_length,"[0.2679115853658537, 0.328125, 0.390625, 0.5628810975609756, 0.6810213414634146, 0.7816310975609756, 0.8708079268292682]"
1674,9,7,2.5e-05,uniform_gradient_pruning,1.5061482897701615e-05,7,0,-2,True,12508.267700002762,complete uniform-Kmax initialization + all deletion scoring + gradient relocation + exact refit validation,chord_length,"[0.28840525153411467, 0.31177074184051645, 0.3943188592607748, 0.57710063994923, 0.6626904595877052, 0.8106792745118203, 0.8530230680371312]"
3524,9,6,2.5e-05,ours,2.426328115065493e-05,7,1,-2,True,17.115850000000002,synchronized batch-1 network forward only; input preloaded on device; final refit and verified repair excluded,network_predicted,"[0.21896786987781525, 0.2822849750518799, 0.3826720416545868, 0.5758390426635742, 0.6279957294464111, 0.7373278141021729, 0.8247336745262146]"
3524,9,6,2.5e-05,kang_sparse_2015_adaptation,2.1734534402519665e-05,4,-2,-5,True,2667.4754999985453,complete sparse ADMM selection + relocation + endpoint-constrained verification/fallback + final refit,chord_length,"[0.3168826219512195, 0.5118140243902439, 0.651295731707317, 0.7808689024390244]"
3524,9,6,2.5e-05,uniform_gradient_pruning,1.332004208033931e-05,4,-2,-5,True,13021.124400009285,complete uniform-Kmax initialization + all deletion scoring + gradient relocation + exact refit validation,chord_length,"[0.20218540634383292, 0.2272282540299052, 0.5505383884051167, 0.5978540216139384]"
1911,9,7,2.5e-05,ours,2.4906181124788634e-05,14,7,5,True,17.45035,synchronized batch-1 network forward only; input preloaded on device; final refit and verified repair excluded,network_predicted,"[0.11672234535217285, 0.1559283584356308, 0.28985270857810974, 0.3218633532524109, 0.3842180073261261, 0.41471776366233826, 0.44568097591400146, 0.5705387592315674, 0.6357590556144714, 0.7476210594177246, 0.8174264430999756, 0.8533289432525635, 0.8944985866546631, 0.9395405054092407]"
1911,9,7,2.5e-05,kang_sparse_2015_adaptation,2.4540236627079885e-05,8,1,-1,True,2726.8533000024036,complete sparse ADMM selection + relocation + endpoint-constrained verification/fallback + final refit,chord_length,"[0.2679115853658537, 0.3859565548780488, 0.43921493902439024, 0.5125762195121951, 0.6421493902439025, 0.6975990853658536, 0.7602896341463415, 0.8441310975609756]"
1911,9,7,2.5e-05,uniform_gradient_pruning,2.177373976925608e-05,6,-1,-3,True,13353.532499997527,complete uniform-Kmax initialization + all deletion scoring + gradient relocation + exact refit validation,chord_length,"[0.24193286935653993, 0.40944670585454035, 0.4397403937114793, 0.49058637830945523, 0.7617198163462815, 0.8508965631939891]"
1170,9,7,2.5e-05,ours,2.1001249149803078e-05,7,0,-2,True,18.8886,synchronized batch-1 network forward only; input preloaded on device; final refit and verified repair excluded,network_predicted,"[0.14979921281337738, 0.3190554976463318, 0.350181519985199, 0.4749206006526947, 0.5998852849006653, 0.7405290007591248, 0.8878105878829956]"
1170,9,7,2.5e-05,kang_sparse_2015_adaptation,1.7058766922110855e-05,7,0,-2,True,2698.089900004561,complete sparse ADMM selection + relocation + endpoint-constrained verification/fallback + final refit,chord_length,"[0.0977515243902439, 0.21970274390243905, 0.41368140243902446, 0.4653201219512195, 0.567263719512195, 0.6833079268292682, 0.7923018292682927]"
1170,9,7,2.5e-05,uniform_gradient_pruning,1.6724484851131535e-05,6,-1,-3,True,12474.842899988289,complete uniform-Kmax initialization + all deletion scoring + gradient relocation + exact refit validation,chord_length,"[0.13116092170502483, 0.18191939554074202, 0.40565546509421285, 0.5029096405730993, 0.5466024273527044, 0.7843846358122628]"
2335,9,7,2.5e-05,ours,2.4456242599811057e-05,10,3,1,True,18.754,synchronized batch-1 network forward only; input preloaded on device; final refit and verified repair excluded,network_predicted,"[0.08510040491819382, 0.24251416325569153, 0.27504661679267883, 0.3386668264865875, 0.43434906005859375, 0.46698519587516785, 0.6233229041099548, 0.6548159718513489, 0.822576642036438, 0.8556155562400818]"
2335,9,7,2.5e-05,kang_sparse_2015_adaptation,1.1761955468715723e-05,7,0,-2,True,2862.6423999958206,complete sparse ADMM selection + relocation + endpoint-constrained verification/fallback + final refit,chord_length,"[0.12442835365853658, 0.286204268292683, 0.3557545731707317, 0.5851753048780488, 0.6703506097560975, 0.7671493902439025, 0.8868140243902439]"
2335,9,7,2.5e-05,uniform_gradient_pruning,1.035871892617172e-05,7,0,-2,True,12772.638800001005,complete uniform-Kmax initialization + all deletion scoring + gradient relocation + exact refit validation,chord_length,"[0.11025717230658393, 0.3176819445968675, 0.34454831360549626, 0.595568197848076, 0.6635696628560845, 0.7608769428680485, 0.8869756651815969]"
4020,9,5,2.5e-05,ours,2.4810351868966057e-05,8,3,-1,True,17.57295,synchronized batch-1 network forward only; input preloaded on device; final refit and verified repair excluded,network_predicted,"[0.08055854588747025, 0.11678369343280792, 0.41414597630500793, 0.5061702132225037, 0.5361314415931702, 0.7729104161262512, 0.8082150220870972, 0.844419538974762]"
4020,9,5,2.5e-05,kang_sparse_2015_adaptation,7.7079667601319e-06,6,1,-3,True,2760.984599997755,complete sparse ADMM selection + relocation + endpoint-constrained verification/fallback + final refit,chord_length,"[0.170922256097561, 0.3168826219512195, 0.39900914634146345, 0.4965701219512195, 0.6147103658536585, 0.7580030487804877]"
4020,9,5,2.5e-05,uniform_gradient_pruning,1.8550094173734542e-05,5,0,-4,True,13205.289299992728,complete uniform-Kmax initialization + all deletion scoring + gradient relocation + exact refit validation,chord_length,"[0.30044358089210754, 0.44030518903487026, 0.4938106003328032, 0.5980790356301378, 0.762635245131508]"
97,9,7,2.5e-05,ours,2.3922634616132813e-05,11,4,2,True,17.04755,synchronized batch-1 network forward only; input preloaded on device; final refit and verified repair excluded,network_predicted,"[0.1339871883392334, 0.260364830493927, 0.2951773405075073, 0.3305419385433197, 0.5200066566467285, 0.5495194792747498, 0.6395307779312134, 0.7372339367866516, 0.8338212370872498, 0.8673709034919739, 0.9453872442245483]"
97,9,7,2.5e-05,kang_sparse_2015_adaptation,1.4520839364483776e-05,8,1,-1,True,2840.167399990605,complete sparse ADMM selection + relocation + endpoint-constrained verification/fallback + final refit,chord_length,"[0.15520198170731708, 0.27229420731707316, 0.38509908536585363, 0.49047256097560976, 0.5851753048780488, 0.6650152439024389, 0.7463795731707317, 0.8677591463414634]"
97,9,7,2.5e-05,uniform_gradient_pruning,1.503088226622666e-05,8,1,-1,True,12990.093900007196,complete uniform-Kmax initialization + all deletion scoring + gradient relocation + exact refit validation,chord_length,"[0.14716027779082325, 0.2959422790171017, 0.3614258014695501, 0.49733409907751036, 0.5942599199639965, 0.67420546419004, 0.7396709046686031, 0.8730758356386623]"
603,9,6,2.5e-05,ours,2.4330764283624008e-05,8,2,-1,True,17.2405,synchronized batch-1 network forward only; input preloaded on device; final refit and verified repair excluded,network_predicted,"[0.1659231185913086, 0.3676387667655945, 0.39682674407958984, 0.4264867603778839, 0.6332998275756836, 0.6680756211280823, 0.744061291217804, 0.7805106043815613]"
603,9,6,2.5e-05,kang_sparse_2015_adaptation,2.3683305475442542e-05,9,3,0,True,2733.5965000092983,complete sparse ADMM selection + relocation + endpoint-constrained verification/fallback + final refit,chord_length,"[0.21951219512195122, 0.34146341463414637, 0.36585365853658536, 0.4634146341463415, 0.4878048780487805, 0.6341463414634146, 0.6585365853658536, 0.7804878048780488, 0.8048780487804879]"
603,9,6,2.5e-05,uniform_gradient_pruning,1.2219273997444912e-05,6,0,-3,True,13063.231099993573,complete uniform-Kmax initialization + all deletion scoring + gradient relocation + exact refit validation,chord_length,"[0.12477922041820477, 0.14306201644598063, 0.3790760264268501, 0.4317085496030232, 0.6720244179657615, 0.7362498555276095]"
873,9,5,2.5e-05,ours,2.4178730008745508e-05,5,0,-4,True,17.6265,synchronized batch-1 network forward only; input preloaded on device; final refit and verified repair excluded,network_predicted,"[0.22700393199920654, 0.41880548000335693, 0.5347025394439697, 0.6127194762229919, 0.7183229923248291]"
873,9,5,2.5e-05,kang_sparse_2015_adaptation,1.7069248109403985e-05,4,-1,-5,True,2989.8899999971036,complete sparse ADMM selection + relocation + endpoint-constrained verification/fallback + final refit,chord_length,"[0.23266006097560976, 0.4632240853658537, 0.5973704268292683, 0.7320884146341463]"
873,9,5,2.5e-05,uniform_gradient_pruning,9.234116242887293e-06,4,-1,-5,True,13745.943800007808,complete uniform-Kmax initialization + all deletion scoring + gradient relocation + exact refit validation,chord_length,"[0.22031586900903835, 0.5446534285538865, 0.5802102868238315, 0.6724635327596146]"
1968,9,6,2.5e-05,ours,2.3774053393163015e-05,7,1,-2,True,17.90045,synchronized batch-1 network forward only; input preloaded on device; final refit and verified repair excluded,network_predicted,"[0.16251994669437408, 0.3557393252849579, 0.38561251759529114, 0.506475567817688, 0.5375389456748962, 0.6695820093154907, 0.8126940131187439]"
1968,9,6,2.5e-05,kang_sparse_2015_adaptation,1.506713414572813e-05,6,0,-3,True,2871.7775999975856,complete sparse ADMM selection + relocation + endpoint-constrained verification/fallback + final refit,chord_length,"[0.20636432926829268, 0.3130716463414635, 0.4129192073170732, 0.5666920731707318, 0.7061737804878049, 0.8052591463414634]"
1968,9,6,2.5e-05,uniform_gradient_pruning,1.4603676443647885e-05,6,0,-3,True,12793.561999991653,complete uniform-Kmax initialization + all deletion scoring + gradient relocation + exact refit validation,chord_length,"[0.19441886319055957, 0.3321128016773289, 0.40113446574899086, 0.573959380728224, 0.7160421892497737, 0.7497903450373359]"
1319,9,6,2.5e-05,ours,2.3755273368444115e-05,8,2,-1,True,17.19535,synchronized batch-1 network forward only; input preloaded on device; final refit and verified repair excluded,network_predicted,"[0.16007907688617706, 0.20027610659599304, 0.3598117530345917, 0.4198428988456726, 0.510377824306488, 0.6709040403366089, 0.7074115872383118, 0.813895046710968]"
1319,9,6,2.5e-05,kang_sparse_2015_adaptation,8.178090998185455e-06,7,1,-2,True,2793.223200002103,complete sparse ADMM selection + relocation + endpoint-constrained verification/fallback + final refit,chord_length,"[0.2193216463414634, 0.3151676829268293, 0.44626524390243905, 0.5689786585365854, 0.6543445121951218, 0.7328506097560975, 0.8294588414634145]"
1319,9,6,2.5e-05,uniform_gradient_pruning,1.1703925951062208e-05,6,0,-3,True,12477.724399999715,complete uniform-Kmax initialization + all deletion scoring + gradient relocation + exact refit validation,chord_length,"[0.23526767753278827, 0.4716108671490074, 0.5873001711234553, 0.6615241962491538, 0.7423476356271393, 0.774139773732119]"
2324,9,6,2.5e-05,ours,2.3117095659832194e-05,11,5,2,True,16.9058,synchronized batch-1 network forward only; input preloaded on device; final refit and verified repair excluded,network_predicted,"[0.07662263512611389, 0.15523234009742737, 0.19742926955223083, 0.3641337752342224, 0.397480309009552, 0.4303659498691559, 0.52442866563797, 0.6160675883293152, 0.8182051181793213, 0.8918073773384094, 0.9374216198921204]"
2324,9,6,2.5e-05,kang_sparse_2015_adaptation,1.5499173432446646e-05,6,0,-3,True,2983.8157999911346,complete sparse ADMM selection + relocation + endpoint-constrained verification/fallback + final refit,chord_length,"[0.1949314024390244, 0.3170731707317073, 0.32555259146341464, 0.4881859756097561, 0.6833079268292682, 0.8534679878048781]"
2324,9,6,2.5e-05,uniform_gradient_pruning,1.6413614917089616e-05,5,-1,-4,True,13073.609999992186,complete uniform-Kmax initialization + all deletion scoring + gradient relocation + exact refit validation,chord_length,"[0.18206299732250006, 0.3227226588512072, 0.3439303431595292, 0.4976356693049225, 0.7032413355029759]"
2209,9,6,2.5e-05,ours,2.493532607322474e-05,11,5,2,True,17.61285,synchronized batch-1 network forward only; input preloaded on device; final refit and verified repair excluded,network_predicted,"[0.16140061616897583, 0.20193235576152802, 0.26679307222366333, 0.3303360342979431, 0.3935143053531647, 0.4562623202800751, 0.4871467649936676, 0.5185549259185791, 0.5828972458839417, 0.6151227951049805, 0.6475321054458618]"
2209,9,6,2.5e-05,kang_sparse_2015_adaptation,1.9384503784327486e-05,7,1,-2,True,2864.250599988736,complete sparse ADMM selection + relocation + endpoint-constrained verification/fallback + final refit,chord_length,"[0.16863567073170738, 0.26352896341463417, 0.39672256097560976, 0.5118140243902439, 0.6894531249999999, 0.7073170731707317, 0.8050685975609755]"
2209,9,6,2.5e-05,uniform_gradient_pruning,1.3214284958065424e-05,7,1,-2,True,12278.607999993255,complete uniform-Kmax initialization + all deletion scoring + gradient relocation + exact refit validation,chord_length,"[0.1799323693055398, 0.2670858631917169, 0.39662942410465196, 0.45125138769200523, 0.6789561680633509, 0.7251200310251298, 0.7708864728302272]"
988,9,7,2.5e-05,ours,2.44740272844685e-05,7,0,-2,True,17.3137,synchronized batch-1 network forward only; input preloaded on device; final refit and verified repair excluded,network_predicted,"[0.17220942676067352, 0.3109380304813385, 0.4328825771808624, 0.46180370450019836, 0.4906335473060608, 0.7100151181221008, 0.852590024471283]"
988,9,7,2.5e-05,kang_sparse_2015_adaptation,2.2296894783262032e-05,5,-2,-4,True,3001.291599997785,complete sparse ADMM selection + relocation + endpoint-constrained verification/fallback + final refit,chord_length,"[0.2625762195121951, 0.36623475609756095, 0.5125762195121951, 0.6339557926829269, 0.7442835365853658]"
988,9,7,2.5e-05,uniform_gradient_pruning,1.4458112995375007e-05,5,-2,-4,True,14281.437199999345,complete uniform-Kmax initialization + all deletion scoring + gradient relocation + exact refit validation,chord_length,"[0.28971838133870054, 0.35115763890842433, 0.5081145782267378, 0.664831034600148, 0.72685872049933]"
3390,9,7,2.5e-05,ours,2.2447285713257612e-05,10,3,1,True,17.1121,synchronized batch-1 network forward only; input preloaded on device; final refit and verified repair excluded,network_predicted,"[0.12482690811157227, 0.24876408278942108, 0.31388017535209656, 0.3789900839328766, 0.4099120795726776, 0.5036717057228088, 0.629532516002655, 0.6609797477722168, 0.7608579397201538, 0.7934588193893433]"
3390,9,7,2.5e-05,kang_sparse_2015_adaptation,1.1872855393581052e-05,6,-1,-3,True,2994.2008999933023,complete sparse ADMM selection + relocation + endpoint-constrained verification/fallback + final refit,chord_length,"[0.217797256097561, 0.3267911585365854, 0.4517911585365854, 0.5638338414634148, 0.6682545731707317, 0.7884908536585366]"
3390,9,7,2.5e-05,uniform_gradient_pruning,9.197311098173496e-06,6,-1,-3,True,13790.979500001413,complete uniform-Kmax initialization + all deletion scoring + gradient relocation + exact refit validation,chord_length,"[0.20829718875960201, 0.32852091714507503, 0.4478525480144171, 0.5963733225073657, 0.6521093896611743, 0.781761571881817]"
2921,9,5,2.5e-05,ours,2.456364374135658e-05,10,5,1,True,18.54735,synchronized batch-1 network forward only; input preloaded on device; final refit and verified repair excluded,network_predicted,"[0.07530847936868668, 0.18801845610141754, 0.3164823353290558, 0.34734204411506653, 0.4985803961753845, 0.5308269262313843, 0.6259602904319763, 0.7337909936904907, 0.8042386174201965, 0.8841260075569153]"
2921,9,5,2.5e-05,kang_sparse_2015_adaptation,8.471660388377896e-06,8,3,-1,True,3050.045099997078,complete sparse ADMM selection + relocation + endpoint-constrained verification/fallback + final refit,chord_length,"[0.0977515243902439, 0.21970274390243905, 0.3656631097560976, 0.4075838414634147, 0.4881859756097561, 0.5781250000000001, 0.6993140243902439, 0.8534679878048781]"
2921,9,5,2.5e-05,uniform_gradient_pruning,1.851292514827633e-05,6,1,-3,True,14747.707700007595,complete uniform-Kmax initialization + all deletion scoring + gradient relocation + exact refit validation,chord_length,"[0.11480845302762634, 0.2081156342854693, 0.4061849310269873, 0.597978953249857, 0.6819816197981176, 0.8508839842570839]"
659,9,7,2.5e-05,ours,2.4042573944756845e-05,8,1,-1,True,17.181,synchronized batch-1 network forward only; input preloaded on device; final refit and verified repair excluded,network_predicted,"[0.1201786994934082, 0.26498690247535706, 0.29429975152015686, 0.4112684726715088, 0.5891312956809998, 0.6199731230735779, 0.6520760655403137, 0.7678983211517334]"
659,9,7,2.5e-05,kang_sparse_2015_adaptation,1.0198755984974456e-05,6,-1,-3,True,2927.5014999875566,complete sparse ADMM selection + relocation + endpoint-constrained verification/fallback + final refit,chord_length,"[0.13662347560975613, 0.2930640243902439, 0.47751524390243905, 0.588795731707317, 0.7084603658536585, 0.8294588414634145]"
659,9,7,2.5e-05,uniform_gradient_pruning,9.557845615660934e-06,6,-1,-3,True,13703.273799997987,complete uniform-Kmax initialization + all deletion scoring + gradient relocation + exact refit validation,chord_length,"[0.12994260943259922, 0.28038642103425393, 0.5000792154190472, 0.5581919797530899, 0.7577675875897264, 0.7956827658994905]"
810,9,6,2.5e-05,ours,2.3103948879340914e-05,10,4,1,True,17.826749999999997,synchronized batch-1 network forward only; input preloaded on device; final refit and verified repair excluded,network_predicted,"[0.08242090791463852, 0.12064719945192337, 0.16354747116565704, 0.24047955870628357, 0.2726241648197174, 0.40183329582214355, 0.5291160345077515, 0.6924872994422913, 0.8612579703330994, 0.8996046185493469]"
810,9,6,2.5e-05,kang_sparse_2015_adaptation,1.75961193224846e-05,7,1,-2,True,2926.7013000062434,complete sparse ADMM selection + relocation + endpoint-constrained verification/fallback + final refit,chord_length,"[0.11108993902439024, 0.2399009146341463, 0.35842225609756095, 0.45141006097560976, 0.5415396341463415, 0.6345274390243901, 0.8179306402439026]"
810,9,6,2.5e-05,uniform_gradient_pruning,1.6842114001040706e-05,7,1,-2,True,12157.361399993533,complete uniform-Kmax initialization + all deletion scoring + gradient relocation + exact refit validation,chord_length,"[0.29558522237176926, 0.35549713260052046, 0.49320046672807105, 0.5186680282867974, 0.6695087835602714, 0.7663070304174222, 0.8193692390880623]"
1912,9,7,2.5e-05,ours,2.4876372483145267e-05,9,2,0,True,17.48205,synchronized batch-1 network forward only; input preloaded on device; final refit and verified repair excluded,network_predicted,"[0.07935862243175507, 0.1168830469250679, 0.20009665191173553, 0.3944122791290283, 0.5469256043434143, 0.610477089881897, 0.713249921798706, 0.8521522879600525, 0.9379181861877441]"
1912,9,7,2.5e-05,kang_sparse_2015_adaptation,4.9040489399500564e-06,8,1,-1,True,2481.258900021203,complete sparse ADMM selection + relocation + endpoint-constrained verification/fallback + final refit,chord_length,"[0.2193216463414634, 0.29230182926829273, 0.38376524390243905, 0.4881859756097561, 0.5859375, 0.6520579268292682, 0.7410442073170731, 0.8294588414634145]"
1912,9,7,2.5e-05,uniform_gradient_pruning,1.2338699090329928e-05,7,0,-2,True,12120.187499996973,complete uniform-Kmax initialization + all deletion scoring + gradient relocation + exact refit validation,chord_length,"[0.35048380271621743, 0.36933184941576525, 0.49073230373453786, 0.6024503321148702, 0.6554931317829918, 0.7735274372915946, 0.7992989449364434]"
2269,10,6,2.5e-05,ours,2.4286382691016505e-05,9,3,-1,True,17.68235,synchronized batch-1 network forward only; input preloaded on device; final refit and verified repair excluded,network_predicted,"[0.05214469134807587, 0.17009173333644867, 0.24458245933055878, 0.3075668215751648, 0.3677387535572052, 0.5825605392456055, 0.6484774947166443, 0.894843578338623, 0.9393507838249207]"
2269,10,6,2.5e-05,kang_sparse_2015_adaptation,1.2337062486082654e-05,9,3,-1,True,2789.3725000030827,complete sparse ADMM selection + relocation + endpoint-constrained verification/fallback + final refit,chord_length,"[0.11985518292682926, 0.1850228658536585, 0.27172256097560976, 0.36623475609756095, 0.44331173780487804, 0.5611661585365852, 0.7016006097560975, 0.7955411585365855, 0.8778582317073171]"
2269,10,6,2.5e-05,uniform_gradient_pruning,1.5961512704948706e-05,8,2,-2,True,12119.735000000219,complete uniform-Kmax initialization + all deletion scoring + gradient relocation + exact refit validation,chord_length,"[0.1363377201282229, 0.1921729580019184, 0.2911873455844637, 0.32050999184116513, 0.48605971135262516, 0.717220460274988, 0.7995026840739928, 0.8697481758410945]"
2763,10,7,2.5e-05,ours,2.404651318493287e-05,13,6,3,True,17.56195,synchronized batch-1 network forward only; input preloaded on device; final refit and verified repair excluded,network_predicted,"[0.08284015208482742, 0.12104865908622742, 0.20321956276893616, 0.2395080029964447, 0.34135282039642334, 0.4711547791957855, 0.5670109987258911, 0.6297451257705688, 0.6617843508720398, 0.6957966089248657, 0.8615224361419678, 0.8993476629257202, 0.941659152507782]"
2763,10,7,2.5e-05,kang_sparse_2015_adaptation,2.414517751797479e-05,9,2,-1,True,2789.790900016669,complete sparse ADMM selection + relocation + endpoint-constrained verification/fallback + final refit,chord_length,"[0.13071646341463417, 0.14634146341463417, 0.3170731707317073, 0.3902439024390244, 0.43883384146341464, 0.5811737804878049, 0.6589176829268292, 0.7801067073170732, 0.8403201219512194]"
2763,10,7,2.5e-05,uniform_gradient_pruning,1.8225755362615656e-05,8,1,-2,True,12504.000700006145,complete uniform-Kmax initialization + all deletion scoring + gradient relocation + exact refit validation,chord_length,"[0.15415944680516783, 0.17729774790714004, 0.27550246111277366, 0.3299614422462022, 0.37349173399918634, 0.5669204764643405, 0.7897337465877664, 0.8332186104083964]"
72,10,5,2.5e-05,ours,1.966606877324358e-05,8,3,-2,True,17.157049999999998,synchronized batch-1 network forward only; input preloaded on device; final refit and verified repair excluded,network_predicted,"[0.08002212643623352, 0.2958100438117981, 0.4280724823474884, 0.4597438871860504, 0.4908194839954376, 0.646350622177124, 0.7144092321395874, 0.8501135110855103]"
72,10,5,2.5e-05,kang_sparse_2015_adaptation,8.096504188948397e-06,6,1,-4,True,2428.466800003662,complete sparse ADMM selection + relocation + endpoint-constrained verification/fallback + final refit,chord_length,"[0.19645579268292684, 0.34127286585365857, 0.41425304878048785, 0.5125762195121951, 0.6345274390243901, 0.8044969512195123]"
72,10,5,2.5e-05,uniform_gradient_pruning,1.6043850555289386e-05,5,0,-5,True,13035.544700003811,complete uniform-Kmax initialization + all deletion scoring + gradient relocation + exact refit validation,chord_length,"[0.20002836646294328, 0.4082668589893086, 0.538864977338118, 0.5876775607269366, 0.8309382728484097]"
1320,10,6,2.5e-05,ours,2.440271804049511e-05,12,6,2,True,18.4568,synchronized batch-1 network forward only; input preloaded on device; final refit and verified repair excluded,network_predicted,"[0.12050873041152954, 0.16192370653152466, 0.20219722390174866, 0.2696327865123749, 0.42535924911499023, 0.4563808739185333, 0.48771268129348755, 0.613402247428894, 0.678383469581604, 0.7136387825012207, 0.7842525839805603, 0.8160554766654968]"
1320,10,6,2.5e-05,kang_sparse_2015_adaptation,1.0078095454452198e-05,6,0,-4,True,2822.892000011052,complete sparse ADMM selection + relocation + endpoint-constrained verification/fallback + final refit,chord_length,"[0.28696646341463417, 0.41501524390243905, 0.5613567073170732, 0.658155487804878, 0.7776295731707317, 0.8412728658536586]"
1320,10,6,2.5e-05,uniform_gradient_pruning,1.4598367957922327e-05,5,-1,-5,True,12797.73109999951,complete uniform-Kmax initialization + all deletion scoring + gradient relocation + exact refit validation,chord_length,"[0.31975924613039947, 0.40482793035748255, 0.5795849766817327, 0.7781045676823655, 0.8451743787843924]"
2043,10,7,2.5e-05,ours,2.4522044321954357e-05,14,7,4,True,17.4872,synchronized batch-1 network forward only; input preloaded on device; final refit and verified repair excluded,network_predicted,"[0.2184239774942398, 0.25692978501319885, 0.3285985291004181, 0.3623778522014618, 0.3949824273586273, 0.4295838475227356, 0.4976072311401367, 0.5606237053871155, 0.6514838337898254, 0.6823992729187012, 0.8385265469551086, 0.870759904384613, 0.9067907333374023, 0.9463366866111755]"
2043,10,7,2.5e-05,kang_sparse_2015_adaptation,2.1578220224361414e-05,9,2,-1,True,2818.476300002658,complete sparse ADMM selection + relocation + endpoint-constrained verification/fallback + final refit,chord_length,"[0.1949314024390244, 0.2930640243902439, 0.36794969512195125, 0.3902439024390244, 0.4636051829268293, 0.5613567073170732, 0.6589176829268292, 0.7319931402439024, 0.8048780487804879]"
2043,10,7,2.5e-05,uniform_gradient_pruning,2.1585918855195965e-05,7,0,-3,True,12408.334899999318,complete uniform-Kmax initialization + all deletion scoring + gradient relocation + exact refit validation,chord_length,"[0.33427135847544, 0.39666829501617584, 0.45721356748828623, 0.57300518680279, 0.6633870633283349, 0.7462133729333779, 0.7709480846885907]"
2715,10,6,2.5e-05,ours,2.416509185931064e-05,8,2,-2,True,19.869349999999997,synchronized batch-1 network forward only; input preloaded on device; final refit and verified repair excluded,network_predicted,"[0.24489207565784454, 0.3650510311126709, 0.5112553834915161, 0.5431678295135498, 0.6370671391487122, 0.6909562945365906, 0.8246983885765076, 0.8854252099990845]"
2715,10,6,2.5e-05,kang_sparse_2015_adaptation,2.2785076748036088e-05,7,1,-3,True,2867.9679999913787,complete sparse ADMM selection + relocation + endpoint-constrained verification/fallback + final refit,chord_length,"[0.14576981707317077, 0.23761432926829268, 0.3243140243902439, 0.4270198170731707, 0.4742759146341463, 0.6339557926829269, 0.7496189024390244]"
2715,10,6,2.5e-05,uniform_gradient_pruning,1.979682246024067e-05,7,1,-3,True,13177.73369999486,complete uniform-Kmax initialization + all deletion scoring + gradient relocation + exact refit validation,chord_length,"[0.16034399567909058, 0.2289303483107269, 0.3290151039079971, 0.43427984604225867, 0.44555875505379383, 0.6435569038196227, 0.7535515492029844]"
833,10,6,2.5e-05,ours,2.4500725098561607e-05,11,5,1,True,18.3502,synchronized batch-1 network forward only; input preloaded on device; final refit and verified repair excluded,network_predicted,"[0.1830485463142395, 0.22540059685707092, 0.2609403431415558, 0.29366016387939453, 0.47868412733078003, 0.5679178237915039, 0.6295899748802185, 0.6609879732131958, 0.6939826607704163, 0.7293239235877991, 0.7647814750671387]"
833,10,6,2.5e-05,kang_sparse_2015_adaptation,1.0482590579081817e-05,7,1,-3,True,2924.59000000963,complete sparse ADMM selection + relocation + endpoint-constrained verification/fallback + final refit,chord_length,"[0.17054115853658536, 0.2269435975609756, 0.34165396341463417, 0.4605564024390244, 0.6070884146341463, 0.7557164634146342, 0.8669969512195123]"
833,10,6,2.5e-05,uniform_gradient_pruning,2.10564089685076e-05,6,0,-4,True,13052.91220000072,complete uniform-Kmax initialization + all deletion scoring + gradient relocation + exact refit validation,chord_length,"[0.10578644824671381, 0.2630007340139386, 0.30253543831283836, 0.47189913615912227, 0.5753832733124121, 0.7462779483643893]"
1671,10,7,2.5e-05,ours,2.1453015852533176e-05,7,0,-3,True,17.7626,synchronized batch-1 network forward only; input preloaded on device; final refit and verified repair excluded,network_predicted,"[0.1528574675321579, 0.3168715238571167, 0.4105910360813141, 0.503255307674408, 0.5699687004089355, 0.7812233567237854, 0.813967227935791]"
1671,10,7,2.5e-05,kang_sparse_2015_adaptation,2.172108518613953e-05,6,-1,-4,True,3052.3318000050494,complete sparse ADMM selection + relocation + endpoint-constrained verification/fallback + final refit,chord_length,"[0.12214176829268295, 0.24371189024390244, 0.38376524390243905, 0.5285823170731708, 0.6764481707317073, 0.8359375]"
1671,10,7,2.5e-05,uniform_gradient_pruning,1.652951944465191e-05,6,-1,-4,True,12982.57759999251,complete uniform-Kmax initialization + all deletion scoring + gradient relocation + exact refit validation,chord_length,"[0.2713086037228331, 0.3460864696930525, 0.377872247787279, 0.5335729529241633, 0.6713417625078522, 0.8356085282239583]"
2214,10,7,2.5e-05,ours,2.4988362169138743e-05,18,11,8,True,18.1906,synchronized batch-1 network forward only; input preloaded on device; final refit and verified repair excluded,network_predicted,"[0.1137908324599266, 0.15251806378364563, 0.192436084151268, 0.25847700238227844, 0.2871862053871155, 0.3462086617946625, 0.404710054397583, 0.43477240204811096, 0.4980394244194031, 0.567301332950592, 0.6029318571090698, 0.6387053728103638, 0.7133790254592896, 0.751740038394928, 0.7879965305328369, 0.8205937743186951, 0.894841730594635, 0.9395837187767029]"
2214,10,7,2.5e-05,kang_sparse_2015_adaptation,1.6593577207702362e-05,8,1,-2,True,2804.3597000068985,complete sparse ADMM selection + relocation + endpoint-constrained verification/fallback + final refit,chord_length,"[0.17054115853658536, 0.2700076219512195, 0.34165396341463417, 0.41501524390243905, 0.5851753048780488, 0.6491996951219512, 0.7320884146341463, 0.8052591463414634]"
2214,10,7,2.5e-05,uniform_gradient_pruning,2.0244914051064182e-05,7,0,-3,True,13216.09480000916,complete uniform-Kmax initialization + all deletion scoring + gradient relocation + exact refit validation,chord_length,"[0.17324232868940653, 0.2909159812433198, 0.3101700605022741, 0.44396964312229403, 0.667948529841843, 0.7404414927348261, 0.8153780885198502]"
3841,10,7,2.5e-05,ours,2.4263254884230568e-05,11,4,1,True,17.334699999999998,synchronized batch-1 network forward only; input preloaded on device; final refit and verified repair excluded,network_predicted,"[0.10737936943769455, 0.21659885346889496, 0.30891937017440796, 0.340675950050354, 0.40326982736587524, 0.43434208631515503, 0.5317450165748596, 0.5660908818244934, 0.6709913611412048, 0.7092571258544922, 0.7488724589347839]"
3841,10,7,2.5e-05,kang_sparse_2015_adaptation,1.9024573195590397e-05,7,0,-3,True,2763.3419999910984,complete sparse ADMM selection + relocation + endpoint-constrained verification/fallback + final refit,chord_length,"[0.19416920731707316, 0.2648628048780488, 0.34965701219512196, 0.44702743902439024, 0.5613567073170732, 0.6642530487804877, 0.8166920731707318]"
3841,10,7,2.5e-05,uniform_gradient_pruning,1.900691594323359e-05,7,0,-3,True,12392.161099996883,complete uniform-Kmax initialization + all deletion scoring + gradient relocation + exact refit validation,chord_length,"[0.14985217696441291, 0.3086770906148132, 0.3610959202006868, 0.44181396272065376, 0.5396898743947834, 0.6720320891029175, 0.8140564340808218]"
1144,10,6,2.5e-05,ours,2.4489488001501678e-05,9,3,-1,True,17.5147,synchronized batch-1 network forward only; input preloaded on device; final refit and verified repair excluded,network_predicted,"[0.2628292739391327, 0.29407504200935364, 0.3612613379955292, 0.42572206258773804, 0.5562981963157654, 0.6552034616470337, 0.7255406975746155, 0.7602517008781433, 0.8249329924583435]"
1144,10,6,2.5e-05,kang_sparse_2015_adaptation,7.253143225846601e-06,8,2,-2,True,2854.5062000048347,complete sparse ADMM selection + relocation + endpoint-constrained verification/fallback + final refit,chord_length,"[0.11604420731707316, 0.2189405487804878, 0.3243140243902439, 0.4033917682926829, 0.4881859756097561, 0.5855564024390243, 0.7528582317073171, 0.8509908536585366]"
1144,10,6,2.5e-05,uniform_gradient_pruning,1.145656111449753e-05,7,1,-3,True,12724.342900008196,complete uniform-Kmax initialization + all deletion scoring + gradient relocation + exact refit validation,chord_length,"[0.11198089807807333, 0.24235964593899062, 0.28889229168677777, 0.4367779716641325, 0.5014948560049901, 0.5513948956913934, 0.8150025666755963]"
3066,10,7,2.5e-05,ours,2.4797002950587352e-05,9,2,-1,True,16.90175,synchronized batch-1 network forward only; input preloaded on device; final refit and verified repair excluded,network_predicted,"[0.0867948830127716, 0.1253339797258377, 0.26769113540649414, 0.3259965181350708, 0.47405076026916504, 0.7013930082321167, 0.7395164966583252, 0.8114355802536011, 0.8898946642875671]"
3066,10,7,2.5e-05,kang_sparse_2015_adaptation,1.0361087464984961e-05,7,0,-3,True,2764.3978000123752,complete sparse ADMM selection + relocation + endpoint-constrained verification/fallback + final refit,chord_length,"[0.24599847560975607, 0.34165396341463417, 0.5118140243902439, 0.6286204268292683, 0.7008384146341463, 0.7694359756097561, 0.8538490853658536]"
3066,10,7,2.5e-05,uniform_gradient_pruning,2.0659498677843875e-05,6,-1,-4,True,13685.92780000472,complete uniform-Kmax initialization + all deletion scoring + gradient relocation + exact refit validation,chord_length,"[0.2712422503658094, 0.3322143319159197, 0.5141644044556577, 0.637524107026738, 0.6802475005745691, 0.7580033242750304]"
986,10,6,2.5e-05,ours,2.494933855425057e-05,12,6,2,True,18.0208,synchronized batch-1 network forward only; input preloaded on device; final refit and verified repair excluded,network_predicted,"[0.10977447032928467, 0.18650542199611664, 0.33788976073265076, 0.3677034080028534, 0.39753177762031555, 0.4275374114513397, 0.5207894444465637, 0.5898887515068054, 0.7406581044197083, 0.7787705063819885, 0.8897684216499329, 0.9364880323410034]"
986,10,6,2.5e-05,kang_sparse_2015_adaptation,2.4229478286801702e-05,6,0,-4,True,2838.134399993578,complete sparse ADMM selection + relocation + endpoint-constrained verification/fallback + final refit,chord_length,"[0.20064786585365857, 0.3656631097560976, 0.5118140243902439, 0.560594512195122, 0.6829268292682926, 0.7016006097560975]"
986,10,6,2.5e-05,uniform_gradient_pruning,1.0299288961816402e-05,6,0,-4,True,12362.486400001217,complete uniform-Kmax initialization + all deletion scoring + gradient relocation + exact refit validation,chord_length,"[0.2192724592743201, 0.3571500647752818, 0.5692001139217087, 0.6191656544409556, 0.6821517845791075, 0.7386828341803413]"
4066,10,8,2.5e-05,ours,2.3890323078029634e-05,13,5,3,True,16.74025,synchronized batch-1 network forward only; input preloaded on device; final refit and verified repair excluded,network_predicted,"[0.11915022134780884, 0.19998763501644135, 0.2917022705078125, 0.3214508295059204, 0.3791736364364624, 0.40806710720062256, 0.5262211561203003, 0.619194507598877, 0.691446840763092, 0.7314576506614685, 0.7698855400085449, 0.8050704002380371, 0.885409414768219]"
4066,10,8,2.5e-05,kang_sparse_2015_adaptation,7.517432833616675e-06,10,2,0,True,2675.0336999975843,complete sparse ADMM selection + relocation + endpoint-constrained verification/fallback + final refit,chord_length,"[0.14615091463414637, 0.21131859756097565, 0.26695884146341464, 0.33727134146341464, 0.40415396341463417, 0.4721798780487805, 0.5154344512195121, 0.658155487804878, 0.713795731707317, 0.8052591463414634]"
4066,10,8,2.5e-05,uniform_gradient_pruning,2.2701489443512156e-05,8,0,-2,True,11690.194199996768,complete uniform-Kmax initialization + all deletion scoring + gradient relocation + exact refit validation,chord_length,"[0.15268670027952083, 0.20079525557389363, 0.26349932936719705, 0.33856721156368685, 0.4248804410657198, 0.4671949909352419, 0.7376526620789626, 0.7782266512101674]"
3811,10,7,2.5e-05,ours,2.4311483350401324e-05,7,0,-3,True,17.89425,synchronized batch-1 network forward only; input preloaded on device; final refit and verified repair excluded,network_predicted,"[0.26064392924308777, 0.3518262803554535, 0.42610964179039, 0.46320635080337524, 0.6131178736686707, 0.718059241771698, 0.8926276564598083]"
3811,10,7,2.5e-05,kang_sparse_2015_adaptation,1.806697211071769e-05,4,-3,-6,True,2731.8136999820126,complete sparse ADMM selection + relocation + endpoint-constrained verification/fallback + final refit,chord_length,"[0.3656631097560976, 0.49047256097560976, 0.6208079268292682, 0.7701981707317073]"
3811,10,7,2.5e-05,uniform_gradient_pruning,1.3761898419234713e-05,4,-3,-6,True,13246.479699999327,complete uniform-Kmax initialization + all deletion scoring + gradient relocation + exact refit validation,chord_length,"[0.39238655928311517, 0.515018313767137, 0.6026525447449456, 0.7730077669890327]"
2541,10,7,2.5e-05,ours,2.498412646801347e-05,11,4,1,True,17.977400000000003,synchronized batch-1 network forward only; input preloaded on device; final refit and verified repair excluded,network_predicted,"[0.12251871824264526, 0.16404299437999725, 0.23788897693157196, 0.32820016145706177, 0.35745158791542053, 0.5044711232185364, 0.5352455377578735, 0.7062109708786011, 0.8506349325180054, 0.8918451070785522, 0.9376350045204163]"
2541,10,7,2.5e-05,kang_sparse_2015_adaptation,1.2308167800554516e-05,7,0,-3,True,2780.892999988282,complete sparse ADMM selection + relocation + endpoint-constrained verification/fallback + final refit,chord_length,"[0.10041920731707318, 0.22065548780487804, 0.3456554878048781, 0.4683689024390244, 0.563452743902439, 0.6499618902439024, 0.7564786585365854]"
2541,10,7,2.5e-05,uniform_gradient_pruning,2.34466051417231e-05,6,-1,-4,True,13131.163899990497,complete uniform-Kmax initialization + all deletion scoring + gradient relocation + exact refit validation,chord_length,"[0.23740794338282953, 0.37309044038819283, 0.4396583894776999, 0.5889475384600087, 0.6573381846917348, 0.7247042069542968]"
218,10,8,2.5e-05,ours,2.4893382696310213e-05,9,1,-1,True,17.16635,synchronized batch-1 network forward only; input preloaded on device; final refit and verified repair excluded,network_predicted,"[0.07652349770069122, 0.1122358962893486, 0.28883183002471924, 0.35086360573768616, 0.38121604919433594, 0.6054928302764893, 0.7505098581314087, 0.7861282825469971, 0.8180986046791077]"
218,10,8,2.5e-05,kang_sparse_2015_adaptation,1.705603041369227e-05,7,-1,-3,True,2869.482299996889,complete sparse ADMM selection + relocation + endpoint-constrained verification/fallback + final refit,chord_length,"[0.2193216463414634, 0.3098323170731707, 0.3946265243902439, 0.49352134146341464, 0.5948932926829268, 0.7170350609756098, 0.8624237804878049]"
218,10,8,2.5e-05,uniform_gradient_pruning,1.3707318061414713e-05,7,-1,-3,True,12291.903799996362,complete uniform-Kmax initialization + all deletion scoring + gradient relocation + exact refit validation,chord_length,"[0.25510322981576244, 0.2912736493141272, 0.39458087108728485, 0.5171325915121763, 0.6296253499547637, 0.677805365075582, 0.8732754723993322]"
870,10,6,2.5e-05,ours,2.405699759483576e-05,6,0,-4,True,18.6572,synchronized batch-1 network forward only; input preloaded on device; final refit and verified repair excluded,network_predicted,"[0.24794265627861023, 0.28401634097099304, 0.5670965909957886, 0.6464688777923584, 0.8055130839347839, 0.8330368399620056]"
870,10,6,2.5e-05,kang_sparse_2015_adaptation,8.591229069289764e-06,8,2,-2,True,2945.77570000547,complete sparse ADMM selection + relocation + endpoint-constrained verification/fallback + final refit,chord_length,"[0.1472942073170732, 0.24409298780487804, 0.3418445121951219, 0.4881859756097561, 0.5851753048780488, 0.682545731707317, 0.7557164634146342, 0.8304115853658537]"
870,10,6,2.5e-05,uniform_gradient_pruning,1.4099570492431548e-05,6,0,-4,True,12636.539099999936,complete uniform-Kmax initialization + all deletion scoring + gradient relocation + exact refit validation,chord_length,"[0.16061713545970263, 0.22249361413951058, 0.5725947040485677, 0.7064942951953357, 0.7819609092575224, 0.8167083236577981]"
3918,10,8,2.5e-05,ours,2.376386756558543e-05,8,0,-2,True,17.87895,synchronized batch-1 network forward only; input preloaded on device; final refit and verified repair excluded,network_predicted,"[0.17763198912143707, 0.2489035278558731, 0.3492250144481659, 0.4224259853363037, 0.5011467933654785, 0.5777846574783325, 0.7383947968482971, 0.8655610680580139]"
3918,10,8,2.5e-05,kang_sparse_2015_adaptation,1.475616064641162e-05,7,-1,-3,True,2755.1072999922326,complete sparse ADMM selection + relocation + endpoint-constrained verification/fallback + final refit,chord_length,"[0.1949314024390244, 0.2856326219512196, 0.34165396341463417, 0.41501524390243905, 0.6095655487804879, 0.7000762195121951, 0.8151676829268292]"
3918,10,8,2.5e-05,uniform_gradient_pruning,2.006574931409506e-05,6,-2,-4,True,12880.041600001277,complete uniform-Kmax initialization + all deletion scoring + gradient relocation + exact refit validation,chord_length,"[0.21161085941438415, 0.288318935812669, 0.3147988422601605, 0.4171860344975149, 0.7306231179924614, 0.8390484282761719]"
2480,10,6,2.5e-05,ours,2.4994135346649383e-05,10,4,0,True,19.6896,synchronized batch-1 network forward only; input preloaded on device; final refit and verified repair excluded,network_predicted,"[0.23758278787136078, 0.2682740390300751, 0.3623470067977905, 0.42347198724746704, 0.5462391376495361, 0.5774608254432678, 0.60873943567276, 0.6743249297142029, 0.7485564351081848, 0.8201547265052795]"
2480,10,6,2.5e-05,kang_sparse_2015_adaptation,2.1456401417082343e-05,6,0,-4,True,2989.1461999941384,complete sparse ADMM selection + relocation + endpoint-constrained verification/fallback + final refit,chord_length,"[0.36552019817073167, 0.4203506097560976, 0.4881859756097561, 0.682545731707317, 0.7915396341463415, 0.8753810975609756]"
2480,10,6,2.5e-05,uniform_gradient_pruning,2.192071116288817e-05,5,-1,-5,True,15822.770999991917,complete uniform-Kmax initialization + all deletion scoring + gradient relocation + exact refit validation,chord_length,"[0.37691224718958805, 0.4332548071152277, 0.46656367413428024, 0.6797156627427814, 0.7675510572161516]"
702,11,7,2.5e-05,ours,2.4331357791926615e-05,11,4,0,True,20.85745,synchronized batch-1 network forward only; input preloaded on device; final refit and verified repair excluded,network_predicted,"[0.11593501269817352, 0.19866633415222168, 0.3249209225177765, 0.3564335107803345, 0.5091594457626343, 0.5421626567840576, 0.6090689301490784, 0.678632378578186, 0.7161043286323547, 0.7889457941055298, 0.8592085838317871]"
702,11,7,2.5e-05,kang_sparse_2015_adaptation,1.831734720145738e-05,7,0,-4,True,3584.5690999994986,complete sparse ADMM selection + relocation + endpoint-constrained verification/fallback + final refit,chord_length,"[0.13052591463414637, 0.2526676829268293, 0.3601371951219512, 0.47827743902439024, 0.6339557926829269, 0.7511432926829268, 0.8319359756097561]"
702,11,7,2.5e-05,uniform_gradient_pruning,1.810004534408422e-05,7,0,-4,True,12654.499399999622,complete uniform-Kmax initialization + all deletion scoring + gradient relocation + exact refit validation,chord_length,"[0.13836820691566099, 0.25359115263545395, 0.3591599591615669, 0.47789057746591446, 0.6685643594737796, 0.705154374217614, 0.8577965623284507]"
678,11,7,2.5e-05,ours,2.4799707123526557e-05,12,5,1,True,19.7661,synchronized batch-1 network forward only; input preloaded on device; final refit and verified repair excluded,network_predicted,"[0.09075765311717987, 0.17857737839221954, 0.2217465192079544, 0.2576456069946289, 0.2901381850242615, 0.41091254353523254, 0.44008150696754456, 0.558588445186615, 0.6181604266166687, 0.6486944556236267, 0.7167508006095886, 0.7867779731750488]"
678,11,7,2.5e-05,kang_sparse_2015_adaptation,2.3336307087923753e-05,8,1,-3,True,3177.5625000154832,complete sparse ADMM selection + relocation + endpoint-constrained verification/fallback + final refit,chord_length,"[0.10804115853658539, 0.24609375, 0.3601371951219512, 0.48342225609756095, 0.5529725609756099, 0.6634908536585366, 0.7572408536585366, 0.8294588414634145]"
678,11,7,2.5e-05,uniform_gradient_pruning,1.9928006660805963e-05,8,1,-3,True,12731.656699994346,complete uniform-Kmax initialization + all deletion scoring + gradient relocation + exact refit validation,chord_length,"[0.13376741293728855, 0.25818739700864957, 0.30591691001879456, 0.506890149567679, 0.5779379839364632, 0.5984074605221624, 0.7069605945459106, 0.7301343328805471]"
3687,11,8,2.5e-05,ours,2.2975063593785866e-05,9,1,-2,True,17.47605,synchronized batch-1 network forward only; input preloaded on device; final refit and verified repair excluded,network_predicted,"[0.16094423830509186, 0.2028369903564453, 0.23949259519577026, 0.37026724219322205, 0.4999573230743408, 0.5626387596130371, 0.5947277545928955, 0.7290105223655701, 0.8256648182868958]"
3687,11,8,2.5e-05,kang_sparse_2015_adaptation,1.9577759226503758e-05,6,-2,-5,True,2873.520000008284,complete sparse ADMM selection + relocation + endpoint-constrained verification/fallback + final refit,chord_length,"[0.29230182926829273, 0.3946265243902439, 0.4881859756097561, 0.5613567073170732, 0.7223704268292683, 0.8563262195121951]"
3687,11,8,2.5e-05,uniform_gradient_pruning,1.8658162011298996e-05,6,-2,-5,True,13501.318400012678,complete uniform-Kmax initialization + all deletion scoring + gradient relocation + exact refit validation,chord_length,"[0.3178627843809378, 0.4347693009504949, 0.45265375472317576, 0.5630093537585557, 0.7212772074654394, 0.8569649609818787]"
3264,11,9,2.5e-05,ours,2.252679074506126e-05,11,2,0,True,17.94595,synchronized batch-1 network forward only; input preloaded on device; final refit and verified repair excluded,network_predicted,"[0.120579794049263, 0.24232907593250275, 0.2760620713233948, 0.40357115864753723, 0.43582212924957275, 0.5319784283638, 0.6293113231658936, 0.6623309254646301, 0.7685320377349854, 0.8001518845558167, 0.8610007762908936]"
3264,11,9,2.5e-05,kang_sparse_2015_adaptation,1.5154128602171288e-05,9,0,-2,True,2615.997900007642,complete sparse ADMM selection + relocation + endpoint-constrained verification/fallback + final refit,chord_length,"[0.17054115853658536, 0.24637957317073172, 0.3273628048780488, 0.4180640243902439, 0.526295731707317, 0.6322408536585366, 0.7252286585365854, 0.810594512195122, 0.8814786585365854]"
3264,11,9,2.5e-05,uniform_gradient_pruning,2.1557435468011762e-05,8,-1,-3,True,12031.882499999483,complete uniform-Kmax initialization + all deletion scoring + gradient relocation + exact refit validation,chord_length,"[0.2896855382474474, 0.3474008096902841, 0.3908772664797348, 0.5329409479305707, 0.6413521509944095, 0.7124090668452465, 0.8163179055323518, 0.8724623062728029]"
1573,11,7,2.5e-05,ours,2.488808294854534e-05,15,8,4,True,17.87545,synchronized batch-1 network forward only; input preloaded on device; final refit and verified repair excluded,network_predicted,"[0.08453628420829773, 0.12371314316987991, 0.24391818046569824, 0.2757694125175476, 0.369886577129364, 0.43236884474754333, 0.4629184901714325, 0.5229954123497009, 0.5540425777435303, 0.6166133880615234, 0.6483982801437378, 0.6816319823265076, 0.7164697647094727, 0.785197913646698, 0.8179566860198975]"
1573,11,7,2.5e-05,kang_sparse_2015_adaptation,5.39090937141003e-06,8,1,-3,True,2926.413399996818,complete sparse ADMM selection + relocation + endpoint-constrained verification/fallback + final refit,chord_length,"[0.2193216463414634, 0.3145960365853659, 0.40720274390243905, 0.4874237804878049, 0.5642149390243902, 0.6589176829268292, 0.7564786585365854, 0.8534679878048781]"
1573,11,7,2.5e-05,uniform_gradient_pruning,2.4530712448184717e-05,6,-1,-5,True,12578.149399996619,complete uniform-Kmax initialization + all deletion scoring + gradient relocation + exact refit validation,chord_length,"[0.35780832338310997, 0.4014445394068927, 0.5118133256212197, 0.5668927399421149, 0.64629472844956, 0.7545456054315447]"
1825,11,8,2.5e-05,ours,2.3909607982790443e-05,10,2,-1,True,17.908050000000003,synchronized batch-1 network forward only; input preloaded on device; final refit and verified repair excluded,network_predicted,"[0.08026397228240967, 0.19915412366390228, 0.26422378420829773, 0.3831431269645691, 0.4435555934906006, 0.4755658209323883, 0.5401410460472107, 0.785742998123169, 0.8176895976066589, 0.8510451912879944]"
1825,11,8,2.5e-05,kang_sparse_2015_adaptation,1.1338637390297754e-05,8,0,-3,True,2946.808799999417,complete sparse ADMM selection + relocation + endpoint-constrained verification/fallback + final refit,chord_length,"[0.1949314024390244, 0.2778201219512195, 0.3898628048780488, 0.4738948170731707, 0.5804115853658537, 0.6556783536585364, 0.7801067073170732, 0.8835746951219512]"
1825,11,8,2.5e-05,uniform_gradient_pruning,1.7895473411520818e-05,7,-1,-4,True,12453.950800001621,complete uniform-Kmax initialization + all deletion scoring + gradient relocation + exact refit validation,chord_length,"[0.22899870500415073, 0.2688743201997462, 0.3693775538884109, 0.5623629855752983, 0.6504109912027303, 0.8100408384077723, 0.8550301624664103]"
2991,11,8,2.5e-05,ours,2.4794169341615522e-05,16,8,5,True,18.59675,synchronized batch-1 network forward only; input preloaded on device; final refit and verified repair excluded,network_predicted,"[0.08951721340417862, 0.13150303065776825, 0.1782105565071106, 0.25380241870880127, 0.2849664092063904, 0.3477303385734558, 0.377111554145813, 0.4349343776702881, 0.46438565850257874, 0.4943486452102661, 0.5244123935699463, 0.6469395160675049, 0.749069333076477, 0.7824757099151611, 0.8139886856079102, 0.8882105350494385]"
2991,11,8,2.5e-05,kang_sparse_2015_adaptation,8.0188029445222e-06,10,2,-1,True,2742.467599993688,complete sparse ADMM selection + relocation + endpoint-constrained verification/fallback + final refit,chord_length,"[0.12176067073170732, 0.1956935975609756, 0.3170731707317073, 0.3313643292682927, 0.43883384146341464, 0.5201981707317073, 0.5977515243902438, 0.6621570121951219, 0.7320884146341463, 0.8052591463414634]"
2991,11,8,2.5e-05,uniform_gradient_pruning,1.2977824721926913e-05,9,1,-2,True,11527.813599997899,complete uniform-Kmax initialization + all deletion scoring + gradient relocation + exact refit validation,chord_length,"[0.11191045905586182, 0.18912985258762566, 0.3004388450516698, 0.36142835240651383, 0.44388981479340744, 0.49061246386563956, 0.6073078579457418, 0.6430492065787162, 0.817920548990944]"
622,11,6,2.5e-05,ours,2.3987926684379378e-05,8,2,-3,True,17.2673,synchronized batch-1 network forward only; input preloaded on device; final refit and verified repair excluded,network_predicted,"[0.16692230105400085, 0.20702478289604187, 0.30894991755485535, 0.5255563259124756, 0.587736189365387, 0.6198481917381287, 0.7960721254348755, 0.8279103636741638]"
622,11,6,2.5e-05,kang_sparse_2015_adaptation,1.7376211484744818e-05,6,0,-5,True,2909.1323999891756,complete sparse ADMM selection + relocation + endpoint-constrained verification/fallback + final refit,chord_length,"[0.14653201219512196, 0.2686737804878049, 0.390625, 0.6095655487804879, 0.7259908536585366, 0.8052591463414634]"
622,11,6,2.5e-05,uniform_gradient_pruning,1.4815311612360103e-05,6,0,-5,True,12919.17320000357,complete uniform-Kmax initialization + all deletion scoring + gradient relocation + exact refit validation,chord_length,"[0.15512579423213996, 0.34862526722535564, 0.5970390094790572, 0.7357281043115275, 0.8424567214209648, 0.900354542117807]"
384,11,8,2.5e-05,ours,2.380838520863413e-05,9,1,-2,True,18.30995,synchronized batch-1 network forward only; input preloaded on device; final refit and verified repair excluded,network_predicted,"[0.1382741779088974, 0.21078293025493622, 0.322006493806839, 0.4313044250011444, 0.5276409983634949, 0.6059415936470032, 0.6383832097053528, 0.8005605936050415, 0.8506288528442383]"
384,11,8,2.5e-05,kang_sparse_2015_adaptation,1.7954030316764447e-05,7,-1,-4,True,2693.589999995311,complete sparse ADMM selection + relocation + endpoint-constrained verification/fallback + final refit,chord_length,"[0.12214176829268292, 0.2686737804878049, 0.38071646341463417, 0.5207698170731707, 0.5977515243902438, 0.6833079268292682, 0.8266006097560975]"
384,11,8,2.5e-05,uniform_gradient_pruning,2.214032832690892e-05,6,-2,-5,True,12572.474100001273,complete uniform-Kmax initialization + all deletion scoring + gradient relocation + exact refit validation,chord_length,"[0.2829089531733314, 0.37318007938518716, 0.565637413819754, 0.6098391322045896, 0.6502743315942349, 0.8295883351378148]"
3069,11,8,2.5e-05,ours,2.1147755096278777e-05,10,2,-1,True,17.8409,synchronized batch-1 network forward only; input preloaded on device; final refit and verified repair excluded,network_predicted,"[0.19602183997631073, 0.2308359444141388, 0.2610906958580017, 0.41835829615592957, 0.5696671605110168, 0.6329672932624817, 0.6671744585037231, 0.7414036989212036, 0.7788861989974976, 0.8133866190910339]"
3069,11,8,2.5e-05,kang_sparse_2015_adaptation,7.729948738836098e-06,9,1,-2,True,2852.1104999963427,complete sparse ADMM selection + relocation + endpoint-constrained verification/fallback + final refit,chord_length,"[0.16825457317073172, 0.22275152439024387, 0.2997332317073171, 0.43025914634146345, 0.536204268292683, 0.658155487804878, 0.7557164634146342, 0.8311737804878049, 0.8875762195121951]"
3069,11,8,2.5e-05,uniform_gradient_pruning,1.7445016467069817e-05,6,-2,-5,True,13479.914900002768,complete uniform-Kmax initialization + all deletion scoring + gradient relocation + exact refit validation,chord_length,"[0.30484635018982104, 0.42583126172307745, 0.6926612411510855, 0.7824392398077878, 0.8176038941305043, 0.8738688613161645]"
2391,11,7,2.5e-05,ours,2.467973397625452e-05,11,4,0,True,17.863300000000002,synchronized batch-1 network forward only; input preloaded on device; final refit and verified repair excluded,network_predicted,"[0.1150137186050415, 0.15296174585819244, 0.22556348145008087, 0.2561917304992676, 0.4361611008644104, 0.49615320563316345, 0.5591314435005188, 0.6260501742362976, 0.7768508195877075, 0.8485754728317261, 0.8906182050704956]"
2391,11,7,2.5e-05,kang_sparse_2015_adaptation,1.3917905357352126e-05,8,1,-3,True,2822.506999989855,complete sparse ADMM selection + relocation + endpoint-constrained verification/fallback + final refit,chord_length,"[0.17054115853658536, 0.21984565548780488, 0.29268292682926833, 0.34146341463414637, 0.4881859756097561, 0.6099466463414633, 0.7532393292682926, 0.8294588414634145]"
2391,11,7,2.5e-05,uniform_gradient_pruning,1.5789041049882878e-05,7,0,-4,True,12464.691200002562,complete uniform-Kmax initialization + all deletion scoring + gradient relocation + exact refit validation,chord_length,"[0.20446948698715114, 0.24713203914918813, 0.2694309770693563, 0.4120591347895304, 0.47570384074226824, 0.6241243449930972, 0.7167634950181722]"
2982,11,6,2.5e-05,ours,2.4280879125159678e-05,10,4,-1,True,17.685200000000002,synchronized batch-1 network forward only; input preloaded on device; final refit and verified repair excluded,network_predicted,"[0.08810953050851822, 0.24876119196414948, 0.2824094295501709, 0.37553486227989197, 0.5809374451637268, 0.6112750172615051, 0.6423251032829285, 0.7497319579124451, 0.8925362229347229, 0.9379347562789917]"
2982,11,6,2.5e-05,kang_sparse_2015_adaptation,1.7814173472097837e-05,6,0,-5,True,2935.141999987536,complete sparse ADMM selection + relocation + endpoint-constrained verification/fallback + final refit,chord_length,"[0.20026676829268292, 0.34165396341463417, 0.4632240853658537, 0.5819359756097561, 0.6779725609756097, 0.7808689024390244]"
2982,11,6,2.5e-05,uniform_gradient_pruning,1.2246761898594614e-05,6,0,-5,True,12813.148100001854,complete uniform-Kmax initialization + all deletion scoring + gradient relocation + exact refit validation,chord_length,"[0.37669977467937144, 0.5334342972961627, 0.553769042037983, 0.701378048725139, 0.8010056349210577, 0.8426258509006121]"
3677,11,8,2.5e-05,ours,2.4948129120025262e-05,14,6,3,True,17.71285,synchronized batch-1 network forward only; input preloaded on device; final refit and verified repair excluded,network_predicted,"[0.13474906980991364, 0.18233619630336761, 0.22500845789909363, 0.26146200299263, 0.3911575675010681, 0.42112594842910767, 0.45050710439682007, 0.479338675737381, 0.5087293982505798, 0.5954006314277649, 0.7531889081001282, 0.7868688106536865, 0.8904132843017578, 0.9359764456748962]"
3677,11,8,2.5e-05,kang_sparse_2015_adaptation,1.2383934288607722e-05,10,2,-1,True,2974.6001999883447,complete sparse ADMM selection + relocation + endpoint-constrained verification/fallback + final refit,chord_length,"[0.12595274390243905, 0.14634146341463417, 0.19683689024390244, 0.2928734756097561, 0.43883384146341464, 0.6097560975609756, 0.6177591463414632, 0.6341463414634146, 0.7808689024390244, 0.8538490853658536]"
3677,11,8,2.5e-05,uniform_gradient_pruning,1.4124469949091241e-05,8,0,-3,True,12214.380099991104,complete uniform-Kmax initialization + all deletion scoring + gradient relocation + exact refit validation,chord_length,"[0.16303980777323737, 0.19794969833729195, 0.33261363106595476, 0.3725829051719779, 0.5902195308296717, 0.6113772803331258, 0.6295191947655506, 0.8559581875384857]"
403,11,7,2.5e-05,ours,2.4847746880065496e-05,9,2,-2,True,20.041400000000003,synchronized batch-1 network forward only; input preloaded on device; final refit and verified repair excluded,network_predicted,"[0.11944058537483215, 0.2019275277853012, 0.23688136041164398, 0.4168946444988251, 0.4459707736968994, 0.564856231212616, 0.5961066484451294, 0.6291223764419556, 0.8443439602851868]"
403,11,7,2.5e-05,kang_sparse_2015_adaptation,1.9521994467055892e-05,5,-2,-6,True,2865.716100001009,complete sparse ADMM selection + relocation + endpoint-constrained verification/fallback + final refit,chord_length,"[0.29230182926829273, 0.4007240853658537, 0.5849847560975611, 0.6857850609756098, 0.7907774390243903]"
403,11,7,2.5e-05,uniform_gradient_pruning,1.6566071967134055e-05,5,-2,-6,True,13827.44829999865,complete uniform-Kmax initialization + all deletion scoring + gradient relocation + exact refit validation,chord_length,"[0.3175425150805939, 0.3913839110464306, 0.57897616624981, 0.7025604280642859, 0.7787988336396712]"
3650,11,8,2.5e-05,ours,2.4973424659480384e-05,18,10,7,True,17.032600000000002,synchronized batch-1 network forward only; input preloaded on device; final refit and verified repair excluded,network_predicted,"[0.07802239060401917, 0.11246651411056519, 0.14985224604606628, 0.18703004717826843, 0.31311261653900146, 0.3433341383934021, 0.3745403587818146, 0.4064893126487732, 0.4396315813064575, 0.47291040420532227, 0.5059364438056946, 0.6041867733001709, 0.6373268365859985, 0.6722195148468018, 0.7834886312484741, 0.8176389932632446, 0.8536365628242493, 0.9393607378005981]"
3650,11,8,2.5e-05,kang_sparse_2015_adaptation,1.7820401539817024e-05,8,0,-3,True,2759.5475999987684,complete sparse ADMM selection + relocation + endpoint-constrained verification/fallback + final refit,chord_length,"[0.1400533536585366, 0.2503810975609756, 0.3466082317073171, 0.44759908536585363, 0.5552591463414634, 0.6238567073170732, 0.6901676829268292, 0.7808689024390244]"
3650,11,8,2.5e-05,uniform_gradient_pruning,1.7371348749430563e-05,8,0,-3,True,11972.101499995915,complete uniform-Kmax initialization + all deletion scoring + gradient relocation + exact refit validation,chord_length,"[0.14660728177350346, 0.24224529624642022, 0.36276455648636263, 0.4263092136793617, 0.5829719408105694, 0.6042514680048049, 0.7047901615004402, 0.7952218785839866]"
3942,11,8,2.5e-05,ours,2.3489936543350387e-05,11,3,0,True,17.115000000000002,synchronized batch-1 network forward only; input preloaded on device; final refit and verified repair excluded,network_predicted,"[0.07471493631601334, 0.1900716871023178, 0.38628172874450684, 0.44643259048461914, 0.4762917160987854, 0.505912721157074, 0.6289030909538269, 0.6639198660850525, 0.7016475200653076, 0.8483501672744751, 0.8902932405471802]"
3942,11,8,2.5e-05,kang_sparse_2015_adaptation,2.0529863256734375e-05,8,0,-3,True,2759.2920000170125,complete sparse ADMM selection + relocation + endpoint-constrained verification/fallback + final refit,chord_length,"[0.14615091463414637, 0.24371189024390244, 0.3168826219512195, 0.4386432926829269, 0.5118140243902439, 0.6829268292682926, 0.7297541920731707, 0.7560975609756098]"
3942,11,8,2.5e-05,uniform_gradient_pruning,1.8048000895570656e-05,7,-1,-4,True,13141.522300007637,complete uniform-Kmax initialization + all deletion scoring + gradient relocation + exact refit validation,chord_length,"[0.12718778272726153, 0.24799379505953628, 0.28614719141907125, 0.4319730248646567, 0.6937634487744229, 0.7229549254118345, 0.7632853977696333]"
300,11,7,2.5e-05,ours,2.4975130847546896e-05,15,8,4,True,19.6462,synchronized batch-1 network forward only; input preloaded on device; final refit and verified repair excluded,network_predicted,"[0.1408843994140625, 0.1788589209318161, 0.21434853971004486, 0.2766348123550415, 0.3731144666671753, 0.4050162136554718, 0.43729352951049805, 0.5695031881332397, 0.6032061576843262, 0.6382801532745361, 0.711616575717926, 0.7481366991996765, 0.7828283905982971, 0.8500328660011292, 0.8902374505996704]"
300,11,7,2.5e-05,kang_sparse_2015_adaptation,2.3750544011181922e-05,6,-1,-5,True,3042.963799991412,complete sparse ADMM selection + relocation + endpoint-constrained verification/fallback + final refit,chord_length,"[0.2193216463414634, 0.24447408536585363, 0.38014481707317077, 0.5315358231707317, 0.6749237804878049, 0.7679115853658537]"
300,11,7,2.5e-05,uniform_gradient_pruning,2.2622767924722392e-05,5,-2,-6,True,15553.142200005823,complete uniform-Kmax initialization + all deletion scoring + gradient relocation + exact refit validation,chord_length,"[0.27516724036825996, 0.3800815875248627, 0.5228642180058198, 0.6983872245550309, 0.7492494823615907]"
2868,11,8,2.5e-05,ours,2.4905764870436115e-05,12,4,1,True,17.7705,synchronized batch-1 network forward only; input preloaded on device; final refit and verified repair excluded,network_predicted,"[0.11748668551445007, 0.15897923707962036, 0.2673162817955017, 0.32592782378196716, 0.387993723154068, 0.4786436855792999, 0.5092154145240784, 0.540894627571106, 0.6039140820503235, 0.6702554821968079, 0.8486438989639282, 0.8896444439888]"
2868,11,8,2.5e-05,kang_sparse_2015_adaptation,1.4607664953026212e-05,8,0,-3,True,3066.151600010926,complete sparse ADMM selection + relocation + endpoint-constrained verification/fallback + final refit,chord_length,"[0.19035823170731708, 0.25400152439024387, 0.32202743902439024, 0.45846036585365857, 0.5695503048780488, 0.6543445121951218, 0.7564786585365854, 0.8294588414634145]"
2868,11,8,2.5e-05,uniform_gradient_pruning,1.6500049977986174e-05,7,-1,-4,True,12107.706200011307,complete uniform-Kmax initialization + all deletion scoring + gradient relocation + exact refit validation,chord_length,"[0.21793379664285936, 0.25407068206898487, 0.30486575324227916, 0.4662480060396823, 0.5549541426732142, 0.6585308008951918, 0.7449292318562271]"
2825,11,7,2.5e-05,ours,2.4637661348168156e-05,13,6,2,True,18.3952,synchronized batch-1 network forward only; input preloaded on device; final refit and verified repair excluded,network_predicted,"[0.07580481469631195, 0.25401970744132996, 0.28566649556159973, 0.3495112657546997, 0.4787288308143616, 0.5439334511756897, 0.5768206119537354, 0.6101667284965515, 0.644535481929779, 0.7195765376091003, 0.8242435455322266, 0.8585629463195801, 0.8982199430465698]"
2825,11,7,2.5e-05,kang_sparse_2015_adaptation,1.1707374164559023e-05,7,0,-4,True,3048.3150000072783,complete sparse ADMM selection + relocation + endpoint-constrained verification/fallback + final refit,chord_length,"[0.14653201219512196, 0.21970274390243905, 0.36547256097560976, 0.5128620426829269, 0.5855564024390243, 0.6749237804878049, 0.8534679878048781]"
2825,11,7,2.5e-05,uniform_gradient_pruning,2.370689290462912e-05,6,-1,-5,True,13411.535700011882,complete uniform-Kmax initialization + all deletion scoring + gradient relocation + exact refit validation,chord_length,"[0.21873973319042989, 0.3336019161244127, 0.5265927644288835, 0.5731160908694422, 0.6662026919278554, 0.8795978435249602]"
3566,11,6,2.5e-05,ours,2.4931132939952604e-05,11,5,0,True,18.6431,synchronized batch-1 network forward only; input preloaded on device; final refit and verified repair excluded,network_predicted,"[0.15532368421554565, 0.1965046375989914, 0.29616066813468933, 0.3611633777618408, 0.45881199836730957, 0.552875280380249, 0.5835182666778564, 0.7821695804595947, 0.8483796119689941, 0.8895924091339111, 0.936221182346344]"
3566,11,6,2.5e-05,kang_sparse_2015_adaptation,1.4631973156718903e-05,7,1,-4,True,2865.2620000066236,complete sparse ADMM selection + relocation + endpoint-constrained verification/fallback + final refit,chord_length,"[0.12709603658536583, 0.21970274390243905, 0.3578506097560976, 0.4548399390243903, 0.5712652439024389, 0.6800685975609755, 0.7968750000000001]"
3566,11,6,2.5e-05,uniform_gradient_pruning,1.7435658074682842e-05,6,0,-5,True,13129.361999992398,complete uniform-Kmax initialization + all deletion scoring + gradient relocation + exact refit validation,chord_length,"[0.15222697706496963, 0.19891780729975173, 0.5023824355462347, 0.5424039077413877, 0.6869298662521128, 0.7905700708961201]"
2537,12,5,2.5e-05,ours,2.4694050759443457e-05,8,3,-4,True,17.27785,synchronized batch-1 network forward only; input preloaded on device; final refit and verified repair excluded,network_predicted,"[0.18267948925495148, 0.2523861527442932, 0.36058327555656433, 0.391002357006073, 0.605050802230835, 0.7359588742256165, 0.8039109706878662, 0.8187409043312073]"
2537,12,5,2.5e-05,kang_sparse_2015_adaptation,8.636114146893535e-06,7,2,-5,True,2824.360099999467,complete sparse ADMM selection + relocation + endpoint-constrained verification/fallback + final refit,chord_length,"[0.13395579268292684, 0.2246570121951219, 0.32641006097560976, 0.4636051829268293, 0.6339557926829269, 0.7402820121951219, 0.8342225609756097]"
2537,12,5,2.5e-05,uniform_gradient_pruning,2.355858216153307e-05,5,0,-7,True,13078.441600009683,complete uniform-Kmax initialization + all deletion scoring + gradient relocation + exact refit validation,chord_length,"[0.11492271317662171, 0.307402112995927, 0.6214446881498095, 0.7630237954199617, 0.816520295819725]"
3963,12,7,2.5e-05,ours,2.455722572381293e-05,12,5,0,True,17.571350000000002,synchronized batch-1 network forward only; input preloaded on device; final refit and verified repair excluded,network_predicted,"[0.11703027784824371, 0.15828393399715424, 0.3322364091873169, 0.365206241607666, 0.3983045220375061, 0.430642306804657, 0.5504979491233826, 0.6122095584869385, 0.6425415277481079, 0.6742126941680908, 0.708341121673584, 0.8884382843971252]"
3963,12,7,2.5e-05,kang_sparse_2015_adaptation,1.2943276418686856e-05,9,2,-3,True,2862.806000004639,complete sparse ADMM selection + relocation + endpoint-constrained verification/fallback + final refit,chord_length,"[0.17054115853658536, 0.2679115853658537, 0.34127286585365857, 0.41425304878048785, 0.5118140243902439, 0.5856040396341462, 0.6341463414634146, 0.6829268292682926, 0.8294588414634145]"
3963,12,7,2.5e-05,uniform_gradient_pruning,1.1382126853277774e-05,7,0,-5,True,12510.186400002567,complete uniform-Kmax initialization + all deletion scoring + gradient relocation + exact refit validation,chord_length,"[0.1295540075569837, 0.3907046787778581, 0.4471923364298633, 0.4692190149555514, 0.5973701265382032, 0.6324830959656311, 0.6708520927844199]"
3834,12,8,2.5e-05,ours,1.816346634562901e-05,9,1,-3,True,17.831899999999997,synchronized batch-1 network forward only; input preloaded on device; final refit and verified repair excluded,network_predicted,"[0.11303208768367767, 0.15082179009914398, 0.3133818209171295, 0.37336257100105286, 0.4038410484790802, 0.5312514901161194, 0.6645992398262024, 0.775526225566864, 0.8886328339576721]"
3834,12,8,2.5e-05,kang_sparse_2015_adaptation,1.7217976747224925e-05,6,-2,-6,True,3107.67019999912,complete sparse ADMM selection + relocation + endpoint-constrained verification/fallback + final refit,chord_length,"[0.17054115853658536, 0.28182164634146345, 0.38205030487804875, 0.484375, 0.5895579268292682, 0.7076981707317073]"
3834,12,8,2.5e-05,uniform_gradient_pruning,2.4303626227686122e-05,5,-3,-7,True,14087.372200010577,complete uniform-Kmax initialization + all deletion scoring + gradient relocation + exact refit validation,chord_length,"[0.2569937386931245, 0.4133125859772987, 0.5044052139197767, 0.5893869676090193, 0.689048984880697]"
3514,12,9,2.5e-05,ours,2.129500103275173e-05,9,0,-3,True,18.4846,synchronized batch-1 network forward only; input preloaded on device; final refit and verified repair excluded,network_predicted,"[0.11430738866329193, 0.15683048963546753, 0.19973313808441162, 0.4315425157546997, 0.5770792365074158, 0.6715731024742126, 0.777762770652771, 0.8108099102973938, 0.8874242901802063]"
3514,12,9,2.5e-05,kang_sparse_2015_adaptation,2.410003354186043e-05,8,-1,-4,True,2917.967299988959,complete sparse ADMM selection + relocation + endpoint-constrained verification/fallback + final refit,chord_length,"[0.12214176829268292, 0.29230182926829273, 0.36547256097560976, 0.4632240853658537, 0.5383955792682926, 0.6421493902439023, 0.7328506097560975, 0.8050685975609755]"
3514,12,9,2.5e-05,uniform_gradient_pruning,2.2797760913816417e-05,7,-2,-5,True,16062.144299998181,complete uniform-Kmax initialization + all deletion scoring + gradient relocation + exact refit validation,chord_length,"[0.13507171875671176, 0.3336601044393701, 0.5274573452505098, 0.555239250896445, 0.6624246054546966, 0.7258209772989355, 0.7931755993121532]"
905,12,8,2.5e-05,ours,2.497364483289866e-05,14,6,2,True,18.230800000000002,synchronized batch-1 network forward only; input preloaded on device; final refit and verified repair excluded,network_predicted,"[0.08977819979190826, 0.1319345235824585, 0.21775679290294647, 0.2524895966053009, 0.3166651427745819, 0.40082404017448425, 0.4566165506839752, 0.5703846216201782, 0.6010774374008179, 0.7794403433799744, 0.812938928604126, 0.8477343320846558, 0.8889704942703247, 0.9358516335487366]"
905,12,8,2.5e-05,kang_sparse_2015_adaptation,1.2422757767747373e-05,9,1,-3,True,3103.400000007241,complete sparse ADMM selection + relocation + endpoint-constrained verification/fallback + final refit,chord_length,"[0.1461509146341463, 0.20064786585365857, 0.2686737804878049, 0.3418445121951219, 0.43921493902439024, 0.5377286585365854, 0.682545731707317, 0.7785823170731708, 0.8578506097560975]"
905,12,8,2.5e-05,uniform_gradient_pruning,1.2932037481905948e-05,8,0,-4,True,13283.881600000313,complete uniform-Kmax initialization + all deletion scoring + gradient relocation + exact refit validation,chord_length,"[0.23566870887993593, 0.27079319141018987, 0.30832090759580455, 0.4465498584536237, 0.531606845350027, 0.690270362525205, 0.7896019606785403, 0.8459808693078581]"
740,12,9,2.5e-05,ours,2.4384601666421192e-05,13,4,1,True,18.350700000000003,synchronized batch-1 network forward only; input preloaded on device; final refit and verified repair excluded,network_predicted,"[0.07247693091630936, 0.1932055801153183, 0.23284125328063965, 0.30143770575523376, 0.335247278213501, 0.40240952372550964, 0.43502068519592285, 0.5839523077011108, 0.61391681432724, 0.6438472270965576, 0.7790849804878235, 0.8474482893943787, 0.8889760375022888]"
740,12,9,2.5e-05,kang_sparse_2015_adaptation,1.7741999057539756e-05,8,-1,-4,True,2980.7055999990553,complete sparse ADMM selection + relocation + endpoint-constrained verification/fallback + final refit,chord_length,"[0.12214176829268292, 0.24066310975609756, 0.3168826219512195, 0.41425304878048785, 0.5032393292682926, 0.5926067073170732, 0.704077743902439, 0.7907774390243903]"
740,12,9,2.5e-05,uniform_gradient_pruning,2.3940017317320593e-05,7,-2,-5,True,13833.014500007266,complete uniform-Kmax initialization + all deletion scoring + gradient relocation + exact refit validation,chord_length,"[0.16337449583680042, 0.2767729851550833, 0.42381540309152976, 0.515623786955533, 0.571870371910596, 0.7164728876856239, 0.7842688826271127]"
1811,12,8,2.5e-05,ours,1.8912135647647264e-05,8,0,-4,True,21.59675,synchronized batch-1 network forward only; input preloaded on device; final refit and verified repair excluded,network_predicted,"[0.12378336489200592, 0.27872416377067566, 0.31252521276474, 0.34645187854766846, 0.5897398591041565, 0.651810348033905, 0.7920093536376953, 0.8986125588417053]"
1811,12,8,2.5e-05,kang_sparse_2015_adaptation,1.7219462370521257e-05,6,-2,-6,True,3456.776999984868,complete sparse ADMM selection + relocation + endpoint-constrained verification/fallback + final refit,chord_length,"[0.21474847560975613, 0.27477134146341464, 0.4256859756097561, 0.5847942073170731, 0.6833079268292682, 0.8534679878048781]"
1811,12,8,2.5e-05,uniform_gradient_pruning,2.2169797535091307e-05,5,-3,-7,True,15638.444100011839,complete uniform-Kmax initialization + all deletion scoring + gradient relocation + exact refit validation,chord_length,"[0.347494891092217, 0.39956468489576796, 0.6099531290100444, 0.6509238149760836, 0.819895641379536]"
2098,12,8,2.5e-05,ours,2.4848142282481224e-05,18,10,6,True,19.932850000000002,synchronized batch-1 network forward only; input preloaded on device; final refit and verified repair excluded,network_predicted,"[0.07791917771100998, 0.11413297057151794, 0.15465082228183746, 0.19448506832122803, 0.3535051941871643, 0.3836824595928192, 0.4149569571018219, 0.44577836990356445, 0.47601404786109924, 0.5059735178947449, 0.5377749800682068, 0.5702735781669617, 0.602698028087616, 0.6691735982894897, 0.7049763798713684, 0.742185652256012, 0.8113337755203247, 0.8876994848251343]"
2098,12,8,2.5e-05,kang_sparse_2015_adaptation,1.5847479108415616e-05,7,-1,-5,True,2914.023700010148,complete sparse ADMM selection + relocation + endpoint-constrained verification/fallback + final refit,chord_length,"[0.11833079268292682, 0.21512957317073172, 0.33422256097560976, 0.45407774390243905, 0.5544969512195123, 0.6589176829268292, 0.8006859756097561]"
2098,12,8,2.5e-05,uniform_gradient_pruning,1.3277742667486809e-05,7,-1,-5,True,13852.828999995836,complete uniform-Kmax initialization + all deletion scoring + gradient relocation + exact refit validation,chord_length,"[0.1129728089989917, 0.23519375592455477, 0.3130226985375711, 0.4729593453947944, 0.575406646383312, 0.5934509252225212, 0.8239445026194616]"
2453,12,8,2.5e-05,ours,2.4984146838367383e-05,12,4,0,True,18.29885,synchronized batch-1 network forward only; input preloaded on device; final refit and verified repair excluded,network_predicted,"[0.0804319679737091, 0.11704668402671814, 0.23305635154247284, 0.2962956428527832, 0.3266429305076599, 0.35793423652648926, 0.4856261909008026, 0.5463957190513611, 0.6755079030990601, 0.7107961177825928, 0.7473763227462769, 0.8525522947311401]"
2453,12,8,2.5e-05,kang_sparse_2015_adaptation,2.0535317038131434e-05,8,0,-4,True,3058.508799993433,complete sparse ADMM selection + relocation + endpoint-constrained verification/fallback + final refit,chord_length,"[0.14462652439024393, 0.22160823170731703, 0.3144054878048781, 0.4051067073170732, 0.536204268292683, 0.5796493902439025, 0.6589176829268292, 0.8189786585365854]"
2453,12,8,2.5e-05,uniform_gradient_pruning,2.016426844706757e-05,7,-1,-5,True,14018.740800005617,complete uniform-Kmax initialization + all deletion scoring + gradient relocation + exact refit validation,chord_length,"[0.17306887198660123, 0.20672756810474294, 0.2732752087534426, 0.3326272018609467, 0.39111585993183184, 0.6042282424792721, 0.6435949630895038]"
1852,12,7,2.5e-05,ours,2.4602347229925852e-05,10,3,-2,True,17.9495,synchronized batch-1 network forward only; input preloaded on device; final refit and verified repair excluded,network_predicted,"[0.15933451056480408, 0.200374037027359, 0.23472051322460175, 0.2968389093875885, 0.35890740156173706, 0.4203956425189972, 0.5173439979553223, 0.6455317735671997, 0.7137541174888611, 0.7507908344268799]"
1852,12,7,2.5e-05,kang_sparse_2015_adaptation,1.3830817812336609e-05,7,0,-5,True,2772.6690999843413,complete sparse ADMM selection + relocation + endpoint-constrained verification/fallback + final refit,chord_length,"[0.24028201219512196, 0.3317454268292683, 0.4401676829268293, 0.4891387195121951, 0.6421493902439025, 0.7541920731707318, 0.8050685975609755]"
1852,12,7,2.5e-05,uniform_gradient_pruning,1.5028472181387232e-05,6,-1,-6,True,15891.888300000574,complete uniform-Kmax initialization + all deletion scoring + gradient relocation + exact refit validation,chord_length,"[0.24676409990642573, 0.3368896571834612, 0.41663592892583634, 0.6493760745722246, 0.7613242445930687, 0.789308346505414]"
785,12,8,2.5e-05,ours,1.8532611097103043e-05,8,0,-4,True,20.53245,synchronized batch-1 network forward only; input preloaded on device; final refit and verified repair excluded,network_predicted,"[0.08122538775205612, 0.20324845612049103, 0.30822619795799255, 0.46012431383132935, 0.5759257078170776, 0.6073980331420898, 0.8086743354797363, 0.9311875700950623]"
785,12,8,2.5e-05,kang_sparse_2015_adaptation,1.1485520989764101e-05,7,-1,-5,True,3287.216900003841,complete sparse ADMM selection + relocation + endpoint-constrained verification/fallback + final refit,chord_length,"[0.12900152439024393, 0.24409298780487804, 0.3715701219512195, 0.5057164634146342, 0.6274771341463414, 0.7679115853658537, 0.8631859756097561]"
785,12,8,2.5e-05,uniform_gradient_pruning,1.0073681675254396e-05,7,-1,-5,True,14772.44209998753,complete uniform-Kmax initialization + all deletion scoring + gradient relocation + exact refit validation,chord_length,"[0.16827843570192885, 0.2288487474397747, 0.35793498177019234, 0.5116423476485394, 0.6175870776705068, 0.7809471043504072, 0.8623404525566358]"
2813,12,8,2.5e-05,ours,2.393384312261367e-05,11,3,-1,True,19.22485,synchronized batch-1 network forward only; input preloaded on device; final refit and verified repair excluded,network_predicted,"[0.16099175810813904, 0.2026413232088089, 0.3050349950790405, 0.36915886402130127, 0.4001237452030182, 0.4918040335178375, 0.6136074066162109, 0.6769395470619202, 0.7820149660110474, 0.8146656155586243, 0.8903049230575562]"
2813,12,8,2.5e-05,kang_sparse_2015_adaptation,1.0059565640976564e-05,8,0,-4,True,3496.597399993334,complete sparse ADMM selection + relocation + endpoint-constrained verification/fallback + final refit,chord_length,"[0.1949314024390244, 0.2679115853658537, 0.38071646341463417, 0.42892530487804886, 0.4979039634146341, 0.6246189024390244, 0.7214176829268292, 0.8294588414634145]"
2813,12,8,2.5e-05,uniform_gradient_pruning,1.7974937897384144e-05,7,-1,-5,True,15362.00550000649,complete uniform-Kmax initialization + all deletion scoring + gradient relocation + exact refit validation,chord_length,"[0.21703877742776503, 0.29350225775395, 0.3392464869561295, 0.457068912649443, 0.48502951112796944, 0.6326930152018915, 0.6828628531206874]"
1148,12,7,2.5e-05,ours,2.4498604561399272e-05,7,0,-5,True,20.15965,synchronized batch-1 network forward only; input preloaded on device; final refit and verified repair excluded,network_predicted,"[0.1585894078016281, 0.268128901720047, 0.2995522618293762, 0.4579196572303772, 0.48882928490638733, 0.680853545665741, 0.8552766442298889]"
1148,12,7,2.5e-05,kang_sparse_2015_adaptation,1.9534640536327337e-05,6,-1,-6,True,3080.0617999921087,complete sparse ADMM selection + relocation + endpoint-constrained verification/fallback + final refit,chord_length,"[0.20788871951219512, 0.29439786585365857, 0.390625, 0.5851753048780488, 0.7162728658536586, 0.8090701219512194]"
1148,12,7,2.5e-05,uniform_gradient_pruning,2.193024305615616e-05,6,-1,-6,True,15055.174900000566,complete uniform-Kmax initialization + all deletion scoring + gradient relocation + exact refit validation,chord_length,"[0.21756049160199184, 0.29153109637176733, 0.408870222930273, 0.543835733154599, 0.74694720136941, 0.793586428193745]"
2255,12,8,2.5e-05,ours,2.3570770514449393e-05,9,1,-3,True,18.866349999999997,synchronized batch-1 network forward only; input preloaded on device; final refit and verified repair excluded,network_predicted,"[0.12125693261623383, 0.27277812361717224, 0.30448877811431885, 0.48909637331962585, 0.5502520799636841, 0.581945538520813, 0.7516070604324341, 0.7859311103820801, 0.8927399516105652]"
2255,12,8,2.5e-05,kang_sparse_2015_adaptation,8.96130296126599e-06,8,0,-4,True,3424.887700006366,complete sparse ADMM selection + relocation + endpoint-constrained verification/fallback + final refit,chord_length,"[0.2193216463414634, 0.3151676829268293, 0.43883384146341464, 0.5215320121951219, 0.6339557926829269, 0.723704268292683, 0.7968750000000001, 0.8692835365853658]"
2255,12,8,2.5e-05,uniform_gradient_pruning,1.812998146515366e-05,7,-1,-5,True,13083.426200013491,complete uniform-Kmax initialization + all deletion scoring + gradient relocation + exact refit validation,chord_length,"[0.2305968554456881, 0.29259238580675245, 0.4527117191936728, 0.5188650204611085, 0.6037417804600804, 0.7240164745414464, 0.7715350841760532]"
2369,12,8,2.5e-05,ours,2.083441919664426e-05,10,2,-2,True,18.90715,synchronized batch-1 network forward only; input preloaded on device; final refit and verified repair excluded,network_predicted,"[0.173264741897583, 0.2889617085456848, 0.324893981218338, 0.392727792263031, 0.48686128854751587, 0.6389895677566528, 0.6698525547981262, 0.834621250629425, 0.8675343990325928, 0.9046857953071594]"
2369,12,8,2.5e-05,kang_sparse_2015_adaptation,1.7375126283660706e-05,8,0,-4,True,2841.5788000129396,complete sparse ADMM selection + relocation + endpoint-constrained verification/fallback + final refit,chord_length,"[0.12214176829268295, 0.24371189024390244, 0.3168826219512195, 0.39977134146341464, 0.49485518292682923, 0.620045731707317, 0.7176067073170732, 0.8052591463414634]"
2369,12,8,2.5e-05,uniform_gradient_pruning,1.6707296916658162e-05,7,-1,-5,True,12657.707699996536,complete uniform-Kmax initialization + all deletion scoring + gradient relocation + exact refit validation,chord_length,"[0.10717173374998014, 0.37401450699121863, 0.4198030325430673, 0.4756554722765923, 0.6237219437498353, 0.7153384992139483, 0.8059070759938215]"
519,12,7,2.5e-05,ours,2.4998587745529526e-05,18,11,6,True,17.4584,synchronized batch-1 network forward only; input preloaded on device; final refit and verified repair excluded,network_predicted,"[0.05218387022614479, 0.08788780868053436, 0.17433494329452515, 0.21671369671821594, 0.28354784846305847, 0.3464367985725403, 0.4383968412876129, 0.467369943857193, 0.4955448508262634, 0.523635983467102, 0.5521925091743469, 0.5811755657196045, 0.61015385389328, 0.6394184827804565, 0.7709728479385376, 0.8051663637161255, 0.8412042856216431, 0.8840959072113037]"
519,12,7,2.5e-05,kang_sparse_2015_adaptation,1.1098218512704832e-05,8,1,-4,True,2801.8745000008494,complete sparse ADMM selection + relocation + endpoint-constrained verification/fallback + final refit,chord_length,"[0.1053734756097561, 0.23913871951219512, 0.36547256097560976, 0.4632240853658537, 0.5377286585365854, 0.6343368902439024, 0.7694359756097561, 0.8548018292682927]"
519,12,7,2.5e-05,uniform_gradient_pruning,1.7967057358567707e-05,7,0,-5,True,12575.26539999526,complete uniform-Kmax initialization + all deletion scoring + gradient relocation + exact refit validation,chord_length,"[0.11470005800331586, 0.2675298215265713, 0.3019668996949136, 0.5737441021635723, 0.6289504547903783, 0.7793583971284962, 0.8531038577071776]"
2976,12,8,2.5e-05,ours,2.4048656246343858e-05,8,0,-4,True,19.95335,synchronized batch-1 network forward only; input preloaded on device; final refit and verified repair excluded,network_predicted,"[0.17496709525585175, 0.28988513350486755, 0.32222267985343933, 0.4501926302909851, 0.48025673627853394, 0.7683988809585571, 0.8009671568870544, 0.9440117478370667]"
2976,12,8,2.5e-05,kang_sparse_2015_adaptation,1.4068916668432949e-05,7,-1,-5,True,3285.941599999205,complete sparse ADMM selection + relocation + endpoint-constrained verification/fallback + final refit,chord_length,"[0.1949314024390244, 0.30697408536585374, 0.4342606707317074, 0.560594512195122, 0.651295731707317, 0.7170350609756098, 0.8294588414634145]"
2976,12,8,2.5e-05,uniform_gradient_pruning,1.1258365996835811e-05,7,-1,-5,True,12567.599700007122,complete uniform-Kmax initialization + all deletion scoring + gradient relocation + exact refit validation,chord_length,"[0.18806302572787198, 0.3170123284596087, 0.4132508150499298, 0.5992477727937155, 0.6582809181222654, 0.7477638019733938, 0.7848006419730121]"
1440,12,8,2.5e-05,ours,2.3991075221801903e-05,10,2,-2,True,17.3185,synchronized batch-1 network forward only; input preloaded on device; final refit and verified repair excluded,network_predicted,"[0.11290910094976425, 0.15431885421276093, 0.231183260679245, 0.3254452347755432, 0.4496164917945862, 0.5140142440795898, 0.6083038449287415, 0.6396198868751526, 0.7078595757484436, 0.8465239405632019]"
1440,12,8,2.5e-05,kang_sparse_2015_adaptation,1.6427807343808377e-05,9,1,-3,True,2786.814700011746,complete sparse ADMM selection + relocation + endpoint-constrained verification/fallback + final refit,chord_length,"[0.0977515243902439, 0.20598323170731708, 0.32259908536585363, 0.390625, 0.5118140243902439, 0.6095655487804879, 0.6588700457317073, 0.7073170731707317, 0.7560975609756098]"
1440,12,8,2.5e-05,uniform_gradient_pruning,2.468083682092084e-05,7,-1,-5,True,13516.764299987699,complete uniform-Kmax initialization + all deletion scoring + gradient relocation + exact refit validation,chord_length,"[0.2257974041048137, 0.3455691168661956, 0.4030082491799069, 0.49776054635376943, 0.5811506369151141, 0.6730747073755833, 0.7621897017886561]"
1249,12,9,2.5e-05,ours,2.2517801917504865e-05,10,1,-2,True,17.598,synchronized batch-1 network forward only; input preloaded on device; final refit and verified repair excluded,network_predicted,"[0.10871949791908264, 0.1877973973751068, 0.3150644302368164, 0.34508880972862244, 0.46545085310935974, 0.5601463317871094, 0.6279096603393555, 0.7385603189468384, 0.8457890748977661, 0.8877066969871521]"
1249,12,9,2.5e-05,kang_sparse_2015_adaptation,7.3558736992118215e-06,9,0,-3,True,2778.1809000007343,complete sparse ADMM selection + relocation + endpoint-constrained verification/fallback + final refit,chord_length,"[0.1949314024390244, 0.2808689024390244, 0.33479420731707316, 0.4064405487804878, 0.4575076219512195, 0.5247713414634146, 0.6124237804878049, 0.7328506097560975, 0.8098323170731708]"
1249,12,9,2.5e-05,uniform_gradient_pruning,1.7057736094325392e-05,8,-1,-4,True,11971.103799995035,complete uniform-Kmax initialization + all deletion scoring + gradient relocation + exact refit validation,chord_length,"[0.30536014452133686, 0.3493670793704566, 0.41082062048545, 0.48885823160084424, 0.5421317224633355, 0.5870967166856917, 0.7313727490795843, 0.818726616744573]"
3305,12,8,2.5e-05,ours,2.4671114974220172e-05,10,2,-2,True,17.6145,synchronized batch-1 network forward only; input preloaded on device; final refit and verified repair excluded,network_predicted,"[0.0898536965250969, 0.21749606728553772, 0.28515294194221497, 0.35183611512184143, 0.5408325791358948, 0.6027602553367615, 0.6987723708152771, 0.7340825200080872, 0.7691192626953125, 0.8661932945251465]"
3305,12,8,2.5e-05,kang_sparse_2015_adaptation,1.5134335622264843e-05,9,1,-3,True,2744.005599990487,complete sparse ADMM selection + relocation + endpoint-constrained verification/fallback + final refit,chord_length,"[0.0977515243902439, 0.17778201219512196, 0.25647865853658536, 0.36985518292682923, 0.5118140243902439, 0.6275724085365855, 0.7557164634146342, 0.8016387195121952, 0.879954268292683]"
3305,12,8,2.5e-05,uniform_gradient_pruning,2.2142624814051615e-05,8,0,-4,True,12476.18369999691,complete uniform-Kmax initialization + all deletion scoring + gradient relocation + exact refit validation,chord_length,"[0.09667374233566323, 0.18699375929864617, 0.22988172770740095, 0.549162287528882, 0.6508772193406098, 0.7660055093802863, 0.8030566043343645, 0.8492663244588698]"
886,13,7,2.5e-05,ours,2.092582782954751e-05,9,2,-4,True,17.6107,synchronized batch-1 network forward only; input preloaded on device; final refit and verified repair excluded,network_predicted,"[0.08257099986076355, 0.1614464372396469, 0.2399628609418869, 0.43060818314552307, 0.46176016330718994, 0.6479387879371643, 0.681652307510376, 0.8567390441894531, 0.896794855594635]"
886,13,7,2.5e-05,kang_sparse_2015_adaptation,1.3438687586873527e-05,7,0,-6,True,2848.4080999915022,complete sparse ADMM selection + relocation + endpoint-constrained verification/fallback + final refit,chord_length,"[0.0977515243902439, 0.21970274390243905, 0.3172637195121951, 0.5365853658536586, 0.537252286585366, 0.6711128048780487, 0.7823932926829268]"
886,13,7,2.5e-05,uniform_gradient_pruning,1.3789695142263779e-05,7,0,-6,True,12252.284299989697,complete uniform-Kmax initialization + all deletion scoring + gradient relocation + exact refit validation,chord_length,"[0.1358560021367135, 0.1685332903761094, 0.3120045623145987, 0.53139493259867, 0.5564501124643328, 0.651702753259552, 0.7738698625032434]"
608,13,7,2.5e-05,ours,2.4049786454029494e-05,8,1,-5,True,18.285800000000002,synchronized batch-1 network forward only; input preloaded on device; final refit and verified repair excluded,network_predicted,"[0.11057548224925995, 0.14925934374332428, 0.18802355229854584, 0.3429780900478363, 0.4943344295024872, 0.6583199501037598, 0.7743497490882874, 0.8876408934593201]"
608,13,7,2.5e-05,kang_sparse_2015_adaptation,2.1770393530866822e-05,5,-2,-8,True,3123.717399997986,complete sparse ADMM selection + relocation + endpoint-constrained verification/fallback + final refit,chord_length,"[0.16958841463414637, 0.30830792682926833, 0.436547256097561, 0.5613567073170732, 0.7719131097560976]"
608,13,7,2.5e-05,uniform_gradient_pruning,2.0120550443001164e-05,5,-2,-8,True,16267.011900010402,complete uniform-Kmax initialization + all deletion scoring + gradient relocation + exact refit validation,chord_length,"[0.1635894374351516, 0.36241509028874425, 0.46308124033157655, 0.48875754027921947, 0.7868655223952181]"
3280,13,8,2.5e-05,ours,2.1118512624627283e-05,8,0,-5,True,17.543599999999998,synchronized batch-1 network forward only; input preloaded on device; final refit and verified repair excluded,network_predicted,"[0.08525675535202026, 0.27079305052757263, 0.3025004267692566, 0.46290239691734314, 0.4941349923610687, 0.5900753140449524, 0.7641096115112305, 0.8298476934432983]"
3280,13,8,2.5e-05,kang_sparse_2015_adaptation,4.343857237401813e-06,8,0,-5,True,2646.890700008953,complete sparse ADMM selection + relocation + endpoint-constrained verification/fallback + final refit,chord_length,"[0.1408155487804878, 0.2349466463414634, 0.34127286585365857, 0.44264481707317077, 0.5285823170731708, 0.6177591463414634, 0.7244664634146342, 0.8631859756097561]"
3280,13,8,2.5e-05,uniform_gradient_pruning,1.9609644808676595e-05,7,-1,-6,True,12503.617099995608,complete uniform-Kmax initialization + all deletion scoring + gradient relocation + exact refit validation,chord_length,"[0.14738359423367317, 0.24861577977822436, 0.30856426067979487, 0.41591277431704043, 0.5382874831066211, 0.761788684618897, 0.8908377401778631]"
2487,13,8,2.5e-05,ours,2.4679602037899048e-05,10,2,-3,True,19.38055,synchronized batch-1 network forward only; input preloaded on device; final refit and verified repair excluded,network_predicted,"[0.19357022643089294, 0.2290104627609253, 0.35718071460723877, 0.4528469145298004, 0.5154248476028442, 0.577703595161438, 0.6426692008972168, 0.7123023867607117, 0.8959978818893433, 0.9405438899993896]"
2487,13,8,2.5e-05,kang_sparse_2015_adaptation,1.3877317109557813e-05,9,1,-4,True,3231.8926000007195,complete sparse ADMM selection + relocation + endpoint-constrained verification/fallback + final refit,chord_length,"[0.11909298780487806, 0.1953125, 0.27096036585365857, 0.3784298780487805, 0.5268673780487805, 0.6261432926829268, 0.7557164634146342, 0.829077743902439, 0.9005335365853658]"
2487,13,8,2.5e-05,uniform_gradient_pruning,1.5441590792519578e-05,8,0,-5,True,12124.539600001299,complete uniform-Kmax initialization + all deletion scoring + gradient relocation + exact refit validation,chord_length,"[0.13429358710256245, 0.16184506864629475, 0.27224514452509097, 0.5215948434806168, 0.6121395391442591, 0.7573845271326893, 0.8573921467250206, 0.8778806082385749]"
1422,13,9,2.5e-05,ours,2.185857266856722e-05,10,1,-3,True,17.207349999999998,synchronized batch-1 network forward only; input preloaded on device; final refit and verified repair excluded,network_predicted,"[0.048025235533714294, 0.15730611979961395, 0.1976989060640335, 0.2649324834346771, 0.2965567708015442, 0.4539735019207001, 0.6422691345214844, 0.71198570728302, 0.8172187209129333, 0.893000602722168]"
1422,13,9,2.5e-05,kang_sparse_2015_adaptation,1.4114442222278586e-05,8,-1,-5,True,2994.1620999888983,complete sparse ADMM selection + relocation + endpoint-constrained verification/fallback + final refit,chord_length,"[0.18349847560975607, 0.2440929878048781, 0.34127286585365857, 0.43883384146341464, 0.560594512195122, 0.6596798780487804, 0.748094512195122, 0.8656631097560976]"
1422,13,9,2.5e-05,uniform_gradient_pruning,1.5334262566896762e-05,7,-2,-6,True,12343.7522000022,complete uniform-Kmax initialization + all deletion scoring + gradient relocation + exact refit validation,chord_length,"[0.17513336733984902, 0.3428539231587711, 0.4337862629538061, 0.5646883260245675, 0.6656967505970205, 0.7339783596387084, 0.8667579510307312]"
230,13,10,2.5e-05,ours,2.2203269926891715e-05,10,0,-3,True,17.06455,synchronized batch-1 network forward only; input preloaded on device; final refit and verified repair excluded,network_predicted,"[0.07890007644891739, 0.11593569070100784, 0.3014793395996094, 0.36628344655036926, 0.39746344089508057, 0.5524880886077881, 0.6799829602241516, 0.7154198288917542, 0.7520961761474609, 0.8190375566482544]"
230,13,10,2.5e-05,kang_sparse_2015_adaptation,1.104949997270451e-05,10,0,-3,True,2588.96479998657,complete sparse ADMM selection + relocation + endpoint-constrained verification/fallback + final refit,chord_length,"[0.16482469512195125, 0.2183689024390244, 0.30525914634146345, 0.35327743902439024, 0.4327362804878049, 0.5133384146341463, 0.6108993902439025, 0.6695884146341463, 0.7328506097560975, 0.8052591463414634]"
230,13,10,2.5e-05,uniform_gradient_pruning,1.613557849014836e-05,8,-2,-5,True,11660.992299992358,complete uniform-Kmax initialization + all deletion scoring + gradient relocation + exact refit validation,chord_length,"[0.15248367205987326, 0.21445989420725062, 0.3588931245240358, 0.40789306100291955, 0.6554874307354679, 0.71039128174911, 0.7461692047844749, 0.7724948876361301]"
846,13,8,2.5e-05,ours,2.4946305981183775e-05,12,4,-1,True,17.05225,synchronized batch-1 network forward only; input preloaded on device; final refit and verified repair excluded,network_predicted,"[0.19712504744529724, 0.30993786454200745, 0.3484737277030945, 0.3781501352787018, 0.4321121573448181, 0.5033925175666809, 0.5364711284637451, 0.608138382434845, 0.6666353344917297, 0.7316035628318787, 0.7787395715713501, 0.8072964549064636]"
846,13,8,2.5e-05,kang_sparse_2015_adaptation,1.5464461777292914e-05,8,0,-5,True,2772.2594999795547,complete sparse ADMM selection + relocation + endpoint-constrained verification/fallback + final refit,chord_length,"[0.13090701219512196, 0.29230182926829273, 0.3793826219512195, 0.4660823170731707, 0.5611661585365852, 0.682545731707317, 0.7650533536585367, 0.8538490853658536]"
846,13,8,2.5e-05,uniform_gradient_pruning,2.1203322576655674e-05,7,-1,-6,True,13454.049499996472,complete uniform-Kmax initialization + all deletion scoring + gradient relocation + exact refit validation,chord_length,"[0.11459329489338739, 0.2910178008500671, 0.38055449845324585, 0.4973173737071646, 0.5655063134627468, 0.7824219519065472, 0.8539566275433009]"
902,13,9,2.5e-05,ours,2.4992179198658025e-05,25,16,12,True,19.7706,synchronized batch-1 network forward only; input preloaded on device; final refit and verified repair excluded,network_predicted,"[0.04742296785116196, 0.07969338446855545, 0.11725561320781708, 0.16016507148742676, 0.20172688364982605, 0.23622065782546997, 0.2693416178226471, 0.33754536509513855, 0.3708706498146057, 0.40401846170425415, 0.4369935691356659, 0.47173893451690674, 0.5063797831535339, 0.5396842360496521, 0.5718037486076355, 0.6033114790916443, 0.6343622207641602, 0.6653979420661926, 0.7009356617927551, 0.7375826239585876, 0.7717908024787903, 0.8021351099014282, 0.8298065662384033, 0.860373854637146, 0.9403142333030701]"
902,13,9,2.5e-05,kang_sparse_2015_adaptation,1.8164041349617155e-05,11,2,-2,True,2959.1308000090066,complete sparse ADMM selection + relocation + endpoint-constrained verification/fallback + final refit,chord_length,"[0.17054115853658536, 0.2679115853658537, 0.34146341463414637, 0.36547256097560976, 0.4878048780487805, 0.5609756097560976, 0.5631669207317074, 0.7546684451219512, 0.7560975609756098, 0.829077743902439, 0.9188262195121951]"
902,13,9,2.5e-05,uniform_gradient_pruning,1.3656186749852064e-05,9,0,-4,True,11435.781699998188,complete uniform-Kmax initialization + all deletion scoring + gradient relocation + exact refit validation,chord_length,"[0.14580858142743672, 0.2809397648444194, 0.3196914208170891, 0.4743362041990678, 0.5715063316071872, 0.5914534926636359, 0.6966806789533253, 0.7109489170854671, 0.7869803701137332]"
1839,13,5,2.5e-05,ours,2.3882447409053934e-05,6,1,-7,True,19.3243,synchronized batch-1 network forward only; input preloaded on device; final refit and verified repair excluded,network_predicted,"[0.2255900800228119, 0.32426512241363525, 0.4016207456588745, 0.5255273580551147, 0.7192316055297852, 0.8111646175384521]"
1839,13,5,2.5e-05,kang_sparse_2015_adaptation,1.5372898468057106e-05,4,-1,-9,True,3015.3107999940403,complete sparse ADMM selection + relocation + endpoint-constrained verification/fallback + final refit,chord_length,"[0.2679115853658537, 0.390625, 0.5712652439024389, 0.7564786585365854]"
1839,13,5,2.5e-05,uniform_gradient_pruning,1.2323511245235339e-05,4,-1,-9,True,13017.032300005667,complete uniform-Kmax initialization + all deletion scoring + gradient relocation + exact refit validation,chord_length,"[0.3234255335930854, 0.36818117619670687, 0.6324112013169743, 0.6669709027012543]"
1413,13,7,2.5e-05,ours,2.3785040135651882e-05,17,10,4,True,17.3866,synchronized batch-1 network forward only; input preloaded on device; final refit and verified repair excluded,network_predicted,"[0.11348338425159454, 0.15392392873764038, 0.19269008934497833, 0.26152870059013367, 0.35622653365135193, 0.4195600152015686, 0.45199471712112427, 0.48362240195274353, 0.5142070651054382, 0.5438030958175659, 0.5762720108032227, 0.6755239963531494, 0.7108282446861267, 0.8189218640327454, 0.8527738451957703, 0.8935045599937439, 0.9389241933822632]"
1413,13,7,2.5e-05,kang_sparse_2015_adaptation,1.2663748925078173e-05,8,1,-5,True,2794.4179000041913,complete sparse ADMM selection + relocation + endpoint-constrained verification/fallback + final refit,chord_length,"[0.17054115853658536, 0.32945884146341464, 0.41501524390243905, 0.5036204268292683, 0.5766006097560975, 0.6613948170731707, 0.7694359756097561, 0.8725228658536586]"
1413,13,7,2.5e-05,uniform_gradient_pruning,2.3170981099997044e-05,7,0,-6,True,12203.931700001704,complete uniform-Kmax initialization + all deletion scoring + gradient relocation + exact refit validation,chord_length,"[0.1433683028914382, 0.3036273388501885, 0.5220085547766076, 0.5683340882823286, 0.6501577304645515, 0.7823710889725384, 0.8689731101906796]"
2172,13,10,2.5e-05,ours,2.399021128939189e-05,15,5,2,True,17.017400000000002,synchronized batch-1 network forward only; input preloaded on device; final refit and verified repair excluded,network_predicted,"[0.11444099247455597, 0.15556269884109497, 0.23204495012760162, 0.36011141538619995, 0.39117714762687683, 0.4216355085372925, 0.5131129622459412, 0.5445528626441956, 0.6398776173591614, 0.6745193004608154, 0.7484009265899658, 0.7830705046653748, 0.8154708743095398, 0.8499270081520081, 0.9360066056251526]"
2172,13,10,2.5e-05,kang_sparse_2015_adaptation,1.3795400821802623e-05,10,0,-3,True,2901.2492000038037,complete sparse ADMM selection + relocation + endpoint-constrained verification/fallback + final refit,chord_length,"[0.12176067073170732, 0.2193216463414634, 0.29230182926829273, 0.4878048780487805, 0.5609756097560976, 0.6094702743902438, 0.682545731707317, 0.7585746951219512, 0.8273628048780487, 0.8944359756097561]"
2172,13,10,2.5e-05,uniform_gradient_pruning,2.042173312667651e-05,7,-3,-6,True,12727.257299993653,complete uniform-Kmax initialization + all deletion scoring + gradient relocation + exact refit validation,chord_length,"[0.17733554603822327, 0.4747871697159541, 0.5579298955684463, 0.6162891845889162, 0.7097996185639243, 0.7252014089264468, 0.7968902208462624]"
58,13,8,2.5e-05,ours,2.3204845892718152e-05,9,1,-4,True,17.1869,synchronized batch-1 network forward only; input preloaded on device; final refit and verified repair excluded,network_predicted,"[0.11548994481563568, 0.15654538571834564, 0.3628826439380646, 0.39546772837638855, 0.42744290828704834, 0.6197041869163513, 0.7939199209213257, 0.8586463332176208, 0.8973233699798584]"
58,13,8,2.5e-05,kang_sparse_2015_adaptation,2.120138833060895e-05,8,0,-5,True,2778.3458000048995,complete sparse ADMM selection + relocation + endpoint-constrained verification/fallback + final refit,chord_length,"[0.139672256097561, 0.22961128048780488, 0.33650914634146345, 0.45846036585365857, 0.6095655487804879, 0.658155487804878, 0.7557164634146342, 0.8294588414634145]"
58,13,8,2.5e-05,uniform_gradient_pruning,2.0460317353686e-05,7,-1,-6,True,12205.069000003277,complete uniform-Kmax initialization + all deletion scoring + gradient relocation + exact refit validation,chord_length,"[0.14315463977687073, 0.24583057920243276, 0.32889692670873777, 0.4363029708941297, 0.6828922070943524, 0.751472178025449, 0.8259846950553658]"
1335,13,9,2.5e-05,ours,1.9987911217333678e-05,11,2,-2,True,17.330849999999998,synchronized batch-1 network forward only; input preloaded on device; final refit and verified repair excluded,network_predicted,"[0.11482570320367813, 0.15594513714313507, 0.23383381962776184, 0.26668158173561096, 0.2984982430934906, 0.43262866139411926, 0.46603742241859436, 0.5937182903289795, 0.6856220364570618, 0.7884043455123901, 0.8522355556488037]"
1335,13,9,2.5e-05,kang_sparse_2015_adaptation,2.1214856283969905e-05,9,0,-4,True,2874.128399998881,complete sparse ADMM selection + relocation + endpoint-constrained verification/fallback + final refit,chord_length,"[0.17054115853658536, 0.3170731707317073, 0.34127286585365857, 0.4510766006097562, 0.5121951219512195, 0.6099466463414633, 0.6341463414634146, 0.7076981707317073, 0.8128810975609756]"
1335,13,9,2.5e-05,uniform_gradient_pruning,1.835414669781569e-05,7,-2,-6,True,12143.794300005538,complete uniform-Kmax initialization + all deletion scoring + gradient relocation + exact refit validation,chord_length,"[0.15720515034148344, 0.3348131022300078, 0.43085211622384717, 0.5179658727654508, 0.6647390377126577, 0.7000154416728885, 0.7829951189796306]"
3029,13,7,2.5e-05,ours,2.4864699517683227e-05,12,5,-1,True,17.2602,synchronized batch-1 network forward only; input preloaded on device; final refit and verified repair excluded,network_predicted,"[0.1624172478914261, 0.20282156765460968, 0.23830363154411316, 0.2712618410587311, 0.4300330579280853, 0.4612777829170227, 0.5234368443489075, 0.5548861026763916, 0.5865824222564697, 0.6184532046318054, 0.8221293091773987, 0.8958508968353271]"
3029,13,7,2.5e-05,kang_sparse_2015_adaptation,1.4911106279488369e-05,7,0,-6,True,2028.7375999905635,complete sparse ADMM selection + relocation + endpoint-constrained verification/fallback + final refit,chord_length,"[0.1949314024390244, 0.2440929878048781, 0.36623475609756095, 0.4881859756097561, 0.7313262195121951, 0.8166920731707318, 0.8677591463414634]"
3029,13,7,2.5e-05,uniform_gradient_pruning,2.3334729067168986e-05,4,-3,-9,True,13701.485099998536,complete uniform-Kmax initialization + all deletion scoring + gradient relocation + exact refit validation,chord_length,"[0.20889290639108898, 0.7485743422738143, 0.808945966577386, 0.8547061045155421]"
1149,13,8,2.5e-05,ours,2.231138036144815e-05,13,5,0,True,17.128149999999998,synchronized batch-1 network forward only; input preloaded on device; final refit and verified repair excluded,network_predicted,"[0.0484817698597908, 0.28592053055763245, 0.3179580569267273, 0.3502570390701294, 0.4441549479961395, 0.4735659658908844, 0.502470850944519, 0.5316418409347534, 0.6510940194129944, 0.7542643547058105, 0.7884189486503601, 0.8210128545761108, 0.8950197100639343]"
1149,13,8,2.5e-05,kang_sparse_2015_adaptation,2.0385969279867827e-05,8,0,-5,True,2764.9338000046555,complete sparse ADMM selection + relocation + endpoint-constrained verification/fallback + final refit,chord_length,"[0.12195121951219512, 0.1951219512195122, 0.29234946646341464, 0.41425304878048785, 0.5851753048780488, 0.6688262195121951, 0.7320884146341463, 0.8294588414634145]"
1149,13,8,2.5e-05,uniform_gradient_pruning,2.409423597377848e-05,7,-1,-6,True,12329.301499994472,complete uniform-Kmax initialization + all deletion scoring + gradient relocation + exact refit validation,chord_length,"[0.12270681101205118, 0.2595986798920456, 0.40036552021942995, 0.6159076323353987, 0.6537042342628762, 0.7136963843890475, 0.8286002698373959]"
1389,13,8,2.5e-05,ours,2.2640160002544593e-05,9,1,-4,True,17.5642,synchronized batch-1 network forward only; input preloaded on device; final refit and verified repair excluded,network_predicted,"[0.15058967471122742, 0.19091525673866272, 0.22924992442131042, 0.4288368225097656, 0.4603261947631836, 0.5508206486701965, 0.6449270844459534, 0.8151294589042664, 0.8496506214141846]"
1389,13,8,2.5e-05,kang_sparse_2015_adaptation,1.3053747986131738e-05,9,1,-4,True,2759.7067000024254,complete sparse ADMM selection + relocation + endpoint-constrained verification/fallback + final refit,chord_length,"[0.1461509146341463, 0.2193216463414634, 0.3124047256097562, 0.3170731707317073, 0.42949695121951226, 0.5476371951219513, 0.6461509146341464, 0.7475228658536586, 0.8159298780487804]"
1389,13,8,2.5e-05,uniform_gradient_pruning,1.5243927326184682e-05,8,0,-5,True,11763.860799997929,complete uniform-Kmax initialization + all deletion scoring + gradient relocation + exact refit validation,chord_length,"[0.21175648777980136, 0.3195881579663405, 0.3443224042572475, 0.45387817762453964, 0.5028876289174434, 0.6527358781642006, 0.7548084019223591, 0.8020682710301887]"
2887,13,9,2.5e-05,ours,2.3973649175038336e-05,15,6,2,True,17.8276,synchronized batch-1 network forward only; input preloaded on device; final refit and verified repair excluded,network_predicted,"[0.13361655175685883, 0.17935241758823395, 0.21994595229625702, 0.2589191198348999, 0.2942444384098053, 0.39322078227996826, 0.460344135761261, 0.4921382665634155, 0.5551007390022278, 0.5866778492927551, 0.6753652691841125, 0.7062729001045227, 0.7389074563980103, 0.8616973757743835, 0.8994464874267578]"
2887,13,9,2.5e-05,kang_sparse_2015_adaptation,1.4454988355310294e-05,9,0,-4,True,2635.298300010618,complete sparse ADMM selection + relocation + endpoint-constrained verification/fallback + final refit,chord_length,"[0.1461509146341463, 0.22008384146341464, 0.2930640243902439, 0.36623475609756095, 0.484375, 0.5499237804878049, 0.682545731707317, 0.7719131097560976, 0.8548018292682927]"
2887,13,9,2.5e-05,uniform_gradient_pruning,1.692450725431257e-05,7,-2,-6,True,12435.102500006906,complete uniform-Kmax initialization + all deletion scoring + gradient relocation + exact refit validation,chord_length,"[0.25336462292602224, 0.2864693148419348, 0.3220561484820437, 0.4983413633266238, 0.5328736072984055, 0.7988447787334145, 0.8452579708799128]"
716,13,8,2.5e-05,ours,1.624918174931065e-05,9,1,-4,True,16.961,synchronized batch-1 network forward only; input preloaded on device; final refit and verified repair excluded,chord_length,"[0.14526264369487762, 0.2730477750301361, 0.36244988441467285, 0.3963955342769623, 0.5430371165275574, 0.5710972547531128, 0.7188597917556763, 0.7789427638053894, 0.7842247486114502]"
716,13,8,2.5e-05,kang_sparse_2015_adaptation,2.4253364535681476e-05,8,0,-5,True,2864.328099996783,complete sparse ADMM selection + relocation + endpoint-constrained verification/fallback + final refit,chord_length,"[0.17054115853658536, 0.30363948170731714, 0.3980564024390244, 0.4881859756097561, 0.6095655487804879, 0.6800685975609755, 0.7625762195121951, 0.8294588414634145]"
716,13,8,2.5e-05,uniform_gradient_pruning,2.078391184637176e-05,8,0,-5,True,12275.094500000705,complete uniform-Kmax initialization + all deletion scoring + gradient relocation + exact refit validation,chord_length,"[0.18672390903908842, 0.30796751999354194, 0.411284640210344, 0.4341211315615981, 0.6200151591735947, 0.7048878669988, 0.748835618991601, 0.8173704225674021]"
246,13,9,2.5e-05,ours,2.4942100883641494e-05,15,6,2,True,17.7323,synchronized batch-1 network forward only; input preloaded on device; final refit and verified repair excluded,network_predicted,"[0.18949177861213684, 0.2244875282049179, 0.28677862882614136, 0.3197925090789795, 0.4158935546875, 0.4472939074039459, 0.4794599413871765, 0.5108813643455505, 0.5414732694625854, 0.6318386197090149, 0.6648848652839661, 0.8080762624740601, 0.8422185778617859, 0.8847151398658752, 0.9334758520126343]"
246,13,9,2.5e-05,kang_sparse_2015_adaptation,2.321190508133126e-05,8,-1,-5,True,2715.4948999959743,complete sparse ADMM selection + relocation + endpoint-constrained verification/fallback + final refit,chord_length,"[0.17054115853658536, 0.3168826219512195, 0.41463414634146345, 0.5472084603658536, 0.5609756097560976, 0.6589176829268292, 0.8044969512195123, 0.8570884146341463]"
246,13,9,2.5e-05,uniform_gradient_pruning,1.914360413386201e-05,8,-1,-5,True,11556.034199995338,complete uniform-Kmax initialization + all deletion scoring + gradient relocation + exact refit validation,chord_length,"[0.15888363465355693, 0.34546427675835534, 0.39800811657337815, 0.5412366829345789, 0.6276320287806583, 0.7326371408977902, 0.7601044823460723, 0.8592637296583355]"
1557,13,8,2.5e-05,ours,2.346630766275024e-05,10,2,-3,True,17.199399999999997,synchronized batch-1 network forward only; input preloaded on device; final refit and verified repair excluded,network_predicted,"[0.1148558035492897, 0.19825410842895508, 0.2678527534008026, 0.3624621033668518, 0.4885575771331787, 0.5874744057655334, 0.6203588247299194, 0.8589534163475037, 0.8973551392555237, 0.9404813051223755]"
1557,13,8,2.5e-05,kang_sparse_2015_adaptation,2.146048156550156e-05,8,0,-5,True,2754.20410001243,complete sparse ADMM selection + relocation + endpoint-constrained verification/fallback + final refit,chord_length,"[0.1951219512195122, 0.27705792682926833, 0.390625, 0.5125762195121951, 0.6099466463414633, 0.6833079268292682, 0.7724847560975611, 0.8830030487804877]"
1557,13,8,2.5e-05,uniform_gradient_pruning,1.6809991102634e-05,8,0,-5,True,11893.251499990583,complete uniform-Kmax initialization + all deletion scoring + gradient relocation + exact refit validation,chord_length,"[0.16826820103773013, 0.1857701257800819, 0.3206179091019299, 0.38222955250211466, 0.5482558878410779, 0.5938575111686082, 0.7911003086091744, 0.8953076000198893]"
4010,14,8,2.5e-05,ours,2.1151202892444712e-05,9,1,-5,True,18.03015,synchronized batch-1 network forward only; input preloaded on device; final refit and verified repair excluded,network_predicted,"[0.11776982247829437, 0.26561978459358215, 0.2973974049091339, 0.3602481186389923, 0.4837033450603485, 0.5783286094665527, 0.7144712209701538, 0.7516902089118958, 0.9368706941604614]"
4010,14,8,2.5e-05,kang_sparse_2015_adaptation,2.0849975021893762e-05,8,0,-6,True,2806.6834999917774,complete sparse ADMM selection + relocation + endpoint-constrained verification/fallback + final refit,chord_length,"[0.1480564024390244, 0.2440929878048781, 0.4632240853658537, 0.5255335365853658, 0.6169969512195123, 0.7008384146341463, 0.8244092987804879, 0.9073932926829268]"
4010,14,8,2.5e-05,uniform_gradient_pruning,1.9624690073178495e-05,7,-1,-7,True,12297.832500000368,complete uniform-Kmax initialization + all deletion scoring + gradient relocation + exact refit validation,chord_length,"[0.1337781475687214, 0.46093381542229783, 0.5093970498058148, 0.6330572586979644, 0.6573232204045906, 0.8381539688499039, 0.8973888253956721]"
495,14,8,2.5e-05,ours,2.413906445397384e-05,9,1,-5,True,17.00995,synchronized batch-1 network forward only; input preloaded on device; final refit and verified repair excluded,network_predicted,"[0.10809999704360962, 0.3193886876106262, 0.35313260555267334, 0.5789901614189148, 0.6113683581352234, 0.6777946949005127, 0.7499468922615051, 0.8521254658699036, 0.8926809430122375]"
495,14,8,2.5e-05,kang_sparse_2015_adaptation,1.121881805589759e-05,7,-1,-7,True,3107.091300014872,complete sparse ADMM selection + relocation + endpoint-constrained verification/fallback + final refit,chord_length,"[0.1949314024390244, 0.310594512195122, 0.4075838414634147, 0.5476371951219513, 0.6368140243902439, 0.7244664634146342, 0.8294588414634145]"
495,14,8,2.5e-05,uniform_gradient_pruning,1.4928736334431095e-05,6,-2,-8,True,12994.931699999142,complete uniform-Kmax initialization + all deletion scoring + gradient relocation + exact refit validation,chord_length,"[0.3368455371294596, 0.4020142917767071, 0.5590490908366287, 0.6373726889881703, 0.7443179377355625, 0.7900218044202936]"
2116,14,10,2.5e-05,ours,2.397465520189885e-05,14,4,0,True,17.1645,synchronized batch-1 network forward only; input preloaded on device; final refit and verified repair excluded,network_predicted,"[0.10551463067531586, 0.1410553902387619, 0.21068908274173737, 0.27189698815345764, 0.364795982837677, 0.39589086174964905, 0.4944855570793152, 0.5618269443511963, 0.6646222472190857, 0.7454913854598999, 0.7834940552711487, 0.8170263767242432, 0.8519005179405212, 0.893252968788147]"
2116,14,10,2.5e-05,kang_sparse_2015_adaptation,1.4555521960011502e-05,9,-1,-5,True,2646.226700002444,complete sparse ADMM selection + relocation + endpoint-constrained verification/fallback + final refit,chord_length,"[0.14634146341463417, 0.1605373475609756, 0.2673399390243903, 0.3858612804878049, 0.4807545731707317, 0.5445884146341463, 0.6099466463414633, 0.751905487804878, 0.8128810975609756]"
2116,14,10,2.5e-05,uniform_gradient_pruning,1.2772574288170157e-05,9,-1,-5,True,11458.058799995342,complete uniform-Kmax initialization + all deletion scoring + gradient relocation + exact refit validation,chord_length,"[0.1348761538507562, 0.19459871679779686, 0.2397524683070354, 0.42570259435949376, 0.46890221064482973, 0.5411018706249904, 0.6081190692980947, 0.7668362440976979, 0.8009367702634874]"
2020,14,7,2.5e-05,ours,2.3291382595245254e-05,7,0,-7,True,17.2971,synchronized batch-1 network forward only; input preloaded on device; final refit and verified repair excluded,network_predicted,"[0.19998860359191895, 0.23496131598949432, 0.3669132590293884, 0.5289697647094727, 0.5615618228912354, 0.6945357322692871, 0.7301794290542603]"
2020,14,7,2.5e-05,kang_sparse_2015_adaptation,1.313590640461172e-05,8,1,-6,True,2631.2812000105623,complete sparse ADMM selection + relocation + endpoint-constrained verification/fallback + final refit,chord_length,"[0.18387957317073172, 0.25876524390243905, 0.3784298780487805, 0.44626524390243905, 0.5240091463414634, 0.6307164634146342, 0.7130335365853658, 0.7808689024390244]"
2020,14,7,2.5e-05,uniform_gradient_pruning,1.9517918203844836e-05,6,-1,-8,True,12505.988999997498,complete uniform-Kmax initialization + all deletion scoring + gradient relocation + exact refit validation,chord_length,"[0.16964799964028998, 0.4090011318497957, 0.47965725003686976, 0.49621386363776293, 0.6094702852189166, 0.7150940408113563]"
1143,14,7,2.5e-05,ours,2.474040509617084e-05,12,5,-2,True,17.85875,synchronized batch-1 network forward only; input preloaded on device; final refit and verified repair excluded,network_predicted,"[0.20015999674797058, 0.2681823968887329, 0.3319651484489441, 0.39291152358055115, 0.4228939712047577, 0.45352816581726074, 0.5148584842681885, 0.6073904633522034, 0.6395514607429504, 0.708450198173523, 0.7452040910720825, 0.8913178443908691]"
1143,14,7,2.5e-05,kang_sparse_2015_adaptation,1.7191903280265776e-05,7,0,-7,True,2787.9279000044335,complete sparse ADMM selection + relocation + endpoint-constrained verification/fallback + final refit,chord_length,"[0.2193216463414634, 0.3151676829268293, 0.390625, 0.4881859756097561, 0.6339557926829269, 0.7267530487804877, 0.8298399390243902]"
1143,14,7,2.5e-05,uniform_gradient_pruning,1.751582966150451e-05,6,-1,-8,True,12883.60630000534,complete uniform-Kmax initialization + all deletion scoring + gradient relocation + exact refit validation,chord_length,"[0.3564509771679887, 0.3913858835135934, 0.4806577657951174, 0.6070983896819981, 0.7595614242538122, 0.8075032225476981]"
2742,14,9,2.5e-05,ours,2.4880938315833793e-05,13,4,-1,True,17.48655,synchronized batch-1 network forward only; input preloaded on device; final refit and verified repair excluded,network_predicted,"[0.04933746159076691, 0.19907695055007935, 0.233953058719635, 0.26685333251953125, 0.2968904674053192, 0.4130832552909851, 0.5313047766685486, 0.6249616742134094, 0.7321722507476807, 0.7706799507141113, 0.8061772584915161, 0.8861187696456909, 0.9345447421073914]"
2742,14,9,2.5e-05,kang_sparse_2015_adaptation,1.7053975140353296e-05,8,-1,-6,True,2669.982000006712,complete sparse ADMM selection + relocation + endpoint-constrained verification/fallback + final refit,chord_length,"[0.0977515243902439, 0.19798018292682928, 0.309641768292683, 0.38452743902439024, 0.49047256097560976, 0.6291920731707318, 0.7122713414634146, 0.8294588414634145]"
2742,14,9,2.5e-05,uniform_gradient_pruning,2.1843263904108423e-05,7,-2,-7,True,12028.22439999727,complete uniform-Kmax initialization + all deletion scoring + gradient relocation + exact refit validation,chord_length,"[0.1985499661053976, 0.3389727366917935, 0.3600240600557743, 0.48130338763068226, 0.6640516826031015, 0.7095397409680273, 0.8136746028573157]"
1126,14,7,2.5e-05,ours,2.4144506047225548e-05,10,3,-4,True,17.60215,synchronized batch-1 network forward only; input preloaded on device; final refit and verified repair excluded,network_predicted,"[0.11158681660890579, 0.1884375810623169, 0.3488008379936218, 0.3806101679801941, 0.5427694320678711, 0.5755003690719604, 0.6081542372703552, 0.750997006893158, 0.8187883496284485, 0.8539019227027893]"
1126,14,7,2.5e-05,kang_sparse_2015_adaptation,1.2153185035096412e-05,12,5,-2,True,2715.2421999926446,complete sparse ADMM selection + relocation + endpoint-constrained verification/fallback + final refit,chord_length,"[0.1951219512195122, 0.21951219512195122, 0.24390243902439024, 0.34146341463414637, 0.36585365853658536, 0.4634146341463415, 0.4878048780487805, 0.5853658536585366, 0.6097560975609756, 0.7073170731707317, 0.7317073170731707, 0.8536585365853658]"
1126,14,7,2.5e-05,uniform_gradient_pruning,2.3607643019864354e-05,6,-1,-8,True,12675.593300009496,complete uniform-Kmax initialization + all deletion scoring + gradient relocation + exact refit validation,chord_length,"[0.11852998181913818, 0.1621838278780388, 0.35693024271694884, 0.5022322556732123, 0.5260531890412455, 0.6992488975659328]"
3945,14,8,2.5e-05,ours,2.4270373132476007e-05,12,4,-2,True,17.72675,synchronized batch-1 network forward only; input preloaded on device; final refit and verified repair excluded,network_predicted,"[0.15146903693675995, 0.2623690962791443, 0.2914349138736725, 0.3539133667945862, 0.4138953387737274, 0.5072585344314575, 0.6059263944625854, 0.710151195526123, 0.7475329637527466, 0.7825706601142883, 0.8508621454238892, 0.8916926980018616]"
3945,14,8,2.5e-05,kang_sparse_2015_adaptation,1.812333576398099e-05,7,-1,-7,True,2757.894900001702,complete sparse ADMM selection + relocation + endpoint-constrained verification/fallback + final refit,chord_length,"[0.0977515243902439, 0.23647103658536583, 0.3980564024390244, 0.4601753048780488, 0.5659298780487806, 0.6634908536585366, 0.8351753048780488]"
3945,14,8,2.5e-05,uniform_gradient_pruning,2.4324462561693277e-05,6,-2,-8,True,12821.826499988674,complete uniform-Kmax initialization + all deletion scoring + gradient relocation + exact refit validation,chord_length,"[0.10078806827554064, 0.23144863964026263, 0.3978644683736864, 0.4555642191250493, 0.5766952197971251, 0.6411117044530097]"
3324,14,8,2.5e-05,ours,2.3517644342883494e-05,9,1,-5,True,16.881050000000002,synchronized batch-1 network forward only; input preloaded on device; final refit and verified repair excluded,network_predicted,"[0.08001769334077835, 0.11492857336997986, 0.2583460807800293, 0.38399985432624817, 0.4756876826286316, 0.5359655618667603, 0.6623081564903259, 0.6972663998603821, 0.8434179425239563]"
3324,14,8,2.5e-05,kang_sparse_2015_adaptation,1.6538265591333983e-05,17,9,3,True,2766.8664999946486,complete sparse ADMM selection + relocation + endpoint-constrained verification/fallback + final refit,chord_length,"[0.14634146341463417, 0.17073170731707318, 0.21951219512195122, 0.24390243902439024, 0.2682926829268293, 0.29268292682926833, 0.3170731707317073, 0.3902439024390244, 0.41463414634146345, 0.43902439024390244, 0.4634146341463415, 0.4878048780487805, 0.5853658536585366, 0.6097560975609756, 0.7073170731707317, 0.8292682926829268, 0.8536585365853658]"
3324,14,8,2.5e-05,uniform_gradient_pruning,1.5788430885816094e-05,7,-1,-7,True,12844.666599994525,complete uniform-Kmax initialization + all deletion scoring + gradient relocation + exact refit validation,chord_length,"[0.08912280106875778, 0.12145484622339243, 0.27107638962758684, 0.40399770346881236, 0.45156655365831777, 0.6177278757809134, 0.8644389570102585]"
1447,14,8,2.5e-05,ours,2.3435546919171306e-05,9,1,-5,True,17.4439,synchronized batch-1 network forward only; input preloaded on device; final refit and verified repair excluded,network_predicted,"[0.11980190873146057, 0.20219236612319946, 0.23782093822956085, 0.3898409605026245, 0.5346113443374634, 0.6950174570083618, 0.7680386900901794, 0.8829655051231384, 0.9322208762168884]"
1447,14,8,2.5e-05,kang_sparse_2015_adaptation,1.0391538670139379e-05,8,0,-6,True,2784.804399998393,complete sparse ADMM selection + relocation + endpoint-constrained verification/fallback + final refit,chord_length,"[0.09660823170731708, 0.17892530487804875, 0.2761051829268293, 0.3929115853658537, 0.504954268292683, 0.6499618902439024, 0.7503810975609756, 0.8761432926829268]"
1447,14,8,2.5e-05,uniform_gradient_pruning,8.45898521781776e-06,8,0,-6,True,12133.871099998942,complete uniform-Kmax initialization + all deletion scoring + gradient relocation + exact refit validation,chord_length,"[0.12085352645712252, 0.17288168436355858, 0.26347365451992977, 0.4353464915317709, 0.48161048896840913, 0.6513441910603034, 0.753941031330172, 0.8719821912137636]"
3353,14,8,2.5e-05,ours,2.43001113362992e-05,10,2,-4,True,17.59505,synchronized batch-1 network forward only; input preloaded on device; final refit and verified repair excluded,network_predicted,"[0.1110030859708786, 0.14932307600975037, 0.1883770227432251, 0.2857263684272766, 0.40889057517051697, 0.47398945689201355, 0.506283700466156, 0.7135962843894958, 0.7864267826080322, 0.8531084656715393]"
3353,14,8,2.5e-05,kang_sparse_2015_adaptation,1.3430299474383612e-05,8,0,-6,True,2808.9803000038955,complete sparse ADMM selection + relocation + endpoint-constrained verification/fallback + final refit,chord_length,"[0.14195884146341464, 0.2503810975609756, 0.36852134146341464, 0.46627286585365857, 0.5463033536585367, 0.6391006097560975, 0.7381859756097561, 0.8294588414634145]"
3353,14,8,2.5e-05,uniform_gradient_pruning,1.2772755762816328e-05,8,0,-6,True,11967.993600002956,complete uniform-Kmax initialization + all deletion scoring + gradient relocation + exact refit validation,chord_length,"[0.17141339897734106, 0.2213567736686673, 0.37097862446160496, 0.49449952606290587, 0.5306449451212186, 0.651637324800185, 0.7449986434788304, 0.8211244003530174]"
2093,14,9,2.5e-05,ours,2.402223104324294e-05,18,9,4,True,17.30055,synchronized batch-1 network forward only; input preloaded on device; final refit and verified repair excluded,network_predicted,"[0.048154089599847794, 0.08096887916326523, 0.11860288679599762, 0.2039463073015213, 0.24104087054729462, 0.2741847634315491, 0.3067845106124878, 0.33972373604774475, 0.5254246592521667, 0.5553426146507263, 0.5849026441574097, 0.6144863963127136, 0.7127134203910828, 0.7838054895401001, 0.8153319358825684, 0.8490821719169617, 0.8893802762031555, 0.9354632496833801]"
2093,14,9,2.5e-05,kang_sparse_2015_adaptation,2.029059598416529e-05,9,0,-5,True,2683.940500006429,complete sparse ADMM selection + relocation + endpoint-constrained verification/fallback + final refit,chord_length,"[0.18883384146341464, 0.26124237804878053, 0.3898628048780488, 0.4703696646341463, 0.5804115853658537, 0.6444359756097561, 0.713795731707317, 0.8052591463414634, 0.9022484756097562]"
2093,14,9,2.5e-05,uniform_gradient_pruning,1.841833311903428e-05,9,0,-5,True,11377.656199998455,complete uniform-Kmax initialization + all deletion scoring + gradient relocation + exact refit validation,chord_length,"[0.19070600596468548, 0.28044840149111344, 0.32656487292349134, 0.5053857084142629, 0.5790837609139453, 0.6134991628013343, 0.6501482446811048, 0.7140357152207424, 0.8098523503502508]"
797,14,9,2.5e-05,ours,2.487506547833634e-05,16,7,2,True,17.596049999999998,synchronized batch-1 network forward only; input preloaded on device; final refit and verified repair excluded,network_predicted,"[0.0481811985373497, 0.20165106654167175, 0.2380252629518509, 0.2697242796421051, 0.4275532066822052, 0.45720598101615906, 0.48814651370048523, 0.5196399092674255, 0.5506629943847656, 0.5814618468284607, 0.6125864386558533, 0.7162278890609741, 0.7529900074005127, 0.7876750230789185, 0.8553792834281921, 0.8952502012252808]"
797,14,9,2.5e-05,kang_sparse_2015_adaptation,1.9218182936701026e-05,9,0,-5,True,2845.423099992331,complete sparse ADMM selection + relocation + endpoint-constrained verification/fallback + final refit,chord_length,"[0.17054115853658536, 0.2345655487804878, 0.2930640243902439, 0.3702362804878049, 0.4554115853658537, 0.5468750000000001, 0.629954268292683, 0.7499047256097562, 0.8380335365853658]"
797,14,9,2.5e-05,uniform_gradient_pruning,2.2774916016577297e-05,8,-1,-6,True,12206.84220000112,complete uniform-Kmax initialization + all deletion scoring + gradient relocation + exact refit validation,chord_length,"[0.17837465629959134, 0.23730873104992628, 0.26157406915364917, 0.48256606925160184, 0.5659370972531362, 0.6003718068231938, 0.7742832886019563, 0.8125094867863256]"
2360,14,8,2.5e-05,ours,2.3556446726205198e-05,10,2,-4,True,17.2138,synchronized batch-1 network forward only; input preloaded on device; final refit and verified repair excluded,network_predicted,"[0.08591312170028687, 0.2083808034658432, 0.2780980169773102, 0.3094574809074402, 0.4638335704803467, 0.4954163432121277, 0.526776134967804, 0.6844712495803833, 0.8547078967094421, 0.9390391707420349]"
2360,14,8,2.5e-05,kang_sparse_2015_adaptation,1.9298913268323725e-05,7,-1,-7,True,2865.4117999976734,complete sparse ADMM selection + relocation + endpoint-constrained verification/fallback + final refit,chord_length,"[0.170922256097561, 0.2946836890243903, 0.4561737804878049, 0.5491615853658537, 0.6642530487804877, 0.7528582317073171, 0.8294588414634145]"
2360,14,8,2.5e-05,uniform_gradient_pruning,1.54208101104941e-05,7,-1,-7,True,12295.625099999597,complete uniform-Kmax initialization + all deletion scoring + gradient relocation + exact refit validation,chord_length,"[0.18572089598018232, 0.28418130017259335, 0.4685100800372253, 0.5395974419391616, 0.676471556110999, 0.7461045357409977, 0.8101907711300806]"
3254,14,8,2.5e-05,ours,2.459614246408516e-05,12,4,-2,True,17.60105,synchronized batch-1 network forward only; input preloaded on device; final refit and verified repair excluded,network_predicted,"[0.049462977796792984, 0.08348867297172546, 0.12279035151004791, 0.20709773898124695, 0.24323251843452454, 0.37346771359443665, 0.4038630723953247, 0.469749391078949, 0.6977750658988953, 0.7326293587684631, 0.8614071011543274, 0.8996097445487976]"
3254,14,8,2.5e-05,kang_sparse_2015_adaptation,2.4691429958089458e-05,10,2,-4,True,2699.1864000156056,complete sparse ADMM selection + relocation + endpoint-constrained verification/fallback + final refit,chord_length,"[0.12176067073170732, 0.24371189024390244, 0.34146341463414637, 0.4631764481707318, 0.4634146341463415, 0.536204268292683, 0.6589176829268292, 0.7458079268292682, 0.8273628048780487, 0.8921493902439025]"
3254,14,8,2.5e-05,uniform_gradient_pruning,1.9870144445653312e-05,8,0,-6,True,11874.792299990077,complete uniform-Kmax initialization + all deletion scoring + gradient relocation + exact refit validation,chord_length,"[0.12114959552079162, 0.20453920226137234, 0.3664687515654862, 0.46104318455427135, 0.4909015775697206, 0.7792833278805584, 0.8378273915989422, 0.8795346220027025]"
2280,14,8,2.5e-05,ours,2.44775166333042e-05,10,2,-4,True,18.0842,synchronized batch-1 network forward only; input preloaded on device; final refit and verified repair excluded,network_predicted,"[0.1841605305671692, 0.3771655559539795, 0.40982338786125183, 0.5714663863182068, 0.6042717695236206, 0.6368505954742432, 0.6702923774719238, 0.8103090524673462, 0.8857725858688354, 0.933594822883606]"
2280,14,8,2.5e-05,kang_sparse_2015_adaptation,1.9541068026512562e-05,8,0,-6,True,2652.049700001953,complete sparse ADMM selection + relocation + endpoint-constrained verification/fallback + final refit,chord_length,"[0.17016006097560976, 0.2345655487804878, 0.31955030487804875, 0.40205792682926833, 0.484375, 0.5720274390243901, 0.7313262195121951, 0.8372713414634146]"
2280,14,8,2.5e-05,uniform_gradient_pruning,1.820674094842669e-05,8,0,-6,True,12429.28130000655,complete uniform-Kmax initialization + all deletion scoring + gradient relocation + exact refit validation,chord_length,"[0.17314375927001366, 0.23351823790740547, 0.3219276500645159, 0.40172943067133005, 0.5123841825548834, 0.5451420702338317, 0.7632376614847726, 0.8262838251149496]"
1736,14,7,2.5e-05,ours,2.474670694679028e-05,11,4,-3,True,17.195149999999998,synchronized batch-1 network forward only; input preloaded on device; final refit and verified repair excluded,network_predicted,"[0.050765641033649445, 0.3148104250431061, 0.37804868817329407, 0.4401873052120209, 0.4719865620136261, 0.6551045179367065, 0.6877723932266235, 0.7220447659492493, 0.819399893283844, 0.8531379699707031, 0.8921144604682922]"
1736,14,7,2.5e-05,kang_sparse_2015_adaptation,2.3162140230763978e-05,6,-1,-8,True,2832.746000000043,complete sparse ADMM selection + relocation + endpoint-constrained verification/fallback + final refit,chord_length,"[0.2625762195121951, 0.3881478658536585, 0.5573551829268293, 0.6192835365853658, 0.6833079268292682, 0.7564786585365854]"
1736,14,7,2.5e-05,uniform_gradient_pruning,2.288925562075322e-05,5,-2,-9,True,13074.449399995501,complete uniform-Kmax initialization + all deletion scoring + gradient relocation + exact refit validation,chord_length,"[0.2966059292467664, 0.3571247480877323, 0.5493889923681687, 0.6530153648143384, 0.663043641224366]"
3351,14,9,2.5e-05,ours,2.3906209727125574e-05,13,4,-1,True,18.158250000000002,synchronized batch-1 network forward only; input preloaded on device; final refit and verified repair excluded,network_predicted,"[0.050788722932338715, 0.16993318498134613, 0.21193161606788635, 0.31310907006263733, 0.3459073603153229, 0.37843602895736694, 0.5045490860939026, 0.5654687881469727, 0.6589097380638123, 0.6933298110961914, 0.8292706608772278, 0.8635948896408081, 0.9020704627037048]"
3351,14,9,2.5e-05,kang_sparse_2015_adaptation,1.4089254742840063e-05,10,1,-4,True,2714.9023999954807,complete sparse ADMM selection + relocation + endpoint-constrained verification/fallback + final refit,chord_length,"[0.0977515243902439, 0.23342225609756095, 0.24390243902439024, 0.3570884146341463, 0.43578506097560976, 0.5215320121951219, 0.6025152439024389, 0.7069359756097561, 0.7780106707317074, 0.8538490853658536]"
3351,14,9,2.5e-05,uniform_gradient_pruning,9.804547858487751e-06,10,1,-4,True,10918.981599999825,complete uniform-Kmax initialization + all deletion scoring + gradient relocation + exact refit validation,chord_length,"[0.14251799317534672, 0.2170193085230358, 0.2678869895562831, 0.3656769058701098, 0.4303415575853283, 0.5140158756875248, 0.5717055481516955, 0.7148285896412615, 0.7835283526331692, 0.8446931804285068]"
1723,14,9,2.5e-05,ours,2.0127165208719496e-05,9,0,-5,True,17.1754,synchronized batch-1 network forward only; input preloaded on device; final refit and verified repair excluded,network_predicted,"[0.1511363685131073, 0.22646215558052063, 0.3239997625350952, 0.5183784365653992, 0.5498557686805725, 0.6447962522506714, 0.6785832643508911, 0.8170783519744873, 0.8520328402519226]"
1723,14,9,2.5e-05,kang_sparse_2015_adaptation,1.8497045878294754e-05,7,-2,-7,True,2389.727200003108,complete sparse ADMM selection + relocation + endpoint-constrained verification/fallback + final refit,chord_length,"[0.1659679878048781, 0.24599847560975607, 0.43883384146341464, 0.5402057926829269, 0.6213795731707317, 0.7275152439024389, 0.8494664634146342]"
1723,14,9,2.5e-05,uniform_gradient_pruning,1.6501852439250518e-05,7,-2,-7,True,12538.974099996267,complete uniform-Kmax initialization + all deletion scoring + gradient relocation + exact refit validation,chord_length,"[0.2017086103171646, 0.2211087264777108, 0.45903070238418187, 0.5476896946349633, 0.6165616441156422, 0.7652315554294018, 0.805784654898446]"
1746,14,9,2.5e-05,ours,2.4690809859465902e-05,13,4,-1,True,17.277250000000002,synchronized batch-1 network forward only; input preloaded on device; final refit and verified repair excluded,network_predicted,"[0.07556383311748505, 0.10970749706029892, 0.14711788296699524, 0.3089151978492737, 0.3669988214969635, 0.3976970613002777, 0.45826488733291626, 0.5208067893981934, 0.6267268061637878, 0.701903760433197, 0.7411183714866638, 0.8124534487724304, 0.8479694724082947]"
1746,14,9,2.5e-05,kang_sparse_2015_adaptation,1.3170434420220624e-05,10,1,-4,True,2656.148599999142,complete sparse ADMM selection + relocation + endpoint-constrained verification/fallback + final refit,chord_length,"[0.08822408536585366, 0.17511432926829268, 0.2618140243902439, 0.33650914634146345, 0.39729420731707316, 0.47827743902439024, 0.5880335365853658, 0.6688262195121951, 0.7410442073170731, 0.8050685975609755]"
1746,14,9,2.5e-05,uniform_gradient_pruning,2.0785552632173728e-05,9,0,-5,True,11739.682700004778,complete uniform-Kmax initialization + all deletion scoring + gradient relocation + exact refit validation,chord_length,"[0.20270181389052366, 0.26182335372757026, 0.3574842405738986, 0.39413455787117235, 0.45898590626554026, 0.608286896571745, 0.6747483446904685, 0.7536540262085664, 0.7991313170839272]"
1778,15,10,2.5e-05,ours,2.4079564521143903e-05,13,3,-2,True,17.50835,synchronized batch-1 network forward only; input preloaded on device; final refit and verified repair excluded,chord_length,"[0.15317977964878082, 0.1840050220489502, 0.24878956377506256, 0.28814423084259033, 0.3552548885345459, 0.43162816762924194, 0.45306238532066345, 0.5260601043701172, 0.5575226545333862, 0.6875054240226746, 0.7666977643966675, 0.7870423197746277, 0.8937411308288574]"
1778,15,10,2.5e-05,kang_sparse_2015_adaptation,1.979067040576157e-05,11,1,-4,True,2704.793900004006,complete sparse ADMM selection + relocation + endpoint-constrained verification/fallback + final refit,chord_length,"[0.09965701219512196, 0.17073170731707318, 0.17511432926829268, 0.2679115853658537, 0.34146341463414637, 0.4124428353658537, 0.4878048780487805, 0.5853658536585366, 0.6718749999999999, 0.776295731707317, 0.8782393292682926]"
1778,15,10,2.5e-05,uniform_gradient_pruning,1.9766932308414182e-05,10,0,-5,True,10737.403100007214,complete uniform-Kmax initialization + all deletion scoring + gradient relocation + exact refit validation,chord_length,"[0.12586937599992595, 0.1646235632070249, 0.24551340491717738, 0.35523873436874726, 0.42835396193285136, 0.5001395355819694, 0.539833033116266, 0.6922590514272573, 0.7701273979405965, 0.8887349890654317]"
1945,15,9,2.5e-05,ours,2.3050834684153366e-05,12,3,-3,True,17.1946,synchronized batch-1 network forward only; input preloaded on device; final refit and verified repair excluded,network_predicted,"[0.11350864171981812, 0.15328039228916168, 0.2620229721069336, 0.323783814907074, 0.41721805930137634, 0.4480883777141571, 0.509415328502655, 0.5412005186080933, 0.7110720276832581, 0.7844440340995789, 0.8171149492263794, 0.9386447072029114]"
1945,15,9,2.5e-05,kang_sparse_2015_adaptation,2.0243330278785365e-05,9,0,-6,True,2746.045200008666,complete sparse ADMM selection + relocation + endpoint-constrained verification/fallback + final refit,chord_length,"[0.0977515243902439, 0.20788871951219512, 0.3199314024390244, 0.43025914634146345, 0.514672256097561, 0.6099466463414633, 0.7048399390243902, 0.7801067073170732, 0.8961509146341464]"
1945,15,9,2.5e-05,uniform_gradient_pruning,1.7546140866388105e-05,9,0,-6,True,11120.717600002536,complete uniform-Kmax initialization + all deletion scoring + gradient relocation + exact refit validation,chord_length,"[0.11397825580799897, 0.19576309040623746, 0.32382975520325097, 0.4518172517275364, 0.5408728343101953, 0.5695866612516429, 0.7054175780071146, 0.7719020525097382, 0.8929998667303995]"
2201,15,10,2.5e-05,ours,2.464008452183366e-05,11,1,-4,True,17.057850000000002,synchronized batch-1 network forward only; input preloaded on device; final refit and verified repair excluded,network_predicted,"[0.046357378363609314, 0.1593662053346634, 0.30589982867240906, 0.4272502660751343, 0.4559740126132965, 0.5151404142379761, 0.604675829410553, 0.6349929571151733, 0.7014964818954468, 0.7727639675140381, 0.8058245778083801]"
2201,15,10,2.5e-05,kang_sparse_2015_adaptation,1.1188441388700846e-05,11,1,-4,True,2524.4353000016417,complete sparse ADMM selection + relocation + endpoint-constrained verification/fallback + final refit,chord_length,"[0.08441310975609759, 0.170922256097561, 0.2421875, 0.3656631097560976, 0.4632240853658537, 0.5154344512195121, 0.5735518292682927, 0.6360518292682927, 0.7000762195121951, 0.7572408536585366, 0.8294588414634145]"
2201,15,10,2.5e-05,uniform_gradient_pruning,1.7627347221763083e-05,9,-1,-6,True,11172.311700007413,complete uniform-Kmax initialization + all deletion scoring + gradient relocation + exact refit validation,chord_length,"[0.22758777375696818, 0.4301571031262446, 0.4702969993578432, 0.4965397501999947, 0.5763684928079599, 0.6438696805947681, 0.706084834058635, 0.7683315544842162, 0.816156147941303]"
3238,15,9,2.5e-05,ours,2.4643487905443794e-05,18,9,3,True,17.21835,synchronized batch-1 network forward only; input preloaded on device; final refit and verified repair excluded,network_predicted,"[0.07318081706762314, 0.14278510212898254, 0.18066519498825073, 0.21426276862621307, 0.24350421130657196, 0.3277326226234436, 0.3562633693218231, 0.3847731947898865, 0.47033587098121643, 0.4990164637565613, 0.5307133197784424, 0.6361943483352661, 0.6735514402389526, 0.7579275369644165, 0.7967231869697571, 0.833747923374176, 0.8789452314376831, 0.9304554462432861]"
3238,15,9,2.5e-05,kang_sparse_2015_adaptation,1.9902154265126396e-05,11,2,-4,True,2660.9911999985343,complete sparse ADMM selection + relocation + endpoint-constrained verification/fallback + final refit,chord_length,"[0.17054115853658536, 0.21951219512195122, 0.24371189024390244, 0.29701791158536595, 0.36585365853658536, 0.3902439024390244, 0.5613567073170732, 0.6589176829268292, 0.7735327743902438, 0.8292682926829268, 0.8782393292682926]"
3238,15,9,2.5e-05,uniform_gradient_pruning,1.839844601127633e-05,10,1,-5,True,11425.254899993888,complete uniform-Kmax initialization + all deletion scoring + gradient relocation + exact refit validation,chord_length,"[0.16948080718976716, 0.21342799454783282, 0.3131572292842316, 0.3592600479623753, 0.40675394432160394, 0.5798166218170471, 0.6621155737657897, 0.7601728911949099, 0.8456478195007691, 0.8681109966752457]"
3206,15,7,2.5e-05,ours,2.4961594907290202e-05,11,4,-4,True,17.19055,synchronized batch-1 network forward only; input preloaded on device; final refit and verified repair excluded,network_predicted,"[0.04700792208313942, 0.11347682774066925, 0.2258147895336151, 0.25812873244285583, 0.3851531147956848, 0.41697415709495544, 0.4491763114929199, 0.4820137619972229, 0.5489432215690613, 0.7554808259010315, 0.7900198698043823]"
3206,15,7,2.5e-05,kang_sparse_2015_adaptation,1.8543332150573056e-05,8,1,-7,True,2797.2621000080835,complete sparse ADMM selection + relocation + endpoint-constrained verification/fallback + final refit,chord_length,"[0.18426067073170732, 0.29001524390243905, 0.39195884146341464, 0.5118140243902439, 0.5769340701219512, 0.6585365853658536, 0.7564786585365854, 0.9018673780487805]"
3206,15,7,2.5e-05,uniform_gradient_pruning,1.3120878096126903e-05,8,1,-7,True,12036.266100010835,complete uniform-Kmax initialization + all deletion scoring + gradient relocation + exact refit validation,chord_length,"[0.24111025204335682, 0.27768095347197885, 0.34080953651893553, 0.504629463144716, 0.6073618093603004, 0.6336860228133928, 0.8018175355986733, 0.8567107232961678]"
2639,15,7,2.5e-05,ours,2.3999745243674885e-05,12,5,-3,True,17.085549999999998,synchronized batch-1 network forward only; input preloaded on device; final refit and verified repair excluded,network_predicted,"[0.12742099165916443, 0.1709587723016739, 0.2850186228752136, 0.32004401087760925, 0.3906133472919464, 0.5235429406166077, 0.6108058094978333, 0.6397111415863037, 0.7681057453155518, 0.7996049523353577, 0.8293046355247498, 0.8621116876602173]"
2639,15,7,2.5e-05,kang_sparse_2015_adaptation,9.697730194439531e-06,8,1,-7,True,2833.210400000098,complete sparse ADMM selection + relocation + endpoint-constrained verification/fallback + final refit,chord_length,"[0.10308689024390244, 0.24371189024390244, 0.3113567073170732, 0.390625, 0.453125, 0.5506859756097561, 0.6772103658536585, 0.8778582317073171]"
2639,15,7,2.5e-05,uniform_gradient_pruning,8.20826706354642e-06,8,1,-7,True,11768.4706,complete uniform-Kmax initialization + all deletion scoring + gradient relocation + exact refit validation,chord_length,"[0.09279396657113594, 0.2870478754446275, 0.3074416254433084, 0.35032927787318574, 0.49848622833198075, 0.5345387107088255, 0.6684296488971337, 0.8830743027529184]"
1697,15,9,2.5e-05,ours,2.4928128262285666e-05,15,6,0,True,17.788899999999998,synchronized batch-1 network forward only; input preloaded on device; final refit and verified repair excluded,network_predicted,"[0.11760605126619339, 0.1583801507949829, 0.19901755452156067, 0.33156654238700867, 0.3630301356315613, 0.4260326027870178, 0.4580792784690857, 0.49008697271347046, 0.5226284265518188, 0.5561134815216064, 0.7971214056015015, 0.8277884125709534, 0.8613856434822083, 0.8994427919387817, 0.9418300986289978]"
1697,15,9,2.5e-05,kang_sparse_2015_adaptation,2.2875098018960638e-05,9,0,-6,True,2662.020899995696,complete sparse ADMM selection + relocation + endpoint-constrained verification/fallback + final refit,chord_length,"[0.1133765243902439, 0.15415396341463417, 0.24409298780487804, 0.3267911585365854, 0.4479801829268293, 0.5285823170731708, 0.6995998475609755, 0.764672256097561, 0.8294588414634145]"
1697,15,9,2.5e-05,uniform_gradient_pruning,1.678562923097124e-05,8,-1,-7,True,11697.707399987848,complete uniform-Kmax initialization + all deletion scoring + gradient relocation + exact refit validation,chord_length,"[0.2674694731340282, 0.32066346256917605, 0.5045045620967613, 0.5417809013529127, 0.6038484151810461, 0.7438409635845016, 0.7688295290033015, 0.8244061509650263]"
136,15,10,2.5e-05,ours,2.4199563539202624e-05,17,7,2,True,17.5624,synchronized batch-1 network forward only; input preloaded on device; final refit and verified repair excluded,network_predicted,"[0.019788099452853203, 0.049123216420412064, 0.08321470022201538, 0.2078375518321991, 0.2746318280696869, 0.3349398076534271, 0.3669266700744629, 0.40242305397987366, 0.5024134516716003, 0.5321593284606934, 0.59221351146698, 0.6509770750999451, 0.6826460957527161, 0.7893478274345398, 0.8200282454490662, 0.8919594883918762, 0.9375623464584351]"
136,15,10,2.5e-05,kang_sparse_2015_adaptation,1.229474528421748e-05,12,2,-3,True,2944.090300006792,complete sparse ADMM selection + relocation + endpoint-constrained verification/fallback + final refit,chord_length,"[0.10080030487804878, 0.1949314024390244, 0.2679115853658537, 0.34127286585365857, 0.34146341463414637, 0.41425304878048785, 0.4874237804878049, 0.5609756097560976, 0.6535823170731708, 0.6585365853658536, 0.7560975609756098, 0.8052591463414634]"
136,15,10,2.5e-05,uniform_gradient_pruning,1.2862779012871901e-05,10,0,-5,True,11005.178699997487,complete uniform-Kmax initialization + all deletion scoring + gradient relocation + exact refit validation,chord_length,"[0.09954744954903014, 0.2826559060102717, 0.2992596758206666, 0.3193177411459657, 0.40538907559597115, 0.44811916064116825, 0.6014702656046499, 0.6288188515025875, 0.7463299406792236, 0.7946839279285457]"
4046,15,9,2.5e-05,ours,2.3384104818396125e-05,15,6,0,True,17.183549999999997,synchronized batch-1 network forward only; input preloaded on device; final refit and verified repair excluded,network_predicted,"[0.11227602511644363, 0.15149448812007904, 0.22558577358722687, 0.2557592988014221, 0.2862594723701477, 0.4141755700111389, 0.44583460688591003, 0.5443673729896545, 0.6413575410842896, 0.6751524209976196, 0.7109985947608948, 0.7475774884223938, 0.8492147922515869, 0.890005350112915, 0.9362209439277649]"
4046,15,9,2.5e-05,kang_sparse_2015_adaptation,1.6628555722739833e-05,9,0,-6,True,2674.3361999979243,complete sparse ADMM selection + relocation + endpoint-constrained verification/fallback + final refit,chord_length,"[0.16025152439024393, 0.23266006097560976, 0.27705792682926833, 0.3471798780487805, 0.4853277439024391, 0.5247713414634146, 0.6099466463414633, 0.7557164634146342, 0.848704268292683]"
4046,15,9,2.5e-05,uniform_gradient_pruning,1.9178923381826528e-05,8,-1,-7,True,11529.421700004605,complete uniform-Kmax initialization + all deletion scoring + gradient relocation + exact refit validation,chord_length,"[0.1583248547633086, 0.21933943530961997, 0.3026796513229532, 0.33941202947393523, 0.48472255776343515, 0.5423860632830582, 0.6119396937358635, 0.7401421501470711]"
2140,15,10,2.5e-05,ours,2.3868812038159936e-05,14,4,-1,True,17.33545,synchronized batch-1 network forward only; input preloaded on device; final refit and verified repair excluded,network_predicted,"[0.11361713707447052, 0.19729289412498474, 0.2683292031288147, 0.33310747146606445, 0.3988056480884552, 0.4959701895713806, 0.5278432369232178, 0.6245291829109192, 0.6577098369598389, 0.7295258641242981, 0.7655634880065918, 0.798355221748352, 0.8626876473426819, 0.9004870653152466]"
2140,15,10,2.5e-05,kang_sparse_2015_adaptation,1.0101710749632375e-05,12,2,-3,True,2613.51250000007,complete sparse ADMM selection + relocation + endpoint-constrained verification/fallback + final refit,chord_length,"[0.14615091463414637, 0.24371189024390244, 0.30754573170731714, 0.3426067073170732, 0.4011051829268293, 0.4820884146341463, 0.567454268292683, 0.6436737804878049, 0.6878810975609756, 0.7442835365853658, 0.7991615853658537, 0.860327743902439]"
2140,15,10,2.5e-05,uniform_gradient_pruning,2.444477826675594e-05,10,0,-5,True,10503.634200009401,complete uniform-Kmax initialization + all deletion scoring + gradient relocation + exact refit validation,chord_length,"[0.12600267162395667, 0.3301989165470487, 0.356306053025123, 0.40787430356531706, 0.4438324175892432, 0.552558482949275, 0.7067569820307765, 0.7536988428777389, 0.7945044834447318, 0.8692402898739595]"
2619,15,9,2.5e-05,ours,2.47931184268658e-05,11,2,-4,True,17.6194,synchronized batch-1 network forward only; input preloaded on device; final refit and verified repair excluded,network_predicted,"[0.14025330543518066, 0.17995020747184753, 0.21695582568645477, 0.25078168511390686, 0.4085777699947357, 0.43969282507896423, 0.5327454209327698, 0.6279368996620178, 0.6622276306152344, 0.7754497528076172, 0.8094222545623779]"
2619,15,9,2.5e-05,kang_sparse_2015_adaptation,2.4069928382855583e-05,11,2,-4,True,2808.4861999959685,complete sparse ADMM selection + relocation + endpoint-constrained verification/fallback + final refit,chord_length,"[0.12195121951219512, 0.21951219512195122, 0.24390243902439024, 0.34146341463414637, 0.40991806402439024, 0.41463414634146345, 0.463795731707317, 0.5369664634146342, 0.6099466463414633, 0.7313262195121951, 0.807736280487805]"
2619,15,9,2.5e-05,uniform_gradient_pruning,1.1211010388997976e-05,10,1,-5,True,10838.725000008708,complete uniform-Kmax initialization + all deletion scoring + gradient relocation + exact refit validation,chord_length,"[0.1472776339536852, 0.1884721568063859, 0.30445218587787476, 0.3416181662745517, 0.4182380996670225, 0.5184583314212816, 0.5556346752335335, 0.6299773516080127, 0.698509589264628, 0.7924417559261294]"
933,15,9,2.5e-05,ours,2.4898084799949494e-05,15,6,0,True,19.0938,synchronized batch-1 network forward only; input preloaded on device; final refit and verified repair excluded,network_predicted,"[0.050217196345329285, 0.08438297361135483, 0.12295760959386826, 0.20598220825195312, 0.2404097467660904, 0.29985734820365906, 0.39455392956733704, 0.48353463411331177, 0.5133499503135681, 0.6359179019927979, 0.6687895059585571, 0.7039515972137451, 0.740954577922821, 0.7784775495529175, 0.8123735785484314]"
933,15,9,2.5e-05,kang_sparse_2015_adaptation,1.1903510139744825e-05,9,0,-6,True,3266.696199978469,complete sparse ADMM selection + relocation + endpoint-constrained verification/fallback + final refit,chord_length,"[0.07336128048780488, 0.20483993902439024, 0.34127286585365857, 0.41425304878048785, 0.4851371951219512, 0.5377286585365854, 0.6185213414634146, 0.7320884146341463, 0.8168826219512195]"
933,15,9,2.5e-05,uniform_gradient_pruning,1.9448867360640512e-05,8,-1,-7,True,12163.95570000168,complete uniform-Kmax initialization + all deletion scoring + gradient relocation + exact refit validation,chord_length,"[0.13291294319225286, 0.17750377930292655, 0.35931200790068113, 0.4308202300655554, 0.45340395245318127, 0.63080551892745, 0.7164849314595763, 0.8294642588589368]"
3544,15,11,2.5e-05,ours,2.350445266065817e-05,14,3,-1,True,17.45355,synchronized batch-1 network forward only; input preloaded on device; final refit and verified repair excluded,chord_length,"[0.11925700306892395, 0.3119755685329437, 0.3600223958492279, 0.3903348445892334, 0.4301728904247284, 0.44395431876182556, 0.5818363428115845, 0.616943359375, 0.650223970413208, 0.6997239589691162, 0.798751950263977, 0.8285084366798401, 0.8644164800643921, 0.8933232426643372]"
3544,15,11,2.5e-05,kang_sparse_2015_adaptation,2.1651289458220776e-05,12,1,-3,True,2593.573499994818,complete sparse ADMM selection + relocation + endpoint-constrained verification/fallback + final refit,chord_length,"[0.12176067073170732, 0.2193216463414634, 0.3166920731707318, 0.3902439024390244, 0.41463414634146345, 0.41582507621951226, 0.4878048780487805, 0.5855564024390243, 0.6589176829268292, 0.7389481707317073, 0.8365091463414634, 0.9096798780487804]"
3544,15,11,2.5e-05,uniform_gradient_pruning,1.8509237893824016e-05,10,-1,-5,True,10845.407899993006,complete uniform-Kmax initialization + all deletion scoring + gradient relocation + exact refit validation,chord_length,"[0.09068073610364476, 0.20325305494366602, 0.394692975111265, 0.4154533226785399, 0.45009215171483724, 0.7003859869429159, 0.7371532087835414, 0.8018756497712336, 0.8635957759414996, 0.8969379105322368]"
1096,15,8,2.5e-05,ours,2.4849488257365266e-05,10,2,-5,True,17.659,synchronized batch-1 network forward only; input preloaded on device; final refit and verified repair excluded,network_predicted,"[0.07914198935031891, 0.22922320663928986, 0.32225239276885986, 0.38302621245384216, 0.442097544670105, 0.5701989531517029, 0.6019443869590759, 0.7066112756729126, 0.7450779676437378, 0.8906832933425903]"
1096,15,8,2.5e-05,kang_sparse_2015_adaptation,1.8188922129184222e-05,6,-2,-9,True,2670.6355000060285,complete sparse ADMM selection + relocation + endpoint-constrained verification/fallback + final refit,chord_length,"[0.2421875, 0.3119283536585366, 0.36680640243902435, 0.4636051829268293, 0.5613567073170732, 0.7641006097560975]"
1096,15,8,2.5e-05,uniform_gradient_pruning,1.3473845793845088e-05,6,-2,-9,True,12593.02430000389,complete uniform-Kmax initialization + all deletion scoring + gradient relocation + exact refit validation,chord_length,"[0.2268066705394781, 0.3470771422312653, 0.4114155113260364, 0.4553628877308254, 0.4925470360436848, 0.7574515532186006]"
1787,15,8,2.5e-05,ours,2.460621931057719e-05,9,1,-6,True,17.698349999999998,synchronized batch-1 network forward only; input preloaded on device; final refit and verified repair excluded,network_predicted,"[0.11076012998819351, 0.22153861820697784, 0.282105952501297, 0.34153375029563904, 0.5562569499015808, 0.6232919692993164, 0.7337020039558411, 0.8080339431762695, 0.8434266448020935]"
1787,15,8,2.5e-05,kang_sparse_2015_adaptation,7.882534735585384e-06,8,0,-7,True,2850.362299999688,complete sparse ADMM selection + relocation + endpoint-constrained verification/fallback + final refit,chord_length,"[0.10194359756097562, 0.2109375, 0.2778201219512195, 0.390625, 0.499047256097561, 0.5969893292682926, 0.6947408536585366, 0.7923018292682927]"
1787,15,8,2.5e-05,uniform_gradient_pruning,2.065287202392858e-05,5,-3,-10,True,13266.564999998081,complete uniform-Kmax initialization + all deletion scoring + gradient relocation + exact refit validation,chord_length,"[0.08248025032762973, 0.1697316667256584, 0.6637567533764369, 0.7045054074375959, 0.7753862379367072]"
24,15,10,2.5e-05,ours,2.385147643870885e-05,10,0,-5,True,17.244500000000002,synchronized batch-1 network forward only; input preloaded on device; final refit and verified repair excluded,network_predicted,"[0.17296326160430908, 0.20695187151432037, 0.2959721088409424, 0.32782259583473206, 0.3607945740222931, 0.45548126101493835, 0.5810465812683105, 0.6867502331733704, 0.7697246074676514, 0.806126058101654]"
24,15,10,2.5e-05,kang_sparse_2015_adaptation,2.366779955640423e-05,8,-2,-7,True,2653.8819999987027,complete sparse ADMM selection + relocation + endpoint-constrained verification/fallback + final refit,chord_length,"[0.18387957317073172, 0.2534298780487805, 0.34165396341463417, 0.5118140243902439, 0.5609756097560976, 0.6041349085365855, 0.7414253048780488, 0.845655487804878]"
24,15,10,2.5e-05,uniform_gradient_pruning,1.9307260077441296e-05,8,-2,-7,True,11776.419599991641,complete uniform-Kmax initialization + all deletion scoring + gradient relocation + exact refit validation,chord_length,"[0.1919259704370905, 0.28126684417434455, 0.32370579352167683, 0.5027125914249055, 0.5919433299293745, 0.6327424426294889, 0.721615354403962, 0.8356476887565101]"
2200,15,9,2.5e-05,ours,2.4827639336051163e-05,16,7,1,True,17.1184,synchronized batch-1 network forward only; input preloaded on device; final refit and verified repair excluded,network_predicted,"[0.07987786084413528, 0.11606204509735107, 0.1552521139383316, 0.2638566792011261, 0.3280535340309143, 0.35910359025001526, 0.42049163579940796, 0.4516504406929016, 0.5424599647521973, 0.5725390911102295, 0.6703298687934875, 0.7073766589164734, 0.7457967400550842, 0.7819810509681702, 0.8147714138031006, 0.9373023509979248]"
2200,15,9,2.5e-05,kang_sparse_2015_adaptation,1.7447207479034954e-05,10,1,-5,True,2656.8974000110757,complete sparse ADMM selection + relocation + endpoint-constrained verification/fallback + final refit,chord_length,"[0.17054115853658536, 0.2679115853658537, 0.3898628048780488, 0.5121951219512195, 0.5743140243902439, 0.6097560975609756, 0.6341463414634146, 0.7320884146341463, 0.8166920731707318, 0.8822408536585366]"
2200,15,9,2.5e-05,uniform_gradient_pruning,1.6219342067981788e-05,9,0,-6,True,11363.932100008242,complete uniform-Kmax initialization + all deletion scoring + gradient relocation + exact refit validation,chord_length,"[0.15071878680349313, 0.2809752936095157, 0.3493382757730385, 0.5411779071607014, 0.575055787829299, 0.5890512862962497, 0.6566269681060946, 0.8449174517126424, 0.8724943595499434]"
3701,15,7,2.5e-05,ours,2.187764142617814e-05,10,3,-5,True,17.5305,synchronized batch-1 network forward only; input preloaded on device; final refit and verified repair excluded,network_predicted,"[0.04677042365074158, 0.1138351783156395, 0.35000866651535034, 0.38118287920951843, 0.4127461910247803, 0.5373526811599731, 0.5704789161682129, 0.6728331446647644, 0.8536803722381592, 0.8942878246307373]"
3701,15,7,2.5e-05,kang_sparse_2015_adaptation,1.2821106730240419e-05,9,2,-6,True,2819.1760999907274,complete sparse ADMM selection + relocation + endpoint-constrained verification/fallback + final refit,chord_length,"[0.1949314024390244, 0.2679115853658537, 0.328125, 0.41501524390243905, 0.4721798780487805, 0.5598323170731708, 0.6427210365853657, 0.7467606707317074, 0.8481326219512195]"
3701,15,7,2.5e-05,uniform_gradient_pruning,1.9921898095687548e-05,8,1,-7,True,11855.413600002066,complete uniform-Kmax initialization + all deletion scoring + gradient relocation + exact refit validation,chord_length,"[0.1761514606470838, 0.3048175543615003, 0.33928084304140527, 0.39652775387509276, 0.5816341614988356, 0.6356871103455362, 0.7794904782600215, 0.827366307421182]"
1464,15,11,2.5e-05,ours,1.8004454648750098e-05,12,1,-3,True,17.79985,synchronized batch-1 network forward only; input preloaded on device; final refit and verified repair excluded,chord_length,"[0.16915887594223022, 0.23328837752342224, 0.3421182334423065, 0.3609425127506256, 0.48071905970573425, 0.5367669463157654, 0.5890523791313171, 0.689124345779419, 0.7229105830192566, 0.7748986482620239, 0.818628191947937, 0.8594404458999634]"
1464,15,11,2.5e-05,kang_sparse_2015_adaptation,1.9962670761242e-05,10,-1,-5,True,2582.542199990712,complete sparse ADMM selection + relocation + endpoint-constrained verification/fallback + final refit,chord_length,"[0.1951219512195122, 0.2211318597560976, 0.3172637195121951, 0.41463414634146345, 0.42778201219512196, 0.5163871951219513, 0.5855564024390243, 0.7801067073170732, 0.8326981707317073, 0.8860518292682927]"
1464,15,11,2.5e-05,uniform_gradient_pruning,2.2695493412633083e-05,9,-2,-6,True,11964.715699999942,complete uniform-Kmax initialization + all deletion scoring + gradient relocation + exact refit validation,chord_length,"[0.18460347412271347, 0.2251995347029545, 0.3299413691856644, 0.4549885038753052, 0.5014601668270072, 0.6648142086290446, 0.7107737164969663, 0.7632268588101947, 0.7992391262892823]"
2482,15,11,2.5e-05,ours,2.418262507178573e-05,13,2,-2,True,18.26885,synchronized batch-1 network forward only; input preloaded on device; final refit and verified repair excluded,network_predicted,"[0.04716666415333748, 0.19468960165977478, 0.22903722524642944, 0.28614747524261475, 0.3169001042842865, 0.4052099883556366, 0.4606403112411499, 0.5828552842140198, 0.6164680123329163, 0.6520931124687195, 0.7297534346580505, 0.8043725490570068, 0.9339462518692017]"
2482,15,11,2.5e-05,kang_sparse_2015_adaptation,2.1302567165225934e-05,17,6,2,True,2929.6488000109093,complete sparse ADMM selection + relocation + endpoint-constrained verification/fallback + final refit,chord_length,"[0.0975609756097561, 0.12195121951219512, 0.21951219512195122, 0.3170731707317073, 0.3902439024390244, 0.41463414634146345, 0.43902439024390244, 0.4878048780487805, 0.5121951219512195, 0.5341082317073171, 0.5365853658536586, 0.5853658536585366, 0.6829268292682926, 0.7560975609756098, 0.7804878048780488, 0.8048780487804879, 0.8536585365853658]"
2482,15,11,2.5e-05,uniform_gradient_pruning,1.9152930442173055e-05,13,2,-2,True,8972.276699991198,complete uniform-Kmax initialization + all deletion scoring + gradient relocation + exact refit validation,chord_length,"[0.12764658701775092, 0.17138458807713106, 0.33234091646719577, 0.3792822929191108, 0.4208697650967499, 0.45924392247258117, 0.5313609586015267, 0.5630161079715094, 0.59906293175064, 0.6534136674644262, 0.7296707475521002, 0.775095758193548, 0.8059274493222092]"
970,16,8,2.5e-05,ours,2.4618461787919563e-05,10,2,-6,True,17.2558,synchronized batch-1 network forward only; input preloaded on device; final refit and verified repair excluded,network_predicted,"[0.16042758524417877, 0.20227549970149994, 0.23826783895492554, 0.3921126127243042, 0.47689923644065857, 0.5069668889045715, 0.6666014790534973, 0.7411328554153442, 0.810099184513092, 0.8455133438110352]"
970,16,8,2.5e-05,kang_sparse_2015_adaptation,1.5220385635720648e-05,8,0,-8,True,2800.003199998173,complete sparse ADMM selection + relocation + endpoint-constrained verification/fallback + final refit,chord_length,"[0.1400533536585366, 0.21970274390243905, 0.36547256097560976, 0.43883384146341464, 0.5201981707317073, 0.6099466463414633, 0.7557164634146342, 0.8473704268292683]"
970,16,8,2.5e-05,uniform_gradient_pruning,1.537137059344594e-05,7,-1,-9,True,12176.217300002463,complete uniform-Kmax initialization + all deletion scoring + gradient relocation + exact refit validation,chord_length,"[0.16764461703921726, 0.20239970400415064, 0.3514881755160719, 0.46845869705763166, 0.4907606966802073, 0.7645516750427421, 0.8236094035967201]"
265,16,10,2.5e-05,ours,2.4672113071932412e-05,17,7,1,True,17.313299999999998,synchronized batch-1 network forward only; input preloaded on device; final refit and verified repair excluded,network_predicted,"[0.11824892461299896, 0.15819784998893738, 0.1981203705072403, 0.23313012719154358, 0.29201290011405945, 0.3563978672027588, 0.3872043490409851, 0.4174012541770935, 0.47598031163215637, 0.5086166262626648, 0.5716360807418823, 0.6637143492698669, 0.6993039846420288, 0.7362150549888611, 0.8065310716629028, 0.8441137075424194, 0.935585081577301]"
265,16,10,2.5e-05,kang_sparse_2015_adaptation,2.2848335854357927e-05,9,-1,-7,True,2851.7689000000246,complete sparse ADMM selection + relocation + endpoint-constrained verification/fallback + final refit,chord_length,"[0.17054115853658536, 0.23380335365853655, 0.34127286585365857, 0.40205792682926833, 0.4773246951219512, 0.5750762195121951, 0.6434832317073169, 0.7267530487804877, 0.8743330792682926]"
265,16,10,2.5e-05,uniform_gradient_pruning,2.0260224237427193e-05,9,-1,-7,True,11420.353399997111,complete uniform-Kmax initialization + all deletion scoring + gradient relocation + exact refit validation,chord_length,"[0.18422458868735647, 0.21706668042717114, 0.35222640406037337, 0.41641586047434287, 0.46259331920938324, 0.5712306305110258, 0.6646775661515915, 0.7008170263806683, 0.87478250570766]"
1028,16,12,2.5e-05,ours,2.30680758647903e-05,11,-1,-5,True,17.2531,synchronized batch-1 network forward only; input preloaded on device; final refit and verified repair excluded,chord_length,"[0.13849253952503204, 0.20194073021411896, 0.31193089485168457, 0.38337576389312744, 0.43311378359794617, 0.5341787338256836, 0.5692439675331116, 0.5897216796875, 0.6944788694381714, 0.7714928984642029, 0.8331884145736694]"
1028,16,12,2.5e-05,kang_sparse_2015_adaptation,1.7871141434512314e-05,13,1,-3,True,2815.9910999966087,complete sparse ADMM selection + relocation + endpoint-constrained verification/fallback + final refit,chord_length,"[0.0977515243902439, 0.25952743902439024, 0.34146341463414637, 0.36585365853658536, 0.43926257621951215, 0.5365853658536586, 0.5609756097560976, 0.6097560975609756, 0.6099466463414633, 0.6833079268292682, 0.7564786585365854, 0.8294588414634145, 0.9026295731707317]"
1028,16,12,2.5e-05,uniform_gradient_pruning,2.3966211216854388e-05,10,-2,-6,True,11488.197600003332,complete uniform-Kmax initialization + all deletion scoring + gradient relocation + exact refit validation,chord_length,"[0.10238786108022226, 0.23676208670178478, 0.4000099690308643, 0.431809867608521, 0.5293836649193667, 0.5707945268935838, 0.6178285970321523, 0.6669293618513557, 0.7719069611974716, 0.8210270219170741]"
1175,16,9,2.5e-05,ours,2.4931311483659218e-05,15,6,-1,True,17.5171,synchronized batch-1 network forward only; input preloaded on device; final refit and verified repair excluded,network_predicted,"[0.07724959403276443, 0.11473403126001358, 0.15777359902858734, 0.2687530219554901, 0.30007749795913696, 0.3304203152656555, 0.4736004173755646, 0.5026979446411133, 0.5317825078964233, 0.5910458564758301, 0.6237343549728394, 0.731979489326477, 0.8063778877258301, 0.8426607251167297, 0.9344440698623657]"
1175,16,9,2.5e-05,kang_sparse_2015_adaptation,1.8775051852415972e-05,9,0,-7,True,2705.853899999056,complete sparse ADMM selection + relocation + endpoint-constrained verification/fallback + final refit,chord_length,"[0.1461509146341463, 0.2109375, 0.3166920731707318, 0.41425304878048785, 0.560689786585366, 0.6360518292682927, 0.7358993902439025, 0.817454268292683, 0.8538490853658536]"
1175,16,9,2.5e-05,uniform_gradient_pruning,2.15880953888825e-05,8,-1,-8,True,11719.716800012975,complete uniform-Kmax initialization + all deletion scoring + gradient relocation + exact refit validation,chord_length,"[0.15376833338495496, 0.19690772885337407, 0.34325010339645823, 0.38742901129588087, 0.5815808370468811, 0.6123572384555376, 0.7456644174607021, 0.800791429522568]"
332,16,11,2.5e-05,ours,2.4593470434057052e-05,14,3,-2,True,17.9583,synchronized batch-1 network forward only; input preloaded on device; final refit and verified repair excluded,network_predicted,"[0.1459105908870697, 0.18608279526233673, 0.22196826338768005, 0.2551997900009155, 0.38443392515182495, 0.41378113627433777, 0.4449082016944885, 0.5994179844856262, 0.6337592005729675, 0.7789465188980103, 0.8133319616317749, 0.8483021855354309, 0.8895057439804077, 0.9361940622329712]"
332,16,11,2.5e-05,kang_sparse_2015_adaptation,2.248098208162253e-05,9,-2,-7,True,2717.130699995323,complete sparse ADMM selection + relocation + endpoint-constrained verification/fallback + final refit,chord_length,"[0.12176067073170732, 0.2193216463414634, 0.29268292682926833, 0.3366996951219512, 0.43921493902439024, 0.5560213414634146, 0.6444359756097561, 0.7280868902439024, 0.8060213414634146]"
332,16,11,2.5e-05,uniform_gradient_pruning,2.2519778287917775e-05,8,-3,-8,True,11809.0830000001,complete uniform-Kmax initialization + all deletion scoring + gradient relocation + exact refit validation,chord_length,"[0.12320129016146786, 0.21032276479214007, 0.2967930247679443, 0.3544660387878386, 0.4158506095386588, 0.5834349720750169, 0.6211115424294492, 0.726108723634977]"
186,16,7,2.5e-05,ours,2.4255302239629097e-05,11,4,-5,True,18.4454,synchronized batch-1 network forward only; input preloaded on device; final refit and verified repair excluded,network_predicted,"[0.08599764853715897, 0.17091268301010132, 0.31289178133010864, 0.43615540862083435, 0.4652623236179352, 0.4937260150909424, 0.6481858491897583, 0.6809547543525696, 0.7157930135726929, 0.8168846964836121, 0.8913693428039551]"
186,16,7,2.5e-05,kang_sparse_2015_adaptation,8.464423642340293e-06,13,6,-3,True,2853.011899991543,complete sparse ADMM selection + relocation + endpoint-constrained verification/fallback + final refit,chord_length,"[0.12195121951219512, 0.14634146341463417, 0.17073170731707318, 0.1951219512195122, 0.21951219512195122, 0.24390243902439024, 0.34146341463414637, 0.41463414634146345, 0.43902439024390244, 0.5121951219512195, 0.6341463414634146, 0.7560975609756098, 0.8780487804878049]"
186,16,7,2.5e-05,uniform_gradient_pruning,1.9726421134234606e-05,7,0,-9,True,12525.652600001195,complete uniform-Kmax initialization + all deletion scoring + gradient relocation + exact refit validation,chord_length,"[0.14720308576930394, 0.16601572069117213, 0.4475560479274515, 0.49378855670957345, 0.5638200206044599, 0.8168425644087023, 0.8488123216759081]"
406,16,10,2.5e-05,ours,2.3123745219760188e-05,12,2,-4,True,17.6584,synchronized batch-1 network forward only; input preloaded on device; final refit and verified repair excluded,network_predicted,"[0.16475501656532288, 0.24319924414157867, 0.33950644731521606, 0.40327322483062744, 0.46276044845581055, 0.548340916633606, 0.5776374936103821, 0.6693872213363647, 0.7424249649047852, 0.7790199518203735, 0.8122809529304504, 0.9363973140716553]"
406,16,10,2.5e-05,kang_sparse_2015_adaptation,2.2472372176163634e-05,10,0,-6,True,3045.3770999884,complete sparse ADMM selection + relocation + endpoint-constrained verification/fallback + final refit,chord_length,"[0.08498475609756098, 0.170922256097561, 0.2440929878048781, 0.3898628048780488, 0.48761432926829273, 0.5365853658536586, 0.671779725609756, 0.7191310975609756, 0.7808689024390244, 0.8782393292682926]"
406,16,10,2.5e-05,uniform_gradient_pruning,2.1362788820513866e-05,9,-1,-7,True,11457.751800000551,complete uniform-Kmax initialization + all deletion scoring + gradient relocation + exact refit validation,chord_length,"[0.18649636048486504, 0.27239395248950105, 0.3493733017149193, 0.4895814755976611, 0.5911287071581277, 0.6294363449238578, 0.7397204369325361, 0.7929569652839243, 0.8829000685712178]"
566,16,10,2.5e-05,ours,2.298791035919015e-05,11,1,-5,True,17.155900000000003,synchronized batch-1 network forward only; input preloaded on device; final refit and verified repair excluded,network_predicted,"[0.18661147356033325, 0.2526490092277527, 0.2834089696407318, 0.3773382306098938, 0.47143644094467163, 0.5022550225257874, 0.534716010093689, 0.6340082883834839, 0.7434192895889282, 0.8127937316894531, 0.9365483522415161]"
566,16,10,2.5e-05,kang_sparse_2015_adaptation,9.732395703120721e-06,10,0,-6,True,2702.4018000083743,complete sparse ADMM selection + relocation + endpoint-constrained verification/fallback + final refit,chord_length,"[0.2193216463414634, 0.2648628048780488, 0.3233612804878049, 0.39729420731707316, 0.4881859756097561, 0.6095655487804879, 0.6558689024390244, 0.7288490853658536, 0.7999237804878049, 0.8669969512195123]"
566,16,10,2.5e-05,uniform_gradient_pruning,1.1516460262635809e-05,8,-2,-8,True,11792.811600011191,complete uniform-Kmax initialization + all deletion scoring + gradient relocation + exact refit validation,chord_length,"[0.2204809619630203, 0.28628893274965717, 0.31253643962473254, 0.41946078632024497, 0.46714023147544076, 0.651617615153165, 0.73171448711335, 0.7927706748910629]"
2326,16,8,2.5e-05,ours,2.413145133876098e-05,11,3,-5,True,17.37285,synchronized batch-1 network forward only; input preloaded on device; final refit and verified repair excluded,network_predicted,"[0.12863755226135254, 0.2434985488653183, 0.2748944163322449, 0.3673505187034607, 0.427456259727478, 0.5772663950920105, 0.6084020733833313, 0.708362340927124, 0.7775532603263855, 0.8120086789131165, 0.8474012017250061]"
2326,16,8,2.5e-05,kang_sparse_2015_adaptation,1.4349697434610228e-05,18,10,2,True,2653.686799996649,complete sparse ADMM selection + relocation + endpoint-constrained verification/fallback + final refit,chord_length,"[0.12195121951219512, 0.14634146341463417, 0.17073170731707318, 0.1951219512195122, 0.21951219512195122, 0.24390243902439024, 0.2682926829268293, 0.36585365853658536, 0.3902439024390244, 0.4634146341463415, 0.5609756097560976, 0.6341463414634146, 0.6585365853658536, 0.7317073170731707, 0.7560975609756098, 0.7804878048780488, 0.8536585365853658, 0.8780487804878049]"
2326,16,8,2.5e-05,uniform_gradient_pruning,1.8312015036203172e-05,9,1,-7,True,11299.919500001124,complete uniform-Kmax initialization + all deletion scoring + gradient relocation + exact refit validation,chord_length,"[0.12402809721562394, 0.1859149712291734, 0.4012465074041822, 0.481440199898303, 0.5844410149831277, 0.6349414517471501, 0.7170527430985744, 0.8854407499895094, 0.9199884375527178]"
305,16,8,2.5e-05,ours,2.4213870998637845e-05,11,3,-5,True,17.144399999999997,synchronized batch-1 network forward only; input preloaded on device; final refit and verified repair excluded,network_predicted,"[0.0787009447813034, 0.1964196264743805, 0.23373350501060486, 0.3289647400379181, 0.42460939288139343, 0.5148698091506958, 0.5459754467010498, 0.5769674181938171, 0.6393219232559204, 0.7805858254432678, 0.8897289633750916]"
305,16,8,2.5e-05,kang_sparse_2015_adaptation,1.3833116092333398e-05,8,0,-8,True,2814.756899999338,complete sparse ADMM selection + relocation + endpoint-constrained verification/fallback + final refit,chord_length,"[0.08060213414634149, 0.17511432926829268, 0.2673399390243903, 0.36547256097560976, 0.4636051829268293, 0.6095655487804879, 0.6793064024390243, 0.828220274390244]"
305,16,8,2.5e-05,uniform_gradient_pruning,1.684847411306918e-05,7,-1,-9,True,12299.934500013478,complete uniform-Kmax initialization + all deletion scoring + gradient relocation + exact refit validation,chord_length,"[0.0912574957348421, 0.176585854339624, 0.26208780344176086, 0.38152233532830626, 0.42820004137843626, 0.69424213685225, 0.8304185202534384]"
3253,16,10,2.5e-05,ours,2.4737444948810226e-05,18,8,2,True,20.5642,synchronized batch-1 network forward only; input preloaded on device; final refit and verified repair excluded,network_predicted,"[0.02015024796128273, 0.12692877650260925, 0.1741762012243271, 0.21890027821063995, 0.2907383143901825, 0.3554900884628296, 0.3893105387687683, 0.4219036102294922, 0.5114680528640747, 0.5390964150428772, 0.5698960423469543, 0.6004767417907715, 0.6609256863594055, 0.6926947832107544, 0.7265762090682983, 0.7938078045845032, 0.8236134052276611, 0.8956961631774902]"
3253,16,10,2.5e-05,kang_sparse_2015_adaptation,2.338485870848227e-05,13,3,-3,True,1883.4792999987258,complete sparse ADMM selection + relocation + endpoint-constrained verification/fallback + final refit,chord_length,"[0.21951219512195122, 0.24390243902439024, 0.2682926829268293, 0.29268292682926833, 0.43902439024390244, 0.4878048780487805, 0.5018578506097561, 0.5609756097560976, 0.5853658536585366, 0.6341463414634146, 0.6585365853658536, 0.7560975609756098, 0.8780487804878049]"
3253,16,10,2.5e-05,uniform_gradient_pruning,1.9351831885812197e-05,12,2,-4,True,9875.257699997746,complete uniform-Kmax initialization + all deletion scoring + gradient relocation + exact refit validation,chord_length,"[0.155672905161136, 0.21695432692662298, 0.25750540016574075, 0.29242221767161153, 0.4578784114113479, 0.4865156429275487, 0.5183438767060187, 0.5476446612047123, 0.5776275732567139, 0.6370596245081533, 0.6759216099699077, 0.7463861854938767]"
904,16,10,2.5e-05,ours,2.4712655160391657e-05,18,8,2,True,17.6404,synchronized batch-1 network forward only; input preloaded on device; final refit and verified repair excluded,network_predicted,"[0.051567453891038895, 0.08717622607946396, 0.17588092386722565, 0.2559345066547394, 0.3511872887611389, 0.41044431924819946, 0.43917492032051086, 0.4676762521266937, 0.49745383858680725, 0.5304131507873535, 0.5633366107940674, 0.6278491020202637, 0.6595097184181213, 0.6935266256332397, 0.7958411574363708, 0.8254302740097046, 0.8971782922744751, 0.9404771327972412]"
904,16,10,2.5e-05,kang_sparse_2015_adaptation,1.6106627930463222e-05,10,0,-6,True,2675.311099999817,complete sparse ADMM selection + relocation + endpoint-constrained verification/fallback + final refit,chord_length,"[0.14615091463414637, 0.2193216463414634, 0.2930640243902439, 0.36623475609756095, 0.5057164634146342, 0.5853658536585366, 0.6098513719512195, 0.6962652439024389, 0.7991615853658537, 0.9030106707317074]"
904,16,10,2.5e-05,uniform_gradient_pruning,2.1206686472768004e-05,8,-2,-8,True,11974.926999988384,complete uniform-Kmax initialization + all deletion scoring + gradient relocation + exact refit validation,chord_length,"[0.24527868097332883, 0.3034523227634328, 0.37135610460203955, 0.491289628341683, 0.5884339993611101, 0.6110686086467346, 0.6851979934197843, 0.7787013877292922]"
2356,16,10,2.5e-05,ours,2.3957249762170013e-05,13,3,-3,True,17.391849999999998,synchronized batch-1 network forward only; input preloaded on device; final refit and verified repair excluded,network_predicted,"[0.12249558418989182, 0.16621099412441254, 0.312313050031662, 0.4422934055328369, 0.4741085469722748, 0.5058299899101257, 0.5372376441955566, 0.599052906036377, 0.6303359866142273, 0.7632267475128174, 0.7936441898345947, 0.8566588759422302, 0.8950616717338562]"
2356,16,10,2.5e-05,kang_sparse_2015_adaptation,1.1184878280473609e-05,10,0,-6,True,2666.4616000052774,complete sparse ADMM selection + relocation + endpoint-constrained verification/fallback + final refit,chord_length,"[0.1331935975609756, 0.1953125, 0.2440929878048781, 0.3418445121951219, 0.4881859756097561, 0.6285251524390243, 0.6585365853658536, 0.7115091463414634, 0.7747713414634146, 0.8538490853658536]"
2356,16,10,2.5e-05,uniform_gradient_pruning,2.2809989652315163e-05,8,-2,-8,True,12638.351300003706,complete uniform-Kmax initialization + all deletion scoring + gradient relocation + exact refit validation,chord_length,"[0.1133063415285649, 0.3549001873500708, 0.5310459315652605, 0.5901615527115767, 0.6751756437873138, 0.717926782383769, 0.7750810830460825, 0.8187992043453215]"
816,16,9,2.5e-05,ours,2.3694761597292376e-05,17,8,1,True,17.3183,synchronized batch-1 network forward only; input preloaded on device; final refit and verified repair excluded,network_predicted,"[0.12574264407157898, 0.17012599110603333, 0.21210570633411407, 0.24710942804813385, 0.279034286737442, 0.31299641728401184, 0.40411147475242615, 0.49371835589408875, 0.5218808054924011, 0.5500646829605103, 0.5811560750007629, 0.6753664612770081, 0.7110198736190796, 0.7492231130599976, 0.8510578870773315, 0.892013430595398, 0.9379067420959473]"
816,16,9,2.5e-05,kang_sparse_2015_adaptation,2.3072794419419325e-05,10,1,-6,True,2569.006799996714,complete sparse ADMM selection + relocation + endpoint-constrained verification/fallback + final refit,chord_length,"[0.16958841463414637, 0.2679115853658537, 0.34127286585365857, 0.41425304878048785, 0.4634146341463415, 0.5362995426829269, 0.5855564024390243, 0.6589176829268292, 0.7564786585365854, 0.8151676829268292]"
816,16,9,2.5e-05,uniform_gradient_pruning,2.40306181578585e-05,9,0,-7,True,11862.344000008306,complete uniform-Kmax initialization + all deletion scoring + gradient relocation + exact refit validation,chord_length,"[0.1535813236429834, 0.25560435660016867, 0.3467869426415078, 0.38760380156750246, 0.5046638808231563, 0.5233115514607405, 0.5419452458122304, 0.7008647638108049, 0.7428608406295474]"
3216,16,8,2.5e-05,ours,2.4953010287518453e-05,15,7,-1,True,16.9556,synchronized batch-1 network forward only; input preloaded on device; final refit and verified repair excluded,network_predicted,"[0.08593355119228363, 0.12546096742153168, 0.16879154741764069, 0.21050938963890076, 0.3136039972305298, 0.34615710377693176, 0.3788045346736908, 0.4433501064777374, 0.5067837238311768, 0.5690487027168274, 0.6001777052879333, 0.6317562460899353, 0.7683610320091248, 0.8002017140388489, 0.9013945460319519]"
3216,16,8,2.5e-05,kang_sparse_2015_adaptation,1.966830888726614e-05,10,2,-6,True,2682.4085999978706,complete sparse ADMM selection + relocation + endpoint-constrained verification/fallback + final refit,chord_length,"[0.11528201219512194, 0.1804496951219512, 0.2547637195121951, 0.3519435975609756, 0.436547256097561, 0.560594512195122, 0.6343368902439024, 0.7175590701219512, 0.7560975609756098, 0.8538490853658536]"
3216,16,8,2.5e-05,uniform_gradient_pruning,1.8969745182248495e-05,8,0,-8,True,11770.350599996164,complete uniform-Kmax initialization + all deletion scoring + gradient relocation + exact refit validation,chord_length,"[0.14635420194698284, 0.19062211780045776, 0.23710349707071698, 0.34015493933404656, 0.40583118280367964, 0.6914139170273899, 0.7338560194532767, 0.7533108112276589]"
3122,16,11,2.5e-05,ours,2.4779811211751694e-05,16,5,0,True,17.367649999999998,synchronized batch-1 network forward only; input preloaded on device; final refit and verified repair excluded,network_predicted,"[0.11460494250059128, 0.15495461225509644, 0.19569334387779236, 0.26455825567245483, 0.3240166902542114, 0.35410305857658386, 0.41327401995658875, 0.44146114587783813, 0.4706452786922455, 0.5006230473518372, 0.6582842469215393, 0.7320977449417114, 0.7695733308792114, 0.8051677346229553, 0.8412118554115295, 0.8839520812034607]"
3122,16,11,2.5e-05,kang_sparse_2015_adaptation,2.1374786978997363e-05,10,-1,-6,True,2647.209600007045,complete sparse ADMM selection + relocation + endpoint-constrained verification/fallback + final refit,chord_length,"[0.10461128048780488, 0.18464176829268292, 0.2879192073170732, 0.3656631097560976, 0.43883384146341464, 0.5121951219512195, 0.51953125, 0.6099466463414633, 0.7328506097560975, 0.8534679878048781]"
3122,16,11,2.5e-05,uniform_gradient_pruning,2.2814830985211908e-05,8,-3,-8,True,11821.346299999277,complete uniform-Kmax initialization + all deletion scoring + gradient relocation + exact refit validation,chord_length,"[0.13938721278951466, 0.170785205008426, 0.27825407630877436, 0.4359765822681984, 0.4832867733710997, 0.5613033512903628, 0.5946661989336084, 0.7844944126253544]"
1262,16,8,2.5e-05,ours,2.46709441414398e-05,8,0,-8,True,17.33335,synchronized batch-1 network forward only; input preloaded on device; final refit and verified repair excluded,network_predicted,"[0.1714114397764206, 0.24842804670333862, 0.34605664014816284, 0.37803152203559875, 0.5717780590057373, 0.6351116895675659, 0.6670541763305664, 0.801252543926239]"
1262,16,8,2.5e-05,kang_sparse_2015_adaptation,1.0561178718821281e-05,7,-1,-9,True,2621.3146999944,complete sparse ADMM selection + relocation + endpoint-constrained verification/fallback + final refit,chord_length,"[0.17854420731707316, 0.2686737804878049, 0.4233993902439025, 0.6009908536585366, 0.7557164634146342, 0.829077743902439, 0.8982469512195123]"
1262,16,8,2.5e-05,uniform_gradient_pruning,2.417306041118136e-05,6,-2,-10,True,12618.028299999423,complete uniform-Kmax initialization + all deletion scoring + gradient relocation + exact refit validation,chord_length,"[0.20522207707911344, 0.25527969995679045, 0.4231225038478431, 0.6137650262843837, 0.736314535100224, 0.7890232761798389]"
996,16,7,2.5e-05,ours,2.4409898615440037e-05,8,1,-8,True,17.3826,synchronized batch-1 network forward only; input preloaded on device; final refit and verified repair excluded,network_predicted,"[0.15046554803848267, 0.19051431119441986, 0.2894060015678406, 0.5015241503715515, 0.5633676648139954, 0.628541886806488, 0.7027925848960876, 0.8929727077484131]"
996,16,7,2.5e-05,kang_sparse_2015_adaptation,1.2533129480038694e-05,8,1,-8,True,2877.43710000359,complete sparse ADMM selection + relocation + endpoint-constrained verification/fallback + final refit,chord_length,"[0.21951219512195122, 0.24390243902439024, 0.2687214176829268, 0.36623475609756095, 0.4636051829268293, 0.6099466463414633, 0.7374237804878049, 0.8660442073170731]"
996,16,7,2.5e-05,uniform_gradient_pruning,2.3621613933779743e-05,7,0,-9,True,12829.852499999106,complete uniform-Kmax initialization + all deletion scoring + gradient relocation + exact refit validation,chord_length,"[0.22229289340705577, 0.25767490786737857, 0.2795312202674255, 0.4564550918901665, 0.602005202600731, 0.7394633571737406, 0.8675865045970163]"
1558,16,10,2.5e-05,ours,2.1976847542338114e-05,16,6,0,True,17.225450000000002,synchronized batch-1 network forward only; input preloaded on device; final refit and verified repair excluded,network_predicted,"[0.12174918502569199, 0.20621544122695923, 0.24607110023498535, 0.2819824814796448, 0.3160659670829773, 0.3806638717651367, 0.411209374666214, 0.4757802188396454, 0.5649899244308472, 0.5943639874458313, 0.6924906373023987, 0.7272657155990601, 0.7611355781555176, 0.8571378588676453, 0.89533531665802, 0.9390041828155518]"
1558,16,10,2.5e-05,kang_sparse_2015_adaptation,1.9919070022587087e-05,10,0,-6,True,2754.7677000111435,complete sparse ADMM selection + relocation + endpoint-constrained verification/fallback + final refit,chord_length,"[0.12176067073170732, 0.12195121951219512, 0.20865091463414637, 0.2730564024390244, 0.34584603658536583, 0.46674923780487804, 0.595655487804878, 0.6779725609756097, 0.8061166158536586, 0.8538490853658536]"
1558,16,10,2.5e-05,uniform_gradient_pruning,2.4713627736380836e-05,9,-1,-7,True,11444.066900003236,complete uniform-Kmax initialization + all deletion scoring + gradient relocation + exact refit validation,chord_length,"[0.12643174981316604, 0.21027215273471248, 0.26590644218441056, 0.37590060216117804, 0.4491047820200864, 0.6289157137013173, 0.6726578027651106, 0.7237921779985861, 0.8175300405879089]"
3242,16,9,2.5e-05,ours,1.896818720366854e-05,10,1,-6,True,17.078850000000003,synchronized batch-1 network forward only; input preloaded on device; final refit and verified repair excluded,network_predicted,"[0.08919395506381989, 0.1302127093076706, 0.21772654354572296, 0.3478720188140869, 0.3779926598072052, 0.5053102970123291, 0.5368465781211853, 0.6931940913200378, 0.7933670282363892, 0.8581691384315491]"
3242,16,9,2.5e-05,kang_sparse_2015_adaptation,1.2037444877591161e-05,8,-1,-8,True,2796.689199996763,complete sparse ADMM selection + relocation + endpoint-constrained verification/fallback + final refit,chord_length,"[0.1472942073170732, 0.22198932926829268, 0.3898628048780488, 0.5080030487804877, 0.5613567073170732, 0.6987423780487805, 0.7808689024390244, 0.8555640243902439]"
3242,16,9,2.5e-05,uniform_gradient_pruning,2.0129786522672698e-05,7,-2,-9,True,11886.738699991838,complete uniform-Kmax initialization + all deletion scoring + gradient relocation + exact refit validation,chord_length,"[0.17496960410703724, 0.20985368374739624, 0.39233685432546495, 0.481418434069475, 0.7431236906129581, 0.7942168396991869, 0.8776573240686512]"
193,17,9,2.5e-05,ours,2.2971180174134012e-05,11,2,-6,True,17.09925,synchronized batch-1 network forward only; input preloaded on device; final refit and verified repair excluded,network_predicted,"[0.1683538854122162, 0.2095494568347931, 0.2777595818042755, 0.4043284058570862, 0.43436911702156067, 0.5299904942512512, 0.6539166569709778, 0.6866210699081421, 0.7540882229804993, 0.8513845205307007, 0.8909436464309692]"
193,17,9,2.5e-05,kang_sparse_2015_adaptation,1.2043757831692724e-05,10,1,-7,True,2721.945199999027,complete sparse ADMM selection + relocation + endpoint-constrained verification/fallback + final refit,chord_length,"[0.1949314024390244, 0.28220274390243905, 0.3233612804878049, 0.4064405487804878, 0.48342225609756095, 0.5773628048780489, 0.6383384146341463, 0.7061737804878049, 0.7968750000000001, 0.9165396341463415]"
193,17,9,2.5e-05,uniform_gradient_pruning,2.2778828634138093e-05,8,-1,-9,True,11635.342800000217,complete uniform-Kmax initialization + all deletion scoring + gradient relocation + exact refit validation,chord_length,"[0.20459768770681602, 0.3338851063669812, 0.4255090318115031, 0.4677911903551068, 0.6478324877300601, 0.7074702162629183, 0.8021506784021263, 0.9038669427700211]"
1834,17,10,2.5e-05,ours,2.470009803469957e-05,15,5,-2,True,19.45595,synchronized batch-1 network forward only; input preloaded on device; final refit and verified repair excluded,network_predicted,"[0.11903265118598938, 0.16030310094356537, 0.23674394190311432, 0.2688521444797516, 0.30074751377105713, 0.3656115233898163, 0.4311702847480774, 0.4637274146080017, 0.49536025524139404, 0.557861328125, 0.5901150703430176, 0.6538119316101074, 0.7572554349899292, 0.7907641530036926, 0.8216396570205688]"
1834,17,10,2.5e-05,kang_sparse_2015_adaptation,1.4265056634225738e-05,10,0,-7,True,3070.0191000069026,complete sparse ADMM selection + relocation + endpoint-constrained verification/fallback + final refit,chord_length,"[0.14615091463414637, 0.19378810975609756, 0.2686737804878049, 0.3418445121951219, 0.4636051829268293, 0.5851753048780488, 0.6772103658536585, 0.764672256097561, 0.8334603658536585, 0.8868140243902439]"
1834,17,10,2.5e-05,uniform_gradient_pruning,2.3267360123945817e-05,7,-3,-10,True,12435.50900000264,complete uniform-Kmax initialization + all deletion scoring + gradient relocation + exact refit validation,chord_length,"[0.2308098013565519, 0.28414652843031246, 0.3208504452268227, 0.4506332283427116, 0.616968041193033, 0.6374347446716573, 0.738319887155336]"
2833,17,11,2.5e-05,ours,2.37870975371665e-05,15,4,-2,True,16.95955,synchronized batch-1 network forward only; input preloaded on device; final refit and verified repair excluded,network_predicted,"[0.11024563759565353, 0.14907334744930267, 0.1884346902370453, 0.2846999168395996, 0.3156685531139374, 0.37766939401626587, 0.40855130553245544, 0.5015761852264404, 0.5333446264266968, 0.5658342242240906, 0.6342762112617493, 0.7477259635925293, 0.7840837836265564, 0.8935698866844177, 0.9388716816902161]"
2833,17,11,2.5e-05,kang_sparse_2015_adaptation,2.178677722568184e-05,11,0,-6,True,2647.853699992993,complete sparse ADMM selection + relocation + endpoint-constrained verification/fallback + final refit,chord_length,"[0.07336128048780488, 0.19912347560975613, 0.25647865853658536, 0.34165396341463417, 0.43921493902439024, 0.560594512195122, 0.6339557926829269, 0.6675400152439024, 0.7317073170731707, 0.8292682926829268, 0.8782393292682926]"
2833,17,11,2.5e-05,uniform_gradient_pruning,2.378082599042443e-05,9,-2,-8,True,11424.445099997683,complete uniform-Kmax initialization + all deletion scoring + gradient relocation + exact refit validation,chord_length,"[0.2173039253815463, 0.26627573929553006, 0.3649951022037062, 0.4053484455579161, 0.4454656403223962, 0.5409425931551164, 0.597839654666144, 0.6921378539883365, 0.7250114465861206]"
3497,17,11,2.5e-05,ours,2.4791798401568735e-05,15,4,-2,True,17.0111,synchronized batch-1 network forward only; input preloaded on device; final refit and verified repair excluded,network_predicted,"[0.1580817848443985, 0.19853410124778748, 0.234029158949852, 0.26704874634742737, 0.29825010895729065, 0.4289880692958832, 0.4953487515449524, 0.5274302363395691, 0.6225221157073975, 0.6545487642288208, 0.6877204775810242, 0.7573069334030151, 0.8232179880142212, 0.8570679426193237, 0.9400591254234314]"
3497,17,11,2.5e-05,kang_sparse_2015_adaptation,1.4655327829824152e-05,9,-2,-8,True,2642.0612999936566,complete sparse ADMM selection + relocation + endpoint-constrained verification/fallback + final refit,chord_length,"[0.17054115853658536, 0.24371189024390244, 0.31821646341463417, 0.3854801829268293, 0.4493140243902439, 0.5125762195121951, 0.682545731707317, 0.786204268292683, 0.8351753048780488]"
3497,17,11,2.5e-05,uniform_gradient_pruning,1.7186584547860804e-05,9,-2,-8,True,11435.011599998688,complete uniform-Kmax initialization + all deletion scoring + gradient relocation + exact refit validation,chord_length,"[0.15778825653534959, 0.27297962084186084, 0.3050550870410213, 0.39276399940842605, 0.4454387388294282, 0.5376729535350011, 0.6603919807607733, 0.8092155054675461, 0.852046004248995]"
954,17,10,2.5e-05,ours,2.4815340418369138e-05,20,10,3,True,17.6659,synchronized batch-1 network forward only; input preloaded on device; final refit and verified repair excluded,network_predicted,"[0.04907505586743355, 0.11858464032411575, 0.1593860238790512, 0.23367910087108612, 0.2643965780735016, 0.29359883069992065, 0.3575976490974426, 0.39037472009658813, 0.42246291041374207, 0.4847521483898163, 0.5155033469200134, 0.5486583113670349, 0.6454642415046692, 0.6790657639503479, 0.7532755732536316, 0.7879629135131836, 0.8194551467895508, 0.8531647324562073, 0.8930111527442932, 0.938015341758728]"
954,17,10,2.5e-05,kang_sparse_2015_adaptation,1.667829655555574e-05,12,2,-5,True,2810.9832999907667,complete sparse ADMM selection + relocation + endpoint-constrained verification/fallback + final refit,chord_length,"[0.0973704268292683, 0.14634146341463417, 0.17054115853658536, 0.24371189024390244, 0.3168826219512195, 0.41463414634146345, 0.44483612804878053, 0.6343368902439024, 0.7073170731707317, 0.7076981707317073, 0.8052591463414634, 0.8782393292682926]"
954,17,10,2.5e-05,uniform_gradient_pruning,1.9896138297910068e-05,10,0,-7,True,11088.16559999832,complete uniform-Kmax initialization + all deletion scoring + gradient relocation + exact refit validation,chord_length,"[0.07424188458047339, 0.1319932897093461, 0.23446350144349956, 0.28331994954659045, 0.42618574576344365, 0.4531787014077533, 0.6486222348383404, 0.7386330413203179, 0.7897925911026044, 0.9125095980586978]"
981,17,9,2.5e-05,ours,2.4955287027253098e-05,13,4,-4,True,19.970399999999998,synchronized batch-1 network forward only; input preloaded on device; final refit and verified repair excluded,network_predicted,"[0.15660975873470306, 0.1966640204191208, 0.23160237073898315, 0.3619302213191986, 0.42575743794441223, 0.5183302760124207, 0.5499552488327026, 0.6126121282577515, 0.749369740486145, 0.785082995891571, 0.8182977437973022, 0.8536930084228516, 0.8944001793861389]"
981,17,9,2.5e-05,kang_sparse_2015_adaptation,1.7735228946652715e-05,8,-1,-9,True,2851.7176999885123,complete sparse ADMM selection + relocation + endpoint-constrained verification/fallback + final refit,chord_length,"[0.1476753048780488, 0.2273246951219512, 0.3317454268292683, 0.4516006097560975, 0.5369664634146342, 0.6099466463414633, 0.7076981707317073, 0.817263719512195]"
981,17,9,2.5e-05,uniform_gradient_pruning,2.227360740061462e-05,7,-2,-10,True,12128.142300003674,complete uniform-Kmax initialization + all deletion scoring + gradient relocation + exact refit validation,chord_length,"[0.15460347361625412, 0.2144311418669925, 0.34957008383825067, 0.4513226504991755, 0.5602064638483176, 0.7262626676938745, 0.8188380974469409]"
2442,17,10,2.5e-05,ours,2.401944539159131e-05,15,5,-2,True,17.3946,synchronized batch-1 network forward only; input preloaded on device; final refit and verified repair excluded,network_predicted,"[0.16572675108909607, 0.2081659734249115, 0.24289065599441528, 0.27672725915908813, 0.3091564178466797, 0.3411078453063965, 0.49005842208862305, 0.5525500774383545, 0.5829413533210754, 0.6127125024795532, 0.6773699522018433, 0.7128627300262451, 0.7486097812652588, 0.8143200278282166, 0.890190601348877]"
2442,17,10,2.5e-05,kang_sparse_2015_adaptation,1.967596061685994e-05,11,1,-6,True,2634.244300003047,complete sparse ADMM selection + relocation + endpoint-constrained verification/fallback + final refit,chord_length,"[0.0975609756097561, 0.23218368902439024, 0.431688262195122, 0.43902439024390244, 0.5125762195121951, 0.5853658536585366, 0.5855564024390243, 0.6817835365853658, 0.7389481707317073, 0.7923018292682927, 0.8782393292682926]"
2442,17,10,2.5e-05,uniform_gradient_pruning,2.0514060904141516e-05,10,0,-7,True,10833.501599990996,complete uniform-Kmax initialization + all deletion scoring + gradient relocation + exact refit validation,chord_length,"[0.130101418377689, 0.1814337064838465, 0.37557889957732926, 0.4137188755976816, 0.45551027732577193, 0.5073840713482894, 0.6221906018653421, 0.6680778531545547, 0.7334079125067682, 0.7785256624385644]"
910,17,9,2.5e-05,ours,2.482274876091327e-05,13,4,-4,True,17.5699,synchronized batch-1 network forward only; input preloaded on device; final refit and verified repair excluded,network_predicted,"[0.1443406641483307, 0.1807519644498825, 0.29986104369163513, 0.3840221166610718, 0.5007126331329346, 0.5347596406936646, 0.5706999897956848, 0.6070874333381653, 0.6450033783912659, 0.6855501532554626, 0.7285956740379333, 0.8435836434364319, 0.886954128742218]"
910,17,9,2.5e-05,kang_sparse_2015_adaptation,1.797862148851488e-05,10,1,-7,True,2634.5576999883633,complete sparse ADMM selection + relocation + endpoint-constrained verification/fallback + final refit,chord_length,"[0.16482469512195125, 0.24066310975609756, 0.3553734756097561, 0.41730182926829273, 0.47599085365853655, 0.5529725609756099, 0.623094512195122, 0.7076981707317073, 0.8091653963414636, 0.8536585365853658]"
910,17,9,2.5e-05,uniform_gradient_pruning,1.944784712564763e-05,9,0,-8,True,11285.813800001051,complete uniform-Kmax initialization + all deletion scoring + gradient relocation + exact refit validation,chord_length,"[0.1614353820516611, 0.23949647223132348, 0.3434248639278681, 0.4830420018166688, 0.5659054295865402, 0.652029993371434, 0.7100757000517633, 0.8053836297159418, 0.8489444738188809]"
4034,17,9,2.5e-05,ours,2.3817776427278688e-05,12,3,-5,True,17.458,synchronized batch-1 network forward only; input preloaded on device; final refit and verified repair excluded,network_predicted,"[0.11699267476797104, 0.15923884510993958, 0.2680928409099579, 0.332990437746048, 0.48184001445770264, 0.5124977231025696, 0.5744976997375488, 0.6384046673774719, 0.6720888018608093, 0.7780816555023193, 0.811517596244812, 0.8463321328163147]"
4034,17,9,2.5e-05,kang_sparse_2015_adaptation,1.2912490834917255e-05,9,0,-8,True,2744.8701999965124,complete sparse ADMM selection + relocation + endpoint-constrained verification/fallback + final refit,chord_length,"[0.12176067073170732, 0.17073170731707318, 0.2436166158536585, 0.3403201219512195, 0.41501524390243905, 0.536204268292683, 0.6404344512195121, 0.7076981707317073, 0.9022484756097562]"
4034,17,9,2.5e-05,uniform_gradient_pruning,1.3087829204990804e-05,8,-1,-9,True,12507.548800000222,complete uniform-Kmax initialization + all deletion scoring + gradient relocation + exact refit validation,chord_length,"[0.11811110121845607, 0.16998619049636332, 0.24582320399356666, 0.33498387845444794, 0.40058881849340683, 0.5852243424536601, 0.6271692172733594, 0.6807081689600325]"
2350,17,11,2.5e-05,ours,2.4820164063306407e-05,21,10,4,True,17.793300000000002,synchronized batch-1 network forward only; input preloaded on device; final refit and verified repair excluded,network_predicted,"[0.021052228286862373, 0.05351284146308899, 0.08991827070713043, 0.13208283483982086, 0.17700500786304474, 0.2182447463274002, 0.28231775760650635, 0.3126586079597473, 0.3439430892467499, 0.4358113408088684, 0.4660564661026001, 0.49572035670280457, 0.5877441763877869, 0.6188855171203613, 0.6499890089035034, 0.7165619730949402, 0.751295804977417, 0.7871378064155579, 0.8189662098884583, 0.8923735022544861, 0.9378961324691772]"
2350,17,11,2.5e-05,kang_sparse_2015_adaptation,1.7404750280438768e-05,13,2,-4,True,2640.6902000017,complete sparse ADMM selection + relocation + endpoint-constrained verification/fallback + final refit,chord_length,"[0.17073170731707318, 0.20445884146341464, 0.21951219512195122, 0.268578506097561, 0.3170731707317073, 0.41425304878048785, 0.43902439024390244, 0.4632240853658537, 0.560594512195122, 0.6344321646341464, 0.7804878048780488, 0.8294588414634145, 0.8782393292682926]"
2350,17,11,2.5e-05,uniform_gradient_pruning,1.8344930105696603e-05,10,-1,-7,True,10806.927300000098,complete uniform-Kmax initialization + all deletion scoring + gradient relocation + exact refit validation,chord_length,"[0.14849198160046329, 0.23804701503897346, 0.2788520342623343, 0.3167289527393903, 0.37653542443984733, 0.4693402174501369, 0.5206267470276215, 0.6454737297199704, 0.769043424798749, 0.8176631533001973]"
390,17,11,2.5e-05,ours,2.3787938779283417e-05,15,4,-2,True,17.690800000000003,synchronized batch-1 network forward only; input preloaded on device; final refit and verified repair excluded,network_predicted,"[0.0492069236934185, 0.12306138873100281, 0.1671522855758667, 0.2465767115354538, 0.2802373766899109, 0.3118589520454407, 0.37408238649368286, 0.49427372217178345, 0.6163004040718079, 0.6493239402770996, 0.6850183606147766, 0.7229877710342407, 0.7603760361671448, 0.7939304709434509, 0.8586117029190063]"
390,17,11,2.5e-05,kang_sparse_2015_adaptation,1.2955381294061556e-05,12,1,-5,True,2627.2157999919727,complete sparse ADMM selection + relocation + endpoint-constrained verification/fallback + final refit,chord_length,"[0.09279725609756098, 0.15910823170731708, 0.24790396341463417, 0.3273628048780488, 0.3902439024390244, 0.41425304878048785, 0.536204268292683, 0.6585365853658536, 0.7073170731707317, 0.7756288109756098, 0.8380335365853658, 0.8782393292682926]"
390,17,11,2.5e-05,uniform_gradient_pruning,1.9534303788184143e-05,9,-2,-8,True,11410.921500006225,complete uniform-Kmax initialization + all deletion scoring + gradient relocation + exact refit validation,chord_length,"[0.21457757719463597, 0.25113429513801766, 0.33065876413926526, 0.3674873031542115, 0.5159271994775235, 0.6626626319475186, 0.6898475226168483, 0.7680829942241181, 0.8197334732057049]"
1110,17,9,2.5e-05,ours,2.4601932867698637e-05,13,4,-4,True,16.97625,synchronized batch-1 network forward only; input preloaded on device; final refit and verified repair excluded,network_predicted,"[0.07890903204679489, 0.15477360785007477, 0.26281723380088806, 0.3585706353187561, 0.3894219398498535, 0.4856770634651184, 0.517493486404419, 0.5493021607398987, 0.5813833475112915, 0.6138545274734497, 0.6474728584289551, 0.7208797931671143, 0.9410973191261292]"
1110,17,9,2.5e-05,kang_sparse_2015_adaptation,1.8304610827540895e-05,9,0,-8,True,2832.0877999794902,complete sparse ADMM selection + relocation + endpoint-constrained verification/fallback + final refit,chord_length,"[0.11413871951219512, 0.2342797256097561, 0.3892911585365854, 0.4803734756097561, 0.5849847560975611, 0.658346036585366, 0.7317073170731707, 0.7320884146341463, 0.8778582317073171]"
1110,17,9,2.5e-05,uniform_gradient_pruning,1.7031973839090047e-05,8,-1,-9,True,11753.107800002908,complete uniform-Kmax initialization + all deletion scoring + gradient relocation + exact refit validation,chord_length,"[0.1193148601264893, 0.21120092306979438, 0.40441083455333726, 0.44525022687016835, 0.6755620957563586, 0.708890118283656, 0.7356647228390848, 0.8739288575847732]"
1704,17,8,2.5e-05,ours,2.4425141159005272e-05,12,4,-5,True,17.0702,synchronized batch-1 network forward only; input preloaded on device; final refit and verified repair excluded,network_predicted,"[0.12429149448871613, 0.16679754853248596, 0.24077767133712769, 0.30004629492759705, 0.36002063751220703, 0.3890351355075836, 0.5096091032028198, 0.5425967574119568, 0.6092767715454102, 0.6784093976020813, 0.7545368671417236, 0.8970841765403748]"
1704,17,8,2.5e-05,kang_sparse_2015_adaptation,1.3149161269777711e-05,7,-1,-10,True,2765.9522000030847,complete sparse ADMM selection + relocation + endpoint-constrained verification/fallback + final refit,chord_length,"[0.16139481707317077, 0.25133384146341464, 0.3723323170731707, 0.43921493902439024, 0.5842225609756099, 0.7780106707317074, 0.8548018292682927]"
1704,17,8,2.5e-05,uniform_gradient_pruning,1.3781661076142594e-05,7,-1,-10,True,12877.937900004326,complete uniform-Kmax initialization + all deletion scoring + gradient relocation + exact refit validation,chord_length,"[0.15942147900007222, 0.2485634885371369, 0.3771998031223281, 0.45292225590509877, 0.5754404575989306, 0.7852508128276408, 0.8541087879446387]"
2874,17,9,2.5e-05,ours,2.1926800190762748e-05,11,2,-6,True,17.29345,synchronized batch-1 network forward only; input preloaded on device; final refit and verified repair excluded,network_predicted,"[0.11627881973981857, 0.1554439812898636, 0.19653363525867462, 0.26853761076927185, 0.3331066966056824, 0.3636835217475891, 0.4883662164211273, 0.6433247327804565, 0.7138750553131104, 0.7509316802024841, 0.893907904624939]"
2874,17,9,2.5e-05,kang_sparse_2015_adaptation,1.7287770670205264e-05,9,0,-8,True,2673.0538999981945,complete sparse ADMM selection + relocation + endpoint-constrained verification/fallback + final refit,chord_length,"[0.08403201219512196, 0.170922256097561, 0.24409298780487804, 0.3172637195121951, 0.455983231707317, 0.5377286585365854, 0.658155487804878, 0.7475228658536586, 0.8294588414634145]"
2874,17,9,2.5e-05,uniform_gradient_pruning,1.844703915356545e-05,7,-2,-10,True,12168.816500008688,complete uniform-Kmax initialization + all deletion scoring + gradient relocation + exact refit validation,chord_length,"[0.10580487338398449, 0.14081973495511985, 0.2814026378579318, 0.30828373947513116, 0.47494993097554705, 0.5013374060315771, 0.6152629936017271]"
3966,17,6,2.5e-05,ours,2.4784434346269314e-05,11,5,-6,True,17.459850000000003,synchronized batch-1 network forward only; input preloaded on device; final refit and verified repair excluded,network_predicted,"[0.21066120266914368, 0.2461993396282196, 0.27876871824264526, 0.3741630017757416, 0.40404579043388367, 0.4624174237251282, 0.6389836668968201, 0.7051941156387329, 0.7408022284507751, 0.8462345600128174, 0.8881002068519592]"
3966,17,6,2.5e-05,kang_sparse_2015_adaptation,1.8677700347720925e-05,5,-1,-12,True,2992.731799997273,complete sparse ADMM selection + relocation + endpoint-constrained verification/fallback + final refit,chord_length,"[0.12214176829268295, 0.2686737804878049, 0.43921493902439024, 0.5611661585365852, 0.7801067073170732]"
3966,17,6,2.5e-05,uniform_gradient_pruning,1.4106387165987067e-05,3,-3,-14,True,13374.78130000818,complete uniform-Kmax initialization + all deletion scoring + gradient relocation + exact refit validation,chord_length,"[0.07477669443054105, 0.43980514087558253, 0.8028206799516606]"
1988,17,11,2.5e-05,ours,2.3928426700665763e-05,16,5,-1,True,17.48465,synchronized batch-1 network forward only; input preloaded on device; final refit and verified repair excluded,chord_length,"[0.10098821669816971, 0.13816756010055542, 0.15403607487678528, 0.1886841207742691, 0.299809068441391, 0.32511207461357117, 0.3594037592411041, 0.4735821783542633, 0.49710017442703247, 0.5064885020256042, 0.531897246837616, 0.696359395980835, 0.7347297668457031, 0.7748523354530334, 0.8300910592079163, 0.882502555847168]"
1988,17,11,2.5e-05,kang_sparse_2015_adaptation,2.2457888274642408e-05,14,3,-3,True,1937.4508999899263,complete sparse ADMM selection + relocation + endpoint-constrained verification/fallback + final refit,chord_length,"[0.0975609756097561, 0.12195121951219512, 0.17073170731707318, 0.21951219512195122, 0.3170731707317073, 0.43902439024390244, 0.5121951219512195, 0.5204363567073171, 0.5365853658536586, 0.7560975609756098, 0.7804878048780488, 0.8048780487804879, 0.8292682926829268, 0.8780487804878049]"
1988,17,11,2.5e-05,uniform_gradient_pruning,1.527361151722011e-05,13,2,-4,True,8722.246100005577,complete uniform-Kmax initialization + all deletion scoring + gradient relocation + exact refit validation,chord_length,"[0.09521060154336894, 0.13750261547108122, 0.15706432250308283, 0.23336425521504714, 0.29597058050545827, 0.4456293730831314, 0.4847807824188287, 0.5110455798671467, 0.5472906549011297, 0.7835181702698548, 0.8093687641369527, 0.8251095163074877, 0.8446833682281296]"
1010,17,12,2.5e-05,ours,2.4814919459294844e-05,24,12,7,True,17.776600000000002,synchronized batch-1 network forward only; input preloaded on device; final refit and verified repair excluded,network_predicted,"[0.044192783534526825, 0.07366994768381119, 0.1075628399848938, 0.145244762301445, 0.18294744193553925, 0.21630176901817322, 0.24882195889949799, 0.27854830026626587, 0.30689388513565063, 0.3344975411891937, 0.39417821168899536, 0.42423537373542786, 0.45487791299819946, 0.48606863617897034, 0.5177863240242004, 0.5862675309181213, 0.6217706799507141, 0.6583349704742432, 0.6968130469322205, 0.7363247871398926, 0.7741653323173523, 0.8096275925636292, 0.8879628777503967, 0.9355841875076294]"
1010,17,12,2.5e-05,kang_sparse_2015_adaptation,1.62385286898929e-05,12,0,-5,True,2612.464199992246,complete sparse ADMM selection + relocation + endpoint-constrained verification/fallback + final refit,chord_length,"[0.14615091463414637, 0.2193216463414634, 0.2682926829268293, 0.3607088414634146, 0.4241615853658537, 0.49180640243902435, 0.5476371951219513, 0.6099466463414633, 0.7069359756097561, 0.7801067073170732, 0.8395579268292682, 0.8843368902439024]"
1010,17,12,2.5e-05,uniform_gradient_pruning,1.4371129753461441e-05,11,-1,-6,True,10734.612100000959,complete uniform-Kmax initialization + all deletion scoring + gradient relocation + exact refit validation,chord_length,"[0.15871007149133587, 0.20461370486658728, 0.2442425524837131, 0.36147593635228786, 0.4125018602339223, 0.5066495972390066, 0.5526643406358787, 0.5942464695152556, 0.7556270836074778, 0.8475045311478824, 0.8882460998426823]"
119,17,10,2.5e-05,ours,2.4248281446531566e-05,11,1,-6,True,17.46425,synchronized batch-1 network forward only; input preloaded on device; final refit and verified repair excluded,network_predicted,"[0.0863492414355278, 0.12593863904476166, 0.21372246742248535, 0.28285908699035645, 0.3158692419528961, 0.5073078870773315, 0.5676236748695374, 0.5997880697250366, 0.6322178840637207, 0.7668601274490356, 0.7985246777534485]"
119,17,10,2.5e-05,kang_sparse_2015_adaptation,1.779380612202595e-05,9,-1,-8,True,2676.132200009306,complete sparse ADMM selection + relocation + endpoint-constrained verification/fallback + final refit,chord_length,"[0.12862042682926828, 0.20445884146341464, 0.3168826219512195, 0.43883384146341464, 0.4996189024390244, 0.5455411585365855, 0.6238567073170732, 0.6833079268292682, 0.7884908536585366]"
119,17,10,2.5e-05,uniform_gradient_pruning,1.4776923135652068e-05,8,-2,-9,True,11708.305899999687,complete uniform-Kmax initialization + all deletion scoring + gradient relocation + exact refit validation,chord_length,"[0.12272323606607079, 0.19898077867599295, 0.47598557625935434, 0.5045249589749714, 0.5299360607065658, 0.6468644630690467, 0.6723273310487788, 0.7852538189956189]"
2602,17,13,2.5e-05,ours,2.162812517890005e-05,16,3,-1,True,16.97355,synchronized batch-1 network forward only; input preloaded on device; final refit and verified repair excluded,chord_length,"[0.027876509353518486, 0.06923294812440872, 0.1384895145893097, 0.21704117953777313, 0.24425716698169708, 0.29781386256217957, 0.3943362832069397, 0.43750742077827454, 0.5690397024154663, 0.5951465964317322, 0.6468546390533447, 0.668472945690155, 0.7465817928314209, 0.7827199101448059, 0.8232240080833435, 0.8601301312446594]"
2602,17,13,2.5e-05,kang_sparse_2015_adaptation,2.4513791283952415e-05,14,1,-3,True,2898.050300005707,complete sparse ADMM selection + relocation + endpoint-constrained verification/fallback + final refit,chord_length,"[0.0975609756097561, 0.14634146341463417, 0.17073170731707318, 0.24390243902439024, 0.2682926829268293, 0.34146341463414637, 0.36585365853658536, 0.5365853658536586, 0.6341463414634146, 0.6585365853658536, 0.7252762957317074, 0.7807736280487805, 0.8536585365853658, 0.8780487804878049]"
2602,17,13,2.5e-05,uniform_gradient_pruning,2.4423917696124363e-05,12,-1,-5,True,9372.38719999732,complete uniform-Kmax initialization + all deletion scoring + gradient relocation + exact refit validation,chord_length,"[0.09893175661940956, 0.16421978639726015, 0.23553474726692952, 0.27557930997745406, 0.38144086499727603, 0.47279526242102954, 0.6101692643742768, 0.6542497415389801, 0.6946728178220443, 0.8271075083959776, 0.8481464231370056, 0.8766452356747905]"
535,17,9,2.5e-05,ours,2.4956108642729923e-05,16,7,-1,True,17.3678,synchronized batch-1 network forward only; input preloaded on device; final refit and verified repair excluded,network_predicted,"[0.04749458283185959, 0.080035500228405, 0.11761125922203064, 0.23803745210170746, 0.36524656414985657, 0.39673107862472534, 0.45871806144714355, 0.488680899143219, 0.5184458494186401, 0.5484732389450073, 0.6428669691085815, 0.7126325964927673, 0.7829989194869995, 0.8158255219459534, 0.8512040376663208, 0.8920029997825623]"
535,17,9,2.5e-05,kang_sparse_2015_adaptation,9.541051327160218e-06,9,0,-8,True,2673.6591999942902,complete sparse ADMM selection + relocation + endpoint-constrained verification/fallback + final refit,chord_length,"[0.12366615853658536, 0.2101753048780488, 0.2928734756097561, 0.3418445121951219, 0.43921493902439024, 0.5613567073170732, 0.658155487804878, 0.7801067073170732, 0.8494664634146342]"
535,17,9,2.5e-05,uniform_gradient_pruning,1.965936448386314e-05,6,-3,-11,True,12547.686800011434,complete uniform-Kmax initialization + all deletion scoring + gradient relocation + exact refit validation,chord_length,"[0.10124443388854462, 0.19235172483009177, 0.4585579787375323, 0.6684662140858209, 0.793096662243554, 0.8308463119408831]"
3581,18,9,2.5e-05,ours,2.2998715964591486e-05,13,4,-5,True,17.48265,synchronized batch-1 network forward only; input preloaded on device; final refit and verified repair excluded,network_predicted,"[0.12361526489257812, 0.1663583219051361, 0.24413469433784485, 0.3133169114589691, 0.3778826594352722, 0.47579461336135864, 0.5967658758163452, 0.6576921939849854, 0.7597246170043945, 0.7930572628974915, 0.8243515491485596, 0.8979143500328064, 0.9410988092422485]"
3581,18,9,2.5e-05,kang_sparse_2015_adaptation,1.920052996005204e-05,10,1,-8,True,2932.3899000155507,complete sparse ADMM selection + relocation + endpoint-constrained verification/fallback + final refit,chord_length,"[0.12176067073170732, 0.18311737804878048, 0.24409298780487804, 0.34127286585365857, 0.36623475609756095, 0.5125762195121951, 0.6099466463414633, 0.6341463414634146, 0.7638624237804879, 0.8292682926829268]"
3581,18,9,2.5e-05,uniform_gradient_pruning,2.2124837512358276e-05,8,-1,-10,True,12000.978600000963,complete uniform-Kmax initialization + all deletion scoring + gradient relocation + exact refit validation,chord_length,"[0.14821908464335226, 0.1801726032299761, 0.2538254273157353, 0.4139270397487682, 0.5156718796309846, 0.6344389772953096, 0.7447180954350269, 0.818408843594865]"
2105,18,11,2.5e-05,ours,2.0486239244311614e-05,12,1,-6,True,17.21065,synchronized batch-1 network forward only; input preloaded on device; final refit and verified repair excluded,network_predicted,"[0.12100593745708466, 0.16508568823337555, 0.24552269279956818, 0.3117797076702118, 0.4130174219608307, 0.4457201659679413, 0.540357768535614, 0.5734408497810364, 0.6676909327507019, 0.6993553638458252, 0.8268644213676453, 0.9403681755065918]"
2105,18,11,2.5e-05,kang_sparse_2015_adaptation,1.9551918759689533e-05,12,1,-6,True,2776.146299991524,complete sparse ADMM selection + relocation + endpoint-constrained verification/fallback + final refit,chord_length,"[0.14615091463414637, 0.18387957317073172, 0.2686737804878049, 0.3418445121951219, 0.4148246951219512, 0.43902439024390244, 0.4881859756097561, 0.5902248475609755, 0.6341463414634146, 0.7317073170731707, 0.829077743902439, 0.9022484756097562]"
2105,18,11,2.5e-05,uniform_gradient_pruning,2.3037797372592656e-05,9,-2,-9,True,11222.049500007415,complete uniform-Kmax initialization + all deletion scoring + gradient relocation + exact refit validation,chord_length,"[0.29565365960993084, 0.3860637067096105, 0.43375549535376945, 0.5045029813851641, 0.5988562102332133, 0.6476913873584416, 0.686552036135401, 0.8445255969895455, 0.8846128447564615]"
1265,18,9,2.5e-05,ours,2.416836480996668e-05,17,8,-1,True,17.34845,synchronized batch-1 network forward only; input preloaded on device; final refit and verified repair excluded,network_predicted,"[0.08387331664562225, 0.12225428223609924, 0.16462358832359314, 0.2402416318655014, 0.2742263078689575, 0.306506872177124, 0.3375926613807678, 0.40048137307167053, 0.4615946114063263, 0.4912576377391815, 0.5208728909492493, 0.5532141327857971, 0.5858327150344849, 0.7237733006477356, 0.7605283856391907, 0.8257089853286743, 0.8602343201637268]"
1265,18,9,2.5e-05,kang_sparse_2015_adaptation,1.7134551865426044e-05,10,1,-8,True,2492.705800003023,complete sparse ADMM selection + relocation + endpoint-constrained verification/fallback + final refit,chord_length,"[0.14653201219512196, 0.24437881097560976, 0.3450838414634147, 0.41501524390243905, 0.5118140243902439, 0.5743140243902439, 0.6192835365853658, 0.6833079268292682, 0.7564786585365854, 0.8538490853658536]"
1265,18,9,2.5e-05,uniform_gradient_pruning,1.9837985783981422e-05,8,-1,-10,True,11652.543400006834,complete uniform-Kmax initialization + all deletion scoring + gradient relocation + exact refit validation,chord_length,"[0.180523358697592, 0.22200855829751404, 0.3739727625356536, 0.4095026339115301, 0.6068723137462418, 0.6362188595287691, 0.6569030058075447, 0.7297562764483652]"
4079,18,9,2.5e-05,ours,2.4680846751030435e-05,15,6,-3,True,17.02985,synchronized batch-1 network forward only; input preloaded on device; final refit and verified repair excluded,network_predicted,"[0.08196388185024261, 0.12012556195259094, 0.1638876348733902, 0.20730343461036682, 0.31111225485801697, 0.4084976017475128, 0.43937066197395325, 0.5292713046073914, 0.5888060331344604, 0.6188186407089233, 0.7189810276031494, 0.7557789087295532, 0.789810836315155, 0.8556874394416809, 0.9397169351577759]"
4079,18,9,2.5e-05,kang_sparse_2015_adaptation,1.7073384024331744e-05,10,1,-8,True,2813.672000003862,complete sparse ADMM selection + relocation + endpoint-constrained verification/fallback + final refit,chord_length,"[0.14615091463414637, 0.2132240853658537, 0.24390243902439024, 0.34165396341463417, 0.41501524390243905, 0.5118140243902439, 0.5849847560975611, 0.6800685975609755, 0.7711509146341464, 0.870045731707317]"
4079,18,9,2.5e-05,uniform_gradient_pruning,1.7298565664711204e-05,9,0,-9,True,11658.996700003627,complete uniform-Kmax initialization + all deletion scoring + gradient relocation + exact refit validation,chord_length,"[0.1726056803548924, 0.20371096801062752, 0.2571560612059886, 0.35452121077696275, 0.5253639884253354, 0.5803456009068297, 0.6739415238659827, 0.785808150584852, 0.8476045992122478]"
3603,18,10,2.5e-05,ours,2.316741312185971e-05,15,5,-3,True,17.687350000000002,synchronized batch-1 network forward only; input preloaded on device; final refit and verified repair excluded,network_predicted,"[0.1219017431139946, 0.23505601286888123, 0.26672855019569397, 0.296686589717865, 0.35608673095703125, 0.38571593165397644, 0.4748845398426056, 0.5685672163963318, 0.6027583479881287, 0.6371440291404724, 0.6721175909042358, 0.7453063726425171, 0.7816503643989563, 0.8891209959983826, 0.9358242154121399]"
3603,18,10,2.5e-05,kang_sparse_2015_adaptation,1.201992653438592e-05,11,1,-7,True,2787.0479999983218,complete sparse ADMM selection + relocation + endpoint-constrained verification/fallback + final refit,chord_length,"[0.14615091463414637, 0.20598323170731708, 0.25514481707317077, 0.31821646341463417, 0.4197789634146342, 0.5590701219512196, 0.6030868902439024, 0.6726371951219511, 0.7557164634146342, 0.814596036585366, 0.8936737804878049]"
3603,18,10,2.5e-05,uniform_gradient_pruning,1.3658328799925475e-05,9,-1,-9,True,11180.63180000172,complete uniform-Kmax initialization + all deletion scoring + gradient relocation + exact refit validation,chord_length,"[0.14753252302122544, 0.22216968717335323, 0.2676288915669929, 0.3033648646236186, 0.5394207170684062, 0.6014565467326523, 0.758948014701575, 0.8386708212260893, 0.8874844177317731]"
3724,18,12,2.5e-05,ours,2.4812015746337982e-05,19,7,1,True,17.207349999999998,synchronized batch-1 network forward only; input preloaded on device; final refit and verified repair excluded,network_predicted,"[0.05183074623346329, 0.08662184327840805, 0.1263807862997055, 0.17035464942455292, 0.21194571256637573, 0.2789561152458191, 0.3456503450870514, 0.4418458938598633, 0.47485315799713135, 0.5071389675140381, 0.5390239953994751, 0.5707592368125916, 0.6023067235946655, 0.7314491271972656, 0.7671085000038147, 0.7995049953460693, 0.8289855122566223, 0.8613331317901611, 0.8993968367576599]"
3724,18,12,2.5e-05,kang_sparse_2015_adaptation,1.3105929702181474e-05,10,-2,-8,True,2993.014099993161,complete sparse ADMM selection + relocation + endpoint-constrained verification/fallback + final refit,chord_length,"[0.10766006097560976, 0.1876905487804878, 0.2703887195121952, 0.38376524390243905, 0.46398628048780494, 0.5369664634146342, 0.6124237804878049, 0.6915015243902438, 0.8266006097560975, 0.8951981707317073]"
3724,18,12,2.5e-05,uniform_gradient_pruning,2.326919667939189e-05,9,-3,-9,True,11374.451800002134,complete uniform-Kmax initialization + all deletion scoring + gradient relocation + exact refit validation,chord_length,"[0.11357069718606892, 0.15688349244061356, 0.34209626703424767, 0.5063380527613944, 0.5420300968520212, 0.6080219751540996, 0.6769245071269797, 0.8460741410648092, 0.8772999580082708]"
3933,18,11,2.5e-05,ours,2.4103906830082298e-05,17,6,-1,True,17.22045,synchronized batch-1 network forward only; input preloaded on device; final refit and verified repair excluded,network_predicted,"[0.04908037185668945, 0.08287037909030914, 0.121925950050354, 0.2069084346294403, 0.27093636989593506, 0.3007515072822571, 0.3329786956310272, 0.3637580871582031, 0.45454129576683044, 0.4859215319156647, 0.5470162630081177, 0.5783637166023254, 0.7156268358230591, 0.7513015270233154, 0.8197341561317444, 0.8536490201950073, 0.8939400315284729]"
3933,18,11,2.5e-05,kang_sparse_2015_adaptation,2.4401141374462022e-05,14,3,-4,True,2869.340599994757,complete sparse ADMM selection + relocation + endpoint-constrained verification/fallback + final refit,chord_length,"[0.12195121951219512, 0.14634146341463417, 0.1951219512195122, 0.24390243902439024, 0.2682926829268293, 0.41463414634146345, 0.4383098323170732, 0.4878048780487805, 0.6097560975609756, 0.6341463414634146, 0.6407202743902438, 0.7808689024390244, 0.8294588414634145, 0.9028201219512194]"
3933,18,11,2.5e-05,uniform_gradient_pruning,1.3853656711586122e-05,12,1,-6,True,9594.633200002136,complete uniform-Kmax initialization + all deletion scoring + gradient relocation + exact refit validation,chord_length,"[0.1136257661107397, 0.15488541777674517, 0.1979300925619837, 0.23476844130960411, 0.30365152883422103, 0.3637261503271011, 0.4407829471106696, 0.4869228381506988, 0.6090493199642367, 0.624854617317998, 0.6449365741098978, 0.7337840117705853]"
516,18,10,2.5e-05,ours,2.3934811841876753e-05,10,0,-8,True,17.58135,synchronized batch-1 network forward only; input preloaded on device; final refit and verified repair excluded,network_predicted,"[0.11702815443277359, 0.19967392086982727, 0.29611819982528687, 0.3879866302013397, 0.5403265357017517, 0.5723857879638672, 0.7017055153846741, 0.7778239846229553, 0.8120280504226685, 0.8895478248596191]"
516,18,10,2.5e-05,kang_sparse_2015_adaptation,2.029321633425721e-05,10,0,-8,True,2645.6761000008555,complete sparse ADMM selection + relocation + endpoint-constrained verification/fallback + final refit,chord_length,"[0.12900152439024393, 0.23828125, 0.2963033536585366, 0.4386432926829269, 0.4757050304878049, 0.6131859756097561, 0.7158917682926829, 0.7671493902439025, 0.8555640243902439, 0.8780487804878049]"
516,18,10,2.5e-05,uniform_gradient_pruning,2.1980325480626544e-05,9,-1,-9,True,11569.188499997836,complete uniform-Kmax initialization + all deletion scoring + gradient relocation + exact refit validation,chord_length,"[0.11284713152227546, 0.23755766000019435, 0.2742190694661321, 0.47796283156391517, 0.49934552040919306, 0.5866462116771418, 0.7335878712264278, 0.7891094008588517, 0.8387730517596844]"
3217,18,9,2.5e-05,ours,2.4944603341999795e-05,15,6,-3,True,19.03505,synchronized batch-1 network forward only; input preloaded on device; final refit and verified repair excluded,network_predicted,"[0.12148682773113251, 0.16436918079853058, 0.2062791883945465, 0.24144971370697021, 0.30852988362312317, 0.3418208360671997, 0.43674635887145996, 0.4679379165172577, 0.5605024099349976, 0.5910484790802002, 0.6523294448852539, 0.7562420964241028, 0.8205171227455139, 0.8937031030654907, 0.9383662343025208]"
3217,18,9,2.5e-05,kang_sparse_2015_adaptation,2.38204045593433e-05,9,0,-9,True,2794.315299994196,complete sparse ADMM selection + relocation + endpoint-constrained verification/fallback + final refit,chord_length,"[0.12214176829268295, 0.2686737804878049, 0.3656631097560976, 0.41501524390243905, 0.4881859756097561, 0.5851753048780488, 0.6772103658536585, 0.7320884146341463, 0.8627096036585367]"
3217,18,9,2.5e-05,uniform_gradient_pruning,2.0313450325966363e-05,7,-2,-11,True,12277.759999997215,complete uniform-Kmax initialization + all deletion scoring + gradient relocation + exact refit validation,chord_length,"[0.29601408406773966, 0.4358668126662914, 0.5258915728340264, 0.6928364818219199, 0.7306241799502686, 0.8955036095890997, 0.9331577688565239]"
1676,18,9,2.5e-05,ours,2.4776411117178947e-05,13,4,-5,True,16.969050000000003,synchronized batch-1 network forward only; input preloaded on device; final refit and verified repair excluded,network_predicted,"[0.1284327507019043, 0.21543529629707336, 0.24946264922618866, 0.2848650813102722, 0.382218599319458, 0.4469245374202728, 0.47738566994667053, 0.5085331797599792, 0.6304315328598022, 0.7593786716461182, 0.7905228734016418, 0.8216357231140137, 0.8935654163360596]"
1676,18,9,2.5e-05,kang_sparse_2015_adaptation,1.587652657089586e-05,8,-1,-10,True,2717.9977000050712,complete sparse ADMM selection + relocation + endpoint-constrained verification/fallback + final refit,chord_length,"[0.12976371951219512, 0.21703506097560976, 0.3304115853658537, 0.42949695121951226, 0.5041920731707318, 0.6131859756097561, 0.7557164634146342, 0.8113567073170732]"
1676,18,9,2.5e-05,uniform_gradient_pruning,2.006448216719888e-05,8,-1,-10,True,11808.238300000085,complete uniform-Kmax initialization + all deletion scoring + gradient relocation + exact refit validation,chord_length,"[0.14309416301932695, 0.21708436662043246, 0.32308372930045226, 0.4492898217978008, 0.48059905445079343, 0.6463312067589431, 0.6940937878986766, 0.8031773233855286]"
2219,18,10,2.5e-05,ours,2.4492267653213458e-05,17,7,-1,True,17.5206,synchronized batch-1 network forward only; input preloaded on device; final refit and verified repair excluded,network_predicted,"[0.07603110373020172, 0.113024041056633, 0.1557808369398117, 0.23487940430641174, 0.26677700877189636, 0.3316055238246918, 0.3949369192123413, 0.42719799280166626, 0.45925289392471313, 0.49055811762809753, 0.5514870285987854, 0.6414516568183899, 0.7087880373001099, 0.746412456035614, 0.8474491834640503, 0.888852059841156, 0.9359754920005798]"
2219,18,10,2.5e-05,kang_sparse_2015_adaptation,1.9772805041976356e-05,10,0,-8,True,2821.0527999763144,complete sparse ADMM selection + relocation + endpoint-constrained verification/fallback + final refit,chord_length,"[0.07488567073170732, 0.19226371951219512, 0.2679115853658537, 0.36547256097560976, 0.43883384146341464, 0.43902439024390244, 0.536204268292683, 0.6585365853658536, 0.7106516768292683, 0.8538490853658536]"
2219,18,10,2.5e-05,uniform_gradient_pruning,2.0548311723907982e-05,9,-1,-9,True,11458.146999997552,complete uniform-Kmax initialization + all deletion scoring + gradient relocation + exact refit validation,chord_length,"[0.10768788050454886, 0.15098561702866067, 0.28103803777424613, 0.3382151341080841, 0.4527859984543035, 0.4815922010202627, 0.6517792724895886, 0.7265875376862941, 0.8433879352640234]"
517,18,11,2.5e-05,ours,2.4995544902235736e-05,19,8,1,True,17.55235,synchronized batch-1 network forward only; input preloaded on device; final refit and verified repair excluded,network_predicted,"[0.08980080485343933, 0.17592231929302216, 0.2166724056005478, 0.2520084083080292, 0.3175928294658661, 0.3786289691925049, 0.438183069229126, 0.46792155504226685, 0.497268944978714, 0.5268626809120178, 0.5576264262199402, 0.5887211561203003, 0.6195530891418457, 0.6502892971038818, 0.6827220916748047, 0.7184761762619019, 0.7880353927612305, 0.8193254470825195, 0.8535075783729553]"
517,18,11,2.5e-05,kang_sparse_2015_adaptation,1.1663071265383126e-05,11,0,-7,True,2652.3952999996254,complete sparse ADMM selection + relocation + endpoint-constrained verification/fallback + final refit,chord_length,"[0.0977515243902439, 0.265625, 0.29706554878048785, 0.3824314024390244, 0.4676067073170732, 0.5240091463414634, 0.6213795731707317, 0.6983612804878048, 0.7610518292682927, 0.8136432926829268, 0.8782393292682926]"
517,18,11,2.5e-05,uniform_gradient_pruning,2.3869762133390714e-05,9,-2,-9,True,11961.175899996306,complete uniform-Kmax initialization + all deletion scoring + gradient relocation + exact refit validation,chord_length,"[0.25971088742320003, 0.28239717321096025, 0.387588399398528, 0.4520461766730227, 0.5463105795661973, 0.6086011301439269, 0.700487510119123, 0.7642613586957403, 0.7997781403574503]"
1348,18,9,2.5e-05,ours,2.4241669951041136e-05,12,3,-6,True,17.38155,synchronized batch-1 network forward only; input preloaded on device; final refit and verified repair excluded,network_predicted,"[0.08229979872703552, 0.16116462647914886, 0.2016952633857727, 0.3596471846103668, 0.3897697627544403, 0.4201526939868927, 0.5149214863777161, 0.6398921608924866, 0.6741601228713989, 0.7103356122970581, 0.849524736404419, 0.8904648423194885]"
1348,18,9,2.5e-05,kang_sparse_2015_adaptation,1.0002789972550521e-05,14,5,-4,True,2625.398899996071,complete sparse ADMM selection + relocation + endpoint-constrained verification/fallback + final refit,chord_length,"[0.14634146341463417, 0.24390243902439024, 0.34146341463414637, 0.43902439024390244, 0.4634146341463415, 0.4878048780487805, 0.5609756097560976, 0.5853658536585366, 0.6341463414634146, 0.6585365853658536, 0.7317073170731707, 0.7560975609756098, 0.8536585365853658, 0.8780487804878049]"
1348,18,9,2.5e-05,uniform_gradient_pruning,2.4215412720638126e-05,8,-1,-10,True,11948.392099991906,complete uniform-Kmax initialization + all deletion scoring + gradient relocation + exact refit validation,chord_length,"[0.1815339365937415, 0.22776813505846233, 0.37346422403704627, 0.40780268411497683, 0.5876481165327953, 0.6754032485954081, 0.6962809234124181, 0.8825707826755439]"
2104,18,10,2.5e-05,ours,2.4542595246933666e-05,14,4,-4,True,17.0701,synchronized batch-1 network forward only; input preloaded on device; final refit and verified repair excluded,network_predicted,"[0.07899168878793716, 0.11698217689990997, 0.2000807523727417, 0.2698533236980438, 0.3621448576450348, 0.45503878593444824, 0.48587271571159363, 0.647440493106842, 0.6821034550666809, 0.7872870564460754, 0.8187265992164612, 0.8515599370002747, 0.891217052936554, 0.936837375164032]"
2104,18,10,2.5e-05,kang_sparse_2015_adaptation,1.705197674028136e-05,9,-1,-9,True,2695.0842999940505,complete sparse ADMM selection + relocation + endpoint-constrained verification/fallback + final refit,chord_length,"[0.09089176829268292, 0.24371189024390244, 0.3145960365853659, 0.3729039634146341, 0.4636051829268293, 0.6261432926829268, 0.7557164634146342, 0.8212652439024392, 0.9121570121951219]"
2104,18,10,2.5e-05,uniform_gradient_pruning,2.2012421832774205e-05,8,-2,-10,True,11855.465100001311,complete uniform-Kmax initialization + all deletion scoring + gradient relocation + exact refit validation,chord_length,"[0.2744541818018735, 0.31635435677646506, 0.36404956786522524, 0.44988029016578185, 0.6493603244980676, 0.7637853352432303, 0.8016700462258994, 0.9205447882847819]"
383,18,10,2.5e-05,ours,2.3450662165317875e-05,14,4,-4,True,17.222949999999997,synchronized batch-1 network forward only; input preloaded on device; final refit and verified repair excluded,network_predicted,"[0.07855050265789032, 0.11525436490774155, 0.19912272691726685, 0.26925498247146606, 0.30249258875846863, 0.42973318696022034, 0.460835337638855, 0.5773653388023376, 0.6722583174705505, 0.7438222765922546, 0.7794463634490967, 0.8117994070053101, 0.8870658874511719, 0.9343723058700562]"
383,18,10,2.5e-05,kang_sparse_2015_adaptation,1.1441306480529216e-05,10,0,-8,True,2704.5362000062596,complete sparse ADMM selection + relocation + endpoint-constrained verification/fallback + final refit,chord_length,"[0.1137576219512195, 0.19607469512195125, 0.27877286585365857, 0.375952743902439, 0.4721798780487805, 0.5468750000000001, 0.6339557926829269, 0.6739710365853657, 0.7602896341463415, 0.8433689024390244]"
383,18,10,2.5e-05,uniform_gradient_pruning,1.5456815088324383e-05,9,-1,-9,True,11361.174799996661,complete uniform-Kmax initialization + all deletion scoring + gradient relocation + exact refit validation,chord_length,"[0.11739613372480995, 0.19987004375101153, 0.2802720761098894, 0.38025436672797425, 0.4777280789731697, 0.5163754147421158, 0.6992040095636813, 0.7689065136589937, 0.8489326322405358]"
948,18,11,2.5e-05,ours,2.3934442147720568e-05,12,1,-6,True,17.24425,synchronized batch-1 network forward only; input preloaded on device; final refit and verified repair excluded,network_predicted,"[0.05031108111143112, 0.20726020634174347, 0.24435023963451385, 0.27721449732780457, 0.30962246656417847, 0.40185368061065674, 0.4620794355869293, 0.5758346319198608, 0.605361819267273, 0.7028560638427734, 0.777372419834137, 0.8110401034355164]"
948,18,11,2.5e-05,kang_sparse_2015_adaptation,1.8800775708637643e-05,8,-3,-10,True,2488.50369999127,complete sparse ADMM selection + relocation + endpoint-constrained verification/fallback + final refit,chord_length,"[0.07336128048780488, 0.13014481707317072, 0.21970274390243905, 0.3980564024390244, 0.4685594512195122, 0.6307164634146342, 0.7036966463414633, 0.7846798780487806]"
948,18,11,2.5e-05,uniform_gradient_pruning,2.236450005160659e-05,7,-4,-11,True,12699.774000007892,complete uniform-Kmax initialization + all deletion scoring + gradient relocation + exact refit validation,chord_length,"[0.15705702889096756, 0.18838196643221455, 0.43034188103252025, 0.45269778305210384, 0.643273719762411, 0.7094591042468115, 0.748546938879951]"
4061,18,10,2.5e-05,ours,2.341357338593548e-05,16,6,-2,True,17.22175,synchronized batch-1 network forward only; input preloaded on device; final refit and verified repair excluded,network_predicted,"[0.05083988979458809, 0.08483444899320602, 0.12243178486824036, 0.16362424194812775, 0.20369648933410645, 0.23862209916114807, 0.2704639732837677, 0.36615172028541565, 0.43240591883659363, 0.5301097631454468, 0.5933308601379395, 0.6252040266990662, 0.7274634838104248, 0.8261772990226746, 0.860802948474884, 0.8993839621543884]"
4061,18,10,2.5e-05,kang_sparse_2015_adaptation,2.2766193648948377e-05,10,0,-8,True,2518.068300007144,complete sparse ADMM selection + relocation + endpoint-constrained verification/fallback + final refit,chord_length,"[0.12176067073170732, 0.171875, 0.2273246951219512, 0.36547256097560976, 0.4634146341463415, 0.47265625, 0.5369664634146342, 0.6595846036585364, 0.7320884146341463, 0.8639481707317073]"
4061,18,10,2.5e-05,uniform_gradient_pruning,1.3275247292203797e-05,9,-1,-9,True,11215.754500008188,complete uniform-Kmax initialization + all deletion scoring + gradient relocation + exact refit validation,chord_length,"[0.14369690764785412, 0.1801119676394675, 0.2238748478229236, 0.27407899967853255, 0.4436681579287127, 0.4927065731551676, 0.5078319105063382, 0.6890276754214915, 0.8504405695744913]"
505,18,9,2.5e-05,ours,2.3535801894520527e-05,11,2,-7,True,17.25255,synchronized batch-1 network forward only; input preloaded on device; final refit and verified repair excluded,network_predicted,"[0.14810489118099213, 0.18971984088420868, 0.25402623414993286, 0.2839841842651367, 0.34708961844444275, 0.5930094122886658, 0.6599046587944031, 0.7352445125579834, 0.808803141117096, 0.8872577548027039, 0.93522047996521]"
505,18,9,2.5e-05,kang_sparse_2015_adaptation,4.71304430629073e-06,17,8,-1,True,2596.9272999936948,complete sparse ADMM selection + relocation + endpoint-constrained verification/fallback + final refit,chord_length,"[0.1951219512195122, 0.21951219512195122, 0.34146341463414637, 0.43902439024390244, 0.4634146341463415, 0.5365853658536586, 0.6097560975609756, 0.6341463414634146, 0.6585365853658536, 0.6829268292682926, 0.7073170731707317, 0.7317073170731707, 0.7560975609756098, 0.8048780487804879, 0.8292682926829268, 0.8780487804878049, 0.9024390243902439]"
505,18,9,2.5e-05,uniform_gradient_pruning,2.217324250786234e-05,6,-3,-12,True,12696.386800002074,complete uniform-Kmax initialization + all deletion scoring + gradient relocation + exact refit validation,chord_length,"[0.20728130279461054, 0.37203063052037977, 0.6622825694141865, 0.7248251421338137, 0.7328272360671196, 0.806745573800619]"
1598,18,11,2.5e-05,ours,2.3297928967587104e-05,14,3,-4,True,17.21785,synchronized batch-1 network forward only; input preloaded on device; final refit and verified repair excluded,network_predicted,"[0.05124032869935036, 0.08733672648668289, 0.1766994744539261, 0.25699713826179504, 0.29160815477371216, 0.4199768602848053, 0.44973117113113403, 0.5073963403701782, 0.5352758169174194, 0.5930555462837219, 0.7537947297096252, 0.7869890332221985, 0.817974328994751, 0.8518158197402954]"
1598,18,11,2.5e-05,kang_sparse_2015_adaptation,2.1190501228282236e-05,9,-2,-9,True,2665.544699993916,complete sparse ADMM selection + relocation + endpoint-constrained verification/fallback + final refit,chord_length,"[0.17940167682926828, 0.27172256097560976, 0.35327743902439024, 0.4354039634146341, 0.533346036585366, 0.6391006097560975, 0.7076981707317073, 0.8044969512195123, 0.8616615853658537]"
1598,18,11,2.5e-05,uniform_gradient_pruning,2.150243366482153e-05,9,-2,-9,True,11176.256699996884,complete uniform-Kmax initialization + all deletion scoring + gradient relocation + exact refit validation,chord_length,"[0.16536496983541493, 0.2927741551149707, 0.34194029607314136, 0.45871806898775686, 0.5147962109380458, 0.5587021888828103, 0.6188435591254753, 0.8070107016120951, 0.8478109286882363]"
1036,18,10,2.5e-05,ours,2.4666349342078676e-05,11,1,-7,True,18.958849999999998,synchronized batch-1 network forward only; input preloaded on device; final refit and verified repair excluded,network_predicted,"[0.20781338214874268, 0.24392972886562347, 0.2752023935317993, 0.3705885112285614, 0.4302913546562195, 0.4921714961528778, 0.6456300020217896, 0.6777321100234985, 0.711611270904541, 0.7814912796020508, 0.8904932141304016]"
1036,18,10,2.5e-05,kang_sparse_2015_adaptation,1.342857599386747e-05,9,-1,-9,True,3115.8110000105808,complete sparse ADMM selection + relocation + endpoint-constrained verification/fallback + final refit,chord_length,"[0.17054115853658536, 0.2498094512195122, 0.34432164634146345, 0.4094893292682927, 0.4691310975609756, 0.5384908536585366, 0.6735899390243902, 0.7930640243902439, 0.870045731707317]"
1036,18,10,2.5e-05,uniform_gradient_pruning,2.281398148129126e-05,7,-3,-11,True,12383.698099991307,complete uniform-Kmax initialization + all deletion scoring + gradient relocation + exact refit validation,chord_length,"[0.2559487887193471, 0.3489874212795393, 0.43967612476398543, 0.4857881376150066, 0.5310599575067234, 0.6557289388295039, 0.7790349742849237]"
1533,19,11,2.5e-05,ours,2.3963893065531192e-05,18,7,-1,True,16.9791,synchronized batch-1 network forward only; input preloaded on device; final refit and verified repair excluded,network_predicted,"[0.05189959704875946, 0.12544220685958862, 0.20945321023464203, 0.24584804475307465, 0.27825379371643066, 0.30842915177345276, 0.340655118227005, 0.4034862220287323, 0.4643039107322693, 0.49560827016830444, 0.5280004143714905, 0.560453474521637, 0.5926311612129211, 0.6565331220626831, 0.7252393960952759, 0.8234315514564514, 0.8561884760856628, 0.9378840327262878]"
1533,19,11,2.5e-05,kang_sparse_2015_adaptation,1.075965804351649e-05,14,3,-5,True,2708.8568000035593,complete sparse ADMM selection + relocation + endpoint-constrained verification/fallback + final refit,chord_length,"[0.12176067073170732, 0.19912347560975613, 0.2475228658536585, 0.2951600609756097, 0.3898628048780488, 0.43921493902439024, 0.5125762195121951, 0.5877000762195121, 0.6341463414634146, 0.6585365853658536, 0.7317073170731707, 0.8048780487804879, 0.8052591463414634, 0.8782393292682926]"
1533,19,11,2.5e-05,uniform_gradient_pruning,1.5954273536635315e-05,11,0,-8,True,10036.462899995968,complete uniform-Kmax initialization + all deletion scoring + gradient relocation + exact refit validation,chord_length,"[0.11934656938120254, 0.19580661466157534, 0.23505399127906257, 0.3720400977562705, 0.4681959319318576, 0.5189967928368122, 0.6209112368812746, 0.6573015150118404, 0.724181505377396, 0.8108642387090743, 0.9125477130967833]"
1158,19,9,2.5e-05,ours,2.4285967570857798e-05,12,3,-7,True,17.34065,synchronized batch-1 network forward only; input preloaded on device; final refit and verified repair excluded,network_predicted,"[0.020449545234441757, 0.05124816298484802, 0.24509777128696442, 0.3299844264984131, 0.3909287750720978, 0.5832692384719849, 0.6164447665214539, 0.6830407381057739, 0.7189925909042358, 0.7911255359649658, 0.8221326470375061, 0.8950627446174622]"
1158,19,9,2.5e-05,kang_sparse_2015_adaptation,1.6895964137369358e-05,8,-1,-11,True,2760.485199993127,complete sparse ADMM selection + relocation + endpoint-constrained verification/fallback + final refit,chord_length,"[0.1659679878048781, 0.2534298780487805, 0.34470274390243905, 0.4247332317073171, 0.5125762195121951, 0.6330030487804877, 0.7572408536585366, 0.8319359756097561]"
1158,19,9,2.5e-05,uniform_gradient_pruning,2.2671020982534405e-05,8,-1,-11,True,11849.99489999609,complete uniform-Kmax initialization + all deletion scoring + gradient relocation + exact refit validation,chord_length,"[0.16604552988802398, 0.2540502062159063, 0.35077615945237195, 0.42142276542148893, 0.5029740496054579, 0.6926844609787459, 0.7337318850458829, 0.8244144103990261]"
3969,19,11,2.5e-05,ours,2.1567943602808498e-05,12,1,-7,True,17.2762,synchronized batch-1 network forward only; input preloaded on device; final refit and verified repair excluded,network_predicted,"[0.050830353051424026, 0.16761259734630585, 0.2465212643146515, 0.3148144781589508, 0.3472353518009186, 0.43802720308303833, 0.5824785828590393, 0.6786167621612549, 0.7470634579658508, 0.7831903100013733, 0.8158705234527588, 0.9373789429664612]"
3969,19,11,2.5e-05,kang_sparse_2015_adaptation,1.9319845203338208e-05,10,-1,-9,True,2700.9957999980543,complete sparse ADMM selection + relocation + endpoint-constrained verification/fallback + final refit,chord_length,"[0.12176067073170732, 0.1873094512195122, 0.24714176829268292, 0.32202743902439024, 0.4028201219512195, 0.5163871951219513, 0.5788871951219513, 0.6878810975609756, 0.7968750000000001, 0.8746189024390244]"
3969,19,11,2.5e-05,uniform_gradient_pruning,1.8885093341817243e-05,9,-2,-10,True,11452.13839999633,complete uniform-Kmax initialization + all deletion scoring + gradient relocation + exact refit validation,chord_length,"[0.1475308536828168, 0.19300917336043621, 0.2306910281165579, 0.29866875242157576, 0.5242617162838783, 0.5973980357886746, 0.6699028773876191, 0.8115545029528394, 0.8628072063762328]"
3170,19,13,2.5e-05,ours,2.3082831341985927e-05,14,1,-5,True,17.4662,synchronized batch-1 network forward only; input preloaded on device; final refit and verified repair excluded,network_predicted,"[0.12381117790937424, 0.16804829239845276, 0.24491359293460846, 0.27705442905426025, 0.3383316397666931, 0.36965373158454895, 0.40131306648254395, 0.4972171187400818, 0.5899239182472229, 0.62211674451828, 0.6876630783081055, 0.8237835764884949, 0.8568813800811768, 0.8961824774742126]"
3170,19,13,2.5e-05,kang_sparse_2015_adaptation,2.380487154286859e-05,15,2,-4,True,2847.3943999997573,complete sparse ADMM selection + relocation + endpoint-constrained verification/fallback + final refit,chord_length,"[0.11899771341463414, 0.14634146341463417, 0.2421875, 0.2682926829268293, 0.3170731707317073, 0.34146341463414637, 0.36585365853658536, 0.41463414634146345, 0.43878620426829273, 0.4880907012195122, 0.5365853658536586, 0.6829268292682926, 0.6833079268292682, 0.7807259908536586, 0.9024390243902439]"
3170,19,13,2.5e-05,uniform_gradient_pruning,2.297100191667279e-05,10,-3,-9,True,10782.586100001936,complete uniform-Kmax initialization + all deletion scoring + gradient relocation + exact refit validation,chord_length,"[0.11721314893441415, 0.27476911604332066, 0.30158042416369324, 0.45501440878102306, 0.4786710425168951, 0.5639109861155998, 0.6314746947441081, 0.6808815780367057, 0.8260816588501037, 0.8559324550025283]"
899,19,10,2.5e-05,ours,2.4939979317772848e-05,21,11,2,True,17.074849999999998,synchronized batch-1 network forward only; input preloaded on device; final refit and verified repair excluded,network_predicted,"[0.0478222519159317, 0.07984770089387894, 0.15657566487789154, 0.19734705984592438, 0.23337236046791077, 0.2659722566604614, 0.29810044169425964, 0.3307342231273651, 0.36267897486686707, 0.39458122849464417, 0.4605047106742859, 0.49265146255493164, 0.5238835215568542, 0.5536082983016968, 0.5862862467765808, 0.6186186075210571, 0.6841534376144409, 0.7563332319259644, 0.7912835478782654, 0.8971977829933167, 0.9409258961677551]"
899,19,10,2.5e-05,kang_sparse_2015_adaptation,3.484142508101584e-06,19,9,0,True,2560.3262999939034,complete sparse ADMM selection + relocation + endpoint-constrained verification/fallback + final refit,chord_length,"[0.0975609756097561, 0.12195121951219512, 0.17073170731707318, 0.1951219512195122, 0.2682926829268293, 0.34146341463414637, 0.36585365853658536, 0.3902439024390244, 0.4634146341463415, 0.4878048780487805, 0.5365853658536586, 0.5609756097560976, 0.6341463414634146, 0.6585365853658536, 0.7317073170731707, 0.7560975609756098, 0.8536585365853658, 0.8780487804878049, 0.9024390243902439]"
899,19,10,2.5e-05,uniform_gradient_pruning,1.7326464706763203e-05,9,-1,-10,True,11269.2451000039,complete uniform-Kmax initialization + all deletion scoring + gradient relocation + exact refit validation,chord_length,"[0.10370250127757491, 0.2684509415601144, 0.5028924551292365, 0.540037815805399, 0.5674405385977674, 0.632842643432868, 0.6773790948239203, 0.7111498648231659, 0.8640742380685416]"
3596,19,8,2.5e-05,ours,2.46591524945982e-05,14,6,-5,True,17.35805,synchronized batch-1 network forward only; input preloaded on device; final refit and verified repair excluded,network_predicted,"[0.15179957449436188, 0.23010459542274475, 0.24732567369937897, 0.2834233343601227, 0.35365378856658936, 0.4474148154258728, 0.4758651554584503, 0.6138626337051392, 0.6510372757911682, 0.6931760311126709, 0.7809321284294128, 0.8176299929618835, 0.8336344361305237, 0.8745681047439575]"
3596,19,8,2.5e-05,kang_sparse_2015_adaptation,1.645866527447049e-05,10,2,-9,True,2615.6023000075947,complete sparse ADMM selection + relocation + endpoint-constrained verification/fallback + final refit,chord_length,"[0.16177591463414637, 0.24371189024390244, 0.29230182926829273, 0.3492759146341463, 0.4523628048780488, 0.5849847560975611, 0.6718749999999999, 0.745045731707317, 0.8534679878048781, 0.9272103658536585]"
3596,19,8,2.5e-05,uniform_gradient_pruning,2.4436257944337677e-05,8,0,-11,True,11973.827000008896,complete uniform-Kmax initialization + all deletion scoring + gradient relocation + exact refit validation,chord_length,"[0.07747221830613955, 0.1119446289773528, 0.32198016747519054, 0.33949167144985953, 0.4195079365141939, 0.6818785810254431, 0.7263029836220244, 0.8478506481918858]"
1456,19,11,2.5e-05,ours,2.4993897590453216e-05,17,6,-2,True,17.55885,synchronized batch-1 network forward only; input preloaded on device; final refit and verified repair excluded,network_predicted,"[0.08463707566261292, 0.12300407886505127, 0.16532960534095764, 0.20500144362449646, 0.24021916091442108, 0.3643120527267456, 0.4268991947174072, 0.49001646041870117, 0.5210395455360413, 0.614338755607605, 0.6455491185188293, 0.678639829158783, 0.7503405213356018, 0.7845463156700134, 0.8166183233261108, 0.8516345620155334, 0.9379014372825623]"
1456,19,11,2.5e-05,kang_sparse_2015_adaptation,2.062755333495295e-05,11,0,-8,True,2650.5190000025323,complete sparse ADMM selection + relocation + endpoint-constrained verification/fallback + final refit,chord_length,"[0.12176067073170732, 0.18349847560975607, 0.24409298780487804, 0.328125, 0.435594512195122, 0.536204268292683, 0.591653963414634, 0.6431021341463414, 0.7406631097560976, 0.8195503048780488, 0.8782393292682926]"
1456,19,11,2.5e-05,uniform_gradient_pruning,2.263552894939495e-05,9,-2,-10,True,11971.705599993584,complete uniform-Kmax initialization + all deletion scoring + gradient relocation + exact refit validation,chord_length,"[0.1477715293030258, 0.18705349443876873, 0.23131939917688377, 0.3333257194818657, 0.42871345696458224, 0.5669235661768071, 0.6001280913908188, 0.6306262086095212, 0.7405619574947933]"
2402,19,13,2.5e-05,ours,2.3115867703285957e-05,17,4,-2,True,17.14495,synchronized batch-1 network forward only; input preloaded on device; final refit and verified repair excluded,network_predicted,"[0.04801643267273903, 0.11964838951826096, 0.16210299730300903, 0.20270340144634247, 0.23993226885795593, 0.30760088562965393, 0.40070098638534546, 0.4308849573135376, 0.46353697776794434, 0.49557870626449585, 0.6199071407318115, 0.6518487930297852, 0.6852190494537354, 0.7203472256660461, 0.7559294104576111, 0.8208891749382019, 0.8946061730384827]"
2402,19,13,2.5e-05,kang_sparse_2015_adaptation,2.469584608968211e-05,13,0,-6,True,2688.202799996361,complete sparse ADMM selection + relocation + endpoint-constrained verification/fallback + final refit,chord_length,"[0.14615091463414637, 0.24371189024390244, 0.29268292682926833, 0.34146341463414637, 0.36585365853658536, 0.4634146341463415, 0.4878048780487805, 0.5121951219512195, 0.5216749237804879, 0.6177591463414632, 0.7557164634146342, 0.829077743902439, 0.8791920731707318]"
2402,19,13,2.5e-05,uniform_gradient_pruning,1.7592815246506076e-05,11,-2,-8,True,9891.812600006233,complete uniform-Kmax initialization + all deletion scoring + gradient relocation + exact refit validation,chord_length,"[0.2006299303026774, 0.2692133903484262, 0.30205202552814914, 0.36333673047298753, 0.39871820264105406, 0.4366452918595154, 0.48422130793408924, 0.5417041196480151, 0.5989202243801427, 0.7472181300484135, 0.8054468772982507]"
29,19,11,2.5e-05,ours,2.4839696952288342e-05,15,4,-4,True,17.0087,synchronized batch-1 network forward only; input preloaded on device; final refit and verified repair excluded,network_predicted,"[0.08800207823514938, 0.12852855026721954, 0.17277711629867554, 0.253082811832428, 0.2876965403556824, 0.35133692622184753, 0.4732937812805176, 0.5013231039047241, 0.530626654624939, 0.5606188178062439, 0.6833415031433105, 0.7539493441581726, 0.8198930025100708, 0.8541294932365417, 0.8942778706550598]"
29,19,11,2.5e-05,kang_sparse_2015_adaptation,1.71639991606551e-05,10,-1,-9,True,2724.434100018698,complete sparse ADMM selection + relocation + endpoint-constrained verification/fallback + final refit,chord_length,"[0.07336128048780488, 0.1713033536585366, 0.24390243902439024, 0.2767721036585366, 0.42721036585365857, 0.5506859756097561, 0.6307164634146342, 0.7054115853658537, 0.7890625, 0.9018673780487805]"
29,19,11,2.5e-05,uniform_gradient_pruning,2.1313161535389984e-05,9,-2,-10,True,11308.251000009477,complete uniform-Kmax initialization + all deletion scoring + gradient relocation + exact refit validation,chord_length,"[0.15060069470621784, 0.18274991161403054, 0.21515540723281185, 0.29918049282739406, 0.4231702704355794, 0.570248963415342, 0.6087006936519734, 0.7159841588958363, 0.7645556372727066]"
3153,19,9,2.5e-05,ours,2.491016504542771e-05,16,7,-3,True,17.8476,synchronized batch-1 network forward only; input preloaded on device; final refit and verified repair excluded,network_predicted,"[0.08207663893699646, 0.1195196658372879, 0.1601690948009491, 0.20110070705413818, 0.23788480460643768, 0.33265429735183716, 0.36274099349975586, 0.3948732316493988, 0.4875836968421936, 0.5170474648475647, 0.5476426482200623, 0.5792083740234375, 0.6773706078529358, 0.7516363263130188, 0.785525918006897, 0.8190852999687195]"
3153,19,9,2.5e-05,kang_sparse_2015_adaptation,1.3963989640206884e-05,10,1,-9,True,2704.2003000096884,complete sparse ADMM selection + relocation + endpoint-constrained verification/fallback + final refit,chord_length,"[0.09127286585365854, 0.1633003048780488, 0.24409298780487804, 0.2928734756097561, 0.435594512195122, 0.4891387195121951, 0.5537347560975611, 0.6343368902439024, 0.7076981707317073, 0.860327743902439]"
3153,19,9,2.5e-05,uniform_gradient_pruning,1.9138261046411987e-05,9,0,-10,True,11279.818499999237,complete uniform-Kmax initialization + all deletion scoring + gradient relocation + exact refit validation,chord_length,"[0.19733380074772364, 0.24988351671480566, 0.282198891132211, 0.4290343330967899, 0.5107276796901508, 0.5589137069801734, 0.6410043555389298, 0.6868641477251078, 0.8585842831467863]"
102,19,10,2.5e-05,ours,2.31799182484654e-05,15,5,-4,True,17.4026,synchronized batch-1 network forward only; input preloaded on device; final refit and verified repair excluded,network_predicted,"[0.054386645555496216, 0.1347566843032837, 0.22453263401985168, 0.2619651257991791, 0.41390642523765564, 0.44310539960861206, 0.49925824999809265, 0.5561078786849976, 0.6462608575820923, 0.6804845929145813, 0.7170293927192688, 0.7537802457809448, 0.8187347054481506, 0.8527261018753052, 0.9379106760025024]"
102,19,10,2.5e-05,kang_sparse_2015_adaptation,2.2429684116581786e-05,9,-1,-10,True,2680.6875000038417,complete sparse ADMM selection + relocation + endpoint-constrained verification/fallback + final refit,chord_length,"[0.1461509146341463, 0.20141006097560976, 0.30449695121951226, 0.42778201219512196, 0.5125762195121951, 0.5811737804878049, 0.7069359756097561, 0.7580030487804877, 0.8982469512195123]"
102,19,10,2.5e-05,uniform_gradient_pruning,1.7342023307076566e-05,9,-1,-10,True,11981.957700001658,complete uniform-Kmax initialization + all deletion scoring + gradient relocation + exact refit validation,chord_length,"[0.15037637121912378, 0.21759951771848673, 0.2832445837724204, 0.4432071942589497, 0.46893469933731496, 0.5001093542836625, 0.5422739881117786, 0.7595629389227303, 0.882836820198084]"
2366,19,11,2.5e-05,ours,2.4818923924961676e-05,14,3,-5,True,17.36425,synchronized batch-1 network forward only; input preloaded on device; final refit and verified repair excluded,network_predicted,"[0.12241844087839127, 0.1668938398361206, 0.2094801962375641, 0.24555763602256775, 0.2777688503265381, 0.34137091040611267, 0.4300527274608612, 0.458283007144928, 0.6071652770042419, 0.7051246762275696, 0.7420361638069153, 0.8102066516876221, 0.8456025719642639, 0.8876579999923706]"
2366,19,11,2.5e-05,kang_sparse_2015_adaptation,2.170075806768789e-05,10,-1,-9,True,2905.5243999900995,complete sparse ADMM selection + relocation + endpoint-constrained verification/fallback + final refit,chord_length,"[0.12214176829268292, 0.2679115853658537, 0.2682926829268293, 0.33650914634146345, 0.3929115853658537, 0.47351371951219506, 0.5864138719512195, 0.7016006097560975, 0.7846798780487806, 0.8433689024390244]"
2366,19,11,2.5e-05,uniform_gradient_pruning,1.8155786650520644e-05,10,-1,-9,True,10628.524200001266,complete uniform-Kmax initialization + all deletion scoring + gradient relocation + exact refit validation,chord_length,"[0.15759181991563306, 0.2024981708870333, 0.2905502928787541, 0.3230533416261134, 0.3815983267742706, 0.5189895553692021, 0.5727864963170973, 0.7056069670242597, 0.7901816025534304, 0.8345774243030297]"
2732,19,12,2.5e-05,ours,2.1110778475417602e-05,15,3,-4,True,17.70295,synchronized batch-1 network forward only; input preloaded on device; final refit and verified repair excluded,chord_length,"[0.03975749760866165, 0.07522621750831604, 0.1550765484571457, 0.2220308780670166, 0.28898513317108154, 0.389188677072525, 0.42369458079338074, 0.47279107570648193, 0.5047828555107117, 0.5552980899810791, 0.5913354158401489, 0.6585142612457275, 0.8250463008880615, 0.8580976128578186, 0.885381817817688]"
2732,19,12,2.5e-05,kang_sparse_2015_adaptation,2.0883944943097524e-05,16,4,-3,True,2720.1149000029545,complete sparse ADMM selection + relocation + endpoint-constrained verification/fallback + final refit,chord_length,"[0.12195121951219512, 0.14634146341463417, 0.21951219512195122, 0.24390243902439024, 0.2682926829268293, 0.3902439024390244, 0.41463414634146345, 0.43902439024390244, 0.5017625762195121, 0.5365853658536586, 0.6097560975609756, 0.6341463414634146, 0.6829268292682926, 0.7804878048780488, 0.8780487804878049, 0.9024390243902439]"
2732,19,12,2.5e-05,uniform_gradient_pruning,2.470983805213241e-05,12,0,-7,True,10162.158799997997,complete uniform-Kmax initialization + all deletion scoring + gradient relocation + exact refit validation,chord_length,"[0.11529885015958885, 0.16548950001277735, 0.20362669904805508, 0.2980967856491147, 0.3819813957493821, 0.42556428221242293, 0.5646944331846444, 0.6023925661134681, 0.6408021752253883, 0.8353231633718294, 0.8711984721823047, 0.9008477559907189]"
201,19,12,2.5e-05,ours,2.4452479620484742e-05,14,2,-5,True,17.355449999999998,synchronized batch-1 network forward only; input preloaded on device; final refit and verified repair excluded,network_predicted,"[0.051007188856601715, 0.12477752566337585, 0.24582794308662415, 0.27931687235832214, 0.31266433000564575, 0.344774067401886, 0.4393966794013977, 0.5318554043769836, 0.6263379454612732, 0.693139910697937, 0.7283436059951782, 0.7961500287055969, 0.862059473991394, 0.9004781246185303]"
201,19,12,2.5e-05,kang_sparse_2015_adaptation,2.448819679362515e-05,11,-1,-8,True,2530.1234999787994,complete sparse ADMM selection + relocation + endpoint-constrained verification/fallback + final refit,chord_length,"[0.1209984756097561, 0.17663871951219512, 0.2440929878048781, 0.2993521341463415, 0.390625, 0.4699885670731707, 0.5121951219512195, 0.5872713414634146, 0.731421493902439, 0.8067835365853658, 0.8578506097560975]"
201,19,12,2.5e-05,uniform_gradient_pruning,1.5181928306421144e-05,11,-1,-8,True,10065.388899995014,complete uniform-Kmax initialization + all deletion scoring + gradient relocation + exact refit validation,chord_length,"[0.13360291707124242, 0.18054277614792108, 0.2786312066129945, 0.3185704746815361, 0.3992240278806105, 0.4573833777995617, 0.49875422711718137, 0.6127991040073085, 0.6449853882915865, 0.8148429707209026, 0.8630974297146263]"
3140,19,11,2.5e-05,ours,2.4683089840102565e-05,14,3,-5,True,17.981450000000002,synchronized batch-1 network forward only; input preloaded on device; final refit and verified repair excluded,network_predicted,"[0.12012722343206406, 0.24165749549865723, 0.27563193440437317, 0.3690718710422516, 0.4319739043712616, 0.4915076494216919, 0.5204721689224243, 0.5496171116828918, 0.5803801417350769, 0.6435438394546509, 0.7125203609466553, 0.8193344473838806, 0.8551360964775085, 0.9405184388160706]"
3140,19,11,2.5e-05,kang_sparse_2015_adaptation,1.990277452433032e-05,10,-1,-9,True,2686.5165999915916,complete sparse ADMM selection + relocation + endpoint-constrained verification/fallback + final refit,chord_length,"[0.11909298780487804, 0.1953125, 0.3166920731707318, 0.36794969512195125, 0.43921493902439024, 0.5125762195121951, 0.5855564024390243, 0.7313262195121951, 0.776295731707317, 0.8538490853658536]"
3140,19,11,2.5e-05,uniform_gradient_pruning,2.4126902827236208e-05,8,-3,-11,True,12743.624599999748,complete uniform-Kmax initialization + all deletion scoring + gradient relocation + exact refit validation,chord_length,"[0.1285302879927345, 0.16733181559196297, 0.39844290800482196, 0.42229155803311275, 0.5217514270271578, 0.5850777135025282, 0.7873753512320574, 0.8641390813949039]"
367,19,12,2.5e-05,ours,2.4948882281628577e-05,17,5,-2,True,20.5465,synchronized batch-1 network forward only; input preloaded on device; final refit and verified repair excluded,network_predicted,"[0.10786930471658707, 0.18486617505550385, 0.2198394238948822, 0.2515697777271271, 0.3443678617477417, 0.40864861011505127, 0.440166711807251, 0.47215116024017334, 0.5040050148963928, 0.5359954833984375, 0.6006406545639038, 0.7086443305015564, 0.7828900814056396, 0.8147276043891907, 0.8492115139961243, 0.8897628784179688, 0.9359725117683411]"
367,19,12,2.5e-05,kang_sparse_2015_adaptation,1.4733288180442001e-05,11,-1,-8,True,2718.609200004721,complete sparse ADMM selection + relocation + endpoint-constrained verification/fallback + final refit,chord_length,"[0.12195121951219512, 0.21951219512195122, 0.2679592225609756, 0.3172637195121951, 0.41425304878048785, 0.4727515243902439, 0.5207698170731707, 0.5855564024390243, 0.6840701219512194, 0.8020198170731707, 0.8685213414634146]"
367,19,12,2.5e-05,uniform_gradient_pruning,1.2489738802438974e-05,11,-1,-8,True,10024.304899998242,complete uniform-Kmax initialization + all deletion scoring + gradient relocation + exact refit validation,chord_length,"[0.11695685260210228, 0.2349159080052272, 0.2659749494676845, 0.31508610167535944, 0.40968385404678787, 0.461607214417013, 0.5322171008777346, 0.5882984906513623, 0.6724560607247813, 0.8189176376743206, 0.8563720472265024]"
3573,19,13,2.5e-05,ours,2.0621015867228444e-05,12,-1,-7,True,17.2742,synchronized batch-1 network forward only; input preloaded on device; final refit and verified repair excluded,chord_length,"[0.14275656640529633, 0.17906799912452698, 0.30239930748939514, 0.3162670135498047, 0.45514345169067383, 0.526570200920105, 0.553056001663208, 0.5871703028678894, 0.7157226800918579, 0.775700569152832, 0.8078404664993286, 0.8237966299057007]"
3573,19,13,2.5e-05,kang_sparse_2015_adaptation,1.9132843504193287e-05,16,3,-3,True,2765.7958999916445,complete sparse ADMM selection + relocation + endpoint-constrained verification/fallback + final refit,chord_length,"[0.07298018292682928, 0.12195121951219512, 0.17073170731707318, 0.2193216463414634, 0.2682926829268293, 0.39000571646341464, 0.439453125, 0.5121951219512195, 0.5365853658536586, 0.6341463414634146, 0.6585365853658536, 0.7073170731707317, 0.7077458079268293, 0.7560975609756098, 0.8292682926829268, 0.8536585365853658]"
3573,19,13,2.5e-05,uniform_gradient_pruning,2.1268022333156717e-05,11,-2,-8,True,10349.35950000363,complete uniform-Kmax initialization + all deletion scoring + gradient relocation + exact refit validation,chord_length,"[0.142489135726137, 0.17717973326912556, 0.2956471132070938, 0.34543365765191597, 0.46842410576130894, 0.5588514448396834, 0.5986711000465769, 0.7215134515834074, 0.777123990303893, 0.8106836560688582, 0.8443495366224916]"
3456,19,13,2.5e-05,ours,2.2970770667774987e-05,14,1,-5,True,17.0018,synchronized batch-1 network forward only; input preloaded on device; final refit and verified repair excluded,chord_length,"[0.08574844151735306, 0.11538635194301605, 0.19839006662368774, 0.21034939587116241, 0.2672507166862488, 0.4224381744861603, 0.44934502243995667, 0.4920831620693207, 0.5330402255058289, 0.5660052299499512, 0.5842704772949219, 0.7632358074188232, 0.8206061720848083, 0.8719615936279297]"
3456,19,13,2.5e-05,kang_sparse_2015_adaptation,2.0072893466792417e-05,14,1,-5,True,2665.045400004601,complete sparse ADMM selection + relocation + endpoint-constrained verification/fallback + final refit,chord_length,"[0.07317073170731708, 0.0975609756097561, 0.20650724085365854, 0.24390243902439024, 0.2682926829268293, 0.3902439024390244, 0.41425304878048785, 0.5121951219512195, 0.5365853658536586, 0.5723132621951219, 0.6832126524390243, 0.7317073170731707, 0.8294588414634145, 0.9026295731707317]"
3456,19,13,2.5e-05,uniform_gradient_pruning,1.5013779785858423e-05,12,-1,-7,True,9558.504500004346,complete uniform-Kmax initialization + all deletion scoring + gradient relocation + exact refit validation,chord_length,"[0.08731742798396158, 0.12073816528864117, 0.20032952033294982, 0.22167432059307288, 0.3184040643016366, 0.3774344228571268, 0.5136816502063819, 0.5328626396433981, 0.582848701433979, 0.742573635642082, 0.8474173257107345, 0.902710200769316]"
3962,19,11,2.5e-05,ours,2.42585017076839e-05,13,2,-6,True,17.061,synchronized batch-1 network forward only; input preloaded on device; final refit and verified repair excluded,network_predicted,"[0.08134481310844421, 0.11979556828737259, 0.16319316625595093, 0.27497461438179016, 0.30752402544021606, 0.36979129910469055, 0.4643814265727997, 0.4952293932437897, 0.5577686429023743, 0.5880495309829712, 0.6182851195335388, 0.6491780281066895, 0.8860057592391968]"
3962,19,11,2.5e-05,kang_sparse_2015_adaptation,1.2217945527040141e-05,11,0,-8,True,2619.252399992547,complete sparse ADMM selection + relocation + endpoint-constrained verification/fallback + final refit,chord_length,"[0.14615091463414637, 0.20903201219512196, 0.2703887195121952, 0.3454649390243902, 0.4211128048780488, 0.48342225609756095, 0.5384908536585366, 0.6099466463414633, 0.6833079268292682, 0.8471798780487806, 0.9203506097560975]"
3962,19,11,2.5e-05,uniform_gradient_pruning,1.6436932816183393e-05,10,-1,-9,True,11247.55390000064,complete uniform-Kmax initialization + all deletion scoring + gradient relocation + exact refit validation,chord_length,"[0.1442454072862197, 0.22641912554774862, 0.2637980801131808, 0.35214014986846354, 0.4049394873543759, 0.5201147105997321, 0.5676512184411634, 0.6072548219532308, 0.6510788283838831, 0.8230924986236744]"
1952,19,13,2.5e-05,ours,2.3686223596110353e-05,15,2,-4,True,17.4685,synchronized batch-1 network forward only; input preloaded on device; final refit and verified repair excluded,chord_length,"[0.11066137254238129, 0.15687409043312073, 0.19085896015167236, 0.2569432258605957, 0.3582087457180023, 0.393311083316803, 0.4245337247848511, 0.46330320835113525, 0.4755233824253082, 0.576616108417511, 0.6721599102020264, 0.7157697677612305, 0.7566664814949036, 0.7847363948822021, 0.8736516833305359]"
1952,19,13,2.5e-05,kang_sparse_2015_adaptation,1.9195354608494548e-05,16,3,-3,True,3121.9396000087727,complete sparse ADMM selection + relocation + endpoint-constrained verification/fallback + final refit,chord_length,"[0.07317073170731708, 0.14634146341463417, 0.17073170731707318, 0.29268292682926833, 0.34146341463414637, 0.3902439024390244, 0.43478467987804875, 0.43902439024390244, 0.4878048780487805, 0.5121951219512195, 0.5853658536585366, 0.7073170731707317, 0.7317073170731707, 0.7560975609756098, 0.8048780487804879, 0.8292682926829268]"
1952,19,13,2.5e-05,uniform_gradient_pruning,1.8516701080014704e-05,14,1,-5,True,7919.980999999098,complete uniform-Kmax initialization + all deletion scoring + gradient relocation + exact refit validation,chord_length,"[0.08482281390669207, 0.1299229012797814, 0.17370137861621973, 0.26928497322342526, 0.3282348294512411, 0.424754312619157, 0.4605107522788372, 0.4878233041865399, 0.5950073085667067, 0.6691493063691454, 0.7303663291693236, 0.7561264621262528, 0.7877209259184343, 0.9332999760619439]"
2800,20,9,2.5e-05,ours,2.430655331201823e-05,14,5,-6,True,18.161,synchronized batch-1 network forward only; input preloaded on device; final refit and verified repair excluded,network_predicted,"[0.12707045674324036, 0.17125283181667328, 0.2129833698272705, 0.2811736464500427, 0.31528177857398987, 0.44175779819488525, 0.5048903822898865, 0.6299967169761658, 0.6606580018997192, 0.6925404667854309, 0.7612659335136414, 0.7937085628509521, 0.8243391513824463, 0.8966188430786133]"
2800,20,9,2.5e-05,kang_sparse_2015_adaptation,1.577018096977832e-05,9,0,-11,True,2645.4928999883123,complete sparse ADMM selection + relocation + endpoint-constrained verification/fallback + final refit,chord_length,"[0.17054115853658536, 0.22541920731707316, 0.33727134146341464, 0.4340701219512195, 0.49828506097560976, 0.6156631097560976, 0.7069359756097561, 0.7341844512195121, 0.8050685975609755]"
2800,20,9,2.5e-05,uniform_gradient_pruning,2.2499100695542913e-05,7,-2,-13,True,12330.887400006759,complete uniform-Kmax initialization + all deletion scoring + gradient relocation + exact refit validation,chord_length,"[0.17429224800403803, 0.21892616967337813, 0.3378640773104612, 0.46302617851823996, 0.4769794538390634, 0.6128436103491295, 0.7434790274717908]"
583,20,12,2.5e-05,ours,2.467262246604508e-05,15,3,-5,True,17.9324,synchronized batch-1 network forward only; input preloaded on device; final refit and verified repair excluded,network_predicted,"[0.08029250055551529, 0.117893747985363, 0.20261235535144806, 0.3417894244194031, 0.43145498633384705, 0.4607856571674347, 0.48910877108573914, 0.5170676708221436, 0.5729661583900452, 0.6044171452522278, 0.6679716110229492, 0.7713287472724915, 0.8057068586349487, 0.8841553330421448, 0.9335730671882629]"
583,20,12,2.5e-05,kang_sparse_2015_adaptation,1.904262897318233e-05,12,0,-8,True,2721.2697000068147,complete sparse ADMM selection + relocation + endpoint-constrained verification/fallback + final refit,chord_length,"[0.1461509146341463, 0.1951219512195122, 0.2193216463414634, 0.3170731707317073, 0.3342701981707318, 0.43921493902439024, 0.5125762195121951, 0.6397675304878048, 0.6829268292682926, 0.7341844512195121, 0.8016387195121952, 0.8639481707317073]"
583,20,12,2.5e-05,uniform_gradient_pruning,1.2012907712669087e-05,10,-2,-10,True,10711.712099990109,complete uniform-Kmax initialization + all deletion scoring + gradient relocation + exact refit validation,chord_length,"[0.22438336970196823, 0.2628993492340359, 0.3726714336061133, 0.45179041143121657, 0.5677200591554359, 0.5979979934578642, 0.6847916956446318, 0.7349579822445975, 0.8037022470241019, 0.8537153909101689]"
2555,20,11,2.5e-05,ours,2.369169288134659e-05,17,6,-3,True,17.0883,synchronized batch-1 network forward only; input preloaded on device; final refit and verified repair excluded,network_predicted,"[0.11803007125854492, 0.15987829864025116, 0.20354221761226654, 0.24172569811344147, 0.3748680055141449, 0.4370897114276886, 0.49879488348960876, 0.5303440690040588, 0.5620927214622498, 0.5941544771194458, 0.6262499690055847, 0.7343781590461731, 0.769861102104187, 0.8015691637992859, 0.8311643600463867, 0.9021375775337219, 0.9437365531921387]"
2555,20,11,2.5e-05,kang_sparse_2015_adaptation,2.338643728532882e-05,13,2,-7,True,2749.030100007076,complete sparse ADMM selection + relocation + endpoint-constrained verification/fallback + final refit,chord_length,"[0.12176067073170732, 0.17054115853658536, 0.29268292682926833, 0.3219321646341463, 0.34146341463414637, 0.463795731707317, 0.5369664634146342, 0.682545731707317, 0.7313262195121951, 0.7804878048780488, 0.8536585365853658, 0.8780487804878049, 0.91796875]"
2555,20,11,2.5e-05,uniform_gradient_pruning,1.8409432550297246e-05,11,0,-9,True,10602.509699994698,complete uniform-Kmax initialization + all deletion scoring + gradient relocation + exact refit validation,chord_length,"[0.16792879656882154, 0.26206098985532467, 0.3219523489769663, 0.35161197163795904, 0.5856491205707652, 0.6154866737730866, 0.6447559181309209, 0.6709223614309232, 0.8088087159532229, 0.8614163604154601, 0.8912349968261515]"
696,20,14,2.5e-05,ours,2.4127225702085054e-05,21,7,1,True,17.6047,synchronized batch-1 network forward only; input preloaded on device; final refit and verified repair excluded,network_predicted,"[0.018625900149345398, 0.046648506075143814, 0.07980676740407944, 0.11814013123512268, 0.16332337260246277, 0.20781530439853668, 0.24469226598739624, 0.27696123719215393, 0.31129997968673706, 0.4099780321121216, 0.4685031771659851, 0.4967714250087738, 0.5529941320419312, 0.6096320152282715, 0.6700895428657532, 0.7041561007499695, 0.7396154403686523, 0.8073595762252808, 0.8411651849746704, 0.8830847144126892, 0.9321564435958862]"
696,20,14,2.5e-05,kang_sparse_2015_adaptation,2.390912017853369e-05,13,-1,-7,True,2795.1481000054628,complete sparse ADMM selection + relocation + endpoint-constrained verification/fallback + final refit,chord_length,"[0.12195121951219512, 0.14634146341463417, 0.24390243902439024, 0.28296493902439024, 0.3170731707317073, 0.390625, 0.5057164634146342, 0.6341463414634146, 0.6343368902439024, 0.7076028963414633, 0.7560975609756098, 0.8050685975609755, 0.9104420731707316]"
696,20,14,2.5e-05,uniform_gradient_pruning,2.4056816376077326e-05,10,-4,-10,True,10843.794200001867,complete uniform-Kmax initialization + all deletion scoring + gradient relocation + exact refit validation,chord_length,"[0.12493077387085576, 0.16404439760784095, 0.24303181041627958, 0.2819826213786121, 0.3432376261112302, 0.5203345435471444, 0.6619889099122297, 0.7008403902555014, 0.7684829877968093, 0.9081443495771957]"
2384,20,11,2.5e-05,ours,2.4529706225194964e-05,14,3,-6,True,17.6971,synchronized batch-1 network forward only; input preloaded on device; final refit and verified repair excluded,network_predicted,"[0.08716873079538345, 0.12791456282138824, 0.17282269895076752, 0.32116782665252686, 0.41868075728416443, 0.4812512695789337, 0.5108447670936584, 0.6000621914863586, 0.6301215887069702, 0.6609821915626526, 0.7287936806678772, 0.7634516954421997, 0.7958321571350098, 0.8993600010871887]"
2384,20,11,2.5e-05,kang_sparse_2015_adaptation,2.2361752584504618e-05,11,0,-9,True,2569.9386000051163,complete sparse ADMM selection + relocation + endpoint-constrained verification/fallback + final refit,chord_length,"[0.09927591463414634, 0.16749237804878053, 0.2679115853658537, 0.36547256097560976, 0.5119092987804879, 0.5851753048780488, 0.6421493902439025, 0.6878810975609756, 0.7397103658536585, 0.786204268292683, 0.8639481707317073]"
2384,20,11,2.5e-05,uniform_gradient_pruning,1.723390700000027e-05,9,-2,-11,True,11146.917699996266,complete uniform-Kmax initialization + all deletion scoring + gradient relocation + exact refit validation,chord_length,"[0.2618224288925562, 0.3830970634244546, 0.4982862000081738, 0.5483742487383022, 0.5747515974127172, 0.6394389213714637, 0.68147530993399, 0.7460416136314583, 0.7752514104383326]"
451,20,13,2.5e-05,ours,2.4981950802767187e-05,12,-1,-8,True,17.04165,synchronized batch-1 network forward only; input preloaded on device; final refit and verified repair excluded,chord_length,"[0.1265612542629242, 0.17595961689949036, 0.22134041786193848, 0.30653679370880127, 0.3288761377334595, 0.389847993850708, 0.4158574938774109, 0.5057312846183777, 0.5321031808853149, 0.7800199389457703, 0.8086978793144226, 0.8484624624252319]"
451,20,13,2.5e-05,kang_sparse_2015_adaptation,2.1427585338227907e-05,13,0,-7,True,2696.357800014084,complete sparse ADMM selection + relocation + endpoint-constrained verification/fallback + final refit,chord_length,"[0.12176067073170732, 0.2682926829268293, 0.337938262195122, 0.34146341463414637, 0.3902439024390244, 0.4634146341463415, 0.5121951219512195, 0.6097560975609756, 0.6833079268292682, 0.7563833841463414, 0.8538490853658536, 0.8780487804878049, 0.9028201219512194]"
451,20,13,2.5e-05,uniform_gradient_pruning,2.105950891936947e-05,11,-2,-9,True,10110.654600008274,complete uniform-Kmax initialization + all deletion scoring + gradient relocation + exact refit validation,chord_length,"[0.1206960740537789, 0.31671347015104057, 0.3545625393766459, 0.37135819882167814, 0.4427184557262474, 0.5097561118526484, 0.5567675715737515, 0.7939529717569036, 0.8421914628405499, 0.8748120590514773, 0.898368534678939]"
3922,20,11,2.5e-05,ours,2.484366960160438e-05,20,9,0,True,16.9042,synchronized batch-1 network forward only; input preloaded on device; final refit and verified repair excluded,network_predicted,"[0.01933787390589714, 0.07975399494171143, 0.11602823436260223, 0.15616890788078308, 0.19520261883735657, 0.29254239797592163, 0.35993465781211853, 0.39211800694465637, 0.4536474347114563, 0.5461586713790894, 0.5759108066558838, 0.605684757232666, 0.637170672416687, 0.6726663112640381, 0.7101944088935852, 0.7482288479804993, 0.7834818363189697, 0.8156300187110901, 0.8904156684875488, 0.9369522333145142]"
3922,20,11,2.5e-05,kang_sparse_2015_adaptation,1.616608675553825e-05,14,3,-6,True,2684.1885000030743,complete sparse ADMM selection + relocation + endpoint-constrained verification/fallback + final refit,chord_length,"[0.07298018292682928, 0.12195121951219512, 0.1951219512195122, 0.24366425304878048, 0.3168826219512195, 0.3902439024390244, 0.41815929878048785, 0.5329649390243902, 0.5853658536585366, 0.6343368902439024, 0.6833079268292682, 0.7564786585365854, 0.8534679878048781, 0.9026295731707317]"
3922,20,11,2.5e-05,uniform_gradient_pruning,2.264590985539427e-05,11,0,-9,True,10770.084699994186,complete uniform-Kmax initialization + all deletion scoring + gradient relocation + exact refit validation,chord_length,"[0.07182846250567364, 0.1217436835175866, 0.2003676545830128, 0.24674271565362052, 0.30485780501012294, 0.38584155692445565, 0.524547429753937, 0.5697792832994848, 0.6151540611026178, 0.8415434412142342, 0.8900122218884025]"
3446,20,10,2.5e-05,ours,2.276184109361988e-05,14,4,-6,True,17.1157,synchronized batch-1 network forward only; input preloaded on device; final refit and verified repair excluded,network_predicted,"[0.0838385745882988, 0.16470618546009064, 0.2050551027059555, 0.4096470773220062, 0.4420502483844757, 0.47348806262016296, 0.5039873719215393, 0.5629507899284363, 0.626774251461029, 0.6586666107177734, 0.7263290882110596, 0.7970107793807983, 0.8283146619796753, 0.8625438213348389]"
3446,20,10,2.5e-05,kang_sparse_2015_adaptation,5.443154874825912e-06,21,11,1,True,2519.249699995271,complete sparse ADMM selection + relocation + endpoint-constrained verification/fallback + final refit,chord_length,"[0.07317073170731708, 0.12195121951219512, 0.14634146341463417, 0.1951219512195122, 0.21951219512195122, 0.29268292682926833, 0.3170731707317073, 0.43902439024390244, 0.5121951219512195, 0.5609756097560976, 0.6097560975609756, 0.6341463414634146, 0.6585365853658536, 0.6829268292682926, 0.7073170731707317, 0.7560975609756098, 0.7804878048780488, 0.8048780487804879, 0.8292682926829268, 0.8536585365853658, 0.8780487804878049]"
3446,20,10,2.5e-05,uniform_gradient_pruning,2.300117460898469e-05,9,-1,-11,True,11539.668600002187,complete uniform-Kmax initialization + all deletion scoring + gradient relocation + exact refit validation,chord_length,"[0.14099822186945601, 0.1787345321116411, 0.5592084153431578, 0.6521765540004199, 0.6680464638594849, 0.6836737120928019, 0.771055840105517, 0.7973316234596768, 0.8353351986548324]"
2162,20,12,2.5e-05,ours,2.1981987070390933e-05,15,3,-5,True,17.29255,synchronized batch-1 network forward only; input preloaded on device; final refit and verified repair excluded,network_predicted,"[0.12357772886753082, 0.1687367856502533, 0.21044747531414032, 0.3129669427871704, 0.3448583483695984, 0.4348144233226776, 0.46496525406837463, 0.5241870880126953, 0.5538899898529053, 0.6498855352401733, 0.7216181755065918, 0.7913150191307068, 0.8225284814834595, 0.8567305207252502, 0.8964858055114746]"
2162,20,12,2.5e-05,kang_sparse_2015_adaptation,2.1735443648995167e-05,13,1,-7,True,2776.0989000089467,complete sparse ADMM selection + relocation + endpoint-constrained verification/fallback + final refit,chord_length,"[0.17054115853658536, 0.24371189024390244, 0.29268292682926833, 0.3902439024390244, 0.41463414634146345, 0.5000952743902438, 0.5121951219512195, 0.6341463414634146, 0.7073170731707317, 0.762719131097561, 0.7804878048780488, 0.8780487804878049, 0.8819550304878048]"
2162,20,12,2.5e-05,uniform_gradient_pruning,1.9673568096202455e-05,11,-1,-9,True,10147.860299999593,complete uniform-Kmax initialization + all deletion scoring + gradient relocation + exact refit validation,chord_length,"[0.2447740785105667, 0.33476960814845586, 0.44955448785026836, 0.500507617652061, 0.5554442441369751, 0.5810534091048921, 0.7213965756708084, 0.774752451643741, 0.811244543197566, 0.8446430939074373, 0.8817802319707934]"
3240,20,10,2.5e-05,ours,2.4909727235607507e-05,18,8,-2,True,16.944,synchronized batch-1 network forward only; input preloaded on device; final refit and verified repair excluded,network_predicted,"[0.05409286171197891, 0.1313890814781189, 0.17723208665847778, 0.22143210470676422, 0.2592872381210327, 0.29569345712661743, 0.3298649191856384, 0.3619508743286133, 0.3926960825920105, 0.4236138164997101, 0.45466452836990356, 0.5149487257003784, 0.6365472674369812, 0.6678248047828674, 0.770126461982727, 0.8330571055412292, 0.8668262958526611, 0.90411376953125]"
3240,20,10,2.5e-05,kang_sparse_2015_adaptation,1.7170057042060643e-05,8,-2,-12,True,2593.259200002649,complete sparse ADMM selection + relocation + endpoint-constrained verification/fallback + final refit,chord_length,"[0.0901295731707317, 0.15110518292682928, 0.21970274390243905, 0.37328506097560976, 0.4973323170731707, 0.5920350609756098, 0.7092225609756097, 0.7907774390243903]"
3240,20,10,2.5e-05,uniform_gradient_pruning,1.7940366556155652e-05,7,-3,-13,True,12179.73640000855,complete uniform-Kmax initialization + all deletion scoring + gradient relocation + exact refit validation,chord_length,"[0.09336686066972927, 0.1461540283680917, 0.37924742181524845, 0.5314416440667443, 0.5659971432670855, 0.7338677942633596, 0.7649222123815437]"
2066,20,13,2.5e-05,ours,2.4621660842084414e-05,19,6,-1,True,17.30945,synchronized batch-1 network forward only; input preloaded on device; final refit and verified repair excluded,network_predicted,"[0.019866861402988434, 0.049926191568374634, 0.12134934216737747, 0.1638517826795578, 0.20360086858272552, 0.2707644999027252, 0.3315412402153015, 0.3891180753707886, 0.42009294033050537, 0.45282211899757385, 0.5473684072494507, 0.5787194967269897, 0.6108075380325317, 0.6780564188957214, 0.7536621689796448, 0.8193767070770264, 0.8537111878395081, 0.8936935663223267, 0.9384756684303284]"
2066,20,13,2.5e-05,kang_sparse_2015_adaptation,2.1037656637107534e-05,14,1,-6,True,2779.096899990691,complete sparse ADMM selection + relocation + endpoint-constrained verification/fallback + final refit,chord_length,"[0.0973704268292683, 0.1949314024390244, 0.21951219512195122, 0.24371189024390244, 0.36585365853658536, 0.4143483231707317, 0.4874237804878049, 0.5121951219512195, 0.6097560975609756, 0.6585365853658536, 0.7076028963414633, 0.8292682926829268, 0.8294588414634145, 0.9026295731707317]"
2066,20,13,2.5e-05,uniform_gradient_pruning,2.0964437179659686e-05,12,-1,-8,True,9928.668600012315,complete uniform-Kmax initialization + all deletion scoring + gradient relocation + exact refit validation,chord_length,"[0.10660162833126362, 0.14497997882659514, 0.3088595566101475, 0.35413858443438484, 0.5092121994650096, 0.5298007154226116, 0.5510306232528228, 0.670442790147122, 0.7108607815525628, 0.7883689875186932, 0.8386786351545381, 0.8990399881484016]"
3594,20,12,2.5e-05,ours,2.4885453448267124e-05,14,2,-6,True,17.406799999999997,synchronized batch-1 network forward only; input preloaded on device; final refit and verified repair excluded,chord_length,"[0.08918026089668274, 0.11755849421024323, 0.20076370239257812, 0.269361287355423, 0.29277005791664124, 0.3131377398967743, 0.4297099709510803, 0.46774667501449585, 0.5019654035568237, 0.5891569256782532, 0.7398322224617004, 0.7780669331550598, 0.8166396617889404, 0.8653003573417664]"
3594,20,12,2.5e-05,kang_sparse_2015_adaptation,2.1240655200984837e-05,13,1,-7,True,2581.3790000102017,complete sparse ADMM selection + relocation + endpoint-constrained verification/fallback + final refit,chord_length,"[0.0973704268292683, 0.21951219512195122, 0.2682926829268293, 0.3054973323170732, 0.36585365853658536, 0.41463414634146345, 0.4634146341463415, 0.5125762195121951, 0.5855564024390243, 0.6589176829268292, 0.7564786585365854, 0.8534679878048781, 0.9150152439024389]"
3594,20,12,2.5e-05,uniform_gradient_pruning,2.353756514352866e-05,10,-2,-10,True,10668.926500002271,complete uniform-Kmax initialization + all deletion scoring + gradient relocation + exact refit validation,chord_length,"[0.18460385749159025, 0.267276110431484, 0.29532918866625735, 0.4155034297451098, 0.4568171483841273, 0.49939754254708846, 0.6058292628023995, 0.6602861824071619, 0.8629256252467397, 0.9019457424644504]"
2932,20,11,2.5e-05,ours,2.4770510891532975e-05,18,7,-2,True,17.271250000000002,synchronized batch-1 network forward only; input preloaded on device; final refit and verified repair excluded,network_predicted,"[0.10406915098428726, 0.14103040099143982, 0.18027622997760773, 0.24605683982372284, 0.30530112981796265, 0.3951549530029297, 0.42519065737724304, 0.4591120779514313, 0.49615249037742615, 0.5325822234153748, 0.5680879354476929, 0.6024999022483826, 0.6361736059188843, 0.7084024548530579, 0.7469143271446228, 0.7826650142669678, 0.8487350940704346, 0.8896033763885498]"
2932,20,11,2.5e-05,kang_sparse_2015_adaptation,1.1731085937558671e-05,12,1,-8,True,2753.503499989165,complete sparse ADMM selection + relocation + endpoint-constrained verification/fallback + final refit,chord_length,"[0.12176067073170732, 0.17054115853658536, 0.21951219512195122, 0.3609946646341463, 0.36585365853658536, 0.41501524390243905, 0.5012385670731707, 0.5365853658536586, 0.6341463414634146, 0.6833079268292682, 0.7564786585365854, 0.8782393292682926]"
2932,20,11,2.5e-05,uniform_gradient_pruning,1.413381748260093e-05,10,-1,-10,True,11026.603600010276,complete uniform-Kmax initialization + all deletion scoring + gradient relocation + exact refit validation,chord_length,"[0.1675092003389028, 0.2334678813148252, 0.3342975952065502, 0.38481997523933553, 0.42553407606127197, 0.476003006900649, 0.5716389074680945, 0.6464013373828099, 0.7102107350780292, 0.7409864045965807]"
3391,20,12,2.5e-05,ours,2.485826144635712e-05,21,9,1,True,17.53705,synchronized batch-1 network forward only; input preloaded on device; final refit and verified repair excluded,network_predicted,"[0.05061115697026253, 0.1262701451778412, 0.17112284898757935, 0.2120482176542282, 0.25120654702186584, 0.2836771607398987, 0.31832557916641235, 0.4160464107990265, 0.4464084506034851, 0.4777103066444397, 0.5094125270843506, 0.5396498441696167, 0.569220244884491, 0.6603708863258362, 0.692731499671936, 0.760789155960083, 0.7938187718391418, 0.8244897127151489, 0.8579840660095215, 0.8971018195152283, 0.9405779242515564]"
3391,20,12,2.5e-05,kang_sparse_2015_adaptation,2.406587660744638e-05,13,1,-7,True,2803.5149999923306,complete sparse ADMM selection + relocation + endpoint-constrained verification/fallback + final refit,chord_length,"[0.1704458841463415, 0.21951219512195122, 0.24371189024390244, 0.3168826219512195, 0.3170731707317073, 0.4387385670731707, 0.48851943597560976, 0.5609756097560976, 0.6341463414634146, 0.7317073170731707, 0.7804878048780488, 0.8048780487804879, 0.9026295731707317]"
3391,20,12,2.5e-05,uniform_gradient_pruning,2.115383967642771e-05,11,-1,-9,True,10427.745900000446,complete uniform-Kmax initialization + all deletion scoring + gradient relocation + exact refit validation,chord_length,"[0.15755743375670336, 0.20900174456440498, 0.3161508447326312, 0.35897201943398166, 0.5292970346478414, 0.5841533741811877, 0.5999593823827795, 0.734724960376361, 0.7926163216435427, 0.8493275816859838, 0.8959206967065657]"
1129,20,12,2.5e-05,ours,2.4383942790770817e-05,21,9,1,True,17.0818,synchronized batch-1 network forward only; input preloaded on device; final refit and verified repair excluded,network_predicted,"[0.019923731684684753, 0.050070423632860184, 0.0834398865699768, 0.12137539684772491, 0.16219820082187653, 0.2369442582130432, 0.26840609312057495, 0.36041709780693054, 0.39065679907798767, 0.4211668074131012, 0.45605355501174927, 0.4913414716720581, 0.5597249269485474, 0.6219372749328613, 0.6534883379936218, 0.7556673288345337, 0.7887996435165405, 0.819412112236023, 0.8517047166824341, 0.8914629220962524, 0.9371194839477539]"
1129,20,12,2.5e-05,kang_sparse_2015_adaptation,1.5395407600992245e-05,14,2,-6,True,2963.100199980545,complete sparse ADMM selection + relocation + endpoint-constrained verification/fallback + final refit,chord_length,"[0.0973704268292683, 0.14634146341463417, 0.24390243902439024, 0.2680544969512195, 0.34127286585365857, 0.3898628048780488, 0.43902439024390244, 0.5365853658536586, 0.5609756097560976, 0.571408155487805, 0.7074123475609755, 0.7317073170731707, 0.8048780487804879, 0.8538490853658536]"
1129,20,12,2.5e-05,uniform_gradient_pruning,1.4444876856397703e-05,13,1,-7,True,9476.62400000263,complete uniform-Kmax initialization + all deletion scoring + gradient relocation + exact refit validation,chord_length,"[0.08735390899043108, 0.16154372615262905, 0.26024490528013533, 0.2956151577144051, 0.40080197407690427, 0.44700833076995794, 0.5404565672458264, 0.5648915334735978, 0.5885078752785694, 0.6800931732386262, 0.727013840379876, 0.7793346373258906, 0.8710886232366353]"
2888,20,11,2.5e-05,ours,2.4440268799294187e-05,20,9,0,True,17.443550000000002,synchronized batch-1 network forward only; input preloaded on device; final refit and verified repair excluded,network_predicted,"[0.08695678412914276, 0.1266009509563446, 0.1706273853778839, 0.24837149679660797, 0.28061583638191223, 0.31209102272987366, 0.3745393753051758, 0.4355889856815338, 0.46510475873947144, 0.4937494099140167, 0.5225865840911865, 0.5528027415275574, 0.6451049447059631, 0.677670955657959, 0.7120105028152466, 0.7473015189170837, 0.7818921804428101, 0.8143782615661621, 0.847862958908081, 0.8870923519134521]"
2888,20,11,2.5e-05,kang_sparse_2015_adaptation,1.3711332689346061e-05,12,1,-8,True,2596.347299986519,complete sparse ADMM selection + relocation + endpoint-constrained verification/fallback + final refit,chord_length,"[0.09889481707317074, 0.14691310975609756, 0.22503810975609756, 0.2983993902439025, 0.39900914634146345, 0.46150914634146345, 0.5341082317073171, 0.5969893292682926, 0.6779725609756097, 0.7349466463414633, 0.8264100609756098, 0.9256859756097561]"
2888,20,11,2.5e-05,uniform_gradient_pruning,1.3377893893216531e-05,12,1,-8,True,9485.312399992836,complete uniform-Kmax initialization + all deletion scoring + gradient relocation + exact refit validation,chord_length,"[0.11437569931873141, 0.15230935347814675, 0.22526957382961507, 0.2762654224426131, 0.41455643745927245, 0.46107182424249277, 0.5375519289871629, 0.5847553727388802, 0.6924311817586876, 0.7272617504800761, 0.8407412794552872, 0.8980996065377547]"
2475,20,10,2.5e-05,ours,2.4974509197275828e-05,21,11,1,True,17.04085,synchronized batch-1 network forward only; input preloaded on device; final refit and verified repair excluded,network_predicted,"[0.019371137022972107, 0.04899616539478302, 0.08214928954839706, 0.11932368576526642, 0.20201000571250916, 0.23585358262062073, 0.2699904441833496, 0.3387049734592438, 0.370742529630661, 0.4015922546386719, 0.4935765266418457, 0.5231983661651611, 0.5525014996528625, 0.6137347221374512, 0.6472063064575195, 0.7188264727592468, 0.7555752396583557, 0.7893862724304199, 0.820646345615387, 0.8544296622276306, 0.8941481113433838]"
2475,20,10,2.5e-05,kang_sparse_2015_adaptation,2.0147945563705428e-05,12,2,-8,True,2903.6882999935187,complete sparse ADMM selection + relocation + endpoint-constrained verification/fallback + final refit,chord_length,"[0.14615091463414637, 0.1951219512195122, 0.26800685975609756, 0.3417492378048781, 0.43902439024390244, 0.4634146341463415, 0.5368711890243902, 0.6833079268292682, 0.7320884146341463, 0.7560975609756098, 0.8050685975609755, 0.9262576219512195]"
2475,20,10,2.5e-05,uniform_gradient_pruning,1.2489289775161374e-05,11,1,-9,True,10122.772300004726,complete uniform-Kmax initialization + all deletion scoring + gradient relocation + exact refit validation,chord_length,"[0.1338491469311888, 0.2053070989692123, 0.2579106604113714, 0.35447866954458274, 0.39600643402805674, 0.49078498398707476, 0.540231500626925, 0.7191310126967794, 0.7700814100145351, 0.821458855143558, 0.8757901228454256]"
2682,20,11,2.5e-05,ours,2.485498404533203e-05,13,2,-7,True,17.298699999999997,synchronized batch-1 network forward only; input preloaded on device; final refit and verified repair excluded,network_predicted,"[0.04982025548815727, 0.12193385511636734, 0.20726293325424194, 0.2773124575614929, 0.43111535906791687, 0.4632633328437805, 0.49383389949798584, 0.5525835156440735, 0.717211127281189, 0.7520766854286194, 0.8192204833030701, 0.8536632061004639, 0.9392349123954773]"
2682,20,11,2.5e-05,kang_sparse_2015_adaptation,8.193925088460234e-06,24,13,4,True,2831.966999990982,complete sparse ADMM selection + relocation + endpoint-constrained verification/fallback + final refit,chord_length,"[0.0975609756097561, 0.12195121951219512, 0.14634146341463417, 0.17073170731707318, 0.21951219512195122, 0.24390243902439024, 0.2682926829268293, 0.3170731707317073, 0.34146341463414637, 0.36585365853658536, 0.3902439024390244, 0.41463414634146345, 0.4634146341463415, 0.4878048780487805, 0.5609756097560976, 0.5853658536585366, 0.6097560975609756, 0.6341463414634146, 0.6585365853658536, 0.6829268292682926, 0.7560975609756098, 0.7804878048780488, 0.8780487804878049, 0.9024390243902439]"
2682,20,11,2.5e-05,uniform_gradient_pruning,1.9247245785789508e-05,10,-1,-10,True,10787.021299998742,complete uniform-Kmax initialization + all deletion scoring + gradient relocation + exact refit validation,chord_length,"[0.056800232838125575, 0.1641204692597645, 0.23097963535450639, 0.3752691634792703, 0.40891549054139165, 0.4702520642945519, 0.5976263557821748, 0.6340973043721307, 0.7890869175413002, 0.8738253310242301]"
163,20,9,2.5e-05,ours,2.4990633595966115e-05,15,6,-5,True,17.50795,synchronized batch-1 network forward only; input preloaded on device; final refit and verified repair excluded,network_predicted,"[0.08249994367361069, 0.1625908762216568, 0.26865726709365845, 0.3345920741558075, 0.4574534296989441, 0.48851925134658813, 0.5825030207633972, 0.6489841938018799, 0.6850991249084473, 0.7227562069892883, 0.759517252445221, 0.8242926001548767, 0.8584441542625427, 0.8974198698997498, 0.9408314228057861]"
163,20,9,2.5e-05,kang_sparse_2015_adaptation,2.4858870131121125e-05,10,1,-10,True,2651.2172000075225,complete sparse ADMM selection + relocation + endpoint-constrained verification/fallback + final refit,chord_length,"[0.1461509146341463, 0.2422827743902439, 0.3386051829268293, 0.4532202743902439, 0.5491615853658537, 0.667016006097561, 0.7073170731707317, 0.7801067073170732, 0.8298399390243902, 0.8782393292682926]"
163,20,9,2.5e-05,uniform_gradient_pruning,1.807473527594279e-05,10,1,-10,True,11413.845700008096,complete uniform-Kmax initialization + all deletion scoring + gradient relocation + exact refit validation,chord_length,"[0.14033478343258418, 0.2724277629417198, 0.30796854884102376, 0.507992011822502, 0.5485730859617008, 0.6329364380709629, 0.7274346574668593, 0.7615529348729954, 0.8233547637132594, 0.8649279372216508]"
3648,20,13,2.5e-05,ours,1.859732859664802e-05,14,1,-6,True,16.9553,synchronized batch-1 network forward only; input preloaded on device; final refit and verified repair excluded,chord_length,"[0.1679879128932953, 0.1992906779050827, 0.2929704785346985, 0.32135009765625, 0.41232985258102417, 0.44315996766090393, 0.52525794506073, 0.5941736102104187, 0.6318775415420532, 0.6834444403648376, 0.7075397372245789, 0.7839371562004089, 0.8341314792633057, 0.8591005206108093]"
3648,20,13,2.5e-05,kang_sparse_2015_adaptation,1.5280607810331057e-05,15,2,-5,True,2817.3291999992216,complete sparse ADMM selection + relocation + endpoint-constrained verification/fallback + final refit,chord_length,"[0.12195121951219512, 0.2174161585365854, 0.268626143292683, 0.34146341463414637, 0.36585365853658536, 0.4881859756097561, 0.5121951219512195, 0.5851753048780488, 0.658155487804878, 0.6585365853658536, 0.7073170731707317, 0.7804878048780488, 0.8292682926829268, 0.8345083841463414, 0.9026295731707317]"
3648,20,13,2.5e-05,uniform_gradient_pruning,1.4256845159228259e-05,12,-1,-8,True,9465.081599992118,complete uniform-Kmax initialization + all deletion scoring + gradient relocation + exact refit validation,chord_length,"[0.13699223180469952, 0.20323908911532526, 0.3157998996473099, 0.34169624910021296, 0.4127454802883188, 0.5328080540864779, 0.5710903524167456, 0.653031702172668, 0.7355500232095025, 0.7644810360958052, 0.8267896320326047, 0.8966429916297225]"
